-0.000069
0.000697
0.002908
0.006535
0.011591
0.017892
0.025264
0.033826
0.043466
0.054025
0.065519
0.077582
0.089941
0.102427
0.114816
0.127012
0.139289
0.151780
0.164468
0.177472
0.190600
0.203840
0.216904
0.229864
0.242915
0.256259
0.269451
0.282010
0.294088
0.306129
0.318261
0.330593
0.343020
0.355811
0.369033
0.382361
0.396079
0.410493
0.424961
0.439285
0.453801
0.468498
0.482691
0.496432
0.509917
0.523356
0.536942
0.550604
0.564211
0.577714
0.591031
0.604190
0.617330
0.630738
0.644466
0.658230
0.672310
0.687007
0.701923
0.716676
0.731650
0.746745
0.761273
0.775459
0.789561
0.803745
0.817961
0.832061
0.845979
0.859709
0.873259
0.886703
0.900146
0.913850
0.927892
0.942297
0.957247
0.972498
0.987729
1.002784
1.017977
1.033210
1.047923
1.062171
1.076095
1.089930
1.103870
1.117829
1.131658
1.145364
1.158939
1.172436
1.185944
1.199670
1.213673
1.227993
1.242818
1.257951
1.273061
1.287897
1.302904
1.318092
1.332687
1.346837
1.360711
1.374490
1.388343
1.402195
1.415906
1.429497
1.442973
1.456396
1.469857
1.483587
1.497664
1.512127
1.527139
1.542553
1.557918
1.572978
1.588184
1.603652
1.618545
1.632944
1.647062
1.661126
1.675249
1.689375
1.703285
1.717090
1.730817
1.744504
1.758219
1.772186
1.786471
1.801050
1.816027
1.831552
1.847247
1.862717
1.878379
1.894193
1.909381
1.924128
1.938706
1.953308
1.967969
1.982578
1.997004
2.011260
2.025370
2.039378
2.053380
2.067646
2.082235
2.097196
2.112686
2.128690
2.144743
2.160636
2.176740
2.193043
2.208718
2.223918
2.238913
2.253915
2.268955
2.283976
2.298691
2.313311
2.327867
2.342377
2.356918
2.371713
2.386801
2.402145
2.417853
2.434098
2.450541
2.466784
2.483208
2.499691
2.515544
2.530977
2.546290
2.561666
2.577117
2.592498
2.607699
2.622709
2.637494
2.652114
2.666675
2.681479
2.696616
2.712119
2.728182
2.744521
2.760861
2.777109
2.793571
2.810111
2.826027
2.841457
2.856632
2.871747
2.886930
2.902116
2.917107
2.931989
2.946771
2.961499
2.976256
2.991239
3.006526
3.022163
3.038355
3.054982
3.071627
3.087988
3.104537
3.121228
3.137313
3.152864
3.168137
3.183355
3.198639
3.213933
3.229024
3.244005
3.258891
3.273713
3.288563
3.303635
3.318979
3.334669
3.350877
3.367548
3.384300
3.400856
3.417621
3.434541
3.450802
3.466557
3.482101
3.497641
3.513225
3.528786
3.544094
3.559288
3.574408
3.589459
3.604517
3.619810
3.635388
3.651260
3.667560
3.684518
3.701664
3.718669
3.735911
3.753294
3.769987
3.786177
3.802181
3.818218
3.834296
3.850342
3.866148
3.881823
3.897364
3.912806
3.928253
3.943927
3.959867
3.976115
3.992820
4.010036
4.027420
4.044686
4.062192
4.079744
4.096638
4.113028
4.129214
4.145414
4.161651
4.177856
4.193858
4.209736
4.225474
4.241107
4.256745
4.272579
4.288645
4.305008
4.321854
4.339138
4.356525
4.373809
4.391320
4.408839
4.425704
4.442065
4.458198
4.474298
4.490442
4.506575
4.522573
4.538452
4.554200
4.569856
4.585514
4.601392
4.617548
4.634040
4.651028
4.668538
4.686179
4.703740
4.721519
4.739409
4.756597
4.773221
4.789582
4.805918
4.822299
4.838705
4.854889
4.871005
4.887040
4.903003
4.918981
4.935156
4.951566
4.968160
4.985110
5.002669
5.020500
5.038240
5.056200
5.074189
5.091492
5.108290
5.124899
5.141531
5.158226
5.174884
5.191408
5.207775
5.223980
5.240061
5.256128
5.272397
5.288927
5.305764
5.323150
5.340926
5.358677
5.376466
5.394472
5.412566
5.429969
5.446776
5.463236
5.479618
5.496069
5.512588
5.529036
5.545378
5.561585
5.577700
5.593837
5.610161
5.626721
5.643579
5.660990
5.678834
5.696736
5.714533
5.732556
5.750703
5.768160
5.785028
5.801608
5.818140
5.834723
5.851342
5.867828
5.884214
5.900493
5.916687
5.932905
5.949315
5.965978
5.982955
6.000475
6.018416
6.036421
6.054332
6.072466
6.090731
6.108300
6.125280
6.141948
6.158564
6.175241
6.191989
6.208601
6.225139
6.241586
6.257967
6.274362
6.290978
6.307860
6.325058
6.342725
6.361034
6.379539
6.397967
6.416624
6.435387
6.453430
6.470887
6.488069
6.505239
6.522452
6.539690
6.556743
6.573710
6.590566
6.607322
6.624095
6.641062
6.658257
6.675737
6.693671
6.712158
6.730824
6.749464
6.768338
6.787299
6.805557
6.823222
6.840607
6.857983
6.875394
6.892814
6.910087
6.927267
6.944347
6.961335
6.978333
6.995518
7.012941
7.030668
7.048938
7.067713
7.086569
7.105387
7.124445
7.143609
7.162035
7.179849
7.197363
7.214850
7.232384
7.249963
7.267366
7.284700
7.301943
7.319107
7.336291
7.353659
7.371240
7.389122
7.407521
7.426523
7.445700
7.464819
7.484173
7.503597
7.522270
7.540285
7.558024
7.575756
7.593522
7.611279
7.628935
7.646466
7.663831
7.681037
7.698212
7.715540
7.733058
7.750797
7.768875
7.787561
7.806515
7.825474
7.844692
7.864185
7.882955
7.900997
7.918647
7.936260
7.954006
7.971825
7.989615
8.007284
8.024776
8.042136
8.059463
8.076942
8.094644
8.112635
8.131141
8.150211
8.169214
8.188159
8.207346
8.226793
8.245615
8.263728
8.281474
8.299203
8.316986
8.334755
8.352428
8.369982
8.387379
8.404649
8.421910
8.439286
8.456832
8.474646
8.493001
8.512080
8.531419
8.550699
8.570301
8.590123
8.609240
8.627640
8.645675
8.663681
8.681764
8.699844
8.717881
8.735763
8.753454
8.770987
8.788487
8.806101
8.823877
8.841919
8.860427
8.879673
8.899005
8.918407
8.938116
8.958054
8.977300
8.995820
9.013980
9.032131
9.050308
9.068452
9.086509
9.104450
9.122233
9.139879
9.157503
9.175211
9.193038
9.211091
9.229618
9.248942
9.268547
9.288230
9.308258
9.328437
9.347920
9.366684
9.385077
9.403464
9.421905
9.440331
9.458726
9.476989
9.495041
9.512918
9.530751
9.548658
9.566669
9.584923
9.603628
9.623095
9.642672
9.662299
9.682211
9.702327
9.721745
9.740421
9.758713
9.776975
9.795222
9.813416
9.831605
9.849680
9.867558
9.885281
9.902988
9.920773
9.938660
9.956771
9.975342
9.994749
10.014546
10.034525
10.054805
10.075164
10.094843
10.113799
10.132350
10.150874
10.169422
10.187969
10.206533
10.225009
10.243299
10.261419
10.279467
10.297590
10.315768
10.334090
10.352770
10.372269
10.392079
10.412035
10.432244
10.452606
10.472255
10.491194
10.509744
10.528270
10.546786
10.565258
10.583719
10.602077
10.620272
10.638320
10.656304
10.674396
10.692552
10.710906
10.729676
10.749285
10.769284
10.789537
10.810077
10.830729
10.850684
10.869918
10.888713
10.907475
10.926254
10.945021
10.963839
10.982594
11.001177
11.019594
11.037964
11.056488
11.075058
11.093765
11.112817
11.132657
11.152875
11.173200
11.193779
11.214469
11.234498
11.253835
11.272745
11.291623
11.310514
11.329385
11.348280
11.367102
11.385736
11.404221
11.422643
11.441171
11.459767
11.478494
11.497587
11.517539
11.537841
11.558300
11.578955
11.599742
11.619870
11.639271
11.658233
11.677117
11.695962
11.714766
11.733639
11.752503
11.771205
11.789749
11.808281
11.826943
11.845653
11.864528
11.883811
11.903913
11.924536
11.945345
11.966375
11.987468
12.007913
12.027673
12.047012
12.066260
12.085483
12.104675
12.123943
12.143212
12.162350
12.181314
12.200242
12.219397
12.238680
12.257988
12.277577
12.298022
12.318860
12.339789
12.360800
12.381858
12.402240
12.421890
12.441111
12.460226
12.479303
12.498345
12.517449
12.536553
12.555540
12.574406
12.593257
12.612229
12.631279
12.650517
12.670258
12.690733
12.711776
12.732982
12.754464
12.776081
12.796964
12.817138
12.836885
12.856545
12.876204
12.895886
12.915685
12.935483
12.955126
12.974599
12.994030
13.013680
13.033430
13.053382
13.073781
13.094879
13.116238
13.137637
13.159213
13.180935
13.201986
13.222354
13.242335
13.262278
13.282205
13.302107
13.322058
13.341949
13.361675
13.381253
13.400800
13.420444
13.440196
13.460162
13.480606
13.501868
13.523325
13.544865
13.566590
13.588523
13.609769
13.630297
13.650385
13.670403
13.690414
13.710408
13.730459
13.750490
13.770355
13.790065
13.809745
13.829562
13.849488
13.869635
13.890262
13.911813
13.933702
13.955619
13.977769
14.000076
14.021698
14.042625
14.063139
14.083570
14.103990
14.124380
14.144828
14.165248
14.185500
14.205577
14.225619
14.245854
14.266163
14.286681
14.307638
14.329494
14.351623
14.373742
14.395996
14.418401
14.440136
14.461152
14.481735
14.502254
14.522753
14.543207
14.563698
14.584145
14.604453
14.624605
14.644726
14.664978
14.685318
14.705863
14.726890
14.748836
14.771135
14.793503
14.816081
14.838777
14.860781
14.882103
14.903020
14.923826
14.944608
14.965351
14.986162
15.006975
15.027626
15.048104
15.068558
15.089211
15.109946
15.130853
15.152167
15.174409
15.196953
15.219458
15.242107
15.264903
15.287012
15.308415
15.329381
15.350271
15.371127
15.391942
15.412807
15.433654
15.454341
15.474862
15.495358
15.515988
15.536687
15.557590
15.578964
15.601238
15.623841
15.646416
15.669181
15.692084
15.714310
15.735831
15.756920
15.777905
15.798858
15.819760
15.840726
15.861692
15.882525
15.903199
15.923851
15.944661
15.965577
15.986731
16.008381
16.030989
16.053911
16.076836
16.099909
16.123129
16.145658
16.167473
16.188862
16.210140
16.231369
16.252548
16.273808
16.295069
16.316195
16.337152
16.358099
16.379244
16.400476
16.421879
16.443737
16.466490
16.489536
16.512533
16.535692
16.558962
16.581573
16.603502
16.625008
16.646412
16.667765
16.689045
16.710367
16.731709
16.752951
16.774019
16.795092
16.816399
16.837818
16.859463
16.881601
16.904739
16.928230
16.951742
16.975367
16.999077
17.022091
17.044399
17.066244
17.087936
17.109571
17.131132
17.152782
17.174486
17.196087
17.217512
17.238962
17.260651
17.282415
17.304346
17.326761
17.349997
17.373564
17.397018
17.420609
17.444277
17.467264
17.489574
17.511465
17.533216
17.554909
17.576517
17.598204
17.619919
17.641525
17.662962
17.684402
17.706055
17.727835
17.749842
17.772331
17.795698
17.819239
17.842627
17.866106
17.889755
17.912748
17.935068
17.956921
17.978617
18.000238
18.021788
18.043417
18.065098
18.086699
18.108139
18.129574
18.151274
18.173145
18.195282
18.217970
18.241642
18.265587
18.289375
18.313265
18.337370
18.360779
18.383478
18.405727
18.427855
18.449947
18.471994
18.494097
18.516224
18.538235
18.560081
18.581919
18.603958
18.626104
18.648470
18.671337
18.695026
18.718887
18.742615
18.766485
18.790628
18.814140
18.836939
18.859295
18.881548
18.903778
18.925968
18.948166
18.970352
18.992449
19.014410
19.036366
19.058466
19.080772
19.103382
19.126568
19.150761
19.175220
19.199661
19.224243
19.249161
19.273409
19.296938
19.320002
19.342890
19.365717
19.388540
19.411362
19.434198
19.456974
19.479637
19.502279
19.525076
19.548021
19.571047
19.594370
19.618286
19.642437
19.666519
19.690737
19.714973
19.738569
19.761555
19.784098
19.806417
19.828674
19.850925
19.873245
19.895718
19.918240
19.940615
19.962997
19.985609
20.008484
20.031687
20.055408
20.079857
20.104361
20.128532
20.152678
20.177210
20.201183
20.224504
20.247278
20.269758
20.292234
20.314734
20.337282
20.359894
20.382463
20.404894
20.427313
20.449940
20.472841
20.496088
20.519917
20.544518
20.569157
20.593634
20.618088
20.642881
20.667107
20.690691
20.713741
20.736475
20.759220
20.782036
20.804922
20.827837
20.850653
20.873320
20.895987
20.918884
20.942045
20.965549
20.989679
21.014206
21.038689
21.062857
21.087027
21.111477
21.135365
21.158619
21.181396
21.203747
21.226130
21.248652
21.271250
21.293827
21.316401
21.338839
21.361235
21.383837
21.406847
21.430294
21.454323
21.478868
21.503269
21.527382
21.551249
21.575336
21.598970
21.622038
21.644629
21.666803
21.688990
21.711361
21.733807
21.756197
21.778522
21.800688
21.822811
21.845150
21.867956
21.891235
21.915148
21.939507
21.963757
21.987579
22.011213
22.035070
22.058720
22.081774
22.104397
22.126657
22.149029
22.171549
22.194115
22.216579
22.238966
22.261221
22.283461
22.305956
22.328917
22.352373
22.376249
22.400589
22.424841
22.448524
22.472063
22.495846
22.519232
22.542133
22.564566
22.586559
22.608641
22.630892
22.653177
22.675417
22.697592
22.719606
22.741570
22.763802
22.786581
22.809921
22.833941
22.858408
22.882631
22.906189
22.929525
22.953079
22.976345
22.999239
23.021797
23.043980
23.066278
23.088737
23.111198
23.133602
23.155954
23.178160
23.200356
23.222792
23.245733
23.269150
23.292994
23.317326
23.341251
23.364595
23.387756
23.411186
23.434290
23.456955
23.479216
23.501024
23.523005
23.545176
23.567389
23.589573
23.611691
23.633617
23.655491
23.677595
23.700247
23.723383
23.746937
23.771000
23.794666
23.817724
23.840637
23.863703
23.886465
23.908947
23.931179
23.953096
23.975199
23.997438
24.019720
24.041977
24.064116
24.086037
24.107908
24.129984
24.152588
24.175779
24.199553
24.223665
24.247141
24.269991
24.292688
24.315628
24.338322
24.360626
24.382652
24.404360
24.426237
24.448290
24.470427
24.492533
24.514561
24.536373
24.558165
24.580240
24.602705
24.625217
24.648067
24.671146
24.693844
24.716137
24.738405
24.760885
24.783161
24.805342
24.827318
24.849146
24.871176
24.893259
24.915312
24.937315
24.959217
24.980898
25.002562
25.024424
25.046883
25.069967
25.093655
25.117584
25.140997
25.163849
25.186476
25.209166
25.231537
25.253357
25.274925
25.296209
25.317535
25.339079
25.360666
25.382244
25.403814
25.425323
25.446840
25.468510
25.490709
25.513315
25.536369
25.559937
25.583109
25.605774
25.628227
25.650921
25.673552
25.695847
25.717924
25.739771
25.761677
25.783800
25.806004
25.828135
25.850254
25.872280
25.894180
25.916178
25.938725
25.961700
25.985155
26.009169
26.032845
26.056065
26.078972
26.102057
26.125017
26.147625
26.170013
26.192064
26.214005
26.236208
26.258511
26.280771
26.303062
26.325274
26.347368
26.369501
26.392159
26.415304
26.438818
26.462645
26.486149
26.509336
26.532351
26.555607
26.579042
26.602060
26.624771
26.647247
26.669647
26.692329
26.715158
26.737953
26.760719
26.783358
26.805840
26.828335
26.851089
26.874037
26.897221
26.921074
26.944944
26.968367
26.991444
27.014706
27.038097
27.061117
27.083836
27.106380
27.128883
27.151594
27.174364
27.197117
27.219851
27.242476
27.264925
27.287394
27.310259
27.333622
27.357416
27.381866
27.406290
27.430311
27.453972
27.477699
27.501654
27.525240
27.548439
27.571356
27.594076
27.616991
27.640095
27.663198
27.686289
27.709326
27.732206
27.755011
27.778088
27.801607
27.825413
27.849766
27.874521
27.898935
27.922926
27.946997
27.971329
27.995413
28.019287
28.043076
28.066788
28.090591
28.114399
28.138083
28.161802
28.185572
28.209126
28.232569
28.256281
28.280565
28.305532
28.331331
28.357780
28.383886
28.409288
28.434681
28.460171
28.485197
28.509760
28.533871
28.557684
28.581699
28.605923
28.630104
28.654234
28.678331
28.702236
28.726053
28.750162
28.774805
28.799906
28.825541
28.851501
28.877279
28.902592
28.927994
28.953564
28.978733
29.003510
29.028246
29.053011
29.077908
29.102562
29.126881
29.151154
29.175453
29.199629
29.223827
29.248363
29.273439
29.299040
29.325174
29.351820
29.378223
29.404064
29.429928
29.455818
29.481283
29.506357
29.531048
29.555487
29.580107
29.604858
29.629480
29.654139
29.678846
29.703379
29.727924
29.752748
29.778080
29.803913
29.830328
29.857170
29.883722
29.909794
29.935942
29.962278
29.988337
30.013929
30.039360
30.064716
30.090086
30.115341
30.140434
30.165514
30.190659
30.215635
30.240623
30.265911
30.291658
30.317982
30.345058
30.372686
30.400106
30.426971
30.453876
30.480839
30.507263
30.533163
30.558619
30.583866
30.609272
30.634769
30.660097
30.685425
30.710773
30.735914
30.761026
30.786413
30.812344
30.838905
30.866234
30.894009
30.921608
30.948662
30.975784
31.003086
31.029909
31.056181
31.082148
31.107979
31.133951
31.159924
31.185629
31.211403
31.237270
31.262983
31.288702
31.314692
31.341114
31.368074
31.395706
31.423805
31.451725
31.479090
31.506521
31.533964
31.560827
31.587181
31.613119
31.638832
31.664692
31.690643
31.716415
31.742195
31.768036
31.793720
31.819408
31.845398
31.871845
31.898859
31.926527
31.954617
31.982521
32.009811
32.037155
32.064663
32.091648
32.118126
32.144226
32.170094
32.196091
32.222137
32.247971
32.273857
32.299824
32.325638
32.351437
32.377514
32.404076
32.431229
32.459118
32.487511
32.515499
32.542847
32.570248
32.597740
32.624680
32.651134
32.677246
32.703098
32.729084
32.755154
32.781063
32.807076
32.833179
32.859116
32.885048
32.911259
32.937901
32.965073
32.992901
33.021210
33.049316
33.076790
33.104305
33.131863
33.158863
33.185394
33.211472
33.237247
33.263229
33.289322
33.315247
33.341179
33.367157
33.392963
33.418728
33.444721
33.471249
33.498367
33.526142
33.554344
33.582306
33.609673
33.637119
33.664684
33.691887
33.718792
33.745483
33.772110
33.798790
33.825176
33.851234
33.877293
33.903450
33.929470
33.955528
33.981888
34.008690
34.035980
34.063854
34.092293
34.120499
34.148071
34.175674
34.203205
34.230206
34.256767
34.282944
34.308788
34.334763
34.360836
34.386795
34.412827
34.438957
34.464878
34.490768
34.516899
34.543571
34.570820
34.598724
34.627068
34.655022
34.682442
34.709938
34.737549
34.764778
34.791534
34.818104
34.844574
34.871101
34.897583
34.923969
34.950417
34.976891
35.003208
35.029476
35.055973
35.082897
35.110443
35.138786
35.167728
35.196552
35.224781
35.253052
35.281345
35.309010
35.336128
35.362816
35.389305
35.415947
35.442669
35.469227
35.495781
35.522369
35.548759
35.575130
35.601746
35.628853
35.656498
35.684769
35.713417
35.742043
35.770172
35.798386
35.826698
35.854637
35.882298
35.909756
35.937260
35.964649
35.991573
36.018173
36.044796
36.071503
36.098091
36.124645
36.151451
36.178772
36.206745
36.235447
36.264675
36.293831
36.322437
36.351097
36.379757
36.407742
36.435223
36.462299
36.489193
36.516197
36.543217
36.570045
36.596916
36.623844
36.650597
36.677307
36.704247
36.731678
36.759682
36.788303
36.817402
36.846310
36.874641
36.903065
36.931561
36.959499
36.986900
37.014008
37.041054
37.068199
37.095261
37.122192
37.149174
37.176228
37.203079
37.229870
37.256882
37.284344
37.312428
37.341209
37.370518
37.399734
37.428455
37.457222
37.486015
37.514137
37.541718
37.568886
37.595875
37.623001
37.650124
37.677090
37.704075
37.731106
37.757980
37.784813
37.811829
37.839390
37.867603
37.896515
37.925896
37.955128
37.983822
38.012596
38.041416
38.069813
38.097748
38.125488
38.153263
38.180927
38.208324
38.235592
38.262867
38.290203
38.317383
38.344501
38.371792
38.399567
38.428036
38.457417
38.487350
38.517189
38.546558
38.575985
38.605286
38.633835
38.661850
38.689392
38.716763
38.744228
38.771698
38.798988
38.826332
38.853691
38.880901
38.908092
38.935505
38.963474
38.992111
39.021572
39.051430
39.081234
39.110565
39.140053
39.169346
39.198097
39.226398
39.254417
39.282459
39.310406
39.338219
39.365894
39.393734
39.421581
39.449203
39.476757
39.504436
39.532227
39.560062
39.588451
39.617466
39.646385
39.674923
39.703636
39.731995
39.759350
39.786041
39.812469
39.838833
39.865234
39.891682
39.918037
39.944576
39.971157
39.997585
40.023880
40.050350
40.077324
40.105049
40.133652
40.162884
40.192314
40.221474
40.250809
40.279991
40.308266
40.335918
40.363289
40.390625
40.418034
40.445442
40.472702
40.500072
40.527412
40.554630
40.581776
40.609051
40.636665
40.664623
40.693260
40.722591
40.751888
40.780918
40.810135
40.839085
40.866940
40.894138
40.921055
40.947979
40.974918
41.001762
41.028446
41.055317
41.082214
41.108944
41.135487
41.162136
41.189270
41.217182
41.246029
41.275581
41.305492
41.335171
41.365028
41.394703
41.423344
41.451359
41.478992
41.506565
41.534206
41.561768
41.589134
41.616642
41.644199
41.671631
41.698948
41.726368
41.754288
41.782978
41.812611
41.842888
41.873379
41.903625
41.934036
41.964249
41.993427
42.022026
42.050236
42.078426
42.106625
42.134743
42.162643
42.190704
42.218750
42.246616
42.274353
42.302223
42.330631
42.359802
42.389820
42.420395
42.451202
42.481785
42.512547
42.542694
42.571842
42.600468
42.628719
42.656857
42.684990
42.713070
42.741035
42.769142
42.797291
42.825310
42.853340
42.881508
42.910133
42.939484
42.969704
43.000469
43.031422
43.062370
43.093525
43.124104
43.153534
43.182350
43.210815
43.239212
43.267563
43.295853
43.323978
43.352249
43.380554
43.408768
43.436962
43.465233
43.494003
43.523548
43.554012
43.585072
43.616348
43.647430
43.678711
43.709511
43.739170
43.768253
43.796944
43.825493
43.854004
43.882381
43.910557
43.938908
43.967361
43.995724
44.024036
44.052490
44.081402
44.111160
44.141785
44.172947
44.204350
44.235645
44.267109
44.297813
44.327297
44.356167
44.384636
44.412983
44.441349
44.469658
44.497822
44.526154
44.554459
44.582691
44.610859
44.639126
44.667927
44.697289
44.727367
44.758003
44.789036
44.820076
44.851372
44.882225
44.911770
44.940651
44.969238
44.997700
45.025982
45.054131
45.082172
45.110405
45.138687
45.166882
45.194992
45.223164
45.251850
45.281300
45.311623
45.342632
45.374020
45.405518
45.437229
45.468323
45.498070
45.527168
45.555912
45.584568
45.613056
45.641392
45.669498
45.697803
45.726208
45.754566
45.782887
45.811359
45.840401
45.870262
45.901012
45.932331
45.963917
45.995560
46.027412
46.058475
46.088150
46.117199
46.145988
46.174408
46.202518
46.230553
46.258442
46.286507
46.314705
46.342941
46.371063
46.399269
46.427979
46.457542
46.488056
46.519226
46.550705
46.582184
46.613903
46.645195
46.675236
46.704823
46.734116
46.762955
46.791351
46.819412
46.847233
46.875378
46.903770
46.932129
46.960392
46.988865
47.017876
47.047638
47.078278
47.109528
47.141048
47.172642
47.204456
47.235622
47.265408
47.294495
47.323338
47.351982
47.380375
47.408749
47.437038
47.465530
47.494156
47.522758
47.551220
47.579731
47.608707
47.638172
47.668106
47.698673
47.729446
47.760292
47.791454
47.822235
47.851822
47.880821
47.909637
47.938076
47.966225
47.994091
48.021755
48.049671
48.077740
48.105804
48.133686
48.161625
48.190056
48.219116
48.248791
48.279121
48.309795
48.340553
48.371582
48.402199
48.431808
48.461067
48.490051
48.518578
48.546688
48.574379
48.601749
48.629387
48.657295
48.685173
48.713036
48.741062
48.769566
48.798878
48.829117
48.860043
48.891323
48.922535
48.953938
48.984913
49.014862
49.044456
49.073875
49.102993
49.131832
49.160339
49.188576
49.217072
49.245808
49.274559
49.303185
49.331924
49.361221
49.391396
49.422459
49.454174
49.486038
49.517822
49.549809
49.581238
49.611679
49.641594
49.671280
49.700638
49.729588
49.758232
49.786720
49.815533
49.844540
49.873608
49.902542
49.931538
49.960880
49.990665
50.021069
50.051926
50.082901
50.113907
50.145077
50.175629
50.205341
50.234612
50.263710
50.292454
50.320805
50.348774
50.376453
50.404446
50.432621
50.460712
50.488659
50.516747
50.545345
50.574837
50.605259
50.636120
50.667210
50.698429
50.729839
50.760757
50.791000
50.820919
50.850723
50.880203
50.909317
50.938046
50.966572
50.995403
51.024441
51.053555
51.082516
51.111576
51.141140
51.171139
51.201439
51.231983
51.262753
51.293659
51.324780
51.355324
51.385155
51.414490
51.443657
51.472443
51.500809
51.528870
51.556797
51.584991
51.613358
51.641636
51.669769
51.698082
51.726948
51.755939
51.784843
51.813969
51.843674
51.873867
51.904400
51.934399
51.963718
51.992718
52.021576
52.050053
52.078194
52.106018
52.133701
52.161697
52.189793
52.217739
52.245518
52.273556
52.302109
52.330410
52.358509
52.386902
52.415985
52.445732
52.475845
52.505466
52.534492
52.563274
52.591835
52.620110
52.648163
52.675961
52.703480
52.731403
52.759449
52.787361
52.815083
52.842983
52.871445
52.900204
52.929138
52.958397
52.988274
53.018669
53.049381
53.079670
53.109325
53.138607
53.167786
53.196701
53.225342
53.253712
53.282001
53.310596
53.339310
53.367935
53.396404
53.425106
53.454102
53.483147
53.512295
53.541744
53.571846
53.602524
53.633560
53.663967
53.693672
53.723026
53.752167
53.781036
53.809662
53.838070
53.866272
53.894814
53.923519
53.952061
53.980457
54.009083
54.038269
54.067932
54.098030
54.128437
54.159424
54.190796
54.222385
54.253464
54.283806
54.313763
54.343597
54.373123
54.402370
54.431347
54.460125
54.489223
54.518517
54.547787
54.576862
54.606159
54.635876
54.665775
54.695774
54.725990
54.756775
54.788086
54.819698
54.850624
54.880863
54.910736
54.940418
54.969791
54.998833
55.027622
55.056278
55.085236
55.114300
55.143295
55.172134
55.201241
55.230591
55.259418
55.288013
55.317001
55.346737
55.377201
55.407890
55.437893
55.467339
55.496513
55.525421
55.554073
55.582558
55.610802
55.638798
55.667160
55.695641
55.723946
55.752071
55.780464
55.809322
55.838467
55.867878
55.897629
55.928055
55.959084
55.990482
56.021374
56.051575
56.081436
56.111168
56.140690
56.169979
56.199104
56.228115
56.257427
56.286839
56.316151
56.345257
56.374630
56.404259
56.433788
56.463459
56.493382
56.524010
56.555313
56.586994
56.617966
56.648174
56.678013
56.707672
56.737125
56.766361
56.795395
56.824200
56.853352
56.882614
56.911636
56.940475
56.969612
56.999371
57.029457
57.059849
57.090496
57.121708
57.153515
57.185623
57.217175
57.247993
57.278496
57.308880
57.338985
57.368801
57.398357
57.427753
57.457443
57.487320
57.517136
57.546692
57.576523
57.606644
57.636776
57.666962
57.697414
57.728588
57.760403
57.792572
57.823921
57.854572
57.884922
57.915092
57.944977
57.974586
58.003975
58.033237
58.062843
58.092518
58.122051
58.151337
58.180908
58.210945
58.241055
58.271286
58.301785
58.332981
58.364838
58.397049
58.428532
58.459335
58.489822
58.520126
58.550182
58.579994
58.609581
58.638954
58.668678
58.698563
58.728298
58.757805
58.787529
58.817726
58.848225
58.878983
58.909916
58.941429
58.973537
59.005985
59.037746
59.068787
59.099541
59.130138
59.160442
59.190475
59.220226
59.249752
59.279655
59.309612
59.339363
59.368916
59.398727
59.428894
59.459141
59.489357
59.519753
59.550724
59.582447
59.614471
59.645679
59.676285
59.706551
59.736584
59.766579
59.796360
59.825878
59.855194
59.884789
59.914406
59.943775
59.972977
60.002449
60.032063
60.061646
60.091595
60.121708
60.152229
60.183460
60.215034
60.245853
60.276154
60.306210
60.336082
60.365955
60.395741
60.425282
60.454720
60.484425
60.513927
60.543182
60.572418
60.602081
60.632015
60.662094
60.692459
60.722908
60.753822
60.785480
60.817249
60.848042
60.878307
60.908325
60.938065
60.967796
60.997616
61.027287
61.056953
61.086746
61.116467
61.146008
61.175575
61.205608
61.235878
61.265968
61.296360
61.327023
61.358231
61.390144
61.422222
61.453598
61.484417
61.514915
61.545158
61.575367
61.605438
61.635342
61.665192
61.695347
61.725559
61.755577
61.785480
61.815796
61.846642
61.877712
61.909134
61.941032
61.973515
62.006702
62.040104
62.072826
62.104744
62.136185
62.167442
62.198505
62.229321
62.259949
62.290596
62.321526
62.352509
62.383331
62.414043
62.444759
62.475220
62.505566
62.535892
62.566425
62.597542
62.629372
62.661392
62.692715
62.723518
62.753918
62.783997
62.814140
62.844315
62.874325
62.904232
62.934093
62.963585
62.993305
63.023079
63.053272
63.084118
63.115444
63.147194
63.179207
63.211304
63.244007
63.276897
63.309048
63.340679
63.371990
63.403004
63.433731
63.464100
63.494286
63.524490
63.554966
63.585571
63.615955
63.646278
63.676777
63.707104
63.737556
63.768024
63.798588
63.829643
63.861389
63.893269
63.924377
63.955009
63.985168
64.015045
64.045067
64.075195
64.105354
64.135468
64.165260
64.194847
64.224754
64.254807
64.285355
64.316292
64.347389
64.378738
64.410721
64.443291
64.476540
64.509956
64.542694
64.575027
64.607033
64.638725
64.670097
64.701088
64.731804
64.762390
64.793213
64.823883
64.854271
64.884720
64.915321
64.945747
64.975647
65.005478
65.035637
65.066444
65.098038
65.129593
65.160378
65.190620
65.220383
65.249847
65.279480
65.309204
65.338943
65.368622
65.398224
65.427788
65.457695
65.487617
65.517990
65.548691
65.579559
65.610756
65.642212
65.674141
65.706657
65.739265
65.771301
65.802994
65.834320
65.865379
65.896202
65.926628
65.956703
65.986687
66.016708
66.046669
66.076965
66.107277
66.137741
66.168243
66.199127
66.230209
66.261269
66.292610
66.324570
66.356468
66.387764
66.418480
66.448654
66.478607
66.508629
66.538727
66.568832
66.598938
66.628937
66.658722
66.688835
66.719017
66.749634
66.780457
66.811394
66.842690
66.874428
66.906616
66.939514
66.972473
67.004829
67.036949
67.068756
67.100258
67.131454
67.162224
67.192528
67.222786
67.253113
67.283455
67.314117
67.344826
67.375992
67.407318
67.439095
67.471001
67.502975
67.535393
67.568497
67.601593
67.633759
67.665215
67.696190
67.726830
67.757591
67.788483
67.819481
67.850441
67.881119
67.911629
67.942436
67.973221
68.004257
68.035316
68.066605
68.098495
68.131210
68.164459
68.198387
68.232353
68.265656
68.298553
68.331055
68.363113
68.394913
68.426270
68.457169
68.487953
68.519035
68.549934
68.580971
68.612038
68.643456
68.675110
68.707207
68.739403
68.771736
68.804573
68.838196
68.871971
68.904762
68.936813
68.968407
68.999672
69.031029
69.062500
69.094017
69.125328
69.156219
69.187149
69.218369
69.249641
69.281021
69.312401
69.344185
69.376411
69.409058
69.442101
69.475677
69.509087
69.541809
69.573936
69.605568
69.636864
69.668175
69.699493
69.730759
69.761963
69.793098
69.824135
69.855446
69.886864
69.918732
69.950890
69.983261
70.015945
70.048790
70.081978
70.115746
70.149582
70.182861
70.215683
70.248154
70.280121
70.311920
70.343643
70.375168
70.406395
70.437569
70.468880
70.500603
70.532440
70.564430
70.596474
70.628845
70.661568
70.694450
70.727707
70.761459
70.795197
70.828049
70.860252
70.892128
70.923767
70.955597
70.987587
71.019562
71.050644
71.081444
71.112434
71.143982
71.175598
71.207123
71.238655
71.270142
71.302078
71.334419
71.367363
71.400856
71.434311
71.467216
71.499649
71.531761
71.563492
71.595177
71.626968
71.658615
71.689590
71.720459
71.751579
71.783165
71.814774
71.846352
71.877899
71.909950
71.942589
71.975594
72.009056
72.042946
72.076477
72.109016
72.140991
72.172783
72.204468
72.236320
72.268356
72.300011
72.330681
72.361382
72.392532
72.423889
72.455231
72.486580
72.517914
72.549484
72.581665
72.614334
72.647491
72.681236
72.714813
72.747543
72.779793
72.811691
72.843353
72.875221
72.907249
72.939217
72.970543
73.001518
73.032799
73.064423
73.096092
73.127762
73.159401
73.191582
73.224419
73.257797
73.291573
73.325943
73.360146
73.393494
73.426170
73.458336
73.490341
73.522560
73.554932
73.587181
73.618973
73.650520
73.682320
73.714485
73.746689
73.778900
73.811073
73.843750
73.877106
73.911118
73.945572
73.980545
74.015221
74.048996
74.082039
74.114594
74.146957
74.179436
74.212021
74.244507
74.276619
74.308456
74.340538
74.373047
74.405510
74.437912
74.470276
74.503105
74.536560
74.570404
74.604645
74.639381
74.673790
74.707291
74.740143
74.772575
74.805000
74.837570
74.870346
74.903046
74.935112
74.966843
74.998817
75.031273
75.063759
75.096153
75.128494
75.161171
75.194504
75.228500
75.262978
75.298035
75.332764
75.366547
75.399750
75.432617
75.465340
75.498222
75.531273
75.564003
75.595970
75.627945
75.660324
75.693130
75.725891
75.758629
75.791290
75.824448
75.858131
75.892120
75.926529
75.961456
75.995941
76.029457
76.062462
76.095238
76.127991
76.160912
76.194016
76.226967
76.259071
76.290932
76.323090
76.355423
76.387802
76.420280
76.452690
76.485397
76.518646
76.552650
76.587212
76.622498
76.657547
76.691612
76.725189
76.758530
76.791710
76.824982
76.858353
76.891479
76.923927
76.956047
76.988403
77.021240
77.054031
77.086777
77.119492
77.152687
77.186508
77.220818
77.255562
77.290741
77.325470
77.359337
77.392708
77.425758
77.458664
77.491661
77.524803
77.557831
77.590210
77.622322
77.654755
77.687462
77.720169
77.752869
77.785545
77.818657
77.852440
77.886742
77.921555
77.956947
77.992073
78.026268
78.059883
78.093132
78.126305
78.159630
78.193039
78.226372
78.259178
78.291794
78.324669
78.357819
78.390968
78.424103
78.457214
78.490959
78.525375
78.560219
78.595474
78.631218
78.666634
78.701187
78.735138
78.768707
78.802338
78.836143
78.870125
78.903778
78.936577
78.969269
79.002296
79.035728
79.069260
79.102768
79.136238
79.170013
79.204300
79.239098
79.274422
79.310356
79.345924
79.380432
79.414467
79.448219
79.481956
79.515869
79.549904
79.583595
79.616318
79.649094
79.682274
79.715652
79.749054
79.782486
79.815857
79.849586
79.883896
79.918610
79.953789
79.989517
80.024704
80.059059
80.093056
80.126747
80.160362
80.194107
80.228020
80.261497
80.294144
80.326515
80.359177
80.392166
80.425194
80.458199
80.491219
80.524689
80.558769
80.593521
80.628937
80.664909
80.700424
80.735191
80.769653
80.803749
80.837471
80.871040
80.904518
80.937759
80.971062
81.004662
81.038139
81.071533
81.105110
81.139252
81.173904
81.209053
81.244713
81.280899
81.317650
81.355049
81.392212
81.428230
81.463509
81.498466
81.533150
81.567833
81.602493
81.636917
81.671341
81.705864
81.740082
81.774231
81.808411
81.842682
81.876999
81.911789
81.947311
81.983330
82.019783
82.056915
82.093765
82.129570
82.164711
82.199425
82.234032
82.268784
82.303528
82.338135
82.372437
82.406517
82.440735
82.475273
82.509727
82.544083
82.578453
82.613464
82.649002
82.684776
82.721039
82.757759
82.794121
82.829559
82.864273
82.898483
82.932663
82.966957
83.001350
83.035583
83.069283
83.102882
83.136719
83.170944
83.205154
83.239349
83.273560
83.308372
83.343636
83.379181
83.415283
83.451904
83.488075
83.523315
83.558060
83.592422
83.626610
83.660934
83.695396
83.729637
83.763138
83.796684
83.830551
83.864792
83.899025
83.933220
83.967384
84.002228
84.037529
84.073181
84.109406
84.145988
84.181931
84.217110
84.252037
84.286591
84.320824
84.355103
84.389519
84.423630
84.457718
84.491737
84.525848
84.559990
84.594345
84.628967
84.663780
84.699318
84.735527
84.772003
84.808784
84.846107
84.883255
84.919350
84.954849
84.989967
85.024818
85.059769
85.094749
85.129723
85.164268
85.198357
85.232643
85.267265
85.301788
85.336250
85.370758
85.405777
85.441444
85.477615
85.514297
85.551468
85.588379
85.624245
85.659607
85.694534
85.729057
85.763603
85.798241
85.832840
85.867317
85.901649
85.935783
85.970131
86.004623
86.039314
86.074043
86.109550
86.145859
86.182892
86.220497
86.258797
86.296867
86.333824
86.370148
86.406036
86.441521
86.477058
86.512611
86.548065
86.583076
86.617950
86.652939
86.688316
86.723724
86.759010
86.794281
86.830307
86.867020
86.903900
86.941101
86.978760
87.016228
87.052765
87.088776
87.124359
87.159683
87.195114
87.230621
87.265968
87.300888
87.335594
87.370476
87.405693
87.440971
87.476204
87.511589
87.547638
87.584244
87.620949
87.657936
87.695335
87.732513
87.768570
87.804131
87.839241
87.873894
87.908646
87.943535
87.978241
88.012779
88.047150
88.081551
88.116333
88.151184
88.186005
88.220779
88.256340
88.292503
88.328880
88.365639
88.402962
88.440079
88.476143
88.511726
88.546715
88.581223
88.615952
88.650764
88.685463
88.720108
88.754906
88.789726
88.824768
88.859924
88.895226
88.930748
88.967056
89.003937
89.041130
89.078415
89.116211
89.153740
89.190269
89.226173
89.261536
89.296379
89.331284
89.366280
89.401146
89.435898
89.470726
89.505608
89.540771
89.576027
89.611504
89.647156
89.683640
89.720673
89.758064
89.795471
89.833473
89.871277
89.908020
89.944168
89.979782
90.014900
90.050064
90.085358
90.120583
90.155685
90.190750
90.225845
90.261337
90.296890
90.332657
90.368500
90.405174
90.442299
90.479729
90.517281
90.555374
90.593201
90.630119
90.666466
90.702408
90.737793
90.773186
90.808716
90.844231
90.879730
90.915253
90.950638
90.986359
91.022339
91.058517
91.095192
91.132225
91.169556
91.207306
91.245262
91.283562
91.321571
91.358551
91.395164
91.431488
91.467339
91.503220
91.539001
91.574837
91.610703
91.646767
91.682877
91.718773
91.754646
91.791092
91.827972
91.865562
91.903664
91.942108
91.980774
92.019920
92.059189
92.097557
92.135162
92.172165
92.208778
92.245491
92.282181
92.318756
92.355118
92.391739
92.428505
92.465378
92.502266
92.539223
92.576057
92.613579
92.651779
92.690208
92.728951
92.768272
92.807289
92.845314
92.882881
92.919914
92.956535
92.992966
93.029243
93.065422
93.101562
93.137962
93.174316
93.210640
93.246994
93.283463
93.320145
93.357635
93.396156
93.434799
93.473534
93.512825
93.552078
93.590355
93.627785
93.664673
93.701088
93.737595
93.774010
93.810303
93.846542
93.882988
93.919464
93.956154
93.992889
94.029694
94.066658
94.104416
94.142746
94.181290
94.219955
94.259308
94.298447
94.336624
94.374176
94.411316
94.448090
94.484741
94.521278
94.557655
94.593948
94.630470
94.666824
94.703392
94.740105
94.776955
94.813721
94.850998
94.888870
94.926971
94.965157
95.003983
95.042847
95.080750
95.118118
95.155037
95.191521
95.227898
95.264244
95.300629
95.337013
95.373489
95.410210
95.447029
95.483849
95.521187
95.558876
95.597557
95.636826
95.676491
95.716705
95.757301
95.797852
95.837479
95.876045
95.914124
95.951813
95.989250
96.026489
96.063553
96.100349
96.137459
96.174751
96.211823
96.248756
96.285835
96.322960
96.360474
96.398682
96.437271
96.476044
96.515526
96.555222
96.594116
96.632172
96.669617
96.706657
96.743660
96.780731
96.817741
96.854485
96.891289
96.927864
96.964584
97.001373
97.038216
97.075150
97.112434
97.150490
97.189072
97.228149
97.267799
97.307487
97.346130
97.384018
97.421494
97.458557
97.495560
97.532394
97.569092
97.605598
97.642204
97.679199
97.715897
97.752441
97.789558
97.827332
97.865509
97.904419
97.943810
97.983353
98.023346
98.063629
98.103142
98.141815
98.179863
98.217369
98.254753
98.292099
98.329483
98.366653
98.403732
98.440582
98.477623
98.514725
98.551727
98.588867
98.626068
98.663857
98.702225
98.741035
98.780777
98.820679
98.859550
98.897621
98.935295
98.972496
99.009430
99.046387
99.083321
99.120094
99.157005
99.193748
99.230545
99.267372
99.304680
99.342461
99.381027
99.420364
99.460213
99.500298
99.540779
99.581306
99.620827
99.659660
99.697937
99.735695
99.773315
99.811012
99.848793
99.886398
99.924133
99.962196
100.000229
100.038116
100.076538
100.115555
100.155220
100.195618
100.236404
100.277855
100.319626
100.361412
100.402527
100.442673
100.482170
100.521187
100.559723
100.597984
100.636040
100.673759
100.711700
100.749634
100.787636
100.825645
100.863586
100.901581
100.939873
100.978920
101.018471
101.058746
101.099709
101.140831
101.180984
101.220337
101.259132
101.297539
101.335495
101.373238
101.411072
101.448784
101.486595
101.524826
101.563133
101.601448
101.640045
101.679054
101.718628
101.758888
101.799438
101.840027
101.881226
101.922783
101.963470
102.003288
102.042648
102.081535
102.120026
102.158226
102.196381
102.234299
102.272423
102.310768
102.348824
102.386795
102.425308
102.464348
102.503654
102.543594
102.583992
102.624535
102.665550
102.706863
102.747490
102.787231
102.826225
102.864731
102.902710
102.940521
102.978355
103.016037
103.053909
103.091835
103.129456
103.167130
103.204849
103.242706
103.280724
103.319496
103.358849
103.398476
103.438942
103.479828
103.519989
103.559319
103.598145
103.636482
103.674347
103.712097
103.749969
103.787758
103.825531
103.863358
103.901375
103.939461
103.977951
104.016891
104.056244
104.096375
104.136864
104.177887
104.219460
104.261314
104.302490
104.342598
104.382164
104.421310
104.459999
104.498421
104.536797
104.574890
104.613174
104.651688
104.689842
104.727959
104.766327
104.804848
104.843620
104.883095
104.923004
104.963623
105.005066
105.046951
105.087997
105.128143
105.167763
105.206802
105.245361
105.283783
105.322128
105.360321
105.398689
105.437271
105.475540
105.513893
105.552734
105.591904
105.631454
105.671364
105.711632
105.752357
105.793419
105.834892
105.875618
105.915619
105.955109
105.994186
106.032982
106.071716
106.110344
106.148834
106.187546
106.226517
106.265266
106.304146
106.343407
106.382965
106.422577
106.462646
106.503143
106.543770
106.584892
106.626518
106.667603
106.707565
106.746696
106.785454
106.823792
106.862022
106.900284
106.938522
106.976875
107.015305
107.053772
107.092590
107.131714
107.171211
107.211067
107.251183
107.291725
107.332535
107.373711
107.415207
107.456009
107.495728
107.534866
107.573647
107.612007
107.650291
107.688660
107.727051
107.765579
107.804245
107.842659
107.881073
107.919838
107.959068
107.998482
108.038567
108.079140
108.119911
108.161331
108.203194
108.244438
108.284515
108.324135
108.363319
108.401970
108.440491
108.479073
108.517654
108.556396
108.595306
108.634254
108.673050
108.712090
108.751877
108.792221
108.833435
108.875244
108.917099
108.959259
109.001892
109.043785
109.084801
109.125221
109.165024
109.204178
109.243141
109.282204
109.321342
109.360710
109.400299
109.439941
109.479301
109.518700
109.558495
109.599060
109.640289
109.681892
109.724037
109.766525
109.809402
109.851707
109.893204
109.934006
109.974220
110.013733
110.052963
110.092209
110.131660
110.171227
110.211029
110.250656
110.290466
110.330711
110.371117
110.411713
110.452766
110.494164
110.535820
110.577904
110.620461
110.662354
110.703285
110.743919
110.784248
110.824013
110.863510
110.902924
110.942413
110.981979
111.021721
111.061531
111.101357
111.141365
111.181740
111.222618
111.264183
111.306175
111.347977
111.390244
111.432831
111.474663
111.515472
111.555618
111.595230
111.634293
111.673248
111.712227
111.751251
111.790413
111.829926
111.869530
111.909241
111.948990
111.989166
112.029724
112.070992
112.112679
112.154587
112.196777
112.239525
112.281784
112.323013
112.363464
112.403404
112.443024
112.482544
112.522072
112.561584
112.601212
112.641060
112.680824
112.720566
112.760483
112.800995
112.841858
112.883392
112.925385
112.967628
113.010422
113.053848
113.096893
113.138939
113.180443
113.221519
113.262016
113.302307
113.342537
113.382835
113.423363
113.464127
113.505005
113.545952
113.586823
113.627823
113.669540
113.711731
113.754219
113.797081
113.840370
113.884094
113.927307
113.969452
114.010872
114.051758
114.092056
114.132133
114.172279
114.212456
114.252846
114.293442
114.334076
114.374878
114.415787
114.456627
114.497719
114.539185
114.580948
114.623039
114.665565
114.708595
114.751366
114.793076
114.834435
114.875465
114.916267
114.956932
114.997406
115.037811
115.078468
115.119308
115.160240
115.201248
115.242447
115.283760
115.325653
115.367935
115.410614
115.453682
115.496902
115.540398
115.583626
115.625504
115.666687
115.707321
115.747589
115.787865
115.828003
115.868187
115.908463
115.948982
115.989517
116.030113
116.070984
116.112358
116.154037
116.196556
116.239632
116.282829
116.326447
116.370560
116.414291
116.456993
116.498848
116.540184
116.580956
116.621399
116.661652
116.701813
116.742119
116.782639
116.823242
116.864021
116.904762
116.945717
116.987183
117.029282
117.071762
117.114449
117.157349
117.200729
117.243484
117.285011
117.325928
117.366371
117.406441
117.446419
117.486359
117.526253
117.566261
117.606522
117.646751
117.686958
117.727386
117.768311
117.809723
117.851646
117.893890
117.936600
117.979782
118.023476
118.066887
118.109268
118.150970
118.192284
118.233292
118.274025
118.314514
118.354950
118.395561
118.436272
118.477165
118.518112
118.559372
118.600754
118.642761
118.685188
118.727982
118.771286
118.814941
118.859123
118.902969
118.945358
118.986855
119.027893
119.068604
119.109230
119.149734
119.190186
119.230850
119.271675
119.312569
119.353622
119.394882
119.436333
119.478073
119.520584
119.563393
119.606499
119.649826
119.693634
119.737267
119.779526
119.821068
119.862038
119.902718
119.943390
119.983810
120.024200
120.064850
120.105675
120.146576
120.187614
120.228989
120.270348
120.312233
120.354752
120.397598
120.440826
120.484085
120.527542
120.570946
120.613136
120.654541
120.695564
120.736221
120.776688
120.816978
120.857201
120.897614
120.938232
120.978897
121.019699
121.060745
121.102127
121.143890
121.186394
121.229340
121.272629
121.316200
121.360130
121.403961
121.446693
121.488678
121.530212
121.571442
121.612366
121.653061
121.693672
121.734413
121.775444
121.816460
121.857613
121.898872
121.940575
121.982529
122.025238
122.068451
122.112053
122.156082
122.200684
122.245117
122.288208
122.330490
122.372337
122.413811
122.455078
122.496086
122.537003
122.578026
122.619377
122.660828
122.702385
122.743958
122.785828
122.828018
122.870911
122.914215
122.957817
123.001717
123.046074
123.089882
123.132446
123.174149
123.215309
123.256180
123.296982
123.337814
123.378677
123.419632
123.460670
123.501770
123.542953
123.584267
123.626129
123.668205
123.710938
123.754280
123.797935
123.841911
123.886353
123.930878
123.974197
124.016777
124.059052
124.100983
124.142380
124.183434
124.224312
124.265511
124.307076
124.348816
124.390762
124.432098
124.473427
124.515549
124.558472
124.601768
124.644814
124.688004
124.731438
124.774811
124.816956
124.858086
124.898582
124.938766
124.978882
125.019249
125.059875
125.100540
125.141388
125.181969
125.222717
125.263618
125.304680
125.345482
125.386589
125.428230
125.470245
125.512314
125.555008
125.597588
125.639015
125.679840
125.720352
125.760521
125.800499
125.840485
125.880325
125.920227
125.960251
126.000381
126.040604
126.080986
126.121803
126.163437
126.205765
126.248711
126.291931
126.335419
126.379463
126.422935
126.465118
126.506599
126.547646
126.588394
126.629028
126.669632
126.710320
126.751221
126.792175
126.833244
126.874405
126.915733
126.957413
126.999222
127.041756
127.084846
127.128304
127.172050
127.216309
127.260689
127.303833
127.346275
127.388382
127.430099
127.471512
127.512634
127.553711
127.594925
127.636452
127.678261
127.720139
127.761902
127.803833
127.846519
127.889626
127.933136
127.977043
128.021057
128.065353
128.109360
128.152267
128.194122
128.235489
128.276627
128.317703
128.358765
128.399963
128.441101
128.482361
128.523544
128.564835
128.606354
128.648315
128.690491
128.733231
128.776443
128.820114
128.864182
128.908798
128.953445
128.996948
129.039368
129.081390
129.123138
129.164490
129.205643
129.246704
129.287918
129.329269
129.370880
129.412537
129.454361
129.496597
129.539459
129.582779
129.626526
129.670380
129.714340
129.758789
129.802750
129.845551
129.887878
129.929825
129.971436
130.012863
130.054337
130.095917
130.137436
130.179214
130.220917
130.262619
130.304535
130.346588
130.389099
130.432037
130.475464
130.519226
130.562729
130.606613
130.650543
130.693527
130.735977
130.778107
130.820038
130.861664
130.903122
130.944748
130.986420
131.028366
131.070206
131.112198
131.154419
131.196640
131.238953
131.281815
131.325241
131.368851
131.412308
131.456085
131.499954
131.542831
131.585083
131.627151
131.668915
131.710373
131.751831
131.793350
131.834976
131.876877
131.918716
131.960678
132.002884
132.045181
132.087692
132.130600
132.174057
132.217682
132.260864
132.304398
132.348038
132.390701
132.432831
132.474762
132.516373
132.557465
132.598434
132.639420
132.680466
132.721771
132.763000
132.804337
132.845886
132.887711
132.929718
132.972260
133.015396
133.058640
133.101395
133.144470
133.187607
133.229813
133.271500
133.312958
133.354034
133.394653
133.435150
133.475876
133.516525
133.557556
133.598450
133.639420
133.680542
133.722015
133.763779
133.806137
133.849152
133.892365
133.935196
133.978302
134.021606
134.064011
134.105865
134.147583
134.188858
134.229599
134.270279
134.310989
134.351791
134.392807
134.433792
134.474747
134.516006
134.557480
134.599213
134.641541
134.684540
134.727615
134.770264
134.813232
134.856400
134.898621
134.940277
134.981689
135.022736
135.063278
135.103714
135.144135
135.184555
135.225342
135.265976
135.306686
135.347504
135.388779
135.430267
135.472488
135.515259
135.558350
135.601273
135.644455
135.687881
135.730392
135.772415
135.814163
135.855545
135.896454
135.937332
135.978149
136.018967
136.060059
136.101105
136.142197
136.183533
136.225082
136.266968
136.309448
136.352448
136.395798
136.438995
136.482437
136.526123
136.568954
136.611023
136.652832
136.694336
136.735535
136.776764
136.817932
136.859207
136.900604
136.942200
136.983887
137.025803
137.067871
137.109756
137.152161
137.195084
137.238251
137.281052
137.324020
137.367081
137.409317
137.450958
137.492325
137.533447
137.574142
137.614746
137.655441
137.696182
137.737015
137.778030
137.819092
137.860474
137.901947
137.943222
137.985092
138.027618
138.070435
138.112976
138.155777
138.198822
138.240829
138.282211
138.323425
138.364349
138.404907
138.445389
138.485901
138.526321
138.566940
138.607742
138.648712
138.689926
138.731171
138.772156
138.813660
138.855820
138.898209
138.940186
138.982407
139.024872
139.066406
139.107269
139.148010
139.188477
139.228500
139.268372
139.308365
139.348343
139.388611
139.429001
139.469559
139.510437
139.551331
139.592117
139.633530
139.675583
139.717880
139.760010
139.802338
139.844910
139.886429
139.927261
139.967804
140.008133
140.048157
140.088074
140.128006
140.167969
140.208054
140.248276
140.288651
140.329422
140.370102
140.410477
140.451263
140.492599
140.534134
140.575394
140.616974
140.658676
140.699478
140.739700
140.779831
140.819717
140.859207
140.898590
140.937958
140.977356
141.016953
141.056778
141.096878
141.137238
141.177750
141.218109
141.258957
141.300446
141.342148
141.383545
141.425308
141.466904
141.507568
141.547699
141.587723
141.627472
141.666840
141.706055
141.745377
141.784775
141.824310
141.864014
141.903946
141.944290
141.984833
142.025330
142.066422
142.108139
142.150101
142.191727
142.233643
142.275604
142.316727
142.356857
142.396851
142.436569
142.476013
142.515396
142.554764
142.594269
142.633774
142.673279
142.712982
142.753082
142.793152
142.833069
142.873489
142.914474
142.955826
142.996948
143.038498
143.079941
143.120605
143.160355
143.199905
143.239197
143.278259
143.317230
143.356216
143.395233
143.434372
143.473480
143.512802
143.552551
143.592468
143.632309
143.672775
143.713898
143.755310
143.796906
143.838959
143.881180
143.922592
143.962997
144.003021
144.042877
144.082397
144.121857
144.161423
144.200928
144.240387
144.279739
144.319275
144.359116
144.399002
144.438705
144.478790
144.519547
144.560516
144.601181
144.642380
144.683624
144.724075
144.763870
144.803650
144.843262
144.882355
144.921280
144.960358
144.999405
145.038696
145.078140
145.117767
145.157852
145.197998
145.238495
145.279602
145.321243
145.363098
145.405060
145.447403
145.489685
145.531235
145.571808
145.612213
145.652206
145.692047
145.731918
145.771835
145.811768
145.851654
145.891464
145.931335
145.971588
146.011658
146.051651
146.091995
146.132797
146.173920
146.214905
146.256256
146.297684
146.338303
146.377991
146.417572
146.456955
146.496094
146.535126
146.574188
146.613205
146.652390
146.691696
146.731430
146.771515
146.811905
146.852219
146.893082
146.934540
146.976334
147.017883
147.059738
147.101624
147.142609
147.182556
147.222214
147.261581
147.300751
147.339783
147.378906
147.418045
147.457260
147.496643
147.536285
147.576385
147.616653
147.656982
147.697983
147.739532
147.781479
147.823181
147.865219
147.907242
147.948471
147.988678
148.028580
148.068283
148.107758
148.147095
148.186478
148.225845
148.265335
148.304871
148.344666
148.384842
148.425171
148.465347
148.505966
148.547241
148.588974
148.630676
148.672607
148.714554
148.755844
148.796021
148.835861
148.875565
148.915024
148.954315
148.993729
149.033066
149.072540
149.112091
149.151871
149.192032
149.232544
149.273087
149.314117
149.355698
149.397659
149.439590
149.481888
149.524399
149.566360
149.607193
149.647614
149.687744
149.727554
149.767319
149.807159
149.847046
149.887039
149.927094
149.967178
150.007599
150.048172
150.088669
150.129669
150.171280
150.213303
150.255341
150.297791
150.340210
150.381821
150.422302
150.462418
150.502274
150.541946
150.581528
150.621155
150.660889
150.700592
150.740265
150.780151
150.820374
150.860779
150.900970
150.941589
150.982895
151.024612
151.066315
151.108368
151.150467
151.191818
151.232025
151.271942
151.311615
151.351059
151.390503
151.429947
151.469528
151.509094
151.548721
151.588501
151.628632
151.669037
151.709442
151.750244
151.791702
151.833557
151.875565
151.917923
151.960419
152.002045
152.042557
152.082703
152.122589
152.162262
152.201752
152.241425
152.281143
152.320816
152.360504
152.400330
152.440506
152.480743
152.520813
152.561371
152.602524
152.644165
152.685669
152.727570
152.769455
152.810501
152.850525
152.890320
152.929855
152.969131
153.008362
153.047760
153.087112
153.126480
153.165833
153.205368
153.245224
153.285172
153.325073
153.365341
153.406250
153.447708
153.488846
153.530243
153.571579
153.612091
153.651810
153.691498
153.731079
153.770447
153.809677
153.848953
153.888397
153.927826
153.967422
154.007187
154.047272
154.087311
154.127518
154.168259
154.209442
154.251053
154.292740
154.334717
154.376678
154.417816
154.457886
154.497726
154.537338
154.576691
154.616089
154.655609
154.695312
154.734924
154.774582
154.814255
154.854385
154.894501
154.934586
154.974930
155.015778
155.057007
155.098206
155.139404
155.180618
155.221252
155.260803
155.300201
155.339432
155.378372
155.417374
155.456604
155.495712
155.534851
155.574112
155.613770
155.653931
155.694061
155.734131
155.774429
155.815216
155.856415
155.897522
155.938751
155.979996
156.020660
156.060318
156.099792
156.139023
156.178070
156.217026
156.256149
156.295212
156.334274
156.373322
156.412674
156.452545
156.492661
156.532898
156.573441
156.614685
156.656525
156.698318
156.739899
156.781754
156.822983
156.863113
156.902771
156.942291
156.981522
157.020630
157.059982
157.099258
157.138474
157.177612
157.216949
157.256516
157.296021
157.335632
157.375488
157.415878
157.456711
157.497330
157.538208
157.579254
157.619797
157.659241
157.698441
157.737534
157.776413
157.815079
157.853897
157.892838
157.931793
157.970856
158.010025
158.049698
158.089752
158.129791
158.170364
158.211533
158.253220
158.294815
158.336670
158.378677
158.420029
158.460220
158.500046
158.539658
158.579025
158.618179
158.657379
158.696518
158.735626
158.774887
158.814270
158.854080
158.894287
158.934509
158.975159
159.016373
159.058121
159.099716
159.141296
159.183197
159.224655
159.264908
159.304749
159.344467
159.384003
159.423264
159.462585
159.502045
159.541458
159.580856
159.620468
159.660461
159.700912
159.741318
159.781998
159.823227
159.864914
159.906708
159.948746
159.991058
160.032974
160.073761
160.113998
160.154037
160.193771
160.233337
160.272980
160.312683
160.352341
160.391983
160.431747
160.471909
160.512360
160.552887
160.593552
160.634750
160.676544
160.718384
160.760071
160.801987
160.843430
160.883743
160.923691
160.963394
161.002960
161.042282
161.081726
161.121277
161.160614
161.200089
161.239624
161.279480
161.319595
161.359680
161.399948
161.440720
161.482040
161.523376
161.564743
161.606277
161.647522
161.687546
161.727203
161.766754
161.806107
161.845154
161.884338
161.923599
161.962769
162.001953
162.041260
162.081024
162.121201
162.161316
162.201645
162.242508
162.283981
162.325424
162.366806
162.408493
162.450119
162.490585
162.530609
162.570435
162.610046
162.649414
162.688782
162.728119
162.767334
162.806625
162.846100
162.885941
162.926285
162.966537
163.007019
163.048004
163.089493
163.131134
163.173065
163.215591
163.257874
163.299011
163.339523
163.379745
163.419830
163.459671
163.499573
163.539551
163.579376
163.619217
163.659164
163.699493
163.740173
163.780899
163.821747
163.863190
163.905182
163.947067
163.988754
164.030884
164.072769
164.113388
164.153610
164.193726
164.233612
164.273193
164.312866
164.352615
164.392212
164.431854
164.471466
164.511429
164.551544
164.591644
164.631866
164.672638
164.713867
164.754944
164.795959
164.837448
164.878510
164.918488
164.957901
164.997360
165.036606
165.075592
165.114655
165.153885
165.193085
165.232254
165.271423
165.311081
165.351151
165.391190
165.431366
165.472015
165.513229
165.554520
165.595764
165.637268
165.678528
165.718750
165.758224
165.797577
165.836655
165.875626
165.914688
165.953873
165.992950
166.031830
166.070740
166.110092
166.149918
166.189819
166.229797
166.270355
166.311523
166.352890
166.394226
166.435898
166.477386
166.517975
166.557709
166.597290
166.636597
166.675735
166.714935
166.754227
166.793427
166.832565
166.871658
166.911133
166.951065
166.991013
167.031082
167.071854
167.113159
167.154648
167.196121
167.238007
167.279831
167.320694
167.360733
167.400681
167.440323
167.479736
167.519180
167.558609
167.597977
167.637207
167.676483
167.716187
167.756317
167.796478
167.836716
167.877579
167.919052
167.960709
168.002182
168.044220
168.086014
168.126877
168.167068
168.207108
168.246857
168.286407
168.325836
168.365311
168.404724
168.444183
168.483673
168.523438
168.563690
168.603989
168.644455
168.685455
168.727081
168.768921
168.810638
168.852707
168.894775
168.935974
168.976273
169.016296
169.056091
169.095627
169.135117
169.174606
169.213959
169.253387
169.292877
169.332703
169.372940
169.413345
169.453812
169.494919
169.536560
169.578415
169.620346
169.662643
169.704987
169.746429
169.786957
169.827118
169.867065
169.906754
169.946350
169.985931
170.025482
170.065033
170.104523
170.144333
170.184586
170.225021
170.265381
170.306351
170.347946
170.389801
170.431442
170.473663
170.515778
170.556946
170.597275
170.637451
170.677383
170.717010
170.756454
170.795914
170.835373
170.874939
170.914642
170.954651
170.995148
171.035828
171.076431
171.117615
171.159409
171.201492
171.243484
171.285828
171.328094
171.369553
171.410034
171.450241
171.490173
171.529892
171.569595
171.609207
171.648849
171.688492
171.728226
171.768219
171.808716
171.849319
171.889725
171.930771
171.972382
172.014343
172.056015
172.098175
172.140320
172.181519
172.221832
172.261993
172.302002
172.341736
172.381393
172.421127
172.460800
172.500488
172.540222
172.580292
172.620911
172.661667
172.702408
172.743759
172.785721
172.827972
172.870285
172.913025
172.955795
172.997604
173.038452
173.079025
173.119385
173.159485
173.199570
173.239563
173.279572
173.319580
173.359634
173.399994
173.440857
173.481613
173.522278
173.563324
173.604935
173.646851
173.688522
173.730774
173.772949
173.814148
173.854477
173.894608
173.934525
173.974228
174.013824
174.053375
174.092896
174.132614
174.172333
174.212372
174.252777
174.293427
174.334290
174.375763
174.418030
174.460617
174.503265
174.546280
174.589233
174.631088
174.671936
174.712402
174.752731
174.792755
174.832733
174.872665
174.912537
174.952530
174.992493
175.032593
175.073013
175.113556
175.153931
175.194763
175.236206
175.277969
175.319397
175.361389
175.403320
175.444260
175.484406
175.524384
175.564087
175.603683
175.643082
175.682449
175.721832
175.761368
175.800949
175.840744
175.880905
175.921478
175.962250
176.003510
176.045349
176.087601
176.129913
176.172699
176.215530
176.257568
176.298569
176.339127
176.379364
176.419357
176.459290
176.499237
176.539139
176.579071
176.619171
176.659424
176.700027
176.740860
176.781586
176.822754
176.864471
176.906677
176.948746
176.991058
177.033401
177.074997
177.115433
177.155685
177.195618
177.235336
177.275070
177.314789
177.354675
177.394501
177.434357
177.474518
177.515198
177.556000
177.596527
177.637619
177.679260
177.721420
177.763168
177.805435
177.847534
177.888535
177.928528
177.968231
178.007828
178.047073
178.086258
178.125717
178.165237
178.204727
178.244247
178.283905
178.324051
178.364227
178.404266
178.444702
178.485825
178.527359
178.568634
178.610138
178.651535
178.692017
178.731506
178.770676
178.809799
178.848755
178.887527
178.926468
178.965561
179.004547
179.043625
179.082932
179.122635
179.162598
179.202515
179.243011
179.284164
179.325745
179.367218
179.408875
179.450394
179.491287
179.531097
179.570557
179.609833
179.648972
179.688004
179.727234
179.766327
179.805466
179.844681
179.884155
179.924088
179.964157
180.004166
180.044373
180.085205
180.126511
180.167618
180.208969
180.250305
180.290924
180.330521
180.369919
180.409088
180.448181
180.487030
180.525970
180.565018
180.604095
180.643234
180.682587
180.722458
180.762619
180.802795
180.843567
180.884918
180.926697
180.968521
181.010864
181.053207
181.094864
181.135193
181.175323
181.215179
181.254730
181.294312
181.333801
181.373322
181.412949
181.452744
181.492645
181.533127
181.573685
181.614349
181.655289
181.696915
181.738892
181.780853
181.823090
181.865417
181.906967
181.947296
181.987259
182.027084
182.066635
182.105988
182.145462
182.184967
182.224579
182.264206
182.304016
182.344391
182.384857
182.425308
182.466263
182.507812
182.549820
182.591675
182.633316
182.675079
182.715942
182.755753
182.795227
182.834610
182.873703
182.912750
182.951904
182.991348
183.030594
183.069809
183.109253
183.149063
183.189041
183.229095
183.269363
183.310196
183.351562
183.392822
183.434036
183.475204
183.515564
183.554901
183.594116
183.633209
183.672058
183.710846
183.749710
183.788864
183.827805
183.866867
183.906265
183.945984
183.985886
184.025711
184.065872
184.106598
184.147888
184.189056
184.230118
184.271332
184.311813
184.351318
184.390533
184.429565
184.468384
184.507065
184.546005
184.585052
184.624008
184.663010
184.702271
184.741684
184.781265
184.820953
184.860748
184.901047
184.941833
184.982651
185.023483
185.064377
185.104599
185.143799
185.182907
185.221893
185.260605
185.299316
185.338242
185.377090
185.415939
185.454941
185.494202
185.534012
185.574051
185.614105
185.654465
185.695541
185.737045
185.778503
185.819931
185.861465
185.902328
185.942017
185.981293
186.020447
186.059357
186.098053
186.136963
186.175980
186.214783
186.253693
186.292770
186.332306
186.372055
186.411880
186.451782
186.492264
186.533279
186.574127
186.615005
186.656082
186.696442
186.735733
186.774857
186.813766
186.852417
186.890945
186.929474
186.968201
187.006836
187.045532
187.084473
187.123871
187.163544
187.203140
187.243149
187.283798
187.324829
187.365875
187.407013
187.448334
187.488998
187.528534
187.567673
187.606659
187.645447
187.684052
187.722809
187.761536
187.800140
187.838776
187.877609
187.916885
187.956482
187.996170
188.036148
188.076691
188.117889
188.158905
188.199890
188.241089
188.281754
188.321411
188.360596
188.399780
188.438690
188.477295
188.516052
188.554855
188.593491
188.632278
188.671188
188.710510
188.750031
188.789536
188.829437
188.869843
188.910782
188.951538
188.992508
189.033539
189.074142
189.113510
189.152527
189.191544
189.230301
189.268768
189.307388
189.346024
189.384537
189.423096
189.461975
189.501266
189.540863
189.580399
189.620193
189.660629
189.701599
189.742340
189.783249
189.824188
189.864685
189.903915
189.942825
189.981537
190.020020
190.058411
190.096909
190.135406
190.173752
190.212204
190.251053
190.290390
190.330002
190.369446
190.408936
190.448883
190.489319
190.529846
190.570465
190.611389
190.651855
190.691055
190.730118
190.769073
190.807877
190.846420
190.885071
190.923599
190.962143
191.000793
191.039703
191.079132
191.118866
191.158432
191.198257
191.238632
191.279572
191.320374
191.361099
191.402390
191.443436
191.483246
191.522720
191.562027
191.601105
191.639908
191.678650
191.717529
191.756332
191.795212
191.834274
191.873825
191.913605
191.953171
191.993118
192.033569
192.074570
192.115753
192.156937
192.198547
192.240082
192.280609
192.320572
192.360245
192.399704
192.438904
192.478088
192.517410
192.556625
192.595947
192.635483
192.675461
192.715820
192.756027
192.796417
192.837463
192.879120
192.920975
192.962753
193.004944
193.047104
193.088120
193.128479
193.168549
193.208206
193.247604
193.287079
193.326675
193.366150
193.405823
193.445480
193.485519
193.525879
193.566299
193.606888
193.648132
193.689972
193.732010
193.774078
193.816559
193.858887
193.899994
193.940613
193.980957
194.021027
194.060959
194.100998
194.140915
194.180771
194.220551
194.260437
194.300568
194.340942
194.381149
194.421295
194.461945
194.503189
194.544357
194.585327
194.626801
194.668137
194.708344
194.748047
194.787903
194.827408
194.866776
194.906082
194.945541
194.984894
195.024353
195.064056
195.104141
195.144699
195.185181
195.225845
195.267227
195.309204
195.351318
195.393448
195.436172
195.478775
195.520477
195.561279
195.601761
195.641846
195.681671
195.721603
195.761429
195.801346
195.841263
195.881256
195.921494
195.962158
196.002655
196.043167
196.084106
196.125702
196.167252
196.208710
196.250717
196.292587
196.333450
196.373611
196.413666
196.453400
196.492859
196.532318
196.571777
196.611221
196.650772
196.690460
196.730530
196.770981
196.811630
196.852386
196.894043
196.936432
196.979080
197.021729
197.064697
197.107651
197.149551
197.190582
197.231155
197.271606
197.311737
197.351883
197.392014
197.432175
197.472275
197.512329
197.552551
197.593018
197.633469
197.673828
197.714798
197.756287
197.797867
197.839279
197.881119
197.922882
197.963699
198.003937
198.044006
198.083817
198.123367
198.162735
198.202087
198.241516
198.281174
198.320923
198.361237
198.401596
198.442078
198.482834
198.524078
198.565765
198.607697
198.649612
198.691864
198.733841
198.774841
198.815109
198.855133
198.894775
198.934280
198.973999
199.013840
199.053772
199.093689
199.133408
199.173447
199.213867
199.254044
199.294205
199.334549
199.375656
199.416916
199.457886
199.499359
199.540802
199.581299
199.620987
199.660614
199.699951
199.739044
199.778336
199.817596
199.856888
199.896286
199.935776
199.975555
200.015793
200.056122
200.096222
200.136932
200.178253
200.219879
200.261322
200.303024
200.344727
200.385437
200.425339
200.465195
200.504639
200.543991
200.583405
200.622940
200.662430
200.701996
200.741348
200.780930
200.821106
200.861160
200.901306
200.942062
200.983429
201.025040
201.066467
201.108246
201.150223
201.191437
201.231598
201.271591
201.311356
201.350739
201.390060
201.429382
201.468765
201.508133
201.547592
201.587341
201.627411
201.667633
201.707581
201.748047
201.789108
201.830414
201.871521
201.913086
201.954529
201.995117
202.034882
202.074585
202.113998
202.153305
202.192551
202.231827
202.271210
202.310593
202.350189
202.389938
202.430084
202.470428
202.511063
202.552185
202.593887
202.635925
202.677994
202.720337
202.763031
202.805145
202.846054
202.886597
202.926910
202.966782
203.006744
203.046738
203.086792
203.126801
203.166946
203.207336
203.248108
203.288834
203.329422
203.370392
203.411896
203.453659
203.495255
203.537216
203.578995
203.620041
203.660095
203.700104
203.739883
203.779480
203.819046
203.858688
203.898148
203.937744
203.977524
204.017563
204.058029
204.098709
204.139557
204.180969
204.223099
204.265610
204.308167
204.351166
204.394516
204.436920
204.478638
204.519867
204.560654
204.600922
204.641190
204.681335
204.721329
204.761520
204.801956
204.842636
204.883682
204.924667
204.965591
205.006851
205.048645
205.090790
205.132645
205.174652
205.216339
205.257034
205.297119
205.337112
205.376740
205.416290
205.455841
205.495316
205.534988
205.574707
205.614563
205.654678
205.695221
205.735947
205.776779
205.818314
205.860352
205.902939
205.945251
205.987701
206.030151
206.071838
206.112320
206.152649
206.192719
206.232559
206.272324
206.312271
206.352371
206.392426
206.432510
206.472778
206.513351
206.553879
206.594284
206.634933
206.676254
206.717865
206.759277
206.801071
206.843018
206.884247
206.924561
206.964554
207.004318
207.043900
207.083405
207.123093
207.162735
207.202454
207.242218
207.282257
207.322632
207.363251
207.403961
207.445145
207.487045
207.529251
207.571625
207.614410
207.657486
207.699982
207.741150
207.781998
207.822510
207.862640
207.902847
207.943085
207.983261
208.023560
208.063919
208.104431
208.145370
208.186249
208.226990
208.268021
208.309616
208.351715
208.393631
208.435837
208.477982
208.519135
208.559509
208.599808
208.639832
208.679626
208.719391
208.759232
208.799088
208.838943
208.879028
208.919266
208.959946
209.000793
209.041870
209.083359
209.125519
209.168060
209.210510
209.253235
209.296204
209.338379
209.379654
209.420547
209.461075
209.501251
209.541443
209.581635
209.621719
209.661850
209.701859
209.742188
209.782730
209.823181
209.863602
209.904266
209.945633
209.987335
210.028625
210.070190
210.111923
210.152908
210.192993
210.232910
210.272644
210.312225
210.351578
210.391068
210.430481
210.469818
210.509430
210.549393
210.589645
210.630035
210.670578
210.711411
210.752655
210.794342
210.835648
210.877014
210.917938
210.958054
210.997131
211.035934
211.074631
211.113113
211.151443
211.189957
211.228409
211.266769
211.305298
211.344238
211.383698
211.423080
211.462540
211.502258
211.542404
211.582977
211.623627
211.664444
211.705444
211.745911
211.785507
211.824997
211.864227
211.903107
211.942001
211.980988
212.019882
212.058731
212.097687
212.137177
212.177246
212.217468
212.257858
212.298523
212.339828
212.381775
212.423691
212.465500
212.507248
212.548477
212.588654
212.628448
212.668060
212.707382
212.746567
212.785812
212.825058
212.864319
212.903641
212.943085
212.982925
213.022995
213.063095
213.103699
213.144989
213.186813
213.228668
213.270813
213.313065
213.354828
213.395462
213.435745
213.475723
213.515366
213.554947
213.594666
213.634445
213.674240
213.714020
213.753891
213.794159
213.834610
213.875153
213.915939
213.957214
213.999054
214.040894
214.082977
214.125214
214.166687
214.207169
214.247116
214.287003
214.326492
214.365952
214.405518
214.445160
214.484772
214.524460
214.564270
214.604355
214.644882
214.685226
214.726074
214.767395
214.809250
214.851349
214.893814
214.936768
214.979294
215.020630
215.061584
215.102203
215.142548
215.182724
215.222855
215.263016
215.303116
215.343262
215.383530
215.424347
215.465408
215.506470
215.547760
215.589691
215.632156
215.674774
215.717361
215.760162
215.802399
215.843445
215.884109
215.924515
215.964554
216.004501
216.044586
216.084702
216.124771
216.164795
216.204880
216.245178
216.285690
216.326157
216.366837
216.407913
216.449539
216.491196
216.533005
216.574921
216.616150
216.656265
216.696243
216.735916
216.775406
216.814682
216.854218
216.893860
216.933411
216.973038
217.012619
217.052628
217.092743
217.132843
217.173218
217.214096
217.255539
217.296890
217.338181
217.379562
217.420456
217.460434
217.500031
217.539551
217.578766
217.617844
217.657181
217.696655
217.736069
217.775497
217.815002
217.854935
217.895081
217.935196
217.975433
218.016174
218.057495
218.098785
218.140091
218.181686
218.222946
218.263046
218.302856
218.342422
218.381836
218.421021
218.460449
218.499908
218.539398
218.578873
218.618454
218.658371
218.698502
218.738785
218.779099
218.819931
218.861206
218.902512
218.943634
218.985062
219.026154
219.066208
219.105972
219.145493
219.184738
219.223907
219.263123
219.302505
219.341782
219.381058
219.420425
219.460205
219.500229
219.540100
219.580048
219.620499
219.661438
219.702240
219.743042
219.784286
219.825119
219.864868
219.904251
219.943619
219.982590
220.021408
220.060440
220.099655
220.138687
220.177841
220.217056
220.256821
220.296783
220.336716
220.376923
220.417603
220.458847
220.500076
220.541519
220.583496
220.625061
220.665466
220.705505
220.745346
220.784882
220.824280
220.863617
220.903046
220.942352
220.981598
221.021149
221.061005
221.101257
221.141357
221.181686
221.222473
221.263840
221.305008
221.346497
221.388443
221.430023
221.470612
221.510788
221.550888
221.590851
221.630402
221.669815
221.709320
221.748871
221.788422
221.828171
221.868378
221.908783
221.949188
221.989716
222.030685
222.072220
222.113754
222.155228
222.196976
222.238693
222.279343
222.319412
222.359192
222.398819
222.438156
222.477554
222.517029
222.556473
222.596039
222.635666
222.675629
222.716156
222.756607
222.797150
222.838287
222.880005
222.921967
222.963547
223.005371
223.046906
223.087570
223.127670
223.167740
223.207504
223.247086
223.286682
223.326294
223.365768
223.405212
223.444870
223.484955
223.525436
223.565964
223.607025
223.648666
223.690857
223.733154
223.775360
223.817886
223.860245
223.901688
223.942444
223.982895
224.023026
224.062958
224.102997
224.143021
224.183029
224.223175
224.263321
224.303925
224.344833
224.385941
224.427094
224.468887
224.511398
224.554092
224.597031
224.640244
224.683441
224.725616
224.766815
224.807587
224.848145
224.888443
224.928818
224.969040
225.009293
225.049561
225.089737
225.130234
225.170929
225.211517
225.252213
225.293350
225.335022
225.376709
225.418045
225.459854
225.501633
225.542450
225.582428
225.622314
225.661835
225.701187
225.740631
225.780045
225.819489
225.858978
225.898499
225.938416
225.978699
226.019150
226.059586
226.100677
226.142456
226.184479
226.226822
226.269592
226.312378
226.354095
226.394897
226.435455
226.475601
226.515518
226.555450
226.595306
226.635147
226.675049
226.714798
226.754822
226.795258
226.835846
226.876465
226.917618
226.959351
227.001312
227.043213
227.085510
227.127823
227.169174
227.209885
227.250198
227.290085
227.329865
227.369553
227.409241
227.448761
227.488327
227.527908
227.567932
227.608322
227.648819
227.689316
227.730286
227.771881
227.813629
227.855331
227.897446
227.939407
227.980484
228.020782
228.060852
228.100647
228.140152
228.179642
228.219055
228.258316
228.297760
228.337250
228.377090
228.417221
228.457642
228.497879
228.538727
228.580246
228.622009
228.663727
228.705872
228.747955
228.789200
228.829559
228.869629
228.909439
228.948898
228.988388
229.027771
229.067200
229.106735
229.146194
229.186035
229.226242
229.266571
229.306915
229.347824
229.389389
229.431076
229.473114
229.515381
229.557602
229.598923
229.639252
229.679459
229.719391
229.759003
229.798737
229.838379
229.877960
229.917557
229.957016
229.996872
230.037170
230.077591
230.117783
230.158600
230.200012
230.241684
230.283340
230.325348
230.367416
230.408493
230.448715
230.488785
230.528610
230.568222
230.607712
230.647232
230.686752
230.726395
230.766006
230.805862
230.846222
230.886810
230.927353
230.968567
231.010422
231.052734
231.094955
231.137619
231.180313
231.222153
231.262970
231.303421
231.343536
231.383438
231.423355
231.463181
231.502960
231.542938
231.582901
231.623138
231.663788
231.704575
231.745346
231.786606
231.828476
231.870621
231.912842
231.955444
231.998032
232.039764
232.080460
232.120850
232.160934
232.200836
232.240723
232.280624
232.320587
232.360535
232.400452
232.440598
232.481140
232.521530
232.561966
232.602676
232.643982
232.685516
232.726761
232.768570
232.810318
232.851028
232.890915
232.930603
232.970062
233.009216
233.048325
233.087524
233.126831
233.166153
233.205460
233.244949
233.284882
233.325211
233.365570
233.406601
233.448257
233.490356
233.532562
233.575226
233.617813
233.659515
233.700287
233.740646
233.780762
233.820618
233.860352
233.900192
233.940018
233.979843
234.019653
234.059662
234.100021
234.140610
234.181091
234.222031
234.263596
234.305527
234.347443
234.389801
234.432053
234.473434
234.513885
234.554001
234.593826
234.633469
234.673019
234.712769
234.752487
234.792252
234.831940
234.871887
234.912201
234.952484
234.992722
235.033386
235.074753
235.116425
235.157806
235.199661
235.241440
235.282501
235.322433
235.362350
235.401978
235.441360
235.480698
235.520187
235.559692
235.599243
235.638641
235.678421
235.718628
235.759094
235.799652
235.840775
235.882401
235.924561
235.966492
236.008743
236.050995
236.092438
236.132919
236.173111
236.213028
236.252701
236.292358
236.332123
236.371826
236.411667
236.451599
236.491730
236.532257
236.572937
236.613647
236.654694
236.696289
236.738388
236.780411
236.822495
236.864624
236.906097
236.946411
236.986420
237.026199
237.065872
237.105347
237.145096
237.184692
237.224411
237.264206
237.304138
237.344574
237.385025
237.425491
237.466385
237.507965
237.549866
237.591766
237.633896
237.676117
237.717621
237.758057
237.798080
237.837875
237.877441
237.916992
237.956512
237.996094
238.035721
238.075287
238.114883
238.155045
238.195480
238.235916
238.277008
238.318695
238.360733
238.403015
238.445770
238.488464
238.530624
238.571640
238.612106
238.652344
238.692154
238.731995
238.771866
238.811752
238.851746
238.891571
238.931488
238.971786
239.012405
239.053116
239.094177
239.135834
239.178055
239.220474
239.263336
239.306412
239.348740
239.389816
239.430511
239.470840
239.510864
239.550781
239.590759
239.630768
239.670715
239.710800
239.750946
239.791504
239.832245
239.873062
239.914276
239.955978
239.998199
240.040543
240.083405
240.126694
240.169403
240.211304
240.252975
240.294205
240.335022
240.375839
240.416595
240.457306
240.498016
240.538895
240.579758
240.621155
240.662781
240.704376
240.746201
240.788605
240.831512
240.874466
240.917633
240.960693
241.002808
241.044220
241.085449
241.126343
241.166946
241.207458
241.248184
241.289001
241.329788
241.370529
241.411377
241.452530
241.493637
241.534729
241.575989
241.617798
241.660034
241.702164
241.744400
241.786545
241.827759
241.868256
241.908676
241.948807
241.988770
242.028717
242.068619
242.108826
242.148941
242.189133
242.229538
242.270386
242.311356
242.352188
242.393066
242.434616
242.476669
242.518616
242.560333
242.601959
242.642776
242.682648
242.722397
242.761948
242.801407
242.840805
242.880295
242.919998
242.959702
242.999313
243.039230
243.079544
243.119949
243.160416
243.200974
243.242142
243.283829
243.325409
243.366852
243.408173
243.448730
243.488327
243.527771
243.567001
243.605927
243.644974
243.684067
243.723328
243.762344
243.801468
243.840881
243.880722
243.920715
243.960663
244.000839
244.041443
244.082520
244.123581
244.164490
244.205383
244.245667
244.284973
244.324036
244.362915
244.401550
244.440292
244.479065
244.517685
244.556320
244.595001
244.634186
244.673996
244.713928
244.753952
244.794098
244.834763
244.875916
244.916977
244.957916
244.998749
245.038818
245.077911
245.116867
245.155640
245.194183
245.232605
245.271255
245.309769
245.348114
245.386581
245.425354
245.464645
245.504044
245.543457
245.583099
245.623291
245.663849
245.704346
245.744827
245.785599
245.825775
245.864899
245.903915
245.942673
245.981125
246.019409
246.057983
246.096619
246.135101
246.173523
246.212189
246.251358
246.290573
246.329849
246.369263
246.409195
246.449783
246.490311
246.530914
246.571564
246.611633
246.650589
246.689331
246.727951
246.766434
246.804825
246.843277
246.882065
246.920578
246.959122
246.997971
247.037079
247.076294
247.115540
247.154892
247.194748
247.235138
247.275497
247.315842
247.356506
247.396378
247.435226
247.473938
247.512573
247.550980
247.589249
247.627731
247.666321
247.704773
247.743317
247.782059
247.821213
247.860519
247.899704
247.939011
247.978836
248.019180
248.059586
248.099976
248.140533
248.180252
248.218903
248.257477
248.296036
248.334229
248.372360
248.410614
248.449020
248.487244
248.525513
248.564026
248.603241
248.642563
248.681808
248.721115
248.760895
248.801025
248.841400
248.881668
248.922241
248.962112
249.000961
249.039642
249.078079
249.116211
249.154297
249.192581
249.230667
249.268707
249.306793
249.345230
249.384277
249.423508
249.462799
249.502182
249.542130
249.582474
249.622955
249.663330
249.704163
249.744507
249.783737
249.822525
249.861176
249.899551
249.937790
249.976181
250.014572
250.052628
250.090729
250.128967
250.167786
250.206863
250.245956
250.285233
250.325058
250.365509
250.406128
250.446884
250.488068
250.528961
250.568710
250.607864
250.646820
250.685562
250.724045
250.762619
250.801208
250.839554
250.878006
250.916382
250.955093
250.994110
251.033493
251.073227
251.113556
251.154465
251.195602
251.237411
251.279785
251.321930
251.363098
251.403763
251.444107
251.484177
251.523880
251.563660
251.603363
251.642670
251.682129
251.721756
251.761765
251.802078
251.842316
251.882797
251.923813
251.965424
252.006683
252.047729
252.088760
252.129303
252.169174
252.208405
252.247330
252.286179
252.324631
252.363113
252.401794
252.440475
252.479111
252.517746
252.556824
252.596237
252.635727
252.675461
252.715820
252.756744
252.797867
252.839005
252.880493
252.921753
252.961838
253.001434
253.041031
253.080475
253.119614
253.158951
253.198196
253.237244
253.276291
253.315430
253.354828
253.394394
253.433960
253.473389
253.513153
253.553604
253.593933
253.634247
253.674942
253.715408
253.754883
253.793823
253.832642
253.871368
253.909760
253.948334
253.986923
254.025421
254.064087
254.102829
254.142166
254.182007
254.221985
254.261948
254.302582
254.343994
254.385483
254.426849
254.468399
254.509720
254.550079
254.589584
254.628830
254.667969
254.706787
254.745728
254.784851
254.823853
254.862778
254.901672
254.940842
254.980423
255.020050
255.059937
255.100327
255.141312
255.182434
255.223663
255.265366
255.306976
255.347580
255.387451
255.427155
255.466644
255.505890
255.545044
255.584244
255.623383
255.662476
255.701660
255.741302
255.781250
255.821426
255.861725
255.902679
255.944305
255.986176
256.027924
256.070160
256.112183
256.153351
256.193695
256.233612
256.273254
256.312622
256.352051
256.391388
256.430634
256.469940
256.509125
256.548676
256.588470
256.628387
256.668396
256.708893
256.750031
256.791382
256.832367
256.873932
256.915436
256.955780
256.995392
257.034943
257.074310
257.113464
257.152466
257.191345
257.230347
257.269409
257.308380
257.347870
257.387909
257.428040
257.468292
257.509125
257.550568
257.592468
257.634308
257.676666
257.718781
257.760132
257.800446
257.840454
257.880188
257.919678
257.959167
257.998688
258.038116
258.077454
258.116852
258.156616
258.196747
258.237091
258.277527
258.318634
258.360260
258.402161
258.444061
258.486420
258.528564
258.569855
258.610138
258.650208
258.690186
258.729706
258.769379
258.808960
258.848480
258.887939
258.927307
258.966919
259.006836
259.046875
259.086884
259.127380
259.168549
259.209808
259.251068
259.292755
259.334381
259.375031
259.414795
259.454315
259.493500
259.532623
259.571716
259.610840
259.650024
259.689240
259.728516
259.768158
259.808167
259.848480
259.888855
259.929810
259.971344
260.013153
260.055176
260.097717
260.140106
260.181610
260.222198
260.262421
260.302368
260.342041
260.381683
260.421417
260.461212
260.501038
260.540833
260.581055
260.621643
260.662415
260.702881
260.743835
260.785614
260.827667
260.869446
260.911621
260.953766
260.994934
261.035126
261.075104
261.114960
261.154480
261.193939
261.233459
261.272919
261.312500
261.351929
261.391785
261.432098
261.472626
261.513123
261.554138
261.595825
261.637787
261.679840
261.722260
261.764740
261.806396
261.847137
261.887390
261.927460
261.967377
262.007324
262.047089
262.086823
262.126678
262.166595
262.206726
262.247314
262.287933
262.328400
262.369293
262.410767
262.452576
262.494019
262.535858
262.577637
262.618530
262.658356
262.697968
262.737427
262.776642
262.815796
262.854950
262.894196
262.933441
262.972687
263.012299
263.052277
263.092560
263.132629
263.173279
263.214722
263.256561
263.298279
263.340332
263.382233
263.423309
263.463318
263.503113
263.542755
263.582092
263.621490
263.660858
263.700165
263.739471
263.778900
263.818604
263.858795
263.899048
263.939148
263.979767
264.021118
264.062744
264.104248
264.146118
264.187836
264.228760
264.268524
264.308044
264.347534
264.386810
264.425934
264.465240
264.504730
264.544098
264.583374
264.622803
264.662720
264.702545
264.742279
264.782440
264.823212
264.864227
264.905060
264.946136
264.986969
265.027039
265.066162
265.105225
265.144012
265.182770
265.221313
265.259888
265.298492
265.337219
265.376190
265.415497
265.455261
265.495392
265.535553
265.576385
265.618042
265.660156
265.702332
265.744629
265.786865
265.828461
265.868958
265.908783
265.948425
265.987823
266.027130
266.066620
266.105927
266.145325
266.184753
266.224365
266.264343
266.304504
266.344727
266.385437
266.426575
266.468231
266.510040
266.552032
266.593811
266.635101
266.675171
266.714844
266.754211
266.793304
266.832458
266.871857
266.911194
266.950378
266.989594
267.028961
267.068634
267.108612
267.148621
267.189056
267.230255
267.271881
267.313629
267.355591
267.397400
267.438721
267.478729
267.518433
267.557922
267.597198
267.636414
267.675751
267.715027
267.754272
267.793518
267.832825
267.872437
267.912170
267.951965
267.992279
268.033112
268.074310
268.115784
268.157745
268.199982
268.241516
268.282043
268.322144
268.362000
268.401550
268.440979
268.480682
268.520233
268.559814
268.599487
268.639313
268.679413
268.719635
268.759949
268.800720
268.842224
268.884277
268.926392
268.968903
269.011414
269.053009
269.093903
269.134644
269.175018
269.215210
269.255188
269.295166
269.334930
269.374268
269.413544
269.453064
269.493011
269.533112
269.572998
269.613129
269.653870
269.695160
269.736206
269.777527
269.818451
269.858856
269.898560
269.937897
269.977264
270.016418
270.055328
270.094299
270.133392
270.172485
270.211731
270.251038
270.290833
270.330780
270.371033
270.411957
270.453583
270.495544
270.537689
270.580231
270.622742
270.664246
270.704712
270.744995
270.785034
270.824921
270.864655
270.904480
270.944489
270.984314
271.024200
271.064331
271.104828
271.145264
271.185822
271.226562
271.267914
271.309601
271.351044
271.392670
271.434509
271.475616
271.515747
271.555634
271.595428
271.634949
271.674377
271.713867
271.753357
271.792908
271.832520
271.872375
271.912720
271.953064
271.993286
272.033569
272.074463
272.115692
272.156982
272.198395
272.240021
272.280945
272.320770
272.360443
272.399933
272.439178
272.478149
272.517059
272.556152
272.595276
272.634399
272.673920
272.713928
272.754242
272.794617
272.835297
272.876587
272.918396
272.960236
273.001953
273.043823
273.085114
273.125214
273.164948
273.204468
273.243835
273.282898
273.322052
273.361267
273.400543
273.439819
273.479218
273.519135
273.559296
273.599487
273.640320
273.681915
273.723999
273.766296
273.808655
273.851257
273.893585
273.934723
273.975220
274.015594
274.055695
274.095551
274.135345
274.175293
274.215240
274.255371
274.295502
274.336060
274.376892
274.417694
274.458740
274.500275
274.542175
274.584167
274.626404
274.668976
274.711121
274.752106
274.792725
274.833099
274.873230
274.913177
274.953308
274.993256
275.033417
275.073669
275.113953
275.154602
275.195740
275.236633
275.277863
275.319519
275.361694
275.403870
275.446075
275.488647
275.530823
275.571930
275.612671
275.652954
275.693085
275.733063
275.773102
275.813141
275.853210
275.893372
275.933655
275.974304
276.014954
276.055573
276.096130
276.137329
276.178955
276.220337
276.261963
276.303833
276.345398
276.385864
276.425812
276.465729
276.505402
276.544922
276.584412
276.624054
276.663666
276.703400
276.743469
276.783966
276.824768
276.865479
276.906494
276.948090
276.990326
277.032562
277.074707
277.117065
277.159424
277.200684
277.241577
277.282288
277.322723
277.362762
277.402771
277.442719
277.482574
277.522675
277.562988
277.603607
277.644623
277.685608
277.726776
277.768555
277.810822
277.853394
277.896210
277.939392
277.982361
278.024353
278.065521
278.106293
278.146973
278.187103
278.227478
278.268005
278.308228
278.348633
278.389160
278.429993
278.471161
278.512268
278.553497
278.595276
278.637543
278.679901
278.722076
278.764587
278.807098
278.848419
278.889282
278.929932
278.970459
279.010529
279.050415
279.090515
279.130615
279.170868
279.211273
279.252228
279.293396
279.334503
279.375854
279.417480
279.459442
279.501678
279.544312
279.587341
279.629944
279.671478
279.712280
279.752960
279.793335
279.833557
279.873810
279.914307
279.954712
279.995148
280.035614
280.076233
280.117249
280.158234
280.199066
280.240540
280.282501
280.324371
280.366180
280.408295
280.450256
280.491089
280.531616
280.571960
280.611969
280.651642
280.691437
280.731201
280.771057
280.810974
280.851074
280.891602
280.932678
280.973541
281.014801
281.056702
281.099152
281.141785
281.184204
281.226868
281.269348
281.310730
281.351349
281.391785
281.431915
281.471863
281.511963
281.552124
281.592346
281.632507
281.672821
281.713440
281.754303
281.795288
281.836243
281.877686
281.919769
281.962067
282.004211
282.046631
282.088806
282.130157
282.170715
282.210938
282.251038
282.290863
282.330688
282.370728
282.410614
282.450592
282.490326
282.530396
282.570892
282.611481
282.652069
282.693237
282.734955
282.776917
282.818939
282.861267
282.903687
282.945251
282.985962
283.026367
283.066528
283.106354
283.146149
283.185883
283.225555
283.265320
283.305084
283.345062
283.385529
283.426147
283.466766
283.507874
283.549591
283.591461
283.633148
283.675262
283.717194
283.758209
283.798523
283.838531
283.878357
283.917877
283.957397
283.996979
284.036499
284.076141
284.115631
284.155579
284.195984
284.236481
284.277008
284.318085
284.359863
284.401825
284.444092
284.486786
284.529633
284.571564
284.612366
284.652893
284.693024
284.732971
284.772888
284.812836
284.852661
284.892761
284.932800
284.972992
285.013580
285.054230
285.094849
285.136047
285.177765
285.219635
285.261383
285.303375
285.345367
285.386536
285.426788
285.466675
285.506470
285.545929
285.585419
285.624939
285.664520
285.704193
285.743774
285.783569
285.823975
285.864380
285.904755
285.945862
285.987610
286.029419
286.071594
286.114197
286.156952
286.198853
286.239655
286.280060
286.320129
286.359924
286.399719
286.439606
286.479279
286.518982
286.558655
286.598602
286.638947
286.679138
286.719360
286.759857
286.801208
286.842682
286.884064
286.925751
286.967438
287.008179
287.048248
287.088043
287.127563
287.166901
287.206329
287.245697
287.285248
287.324738
287.364288
287.404053
287.444214
287.484741
287.525360
287.566742
287.608734
287.651062
287.693481
287.736115
287.778809
287.820618
287.861420
287.901764
287.941864
287.981689
288.021484
288.061249
288.100952
288.140717
288.180695
288.220886
288.261292
288.301880
288.342377
288.383331
288.424774
288.466644
288.508453
288.550537
288.592651
288.633881
288.674133
288.714233
288.753937
288.793610
288.833282
288.872925
288.912537
288.952179
288.991608
289.031342
289.071503
289.111786
289.151978
289.192657
289.234009
289.275482
289.317017
289.359009
289.401306
289.442841
289.483429
289.523834
289.563843
289.603607
289.643127
289.682800
289.722382
289.762238
289.802155
289.842224
289.882751
289.923523
289.964142
290.005493
290.047577
290.090088
290.132660
290.175629
290.218689
290.260834
290.301880
290.342468
290.382874
290.422852
290.463013
290.503174
290.543304
290.583588
290.623840
290.664398
290.705261
290.746155
290.786743
290.827911
290.869598
290.911682
290.953461
290.995697
291.037811
291.079163
291.119537
291.159698
291.199585
291.239044
291.278534
291.317963
291.357544
291.397095
291.436890
291.476807
291.517151
291.557648
291.598083
291.639191
291.680969
291.723114
291.765259
291.807678
291.850311
291.892090
291.932709
291.973053
292.013062
292.052948
292.092651
292.132599
292.172394
292.212250
292.252075
292.292267
292.332947
292.373657
292.414246
292.455231
292.496979
292.539154
292.581268
292.623627
292.665833
292.707153
292.747406
292.787506
292.827393
292.867035
292.906616
292.946136
292.985718
293.025391
293.065186
293.105225
293.145691
293.186249
293.226685
293.267670
293.309204
293.351105
293.392914
293.435028
293.477112
293.518433
293.558655
293.598785
293.638763
293.678375
293.717957
293.757568
293.797333
293.837036
293.876862
293.916779
293.957184
293.997742
294.038208
294.079132
294.120697
294.162567
294.204498
294.246521
294.288696
294.329956
294.370209
294.410309
294.450043
294.489655
294.529114
294.568695
294.608246
294.647827
294.687653
294.727631
294.767944
294.808624
294.849091
294.890228
294.931854
294.973938
295.015778
295.057922
295.100189
295.141541
295.182007
295.222137
295.262054
295.301880
295.341400
295.381226
295.420868
295.460632
295.500366
295.540344
295.580780
295.621399
295.661987
295.702972
295.744598
295.786560
295.828491
295.870636
295.912811
295.954346
295.994720
296.034943
296.074860
296.114594
296.154205
296.193878
296.233551
296.273315
296.313141
296.353027
296.393311
296.433929
296.474548
296.515442
296.556976
296.598969
296.640686
296.682617
296.724609
296.765930
296.806152
296.846039
296.885529
296.924957
296.964325
297.003662
297.043030
297.082581
297.122253
297.162018
297.202148
297.242584
297.282990
297.323822
297.365112
297.406891
297.448608
297.490509
297.532715
297.574280
297.614777
297.654938
297.694885
297.734467
297.773865
297.813354
297.852844
297.892456
297.932251
297.972107
298.012329
298.052826
298.093262
298.134003
298.175507
298.217377
298.259247
298.301117
298.343140
298.384521
298.424744
298.464722
298.504486
298.543884
298.583221
298.622742
298.662415
298.702087
298.741699
298.781433
298.821594
298.862061
298.902283
298.943054
298.984406
299.026245
299.067871
299.109772
299.151855
299.193268
299.233612
299.273651
299.313385
299.352936
299.392395
299.431885
299.471527
299.511292
299.551178
299.591125
299.631409
299.672180
299.712738
299.753693
299.795135
299.837067
299.878815
299.920776
299.962921
300.004364
300.044617
300.084656
300.124451
300.164124
300.203552
300.242981
300.282471
300.322083
300.361725
300.401794
300.442139
300.482697
300.523224
300.564117
300.605560
300.647522
300.689178
300.730743
300.772491
300.813629
300.853546
300.893097
300.932526
300.971649
301.010651
301.049866
301.089203
301.128479
301.167847
301.207336
301.247314
301.287537
301.327667
301.368225
301.409424
301.450989
301.492432
301.533844
301.575439
301.616608
301.656586
301.696075
301.735443
301.774719
301.813690
301.852753
301.891907
301.931030
301.970337
302.009796
302.049622
302.089722
302.129822
302.170135
302.211121
302.252502
302.293823
302.335266
302.376862
302.417938
302.457825
302.497437
302.536743
302.575989
302.614899
302.653961
302.693085
302.732208
302.771454
302.810913
302.850708
302.890869
302.930969
302.971497
303.012604
303.054230
303.095947
303.137848
303.179932
303.221649
303.261932
303.301788
303.341400
303.380798
303.420013
303.459412
303.498779
303.538269
303.577667
303.617096
303.656891
303.696960
303.737061
303.777374
303.818390
303.860046
303.901428
303.942841
303.984406
304.025604
304.065765
304.105316
304.144867
304.184174
304.223236
304.262543
304.301880
304.340942
304.380157
304.419464
304.459076
304.499084
304.539093
304.579285
304.619995
304.661285
304.702332
304.743652
304.785278
304.826477
304.866669
304.906372
304.945831
304.985199
305.024445
305.063690
305.102966
305.142334
305.181763
305.221191
305.261139
305.301636
305.342010
305.382568
305.423828
305.465729
305.507477
305.549530
305.592041
305.634186
305.675079
305.715668
305.755951
305.795959
305.835815
305.875580
305.915253
305.954926
305.994537
306.034332
306.074554
306.115021
306.155396
306.195953
306.236969
306.278595
306.320099
306.361511
306.403290
306.444672
306.484741
306.524506
306.564026
306.603485
306.642639
306.681915
306.721405
306.760681
306.799988
306.839508
306.879425
306.919617
306.959686
306.999878
307.040710
307.081970
307.123260
307.164612
307.206085
307.247375
307.287201
307.326782
307.366180
307.405518
307.444366
307.483368
307.522491
307.561493
307.600433
307.639801
307.679413
307.719604
307.759613
307.800079
307.840973
307.882568
307.924164
307.966095
308.008575
308.050781
308.091675
308.131958
308.172028
308.211792
308.251251
308.290680
308.330261
308.369904
308.409546
308.449310
308.489563
308.529907
308.570190
308.610382
308.651062
308.692261
308.733368
308.774292
308.815521
308.856506
308.896332
308.935669
308.975067
309.014435
309.053314
309.092224
309.131195
309.170227
309.209106
309.248108
309.287720
309.327759
309.367859
309.408264
309.449158
309.490692
309.532532
309.574127
309.616180
309.658112
309.698944
309.739014
309.778839
309.818542
309.857819
309.897217
309.936707
309.976044
310.015411
310.054626
310.094269
310.134308
310.174347
310.214355
310.254883
310.296082
310.337402
310.378448
310.420074
310.461304
310.501495
310.541229
310.580963
310.620544
310.659790
310.699066
310.738525
310.778015
310.817291
310.856720
310.896545
310.936829
310.976898
311.017242
311.057953
311.099426
311.140778
311.182495
311.224762
311.266815
311.307770
311.348114
311.387970
311.427612
311.467163
311.506744
311.546509
311.586243
311.625854
311.665436
311.705414
311.745789
311.786041
311.826233
311.867065
311.908630
311.950073
311.991180
312.032867
312.074432
312.114899
312.154846
312.194702
312.234467
312.273865
312.313324
312.352753
312.392151
312.431610
312.471008
312.510803
312.551056
312.591156
312.631378
312.671875
312.712677
312.753937
312.795013
312.836487
312.877838
312.918304
312.957947
312.997528
313.036865
313.075897
313.114960
313.154114
313.193268
313.232513
313.271759
313.311340
313.351379
313.391388
313.431458
313.471985
313.513062
313.554321
313.595551
313.636993
313.678345
313.718750
313.758301
313.797546
313.836578
313.875519
313.914612
313.953888
313.992981
314.031921
314.070923
314.110229
314.149902
314.189758
314.229584
314.270020
314.311249
314.352600
314.394012
314.435944
314.477966
314.519196
314.559418
314.599457
314.639313
314.678589
314.717926
314.757294
314.796539
314.835907
314.875275
314.914948
314.954926
314.995178
315.035431
315.076324
315.117889
315.159668
315.201141
315.243134
315.284912
315.325653
315.365814
315.405853
315.445740
315.485260
315.524567
315.563812
315.603027
315.642395
315.681885
315.721710
315.762085
315.802490
315.843079
315.884216
315.925995
315.968048
316.009888
316.052094
316.094238
316.135254
316.175507
316.215668
316.255585
316.295288
316.334900
316.374725
316.414429
316.454407
316.494354
316.534454
316.575043
316.615662
316.656342
316.697510
316.739410
316.781525
316.823792
316.866455
316.909027
316.950592
316.991364
317.031769
317.071869
317.111786
317.151642
317.191528
317.231506
317.271271
317.311096
317.351166
317.391663
317.432068
317.472473
317.513367
317.554871
317.596588
317.638214
317.680206
317.722412
317.763458
317.803619
317.843506
317.883118
317.922546
317.961792
318.001160
318.040802
318.080292
318.119873
318.159821
318.200073
318.240662
318.281158
318.322235
318.363892
318.405945
318.448120
318.490784
318.533630
318.575531
318.616272
318.656738
318.697021
318.736938
318.776947
318.816803
318.856628
318.896423
318.936432
318.976654
319.017120
319.057617
319.098022
319.138855
319.180267
319.222015
319.263428
319.305450
319.347168
319.388153
319.428162
319.467987
319.507690
319.547180
319.586395
319.625793
319.665039
319.704376
319.743835
319.783539
319.823608
319.863922
319.904236
319.945190
319.986755
320.028717
320.070801
320.113281
320.155823
320.197571
320.238312
320.278564
320.318604
320.358307
320.398010
320.437714
320.477417
320.517181
320.556915
320.596832
320.637115
320.677460
320.717865
320.758636
320.800049
320.841736
320.883606
320.925690
320.968018
321.009583
321.050079
321.090179
321.130066
321.169617
321.209106
321.248688
321.288208
321.327698
321.367249
321.407074
321.447205
321.487488
321.527557
321.568115
321.609436
321.651062
321.692291
321.734222
321.776062
321.816956
321.856781
321.896515
321.936066
321.975494
322.014771
322.054077
322.093384
322.132812
322.172272
322.212006
322.252106
322.292542
322.332916
322.373932
322.415497
322.457428
322.499390
322.541687
322.584198
322.625977
322.666626
322.706787
322.746735
322.786346
322.825989
322.865540
322.905212
322.944794
322.984589
323.024506
323.064850
323.105164
323.145416
323.186005
323.227142
323.268707
323.310028
323.351746
323.393402
323.434113
323.473877
323.513550
323.552979
323.592316
323.631256
323.670593
323.710022
323.749268
323.788757
323.828461
323.868469
323.908844
323.949280
323.990356
324.032013
324.074188
324.116577
324.159302
324.202026
324.243988
324.284760
324.325348
324.365570
324.405457
324.445343
324.485229
324.525208
324.565186
324.605255
324.645447
324.686127
324.726807
324.767365
324.808411
324.849976
324.891876
324.933777
324.976044
325.018188
325.059387
325.099335
325.139160
325.178772
325.218170
325.257568
325.296936
325.336548
325.376099
325.415558
325.455109
325.495270
325.535492
325.575653
325.616058
325.657135
325.698517
325.739899
325.781494
325.822998
325.863647
325.903442
325.943146
325.982635
326.021973
326.061188
326.100647
326.140228
326.179565
326.219208
326.258911
326.298889
326.338837
326.378967
326.419586
326.460754
326.502228
326.543732
326.585571
326.627228
326.667938
326.707672
326.747040
326.786316
326.825409
326.864532
326.903717
326.943024
326.982269
327.021210
327.060394
327.099976
327.139435
327.178864
327.218628
327.258972
327.299774
327.340454
327.381134
327.421814
327.461639
327.500641
327.539581
327.578400
327.616974
327.655426
327.694000
327.732422
327.770996
327.809906
327.849243
327.889160
327.929047
327.968964
328.009033
328.049561
328.090454
328.131470
328.172546
328.213470
328.253815
328.293243
328.332520
328.371674
328.410400
328.449249
328.488129
328.527008
328.565796
328.604767
328.644135
328.684113
328.724304
328.764557
328.805176
328.846649
328.888519
328.930542
328.972534
329.014496
329.056091
329.096649
329.136536
329.176147
329.215485
329.254669
329.294128
329.333527
329.372772
329.412018
329.451263
329.490814
329.530823
329.570740
329.611298
329.652435
329.694092
329.735901
329.778351
329.820892
329.863068
329.904083
329.944550
329.984619
330.024597
330.064453
330.104340
330.144226
330.184143
330.223907
330.263947
330.304291
330.344910
330.385681
330.426788
330.468536
330.511017
330.553497
330.596100
330.638885
330.681183
330.722260
330.763000
330.803375
330.843719
330.883728
330.923676
330.963257
331.002991
331.042755
331.082428
331.122772
331.163269
331.203796
331.244507
331.285889
331.327698
331.369690
331.411804
331.454071
331.495728
331.536285
331.576508
331.616364
331.656097
331.695679
331.735321
331.774902
331.814484
331.854187
331.893890
331.933990
331.974182
332.014648
332.055511
332.096771
332.138702
332.180725
332.223053
332.265442
332.307251
332.347870
332.388062
332.427979
332.467712
332.507294
332.547089
332.586609
332.626007
332.665558
332.705292
332.745239
332.785309
332.825470
332.865814
332.906799
332.948334
332.989532
333.030914
333.072510
333.113464
333.153290
333.192932
333.232361
333.271729
333.310852
333.350494
333.390137
333.429474
333.468933
333.508453
333.548340
333.588470
333.628571
333.668945
333.709991
333.751587
333.793152
333.834412
333.875824
333.916809
333.956604
333.996124
334.035492
334.074707
334.113831
334.153198
334.192657
334.231995
334.271362
334.310852
334.350586
334.390533
334.430450
334.470306
334.510498
334.551270
334.592133
334.632904
334.673889
334.714325
334.753754
334.792969
334.832092
334.870880
334.909546
334.948517
334.987457
335.026398
335.065430
335.104614
335.144257
335.184265
335.224091
335.264008
335.304291
335.345215
335.386047
335.426910
335.467773
335.508179
335.547577
335.586700
335.625641
335.664337
335.703064
335.741943
335.781097
335.819977
335.858887
335.897980
335.937439
335.977142
336.016846
336.056488
336.096527
336.137207
336.177795
336.218231
336.258972
336.299103
336.338257
336.377075
336.415710
336.454102
336.492493
336.531036
336.569855
336.608398
336.646973
336.685730
336.725037
336.764526
336.804016
336.843506
336.883575
336.924103
336.964722
337.005157
337.045654
337.085724
337.124756
337.163391
337.201904
337.240204
337.278381
337.316589
337.355011
337.393097
337.431396
337.469940
337.509125
337.548492
337.587860
337.627197
337.667053
337.707397
337.747772
337.787964
337.828461
337.868439
337.907288
337.945740
337.984131
338.022278
338.060272
338.098328
338.136566
338.174500
338.212616
338.250916
338.289734
338.328979
338.368225
338.407471
338.447205
338.487640
338.527832
338.568176
338.608765
338.648743
338.687683
338.726105
338.764496
338.802643
338.840607
338.878632
338.916748
338.954773
338.992737
339.030853
339.069489
339.108398
339.147247
339.186218
339.225708
339.265656
339.305695
339.345795
339.386230
339.426117
339.465210
339.503784
339.542267
339.580353
339.618408
339.656586
339.694916
339.732819
339.771057
339.809296
339.848083
339.887299
339.926483
339.966003
340.006317
340.047272
340.088348
340.129639
340.171082
340.212311
340.252380
340.291809
340.330933
340.369904
340.408630
340.447357
340.486328
340.525146
340.563995
340.602661
340.641663
340.681000
340.720306
340.759857
340.799805
340.840485
340.881104
340.921844
340.962982
341.004181
341.044220
341.083588
341.122833
341.161926
341.200745
341.239471
341.278320
341.317108
341.355865
341.394501
341.433594
341.473053
341.512817
341.552734
341.593170
341.634399
341.675537
341.716736
341.758545
341.800079
341.840576
341.880585
341.920502
341.959991
341.999268
342.038483
342.077606
342.116699
342.155701
342.194794
342.234314
342.274323
342.314362
342.354462
342.395050
342.436340
342.477722
342.519043
342.560730
342.602478
342.643005
342.682861
342.722809
342.762573
342.801941
342.841339
342.880707
342.920074
342.959717
342.999359
343.039490
343.079865
343.120087
343.160645
343.201721
343.243164
343.284851
343.326263
343.367920
343.409637
343.450714
343.490845
343.530823
343.570679
343.610046
343.649414
343.688629
343.728119
343.767670
343.807312
343.847290
343.887665
343.928070
343.968414
344.009247
344.050598
344.092194
344.133636
344.175354
344.217041
344.257782
344.297607
344.337219
344.376831
344.416168
344.455414
344.494843
344.534180
344.573486
344.612885
344.652496
344.692780
344.732941
344.773285
344.814209
344.855988
344.897888
344.939819
344.982086
345.024384
345.065643
345.106018
345.146240
345.186127
345.225800
345.265533
345.304962
345.344543
345.383972
345.423676
345.463623
345.504059
345.544525
345.584686
345.625488
345.666931
345.708557
345.749908
345.791626
345.833221
345.873596
345.913361
345.952789
345.992218
346.031281
346.070282
346.109467
346.148743
346.187897
346.227051
346.266571
346.306763
346.346985
346.387329
346.428314
346.469727
346.511627
346.553406
346.595673
346.637909
346.679413
346.719818
346.759857
346.799835
346.839386
346.878967
346.918488
346.958282
346.997864
347.037506
347.077240
347.117523
347.157837
347.198212
347.238831
347.280273
347.321655
347.363129
347.405090
347.447052
347.487976
347.528046
347.567993
347.607727
347.647400
347.686737
347.726044
347.765228
347.804474
347.843933
347.883789
347.923920
347.964386
348.004883
348.045898
348.087646
348.129456
348.171509
348.213776
348.256134
348.297791
348.338196
348.378418
348.418365
348.457916
348.497498
348.537109
348.576721
348.616119
348.655457
348.695099
348.735107
348.775177
348.814972
348.855255
348.896332
348.937622
348.978394
349.019958
349.061371
349.101654
349.141174
349.180542
349.219788
349.258881
349.297852
349.336945
349.376038
349.415222
349.454376
349.493866
349.533569
349.573517
349.613586
349.654297
349.695282
349.737091
349.778992
349.821442
349.863892
349.905609
349.946198
349.986511
350.026581
350.066498
350.106262
350.146088
350.185791
350.225433
350.265228
350.305298
350.345795
350.386566
350.427277
350.468323
350.509888
350.552155
350.594055
350.636353
350.678619
350.720245
350.760376
350.800629
350.840698
350.880585
350.920319
350.960114
351.000092
351.039978
351.079895
351.119904
351.160553
351.201172
351.241669
351.282318
351.323669
351.365295
351.406647
351.448334
351.490051
351.530823
351.570648
351.610352
351.649994
351.689301
351.728455
351.767822
351.806976
351.846313
351.885864
351.925903
351.966248
352.007019
352.047729
352.088989
352.131073
352.173523
352.215820
352.258392
352.300903
352.342621
352.383179
352.423889
352.464081
352.503937
352.543732
352.583527
352.623352
352.663300
352.703308
