-1.876120
-1.923019
-1.900735
-1.880278
-1.845659
-1.802230
-1.746634
-1.697664
-1.780889
-1.915522
-2.036043
-2.154572
-2.230854
-2.243806
-2.196545
-2.096418
-1.985028
-1.840005
-1.715316
-1.660694
-1.587032
-1.512924
-1.450423
-1.385731
-1.264372
-1.086399
-1.045147
-1.082327
-1.256784
-1.450142
-1.613745
-1.716072
-1.724460
-1.681702
-1.625066
-1.585604
-1.661812
-1.700287
-1.659299
-1.566090
-1.507268
-1.446413
-1.362519
-1.279900
-1.202633
-1.128673
-1.053454
-1.032616
-1.229871
-1.427882
-1.603379
-1.718867
-1.753478
-1.733692
-1.665353
-1.576739
-1.596577
-1.607417
-1.572014
-1.488421
-1.387530
-1.319390
-1.256409
-1.193489
-1.133508
-1.076487
-1.021861
-1.021339
-1.216510
-1.403951
-1.577230
-1.688768
-1.691434
-1.641276
-1.550127
-1.460428
-1.558465
-1.607309
-1.564095
-1.434810
-1.393581
-1.339724
-1.262862
-1.188334
-1.117877
-1.052038
-0.986616
-0.974471
-1.160730
-1.329278
-1.507402
-1.633167
-1.651174
-1.616563
-1.538637
-1.454464
-1.557150
-1.609092
-1.560820
-1.472075
-1.394107
-1.353840
-1.284755
-1.216884
-1.152128
-1.093827
-1.038300
-1.034803
-1.216318
-1.373257
-1.543355
-1.658468
-1.665527
-1.624092
-1.549910
-1.472474
-1.574696
-1.613052
-1.564766
-1.466424
-1.388885
-1.346346
-1.274344
-1.205662
-1.139721
-1.081015
-1.025120
-1.021525
-1.202440
-1.394023
-1.570186
-1.682165
-1.699423
-1.669067
-1.599730
-1.526877
-1.604515
-1.635851
-1.587341
-1.495707
-1.406539
-1.362165
-1.289865
-1.220272
-1.151911
-1.088442
-1.027177
-1.020047
-1.211119
-1.404595
-1.580461
-1.686858
-1.696267
-1.656623
-1.577767
-1.490317
-1.564860
-1.587707
-1.545816
-1.442749
-1.371601
-1.328648
-1.259516
-1.194693
-1.130796
-1.074038
-1.019397
-1.016861
-1.188667
-1.387479
-1.573594
-1.688731
-1.710188
-1.683443
-1.617387
-1.553008
-1.640005
-1.681892
-1.633896
-1.537100
-1.439369
-1.393087
-1.319315
-1.245233
-1.174013
-1.104402
-1.035540
-1.021920
-1.216725
-1.408118
-1.583972
-1.698987
-1.707399
-1.656319
-1.562086
-1.475715
-1.569683
-1.609022
-1.561214
-1.459659
-1.398266
-1.353474
-1.283729
-1.215452
-1.151710
-1.092602
-1.035109
-1.029436
-1.203712
-1.371026
-1.547114
-1.666901
-1.675855
-1.637352
-1.566150
-1.496665
-1.611625
-1.656630
-1.604888
-1.491237
-1.437194
-1.384783
-1.307214
-1.232843
-1.161602
-1.096257
-1.032650
-1.022115
-1.204575
-1.395279
-1.573916
-1.692194
-1.708571
-1.674681
-1.599824
-1.517947
-1.607690
-1.641306
-1.595062
-1.501391
-1.420962
-1.376026
-1.303007
-1.232107
-1.163606
-1.100377
-1.038495
-1.029679
-1.208080
-1.405757
-1.587879
-1.697172
-1.711285
-1.676894
-1.604177
-1.524785
-1.598527
-1.628781
-1.588058
-1.491509
-1.409271
-1.365854
-1.293340
-1.221918
-1.153659
-1.089190
-1.025906
-1.016128
-1.196932
-1.395857
-1.579416
-1.694816
-1.710554
-1.674147
-1.595917
-1.509856
-1.590509
-1.624430
-1.582098
-1.483940
-1.416048
-1.364553
-1.287720
-1.212800
-1.139673
-1.071198
-1.003374
-0.989829
-1.174313
-1.372746
-1.558906
-1.681306
-1.700446
-1.666796
-1.587606
-1.500303
-1.586282
-1.623468
-1.578251
-1.494729
-1.421431
-1.372558
-1.297166
-1.221958
-1.151407
-1.084399
-1.017959
-1.005111
-1.195279
-1.386600
-1.564718
-1.682210
-1.691864
-1.654327
-1.578499
-1.493027
-1.576836
-1.611927
-1.567432
-1.473558
-1.402838
-1.350666
-1.272453
-1.196864
-1.126859
-1.061004
-0.995309
-0.982440
-1.158485
-1.359275
-1.549253
-1.673926
-1.701996
-1.677711
-1.607224
-1.529114
-1.606254
-1.649220
-1.609989
-1.521185
-1.431718
-1.380060
-1.302809
-1.225798
-1.153030
-1.082107
-1.011028
-0.994700
-1.188446
-1.382791
-1.563395
-1.679596
-1.686797
-1.642086
-1.554392
-1.468710
-1.548214
-1.582981
-1.543541
-1.451894
-1.394601
-1.341525
-1.262075
-1.184553
-1.112129
-1.044833
-0.977259
-0.961628
-1.153037
-1.343733
-1.525941
-1.652328
-1.667667
-1.633478
-1.555081
-1.472570
-1.572136
-1.611917
-1.562955
-1.481744
-1.409176
-1.358037
-1.279642
-1.203089
-1.132441
-1.066015
-0.999839
-0.986061
-1.171345
-1.367057
-1.551059
-1.673486
-1.685955
-1.649029
-1.567664
-1.481204
-1.570977
-1.606474
-1.565253
-1.481649
-1.411211
-1.360687
-1.282874
-1.206813
-1.137549
-1.072452
-1.007105
-0.993367
-1.175651
-1.373157
-1.558273
-1.679695
-1.694116
-1.660381
-1.585425
-1.501069
-1.584450
-1.620526
-1.579627
-1.490813
-1.416411
-1.363833
-1.283884
-1.205376
-1.132796
-1.063228
-0.993680
-0.977478
-1.157773
-1.357407
-1.546024
-1.671817
-1.694804
-1.663072
-1.584620
-1.497640
-1.575725
-1.610534
-1.571138
-1.488254
-1.416637
-1.362729
-1.281788
-1.202919
-1.127570
-1.056768
-0.985477
-0.967698
-1.153010
-1.351176
-1.539653
-1.663361
-1.678498
-1.645066
-1.567410
-1.485010
-1.571954
-1.605395
-1.566172
-1.478403
-1.410776
-1.358871
-1.279765
-1.202903
-1.131565
-1.064171
-0.996183
-0.980333
-1.158838
-1.358237
-1.547150
-1.674742
-1.695536
-1.663551
-1.586717
-1.505673
-1.596488
-1.632785
-1.591251
-1.504265
-1.433627
-1.381046
-1.299277
-1.216575
-1.134128
-1.056059
-0.977285
-0.895454
-1.085435
-1.284604
-1.479754
-1.623700
-1.662577
-1.639874
-1.567960
-1.479731
-1.549362
-1.584822
-1.551147
-1.469269
-1.402192
-1.359314
-1.280232
-1.200442
-1.125508
-1.056056
-0.985945
-0.912880
-1.108230
-1.303039
-1.490112
-1.621588
-1.631879
-1.585168
-1.500263
-1.422172
-1.504990
-1.545880
-1.520306
-1.412792
-1.370521
-1.325401
-1.245947
-1.168002
-1.089417
-1.017838
-0.946262
-0.887996
-1.079531
-1.276413
-1.467678
-1.606149
-1.630104
-1.602428
-1.535663
-1.465013
-1.572167
-1.613488
-1.565259
-1.476040
-1.427519
-1.380484
-1.299028
-1.218035
-1.137070
-1.063017
-0.989192
-0.913359
-1.109076
-1.303185
-1.491557
-1.623154
-1.636443
-1.596185
-1.516004
-1.435575
-1.506111
-1.543075
-1.511659
-1.414856
-1.372091
-1.327540
-1.247752
-1.168932
-1.091728
-1.021274
-0.951119
-0.887963
-1.080037
-1.276467
-1.469153
-1.612041
-1.631161
-1.598980
-1.526793
-1.451186
-1.540168
-1.586790
-1.536895
-1.458510
-1.413006
-1.364592
-1.282419
-1.199474
-1.118559
-1.042507
-0.965475
-0.887498
-1.085479
-1.279508
-1.471024
-1.619053
-1.636552
-1.585590
-1.490555
-1.414352
-1.488827
-1.526495
-1.490672
-1.413485
-1.373767
-1.330115
-1.251157
-1.172306
-1.096307
-1.027696
-0.959261
-0.889371
-1.086280
-1.279029
-1.469535
-1.615196
-1.631868
-1.602285
-1.539437
-1.468129
-1.552828
-1.597063
-1.543913
-1.474411
-1.423865
-1.370906
-1.285730
-1.198456
-1.117217
-1.039282
-0.959604
-0.887968
-1.088477
-1.281810
-1.473784
-1.629544
-1.650388
-1.607937
-1.518478
-1.438852
-1.499783
-1.531971
-1.488565
-1.428224
-1.374341
-1.325638
-1.242673
-1.157285
-1.075674
-0.999600
-0.921956
-0.888000
-1.087942
-1.280547
-1.471276
-1.621203
-1.628626
-1.588789
-1.511158
-1.434129
-1.488999
-1.524351
-1.478593
-1.422505
-1.365009
-1.310529
-1.222952
-1.132890
-1.050060
-0.970600
-0.887969
-0.888000
-1.090469
-1.281252
-1.471008
-1.629717
-1.647467
-1.599885
-1.522757
-1.450910
-1.503647
-1.533742
-1.487335
-1.429507
-1.377819
-1.323235
-1.235624
-1.144593
-1.059914
-0.978078
-0.893424
-0.888000
-1.089653
-1.280850
-1.471194
-1.627519
-1.646318
-1.593630
-1.493798
-1.416858
-1.477635
-1.511897
-1.473039
-1.418481
-1.373477
-1.320996
-1.234980
-1.147757
-1.065091
-0.989932
-0.912658
-0.888000
-1.090352
-1.281704
-1.470557
-1.632733
-1.655717
-1.630721
-1.577742
-1.513438
-1.578280
-1.613367
-1.563150
-1.508250
-1.449450
-1.393422
-1.306031
-1.215139
-1.128208
-1.045451
-0.961442
-0.887998
-1.091187
-1.282847
-1.471823
-1.640338
-1.673332
-1.613920
-1.520214
-1.442252
-1.482210
-1.506216
-1.464653
-1.414755
-1.375002
-1.316529
-1.226443
-1.134840
-1.045563
-0.963308
-0.887958
-0.888000
-1.089498
-1.281414
-1.471176
-1.625059
-1.641570
-1.623340
-1.575328
-1.509872
-1.569016
-1.584574
-1.529871
-1.469362
-1.397790
-1.351483
-1.267406
-1.180626
-1.098387
-1.021024
-0.940433
-0.888000
-1.091673
-1.282922
-1.471737
-1.631376
-1.658678
-1.628228
-1.555570
-1.475110
-1.516207
-1.538381
-1.503739
-1.440621
-1.371607
-1.319635
-1.233633
-1.143974
-1.054141
-0.969248
-0.887801
-0.888000
-1.088971
-1.279473
-1.468597
-1.619387
-1.639456
-1.599081
-1.508763
-1.431300
-1.499375
-1.544386
-1.502224
-1.443697
-1.388215
-1.338995
-1.255691
-1.170832
-1.086398
-1.008879
-0.929108
-0.888000
-1.089595
-1.280555
-1.468027
-1.621239
-1.640556
-1.610841
-1.540547
-1.467297
-1.540670
-1.584784
-1.535269
-1.477726
-1.422688
-1.371482
-1.287001
-1.200153
-1.112204
-1.030625
-0.946318
-0.888000
-1.090876
-1.281483
-1.468724
-1.625966
-1.652493
-1.608941
-1.531213
-1.457536
-1.522566
-1.556640
-1.513522
-1.459352
-1.407567
-1.355826
-1.270677
-1.184092
-1.096685
-1.015698
-0.931868
-0.888000
-1.089803
-1.280763
-1.468085
-1.623571
-1.643158
-1.609178
-1.541321
-1.469956
-1.535561
-1.575784
-1.530426
-1.478032
-1.425035
-1.373658
-1.288986
-1.201385
-1.110318
-1.026723
-0.940143
-0.888000
-1.090850
-1.280880
-1.467159
-1.626546
-1.655536
-1.607538
-1.527961
-1.455121
-1.515868
-1.549633
-1.508106
-1.456817
-1.408387
-1.356720
-1.271534
-1.184634
-1.095720
-1.013827
-0.928792
-0.888000
-1.090380
-1.280711
-1.466769
-1.623600
-1.652196
-1.616570
-1.543804
-1.474524
-1.545927
-1.585742
-1.541189
-1.489111
-1.444064
-1.393611
-1.309742
-1.223257
-1.133330
-1.051246
-0.966404
-0.887963
-1.090132
-1.281183
-1.467582
-1.626828
-1.656492
-1.618762
-1.541609
-1.471664
-1.528002
-1.569015
-1.526387
-1.475470
-1.422320
-1.371373
-1.286899
-1.200548
-1.109978
-1.027641
-0.942055
-0.888000
-1.090697
-1.280900
-1.466204
-1.624786
-1.656642
-1.621469
-1.553689
-1.482940
-1.547280
-1.592946
-1.548644
-1.496585
-1.450494
-1.398507
-1.313472
-1.225773
-1.133863
-1.049661
-0.962291
-0.887997
-1.090398
-1.280980
-1.466817
-1.629445
-1.664370
-1.623150
-1.548437
-1.483008
-1.537930
-1.578471
-1.539359
-1.491845
-1.443913
-1.390940
-1.305348
-1.218849
-1.126273
-1.043681
-0.957788
-0.887995
-1.090536
-1.281699
-1.466929
-1.632410
-1.674502
-1.649468
-1.596903
-1.537977
-1.594153
-1.633975
-1.587327
-1.535078
-1.491358
-1.440778
-1.356883
-1.270421
-1.177778
-1.093905
-1.007065
-0.914019
-1.116134
-1.306848
-1.491983
-1.652162
-1.693321
-1.663504
-1.586778
-1.514299
-1.563826
-1.613410
-1.570694
-1.519320
-1.469180
-1.421149
-1.338421
-1.252728
-1.162624
-1.079314
-0.993777
-0.902093
-1.103543
-1.293338
-1.477408
-1.637467
-1.675211
-1.638493
-1.563543
-1.497370
-1.546708
-1.592887
-1.551638
-1.501216
-1.444382
-1.397498
-1.313788
-1.228702
-1.139279
-1.056028
-0.969422
-0.887966
-1.089949
-1.280966
-1.464079
-1.617104
-1.647655
-1.620995
-1.557801
-1.488694
-1.549941
-1.600476
-1.559402
-1.502358
-1.460368
-1.411826
-1.326746
-1.240357
-1.150369
-1.066338
-0.978010
-0.887814
-1.087564
-1.279177
-1.464180
-1.614788
-1.640194
-1.595271
-1.506805
-1.445214
-1.498858
-1.542630
-1.514009
-1.465325
-1.412818
-1.358856
-1.266838
-1.174987
-1.075824
-0.982819
-0.887469
-0.888000
-1.079036
-1.275976
-1.466470
-1.613275
-1.642622
-1.624137
-1.551190
-1.483831
-1.489007
-1.553982
-1.546715
-1.486189
-1.433848
-1.388336
-1.306575
-1.222102
-1.134004
-1.054912
-0.971754
-0.887821
-0.967003
-1.163607
-1.356132
-1.541731
-1.613113
-1.613558
-1.560204
-1.507024
-1.574965
-1.649271
-1.616328
-1.557107
-1.489864
-1.437292
-1.346929
-1.255298
-1.154844
-1.061786
-0.964195
-0.887999
-1.071662
-1.261549
-1.447874
-1.602952
-1.639632
-1.605342
-1.520426
-1.453113
-1.489197
-1.545030
-1.518499
-1.462195
-1.414431
-1.346972
-1.255346
-1.163961
-1.063378
-0.970326
-0.887998
-0.888000
-1.086278
-1.278047
-1.462233
-1.608187
-1.637002
-1.616138
-1.546035
-1.470394
-1.505480
-1.548841
-1.533600
-1.471181
-1.409228
-1.343912
-1.250123
-1.151015
-1.038437
-0.935281
-0.888000
-0.888000
-1.044509
-1.231426
-1.425305
-1.581130
-1.611174
-1.586183
-1.520057
-1.440139
-1.449564
-1.502780
-1.499713
-1.441415
-1.377764
-1.291828
-1.205309
-1.112330
-1.002501
-0.894745
-0.888000
-0.888000
-1.046123
-1.232275
-1.423002
-1.572397
-1.599664
-1.573982
-1.507956
-1.439968
-1.419822
-1.465458
-1.468465
-1.417775
-1.366187
-1.256659
-1.194862
-1.126391
-1.045944
-0.969561
-0.891784
-0.888000
-1.046175
-1.230185
-1.419814
-1.570237
-1.602289
-1.593472
-1.551142
-1.493440
-1.512607
-1.580347
-1.575718
-1.486571
-1.419495
-1.356230
-1.274798
-1.183933
-1.077987
-0.972830
-0.887995
-0.888000
-1.047730
-1.234366
-1.426239
-1.581272
-1.621832
-1.620046
-1.584953
-1.517358
-1.489342
-1.505575
-1.494271
-1.435558
-1.387178
-1.327011
-1.206633
-1.152810
-1.081985
-1.013933
-0.947711
-0.887996
-1.049453
-1.239289
-1.432379
-1.597484
-1.642320
-1.656785
-1.661595
-1.648427
-1.645049
-1.675501
-1.640491
-1.531381
-1.462848
-1.413531
-1.349527
-1.272450
-1.184128
-1.093243
-1.001935
-0.896810
-1.051611
-1.244639
-1.436964
-1.599051
-1.649780
-1.670752
-1.667906
-1.637571
-1.605689
-1.587197
-1.542728
-1.473564
-1.432110
-1.390976
-1.241153
-1.197098
-1.144991
-1.088619
-1.033052
-0.968404
-1.117475
-1.312605
-1.499193
-1.671520
-1.736385
-1.775846
-1.804504
-1.816316
-1.815816
-1.791668
-1.706166
-1.595846
-1.515931
-1.463746
-1.406268
-1.338101
-1.257278
-1.171986
-1.084157
-0.982218
-1.122691
-1.322412
-1.510905
-1.685683
-1.758263
-1.793499
-1.820673
-1.841058
-1.857863
-1.817495
-1.709991
-1.608363
-1.524572
-1.467439
-1.359582
-1.362234
-1.306764
-1.261520
-1.214133
-1.159350
-1.309975
-1.507770
-1.690447
-1.843273
-1.918075
-1.963563
-1.991045
-2.006678
-2.012394
-1.981751
-1.898494
-1.794894
-1.667086
-1.650737
-1.596901
-1.529675
-1.449463
-1.367547
-1.283244
-1.189574
-1.268883
-1.467947
-1.654099
-1.793137
-1.869244
-1.896441
-1.891575
-1.863074
-1.826262
-1.783123
-1.702585
-1.606191
-1.487469
-1.432780
-1.378532
-1.314147
-1.239437
-1.162224
-1.081637
-0.989897
-1.070299
-1.260882
-1.455197
-1.615654
-1.711864
-1.750838
-1.759911
-1.747975
-1.743392
-1.745956
-1.704855
-1.612121
-1.478443
-1.440678
-1.381936
-1.304408
-1.219013
-1.120723
-1.022344
-0.910509
-0.970653
-1.153772
-1.354275
-1.543999
-1.670223
-1.733706
-1.761905
-1.760519
-1.760510
-1.771477
-1.738877
-1.651802
-1.523833
-1.464072
-1.426705
-1.358595
-1.280266
-1.191138
-1.094134
-0.986371
-0.928944
-1.120440
-1.320466
-1.508255
-1.631900
-1.691632
-1.716268
-1.708081
-1.701918
-1.713071
-1.687905
-1.601307
-1.488276
-1.425178
-1.376009
-1.316129
-1.267519
-1.209694
-1.146151
-1.077488
-1.055944
-1.252771
-1.448865
-1.627265
-1.746942
-1.799925
-1.821326
-1.821819
-1.818145
-1.834924
-1.819205
-1.736799
-1.612351
-1.544938
-1.515169
-1.446732
-1.372304
-1.276642
-1.180626
-1.078034
-0.959616
-1.145955
-1.347204
-1.533680
-1.654359
-1.701440
-1.708546
-1.687559
-1.652871
-1.650182
-1.644376
-1.571517
-1.478023
-1.421184
-1.370576
-1.273056
-1.267039
-1.224077
-1.143532
-1.085256
-1.012623
-1.183106
-1.385064
-1.580842
-1.715636
-1.756679
-1.760487
-1.746719
-1.728333
-1.739592
-1.711329
-1.676135
-1.588988
-1.541421
-1.508332
-1.434915
-1.354052
-1.246341
-1.139920
-1.027018
-0.898184
-1.066749
-1.268713
-1.463202
-1.595984
-1.638842
-1.639352
-1.610563
-1.556936
-1.545816
-1.547414
-1.522666
-1.439206
-1.387884
-1.340155
-1.239996
-1.146986
-1.129797
-1.132895
-1.132850
-1.116101
-1.268663
-1.466327
-1.620215
-1.715508
-1.728143
-1.697813
-1.656764
-1.606141
-1.639433
-1.663113
-1.647678
-1.554322
-1.516393
-1.476659
-1.397057
-1.308322
-1.195799
-1.085524
-0.960948
-0.888000
-1.059691
-1.262360
-1.462354
-1.617160
-1.675908
-1.689653
-1.672460
-1.626507
-1.621060
-1.623388
-1.593477
-1.487603
-1.417666
-1.345599
-1.294020
-1.260864
-1.208774
-1.163683
-1.106370
-1.027496
-1.189515
-1.389376
-1.561058
-1.674409
-1.693010
-1.659670
-1.614907
-1.568856
-1.605529
-1.606686
-1.596593
-1.505656
-1.462443
-1.429999
-1.355022
-1.274201
-1.174549
-1.076711
-0.971604
-0.888000
-1.060270
-1.262288
-1.457184
-1.595884
-1.622769
-1.604989
-1.576997
-1.535440
-1.560466
-1.572129
-1.542042
-1.440210
-1.385283
-1.338276
-1.278097
-1.214502
-1.131912
-1.053369
-0.967575
-0.887958
-1.059989
-1.262617
-1.458234
-1.596848
-1.636438
-1.629520
-1.601379
-1.562111
-1.596414
-1.615393
-1.592426
-1.501730
-1.457357
-1.423136
-1.346081
-1.261132
-1.154989
-1.051554
-0.936421
-0.888000
-1.057296
-1.259508
-1.455033
-1.600094
-1.635121
-1.625124
-1.599333
-1.554610
-1.572070
-1.586917
-1.559308
-1.465159
-1.408538
-1.363816
-1.294899
-1.222089
-1.118949
-1.019432
-0.899409
-0.888000
-1.058207
-1.260555
-1.460224
-1.614841
-1.666369
-1.678454
-1.669693
-1.634004
-1.640565
-1.650725
-1.620677
-1.512332
-1.455666
-1.420619
-1.354117
-1.285263
-1.187533
-1.093874
-0.984462
-0.887977
-1.061603
-1.264358
-1.464010
-1.617105
-1.667376
-1.671283
-1.660523
-1.627761
-1.633105
-1.630847
-1.603267
-1.511899
-1.460304
-1.430316
-1.354802
-1.270149
-1.154971
-1.039051
-0.901129
-0.888000
-1.057414
-1.259795
-1.456722
-1.600638
-1.642454
-1.647756
-1.628162
-1.587288
-1.576361
-1.561100
-1.536515
-1.448637
-1.392343
-1.332456
-1.239627
-1.208059
-1.193569
-1.183469
-1.169242
-1.138214
-1.298676
-1.498868
-1.660631
-1.751275
-1.760543
-1.736734
-1.706977
-1.666113
-1.661363
-1.647627
-1.625544
-1.542666
-1.510839
-1.475370
-1.401419
-1.316380
-1.207207
-1.100105
-0.978264
-0.888000
-1.059318
-1.262027
-1.462312
-1.620797
-1.675597
-1.698878
-1.693970
-1.659569
-1.646377
-1.620640
-1.584632
-1.488235
-1.421108
-1.354315
-1.296898
-1.255741
-1.188942
-1.125292
-1.053072
-0.956261
-1.124567
-1.326759
-1.521940
-1.651366
-1.678047
-1.661354
-1.641972
-1.621068
-1.631288
-1.600720
-1.577026
-1.509493
-1.467252
-1.436740
-1.374972
-1.301788
-1.201310
-1.099744
-0.987344
-0.887997
-1.058690
-1.261122
-1.458109
-1.587861
-1.612466
-1.603306
-1.577643
-1.540643
-1.537598
-1.524956
-1.509688
-1.429671
-1.376259
-1.312078
-1.222546
-1.194437
-1.188773
-1.183707
-1.164874
-1.124693
-1.271310
-1.467775
-1.629700
-1.711632
-1.707552
-1.671702
-1.634636
-1.591034
-1.581563
-1.555175
-1.535667
-1.461844
-1.419175
-1.392165
-1.324477
-1.246481
-1.134701
-1.020080
-0.887916
-0.888000
-1.056485
-1.258887
-1.457522
-1.597405
-1.628970
-1.632025
-1.610883
-1.574760
-1.569100
-1.545196
-1.515542
-1.434053
-1.379479
-1.317851
-1.266174
-1.220510
-1.151979
-1.084245
-1.006564
-0.911626
-1.080304
-1.282559
-1.478039
-1.603931
-1.627618
-1.621131
-1.601095
-1.570085
-1.575224
-1.555972
-1.528658
-1.461335
-1.418789
-1.393311
-1.330212
-1.256044
-1.146835
-1.034223
-0.894636
-0.888000
-1.057430
-1.259802
-1.457587
-1.592028
-1.616199
-1.611742
-1.590169
-1.562681
-1.560737
-1.536936
-1.509038
-1.430271
-1.376249
-1.310849
-1.255190
-1.227214
-1.171107
-1.115372
-1.049143
-0.960322
-1.126842
-1.328840
-1.520872
-1.635215
-1.642934
-1.614054
-1.588366
-1.573334
-1.593437
-1.565916
-1.532492
-1.472973
-1.457065
-1.434902
-1.368098
-1.290742
-1.182596
-1.070320
-0.938900
-0.888000
-1.063296
-1.265224
-1.463054
-1.593576
-1.608357
-1.599666
-1.572585
-1.548067
-1.546440
-1.510484
-1.473121
-1.400661
-1.352599
-1.289138
-1.240774
-1.192578
-1.137058
-1.076485
-0.999355
-0.948584
-1.129657
-1.331478
-1.524844
-1.644064
-1.658419
-1.640827
-1.608069
-1.599456
-1.619444
-1.586993
-1.545616
-1.473218
-1.459857
-1.452322
-1.402465
-1.333270
-1.258640
-1.180786
-1.090047
-1.026722
-1.203722
-1.405281
-1.597767
-1.706376
-1.713944
-1.694573
-1.660044
-1.639718
-1.636931
-1.585659
-1.538888
-1.483425
-1.446414
-1.409060
-1.365897
-1.301280
-1.229126
-1.152063
-1.064267
-1.023161
-1.200788
-1.402191
-1.591498
-1.704231
-1.708269
-1.683357
-1.652711
-1.658653
-1.671103
-1.634696
-1.580759
-1.511691
-1.483457
-1.484223
-1.442363
-1.380465
-1.313699
-1.242896
-1.160731
-1.105474
-1.286219
-1.487586
-1.674240
-1.764699
-1.758480
-1.722462
-1.675177
-1.652900
-1.649779
-1.600044
-1.559251
-1.508491
-1.472703
-1.447484
-1.409749
-1.348842
-1.280965
-1.208758
-1.128154
-1.084957
-1.258511
-1.458276
-1.647246
-1.739501
-1.727456
-1.688658
-1.638022
-1.616429
-1.614584
-1.568256
-1.531267
-1.481606
-1.447926
-1.435915
-1.397094
-1.335714
-1.267245
-1.195734
-1.113534
-1.066518
-1.227084
-1.423242
-1.611552
-1.711694
-1.699644
-1.661986
-1.620768
-1.607534
-1.640569
-1.602863
-1.572639
-1.541090
-1.546777
-1.528883
-1.465530
-1.381264
-1.288322
-1.187570
-1.072914
-0.996209
-1.159048
-1.352893
-1.541475
-1.653046
-1.644436
-1.610751
-1.593140
-1.601208
-1.632017
-1.590981
-1.555496
-1.521136
-1.499943
-1.492992
-1.437485
-1.360497
-1.275817
-1.186461
-1.084406
-1.012373
-1.149249
-1.349051
-1.542573
-1.661278
-1.654195
-1.626541
-1.617019
-1.634087
-1.663548
-1.626994
-1.596221
-1.559881
-1.533302
-1.539817
-1.499828
-1.438058
-1.372056
-1.300509
-1.218263
-1.154503
-1.259668
-1.456967
-1.648098
-1.746697
-1.731605
-1.693803
-1.684116
-1.692712
-1.709172
-1.672045
-1.647664
-1.625296
-1.634717
-1.628172
-1.572964
-1.496453
-1.410565
-1.316647
-1.213507
-1.137877
-1.271047
-1.447255
-1.618163
-1.703203
-1.675123
-1.631206
-1.615803
-1.622741
-1.640023
-1.600700
-1.566439
-1.530973
-1.504896
-1.512860
-1.473624
-1.414704
-1.351445
-1.278553
-1.186988
-1.115262
-1.254769
-1.454766
-1.639713
-1.715572
-1.656638
-1.590955
-1.561317
-1.568996
-1.597684
-1.567557
-1.547986
-1.526825
-1.507791
-1.518889
-1.494785
-1.449237
-1.395889
-1.335019
-1.263249
-1.207958
-1.308608
-1.505827
-1.688349
-1.757924
-1.703068
-1.647478
-1.613549
-1.608819
-1.621266
-1.591403
-1.574945
-1.557521
-1.556929
-1.581946
-1.566063
-1.530348
-1.488467
-1.431744
-1.357004
-1.293296
-1.367308
-1.565170
-1.748918
-1.814605
-1.754034
-1.698061
-1.685156
-1.688768
-1.689030
-1.654909
-1.634569
-1.618920
-1.602326
-1.609654
-1.626343
-1.621998
-1.605059
-1.568816
-1.513757
-1.450532
-1.507317
-1.682662
-1.836483
-1.892290
-1.851726
-1.805341
-1.772854
-1.736497
-1.696329
-1.651572
-1.624016
-1.598502
-1.566610
-1.561238
-1.529383
-1.479258
-1.421092
-1.349855
-1.258345
-1.185281
-1.307611
-1.503300
-1.687737
-1.753036
-1.694200
-1.624920
-1.591754
-1.600614
-1.617474
-1.582024
-1.558909
-1.537778
-1.517092
-1.529572
-1.531058
-1.509491
-1.475983
-1.428061
-1.361791
-1.294861
-1.438167
-1.635760
-1.815794
-1.873307
-1.819232
-1.756501
-1.716921
-1.702488
-1.700950
-1.661509
-1.641830
-1.632963
-1.622921
-1.656134
-1.675650
-1.678054
-1.662437
-1.626028
-1.574098
-1.510848
-1.540525
-1.712114
-1.870369
-1.932956
-1.918629
-1.902117
-1.907784
-1.902829
-1.852300
-1.799184
-1.767453
-1.742249
-1.712175
-1.713618
-1.717123
-1.698650
-1.661920
-1.605346
-1.531718
-1.444562
-1.491381
-1.668954
-1.831523
-1.896405
-1.872716
-1.852687
-1.867795
-1.870105
-1.835960
-1.784977
-1.749868
-1.718246
-1.683921
-1.642568
-1.641525
-1.616124
-1.577682
-1.523355
-1.449722
-1.370331
-1.497859
-1.691877
-1.868513
-1.929268
-1.877466
-1.809369
-1.777953
-1.776691
-1.774952
-1.736822
-1.716154
-1.701633
-1.686816
-1.717063
-1.728482
-1.716548
-1.689009
-1.643301
-1.581501
-1.509401
-1.615978
-1.796773
-1.943048
-1.987776
-1.966568
-1.950984
-1.945039
-1.937187
-1.886564
-1.822048
-1.785835
-1.758911
-1.732066
-1.694530
-1.697424
-1.678404
-1.644509
-1.592714
-1.520900
-1.443039
-1.574094
-1.764987
-1.931125
-1.990314
-1.947079
-1.890169
-1.865823
-1.867074
-1.854783
-1.823902
-1.796075
-1.771173
-1.748850
-1.756841
-1.766545
-1.755904
-1.731612
-1.690791
-1.629930
-1.566956
-1.704435
-1.889673
-2.033756
-2.078453
-2.056051
-2.021412
-1.987567
-1.963192
-1.964450
-1.931879
-1.901858
-1.881573
-1.864596
-1.896984
-1.898772
-1.879456
-1.845433
-1.794215
-1.724401
-1.666266
-1.802437
-1.963887
-2.075597
-2.106604
-2.092626
-2.070839
-2.040610
-2.009922
-1.980708
-1.933660
-1.897454
-1.862028
-1.840520
-1.848604
-1.826472
-1.787744
-1.735033
-1.664478
-1.576188
-1.531597
-1.700240
-1.864121
-1.975648
-1.991685
-1.960070
-1.925522
-1.894491
-1.875513
-1.847407
-1.806705
-1.767743
-1.724755
-1.686153
-1.654088
-1.636863
-1.599768
-1.548622
-1.483980
-1.398940
-1.366126
-1.561849
-1.743150
-1.875163
-1.893898
-1.852341
-1.797865
-1.762461
-1.772858
-1.782004
-1.753875
-1.718987
-1.680450
-1.663612
-1.677848
-1.660055
-1.620613
-1.567140
-1.499460
-1.414046
-1.378516
-1.549472
-1.734844
-1.861443
-1.881204
-1.857937
-1.831733
-1.813763
-1.816458
-1.783743
-1.731785
-1.703606
-1.679307
-1.656738
-1.657737
-1.646946
-1.614250
-1.567057
-1.505756
-1.424554
-1.366279
-1.518044
-1.715694
-1.877883
-1.913406
-1.884212
-1.842556
-1.819341
-1.831985
-1.843834
-1.813877
-1.788454
-1.764063
-1.747221
-1.773225
-1.766298
-1.736539
-1.692027
-1.634571
-1.556576
-1.508363
-1.682303
-1.858018
-1.977584
-1.996143
-1.964496
-1.927542
-1.899906
-1.887614
-1.890150
-1.860945
-1.831954
-1.796844
-1.821985
-1.817240
-1.779208
-1.724385
-1.655329
-1.568490
-1.461963
-1.430191
-1.613283
-1.773355
-1.875586
-1.878729
-1.842943
-1.809289
-1.782305
-1.775142
-1.750615
-1.704930
-1.662050
-1.610958
-1.573300
-1.541061
-1.513464
-1.468548
-1.410112
-1.337431
-1.241616
-1.224058
-1.419542
-1.615586
-1.752885
-1.762560
-1.716839
-1.657874
-1.630450
-1.651773
-1.690161
-1.665395
-1.631933
-1.593821
-1.594507
-1.600600
-1.571833
-1.525035
-1.465054
-1.390785
-1.296871
-1.273870
-1.453649
-1.635962
-1.751875
-1.771081
-1.760098
-1.742629
-1.722078
-1.721623
-1.696100
-1.648680
-1.626531
-1.606015
-1.585571
-1.580520
-1.564465
-1.527699
-1.475644
-1.409995
-1.321269
-1.281980
-1.454060
-1.652661
-1.806327
-1.825853
-1.784737
-1.733963
-1.715603
-1.739609
-1.765132
-1.739678
-1.717091
-1.689225
-1.699462
-1.710339
-1.686357
-1.640385
-1.580377
-1.504825
-1.408860
-1.376977
-1.557270
-1.740373
-1.846856
-1.849277
-1.817550
-1.780704
-1.755938
-1.772685
-1.771453
-1.734919
-1.702214
-1.664180
-1.637473
-1.642755
-1.613260
-1.565467
-1.504018
-1.427947
-1.330872
-1.298108
-1.473016
-1.662409
-1.786983
-1.797974
-1.771962
-1.743567
-1.719828
-1.726153
-1.720100
-1.684979
-1.667182
-1.648185
-1.628157
-1.635786
-1.618852
-1.582547
-1.530690
-1.465218
-1.378501
-1.340801
-1.509979
-1.702910
-1.824620
-1.834912
-1.812060
-1.787705
-1.749460
-1.751870
-1.764711
-1.740321
-1.716564
-1.683362
-1.676648
-1.668668
-1.625104
-1.562153
-1.487370
-1.394633
-1.283795
-1.260206
-1.443857
-1.619371
-1.709307
-1.716012
-1.705276
-1.686431
-1.650395
-1.653940
-1.669871
-1.623355
-1.581914
-1.547124
-1.511958
-1.491054
-1.452439
-1.398345
-1.328752
-1.243664
-1.144636
-1.190639
-1.377633
-1.561557
-1.665428
-1.717538
-1.727275
-1.721068
-1.687347
-1.675250
-1.679616
-1.641068
-1.611330
-1.567450
-1.572710
-1.544285
-1.485014
-1.407275
-1.311891
-1.203057
-1.076006
-1.110415
-1.301127
-1.492008
-1.571340
-1.591151
-1.606216
-1.592061
-1.577013
-1.603654
-1.686053
-1.663749
-1.600738
-1.550873
-1.499772
-1.453711
-1.415746
-1.361123
-1.289814
-1.200827
-1.087848
-1.126780
-1.317591
-1.509203
-1.598801
-1.597851
-1.575239
-1.531383
-1.518509
-1.568864
-1.607063
-1.564766
-1.536313
-1.503872
-1.476946
-1.455044
-1.433727
-1.392893
-1.336690
-1.265281
-1.165324
-1.212071
-1.414117
-1.608557
-1.725594
-1.702688
-1.620140
-1.566973
-1.565825
-1.632344
-1.723639
-1.691781
-1.629833
-1.620738
-1.579621
-1.570448
-1.538917
-1.492002
-1.433262
-1.355565
-1.264401
-1.303497
-1.452160
-1.604233
-1.723327
-1.802951
-1.825188
-1.813480
-1.763163
-1.700030
-1.620224
-1.559219
-1.538672
-1.524436
-1.507139
-1.476551
-1.469191
-1.438973
-1.392896
-1.326890
-1.234202
-1.281628
-1.478026
-1.664649
-1.716426
-1.676475
-1.634798
-1.606580
-1.587864
-1.649645
-1.735658
-1.706693
-1.656734
-1.652974
-1.626135
-1.604011
-1.555126
-1.494058
-1.421699
-1.333191
-1.230292
-1.280993
-1.434854
-1.584552
-1.703280
-1.768517
-1.756602
-1.710957
-1.647976
-1.599103
-1.542966
-1.492023
-1.464868
-1.450500
-1.423198
-1.371449
-1.385084
-1.378569
-1.363149
-1.330908
-1.271233
-1.271677
-1.447611
-1.639524
-1.719189
-1.745534
-1.767604
-1.774411
-1.746305
-1.763463
-1.792963
-1.777221
-1.740441
-1.762851
-1.759964
-1.718564
-1.649893
-1.567959
-1.475851
-1.366129
-1.240928
-1.272653
-1.418877
-1.565319
-1.670035
-1.736914
-1.751139
-1.734490
-1.683243
-1.657145
-1.610538
-1.563582
-1.525991
-1.531067
-1.481660
-1.420454
-1.371789
-1.368921
-1.359144
-1.328893
-1.276293
-1.313794
-1.491746
-1.654049
-1.711984
-1.693672
-1.631484
-1.556022
-1.518987
-1.530723
-1.567015
-1.538241
-1.514021
-1.541351
-1.485884
-1.437375
-1.405021
-1.362853
-1.306716
-1.231883
-1.141442
-1.200253
-1.357306
-1.485675
-1.580217
-1.646350
-1.669230
-1.658945
-1.608024
-1.560973
-1.509858
-1.471528
-1.452391
-1.471295
-1.440409
-1.400189
-1.404018
-1.430158
-1.439369
-1.426198
-1.391040
-1.410183
-1.563978
-1.715397
-1.781915
-1.782081
-1.721831
-1.643820
-1.575425
-1.613324
-1.651414
-1.640545
-1.638326
-1.721993
-1.658645
-1.619092
-1.566836
-1.497673
-1.417061
-1.317565
-1.200399
-1.250887
-1.410835
-1.537830
-1.595668
-1.612667
-1.600627
-1.560737
-1.528139
-1.531546
-1.509341
-1.467948
-1.431775
-1.459213
-1.422721
-1.361594
-1.395491
-1.410380
-1.400394
-1.366842
-1.312862
-1.314434
-1.471842
-1.651232
-1.712703
-1.735374
-1.727697
-1.686732
-1.620275
-1.642493
-1.680169
-1.666297
-1.652847
-1.688398
-1.638553
-1.601505
-1.554307
-1.491421
-1.413704
-1.317498
-1.204570
-1.250217
-1.417318
-1.538484
-1.602288
-1.609750
-1.561523
-1.502175
-1.489450
-1.524422
-1.538723
-1.502324
-1.462445
-1.517373
-1.473354
-1.419425
-1.411169
-1.390509
-1.353149
-1.294435
-1.221133
-1.264330
-1.399900
-1.542896
-1.648357
-1.715818
-1.725283
-1.695517
-1.636080
-1.623329
-1.590651
-1.571359
-1.563096
-1.617025
-1.597561
-1.566778
-1.584539
-1.583419
-1.556889
-1.507267
-1.443267
-1.459838
-1.600279
-1.729748
-1.831883
-1.872948
-1.838639
-1.774053
-1.701067
-1.694144
-1.678825
-1.664020
-1.654084
-1.726752
-1.705587
-1.692170
-1.656433
-1.602165
-1.531597
-1.442783
-1.337435
-1.377545
-1.549841
-1.683747
-1.786814
-1.824237
-1.824182
-1.783543
-1.727022
-1.681517
-1.632374
-1.607083
-1.596542
-1.638420
-1.623295
-1.625836
-1.622596
-1.601816
-1.560448
-1.499465
-1.425186
-1.447333
-1.619723
-1.773563
-1.886720
-1.942627
-1.959651
-1.949192
-1.909347
-1.862129
-1.814070
-1.797897
-1.800996
-1.832008
-1.847938
-1.816493
-1.757315
-1.674831
-1.579368
-1.467375
-1.339833
-1.429989
-1.607315
-1.710414
-1.772886
-1.810561
-1.865640
-1.894927
-1.877324
-1.838414
-1.772314
-1.733749
-1.707815
-1.742170
-1.701893
-1.670681
-1.613786
-1.532548
-1.439154
-1.326737
-1.195879
-1.295485
-1.472572
-1.569059
-1.640844
-1.678701
-1.703204
-1.715782
-1.702796
-1.706831
-1.681160
-1.643277
-1.607388
-1.657165
-1.578320
-1.560433
-1.514365
-1.450321
-1.371395
-1.272865
-1.155737
-1.248066
-1.426910
-1.538452
-1.619606
-1.644928
-1.645706
-1.633140
-1.612971
-1.625081
-1.588701
-1.556120
-1.536231
-1.630949
-1.568474
-1.552683
-1.521240
-1.470791
-1.405294
-1.321983
-1.221800
-1.315288
-1.483683
-1.587086
-1.679739
-1.727194
-1.722090
-1.698322
-1.667844
-1.661878
-1.625713
-1.606694
-1.603160
-1.702151
-1.630294
-1.615321
-1.571392
-1.512164
-1.438364
-1.345471
-1.234633
-1.346342
-1.513903
-1.624076
-1.705183
-1.747454
-1.781371
-1.780450
-1.759122
-1.723752
-1.666371
-1.639665
-1.634700
-1.731995
-1.680909
-1.669523
-1.628187
-1.565229
-1.488271
-1.391979
-1.278308
-1.363607
-1.540951
-1.655883
-1.745739
-1.794273
-1.809721
-1.802366
-1.784712
-1.781744
-1.742201
-1.720483
-1.713469
-1.777234
-1.741699
-1.705131
-1.643209
-1.558354
-1.461024
-1.343920
-1.208437
-1.312677
-1.478835
-1.580670
-1.644319
-1.686914
-1.760692
-1.808196
-1.808488
-1.792294
-1.726694
-1.688354
-1.668728
-1.767415
-1.712552
-1.687014
-1.631386
-1.552254
-1.456765
-1.341830
-1.209816
-1.291043
-1.465702
-1.562845
-1.632678
-1.711510
-1.748203
-1.768874
-1.775024
-1.792663
-1.772637
-1.739336
-1.745618
-1.768274
-1.701466
-1.653396
-1.582557
-1.491804
-1.388032
-1.265166
-1.123053
-1.206616
-1.395865
-1.501556
-1.574577
-1.629521
-1.685785
-1.725441
-1.735037
-1.749165
-1.720083
-1.680897
-1.657976
-1.733628
-1.640014
-1.606693
-1.548538
-1.469031
-1.377849
-1.267605
-1.138647
-1.230350
-1.416895
-1.526362
-1.605074
-1.655398
-1.699552
-1.733669
-1.738189
-1.753288
-1.702970
-1.664675
-1.662432
-1.722847
-1.636419
-1.615631
-1.566664
-1.500388
-1.419015
-1.317049
-1.196028
-1.280445
-1.469649
-1.595105
-1.692437
-1.750841
-1.797890
-1.802979
-1.790028
-1.770527
-1.715807
-1.690811
-1.688437
-1.770141
-1.745842
-1.717377
-1.661365
-1.577706
-1.482362
-1.366470
-1.232309
-1.314491
-1.498931
-1.614206
-1.693962
-1.761132
-1.823159
-1.856095
-1.855543
-1.851558
-1.798556
-1.767147
-1.784384
-1.770122
-1.761777
-1.713842
-1.641864
-1.546664
-1.434401
-1.300902
-1.147814
-1.225126
-1.398817
-1.493271
-1.563607
-1.644353
-1.715358
-1.763391
-1.788558
-1.814271
-1.779338
-1.731889
-1.767967
-1.785641
-1.688757
-1.646895
-1.574685
-1.483521
-1.372712
-1.240176
-1.079293
-1.153830
-1.317148
-1.408064
-1.406187
-1.420557
-1.503283
-1.588727
-1.666250
-1.737175
-1.759874
-1.711234
-1.662188
-1.672792
-1.561851
-1.552215
-1.505912
-1.432891
-1.344341
-1.235302
-1.107463
-1.199616
-1.384367
-1.512094
-1.524267
-1.553075
-1.592093
-1.612633
-1.637834
-1.706764
-1.708537
-1.673607
-1.660087
-1.731288
-1.603263
-1.573791
-1.513893
-1.434219
-1.340240
-1.224166
-1.086359
-1.169165
-1.350783
-1.450472
-1.556308
-1.640186
-1.648502
-1.652255
-1.665052
-1.698728
-1.668539
-1.637732
-1.640453
-1.702234
-1.636978
-1.592461
-1.556421
-1.497495
-1.425586
-1.332970
-1.221285
-1.304652
-1.491509
-1.623586
-1.735533
-1.796040
-1.790464
-1.760535
-1.733375
-1.729016
-1.691161
-1.672518
-1.689270
-1.752677
-1.713034
-1.691099
-1.639790
-1.566487
-1.479009
-1.369923
-1.239880
-1.317455
-1.498183
-1.612127
-1.709978
-1.791220
-1.813987
-1.821889
-1.839330
-1.849142
-1.801340
-1.774469
-1.798088
-1.823107
-1.784298
-1.734004
-1.656022
-1.559743
-1.447420
-1.312699
-1.155955
-1.227449
-1.393324
-1.473729
-1.516483
-1.590739
-1.679984
-1.752178
-1.806846
-1.848094
-1.844222
-1.802825
-1.759133
-1.831748
-1.706575
-1.671971
-1.603518
-1.515059
-1.410166
-1.283223
-1.136183
-1.171561
-1.342526
-1.437309
-1.503847
-1.590887
-1.673032
-1.747801
-1.786336
-1.807555
-1.758762
-1.708246
-1.709554
-1.779384
-1.630891
-1.604776
-1.536870
-1.455509
-1.357267
-1.234024
-1.087478
-1.116811
-1.287220
-1.370728
-1.418795
-1.497559
-1.592698
-1.680204
-1.744683
-1.792738
-1.773220
-1.723037
-1.707900
-1.827984
-1.709783
-1.695794
-1.639704
-1.561445
-1.462998
-1.341815
-1.201162
-1.209571
-1.382981
-1.485543
-1.585291
-1.675672
-1.707074
-1.731377
-1.755419
-1.792182
-1.789576
-1.748782
-1.711338
-1.785718
-1.683955
-1.654434
-1.584357
-1.497913
-1.394134
-1.267015
-1.114495
-1.120466
-1.304113
-1.420331
-1.522182
-1.599241
-1.635700
-1.673783
-1.716744
-1.781204
-1.797998
-1.743093
-1.689030
-1.746237
-1.646899
-1.619042
-1.552550
-1.471864
-1.371892
-1.245136
-1.093493
-1.102437
-1.285262
-1.409944
-1.502514
-1.582278
-1.639982
-1.696810
-1.735223
-1.784979
-1.778057
-1.725212
-1.698352
-1.767694
-1.652637
-1.608980
-1.541942
-1.462333
-1.365724
-1.243720
-1.096091
-1.110669
-1.285271
-1.407490
-1.478990
-1.533123
-1.589033
-1.663837
-1.717533
-1.784512
-1.779843
-1.728394
-1.685796
-1.759511
-1.679226
-1.589085
-1.538832
-1.475201
-1.387991
-1.272737
-1.133314
-1.144962
-1.318867
-1.442104
-1.513928
-1.560167
-1.597084
-1.655699
-1.701630
-1.768727
-1.783850
-1.734934
-1.680234
-1.764307
-1.670232
-1.593321
-1.534047
-1.459067
-1.362357
-1.234449
-1.078175
-1.017883
-1.190093
-1.334424
-1.430893
-1.492616
-1.532918
-1.591944
-1.644728
-1.730048
-1.780686
-1.740366
-1.657485
-1.661229
-1.603584
-1.524073
-1.469412
-1.400677
-1.311226
-1.185531
-1.024728
-0.971923
-1.145407
-1.303520
-1.407871
-1.465881
-1.501232
-1.555915
-1.621732
-1.714844
-1.794779
-1.754196
-1.655135
-1.618089
-1.543183
-1.433300
-1.388776
-1.340123
-1.275703
-1.178085
-1.041267
-1.015343
-1.205445
-1.353454
-1.392782
-1.386557
-1.438858
-1.545915
-1.654038
-1.728018
-1.797373
-1.753864
-1.677712
-1.658051
-1.595552
-1.485864
-1.466538
-1.425968
-1.364439
-1.279207
-1.163489
-1.113010
-1.291206
-1.450576
-1.519988
-1.558669
-1.576628
-1.619608
-1.662054
-1.691528
-1.710222
-1.667467
-1.626553
-1.677850
-1.619263
-1.539893
-1.488492
-1.467121
-1.422261
-1.346871
-1.240965
-1.211174
-1.386972
-1.521773
-1.590648
-1.626486
-1.691704
-1.772561
-1.805884
-1.822321
-1.839000
-1.805750
-1.767295
-1.809358
-1.760379
-1.673329
-1.619320
-1.544168
-1.452843
-1.338365
-1.195038
-1.129983
-1.302404
-1.463201
-1.559591
-1.621056
-1.642277
-1.679475
-1.714874
-1.771238
-1.801095
-1.768050
-1.711002
-1.748219
-1.701476
-1.626656
-1.584557
-1.521582
-1.437250
-1.324212
-1.180933
-1.117074
-1.296009
-1.452899
-1.531852
-1.593550
-1.645776
-1.705804
-1.748740
-1.807783
-1.856756
-1.821752
-1.748557
-1.774295
-1.705451
-1.593550
-1.545252
-1.480999
-1.399649
-1.288690
-1.139577
-1.021668
-1.202262
-1.368794
-1.417191
-1.461442
-1.524408
-1.623965
-1.709272
-1.780414
-1.822098
-1.777094
-1.724665
-1.691818
-1.673377
-1.670841
-1.643428
-1.587569
-1.512783
-1.411498
-1.280004
-1.163731
-1.337095
-1.510681
-1.527096
-1.537769
-1.614655
-1.712830
-1.776786
-1.822025
-1.875859
-1.873137
-1.810774
-1.791586
-1.725892
-1.606696
-1.575168
-1.515802
-1.439196
-1.337227
-1.207372
-1.101243
-1.268459
-1.432737
-1.510640
-1.592306
-1.684202
-1.752694
-1.788284
-1.813046
-1.829089
-1.806364
-1.775849
-1.815034
-1.758060
-1.708727
-1.640139
-1.550964
-1.449634
-1.319666
-1.156297
-1.012751
-1.191740
-1.370672
-1.386307
-1.413672
-1.534565
-1.678218
-1.776697
-1.835256
-1.899752
-1.882503
-1.816654
-1.775200
-1.749777
-1.612716
-1.588987
-1.543734
-1.478996
-1.388463
-1.273678
-1.183359
-1.321116
-1.467978
-1.531615
-1.611836
-1.701231
-1.760298
-1.788164
-1.817572
-1.828066
-1.777181
-1.744245
-1.882725
-1.759321
-1.726933
-1.661279
-1.573358
-1.466959
-1.336075
-1.176274
-1.033235
-1.203045
-1.378132
-1.428442
-1.463164
-1.567602
-1.698925
-1.789609
-1.857916
-1.926799
-1.906012
-1.843801
-1.885219
-1.722394
-1.692491
-1.618160
-1.523698
-1.412526
-1.273768
-1.099411
-0.966777
-1.133076
-1.287649
-1.299551
-1.347415
-1.414178
-1.550532
-1.674281
-1.746635
-1.818055
-1.803488
-1.736219
-1.678345
-1.672011
-1.571295
-1.585835
-1.563103
-1.513351
-1.435903
-1.327858
-1.230365
-1.371712
-1.525657
-1.573176
-1.606412
-1.637349
-1.700389
-1.756702
-1.805501
-1.852523
-1.796342
-1.750344
-1.840201
-1.744227
-1.754649
-1.700331
-1.620918
-1.511458
-1.387857
-1.232338
-1.040262
-1.180721
-1.362490
-1.422661
-1.484837
-1.545928
-1.640135
-1.721005
-1.797392
-1.871756
-1.849219
-1.791973
-1.787734
-1.742671
-1.743494
-1.693279
-1.617085
-1.511095
-1.388122
-1.233273
-1.042845
-1.188342
-1.362912
-1.409512
-1.433168
-1.504283
-1.621701
-1.720530
-1.786292
-1.886199
-1.901015
-1.823613
-1.785211
-1.710849
-1.618582
-1.571657
-1.529814
-1.449944
-1.349766
-1.217340
-1.053889
-1.203381
-1.375513
-1.464248
-1.510695
-1.564235
-1.658036
-1.743014
-1.808859
-1.887754
-1.880101
-1.813042
-1.849782
-1.760787
-1.671926
-1.622504
-1.548407
-1.444144
-1.324749
-1.171079
-0.985360
-1.127682
-1.307338
-1.383544
-1.494900
-1.579185
-1.668565
-1.743329
-1.800934
-1.868042
-1.869712
-1.798129
-1.773771
-1.734324
-1.656560
-1.630669
-1.568852
-1.470503
-1.352811
-1.201732
-1.015259
-1.162344
-1.352360
-1.445899
-1.499904
-1.557803
-1.651415
-1.744853
-1.818455
-1.900780
-1.908519
-1.834881
-1.823640
-1.768556
-1.710715
-1.668970
-1.596393
-1.487343
-1.359346
-1.195804
-0.999708
-1.147160
-1.312169
-1.372032
-1.418431
-1.474323
-1.572832
-1.663236
-1.763539
-1.884990
-1.906161
-1.827860
-1.788217
-1.715650
-1.658355
-1.594337
-1.507110
-1.391931
-1.253521
-1.077858
-0.887890
-1.063721
-1.229012
-1.317513
-1.385832
-1.482948
-1.607358
-1.709915
-1.789499
-1.887160
-1.914374
-1.834061
-1.816903
-1.720911
-1.633469
-1.598574
-1.535105
-1.441754
-1.322196
-1.164647
-0.968800
-1.051096
-1.244804
-1.365139
-1.477793
-1.544494
-1.613559
-1.706636
-1.799173
-1.895322
-1.904593
-1.833767
-1.769919
-1.671004
-1.595878
-1.542290
-1.488060
-1.411109
-1.306090
-1.157132
-0.972828
-1.084581
-1.269536
-1.360587
-1.394414
-1.471679
-1.582941
-1.707338
-1.806943
-1.915356
-1.900351
-1.799895
-1.771842
-1.691491
-1.610586
-1.551609
-1.501156
-1.426009
-1.325661
-1.182601
-0.990172
-1.103498
-1.288170
-1.385709
-1.436341
-1.490017
-1.616428
-1.766772
-1.888675
-1.971043
-1.939090
-1.862856
-1.793804
-1.775821
-1.733318
-1.682017
-1.605018
-1.496876
-1.370685
-1.205827
-1.007623
-1.120628
-1.296278
-1.348895
-1.346706
-1.359321
-1.465354
-1.638011
-1.795658
-1.911543
-1.929498
-1.846703
-1.782167
-1.704132
-1.722123
-1.668148
-1.585843
-1.464901
-1.327085
-1.155541
-0.955572
-1.067020
-1.204713
-1.244542
-1.296382
-1.372339
-1.487864
-1.618448
-1.712874
-1.850742
-1.921782
-1.865617
-1.742816
-1.604019
-1.521701
-1.469786
-1.480327
-1.449099
-1.384708
-1.278859
-1.133977
-1.249592
-1.440295
-1.538629
-1.572182
-1.610705
-1.699024
-1.849252
-1.968980
-2.046054
-2.027334
-1.948484
-1.904796
-1.858887
-1.865548
-1.814180
-1.723787
-1.602160
-1.457888
-1.279715
-1.078534
-1.186998
-1.363703
-1.414184
-1.411954
-1.479380
-1.613863
-1.795160
-1.922684
-2.034920
-2.060390
-1.951571
-1.825049
-1.779284
-1.720040
-1.678758
-1.599163
-1.488126
-1.350027
-1.173854
-0.972831
-1.004877
-1.196689
-1.294984
-1.333133
-1.407672
-1.548577
-1.715191
-1.821554
-1.924460
-1.933173
-1.843406
-1.750281
-1.673066
-1.604774
-1.530193
-1.470372
-1.386380
-1.272763
-1.115653
-0.918785
-1.012445
-1.212495
-1.324344
-1.331346
-1.344230
-1.429339
-1.597393
-1.760586
-1.873843
-1.935571
-1.833020
-1.749094
-1.656433
-1.645841
-1.607667
-1.528175
-1.417791
-1.280160
-1.103769
-0.902492
-1.010124
-1.190400
-1.260371
-1.310213
-1.365314
-1.440774
-1.564199
-1.711473
-1.865161
-1.917009
-1.816441
-1.696548
-1.584235
-1.537273
-1.515085
-1.434616
-1.330822
-1.199197
-1.025305
-0.888000
-1.011536
-1.212888
-1.327284
-1.376700
-1.411564
-1.506216
-1.663725
-1.809401
-1.916463
-1.952826
-1.868504
-1.770827
-1.716501
-1.648623
-1.620661
-1.538604
-1.432918
-1.301626
-1.137555
-0.940431
-1.008261
-1.201854
-1.306858
-1.374337
-1.464716
-1.610189
-1.772100
-1.861417
-1.933908
-1.935656
-1.833966
-1.755648
-1.693647
-1.639673
-1.617478
-1.571077
-1.489209
-1.376695
-1.223943
-1.029154
-1.057761
-1.250468
-1.367015
-1.430347
-1.485243
-1.565515
-1.734805
-1.873624
-1.987449
-2.008376
-1.907030
-1.824822
-1.711688
-1.717048
-1.675443
-1.584655
-1.471326
-1.328762
-1.149105
-0.947851
-1.007517
-1.185270
-1.265557
-1.296080
-1.351777
-1.465132
-1.621783
-1.756374
-1.861257
-1.934390
-1.894161
-1.778232
-1.617238
-1.535910
-1.486409
-1.447225
-1.379928
-1.285527
-1.150946
-0.972880
-0.970151
-1.169535
-1.294292
-1.346917
-1.391989
-1.489506
-1.643043
-1.810223
-1.917454
-1.958536
-1.871435
-1.787569
-1.695666
-1.656277
-1.620329
-1.527733
-1.408101
-1.261422
-1.082986
-0.887997
-0.969419
-1.165367
-1.279701
-1.338905
-1.397904
-1.475819
-1.620978
-1.767254
-1.895919
-1.938402
-1.846672
-1.754723
-1.651347
-1.600718
-1.573751
-1.485617
-1.372325
-1.232603
-1.058361
-0.887989
-0.969493
-1.165204
-1.278894
-1.355506
-1.420857
-1.492908
-1.631172
-1.783980
-1.879194
-1.924885
-1.857298
-1.767778
-1.632301
-1.589921
-1.579898
-1.502982
-1.400965
-1.277237
-1.114446
-0.914890
-0.968830
-1.166962
-1.276822
-1.329884
-1.386513
-1.483228
-1.641092
-1.788552
-1.910912
-1.964562
-1.897361
-1.794824
-1.654678
-1.601756
-1.595390
-1.523729
-1.425422
-1.303823
-1.147307
-0.949317
-0.968671
-1.166352
-1.288495
-1.361876
-1.439149
-1.573259
-1.729782
-1.858227
-1.964971
-2.008458
-1.923924
-1.828938
-1.743928
-1.693957
-1.672141
-1.588224
-1.475435
-1.340102
-1.169240
-0.963711
-0.969992
-1.171046
-1.315926
-1.393335
-1.463497
-1.579204
-1.754654
-1.911054
-2.027361
-2.061381
-1.965140
-1.883370
-1.762253
-1.787188
-1.749841
-1.665208
-1.551381
-1.419448
-1.250463
-1.051068
-0.997026
-1.178386
-1.306758
-1.382642
-1.480281
-1.622952
-1.780875
-1.894279
-1.973618
-1.999046
-1.931073
-1.843297
-1.747618
-1.651668
-1.649684
-1.578276
-1.471380
-1.330706
-1.152341
-0.946799
-0.931114
-1.134633
-1.309769
-1.403281
-1.517288
-1.641784
-1.809289
-1.941058
-2.045113
-2.102306
-1.980226
-1.805171
-1.610586
-1.689515
-1.707982
-1.665127
-1.595051
-1.502718
-1.373150
-1.198265
-1.059819
-1.237467
-1.340382
-1.428291
-1.573632
-1.743717
-1.886432
-1.968469
-2.024132
-2.036799
-1.951008
-1.875828
-1.801058
-1.719204
-1.679185
-1.588816
-1.472179
-1.338071
-1.168091
-0.966761
-0.929435
-1.129106
-1.301178
-1.409700
-1.505825
-1.656674
-1.836620
-1.994594
-2.080669
-2.114716
-2.027919
-1.927114
-1.840922
-1.857805
-1.810800
-1.709208
-1.578486
-1.432145
-1.255330
-1.054113
-0.924698
-1.114430
-1.244883
-1.334867
-1.461183
-1.619372
-1.782261
-1.907214
-2.009757
-2.053880
-2.004353
-1.913510
-1.796631
-1.724863
-1.713715
-1.638835
-1.528283
-1.391594
-1.220854
-1.016752
-0.929380
-1.131026
-1.274368
-1.353809
-1.444926
-1.565828
-1.749886
-1.916548
-2.018238
-2.062296
-1.999761
-1.915415
-1.781415
-1.793912
-1.771338
-1.696256
-1.592095
-1.470978
-1.314017
-1.120015
-0.985042
-1.160557
-1.274870
-1.354761
-1.492949
-1.671605
-1.842441
-1.955743
-1.992650
-1.998227
-1.941017
-1.858950
-1.831313
-1.682072
-1.679031
-1.619157
-1.517527
-1.387884
-1.218324
-1.014400
-0.929361
-1.130892
-1.299934
-1.422072
-1.544340
-1.698510
-1.873243
-2.020435
-2.117110
-2.169389
-2.068715
-1.972814
-1.807458
-1.819501
-1.794574
-1.709359
-1.594363
-1.462389
-1.294411
-1.093855
-0.892801
-1.086167
-1.251370
-1.360996
-1.458929
-1.603607
-1.777525
-1.942876
-2.053729
-2.111088
-2.044630
-1.940834
-1.787071
-1.738206
-1.736482
-1.677876
-1.590757
-1.472473
-1.329518
-1.140261
-0.939182
-1.128733
-1.290132
-1.401793
-1.510517
-1.663693
-1.823460
-1.976398
-2.096523
-2.139352
-2.055342
-1.951393
-1.815271
-1.795063
-1.793317
-1.721465
-1.623184
-1.486477
-1.332731
-1.136549
-0.935576
-1.123393
-1.283622
-1.412894
-1.550081
-1.734286
-1.889333
-2.019849
-2.121197
-2.184471
-2.117175
-2.008077
-1.838621
-1.804147
-1.811050
-1.750632
-1.666346
-1.540768
-1.394345
-1.204468
-1.003485
-1.184138
-1.323813
-1.438892
-1.575590
-1.758396
-1.917464
-2.051890
-2.155524
-2.213309
-2.140197
-2.028887
-1.850952
-1.806077
-1.815007
-1.760242
-1.680638
-1.563601
-1.426021
-1.244905
-1.043869
-1.220688
-1.350275
-1.457342
-1.585416
-1.759872
-1.928031
-2.058318
-2.149704
-2.196047
-2.123492
-2.022130
-1.854979
-1.824634
-1.823398
-1.757718
-1.665209
-1.540577
-1.393371
-1.203731
-1.002694
-1.180362
-1.316568
-1.422505
-1.561636
-1.740346
-1.902889
-2.037365
-2.140416
-2.191255
-2.131850
-2.033293
-1.858281
-1.837799
-1.833272
-1.763510
-1.668848
-1.538345
-1.386077
-1.193462
-0.992481
-1.168861
-1.295870
-1.395420
-1.532724
-1.708919
-1.876345
-2.019896
-2.121795
-2.166113
-2.110659
-2.009500
-1.839086
-1.798500
-1.796465
-1.725433
-1.626351
-1.495686
-1.338851
-1.140549
-0.939464
-1.047600
-1.203616
-1.344408
-1.494893
-1.669678
-1.840465
-1.992694
-2.088453
-2.130581
-2.068514
-1.971527
-1.808423
-1.806020
-1.806903
-1.737920
-1.634659
-1.500580
-1.343298
-1.149049
-0.948058
-1.051554
-1.197326
-1.315371
-1.481604
-1.669177
-1.849458
-2.004413
-2.117992
-2.160482
-2.097380
-1.993490
-1.815012
-1.809923
-1.819165
-1.767179
-1.681520
-1.566324
-1.426802
-1.249681
-1.049095
-1.143103
-1.277057
-1.373720
-1.533747
-1.721738
-1.898096
-2.039474
-2.137117
-2.166396
-2.103535
-2.005087
-1.841735
-1.848837
-1.851827
-1.784519
-1.683269
-1.553714
-1.398750
-1.207508
-1.006534
-1.103621
-1.243011
-1.354269
-1.537700
-1.728669
-1.909908
-2.055346
-2.142863
-2.170487
-2.103379
-2.009165
-1.834136
-1.866208
-1.867946
-1.804159
-1.708167
-1.582921
-1.434824
-1.249026
-1.048014
-1.143570
-1.290138
-1.401668
-1.584546
-1.774295
-1.954212
-2.098313
-2.187954
-2.213868
-2.139452
-2.041334
-1.868762
-1.895373
-1.894251
-1.824613
-1.722470
-1.593634
-1.440219
-1.252099
-1.051113
-1.139537
-1.272273
-1.378248
-1.565721
-1.763026
-1.940200
-2.074132
-2.141474
-2.164643
-2.099545
-2.008270
-1.831951
-1.878997
-1.874524
-1.804945
-1.702842
-1.572360
-1.419053
-1.230146
-1.029201
-1.125977
-1.279845
-1.394946
-1.584199
-1.775534
-1.957610
-2.101259
-2.174120
-2.196404
-2.129355
-2.042374
-1.873347
-1.876769
-1.865246
-1.793172
-1.691214
-1.558693
-1.406934
-1.217765
-1.016765
-1.113337
-1.263775
-1.388285
-1.575988
-1.769982
-1.944089
-2.085351
-2.171536
-2.201407
-2.142311
-2.041382
-1.872019
-1.857847
-1.856280
-1.792906
-1.687384
-1.553856
-1.398724
-1.209237
-1.008263
-1.026663
-1.169866
-1.295245
-1.488515
-1.682066
-1.866279
-2.029644
-2.121856
-2.156152
-2.089515
-2.007289
-1.881818
-1.812890
-1.801175
-1.734042
-1.627116
-1.499491
-1.338764
-1.149471
-0.948468
-1.002673
-1.162067
-1.294693
-1.487723
-1.680532
-1.864544
-2.032748
-2.132678
-2.165183
-2.103474
-2.027722
-1.868895
-1.891233
-1.881740
-1.809849
-1.695950
-1.557984
-1.401991
-1.213546
-1.012552
-1.029791
-1.176448
-1.301377
-1.496377
-1.689056
-1.867581
-2.032468
-2.145440
-2.191235
-2.123030
-2.048218
-1.880202
-1.926986
-1.917489
-1.846369
-1.738843
-1.602253
-1.445590
-1.255681
-1.054621
-1.080183
-1.267718
-1.423302
-1.608042
-1.798082
-1.982054
-2.132767
-2.220518
-2.228523
-2.168298
-2.090941
-1.953830
-1.982506
-1.953718
-1.868499
-1.749643
-1.604248
-1.434880
-1.245471
-1.044403
-1.059808
-1.195607
-1.316123
-1.510001
-1.711931
-1.893930
-2.025114
-2.089532
-2.133044
-2.137928
-2.044060
-1.875280
-1.823480
-1.808615
-1.737924
-1.628634
-1.486440
-1.325643
-1.130340
-0.929259
-1.007524
-1.194648
-1.364551
-1.556665
-1.746500
-1.927370
-2.082738
-2.183340
-2.212269
-2.152429
-2.062351
-2.013848
-1.923653
-1.921378
-1.857498
-1.750117
-1.613830
-1.458423
-1.274920
-1.073972
-1.092378
-1.261361
-1.395069
-1.588480
-1.779722
-1.961708
-2.114321
-2.204039
-2.228600
-2.189001
-2.098099
-2.013367
-1.886545
-1.871884
-1.806533
-1.699006
-1.562244
-1.404162
-1.213674
-1.012628
-0.961849
-1.141089
-1.296522
-1.489739
-1.683310
-1.866162
-2.030691
-2.133554
-2.179774
-2.149921
-2.055178
-1.969827
-1.859305
-1.823644
-1.770792
-1.670109
-1.549868
-1.392024
-1.212657
-1.012594
-0.962017
-1.141315
-1.286353
-1.477263
-1.668691
-1.852884
-2.026727
-2.152620
-2.194148
-2.165192
-2.061369
-1.888879
-1.828440
-1.829450
-1.769465
-1.668879
-1.536836
-1.388131
-1.205845
-1.004753
-0.963664
-1.130125
-1.263483
-1.455590
-1.650394
-1.836187
-2.009750
-2.118642
-2.158976
-2.137028
-2.048291
-1.921042
-1.855877
-1.854869
-1.793395
-1.686480
-1.566238
-1.422108
-1.230441
-1.029742
-0.975549
-1.119907
-1.239793
-1.430365
-1.626323
-1.813870
-1.992375
-2.115076
-2.159577
-2.143282
-2.055754
-1.907817
-1.865535
-1.869194
-1.810065
-1.703999
-1.578801
-1.420952
-1.241331
-1.040696
-0.988239
-1.155652
-1.277155
-1.465937
-1.660668
-1.846616
-2.022694
-2.146135
-2.193900
-2.184024
-2.095338
-1.943124
-1.905242
-1.910666
-1.851982
-1.747907
-1.629896
-1.476921
-1.299186
-1.100017
-1.042289
-1.180501
-1.298855
-1.480445
-1.677185
-1.864163
-2.036850
-2.137627
-2.169809
-2.161527
-2.081284
-1.942209
-1.926120
-1.926612
-1.864275
-1.756937
-1.634409
-1.481506
-1.293036
-1.093410
-1.035707
-1.178265
-1.301810
-1.494357
-1.692086
-1.877982
-2.046161
-2.142692
-2.182833
-2.165772
-2.093787
-2.006581
-1.976622
-1.973850
-1.907158
-1.794149
-1.659041
-1.495162
-1.310294
-1.109138
-0.975232
-1.162519
-1.312353
-1.500738
-1.695260
-1.885762
-2.055088
-2.173484
-2.213874
-2.200788
-2.109210
-2.007742
-1.944324
-1.933341
-1.865360
-1.751092
-1.623550
-1.465400
-1.264915
-1.064304
-0.930911
-1.097029
-1.223962
-1.418465
-1.618008
-1.805113
-1.979535
-2.066459
-2.100180
-2.128272
-2.048481
-1.952039
-1.861405
-1.856025
-1.793354
-1.683170
-1.558094
-1.399106
-1.201266
-1.000071
-0.929512
-1.118803
-1.282732
-1.480787
-1.678695
-1.865481
-2.033483
-2.108482
-2.143751
-2.147784
-2.063250
-1.950039
-1.867035
-1.855705
-1.792539
-1.687007
-1.564379
-1.411858
-1.231907
-1.030775
-0.929736
-1.120499
-1.298920
-1.497478
-1.694047
-1.877845
-2.036409
-2.139565
-2.187379
-2.200205
-2.111533
-2.005332
-1.947781
-1.900450
-1.854299
-1.757367
-1.644738
-1.510757
-1.330972
-1.142449
-1.002949
-1.144423
-1.264073
-1.448331
-1.647120
-1.837599
-2.007749
-2.105829
-2.150953
-2.158114
-2.082403
-2.030208
-1.927889
-1.926014
-1.877088
-1.777200
-1.661683
-1.498369
-1.328813
-1.130582
-0.995384
-1.180743
-1.330674
-1.518852
-1.713884
-1.898634
-2.069699
-2.187150
-2.240618
-2.246889
-2.149551
-2.049748
-1.936861
-1.929614
-1.881326
-1.781257
-1.664538
-1.517133
-1.335338
-1.134554
-0.999259
-1.181729
-1.298905
-1.467473
-1.663021
-1.850221
-2.023633
-2.147390
-2.199650
-2.206684
-2.118205
-2.027453
-1.922600
-1.897047
-1.852583
-1.753221
-1.635380
-1.496442
-1.305550
-1.107775
-0.906807
-1.080783
-1.230548
-1.403465
-1.597353
-1.785134
-1.964646
-2.102868
-2.170033
-2.184918
-2.087555
-1.948190
-1.870034
-1.860429
-1.818631
-1.727084
-1.611287
-1.474896
-1.292780
-1.096475
-0.895500
-1.064184
-1.210616
-1.403236
-1.601406
-1.788161
-1.962804
-2.098617
-2.163224
-2.181989
-2.097762
-2.014477
-1.967992
-1.913962
-1.875436
-1.781368
-1.665754
-1.529556
-1.347487
-1.152497
-0.951612
-1.101269
-1.227285
-1.393432
-1.591048
-1.781719
-1.962891
-2.101278
-2.163876
-2.176191
-2.108501
-2.039201
-1.925892
-1.916186
-1.873906
-1.777234
-1.661412
-1.524462
-1.339867
-1.144323
-0.943462
-1.113047
-1.248675
-1.415275
-1.610821
-1.799736
-1.978495
-2.113050
-2.179112
-2.195724
-2.118618
-2.045409
-1.897542
-1.897162
-1.852921
-1.754455
-1.635165
-1.495541
-1.307339
-1.106137
-0.905186
-1.079649
-1.224482
-1.394068
-1.589894
-1.778009
-1.960484
-2.110888
-2.190399
-2.206697
-2.121935
-2.003025
-1.923604
-1.939222
-1.892669
-1.792782
-1.670352
-1.527916
-1.364484
-1.180680
-0.991986
-1.169144
-1.315924
-1.509213
-1.708909
-1.896383
-2.063007
-2.181211
-2.230326
-2.236353
-2.150929
-2.084597
-2.002003
-1.999014
-1.954809
-1.856395
-1.738780
-1.600538
-1.412512
-1.217874
-1.017015
-1.158477
-1.286649
-1.440559
-1.640578
-1.830616
-2.009278
-2.143325
-2.204434
-2.216342
-2.138168
-2.099174
-2.005244
-2.000452
-1.958651
-1.861402
-1.739094
-1.587808
-1.412344
-1.214881
-1.014019
-1.105635
-1.244999
-1.419809
-1.617972
-1.808555
-1.988430
-2.131232
-2.205265
-2.226752
-2.157872
-2.086875
-1.963511
-1.895294
-1.860415
-1.774533
-1.656702
-1.521202
-1.359193
-1.157783
-0.965562
-1.063812
-1.202304
-1.363922
-1.561563
-1.752146
-1.932945
-2.069002
-2.137114
-2.173980
-2.100549
-2.023008
-1.960874
-1.842805
-1.818025
-1.740283
-1.632687
-1.509123
-1.343200
-1.157500
-0.956677
-1.048051
-1.182746
-1.350651
-1.549491
-1.740871
-1.921886
-2.074923
-2.159159
-2.187658
-2.106447
-2.042433
-1.988639
-1.891475
-1.863009
-1.779644
-1.664868
-1.517922
-1.349879
-1.153323
-0.952489
-1.047982
-1.192745
-1.374566
-1.574034
-1.765091
-1.943379
-2.091877
-2.173166
-2.204922
-2.129448
-2.063149
-1.992115
-1.908576
-1.878388
-1.792260
-1.673852
-1.523209
-1.351996
-1.150741
-0.949839
-1.046943
-1.197589
-1.359921
-1.556649
-1.748171
-1.929355
-2.083465
-2.168900
-2.196332
-2.133445
-2.057720
-1.887540
-1.896107
-1.871619
-1.790143
-1.675060
-1.528196
-1.359295
-1.157578
-0.956648
-1.054095
-1.198447
-1.348111
-1.544169
-1.736004
-1.916767
-2.071402
-2.160800
-2.187828
-2.132414
-2.046416
-1.895937
-1.864770
-1.838442
-1.754387
-1.637929
-1.486702
-1.315853
-1.115029
-0.914035
-1.036047
-1.172929
-1.320770
-1.520251
-1.713720
-1.894589
-2.059907
-2.156975
-2.188895
-2.124564
-2.046231
-1.934751
-1.854306
-1.831350
-1.751953
-1.640741
-1.493202
-1.324278
-1.122683
-0.921715
-1.004205
-1.185645
-1.354338
-1.549838
-1.740089
-1.920417
-2.080770
-2.183604
-2.208367
-2.135334
-2.048476
-1.941593
-1.867575
-1.847532
-1.767927
-1.648193
-1.490348
-1.319404
-1.117835
-0.916820
-1.002612
-1.156352
-1.314996
-1.514472
-1.707656
-1.890674
-2.051022
-2.137627
-2.172331
-2.113013
-2.034945
-1.975586
-1.854978
-1.842624
-1.769972
-1.657011
-1.522664
-1.343898
-1.146196
-0.945158
-1.005181
-1.183048
-1.356336
-1.551474
-1.742505
-1.923446
-2.083428
-2.177902
-2.199808
-2.136400
-2.051267
-1.934458
-1.888319
-1.873123
-1.797036
-1.678095
-1.527152
-1.358115
-1.158929
-0.957925
-1.002238
-1.160223
-1.322105
-1.522184
-1.715789
-1.896706
-2.059047
-2.149586
-2.186796
-2.124836
-2.042629
-1.971251
-1.907514
-1.894357
-1.823846
-1.714496
-1.574511
-1.411243
-1.218562
-1.017579
-1.044766
-1.231010
-1.410076
-1.597557
-1.785429
-1.965626
-2.117778
-2.218577
-2.257894
-2.204173
-2.110298
-2.012829
-1.943458
-1.934660
-1.864595
-1.753264
-1.613885
-1.449448
-1.260398
-1.059398
-1.073312
-1.214256
-1.334046
-1.528523
-1.720717
-1.901440
-2.063939
-2.157015
-2.192250
-2.146312
-2.062284
-1.942148
-1.886562
-1.867865
-1.792549
-1.677383
-1.526275
-1.360065
-1.161377
-0.960376
-1.009206
-1.198148
-1.378422
-1.567156
-1.755762
-1.936008
-2.098357
-2.212193
-2.246911
-2.201652
-2.105839
-1.947311
-1.919437
-1.913823
-1.844500
-1.731664
-1.586967
-1.426392
-1.234465
-1.033448
-1.052183
-1.202819
-1.332664
-1.529053
-1.723988
-1.908494
-2.070877
-2.165659
-2.193627
-2.156942
-2.071466
-1.942337
-1.923039
-1.911514
-1.841052
-1.726333
-1.597329
-1.436739
-1.234983
-1.033983
-0.981614
-1.152154
-1.313474
-1.510052
-1.705196
-1.886994
-2.052469
-2.165275
-2.211346
-2.178704
-2.097221
-2.048802
-1.974390
-1.971071
-1.906924
-1.796058
-1.670945
-1.519859
-1.322997
-1.123087
-1.064138
-1.223989
-1.343762
-1.538073
-1.732928
-1.918180
-2.082519
-2.168870
-2.205335
-2.182870
-2.108068
-2.020755
-1.931689
-1.928582
-1.868182
-1.761272
-1.638216
-1.484919
-1.288689
-1.089606
-1.034228
-1.209848
-1.341624
-1.534026
-1.727671
-1.911574
-2.073364
-2.172457
-2.216773
-2.207151
-2.122187
-2.083473
-1.947008
-1.901917
-1.845472
-1.742328
-1.618570
-1.436213
-1.254932
-1.054454
-0.999747
-1.163603
-1.291919
-1.486399
-1.681813
-1.867235
-2.037746
-2.121472
-2.164071
-2.157037
-2.073160
-1.986244
-1.881667
-1.886607
-1.831602
-1.730757
-1.613673
-1.459097
-1.264291
-1.066273
-1.013822
-1.196718
-1.355958
-1.546566
-1.738159
-1.921126
-2.085863
-2.190835
-2.231699
-2.214932
-2.122365
-2.049295
-1.936688
-1.936797
-1.873669
-1.764307
-1.628227
-1.465014
-1.281644
-1.080621
-1.026058
-1.205483
-1.346920
-1.539237
-1.733613
-1.918884
-2.084849
-2.186146
-2.224059
-2.216152
-2.127131
-2.055168
-1.944157
-1.948250
-1.888920
-1.783179
-1.661884
-1.511377
-1.317601
-1.119020
-1.062223
-1.235426
-1.365294
-1.558011
-1.753408
-1.937284
-2.093381
-2.183016
-2.222812
-2.218520
-2.137392
-2.081605
-1.981381
-1.987419
-1.934822
-1.830864
-1.709883
-1.565375
-1.374609
-1.177722
-1.038060
-1.202319
-1.324330
-1.517369
-1.714256
-1.900329
-2.066379
-2.148722
-2.191687
-2.191860
-2.113313
-2.011365
-1.952990
-1.948919
-1.887576
-1.778705
-1.657218
-1.514239
-1.318094
-1.119664
-0.983011
-1.159879
-1.297458
-1.488620
-1.684355
-1.872063
-2.037645
-2.127221
-2.170737
-2.188174
-2.107927
-2.016448
-1.895880
-1.902026
-1.848050
-1.745233
-1.626900
-1.479487
-1.287570
-1.089095
-0.954293
-1.119054
-1.243274
-1.436785
-1.635048
-1.823157
-1.997908
-2.072877
-2.115090
-2.137727
-2.062985
-1.966674
-1.891506
-1.885074
-1.824105
-1.716401
-1.592956
-1.438793
-1.240671
-1.039486
-0.934018
-1.123544
-1.293261
-1.488173
-1.685180
-1.870446
-2.041605
-2.145854
-2.196123
-2.214081
-2.131330
-2.054909
-1.938200
-1.917915
-1.868697
-1.771215
-1.656723
-1.512051
-1.320621
-1.125486
-0.988852
-1.156498
-1.282873
-1.474952
-1.673223
-1.859481
-2.030378
-2.113770
-2.151867
-2.166842
-2.091495
-2.042643
-1.936435
-1.923195
-1.870085
-1.768481
-1.651430
-1.501962
-1.307461
-1.110349
-0.975802
-1.156049
-1.291153
-1.481731
-1.678724
-1.865109
-2.037682
-2.142897
-2.189472
-2.205800
-2.134091
-2.093333
-1.980588
-1.948550
-1.900623
-1.805187
-1.691818
-1.551453
-1.367431
-1.174551
-1.035645
-1.206421
-1.335999
-1.530175
-1.728047
-1.912009
-2.071208
-2.164005
-2.199984
-2.208082
-2.129595
-2.110935
-2.011135
-1.989041
-1.937442
-1.833553
-1.710190
-1.565533
-1.372881
-1.175123
-0.974274
-1.135619
-1.276630
-1.470337
-1.668278
-1.856034
-2.032664
-2.155403
-2.209260
-2.217849
-2.150155
-2.128123
-2.003838
-1.981315
-1.927903
-1.822541
-1.698191
-1.537469
-1.340605
-1.141234
-0.940445
-1.113032
-1.279920
-1.470961
-1.667976
-1.854658
-2.029951
-2.145875
-2.200814
-2.222932
-2.149268
-2.104573
-1.972837
-1.968912
-1.911738
-1.804816
-1.674840
-1.511946
-1.310174
-1.109068
-0.922937
-1.110513
-1.295615
-1.491777
-1.690693
-1.877465
-2.048557
-2.155571
-2.199294
-2.216876
-2.134123
-2.029266
-1.936862
-1.930585
-1.868482
-1.758460
-1.626678
-1.477142
-1.278508
-1.077652
-0.887996
-1.076095
-1.254386
-1.446803
-1.643998
-1.830761
-2.008036
-2.132461
-2.194417
-2.212349
-2.120352
-2.012655
-1.922858
-1.904763
-1.856125
-1.755517
-1.635528
-1.495531
-1.306286
-1.113616
-0.912738
-1.085464
-1.240382
-1.420857
-1.617358
-1.807022
-1.989021
-2.125394
-2.191786
-2.205676
-2.114140
-2.014958
-1.882739
-1.896728
-1.851112
-1.755970
-1.637419
-1.485016
-1.313012
-1.113872
-0.912970
-1.085819
-1.238300
-1.406548
-1.600941
-1.791103
-1.972972
-2.115899
-2.191268
-2.219267
-2.121149
-2.000462
-1.830488
-1.816387
-1.776748
-1.688258
-1.577559
-1.430549
-1.264556
-1.067199
-0.887999
-1.070850
-1.203845
-1.349681
-1.544598
-1.736800
-1.919178
-2.071080
-2.151913
-2.178841
-2.077735
-1.960720
-1.864376
-1.819919
-1.786931
-1.698519
-1.580586
-1.447612
-1.268536
-1.069296
-0.888026
-1.029513
-1.161417
-1.297398
-1.495549
-1.688475
-1.872740
-2.033602
-2.119277
-2.147243
-2.053888
-1.962003
-1.844129
-1.846318
-1.815940
-1.728053
-1.612878
-1.462262
-1.292365
-1.092953
-0.892000
-1.043393
-1.224382
-1.379184
-1.570061
-1.756983
-1.938714
-2.088237
-2.183649
-2.200232
-2.105253
-1.968738
-1.786001
-1.816338
-1.792451
-1.710699
-1.597169
-1.448877
-1.282068
-1.079012
-0.888001
-1.037072
-1.178683
-1.330391
-1.529508
-1.721139
-1.903528
-2.056879
-2.139622
-2.168680
-2.067749
-1.970591
-1.864236
-1.804301
-1.779021
-1.699806
-1.590521
-1.465626
-1.311527
-1.110023
-0.909061
-1.041795
-1.220445
-1.364413
-1.554463
-1.743963
-1.927079
-2.085455
-2.178315
-2.207854
-2.126821
-2.024463
-1.853191
-1.865177
-1.845983
-1.768868
-1.658982
-1.517753
-1.358676
-1.163716
-0.962776
-1.054994
-1.185313
-1.314622
-1.513663
-1.707541
-1.889659
-2.053827
-2.146400
-2.174224
-2.083439
-1.996286
-1.847811
-1.849033
-1.824797
-1.740747
-1.627083
-1.482594
-1.315259
-1.112581
-0.911557
-1.045493
-1.232111
-1.397001
-1.586709
-1.775790
-1.963341
-2.103430
-2.173960
-2.175390
-2.080789
-1.979364
-1.835065
-1.854711
-1.816601
-1.725844
-1.604412
-1.468000
-1.281194
-1.084074
-0.887998
-1.032025
-1.159017
-1.272781
-1.470775
-1.667163
-1.851007
-2.000876
-2.066503
-2.092254
-2.016973
-1.924992
-1.825588
-1.777198
-1.754468
-1.677419
-1.562497
-1.433359
-1.275588
-1.076944
-0.887996
-1.001782
-1.158852
-1.305482
-1.501473
-1.694085
-1.879163
-2.033844
-2.105909
-2.134886
-2.061132
-1.974348
-1.899663
-1.834265
-1.817189
-1.744349
-1.631931
-1.505901
-1.355791
-1.158002
-0.957081
-0.998738
-1.134343
-1.266795
-1.464680
-1.659047
-1.844218
-2.019481
-2.139340
-2.180695
-2.113841
-2.024882
-1.851407
-1.895446
-1.885932
-1.816154
-1.706676
-1.568824
-1.410997
-1.220601
-1.019678
-1.037827
-1.185448
-1.326117
-1.523532
-1.717323
-1.898877
-2.058309
-2.144317
-2.182298
-2.114621
-2.028397
-1.920350
-1.866429
-1.845314
-1.768031
-1.653663
-1.526218
-1.350490
-1.160768
-0.959803
-1.004097
-1.176064
-1.312259
-1.504198
-1.695331
-1.880569
-2.049207
-2.157424
-2.162043
-2.099863
-2.009174
-1.833066
-1.877977
-1.872421
-1.803850
-1.693731
-1.558212
-1.404599
-1.219167
-1.018177
-1.036429
-1.186636
-1.314578
-1.511140
-1.706645
-1.889598
-2.047532
-2.115357
-2.141950
-2.084619
-2.007853
-1.840413
-1.868269
-1.843991
-1.767417
-1.653395
-1.526440
-1.376219
-1.174742
-0.974992
-1.002782
-1.186143
-1.348851
-1.538644
-1.729828
-1.912442
-2.076681
-2.191885
-2.233759
-2.175460
-2.090044
-1.916824
-1.965453
-1.963980
-1.893490
-1.784382
-1.646888
-1.491447
-1.309656
-1.109315
-1.127068
-1.286220
-1.389869
-1.578373
-1.772935
-1.957428
-2.111511
-2.173249
-2.184371
-2.142023
-2.073266
-1.942713
-1.967831
-1.934281
-1.845930
-1.724824
-1.583208
-1.407280
-1.215003
-1.014030
-0.964250
-1.145273
-1.291665
-1.482692
-1.674173
-1.861035
-2.035533
-2.148413
-2.194214
-2.175467
-2.070124
-1.902245
-1.816538
-1.820489
-1.764160
-1.660028
-1.535676
-1.376509
-1.194458
-0.993374
-0.963033
-1.108162
-1.228301
-1.420201
-1.615776
-1.804261
-1.976229
-2.068760
-2.112889
-2.088545
-1.991252
-1.870104
-1.760911
-1.769256
-1.714035
-1.612389
-1.493741
-1.339305
-1.156068
-0.955042
-0.966627
-1.147894
-1.290058
-1.475769
-1.667486
-1.854040
-2.028605
-2.147233
-2.187098
-2.150394
-2.053251
-1.874117
-1.867692
-1.876648
-1.819130
-1.715238
-1.588369
-1.446314
-1.270843
-1.071847
-1.016423
-1.174643
-1.294340
-1.484632
-1.679577
-1.866439
-2.039496
-2.130193
-2.164635
-2.136809
-2.057833
-1.904617
-1.917005
-1.910790
-1.842204
-1.731917
-1.597303
-1.444311
-1.258860
-1.057745
-1.005354
-1.185670
-1.311757
-1.495195
-1.688290
-1.874171
-2.051321
-2.172127
-2.207964
-2.191683
-2.098644
-1.924202
-1.940110
-1.957867
-1.898480
-1.793833
-1.664058
-1.515622
-1.340512
-1.141930
-1.082325
-1.229172
-1.347205
-1.535335
-1.737242
-1.918021
-2.075272
-2.162707
-2.198612
-2.202946
-2.119035
-1.947290
-1.978165
-1.971654
-1.906149
-1.796142
-1.658680
-1.499446
-1.316633
-1.115422
-1.046153
-1.242912
-1.427587
-1.622092
-1.815179
-1.995476
-2.132272
-2.220178
-2.271543
-2.263010
-2.189004
-2.087892
-2.059757
-2.032132
-1.954019
-1.834617
-1.702227
-1.537617
-1.340520
-1.139480
-1.015666
-1.207688
-1.385073
-1.583976
-1.780115
-1.966067
-2.107778
-2.143291
-2.161673
-2.174083
-2.085166
-1.931116
-1.829991
-1.795462
-1.714217
-1.588476
-1.441769
-1.262282
-1.061036
-0.913495
-0.930941
-1.130083
-1.326040
-1.523178
-1.714802
-1.895326
-2.050964
-2.151665
-2.199518
-2.201682
-2.101848
-1.964640
-1.830305
-1.811272
-1.760724
-1.659951
-1.544868
-1.407827
-1.219881
-1.024036
-0.929961
-1.106890
-1.232747
-1.405934
-1.601921
-1.789801
-1.968432
-2.093073
-2.141437
-2.158239
-2.061620
-1.890892
-1.797230
-1.813577
-1.765696
-1.667342
-1.554108
-1.406549
-1.237066
-1.038412
-0.929134
-1.096557
-1.214292
-1.374750
-1.570147
-1.759021
-1.940086
-2.069238
-2.126368
-2.141824
-2.046879
-1.911018
-1.791615
-1.808130
-1.760328
-1.661245
-1.545194
-1.397702
-1.227817
-1.030874
-0.929379
-1.095815
-1.208468
-1.358976
-1.553867
-1.743361
-1.924852
-2.062557
-2.123812
-2.140191
-2.042347
-1.865869
-1.788579
-1.811734
-1.766984
-1.670094
-1.555049
-1.412283
-1.241859
-1.040702
-0.929248
-1.106061
-1.234637
-1.401662
-1.595131
-1.784321
-1.964059
-2.089923
-2.150236
-2.167774
-2.083286
-1.969237
-1.868084
-1.884576
-1.836337
-1.737187
-1.621923
-1.473982
-1.302974
-1.105068
-0.968348
-1.110743
-1.231382
-1.343203
-1.540878
-1.733441
-1.917311
-2.048484
-2.107818
-2.122974
-2.038094
-1.893077
-1.840786
-1.855583
-1.805709
-1.703907
-1.585922
-1.436797
-1.258581
-1.059682
-0.926159
-1.074823
-1.199563
-1.333074
-1.531000
-1.723656
-1.907666
-2.046204
-2.112251
-2.130708
-2.038618
-1.922728
-1.804102
-1.826500
-1.785171
-1.688877
-1.573739
-1.438591
-1.254471
-1.056514
-0.888000
-1.056124
-1.178772
-1.332335
-1.529715
-1.721535
-1.903344
-2.033950
-2.091806
-2.112395
-2.034408
-1.911804
-1.797079
-1.801143
-1.762037
-1.667635
-1.552744
-1.419034
-1.235928
-1.038540
-0.888079
-1.063365
-1.183684
-1.342370
-1.540140
-1.731771
-1.913362
-2.040924
-2.098075
-2.117741
-2.031559
-1.929329
-1.835837
-1.821118
-1.781797
-1.687463
-1.573497
-1.441457
-1.258700
-1.062315
-0.887999
-1.062523
-1.184629
-1.347452
-1.546582
-1.738780
-1.921067
-2.036598
-2.092009
-2.114312
-2.026447
-1.928192
-1.831902
-1.842005
-1.798579
-1.702271
-1.585343
-1.449482
-1.258860
-1.063434
-0.887999
-1.071569
-1.214913
-1.397298
-1.594897
-1.784602
-1.965461
-2.095420
-2.153010
-2.164253
-2.075663
-2.009224
-1.892165
-1.907668
-1.860097
-1.759069
-1.639571
-1.501390
-1.309107
-1.107584
-0.906665
-1.078525
-1.224459
-1.409953
-1.608255
-1.797484
-1.978538
-2.128589
-2.205898
-2.218354
-2.130949
-2.034106
-1.948871
-1.959837
-1.909298
-1.801349
-1.672375
-1.503796
-1.318448
-1.113391
-0.912332
-1.093180
-1.269477
-1.448781
-1.642440
-1.834383
-2.009613
-2.144836
-2.218863
-2.235651
-2.154846
-2.060424
-1.885050
-1.900327
-1.861239
-1.773032
-1.662435
-1.512297
-1.343996
-1.146240
-0.945276
-1.115942
-1.268333
-1.449455
-1.646829
-1.833251
-2.004753
-2.128912
-2.181143
-2.204107
-2.118315
-2.030941
-1.962652
-1.880925
-1.847366
-1.756990
-1.637743
-1.501360
-1.315588
-1.117208
-0.916230
-1.038990
-1.200640
-1.363782
-1.556984
-1.742135
-1.923865
-2.065350
-2.137351
-2.160312
-2.103195
-1.998147
-1.816621
-1.798746
-1.770316
-1.689092
-1.576187
-1.427186
-1.257844
-1.057973
-0.888000
-1.042041
-1.207279
-1.347779
-1.536552
-1.726456
-1.906167
-2.053827
-2.132510
-2.158040
-2.075358
-1.968101
-1.876314
-1.802719
-1.780116
-1.699938
-1.587376
-1.459163
-1.281737
-1.083981
-0.888033
-1.031061
-1.162983
-1.301706
-1.502394
-1.696224
-1.879407
-2.038232
-2.126936
-2.153482
-2.058813
-1.971951
-1.890226
-1.837703
-1.817968
-1.741929
-1.635084
-1.497823
-1.336728
-1.143651
-0.942671
-1.041213
-1.195927
-1.330314
-1.522342
-1.713427
-1.894134
-2.052138
-2.150951
-2.180563
-2.105814
-1.993519
-1.843064
-1.807420
-1.778934
-1.694806
-1.579274
-1.447565
-1.269339
-1.068929
-0.887999
-1.033946
-1.166025
-1.298940
-1.497910
-1.692049
-1.874680
-2.040748
-2.138091
-2.161254
-2.081302
-1.989533
-1.832975
-1.844082
-1.823218
-1.745474
-1.636856
-1.495853
-1.333557
-1.135447
-0.934525
-1.031870
-1.169425
-1.313737
-1.511581
-1.704225
-1.886725
-2.050492
-2.140488
-2.170366
-2.104173
-2.018619
-1.864260
-1.851108
-1.827812
-1.749628
-1.637661
-1.494526
-1.327102
-1.125861
-0.924894
-1.036917
-1.189476
-1.329296
-1.524246
-1.716506
-1.898438
-2.062630
-2.171375
-2.197652
-2.128509
-2.027092
-1.864144
-1.840419
-1.822520
-1.745445
-1.629490
-1.484581
-1.319938
-1.121812
-0.920822
-1.001119
-1.142813
-1.269031
-1.463911
-1.657754
-1.842179
-2.011695
-2.112655
-2.142188
-2.089057
-2.002059
-1.843441
-1.825811
-1.802791
-1.723088
-1.604272
-1.470726
-1.293598
-1.095021
-0.894035
-0.999991
-1.138916
-1.270777
-1.469792
-1.663990
-1.847399
-2.018023
-2.131544
-2.171575
-2.103057
-2.024137
-1.904590
-1.838231
-1.828864
-1.760681
-1.651694
-1.515248
-1.356924
-1.164379
-0.963407
-1.004891
-1.187436
-1.342519
-1.533899
-1.724157
-1.905990
-2.070026
-2.181842
-2.217213
-2.156688
-2.053760
-1.906760
-1.844987
-1.830709
-1.755764
-1.640323
-1.494683
-1.332784
-1.137127
-0.936105
-1.002842
-1.162442
-1.298646
-1.493457
-1.687509
-1.872200
-2.036364
-2.130377
-2.155860
-2.109864
-2.024252
-1.862098
-1.866082
-1.852214
-1.779526
-1.668246
-1.542747
-1.375590
-1.187823
-0.986816
-1.005836
-1.148860
-1.277087
-1.474442
-1.669944
-1.852364
-2.022282
-2.127464
-2.170177
-2.109690
-2.032137
-1.946695
-1.900099
-1.885239
-1.814186
-1.703095
-1.576456
-1.407686
-1.218373
-1.017420
-1.040372
-1.216901
-1.356432
-1.547598
-1.738920
-1.921992
-2.089486
-2.198583
-2.234012
-2.189895
-2.091333
-1.929646
-1.878422
-1.872163
-1.803545
-1.694522
-1.557099
-1.403109
-1.217385
-1.016377
-1.034564
-1.174719
-1.293624
-1.488425
-1.684096
-1.870003
-2.031862
-2.127756
-2.158429
-2.133011
-2.048666
-1.896964
-1.871762
-1.861252
-1.791171
-1.677461
-1.551136
-1.402168
-1.201837
-1.000823
-0.962584
-1.111126
-1.237684
-1.433533
-1.629761
-1.814872
-1.992911
-2.116685
-2.157254
-2.129439
-2.045685
-1.920350
-1.867725
-1.858787
-1.790372
-1.675739
-1.530937
-1.369072
-1.174075
-0.973070
-0.965606
-1.143537
-1.280393
-1.474086
-1.668093
-1.853664
-2.028413
-2.151319
-2.193236
-2.172861
-2.082901
-1.951930
-1.827761
-1.826808
-1.761957
-1.651018
-1.512350
-1.337860
-1.145769
-0.944712
-0.966104
-1.142205
-1.270830
-1.463183
-1.657413
-1.844280
-2.013873
-2.122246
-2.160918
-2.143831
-2.054909
-1.957661
-1.837016
-1.820649
-1.763205
-1.662546
-1.540580
-1.372957
-1.187428
-0.986354
-0.965601
-1.140555
-1.274665
-1.466692
-1.660901
-1.847506
-2.015575
-2.123722
-2.170475
-2.155047
-2.066531
-1.965288
-1.847117
-1.814724
-1.764910
-1.671865
-1.557205
-1.401307
-1.225209
-1.025151
-0.974111
-1.152631
-1.294382
-1.480165
-1.672080
-1.857949
-2.026090
-2.142284
-2.190952
-2.178823
-2.076565
-1.941865
-1.817542
-1.811084
-1.754389
-1.655700
-1.530913
-1.382445
-1.202508
-1.001448
-0.966378
-1.146725
-1.287137
-1.465899
-1.657428
-1.844502
-2.006529
-2.109160
-2.159172
-2.161705
-2.070449
-1.912931
-1.835556
-1.847444
-1.794157
-1.694368
-1.574037
-1.430209
-1.255031
-1.054600
-0.999658
-1.143742
-1.255781
-1.420318
-1.614896
-1.803010
-1.983086
-2.111026
-2.156223
-2.149973
-2.063203
-1.890272
-1.879332
-1.893308
-1.830998
-1.724095
-1.594423
-1.443732
-1.260058
-1.054461
-0.923406
-1.095160
-1.250210
-1.442017
-1.637037
-1.824229
-2.004299
-2.136925
-2.189708
-2.177144
-2.092981
-1.932294
-1.949873
-1.954405
-1.891539
-1.783957
-1.656425
-1.496414
-1.312447
-1.111427
-0.975320
-1.130236
-1.256562
-1.411397
-1.608574
-1.799978
-1.979562
-2.093285
-2.145390
-2.139043
-2.058912
-1.945852
-1.929365
-1.925323
-1.858640
-1.748329
-1.621452
-1.460695
-1.273911
-1.072855
-0.940614
-1.123659
-1.259705
-1.442416
-1.638457
-1.827486
-2.004823
-2.107409
-2.154299
-2.161038
-2.076625
-1.960434
-1.916538
-1.918462
-1.861207
-1.756660
-1.637569
-1.496017
-1.304813
-1.103625
-0.968410
-1.141372
-1.271254
-1.463892
-1.662135
-1.849511
-2.019529
-2.107316
-2.137692
-2.163368
-2.088847
-1.988697
-1.936010
-1.931642
-1.870698
-1.763406
-1.641480
-1.494040
-1.311023
-1.109886
-0.988807
-1.171983
-1.328366
-1.527321
-1.724882
-1.910415
-2.069799
-2.129516
-2.151070
-2.177231
-2.108686
-1.993803
-1.962997
-1.942157
-1.871455
-1.756269
-1.624292
-1.463466
-1.274476
-1.073222
-0.993565
-1.190146
-1.381688
-1.579907
-1.774254
-1.957303
-2.105861
-2.174398
-2.198756
-2.213525
-2.139553
-2.031986
-1.982024
-1.963506
-1.895262
-1.784451
-1.658625
-1.506182
-1.324332
-1.123383
-1.019012
-1.205149
-1.353361
-1.552494
-1.750669
-1.937043
-2.087415
-2.137803
-2.148441
-2.174232
-2.101495
-2.013921
-1.938002
-1.940776
-1.884282
-1.780980
-1.661597
-1.519263
-1.353833
-1.165590
-0.965258
-1.121379
-1.269465
-1.466122
-1.664456
-1.850490
-2.020242
-2.124357
-2.171075
-2.184288
-2.116144
-2.054631
-1.992175
-1.992980
-1.935465
-1.828624
-1.703161
-1.560479
-1.391226
-1.199287
-0.998470
-1.143748
-1.279256
-1.470774
-1.670062
-1.859552
-2.033436
-2.131989
-2.176472
-2.191344
-2.119004
-2.062591
-1.995613
-1.997401
-1.939414
-1.832428
-1.708680
-1.563540
-1.374910
-1.173839
-0.972968
-1.132023
-1.269876
-1.454848
-1.653304
-1.843994
-2.020705
-2.131373
-2.183961
-2.204759
-2.127720
-2.046084
-1.978153
-1.974337
-1.913852
-1.804957
-1.678850
-1.524847
-1.330091
-1.128915
-0.948742
-1.129489
-1.294764
-1.487141
-1.686176
-1.875313
-2.047842
-2.135582
-2.172424
-2.203578
-2.121455
-2.016679
-1.920200
-1.911828
-1.849841
-1.741941
-1.612420
-1.453760
-1.258982
-1.057798
-0.915104
-1.106088
-1.279687
-1.476458
-1.675555
-1.863163
-2.032806
-2.108024
-2.131563
-2.166185
-2.086027
-1.998296
-1.881219
-1.879032
-1.825356
-1.728451
-1.610312
-1.467682
-1.297216
-1.099507
-0.923222
-1.104100
-1.263678
-1.462408
-1.660138
-1.843508
-2.007298
-2.108892
-2.166231
-2.207497
-2.128776
-2.048699
-1.991254
-1.918699
-1.873964
-1.782887
-1.671301
-1.540143
-1.388596
-1.215452
-1.028840
-1.186275
-1.321728
-1.514390
-1.710181
-1.898432
-2.017098
-2.098141
-2.158684
-2.206978
-2.145735
-2.099912
-2.008203
-2.026921
-1.986284
-1.889695
-1.771908
-1.635990
-1.462568
-1.273925
-1.073007
-1.229759
-1.363037
-1.555856
-1.755752
-1.939329
-2.100440
-2.209469
-2.275030
-2.279803
-2.219655
-2.167928
-2.146555
-2.154542
-2.099388
-2.003880
-1.877615
-1.717368
-1.546051
-1.351084
-1.150097
-1.232759
-1.364611
-1.501506
-1.695767
-1.885698
-2.052922
-2.155769
-2.217188
-2.247669
-2.191006
-2.121085
-1.973417
-1.945325
-1.891441
-1.785420
-1.654518
-1.509390
-1.325492
-1.128078
-0.927248
-1.024042
-1.162112
-1.291572
-1.490085
-1.683763
-1.864863
-2.022239
-2.121351
-2.166441
-2.083106
-2.012646
-1.915238
-1.902177
-1.862817
-1.774100
-1.655582
-1.515120
-1.329489
-1.127849
-0.944258
-1.066908
-1.260074
-1.451588
-1.648031
-1.834654
-2.009014
-2.135410
-2.188099
-2.217440
-2.148363
-2.077525
-2.019167
-1.917173
-1.887569
-1.807605
-1.695984
-1.562689
-1.383529
-1.194555
-0.993591
-1.083027
-1.219076
-1.385150
-1.585014
-1.775730
-1.955610
-2.097817
-2.166674
-2.191627
-2.115901
-2.068281
-2.025712
-1.928389
-1.897584
-1.813841
-1.697251
-1.547405
-1.379552
-1.183077
-0.982246
-1.079615
-1.242640
-1.433035
-1.630835
-1.819704
-1.994435
-2.132073
-2.206606
-2.229791
-2.158997
-2.096591
-1.980600
-1.985738
-1.957549
-1.873310
-1.755910
-1.606984
-1.439877
-1.241986
-1.041091
-1.126576
-1.262430
-1.414343
-1.614767
-1.806960
-1.985268
-2.125170
-2.200120
-2.227304
-2.150321
-2.081788
-2.018866
-1.922351
-1.892520
-1.809691
-1.693447
-1.546317
-1.379872
-1.181936
-0.981061
-1.080421
-1.244643
-1.406336
-1.600461
-1.791093
-1.968574
-2.114962
-2.207118
-2.234715
-2.161719
-2.075291
-1.996879
-1.895891
-1.871574
-1.788707
-1.664885
-1.521906
-1.333100
-1.132241
-0.931297
-1.002040
-1.158422
-1.328095
-1.525618
-1.718224
-1.898372
-2.062724
-2.153744
-2.183699
-2.130880
-2.060718
-1.944004
-1.928745
-1.904249
-1.822680
-1.703717
-1.568795
-1.393858
-1.197826
-0.996901
-1.013663
-1.161055
-1.304802
-1.504115
-1.697059
-1.876297
-2.041926
-2.155741
-2.204407
-2.133790
-2.064493
-2.007437
-1.917577
-1.901936
-1.830600
-1.721380
-1.597288
-1.426580
-1.239943
-1.038948
-1.060447
-1.234632
-1.401849
-1.595806
-1.786664
-1.966004
-2.115292
-2.207849
-2.233411
-2.171446
-2.078505
-1.975842
-1.899680
-1.880100
-1.801450
-1.681445
-1.543027
-1.371737
-1.167354
-0.966329
-0.997480
-1.159041
-1.316536
-1.515529
-1.710138
-1.891340
-2.055519
-2.150536
-2.185508
-2.133168
-2.058440
-1.946723
-1.935805
-1.921171
-1.848327
-1.735127
-1.600590
-1.428407
-1.235780
-1.034782
-1.054129
-1.214832
-1.369712
-1.567453
-1.761294
-1.942797
-2.100985
-2.194788
-2.224830
-2.185447
-2.103850
-1.964914
-1.952344
-1.935566
-1.857792
-1.739673
-1.589374
-1.425114
-1.230663
-1.029688
-1.048871
-1.207511
-1.364246
-1.563892
-1.758435
-1.938428
-2.091625
-2.176318
-2.208613
-2.163156
-2.090200
-1.996867
-1.981349
-1.962711
-1.887874
-1.774343
-1.648321
-1.473020
-1.286378
-1.085391
-1.101528
-1.257512
-1.390905
-1.587285
-1.781121
-1.962857
-2.114178
-2.206588
-2.239969
-2.203619
-2.117912
-2.070057
-1.926406
-1.918570
-1.850405
-1.736136
-1.605584
-1.443086
-1.242609
-1.041622
-0.988132
-1.150346
-1.320335
-1.518565
-1.713853
-1.896599
-2.064724
-2.165230
-2.200632
-2.177911
-2.097425
-2.056314
-1.964725
-1.954417
-1.884453
-1.770435
-1.641424
-1.467415
-1.275661
-1.074748
-1.017980
-1.175304
-1.315362
-1.515000
-1.709704
-1.892142
-2.051539
-2.136641
-2.182210
-2.148351
-2.076511
-2.012458
-1.965702
-1.949466
-1.879937
-1.766776
-1.639386
-1.477871
-1.275590
-1.074340
-1.023125
-1.215337
-1.394663
-1.579390
-1.766826
-1.949007
-2.109913
-2.219009
-2.275106
-2.260187
-2.156465
-2.107728
-1.977929
-1.908723
-1.855759
-1.760495
-1.636108
-1.497873
-1.328131
-1.131992
-1.072770
-1.235254
-1.353216
-1.539991
-1.733323
-1.917982
-2.053913
-2.131945
-2.163637
-2.155557
-2.068363
-2.013247
-1.886062
-1.831236
-1.780361
-1.685857
-1.573128
-1.428694
-1.256637
-1.063706
-1.007399
-1.151198
-1.268549
-1.461970
-1.657422
-1.842982
-1.987203
-2.086765
-2.142054
-2.143749
-2.069644
-2.015740
-1.908163
-1.842862
-1.796205
-1.701100
-1.585118
-1.443259
-1.274193
-1.076529
-1.018215
-1.153413
-1.267639
-1.450103
-1.645119
-1.832510
-2.000090
-2.101583
-2.135898
-2.134384
-2.065342
-1.912170
-1.890129
-1.891493
-1.830836
-1.725436
-1.599753
-1.449685
-1.273852
-1.072949
-1.017479
-1.174307
-1.309247
-1.507193
-1.702829
-1.884665
-2.040963
-2.151784
-2.211634
-2.218405
-2.150141
-2.074445
-2.047244
-2.048987
-1.983508
-1.874091
-1.748365
-1.583709
-1.407256
-1.204630
-1.063958
-1.165417
-1.312350
-1.505165
-1.702229
-1.883574
-2.049205
-2.165741
-2.229953
-2.207032
-2.153996
-2.090127
-2.125102
-2.098769
-2.021070
-1.896342
-1.751315
-1.563511
-1.368856
-1.167655
-1.030968
-1.219906
-1.376527
-1.551448
-1.742760
-1.928621
-2.099260
-2.213534
-2.254339
-2.247996
-2.157469
-2.059557
-1.989982
-1.983512
-1.916723
-1.803202
-1.674689
-1.521578
-1.326085
-1.125464
-0.989996
-1.169766
-1.304870
-1.497091
-1.696837
-1.881378
-2.045959
-2.134735
-2.155884
-2.164595
-2.077438
-1.981098
-1.893800
-1.900499
-1.844783
-1.739145
-1.607402
-1.451317
-1.269415
-1.068392
-0.936154
-1.120118
-1.281349
-1.475944
-1.672636
-1.859284
-2.030717
-2.136009
-2.178983
-2.178790
-2.091868
-1.990838
-1.884210
-1.881203
-1.821970
-1.716219
-1.594859
-1.444605
-1.246300
-1.045389
-0.928500
-1.118290
-1.307915
-1.495825
-1.687486
-1.868680
-2.032305
-2.147348
-2.210519
-2.229424
-2.143031
-2.021005
-1.889145
-1.874731
-1.822280
-1.721748
-1.609740
-1.471169
-1.281556
-1.084480
-0.953020
-1.141371
-1.286174
-1.430757
-1.619400
-1.806423
-1.985482
-2.110845
-2.172995
-2.200441
-2.104481
-1.964182
-1.821426
-1.809234
-1.770813
-1.678031
-1.567857
-1.426091
-1.262134
-1.066562
-0.934306
-1.111877
-1.226767
-1.381371
-1.576721
-1.765320
-1.947633
-2.089799
-2.145228
-2.146816
-2.046705
-1.884196
-1.803193
-1.823469
-1.777671
-1.676198
-1.551646
-1.402058
-1.209521
-1.008426
-0.888151
-1.072533
-1.219608
-1.398247
-1.593994
-1.783487
-1.970200
-2.115289
-2.168888
-2.163285
-2.069823
-1.891603
-1.879773
-1.889043
-1.836625
-1.729935
-1.603593
-1.458674
-1.261861
-1.060877
-0.887999
-1.069802
-1.196816
-1.370329
-1.569495
-1.760427
-1.943054
-2.080759
-2.141076
-2.157345
-2.068641
-1.940298
-1.839079
-1.847571
-1.807910
-1.711803
-1.594754
-1.435989
-1.260463
-1.059411
-0.888000
-1.080316
-1.264943
-1.447340
-1.639031
-1.825695
-2.002054
-2.131652
-2.195991
-2.210162
-2.111236
-1.995417
-1.823301
-1.847802
-1.813627
-1.722010
-1.607845
-1.453427
-1.278792
-1.072878
-0.887999
-1.080961
-1.256498
-1.413980
-1.605016
-1.792388
-1.969628
-2.105389
-2.177160
-2.191969
-2.095876
-1.983017
-1.851222
-1.874167
-1.835093
-1.741876
-1.625253
-1.471635
-1.297056
-1.097251
-0.896338
-1.067958
-1.213682
-1.374309
-1.570608
-1.761448
-1.943892
-2.096934
-2.175946
-2.195949
-2.095962
-1.993406
-1.826787
-1.828948
-1.794950
-1.702473
-1.586938
-1.435990
-1.262908
-1.058686
-0.888000
-1.080149
-1.247035
-1.403275
-1.593522
-1.776106
-1.954998
-2.088086
-2.139248
-2.149295
-2.051731
-1.911415
-1.822378
-1.834333
-1.784182
-1.682938
-1.559128
-1.416615
-1.247720
-1.053186
-0.888000
-1.069150
-1.197107
-1.333106
-1.531141
-1.724329
-1.908615
-2.061357
-2.133206
-2.149598
-2.054637
-1.963450
-1.792968
-1.823440
-1.790884
-1.701001
-1.588312
-1.442683
-1.273179
-1.073628
-0.887997
-1.042190
-1.215855
-1.380419
-1.572058
-1.758078
-1.943695
-2.088898
-2.157812
-2.175535
-2.089683
-1.982189
-1.795092
-1.805098
-1.781466
-1.703474
-1.595120
-1.462238
-1.292639
-1.097878
-0.896859
-1.035256
-1.172001
-1.297202
-1.491610
-1.683594
-1.867270
-2.017931
-2.084803
-2.116697
-2.025219
-1.921669
-1.817286
-1.752162
-1.730601
-1.653077
-1.545679
-1.423572
-1.250123
-1.056713
-0.888000
-1.028372
-1.151636
-1.270941
-1.467451
-1.660572
-1.846440
-2.012324
-2.120452
-2.143358
-2.056167
-1.947722
-1.769946
-1.795465
-1.777675
-1.701507
-1.592752
-1.453377
-1.291761
-1.092641
-0.891649
-1.035730
-1.172997
-1.315275
-1.513138
-1.705407
-1.888287
-2.051048
-2.146852
-2.180165
-2.093322
-1.992940
-1.860768
-1.804475
-1.783636
-1.707290
-1.599379
-1.460769
-1.298643
-1.104053
-0.903102
-1.035980
-1.173400
-1.293443
-1.486734
-1.678902
-1.862236
-2.025247
-2.123786
-2.145202
-2.071599
-1.966561
-1.789456
-1.803199
-1.782782
-1.704511
-1.593119
-1.450691
-1.290304
-1.092495
-0.891447
-1.035493
-1.165852
-1.291397
-1.488418
-1.682117
-1.865990
-2.029799
-2.115671
-2.146443
-2.059215
-1.962558
-1.809478
-1.771401
-1.753104
-1.678342
-1.571551
-1.436631
-1.276305
-1.081035
-0.887997
-1.038247
-1.178799
-1.288860
-1.478860
-1.671181
-1.855016
-2.018769
-2.117234
-2.142112
-2.075797
-1.972801
-1.794029
-1.804043
-1.790358
-1.718013
-1.614895
-1.483831
-1.332701
-1.145254
-0.944203
-0.997366
-1.137564
-1.261579
-1.460596
-1.655668
-1.838069
-2.006723
-2.111812
-2.151201
-2.057688
-1.967236
-1.847602
-1.805471
-1.788993
-1.715844
-1.604156
-1.476489
-1.303590
-1.111395
-0.910427
-1.003308
-1.166835
-1.295658
-1.486913
-1.678510
-1.862961
-2.030484
-2.145662
-2.179692
-2.115741
-2.007479
-1.827068
-1.777886
-1.772965
-1.705913
-1.599771
-1.469422
-1.316754
-1.128332
-0.927317
-0.999896
-1.131310
-1.240408
-1.430483
-1.624784
-1.812248
-1.974087
-2.065221
-2.089950
-2.043276
-1.947537
-1.783491
-1.735554
-1.722731
-1.652098
-1.540794
-1.412512
-1.242792
-1.044980
-0.888000
-0.999202
-1.128522
-1.252664
-1.449749
-1.644396
-1.830608
-1.999473
-2.112532
-2.135259
-2.072099
-1.970114
-1.788391
-1.767031
-1.768252
-1.705844
-1.603474
-1.471014
-1.316146
-1.123257
-0.922229
-1.005325
-1.185246
-1.337193
-1.528588
-1.719998
-1.904155
-2.069599
-2.169928
-2.200139
-2.141237
-2.046071
-1.872079
-1.879475
-1.875504
-1.809106
-1.703029
-1.568997
-1.418120
-1.234269
-1.033238
-1.051790
-1.204071
-1.325551
-1.518806
-1.712865
-1.897540
-2.064909
-2.151026
-2.172000
-2.116985
-2.035750
-1.867583
-1.886733
-1.876911
-1.808788
-1.701162
-1.563782
-1.407515
-1.216151
-1.015616
-1.037901
-1.201094
-1.325537
-1.517429
-1.710691
-1.896294
-2.064415
-2.169718
-2.202708
-2.169355
-2.071666
-1.894202
-1.867274
-1.866117
-1.800534
-1.694026
-1.559931
-1.408874
-1.225088
-1.024015
-1.045602
-1.207014
-1.326172
-1.512744
-1.706177
-1.892158
-2.056153
-2.149015
-2.181648
-2.146465
-2.050983
-1.926257
-1.851416
-1.846738
-1.783371
-1.674744
-1.550381
-1.393474
-1.199418
-0.998369
-0.964925
-1.135238
-1.267180
-1.460243
-1.654309
-1.840560
-2.015395
-2.127324
-2.164078
-2.137571
-2.044051
-1.912087
-1.827736
-1.824048
-1.760091
-1.649196
-1.509408
-1.354154
-1.165646
-0.964590
-0.965301
-1.137164
-1.269951
-1.463076
-1.657454
-1.843780
-2.017222
-2.124461
-2.160721
-2.138899
-2.046274
-1.929745
-1.827104
-1.830530
-1.771079
-1.665756
-1.529372
-1.378907
-1.196412
-0.995378
-0.965558
-1.140647
-1.276577
-1.468901
-1.663081
-1.849377
-2.023054
-2.133980
-2.173741
-2.155303
-2.058353
-1.940354
-1.828605
-1.834481
-1.776622
-1.671976
-1.542467
-1.384737
-1.203423
-1.002401
-0.965423
-1.138601
-1.267996
-1.458292
-1.652663
-1.839494
-2.014689
-2.130227
-2.170075
-2.157260
-2.059845
-1.931996
-1.816627
-1.823435
-1.766244
-1.661934
-1.535624
-1.374914
-1.194235
-0.993216
-0.965574
-1.136758
-1.262157
-1.450440
-1.645292
-1.833095
-2.007044
-2.118974
-2.159367
-2.151191
-2.052901
-1.931685
-1.815034
-1.822685
-1.770402
-1.669985
-1.555389
-1.393603
-1.219607
-1.019229
-0.967111
-1.129605
-1.250649
-1.439816
-1.635352
-1.821928
-1.999286
-2.117573
-2.155027
-2.144047
-2.051197
-1.893951
-1.840177
-1.846578
-1.789456
-1.684254
-1.550767
-1.401323
-1.218639
-1.017692
-0.966770
-1.139838
-1.272587
-1.462546
-1.657477
-1.844085
-2.020568
-2.144338
-2.192624
-2.183183
-2.089804
-1.985111
-1.878423
-1.892153
-1.841815
-1.740361
-1.621272
-1.469475
-1.286805
-1.088957
-0.955771
-1.135252
-1.262748
-1.448303
-1.643339
-1.830633
-2.007515
-2.130531
-2.174810
-2.169325
-2.071654
-1.919204
-1.844635
-1.856515
-1.803731
-1.699277
-1.578524
-1.409031
-1.225448
-1.024424
-0.929421
-1.109533
-1.256575
-1.449266
-1.645887
-1.831601
-2.009255
-2.135753
-2.186258
-2.179850
-2.087242
-1.977655
-1.891968
-1.903394
-1.851161
-1.747110
-1.621745
-1.453569
-1.276188
-1.075510
-0.942996
-1.126135
-1.276770
-1.469463
-1.666526
-1.851132
-2.024970
-2.146216
-2.198042
-2.194732
-2.103971
-2.022472
-1.910831
-1.912873
-1.864381
-1.764966
-1.648680
-1.502300
-1.315400
-1.119241
-0.983929
-1.165295
-1.299973
-1.488880
-1.685343
-1.871334
-2.044650
-2.145713
-2.185451
-2.187878
-2.093574
-2.012682
-1.901021
-1.889394
-1.841068
-1.741125
-1.624798
-1.472022
-1.280756
-1.082215
-0.949619
-1.133277
-1.277716
-1.469524
-1.666544
-1.852409
-2.027679
-2.134349
-2.181459
-2.187838
-2.093800
-2.005548
-1.896848
-1.882937
-1.833594
-1.733264
-1.617543
-1.468994
-1.273093
-1.074509
-0.943539
-1.129452
-1.276633
-1.460161
-1.654727
-1.841401
-2.017572
-2.137704
-2.193303
-2.206155
-2.107611
-2.017164
-1.909245
-1.888175
-1.845124
-1.755869
-1.647010
-1.495129
-1.333544
-1.142936
-1.005715
-1.175167
-1.303894
-1.486776
-1.683862
-1.871168
-2.037964
-2.141440
-2.183052
-2.186788
-2.101013
-2.015034
-1.950041
-1.921688
-1.879139
-1.782415
-1.664979
-1.528550
-1.344509
-1.149177
-0.948295
-1.108643
-1.237329
-1.422404
-1.619955
-1.808610
-1.989074
-2.125203
-2.186385
-2.193776
-2.100021
-1.973636
-1.882843
-1.901932
-1.855605
-1.754510
-1.634112
-1.471903
-1.297532
-1.096926
-0.896050
-1.075864
-1.255974
-1.434898
-1.628153
-1.814268
-1.993735
-2.134548
-2.212489
-2.229184
-2.135888
-2.033624
-1.924833
-1.940907
-1.894631
-1.790975
-1.665468
-1.519873
-1.329736
-1.131404
-0.930573
-1.104944
-1.249433
-1.422065
-1.619763
-1.807756
-1.985566
-2.127667
-2.197940
-2.210307
-2.125550
-2.063535
-1.956369
-1.968423
-1.923298
-1.825021
-1.708843
-1.571013
-1.384022
-1.189996
-0.989103
-1.154600
-1.288050
-1.465984
-1.664314
-1.852413
-2.029268
-2.150725
-2.203987
-2.214020
-2.144663
-2.078279
-1.964402
-1.939786
-1.895403
-1.797041
-1.679863
-1.539860
-1.349154
-1.151720
-0.950812
-1.124980
-1.290289
-1.467655
-1.662812
-1.849951
-2.027073
-2.155249
-2.228548
-2.244984
-2.147647
-2.062502
-1.966221
-1.942279
-1.897593
-1.800803
-1.683005
-1.529392
-1.361745
-1.169003
-0.967971
-1.133444
-1.287078
-1.479451
-1.679139
-1.865073
-2.035410
-2.148393
-2.192150
-2.193728
-2.110526
-2.033954
-1.957325
-1.955690
-1.911201
-1.814288
-1.697140
-1.559088
-1.370223
-1.174704
-0.973758
-1.148571
-1.322095
-1.488896
-1.682088
-1.869377
-2.044250
-2.161762
-2.225932
-2.246450
-2.169300
-2.082192
-2.008527
-1.928510
-1.890968
-1.801426
-1.683849
-1.550228
-1.390359
-1.188975
-0.986787
-1.081279
-1.231442
-1.416321
-1.615555
-1.802984
-1.978180
-2.110162
-2.170465
-2.192297
-2.120751
-2.054516
-1.958853
-1.964674
-1.922093
-1.825390
-1.700388
-1.548063
-1.373111
-1.174389
-0.973426
-1.070832
-1.230863
-1.392283
-1.586857
-1.775432
-1.960704
-2.106855
-2.181564
-2.200366
-2.129063
-2.022101
-1.890617
-1.915881
-1.880384
-1.789362
-1.666758
-1.528888
-1.353905
-1.154637
-0.953623
-1.047219
-1.187026
-1.358275
-1.559045
-1.749484
-1.928804
-2.081405
-2.171656
-2.204035
-2.120229
-2.054191
-1.999632
-1.939205
-1.907258
-1.817697
-1.702578
-1.555265
-1.388050
-1.189905
-0.988973
-1.083314
-1.221984
-1.368132
-1.564770
-1.758434
-1.944986
-2.088127
-2.162630
-2.181704
-2.111187
-2.019825
-1.882641
-1.865422
-1.831264
-1.745679
-1.630073
-1.492007
-1.312826
-1.117143
-0.916148
-1.036443
-1.185092
-1.348068
-1.545820
-1.737204
-1.917330
-2.057177
-2.106446
-2.136518
-2.063480
-1.984946
-1.937420
-1.845422
-1.817724
-1.737821
-1.625747
-1.497259
-1.345003
-1.167846
-0.973324
-1.063903
-1.190521
-1.321105
-1.518207
-1.711850
-1.894695
-2.057217
-2.152431
-2.180836
-2.108196
-2.028534
-1.872788
-1.875308
-1.853375
-1.774113
-1.662229
-1.517513
-1.354948
-1.158066
-0.957139
-1.052549
-1.193243
-1.359254
-1.558517
-1.751412
-1.931390
-2.086021
-2.178410
-2.211617
-2.134122
-2.053158
-1.928849
-1.913945
-1.889795
-1.804907
-1.687387
-1.538195
-1.369986
-1.174391
-0.973434
-1.000490
-1.180853
-1.343880
-1.536891
-1.725752
-1.909223
-2.077912
-2.173549
-2.204497
-2.142995
-2.054060
-1.904136
-1.894911
-1.871121
-1.794168
-1.676924
-1.537935
-1.363441
-1.168363
-0.967390
-0.994650
-1.158699
-1.293202
-1.485984
-1.679220
-1.863029
-2.030325
-2.131305
-2.173485
-2.129600
-2.042884
-1.950104
-1.832770
-1.816468
-1.739914
-1.623127
-1.491572
-1.335842
-1.131971
-0.931006
-0.999697
-1.138534
-1.273140
-1.472690
-1.667207
-1.851029
-2.021473
-2.131987
-2.170864
-2.100194
-2.027231
-1.929433
-1.861689
-1.852687
-1.785935
-1.680226
-1.550617
-1.385634
-1.195650
-0.994704
-1.019135
-1.199706
-1.350982
-1.542492
-1.733470
-1.915221
-2.079923
-2.181909
-2.211149
-2.151334
-2.055538
-1.925789
-1.886107
-1.872114
-1.797234
-1.680404
-1.533629
-1.371228
-1.177659
-0.976617
-0.997133
-1.147954
-1.291909
-1.487406
-1.680041
-1.859665
-2.025678
-2.133021
-2.178349
-2.124045
-2.044620
-1.915439
-1.892811
-1.875367
-1.802635
-1.691894
-1.559739
-1.395628
-1.201620
-1.000654
-1.024729
-1.199933
-1.338606
-1.529614
-1.720864
-1.904352
-2.072859
-2.183570
-2.221036
-2.178035
-2.076887
-1.918742
-1.845760
-1.836579
-1.766397
-1.655866
-1.517599
-1.360890
-1.170069
-0.969040
-0.989938
-1.131858
-1.253907
-1.444559
-1.636874
-1.820363
-1.994021
-2.108150
-2.146879
-2.121584
-2.038251
-1.867497
-1.864064
-1.857762
-1.790177
-1.683306
-1.560369
-1.402014
-1.219539
-1.018484
-0.964460
-1.114145
-1.246005
-1.442126
-1.638297
-1.820664
-1.993719
-2.112860
-2.162435
-2.121006
-2.041920
-1.925081
-1.895519
-1.884350
-1.815341
-1.701309
-1.573502
-1.418491
-1.216619
-1.015631
-0.964978
-1.145704
-1.298062
-1.490627
-1.683154
-1.867210
-2.043474
-2.173145
-2.214914
-2.184315
-2.094751
-1.926863
-1.936831
-1.940655
-1.877110
-1.763946
-1.625034
-1.469121
-1.282302
-1.081299
-1.024478
-1.174138
-1.300470
-1.495699
-1.692059
-1.877687
-2.048575
-2.139323
-2.176908
-2.150880
-2.071313
-1.937796
-1.919715
-1.907294
-1.840161
-1.729390
-1.605839
-1.458994
-1.257856
-1.056782
-1.003988
-1.184221
-1.338535
-1.528962
-1.720775
-1.904232
-2.071910
-2.184429
-2.233811
-2.215534
-2.122831
-2.007886
-1.933853
-1.933102
-1.868222
-1.759250
-1.635148
-1.478428
-1.294346
-1.094611
-1.037666
-1.194786
-1.314176
-1.506788
-1.702340
-1.888845
-2.058215
-2.157435
-2.195097
-2.183094
-2.101576
-1.998114
-1.951615
-1.948478
-1.885287
-1.775873
-1.650534
-1.500914
-1.310139
-1.109727
-1.051506
-1.194742
-1.317425
-1.511367
-1.708673
-1.893348
-2.058468
-2.142255
-2.179770
-2.169118
-2.094575
-2.012337
-1.967949
-1.963699
-1.894359
-1.783910
-1.650361
-1.492609
-1.310509
-1.109454
-1.052023
-1.219983
-1.324699
-1.504470
-1.700921
-1.888967
-2.052077
-2.156482
-2.190895
-2.187835
-2.105840
-2.009529
-1.954603
-1.945270
-1.876548
-1.764084
-1.634347
-1.452277
-1.262307
-1.061391
-1.005933
-1.153567
-1.283508
-1.482225
-1.682344
-1.865700
-2.029229
-2.126661
-2.178590
-2.190961
-2.111522
-2.004588
-1.962794
-1.932073
-1.852229
-1.727318
-1.578889
-1.384037
-1.182853
-0.985697
-0.929818
-1.131252
-1.325489
-1.522838
-1.714687
-1.895449
-2.051868
-2.147997
-2.200020
-2.198470
-2.113859
-1.969995
-1.901389
-1.862108
-1.778148
-1.655967
-1.519343
-1.352892
-1.157305
-0.955950
-0.930034
-1.127689
-1.320721
-1.516820
-1.708459
-1.889883
-2.045463
-2.150791
-2.208495
-2.223676
-2.118121
-1.978647
-1.862046
-1.790089
-1.748321
-1.661403
-1.556679
-1.427790
-1.271828
-1.091667
-0.961743
-1.140703
-1.280378
-1.457759
-1.651575
-1.838207
-2.011271
-2.134065
-2.188330
-2.181961
-2.083858
-1.981826
-1.870000
-1.858650
-1.815271
-1.724441
-1.608454
-1.467959
-1.298811
-1.099554
-0.964938
-1.142393
-1.288312
-1.482857
-1.678059
-1.863013
-2.026742
-2.147895
-2.213831
-2.226561
-2.136261
-2.049106
-2.001500
-1.921324
-1.880840
-1.786801
-1.673390
-1.524953
-1.359210
-1.159941
-1.021151
-1.177245
-1.297168
-1.462547
-1.657933
-1.845829
-2.021407
-2.143106
-2.191583
-2.189931
-2.106903
-1.947214
-1.930693
-1.945553
-1.895387
-1.793678
-1.672830
-1.519101
-1.344470
-1.146422
-1.009685
-1.178510
-1.299688
-1.451277
-1.645443
-1.834382
-2.007260
-2.124793
-2.184372
-2.201651
-2.117992
-2.029263
-1.926762
-1.942922
-1.892556
-1.791398
-1.672772
-1.520220
-1.349223
-1.151201
-1.012347
-1.155160
-1.278270
-1.411500
-1.608948
-1.800046
-1.977816
-2.094222
-2.144903
-2.155461
-2.075446
-1.993847
-1.912211
-1.923226
-1.871300
-1.766904
-1.645696
-1.504222
-1.313312
-1.114631
-0.913781
-1.074429
-1.208020
-1.378968
-1.576429
-1.767059
-1.948003
-2.086734
-2.153776
-2.174463
-2.092656
-2.010010
-1.919761
-1.892881
-1.849636
-1.752719
-1.632912
-1.493596
-1.311326
-1.114116
-0.913135
-1.063798
-1.194280
-1.357137
-1.556354
-1.747820
-1.930518
-2.041085
-2.096984
-2.125726
-2.047371
-1.960862
-1.883336
-1.892686
-1.840748
-1.738400
-1.615923
-1.473525
-1.290921
-1.089751
-0.888843
-1.056596
-1.199759
-1.386169
-1.584047
-1.774933
-1.956062
-2.076349
-2.137345
-2.171165
-2.088119
-1.979274
-1.893556
-1.904128
-1.855451
-1.756405
-1.639503
-1.502089
-1.332602
-1.134153
-0.933221
-1.096184
-1.231164
-1.412809
-1.611699
-1.801393
-1.981329
-2.086133
-2.128926
-2.156408
-2.081602
-2.013838
-1.937116
-1.944127
-1.891390
-1.788717
-1.670350
-1.525688
-1.338727
-1.137558
-0.963125
-1.144649
-1.298678
-1.492966
-1.692644
-1.880423
-2.050845
-2.141640
-2.175304
-2.201881
-2.125594
-2.048212
-1.973966
-1.979203
-1.925573
-1.823718
-1.705140
-1.560088
-1.373843
-1.172667
-0.992091
-1.171733
-1.326126
-1.520781
-1.720710
-1.907859
-2.074277
-2.160603
-2.188557
-2.214487
-2.139651
-2.086196
-1.996585
-2.002559
-1.949487
-1.847785
-1.729728
-1.583503
-1.394572
-1.193430
-1.008420
-1.185698
-1.341738
-1.536449
-1.736416
-1.922653
-2.087806
-2.178898
-2.213425
-2.240179
-2.162075
-2.113510
-2.000186
-2.002845
-1.948895
-1.849838
-1.725991
-1.582591
-1.403395
-1.202572
-1.028841
-1.133490
-1.284678
-1.481203
-1.680294
-1.864948
-2.034025
-2.122277
-2.155759
-2.194552
-2.123385
-2.057639
-1.940912
-1.941118
-1.885531
-1.787124
-1.660638
-1.515171
-1.338988
-1.139085
-0.963455
-1.069600
-1.261974
-1.460074
-1.658434
-1.843625
-2.012868
-2.129858
-2.199282
-2.252921
-2.161713
-2.081584
-2.028641
-1.900962
-1.865106
-1.780737
-1.664631
-1.530518
-1.370685
-1.179186
-0.976983
-1.060808
-1.198280
-1.361296
-1.561333
-1.753664
-1.934019
-2.071848
-2.139168
-2.167305
-2.087298
-2.040802
-2.017674
-1.915514
-1.889385
-1.810288
-1.699717
-1.566543
-1.402840
-1.215125
-1.014218
-1.103582
-1.247372
-1.437430
-1.636418
-1.824413
-1.997251
-2.119006
-2.180106
-2.208222
-2.137135
-2.093699
-2.024297
-1.959124
-1.922006
-1.824306
-1.700654
-1.543548
-1.370890
-1.170549
-0.969545
-1.066450
-1.212386
-1.381542
-1.579096
-1.769967
-1.950127
-2.101372
-2.182859
-2.211638
-2.157051
-2.100662
-1.938695
-1.946082
-1.915384
-1.824944
-1.705150
-1.552542
-1.383706
-1.183609
-0.982601
-1.082417
-1.243334
-1.414295
-1.608354
-1.800615
-1.974727
-2.117231
-2.199033
-2.216423
-2.157224
-2.064585
-1.887460
-1.902809
-1.883451
-1.805282
-1.691847
-1.542951
-1.377568
-1.179043
-0.978029
-1.075806
-1.227852
-1.374971
-1.573113
-1.763120
-1.943196
-2.088070
-2.154558
-2.182642
-2.113733
-2.049320
-2.010113
-1.878841
-1.866049
-1.796247
-1.688434
-1.565555
-1.384859
-1.194735
-0.993762
-1.014067
-1.179795
-1.349689
-1.547436
-1.738572
-1.920266
-2.073058
-2.155453
-2.185146
-2.130593
-2.060166
-2.031940
-1.886010
-1.867299
-1.789829
-1.667848
-1.510124
-1.342673
-1.142457
-0.941524
-1.002444
-1.171469
-1.364188
-1.564834
-1.755508
-1.934597
-2.085803
-2.168098
-2.203146
-2.126044
-2.073983
-2.012847
-1.942996
-1.931261
-1.864536
-1.756126
-1.631863
-1.457816
-1.271440
-1.070483
-1.090499
-1.267757
-1.432843
-1.625808
-1.815730
-1.992439
-2.131191
-2.214515
-2.240804
-2.183197
-2.094497
-2.026687
-1.892167
-1.873497
-1.794002
-1.677066
-1.540781
-1.370308
-1.166913
-0.965953
-0.996384
-1.151356
-1.306624
-1.504978
-1.697699
-1.877562
-2.042090
-2.134482
-2.174870
-2.120934
-2.051648
-1.997925
-1.918072
-1.901475
-1.827294
-1.713331
-1.580355
-1.403481
-1.210629
-1.009670
-1.033364
-1.209369
-1.390410
-1.585773
-1.777395
-1.957328
-2.112478
-2.205944
-2.233358
-2.182008
-2.095998
-1.995775
-1.967011
-1.956227
-1.884748
-1.768656
-1.624976
-1.464040
-1.273248
-1.072262
-1.085862
-1.225882
-1.352454
-1.549980
-1.742861
-1.921667
-2.078393
-2.175531
-2.216115
-2.168982
-2.089646
-2.006740
-1.941735
-1.921769
-1.847021
-1.732431
-1.593343
-1.423720
-1.229576
-1.028616
-1.053891
-1.238577
-1.401635
-1.591884
-1.781740
-1.962691
-2.116872
-2.211866
-2.244567
-2.207380
-2.114408
-2.032620
-1.922778
-1.911359
-1.837317
-1.717132
-1.579920
-1.410893
-1.208530
-1.007676
-0.960700
-1.123798
-1.300307
-1.498117
-1.692288
-1.874436
-2.046385
-2.164702
-2.209251
-2.180765
-2.106438
-1.993484
-1.974020
-1.967119
-1.899762
-1.787187
-1.650569
-1.486764
-1.301756
-1.100744
-1.043313
-1.205869
-1.343508
-1.542034
-1.736710
-1.918513
-2.075913
-2.162792
-2.204965
-2.160092
-2.086221
-2.013772
-1.987219
-1.971928
-1.901443
-1.786862
-1.658381
-1.506343
-1.303145
-1.101996
-1.047800
-1.238315
-1.417118
-1.601282
-1.788262
-1.969951
-2.123245
-2.226651
-2.289700
-2.274550
-2.171610
-1.997622
-1.937824
-1.949649
-1.890731
-1.789458
-1.664938
-1.519883
-1.348129
-1.150577
-1.087786
-1.214594
-1.330942
