-1.876075
-1.923210
-1.900791
-1.880102
-1.863630
-1.970428
-2.057417
-2.110172
-2.157191
-2.195975
-2.222533
-2.240123
-2.237153
-2.200634
-2.103668
-1.933171
-1.773141
-1.684058
-1.615794
-1.535777
-1.447494
-1.320363
-1.128841
-0.933733
-0.993585
-1.194566
-1.385988
-1.513701
-1.577771
-1.611934
-1.622379
-1.637921
-1.614357
-1.604273
-1.612077
-1.612988
-1.533570
-1.499648
-1.501019
-1.458600
-1.399625
-1.317792
-1.220557
-1.123943
-1.083369
-1.279310
-1.436702
-1.508339
-1.497513
-1.473352
-1.473413
-1.501960
-1.548659
-1.589799
-1.610053
-1.596650
-1.513454
-1.402021
-1.355207
-1.310219
-1.250087
-1.179665
-1.091795
-0.998840
-0.960955
-1.160051
-1.346072
-1.440064
-1.447040
-1.432209
-1.442896
-1.484298
-1.563434
-1.619170
-1.632597
-1.609171
-1.535975
-1.453080
-1.300047
-1.286773
-1.252166
-1.196298
-1.119424
-1.042293
-1.019509
-1.211041
-1.400613
-1.510770
-1.539271
-1.532877
-1.530433
-1.552794
-1.619912
-1.662097
-1.656096
-1.616770
-1.535054
-1.437716
-1.334102
-1.309687
-1.267958
-1.209910
-1.130811
-1.050079
-1.025578
-1.216735
-1.412119
-1.523490
-1.551193
-1.548710
-1.547808
-1.565264
-1.619820
-1.651419
-1.645399
-1.612256
-1.535542
-1.448635
-1.343695
-1.323465
-1.287181
-1.234069
-1.157235
-1.079429
-1.059079
-1.254311
-1.430094
-1.506903
-1.506050
-1.499738
-1.510250
-1.551079
-1.601644
-1.630212
-1.635709
-1.614247
-1.531777
-1.408944
-1.374068
-1.335706
-1.283306
-1.213541
-1.123229
-1.030133
-0.994267
-1.191590
-1.372501
-1.453559
-1.454077
-1.440504
-1.454050
-1.501494
-1.565589
-1.610476
-1.622430
-1.599736
-1.528172
-1.446372
-1.317574
-1.297412
-1.261431
-1.207388
-1.130663
-1.052746
-1.032102
-1.230021
-1.397060
-1.464315
-1.467438
-1.471742
-1.494136
-1.549440
-1.598543
-1.628667
-1.641076
-1.625443
-1.539262
-1.395697
-1.401366
-1.353046
-1.291049
-1.211073
-1.110741
-1.005594
-0.957504
-1.155035
-1.341969
-1.438816
-1.451692
-1.443897
-1.462334
-1.510433
-1.573407
-1.617901
-1.627273
-1.605318
-1.534415
-1.455134
-1.304626
-1.290566
-1.255156
-1.200664
-1.123004
-1.044361
-1.022030
-1.215154
-1.406640
-1.516368
-1.546154
-1.548205
-1.552546
-1.578398
-1.631319
-1.665995
-1.663340
-1.635125
-1.554694
-1.462341
-1.373530
-1.347461
-1.306139
-1.245021
-1.158745
-1.071530
-1.043538
-1.239343
-1.421623
-1.513228
-1.522937
-1.517177
-1.527284
-1.568614
-1.625460
-1.657568
-1.659296
-1.635162
-1.550583
-1.449096
-1.374004
-1.343092
-1.296285
-1.231471
-1.143950
-1.054164
-1.022622
-1.220058
-1.392618
-1.468434
-1.471908
-1.468772
-1.486683
-1.535754
-1.591936
-1.627437
-1.637332
-1.617743
-1.538653
-1.435920
-1.364058
-1.329638
-1.278989
-1.209016
-1.116298
-1.020759
-0.983755
-1.183302
-1.360102
-1.436782
-1.439460
-1.435104
-1.456086
-1.512295
-1.573295
-1.614774
-1.628860
-1.612053
-1.534462
-1.439051
-1.350163
-1.319023
-1.270549
-1.200737
-1.106978
-1.010430
-0.972710
-1.171552
-1.350975
-1.439116
-1.445959
-1.439100
-1.457640
-1.511788
-1.583024
-1.628775
-1.640240
-1.621210
-1.540620
-1.444639
-1.346118
-1.316399
-1.268148
-1.199616
-1.106909
-1.011620
-0.975543
-1.171476
-1.362790
-1.471292
-1.494735
-1.490529
-1.500625
-1.534959
-1.591347
-1.629759
-1.636098
-1.614386
-1.538516
-1.453134
-1.338780
-1.315806
-1.275540
-1.214307
-1.126376
-1.037350
-1.008336
-1.207091
-1.377382
-1.455605
-1.460429
-1.457708
-1.475785
-1.527628
-1.586126
-1.622353
-1.633870
-1.618368
-1.534329
-1.409743
-1.374765
-1.329843
-1.268946
-1.186204
-1.079437
-0.967881
-0.930173
-1.129915
-1.320510
-1.423101
-1.435509
-1.424123
-1.439678
-1.489820
-1.570050
-1.623975
-1.633382
-1.609781
-1.538503
-1.462600
-1.267420
-1.265272
-1.232558
-1.176198
-1.088951
-1.001088
-0.973063
-1.169059
-1.361220
-1.467615
-1.484368
-1.472487
-1.479122
-1.518328
-1.592248
-1.637492
-1.639921
-1.616177
-1.535884
-1.444623
-1.340201
-1.312242
-1.266326
-1.198314
-1.102523
-1.004361
-0.967248
-1.165012
-1.356595
-1.458301
-1.470831
-1.463100
-1.476138
-1.521323
-1.595612
-1.637367
-1.641886
-1.620240
-1.539356
-1.448635
-1.337578
-1.313245
-1.270706
-1.206271
-1.113485
-1.018936
-0.985898
-1.184289
-1.371912
-1.469803
-1.481653
-1.475265
-1.486539
-1.526836
-1.589579
-1.627705
-1.634529
-1.617450
-1.539327
-1.450225
-1.350463
-1.319548
-1.270938
-1.199410
-1.100250
-0.998622
-0.958459
-1.158839
-1.342608
-1.430757
-1.435363
-1.427627
-1.445108
-1.500121
-1.572856
-1.618918
-1.630361
-1.613475
-1.534625
-1.444209
-1.337455
-1.306813
-1.257344
-1.183608
-1.082012
-0.977717
-0.934936
-1.135232
-1.324988
-1.427716
-1.442504
-1.436499
-1.453830
-1.505462
-1.584678
-1.633439
-1.640303
-1.619429
-1.542657
-1.458684
-1.321482
-1.300334
-1.259449
-1.195005
-1.100242
-1.003654
-0.968778
-1.169255
-1.353008
-1.446739
-1.458435
-1.454302
-1.471925
-1.524335
-1.596713
-1.642339
-1.649925
-1.631886
-1.552008
-1.457290
-1.358961
-1.327532
-1.277849
-1.204680
-1.102200
-0.993402
-0.887430
-1.090873
-1.287455
-1.389817
-1.387104
-1.378356
-1.396861
-1.457431
-1.540231
-1.597780
-1.612540
-1.595673
-1.521833
-1.427744
-1.314526
-1.280306
-1.225387
-1.135883
-1.017952
-0.893530
-0.888002
-1.092235
-1.294064
-1.427689
-1.445873
-1.438009
-1.444423
-1.481268
-1.559237
-1.616060
-1.619480
-1.590665
-1.526050
-1.455208
-1.251784
-1.226451
-1.204723
-1.146812
-1.058758
-0.964122
-0.887995
-1.092066
-1.290631
-1.401338
-1.404503
-1.397220
-1.418516
-1.485919
-1.580602
-1.639657
-1.642062
-1.619154
-1.538132
-1.432601
-1.342895
-1.305731
-1.248268
-1.157585
-1.036016
-0.905399
-0.888004
-1.092512
-1.293616
-1.398626
-1.386435
-1.364096
-1.375777
-1.434930
-1.534922
-1.603456
-1.611676
-1.587580
-1.521111
-1.443738
-1.240225
-1.221641
-1.188917
-1.122357
-1.022300
-0.912705
-0.888003
-1.092685
-1.288800
-1.382115
-1.367070
-1.343265
-1.358858
-1.429759
-1.541706
-1.618624
-1.630436
-1.610868
-1.531665
-1.431263
-1.307226
-1.274457
-1.219638
-1.128020
-1.002321
-0.887999
-0.888003
-1.092960
-1.292043
-1.397320
-1.387239
-1.352683
-1.356997
-1.417195
-1.535118
-1.626417
-1.641854
-1.619487
-1.545778
-1.451186
-1.247696
-1.232849
-1.207730
-1.142749
-1.045367
-0.937480
-0.888000
-1.093110
-1.288152
-1.395806
-1.387796
-1.365637
-1.376743
-1.440247
-1.553209
-1.630111
-1.639857
-1.617990
-1.541168
-1.438983
-1.311532
-1.279886
-1.223645
-1.131727
-1.005321
-0.888000
-0.888000
-1.093120
-1.290149
-1.401050
-1.405394
-1.369965
-1.369120
-1.421467
-1.538961
-1.645015
-1.666724
-1.642519
-1.560513
-1.454858
-1.265702
-1.258720
-1.218843
-1.138286
-1.025323
-0.902330
-0.888000
-1.093269
-1.288216
-1.393813
-1.395564
-1.364577
-1.366764
-1.419910
-1.535369
-1.634742
-1.649867
-1.620760
-1.540236
-1.436234
-1.259034
-1.247029
-1.200245
-1.111878
-0.990507
-0.887998
-0.888000
-1.093127
-1.288576
-1.396105
-1.412487
-1.381067
-1.375047
-1.416972
-1.525511
-1.641692
-1.668413
-1.640692
-1.550428
-1.436847
-1.296348
-1.269376
-1.217147
-1.127952
-1.004780
-0.887999
-0.888000
-1.093314
-1.289687
-1.399832
-1.417738
-1.386985
-1.382314
-1.427848
-1.541314
-1.657580
-1.680247
-1.650924
-1.569975
-1.465858
-1.262679
-1.257296
-1.227300
-1.160250
-1.061278
-0.954641
-0.888000
-1.092937
-1.285635
-1.410437
-1.444417
-1.431594
-1.433130
-1.475383
-1.578093
-1.675690
-1.696033
-1.670223
-1.594398
-1.466291
-1.378304
-1.335400
-1.271288
-1.168577
-1.033220
-0.887869
-0.888001
-1.093256
-1.290891
-1.428889
-1.486605
-1.476470
-1.471074
-1.497504
-1.581715
-1.705125
-1.724834
-1.678772
-1.588654
-1.476357
-1.275182
-1.272548
-1.242766
-1.170299
-1.068716
-0.961334
-0.888000
-1.092861
-1.287200
-1.405943
-1.433263
-1.415985
-1.415791
-1.455881
-1.553393
-1.636562
-1.658775
-1.639971
-1.582842
-1.457186
-1.378502
-1.336234
-1.271210
-1.174535
-1.049994
-0.916167
-0.888000
-1.092771
-1.290110
-1.410344
-1.446091
-1.422220
-1.409764
-1.437721
-1.528439
-1.631717
-1.663080
-1.640719
-1.554294
-1.449597
-1.293738
-1.278709
-1.233052
-1.150628
-1.037241
-0.915651
-0.888002
-1.092949
-1.289053
-1.402259
-1.422665
-1.394374
-1.391446
-1.435713
-1.541485
-1.645135
-1.669130
-1.644692
-1.563206
-1.461226
-1.282265
-1.277573
-1.240525
-1.162616
-1.051802
-0.932273
-0.888002
-1.093111
-1.289306
-1.423547
-1.462787
-1.453752
-1.454801
-1.491906
-1.586103
-1.678829
-1.695624
-1.666883
-1.591746
-1.477033
-1.356232
-1.327100
-1.276098
-1.186154
-1.064507
-0.933064
-0.888002
-1.093337
-1.290126
-1.425116
-1.473730
-1.463402
-1.460847
-1.493695
-1.583668
-1.693434
-1.715899
-1.683196
-1.590378
-1.476190
-1.314514
-1.304811
-1.263794
-1.187492
-1.079219
-0.962020
-0.888002
-1.093337
-1.287671
-1.413749
-1.449128
-1.436690
-1.439217
-1.483045
-1.582215
-1.683439
-1.704777
-1.675731
-1.599774
-1.484953
-1.343602
-1.316830
-1.265442
-1.178522
-1.059585
-0.930714
-0.888001
-1.092928
-1.289747
-1.428013
-1.483436
-1.476515
-1.473005
-1.500803
-1.582266
-1.694350
-1.719581
-1.688046
-1.594905
-1.480312
-1.327699
-1.313444
-1.271483
-1.193625
-1.084268
-0.965880
-0.888001
-1.093532
-1.287487
-1.422877
-1.474955
-1.469344
-1.470154
-1.506575
-1.598037
-1.705689
-1.731333
-1.702262
-1.612930
-1.493098
-1.359706
-1.334981
-1.286455
-1.202370
-1.087040
-0.962422
-0.888001
-1.093209
-1.288457
-1.440585
-1.506434
-1.509301
-1.509654
-1.536001
-1.612874
-1.709366
-1.727828
-1.695151
-1.616744
-1.498619
-1.344131
-1.327533
-1.283160
-1.203457
-1.092777
-0.973129
-0.888000
-1.093235
-1.287845
-1.434121
-1.500098
-1.504391
-1.505328
-1.533312
-1.611041
-1.712963
-1.736311
-1.705536
-1.625934
-1.501849
-1.373088
-1.348320
-1.300138
-1.216618
-1.102088
-0.978218
-0.888000
-1.093359
-1.287154
-1.442830
-1.518017
-1.530117
-1.536605
-1.565578
-1.635684
-1.733938
-1.749480
-1.711288
-1.632055
-1.514900
-1.346926
-1.340327
-1.301649
-1.222298
-1.113523
-0.996289
-0.887938
-1.093024
-1.286502
-1.449786
-1.534219
-1.558240
-1.564640
-1.585351
-1.648499
-1.743753
-1.767306
-1.736376
-1.661354
-1.533360
-1.442436
-1.409727
-1.356870
-1.265683
-1.145697
-1.016981
-0.887838
-1.091675
-1.285546
-1.455130
-1.542118
-1.571233
-1.583418
-1.604037
-1.661856
-1.753133
-1.772902
-1.738767
-1.659678
-1.531919
-1.392736
-1.374920
-1.332860
-1.256376
-1.151122
-1.037901
-0.922905
-1.125002
-1.317643
-1.488719
-1.575387
-1.604771
-1.612059
-1.625529
-1.673420
-1.751601
-1.760698
-1.720664
-1.645049
-1.525981
-1.389280
-1.369725
-1.325875
-1.248263
-1.142234
-1.026186
-0.907665
-1.109935
-1.305234
-1.460163
-1.532393
-1.548385
-1.550681
-1.572937
-1.638838
-1.724548
-1.742186
-1.710269
-1.635617
-1.519418
-1.377481
-1.359975
-1.317589
-1.236974
-1.123800
-0.997810
-0.887999
-1.092912
-1.288419
-1.450938
-1.526840
-1.542495
-1.550973
-1.579239
-1.644457
-1.722197
-1.730230
-1.691007
-1.610283
-1.515903
-1.345296
-1.294986
-1.291426
-1.229067
-1.129837
-1.019576
-0.908445
-1.106784
-1.304295
-1.430325
-1.472626
-1.479548
-1.484247
-1.511244
-1.576440
-1.630107
-1.644358
-1.633858
-1.570763
-1.471471
-1.364492
-1.334950
-1.283676
-1.191763
-1.071486
-0.940076
-0.888001
-1.089480
-1.285799
-1.475101
-1.614639
-1.674534
-1.700194
-1.705460
-1.725188
-1.764634
-1.761588
-1.723293
-1.646350
-1.538981
-1.413401
-1.403437
-1.368682
-1.294375
-1.185553
-1.067690
-0.948460
-1.143640
-1.341628
-1.523125
-1.622688
-1.656688
-1.664613
-1.671738
-1.697488
-1.743163
-1.734946
-1.685435
-1.604066
-1.513802
-1.343082
-1.323331
-1.310115
-1.257087
-1.164983
-1.062329
-0.957726
-1.147074
-1.347775
-1.493494
-1.560235
-1.581265
-1.584376
-1.594696
-1.630430
-1.667804
-1.671008
-1.643882
-1.587255
-1.497292
-1.363118
-1.350641
-1.315928
-1.244669
-1.136478
-1.017013
-0.894080
-1.037140
-1.239402
-1.432908
-1.547114
-1.592112
-1.606032
-1.611054
-1.621064
-1.628778
-1.614819
-1.579001
-1.522270
-1.459574
-1.299474
-1.309263
-1.277955
-1.219478
-1.125312
-1.020056
-0.912221
-1.031076
-1.233215
-1.425010
-1.528856
-1.572639
-1.589993
-1.593368
-1.594682
-1.592958
-1.573594
-1.530630
-1.482500
-1.422800
-1.316678
-1.303736
-1.262199
-1.201340
-1.118894
-1.022363
-0.923922
-1.046350
-1.248779
-1.433553
-1.533422
-1.588693
-1.621370
-1.641897
-1.666899
-1.667776
-1.649284
-1.609391
-1.559890
-1.471786
-1.432037
-1.404005
-1.354824
-1.281994
-1.183643
-1.072433
-0.959058
-1.073511
-1.276064
-1.472081
-1.589448
-1.650459
-1.675053
-1.678854
-1.667651
-1.635328
-1.589842
-1.532845
-1.483727
-1.421348
-1.381708
-1.360196
-1.316979
-1.254278
-1.186087
-1.107171
-1.026554
-1.153611
-1.355836
-1.523693
-1.604140
-1.642107
-1.664136
-1.684879
-1.716595
-1.712641
-1.680399
-1.626184
-1.576572
-1.552475
-1.562962
-1.523850
-1.466807
-1.397246
-1.308030
-1.206471
-1.103803
-1.219656
-1.422138
-1.582752
-1.632737
-1.641103
-1.642780
-1.648172
-1.655441
-1.613350
-1.558383
-1.507054
-1.479107
-1.474541
-1.492126
-1.461973
-1.412045
-1.349448
-1.283843
-1.214012
-1.143553
-1.251142
-1.453242
-1.606992
-1.662959
-1.674664
-1.680156
-1.704878
-1.732994
-1.707032
-1.660584
-1.624857
-1.613598
-1.665895
-1.672736
-1.637417
-1.584512
-1.517991
-1.444991
-1.363742
-1.281108
-1.352623
-1.551484
-1.667839
-1.667518
-1.632255
-1.607949
-1.626462
-1.667294
-1.662582
-1.620657
-1.605593
-1.642835
-1.673363
-1.665711
-1.620931
-1.558863
-1.485338
-1.418508
-1.346884
-1.271905
-1.337775
-1.538397
-1.692606
-1.755585
-1.785730
-1.805330
-1.842597
-1.826556
-1.778154
-1.733233
-1.721038
-1.770163
-1.818971
-1.832452
-1.806740
-1.753695
-1.690854
-1.616971
-1.529271
-1.440882
-1.452938
-1.647177
-1.783284
-1.816424
-1.807922
-1.792558
-1.786470
-1.748441
-1.656091
-1.604063
-1.591113
-1.595644
-1.636566
-1.649391
-1.624674
-1.571194
-1.506475
-1.437441
-1.359687
-1.279685
-1.319643
-1.515529
-1.650872
-1.679060
-1.671925
-1.661436
-1.674218
-1.664814
-1.573720
-1.535180
-1.526723
-1.535476
-1.589878
-1.616420
-1.602270
-1.552505
-1.490524
-1.426144
-1.348573
-1.268184
-1.268210
-1.463030
-1.638346
-1.717070
-1.738026
-1.734561
-1.731930
-1.706402
-1.587731
-1.528230
-1.517181
-1.558906
-1.608643
-1.627719
-1.609293
-1.555871
-1.490749
-1.419238
-1.330541
-1.235474
-1.173673
-1.350801
-1.532677
-1.593051
-1.581379
-1.555223
-1.562695
-1.620219
-1.600994
-1.571786
-1.539195
-1.532685
-1.551267
-1.583515
-1.575853
-1.531372
-1.473981
-1.417546
-1.349761
-1.277991
-1.233775
-1.399192
-1.582499
-1.668784
-1.687172
-1.681586
-1.693458
-1.722067
-1.654622
-1.601644
-1.577363
-1.583906
-1.641028
-1.678921
-1.678363
-1.637521
-1.581082
-1.512262
-1.424401
-1.326786
-1.226169
-1.380247
-1.561733
-1.645048
-1.621000
-1.589264
-1.573940
-1.608484
-1.579307
-1.544270
-1.505817
-1.492503
-1.488346
-1.515135
-1.520503
-1.481907
-1.426942
-1.356551
-1.286023
-1.212327
-1.135057
-1.328316
-1.525158
-1.665864
-1.687467
-1.705384
-1.704578
-1.733204
-1.715113
-1.682434
-1.650239
-1.621850
-1.579211
-1.534106
-1.555522
-1.520194
-1.468644
-1.400789
-1.311571
-1.211952
-1.108935
-1.281213
-1.482762
-1.609098
-1.616910
-1.609543
-1.591189
-1.599238
-1.576039
-1.539021
-1.499775
-1.461984
-1.428435
-1.398088
-1.411589
-1.369033
-1.308441
-1.226989
-1.152158
-1.078451
-0.993437
-1.193186
-1.390592
-1.568380
-1.626880
-1.666507
-1.686821
-1.725807
-1.740595
-1.726198
-1.693941
-1.644452
-1.578564
-1.505453
-1.525370
-1.486373
-1.430682
-1.360618
-1.264827
-1.156107
-1.043159
-1.225775
-1.427037
-1.587098
-1.656821
-1.699690
-1.703682
-1.713447
-1.674467
-1.630480
-1.579879
-1.530966
-1.496944
-1.484221
-1.490530
-1.443482
-1.380489
-1.294064
-1.208259
-1.116511
-1.015729
-1.213239
-1.410133
-1.580849
-1.632711
-1.679929
-1.697637
-1.725369
-1.735138
-1.721565
-1.683162
-1.624556
-1.556306
-1.490866
-1.400206
-1.374390
-1.329189
-1.257758
-1.158916
-1.044257
-0.922987
-1.109311
-1.310939
-1.499460
-1.599059
-1.659572
-1.671453
-1.678910
-1.670944
-1.636707
-1.584232
-1.533195
-1.489941
-1.440924
-1.407172
-1.374848
-1.323852
-1.250778
-1.160406
-1.060703
-0.954938
-1.147591
-1.347019
-1.523462
-1.614350
-1.677867
-1.697873
-1.724394
-1.727860
-1.705125
-1.654301
-1.584614
-1.524466
-1.462313
-1.448195
-1.406665
-1.348984
-1.266423
-1.159622
-1.037443
-0.908301
-1.092289
-1.294073
-1.487088
-1.615933
-1.701082
-1.727195
-1.737047
-1.718910
-1.681498
-1.621382
-1.561514
-1.511513
-1.457820
-1.423934
-1.393345
-1.345041
-1.272457
-1.181178
-1.079227
-0.972043
-1.158043
-1.359034
-1.537877
-1.652280
-1.739583
-1.767560
-1.784017
-1.742473
-1.676969
-1.602409
-1.548559
-1.515702
-1.516017
-1.533724
-1.495959
-1.442470
-1.368209
-1.274633
-1.168513
-1.058401
-1.242765
-1.443429
-1.609521
-1.683742
-1.733207
-1.745670
-1.763352
-1.744283
-1.703389
-1.636614
-1.574236
-1.522834
-1.471266
-1.475439
-1.437198
-1.383504
-1.305601
-1.207544
-1.095418
-0.977146
-1.154511
-1.356602
-1.528948
-1.615162
-1.673840
-1.684183
-1.690821
-1.628362
-1.554156
-1.503432
-1.475021
-1.449270
-1.407927
-1.435663
-1.402201
-1.351834
-1.278543
-1.207004
-1.133647
-1.049600
-1.249286
-1.444005
-1.622254
-1.698639
-1.744465
-1.755873
-1.771746
-1.751281
-1.715957
-1.661966
-1.598022
-1.547974
-1.500533
-1.520021
-1.480273
-1.424530
-1.354842
-1.261017
-1.152744
-1.040203
-1.220140
-1.421315
-1.600034
-1.691670
-1.750036
-1.757184
-1.759835
-1.692021
-1.608700
-1.541512
-1.502092
-1.481311
-1.491122
-1.504002
-1.462501
-1.405176
-1.322869
-1.240112
-1.149764
-1.051753
-1.248976
-1.445100
-1.609021
-1.651429
-1.688255
-1.700280
-1.725385
-1.702893
-1.661404
-1.600216
-1.549968
-1.505634
-1.455847
-1.414960
-1.381490
-1.329611
-1.258354
-1.165143
-1.056084
-0.937779
-1.122004
-1.323709
-1.504387
-1.584933
-1.633100
-1.636708
-1.645487
-1.610105
-1.557328
-1.513527
-1.481104
-1.450405
-1.401191
-1.379642
-1.350713
-1.303965
-1.227456
-1.148283
-1.065219
-0.969200
-1.171635
-1.361495
-1.541476
-1.636546
-1.702155
-1.720585
-1.737225
-1.708179
-1.654607
-1.589324
-1.540220
-1.496702
-1.443197
-1.409716
-1.377221
-1.326931
-1.257160
-1.165027
-1.055705
-0.937465
-1.127650
-1.328122
-1.510930
-1.617576
-1.687096
-1.697542
-1.701934
-1.632831
-1.542710
-1.493666
-1.468266
-1.444108
-1.403407
-1.426198
-1.393820
-1.344046
-1.270521
-1.187630
-1.093798
-0.992318
-1.190529
-1.387072
-1.557898
-1.614461
-1.661398
-1.675689
-1.698229
-1.666310
-1.604764
-1.549772
-1.511556
-1.476589
-1.433611
-1.393770
-1.364311
-1.316783
-1.248522
-1.157438
-1.049999
-0.933327
-1.123761
-1.323914
-1.504313
-1.609885
-1.674249
-1.683864
-1.684800
-1.605327
-1.517090
-1.479560
-1.463783
-1.444799
-1.406733
-1.398970
-1.375511
-1.335558
-1.264275
-1.188832
-1.104401
-1.011758
-1.213608
-1.402518
-1.571120
-1.634241
-1.687624
-1.705351
-1.726083
-1.692801
-1.634645
-1.578861
-1.538995
-1.502863
-1.460433
-1.361302
-1.343121
-1.306726
-1.243464
-1.154092
-1.044208
-0.924378
-1.116460
-1.315831
-1.502208
-1.618135
-1.684909
-1.693416
-1.691685
-1.611079
-1.523689
-1.488189
-1.472681
-1.452695
-1.419803
-1.367478
-1.354797
-1.318812
-1.280739
-1.213451
-1.132161
-1.100911
-1.301102
-1.489514
-1.606815
-1.637009
-1.637360
-1.627804
-1.656069
-1.622712
-1.553944
-1.503847
-1.471966
-1.445746
-1.420631
-1.444160
-1.420301
-1.378155
-1.337471
-1.260655
-1.168199
-1.127788
-1.325121
-1.515409
-1.658175
-1.714769
-1.724081
-1.702868
-1.690256
-1.625748
-1.539281
-1.499868
-1.484244
-1.460048
-1.427483
-1.404519
-1.393447
-1.360965
-1.328274
-1.257940
-1.168531
-1.122844
-1.322469
-1.512921
-1.640292
-1.698592
-1.715846
-1.703233
-1.704771
-1.626106
-1.524756
-1.470536
-1.453896
-1.451422
-1.469608
-1.494692
-1.475427
-1.436200
-1.396460
-1.319144
-1.224989
-1.176443
-1.377051
-1.561391
-1.685205
-1.725942
-1.726016
-1.701712
-1.691186
-1.636864
-1.547970
-1.503659
-1.489261
-1.466865
-1.436695
-1.406562
-1.392536
-1.354964
-1.316358
-1.236483
-1.135602
-1.087655
-1.287790
-1.479186
-1.629846
-1.713419
-1.748994
-1.732167
-1.713833
-1.639626
-1.547940
-1.504132
-1.488970
-1.466741
-1.435939
-1.417110
-1.400312
-1.358292
-1.314531
-1.227693
-1.118498
-1.063587
-1.264507
-1.452944
-1.624976
-1.743690
-1.808108
-1.815009
-1.815878
-1.747285
-1.637935
-1.576766
-1.541023
-1.506381
-1.467622
-1.461060
-1.448139
-1.406487
-1.347755
-1.241088
-1.114124
-1.044640
-1.245643
-1.434579
-1.615298
-1.741660
-1.812098
-1.824491
-1.819509
-1.766022
-1.680420
-1.613955
-1.561022
-1.517135
-1.476269
-1.379033
-1.373614
-1.339660
-1.292920
-1.200767
-1.089342
-1.034249
-1.234754
-1.420968
-1.603303
-1.746311
-1.832999
-1.852552
-1.845580
-1.759794
-1.646005
-1.582677
-1.544351
-1.505870
-1.462927
-1.476250
-1.456112
-1.409420
-1.353799
-1.253760
-1.131675
-1.066776
-1.267736
-1.453554
-1.634886
-1.778185
-1.869229
-1.892998
-1.889598
-1.838829
-1.760668
-1.682309
-1.616503
-1.561155
-1.510112
-1.472095
-1.461902
-1.425846
-1.366816
-1.259663
-1.133898
-1.060836
-1.261707
-1.452162
-1.636614
-1.772468
-1.847069
-1.852556
-1.832331
-1.748206
-1.640706
-1.578215
-1.537849
-1.500987
-1.467717
-1.416542
-1.412614
-1.382730
-1.345577
-1.266243
-1.169418
-1.123885
-1.323358
-1.506731
-1.678437
-1.786128
-1.838316
-1.837581
-1.820095
-1.738466
-1.637308
-1.578129
-1.530857
-1.487076
-1.444436
-1.389242
-1.379722
-1.341088
-1.290875
-1.195783
-1.077455
-1.015724
-1.217149
-1.402192
-1.583495
-1.728253
-1.817545
-1.836131
-1.826017
-1.770765
-1.698150
-1.628656
-1.569093
-1.528677
-1.479625
-1.412768
-1.410661
-1.381306
-1.338596
-1.256584
-1.158271
-1.109567
-1.289553
-1.486209
-1.675865
-1.821276
-1.906805
-1.925534
-1.903412
-1.818960
-1.727382
-1.644238
-1.593317
-1.555958
-1.496935
-1.496707
-1.473492
-1.424354
-1.365280
-1.270246
-1.152846
-1.083653
-1.265056
-1.463727
-1.650287
-1.792103
-1.890816
-1.935821
-1.938320
-1.889355
-1.830381
-1.729071
-1.641519
-1.572371
-1.515253
-1.457564
-1.452219
-1.419919
-1.376890
-1.296847
-1.202491
-1.159460
-1.350119
-1.539362
-1.717090
-1.827518
-1.890278
-1.888146
-1.850887
-1.706473
-1.586229
-1.523270
-1.493289
-1.455779
-1.449289
-1.470926
-1.454650
-1.414021
-1.372688
-1.302656
-1.212060
-1.162721
-1.347108
-1.544041
-1.724597
-1.838351
-1.901628
-1.905281
-1.868111
-1.755607
-1.634728
-1.560253
-1.529731
-1.500387
-1.493138
-1.516376
-1.504689
-1.469557
-1.428053
-1.351412
-1.255576
-1.200978
-1.383771
-1.582188
-1.761093
-1.883209
-1.955096
-1.981700
-1.977415
-1.953662
-1.925081
-1.828264
-1.729736
-1.652807
-1.592875
-1.580031
-1.570879
-1.539733
-1.502686
-1.434065
-1.344189
-1.292368
-1.477001
-1.672353
-1.841409
-1.945233
-2.002573
-2.017951
-1.989488
-1.893654
-1.769608
-1.669843
-1.619800
-1.584110
-1.583275
-1.603079
-1.587044
-1.552155
-1.510535
-1.442564
-1.356096
-1.369078
-1.552881
-1.740108
-1.896092
-1.987429
-2.036278
-2.030308
-1.980781
-1.837243
-1.703957
-1.614619
-1.592339
-1.579903
-1.626008
-1.646430
-1.637930
-1.611662
-1.574186
-1.504911
-1.416886
-1.425121
-1.610461
-1.796273
-1.931162
-2.002793
-2.029011
-2.006591
-1.949727
-1.835444
-1.720422
-1.639486
-1.608275
-1.612345
-1.654999
-1.668314
-1.655890
-1.624526
-1.582727
-1.512745
-1.423350
-1.430024
-1.615870
-1.801740
-1.945024
-2.023916
-2.058389
-2.044665
-1.986731
-1.855658
-1.742311
-1.662122
-1.646255
-1.687054
-1.733724
-1.753076
-1.749642
-1.725324
-1.691352
-1.628462
-1.549375
-1.559886
-1.747953
-1.930379
-2.068505
-2.142876
-2.162007
-2.125687
-2.036775
-1.919267
-1.831345
-1.797119
-1.829241
-1.872062
-1.887711
-1.877653
-1.848435
-1.803661
-1.745161
-1.659229
-1.557028
-1.549404
-1.735352
-1.917088
-2.050087
-2.130476
-2.154003
-2.122273
-2.029305
-1.920144
-1.842955
-1.845106
-1.870531
-1.891033
-1.880533
-1.841516
-1.785546
-1.714679
-1.630165
-1.517748
-1.388809
-1.366877
-1.556517
-1.745902
-1.878223
-1.960429
-1.990527
-1.974254
-1.916461
-1.804395
-1.709258
-1.646484
-1.637391
-1.675613
-1.692726
-1.682796
-1.653741
-1.609455
-1.554029
-1.470831
-1.366758
-1.365993
-1.552648
-1.739454
-1.871432
-1.940296
-1.954895
-1.924549
-1.851597
-1.731410
-1.639950
-1.583303
-1.597028
-1.642867
-1.661822
-1.649899
-1.620758
-1.581505
-1.526001
-1.438362
-1.329436
-1.325810
-1.512938
-1.700443
-1.828719
-1.901020
-1.919516
-1.896463
-1.835565
-1.710677
-1.611541
-1.548059
-1.530504
-1.567621
-1.603465
-1.609945
-1.595017
-1.562933
-1.519716
-1.445777
-1.351491
-1.358370
-1.544601
-1.731535
-1.881775
-1.973251
-2.012149
-1.997072
-1.923475
-1.799522
-1.703755
-1.641284
-1.662128
-1.718099
-1.749108
-1.750969
-1.732152
-1.694790
-1.645817
-1.566701
-1.470814
-1.472326
-1.660049
-1.846031
-1.987870
-2.073224
-2.099080
-2.066952
-1.964624
-1.857201
-1.785387
-1.804245
-1.837351
-1.855937
-1.839105
-1.790747
-1.719365
-1.634037
-1.533970
-1.403125
-1.253684
-1.215154
-1.408941
-1.605035
-1.747931
-1.844162
-1.887052
-1.882057
-1.829763
-1.726200
-1.629788
-1.566298
-1.549502
-1.570230
-1.590216
-1.577317
-1.547822
-1.506572
-1.451931
-1.367327
-1.264387
-1.268758
-1.453843
-1.641677
-1.775632
-1.849460
-1.861592
-1.831951
-1.759194
-1.636583
-1.545654
-1.493230
-1.508657
-1.562302
-1.579883
-1.560113
-1.525340
-1.471284
-1.403271
-1.300775
-1.177860
-1.171135
-1.357462
-1.547077
-1.691930
-1.782393
-1.823858
-1.820716
-1.771752
-1.659062
-1.564549
-1.500944
-1.484901
-1.486582
-1.524897
-1.525951
-1.505024
-1.468842
-1.420478
-1.340310
-1.238242
-1.242555
-1.428371
-1.615161
-1.775460
-1.880406
-1.928610
-1.920335
-1.849622
-1.726909
-1.634160
-1.577521
-1.608309
-1.665586
-1.688780
-1.677317
-1.643117
-1.595374
-1.532544
-1.436720
-1.317946
-1.305965
-1.493924
-1.681238
-1.816508
-1.898543
-1.922635
-1.900865
-1.830724
-1.719513
-1.630837
-1.575288
-1.585845
-1.634695
-1.648524
-1.625561
-1.588526
-1.531241
-1.461194
-1.359589
-1.237111
-1.228013
-1.415241
-1.603372
-1.750303
-1.844799
-1.886225
-1.878355
-1.823532
-1.708727
-1.605541
-1.535115
-1.521711
-1.564179
-1.590844
-1.579498
-1.552947
-1.514508
-1.459268
-1.372010
-1.264199
-1.262124
-1.448329
-1.634863
-1.786522
-1.884668
-1.929005
-1.913908
-1.843113
-1.731146
-1.641225
-1.585146
-1.620020
-1.669171
-1.676299
-1.641548
-1.578106
-1.499663
-1.407703
-1.281725
-1.132688
-1.105666
-1.307146
-1.489727
-1.622781
-1.713451
-1.760523
-1.770858
-1.734489
-1.647974
-1.556289
-1.494091
-1.485490
-1.499532
-1.526004
-1.498710
-1.440969
-1.371800
-1.289440
-1.171697
-1.030152
-1.090088
-1.289934
-1.470341
-1.603452
-1.694888
-1.746251
-1.764094
-1.739568
-1.630436
-1.540894
-1.481204
-1.478412
-1.531918
-1.556913
-1.534698
-1.483437
-1.422349
-1.339243
-1.218713
-1.077309
-1.121906
-1.323517
-1.497603
-1.604569
-1.668039
-1.694628
-1.710152
-1.663812
-1.570822
-1.503196
-1.465677
-1.470627
-1.522605
-1.543006
-1.512516
-1.453406
-1.381129
-1.295668
-1.182698
-1.050272
-1.112421
-1.310866
-1.486395
-1.603111
-1.680580
-1.711040
-1.712269
-1.664429
-1.573266
-1.509658
-1.471442
-1.463989
-1.383544
-1.434683
-1.439109
-1.420208
-1.383322
-1.329382
-1.248683
-1.148329
-1.220488
-1.406309
-1.590292
-1.740652
-1.839555
-1.866641
-1.840268
-1.775737
-1.669597
-1.587054
-1.568568
-1.630007
-1.662124
-1.637542
-1.564538
-1.458433
-1.335227
-1.200190
-1.036625
-0.888002
-1.012962
-1.214264
-1.397719
-1.540422
-1.638887
-1.708234
-1.769341
-1.818184
-1.789947
-1.718482
-1.612597
-1.565399
-1.478777
-1.524526
-1.518157
-1.483240
-1.438455
-1.380703
-1.288621
-1.175520
-1.241251
-1.434751
-1.604548
-1.730879
-1.811327
-1.836909
-1.834149
-1.765146
-1.665110
-1.598440
-1.588040
-1.640324
-1.671187
-1.649797
-1.578697
-1.469710
-1.342217
-1.199828
-1.025057
-0.888002
-1.012622
-1.214224
-1.398368
-1.513412
-1.586683
-1.629868
-1.728827
-1.826880
-1.850275
-1.794003
-1.682749
-1.598654
-1.465201
-1.419231
-1.395360
-1.358446
-1.288545
-1.215494
-1.118012
-0.998010
-1.062985
-1.246747
-1.427599
-1.605667
-1.751430
-1.839433
-1.863507
-1.824447
-1.724362
-1.657340
-1.717399
-1.764214
-1.769970
-1.722448
-1.626524
-1.495865
-1.349119
-1.183756
-0.985152
-0.888002
-1.013980
-1.216231
-1.404011
-1.532193
-1.626315
-1.694627
-1.765405
-1.851300
-1.861033
-1.785999
-1.670178
-1.605593
-1.505522
-1.500104
-1.429910
-1.375632
-1.244342
-1.128377
-1.003296
-0.887997
-1.012816
-1.209460
-1.388641
-1.534576
-1.637680
-1.698468
-1.741119
-1.729615
-1.666081
-1.584438
-1.531031
-1.515571
-1.549456
-1.519659
-1.435094
-1.316923
-1.181612
-1.035272
-0.888000
-0.888001
-1.012423
-1.212546
-1.395694
-1.506521
-1.574627
-1.605700
-1.660870
-1.732128
-1.749402
-1.704001
-1.611056
-1.555673
-1.391416
-1.412789
-1.360519
-1.304061
-1.195505
-1.094680
-0.974378
-0.888000
-1.012856
-1.209291
-1.387589
-1.539406
-1.656834
-1.733405
-1.783483
-1.791375
-1.762168
-1.718024
-1.665499
-1.672034
-1.709458
-1.689934
-1.616767
-1.507089
-1.377243
-1.231082
-1.044114
-0.888001
-1.012942
-1.214628
-1.395153
-1.494281
-1.539939
-1.562778
-1.628895
-1.725326
-1.786351
-1.711555
-1.619866
-1.567581
-1.438064
-1.398249
-1.361115
-1.290314
-1.202642
-1.102584
-0.972225
-0.888000
-1.013195
-1.211491
-1.387792
-1.549749
-1.683536
-1.776074
-1.811500
-1.811192
-1.769936
-1.703522
-1.631114
-1.602486
-1.643563
-1.621236
-1.550271
-1.447322
-1.323109
-1.177867
-0.990220
-0.888001
-1.012730
-1.214456
-1.392451
-1.488727
-1.530456
-1.572667
-1.638455
-1.716769
-1.739040
-1.661688
-1.590713
-1.540166
-1.447631
-1.458575
-1.396672
-1.301749
-1.188457
-1.061483
-0.903009
-0.888001
-1.013408
-1.213090
-1.391609
-1.515418
-1.608236
-1.678235
-1.747464
-1.816250
-1.816965
-1.758989
-1.652090
-1.595713
-1.575716
-1.573994
-1.505955
-1.408278
-1.291553
-1.162058
-1.012523
-0.888001
-1.013206
-1.214062
-1.393858
-1.524056
-1.630636
-1.723115
-1.829379
-1.920666
-1.933705
-1.886764
-1.775066
-1.709124
-1.693874
-1.685722
-1.615224
-1.507558
-1.376254
-1.233747
-1.053000
-0.888001
-1.013211
-1.215247
-1.394106
-1.525102
-1.633158
-1.767565
-1.907980
-2.018264
-2.052735
-1.932797
-1.778721
-1.670291
-1.575502
-1.579273
-1.515760
-1.414942
-1.294399
-1.164071
-1.001533
-0.888001
-1.013241
-1.214818
-1.393510
-1.519256
-1.642019
-1.793885
-1.943580
-2.066833
-2.113824
-2.037733
-1.901091
-1.823754
-1.764176
-1.770371
-1.714823
-1.625997
-1.517646
-1.381236
-1.208960
-1.015132
-1.127437
-1.328198
-1.495159
-1.618399
-1.737145
-1.861851
-1.973500
-2.057662
-2.074544
-1.997239
-1.855861
-1.768780
-1.683213
-1.682860
-1.619272
-1.522149
-1.405614
-1.265858
-1.086743
-0.887998
-1.053299
-1.254467
-1.412358
-1.513397
-1.584825
-1.684124
-1.795544
-1.897761
-1.921385
-1.860569
-1.738555
-1.663692
-1.595255
-1.583342
-1.509489
-1.400194
-1.264713
-1.107811
-0.912563
-0.888000
-1.053846
-1.255271
-1.409285
-1.506028
-1.560207
-1.638784
-1.737781
-1.842933
-1.883890
-1.816605
-1.707796
-1.626951
-1.491789
-1.509563
-1.455400
-1.362914
-1.247146
-1.107779
-0.918416
-0.888000
-1.053699
-1.253564
-1.406929
-1.506003
-1.586780
-1.669871
-1.778792
-1.890521
-1.920693
-1.846000
-1.724088
-1.649063
-1.580148
-1.570801
-1.495792
-1.387069
-1.252152
-1.096438
-0.899756
-0.888000
-1.053728
-1.255132
-1.419432
-1.545529
-1.640315
-1.767664
-1.890464
-1.992813
-2.025903
-1.910765
-1.765904
-1.661843
-1.563469
-1.586670
-1.535619
-1.447843
-1.337621
-1.204278
-1.023941
-0.888000
-1.053492
-1.254190
-1.412353
-1.538465
-1.637711
-1.755736
-1.875729
-1.986655
-2.031286
-1.957498
-1.822111
-1.746835
-1.693558
-1.685167
-1.614363
-1.510082
-1.378557
-1.220609
-1.026683
-0.888000
-1.053358
-1.254454
-1.427930
-1.543680
-1.635426
-1.752150
-1.867390
-1.958996
-1.990986
-1.938723
-1.800606
-1.692371
-1.609757
-1.631084
-1.596068
-1.519380
-1.417517
-1.284322
-1.106549
-0.905498
-1.053048
-1.253394
-1.412975
-1.513462
-1.581396
-1.670423
-1.785841
-1.910842
-1.933862
-1.903931
-1.796705
-1.762354
-1.682369
-1.680145
-1.613926
-1.512043
-1.381364
-1.223962
-1.033807
-0.888000
-1.053598
-1.254707
-1.412331
-1.512661
-1.576544
-1.656641
-1.756835
-1.864576
-1.903031
-1.874213
-1.758431
-1.685166
-1.605204
-1.610865
-1.551504
-1.455687
-1.329854
-1.180130
-0.991573
-0.888004
-1.053671
-1.254926
-1.416227
-1.513540
-1.584677
-1.677738
-1.771156
-1.881327
-1.932513
-1.880020
-1.759296
-1.672620
-1.602159
-1.587493
-1.508251
-1.394299
-1.250483
-1.086566
-0.887999
-0.888001
-1.053846
-1.255041
-1.426057
-1.556410
-1.657135
-1.773942
-1.893052
-1.992083
-2.031539
-1.943406
-1.796592
-1.687292
-1.604177
-1.632517
-1.586004
-1.501777
-1.392342
-1.252987
-1.068229
-0.887999
-1.053309
-1.253818
-1.426047
-1.557217
-1.663523
-1.784242
-1.900339
-1.998226
-2.034473
-1.981179
-1.848588
-1.777347
-1.696236
-1.699189
-1.635312
-1.535561
-1.406382
-1.251208
-1.061391
-0.887999
-1.052964
-1.253416
-1.416200
-1.513490
-1.580452
-1.658861
-1.772206
-1.872626
-1.899166
-1.891779
-1.795308
-1.731849
-1.639632
-1.676895
-1.649685
-1.580535
-1.489986
-1.375460
-1.227648
-1.049480
-1.160489
-1.353289
-1.464163
-1.552916
-1.621711
-1.624461
-1.636022
-1.717031
-1.781044
-1.767279
-1.695291
-1.635695
-1.584876
-1.543482
-1.515558
-1.452286
-1.365292
-1.246588
-1.085172
-0.891532
-1.053419
-1.252642
-1.404945
-1.503333
-1.572211
-1.600826
-1.623769
-1.717433
-1.771900
-1.755583
-1.667642
-1.630155
-1.542233
-1.565632
-1.514636
-1.424016
-1.305473
-1.162676
-0.974864
-0.888000
-1.053572
-1.253394
-1.393488
-1.475900
-1.550931
-1.616881
-1.711696
-1.827536
-1.851812
-1.798881
-1.696229
-1.627296
-1.593498
-1.585156
-1.509248
-1.400385
-1.266461
-1.115961
-0.923799
-0.888000
-1.053975
-1.253314
-1.397911
-1.495353
-1.580131
-1.681938
-1.801600
-1.914641
-1.956843
-1.895485
-1.769962
-1.693858
-1.640593
-1.641671
-1.576702
-1.478357
-1.359379
-1.219619
-1.033663
-0.888000
-1.053537
-1.251174
-1.397543
-1.521474
-1.605766
-1.701017
-1.810498
-1.928546
-1.982139
-1.959951
-1.859083
-1.780336
-1.736908
-1.730278
-1.662625
-1.562543
-1.437214
-1.292176
-1.113209
-0.912764
-1.052858
-1.251938
-1.391480
-1.493302
-1.568220
-1.604586
-1.682598
-1.815770
-1.895904
-1.917120
-1.867160
-1.800160
-1.705752
-1.713351
-1.652897
-1.549483
-1.415360
-1.264179
-1.073057
-0.887995
-1.013106
-1.214860
-1.384869
-1.480117
-1.560650
-1.628248
-1.726402
-1.858405
-1.920193
-1.905149
-1.789693
-1.736815
-1.617813
-1.635423
-1.586672
-1.495460
-1.378223
-1.241867
-1.062028
-0.887999
-1.013092
-1.213204
-1.352836
-1.439520
-1.495584
-1.513631
-1.577669
-1.722407
-1.828156
-1.863238
-1.805469
-1.715714
-1.643202
-1.609606
-1.581545
-1.502581
-1.394464
-1.266404
-1.096775
-0.898335
-1.012822
-1.214362
-1.379078
-1.471753
-1.571008
-1.645396
-1.754131
-1.885550
-1.936177
-1.908690
-1.804273
-1.727500
-1.674141
-1.679575
-1.616468
-1.510199
-1.375638
-1.226215
-1.042427
-0.888000
-1.013394
-1.215016
-1.361846
-1.446953
-1.517301
-1.575605
-1.679799
-1.800479
-1.860433
-1.856323
-1.772100
-1.716197
-1.614995
-1.640308
-1.593423
-1.505267
-1.395872
-1.272399
-1.113616
-0.921352
-1.013342
-1.213338
-1.348966
-1.427526
-1.490967
-1.528656
-1.623401
-1.743820
-1.819351
-1.830710
-1.754071
-1.671044
-1.592703
-1.614636
-1.563723
-1.471544
-1.356569
-1.228038
-1.060997
-0.888000
-1.013379
-1.212844
-1.348136
-1.428086
-1.494264
-1.529521
-1.600708
-1.719441
-1.812648
-1.840023
-1.760221
-1.698364
-1.607495
-1.595689
-1.552479
-1.462807
-1.356409
-1.236474
-1.084242
-0.895200
-1.013323
-1.212636
-1.342714
-1.416211
-1.478336
-1.516397
-1.598969
-1.718833
-1.810445
-1.832240
-1.751569
-1.690015
-1.620790
-1.592681
-1.556631
-1.472537
-1.366953
-1.245556
-1.092273
-0.905080
-0.972654
-1.173706
-1.321790
-1.402198
-1.460387
-1.495023
-1.586065
-1.704678
-1.785119
-1.792186
-1.708005
-1.646938
-1.600590
-1.545754
-1.517381
-1.434592
-1.336548
-1.227317
-1.090870
-0.918887
-0.972548
-1.173178
-1.325169
-1.395040
-1.447294
-1.480029
-1.603759
-1.725820
-1.782513
-1.747636
-1.661798
-1.590929
-1.557457
-1.520007
-1.488223
-1.406326
-1.308298
-1.203211
-1.076762
-0.898671
-0.972519
-1.163269
-1.330612
-1.411530
-1.479108
-1.520616
-1.551942
-1.649990
-1.736704
-1.718158
-1.646900
-1.587020
-1.546939
-1.493100
-1.468128
-1.386102
-1.280300
-1.161375
-1.007013
-0.888000
-0.972635
-1.172307
-1.327326
-1.407593
-1.480654
-1.551973
-1.615772
-1.706333
-1.761789
-1.751800
-1.672550
-1.607186
-1.545576
-1.548155
-1.505662
-1.411720
-1.298614
-1.178723
-1.031854
-0.888000
-0.972615
-1.158260
-1.334426
-1.437751
-1.533126
-1.609586
-1.655495
-1.740621
-1.793747
-1.794371
-1.725709
-1.686134
-1.634975
-1.658481
-1.620944
-1.530892
-1.415184
-1.289349
-1.126194
-0.930960
-0.972182
-1.173363
-1.330409
-1.416247
-1.488329
-1.562446
-1.645498
-1.758077
-1.836447
-1.845692
-1.761750
-1.698567
-1.650012
-1.600714
-1.578738
-1.500884
-1.406835
-1.302573
-1.173304
-0.994481
-0.972557
-1.152235
-1.311938
-1.409979
-1.492549
-1.560282
-1.650187
-1.764750
-1.831390
-1.829860
-1.759368
-1.692551
-1.630653
-1.611160
-1.577328
-1.489605
-1.383291
-1.266640
-1.123977
-0.931506
-0.931848
-1.118335
-1.299098
-1.401104
-1.487140
-1.553612
-1.627162
-1.720213
-1.816505
-1.835331
-1.754803
-1.676910
-1.622536
-1.514719
-1.532165
-1.493153
-1.422980
-1.335708
-1.204948
-1.024439
-0.931701
-1.116593
-1.306766
-1.434953
-1.543768
-1.625194
-1.670606
-1.742065
-1.824878
-1.843029
-1.776273
-1.711124
-1.658350
-1.620114
-1.602833
-1.524387
-1.419284
-1.303238
-1.154804
-0.962207
-0.931655
-1.133532
-1.298875
-1.383538
-1.455295
-1.522859
-1.598399
-1.721904
-1.813499
-1.852041
-1.819917
-1.754499
-1.698010
-1.676753
-1.658601
-1.584418
-1.486426
-1.376237
-1.237159
-1.054185
-0.929542
-1.132164
-1.297567
-1.388908
-1.474847
-1.542204
-1.605776
-1.711073
-1.827950
-1.864046
-1.793113
-1.723365
-1.668621
-1.593074
-1.591482
-1.523091
-1.424915
-1.310660
-1.160205
-0.967770
-0.931205
-1.133418
-1.311530
-1.394950
-1.456934
-1.511768
-1.575575
-1.708983
-1.831420
-1.889068
-1.861006
-1.767881
-1.704074
-1.637635
-1.644590
-1.586496
-1.501911
-1.404445
-1.272026
-1.093296
-0.965684
-1.167795
-1.327706
-1.415352
-1.489107
-1.539466
-1.614341
-1.728094
-1.845128
-1.910844
-1.875234
-1.808301
-1.760399
-1.687238
-1.684306
-1.617955
-1.516634
-1.399444
-1.247443
-1.060566
-0.935092
-1.137563
-1.309172
-1.386951
-1.450647
-1.516080
-1.553936
-1.676428
-1.817191
-1.885990
-1.825911
-1.734384
-1.661955
-1.570539
-1.514583
-1.479884
-1.408393
-1.318530
-1.186207
-1.000826
-0.931436
-1.117239
-1.309049
-1.415065
-1.491338
-1.555902
-1.601683
-1.710909
-1.811333
-1.867857
-1.838135
-1.751803
-1.691798
-1.615315
-1.611454
-1.582482
-1.520804
-1.422856
-1.299637
-1.137567
-0.940417
-1.115852
-1.313884
-1.439704
-1.534482
-1.611867
-1.659638
-1.766068
-1.874757
-1.918727
-1.859569
-1.782352
-1.727990
-1.620683
-1.635638
-1.587787
-1.509082
-1.398534
-1.257716
-1.073834
-0.887996
-1.078345
-1.278561
-1.420242
-1.522668
-1.581113
-1.598845
-1.690151
-1.813449
-1.868340
-1.803244
-1.717945
-1.674733
-1.573945
-1.606580
-1.562319
-1.488967
-1.391235
-1.269993
-1.109294
-0.912534
-1.089069
-1.288198
-1.406470
-1.478573
-1.519759
-1.548183
-1.659650
-1.791827
-1.860050
-1.822976
-1.738896
-1.687452
-1.595638
-1.619930
-1.566523
-1.485390
-1.377935
-1.245583
-1.068374
-0.887998
-1.077566
-1.277755
-1.402750
-1.480588
-1.526851
-1.587255
-1.730344
-1.860191
-1.906809
-1.838864
-1.739289
-1.681244
-1.585694
-1.607656
-1.587129
-1.533074
-1.453763
-1.335989
-1.178488
-0.982617
-1.156410
-1.352260
-1.468243
-1.541825
-1.580673
-1.593946
-1.700370
-1.830641
-1.885812
-1.830884
-1.742603
-1.689184
-1.608318
-1.616225
-1.600615
-1.549979
-1.470782
-1.361120
-1.211655
-1.023378
-1.191739
-1.388315
-1.502679
-1.578780
-1.620677
-1.617223
-1.706095
-1.819639
-1.876531
-1.823405
-1.753188
-1.696677
-1.644425
-1.603533
-1.569950
-1.504642
-1.415961
-1.300551
-1.142801
-0.951015
-1.132846
-1.326249
-1.422594
-1.481713
-1.537099
-1.563752
-1.669191
-1.801921
-1.863741
-1.815262
-1.734974
-1.695178
-1.608145
-1.638357
-1.605427
-1.536870
-1.451190
-1.342558
-1.198394
-1.010100
-1.117426
-1.313831
-1.435448
-1.507521
-1.558547
-1.584291
-1.740950
-1.864742
-1.897018
-1.819352
-1.722961
-1.668863
-1.585481
-1.572131
-1.523903
-1.441635
-1.348520
-1.233281
-1.064792
-0.887999
-1.043200
-1.240779
-1.367771
-1.450224
-1.501783
-1.519312
-1.632330
-1.784441
-1.860608
-1.806488
-1.714391
-1.625246
-1.536649
-1.568221
-1.530060
-1.453068
-1.364336
-1.256719
-1.093659
-0.892080
-1.046930
-1.242805
-1.422666
-1.552630
-1.643139
-1.696782
-1.775449
-1.876505
-1.952610
-1.902760
-1.823943
-1.733725
-1.675569
-1.681715
-1.629573
-1.540565
-1.411735
-1.263969
-1.067035
-0.888001
-1.051564
-1.253327
-1.444865
-1.577716
-1.653199
-1.668576
-1.729034
-1.843025
-1.915189
-1.861017
-1.777111
-1.705041
-1.659931
-1.611068
-1.509946
-1.472906
-1.402876
-1.295670
-1.135423
-0.939229
-1.049964
-1.250488
-1.403034
-1.493722
-1.553579
-1.560611
-1.649755
-1.768678
-1.813158
-1.737162
-1.664676
-1.620951
-1.574997
-1.575903
-1.559438
-1.500679
-1.430161
-1.343310
-1.223376
-1.062942
-1.166529
-1.347961
-1.522302
-1.648948
-1.751074
-1.815674
-1.911332
-2.011810
-2.018442
-1.938985
-1.863011
-1.789808
-1.783429
-1.783292
-1.727537
-1.640477
-1.523547
-1.375952
-1.192954
-0.990978
-1.095002
-1.296399
-1.481309
-1.620405
-1.718505
-1.746403
-1.819209
-1.954029
-2.031401
-1.955103
-1.869481
-1.770619
-1.696696
-1.676883
-1.634931
-1.554483
-1.449444
-1.314228
-1.129229
-0.927034
-1.011727
-1.205833
-1.352735
-1.451869
-1.529390
-1.568368
-1.668100
-1.798828
-1.894524
-1.858754
-1.755175
-1.650447
-1.574994
-1.536725
-1.517817
-1.447720
-1.362303
-1.259449
-1.115254
-0.918627
-1.006856
-1.207629
-1.392909
-1.516719
-1.596140
-1.628930
-1.713734
-1.856704
-1.902970
-1.808210
-1.722862
-1.653799
-1.605581
-1.520936
-1.516164
-1.461686
-1.384548
-1.273030
-1.105692
-0.905109
-1.007752
-1.204065
-1.387522
-1.493274
-1.548940
-1.546347
-1.642136
-1.775912
-1.836492
-1.790882
-1.700130
-1.627694
-1.568348
-1.466230
-1.452391
-1.388808
-1.310716
-1.205303
-1.052776
-0.887999
-1.012435
-1.197371
-1.325863
-1.410562
-1.496809
-1.574528
-1.670196
-1.820985
-1.907478
-1.858957
-1.777039
-1.705690
-1.651140
-1.589786
-1.560390
-1.488112
-1.390632
-1.265857
-1.097770
-0.896588
-1.012247
-1.200202
-1.327713
-1.413122
-1.494621
-1.555560
-1.695384
-1.834021
-1.926230
-1.867105
-1.759175
-1.660377
-1.580286
-1.584151
-1.569619
-1.505970
-1.425297
-1.318150
-1.165627
-0.973315
-1.001755
-1.186495
-1.371241
-1.514153
-1.618966
-1.679258
-1.815879
-1.951088
-1.987171
-1.881741
-1.779930
-1.686759
-1.622336
-1.590523
-1.560730
-1.486216
-1.392729
-1.252387
-1.066723
-0.887999
-1.012568
-1.206391
-1.342465
-1.424695
-1.485075
-1.513519
-1.597353
-1.739720
-1.861804
-1.853684
-1.753513
-1.664380
-1.605499
-1.497188
-1.487755
-1.428616
-1.353799
-1.265116
-1.140771
-0.956306
-0.972300
-1.142508
-1.312986
-1.426231
-1.512664
-1.572936
-1.665418
-1.807239
-1.903340
-1.880785
-1.784770
-1.699287
-1.645609
-1.562331
-1.550274
-1.482220
-1.394251
-1.267557
-1.095339
-0.894994
-0.971797
-1.164417
-1.309262
-1.397815
-1.468039
-1.513053
-1.636483
-1.787034
-1.887266
-1.858422
-1.755933
-1.661686
-1.594749
-1.503950
-1.476435
-1.413436
-1.328828
-1.206627
-1.038413
-0.888001
-0.972208
-1.162813
-1.299112
-1.373353
-1.439039
-1.490066
-1.632867
-1.785738
-1.890494
-1.858232
-1.753587
-1.662474
-1.601653
-1.485357
-1.493033
-1.439964
-1.366985
-1.261484
-1.109427
-0.911075
-0.972206
-1.158029
-1.305700
-1.401035
-1.475956
-1.521950
-1.637868
-1.792994
-1.902015
-1.880096
-1.774861
-1.692570
-1.631391
-1.533474
-1.521516
-1.459804
-1.377740
-1.268936
-1.116744
-0.918455
-0.972109
-1.142865
-1.311657
-1.428722
-1.524657
-1.593655
-1.683207
-1.817455
-1.925725
-1.918819
-1.820724
-1.733604
-1.675017
-1.640881
-1.625075
-1.554656
-1.462146
-1.344404
-1.186030
-0.988485
-0.972571
-1.149493
-1.331191
-1.468429
-1.579811
-1.665814
-1.758115
-1.896289
-1.990266
-1.979954
-1.886159
-1.805442
-1.746420
-1.671655
-1.649778
-1.574282
-1.478687
-1.343010
-1.156677
-0.955213
-0.972538
-1.171532
-1.326208
-1.408561
-1.471733
-1.546511
-1.670382
-1.814276
-1.944298
-1.957547
-1.845522
-1.752021
-1.677458
-1.578968
-1.614771
-1.587633
-1.533993
-1.450575
-1.325874
-1.155013
-1.024595
-1.202744
-1.389603
-1.568123
-1.710474
-1.795182
-1.882248
-1.998725
-2.067809
-1.980887
-1.882783
-1.754314
-1.712596
-1.711861
-1.646119
-1.530704
-1.394206
-1.229521
-1.027446
-0.887942
-0.931943
-1.119570
-1.320710
-1.471118
-1.549443
-1.606367
-1.699693
-1.830163
-1.953752
-1.994359
-1.891338
-1.799378
-1.732052
-1.688306
-1.683599
-1.612148
-1.512549
-1.397837
-1.241573
-1.040888
-0.931101
-1.128221
-1.297538
-1.424891
-1.542064
-1.655746
-1.787733
-1.936696
-2.043208
-2.050881
-1.966522
-1.893358
-1.830818
-1.786433
-1.749551
-1.658610
-1.541114
-1.388661
-1.202195
-1.000899
-0.931175
-1.131766
-1.317033
-1.430630
-1.504369
-1.578630
-1.675144
-1.821548
-1.949609
-1.988058
-1.892078
-1.803801
-1.744989
-1.646345
-1.659039
-1.623826
-1.557882
-1.465420
-1.335605
-1.160735
-1.028802
-1.202972
-1.388741
-1.539631
-1.649479
-1.714178
-1.770319
-1.918226
-2.019948
-1.976404
-1.886002
-1.818661
-1.773585
-1.664382
-1.658161
-1.599052
-1.508216
-1.380363
-1.198770
-0.997370
-0.931833
-1.133216
-1.311852
-1.392052
-1.442744
-1.509509
-1.632292
-1.793314
-1.932975
-1.981022
-1.870734
-1.769716
-1.704329
-1.595393
-1.620430
-1.599870
-1.550107
-1.484367
-1.372523
-1.215821
-1.083284
-1.255466
-1.436136
-1.570816
-1.674056
-1.757420
-1.830502
-1.968099
-2.064230
-2.055034
-1.972139
-1.901821
-1.819403
-1.817985
-1.778008
-1.684792
-1.567153
-1.422207
-1.240028
-1.038654
-0.888001
-1.092433
-1.280264
-1.413249
-1.514344
-1.606800
-1.702314
-1.861381
-1.988387
-2.025619
-1.937253
-1.856381
-1.805533
-1.726783
-1.726615
-1.657559
-1.564536
-1.441121
-1.289859
-1.092616
-0.890943
-1.062459
-1.256017
-1.405379
-1.511802
-1.610633
-1.710947
-1.877654
-2.006266
-2.026002
-1.941710
-1.870150
-1.822588
-1.767902
-1.760122
-1.687563
-1.594083
-1.462794
-1.303472
-1.104624
-0.903236
-1.071824
-1.267427
-1.419995
-1.533901
-1.641135
-1.749687
-1.913197
-2.044684
-2.054252
-1.966354
-1.899516
-1.840511
-1.815961
-1.808971
-1.738520
-1.647273
-1.523085
-1.366646
-1.166439
-0.964832
-1.128471
-1.320726
-1.464683
-1.582405
-1.671990
-1.765459
-1.926260
-2.059394
-2.084795
-1.998156
-1.924864
-1.858132
-1.831191
-1.816152
-1.739153
-1.640013
-1.509137
-1.340806
-1.139723
-0.938087
-1.102442
-1.295672
-1.451044
-1.573961
-1.662985
-1.752249
-1.904037
-2.035132
-2.091051
-2.006928
-1.927772
-1.868306
-1.823119
-1.814875
-1.740621
-1.642829
-1.511352
-1.355613
-1.157409
-0.955823
-1.121840
-1.317502
-1.472484
-1.581310
-1.661516
-1.751761
-1.908286
-2.036363
-2.080899
-1.998116
-1.923894
-1.872116
-1.838302
-1.831222
-1.758184
-1.661411
-1.526604
-1.358658
-1.157450
-0.955877
-1.124989
-1.318213
-1.465688
-1.568304
-1.640187
-1.728281
-1.880256
-2.010349
-2.074315
-1.990798
-1.909937
-1.856738
-1.792460
-1.789612
-1.717578
-1.620178
-1.486857
-1.330101
-1.132894
-0.931261
-1.110871
-1.299557
-1.435518
-1.525393
-1.606211
-1.699201
-1.856361
-1.989354
-2.054121
-1.967011
-1.888541
-1.840315
-1.759799
-1.764170
-1.695692
-1.602021
-1.461723
-1.304705
-1.106735
-0.905388
-1.052719
-1.238712
-1.364009
-1.442234
-1.533511
-1.673149
-1.845440
-1.985932
-2.055891
-1.973166
-1.896834
-1.852307
-1.797653
-1.797572
-1.726672
-1.631928
-1.500801
-1.351107
-1.156450
-0.954921
-1.069558
-1.253368
-1.375994
-1.457221
-1.550665
-1.695970
-1.867478
-2.008706
-2.081804
-1.996597
-1.914857
-1.866477
-1.799878
-1.807240
-1.742949
-1.653551
-1.533328
-1.389040
-1.197920
-0.996346
-1.107878
-1.289763
-1.409329
-1.489751
-1.581339
-1.722297
-1.890406
-2.028001
-2.096699
-2.010633
-1.930995
-1.880257
-1.820534
-1.825821
-1.762306
-1.674989
-1.553297
-1.405187
-1.208135
-1.006509
-1.105174
-1.295250
-1.444196
-1.548762
-1.640770
-1.768749
-1.924097
-2.054993
-2.129081
-2.045095
-1.959744
-1.905658
-1.837466
-1.836333
-1.766942
-1.672572
-1.543900
-1.395518
-1.204234
-1.002745
-1.115259
-1.297339
-1.421086
-1.500664
-1.592764
-1.751123
-1.915513
-2.046755
-2.117600
-2.027241
-1.940978
-1.882731
-1.808642
-1.815904
-1.756071
-1.672347
-1.553632
-1.416056
-1.231500
-1.029896
-1.135160
-1.318428
-1.450631
-1.542914
-1.636712
-1.784230
-1.944013
-2.073255
-2.148461
-2.062256
-1.975709
-1.913778
-1.848863
-1.846210
-1.777832
-1.687842
-1.561934
-1.407664
-1.208770
-1.007212
-1.104900
-1.298992
-1.460546
-1.566485
-1.653849
-1.806483
-1.961867
-2.088239
-2.148266
-2.050366
-1.958370
-1.897744
-1.816079
-1.825527
-1.764027
-1.674099
-1.552940
-1.404475
-1.212964
-1.011495
-1.045287
-1.228343
-1.365163
-1.455315
-1.554614
-1.733193
-1.900747
-2.033670
-2.126777
-2.050367
-1.946314
-1.868940
-1.772162
-1.785293
-1.725721
-1.635289
-1.517451
-1.365601
-1.169520
-0.968074
-1.007471
-1.190012
-1.321131
-1.410110
-1.524471
-1.710986
-1.884840
-2.022271
-2.129054
-2.072134
-1.964706
-1.882025
-1.783617
-1.771214
-1.716768
-1.628968
-1.508230
-1.361655
-1.179590
-0.978115
-1.014864
-1.200645
-1.365075
-1.478680
-1.601555
-1.774594
-1.944976
-2.075753
-2.153547
-2.087343
-2.001303
-1.932400
-1.918141
-1.923532
-1.860073
-1.768421
-1.643059
-1.495596
-1.301338
-1.099809
-1.120652
-1.313214
-1.484718
-1.606819
-1.716934
-1.854428
-2.022136
-2.138309
-2.186003
-2.095622
-2.003932
-1.938404
-1.849397
-1.802635
-1.747563
-1.655293
-1.518032
-1.349810
-1.153422
-0.952273
-1.012456
-1.199673
-1.363874
-1.466758
-1.564162
-1.749385
-1.923064
-2.050989
-2.122243
-2.036805
-1.951185
-1.890592
-1.803809
-1.818733
-1.763800
-1.680145
-1.574883
-1.434741
-1.248644
-1.047335
-1.075822
-1.253323
-1.376407
-1.467756
-1.599412
-1.784640
-1.961150
-2.091850
-2.181210
-2.089271
-1.990705
-1.923917
-1.839098
-1.854985
-1.802899
-1.718025
-1.613277
-1.478712
-1.302440
-1.101130
-1.130302
-1.305825
-1.438741
-1.531887
-1.639612
-1.819338
-1.993075
-2.119253
-2.193070
-2.094115
-1.991498
-1.925371
-1.840229
-1.853771
-1.798009
-1.707672
-1.593405
-1.452012
-1.263969
-1.062709
-1.015834
-1.199569
-1.342364
-1.439857
-1.548661
-1.731186
-1.906815
-2.042449
-2.147977
-2.105748
-1.993572
-1.898819
-1.782840
-1.785819
-1.733379
-1.641967
-1.526555
-1.384815
-1.199486
-0.998259
-0.972146
-1.159205
-1.307621
-1.410769
-1.523152
-1.707025
-1.890104
-2.032033
-2.139040
-2.074904
-1.969446
-1.889083
-1.787044
-1.795740
-1.744794
-1.654622
-1.540432
-1.396127
-1.204797
-1.003497
-0.970665
-1.159725
-1.316355
-1.418882
-1.516954
-1.687819
-1.859326
-2.001198
-2.113168
-2.108694
-2.000686
-1.901794
-1.789852
-1.777619
-1.722668
-1.627382
-1.498231
-1.342759
-1.151340
-0.950075
-0.972627
-1.169951
-1.335142
-1.432380
-1.521592
-1.695407
-1.869094
-2.012157
-2.124177
-2.105546
-2.005230
-1.920553
-1.818567
-1.841112
-1.788361
-1.695883
-1.571407
-1.422122
-1.231624
-1.030257
-0.985558
-1.180465
-1.346823
-1.446750
-1.541839
-1.709215
-1.885353
-2.029949
-2.139811
-2.134164
-2.038607
-1.954649
-1.854876
-1.853751
-1.797859
-1.701825
-1.570223
-1.417010
-1.229267
-1.028062
-0.983577
-1.181100
-1.353087
-1.456905
-1.549477
-1.719252
-1.892439
-2.034959
-2.144514
-2.139712
-2.044216
-1.959808
-1.861778
-1.864653
-1.814037
-1.723677
-1.600879
-1.452298
-1.271193
-1.070070
-1.023139
-1.217942
-1.381747
-1.478941
-1.568251
-1.751779
-1.929312
-2.070166
-2.174510
-2.161067
-2.072699
-1.990682
-1.905007
-1.930156
-1.883677
-1.790121
-1.664740
-1.521832
-1.344682
-1.143694
-1.012255
-1.210849
-1.388320
-1.506044
-1.610566
-1.761079
-1.941746
-2.083900
-2.172388
-2.127846
-2.042466
-1.976694
-1.889256
-1.871209
-1.815183
-1.716247
-1.584476
-1.421132
-1.231843
-1.030687
-0.931825
-1.133150
-1.315419
-1.427489
-1.508976
-1.670063
-1.855814
-2.002255
-2.107728
-2.098810
-1.997858
-1.908095
-1.812059
-1.762402
-1.728130
-1.644353
-1.533041
-1.391350
-1.210305
-1.008824
-0.931102
-1.133274
-1.318477
-1.429697
-1.508840
-1.688751
-1.872217
-2.016160
-2.121294
-2.105118
-2.010407
-1.926984
-1.797469
-1.819066
-1.772602
-1.682284
-1.566076
-1.418636
-1.228172
-1.026851
-0.930804
-1.132476
-1.312117
-1.418429
-1.501568
-1.679721
-1.857420
-2.002752
-2.111354
-2.147710
-2.045179
-1.943080
-1.842693
-1.789654
-1.756138
-1.671452
-1.557611
-1.418913
-1.240835
-1.039478
-0.931801
-1.132449
-1.309427
-1.431026
-1.524469
-1.698853
-1.883980
-2.031588
-2.136666
-2.132376
-2.037896
-1.954189
-1.857849
-1.882499
-1.845595
-1.759976
-1.650689
-1.516170
-1.343897
-1.142684
-1.011577
-1.200282
-1.376967
-1.497460
-1.594864
-1.748401
-1.929027
-2.073536
-2.178298
-2.169742
-2.075020
-1.995346
-1.909222
-1.892430
-1.851800
-1.766115
-1.654509
-1.517251
-1.342031
-1.140690
-1.010893
-1.205685
-1.371848
-1.485236
-1.565279
-1.707237
-1.891579
-2.042582
-2.151092
-2.145910
-2.052257
-1.976238
-1.894548
-1.869763
-1.836305
-1.752170
-1.647170
-1.496439
-1.316065
-1.114660
-0.913632
-1.107868
-1.286938
-1.407543
-1.500821
-1.649857
-1.835151
-1.993580
-2.109326
-2.118284
-2.023923
-1.944648
-1.861647
-1.806334
-1.775514
-1.695695
-1.597560
-1.452207
-1.268788
-1.067605
-0.887999
-1.091694
-1.269214
-1.384266
-1.478212
-1.641336
-1.823115
-1.978792
-2.094351
-2.147127
-2.048314
-1.949933
-1.858991
-1.815233
-1.792544
-1.713145
-1.609783
-1.461319
-1.287162
-1.085994
-0.887999
-1.090019
-1.269377
-1.395240
-1.496010
-1.647778
-1.833794
-1.993856
-2.109945
-2.135249
-2.046282
-1.970018
-1.890296
-1.877067
-1.845645
-1.763709
-1.661080
-1.513633
-1.337246
-1.135877
-0.934848
-1.129241
-1.309268
-1.424719
-1.511348
-1.656070
-1.841207
-2.001000
-2.117622
-2.148735
-2.059665
-1.979698
-1.899676
-1.854409
-1.832008
-1.752315
-1.653290
-1.512195
-1.340733
-1.139374
-0.938333
-1.131168
-1.306852
-1.423399
-1.510034
-1.660861
-1.846682
-2.008333
-2.125039
-2.147520
-2.059885
-1.984845
-1.910177
-1.872940
-1.848822
-1.770239
-1.672590
-1.537116
-1.372249
-1.173323
-0.972071
-1.164740
-1.340914
-1.460500
-1.556862
-1.707114
-1.888552
-2.040626
-2.150178
-2.187992
-2.095940
-2.011289
-1.935498
-1.900842
-1.881853
-1.802481
-1.700101
-1.551749
-1.382114
-1.183937
-0.982899
-1.175121
-1.353112
-1.471317
-1.567336
-1.704380
-1.887587
-2.044352
-2.155439
-2.181433
-2.098405
-2.027050
-1.955341
-1.960256
-1.935418
-1.853634
-1.751351
-1.605930
-1.439738
-1.241252
-1.040186
-1.150926
-1.333449
-1.466983
-1.561860
-1.695158
-1.880916
-2.039540
-2.151976
-2.173097
-2.083287
-2.008627
-1.934945
-1.893836
-1.865150
-1.784153
-1.678684
-1.536868
-1.360592
-1.159302
-0.958025
-1.073853
-1.257741
-1.381993
-1.470573
-1.605156
-1.786898
-1.948793
-2.070090
-2.146386
-2.055124
-1.952385
-1.861287
-1.779283
-1.766089
-1.691424
-1.589931
-1.453412
-1.281005
-1.079930
-0.887996
-1.052673
-1.232620
-1.357933
-1.448851
-1.594214
-1.780801
-1.948370
-2.071318
-2.148340
-2.054452
-1.953361
-1.871552
-1.808514
-1.806196
-1.739779
-1.645883
-1.515364
-1.357907
-1.161864
-0.960477
-1.075793
-1.254522
-1.392530
-1.490062
-1.630391
-1.817049
-1.984079
-2.104599
-2.171074
-2.087535
-1.990863
-1.907323
-1.860702
-1.853348
-1.781404
-1.682741
-1.543547
-1.383175
-1.186925
-0.985534
-1.099744
-1.280343
-1.411389
-1.504369
-1.631098
-1.818232
-1.983639
-2.105606
-2.169853
-2.083344
-1.989163
-1.911011
-1.849240
-1.847419
-1.779213
-1.686650
-1.555310
-1.395502
-1.198626
-0.997315
-1.110533
-1.291306
-1.420998
-1.507815
-1.621078
-1.804886
-1.964366
-2.086605
-2.161926
-2.077057
-1.974504
-1.894558
-1.791913
-1.792575
-1.725697
-1.635558
-1.504787
-1.347953
-1.153157
-0.951955
-1.068152
-1.246650
-1.379905
-1.467748
-1.592010
-1.780021
-1.951263
-2.076017
-2.157274
-2.065792
-1.967672
-1.891867
-1.823828
-1.827368
-1.763981
-1.673415
-1.550000
-1.396631
-1.202329
-1.000818
-1.029395
-1.218770
-1.382098
-1.489961
-1.626811
-1.817082
-1.983931
-2.106199
-2.166499
-2.064393
-1.960437
-1.885989
-1.804468
-1.811415
-1.748595
-1.652959
-1.525572
-1.370779
-1.175617
-0.974209
-1.010965
-1.191947
-1.336899
-1.429093
-1.554548
-1.744887
-1.921972
-2.055433
-2.148977
-2.075652
-1.976802
-1.895746
-1.820396
-1.827285
-1.766078
-1.670706
-1.547320
-1.394119
-1.200320
-0.998889
-1.033979
-1.215603
-1.351971
-1.443830
-1.574925
-1.764597
-1.939942
-2.070998
-2.154640
-2.070724
-1.967945
-1.892609
-1.793524
-1.804184
-1.747019
-1.659055
-1.537097
-1.389079
-1.204914
-1.003443
-1.038543
-1.218658
-1.368933
-1.469151
-1.589832
-1.779823
-1.954907
-2.083769
-2.162891
-2.084996
-1.989174
-1.911767
-1.864199
-1.873315
-1.812919
-1.719638
-1.595906
-1.441617
-1.244803
-1.043530
-1.075762
-1.258246
-1.403410
-1.511464
-1.640836
-1.814569
-1.972786
-2.094228
-2.178784
-2.118928
-2.022444
-1.947378
-1.861282
-1.867607
-1.801473
-1.703055
-1.567410
-1.409917
-1.215352
-1.014131
-1.048443
-1.234661
-1.392399
-1.496052
-1.604455
-1.787211
-1.960331
-2.089055
-2.169502
-2.105996
-2.009223
-1.930485
-1.873612
-1.886592
-1.828366
-1.738440
-1.615471
-1.463430
-1.268674
-1.067400
-1.097550
-1.278975
-1.420238
-1.519862
-1.639158
-1.812976
-1.984113
-2.109305
-2.184491
-2.116700
-2.018594
-1.941531
-1.851746
-1.862052
-1.799989
-1.705087
-1.574871
-1.421652
-1.235795
-1.034283
-1.067600
-1.253664
-1.405121
-1.504047
-1.605826
-1.776410
-1.938806
-2.068763
-2.153970
-2.114918
-2.017910
-1.940258
-1.845017
-1.856054
-1.798042
-1.704069
-1.574449
-1.419672
-1.226092
-1.024759
-0.980588
-1.176003
-1.343539
-1.438770
-1.548226
-1.737247
-1.916898
-2.059607
-2.168933
-2.131643
-2.044971
-1.974648
-1.906961
-1.922388
-1.866220
-1.772199
-1.644598
-1.493900
-1.305722
-1.104527
-1.055573
-1.251007
-1.415890
-1.510632
-1.606611
-1.788314
-1.961711
-2.094941
-2.185648
-2.126448
-2.038418
-1.967016
-1.900293
-1.909664
-1.854934
-1.762669
-1.641476
-1.493092
-1.306803
-1.105343
-1.056105
-1.246974
-1.406392
-1.499665
-1.595374
-1.770642
-1.937580
-2.072128
-2.174310
-2.133061
-2.036279
-1.959319
-1.853092
-1.863670
-1.807042
-1.711018
-1.590817
-1.445589
-1.258723
-1.057348
-1.010961
-1.200817
-1.349206
-1.441820
-1.541290
-1.728555
-1.909651
-2.049978
-2.153563
-2.113222
-2.019614
-1.937304
-1.838887
-1.859402
-1.809782
-1.720228
-1.604893
-1.462531
-1.278632
-1.077566
-1.029091
-1.214993
-1.374308
-1.474958
-1.581115
-1.755144
-1.929980
-2.068209
-2.171865
-2.136335
-2.040657
-1.964656
-1.870902
-1.870979
-1.820721
-1.730776
-1.612587
-1.470689
-1.286463
-1.085315
-1.037701
-1.228320
-1.385205
-1.496125
-1.595199
-1.751284
-1.923126
-2.060381
-2.160583
-2.138453
-2.047417
-1.972321
-1.880153
-1.890591
-1.839944
-1.748287
-1.629331
-1.482532
-1.294762
-1.093456
-1.045215
-1.240123
-1.392026
-1.484270
-1.575759
-1.743077
-1.918828
-2.061272
-2.169636
-2.166247
-2.077730
-1.999578
-1.899085
-1.916853
-1.874857
-1.784330
-1.662781
-1.512150
-1.328934
-1.127651
-0.998384
-1.199943
-1.379377
-1.486407
-1.579886
-1.744322
-1.919620
-2.061706
-2.166471
-2.158414
-2.073349
-1.993230
-1.884179
-1.902946
-1.854530
-1.762317
-1.638904
-1.487379
-1.302990
-1.101766
-0.972422
-1.174543
-1.355191
-1.465309
-1.557660
-1.707114
-1.880163
-2.025459
-2.135251
-2.135571
-2.043773
-1.959453
-1.858213
-1.838461
-1.793700
-1.700975
-1.578540
-1.429738
-1.247585
-1.046293
-0.930062
-1.131900
-1.312965
-1.420041
-1.504250
-1.670806
-1.853250
-2.001654
-2.110600
-2.120825
-2.027745
-1.937386
-1.830190
-1.815151
-1.775506
-1.688361
-1.573142
-1.428295
-1.243646
-1.042224
-0.930456
-1.132716
-1.315621
-1.429335
-1.517180
-1.690881
-1.871266
-2.018684
-2.128913
-2.137119
-2.045802
-1.965495
-1.865897
-1.850139
-1.809500
-1.721488
-1.605690
-1.464967
-1.283720
-1.082301
-0.955651
-1.157585
-1.332519
-1.435276
-1.518789
-1.686963
-1.867399
-2.016389
-2.124048
-2.139739
-2.049077
-1.961229
-1.862196
-1.853900
-1.816892
-1.729436
-1.616028
-1.477001
-1.299866
-1.098471
-0.970690
-1.172736
-1.348387
-1.449978
-1.534635
-1.694721
-1.876061
-2.026229
-2.136689
-2.151283
-2.062346
-1.982547
-1.892685
-1.874594
-1.837687
-1.752375
-1.642136
-1.508064
-1.330431
-1.129329
-0.999794
-1.200177
-1.362410
-1.466586
-1.553665
-1.719365
-1.897877
-2.045451
-2.153691
-2.176768
-2.084247
-1.998093
-1.908054
-1.899743
-1.868853
-1.785553
-1.682959
-1.536082
-1.364435
-1.163080
-0.960109
-1.154109
-1.332995
-1.456731
-1.561902
-1.726083
-1.909828
-2.060853
-2.167059
-2.161216
-2.076073
-2.008599
-1.922836
-1.931488
-1.893613
-1.808718
-1.707875
-1.561686
-1.387513
-1.186080
-0.983172
-1.175412
-1.355090
-1.467491
-1.556435
-1.711929
-1.894951
-2.047329
-2.157150
-2.161481
-2.078575
-2.008342
-1.919366
-1.907570
-1.871883
-1.787356
-1.685255
-1.539007
-1.362206
-1.160805
-0.956152
-1.149806
-1.331734
-1.456573
-1.547243
-1.725456
-1.908761
-2.057593
-2.162627
-2.180635
-2.094795
-2.012123
-1.877416
-1.894779
-1.854180
-1.767364
-1.664843
-1.519217
-1.343520
-1.142190
-0.941028
-1.135761
-1.314360
-1.436132
-1.529244
-1.704808
-1.889668
-2.041049
-2.148323
-2.175617
-2.083095
-1.993440
-1.898454
-1.854663
-1.824596
-1.741283
-1.642623
-1.503961
-1.334581
-1.133440
-0.932334
-1.122340
-1.292474
-1.413580
-1.508759
-1.684942
-1.870185
-2.026221
-2.136837
-2.168422
-2.076842
-1.991075
-1.904368
-1.857520
-1.831727
-1.749852
-1.649346
-1.511586
-1.335106
-1.133995
-0.932549
-1.120129
-1.296677
-1.432850
-1.535443
-1.690910
-1.873735
-2.023284
-2.130603
-2.170946
-2.072212
-1.974372
-1.886805
-1.806848
-1.779844
-1.694897
-1.593032
-1.449664
-1.265956
-1.064576
-0.887999
-1.091993
-1.271980
-1.398014
-1.484340
-1.620917
-1.801073
-1.953438
-2.067832
-2.140028
-2.034675
-1.921175
-1.830541
-1.726442
-1.711313
-1.632811
-1.527499
-1.379263
-1.208385
-1.010251
-0.888000
-1.052183
-1.234667
-1.372863
-1.455091
-1.581962
-1.771869
-1.940014
-2.062056
-2.110594
-2.015577
-1.929714
-1.851305
-1.847014
-1.831225
-1.753956
-1.651844
-1.513180
-1.346344
-1.145224
-0.943887
-1.057073
-1.238235
-1.371338
-1.467618
-1.619704
-1.807669
-1.975853
-2.096964
-2.146444
-2.048202
-1.946341
-1.864313
-1.762506
-1.751024
-1.673914
-1.577613
-1.440389
-1.274404
-1.074852
-0.887996
-1.051624
-1.232053
-1.364816
-1.443991
-1.576690
-1.766536
-1.935591
-2.058564
-2.134179
-2.037984
-1.938910
-1.853631
-1.812342
-1.803287
-1.730198
-1.631015
-1.498622
-1.326170
-1.125181
-0.923926
-1.049942
-1.229462
-1.357475
-1.458421
-1.621238
-1.808257
-1.971334
-2.090796
-2.162784
-2.062286
-1.954165
-1.871772
-1.778311
-1.770071
-1.694016
-1.595354
-1.451558
-1.281834
-1.082542
-0.887970
-1.052568
-1.235122
-1.378324
-1.470741
-1.596225
-1.784833
-1.954134
-2.076512
-2.145484
-2.053380
-1.958488
-1.878874
-1.850999
-1.847015
-1.776047
-1.679029
-1.544077
-1.380823
-1.180439
-0.978921
-1.068454
-1.261770
-1.438008
-1.564409
-1.704032
-1.889096
-2.047609
-2.154878
-2.165282
-2.056079
-1.955003
-1.866447
-1.736237
-1.726278
-1.654852
-1.551595
-1.394537
-1.206850
-1.005624
-0.888000
-1.052868
-1.238410
-1.361778
-1.417212
-1.508580
-1.691488
-1.868282
-1.999207
-2.095832
-2.026140
-1.921902
-1.828524
-1.729648
-1.734292
-1.671618
-1.571643
-1.444468
-1.279171
-1.079125
-0.887996
-1.012505
-1.202969
-1.340411
-1.422148
-1.543272
-1.731674
-1.905103
-2.034199
-2.129516
-2.049982
-1.938468
-1.843409
-1.748764
-1.749543
-1.683864
-1.585473
-1.453007
-1.291478
-1.095344
-0.894226
-1.012868
-1.200241
-1.347408
-1.442377
-1.566636
-1.756140
-1.930585
-2.061383
-2.149276
-2.056100
-1.958774
-1.890098
-1.826531
-1.832737
-1.771390
-1.679458
-1.553935
-1.401295
-1.207942
-1.006447
-1.040848
-1.224321
-1.376585
-1.481592
-1.603582
-1.792129
-1.966084
-2.092402
-2.179383
-2.115641
-2.013523
-1.919470
-1.851050
-1.849649
-1.780307
-1.678815
-1.543624
-1.382139
-1.185946
-0.984766
-1.021220
-1.208473
-1.354679
-1.451597
-1.574269
-1.763768
-1.940935
-2.073076
-2.153754
-2.065420
-1.961478
-1.883317
-1.779018
-1.768125
-1.711967
-1.621002
-1.493645
-1.335379
-1.140075
-0.938557
-1.012949
-1.198257
-1.359978
-1.471487
-1.583291
-1.757486
-1.926109
-2.054224
-2.148084
-2.106023
-2.002705
-1.907386
-1.806790
-1.818172
-1.757113
-1.664596
-1.536789
-1.375041
-1.175686
-0.974378
-1.011116
-1.200878
-1.346128
-1.452153
-1.577617
-1.763068
-1.938562
-2.072669
-2.173989
-2.113715
-2.014659
-1.937974
-1.834863
-1.848225
-1.794608
-1.707340
-1.581406
-1.437102
-1.254328
-1.052865
-1.084358
-1.269118
-1.437999
-1.564297
-1.662292
-1.804938
-1.953771
-2.076466
-2.166647
-2.141123
-2.056939
-1.975839
-1.887336
-1.892040
-1.828440
-1.725088
-1.583031
-1.419797
-1.229127
-1.028041
-0.983458
-1.180371
-1.355691
-1.465183
-1.569626
-1.737262
-1.915558
-2.055301
-2.148177
-2.078971
-1.985439
-1.915269
-1.809631
-1.814603
-1.756387
-1.661117
-1.535186
-1.377326
-1.184158
-0.982900
-0.972295
-1.163623
-1.323362
-1.409244
-1.494502
-1.676428
-1.857809
-1.998825
-2.106405
-2.064203
-1.955887
-1.861044
-1.742453
-1.758309
-1.706910
-1.613487
-1.495562
-1.344140
-1.148692
-0.947225
-0.971912
-1.161047
-1.309790
-1.408036
-1.511943
-1.689008
-1.870083
-2.013799
-2.124406
-2.087583
-1.982071
-1.895070
-1.792538
-1.773561
-1.721945
-1.629396
-1.505713
-1.353373
-1.161631
-0.960196
-0.972600
-1.166061
-1.338990
-1.463268
-1.562340
-1.716728
-1.884996
-2.024915
-2.134301
-2.114524
-2.017669
-1.928904
-1.830350
-1.853922
-1.797818
-1.702208
-1.568666
-1.417206
-1.232309
-1.031114
-0.986319
-1.183196
-1.358264
-1.467543
-1.565499
-1.721989
-1.904215
-2.050695
-2.150419
-2.103434
-2.013098
-1.947665
-1.867572
-1.846484
-1.795019
-1.701777
-1.570114
-1.427521
-1.246835
-1.045455
-0.999626
-1.188503
-1.360770
-1.489560
-1.599899
-1.772914
-1.938830
-2.070527
-2.164747
-2.128160
-2.044630
-1.977410
-1.871679
-1.897881
-1.851014
-1.767927
-1.653077
-1.510588
-1.325589
-1.124177
-1.072453
-1.260060
-1.407398
-1.515082
-1.633698
-1.812717
-1.990584
-2.124324
-2.220077
-2.175241
-2.091506
-2.024588
-1.927248
-1.943845
-1.897362
-1.811821
-1.694568
-1.544687
-1.363934
-1.163013
-1.101309
-1.295020
-1.466832
-1.577892
-1.659451
-1.809340
-1.971959
-2.095820
-2.185763
-2.140606
-2.034470
-1.939270
-1.784957
-1.796578
-1.739879
-1.640392
-1.516733
-1.362332
-1.168685
-0.967431
-0.931512
-1.133187
-1.316318
-1.431592
-1.524338
-1.708636
-1.879131
-2.014910
-2.119284
-2.135598
-2.032439
-1.928167
-1.798677
-1.790554
-1.745074
-1.652495
-1.532281
-1.385282
-1.200374
-0.998979
-0.931910
-1.130978
-1.298774
-1.411418
-1.496590
-1.654630
-1.840889
-1.990706
-2.103092
-2.083016
-1.980450
-1.895269
-1.795667
-1.761182
-1.716173
-1.625736
-1.506504
-1.358202
-1.171077
-0.969733
-0.931809
-1.132400
-1.308331
-1.411466
-1.482091
-1.615712
-1.789217
-1.944817
-2.064418
-2.099337
-1.997284
-1.899658
-1.799488
-1.758715
-1.715722
-1.621867
-1.496380
-1.344291
-1.158352
-0.957059
-0.931839
-1.132876
-1.308601
-1.413491
-1.483804
-1.610757
-1.787794
-1.943893
-2.062714
-2.087589
-1.981714
-1.885593
-1.788580
-1.732287
-1.695400
-1.606077
-1.487230
-1.340890
-1.152269
-0.950782
-0.931835
-1.132571
-1.307202
-1.426449
-1.508182
-1.637383
-1.810148
-1.957272
-2.075418
-2.125833
-2.030918
-1.935442
-1.843005
-1.798573
-1.760195
-1.662725
-1.528016
-1.365560
-1.175302
-0.974097
-0.931861
-1.132962
-1.312093
-1.428647
-1.511655
-1.635518
-1.806560
-1.961405
-2.076273
-2.109068
-2.010438
-1.918083
-1.825810
-1.792603
-1.756820
-1.671662
-1.553220
-1.403323
-1.223745
-1.022813
-0.931609
-1.131933
-1.310927
-1.421556
-1.496604
-1.622972
-1.799919
-1.957141
-2.074510
-2.112047
-2.015770
-1.924375
-1.831035
-1.800553
-1.766313
-1.677741
-1.566441
-1.406321
-1.222737
-1.021500
-0.888000
-1.092141
-1.274884
-1.393080
-1.470505
-1.597694
-1.784019
-1.944237
-2.061794
-2.093879
-1.991711
-1.899438
-1.806296
-1.753869
-1.726420
-1.641529
-1.534685
-1.384500
-1.206267
-1.005087
-0.888000
-1.091947
-1.273452
-1.383546
-1.455330
-1.589396
-1.777697
-1.940232
-2.059585
-2.099030
-2.001095
-1.910511
-1.820737
-1.773703
-1.745642
-1.660128
-1.551716
-1.402310
-1.224766
-1.023642
-0.888000
-1.092034
-1.273717
-1.382559
-1.453047
-1.591863
-1.780853
-1.943897
-2.061609
-2.107595
-2.013228
-1.920513
-1.826873
-1.790886
-1.764602
-1.681351
-1.581377
-1.435400
-1.260322
-1.058949
-0.888000
-1.093266
-1.277704
-1.395581
-1.474334
-1.626653
-1.814177
-1.976386
-2.094230
-2.135973
-2.043143
-1.957312
-1.872749
-1.823552
-1.801874
-1.724574
-1.628837
-1.493278
-1.323790
-1.122496
-0.921421
-1.112891
-1.288071
-1.411855
-1.506124
-1.679196
-1.864678
-2.025478
-2.140068
-2.162248
-2.079687
-2.009503
-1.936652
-1.933373
-1.908080
-1.829886
-1.736735
-1.597647
-1.442785
-1.249143
-1.047676
-1.226903
-1.394741
-1.522843
-1.613551
-1.751921
-1.936546
-2.090101
-2.193465
-2.179433
-2.085372
-2.011478
-1.936829
-1.896126
-1.869757
-1.787742
-1.692331
-1.555639
-1.378873
-1.177833
-0.976621
-1.164041
-1.336488
-1.450002
-1.539469
-1.682052
-1.863035
-2.020074
-2.133249
-2.179744
-2.078976
-1.976079
-1.883676
-1.839280
-1.821499
-1.745195
-1.639325
-1.496301
-1.329452
-1.129836
-0.928754
-1.045857
-1.227074
-1.369022
-1.468571
-1.606816
-1.794305
-1.964227
-2.088037
-2.122442
-2.027782
-1.944193
-1.867518
-1.806976
-1.791930
-1.715893
-1.619053
-1.479923
-1.301215
-1.100155
-0.898841
-1.052621
-1.234581
-1.358492
-1.435438
-1.550579
-1.732945
-1.883997
-2.010996
-2.105119
-2.028437
-1.913148
-1.819586
-1.698206
-1.665313
-1.598987
-1.503219
-1.366160
-1.197459
-0.997806
-0.888000
-1.052878
-1.233707
-1.362581
-1.442769
-1.565331
-1.753152
-1.921802
-2.045831
-2.115493
-2.017756
-1.921443
-1.842724
-1.828235
-1.821192
-1.749124
-1.649222
-1.514831
-1.341988
-1.140840
-0.939636
-1.055172
-1.236882
-1.366373
-1.460322
-1.589956
-1.774266
-1.931647
-2.054830
-2.140936
-2.054230
-1.939377
-1.846098
-1.727014
-1.724229
-1.653921
-1.557372
-1.415173
-1.246137
-1.046592
-0.888000
-1.053253
-1.235239
-1.369207
-1.448981
-1.567423
-1.752096
-1.922911
-2.048598
-2.128407
-2.036210
-1.932654
-1.854573
-1.779263
-1.783295
-1.717708
-1.627034
-1.493813
-1.332913
-1.136930
-0.935638
-1.052693
-1.233508
-1.365761
-1.453877
-1.579172
-1.769604
-1.944114
-2.071934
-2.154056
-2.077026
-1.977129
-1.892000
-1.827304
-1.829633
-1.762964
-1.668998
-1.538963
-1.375567
-1.176365
-0.974937
-1.089659
-1.269851
-1.392766
-1.480864
-1.601044
-1.789150
-1.959517
-2.084661
-2.157000
-2.072845
-1.968090
-1.883757
-1.809043
-1.809788
-1.741606
-1.641933
-1.505262
-1.344436
-1.149734
-0.948414
-1.012808
-1.198920
-1.354619
-1.450421
-1.560328
-1.745062
-1.910220
-2.040068
-2.130919
-2.070995
-1.959866
-1.868055
-1.752120
-1.741366
-1.675393
-1.579043
-1.441711
-1.276550
-1.079260
-0.887996
-1.012908
-1.197691
-1.344450
-1.427550
-1.542093
-1.733138
-1.909270
-2.041716
-2.136228
-2.053550
-1.957894
-1.885362
-1.836493
-1.843095
-1.780360
-1.686225
-1.562591
-1.404963
-1.206207
-1.004672
-1.038351
-1.220182
-1.359060
-1.458969
-1.590890
-1.778058
-1.949296
-2.077485
-2.158341
-2.074782
-1.969814
-1.889117
-1.800507
-1.808064
-1.742442
-1.645591
-1.516221
-1.359611
-1.164334
-0.962890
-1.011045
-1.195777
-1.349240
-1.448050
-1.557342
-1.740384
-1.904793
-2.036122
-2.129989
-2.081490
-1.973575
-1.884782
-1.775753
-1.763300
-1.701599
-1.609678
-1.478055
-1.318591
-1.123891
-0.922764
-1.013202
-1.201244
-1.350569
-1.439453
-1.545823
-1.735383
-1.915168
-2.051626
-2.151365
-2.094402
-1.999453
-1.917086
-1.871948
-1.880335
-1.818578
-1.724524
-1.597137
-1.439576
-1.241986
-1.040636
-1.073315
-1.258387
-1.398130
-1.495276
-1.609862
-1.790573
-1.954923
-2.083806
-2.172622
-2.113469
-2.013659
-1.933076
-1.842422
-1.850542
-1.784462
-1.684778
-1.551942
-1.394485
-1.200882
-0.999561
-1.034983
-1.223392
-1.375082
-1.471559
-1.570133
-1.743420
-1.904228
-2.037164
-2.137132
-2.110983
-2.005521
-1.913755
-1.805594
-1.797388
-1.738675
-1.640448
-1.506820
-1.346833
-1.154498
-0.953357
-0.972661
-1.167367
-1.335216
-1.432258
-1.530817
-1.719795
-1.899489
-2.039799
-2.144079
-2.089649
-1.990787
-1.917247
-1.837717
-1.860049
-1.807191
-1.718472
-1.598582
-1.451503
-1.263559
-1.062032
-1.014757
-1.202069
-1.355536
-1.451205
-1.556284
-1.742993
-1.923535
-2.061484
-2.159274
-2.095878
-1.993151
-1.918417
-1.825865
-1.823899
-1.770591
-1.678916
-1.562742
-1.416342
-1.226517
-1.025082
-0.980608
-1.166706
-1.312036
-1.398996
-1.495758
-1.682193
-1.866373
-2.011955
-2.122613
-2.081653
-1.978277
-1.896186
-1.798354
-1.791362
-1.742220
-1.652994
-1.538521
-1.394019
-1.202786
-1.001439
-0.971132
-1.159720
-1.302624
-1.389400
-1.485282
-1.669696
-1.852577
-1.998709
-2.110718
-2.090257
-1.986274
-1.896349
-1.791655
-1.792040
-1.742524
-1.652553
-1.538160
-1.396398
-1.206490
-1.005390
-0.969737
-1.159060
-1.306412
-1.404918
-1.502696
-1.677256
-1.856754
-2.002171
-2.114628
-2.105045
-1.999640
-1.905959
-1.799316
-1.791847
-1.736736
-1.641722
-1.518761
-1.369968
-1.175867
-0.974588
-0.972560
-1.168485
-1.329425
-1.433495
-1.515327
-1.649332
-1.816851
-1.959359
-2.076843
-2.109494
-2.005218
-1.899967
-1.786965
-1.754244
-1.701514
-1.606968
-1.473840
-1.318364
-1.126429
-0.925144
-0.972486
-1.171898
-1.344722
-1.452379
-1.536307
-1.665053
-1.831211
-1.979962
-2.091628
-2.097726
-1.996815
-1.908001
-1.810411
-1.789885
-1.747005
-1.655620
-1.525561
-1.380286
-1.196511
-0.995087
-0.931764
-1.132670
-1.312594
-1.446200
-1.549283
-1.696980
-1.871311
-2.014282
-2.109024
-2.122604
-2.037445
-1.963423
-1.885188
-1.870812
-1.818737
-1.719615
-1.582745
-1.416343
-1.223588
-1.022465
-0.931552
-1.132568
-1.315051
-1.434832
-1.524516
-1.665157
-1.843325
-1.997214
-2.112987
-2.112700
-2.030053
-1.956393
-1.873168
-1.864770
-1.820767
-1.730044
-1.605792
-1.452701
-1.271918
-1.071061
-0.945296
-1.146506
-1.326334
-1.433271
-1.516667
-1.664128
-1.846700
-1.999724
-2.113981
-2.110270
-2.025108
-1.948787
-1.855610
-1.833734
-1.794787
-1.706394
-1.583068
-1.430843
-1.248784
-1.047657
-0.928292
-1.129955
-1.311544
-1.422815
-1.509462
-1.666786
-1.846294
-1.994794
-2.104663
-2.126980
-2.035966
-1.948050
-1.853015
-1.800940
-1.766038
-1.681297
-1.565300
-1.419221
-1.241672
-1.040613
-0.931326
-1.131899
-1.317735
-1.448367
-1.547684
-1.710558
-1.890329
-2.030478
-2.131100
-2.135224
-2.037495
-1.948168
-1.852859
-1.814041
-1.780194
-1.697706
-1.582839
-1.437891
-1.255149
-1.053623
-0.923529
-1.125611
-1.310213
-1.447778
-1.551189
-1.723825
-1.901615
-2.041878
-2.142792
-2.167520
-2.076402
-1.984748
-1.858902
-1.852865
-1.812804
-1.725028
-1.603791
-1.453424
-1.276856
-1.076761
-0.947907
-1.149342
-1.332122
-1.463335
-1.555852
-1.712731
-1.888801
-2.030688
-2.131452
-2.164941
-2.066870
-1.964493
-1.854066
-1.818825
-1.784232
-1.696350
-1.583218
-1.442943
-1.270536
-1.070112
-0.888154
-1.093954
-1.278069
-1.419773
-1.537809
-1.704525
-1.882819
-2.030458
-2.136946
-2.167896
-2.080008
-1.990144
-1.888093
-1.900672
-1.865546
-1.777731
-1.668880
-1.513053
-1.338303
-1.138861
-0.936597
-1.132037
-1.314018
-1.444498
-1.554984
-1.719260
-1.899157
-2.047831
-2.154161
-2.173648
-2.092370
-2.012766
-1.910165
-1.927785
-1.889324
-1.800528
-1.690208
-1.535049
-1.362605
-1.164155
-0.960699
-1.154348
-1.336946
-1.456920
-1.550228
-1.703034
-1.883209
-2.035609
-2.145361
-2.161827
-2.083799
-2.009491
-1.892737
-1.916776
-1.875495
-1.786694
-1.677241
-1.523311
-1.349144
-1.149404
-0.944536
-1.134719
-1.323839
-1.453953
-1.543133
-1.696329
-1.876687
-2.026476
-2.134742
-2.157319
-2.072632
-1.991156
-1.877526
-1.864024
-1.824924
-1.737308
-1.632996
-1.481119
-1.302332
-1.101083
-0.896424
-1.094399
-1.277347
-1.399122
-1.482005
-1.644856
-1.826741
-1.980527
-2.092404
-2.145658
-2.051459
-1.952140
-1.850881
-1.781896
-1.755172
-1.674297
-1.577384
-1.442109
-1.264967
-1.063883
-0.887999
-1.093357
-1.277830
-1.406425
-1.500554
-1.664091
-1.843956
-1.995042
-2.104858
-2.178058
-2.102812
-1.990082
-1.877004
-1.827645
-1.800119
-1.715750
-1.612710
-1.472221
-1.294572
-1.093588
-0.892027
-1.090908
-1.263778
-1.405236
-1.523718
-1.662516
-1.839618
-1.997420
-2.110862
-2.198273
-2.153825
-2.031291
-1.913814
-1.768783
-1.767785
-1.708216
-1.619331
-1.480064
-1.318700
-1.127113
-0.926062
-1.120615
-1.307456
-1.483523
-1.630697
-1.790250
-1.969120
-2.115995
-2.219481
-2.239556
-2.164807
-2.098713
-2.063909
-2.108076
-2.084038
-2.001673
-1.883540
-1.721927
-1.541745
-1.342898
-1.141803
-1.246898
-1.436548
-1.581223
-1.684323
-1.776899
-1.921589
-2.055385
-2.159960
-2.215451
-2.157397
-2.073001
-1.988278
-1.909486
-1.873166
-1.778170
-1.655846
-1.491253
-1.315239
-1.116016
-0.914972
-1.052749
-1.238182
-1.395588
-1.484336
-1.612091
-1.800112
-1.967962
-2.088989
-2.134445
-2.048838
-1.970779
-1.892133
-1.885847
-1.865468
-1.788605
-1.686753
-1.550977
-1.380963
-1.179774
-0.977463
-1.092505
-1.280873
-1.415754
-1.501182
-1.648429
-1.834819
-1.997243
-2.115312
-2.176013
-2.084067
-1.994416
-1.914471
-1.848705
-1.834003
-1.760589
-1.662695
-1.528340
-1.360387
-1.160051
-0.958214
-1.074515
-1.256329
-1.385734
-1.477982
-1.620395
-1.805084
-1.971509
-2.092973
-2.165134
-2.084598
-1.988943
-1.904252
-1.848229
-1.845026
-1.779619
-1.686883
-1.562941
-1.409120
-1.215581
-1.014113
-1.126405
-1.302584
-1.438939
-1.539492
-1.676314
-1.858444
-2.014133
-2.130371
-2.191245
-2.113435
-2.013641
-1.932123
-1.849123
-1.848741
-1.783049
-1.693233
-1.559342
-1.400861
-1.206341
-1.004990
-1.117932
-1.298138
-1.445988
-1.555560
-1.685158
-1.860422
-2.019938
-2.134566
-2.194804
-2.116150
-2.023172
-1.942162
-1.903994
-1.896966
-1.825953
-1.727898
-1.597719
-1.431637
-1.230820
-1.029398
-1.140525
-1.319049
-1.441181
-1.530263
-1.650862
-1.831286
-1.982973
-2.103468
-2.177632
-2.104241
-2.001412
-1.917217
-1.837002
-1.836405
-1.768123
-1.666801
-1.532320
-1.372885
-1.177024
-0.975793
-1.012796
-1.197456
-1.358615
-1.462474
-1.588784
-1.775539
-1.944576
-2.073441
-2.155900
-2.094345
-1.993827
-1.913543
-1.813062
-1.819189
-1.756250
-1.662352
-1.530473
-1.371424
-1.176932
-0.975802
-1.012406
-1.198322
-1.363916
-1.469573
-1.598868
-1.786953
-1.959925
-2.088086
-2.169983
-2.098089
-2.008698
-1.934646
-1.897850
-1.898226
-1.831981
-1.733903
-1.605599
-1.446193
-1.247430
-1.046060
-1.078424
-1.262429
-1.402507
-1.499503
-1.625475
-1.812704
-1.974195
-2.097838
-2.177735
-2.106643
-2.006731
-1.928233
-1.835702
-1.840463
-1.775693
-1.679700
-1.548638
-1.392846
-1.199446
-0.998196
-1.034079
-1.221591
-1.366451
-1.458726
-1.575984
-1.764964
-1.940211
-2.073083
-2.166199
-2.106995
-2.013451
-1.937385
-1.868983
-1.883107
-1.826185
-1.738275
-1.614602
-1.463522
-1.272792
-1.071443
-1.102331
-1.287140
-1.427078
-1.519461
-1.627715
-1.811891
-1.974628
-2.101120
-2.185759
-2.125250
-2.027755
-1.953386
-1.858181
-1.868416
-1.809188
-1.715948
-1.591416
-1.439440
-1.250193
-1.048669
-1.081466
-1.266264
-1.416531
-1.520668
-1.634680
-1.815268
-1.981155
-2.107271
-2.188377
-2.138326
-2.044569
-1.964219
-1.900060
-1.912076
-1.854223
-1.767187
-1.637168
-1.484660
-1.294055
-1.092804
-1.122712
-1.309841
-1.452299
-1.540297
-1.638092
-1.816150
-1.971882
-2.099383
-2.190172
-2.139095
-2.043339
-1.967810
-1.879243
-1.889807
-1.828394
-1.731939
-1.601964
-1.452904
-1.264272
-1.062887
-1.016421
-1.208335
-1.366368
-1.465342
-1.576810
-1.764756
-1.940894
-2.077279
-2.172300
-2.120298
-2.026855
-1.956496
-1.867132
-1.882523
-1.827365
-1.733944
-1.610070
-1.460646
-1.275262
-1.073987
-1.026949
-1.206481
-1.384823
-1.496711
-1.604331
-1.794387
-1.973536
-2.106148
-2.192487
-2.139106
-2.048810
-1.969510
-1.907169
-1.917305
-1.863773
-1.772051
-1.650887
-1.501776
-1.311124
-1.109964
-1.056446
-1.255070
-1.419655
-1.530441
-1.647680
-1.811384
-1.975771
-2.103758
-2.194000
-2.137059
-2.047872
-1.980218
-1.890974
-1.899280
-1.841422
-1.743585
-1.617998
-1.468581
-1.273962
-1.072630
-1.025383
-1.216712
-1.374779
-1.483922
-1.577116
-1.717905
-1.869425
-2.006376
-2.117191
-2.117595
-2.011325
-1.911041
-1.796968
-1.762456
-1.714466
-1.617906
-1.492768
-1.340634
-1.146048
-0.944644
-0.972588
-1.168454
-1.324091
-1.420326
-1.506754
-1.663790
-1.828704
-1.972826
-2.087083
-2.118072
-2.009628
-1.900091
-1.781800
-1.752226
-1.707801
-1.614141
-1.486825
-1.338047
-1.145561
-0.944145
-0.972484
-1.168141
-1.333039
-1.443917
-1.533838
-1.679715
-1.845598
-1.990120
-2.103279
-2.108396
-2.007330
-1.916895
-1.810896
-1.793906
-1.745098
-1.655463
-1.532110
-1.382598
-1.191656
-0.990240
-0.972412
-1.172637
-1.349415
-1.475805
-1.583934
-1.736350
-1.909018
-2.048301
-2.157122
-2.200362
-2.106223
-2.008607
-1.906665
-1.904076
-1.861160
-1.764480
-1.630912
-1.475435
-1.294453
-1.093908
-0.966181
-1.167497
-1.346570
-1.500021
-1.628579
-1.811029
-1.985456
-2.119270
-2.209264
-2.196305
-2.130804
-2.069093
-2.061608
-2.080465
-2.027194
-1.923728
-1.787991
-1.623162
-1.438077
-1.237133
-1.101860
-1.303783
-1.484692
-1.597843
-1.692110
-1.817669
-1.987676
-2.114707
-2.190109
-2.169882
-2.092354
-2.029951
-1.948980
-1.909359
-1.847946
-1.743229
-1.608043
-1.436043
-1.246573
-1.045458
-0.929179
-1.128671
-1.310792
-1.430362
-1.518560
-1.681544
-1.865115
-2.014563
-2.122852
-2.125689
-2.033356
-1.950290
-1.860210
-1.827471
-1.796043
-1.715131
-1.609963
-1.474988
-1.300687
-1.099376
-0.971838
-1.162789
-1.317774
-1.424794
-1.527038
-1.711930
-1.896498
-2.043144
-2.148474
-2.129303
-2.039413
-1.961864
-1.849921
-1.872846
-1.825780
-1.737130
-1.627647
-1.486144
-1.303533
-1.102483
-0.974927
-1.170753
-1.328298
-1.440444
-1.548063
-1.728165
-1.911130
-2.056750
-2.161711
-2.160161
-2.067506
-1.978861
-1.852055
-1.876480
-1.831409
-1.741495
-1.625402
-1.481153
-1.296726
-1.095356
-0.968266
-1.169166
-1.341109
-1.452493
-1.534650
-1.675719
-1.860651
-2.014269
-2.125048
-2.136460
-2.036039
-1.945205
-1.848468
-1.787362
-1.751511
-1.661592
-1.545242
-1.405337
-1.221258
-1.019871
-0.931850
-1.108605
-1.296487
-1.434876
-1.519240
-1.647884
-1.834111
-1.988375
-2.100071
-2.097548
-1.988783
-1.898841
-1.810371
-1.763213
-1.736540
-1.654642
-1.546324
-1.409609
-1.227826
-1.026368
-0.888000
-1.085249
-1.268377
-1.395866
-1.490395
-1.648454
-1.835678
-1.996214
-2.112321
-2.113965
-2.017130
-1.940054
-1.859969
-1.818627
-1.788235
-1.703230
-1.590312
-1.431868
-1.251232
-1.050077
-0.888000
-1.090168
-1.272284
-1.394909
-1.473887
-1.627570
-1.815960
-1.978358
-2.095232
-2.111152
-2.019195
-1.940789
-1.862724
-1.849043
-1.823230
-1.743084
-1.643631
-1.507683
-1.332796
-1.131585
-0.930161
-1.112890
-1.286904
-1.412004
-1.510475
-1.685645
-1.872571
-2.029596
-2.140063
-2.159509
-2.059480
-1.968248
-1.881783
-1.824770
-1.802263
-1.721037
-1.627116
-1.488095
-1.313154
-1.111954
-0.910368
-1.092456
-1.268156
-1.406935
-1.505355
-1.664927
-1.852067
-2.012942
-2.126532
-2.149706
-2.048837
-1.954555
-1.870166
-1.793615
-1.772470
-1.694939
-1.604536
-1.461126
-1.290877
-1.089952
-0.888782
-1.081013
-1.260118
-1.394926
-1.497094
-1.652320
-1.838532
-1.995965
-2.108699
-2.145386
-2.044703
-1.951801
-1.869190
-1.819541
-1.801427
-1.720910
-1.621218
-1.478044
-1.304008
-1.102646
-0.901308
-1.076784
-1.265638
-1.413416
-1.509231
-1.647315
-1.836752
-1.999906
-2.113767
-2.110831
-2.003285
-1.918052
-1.836044
-1.753501
-1.733985
-1.658308
-1.558598
-1.413440
-1.236049
-1.034735
-0.888000
-1.092404
-1.273991
-1.390342
-1.466016
-1.591895
-1.778589
-1.943093
-2.062674
-2.117247
-2.018470
-1.923113
-1.839506
-1.797615
-1.786101
-1.710432
-1.614886
-1.474198
-1.298889
-1.097431
-0.896043
-1.047254
-1.234324
-1.385210
-1.486057
-1.630818
-1.819426
-1.986443
-2.106157
-2.124099
-2.022947
-1.937792
-1.859665
-1.795175
-1.778115
-1.697952
-1.596044
-1.449426
-1.268057
-1.066689
-0.887999
-1.052608
-1.237725
-1.360822
-1.436197
-1.545496
-1.727334
-1.890162
-2.016201
-2.106024
-2.021705
-1.905583
-1.802934
-1.686583
-1.688330
-1.618601
-1.520934
-1.377985
-1.202171
-1.001081
-0.888000
-1.052659
-1.235207
-1.356022
-1.426984
-1.538468
-1.727049
-1.899380
-2.026513
-2.105973
-2.000996
-1.889601
-1.806992
-1.718521
-1.721689
-1.654341
-1.563313
-1.431893
-1.269092
-1.070686
-0.887998
-1.052304
-1.231483
-1.367130
-1.456843
-1.588451
-1.777894
-1.946817
-2.069531
-2.143474
-2.045335
-1.946412
-1.865020
-1.815929
-1.806646
-1.731792
-1.634254
-1.494746
-1.322441
-1.121110
-0.919849
-1.051747
-1.234213
-1.363580
-1.452085
-1.569660
-1.757825
-1.926274
-2.050939
-2.129921
-2.039034
-1.922426
-1.828914
-1.706472
-1.703249
-1.637587
-1.542622
-1.409002
-1.239782
-1.039912
-0.888000
-1.052775
-1.234867
-1.375084
-1.464413
-1.575794
-1.752764
-1.911087
-2.034322
-2.122511
-2.041525
-1.936105
-1.846793
-1.775062
-1.774912
-1.705903
-1.607206
-1.474943
-1.303325
-1.101996
-0.900712
-1.052797
-1.236216
-1.356746
-1.432017
-1.540780
-1.726993
-1.895014
-2.023971
-2.118769
-2.040809
-1.923010
-1.826189
-1.701112
-1.684812
-1.621930
-1.531394
-1.397187
-1.232058
-1.036780
-0.887995
-1.053045
-1.234801
-1.378999
-1.476297
-1.588705
-1.757452
-1.923177
-2.047376
-2.131606
-2.061149
-1.955475
-1.863390
-1.808920
-1.807868
-1.737666
-1.634252
-1.496866
-1.327402
-1.126758
-0.925567
-1.012594
-1.200954
-1.347305
-1.442945
-1.559878
-1.747127
-1.916371
-2.046106
-2.131099
-2.045719
-1.935488
-1.849720
-1.747434
-1.752790
-1.683171
-1.577713
-1.438623
-1.267909
-1.068184
-0.887999
-1.012930
-1.200146
-1.341726
-1.422003
-1.510320
-1.691017
-1.856638
-1.988834
-2.093978
-2.039914
-1.918928
-1.818598
-1.698728
-1.679097
-1.618520
-1.521187
-1.389307
-1.224950
-1.028674
-0.888000
-1.012650
-1.197590
-1.326766
-1.387867
-1.488003
-1.680787
-1.860001
-1.995526
-2.104313
-2.028162
-1.917155
-1.836038
-1.736988
-1.757787
-1.706373
-1.618630
-1.509688
-1.368159
-1.177798
-0.976352
-1.012437
-1.191479
-1.333189
-1.436954
-1.560801
-1.747860
-1.924004
-2.055397
-2.147038
-2.076872
-1.968076
-1.883549
-1.772279
-1.780707
-1.717871
-1.623251
-1.491439
-1.333558
-1.138204
-0.936803
-1.013036
-1.201066
-1.361053
-1.464938
-1.570822
-1.753586
-1.922849
-2.054600
-2.147096
-2.093573
-1.994514
-1.912463
-1.839909
-1.853626
-1.795473
-1.704918
-1.580710
-1.425363
-1.232142
-1.030739
-1.063925
-1.250715
-1.391897
-1.484918
-1.588903
-1.771184
-1.938289
-2.069005
-2.164083
-2.100907
-1.997367
-1.918062
-1.813866
-1.820651
-1.760177
-1.666993
-1.541468
-1.388995
-1.195708
-0.994193
-1.029802
-1.216297
-1.365447
-1.462780
-1.556502
-1.728035
-1.896431
-2.033484
-2.138912
-2.098532
-1.995138
-1.910147
-1.799588
-1.812456
-1.752740
-1.656791
-1.530050
-1.374097
-1.182195
-0.980938
-0.972467
-1.165571
-1.324854
-1.415325
-1.511643
-1.698001
-1.880602
-2.023784
-2.133775
-2.080134
-1.975500
-1.896202
-1.795524
-1.799473
-1.749068
-1.660503
-1.546485
-1.400926
-1.214023
-1.012481
-0.968840
-1.154899
-1.303394
-1.397706
-1.502493
-1.690993
-1.874417
-2.018569
-2.128669
-2.087271
-1.982659
-1.898411
-1.791641
-1.797307
-1.746538
-1.656044
-1.541300
-1.395989
-1.206967
-1.005517
-0.969272
-1.155988
-1.305709
-1.403378
-1.507776
-1.694161
-1.877689
-2.021866
-2.131149
-2.095056
-1.991132
-1.906408
-1.798060
-1.803769
-1.752892
-1.661281
-1.547657
-1.401849
-1.213830
-1.012345
-0.968768
-1.155994
-1.305165
-1.401857
-1.500007
-1.684435
-1.868840
-2.014762
-2.124697
-2.093874
-1.989615
-1.904850
-1.805926
-1.792511
-1.742306
-1.652633
-1.540748
-1.396990
-1.209788
-1.008314
-0.966808
-1.154211
-1.300163
-1.393485
-1.484527
-1.667706
-1.852733
-2.000852
-2.112163
-2.095029
-1.992070
-1.903528
-1.801514
-1.785516
-1.736473
-1.648803
-1.533098
-1.390480
-1.204302
-1.002832
-0.970852
-1.149947
-1.312221
-1.413209
-1.504627
-1.686450
-1.871177
-2.016663
-2.124674
-2.096659
-1.990409
-1.904509
-1.807379
-1.787206
-1.745369
-1.663387
-1.558450
-1.422271
-1.238117
-1.036778
-0.991518
-1.176195
-1.321868
-1.422651
-1.519340
-1.698271
-1.881670
-2.029387
-2.139416
-2.127326
-2.029473
-1.945443
-1.846687
-1.852401
-1.805577
-1.713519
-1.591378
-1.444475
-1.260245
-1.058877
-0.934037
-1.130750
-1.307406
-1.419729
-1.514370
-1.686076
-1.871080
-2.021558
-2.131684
-2.110429
-2.011785
-1.933333
-1.843747
-1.823196
-1.782732
-1.697445
-1.586840
-1.448502
-1.268001
-1.066723
-0.941359
-1.123760
-1.300268
-1.420930
-1.521881
-1.702032
-1.887761
-2.036862
-2.145288
-2.118727
-2.021078
-1.944849
-1.860077
-1.846739
-1.808076
-1.724526
-1.614455
-1.476165
-1.294478
-1.093114
-0.966022
-1.147442
-1.327747
-1.452324
-1.556622
-1.729337
-1.914045
-2.059888
-2.164179
-2.134657
-2.038925
-1.962590
-1.864717
-1.868655
-1.831232
-1.746217
-1.633804
-1.493623
-1.313969
-1.112538
-0.984254
-1.169528
-1.351878
-1.472933
-1.565696
-1.722037
-1.905733
-2.051028
-2.155444
-2.139826
-2.041705
-1.959177
-1.864594
-1.840266
-1.803995
-1.719881
-1.611800
-1.474550
-1.297835
-1.096436
-0.969128
-1.157528
-1.336461
-1.452677
-1.541856
-1.707382
-1.893072
-2.040907
-2.146917
-2.131927
-2.037074
-1.956644
-1.857134
-1.848153
-1.808589
-1.721942
-1.612100
-1.474906
-1.297170
-1.095956
-0.968583
-1.168513
-1.333691
-1.438457
-1.520068
-1.682286
-1.867295
-2.019852
-2.130500
-2.134202
-2.040179
-1.957758
-1.869223
-1.829294
-1.791628
-1.707689
-1.599947
-1.466349
-1.283462
-1.082361
-0.955997
-1.153787
-1.312108
-1.419402
-1.505877
-1.678098
-1.860696
-2.011859
-2.122710
-2.158691
-2.059444
-1.962261
-1.866757
-1.843712
-1.814967
-1.730700
-1.630173
-1.477743
-1.303270
-1.102008
-0.900968
-1.097939
-1.277871
-1.403529
-1.506158
-1.677428
-1.863300
-2.020079
-2.132330
-2.142395
-2.051226
-1.973879
-1.889499
-1.883081
-1.851849
-1.771846
-1.676227
-1.535189
-1.363223
-1.162073
-0.960782
-1.146173
-1.322477
-1.450871
-1.552190
-1.710516
-1.895604
-2.050357
-2.160836
-2.165613
-2.074960
-1.995108
-1.914935
-1.889427
-1.852381
-1.762107
-1.652831
-1.501991
-1.333896
-1.136130
-0.935106
-1.127511
-1.308114
-1.443171
-1.533268
-1.681708
-1.867519
-2.027068
-2.142765
-2.165129
-2.083125
-2.011146
-1.930338
-1.928745
-1.896284
-1.809414
-1.702537
-1.551018
-1.373886
-1.172695
-0.971687
-1.163532
-1.343304
-1.452581
-1.539513
-1.695265
-1.880866
-2.037574
-2.148384
-2.172212
-2.085210
-2.008957
-1.927028
-1.902611
-1.873851
-1.794605
-1.697223
-1.559188
-1.390960
-1.189703
-0.988633
-1.174264
-1.343703
-1.461980
-1.553809
-1.716649
-1.901778
-2.055449
-2.163154
-2.177299
-2.087585
-2.006294
-1.929280
-1.881888
-1.851822
-1.768859
-1.669505
-1.532372
-1.365267
-1.165482
-0.964334
-1.154306
-1.327417
-1.452845
-1.551932
-1.700938
-1.883352
-2.034965
-2.142018
-2.165786
-2.068769
-1.978749
-1.885647
-1.888666
-1.867411
-1.789740
-1.692924
-1.550560
-1.376557
-1.175218
-0.974149
-1.164577
-1.340275
-1.457252
-1.551657
-1.706544
-1.892466
-2.051096
-2.161142
-2.195516
-2.106374
-2.021424
-1.942095
-1.898780
-1.875455
-1.793365
-1.689513
-1.542443
-1.370871
-1.170630
-0.969555
-1.084474
-1.267285
-1.407455
-1.507351
-1.655050
-1.841974
-2.005886
-2.124700
-2.181733
-2.104838
-2.009358
-1.913030
-1.901364
-1.883376
-1.803529
-1.698529
-1.552843
-1.387450
-1.190663
-0.989583
-1.103559
-1.286975
-1.427710
-1.529955
-1.665363
-1.852075
-2.018241
-2.136262
-2.164244
-2.070810
-1.990596
-1.913046
-1.865116
-1.846363
-1.767924
-1.669385
-1.527641
-1.362924
-1.164598
-0.963494
-1.078958
-1.261071
-1.395594
-1.488738
-1.636935
-1.824105
-1.990135
-2.110422
-2.174821
-2.086241
-1.998444
-1.921418
-1.896544
-1.882783
-1.807030
-1.702148
-1.562679
-1.400609
-1.204293
-1.003047
-1.113981
-1.297348
-1.433812
-1.525914
-1.649499
-1.837245
-2.003111
-2.120040
-2.156589
-2.063846
-1.982087
-1.905090
-1.843485
-1.829809
-1.755915
-1.660147
-1.522900
-1.351369
-1.150187
-0.949057
-1.065142
-1.246880
-1.367811
-1.447862
-1.572017
-1.758472
-1.930383
-2.056093
-2.148859
-2.085620
-1.975156
-1.868637
-1.768358
-1.764473
-1.696447
-1.597760
-1.462727
-1.294546
-1.094573
-0.893332
-1.053362
-1.238259
-1.365592
-1.451582
-1.574429
-1.756816
-1.927349
-2.054287
-2.147165
-2.062710
-1.956122
-1.871835
-1.787987
-1.791410
-1.726706
-1.638818
-1.512724
-1.359028
-1.164107
-0.962618
-1.077786
-1.255705
-1.395837
-1.495349
-1.630118
-1.814942
-1.980779
-2.101244
-2.179785
-2.101999
-2.004864
-1.924517
-1.862287
-1.861164
-1.792778
-1.697164
-1.560825
-1.407941
-1.222582
-1.021267
-1.050136
-1.241386
-1.416160
-1.532446
-1.647793
-1.836145
-2.001400
-2.121341
-2.173777
-2.081731
-2.000335
-1.932252
-1.890998
-1.880831
-1.805441
-1.702271
-1.561834
-1.390571
-1.190225
-0.989087
-1.024904
-1.215046
-1.370915
-1.460586
-1.565418
-1.746333
-1.900692
-2.030783
-2.135281
-2.078065
-1.967875
-1.879133
-1.769662
-1.738162
-1.674811
-1.577118
-1.444594
-1.284278
-1.088433
-0.888000
-1.013327
-1.199756
-1.346276
-1.432136
-1.545366
-1.734572
-1.910075
-2.042181
-2.132427
-2.047103
-1.954620
-1.886286
-1.848894
-1.853537
-1.790188
-1.695547
-1.571403
-1.412705
-1.213890
-1.012481
-1.046519
-1.229469
-1.365724
-1.461720
-1.588876
-1.776364
-1.944765
-2.073328
-2.163363
-2.092073
-1.986912
-1.904633
-1.797562
-1.806116
-1.747067
-1.657036
-1.533194
-1.380693
-1.187266
-0.985789
-1.022069
-1.206328
-1.360846
-1.465011
-1.582745
-1.767236
-1.938396
-2.068265
-2.156695
-2.107256
-2.006697
-1.917843
-1.848207
-1.859360
-1.798211
-1.705408
-1.573252
-1.412736
-1.214580
-1.013239
-1.047516
-1.234425
-1.380354
-1.477969
-1.588678
-1.768591
-1.933242
-2.063912
-2.156058
-2.103709
-2.002554
-1.917973
-1.816636
-1.825563
-1.761169
-1.664546
-1.533257
-1.378012
-1.184667
-0.983275
-1.019623
-1.206942
-1.355672
-1.451977
-1.549387
-1.724545
-1.889434
-2.022878
-2.120971
-2.095222
-1.988231
-1.894718
-1.780632
-1.770506
-1.711549
-1.620186
-1.489725
-1.332630
-1.139364
-0.938208
-0.972568
-1.167461
-1.341994
-1.447676
-1.549229
-1.731344
-1.904094
-2.041181
-2.147386
-2.118533
-2.016978
-1.926465
-1.842159
-1.862598
-1.806647
-1.711882
-1.582143
-1.428317
-1.238000
-1.036694
-0.991787
-1.186336
-1.353202
-1.455696
-1.571472
-1.757276
-1.937844
-2.077206
-2.170470
-2.110671
-2.018169
-1.949161
-1.863412
-1.879497
-1.823421
-1.730271
-1.600546
-1.451232
-1.270434
-1.069159
-1.022256
-1.214201
-1.385553
-1.498744
-1.603402
-1.776945
-1.941819
-2.074375
-2.166850
-2.126063
-2.035174
-1.954421
-1.877004
-1.890571
-1.831221
-1.736045
-1.605779
-1.448270
-1.252562
-1.051245
-1.005326
-1.202946
-1.370058
-1.472193
-1.572670
-1.741866
-1.913209
-2.051170
-2.160706
-2.140635
-2.045887
-1.966249
-1.870752
-1.860373
-1.804692
-1.710479
-1.582486
-1.430815
-1.241032
-1.039706
-0.994593
-1.190924
-1.362580
-1.477729
-1.580089
-1.738789
-1.906555
-2.046100
-2.152493
-2.136312
-2.043149
-1.963335
-1.866974
-1.882046
-1.829373
-1.738613
-1.607687
-1.453680
-1.268798
-1.067683
-1.020790
-1.218890
-1.391723
-1.487434
-1.575327
-1.749612
-1.921544
-2.060308
-2.165132
-2.155834
-2.066139
-1.980188
-1.876831
-1.898908
-1.846054
-1.754091
-1.626560
-1.485262
-1.308568
-1.108458
-1.059171
-1.253032
-1.415955
-1.517112
-1.609361
-1.758043
-1.938114
-2.078275
-2.164779
-2.113769
-2.027467
-1.964679
-1.870595
-1.865363
-1.808427
-1.713921
-1.586535
-1.431869
-1.250002
-1.049079
-1.003362
-1.193940
-1.365723
-1.468243
-1.563769
-1.749482
-1.930586
-2.065675
-2.163447
-2.137683
-2.043040
-1.960994
-1.848776
-1.843934
-1.801561
-1.714273
-1.596330
-1.449118
-1.264287
-1.062844
-0.926853
-1.129883
-1.318410
-1.460764
-1.572322
-1.759149
-1.936460
-2.069257
-2.166485
-2.128202
-2.035993
-1.956994
-1.835724
-1.852899
-1.801747
-1.709439
-1.587499
-1.433964
-1.242414
-1.040975
-0.930149
-1.132737
-1.319046
-1.439550
-1.529557
-1.707324
-1.873658
-2.010809
-2.116297
-2.136325
-2.032896
-1.931883
-1.822614
-1.771074
-1.728632
-1.638739
-1.525356
-1.389092
-1.202082
-1.001108
-0.931850
-1.127487
-1.287602
-1.395926
-1.484015
-1.638582
-1.814946
-1.966779
-2.082398
-2.099446
-1.994389
-1.893953
-1.794047
-1.768250
-1.733070
-1.649811
-1.538368
-1.403741
-1.223494
-1.022471
-0.931834
-1.132493
-1.305542
-1.428631
-1.526296
-1.685483
-1.863907
-2.008913
-2.119553
-2.169472
-2.067821
-1.960976
-1.865765
-1.828523
-1.799039
-1.713976
-1.592871
-1.448693
-1.272499
-1.071302
-0.945117
-1.139911
-1.320384
-1.467188
-1.573968
-1.714396
-1.886607
-2.033269
-2.140139
-2.156773
-2.065885
-1.983601
-1.893630
-1.899612
-1.854947
-1.766139
-1.641781
-1.487942
-1.305284
-1.104113
-0.975684
-1.177649
-1.358801
-1.467874
-1.551509
-1.677730
-1.850184
-2.001815
-2.117739
-2.164015
-2.077400
-1.989477
-1.900367
-1.866952
-1.822976
-1.728919
-1.603495
-1.443326
-1.265054
-1.064965
-0.939001
-1.141010
-1.318615
-1.439834
-1.532334
-1.666562
-1.840040
-1.994621
-2.110304
-2.145741
-2.054446
-1.968541
-1.880254
-1.869223
-1.835855
-1.750412
-1.640423
-1.480714
-1.302985
-1.102401
-0.901367
-1.098635
-1.281556
-1.405955
-1.499298
-1.642897
-1.824768
-1.983771
-2.102097
-2.136132
-2.047933
-1.967234
-1.883041
-1.847464
-1.814568
-1.726884
-1.615360
-1.457003
-1.281730
-1.081804
-0.887997
-1.091760
-1.274696
-1.397333
-1.483911
-1.620523
-1.803012
-1.962236
-2.079419
-2.120130
-2.030680
-1.941971
-1.848490
-1.812583
-1.781963
-1.695575
-1.589803
-1.434931
-1.257969
-1.056791
-0.887999
-1.093639
-1.279726
-1.402569
-1.486529
-1.626379
-1.803377
-1.961355
-2.079634
-2.125666
-2.041676
-1.956855
-1.863633
-1.834075
-1.801794
-1.716274
-1.609564
-1.455691
-1.277825
-1.076711
-0.887992
-1.093519
-1.279300
-1.400268
-1.485095
-1.629949
-1.810252
-1.969131
-2.086353
-2.134252
-2.049252
-1.963880
-1.873051
-1.842456
-1.814029
-1.732271
-1.629732
-1.484749
-1.307791
-1.106487
-0.902607
-1.099516
-1.286320
-1.418047
-1.507792
-1.667587
-1.848944
-2.003917
-2.116779
-2.162973
-2.081071
-1.998450
-1.896404
-1.885244
-1.855836
-1.773563
-1.671627
-1.525668
-1.354388
-1.154312
-0.950451
-1.145000
-1.327431
-1.445663
-1.532317
-1.691032
-1.872143
-2.025784
-2.136173
-2.176888
-2.095056
-2.014019
-1.915922
-1.901647
-1.872797
-1.791448
-1.698231
-1.552016
-1.385781
-1.186454
-0.982573
-1.175201
-1.355902
-1.471197
-1.558114
-1.712861
-1.892773
-2.044684
-2.154709
-2.186703
-2.105765
-2.028791
-1.927077
-1.930437
-1.897122
-1.812189
-1.707129
-1.561219
-1.389580
-1.191623
-0.988195
-1.098009
-1.288149
-1.447584
-1.547526
-1.699272
-1.877470
-2.028184
-2.135450
-2.188710
-2.116039
-2.015621
-1.910171
-1.848660
-1.826822
-1.747868
-1.644407
-1.507354
-1.334376
-1.133185
-0.929647
-1.046951
-1.242091
-1.410030
-1.518665
-1.670764
-1.848413
-2.001908
-2.113903
-2.189540
-2.102328
-1.995643
-1.903462
-1.810781
-1.793241
-1.717761
-1.613833
-1.477630
-1.306946
-1.106254
-0.904763
-1.053157
-1.238185
-1.390686
-1.503967
-1.631102
-1.804676
-1.964779
-2.082809
-2.147843
-2.069488
-1.971166
-1.878982
-1.838500
-1.830261
-1.759405
-1.657505
-1.526546
-1.359317
-1.158363
-0.957121
-1.072835
-1.251810
-1.387609
-1.490602
-1.638401
-1.825020
-1.992851
-2.113226
-2.190490
-2.130749
-2.027425
-1.931636
-1.857196
-1.853035
-1.783847
-1.686348
-1.551395
-1.400611
-1.211516
-1.010182
-1.122800
-1.301242
-1.448062
-1.547860
-1.672744
-1.857750
-2.016612
-2.135198
-2.186150
-2.099507
-2.018644
-1.947677
-1.920495
-1.907917
-1.831933
-1.738026
-1.596621
-1.441599
-1.249657
-1.048248
-1.142287
-1.337758
-1.516453
-1.623245
-1.723843
-1.911895
-2.064321
-2.166586
-2.170021
-2.070667
-1.991354
-1.925433
-1.872790
-1.866727
-1.797618
-1.706770
-1.578737
-1.420665
-1.223361
-1.021916
-1.119627
-1.309419
-1.460218
-1.552051
-1.657034
-1.840770
-2.004896
-2.122290
-2.180467
-2.082108
-1.981393
-1.898254
-1.825032
-1.825130
-1.762505
-1.665424
-1.539146
-1.379443
-1.180569
-0.979076
-1.014956
-1.198431
-1.336018
-1.431665
-1.570271
-1.760105
-1.935791
-2.066546
-2.154064
-2.074291
-1.971622
-1.892405
-1.789539
-1.795730
-1.735889
-1.642089
-1.521532
-1.373607
-1.181776
-0.980342
-1.016797
-1.197272
-1.346627
-1.447165
-1.587289
-1.776499
-1.951158
-2.081512
-2.161979
-2.092451
-2.003680
-1.927382
-1.907427
-1.904259
-1.840415
-1.742836
-1.613726
-1.453092
-1.254197
-1.052828
-1.084720
-1.269491
-1.412203
-1.511067
-1.639073
-1.825130
-1.980535
-2.102010
-2.184072
-2.113215
-2.012979
-1.933995
-1.836244
-1.840438
-1.776514
-1.679159
-1.554800
-1.401217
-1.207639
-1.006375
-1.041591
-1.226061
-1.367958
-1.461643
-1.577560
-1.765792
-1.942109
-2.073170
-2.157305
-2.091773
-1.994559
-1.912480
-1.850505
-1.861930
-1.803828
-1.712687
-1.589054
-1.439150
-1.248641
-1.047273
-1.079650
-1.262499
-1.403170
-1.500010
-1.620612
-1.806299
-1.969824
-2.095378
-2.178760
-2.122792
-2.026655
-1.950587
-1.858671
-1.868374
-1.808733
-1.715656
-1.586866
-1.434531
-1.249739
-1.048320
-1.080970
-1.265290
-1.421127
-1.531294
-1.646927
-1.822236
-1.986695
-2.111624
-2.189133
-2.131570
-2.041569
-1.965369
-1.923324
-1.929853
-1.868389
-1.776469
-1.648332
-1.491261
-1.293576
-1.092205
-1.121837
-1.304379
-1.443394
-1.540058
-1.648508
-1.820366
-1.974623
-2.095454
-2.182529
-2.140259
-2.042757
-1.959344
-1.852546
-1.861661
-1.801501
-1.702212
-1.572819
-1.418835
-1.225581
-1.024186
-0.980245
-1.174188
-1.338403
-1.445699
-1.566227
-1.754395
-1.933116
-2.071898
-2.165665
-2.118594
-2.027193
-1.959615
-1.873649
-1.887781
-1.835612
-1.746342
-1.625124
-1.476794
-1.294486
-1.093084
-1.044595
-1.222222
-1.405131
-1.528405
-1.637847
-1.819722
-1.991479
-2.120013
-2.198951
-2.141099
-2.050943
-1.973207
-1.920540
-1.931629
-1.872891
-1.777029
-1.651278
-1.496002
-1.300174
-1.098803
-1.049156
-1.243773
-1.408575
-1.536677
-1.659218
-1.830610
-1.991622
-2.113322
-2.207362
-2.164989
-2.071915
-1.997470
-1.893336
-1.898852
-1.832628
-1.731636
-1.596720
-1.448904
-1.268095
-1.067323
-1.020564
-1.205210
-1.377106
-1.497366
-1.591471
-1.777611
