-1.876129
-1.907971
-1.902405
-1.889548
-1.868541
-1.835257
-1.790403
-1.738297
-1.679215
-1.612355
-1.533553
-1.450834
-1.371300
-1.293116
-1.214127
-1.133151
-1.087087
-1.152092
-1.191772
-1.248172
-1.319784
-1.427363
-1.494409
-1.560911
-1.615530
-1.633430
-1.647221
-1.636216
-1.587355
-1.529531
-1.487329
-1.504733
-1.562815
-1.614220
-1.653578
-1.669413
-1.672418
-1.660926
-1.727175
-1.771320
-1.834058
-1.861971
-1.904246
-1.915673
-1.971574
-1.994740
-1.978811
-1.918922
-1.829492
-1.745587
-1.670403
-1.614608
-1.635633
-1.660183
-1.672552
-1.664531
-1.649767
-1.627978
-1.648371
-1.655896
-1.705742
-1.755329
-1.795850
-1.816155
-1.873225
-1.878922
-1.862707
-1.819373
-1.733197
-1.643245
-1.566806
-1.506696
-1.524480
-1.542255
-1.547795
-1.543681
-1.544316
-1.550176
-1.564083
-1.563287
-1.562518
-1.603273
-1.646157
-1.680321
-1.755436
-1.761592
-1.742041
-1.713243
-1.645670
-1.562757
-1.489520
-1.431528
-1.448609
-1.468541
-1.475487
-1.471710
-1.474637
-1.477477
-1.508574
-1.501688
-1.503260
-1.556179
-1.621293
-1.669746
-1.740714
-1.742603
-1.720655
-1.693551
-1.625342
-1.548190
-1.484312
-1.436273
-1.465051
-1.488651
-1.499788
-1.500708
-1.504282
-1.487512
-1.526337
-1.534470
-1.537765
-1.576161
-1.668494
-1.726662
-1.803114
-1.818435
-1.808629
-1.767371
-1.683495
-1.599726
-1.526957
-1.479918
-1.513204
-1.543692
-1.561127
-1.564115
-1.559215
-1.545994
-1.587035
-1.580834
-1.610172
-1.660607
-1.737886
-1.780842
-1.848527
-1.860769
-1.846523
-1.795173
-1.704902
-1.614661
-1.543840
-1.501164
-1.528253
-1.556161
-1.570961
-1.575009
-1.580069
-1.566036
-1.592183
-1.611277
-1.625865
-1.663221
-1.749926
-1.798369
-1.867466
-1.880909
-1.866584
-1.813547
-1.724560
-1.640697
-1.564850
-1.532086
-1.559782
-1.592094
-1.610272
-1.613581
-1.608531
-1.594607
-1.641068
-1.631782
-1.659178
-1.710790
-1.775879
-1.808064
-1.870346
-1.874809
-1.855171
-1.800650
-1.711124
-1.622956
-1.545764
-1.528886
-1.548368
-1.564817
-1.568010
-1.560959
-1.560412
-1.567387
-1.579529
-1.579733
-1.575055
-1.632689
-1.691388
-1.728019
-1.791347
-1.791109
-1.765796
-1.728969
-1.656092
-1.579409
-1.512503
-1.475648
-1.504569
-1.530512
-1.542621
-1.543658
-1.548465
-1.530930
-1.564479
-1.562489
-1.559483
-1.615103
-1.706113
-1.749113
-1.811838
-1.818403
-1.801952
-1.761850
-1.682744
-1.599423
-1.524701
-1.477791
-1.508380
-1.537682
-1.552392
-1.555393
-1.561740
-1.546589
-1.586120
-1.589540
-1.604749
-1.649382
-1.736887
-1.781263
-1.849464
-1.862142
-1.850083
-1.801131
-1.714454
-1.629894
-1.561614
-1.519888
-1.552124
-1.585277
-1.604226
-1.609245
-1.606863
-1.592273
-1.619038
-1.619533
-1.642572
-1.695040
-1.780810
-1.815085
-1.874254
-1.884007
-1.866249
-1.810343
-1.720997
-1.636118
-1.560166
-1.525539
-1.551298
-1.582050
-1.598125
-1.601063
-1.604462
-1.586890
-1.608314
-1.608027
-1.627106
-1.678585
-1.756927
-1.786952
-1.849544
-1.861426
-1.848561
-1.802252
-1.718068
-1.630681
-1.551637
-1.502186
-1.529555
-1.559648
-1.574273
-1.576096
-1.583118
-1.567778
-1.595639
-1.600083
-1.627613
-1.681973
-1.753630
-1.778376
-1.832659
-1.836211
-1.813367
-1.773865
-1.698357
-1.624570
-1.561135
-1.528232
-1.557932
-1.587104
-1.602104
-1.604610
-1.609969
-1.591692
-1.613075
-1.627011
-1.646036
-1.689091
-1.779984
-1.810066
-1.869363
-1.882741
-1.869861
-1.824002
-1.739549
-1.657853
-1.583863
-1.536779
-1.568867
-1.603440
-1.622560
-1.624047
-1.619136
-1.600738
-1.628489
-1.623834
-1.645608
-1.696128
-1.771306
-1.790488
-1.843898
-1.851713
-1.835709
-1.792689
-1.710950
-1.623541
-1.554469
-1.499154
-1.522503
-1.549418
-1.561743
-1.562176
-1.568162
-1.553298
-1.572790
-1.578510
-1.582096
-1.622071
-1.704323
-1.723870
-1.773508
-1.777040
-1.758572
-1.729147
-1.658983
-1.578743
-1.508650
-1.453326
-1.476908
-1.504126
-1.516634
-1.516482
-1.522285
-1.503298
-1.532039
-1.528741
-1.536289
-1.584575
-1.680943
-1.718132
-1.777804
-1.789217
-1.776369
-1.747929
-1.674848
-1.592602
-1.520457
-1.463772
-1.496503
-1.527547
-1.543298
-1.546202
-1.553561
-1.535896
-1.564238
-1.569046
-1.579899
-1.628551
-1.727013
-1.758732
-1.808562
-1.813056
-1.795057
-1.762719
-1.688271
-1.612632
-1.547368
-1.502771
-1.539327
-1.571698
-1.589678
-1.593011
-1.593515
-1.573292
-1.585370
-1.589301
-1.610373
-1.664665
-1.763598
-1.790467
-1.841423
-1.851937
-1.839587
-1.796995
-1.713653
-1.629443
-1.553942
-1.498107
-1.531597
-1.564604
-1.582531
-1.585517
-1.589784
-1.569671
-1.580439
-1.580904
-1.602580
-1.657336
-1.751661
-1.773749
-1.824619
-1.833873
-1.818753
-1.782809
-1.706565
-1.622563
-1.554760
-1.499985
-1.528175
-1.561024
-1.578254
-1.582283
-1.590761
-1.571529
-1.594118
-1.599110
-1.604431
-1.648776
-1.748582
-1.773237
-1.820770
-1.826118
-1.811327
-1.775689
-1.698517
-1.618225
-1.545797
-1.494582
-1.530064
-1.564022
-1.582534
-1.586944
-1.592542
-1.573509
-1.592504
-1.594593
-1.608745
-1.664237
-1.764270
-1.785843
-1.833825
-1.840785
-1.829381
-1.790889
-1.705700
-1.620721
-1.544980
-1.485658
-1.517742
-1.544294
-1.564452
-1.568550
-1.559474
-1.540592
-1.551818
-1.552434
-1.575490
-1.616168
-1.722029
-1.745592
-1.775154
-1.774126
-1.758049
-1.725922
-1.650350
-1.577054
-1.515099
-1.470632
-1.505146
-1.533908
-1.552312
-1.558128
-1.557094
-1.539703
-1.562703
-1.562222
-1.552483
-1.552493
-1.644710
-1.685304
-1.735077
-1.738447
-1.732264
-1.701740
-1.623182
-1.538706
-1.462956
-1.403320
-1.425993
-1.451244
-1.469741
-1.474179
-1.471392
-1.454051
-1.483672
-1.481208
-1.474211
-1.508693
-1.631360
-1.680144
-1.736348
-1.742162
-1.737917
-1.706326
-1.619237
-1.529369
-1.460952
-1.408997
-1.436513
-1.469459
-1.492678
-1.502006
-1.503383
-1.487407
-1.504325
-1.504191
-1.495078
-1.505727
-1.612453
-1.656224
-1.704060
-1.708779
-1.712640
-1.690121
-1.611356
-1.519231
-1.436677
-1.371966
-1.380510
-1.412839
-1.433508
-1.439064
-1.436419
-1.419345
-1.434067
-1.433909
-1.424196
-1.448723
-1.566786
-1.608663
-1.657921
-1.669396
-1.676503
-1.665719
-1.592720
-1.499278
-1.416094
-1.349038
-1.355206
-1.385038
-1.402643
-1.408989
-1.409386
-1.401687
-1.441421
-1.435865
-1.420440
-1.442686
-1.557885
-1.605434
-1.650026
-1.654827
-1.659227
-1.648690
-1.578229
-1.496889
-1.424567
-1.366865
-1.380498
-1.415976
-1.440306
-1.449373
-1.449946
-1.434421
-1.442625
-1.440863
-1.428452
-1.462159
-1.577160
-1.606363
-1.639858
-1.648453
-1.657539
-1.658178
-1.601218
-1.514665
-1.435666
-1.369097
-1.320416
-1.357304
-1.373280
-1.380054
-1.382057
-1.374327
-1.415744
-1.407557
-1.384860
-1.406577
-1.520722
-1.552698
-1.592093
-1.610927
-1.627998
-1.633202
-1.575435
-1.496469
-1.433480
-1.379497
-1.323659
-1.358137
-1.379413
-1.384328
-1.379703
-1.366610
-1.384574
-1.376027
-1.367106
-1.397577
-1.507796
-1.532730
-1.566436
-1.589434
-1.614331
-1.628843
-1.581183
-1.511433
-1.447914
-1.394475
-1.339100
-1.318333
-1.344371
-1.360321
-1.370400
-1.364550
-1.392417
-1.382622
-1.374076
-1.410427
-1.521497
-1.542110
-1.566877
-1.583769
-1.601520
-1.611728
-1.564556
-1.492409
-1.427280
-1.371721
-1.313772
-1.341121
-1.356714
-1.363103
-1.364698
-1.357700
-1.399481
-1.387635
-1.364644
-1.397694
-1.507625
-1.538380
-1.572435
-1.588775
-1.609043
-1.621053
-1.581311
-1.514249
-1.450903
-1.397283
-1.342978
-1.355946
-1.382002
-1.391084
-1.390003
-1.369837
-1.364949
-1.357736
-1.333506
-1.382217
-1.496878
-1.523664
-1.542036
-1.556984
-1.577561
-1.584759
-1.550425
-1.487703
-1.428552
-1.377997
-1.324950
-1.271295
-1.295472
-1.311033
-1.321368
-1.320822
-1.402734
-1.408342
-1.400043
-1.420301
-1.519654
-1.542409
-1.577121
-1.605737
-1.632110
-1.646389
-1.603029
-1.533950
-1.476898
-1.428912
-1.379967
-1.403356
-1.432016
-1.444074
-1.444688
-1.426555
-1.446282
-1.436316
-1.459986
-1.496531
-1.606731
-1.633163
-1.657296
-1.679601
-1.700708
-1.712059
-1.666841
-1.588055
-1.517348
-1.460115
-1.402535
-1.403120
-1.429298
-1.442585
-1.448036
-1.433397
-1.454348
-1.448458
-1.457080
-1.490620
-1.596494
-1.606795
-1.628615
-1.646145
-1.662264
-1.671293
-1.618768
-1.535901
-1.461802
-1.399857
-1.351754
-1.390497
-1.407394
-1.409059
-1.402620
-1.387534
-1.407848
-1.401865
-1.382439
-1.410358
-1.527279
-1.562081
-1.597436
-1.610590
-1.627415
-1.634928
-1.588981
-1.514610
-1.446568
-1.389631
-1.332977
-1.363271
-1.384014
-1.387629
-1.381200
-1.360407
-1.360062
-1.357852
-1.344330
-1.369656
-1.493289
-1.532551
-1.578648
-1.601019
-1.623743
-1.633054
-1.593645
-1.518692
-1.448232
-1.389044
-1.329622
-1.325098
-1.351508
-1.364862
-1.370902
-1.361343
-1.396088
-1.387284
-1.367091
-1.388202
-1.510255
-1.548764
-1.595674
-1.614338
-1.635051
-1.646114
-1.601612
-1.522268
-1.454886
-1.397255
-1.339304
-1.359215
-1.382608
-1.388193
-1.382944
-1.363114
-1.361344
-1.357313
-1.341094
-1.372592
-1.492807
-1.526791
-1.568079
-1.587749
-1.611019
-1.620922
-1.585402
-1.514932
-1.448574
-1.392861
-1.336850
-1.313449
-1.337424
-1.349681
-1.355044
-1.343605
-1.365774
-1.357475
-1.339036
-1.365780
-1.490369
-1.529302
-1.575154
-1.596160
-1.619796
-1.631269
-1.593771
-1.519125
-1.447632
-1.386680
-1.325832
-1.340249
-1.363913
-1.373335
-1.374534
-1.358468
-1.356423
-1.353280
-1.338261
-1.382958
-1.507496
-1.543870
-1.578874
-1.588546
-1.604463
-1.609769
-1.578637
-1.509759
-1.444397
-1.389307
-1.334339
-1.348465
-1.367670
-1.369589
-1.361101
-1.342282
-1.350705
-1.344468
-1.328605
-1.360608
-1.486323
-1.526026
-1.571484
-1.595691
-1.621306
-1.631117
-1.599157
-1.528344
-1.459911
-1.401999
-1.344464
-1.339061
-1.368028
-1.378296
-1.377667
-1.359216
-1.356280
-1.352787
-1.337325
-1.366361
-1.489857
-1.525967
-1.570302
-1.590695
-1.610862
-1.613865
-1.584451
-1.511915
-1.448671
-1.394281
-1.339725
-1.340037
-1.364892
-1.370785
-1.365054
-1.345334
-1.338019
-1.330849
-1.314720
-1.353725
-1.480914
-1.522138
-1.570002
-1.598881
-1.626409
-1.630738
-1.605106
-1.538276
-1.470748
-1.412958
-1.356147
-1.331179
-1.362807
-1.375104
-1.374544
-1.351214
-1.347138
-1.342711
-1.330324
-1.373997
-1.509001
-1.554650
-1.595383
-1.615574
-1.632917
-1.632719
-1.607189
-1.537591
-1.470060
-1.412902
-1.356401
-1.366492
-1.387727
-1.390767
-1.382569
-1.362321
-1.354126
-1.349022
-1.334605
-1.376806
-1.500545
-1.537905
-1.570345
-1.581657
-1.597432
-1.591210
-1.563236
-1.500495
-1.440040
-1.388269
-1.337016
-1.340732
-1.359996
-1.360595
-1.349584
-1.326153
-1.326209
-1.323660
-1.315617
-1.353698
-1.486370
-1.536557
-1.586652
-1.609651
-1.631272
-1.637941
-1.604656
-1.533166
-1.463540
-1.404347
-1.346307
-1.359954
-1.389500
-1.400096
-1.398183
-1.375928
-1.373528
-1.372116
-1.362964
-1.380813
-1.525104
-1.577092
-1.620070
-1.624866
-1.628752
-1.628043
-1.591982
-1.512964
-1.445547
-1.394976
-1.369461
-1.410857
-1.429573
-1.430505
-1.419617
-1.397198
-1.416327
-1.424995
-1.410119
-1.415658
-1.587632
-1.642873
-1.683184
-1.696350
-1.710648
-1.721662
-1.671326
-1.589383
-1.515973
-1.458029
-1.435446
-1.484558
-1.513093
-1.513061
-1.491125
-1.462456
-1.452098
-1.445211
-1.436929
-1.489958
-1.621027
-1.668998
-1.690331
-1.705282
-1.707703
-1.675805
-1.620380
-1.556240
-1.500274
-1.459274
-1.458757
-1.490804
-1.502838
-1.496335
-1.477966
-1.439851
-1.427241
-1.423683
-1.411430
-1.418545
-1.562178
-1.602200
-1.621999
-1.624683
-1.624935
-1.612699
-1.571875
-1.500578
-1.438194
-1.391624
-1.364705
-1.395950
-1.404820
-1.395984
-1.375077
-1.344680
-1.369962
-1.383064
-1.373431
-1.374078
-1.529213
-1.585656
-1.635283
-1.651615
-1.660321
-1.658578
-1.609589
-1.535739
-1.471494
-1.420953
-1.392205
-1.431894
-1.450161
-1.449899
-1.434957
-1.413602
-1.434076
-1.481746
-1.468481
-1.503398
-1.630046
-1.678139
-1.703566
-1.713511
-1.706546
-1.682754
-1.623796
-1.555996
-1.502928
-1.464165
-1.447452
-1.470403
-1.477485
-1.466821
-1.441450
-1.406715
-1.426346
-1.493040
-1.484399
-1.526142
-1.632440
-1.674151
-1.701210
-1.705308
-1.693667
-1.660992
-1.593123
-1.523336
-1.466616
-1.425236
-1.394358
-1.407350
-1.404881
-1.385606
-1.347673
-1.330646
-1.355793
-1.422732
-1.425267
-1.482499
-1.588754
-1.638684
-1.689644
-1.705610
-1.703914
-1.680211
-1.612385
-1.535632
-1.470396
-1.420868
-1.387166
-1.413782
-1.422423
-1.411570
-1.375309
-1.348613
-1.379235
-1.427353
-1.428227
-1.493275
-1.603431
-1.652192
-1.698390
-1.694865
-1.675608
-1.637543
-1.564723
-1.495408
-1.437644
-1.391428
-1.337059
-1.353280
-1.349254
-1.327043
-1.283823
-1.289195
-1.352709
-1.401061
-1.418720
-1.474838
-1.587114
-1.604432
-1.655732
-1.676276
-1.685852
-1.661342
-1.597976
-1.531934
-1.471085
-1.421293
-1.358783
-1.347333
-1.362146
-1.354908
-1.319396
-1.366924
-1.457035
-1.427647
-1.438955
-1.505016
-1.612257
-1.671137
-1.718160
-1.718512
-1.713242
-1.677852
-1.614546
-1.547068
-1.486368
-1.435239
-1.368853
-1.380890
-1.386450
-1.367119
-1.318081
-1.392338
-1.457586
-1.428811
-1.463744
-1.549196
-1.675463
-1.679806
-1.702993
-1.703207
-1.706639
-1.676206
-1.611598
-1.540128
-1.484818
-1.432657
-1.368701
-1.375946
-1.393666
-1.389070
-1.358685
-1.454784
-1.536828
-1.494781
-1.518821
-1.598218
-1.669254
-1.714856
-1.748671
-1.752553
-1.751787
-1.730014
-1.687018
-1.605342
-1.542433
-1.487449
-1.423762
-1.372726
-1.388730
-1.377112
-1.342696
-1.471913
-1.549446
-1.492035
-1.516688
-1.602173
-1.706314
-1.737884
-1.771351
-1.758116
-1.751663
-1.708262
-1.638726
-1.552043
-1.482090
-1.404674
-1.427246
-1.468720
-1.490216
-1.490099
-1.467302
-1.549327
-1.621965
-1.600767
-1.594804
-1.678718
-1.773144
-1.835113
-1.859683
-1.846372
-1.822302
-1.774066
-1.708344
-1.624252
-1.557193
-1.503514
-1.517832
-1.550022
-1.565182
-1.555624
-1.518431
-1.558958
-1.636815
-1.620417
-1.618515
-1.703879
-1.801739
-1.850737
-1.884603
-1.871177
-1.844658
-1.798795
-1.729186
-1.650074
-1.584044
-1.529652
-1.572410
-1.605442
-1.620126
-1.611186
-1.575786
-1.597731
-1.670445
-1.663972
-1.657598
-1.748570
-1.837409
-1.895656
-1.926222
-1.904472
-1.872112
-1.821728
-1.758213
-1.688972
-1.628286
-1.576154
-1.589428
-1.617035
-1.628279
-1.615981
-1.575391
-1.570352
-1.658929
-1.655688
-1.640396
-1.704305
-1.794724
-1.847767
-1.877173
-1.874059
-1.854081
-1.819109
-1.750583
-1.681882
-1.597716
-1.524654
-1.453017
-1.484881
-1.511200
-1.514533
-1.487910
-1.472131
-1.627162
-1.609377
-1.578901
-1.654498
-1.759959
-1.834765
-1.865003
-1.864091
-1.846409
-1.818124
-1.756069
-1.677938
-1.593480
-1.527550
-1.506717
-1.549991
-1.575375
-1.580393
-1.558273
-1.540048
-1.643053
-1.654596
-1.633590
-1.700119
-1.785135
-1.872290
-1.898407
-1.928040
-1.897917
-1.851790
-1.780686
-1.697972
-1.618530
-1.547615
-1.504500
-1.543851
-1.559587
-1.560561
-1.532322
-1.480132
-1.603531
-1.636353
-1.618558
-1.678540
-1.773033
-1.868146
-1.886344
-1.916864
-1.901687
-1.874135
-1.802360
-1.719495
-1.653983
-1.589499
-1.572620
-1.607697
-1.627920
-1.630204
-1.614539
-1.580950
-1.534956
-1.636335
-1.680024
-1.735952
-1.808161
-1.886809
-1.890911
-1.918999
-1.883882
-1.830754
-1.748662
-1.678548
-1.613393
-1.546120
-1.486741
-1.521329
-1.518987
-1.509585
-1.474349
-1.413563
-1.505458
-1.569071
-1.578526
-1.633917
-1.725679
-1.818543
-1.838512
-1.840474
-1.819597
-1.810798
-1.760122
-1.682471
-1.627956
-1.576585
-1.537884
-1.598395
-1.617259
-1.630179
-1.620048
-1.586174
-1.541833
-1.628822
-1.662329
-1.716118
-1.778387
-1.851659
-1.863798
-1.902647
-1.883088
-1.845419
-1.772553
-1.694901
-1.624097
-1.549227
-1.456399
-1.492685
-1.502680
-1.500536
-1.473441
-1.420151
-1.489407
-1.554346
-1.558874
-1.614142
-1.696998
-1.775634
-1.787785
-1.830290
-1.842605
-1.832530
-1.766026
-1.691880
-1.629292
-1.566012
-1.507946
-1.562488
-1.578158
-1.589325
-1.580624
-1.554123
-1.510349
-1.573943
-1.644993
-1.682527
-1.728277
-1.817498
-1.838663
-1.868632
-1.835329
-1.796171
-1.726885
-1.661676
-1.604267
-1.545595
-1.496940
-1.540415
-1.536947
-1.528915
-1.499496
-1.447864
-1.444060
-1.532291
-1.604748
-1.649497
-1.698716
-1.773628
-1.800456
-1.840695
-1.841903
-1.827129
-1.761852
-1.687239
-1.617452
-1.544500
-1.467253
-1.506118
-1.534299
-1.542433
-1.528870
-1.492572
-1.470820
-1.569702
-1.633044
-1.664167
-1.709225
-1.797536
-1.818829
-1.848320
-1.835344
-1.807328
-1.741307
-1.670560
-1.607702
-1.544099
-1.472247
-1.513636
-1.527936
-1.529906
-1.509765
-1.465890
-1.478742
-1.564859
-1.628959
-1.654847
-1.696085
-1.772518
-1.795060
-1.823267
-1.816882
-1.800199
-1.740645
-1.658563
-1.584065
-1.506655
-1.415408
-1.458485
-1.471138
-1.470547
-1.446500
-1.397557
-1.420745
-1.526646
-1.552976
-1.587849
-1.641794
-1.744774
-1.788897
-1.821690
-1.819602
-1.806321
-1.747671
-1.677620
-1.607372
-1.534081
-1.462717
-1.518367
-1.532578
-1.540003
-1.523895
-1.483123
-1.479675
-1.577619
-1.635226
-1.670878
-1.723511
-1.799230
-1.812313
-1.838135
-1.825936
-1.801636
-1.735300
-1.653386
-1.578527
-1.501101
-1.397612
-1.429234
-1.431621
-1.423743
-1.390182
-1.329133
-1.411219
-1.513232
-1.529380
-1.573166
-1.658399
-1.749781
-1.754966
-1.767977
-1.778495
-1.788040
-1.735202
-1.648905
-1.583438
-1.521110
-1.441204
-1.499159
-1.534486
-1.554933
-1.549502
-1.517943
-1.498059
-1.619002
-1.668897
-1.706161
-1.753306
-1.815738
-1.827109
-1.860424
-1.846095
-1.818175
-1.750813
-1.674786
-1.605774
-1.531577
-1.437504
-1.457937
-1.469334
-1.465972
-1.436992
-1.380738
-1.456842
-1.544741
-1.547854
-1.587771
-1.670636
-1.751531
-1.762129
-1.795017
-1.804087
-1.797895
-1.733888
-1.656151
-1.591920
-1.526895
-1.466932
-1.527367
-1.542925
-1.553163
-1.541432
-1.507794
-1.466306
-1.578680
-1.657170
-1.705062
-1.761667
-1.820888
-1.819146
-1.845598
-1.816245
-1.780523
-1.701456
-1.627575
-1.561718
-1.488572
-1.396043
-1.433293
-1.448577
-1.448958
-1.423580
-1.369596
-1.442816
-1.533116
-1.560109
-1.600988
-1.659973
-1.735806
-1.742347
-1.764686
-1.788541
-1.790070
-1.724897
-1.642253
-1.577845
-1.508979
-1.423201
-1.474677
-1.491585
-1.499832
-1.485044
-1.445509
-1.442470
-1.557262
-1.622506
-1.660931
-1.706258
-1.765684
-1.776044
-1.807689
-1.796956
-1.776305
-1.709606
-1.631037
-1.562273
-1.484514
-1.389638
-1.413158
-1.430139
-1.428186
-1.401355
-1.346738
-1.404346
-1.527825
-1.555896
-1.591308
-1.661149
-1.740838
-1.757539
-1.784186
-1.791477
-1.786034
-1.722347
-1.645658
-1.578809
-1.509017
-1.433819
-1.479594
-1.508131
-1.516436
-1.500790
-1.459485
-1.460782
-1.571010
-1.635288
-1.670521
-1.723152
-1.793014
-1.798486
-1.814403
-1.790531
-1.763665
-1.689042
-1.612464
-1.546885
-1.469853
-1.386094
-1.426761
-1.437601
-1.432303
-1.401793
-1.343223
-1.408109
-1.526294
-1.564200
-1.607675
-1.676999
-1.752363
-1.760449
-1.788157
-1.797004
-1.785438
-1.715011
-1.638752
-1.573594
-1.498831
-1.440473
-1.499414
-1.507456
-1.510584
-1.492407
-1.453029
-1.419688
-1.540876
-1.636514
-1.679598
-1.707884
-1.760308
-1.768687
-1.793366
-1.765339
-1.734499
-1.658182
-1.587605
-1.523586
-1.439473
-1.373610
-1.402772
-1.414110
-1.401553
-1.365904
-1.342998
-1.404602
-1.509530
-1.568851
-1.610646
-1.656183
-1.709486
-1.721734
-1.739088
-1.767478
-1.772274
-1.717896
-1.638952
-1.555147
-1.468757
-1.364397
-1.406999
-1.438932
-1.452590
-1.450598
-1.454726
-1.451090
-1.596012
-1.656579
-1.717581
-1.759951
-1.814032
-1.836895
-1.832657
-1.810734
-1.779502
-1.695606
-1.625002
-1.563165
-1.478710
-1.474914
-1.509446
-1.522868
-1.514151
-1.483995
-1.461052
-1.470624
-1.557609
-1.613634
-1.657691
-1.694084
-1.740478
-1.768715
-1.768663
-1.762266
-1.746747
-1.676775
-1.585565
-1.499211
-1.380670
-1.338675
-1.384707
-1.407883
-1.409384
-1.392886
-1.384197
-1.431474
-1.554660
-1.591673
-1.647997
-1.695584
-1.767275
-1.804393
-1.799415
-1.784780
-1.759996
-1.674400
-1.596070
-1.528945
-1.434790
-1.461438
-1.499579
-1.515357
-1.508513
-1.481637
-1.460756
-1.444856
-1.536850
-1.608431
-1.662510
-1.707401
-1.767841
-1.800827
-1.783340
-1.762984
-1.741421
-1.660562
-1.583304
-1.516756
-1.414051
-1.410654
-1.451433
-1.468676
-1.462354
-1.434926
-1.413961
-1.411894
-1.520094
-1.581926
-1.633087
-1.674053
-1.741283
-1.780733
-1.765285
-1.748455
-1.714942
-1.628199
-1.559866
-1.504276
-1.415036
-1.426312
-1.467947
-1.486218
-1.481001
-1.456442
-1.432052
-1.400184
-1.444706
-1.513886
-1.597931
-1.686014
-1.778718
-1.791779
-1.744999
-1.704275
-1.677310
-1.606355
-1.552620
-1.509153
-1.449317
-1.430316
-1.478282
-1.507736
-1.512175
-1.496149
-1.475925
-1.446680
-1.493010
-1.611009
-1.708986
-1.779143
-1.842209
-1.834999
-1.775995
-1.729823
-1.688022
-1.611013
-1.554726
-1.509787
-1.434493
-1.410432
-1.457700
-1.481615
-1.480790
-1.459199
-1.435004
-1.416224
-1.492135
-1.566114
-1.658529
-1.746872
-1.828392
-1.847574
-1.795081
-1.750764
-1.701327
-1.621216
-1.568663
-1.533941
-1.475404
-1.487153
-1.538669
-1.565199
-1.568119
-1.550519
-1.521008
-1.487249
-1.534063
-1.651460
-1.753625
-1.840831
-1.916793
-1.883912
-1.781828
-1.713193
-1.674149
-1.613932
-1.569892
-1.530932
-1.453884
-1.446859
-1.483125
-1.495832
-1.485506
-1.459189
-1.434895
-1.424783
-1.511933
-1.648491
-1.747149
-1.807301
-1.861437
-1.853714
-1.812255
-1.772067
-1.712403
-1.641107
-1.591666
-1.547126
-1.477824
-1.464499
-1.508265
-1.528499
-1.524658
-1.502393
-1.476273
-1.439444
-1.491736
-1.607037
-1.735337
-1.833632
-1.915741
-1.920685
-1.838589
-1.774771
-1.725516
-1.656051
-1.613321
-1.584483
-1.543674
-1.547071
-1.595505
-1.621690
-1.623778
-1.605164
-1.568438
-1.526450
-1.588088
-1.728112
-1.857454
-1.931812
-1.999822
-1.970483
-1.890175
-1.806660
-1.722993
-1.651931
-1.615795
-1.601680
-1.564731
-1.561201
-1.602373
-1.618917
-1.613636
-1.588569
-1.547947
-1.501946
-1.571862
-1.675636
-1.794442
-1.887288
-1.960572
-1.958615
-1.893301
-1.810175
-1.739527
-1.675763
-1.655996
-1.651376
-1.628553
-1.645955
-1.687919
-1.707503
-1.705248
-1.682063
-1.639037
-1.583262
-1.645738
-1.788610
-1.891620
-1.940255
-1.980165
-1.945196
-1.886651
-1.822016
-1.750836
-1.679964
-1.634350
-1.605229
-1.546918
-1.499603
-1.532977
-1.538062
-1.520759
-1.489340
-1.466851
-1.445813
-1.554973
-1.649187
-1.756670
-1.821553
-1.878894
-1.886015
-1.870300
-1.815360
-1.740592
-1.654884
-1.606067
-1.571835
-1.487680
-1.517352
-1.546445
-1.550566
-1.532058
-1.500442
-1.469584
-1.448395
-1.579139
-1.683742
-1.773301
-1.841595
-1.908385
-1.917453
-1.874969
-1.786902
-1.711509
-1.650756
-1.635521
-1.641505
-1.620535
-1.672875
-1.712103
-1.728367
-1.723020
-1.698583
-1.654068
-1.614307
-1.721925
-1.845777
-1.922416
-1.961647
-1.987288
-1.983014
-1.922218
-1.831278
-1.751337
-1.683833
-1.657303
-1.660241
-1.615897
-1.646234
-1.681165
-1.692162
-1.680614
-1.646883
-1.619874
-1.606878
-1.698357
-1.773786
-1.838383
-1.890239
-1.913906
-1.887277
-1.867120
-1.815107
-1.737917
-1.645941
-1.599447
-1.576195
-1.518381
-1.503510
-1.535407
-1.537770
-1.520905
-1.492872
-1.484316
-1.490469
-1.596830
-1.662928
-1.725447
-1.796926
-1.849701
-1.861259
-1.844054
-1.779682
-1.720915
-1.650981
-1.609994
-1.608180
-1.570392
-1.616892
-1.647402
-1.651847
-1.632996
-1.592523
-1.566705
-1.577206
-1.638778
-1.680605
-1.726342
-1.789388
-1.802529
-1.784100
-1.788071
-1.748658
-1.691780
-1.607880
-1.570443
-1.553601
-1.482705
-1.507744
-1.547052
-1.555662
-1.540181
-1.504855
-1.503479
-1.554102
-1.604229
-1.652437
-1.698433
-1.776036
-1.817469
-1.801469
-1.818246
-1.798654
-1.747339
-1.666018
-1.629075
-1.604222
-1.531121
-1.583277
-1.612614
-1.612023
-1.587467
-1.547312
-1.549939
-1.585965
-1.612206
-1.692464
-1.759886
-1.854234
-1.901182
-1.875595
-1.848520
-1.816296
-1.779070
-1.718519
-1.695492
-1.676840
-1.627438
-1.663892
-1.682043
-1.672608
-1.639484
-1.587789
-1.579091
-1.584381
-1.590068
-1.686210
-1.770292
-1.854865
-1.908797
-1.887491
-1.833688
-1.787741
-1.747911
-1.693905
-1.676752
-1.660554
-1.613435
-1.643974
-1.657475
-1.645874
-1.611529
-1.556732
-1.541387
-1.558415
-1.574541
-1.647486
-1.721468
-1.775979
-1.798848
-1.795936
-1.809805
-1.798100
-1.757744
-1.689623
-1.655131
-1.620527
-1.541648
-1.574881
-1.589384
-1.575770
-1.543169
-1.489718
-1.476749
-1.485055
-1.536869
-1.644972
-1.737792
-1.802118
-1.842604
-1.854152
-1.840728
-1.795824
-1.747223
-1.685575
-1.671686
-1.651656
-1.626007
-1.660091
-1.677608
-1.670108
-1.638984
-1.582196
-1.552071
-1.575561
-1.645865
-1.712652
-1.770959
-1.817855
-1.832395
-1.827280
-1.834749
-1.800934
-1.746300
-1.669132
-1.635399
-1.609917
-1.518700
-1.560609
-1.580946
-1.571514
-1.541774
-1.492715
-1.480789
-1.515718
-1.573042
-1.661045
-1.732534
-1.814978
-1.852065
-1.840497
-1.842556
-1.823151
-1.777720
-1.710642
-1.683110
-1.647637
-1.575700
-1.612789
-1.629475
-1.616217
-1.582607
-1.527346
-1.510266
-1.520609
-1.533150
-1.666154
-1.768018
-1.855295
-1.915820
-1.899656
-1.830837
-1.781082
-1.729295
-1.685166
-1.686463
-1.650085
-1.601788
-1.620423
-1.624107
-1.603370
-1.561887
-1.498037
-1.471663
-1.491635
-1.531982
-1.619549
-1.700114
-1.739603
-1.767908
-1.776882
-1.791795
-1.784849
-1.741092
-1.679975
-1.645250
-1.598266
-1.542047
-1.567244
-1.574235
-1.553971
-1.514929
-1.448573
-1.424960
-1.442511
-1.513984
-1.633617
-1.727492
-1.784522
-1.844161
-1.862259
-1.833283
-1.781994
-1.719759
-1.671228
-1.671293
-1.632432
-1.642211
-1.661973
-1.663587
-1.642439
-1.598838
-1.530095
-1.488460
-1.523609
-1.629273
-1.707206
-1.754547
-1.779823
-1.788797
-1.791615
-1.801027
-1.779154
-1.720326
-1.647585
-1.625540
-1.588956
-1.516244
-1.554329
-1.572144
-1.560481
-1.529777
-1.473423
-1.453674
-1.473457
-1.544500
-1.658908
-1.744910
-1.811251
-1.848992
-1.855294
-1.835213
-1.800817
-1.748020
-1.691385
-1.685529
-1.639351
-1.622147
-1.644459
-1.649481
-1.627800
-1.585160
-1.516643
-1.481193
-1.494116
-1.555838
-1.668076
-1.753839
-1.807750
-1.852139
-1.858967
-1.831661
-1.789422
-1.729943
-1.670358
-1.660840
-1.626614
-1.607766
-1.631377
-1.634868
-1.612553
-1.568899
-1.501195
-1.458086
-1.487209
-1.589665
-1.690502
-1.756578
-1.799728
-1.826279
-1.828074
-1.811193
-1.775430
-1.715201
-1.650520
-1.639122
-1.595212
-1.583887
-1.603567
-1.605577
-1.579939
-1.534754
-1.463379
-1.421636
-1.432772
-1.508592
-1.644288
-1.726713
-1.790160
-1.842833
-1.839234
-1.774035
-1.726793
-1.689158
-1.659990
-1.661315
-1.554990
-1.572296
-1.567679
-1.546398
-1.505868
-1.448256
-1.361257
-1.320679
-1.375061
-1.463691
-1.574220
-1.621984
-1.667923
-1.722870
-1.744142
-1.724074
-1.693328
-1.651363
-1.614205
-1.612174
-1.507154
-1.552853
-1.553645
-1.541065
-1.504172
-1.450431
-1.371744
-1.349960
-1.388997
-1.490896
-1.604094
-1.657288
-1.689871
-1.752153
-1.777361
-1.748064
-1.718762
-1.694731
-1.663933
-1.672607
-1.553620
-1.590426
-1.591868
-1.575253
-1.536186
-1.468942
-1.367494
-1.361576
-1.393136
-1.441737
-1.550524
-1.625168
-1.682880
-1.745010
-1.789577
-1.793585
-1.773030
-1.736723
-1.692425
-1.655850
-1.552533
-1.593855
-1.601492
-1.586231
-1.548310
-1.486984
-1.395861
-1.395310
-1.448268
-1.537873
-1.622536
-1.666980
-1.695245
-1.714627
-1.743390
-1.774561
-1.778354
-1.725875
-1.663533
-1.609618
-1.508839
-1.428266
-1.442993
-1.435016
-1.403021
-1.337661
-1.237321
-1.256548
-1.298494
-1.356817
-1.536518
-1.633056
-1.717785
-1.777703
-1.801971
-1.762980
-1.697830
-1.641170
-1.604411
-1.626504
-1.584932
-1.609289
-1.603382
-1.586026
-1.545129
-1.484197
-1.404507
-1.389555
-1.491007
-1.613396
-1.699390
-1.697420
-1.695231
-1.699925
-1.709594
-1.734869
-1.735028
-1.694566
-1.654803
-1.618933
-1.443167
-1.501946
-1.537677
-1.554191
-1.534845
-1.469327
-1.372504
-1.374930
-1.392982
-1.438848
-1.602680
-1.705029
-1.781700
-1.850148
-1.862996
-1.808124
-1.745301
-1.709736
-1.700529
-1.683994
-1.734500
-1.735098
-1.710434
-1.672595
-1.615884
-1.543441
-1.456843
-1.453606
-1.512056
-1.647669
-1.736079
-1.751703
-1.757742
-1.793105
-1.831385
-1.855927
-1.845297
-1.796600
-1.738560
-1.702875
-1.565000
-1.602873
-1.596174
-1.571669
-1.529510
-1.466667
-1.378352
-1.354552
-1.363818
-1.440292
-1.625807
-1.734122
-1.803865
-1.866101
-1.848445
-1.792632
-1.723111
-1.679896
-1.691308
-1.672935
-1.672160
-1.679260
-1.659416
-1.624794
-1.569875
-1.497863
-1.402754
-1.388458
-1.440303
-1.573238
-1.667415
-1.687150
-1.738194
-1.782723
-1.802158
-1.801882
-1.766911
-1.726356
-1.675862
-1.630435
-1.553584
-1.559493
-1.536551
-1.499808
-1.444914
-1.362502
-1.248706
-1.258615
-1.341935
-1.475616
-1.608316
-1.630119
-1.646265
-1.690667
-1.731431
-1.714366
-1.680357
-1.636240
-1.591453
-1.558660
-1.525062
-1.541192
-1.529998
-1.505477
-1.459308
-1.396096
-1.316791
-1.324841
-1.422783
-1.582641
-1.674640
-1.699034
-1.743382
-1.794286
-1.812467
-1.815959
-1.781436
-1.751604
-1.723466
-1.681168
-1.656562
-1.666466
-1.646718
-1.612905
-1.556261
-1.469747
-1.351771
-1.333144
-1.369514
-1.476041
-1.648479
-1.711815
-1.766788
-1.828132
-1.822022
-1.782101
-1.729134
-1.695583
-1.671700
-1.614795
-1.665422
-1.664624
-1.635965
-1.591925
-1.531296
-1.455004
-1.355417
-1.357567
-1.418837
-1.535903
-1.640376
-1.671706
-1.707023
-1.763228
-1.790092
-1.811834
-1.779337
-1.735800
-1.684083
-1.647530
-1.538123
-1.557438
-1.541623
-1.510347
-1.456315
-1.384914
-1.294941
-1.285904
-1.356439
-1.513894
-1.686875
-1.742382
-1.794717
-1.852441
-1.822596
-1.770138
-1.732705
-1.721129
-1.708212
-1.699366
-1.732198
-1.719177
-1.680401
-1.626610
-1.556329
-1.461472
-1.341774
-1.333126
-1.399175
-1.510036
-1.614631
-1.654106
-1.694030
-1.758750
-1.816110
-1.827886
-1.778457
-1.725485
-1.686309
-1.661094
-1.639854
-1.653958
-1.640752
-1.612069
-1.560704
-1.490877
-1.399326
-1.373440
-1.432298
-1.594691
-1.735122
-1.795051
-1.849961
-1.916610
-1.919524
-1.885423
-1.822883
-1.792288
-1.812843
-1.746481
-1.780488
-1.773996
-1.742250
-1.693480
-1.626610
-1.544715
-1.442066
-1.403229
-1.432733
-1.579062
-1.755136
-1.828671
-1.899793
-1.973725
-1.959438
-1.911043
-1.851990
-1.836378
-1.840778
-1.893355
-1.900038
-1.871629
-1.820011
-1.751081
-1.667998
-1.570575
-1.456417
-1.431213
-1.472345
-1.602413
-1.740852
-1.816157
-1.893939
-1.990100
-2.010999
-1.969194
-1.903305
-1.881109
-1.874610
-1.912251
-1.926583
-1.906309
-1.865852
-1.808412
-1.734872
-1.646873
-1.538730
-1.538623
-1.586123
-1.715259
-1.869805
-1.922079
-1.991723
-2.061899
-2.004254
-1.919688
-1.865623
-1.857006
-1.906313
-1.941281
-1.936348
-1.900565
-1.847707
-1.770837
-1.672623
-1.564902
-1.438405
-1.446519
-1.498913
-1.621310
-1.752534
-1.783261
-1.841429
-1.923226
-1.910342
-1.873201
-1.832910
-1.817806
-1.780039
-1.832948
-1.837615
-1.806251
-1.755936
-1.688114
-1.604464
-1.503453
-1.381486
-1.393879
-1.439063
-1.560068
-1.701888
-1.751911
-1.804742
-1.871162
-1.876461
-1.866067
-1.841441
-1.836670
-1.783933
-1.825166
-1.832091
-1.802038
-1.751428
-1.685070
-1.604192
-1.503262
-1.375014
-1.407645
-1.482145
-1.583247
-1.695187
-1.729080
-1.792818
-1.873800
-1.886734
-1.872520
-1.831871
-1.810247
-1.786395
-1.767173
-1.783943
-1.762529
-1.721261
-1.662278
-1.587609
-1.496237
-1.376152
-1.405449
-1.485819
-1.622318
-1.732517
-1.757560
-1.813621
-1.888072
-1.885713
-1.861371
-1.817849
-1.806941
-1.803107
-1.864175
-1.876113
-1.849215
-1.800969
-1.734365
-1.652282
-1.553336
-1.430628
-1.466520
-1.543406
-1.660583
-1.771323
-1.798242
-1.869673
-1.961891
-1.958654
-1.922713
-1.879408
-1.860817
-1.845578
-1.889443
-1.890902
-1.859451
-1.807704
-1.734204
-1.645135
-1.539162
-1.405578
-1.427650
-1.511070
-1.643380
-1.766975
-1.803013
-1.883147
-1.970627
-1.932985
-1.887340
-1.846994
-1.841367
-1.869459
-1.921106
-1.924355
-1.891237
-1.836599
-1.759272
-1.668980
-1.562030
-1.434151
-1.465643
-1.548517
-1.666545
-1.797471
-1.811735
-1.878745
-1.958007
-1.920317
-1.884190
-1.861946
-1.849128
-1.800314
-1.845206
-1.846582
-1.807679
-1.752346
-1.678638
-1.588026
-1.478428
-1.339771
-1.388592
-1.496232
-1.610885
-1.698813
-1.711259
-1.785410
-1.868236
-1.853107
-1.865895
-1.833784
-1.818041
-1.768404
-1.826421
-1.836179
-1.808608
-1.763153
-1.694891
-1.613351
-1.513031
-1.382462
-1.420225
-1.513877
-1.625697
-1.723813
-1.733672
-1.791842
-1.873364
-1.865193
-1.869650
-1.830340
-1.806544
-1.777175
-1.819541
-1.837536
-1.817713
-1.774751
-1.712613
-1.633967
-1.535088
-1.412328
-1.443191
-1.525357
-1.652457
-1.759180
-1.794402
-1.862760
-1.941749
-1.941384
-1.917127
-1.880228
-1.874291
-1.884005
-1.931300
-1.933209
-1.898937
-1.844674
-1.765559
-1.672379
-1.562253
-1.427337
-1.474867
-1.587123
-1.703823
-1.801288
-1.831670
-1.917633
-2.010898
-1.982321
-1.926031
-1.875191
-1.863012
-1.883138
-1.926839
-1.927846
-1.894921
-1.840274
-1.759544
-1.663714
-1.549906
-1.412839
-1.453892
-1.563898
-1.699780
-1.791422
-1.820092
-1.904908
-1.987398
-1.946918
-1.903131
-1.876982
-1.864457
-1.859411
-1.896181
-1.889802
-1.844422
-1.782888
-1.701586
-1.604649
-1.487078
-1.343014
-1.410378
-1.535441
-1.629310
-1.692931
-1.671573
-1.738479
-1.854702
-1.872837
-1.907417
-1.926338
-1.886591
-1.822457
-1.720879
-1.681807
-1.689903
-1.669258
-1.624764
-1.556613
-1.452105
-1.307211
-1.363005
-1.482115
-1.586809
-1.662373
-1.680800
-1.740135
-1.822040
-1.796231
-1.808881
-1.812301
-1.767672
-1.732808
-1.677441
-1.659657
-1.663551
-1.634661
-1.583354
-1.512728
-1.422711
-1.299912
-1.375646
-1.521348
-1.631560
-1.703803
-1.688436
-1.733289
-1.821266
-1.842166
-1.837388
-1.803388
-1.761482
-1.772257
-1.710629
-1.744487
-1.732662
-1.697493
-1.642560
-1.568630
-1.472785
-1.348617
-1.401843
-1.508357
-1.626297
-1.707298
-1.724502
-1.791066
-1.892831
-1.942226
-1.923091
-1.881216
-1.847432
-1.801078
-1.835781
-1.852610
-1.829876
-1.783342
-1.715743
-1.631569
-1.526897
-1.391922
-1.442808
-1.544864
-1.649066
-1.737810
-1.764490
-1.846110
-1.961818
-2.020077
-1.975927
-1.922549
-1.887479
-1.824910
-1.879260
-1.888068
-1.859808
-1.808378
-1.734321
-1.643269
-1.523837
-1.369156
-1.431725
-1.552916
-1.646477
-1.707519
-1.712634
-1.796067
-1.923137
-1.992104
-1.944720
-1.892798
-1.838193
-1.784251
-1.715546
-1.765623
-1.767921
-1.744388
-1.689967
-1.617269
-1.517092
-1.382632
-1.380003
-1.513285
-1.618475
-1.725730
-1.736519
-1.794098
-1.882363
-1.896484
-1.897985
-1.847655
-1.798790
-1.788532
-1.761429
-1.793899
-1.781341
-1.740739
-1.679304
-1.597859
-1.495240
-1.349406
-1.349901
-1.501603
-1.603639
-1.658603
-1.625434
-1.674362
-1.802909
-1.896549
-1.908423
-1.855036
-1.794015
-1.757450
-1.654629
-1.718774
-1.733609
-1.710987
-1.671547
-1.610341
-1.526260
-1.416501
-1.430064
-1.541726
-1.660478
-1.771683
-1.769182
-1.817380
-1.914461
-1.950746
-1.934712
-1.889535
-1.849553
-1.859544
-1.771760
-1.808068
-1.798118
-1.758941
-1.698556
-1.617948
-1.515960
-1.389159
-1.392127
-1.486097
-1.596347
-1.722125
-1.752327
-1.815791
-1.912819
-1.970631
-1.979425
-1.942250
-1.909464
-1.867709
-1.828808
-1.846765
-1.821548
-1.767142
-1.692864
-1.599869
-1.491222
-1.346578
-1.361385
-1.487538
-1.584756
-1.673354
-1.687277
-1.748096
-1.876797
-1.990026
-2.006263
-1.954359
-1.899277
-1.863374
-1.760158
-1.799562
-1.788047
-1.745578
-1.685477
-1.607367
-1.498224
-1.357506
-1.375248
-1.508339
-1.602262
-1.667768
-1.651696
-1.696062
-1.814169
-1.947007
-1.984780
-1.930203
-1.864250
-1.817925
-1.725134
-1.732896
-1.738914
-1.708584
-1.658312
-1.588563
-1.501262
-1.373598
-1.394055
-1.505253
-1.610501
-1.698171
-1.696178
-1.739345
-1.858061
-1.985396
-2.014021
-1.963847
-1.909488
-1.864480
-1.785264
-1.767573
-1.764439
-1.726251
-1.668315
-1.591375
-1.496917
-1.370217
-1.392069
-1.486226
-1.595485
-1.700029
-1.722503
-1.779180
-1.885373
-2.002963
-2.027623
-1.984683
-1.930560
-1.888746
-1.811973
-1.768735
-1.756749
-1.707521
-1.637684
-1.553812
-1.448325
-1.311288
-1.269455
-1.382388
-1.505338
-1.601820
-1.635768
-1.698291
-1.825179
-1.962331
-2.038017
-2.003712
-1.936152
-1.892978
-1.843854
-1.691236
-1.702621
-1.666891
-1.613261
-1.526464
-1.404567
-1.242303
-1.191403
-1.355948
-1.453295
-1.509570
-1.504348
-1.533328
-1.664179
-1.825057
-1.945831
-1.946947
-1.872919
-1.779129
-1.699228
-1.581297
-1.543780
-1.551618
-1.531764
-1.486905
-1.401468
-1.274394
-1.237597
-1.391764
-1.519132
-1.610617
-1.595575
-1.633986
-1.734411
-1.848426
-1.901230
-1.878793
-1.821602
-1.743393
-1.696553
-1.566806
-1.601078
-1.586376
-1.549171
-1.488026
-1.392277
-1.259621
-1.231672
-1.385992
-1.494093
-1.568389
-1.552495
-1.580007
-1.706854
-1.857795
-1.941379
-1.921909
-1.850610
-1.752856
-1.679559
-1.583341
-1.561306
-1.559614
-1.535123
-1.486732
-1.416783
-1.320362
-1.300125
-1.419016
-1.551191
-1.675983
-1.699012
-1.746159
-1.841658
-1.962466
-1.986389
-1.954026
-1.893664
-1.851176
-1.815194
-1.750302
-1.762190
-1.730456
-1.675026
-1.600256
-1.505999
-1.376171
-1.337668
-1.444826
-1.555479
-1.654012
-1.686559
-1.749645
-1.871507
-1.998769
-2.064633
-2.047848
-1.980317
-1.904808
-1.864863
-1.722052
-1.741783
-1.711705
-1.661021
-1.591786
-1.489493
-1.348620
-1.301397
-1.435885
-1.538784
-1.609198
-1.604523
-1.647851
-1.758557
-1.905260
-2.010754
-2.001858
-1.916905
-1.829576
-1.791710
-1.610486
-1.675197
-1.691134
-1.678047
-1.638116
-1.559840
-1.445130
-1.348889
-1.473850
-1.609592
-1.709608
-1.772461
-1.820534
-1.902616
-2.007884
-2.012639
-1.984301
-1.918830
-1.842744
-1.794321
-1.620504
-1.670094
-1.665998
-1.631364
-1.603787
-1.540746
-1.411778
-1.309005
-1.462969
-1.588106
-1.670225
-1.670809
-1.698058
-1.802355
-1.935404
-1.981794
-1.951460
-1.892121
-1.822085
-1.788041
-1.688496
-1.719313
-1.700197
-1.657805
-1.593327
-1.506056
-1.378708
-1.257120
-1.430740
-1.557374
-1.632533
-1.618033
-1.642457
-1.741819
-1.887916
-1.980876
-1.972554
-1.900885
-1.822004
-1.788189
-1.595687
-1.646693
-1.674193
-1.669194
-1.636964
-1.572364
-1.456904
-1.352195
-1.506365
-1.634230
-1.721313
-1.729896
-1.749063
-1.835807
-1.948419
-1.979050
-1.928393
-1.882606
-1.825845
-1.793913
-1.731561
-1.755182
-1.731736
-1.686835
-1.614243
-1.522604
-1.396751
-1.276006
-1.471689
-1.623701
-1.705799
-1.666678
-1.655266
-1.757092
-1.899871
-1.991357
-1.969061
-1.901137
-1.830178
-1.792442
-1.663931
-1.718423
-1.719128
-1.693891
-1.643718
-1.556716
-1.434634
-1.331213
-1.475322
-1.601499
-1.687186
-1.697195
-1.717500
-1.800562
-1.927336
-2.021473
-1.997294
-1.924127
-1.865503
-1.832924
-1.643569
-1.697982
-1.715980
-1.701176
-1.659691
-1.582981
-1.460488
-1.352829
-1.495513
-1.610490
-1.702490
-1.766309
-1.832942
-1.932424
-2.017398
-2.044749
-2.006640
-1.951550
-1.883440
-1.849899
-1.721737
-1.766973
-1.757933
-1.718289
-1.647388
-1.559417
-1.449413
-1.304972
-1.466553
-1.618240
-1.721577
-1.757131
-1.783130
-1.869806
-1.988494
-2.060470
-2.038672
-1.966470
-1.898994
-1.898257
-1.717894
-1.772242
-1.786950
-1.765248
-1.713881
-1.626924
-1.489634
-1.307980
-1.446396
-1.593577
-1.687135
-1.743024
-1.798979
-1.889498
-2.007280
-2.052446
-2.032181
-1.971313
-1.893792
-1.858825
-1.742219
-1.713515
-1.722903
-1.702527
-1.649272
-1.566008
-1.436119
-1.267740
-1.426879
-1.592510
-1.691794
-1.734446
-1.761570
-1.860996
-1.985302
-2.036272
-2.021509
-1.975569
-1.908182
-1.878649
-1.823924
-1.780653
-1.778270
-1.743725
-1.681542
-1.604073
-1.486385
-1.331101
-1.497020
-1.655890
-1.734279
-1.736943
-1.754291
-1.850883
-1.978321
-2.067528
-2.044395
-1.972432
-1.913190
-1.891789
-1.767305
-1.816765
-1.819701
-1.790523
-1.731333
-1.640099
-1.505348
-1.333708
-1.487084
-1.632341
-1.704542
-1.748844
-1.795247
-1.900397
-2.021487
-2.069531
-2.039769
-1.986345
-1.914937
-1.885613
-1.831246
-1.776080
-1.789918
-1.772311
-1.723582
-1.650210
-1.533970
-1.382935
-1.543093
-1.679926
-1.754820
-1.791893
-1.814382
-1.897616
-2.015417
-2.081403
-2.088148
-2.041198
-1.959980
-1.908985
-1.814628
-1.712699
-1.707363
-1.671711
-1.599018
-1.489768
-1.335021
-1.142992
-1.323430
-1.475180
-1.579629
-1.617063
-1.633651
-1.714606
-1.870527
-1.979376
-2.021530
-1.985811
-1.913210
-1.879199
-1.787485
-1.637564
-1.645320
-1.607695
-1.544003
-1.451517
-1.311582
-1.119441
-1.223009
-1.414277
-1.561338
-1.617108
-1.641916
-1.759338
-1.905805
-2.016624
-2.042947
-2.005898
-1.943971
-1.937295
-1.864258
-1.730978
-1.729201
-1.688152
-1.617651
-1.513245
-1.354629
-1.155354
-1.257914
-1.436797
-1.525275
-1.557770
-1.574668
-1.679017
-1.842855
-1.985609
-2.022941
-1.976698
-1.888460
-1.802423
-1.712732
-1.600550
-1.629552
-1.608985
-1.565458
-1.487580
-1.348112
-1.152724
-1.251614
-1.419641
-1.481376
-1.486814
-1.462562
-1.544378
-1.700461
-1.857933
-1.964038
-1.935681
-1.816479
-1.710809
-1.624428
-1.518547
-1.467143
-1.484676
-1.464863
-1.420513
-1.314739
-1.138636
-1.236277
-1.412139
-1.539761
-1.623722
-1.644261
-1.708086
-1.848324
-1.976274
-2.012282
-1.958191
-1.859008
-1.771952
-1.684920
-1.563302
-1.532950
-1.550451
-1.530347
-1.472474
-1.371266
-1.219428
-1.321728
-1.500587
-1.646601
-1.753654
-1.793020
-1.855741
-1.973308
-2.029212
-2.025295
-1.982006
-1.912882
-1.880126
-1.810052
-1.625693
-1.613623
-1.584971
-1.526574
-1.427161
-1.269371
-1.068579
-1.172281
-1.362085
-1.475433
-1.540612
-1.587723
-1.702319
-1.855862
-1.996526
-2.079023
-2.067107
-1.979842
-1.881600
-1.796194
-1.686247
-1.676700
-1.673469
-1.637429
-1.560625
-1.422792
-1.233385
-1.325828
-1.504850
-1.625932
-1.693430
-1.735138
-1.834311
-1.958025
-2.070884
-2.103837
-2.037034
-1.941618
-1.861329
-1.776743
-1.651473
-1.557210
-1.546172
-1.506422
-1.423763
-1.267870
-1.071149
-1.097488
-1.285895
-1.444419
-1.533833
-1.585580
-1.695361
-1.851357
-1.988266
-2.041920
-1.992949
-1.894502
-1.804409
-1.728587
-1.599626
-1.615335
-1.599340
-1.556918
-1.483765
-1.356631
-1.166722
-1.186134
-1.369763
-1.495179
-1.541873
-1.547285
-1.651126
-1.805943
-1.951027
-2.036905
-2.017278
-1.921302
-1.817928
-1.728463
-1.618822
-1.526870
-1.547933
-1.532973
-1.471772
-1.355174
-1.173976
-1.192749
-1.381751
-1.553373
-1.654223
-1.694239
-1.777225
-1.916107
-2.034143
-2.071749
-2.026649
-1.935055
-1.866368
-1.820055
-1.662243
-1.626060
-1.606560
-1.549243
-1.444697
-1.275905
-1.075050
-1.104603
-1.299314
-1.433086
-1.458881
-1.452034
-1.548758
-1.718287
-1.876766
-1.999727
-1.999099
-1.917934
-1.805868
-1.701295
-1.579918
-1.504470
-1.514251
-1.491356
-1.415558
-1.286250
-1.096895
-1.125378
-1.322700
-1.487222
-1.556637
-1.552762
-1.630592
-1.771610
-1.920344
-1.996702
-1.969532
-1.875248
-1.781950
-1.706994
-1.565039
-1.614314
-1.614187
-1.585944
-1.522081
-1.404964
-1.232423
-1.241009
-1.425728
-1.568069
-1.630194
-1.656636
-1.778162
-1.919287
-2.046368
-2.085658
-2.031797
-1.932258
-1.853493
-1.785437
-1.671063
-1.658914
-1.656163
-1.618514
-1.541127
-1.396303
-1.201710
-1.221398
-1.413043
-1.555147
-1.594672
-1.599964
-1.702775
-1.859303
-1.999449
-2.081164
-2.045099
-1.955841
-1.864076
-1.798886
-1.645671
-1.631610
-1.613519
-1.564717
-1.483230
-1.360482
-1.174975
-1.120224
-1.313523
-1.480545
-1.545595
-1.543417
-1.621728
-1.783825
-1.936647
-2.060061
-2.069717
-1.975337
-1.868782
-1.775984
-1.653546
-1.614854
-1.608141
-1.568414
-1.488852
-1.365222
-1.178302
-1.124107
-1.323678
-1.496529
-1.561839
-1.560253
-1.643819
-1.792153
-1.938439
-2.025281
-2.013455
-1.934990
-1.842215
-1.776311
-1.616785
-1.626068
-1.621365
-1.585130
-1.508432
-1.369819
-1.172232
-1.115440
-1.310083
-1.471762
-1.525665
-1.528871
-1.619462
-1.774201
-1.927984
-2.042050
-2.035414
-1.953513
-1.860415
-1.790283
-1.623314
-1.634762
-1.630047
-1.594611
-1.513021
-1.384297
-1.199001
-1.138285
-1.336549
-1.507363
-1.559949
-1.559064
-1.628380
-1.766762
-1.919626
-2.032022
-2.027807
-1.951459
-1.853046
-1.755998
-1.600662
-1.591682
-1.584804
-1.548356
-1.477953
-1.347118
-1.154356
-1.100573
-1.295709
-1.466549
-1.530105
-1.531253
-1.616666
-1.772696
-1.927211
-2.051498
-2.057279
-1.963845
-1.864329
-1.776474
-1.661123
-1.637521
-1.628493
-1.589718
-1.517835
-1.392535
-1.204615
-1.145599
-1.339455
-1.491750
-1.541095
-1.541853
-1.638078
-1.799107
-1.951194
-2.079778
-2.088164
-1.991135
-1.889909
-1.801788
-1.685842
-1.637548
-1.636856
-1.600250
-1.526099
-1.385937
-1.191119
-1.136212
-1.335673
-1.502701
-1.556604
-1.549901
-1.644636
-1.812884
-1.960508
-2.075722
-2.038392
-1.941459
-1.868468
-1.859203
-1.689540
-1.745066
-1.745903
-1.712458
-1.646353
-1.527808
-1.346251
-1.203322
-1.400349
-1.569622
-1.657049
-1.662793
-1.723936
-1.845828
-1.984278
-2.079324
-2.074100
-1.995197
-1.897633
-1.808699
-1.695955
-1.521960
-1.490259
-1.467728
-1.389698
-1.250555
-1.053501
-0.930485
-1.124573
-1.262212
-1.366411
-1.472581
-1.643546
-1.812581
-1.961763
-2.086008
-2.089329
-1.996895
-1.916438
-1.905720
-1.765102
-1.790376
-1.752766
-1.684311
-1.580111
-1.425283
-1.224399
-1.090434
-1.293258
-1.444823
-1.472866
-1.483962
-1.503605
-1.666868
-1.834778
-1.976689
-2.011959
-1.945044
-1.837769
-1.732418
-1.575942
-1.525211
-1.527626
-1.499371
-1.439626
-1.334795
-1.158395
-1.028100
-1.228603
-1.400549
-1.476985
-1.496576
-1.605175
-1.773981
-1.929281
-2.059380
-2.079085
-1.989151
-1.896413
-1.892989
-1.718503
-1.730634
-1.723882
-1.682399
-1.606034
-1.475677
-1.285704
-1.147294
-1.346539
-1.521398
-1.604123
-1.609108
-1.655641
-1.794902
-1.944325
-2.070735
-2.092217
-2.024667
-1.920574
-1.827153
-1.726595
-1.579574
-1.584350
-1.550914
-1.477655
-1.355089
-1.176001
-1.044416
-1.246778
-1.427262
-1.535922
-1.558007
-1.622158
-1.777961
-1.929543
-2.054754
-2.046498
-1.956702
-1.902593
-1.897985
-1.730761
-1.779233
-1.764149
-1.714281
-1.634287
-1.507784
-1.322879
-1.182569
-1.381289
-1.564959
-1.647206
-1.639050
-1.637345
-1.760747
-1.913953
-2.040855
-2.042749
-1.974005
-1.877748
-1.781408
-1.676286
-1.541839
-1.540582
-1.500581
-1.427733
-1.291040
-1.090980
-0.963753
-1.164418
-1.327135
-1.369324
-1.393557
-1.500876
-1.673179
-1.845649
-1.990037
-2.040893
-1.977021
-1.886336
-1.833538
-1.773779
-1.655677
-1.660507
-1.628219
-1.554180
-1.434312
-1.244756
-1.043487
-1.232051
-1.408064
-1.452426
-1.465706
-1.502560
-1.667284
-1.838276
-1.985207
-2.075116
-2.013929
-1.908925
-1.865914
-1.819620
-1.685986
-1.687287
-1.652346
-1.569353
-1.422385
-1.223044
-1.021799
-1.211260
-1.390764
-1.447062
-1.466525
-1.530198
-1.693869
-1.861887
-2.003511
-2.077937
-2.004202
-1.900417
-1.878498
-1.833483
-1.689751
-1.690990
-1.656749
-1.573386
-1.439412
-1.243932
-1.042750
-1.230090
-1.408745
-1.454622
-1.485134
-1.545782
-1.709809
-1.876892
-2.013865
-2.066629
-1.990968
-1.901801
-1.847165
-1.826048
-1.706466
-1.701243
-1.662703
-1.582669
-1.449554
-1.254981
-1.053782
-1.241773
-1.416955
-1.446670
-1.473791
-1.523950
-1.690533
-1.859747
-1.999851
-2.064084
-1.986906
-1.887673
-1.815042
-1.797688
-1.697284
-1.695883
-1.659118
-1.587135
-1.466036
-1.279380
-1.078134
-1.265392
-1.439101
-1.484445
-1.505630
-1.564437
-1.732150
-1.896597
-2.029027
-2.088238
-2.008357
-1.917328
-1.892181
-1.820646
-1.761379
-1.754739
-1.714712
-1.636288
-1.509719
-1.320578
-1.119371
-1.304991
-1.477030
-1.509986
-1.533262
-1.588616
-1.755294
-1.916693
-2.045251
-2.101261
-2.030948
-1.942352
-1.901318
-1.813670
-1.754697
-1.741892
-1.697651
-1.609766
-1.482817
-1.300239
-1.099069
-1.286416
-1.462789
-1.503790
-1.531936
-1.586210
-1.751411
-1.914056
-2.044497
-2.117466
-2.058325
-1.961691
-1.912758
-1.843079
-1.729107
-1.721337
-1.672148
-1.581150
-1.459907
-1.278301
-1.077056
-1.187307
-1.374509
-1.447553
-1.495582
-1.568105
-1.736221
-1.898651
-2.029899
-2.115660
-2.056046
-1.964834
-1.946864
-1.837474
-1.792669
-1.777530
-1.722585
-1.624565
-1.489422
-1.313887
-1.112986
-1.221715
-1.413460
-1.468211
-1.524664
-1.603403
-1.771889
-1.929627
-2.053183
-2.125486
-2.058733
-1.975343
-1.951329
-1.849533
-1.820355
-1.803951
-1.747838
-1.656198
-1.529419
-1.356337
-1.155184
-1.260395
-1.454681
-1.515370
-1.547569
-1.616946
-1.783378
-1.939606
-2.061085
-2.146571
-2.092472
-2.005233
-1.968437
-1.868552
-1.837359
-1.819707
-1.763396
-1.669937
-1.543409
-1.364667
-1.163489
-1.267668
-1.462465
-1.502950
-1.535539
-1.589695
-1.756939
-1.918141
-2.043731
-2.131707
-2.067937
-1.978777
-1.917304
-1.861810
-1.815633
-1.793924
-1.734669
-1.638614
-1.509933
-1.341142
-1.140114
-1.246159
-1.439901
-1.500651
-1.544845
-1.630164
-1.797912
-1.952463
-2.070978
-2.161961
-2.122869
-2.039059
-2.005121
-1.863912
-1.871895
-1.847459
-1.787226
-1.699791
-1.561539
-1.359977
-1.158799
-1.254866
-1.448736
-1.488384
-1.532733
-1.588372
-1.755097
-1.917755
-2.043095
-2.140705
-2.094490
-2.006723
-1.936295
-1.845138
-1.822505
-1.802975
-1.746613
-1.653505
-1.523989
-1.348883
-1.147871
-1.252099
-1.446124
-1.485449
-1.522730
-1.587219
-1.756186
-1.919538
-2.046800
-2.136364
-2.078112
-1.995192
-1.970606
-1.869691
-1.853152
-1.829617
-1.765553
-1.665238
-1.525670
-1.337689
-1.136395
-1.163267
-1.361355
-1.431560
-1.495283
-1.592706
-1.766508
-1.926109
-2.048530
-2.144943
-2.112778
-2.040525
-1.996047
-1.876473
-1.898904
-1.872888
-1.808803
-1.723573
-1.591170
-1.408334
-1.207024
-1.226976
-1.426733
-1.467318
-1.511563
-1.592351
-1.764447
-1.924800
-2.048118
-2.117000
-2.056331
-1.984824
-1.950394
-1.843588
-1.866551
-1.842249
-1.779808
-1.696317
-1.572292
-1.372458
-1.170970
-1.188692
-1.381753
-1.471439
-1.537356
-1.635284
-1.808443
-1.962033
-2.075273
-2.171621
-2.157703
-2.091842
-2.042097
-1.947271
-1.974919
-1.949081
-1.885055
-1.798940
-1.663521
-1.484409
-1.283312
-1.304026
-1.495024
-1.528500
-1.567241
-1.657970
-1.827223
-1.978747
-2.090222
-2.170820
-2.129201
-2.036189
-1.958947
-1.901545
-1.807109
-1.784520
-1.723020
-1.625940
-1.452837
-1.251628
-1.050198
-1.070013
-1.258358
-1.368699
-1.466375
-1.588356
-1.760465
-1.923934
-2.047585
-2.155097
-2.266521
-2.234337
-2.114820
-1.969162
-1.992855
-1.959587
-1.890404
-1.778856
-1.636593
-1.460526
-1.259984
-1.276935
-1.478386
-1.511155
-1.546910
-1.581389
-1.730029
-1.895918
-2.024789
-2.118953
-2.081943
-1.997867
-1.915307
-1.873799
-1.811365
-1.787582
-1.722577
-1.612198
-1.442482
-1.241289
-1.039956
-1.059973
-1.260921
-1.351321
-1.433276
-1.529186
-1.704409
-1.873401
-2.005645
-2.118766
-2.137881
-2.066105
-1.991474
-1.880121
-1.874819
-1.852667
-1.786638
-1.682369
-1.537072
-1.350803
-1.149345
-1.094792
-1.296661
-1.398187
-1.464174
-1.542047
-1.713503
-1.883887
-2.016974
-2.127460
-2.120173
-2.050128
-1.966844
-1.911900
-1.892370
-1.869475
-1.802901
-1.713880
-1.579797
-1.408552
-1.209234
-1.152055
-1.354439
-1.419166
-1.471724
-1.574793
-1.745226
-1.908445
-2.034994
-2.123152
-2.095480
-2.036615
-1.961972
-1.883863
-1.835488
-1.815360
-1.749661
-1.648904
-1.502131
-1.303023
-1.101324
-1.048839
-1.246122
-1.336068
-1.425330
-1.520745
-1.696778
-1.867422
-2.004046
-2.116947
-2.132147
-2.063988
-1.989338
-1.914824
-1.905370
-1.889615
-1.828457
-1.746035
-1.621281
-1.462581
-1.269087
-1.206682
-1.408794
-1.458834
-1.515888
-1.623796
-1.798480
-1.956574
-2.072949
-2.164748
-2.123805
-2.069530
-2.026655
-1.904905
-1.915269
-1.897179
-1.834415
-1.735607
-1.603064
-1.441127
-1.245090
-1.187420
-1.389756
-1.440811
-1.494274
-1.591928
-1.766620
-1.929219
-2.053387
-2.155776
-2.145422
-2.075818
-2.018081
-1.920287
-1.897891
-1.879244
-1.816158
-1.717385
-1.585808
-1.426719
-1.232227
-1.176866
-1.379308
-1.445063
-1.501597
-1.622784
-1.797270
-1.956466
-2.073981
-2.169388
-2.161056
-2.118589
-2.067559
-1.941905
-1.957067
-1.939227
-1.876598
-1.794385
-1.667353
-1.505812
-1.311378
-1.245051
-1.447068
-1.496470
-1.553778
-1.637513
-1.811966
-1.970935
-2.085740
-2.177759
-2.163402
-2.138116
-2.097276
-1.954653
-1.989112
-1.967687
-1.901488
-1.814691
-1.688913
-1.521261
-1.323483
-1.183769
-1.387898
-1.446567
-1.510230
-1.614773
-1.786957
-1.948302
-2.064770
-2.155047
-2.152730
-2.096710
-2.038715
-1.945667
-1.824371
-1.813938
-1.755262
-1.658140
-1.498443
-1.298313
-1.096821
-0.970565
-1.173984
-1.309014
-1.394309
-1.487846
-1.664405
-1.836349
-1.979724
-2.093367
-2.135452
-2.105969
-2.059890
-1.939740
-1.924309
-1.908703
-1.847520
-1.753042
-1.614156
-1.431469
-1.230164
-1.094133
-1.297414
-1.403101
-1.464159
-1.535698
-1.696902
-1.865319
-1.999649
-2.098458
-2.079208
-1.995545
-1.955876
-1.851142
-1.816105
-1.801265
-1.742177
-1.645553
-1.509455
-1.328139
-1.126811
-0.998495
-1.202926
-1.342090
-1.399154
-1.489567
-1.659329
-1.829343
-1.971839
-2.071097
-2.030514
-1.953009
-1.907321
-1.831910
-1.830242
-1.827163
-1.777477
-1.697003
-1.584214
-1.442100
-1.255399
-1.120293
-1.323167
-1.454685
-1.511134
-1.631652
-1.802478
-1.958233
-2.074010
-2.158269
-2.142516
-2.141291
-2.088942
-1.946546
-1.963014
-1.958801
-1.905745
-1.815982
-1.681349
-1.505345
-1.304548
-1.164131
-1.367477
-1.453363
-1.511518
-1.572390
-1.732211
-1.899306
-2.030535
-2.133209
-2.142143
-2.067638
-1.984370
-1.960231
-1.875070
-1.861824
-1.802830
-1.715432
-1.589941
-1.415342
-1.213824
-1.080776
-1.283249
-1.387566
-1.460410
-1.536009
-1.706709
-1.876392
-2.013648
-2.120365
-2.165901
-2.145878
-2.062823
-1.985619
-1.895347
-1.883910
-1.825113
-1.737378
-1.609983
-1.442114
-1.240741
-1.039769
-1.230994
-1.404288
-1.474832
-1.581165
-1.727184
-1.892826
-2.024606
-2.128040
-2.145774
-2.106013
-2.034132
-1.953707
-1.830931
-1.824878
-1.769172
-1.691313
-1.581010
-1.381290
-1.179727
-0.978739
-1.170629
-1.308261
-1.401126
-1.486114
-1.631571
-1.806505
-1.957641
-2.073229
-2.127062
-2.074980
-2.007514
-1.950992
-1.921098
-1.921093
-1.871237
-1.794891
-1.686489
-1.538449
-1.352443
-1.151430
-1.336849
-1.492163
-1.545015
-1.650456
-1.790501
-1.945155
-2.065104
-2.156844
-2.147604
-2.117991
-2.073069
-1.975306
-1.914058
-1.911054
-1.857809
-1.783592
-1.674489
-1.496881
-1.298934
-1.097980
-1.285994
-1.446552
-1.506911
-1.588064
-1.728091
-1.894647
-2.027508
-2.129802
-2.155816
-2.113774
-2.050189
-1.977006
-1.871121
-1.865579
-1.811783
-1.737440
-1.630452
-1.431750
-1.230222
-1.029261
-1.219778
-1.377677
-1.457002
-1.525756
-1.644900
-1.816193
-1.967113
-2.084121
-2.148933
-2.135758
-2.064141
-1.983527
-1.871210
-1.872778
-1.824016
-1.753302
-1.649835
-1.454135
-1.252539
-1.051502
-1.237713
-1.385274
-1.471409
-1.549739
-1.688410
-1.861399
-2.003884
-2.108079
-2.177615
-2.121925
-2.070257
-1.995410
-1.959986
-1.963535
-1.916997
-1.842448
-1.734435
-1.587791
-1.402870
-1.201887
-1.384127
-1.547137
-1.602482
-1.663570
-1.812316
-1.973539
-2.091848
-2.177885
-2.195978
-2.175663
-2.139441
-2.038803
-1.997967
-1.993060
-1.937976
-1.860648
-1.748957
-1.597034
-1.408432
-1.207462
-1.389596
-1.527801
-1.585599
-1.636689
-1.772727
-1.937056
-2.061895
-2.154967
-2.188303
-2.158694
-2.105327
-2.036328
-1.920698
-1.914079
-1.859423
-1.779497
-1.672474
-1.490490
-1.291555
-1.090552
-1.200259
-1.387576
-1.456031
-1.528058
-1.657244
-1.830805
-1.978493
-2.089068
-2.127476
-2.068185
-2.017281
-1.965082
-1.883946
-1.888741
-1.844577
-1.769783
-1.670191
-1.529034
-1.345046
-1.143911
-1.250238
-1.434645
-1.484830
-1.559005
-1.682849
-1.855010
-1.997510
-2.102876
-2.121869
-2.089964
-2.048873
-1.981159
-1.921326
-1.928067
-1.885348
-1.812464
-1.714906
-1.579374
-1.378983
-1.177783
-1.281948
-1.460081
-1.523564
-1.589929
-1.710103
-1.882627
-2.021727
-2.122784
-2.174784
-2.140322
-2.071000
-2.024107
-1.942403
-1.948000
-1.903098
-1.829136
-1.730048
-1.590345
-1.413925
-1.213184
-1.315958
-1.494773
-1.546996
-1.621909
-1.738682
-1.907662
-2.041309
-2.138499
-2.174890
-2.129985
-2.080030
-2.027597
-1.913660
-1.921751
-1.877225
-1.803507
-1.704755
-1.568585
-1.371523
-1.170374
-1.274367
-1.452397
-1.517785
-1.577127
-1.686924
-1.860304
-2.005645
-2.111929
-2.170702
-2.140201
-2.087723
-2.026927
-1.904632
-1.909632
-1.862739
-1.783632
-1.681217
-1.541575
-1.340169
-1.138998
-1.242563
-1.426645
-1.496601
-1.561713
-1.661928
-1.835312
-1.985612
-2.097034
-2.184307
-2.177878
-2.117398
-2.040877
-1.938153
-1.941268
-1.895553
-1.819659
-1.719857
-1.579867
-1.400049
-1.198993
-1.301808
-1.485025
-1.534544
-1.580916
-1.681052
-1.854646
-2.002939
-2.110403
-2.160754
-2.118403
-2.057367
-2.005807
-1.890212
-1.903570
-1.862784
-1.784578
-1.686955
-1.552916
-1.351716
-1.150374
-1.176736
-1.365360
-1.446488
-1.522343
-1.641782
-1.815589
-1.968821
-2.083605
-2.181425
-2.188702
-2.124723
-2.055429
-1.912485
-1.927222
-1.886484
-1.809868
-1.712026
-1.570263
-1.391366
-1.190306
-1.214745
-1.410161
-1.464754
-1.519022
-1.627008
-1.801712
-1.957657
-2.074068
-2.142229
-2.102240
-2.042645
-1.987067
-1.855459
-1.867564
-1.833217
-1.759651
-1.664956
-1.533034
-1.331857
-1.130497
-1.154352
-1.348752
-1.435940
-1.511282
-1.625455
-1.799774
-1.955348
-2.071490
-2.173383
-2.190928
-2.133775
-2.063058
-1.928474
-1.950778
-1.916727
-1.844126
-1.748743
-1.606432
-1.424123
-1.222986
-1.242727
-1.441042
-1.488340
-1.536936
-1.624053
-1.797234
-1.954858
-2.071138
-2.139102
-2.082714
-2.001659
-1.920856
-1.871864
-1.836789
-1.808494
-1.739413
-1.635567
-1.505947
-1.340891
-1.141627
-1.169397
-1.370123
-1.459527
-1.531430
-1.654008
-1.827765
-1.979580
-2.090768
-2.183488
-2.197627
-2.157651
-2.080767
-1.954556
-1.974485
-1.938338
-1.862692
-1.764561
-1.619916
-1.437941
-1.236818
-1.255898
-1.450816
-1.498563
-1.548023
-1.626341
-1.799660
-1.958483
-2.075806
-2.144759
-2.101221
-2.036771
-1.973222
-1.897299
-1.843744
-1.813361
-1.742689
-1.630069
-1.477686
-1.277420
-1.076028
-1.107239
-1.299880
-1.395040
-1.475814
-1.605719
-1.780696
-1.939892
-2.060544
-2.164344
-2.186455
-2.136141
-2.060636
-1.919344
-1.936749
-1.910472
-1.839422
-1.746908
-1.614307
-1.450332
-1.253675
-1.193791
-1.395927
-1.454380
-1.515306
-1.609825
-1.784152
-1.943406
-2.062463
-2.163307
-2.144893
-2.086290
-2.045400
-1.909567
-1.903308
-1.873559
-1.802238
-1.712051
-1.576870
-1.405496
-1.205981
-1.151697
-1.354439
-1.424342
-1.486384
-1.600228
-1.774176
-1.935342
-2.054998
-2.152941
-2.136189
-2.106508
-2.064934
-1.910969
-1.921255
-1.894386
-1.825809
-1.722613
-1.582118
-1.405032
-1.203940
-1.149264
-1.352063
-1.426135
-1.482083
-1.572218
-1.743376
-1.908222
-2.035269
-2.135554
-2.100904
-2.043053
-2.001800
-1.882406
-1.869892
-1.842724
-1.773570
-1.671741
-1.537895
-1.375071
-1.177878
-1.124716
-1.327137
-1.423254
-1.479116
-1.590008
-1.758997
-1.922019
-2.046544
-2.145849
-2.144951
-2.118162
-2.053167
-1.899110
-1.906872
-1.883090
-1.817563
-1.715795
-1.571220
-1.382479
-1.181215
-1.124922
-1.327963
-1.401994
-1.457435
-1.542176
-1.706744
-1.875333
-2.009794
-2.112814
-2.082845
-2.008554
-1.947806
-1.882310
-1.832897
-1.813123
-1.749562
-1.650406
-1.505358
-1.307192
-1.105551
-1.051518
-1.253197
-1.362290
-1.440704
-1.515378
-1.689412
-1.859164
-1.996897
-2.108531
-2.146906
-2.101016
-2.020544
-1.927282
-1.880659
-1.866229
-1.806029
-1.707674
-1.566064
-1.388897
-1.188105
-1.133296
-1.335647
-1.439321
-1.496173
-1.588378
-1.762604
-1.927013
-2.051424
-2.150925
-2.147610
-2.088464
-2.030382
-1.937773
-1.908771
-1.889600
-1.824344
-1.737495
-1.602296
-1.430192
-1.230688
-1.097015
-1.300731
-1.434586
-1.501336
-1.616344
-1.783432
-1.945024
-2.063593
-2.156996
-2.137075
-2.086370
-2.060204
-1.938808
-1.921004
-1.899678
-1.833579
-1.737510
-1.600086
-1.422525
-1.221842
-1.088495
-1.292923
-1.414949
-1.475973
-1.590118
-1.759003
-1.918421
-2.040842
-2.128772
-2.093610
-2.020057
-1.990438
-1.891703
-1.835633
-1.819801
-1.757196
-1.660533
-1.522774
-1.345005
-1.144214
-1.015199
-1.218922
-1.368307
-1.436489
-1.556275
-1.724526
-1.891587
-2.022033
-2.122822
-2.108670
-2.064005
-2.037048
-1.912213
-1.890670
-1.874573
-1.813439
-1.719778
-1.585439
-1.409579
-1.208699
-1.076038
-1.279967
-1.393269
-1.444783
-1.519116
-1.679032
-1.846312
-1.983878
-2.083324
-2.064020
-1.980628
-1.932283
-1.846101
-1.796268
-1.787104
-1.732510
-1.645874
-1.528457
-1.352909
-1.155676
-1.025832
-1.229271
-1.396898
-1.455652
-1.554362
-1.718534
-1.887077
-2.019308
-2.121099
-2.120662
-2.092330
-2.047882
-1.931330
-1.915870
-1.905105
-1.847974
-1.762189
-1.633970
-1.461785
-1.261780
-1.124314
-1.327823
-1.455066
-1.508066
-1.584422
-1.741080
-1.904597
-2.033174
-2.129791
-2.120031
-2.066081
-2.020594
-1.927076
-1.868645
-1.855395
-1.796713
-1.705988
-1.570795
-1.397489
-1.197297
-1.065033
-1.268105
-1.425357
-1.487888
-1.580389
-1.742642
-1.911938
-2.041022
-2.137491
-2.147519
-2.114678
-2.060540
-1.959521
-1.951917
-1.940253
-1.880948
-1.802353
-1.692541
-1.547218
-1.367154
-1.166790
-1.351228
-1.517720
-1.574608
-1.659435
-1.802720
-1.955506
-2.072593
-2.161328
-2.173470
-2.154552
-2.104040
-1.980735
-1.922812
-1.908963
-1.847940
-1.768348
-1.653792
-1.455456
-1.253863
-1.052987
-1.243030
-1.420187
-1.491373
-1.556141
-1.704226
-1.873900
-2.010547
-2.114830
-2.160710
-2.140215
-2.072099
-1.973332
-1.868752
-1.851168
-1.787176
-1.703100
-1.584686
-1.383596
-1.182049
-0.981205
-1.175368
-1.356786
-1.432023
-1.501613
-1.651610
-1.824385
-1.971160
-2.081965
-2.153025
-2.087492
-2.019490
-1.926053
-1.856120
-1.856128
-1.808997
-1.739583
-1.631794
-1.459715
-1.258170
-1.057234
-1.247373
-1.423762
-1.476572
-1.520273
-1.669198
-1.837265
-1.980536
-2.090860
-2.110734
-2.034004
-1.936743
-1.910210
-1.825628
-1.827828
-1.781377
-1.715036
-1.611281
-1.411708
-1.210177
-1.009135
-1.199133
-1.352723
-1.435322
-1.509891
-1.646189
-1.817467
-1.966589
-2.080840
-2.148270
-2.099623
-2.001175
-1.938675
-1.849548
-1.856101
-1.812053
-1.747376
-1.645459
-1.447117
-1.245630
-1.044555
-1.230599
-1.380073
-1.462181
-1.533190
-1.649447
-1.822199
-1.970877
-2.082655
-2.140143
-2.086620
-1.992311
-1.904243
-1.824245
-1.826612
-1.779829
-1.709874
-1.604345
-1.456246
-1.258937
-1.057869
-1.246863
-1.414721
-1.470809
-1.519701
-1.640469
-1.815329
-1.967869
-2.081031
-2.099806
-2.034662
-1.955423
-1.907805
-1.835403
-1.844924
-1.803801
-1.735701
-1.635258
-1.494209
-1.293046
-1.091798
-1.201221
-1.376101
-1.450031
-1.530781
-1.695272
-1.866142
-2.006133
-2.111914
-2.168977
-2.167166
-2.099232
-2.035847
-1.965031
-1.973387
-1.928626
-1.855059
-1.751068
-1.603101
-1.415225
-1.214108
-1.317987
-1.458154
-1.516188
-1.573017
-1.708057
-1.876758
-2.014742
-2.118633
-2.138017
-2.075880
-1.984094
-1.922539
-1.777591
-1.785203
-1.740457
-1.664943
-1.553830
-1.363972
-1.162658
-0.961396
-1.075884
-1.251591
-1.351255
-1.442732
-1.603252
-1.777342
-1.934809
-2.055676
-2.163585
-2.154570
-2.080760
-2.028359
-1.917987
-1.922559
-1.876138
-1.798597
-1.691635
-1.536305
-1.342176
-1.141046
-1.248598
-1.428408
-1.475429
-1.517361
-1.638531
-1.811524
-1.963390
-2.077717
-2.080967
-1.992967
-1.907864
-1.833002
-1.755484
-1.782865
-1.753264
-1.689096
-1.588284
-1.463476
-1.300562
-1.100476
-1.208796
-1.393961
-1.473143
-1.552271
-1.699165
-1.871649
-2.012529
-2.116578
-2.176619
-2.161057
-2.098859
-2.052764
-1.970078
-1.977621
-1.932333
-1.856786
-1.753090
-1.605425
-1.419548
-1.218423
-1.321864
-1.483131
-1.537909
-1.589522
-1.712910
-1.882568
-2.023690
-2.127049
-2.160951
-2.098860
-2.009833
-1.952838
-1.847993
-1.809084
-1.770351
-1.701026
-1.566753
-1.370492
-1.168872
-0.967732
-1.082157
-1.244642
-1.351306
-1.450031
-1.551095
-1.727612
-1.895060
-2.026013
-2.142677
-2.130984
-2.060230
-2.024223
-1.914545
-1.927562
-1.888096
-1.820776
-1.726659
-1.583390
-1.395891
-1.194751
-1.220743
-1.413408
-1.460014
-1.506425
-1.627384
-1.799069
-1.951395
-2.064429
-2.082982
-2.002279
-1.922395
-1.897326
-1.794933
-1.823817
-1.795500
-1.728863
-1.638966
-1.501652
-1.301555
-1.100273
-1.128535
-1.324382
-1.390078
-1.455479
-1.583168
-1.757910
-1.919052
-2.042864
-2.123925
-2.073714
-2.027153
-1.989697
-1.891212
-1.915502
-1.887242
-1.822040
-1.734292
-1.605868
-1.405613
-1.204195
-1.227754
-1.413226
-1.480602
-1.545805
-1.660796
-1.834334
-1.984488
-2.093709
-2.184857
-2.164782
-2.092690
-2.027287
-1.931086
-1.948009
-1.911201
-1.837457
-1.741691
-1.598010
-1.412661
-1.211468
-1.235679
-1.428925
-1.477502
-1.525463
-1.642383
-1.815662
-1.968551
-2.081960
-2.131752
-2.065644
-1.997002
-1.953585
-1.813771
-1.834760
-1.810426
-1.748383
-1.632784
-1.444613
-1.243067
-1.041598
-1.059655
-1.238103
-1.360092
-1.471937
-1.560409
-1.734899
-1.899700
-2.025493
-2.134720
-2.154675
-2.089305
-2.014063
-1.910596
-1.937047
-1.907736
-1.840322
-1.748694
-1.609459
-1.425210
-1.223993
-1.241666
-1.439588
-1.474959
-1.514938
-1.580258
-1.751850
-1.915205
-2.038034
-2.100052
-2.019831
-1.931987
-1.835593
-1.804503
-1.782236
-1.769334
-1.714991
-1.614765
-1.467826
-1.266913
-1.065429
-1.090494
-1.280606
-1.373681
-1.462399
-1.587541
-1.759499
-1.921829
-2.046117
-2.153605
-2.220713
-2.156632
-2.042682
-1.927410
-1.924164
-1.900118
-1.834718
-1.746410
-1.608920
-1.427110
-1.226004
-1.245231
-1.443363
-1.488242
-1.533811
-1.631059
-1.804242
-1.962286
-2.077006
-2.159760
-2.096592
-2.000357
-1.939731
-1.857835
-1.803394
-1.789123
-1.729295
-1.632179
-1.490962
-1.299656
-1.098282
-1.049724
-1.251781
-1.324363
-1.401274
-1.498443
-1.675274
-1.844461
-1.986030
-2.106275
-2.099126
-2.048493
-2.011353
-1.903246
-1.906055
-1.886356
-1.821742
-1.735508
-1.602720
-1.425272
-1.224114
-1.166019
-1.368035
-1.411271
-1.459087
-1.530974
-1.701195
-1.868865
-2.003908
-2.094841
-2.049081
-1.962697
-1.879420
-1.850336
-1.789629
-1.778646
-1.720788
-1.626702
-1.486750
-1.289501
-1.087961
-1.034268
-1.230235
-1.318068
-1.409402
-1.491357
-1.667960
-1.837493
-1.978296
-2.095407
-2.131597
-2.066517
-1.976254
-1.903990
-1.903717
-1.898735
-1.844866
-1.755426
-1.624259
-1.453809
-1.254893
-1.195886
-1.398933
-1.437134
-1.484604
-1.591439
-1.764126
-1.927211
-2.050310
-2.151617
-2.134284
-2.047171
-1.975197
-1.900788
-1.827566
-1.818408
-1.761579
-1.670731
-1.539952
-1.354018
-1.152471
-1.100214
-1.299813
-1.389965
-1.476674
-1.620837
-1.792475
-1.951341
-2.069665
-2.167642
-2.265337
-2.244302
-2.141403
-1.978077
-2.012014
-1.990286
-1.926172
-1.837746
-1.705733
-1.532703
-1.332806
-1.268895
-1.470763
-1.509991
-1.556424
-1.602525
-1.765523
-1.930721
-2.053239
-2.151097
-2.143532
-2.061184
-1.987581
-1.930851
-1.893447
-1.888316
-1.836786
-1.751793
-1.617711
-1.432490
-1.231221
-1.173604
-1.375710
-1.442586
-1.496371
-1.596850
-1.766166
-1.919660
-2.042072
-2.129024
-2.096776
-2.012082
-1.976499
-1.828071
-1.840250
-1.826684
-1.768943
-1.676296
-1.543531
-1.367719
-1.166614
-1.035974
-1.240066
-1.369564
-1.415076
-1.480884
-1.639920
-1.807283
-1.952045
-2.058282
-2.017436
-1.954893
-1.844491
-1.726222
-1.732495
-1.716143
-1.657210
-1.564877
-1.441308
-1.274815
-1.073946
-0.949126
-1.152811
-1.286804
-1.352594
-1.477768
-1.653030
-1.823410
-1.969511
-2.085408
-2.064639
-2.025812
-1.960654
-1.885001
-1.813076
-1.818873
-1.774001
-1.699958
-1.592225
-1.449512
-1.257486
-1.121461
-1.323956
-1.421304
-1.485358
-1.579767
-1.751869
-1.917013
-2.045699
-2.148274
-2.150100
-2.075283
-2.001458
-1.944916
-1.884135
-1.872998
-1.813771
-1.721090
-1.589229
-1.420736
-1.221584
-1.088655
-1.292218
-1.374190
-1.440301
-1.565862
-1.741979
-1.907930
-2.036632
-2.137813
-2.122404
-2.044245
-1.981232
-1.926610
-1.852249
-1.847225
-1.793167
-1.706422
-1.583937
-1.408581
-1.207063
-1.074318
-1.276103
-1.349089
-1.428341
-1.502178
-1.675026
-1.844883
-1.987524
-2.099435
-2.139661
-2.065469
-1.970532
-1.905912
-1.816962
-1.822841
-1.777431
-1.699992
-1.583135
-1.428997
-1.239290
-1.105198
-1.308906
-1.412335
-1.469608
-1.604290
-1.779788
-1.942915
-2.064603
-2.157561
-2.131978
-2.097542
-2.065982
-1.972790
-1.966330
-1.964749
-1.911765
-1.830702
-1.705351
-1.538427
-1.340505
-1.199682
-1.402829
-1.457004
-1.520896
-1.621453
-1.797805
-1.960822
-2.079753
-2.169270
-2.147819
-2.097389
-2.061900
-1.979442
-1.937491
-1.925987
-1.865761
-1.784634
-1.669495
-1.515321
-1.324764
-1.123760
-1.311980
-1.408308
-1.470205
-1.592298
-1.757839
-1.921017
-2.045896
-2.138280
-2.116400
-2.066101
-2.021474
-1.950516
-1.875404
-1.873370
-1.821131
-1.747784
-1.639227
-1.479866
-1.281710
-1.080723
-1.270120
-1.394014
-1.458500
-1.556759
-1.709627
-1.876908
-2.012408
-2.117692
-2.122060
-2.078804
-2.026563
-1.959192
-1.876008
-1.873498
-1.820965
-1.745663
-1.634897
-1.483736
-1.293821
-1.092815
-1.281665
-1.408486
-1.472367
-1.578510
-1.730087
-1.895812
-2.027296
-2.127918
-2.129282
-2.091607
-2.047745
-1.978293
-1.903167
-1.900813
-1.848233
-1.774828
-1.665520
-1.510532
-1.318166
-1.117144
-1.304578
-1.436473
-1.490218
-1.560366
-1.706581
-1.873024
-2.008800
-2.111367
-2.111531
-2.039975
-1.989789
-1.949570
-1.850908
-1.852330
-1.804309
-1.733713
-1.627663
-1.427715
-1.226137
-1.025128
-1.214456
-1.364335
-1.449203
-1.525560
-1.657372
-1.828678
-1.976494
-2.089000
-2.161257
-2.152399
-2.073391
-2.001297
-1.904041
-1.906531
-1.858493
-1.788600
-1.682058
-1.483472
-1.281871
-1.080848
-1.266104
-1.403716
-1.489511
-1.565854
-1.681914
-1.851635
-1.995613
-2.103696
-2.191828
-2.177533
-2.084344
-2.009023
-1.844867
-1.853638
-1.806211
-1.731810
-1.618791
-1.417761
-1.216233
-1.015273
-1.204221
-1.369975
-1.448808
-1.518023
-1.601283
-1.775776
-1.936903
-2.058242
-2.124983
-2.068223
-1.989311
-1.924181
-1.874608
-1.883934
-1.840921
-1.766348
-1.665854
-1.519444
-1.333074
-1.131961
-1.239007
-1.422451
-1.476871
-1.556018
-1.683356
-1.849736
-1.991242
-2.100698
-2.121561
-2.091105
-2.027271
-1.964625
-1.775603
-1.797433
-1.761669
-1.695907
-1.588507
-1.446447
-1.253096
-1.052014
-1.162600
-1.347619
-1.412580
-1.470523
-1.566938
-1.743239
-1.908274
-2.039534
-2.111042
-2.047457
-1.961823
-1.884209
-1.780785
-1.798713
-1.759011
-1.685232
-1.586709
-1.449079
-1.248634
-1.047406
-1.158739
-1.340593
-1.420516
-1.489497
-1.638843
-1.813013
-1.964929
-2.079299
-2.152564
-2.149140
-2.091025
-2.030324
-1.961466
-1.968612
-1.923585
-1.847525
-1.741761
-1.590322
-1.400647
-1.199500
-1.303914
-1.457243
-1.511732
-1.573271
-1.694405
-1.867220
-2.010175
-2.114243
-2.113899
-2.042307
-1.980852
-1.930915
-1.840099
-1.854885
-1.814944
-1.742593
-1.646353
-1.512418
-1.311583
-1.110272
-1.217343
-1.394555
-1.468849
-1.536215
-1.668420
-1.842341
-1.990916
-2.100787
-2.171289
-2.146294
-2.085528
-2.035672
-1.938182
-1.942052
-1.895920
-1.817914
-1.715423
-1.574892
-1.401298
-1.200700
-1.304661
-1.484270
-1.538729
-1.610543
-1.741800
-1.913609
-2.048362
-2.144433
-2.176549
-2.135257
-2.086977
-2.036145
-1.925225
-1.932681
-1.887333
-1.812864
-1.713067
-1.571540
-1.394336
-1.193525
-1.296809
-1.474791
-1.530149
-1.592517
-1.708722
-1.882192
-2.024842
-2.126870
-2.153704
-2.102060
-2.064714
-2.006474
-1.881415
-1.894612
-1.851467
-1.778138
-1.681616
-1.547718
-1.346792
-1.145414
-1.173118
-1.355408
-1.439955
-1.539132
-1.678234
-1.851501
-1.998435
-2.107009
-2.189960
-2.160231
-2.086895
-2.027227
-1.908907
-1.925034
-1.884971
-1.807361
-1.709226
-1.572834
-1.406146
-1.208560
-1.232677
-1.422176
-1.487311
-1.549237
-1.684098
-1.857974
-2.003054
-2.108994
-2.183644
-2.160636
-2.110023
-2.057739
-1.942480
-1.946792
-1.901415
-1.821828
-1.721421
-1.579348
-1.401480
-1.200400
-1.226014
-1.418390
-1.470773
-1.525950
-1.649149
-1.823932
-1.977380
-2.089681
-2.140095
-2.095840
-2.024823
-1.962040
-1.866181
-1.859500
-1.825257
-1.751671
-1.649075
-1.507457
-1.324892
-1.123486
-1.151956
-1.346711
-1.427079
-1.496328
-1.621675
-1.795438
-1.952581
-2.071386
-2.172323
-2.156373
-2.078101
-1.998648
-1.869455
-1.889163
-1.860379
-1.791327
-1.699565
-1.565964
-1.400521
-1.203038
-1.223039
-1.419030
-1.479104
-1.538552
-1.658340
-1.832897
-1.984390
-2.094891
-2.182804
-2.148299
-2.101733
-2.059205
-1.929977
-1.954170
-1.920791
-1.848676
-1.753654
-1.611133
-1.427637
-1.226476
-1.249490
-1.444535
-1.492255
-1.541528
-1.652773
-1.828109
-1.982072
-2.092273
-2.148163
-2.077129
-2.005878
-1.959972
-1.856544
-1.860867
-1.830501
-1.760696
-1.658357
-1.532589
-1.372635
-1.174848
-1.201001
-1.398519
-1.466699
-1.536939
-1.659445
-1.832832
-1.985573
-2.097271
-2.189082
-2.171914
-2.108603
-2.039488
-1.902649
-1.929920
-1.901507
-1.834073
-1.744749
-1.611885
-1.447952
-1.251682
-1.193764
-1.395028
-1.457655
-1.522929
-1.653348
-1.827448
-1.980260
-2.091116
-2.180810
-2.145344
-2.113912
-2.072150
-1.923855
-1.947258
-1.916740
-1.845667
-1.757795
-1.628294
-1.463911
-1.266050
-1.205215
-1.406694
-1.462930
-1.520498
-1.611248
-1.785415
-1.945022
-2.065041
-2.163378
-2.150694
-2.096256
-2.038717
-1.915198
-1.898959
-1.870331
-1.798586
-1.692248
-1.549085
-1.371279
-1.169868
-1.117182
-1.319276
-1.390658
-1.456366
-1.550975
-1.726316
-1.892635
-2.025111
-2.137553
-2.147603
-2.097221
-2.030274
-1.920053
-1.886919
-1.863455
-1.795178
-1.692168
-1.544625
-1.360214
-1.158852
-1.106051
-1.308537
-1.381047
-1.442395
-1.543675
-1.717428
-1.886672
-2.019293
-2.123697
-2.102128
-2.047256
-1.989543
-1.900457
-1.868633
-1.848656
-1.783553
-1.685039
-1.546085
-1.374678
-1.175180
-1.122000
-1.324572
-1.400805
-1.452845
-1.559996
-1.732275
-1.901070
-2.031233
-2.122885
-2.086206
-2.018884
-1.954412
-1.897623
-1.846845
-1.830445
-1.768492
-1.673547
-1.547279
-1.391193
-1.192569
-1.137952
-1.340171
-1.409561
-1.459785
-1.546316
-1.721220
-1.890927
-2.023843
-2.127648
-2.107015
-2.021929
-1.929891
-1.883952
-1.815286
-1.808533
-1.754735
-1.669438
-1.557053
-1.408401
-1.220636
-1.165233
-1.367452
-1.442318
-1.486844
-1.603701
-1.778224
-1.939460
-2.060836
-2.155825
-2.133020
-2.071012
-2.010559
-1.909723
-1.883808
-1.872987
-1.815423
-1.722736
-1.590506
-1.401784
-1.200046
-1.141949
-1.339495
-1.418248
-1.491754
-1.564762
-1.737353
-1.904236
-2.035747
-2.142867
-2.194471
-2.124118
-2.032227
-1.949572
-1.873489
-1.864376
-1.805454
-1.711679
-1.574050
-1.399077
-1.198270
-1.066807
-1.270772
-1.367859
-1.441347
-1.592237
-1.765586
-1.930237
-2.053658
-2.151790
-2.173793
-2.131074
-2.090788
-1.980663
-1.928089
-1.915578
-1.853096
-1.754192
-1.608116
-1.417956
-1.216632
-1.083987
-1.288117
-1.356380
-1.431298
-1.540350
-1.715552
-1.885162
-2.017491
-2.121494
-2.118935
-2.034543
-1.985873
-1.929806
-1.812569
-1.807467
-1.752403
-1.662590
-1.543201
-1.386330
-1.195406
-1.063558
-1.267441
-1.383803
-1.445476
-1.551601
-1.723390
-1.891286
-2.020980
-2.116880
-2.085556
-1.998947
-1.948289
-1.879935
-1.838311
-1.830632
-1.776527
-1.689941
-1.569694
-1.405106
-1.207403
-1.074117
-1.277559
-1.407699
-1.466467
-1.547926
-1.719260
-1.887383
-2.018429
-2.115753
-2.098328
-2.017635
-1.975839
-1.868683
-1.870880
-1.859226
-1.802944
-1.714865
-1.586120
-1.416576
-1.217238
-1.084178
-1.287818
-1.423931
-1.471241
-1.536930
-1.706308
-1.869792
-2.002730
-2.099936
-2.084264
-1.996781
-1.919203
-1.823234
-1.804966
-1.792444
-1.736165
-1.650477
-1.525272
-1.357077
-1.157766
-1.028085
-1.232355
-1.389351
-1.443305
-1.551705
-1.728582
-1.888494
-2.018763
-2.112810
-2.085221
-2.008443
-1.962206
-1.867536
-1.884923
-1.882076
-1.833931
-1.759453
-1.649267
-1.499191
-1.312844
-1.174719
-1.377719
-1.494332
-1.534923
-1.616589
-1.781128
-1.937891
-2.058868
-2.146492
-2.126710
-2.050981
-2.010274
-1.910703
-1.927354
-1.924536
-1.874732
-1.806113
-1.701777
-1.552960
-1.367351
-1.166388
-1.351941
-1.497831
-1.551488
-1.648889
-1.812705
-1.966500
-2.080957
-2.167238
-2.153029
-2.092801
-2.071083
-1.947428
-1.936984
-1.931112
-1.878824
-1.806608
-1.698255
-1.545949
-1.357780
-1.156794
-1.342858
-1.492459
-1.547980
-1.643239
-1.802476
-1.959065
-2.075929
-2.162246
-2.158645
-2.093259
-2.048750
-1.939628
-1.886590
-1.878108
-1.822950
-1.747960
-1.637244
-1.480803
-1.288358
-1.087400
-1.276924
-1.449543
-1.502933
-1.580885
-1.740637
-1.904134
-2.032644
-2.127191
-2.124990
-2.043534
-2.006792
-1.904685
-1.832091
-1.822281
-1.766905
-1.693089
-1.582637
-1.420264
-1.222299
-1.021365
-1.214224
-1.393842
-1.448102
-1.506452
-1.665683
-1.835521
-1.978966
-2.085575
-2.092626
-2.015085
-1.957166
-1.892527
-1.839721
-1.834442
-1.783906
-1.712461
-1.608138
-1.458811
-1.258621
-1.057613
-1.247469
-1.428208
-1.478759
-1.524617
-1.680900
-1.851398
-1.993876
-2.097229
-2.095866
-2.027001
-1.987023
-1.877192
-1.902447
-1.903423
-1.857961
-1.787235
-1.684281
-1.535223
-1.333991
-1.132908
-1.319195
-1.486447
-1.524526
-1.592414
-1.747871
-1.916874
-2.045594
-2.137838
-2.114928
-2.036231
-1.964744
-1.895012
-1.924348
-1.943818
-1.910697
-1.849499
-1.757991
-1.630385
-1.435620
-1.234444
-1.409770
-1.585900
-1.646513
-1.729067
-1.879686
-2.031917
-2.138719
-2.213912
-2.269816
-2.247986
-2.182854
-2.084610
-2.092755
-2.085630
-2.028374
-1.944837
-1.833743
-1.684842
-1.502178
-1.301207
-1.403416
-1.550027
-1.618896
-1.718431
-1.869562
-2.031243
-2.138373
-2.209655
-2.239136
-2.188237
-2.129857
-2.044470
-1.948684
-1.939899
-1.883262
-1.797660
-1.687404
-1.541083
-1.366354
-1.166616
-1.273204
-1.451714
-1.518968
-1.612922
-1.777541
-1.942258
-2.067209
-2.158451
-2.219612
-2.246601
-2.175244
-2.051025
-1.981397
-1.980949
-1.930235
-1.852415
-1.744656
-1.591477
-1.398875
-1.197799
-1.302006
-1.466188
-1.511015
-1.553687
-1.671052
-1.840050
-1.983623
-2.089417
-2.102225
-2.026738
-1.964359
-1.889158
-1.797137
-1.805779
-1.765041
-1.695743
-1.602102
-1.455660
-1.275348
-1.074269
-1.183975
-1.377239
-1.450823
-1.513017
-1.633933
-1.808520
-1.961570
-2.074678
-2.131231
-2.105375
-2.068261
-1.995042
-1.947538
-1.955972
-1.914629
-1.844530
-1.748634
-1.612779
-1.415637
-1.214499
-1.312572
-1.496340
-1.551210
-1.601184
-1.697682
-1.868415
-2.011322
-2.113768
-2.165868
-2.120269
-2.043904
-1.977676
-1.913905
-1.930783
-1.894459
-1.824407
-1.729261
-1.595991
-1.394687
-1.193516
-1.285512
-1.471244
-1.540765
-1.605887
-1.732494
-1.904747
-2.041316
-2.138349
-2.215362
-2.215293
-2.166306
-2.081025
-2.021424
-2.016981
-1.964372
-1.881621
-1.772271
-1.621441
-1.435850
-1.234782
-1.336739
-1.512100
-1.562411
-1.610310
-1.718571
-1.891374
-2.031845
-2.130804
-2.157803
-2.102562
-2.044195
-1.988483
-1.884213
-1.895508
-1.852468
-1.773950
-1.677261
-1.545975
-1.344949
-1.143589
-1.171207
-1.360586
-1.451246
-1.536171
-1.660160
-1.833439
-1.982573
-2.093227
-2.187489
-2.168867
-2.095879
-2.029735
-1.906372
-1.926732
-1.891580
-1.819356
-1.727663
-1.598883
-1.406953
-1.205668
-1.225510
-1.420878
-1.489049
-1.555294
-1.671559
-1.845366
-1.993372
-2.101854
-2.191726
-2.189029
-2.147408
-2.076250
-1.983132
-1.987288
-1.941875
-1.861032
-1.757600
-1.611071
-1.427788
-1.226648
-1.250669
-1.441686
-1.495201
-1.547826
-1.667927
-1.842600
-1.992315
-2.099459
-2.149811
-2.096864
-2.040405
-1.989294
-1.853740
-1.869316
-1.831384
-1.754169
-1.655923
-1.521324
-1.320140
-1.118768
-1.147270
-1.343096
-1.426195
-1.497705
-1.603623
-1.778047
-1.937552
-2.058417
-2.162889
-2.150621
-2.103879
-2.044091
-1.893722
-1.915618
-1.884347
-1.818149
-1.732611
-1.603147
-1.437395
-1.239949
-1.255532
-1.452597
-1.505444
-1.558893
-1.656389
-1.830737
-1.983615
-2.093912
-2.172976
-2.127664
-2.078366
-2.028265
-1.896502
-1.914342
-1.880062
-1.810025
-1.720377
-1.592024
-1.399140
-1.197796
-1.214380
-1.413824
-1.480243
-1.541750
-1.617326
-1.789981
-1.948786
-2.067231
-2.169309
-2.174204
-2.125886
-2.059888
-1.934702
-1.964218
-1.936451
-1.867853
-1.775613
-1.635729
-1.457893
-1.257106
-1.269862
-1.467493
-1.517999
-1.572372
-1.661888
-1.836508
-1.990218
-2.098862
-2.181604
-2.125865
-2.070142
-2.034669
-1.895894
-1.911199
-1.875962
-1.799999
-1.704273
-1.572713
-1.407854
-1.210211
-1.155563
-1.357964
-1.444012
-1.503017
-1.609502
-1.783338
-1.942309
-2.061595
-2.162047
-2.158815
-2.119229
-2.056487
-1.897852
-1.908790
-1.881963
-1.812301
-1.721495
-1.586899
-1.416214
-1.216177
-1.157880
-1.360145
-1.447131
-1.511514
-1.605350
-1.779623
-1.940652
-2.061197
-2.163249
-2.169522
-2.138189
-2.090642
-1.957766
-1.982690
-1.951328
-1.879539
-1.784946
-1.648742
-1.469855
-1.268770
-1.208075
-1.410851
-1.450254
-1.500036
-1.559223
-1.723274
-1.888736
-2.015927
-2.098114
-2.064339
-1.972638
-1.873771
-1.823803
-1.755165
-1.739165
-1.677435
-1.578814
-1.449878
-1.287707
-1.087136
-1.039291
-1.241496
-1.385119
-1.470380
-1.582374
-1.747557
-1.914537
-2.039783
-2.126261
-2.105473
-2.057555
-1.984312
-1.890916
-1.888487
-1.870827
-1.809452
-1.728289
-1.607561
-1.452984
-1.264070
-1.200597
-1.402324
-1.468256
-1.523519
-1.628231
-1.794646
-1.955838
-2.072129
-2.140394
-2.095740
-2.052500
-1.997278
-1.888130
-1.915561
-1.897248
-1.835117
-1.751483
-1.630653
-1.477036
-1.290518
-1.227580
-1.429436
-1.493549
-1.551750
-1.684675
-1.857002
-2.006039
-2.110429
-2.169199
-2.137696
-2.113645
-2.044525
-1.894291
-1.910529
-1.892856
-1.831021
-1.750274
-1.635183
-1.439009
-1.237457
-1.176228
-1.376891
-1.455244
-1.521618
-1.607924
-1.783195
-1.945440
-2.066593
-2.163035
-2.174851
-2.111491
-2.031645
-1.932156
-1.965825
-1.949934
-1.888613
-1.802252
-1.679043
-1.524391
-1.336184
-1.198155
-1.401285
-1.510233
-1.586970
-1.760339
-1.930653
-2.070610
-2.161412
-2.232802
-2.256756
-2.276807
-2.191516
-2.043217
-2.070485
-2.042518
-1.971302
-1.883875
-1.756755
-1.588348
-1.390802
-1.250180
-1.454013
-1.507053
-1.564459
-1.654132
-1.830304
-1.986303
-2.094460
-2.181840
-2.172136
-2.114518
-2.073356
-1.954413
-1.842573
-1.821661
-1.753783
-1.659208
-1.532765
-1.369152
-1.169221
-1.039086
-1.242879
-1.381542
-1.454931
-1.582960
-1.757886
-1.923417
-2.048116
-2.145451
-2.184149
-2.135753
-2.068382
-1.990048
-1.944007
-1.928040
-1.864209
-1.766677
-1.631079
-1.451827
-1.250643
-1.115365
-1.318249
-1.431884
-1.497640
-1.563351
-1.726857
-1.893519
-2.023652
-2.124783
-2.134652
-2.070654
-1.999428
-1.952028
-1.869825
-1.859121
-1.801282
-1.705292
-1.578075
-1.408599
-1.208752
-1.075321
-1.279398
-1.400275
-1.451398
-1.501866
-1.659695
-1.829732
-1.975275
-2.090364
-2.072897
-1.985060
-1.885080
-1.826692
-1.755256
-1.756001
-1.707788
-1.629532
-1.511549
-1.343007
-1.141728
-1.012231
-1.216027
-1.356042
-1.406324
-1.479415
-1.638200
-1.809293
-1.960440
-2.081519
-2.061175
-1.974163
-1.893603
-1.861210
-1.747782
-1.757211
-1.714736
-1.641969
-1.540452
-1.400855
-1.207895
-1.074398
-1.276864
-1.383520
-1.443572
-1.518859
-1.682498
-1.853070
-1.997554
-2.111279
-2.141101
-2.070224
-1.983247
-1.967088
-1.877505
-1.878484
-1.828606
-1.746134
-1.616576
-1.422676
-1.220971
-1.019927
-1.211285
-1.309675
-1.408661
-1.496084
-1.651469
-1.822361
-1.970869
-2.087894
-2.136265
-2.082628
-2.003129
-1.970692
-1.859745
-1.862717
-1.812390
-1.739468
-1.635511
-1.437048
-1.235226
-1.034188
-1.222995
-1.323827
-1.424085
-1.513416
-1.675946
-1.846328
-1.989013
-2.099322
-2.175190
-2.164942
-2.086083
-2.030725
-1.946366
-1.946629
-1.893718
-1.819988
-1.708687
-1.552847
-1.359842
-1.158860
-1.343670
-1.450123
-1.512944
-1.566769
-1.701986
-1.869842
-2.008205
-2.115479
-2.131611
-2.061129
-1.965783
-1.913246
-1.793509
-1.794752
-1.742463
-1.667214
-1.557145
-1.357089
-1.155510
-0.954506
-1.147916
-1.300522
-1.388641
-1.465309
-1.597972
-1.769915
-1.930016
-2.055767
-2.136559
-2.104397
-2.012746
-1.934728
-1.794523
-1.805674
-1.758663
-1.686874
-1.579975
-1.380802
-1.179260
-0.978197
-1.167053
-1.327066
-1.416120
-1.495306
-1.642489
-1.816227
-1.967196
-2.081324
-2.142301
-2.094249
-2.013568
-1.961593
-1.878559
-1.885913
-1.840491
-1.768896
-1.659612
-1.509171
-1.318795
-1.117773
-1.304342
-1.452199
-1.508690
-1.569587
-1.705809
-1.874878
-2.015283
-2.122560
-2.146796
-2.083383
-1.996105
-1.969155
-1.795683
-1.803145
-1.754976
-1.683411
-1.579751
-1.380733
-1.179153
-0.978104
-1.165878
-1.308962
-1.406497
-1.492882
-1.632064
-1.806703
-1.960026
-2.074729
-2.143398
-2.089280
-2.020946
-1.989713
-1.901033
-1.909120
-1.863940
-1.800361
-1.700373
-1.556188
-1.373609
-1.172620
-1.356430
-1.476447
-1.526692
-1.576390
-1.703745
-1.873402
-2.014609
-2.120392
-2.129186
-2.059956
-1.972467
-1.944281
-1.776254
-1.787442
-1.743678
-1.670513
-1.554813
-1.409527
-1.214615
-1.013525
-1.127246
-1.308056
-1.382628
-1.465100
-1.598777
-1.774137
-1.933644
-2.057204
-2.116826
-2.049943
-1.972648
-1.929521
-1.842268
-1.858195
-1.818589
-1.747096
-1.650048
-1.506179
-1.321838
-1.120699
-1.228444
-1.405239
-1.464521
-1.545349
-1.682864
-1.856318
-2.000254
-2.107066
-2.094517
-2.032026
-2.011634
-1.983134
-1.897944
-1.908563
-1.866676
-1.792541
-1.693327
-1.554988
-1.354052
-1.152733
-1.258713
-1.430060
-1.499017
-1.563559
-1.700791
-1.873493
-2.014359
-2.118035
-2.174294
-2.144214
-2.072112
-2.017985
-1.913279
-1.914315
-1.865655
-1.787113
-1.681513
-1.534764
-1.349339
-1.148193
-1.255509
-1.431733
-1.487149
-1.566046
-1.696465
-1.869856
-2.013620
-2.118653
-2.123380
-2.063498
-2.010792
-1.961281
-1.863189
-1.879460
-1.840793
-1.773344
-1.682242
-1.552076
-1.351205
-1.149895
-1.253879
-1.425495
-1.495829
-1.559429
-1.670123
-1.843629
-1.992005
-2.101762
-2.176762
-2.138815
-2.063405
-1.998474
-1.895140
-1.901686
-1.857746
-1.787766
-1.692802
-1.551364
-1.371308
-1.170251
-1.275946
-1.441731
-1.490148
-1.541698
-1.660529
-1.835304
-1.986910
-2.098447
-2.108569
-2.032051
-1.979469
-1.940541
-1.825310
-1.849522
-1.815137
-1.746984
-1.654642
-1.523704
-1.323181
-1.121843
-1.227511
-1.401863
-1.476933
-1.545986
-1.680524
-1.854674
-2.002217
-2.109295
-2.188450
-2.180831
-2.118636
-2.039257
-1.969551
-1.975160
-1.930094
-1.853103
-1.755714
-1.613150
-1.432068
-1.230953
-1.255615
-1.438902
-1.489746
-1.547033
-1.675008
-1.848469
-1.995060
-2.102468
-2.117407
-2.035843
-1.967336
-1.924492
-1.802519
-1.830164
-1.799255
-1.729041
-1.623084
-1.493149
-1.328604
-1.128829
-1.158127
-1.347324
-1.421310
-1.517573
-1.655248
-1.828846
-1.980826
-2.093911
-2.174851
-2.143479
-2.074102
-2.018555
-1.889422
-1.915049
-1.880396
-1.810860
-1.722438
-1.589877
-1.426813
-1.230759
-1.253780
-1.437765
-1.497578
-1.552874
-1.682212
-1.856758
-2.003619
-2.110168
-2.156555
-2.120998
-2.093551
-2.059927
-1.931317
-1.938397
-1.894513
-1.814039
-1.712660
-1.570809
-1.369768
-1.168338
-1.194964
-1.383929
-1.446813
-1.507361
-1.597535
-1.772131
-1.935058
-2.057004
-2.142869
-2.116773
-2.035422
-1.933171
-1.874157
-1.845198
-1.817774
-1.752201
-1.656671
-1.522817
-1.361954
-1.164437
-1.190446
-1.391519
-1.453460
-1.503363
-1.621386
-1.795339
-1.951596
-2.067998
-2.164909
-2.148290
-2.070307
-2.003171
-1.878863
-1.904326
-1.880581
-1.819500
-1.736899
-1.606221
-1.439336
-1.241243
-1.257647
-1.452109
-1.501687
-1.551014
-1.650628
-1.825199
-1.979726
-2.091475
-2.162701
-2.106244
-2.032623
-1.990196
-1.885616
-1.881566
-1.849934
-1.778407
-1.672534
-1.536964
-1.370111
-1.169892
-1.195724
-1.396340
-1.447327
-1.498625
-1.600026
-1.773810
-1.934798
-2.056372
-2.158798
-2.152529
-2.071611
-1.982419
-1.894891
-1.875364
-1.852752
-1.787045
-1.686851
-1.535177
-1.361773
-1.161952
-1.110107
-1.313011
-1.380939
-1.439326
-1.556579
-1.731549
-1.896061
-2.025615
-2.133713
-2.109114
-2.042255
-1.998844
-1.888473
-1.874230
-1.852604
-1.786367
-1.683589
-1.533316
-1.341426
-1.139960
-1.087414
-1.289544
-1.357866
-1.429166
-1.514347
-1.689347
-1.857996
-1.996630
-2.114283
-2.126245
-2.063376
-1.998882
-1.903173
-1.885876
-1.867300
-1.804776
-1.703483
-1.556841
-1.373247
-1.171887
-1.117516
-1.319957
-1.385146
-1.446882
-1.541147
-1.716286
-1.883381
-2.016500
-2.126702
-2.125817
-2.053962
-1.985784
-1.906568
-1.872259
-1.854340
-1.792600
-1.694545
-1.552620
-1.374899
-1.173815
-1.119923
-1.322382
-1.392121
-1.450670
-1.547182
-1.721962
-1.888762
-2.021348
-2.130832
-2.126069
-2.061559
-1.993329
-1.915636
-1.874406
-1.857209
-1.795994
-1.699014
-1.563097
-1.387621
-1.186386
-1.130606
-1.332916
-1.396538
-1.456262
-1.546088
-1.720099
-1.887565
-2.021132
-2.131152
-2.126442
-2.067945
-1.998467
-1.921266
-1.877239
-1.860245
-1.798160
-1.701834
-1.554526
-1.367103
-1.165656
-1.110850
-1.313202
-1.373226
-1.438742
-1.524323
-1.698351
-1.867337
-2.005442
-2.118672
-2.119669
-2.057957
-1.998671
-1.926791
-1.892788
-1.877681
-1.818381
-1.725715
-1.581399
-1.385126
-1.183598
-1.120675
-1.321584
-1.394092
-1.468056
-1.536094
-1.699296
-1.868863
-2.006600
-2.118238
-2.138186
-2.077111
-1.998451
-1.937832
-1.889585
-1.877109
-1.816125
-1.721332
-1.577949
-1.396471
-1.195095
-1.063105
-1.266799
-1.381400
-1.449486
-1.562205
-1.736463
-1.902218
-2.031030
-2.135603
-2.139117
-2.084564
-2.024151
-1.948010
-1.881856
-1.868868
-1.807018
-1.715321
-1.592921
-1.392455
-1.190843
-1.058899
-1.261337
-1.346995
-1.431551
-1.509701
-1.681651
-1.851573
-1.992679
-2.107158
-2.147371
-2.086105
-2.005984
-1.961291
-1.885919
-1.876524
-1.818589
-1.731574
-1.599637
-1.415410
-1.213834
-1.079979
-1.282800
-1.388972
-1.461429
-1.534081
-1.703021
-1.872417
-2.008793
-2.117854
-2.142222
-2.072424
-1.999765
-1.963962
-1.890067
-1.880808
-1.823144
-1.735524
-1.603034
-1.416485
-1.214981
-1.080419
-1.283523
-1.391472
-1.461030
-1.527417
-1.680840
-1.851186
-1.992424
-2.104453
-2.116441
-2.049526
-1.984627
-1.944233
-1.867457
-1.856359
-1.797622
-1.709687
-1.579605
-1.398712
-1.197191
-1.064705
-1.267672
-1.388249
-1.454683
-1.519496
-1.675412
-1.846067
-1.988533
-2.100518
-2.118020
-2.060643
-1.988932
-1.945917
-1.860510
-1.851187
-1.794519
-1.708477
-1.583247
-1.392688
-1.191197
-1.059037
-1.262075
-1.384681
-1.450407
-1.510821
-1.665596
-1.836422
-1.981418
-2.094032
-2.112273
-2.055012
-1.972888
-1.933763
-1.826717
-1.821476
-1.767815
-1.684242
-1.564621
-1.384213
-1.182763
-1.050374
-1.251982
-1.372989
-1.447923
-1.520427
-1.690136
-1.864105
-2.003847
-2.109460
-2.140022
-2.096003
-2.026966
-1.965167
-1.941719
-1.938223
-1.884668
-1.803934
-1.689348
-1.536245
-1.347183
-1.146191
-1.331940
-1.482104
-1.543988
-1.644562
-1.790736
-1.948068
-2.067310
-2.159207
-2.152502
-2.110765
-2.064552
-1.980803
-1.919644
-1.912365
-1.855499
-1.778200
-1.665951
-1.466643
-1.265004
-1.064021
-1.252095
-1.364063
-1.452890
-1.532362
-1.658911
-1.829548
-1.976211
-2.091428
-2.157525
-2.111826
-2.014298
-1.945098
-1.827290
-1.831298
-1.782485
-1.709489
-1.601530
-1.411191
-1.209631
-1.008594
-1.199154
-1.343647
-1.433378
-1.516634
-1.688061
-1.857085
-1.997637
-2.106392
-2.201464
-2.192749
-2.101146
-2.012653
-1.910284
-1.909466
-1.858786
-1.788124
-1.682534
-1.535686
-1.349437
-1.148456
-1.333905
-1.486628
-1.542227
-1.598179
-1.743405
-1.908843
-2.038730
-2.138202
-2.152103
-2.105634
-2.067140
-2.002169
-1.912963
-1.903566
-1.846234
-1.767909
-1.655194
-1.476810
-1.275075
-1.074175
-1.262983
-1.445250
-1.504582
-1.556663
-1.683352
-1.851994
-1.994309
-2.104185
-2.145092
-2.103101
-2.016464
-1.956425
-1.832734
-1.830316
-1.778779
-1.706959
-1.600991
-1.403049
-1.201492
-1.000440
-1.189665
-1.363320
-1.446817
-1.524090
-1.687738
-1.861475
-2.003549
-2.107468
-2.182356
-2.152538
-2.073326
-2.014812
-1.967882
-1.971808
-1.923026
-1.847808
-1.735828
-1.576970
-1.381510
-1.180509
-1.364047
-1.510016
-1.556923
-1.599826
-1.720361
-1.883736
-2.019142
-2.120846
-2.124426
-2.054585
-1.973558
-1.926025
-1.795748
-1.797871
-1.748912
-1.679383
-1.576268
-1.388483
-1.186920
-0.985887
-1.100239
-1.281238
-1.375485
-1.473643
-1.637696
-1.812828
-1.962846
-2.076084
-2.156480
-2.128031
-2.059947
-1.993041
-1.933975
-1.945111
-1.903987
-1.829515
-1.727422
-1.578040
-1.388842
-1.187731
-1.292484
-1.472759
-1.522508
-1.576607
-1.727853
-1.894729
-2.027678
-2.126947
-2.146677
-2.092669
-2.041226
-1.992362
-1.835439
-1.850218
-1.809323
-1.742211
-1.645033
-1.449312
-1.247680
-1.046519
-1.156083
-1.329962
-1.428208
-1.517062
-1.680375
-1.854722
-1.998762
-2.104298
-2.195385
-2.166032
-2.103509
-2.045620
-1.975840
-1.977797
-1.929882
-1.854633
-1.753201
-1.609900
-1.429271
-1.228297
-1.331110
-1.508806
-1.563867
-1.625949
-1.757900
-1.923043
-2.052175
-2.146987
-2.172398
-2.139581
-2.090022
-2.034040
-1.884542
-1.893044
-1.848199
-1.777827
-1.680270
-1.481090
-1.279389
-1.078328
-1.187356
-1.368247
-1.443911
-1.510838
-1.599800
-1.775432
-1.935722
-2.057504
-2.130148
-2.070197
-1.993380
-1.949514
-1.870987
-1.883353
-1.843418
-1.774393
-1.682005
-1.541666
-1.359146
-1.158095
-1.260948
-1.446831
-1.490326
-1.541505
-1.659491
-1.833148
-1.981805
-2.090445
-2.096511
-2.024271
-1.999389
-1.955823
-1.887072
-1.903795
-1.869040
-1.800850
-1.707638
-1.574510
-1.374244
-1.172905
-1.275441
-1.453961
-1.520434
-1.582376
-1.696164
-1.868970
-2.012455
-2.116108
-2.195211
-2.165454
-2.091826
-2.037559
-1.946778
-1.952957
-1.909362
-1.834547
-1.734158
-1.591597
-1.414258
-1.213320
-1.316260
-1.496502
-1.548341
-1.609269
-1.739100
-1.907339
-2.041825
-2.139518
-2.201047
-2.179439
-2.094570
-2.005517
-1.871249
-1.870315
-1.830962
-1.754225
-1.641659
-1.502461
-1.314074
-1.112892
-1.142876
-1.337943
-1.402119
-1.467960
-1.602210
-1.777897
-1.937147
-2.058387
-2.138597
-2.077770
-1.998311
-1.960801
-1.846913
-1.867177
-1.835031
-1.763819
-1.671605
-1.538199
-1.358876
-1.157644
-1.184222
-1.380629
-1.450121
-1.509604
-1.632459
-1.806369
-1.960436
-2.075174
-2.167179
-2.145729
-2.103869
-2.046676
-1.930644
-1.944304
-1.906347
-1.833098
-1.736989
-1.596373
-1.418348
-1.217250
-1.241534
-1.434840
-1.484024
-1.531955
-1.646601
-1.821624
-1.975531
-2.087788
-2.143400
-2.090061
-2.015648
-1.963078
-1.862734
-1.866042
-1.833642
-1.762999
-1.672006
-1.544445
-1.343794
-1.142402
-1.166333
-1.360214
-1.437479
-1.510799
-1.623886
-1.798310
-1.955177
-2.071995
-2.171576
-2.166096
-2.100158
-2.037190
-1.919672
-1.948801
-1.919726
-1.849607
-1.755201
-1.612123
-1.430234
-1.229099
-1.248625
-1.442112
-1.490972
-1.542600
-1.645725
-1.821190
-1.976169
-2.088246
-2.152200
-2.083772
-2.017068
-1.971255
-1.860372
-1.858445
-1.824295
-1.752362
-1.643608
-1.507871
-1.325747
-1.124249
-1.152912
-1.345596
-1.423175
-1.494923
-1.619395
-1.793642
-1.952900
-2.073244
-2.174966
-2.169702
-2.113092
-2.038382
-1.893237
-1.924943
-1.897782
-1.829505
-1.737516
-1.604151
-1.434969
-1.235390
-1.251600
-1.443725
-1.501151
-1.559666
-1.665642
-1.840158
-1.992705
-2.102827
-2.189744
-2.156839
-2.102226
-2.053757
-1.936795
-1.965243
-1.935681
-1.865375
-1.776125
-1.642695
-1.473211
-1.274766
-1.214969
-1.416652
-1.464526
-1.518416
-1.626896
-1.801615
-1.958236
-2.072616
-2.158857
-2.110667
-2.052892
-2.016076
-1.887581
-1.867317
-1.842654
-1.774684
-1.669008
-1.518641
-1.317459
-1.115947
-1.066426
-1.262898
-1.362313
-1.459447
-1.601050
-1.775895
-1.934193
-2.054253
-2.156574
-2.200373
-2.160099
-2.085116
-1.934135
-1.963486
-1.936862
-1.868071
-1.780582
-1.648109
-1.473888
-1.273841
-1.214041
-1.416454
-1.458003
-1.505539
-1.590487
-1.765997
-1.928301
-2.049471
-2.139904
-2.083647
-1.994742
-1.926690
-1.863714
-1.824457
-1.806702
-1.744860
-1.646247
-1.507088
-1.317878
-1.116189
-1.066719
-1.268606
-1.368280
-1.441014
-1.526413
-1.701975
-1.869839
-2.004250
-2.115443
-2.134788
-2.080504
-2.018115
-1.907332
-1.909892
-1.899018
-1.842783
-1.756112
-1.612383
-1.450067
-1.255454
-1.195712
-1.398131
-1.470678
-1.523558
-1.623356
-1.798143
-1.957808
-2.075059
-2.170072
-2.140359
-2.084690
-2.064194
-1.935282
-1.960729
-1.937340
-1.870736
-1.785182
-1.654915
-1.481612
-1.281822
-1.218062
-1.421015
-1.465478
-1.520531
-1.622004
-1.793802
-1.955104
-2.071436
-2.163069
-2.159990
-2.119272
-2.059379
-1.914434
-1.849063
-1.833631
-1.772399
-1.672848
-1.527771
-1.347950
-1.146781
-1.093402
-1.295539
-1.390520
-1.463549
-1.555491
-1.731355
-1.900180
-2.032121
-2.136751
-2.180879
-2.181470
-2.113623
-1.984573
-2.007038
-1.976480
-1.904902
-1.805274
-1.655711
-1.475157
-1.274207
-1.138807
-1.342730
-1.447126
-1.498097
-1.583897
-1.754580
-1.914260
-2.035422
-2.116107
-2.087536
-2.003903
-1.900702
-1.775705
-1.763025
-1.740016
-1.674225
-1.571891
-1.432012
-1.244168
-1.042868
-0.929283
-1.133373
-1.298930
-1.350058
-1.448927
-1.619420
-1.782448
-1.928707
-2.018912
-1.977869
-1.891080
-1.819354
-1.704842
-1.703220
-1.691440
-1.635056
-1.545930
-1.419462
-1.260749
-1.062537
-0.938146
-1.141369
-1.307776
-1.392079
-1.508382
-1.671763
-1.841982
-1.983054
-2.063334
-2.038166
-2.020415
-1.950820
-1.876784
-1.871176
-1.876125
-1.830170
-1.752013
-1.640636
-1.480109
-1.278729
-1.138982
-1.339364
-1.442196
-1.511901
-1.594228
-1.764733
-1.933333
-2.058284
-2.152708
-2.168817
-2.102543
-2.025003
-1.971624
-1.941809
-1.928041
-1.867691
-1.786266
-1.671668
-1.523955
-1.331967
-1.193720
-1.396285
-1.496624
-1.559208
-1.687098
-1.859077
-2.012880
-2.119050
-2.200327
-2.198485
-2.157954
-2.085119
-1.997561
-1.953438
-1.941971
-1.882134
-1.789915
-1.657182
-1.492457
-1.295036
-1.158192
-1.361686
-1.446191
-1.509737
-1.607226
-1.783451
-1.947140
-2.069133
-2.163133
-2.182897
-2.122794
-2.069847
-1.975252
-1.914751
-1.902684
-1.842525
-1.747855
-1.623085
-1.462785
-1.269555
-1.134236
-1.337610
-1.443439
-1.508107
-1.639718
-1.814999
-1.975801
-2.091203
-2.178070
-2.177963
-2.158208
-2.116574
-1.996141
-1.994201
-1.984422
-1.924545
-1.843971
-1.729236
-1.577712
-1.391035
-1.190050
-1.374578
-1.472121
-1.539989
-1.644991
-1.813025
-1.973120
-2.087397
-2.173094
-2.158094
-2.099918
-2.065170
-1.971262
-1.903524
-1.893825
-1.835179
-1.754938
-1.641251
-1.491086
-1.303288
-1.102322
-1.291115
-1.436743
-1.499267
-1.625978
-1.777466
-1.938176
-2.060045
-2.151279
-2.144327
-2.112647
-2.070198
-1.966954
-1.912902
-1.908059
-1.853312
-1.777196
-1.665408
-1.508144
-1.314822
-1.113805
-1.301699
-1.442045
-1.492522
-1.566193
-1.714577
-1.880976
-2.013602
-2.112647
-2.108982
-2.022809
-1.967695
-1.903597
-1.816344
-1.813551
-1.762062
-1.689062
-1.578922
-1.420990
-1.226787
-1.025778
-1.218704
-1.395015
-1.445281
-1.538769
-1.689759
-1.856510
-1.994717
-2.098189
-2.097933
-2.018318
-1.987040
-1.917335
-1.850659
-1.851941
-1.803752
-1.737774
-1.634990
-1.484720
-1.296144
-1.095125
-1.283453
-1.459046
-1.504892
-1.561081
-1.705925
-1.871650
-2.007344
-2.107909
-2.116385
-2.036680
-2.000225
-1.904913
-1.856406
-1.851236
-1.799960
-1.727592
-1.619804
-1.465905
-1.274224
-1.073245
-1.263287
-1.443156
-1.491154
-1.556758
-1.711094
-1.876620
-2.012542
-2.112382
-2.124866
-2.047165
-2.014047
-1.923928
-1.875187
-1.871073
-1.820851
-1.750565
-1.645520
-1.495157
-1.305813
-1.104847
-1.292571
-1.474166
-1.522828
-1.577888
-1.724846
-1.889986
-2.024306
-2.121798
-2.145123
-2.073883
-2.038551
-1.935609
-1.886298
-1.882664
-1.832724
-1.757458
-1.652504
-1.502495
-1.311940
-1.110933
-1.220904
-1.411697
-1.468841
-1.540660
-1.701516
-1.872501
-2.011131
-2.111827
-2.147111
-2.083568
-2.047947
-1.953364
-1.946214
-1.943266
-1.893875
-1.819613
-1.716788
-1.568356
-1.380663
-1.179614
-1.285397
-1.476301
-1.510272
-1.556240
-1.695188
-1.860266
-1.998534
-2.098367
-2.102524
-2.024388
-1.979866
-1.871480
-1.842824
-1.846945
-1.806214
-1.735275
-1.638514
-1.503189
-1.310268
-1.109034
-1.217614
-1.402601
-1.471284
-1.547726
-1.689192
-1.862076
-2.002631
-2.104376
-2.144441
-2.136033
-2.093634
-1.991793
-1.977856
-1.988517
-1.947773
-1.879557
-1.784646
-1.649126
-1.477730
-1.279052
-1.378513
-1.540513
-1.589079
-1.665566
-1.778584
-1.942763
-2.068889
-2.158496
-2.172858
-2.122927
-2.071979
-2.016418
-1.958495
-1.961875
-1.915864
-1.838723
-1.737732
-1.597302
-1.406096
-1.204977
-1.307977
-1.491045
-1.549672
-1.626009
-1.757112
-1.922713
-2.053278
-2.147936
-2.216136
-2.211381
-2.131711
-2.047871
-1.918995
-1.924435
-1.878146
-1.806331
-1.710717
-1.577003
-1.393162
-1.192067
-1.295487
-1.476190
-1.532564
-1.583360
-1.698211
-1.868369
-2.011392
-2.118291
-2.195368
-2.179587
-2.100610
-2.055910
-1.883284
-1.890497
-1.844681
-1.770481
-1.668094
-1.472743
-1.271182
-1.070099
-1.175323
-1.353447
-1.440999
-1.520679
-1.601945
-1.776189
-1.937754
-2.059915
-2.160452
-2.139426
-2.069024
-2.023485
-1.907083
-1.916462
-1.872381
-1.800065
-1.703474
-1.562196
-1.373399
-1.172238
-1.194607
-1.391989
-1.451193
-1.510663
-1.615175
-1.788293
-1.945045
-2.062402
-2.120186
-2.082361
-2.039700
-1.988080
-1.853685
-1.871540
-1.834172
-1.761528
-1.669885
-1.539054
-1.337766
-1.136477
-1.157994
-1.355095
-1.432311
-1.500550
-1.602896
-1.777519
-1.936016
-2.056147
-2.157925
-2.158516
-2.090865
-2.031567
-1.896361
-1.915598
-1.881710
-1.810330
-1.715471
-1.573208
-1.390686
-1.189550
-1.214700
-1.412787
-1.461199
-1.521348
-1.641478
-1.815393
-1.968184
-2.080708
-2.135338
-2.076945
-2.015829
-1.969991
-1.842514
-1.855381
-1.816787
-1.742747
-1.650025
-1.521248
-1.320073
-1.118711
-1.146701
-1.341459
-1.427233
-1.499082
-1.606004
-1.780210
-1.941095
-2.061246
-2.161752
-2.160288
-2.120927
-2.053676
-1.920268
-1.944612
-1.912275
-1.843118
-1.754022
-1.620185
-1.448034
-1.248398
-1.264404
-1.461986
-1.507245
-1.555820
-1.652939
-1.827233
-1.980375
-2.091116
-2.163456
-2.113219
-2.045937
-1.991753
-1.868368
-1.885874
-1.853963
-1.785178
-1.696843
-1.572641
-1.371744
-1.170372
-1.191287
-1.385885
-1.468671
-1.542222
-1.660570
-1.835097
-1.986374
-2.095900
-2.190943
-2.211865
-2.181228
-2.098447
-1.986606
-2.000255
-1.961986
-1.889765
-1.798163
-1.660673
-1.486361
-1.286430
-1.304215
-1.495393
-1.538526
-1.582468
-1.663769
-1.836135
-1.989172
-2.098772
-2.160881
-2.103601
-2.040502
-1.982026
-1.883459
-1.870304
-1.835497
-1.763266
-1.670058
-1.539771
-1.338900
-1.137498
-1.086545
-1.287381
-1.390165
-1.469191
-1.569597
-1.744108
-1.907540
-2.034708
-2.144243
-2.161353
-2.126679
-2.056739
-1.900532
-1.912059
-1.888729
-1.822179
-1.736699
-1.611730
-1.421168
-1.219716
-1.160217
-1.361993
-1.454575
-1.522991
-1.604826
-1.778456
-1.939459
-2.060411
-2.162588
-2.179400
-2.123178
-2.076862
-1.956552
-1.980642
-1.952713
-1.883247
-1.792586
-1.656078
-1.475010
-1.273881
-1.213896
-1.416101
-1.457593
-1.508073
-1.573169
-1.745911
-1.909695
-2.031377
-2.123648
-2.089205
-1.991697
-1.875273
-1.808153
-1.751765
-1.737807
-1.678508
-1.583061
-1.444968
-1.253740
-1.052235
-1.007050
-1.208557
-1.286858
-1.376626
-1.497170
-1.669545
-1.840350
-1.982836
-2.102679
-2.224644
-2.199422
-2.092681
-1.925448
-1.958627
