-1.876120
-1.923103
-1.900756
-1.880265
-1.844380
-1.796967
-1.739865
-1.675175
-1.602976
-1.520608
-1.422794
-1.388410
-1.379783
-1.368340
-1.454689
-1.514701
-1.536658
-1.585608
-1.639585
-1.692083
-1.647911
-1.459772
-1.271793
-1.076926
-0.887996
-0.888000
-0.888000
-0.888731
-0.918915
-1.089213
-1.118674
-0.949223
-0.888000
-0.888000
-0.888000
-0.888000
-0.888000
-0.888000
-0.888000
-0.993635
-1.144370
-1.268842
-1.382877
-1.468910
-1.312324
-1.304713
-1.481810
-1.683624
-1.788900
-1.763456
-1.699656
-1.748869
-1.819780
-1.844428
-1.829410
-1.789653
-1.725285
-1.645619
-1.554580
-1.455774
-1.347678
-1.221389
-1.078592
-0.969527
-1.027766
-1.176499
-1.281507
-1.359340
-1.442004
-1.468158
-1.448608
-1.347975
-1.247830
-1.170380
-1.095641
-0.984592
-0.888000
-0.888000
-0.888000
-0.888000
-0.888000
-0.888000
-0.888000
-0.888000
-0.888000
-1.008400
-1.210438
-1.384006
-1.482045
-1.583159
-1.671299
-1.742957
-1.772764
-1.832495
-1.861614
-1.945767
-1.949808
-1.887899
-1.809198
-1.722410
-1.596344
-1.418748
-1.222263
-1.179927
-1.255391
-1.291415
-1.306699
-1.470623
-1.669426
-1.859614
-2.036552
-2.154654
-2.242415
-2.298862
-2.327439
-2.323941
-2.304763
-2.250724
-2.139015
-1.997062
-1.872537
-1.728029
-1.533780
-1.374259
-1.381692
-1.405246
-1.529132
-1.719049
-1.904662
-2.104271
-2.247576
-2.293165
-2.275061
-2.211861
-2.086320
-1.962640
-1.863252
-1.735468
-1.628292
-1.546658
-1.380858
-1.399287
-1.398921
-1.411279
-1.426716
-1.445363
-1.458648
-1.550324
-1.681642
-1.802451
-1.885095
-1.933627
-1.953823
-1.967093
-1.946643
-1.910341
-1.809283
-1.721196
-1.643872
-1.639891
-1.606603
-1.569370
-1.533907
-1.498706
-1.466759
-1.435622
-1.401085
-1.496705
-1.612649
-1.710204
-1.794481
-1.846989
-1.860607
-1.838236
-1.785098
-1.732559
-1.650318
-1.570637
-1.500295
-1.478807
-1.431448
-1.381975
-1.335174
-1.290099
-1.250726
-1.215428
-1.181458
-1.283504
-1.402155
-1.522745
-1.640396
-1.720943
-1.750045
-1.727799
-1.675753
-1.645472
-1.568844
-1.488448
-1.442067
-1.413299
-1.355764
-1.297090
-1.240277
-1.185190
-1.135911
-1.089983
-1.042586
-1.138695
-1.255958
-1.389926
-1.523155
-1.618484
-1.660269
-1.657911
-1.630957
-1.625351
-1.549916
-1.469587
-1.396651
-1.355654
-1.305303
-1.253582
-1.202332
-1.152807
-1.110301
-1.071438
-1.031723
-1.128533
-1.244039
-1.376012
-1.506975
-1.600780
-1.643210
-1.644687
-1.618015
-1.612481
-1.538528
-1.453713
-1.374267
-1.345856
-1.292985
-1.237154
-1.182466
-1.129281
-1.083286
-1.040650
-0.996629
-1.091978
-1.206501
-1.340746
-1.474001
-1.571492
-1.618300
-1.630459
-1.608662
-1.595224
-1.510844
-1.427650
-1.351822
-1.325765
-1.279215
-1.229342
-1.178962
-1.129815
-1.088159
-1.049123
-1.008200
-1.104451
-1.212089
-1.343392
-1.479059
-1.581989
-1.633686
-1.649427
-1.626275
-1.596843
-1.510946
-1.421654
-1.341636
-1.328092
-1.282548
-1.233430
-1.183004
-1.133452
-1.091622
-1.052022
-1.010354
-1.106168
-1.218677
-1.350229
-1.483642
-1.586816
-1.643004
-1.667436
-1.649558
-1.618479
-1.530861
-1.437734
-1.352881
-1.342085
-1.301234
-1.256119
-1.209207
-1.162958
-1.124057
-1.087296
-1.048670
-1.145375
-1.249074
-1.375070
-1.509515
-1.615030
-1.669234
-1.689253
-1.665414
-1.610152
-1.523694
-1.434296
-1.357818
-1.343775
-1.298317
-1.248726
-1.197477
-1.146195
-1.102331
-1.060615
-1.016545
-1.112669
-1.230699
-1.362234
-1.495687
-1.598659
-1.655269
-1.678379
-1.661112
-1.621046
-1.534537
-1.446086
-1.371419
-1.361177
-1.320363
-1.275287
-1.227943
-1.181063
-1.141018
-1.103588
-1.064895
-1.160798
-1.260160
-1.385330
-1.517190
-1.620246
-1.668318
-1.681562
-1.652663
-1.609370
-1.523975
-1.434406
-1.350283
-1.330203
-1.283169
-1.231620
-1.178370
-1.125149
-1.078757
-1.033772
-0.985235
-1.075628
-1.203802
-1.342192
-1.480479
-1.586244
-1.649382
-1.672876
-1.654544
-1.619349
-1.532346
-1.444475
-1.366846
-1.357908
-1.317983
-1.273433
-1.226782
-1.180925
-1.141076
-1.103801
-1.064958
-1.160237
-1.262110
-1.388582
-1.521115
-1.626477
-1.676663
-1.695154
-1.667109
-1.633253
-1.555428
-1.464958
-1.375233
-1.336205
-1.294199
-1.247909
-1.199100
-1.150859
-1.108593
-1.067258
-1.021968
-1.111063
-1.232895
-1.367213
-1.506772
-1.614653
-1.683385
-1.714887
-1.701400
-1.649430
-1.561280
-1.473765
-1.400767
-1.389401
-1.345885
-1.296930
-1.245221
-1.192756
-1.146111
-1.101109
-1.054805
-1.148093
-1.253092
-1.376352
-1.507384
-1.607808
-1.652081
-1.658840
-1.628445
-1.588933
-1.504168
-1.417180
-1.338540
-1.317741
-1.269215
-1.215590
-1.159878
-1.103547
-1.053612
-1.004620
-0.951291
-1.036006
-1.170416
-1.313012
-1.454447
-1.563565
-1.628015
-1.653343
-1.637394
-1.605696
-1.519152
-1.439694
-1.369712
-1.343619
-1.307656
-1.267172
-1.223091
-1.179516
-1.140836
-1.102264
-1.057359
-1.149367
-1.257602
-1.382288
-1.514946
-1.618016
-1.665381
-1.680412
-1.652359
-1.622315
-1.549951
-1.468045
-1.392131
-1.331506
-1.288612
-1.241693
-1.191955
-1.142269
-1.096623
-1.051049
-0.999717
-1.082188
-1.219426
-1.359100
-1.496941
-1.603293
-1.672625
-1.702487
-1.690372
-1.660524
-1.572479
-1.483595
-1.403866
-1.387736
-1.345643
-1.297765
-1.247437
-1.196851
-1.150932
-1.105841
-1.058084
-1.152885
-1.262070
-1.386068
-1.520835
-1.625385
-1.673963
-1.688597
-1.658172
-1.621484
-1.542428
-1.460629
-1.385452
-1.332575
-1.288283
-1.239360
-1.187111
-1.134398
-1.085557
-1.036392
-0.981660
-1.061241
-1.204352
-1.346774
-1.486653
-1.593637
-1.661300
-1.690013
-1.677486
-1.651084
-1.563016
-1.474747
-1.396432
-1.379977
-1.337580
-1.289268
-1.238076
-1.186566
-1.139392
-1.093101
-1.042867
-1.128683
-1.247726
-1.378487
-1.514048
-1.619559
-1.670789
-1.691694
-1.670612
-1.642219
-1.554647
-1.469043
-1.394429
-1.335323
-1.294883
-1.248913
-1.198803
-1.148100
-1.100123
-1.051532
-0.995864
-1.076483
-1.210653
-1.349207
-1.491628
-1.603201
-1.676032
-1.708530
-1.695859
-1.653697
-1.564167
-1.476176
-1.398525
-1.376998
-1.340337
-1.296564
-1.249267
-1.201272
-1.157089
-1.112517
-1.061319
-1.147967
-1.263413
-1.389494
-1.522524
-1.625913
-1.676242
-1.693385
-1.671122
-1.639106
-1.560343
-1.477309
-1.403191
-1.360909
-1.318604
-1.271916
-1.221914
-1.170757
-1.121216
-1.070537
-1.013869
-1.094790
-1.237776
-1.377034
-1.519781
-1.632302
-1.704343
-1.734183
-1.719014
-1.684195
-1.594995
-1.508285
-1.433389
-1.409714
-1.372399
-1.327989
-1.280320
-1.231838
-1.185825
-1.138267
-1.082296
-1.162857
-1.280833
-1.406486
-1.537534
-1.635795
-1.679821
-1.690767
-1.661593
-1.633734
-1.563824
-1.488344
-1.423113
-1.338672
-1.303873
-1.261873
-1.217457
-1.172161
-1.126858
-1.078044
-1.014692
-1.089574
-1.231319
-1.365630
-1.498172
-1.598238
-1.667666
-1.699952
-1.681372
-1.658661
-1.576398
-1.506895
-1.452456
-1.355403
-1.334581
-1.306373
-1.274240
-1.240563
-1.207386
-1.170850
-1.120877
-1.198284
-1.334848
-1.461406
-1.583904
-1.673823
-1.718217
-1.726887
-1.696081
-1.671439
-1.582521
-1.506215
-1.445926
-1.369885
-1.335320
-1.293375
-1.248767
-1.202516
-1.156343
-1.108202
-1.050017
-1.125278
-1.264988
-1.399202
-1.531846
-1.632919
-1.688386
-1.709828
-1.690576
-1.675360
-1.586268
-1.504281
-1.437403
-1.378833
-1.339259
-1.294036
-1.245066
-1.194261
-1.143784
-1.091754
-1.031835
-1.110325
-1.246204
-1.380402
-1.521913
-1.632725
-1.697989
-1.727649
-1.716326
-1.694037
-1.605607
-1.516651
-1.439126
-1.405299
-1.365189
-1.318799
-1.267799
-1.214731
-1.162927
-1.109329
-1.047398
-1.124814
-1.254201
-1.385139
-1.522677
-1.629878
-1.692153
-1.719223
-1.706568
-1.678173
-1.589679
-1.501844
-1.426409
-1.388357
-1.353354
-1.311581
-1.264698
-1.215933
-1.167842
-1.115752
-1.051259
-1.126529
-1.254063
-1.382613
-1.517323
-1.622676
-1.685201
-1.710432
-1.698153
-1.670912
-1.582248
-1.497290
-1.429513
-1.382965
-1.356468
-1.321709
-1.282505
-1.241499
-1.199278
-1.149145
-1.080239
-1.152538
-1.280726
-1.398255
-1.525104
-1.623690
-1.681372
-1.698336
-1.676324
-1.646645
-1.560443
-1.486844
-1.431353
-1.360626
-1.335580
-1.302163
-1.264467
-1.224026
-1.181914
-1.132246
-1.063756
-1.136720
-1.278041
-1.399689
-1.526137
-1.625386
-1.689170
-1.711790
-1.689343
-1.664931
-1.579236
-1.509525
-1.457648
-1.345792
-1.333931
-1.307763
-1.277899
-1.245022
-1.210940
-1.172535
-1.119772
-1.194475
-1.330047
-1.452345
-1.576313
-1.673139
-1.729013
-1.751167
-1.726817
-1.699218
-1.604423
-1.523662
-1.460805
-1.365993
-1.345439
-1.315581
-1.280043
-1.242123
-1.201296
-1.152770
-1.085500
-1.153457
-1.284015
-1.408851
-1.534015
-1.625859
-1.682122
-1.702209
-1.684851
-1.668560
-1.579753
-1.502904
-1.444858
-1.362838
-1.339255
-1.308181
-1.271519
-1.231550
-1.189667
-1.138973
-1.068955
-1.140443
-1.283535
-1.400344
-1.524655
-1.623195
-1.690347
-1.718595
-1.703994
-1.683956
-1.596857
-1.524292
-1.471287
-1.359346
-1.348154
-1.339470
-1.323768
-1.304388
-1.282295
-1.252836
-1.205680
-1.267287
-1.416202
-1.526686
-1.639494
-1.730044
-1.786411
-1.807564
-1.787928
-1.761584
-1.673347
-1.586476
-1.513781
-1.469213
-1.433127
-1.389461
-1.339283
-1.284484
-1.229118
-1.166378
-1.086635
-1.153031
-1.292532
-1.405345
-1.527642
-1.623744
-1.687839
-1.715012
-1.703600
-1.678877
-1.588208
-1.512306
-1.455602
-1.344432
-1.333922
-1.322909
-1.304387
-1.279184
-1.251737
-1.215648
-1.160997
-1.197372
-1.358881
-1.463231
-1.581012
-1.683051
-1.751006
-1.774252
-1.760764
-1.736634
-1.643189
-1.551698
-1.476108
-1.420779
-1.389351
-1.348030
-1.299977
-1.244162
-1.189355
-1.130723
-1.063286
-1.097174
-1.230725
-1.353268
-1.493866
-1.611142
-1.684317
-1.719016
-1.726283
-1.713953
-1.617434
-1.517987
-1.429703
-1.376320
-1.341815
-1.296984
-1.244562
-1.183599
-1.125035
-1.062738
-0.990627
-1.021517
-1.160445
-1.285487
-1.434771
-1.565152
-1.650349
-1.690112
-1.713115
-1.699386
-1.605290
-1.512659
-1.431759
-1.401408
-1.375307
-1.338601
-1.292815
-1.237071
-1.184363
-1.128384
-1.062253
-1.097493
-1.258054
-1.373370
-1.518831
-1.645859
-1.725858
-1.761900
-1.769824
-1.733613
-1.632788
-1.538831
-1.454342
-1.409702
-1.391180
-1.358604
-1.314230
-1.256909
-1.203970
-1.149599
-1.088162
-1.126791
-1.302636
-1.410642
-1.541808
-1.658907
-1.737005
-1.772168
-1.774762
-1.717479
-1.600026
-1.500869
-1.407049
-1.323568
-1.309927
-1.276476
-1.232162
-1.176484
-1.126740
-1.077522
-1.023967
-1.067559
-1.258377
-1.369314
-1.501234
-1.615707
-1.693846
-1.739159
-1.747407
-1.704409
-1.593423
-1.493036
-1.399312
-1.345461
-1.325438
-1.294898
-1.257935
-1.215369
-1.173849
-1.125342
-1.057675
-1.077865
-1.243173
-1.363457
-1.498431
-1.613683
-1.694456
-1.738797
-1.738094
-1.705308
-1.614787
-1.520262
-1.444804
-1.382467
-1.328848
-1.321208
-1.250823
-1.220844
-1.187097
-1.144449
-1.082248
-1.094924
-1.252870
-1.374014
-1.504827
-1.618014
-1.699967
-1.747437
-1.748191
-1.709932
-1.619545
-1.532248
-1.466986
-1.411644
-1.296282
-1.280752
-1.245934
-1.216459
-1.181768
-1.137614
-1.073461
-1.087914
-1.240251
-1.360667
-1.491280
-1.600572
-1.678281
-1.720375
-1.721833
-1.698990
-1.609010
-1.523228
-1.459936
-1.404905
-1.317686
-1.308935
-1.291578
-1.267071
-1.236444
-1.195305
-1.133589
-1.133578
-1.306665
-1.418846
-1.542766
-1.650074
-1.724645
-1.765535
-1.776255
-1.767256
-1.668281
-1.570961
-1.491079
-1.418129
-1.366590
-1.346687
-1.314403
-1.272742
-1.229330
-1.177557
-1.106822
-1.132926
-1.300500
-1.398319
-1.517568
-1.625669
-1.707440
-1.753430
-1.766946
-1.736463
-1.631026
-1.544330
-1.480898
-1.427173
-1.285803
-1.280799
-1.263405
-1.236990
-1.208840
-1.174914
-1.124863
-1.155104
-1.345985
-1.450314
-1.567259
-1.672565
-1.753506
-1.802607
-1.813838
-1.777814
-1.664570
-1.568119
-1.496019
-1.432542
-1.351443
-1.338355
-1.319578
-1.294492
-1.264735
-1.224843
-1.165138
-1.172715
-1.355507
-1.464563
-1.582806
-1.682544
-1.753363
-1.785539
-1.784871
-1.760975
-1.659811
-1.563356
-1.480904
-1.412921
-1.351049
-1.327109
-1.292755
-1.251122
-1.206750
-1.154681
-1.085248
-1.104023
-1.278767
-1.385926
-1.511025
-1.623125
-1.708576
-1.759803
-1.775705
-1.751119
-1.653545
-1.557496
-1.487522
-1.428589
-1.297197
-1.289862
-1.269855
-1.243018
-1.210825
-1.170023
-1.110190
-1.123436
-1.307659
-1.413542
-1.531822
-1.635644
-1.714832
-1.762707
-1.772462
-1.741848
-1.653423
-1.561085
-1.493556
-1.436352
-1.296512
-1.289361
-1.271921
-1.246649
-1.215382
-1.175721
-1.117579
-1.127439
-1.308003
-1.415062
-1.534971
-1.641397
-1.725242
-1.776717
-1.788595
-1.757465
-1.663558
-1.567222
-1.498190
-1.441027
-1.305933
-1.299436
-1.282412
-1.258180
-1.226697
-1.184562
-1.121616
-1.127561
-1.311424
-1.417409
-1.534421
-1.638098
-1.717976
-1.768406
-1.779154
-1.750312
-1.672952
-1.580610
-1.514274
-1.460681
-1.267594
-1.265448
-1.247601
-1.220704
-1.187476
-1.150696
-1.103701
-1.115661
-1.309125
-1.415700
-1.535720
-1.650852
-1.743522
-1.808954
-1.839633
-1.823725
-1.712893
-1.604123
-1.518436
-1.444742
-1.389639
-1.358558
-1.345843
-1.314060
-1.274924
-1.222850
-1.148860
-1.153854
-1.329972
-1.434000
-1.550800
-1.652889
-1.730856
-1.773525
-1.786156
-1.765285
-1.670667
-1.574803
-1.504351
-1.447948
-1.315246
-1.307402
-1.285852
-1.256943
-1.222745
-1.177597
-1.111148
-1.119569
-1.309894
-1.413339
-1.529017
-1.639250
-1.734997
-1.799685
-1.823098
-1.791620
-1.704373
-1.613014
-1.548356
-1.495715
-1.308384
-1.275766
-1.262453
-1.240139
-1.213862
-1.184288
-1.149630
-1.187876
-1.378712
-1.480474
-1.601573
-1.726677
-1.831440
-1.910987
-1.960523
-1.937137
-1.809926
-1.697520
-1.600304
-1.511842
-1.509787
-1.485425
-1.453986
-1.417812
-1.376717
-1.322486
-1.247280
-1.235211
-1.418180
-1.527487
-1.641649
-1.738423
-1.809276
-1.841808
-1.843377
-1.807625
-1.706301
-1.612522
-1.530829
-1.464995
-1.360714
-1.349223
-1.326366
-1.297512
-1.262523
-1.215599
-1.147139
-1.145869
-1.337443
-1.441181
-1.555727
-1.668104
-1.765086
-1.832125
-1.856274
-1.819759
-1.739375
-1.634761
-1.559952
-1.505253
-1.390208
-1.287439
-1.307930
-1.267900
-1.240943
-1.210869
-1.171094
-1.184900
-1.374915
-1.476490
-1.595640
-1.715764
-1.814544
-1.884720
-1.921842
-1.918086
-1.808008
-1.695178
-1.597522
-1.509099
-1.500064
-1.471297
-1.436718
-1.394216
-1.343945
-1.278981
-1.193150
-1.129996
-1.299477
-1.426440
-1.554481
-1.664422
-1.740500
-1.775669
-1.779057
-1.775471
-1.694815
-1.596068
-1.508326
-1.440539
-1.335806
-1.329695
-1.265658
-1.215074
-1.160847
-1.089021
-0.990475
-0.925981
-1.114563
-1.256312
-1.405553
-1.551339
-1.676764
-1.768972
-1.823229
-1.824212
-1.727875
-1.627967
-1.557622
-1.502676
-1.306889
-1.248899
-1.234016
-1.204712
-1.173174
-1.137167
-1.096841
-1.095742
-1.293569
-1.413613
-1.545328
-1.683055
-1.803133
-1.893146
-1.957648
-1.958642
-1.829575
-1.710521
-1.607454
-1.511925
-1.465992
-1.442636
-1.409898
-1.367602
-1.324718
-1.274117
-1.209349
-1.171760
-1.364087
-1.482778
-1.603923
-1.718606
-1.812639
-1.873869
-1.909333
-1.886706
-1.780005
-1.676289
-1.585883
-1.506181
-1.398009
-1.395565
-1.385879
-1.366634
-1.341381
-1.301982
-1.241584
-1.188138
-1.368901
-1.494632
-1.621456
-1.743124
-1.850385
-1.935482
-1.973028
-1.931408
-1.871052
-1.770745
-1.666023
-1.585455
-1.526359
-1.451588
-1.353752
-1.343650
-1.317122
-1.271393
-1.227523
-1.196650
-1.366191
-1.483469
-1.622596
-1.767277
-1.892105
-1.988599
-2.056096
-2.061444
-1.943103
-1.818873
-1.715168
-1.619725
-1.604068
-1.583100
-1.556013
-1.522889
-1.478881
-1.419338
-1.339311
-1.267060
-1.426920
-1.545655
-1.664223
-1.769176
-1.849914
-1.890336
-1.898792
-1.904886
-1.825775
-1.734654
-1.654938
-1.587482
-1.532798
-1.508838
-1.475141
-1.430968
-1.377051
-1.303947
-1.207997
-1.124718
-1.314411
-1.432972
-1.550860
-1.661507
-1.755486
-1.826867
-1.861687
-1.836375
-1.745820
-1.647106
-1.577181
-1.525872
-1.428319
-1.306005
-1.211099
-1.204080
-1.190110
-1.169464
-1.144019
-1.156144
-1.354219
-1.457574
-1.587499
-1.736127
-1.864547
-1.956131
-2.018851
-2.015089
-1.893289
-1.769866
-1.670288
-1.577099
-1.583089
-1.566586
-1.540241
-1.508335
-1.473922
-1.426855
-1.360823
-1.311884
-1.499056
-1.622857
-1.752522
-1.875203
-1.967035
-2.004084
-1.998879
-1.925543
-1.807881
-1.706630
-1.621171
-1.546593
-1.439876
-1.434619
-1.412169
-1.381023
-1.344783
-1.293759
-1.221303
-1.158524
-1.347583
-1.467745
-1.585860
-1.706983
-1.817458
-1.900048
-1.940128
-1.909570
-1.827049
-1.708808
-1.616401
-1.553472
-1.502722
-1.432838
-1.301081
-1.317405
-1.278960
-1.233975
-1.188709
-1.158090
-1.347572
-1.465804
-1.597327
-1.731512
-1.847789
-1.930375
-1.978758
-1.982595
-1.878762
-1.765025
-1.672009
-1.591948
-1.565998
-1.555303
-1.535206
-1.507233
-1.467982
-1.412621
-1.336607
-1.267054
-1.431757
-1.542872
-1.655578
-1.758812
-1.840113
-1.888304
-1.906765
-1.909433
-1.830653
-1.731102
-1.642100
-1.565274
-1.479353
-1.510674
-1.438101
-1.374304
-1.315310
-1.238661
-1.136936
-1.046278
-1.237442
-1.375891
-1.512676
-1.659934
-1.799193
-1.911578
-1.983863
-1.995068
-1.933572
-1.810103
-1.700163
-1.617218
-1.538664
-1.438161
-1.375500
-1.351348
-1.320917
-1.273727
-1.223860
-1.178099
-1.372730
-1.479732
-1.616619
-1.755165
-1.881886
-1.974893
-2.033609
-2.036489
-1.949136
-1.828154
-1.724317
-1.630955
-1.551536
-1.546662
-1.532338
-1.515412
-1.490847
-1.451560
-1.392290
-1.335499
-1.505354
-1.633331
-1.763836
-1.887733
-1.988513
-2.038863
-2.047146
-2.011805
-1.906719
-1.815067
-1.739412
-1.682540
-1.652974
-1.654232
-1.641168
-1.617717
-1.581064
-1.523379
-1.444497
-1.367392
-1.550706
-1.661764
-1.777937
-1.884614
-1.964934
-2.017688
-2.036117
-2.013930
-1.914392
-1.807577
-1.715136
-1.637143
-1.483278
-1.475738
-1.448213
-1.409630
-1.366026
-1.305042
-1.220051
-1.147535
-1.333340
-1.446408
-1.583354
-1.719183
-1.839335
-1.924727
-1.969839
-1.955258
-1.869937
-1.751727
-1.655306
-1.582733
-1.480739
-1.382278
-1.396387
-1.393086
-1.383074
-1.357399
-1.309871
-1.263571
-1.447893
-1.557101
-1.695156
-1.833774
-1.943925
-2.016864
-2.056192
-2.033838
-1.940752
-1.827832
-1.727847
-1.636620
-1.564170
-1.547509
-1.522810
-1.495306
-1.457242
-1.403323
-1.329661
-1.264030
-1.398263
-1.538332
-1.695780
-1.842846
-1.959932
-2.012232
-2.029056
-1.992888
-1.890039
-1.795772
-1.717105
-1.650181
-1.575232
-1.594420
-1.579672
-1.570783
-1.547128
-1.498067
-1.425728
-1.349130
-1.513842
-1.636790
-1.764141
-1.886213
-1.987829
-2.058331
-2.088724
-2.080492
-1.981225
-1.873731
-1.783074
-1.709116
-1.584824
-1.592129
-1.577658
-1.554418
-1.522481
-1.473787
-1.402964
-1.328066
-1.509825
-1.622128
-1.747666
-1.856470
-1.943807
-1.992744
-2.003844
-1.968757
-1.858138
-1.740547
-1.646843
-1.573930
-1.461784
-1.360222
-1.369875
-1.345951
-1.295764
-1.240749
-1.165070
-1.145457
-1.331873
-1.447213
-1.598216
-1.747671
-1.872214
-1.958779
-2.011690
-1.997041
-1.909214
-1.802503
-1.706842
-1.621937
-1.530481
-1.532923
-1.524923
-1.514766
-1.495256
-1.461007
-1.406094
-1.381364
-1.545306
-1.660866
-1.802309
-1.943617
-2.055098
-2.108796
-2.132220
-2.103691
-1.994331
-1.894581
-1.817485
-1.747114
-1.709104
-1.693674
-1.668436
-1.636649
-1.592350
-1.527228
-1.440746
-1.399244
-1.583155
-1.702711
-1.844451
-1.969398
-2.055739
-2.086129
-2.074031
-1.989979
-1.873498
-1.778625
-1.702392
-1.644005
-1.589393
-1.590381
-1.584818
-1.565317
-1.531472
-1.473911
-1.392475
-1.344971
-1.529085
-1.641585
-1.765679
-1.881540
-1.978371
-2.049169
-2.083341
-2.073428
-1.973329
-1.868568
-1.784750
-1.720017
-1.632897
-1.644564
-1.635231
-1.615517
-1.583119
-1.528783
-1.451134
-1.402802
-1.595633
-1.713802
-1.845521
-1.964018
-2.046860
-2.086236
-2.085074
-2.049321
-1.928870
-1.821578
-1.737457
-1.671181
-1.573241
-1.560750
-1.549624
-1.523646
-1.493550
-1.446211
-1.374904
-1.349690
-1.528946
-1.635828
-1.766584
-1.887271
-1.975006
-2.029940
-2.047189
-2.007109
-1.889734
-1.778767
-1.685538
-1.606408
-1.495471
-1.443417
-1.423578
-1.394558
-1.359709
-1.308243
-1.233151
-1.218297
-1.387526
-1.511365
-1.676690
-1.836427
-1.956508
-2.032168
-2.070597
-2.033660
-1.929760
-1.828709
-1.741979
-1.663882
-1.617083
-1.607491
-1.582821
-1.553913
-1.513276
-1.454430
-1.376681
-1.336609
-1.446650
-1.602674
-1.794666
-1.967718
-2.087485
-2.141783
-2.167826
-2.108069
-1.992270
-1.889165
-1.801213
-1.719687
-1.649358
-1.626968
-1.590687
-1.547517
-1.493809
-1.423377
-1.329566
-1.293161
-1.429146
-1.596570
-1.779612
-1.930071
-2.029425
-2.065334
-2.061202
-1.959951
-1.851785
-1.762613
-1.689488
-1.629711
-1.602463
-1.593277
-1.572826
-1.535172
-1.483825
-1.409099
-1.310202
-1.272458
-1.453338
-1.595754
-1.748411
-1.876346
-1.964361
-2.018276
-2.036071
-1.977800
-1.858882
-1.756358
-1.670982
-1.599437
-1.482415
-1.471870
-1.438770
-1.391230
-1.333531
-1.251941
-1.142150
-1.099108
-1.298739
-1.430904
-1.579211
-1.721074
-1.848125
-1.939505
-1.975257
-1.948097
-1.841453
-1.724128
-1.636270
-1.570362
-1.503721
-1.388598
-1.333815
-1.329319
-1.314539
-1.282148
-1.225486
-1.223992
-1.408694
-1.521121
-1.661102
-1.790830
-1.885767
-1.944689
-1.975129
-1.937812
-1.822410
-1.720629
-1.634128
-1.549698
-1.524685
-1.515154
-1.492790
-1.464723
-1.422878
-1.364251
-1.284885
-1.266577
-1.398752
-1.551979
-1.734378
-1.893257
-1.998513
-2.041686
-2.049671
-1.953389
-1.840094
-1.748403
-1.672087
-1.600813
-1.573299
-1.563850
-1.537196
-1.499334
-1.445668
-1.368855
-1.266694
-1.237361
-1.386225
-1.554945
-1.731495
-1.869901
-1.955848
-1.984086
-1.979894
-1.879861
-1.773821
-1.687852
-1.619448
-1.565431
-1.541536
-1.532883
-1.511272
-1.473330
-1.419287
-1.340739
-1.235630
-1.197229
-1.378220
-1.533867
-1.698321
-1.832809
-1.926066
-1.987059
-2.010423
-1.961343
-1.841436
-1.738065
-1.652958
-1.581932
-1.463219
-1.462315
-1.435939
-1.395483
-1.341850
-1.263027
-1.155907
-1.124346
-1.321445
-1.455492
-1.607882
-1.748874
-1.854172
-1.927548
-1.960143
-1.913090
-1.806882
-1.697622
-1.608650
-1.542621
-1.477107
-1.367437
-1.386101
-1.357599
-1.324253
-1.273846
-1.199209
-1.183528
-1.318101
-1.474529
-1.650156
-1.800135
-1.905993
-1.969807
-2.014911
-1.984619
-1.897326
-1.789504
-1.693267
-1.605260
-1.519027
-1.492033
-1.449991
-1.403756
-1.341114
-1.259137
-1.151103
-1.119309
-1.268290
-1.441183
-1.635512
-1.807815
-1.924808
-1.974715
-1.999838
-1.922179
-1.820631
-1.736141
-1.671801
-1.612044
-1.599496
-1.597991
-1.579293
-1.546621
-1.497038
-1.423941
-1.325785
-1.340247
-1.503799
-1.665163
-1.834439
-1.965588
-2.042203
-2.060296
-2.042247
-1.933326
-1.823096
-1.741094
-1.677874
-1.620382
-1.581484
-1.564988
-1.529416
-1.479112
-1.415448
-1.327723
-1.212026
-1.253298
-1.444896
-1.586450
-1.758237
-1.901384
-1.991679
-2.037524
-2.005516
-1.920027
-1.793355
-1.691157
-1.608456
-1.535656
-1.429837
-1.358295
-1.337576
-1.304491
-1.257602
-1.191061
-1.095520
-1.123490
-1.314049
-1.455210
-1.631711
-1.781549
-1.879609
-1.952751
-1.998494
-1.963214
-1.862128
-1.758850
-1.669879
-1.588910
-1.529655
-1.515279
-1.488371
-1.457888
-1.409749
-1.338757
-1.245835
-1.253949
-1.399737
-1.556925
-1.744556
-1.891695
-1.990637
-2.049732
-2.097664
-2.072891
-1.978035
-1.878752
-1.794529
-1.709553
-1.684178
-1.674895
-1.644888
-1.608920
-1.551416
-1.470096
-1.363318
-1.373860
-1.533683
-1.703730
-1.891108
-2.041406
-2.116983
-2.134540
-2.089390
-1.978726
-1.874055
-1.792776
-1.731951
-1.672908
-1.641034
-1.652947
-1.649360
-1.627766
-1.580192
-1.508327
-1.408694
-1.426465
-1.600150
-1.752874
-1.901095
-2.012311
-2.073121
-2.088404
-2.053573
-1.934144
-1.818897
-1.734861
-1.670952
-1.613707
-1.590806
-1.580873
-1.561398
-1.529910
-1.479009
-1.403593
-1.299453
-1.324099
-1.498957
-1.682385
-1.864497
-2.002281
-2.075377
-2.093230
-2.041557
-1.917175
-1.809795
-1.731683
-1.675966
-1.633965
-1.601068
-1.615029
-1.612110
-1.596102
-1.561704
-1.501840
-1.414932
-1.425438
-1.604764
-1.773615
-1.943900
-2.071465
-2.143718
-2.149225
-2.096366
-1.978426
-1.870976
-1.793019
-1.735808
-1.699203
-1.701214
-1.713298
-1.702912
-1.678712
-1.637775
-1.572915
-1.482223
-1.508490
-1.693427
-1.868307
-2.040174
-2.162136
-2.214675
-2.200847
-2.131732
-2.002110
-1.892769
-1.812188
-1.753082
-1.695881
-1.692291
-1.676182
-1.647348
-1.605648
-1.547132
-1.464288
-1.355953
-1.389943
-1.576941
-1.747005
-1.924888
-2.057533
-2.125457
-2.149880
-2.111763
-2.016472
-1.906498
-1.817956
-1.746402
-1.679159
-1.606645
-1.590249
-1.556930
-1.510907
-1.447828
-1.359223
-1.243742
-1.269189
-1.455063
-1.625275
-1.811363
-1.954057
-2.024677
-2.052722
-2.027018
-1.917277
-1.814153
-1.731562
-1.666324
-1.603194
-1.570737
-1.557237
-1.532058
-1.492950
-1.435068
-1.351929
-1.239842
-1.265770
-1.434417
-1.619309
-1.810896
-1.965570
-2.043849
-2.057820
-2.001750
-1.885632
-1.786998
-1.708566
-1.651450
-1.599050
-1.584628
-1.590301
-1.572860
-1.539416
-1.487104
-1.409461
-1.303943
-1.327389
-1.511949
-1.692124
-1.877185
-2.013162
-2.083106
-2.107650
-2.062742
-1.937756
-1.834417
-1.755774
-1.693492
-1.634649
-1.593376
-1.591225
-1.567989
-1.530838
-1.474808
-1.393239
-1.283190
-1.307084
-1.491914
-1.680329
-1.868395
-2.013151
-2.088226
-2.107513
-2.055772
-1.932573
-1.831423
-1.755161
-1.702461
-1.652892
-1.658168
-1.663918
-1.647856
-1.615355
-1.559596
-1.478216
-1.368247
-1.408642
-1.588616
-1.754636
-1.921771
-2.047338
-2.107388
-2.118127
-2.058962
-1.929878
-1.826616
-1.747520
-1.689815
-1.633804
-1.632711
-1.636421
-1.617620
-1.586131
-1.534136
-1.457073
-1.352969
-1.396909
-1.574189
-1.755728
-1.940598
-2.081474
-2.149303
-2.155964
-2.079882
-1.944607
-1.843676
-1.769039
-1.714625
-1.663980
-1.661883
-1.673509
-1.659458
-1.630728
-1.579729
-1.502282
-1.397821
-1.441656
-1.622657
-1.790665
-1.954292
-2.068234
-2.123314
-2.139653
-2.096145
-1.984245
-1.889786
-1.816726
-1.758642
-1.701155
-1.730276
-1.732840
-1.716248
-1.681400
-1.622131
-1.536068
-1.422700
-1.436179
-1.622011
-1.792043
-1.950974
-2.057881
-2.115752
-2.142060
-2.121893
-2.050203
-1.955986
-1.874381
-1.816849
-1.747604
-1.763165
-1.757779
-1.733693
-1.692980
-1.627495
-1.535471
-1.414610
-1.436046
-1.617714
-1.792951
-1.959225
-2.045527
-2.071684
-2.063370
-1.994434
-1.885365
-1.791948
-1.717719
-1.655054
-1.576305
-1.507035
-1.492454
-1.468992
-1.433368
-1.369356
-1.275400
-1.149212
-1.233881
-1.389272
-1.521220
-1.668983
-1.793841
-1.889195
-1.946639
-1.896389
-1.776582
-1.676462
-1.600538
-1.548693
-1.526399
-1.490324
-1.537883
-1.565557
-1.577547
-1.561991
-1.517690
-1.442097
-1.498943
-1.603692
-1.717430
-1.846974
-1.914246
-1.937548
-1.944017
-1.865524
-1.734406
-1.638450
-1.559368
-1.497381
-1.432243
-1.358133
-1.335473
-1.349184
-1.344508
-1.312070
-1.250436
-1.157964
-1.250524
-1.377530
-1.478176
-1.595022
-1.695781
-1.785813
-1.848512
-1.835675
-1.737333
-1.621334
-1.519956
-1.457070
-1.404235
-1.396220
-1.444304
-1.471676
-1.477405
-1.452816
-1.399229
-1.314823
-1.390201
-1.459795
-1.552053
-1.673889
-1.746840
-1.776338
-1.814765
-1.765833
-1.671028
-1.589586
-1.514548
-1.454371
-1.389535
-1.302845
-1.259075
-1.282681
-1.280095
-1.244561
-1.178581
-1.078475
-1.174217
-1.302781
-1.410923
-1.546481
-1.666806
-1.760041
-1.823473
-1.817407
-1.724522
-1.628266
-1.546408
-1.487500
-1.401187
-1.302258
-1.337833
-1.346627
-1.334663
-1.296735
-1.233816
-1.141159
-1.233021
-1.323588
-1.435105
-1.588535
-1.688740
-1.736292
-1.782695
-1.759769
-1.675302
-1.598910
-1.530738
-1.473412
-1.405147
-1.303166
-1.244282
-1.256357
-1.245300
-1.204992
-1.135412
-1.033108
-1.126329
-1.263340
-1.386307
-1.541858
-1.663174
-1.757072
-1.828873
-1.818115
-1.712924
-1.611283
-1.525802
-1.455467
-1.398377
-1.385511
-1.423476
-1.441133
-1.437482
-1.402649
-1.337920
-1.241161
-1.323640
-1.421134
-1.536247
-1.687011
-1.768459
-1.819058
-1.861003
-1.823581
-1.712434
-1.620013
-1.540437
-1.478169
-1.399065
-1.317797
-1.335462
-1.329368
-1.304463
-1.248963
-1.162145
-1.041963
-1.129523
-1.265305
-1.392321
-1.548092
-1.669291
-1.765221
-1.838490
-1.822319
-1.709639
-1.606929
-1.514901
-1.444918
-1.397508
-1.398336
-1.436376
-1.454779
-1.453801
-1.422320
-1.360942
-1.267491
-1.345811
-1.449594
-1.578875
-1.732119
-1.816944
-1.864382
-1.887761
-1.830090
-1.711707
-1.619069
-1.542250
-1.493149
-1.414885
-1.452448
-1.442200
-1.431208
-1.396922
-1.327602
-1.225011
-1.087910
-1.173615
-1.295654
-1.410716
-1.564081
-1.686408
-1.799392
-1.878110
-1.863160
-1.756556
-1.661184
-1.563814
-1.499857
-1.458282
-1.505516
-1.522288
-1.525687
-1.512842
-1.472116
-1.401740
-1.300275
-1.370404
-1.485595
-1.645690
-1.813015
-1.913214
-1.961078
-1.955236
-1.859458
-1.755017
-1.662743
-1.589030
-1.571817
-1.592945
-1.646122
-1.669386
-1.670852
-1.646338
-1.587879
-1.499082
-1.381058
-1.447204
-1.581118
-1.704303
-1.822625
-1.901342
-1.969038
-2.002902
-1.982251
-1.888043
-1.792439
-1.712471
-1.654036
-1.575037
-1.590214
-1.574090
-1.537585
-1.489798
-1.415333
-1.308425
-1.167392
-1.243123
-1.386101
-1.550862
-1.714542
-1.815004
-1.891041
-1.935774
-1.879851
-1.783491
-1.696579
-1.631843
-1.598655
-1.553964
-1.611651
-1.633836
-1.634562
-1.609764
-1.549501
-1.457261
-1.334045
-1.397462
-1.519527
-1.637251
-1.757532
-1.840313
-1.912517
-1.963673
-1.944591
-1.848666
-1.755632
-1.679482
-1.642415
-1.632544
-1.669834
-1.675905
-1.658044
-1.621752
-1.556507
-1.459999
-1.332643
-1.394483
-1.509398
-1.653831
-1.791281
-1.857204
-1.904308
-1.930133
-1.874935
-1.776077
-1.691223
-1.621064
-1.582253
-1.501052
-1.531725
-1.532261
-1.512925
-1.471715
-1.396732
-1.288759
-1.147416
-1.221342
-1.331332
-1.473245
-1.612414
-1.719610
-1.819372
-1.870827
-1.825306
-1.703718
-1.613779
-1.520638
-1.466718
-1.413849
-1.437091
-1.456694
-1.453429
-1.432896
-1.381701
-1.297652
-1.182190
-1.256067
-1.365389
-1.498684
-1.630747
-1.718113
-1.811623
-1.874946
-1.811525
-1.711790
-1.625914
-1.561850
-1.538842
-1.530472
-1.589954
-1.612582
-1.614039
-1.592058
-1.535563
-1.446244
-1.325849
-1.429190
-1.532289
-1.627216
-1.729242
-1.813470
-1.906465
-1.959103
-1.914527
-1.829486
-1.744374
-1.681163
-1.680130
-1.722269
-1.764846
-1.773721
-1.758289
-1.720452
-1.650944
-1.549155
-1.419099
-1.522345
-1.628278
-1.740720
-1.842681
-1.869442
-1.895650
-1.929331
-1.894882
-1.798201
-1.708673
-1.636069
-1.590808
-1.467180
-1.511246
-1.491152
-1.469032
-1.421001
-1.336126
-1.213186
-1.054128
-1.188102
-1.294776
-1.411818
-1.552759
-1.666904
-1.796688
-1.891101
-1.890236
-1.805396
-1.708164
-1.637206
-1.632525
-1.677023
-1.732038
-1.751430
-1.747699
-1.719524
-1.657860
-1.562401
-1.437702
-1.534480
-1.641339
-1.752421
-1.852477
-1.883712
-1.916561
-1.948840
-1.897591
-1.793862
-1.704587
-1.631862
-1.590144
-1.480546
-1.541285
-1.524996
-1.507811
-1.464983
-1.385257
-1.268402
-1.116557
-1.244910
-1.353306
-1.474660
-1.608327
-1.718530
-1.844236
-1.924385
-1.896116
-1.821336
-1.744218
-1.690939
-1.724715
-1.782374
-1.806313
-1.797281
-1.763753
-1.707026
-1.618084
-1.496329
-1.346947
-1.465313
-1.594041
-1.715639
-1.813884
-1.855030
-1.916763
-1.973224
-1.930129
-1.836897
-1.752043
-1.687506
-1.649499
-1.554494
-1.585187
-1.570543
-1.543810
-1.492559
-1.405329
-1.281591
-1.123910
-1.246797
-1.338009
-1.444918
-1.562284
-1.662110
-1.790993
-1.884243
-1.857921
-1.790350
-1.705025
-1.657600
-1.737021
-1.782541
-1.795317
-1.774552
-1.733869
-1.668251
-1.570978
-1.446442
-1.299457
-1.435470
-1.567684
-1.676539
-1.756119
-1.791751
-1.849339
-1.904839
-1.897177
-1.792841
-1.684641
-1.602548
-1.545997
-1.359495
-1.406256
-1.392655
-1.366473
-1.310540
-1.217972
-1.084281
-0.909438
-1.015693
-1.083449
-1.248410
-1.428013
-1.582488
-1.742661
-1.850892
-1.874658
-1.848506
-1.776110
-1.705221
-1.625010
-1.657237
-1.661356
-1.641626
-1.607783
-1.550195
-1.464454
-1.350773
-1.211087
-1.339567
-1.497521
-1.627161
-1.725355
-1.768319
-1.832705
-1.873422
-1.840547
-1.756210
-1.666136
-1.605771
-1.538817
-1.569981
-1.566158
-1.534139
-1.490917
-1.422402
-1.317456
-1.173866
-0.994408
-1.106946
-1.230159
-1.367027
-1.498979
-1.607337
-1.740817
-1.855376
-1.869088
-1.804059
-1.717499
-1.658908
-1.688904
-1.726873
-1.733441
-1.709193
-1.668892
-1.602621
-1.504104
-1.375714
-1.222692
-1.356854
-1.509733
-1.641346
-1.734952
-1.774929
-1.841245
-1.886159
-1.848574
-1.753367
-1.660552
-1.594105
-1.553514
-1.448188
-1.474353
-1.475336
-1.451088
-1.396676
-1.304764
-1.172479
-1.001100
-1.080688
-1.155337
-1.313200
-1.473308
-1.610495
-1.767014
-1.886870
-1.885934
-1.832195
-1.777642
-1.710644
-1.669889
-1.718315
-1.734363
-1.719336
-1.685610
-1.621015
-1.523957
-1.399938
-1.253546
-1.374730
-1.501818
-1.617497
-1.708317
-1.749454
-1.828331
-1.886569
-1.845166
-1.738387
-1.631383
-1.564172
-1.530455
-1.434444
-1.474676
-1.487328
-1.475907
-1.434306
-1.354361
-1.235244
-1.079742
-1.154551
-1.242790
-1.369218
-1.495419
-1.594822
-1.725451
-1.831263
-1.825653
-1.758357
-1.669914
-1.612427
-1.650768
-1.703444
-1.722795
-1.712812
-1.680840
-1.617273
-1.519127
-1.394188
-1.246374
-1.373078
-1.517758
-1.637762
-1.724021
-1.759173
-1.827879
-1.867747
-1.824764
-1.710123
-1.590863
-1.522349
-1.487504
-1.394688
-1.439430
-1.448205
-1.432142
-1.385997
-1.302108
-1.178282
-1.017378
-1.091135
-1.162267
-1.316279
-1.467010
-1.582226
-1.718436
-1.824999
-1.834827
-1.786502
-1.710449
-1.647222
-1.615205
-1.671183
-1.692147
-1.685114
-1.655164
-1.592800
-1.497235
-1.375203
-1.227784
-1.357043
-1.502747
-1.619233
-1.705659
-1.738441
-1.804470
-1.849518
-1.817987
-1.706707
-1.589231
-1.515933
-1.479817
-1.395851
-1.436957
-1.443448
-1.423537
-1.372578
-1.282939
-1.151801
-0.981049
-1.065284
-1.120308
-1.278817
-1.437797
-1.563401
-1.719645
-1.845690
-1.870844
-1.832687
-1.763121
-1.696709
-1.650479
-1.705623
-1.726279
-1.718821
-1.689827
-1.631398
-1.541542
-1.422757
-1.280464
-1.413915
-1.570763
-1.692039
-1.768613
-1.792377
-1.852749
-1.893882
-1.859779
-1.766193
-1.674577
-1.611407
-1.565880
-1.523978
-1.540490
-1.519536
-1.478860
-1.407043
-1.296250
-1.144259
-0.952010
-1.053282
-1.132878
-1.297777
-1.464196
-1.599649
-1.761299
-1.897532
-1.924328
-1.872994
-1.811430
-1.748751
-1.726288
-1.769896
-1.791589
-1.790287
-1.766187
-1.710546
-1.620548
-1.500450
-1.355618
-1.485520
-1.642879
-1.763943
-1.835984
-1.857381
-1.904589
-1.937096
-1.899761
-1.811975
-1.732595
-1.672983
-1.641595
-1.561692
-1.577867
-1.563799
-1.526558
-1.457980
-1.350759
-1.202701
-1.014381
-1.058467
-1.161787
-1.346236
-1.526087
-1.673500
-1.830687
-1.962836
-1.987339
-1.936021
-1.880630
-1.825916
-1.863762
-1.908191
-1.912804
-1.887427
-1.837377
-1.757647
-1.644360
-1.502583
-1.337907
-1.412728
-1.593163
-1.750287
-1.822761
-1.854313
-1.910034
-1.967652
-1.978530
-1.933381
-1.873152
-1.789262
-1.718767
-1.563957
-1.565081
-1.543847
-1.502371
-1.434092
-1.326477
-1.177993
-0.988796
-1.061952
-1.258250
-1.456366
-1.596771
-1.710577
-1.826812
-1.917987
-1.918207
-1.847418
-1.759810
-1.696786
-1.702314
-1.713314
-1.739064
-1.734881
-1.707616
-1.649519
-1.553251
-1.419268
-1.250920
-1.275983
-1.442224
-1.564479
-1.657363
-1.739703
-1.831932
-1.920180
-1.928539
-1.879407
-1.849860
-1.779876
-1.727701
-1.612465
-1.620417
-1.593336
-1.541701
-1.459631
-1.336882
-1.175280
-0.977065
-1.011091
-1.168601
-1.342929
-1.515469
-1.646233
-1.754747
-1.871410
-1.911264
-1.872466
-1.851834
-1.775185
-1.733281
-1.734655
-1.762045
-1.758861
-1.727851
-1.666920
-1.570978
-1.442425
-1.285958
-1.308466
-1.449735
-1.629930
-1.767184
-1.865179
-1.962331
-2.009619
-1.964780
-1.866612
-1.778823
-1.722287
-1.712822
-1.711511
-1.730653
-1.718212
-1.680840
-1.613628
-1.508533
-1.367582
-1.193140
-1.223570
-1.385452
-1.542109
-1.684253
-1.795550
-1.880809
-1.956662
-1.946354
-1.889861
-1.853450
-1.781234
-1.752394
-1.717021
-1.731404
-1.717968
-1.674928
-1.606050
-1.504209
-1.369452
-1.206102
-1.243482
-1.416973
-1.596381
-1.729510
-1.823581
-1.913432
-1.982463
-1.973953
-1.892294
-1.800595
-1.741272
-1.733599
-1.711969
-1.726183
-1.714558
-1.676823
-1.613436
-1.514610
-1.379014
-1.209918
-1.169157
-1.330648
-1.498630
-1.643860
-1.753901
-1.842918
-1.929711
-1.926161
-1.869831
-1.774930
-1.701745
-1.672389
-1.630445
-1.665036
-1.668595
-1.642695
-1.589089
-1.497451
-1.368638
-1.208770
-1.167069
-1.293626
-1.467396
-1.608033
-1.709883
-1.806615
-1.885079
-1.867284
-1.803192
-1.728208
-1.660363
-1.650253
-1.561889
-1.599454
-1.605484
-1.583705
-1.531699
-1.440724
-1.310699
-1.145408
-1.097291
-1.227826
-1.402170
-1.551312
-1.664702
-1.763834
-1.857037
-1.856597
-1.808130
-1.712754
-1.643637
-1.610394
-1.571235
-1.611038
-1.617701
-1.594519
-1.541432
-1.449160
-1.319493
-1.156211
-1.096483
-1.208306
-1.375760
-1.529419
-1.645587
-1.746421
-1.842316
-1.845947
-1.797854
-1.715352
-1.641607
-1.601257
-1.567143
-1.615820
-1.629515
-1.611383
-1.562548
-1.475031
-1.350466
-1.192303
-1.138252
-1.249469
-1.420096
-1.575395
-1.685832
-1.789247
-1.880054
-1.873638
-1.808378
-1.742605
-1.674268
-1.636728
-1.616980
-1.655908
-1.660429
-1.633709
-1.578285
-1.485769
-1.356132
-1.194012
-1.157630
-1.288136
-1.464427
-1.618514
-1.727701
-1.828738
-1.911539
-1.896125
-1.817675
-1.749774
-1.681638
-1.646500
-1.606844
-1.646078
-1.652765
-1.628579
-1.575666
-1.487527
-1.361754
-1.200315
-1.164951
-1.307164
-1.486565
-1.645519
-1.764157
-1.863657
-1.947978
-1.943424
-1.872693
-1.785157
-1.721293
-1.695093
-1.658114
-1.678467
-1.669291
-1.632657
-1.570063
-1.471797
-1.334892
-1.160800
-1.058038
-1.222488
-1.413733
-1.580130
-1.704262
-1.798901
-1.891704
-1.922720
-1.879139
-1.783440
-1.708740
-1.676082
-1.645561
-1.674288
-1.697332
-1.687436
-1.639042
-1.550043
-1.423826
-1.263856
-1.163959
-1.291576
-1.477907
-1.645657
-1.761776
-1.858689
-1.946463
-1.951370
-1.888205
-1.808794
-1.733679
-1.692708
-1.657129
-1.691142
-1.691783
-1.662816
-1.605580
-1.512156
-1.381626
-1.214668
-1.115324
-1.267744
-1.460226
-1.633772
-1.756593
-1.863468
-1.954286
-1.965006
-1.900276
-1.826220
-1.756482
-1.720823
-1.708244
-1.735360
-1.730247
-1.696523
-1.634820
-1.538759
-1.406145
-1.237817
-1.137675
-1.290682
-1.452650
-1.603011
-1.710930
-1.802557
-1.897736
-1.932047
-1.891136
-1.813108
-1.736302
-1.745739
-1.675483
-1.683637
-1.700982
-1.685930
-1.636492
-1.549864
-1.425331
-1.263995
-1.161592
-1.297047
-1.447067
-1.596618
-1.713754
-1.816821
-1.921582
-1.960820
-1.908317
-1.833337
-1.772070
-1.762772
-1.764495
-1.792966
-1.788387
-1.754093
-1.689520
-1.589755
-1.453111
-1.282202
-1.167848
-1.328555
-1.499978
-1.653255
-1.765995
-1.865544
-1.961002
-1.998585
-1.949327
-1.880716
-1.810585
-1.771602
-1.786944
-1.813375
-1.805197
-1.766765
-1.696831
-1.592211
-1.451214
-1.276141
-1.156754
-1.310782
-1.461027
-1.609522
-1.723474
-1.826876
-1.930882
-1.975232
-1.936979
-1.866590
-1.792567
-1.755266
-1.753159
-1.797693
-1.804488
-1.781502
-1.720485
-1.622103
-1.486327
-1.315073
-1.153226
-1.298193
-1.476716
-1.630597
-1.742448
-1.835259
-1.939989
-2.001598
-1.977902
-1.907301
-1.836371
-1.828481
-1.777179
-1.797760
-1.783183
-1.741944
-1.670447
-1.564822
-1.421487
-1.242323
-1.081273
-1.243021
-1.438556
-1.605783
-1.726935
-1.836779
-1.945902
-2.005596
-1.984152
-1.914256
-1.834525
-1.817895
-1.781580
-1.805019
-1.790470
-1.748990
-1.674838
-1.566702
-1.421654
-1.240689
-1.080188
-1.241298
-1.433478
-1.590166
-1.708336
-1.814447
-1.924667
-1.989618
-1.982215
-1.908074
-1.826528
-1.834185
-1.814892
-1.749261
-1.761458
-1.742570
-1.688438
-1.597995
-1.469292
-1.305184
-1.147303
-1.299722
-1.473975
-1.623551
-1.735992
-1.840309
-1.946211
-2.003464
-1.985655
-1.914645
-1.833810
-1.845464
-1.841759
-1.777531
-1.791623
-1.776530
-1.723323
-1.632998
-1.504160
-1.339449
-1.178565
-1.326893
-1.500632
-1.640812
-1.742539
-1.836461
-1.932568
-1.995154
-1.999323
-1.946557
-1.889874
-1.878884
-1.837647
-1.726132
-1.729219
-1.707620
-1.650025
-1.556303
-1.424714
-1.256443
-1.099714
-1.258704
-1.435837
-1.575840
-1.682927
-1.784777
-1.885067
-1.945955
-1.949442
-1.907326
-1.829470
-1.813386
-1.758926
-1.640036
-1.657116
-1.642101
-1.590369
-1.500966
-1.378545
-1.217348
-1.076780
-1.236404
-1.425365
-1.579831
-1.688097
-1.777380
-1.852678
-1.905018
-1.924257
-1.878940
-1.803648
-1.744584
-1.702819
-1.559376
-1.576702
-1.570699
-1.538828
-1.472175
-1.368525
-1.224360
-1.042103
-1.178289
-1.379995
-1.562965
-1.693707
-1.798038
-1.894529
-1.953904
-1.954715
-1.889185
-1.819424
-1.820793
-1.783615
-1.704682
-1.722487
-1.714111
-1.676749
-1.605457
-1.499504
-1.355944
-1.176181
-1.304253
-1.505765
-1.695439
-1.840819
-1.948826
-2.021739
-2.045907
-2.005422
-1.921400
-1.854798
-1.861787
-1.843114
-1.731005
-1.749544
-1.718611
-1.659698
-1.568616
-1.439790
-1.272867
-1.074749
-1.208300
-1.409390
-1.591238
-1.727884
-1.838888
-1.941287
-2.008768
-2.014169
-1.969560
-1.922358
-1.896027
-1.866299
-1.761485
-1.775154
-1.741217
-1.684705
-1.594445
-1.467661
-1.303974
-1.108458
-1.236408
-1.438011
-1.609106
-1.740233
-1.849456
-1.946920
-2.007421
-2.009566
-1.958511
-1.919758
-1.880630
-1.822394
-1.721182
-1.727214
-1.705382
-1.654029
-1.568872
-1.448193
-1.289550
-1.091468
-1.224464
-1.425907
-1.610064
-1.753480
-1.863920
-1.942615
-1.977374
-1.961578
-1.903093
-1.846047
-1.787993
-1.746416
-1.663545
-1.683231
-1.674633
-1.635613
-1.560789
-1.448346
-1.296575
-1.111720
-1.240657
-1.436627
-1.601169
-1.725793
-1.827471
-1.899503
-1.942825
-1.957056
-1.917635
-1.864581
-1.798917
-1.732625
-1.611345
-1.631768
-1.598103
-1.544927
-1.455751
-1.329522
-1.162499
-0.956762
-1.101305
-1.303858
-1.495625
-1.643442
-1.760607
-1.862918
-1.929649
-1.942124
-1.877425
-1.822263
-1.806515
-1.763444
-1.680524
-1.699398
-1.688650
-1.646678
-1.569438
-1.454939
-1.301240
-1.108799
-1.173204
-1.370405
-1.563566
-1.719891
-1.840893
-1.939234
-1.998644
-1.992237
-1.933845
-1.859444
-1.840789
-1.833323
-1.698955
-1.705977
-1.681157
-1.628759
-1.542994
-1.418471
-1.254484
-1.057590
-1.133649
-1.331626
-1.525991
-1.689327
-1.822559
-1.932779
-2.009819
-2.033071
-1.995121
-1.965455
-1.912687
-1.857678
-1.741520
-1.728035
-1.689243
-1.623507
-1.526304
-1.393295
-1.222331
-1.019374
-1.097724
-1.295324
-1.486624
-1.660854
-1.819524
-1.942738
-2.007274
-1.992880
-1.944616
-1.882832
-1.870982
-1.855257
-1.700650
-1.706709
-1.661947
-1.598878
-1.503407
-1.369056
-1.194846
-0.991225
-1.073901
-1.271886
-1.467475
-1.637344
-1.778988
-1.898870
-1.985374
-2.021786
-2.002604
-1.959319
-1.906792
-1.855765
-1.761009
-1.759819
-1.728532
-1.666453
-1.571555
-1.437239
-1.263990
-1.059637
-1.130423
-1.328005
-1.514629
-1.661181
-1.785959
-1.890337
-1.957456
-1.969197
-1.934830
-1.871225
-1.834640
-1.798756
-1.695599
-1.698944
-1.672669
-1.615346
-1.523944
-1.392707
-1.220808
-1.016649
-1.087948
-1.285129
-1.470996
-1.612647
-1.727737
-1.814381
-1.885856
-1.939611
-1.941476
-1.876816
-1.799690
-1.747527
-1.654199
-1.659745
-1.634012
-1.576990
-1.483400
-1.353603
-1.183291
-0.981769
-1.050310
-1.248066
-1.426522
-1.575027
-1.709123
-1.830719
-1.910407
-1.919354
-1.897705
-1.838447
-1.793317
-1.767544
-1.685700
-1.677958
-1.639441
-1.569284
-1.465362
-1.323201
-1.139803
-0.931895
-0.995779
-1.192460
-1.392583
-1.568470
-1.719810
-1.858172
-1.961769
-1.991166
-1.966509
-1.912234
-1.876471
-1.840339
-1.776256
-1.762681
-1.718190
-1.640537
-1.528139
-1.376843
-1.186435
-0.980058
-0.987308
-1.185091
-1.385128
-1.548818
-1.683272
-1.798414
-1.893850
-1.967481
-1.993110
-1.939152
-1.852562
-1.781238
-1.747331
-1.669667
-1.652215
-1.605543
-1.521324
-1.397359
-1.231986
-1.031103
-1.030442
-1.224692
-1.421524
-1.585672
-1.733394
-1.865089
-1.956810
-1.965648
-1.914915
-1.891813
-1.900371
-1.868098
-1.688714
-1.679536
-1.640328
-1.573454
-1.479006
-1.346284
-1.170518
-0.964556
-1.000026
-1.196976
-1.396193
-1.569601
-1.708791
-1.830110
-1.928424
-1.999656
-2.010738
-2.009842
-1.953251
-1.900652
-1.821608
-1.804735
-1.752887
-1.669487
-1.555599
-1.406810
-1.219455
-1.013981
-1.024520
-1.222605
-1.421050
-1.595615
-1.744716
-1.872429
-1.973320
-2.032838
-2.045223
-2.031094
-1.950464
-1.877860
-1.787398
-1.760414
-1.714903
-1.638087
-1.525825
-1.375195
-1.186119
-0.978890
-0.987385
-1.185571
-1.385466
-1.566776
-1.737199
-1.899424
-2.021136
-2.059334
-2.000885
-1.952972
-1.971449
-1.950858
-1.861104
-1.842329
-1.791727
-1.710850
-1.603009
-1.461560
-1.281115
-1.075242
-1.084351
-1.282755
-1.479408
-1.654169
-1.820089
-1.961793
-2.060178
-2.098320
-2.076443
-2.059650
-2.007166
-1.960057
-1.869048
-1.830483
-1.757832
-1.655757
-1.520115
-1.347182
-1.142376
-0.935085
-0.965139
-1.166931
-1.370193
-1.544183
-1.671967
-1.777602
-1.881406
-1.994927
-2.076995
-2.040063
-1.949718
-1.881593
-1.811928
-1.775441
-1.742559
-1.680402
-1.579063
-1.437444
-1.257619
-1.049599
-0.983836
-1.170025
-1.370757
-1.555062
-1.711037
-1.851203
-1.955404
-2.005486
-1.970866
-1.950502
-1.883949
-1.826385
-1.745910
-1.726967
-1.672501
-1.591599
-1.483875
-1.338674
-1.152935
-0.945292
-0.964617
-1.164744
-1.366921
-1.550505
-1.709383
-1.843506
-1.951348
-2.033935
-2.045731
-2.019407
-1.952948
-1.902743
-1.854013
-1.822297
-1.757842
-1.664634
-1.541546
-1.378864
-1.182839
-0.974262
-0.962569
-1.164635
-1.366912
-1.549824
-1.713908
-1.861788
-1.978657
-2.059664
-2.058441
-2.005459
-1.960219
-1.907486
-1.858918
-1.835403
-1.796104
-1.725079
-1.616393
-1.467237
-1.280125
-1.070249
-1.007417
-1.197001
-1.397454
-1.578179
-1.739469
-1.877045
-1.979891
-2.057768
-2.080699
-2.058808
-1.981828
-1.918844
-1.848879
-1.818196
-1.772141
-1.689989
-1.572951
-1.417345
-1.226650
-1.019421
-0.956872
-1.151855
-1.353132
-1.534989
-1.696667
-1.842041
-1.958152
-2.028839
-2.025439
-1.960047
-1.932910
-1.882918
-1.837000
-1.809390
-1.778509
-1.718404
-1.625300
-1.493161
-1.321791
-1.118787
-1.047642
-1.239772
-1.437990
-1.616896
-1.793544
-1.960369
-2.082730
-2.123386
-2.062461
-2.001058
-2.001026
-1.969744
-1.953619
-1.906206
-1.815976
-1.695668
-1.538367
-1.347119
-1.145660
-0.944644
-0.961661
-1.163426
-1.366765
-1.554229
-1.721798
-1.850226
-1.940945
-2.018044
-2.081164
-2.021301
-1.941644
-1.874913
-1.804145
-1.779436
-1.718115
-1.634581
-1.518824
-1.363867
-1.169258
-0.959724
-0.929973
-1.122808
-1.326025
-1.518739
-1.689266
-1.858668
-2.005454
-2.103618
-2.045983
-1.949358
-1.909908
-1.876801
-1.868997
-1.806134
-1.706323
-1.578329
-1.418083
-1.225363
-1.023389
-0.888252
-0.931156
-1.130916
-1.335361
-1.523547
-1.691887
-1.857781
-1.995765
-2.084558
-2.087909
-2.035350
-1.974228
-1.931826
-1.906764
-1.863631
-1.782121
-1.677495
-1.541116
-1.368199
-1.164365
-0.956728
-0.930232
-1.128547
-1.332337
-1.526865
-1.701434
-1.832846
-1.936626
-2.030123
-2.083855
-2.046138
-1.969900
-1.909037
-1.867986
-1.833282
-1.757673
-1.656995
-1.522986
-1.351725
-1.147915
-0.939038
-0.929351
-1.131035
-1.335477
-1.527074
-1.698469
-1.857336
-1.985942
-2.078031
-2.088689
-2.037102
-1.976711
-1.934911
-1.930172
-1.893404
-1.817771
-1.721714
-1.594870
-1.431840
-1.232494
-1.024188
-0.929390
-1.121951
-1.325326
-1.510179
-1.684260
-1.851383
-1.993398
-2.105227
-2.134452
-2.085826
-2.028389
-2.006361
-1.992249
-1.925506
-1.819163
-1.682928
-1.510138
-1.310504
-1.108993
-0.907937
-0.930878
-1.117459
-1.320047
-1.515432
-1.695027
-1.839668
-1.942527
-2.025662
-2.065778
-1.996458
-1.923195
-1.855025
-1.776747
-1.764678
-1.715282
-1.640858
-1.535066
-1.389911
-1.204295
-0.998437
-0.919940
-1.112134
-1.315460
-1.510707
-1.686412
-1.844885
-1.970836
-2.053385
-2.049258
-1.976174
-1.933513
-1.866671
-1.838725
-1.781461
-1.688859
-1.560314
-1.410283
-1.221300
-1.014004
-0.888176
-0.890856
-1.084565
-1.289010
-1.481501
-1.652007
-1.818889
-1.969558
-2.068350
-2.086910
-2.021808
-1.950409
-1.903017
-1.895480
-1.868322
-1.801906
-1.693460
-1.560493
-1.391457
-1.188496
-0.979854
-0.888213
-1.089962
-1.295336
-1.493839
-1.669953
-1.812896
-1.923673
-2.026974
-2.120770
-2.106622
-2.021375
-1.953306
-1.899076
-1.865294
-1.793236
-1.686117
-1.558169
-1.388076
-1.187657
-0.986417
-0.888000
-1.083443
-1.287558
-1.484130
-1.650209
-1.813024
-1.967511
-2.083827
-2.127893
-2.071554
-2.000041
-1.943255
-1.924224
-1.857919
-1.761292
-1.629253
-1.472482
-1.278568
-1.069567
-0.887963
-0.890430
-1.083992
-1.288613
-1.486482
-1.659151
-1.828459
-1.980404
-2.091591
-2.077111
-1.968832
-1.991740
-1.905577
-1.911436
-1.853223
-1.770777
-1.655636
-1.509017
-1.333172
-1.132065
-0.930903
-0.890882
-1.087216
-1.291120
-1.474296
-1.653217
-1.820967
-1.977270
-2.092837
-2.087687
-2.021819
-1.956050
-1.882604
-1.905778
-1.860355
-1.779713
-1.652703
-1.497187
-1.306027
-1.099228
-0.894954
-0.888376
-1.090370
-1.295525
-1.494684
-1.678372
-1.817556
-1.917860
-2.020574
-2.116886
-2.057340
-1.971207
-1.876908
-1.907319
-1.871952
-1.805758
-1.708866
-1.582520
-1.420422
-1.221834
-1.020635
-0.888301
-1.075938
-1.278488
-1.470517
-1.650497
-1.818799
-1.970576
-2.079806
-2.105594
-2.043145
-1.999109
-1.908718
-1.879904
-1.830311
-1.744620
-1.628140
-1.494219
-1.326972
-1.127796
-0.926398
-0.889778
-1.031721
-1.234642
-1.436520
-1.621933
-1.785711
-1.903110
-1.972927
-1.995393
-1.943761
-1.856954
-1.773409
-1.718956
-1.688105
-1.619580
-1.513948
-1.379877
-1.205984
-1.000175
-0.888038
-0.888013
-1.041594
-1.244033
-1.445876
-1.635755
-1.801711
-1.945801
-2.050253
-2.069006
-1.993376
-1.954564
-1.892147
-1.913607
-1.872597
-1.796054
-1.693719
-1.566455
-1.398533
-1.198048
-0.996838
-0.889466
-1.047113
-1.243200
-1.433904
-1.617175
-1.784237
-1.942025
-2.058475
-2.120717
-2.075444
-2.011601
-1.939572
-1.935413
-1.874586
-1.780540
-1.637565
-1.471715
-1.275542
-1.068565
-0.887965
-0.888059
-1.050422
-1.254960
-1.456115
-1.641491
-1.793781
-1.914358
-2.009455
-2.071794
-2.009973
-1.932271
-1.827268
-1.840252
-1.821604
-1.765468
-1.672140
-1.550508
-1.390527
-1.191569
-0.983186
-0.888000
-1.043032
-1.244946
-1.446785
-1.635779
-1.804880
-1.944364
-2.053469
-2.101228
-2.036743
-1.997156
-1.872602
-1.895672
-1.856430
-1.782168
-1.675717
-1.541081
-1.372334
-1.170226
-0.968995
-0.889816
-1.033669
-1.235230
-1.436944
-1.622271
-1.799439
-1.952613
-2.052974
-2.078041
-2.006922
-1.936735
-1.842183
-1.843687
-1.802800
-1.725743
-1.612543
-1.478300
-1.309057
-1.105582
-0.897011
-0.888860
-1.033283
-1.235484
-1.437309
-1.626349
-1.802281
-1.952414
-2.047072
-2.070570
-1.992774
-1.943131
-1.824512
-1.821907
-1.797848
-1.724053
-1.626958
-1.507698
-1.352992
-1.156072
-0.954976
-0.888549
-0.999596
-1.191188
-1.391816
-1.578941
-1.758363
-1.926416
-2.047634
-2.055063
-1.981489
-1.907710
-1.808646
-1.811031
-1.773260
-1.694538
-1.594820
-1.473217
-1.310529
-1.109036
-0.907817
-0.888458
-1.000443
-1.193130
-1.394915
-1.581251
-1.757888
-1.918877
-2.017071
-2.022986
-1.959076
-1.876943
-1.777513
-1.765920
-1.715205
-1.618585
-1.498146
-1.355144
-1.173328
-0.969827
-0.888000
-0.888723
-0.994230
-1.187808
-1.379409
-1.567883
-1.737259
-1.851254
-1.903268
-1.901826
-1.815398
-1.733263
-1.619541
-1.614096
-1.579590
-1.499530
-1.405210
-1.293559
-1.146834
-0.949536
-0.888000
-0.888007
-0.996830
-1.185984
-1.354136
-1.541243
-1.722381
-1.866605
-1.939747
-1.948331
-1.879172
-1.819266
-1.728787
-1.691711
-1.655914
-1.576709
-1.479834
-1.362697
-1.207502
-1.010641
-0.888000
-0.888750
-1.003174
-1.194325
-1.391220
-1.578041
-1.757869
-1.909431
-2.004255
-2.038617
-2.018207
-1.941641
-1.846347
-1.788091
-1.746702
-1.654002
-1.535857
-1.393679
-1.215344
-1.009350
-0.888000
-0.887997
-1.007636
-1.209298
-1.411743
-1.601012
-1.765379
-1.876644
-1.946932
-1.988360
-1.921512
-1.853463
-1.777136
-1.777272
-1.760190
-1.689369
-1.594425
-1.469457
-1.308296
-1.107557
-0.898726
-0.888524
-1.005427
-1.201738
-1.398372
-1.594988
-1.771075
-1.916546
-2.015331
-2.055824
-1.980524
-1.934368
-1.821802
-1.821446
-1.789562
-1.712987
-1.609474
-1.491953
-1.340305
-1.146192
-0.944903
-0.888000
-0.971401
-1.150505
-1.342442
-1.535250
-1.717714
-1.884776
-1.995745
-2.037906
-2.022611
-1.935772
-1.814965
-1.748884
-1.711951
-1.628010
-1.521416
-1.392792
-1.223575
-1.019480
-0.888000
-0.888000
-0.963184
-1.152139
-1.355396
-1.552722
-1.734736
-1.876363
-1.948568
-1.963482
-1.892807
-1.868112
-1.779076
-1.697876
-1.671660
-1.595718
-1.491776
-1.368307
-1.207672
-1.005367
-0.887995
-0.888021
-0.969267
-1.152020
-1.344580
-1.519153
-1.692628
-1.824991
-1.896628
-1.920276
-1.849655
-1.787745
-1.734724
-1.663896
-1.635549
-1.555444
-1.459690
-1.348814
-1.203468
-1.011900
-0.888000
-0.889451
-0.967076
-1.145710
-1.317338
-1.491496
-1.673883
-1.822212
-1.900294
-1.898271
-1.810227
-1.737435
-1.641126
-1.655340
-1.619056
-1.537794
-1.441401
-1.324680
-1.172261
-0.976132
-0.888000
-0.888068
-0.969131
-1.149235
-1.340560
-1.520808
-1.698184
-1.832588
-1.895246
-1.878838
-1.824990
-1.765616
-1.696211
-1.691468
-1.670324
-1.594366
-1.497938
-1.376547
-1.215371
-1.014541
-0.888000
-0.888000
-0.966370
-1.145759
-1.346414
-1.542933
-1.726530
-1.858271
-1.916679
-1.925441
-1.911339
-1.824831
-1.722986
-1.739883
-1.707553
-1.624978
-1.524104
-1.404988
-1.249808
-1.053123
-0.888000
-0.888000
-0.957277
-1.134497
-1.319334
-1.508168
-1.692038
-1.837927
-1.918776
-1.923620
-1.841285
-1.771529
-1.702991
-1.675045
-1.656260
-1.586942
-1.497162
-1.380242
-1.232720
-1.039703
-0.888000
-0.888000
-0.916687
-1.092843
-1.295729
-1.493095
-1.680002
-1.846906
-1.942071
-1.969398
-1.881907
-1.804197
-1.759672
-1.772950
-1.745150
-1.673119
-1.588615
-1.492230
-1.365335
-1.194602
-0.993401
-0.888000
-0.925308
-1.100819
-1.303024
-1.495080
-1.681851
-1.856230
-1.999637
-2.077490
-2.007402
-1.923804
-1.815814
-1.805445
-1.781349
-1.710546
-1.622183
-1.500581
-1.361017
-1.183908
-0.983988
-0.888000
-0.931073
-1.114992
-1.317011
-1.506031
-1.686955
-1.857195
-2.002852
-2.104355
-2.055711
-1.984766
-1.903780
-1.875877
-1.864904
-1.797054
-1.700326
-1.582399
-1.435306
-1.247792
-1.046477
-0.888000
-0.932729
-1.112626
-1.315478
-1.508343
-1.687651
-1.858819
-2.006189
-2.100610
-2.052677
-1.982932
-1.910650
-1.872241
-1.869510
-1.804307
-1.712027
-1.598159
-1.453513
-1.270155
-1.069075
-0.887999
-0.921250
-1.093849
-1.296397
-1.492253
-1.676990
-1.839733
-1.943402
-1.977949
-1.907571
-1.822261
-1.731467
-1.647239
-1.645146
-1.581242
-1.493611
-1.383320
-1.233023
-1.039587
-0.888000
-0.888000
-0.916383
-1.096858
-1.292326
-1.482015
-1.666807
-1.831926
-1.921571
-1.936110
-1.882506
-1.795044
-1.742507
-1.663182
-1.654139
-1.589808
-1.506004
-1.403609
-1.268964
-1.089077
-0.887694
-0.888000
-0.928065
-1.102848
-1.300337
-1.489879
-1.672197
-1.821528
-1.908407
-1.951510
-1.953407
-1.873740
-1.783668
-1.715288
-1.709328
-1.635892
-1.534883
-1.413639
-1.260187
-1.067508
-0.887936
-0.888000
-0.927455
-1.108152
-1.311367
-1.507844
-1.688968
-1.841060
-1.930030
-1.965368
-1.951198
-1.879367
-1.790262
-1.702356
-1.689804
-1.610694
-1.508315
-1.376293
-1.215981
-1.016458
-0.888000
-0.888000
-0.888014
-1.073002
-1.274510
-1.447932
-1.628738
-1.796487
-1.906104
-1.937687
-1.876667
-1.796196
-1.713070
-1.637500
-1.632008
-1.567750
-1.481226
-1.363319
-1.216009
-1.024773
-0.887999
-0.888000
-0.888033
-1.068932
-1.272720
-1.457655
-1.627574
-1.771583
-1.850886
-1.879933
-1.863744
-1.807314
-1.717100
-1.600176
-1.588657
-1.522981
-1.432642
-1.311701
-1.155216
-0.956064
-0.887991
-0.888049
-0.888000
-1.079014
-1.283124
-1.451699
-1.601356
-1.735620
-1.814939
-1.846512
-1.828705
-1.763070
-1.732168
-1.649975
-1.684557
-1.640835
-1.564076
-1.458840
-1.322113
-1.140113
-0.932793
-0.888176
-0.888101
-1.080507
-1.285465
-1.486129
-1.670305
-1.828382
-1.930143
-1.971767
-1.932585
-1.857990
-1.885963
-1.806691
-1.813830
-1.752366
-1.663460
-1.539501
-1.392750
-1.203214
-0.995754
-0.888000
-0.888000
-1.076782
-1.281023
-1.480016
-1.661113
-1.835425
-1.994474
-2.106300
-2.058384
-2.001583
-1.953538
-1.938742
-1.933333
-1.868690
-1.780927
-1.655009
-1.509210
-1.326305
-1.120170
-0.918969
-0.890742
-1.068693
-1.272358
-1.471072
-1.655624
-1.832944
-1.984133
-2.076761
-2.071092
-1.982756
-1.900571
-1.757571
-1.781111
-1.737217
-1.660733
-1.551014
-1.417167
-1.243492
-1.038026
-0.888000
-0.889512
-1.069246
-1.273149
-1.473019
-1.656819
-1.831159
-1.973416
-2.058379
-2.060700
-1.984820
-1.899173
-1.803717
-1.821309
-1.768042
-1.682352
-1.562031
-1.419052
-1.235371
-1.033840
-0.888000
-0.889832
-1.036148
-1.234914
-1.434793
-1.614221
-1.787050
-1.945091
-2.060838
-2.050621
-1.975224
-1.907520
-1.835466
-1.836235
-1.801054
-1.722849
-1.616681
-1.487046
-1.315581
-1.113536
-0.912429
-0.888507
-1.036720
-1.239764
-1.441525
-1.622422
-1.793354
-1.951289
-2.070926
-2.091954
-1.998099
-1.961939
-1.893718
-1.907617
-1.856243
-1.772607
-1.652785
-1.511589
-1.333069
-1.124023
-0.922795
-0.890154
-1.047589
-1.243686
-1.436010
-1.619559
-1.788948
-1.945427
-2.060169
-2.131326
-2.098395
-2.050219
-2.023586
-2.018682
-1.955665
-1.859312
-1.729688
-1.559851
-1.376114
-1.174831
-0.973628
-0.889732
-1.047471
-1.244438
-1.440381
-1.620103
-1.789443
-1.946047
-2.054274
-2.131042
-2.083776
-1.996833
-1.907032
-1.824921
-1.794801
-1.717201
-1.608404
-1.470758
-1.297682
-1.093391
-0.888066
-0.888025
-1.045578
-1.248883
-1.448374
-1.637546
-1.808800
-1.953181
-2.050058
-2.080703
-2.001945
-1.961648
-1.828230
-1.841175
-1.807864
-1.742598
-1.646081
-1.526299
-1.364928
-1.165644
-0.964318
-0.889481
-1.036608
-1.232449
-1.428380
-1.613768
-1.789367
-1.952786
-2.073257
-2.070024
-2.001932
-1.945593
-1.874088
-1.887578
-1.837569
-1.749484
-1.630367
-1.486409
-1.305926
-1.097884
-0.896696
-0.889831
-1.029238
-1.231096
-1.432570
-1.619253
-1.799584
-1.955758
-2.047693
-2.050503
-1.964319
-1.886298
-1.786799
-1.815462
-1.792127
-1.726597
-1.637761
-1.528007
-1.379305
-1.187967
-0.986862
-0.888390
-1.000718
-1.191674
-1.389749
-1.578959
-1.755560
-1.921385
-2.046441
-2.088497
-2.015030
-1.933482
-1.831895
-1.832298
-1.799958
-1.726876
-1.632686
-1.512481
-1.353482
-1.156842
-0.955984
-0.888000
-1.000001
-1.193519
-1.391879
-1.577868
-1.747599
-1.906145
-2.022076
-2.093465
-2.037326
-1.971353
-1.883251
-1.891744
-1.870841
-1.803431
-1.711330
-1.595499
-1.444298
-1.252340
-1.051236
-0.888000
-1.008414
-1.200586
-1.395626
-1.577076
-1.750161
-1.915281
-2.045712
-2.093586
-2.032076
-1.964195
-1.891256
-1.897514
-1.870412
-1.792662
-1.684836
-1.552221
-1.383972
-1.180746
-0.975856
-0.888658
-0.996871
-1.193523
-1.395772
-1.582160
-1.757477
-1.924251
-2.055071
-2.115761
-2.049449
-1.975823
-1.886717
-1.936261
-1.918136
-1.855323
-1.767219
-1.653521
-1.504220
-1.315771
-1.114576
-0.913456
-1.000006
-1.192664
-1.392409
-1.580923
-1.756157
-1.921872
-2.053938
-2.142444
-2.082888
-2.002059
-1.903105
-1.898142
-1.861528
-1.782619
-1.680495
-1.553087
-1.390194
-1.192518
-0.991520
-0.888231
-1.002305
-1.196318
-1.395794
-1.583551
-1.758438
-1.921066
-2.037986
-2.121966
-2.060128
-1.991307
-1.897744
-1.915505
-1.899231
-1.841111
-1.762144
-1.661763
-1.523273
-1.338899
-1.137893
-0.936693
-1.004656
-1.202559
-1.394393
-1.577813
-1.747608
-1.910441
-2.033167
-2.140472
-2.096744
-2.036767
-1.965654
-1.964562
-1.936905
-1.855463
-1.744611
-1.606557
-1.434437
-1.234640
-1.033164
-0.888000
-0.962686
-1.158933
-1.362057
-1.550097
-1.720075
-1.884753
-2.020185
-2.135375
-2.082387
-2.010310
-1.959002
-1.984845
-1.969377
-1.906249
-1.820975
-1.712119
-1.568748
-1.385160
-1.184047
-0.982970
-0.971538
-1.162799
-1.358051
-1.544002
-1.717381
-1.882889
-2.018015
-2.132597
-2.105862
-2.038614
-1.949805
-1.937935
-1.914046
-1.836432
-1.730081
-1.596641
-1.428375
-1.229752
-1.028304
-0.888000
-0.973317
-1.163084
-1.364240
-1.552055
-1.721938
-1.886379
-2.014492
-2.120257
-2.113983
-2.052294
-1.977771
-1.991941
-1.971480
-1.903613
-1.810810
-1.697096
-1.549447
-1.361660
-1.160654
-0.959416
-0.973047
-1.165719
-1.363066
-1.548365
-1.716081
-1.880102
-2.009261
-2.112674
-2.114576
-2.073232
-2.011601
-2.004866
-1.951989
-1.851707
-1.716878
-1.555904
-1.363074
-1.159976
-0.958407
-0.888919
-0.966541
-1.170771
-1.373585
-1.567316
-1.740360
-1.896945
-2.021874
-2.111982
-2.083851
-2.004581
-1.920724
-1.882706
-1.889114
-1.836855
-1.757097
-1.650771
-1.507553
-1.322533
-1.121547
-0.920305
-0.958432
-1.139711
-1.341241
-1.531117
-1.713938
-1.885660
-2.025906
-2.106547
-2.029217
-1.948220
-1.861650
-1.793233
-1.782713
-1.723410
-1.640943
-1.535563
-1.395983
-1.216885
-1.012633
-0.888000
-0.966147
-1.146634
-1.347332
-1.539229
-1.723333
-1.893891
-2.006288
-2.043917
-1.967101
-1.861412
-1.829851
-1.773077
-1.747588
-1.668959
-1.569762
-1.446369
-1.288520
-1.088592
-0.888000
-0.888000
-0.928725
-1.102148
-1.302613
-1.498846
-1.686020
-1.857419
-1.969903
-2.004931
-1.909990
-1.825287
-1.728096
-1.697307
-1.667668
-1.591233
-1.496175
-1.372463
-1.217860
-1.024828
-0.888000
-0.888000
-0.920494
-1.091850
-1.284300
-1.476612
-1.659097
-1.807500
-1.882887
-1.908939
-1.913772
-1.814622
-1.686239
-1.555569
-1.545716
-1.474539
-1.378980
-1.261251
-1.103340
-0.904003
-0.887991
-0.888014
-0.928078
-1.105063
-1.299228
-1.475769
-1.647581
-1.777093
-1.838202
-1.847339
-1.853055
-1.778325
-1.689197
-1.612663
-1.592947
-1.508092
-1.396656
-1.262239
-1.089847
-0.888019
-0.888092
-0.888029
-0.926741
-1.106973
-1.304870
-1.485076
-1.656776
-1.785446
-1.851787
-1.871543
-1.860565
-1.829556
-1.789886
-1.668522
-1.644959
-1.563445
-1.463147
-1.345958
-1.193075
-0.994848
-0.888469
-0.888309
-0.928696
-1.103884
-1.306440
-1.501889
-1.686238
-1.855515
-1.967510
-2.014343
-1.959551
-1.886325
-1.851795
-1.783324
-1.777237
-1.707318
-1.611358
-1.496444
-1.349942
-1.160965
-0.956865
-0.888000
-0.925725
-1.101929
-1.304786
-1.502095
-1.683665
-1.844254
-1.952606
-1.987974
-1.934661
-1.866911
-1.801085
-1.725180
-1.723895
-1.655920
-1.560094
-1.441974
-1.288668
-1.093953
-0.889747
-0.888000
-0.917069
-1.100905
-1.304106
-1.503901
-1.687208
-1.841868
-1.930396
-1.958278
-1.915809
-1.837157
-1.811003
-1.753016
-1.746499
-1.682107
-1.595669
-1.490271
-1.350412
-1.165755
-0.964607
-0.888000
-0.891503
-1.050807
-1.254139
-1.452825
-1.640907
-1.807777
-1.908712
-1.932856
-1.842881
-1.778895
-1.722730
-1.706199
-1.696783
-1.627918
-1.536921
-1.415888
-1.264383
-1.071618
-0.887828
-0.887949
-0.888032
-1.067591
-1.271670
-1.470540
-1.655949
-1.816255
-1.906400
-1.937003
-1.932555
-1.846024
-1.812387
-1.713915
-1.710256
-1.645648
-1.559132
-1.450074
-1.314403
-1.133177
-0.931706
-0.888000
-0.891496
-1.058199
-1.261493
-1.459060
-1.646313
-1.814309
-1.920613
-1.961743
-1.944630
-1.869141
-1.786955
-1.703755
-1.710160
-1.646373
-1.556028
-1.435820
-1.288834
-1.099458
-0.892425
-0.888000
-0.890437
-1.071568
-1.274055
-1.462221
-1.649849
-1.812914
-1.924139
-1.980045
-1.978847
-1.897142
-1.851982
-1.701927
-1.704957
-1.645827
-1.559156
-1.439961
-1.295021
-1.106924
-0.899136
-0.888000
-0.891152
-1.075952
-1.279430
-1.468918
-1.654032
-1.822661
-1.946898
-2.009184
-1.983052
-1.913908
-1.841359
-1.749199
-1.762873
-1.704047
-1.616530
-1.495397
-1.354187
-1.171845
-0.964236
-0.888000
-0.888177
-1.076242
-1.280271
-1.479265
-1.660249
-1.829572
-1.955250
-2.023989
-2.019703
-1.960137
-1.899856
-1.832472
-1.833030
-1.780929
-1.696568
-1.573662
-1.426624
-1.237774
-1.030887
-0.887998
-0.888215
-1.076270
-1.281097
-1.480140
-1.655500
-1.825738
-1.979307
-2.091166
-2.077241
-2.011468
-1.949375
-1.901379
-1.910382
-1.854904
-1.775257
-1.656487
-1.517548
-1.340270
-1.134835
-0.933418
-0.889842
-1.031131
-1.228602
-1.428057
-1.610379
-1.786355
-1.944670
-2.041466
-2.030750
-1.952585
-1.906849
-1.802190
-1.776444
-1.724092
-1.631776
-1.511980
-1.366710
-1.181618
-0.974389
-0.888000
-0.889951
-1.034645
-1.235929
-1.432248
-1.621530
-1.790776
-1.920107
-1.992416
-2.000148
-1.918054
-1.834932
-1.730616
-1.766473
-1.730784
-1.657537
-1.561751
-1.440162
-1.276020
-1.076915
-0.887996
-0.889415
-1.029798
-1.232463
-1.434018
-1.617365
-1.792954
-1.950016
-2.034751
-2.006990
-1.926689
-1.859656
-1.791469
-1.801033
-1.760773
-1.676964
-1.561994
-1.419382
-1.234704
-1.031387
-0.888000
-0.888355
-1.036367
-1.239953
-1.442467
-1.621245
-1.785248
-1.909213
-1.983704
-1.991515
-1.896033
-1.811159
-1.827447
-1.815068
-1.739142
-1.636355
-1.498552
-1.335967
-1.134342
-0.933091
-0.888000
-0.890162
-1.027105
-1.228410
-1.428704
-1.611862
-1.786615
-1.924513
-1.999808
-1.965660
-1.896281
-1.842204
-1.788294
-1.807042
-1.753861
-1.658668
-1.534366
-1.381755
-1.193448
-0.987601
-0.888309
-0.888204
-1.035376
-1.235494
-1.434617
-1.623551
-1.797701
-1.929347
-2.005089
-2.015229
-1.925248
-1.862996
-1.774027
-1.779190
-1.740609
-1.666460
-1.574225
-1.456021
-1.295338
-1.099345
-0.898004
-0.888901
-1.038477
-1.234602
-1.430487
-1.616423
-1.792033
-1.954710
-2.069394
-2.070914
-1.997248
-1.921312
-1.824035
-1.855349
-1.819236
-1.739175
-1.628167
-1.491205
-1.316967
-1.115622
-0.914587
-0.888603
-1.037651
-1.241381
-1.443233
-1.630057
-1.798091
-1.951021
-2.066009
-2.094867
-2.036994
-1.954562
-1.856074
-1.863823
-1.803554
-1.698973
-1.567694
-1.413118
-1.222201
-1.014850
-0.888059
-0.888807
-1.000169
-1.198390
-1.400679
-1.591102
-1.766731
-1.920382
-2.028039
-2.078744
-2.010265
-1.927832
-1.831707
-1.819765
-1.780934
-1.691443
-1.574718
-1.437921
-1.265154
-1.064354
-0.887999
-0.888731
-0.999389
-1.190757
-1.391856
-1.580751
-1.759939
-1.926013
-2.039468
-2.058785
-1.979539
-1.904574
-1.812593
-1.788112
-1.747827
-1.661576
-1.551471
-1.418093
-1.248216
-1.045860
-0.888000
-0.888673
-0.997408
-1.193731
-1.391125
-1.580505
-1.751940
-1.873791
-1.941805
-1.976764
-1.937901
-1.839007
-1.712794
-1.627543
-1.588555
-1.500654
-1.388736
-1.251395
-1.073074
-0.887998
-0.888220
-0.888639
-0.980826
-1.144493
-1.290537
-1.468337
-1.643131
-1.774559
-1.846713
-1.861797
-1.771028
-1.676537
-1.552576
-1.543266
-1.513877
-1.449191
-1.369480
-1.269945
-1.135220
-0.948310
-0.888000
-0.888000
-0.979137
-1.166445
-1.352661
-1.541519
-1.723352
-1.880558
-1.972689
-1.981704
-1.900450
-1.824458
-1.733043
-1.733437
-1.697773
-1.617203
-1.514123
-1.382586
-1.211705
-1.006097
-0.888000
-0.888702
-0.999940
-1.192666
-1.385727
-1.580096
-1.749942
-1.859711
-1.917885
-1.950786
-1.899270
-1.818910
-1.733382
-1.751490
-1.718455
-1.642529
-1.539458
-1.407201
-1.239577
-1.035130
-0.888000
-0.888000
-1.010385
-1.204254
-1.406482
-1.595323
-1.773021
-1.940459
-2.053460
-2.067877
-1.998621
-1.979901
-1.920244
-1.920931
-1.861801
-1.767395
-1.649221
-1.508522
-1.332698
-1.126815
-0.925563
-0.888000
-0.975019
-1.160737
-1.361287
-1.547308
-1.726776
-1.897082
-2.026619
-2.084896
-2.028556
-1.958723
-1.894217
-1.865129
-1.830918
-1.742580
-1.625154
-1.483043
-1.308321
-1.104902
-0.900041
-0.888000
-0.964720
-1.165994
-1.370119
-1.568961
-1.746038
-1.864598
-1.945706
-2.024598
-2.006221
-1.927767
-1.840775
-1.797908
-1.787741
-1.721017
-1.626633
-1.509449
-1.356205
-1.160325
-0.959036
-0.888000
-0.972074
-1.153498
-1.352832
-1.550419
-1.718967
-1.868169
-1.988275
-2.058881
-2.029224
-1.947673
-1.834192
-1.839401
-1.785066
-1.689430
-1.569079
-1.430427
-1.255669
-1.051549
-0.888000
-0.888000
-0.973302
-1.155308
-1.356165
-1.546556
-1.729146
-1.900880
-2.020448
-2.049201
-1.974162
-1.908705
-1.841136
-1.828695
-1.802499
-1.719726
-1.607939
-1.467405
-1.292485
-1.088087
-0.888076
-0.888000
-0.961842
-1.160020
-1.359473
-1.558069
-1.738229
-1.844515
-1.902223
-1.936649
-1.977102
-1.873806
-1.760408
-1.688601
-1.652433
-1.565885
-1.447495
-1.300123
-1.114524
-0.906601
-0.888000
-0.888000
-0.972111
-1.153733
-1.331638
-1.512385
-1.688766
-1.833172
-1.916067
-1.929138
-1.845867
-1.781845
-1.721675
-1.726333
-1.696844
-1.614609
-1.513783
-1.391605
-1.232446
-1.033677
-0.887999
-0.888851
-0.958584
-1.137933
-1.304825
-1.470991
-1.641497
-1.775364
-1.849993
-1.868180
-1.809421
-1.724587
-1.619908
-1.582731
-1.564317
-1.493824
-1.403566
-1.294892
-1.145860
-0.950729
-0.887891
-0.888013
-0.928045
-1.104540
-1.298815
-1.479685
-1.654080
-1.793369
-1.860108
-1.852918
-1.775159
-1.709889
-1.638948
-1.613037
-1.596348
-1.523872
-1.428297
-1.307968
-1.150392
-0.952785
-0.887736
-0.888000
-0.928469
-1.106115
-1.308399
-1.494299
-1.662145
-1.786683
-1.843484
-1.826949
-1.777246
-1.703616
-1.629800
-1.583195
-1.569750
-1.490397
-1.387479
-1.260479
-1.091107
-0.888014
-0.887747
-0.888002
-0.918455
-1.095646
-1.273830
-1.433875
-1.598266
-1.728112
-1.785867
-1.772704
-1.702999
-1.635951
-1.551711
-1.506791
-1.491863
-1.415934
-1.317857
-1.193663
-1.028367
-0.887999
-0.888004
-0.888041
-0.928145
-1.108527
-1.296306
-1.431132
-1.568491
-1.690400
-1.749980
-1.742061
-1.723718
-1.667471
-1.565036
-1.459131
-1.448978
-1.372543
-1.271025
-1.145854
-0.979077
-0.888000
-0.888034
-0.888000
-0.928645
-1.114691
-1.309053
-1.457995
-1.594016
-1.702965
-1.750819
-1.765608
-1.793000
-1.703193
-1.604361
-1.545589
-1.534971
-1.455472
-1.349154
-1.217661
-1.047477
-0.887984
-0.888048
-0.888000
-0.930449
-1.132126
-1.329237
-1.496356
-1.627758
-1.732622
-1.750597
-1.759019
-1.780358
-1.705022
-1.617071
-1.575655
-1.572445
-1.505643
-1.416765
-1.312034
-1.177234
-0.997057
-0.888000
-0.888000
-0.906940
-1.079473
-1.245917
-1.432912
-1.614743
-1.759239
-1.837167
-1.858003
-1.898149
-1.811169
-1.694217
-1.599099
-1.582079
-1.506823
-1.407162
-1.278635
-1.118528
-0.916632
-0.888000
-0.888000
-0.889177
-1.057658
-1.256862
-1.451331
-1.638008
-1.785156
-1.846419
-1.852011
-1.820480
-1.745833
-1.646427
-1.545503
-1.521986
-1.440336
-1.339227
-1.208697
-1.043772
-0.887991
-0.888015
-0.888000
-0.888000
-1.077664
-1.280417
-1.440849
-1.584890
-1.701040
-1.757342
-1.793278
-1.853506
-1.747924
-1.617012
-1.500044
-1.471201
-1.383661
-1.276770
-1.144994
-0.985213
-0.888000
-0.888000
-0.888000
-0.888000
-1.080243
-1.258820
-1.424999
-1.583257
-1.717743
-1.791910
-1.827453
-1.851688
-1.776911
-1.775514
-1.630761
-1.618752
-1.543278
-1.440922
-1.300082
-1.137214
-0.935048
-0.888000
-0.888000
-0.888000
-1.087767
-1.291500
-1.491732
-1.675366
-1.822000
-1.920734
-1.985338
-2.026114
-1.987576
-1.919655
-1.851660
-1.864985
-1.810704
-1.726395
-1.611205
-1.464160
-1.275485
-1.067991
-0.887999
-0.899858
-1.092330
-1.283138
-1.485000
-1.661806
-1.826010
-1.946473
-2.029444
-2.123005
-2.070275
-1.963037
-1.821346
-1.795215
-1.711419
-1.605772
-1.468511
-1.302476
-1.102893
-0.894056
-0.888000
-0.888000
-1.082348
-1.287979
-1.489847
-1.677764
-1.838558
-1.933509
-1.962533
-1.957293
-1.830643
-1.747649
-1.698639
-1.667219
-1.577800
-1.475961
-1.344592
-1.189611
-0.991186
-0.887997
-0.888084
-0.888000
-1.085346
-1.284294
-1.470040
-1.648511
-1.808472
-1.908935
-1.934455
-1.913564
-1.844798
-1.760789
-1.742341
-1.717361
-1.631605
-1.529203
-1.393943
-1.234103
-1.035887
-0.887998
-0.888000
-0.888000
-1.037932
-1.239907
-1.440525
-1.629422
-1.793774
-1.896778
-1.926768
-1.895154
-1.831293
-1.869118
-1.767760
-1.773391
-1.713276
-1.622566
-1.507786
-1.367798
-1.185632
-0.979526
-0.888062
-0.888026
-1.038176
-1.240981
-1.442939
-1.632760
-1.812040
-1.976189
-2.071474
-2.015289
-1.966688
-1.992766
-1.963391
-1.971475
-1.917303
-1.836589
-1.721159
-1.587529
-1.414615
-1.208333
-1.007099
-0.888097
-1.039368
-1.237348
-1.433076
-1.615055
-1.784456
-1.945432
-2.069588
-2.129791
-2.087135
-2.027311
-1.944786
-1.947378
-1.888988
-1.792971
-1.667498
-1.518618
-1.335640
-1.130810
-0.929569
-0.889571
-1.033510
-1.234717
-1.436905
-1.626812
-1.798921
-1.938174
-2.024368
-2.037909
-1.953328
-1.887621
-1.763079
-1.770955
-1.730148
-1.654287
-1.550413
-1.421947
-1.255160
-1.051868
-0.887979
-0.889869
-1.028840
-1.228738
-1.423658
-1.612211
-1.791498
-1.927290
-1.999109
-2.022408
-1.945775
-1.862786
-1.762732
-1.765792
-1.715562
-1.633715
-1.514406
-1.373859
-1.193984
-0.986127
-0.888000
-0.890060
-1.031017
-1.231913
-1.425902
-1.615259
-1.784132
-1.890016
-1.937406
-1.929433
-1.851237
-1.783750
-1.708942
-1.709336
-1.674355
-1.597540
-1.490741
-1.354805
-1.177832
-0.971175
-0.888000
-0.888063
-1.044723
-1.249329
-1.449615
-1.641490
-1.800643
-1.904181
-1.957410
-1.953014
-1.885923
-1.902106
-1.796927
-1.803090
-1.748526
-1.660456
-1.545646
-1.408832
-1.231254
-1.024977
-0.888000
-0.888953
-0.998984
-1.197124
-1.399572
-1.586697
-1.763281
-1.931276
-2.057624
-2.071034
-2.005093
-1.944060
-1.866335
-1.892592
-1.859859
-1.787967
-1.680623
-1.550815
-1.387816
-1.187948
-0.979693
-0.888223
-0.998100
-1.195581
-1.397854
-1.587178
-1.765267
-1.933668
-2.059109
-2.080576
-2.007254
-1.929950
-1.839884
-1.842638
-1.807242
-1.726897
-1.625035
-1.501449
-1.342959
-1.145732
-0.940910
-0.888534
-0.999591
-1.195588
-1.394656
-1.589125
-1.769517
-1.906201
-1.985839
-2.031174
-2.014009
-1.918803
-1.795506
-1.746008
-1.703998
-1.613180
-1.497214
-1.358554
-1.181171
-0.979522
-0.888000
-0.888706
-0.995375
-1.182279
-1.359931
-1.547667
-1.728278
-1.875724
-1.959475
-1.977302
-1.888771
-1.797682
-1.689675
-1.640146
-1.610463
-1.533053
-1.434157
-1.310819
-1.147823
-0.945123
-0.887959
-0.888030
-1.002780
-1.200104
-1.401483
-1.591879
-1.761061
-1.875330
-1.914668
-1.895143
-1.864020
-1.787994
-1.703106
-1.678464
-1.621125
-1.520704
-1.397140
-1.246281
-1.059489
-0.887963
-0.888000
-0.888327
-0.997739
-1.195076
-1.397601
-1.594718
-1.770187
-1.879135
-1.915329
-1.901909
-1.837062
-1.776425
-1.744226
-1.777302
-1.743468
-1.666482
-1.569240
-1.445731
-1.285956
-1.085510
-0.887745
-0.888073
-0.998978
-1.198446
-1.400481
-1.592986
-1.776518
-1.919983
-2.002208
-2.010243
-1.942032
-1.930760
-1.833787
-1.836180
-1.808848
-1.740166
-1.644251
-1.521854
-1.365551
-1.167612
-0.958752
-0.889139
-1.000410
-1.200321
-1.402850
-1.597531
-1.777069
-1.929909
-2.029224
-2.043984
-1.988448
-1.925204
-1.849274
-1.859681
-1.816052
-1.722111
-1.602843
-1.461525
-1.285145
-1.078947
-0.887996
-0.888000
-0.960437
-1.148004
-1.349489
-1.545712
-1.725121
-1.876902
-1.975417
-2.024043
-1.934764
-1.841340
-1.725211
-1.710586
-1.683309
-1.604221
-1.502368
-1.382208
-1.227688
-1.033628
-0.888000
-0.888000
-0.945869
-1.122711
-1.276488
-1.453083
-1.634413
-1.784287
-1.862568
-1.865628
-1.826071
-1.734517
-1.627970
-1.534652
-1.509769
-1.432518
-1.333264
-1.207065
-1.038434
-0.887999
-0.887993
-0.888017
-0.964797
-1.150722
-1.351892
-1.541727
-1.713494
-1.820692
-1.857454
-1.857231
-1.827926
-1.764355
-1.698928
-1.660644
-1.645333
-1.570454
-1.469912
-1.347556
-1.188367
-0.987062
-0.887795
-0.888082
-0.968866
-1.149900
-1.351936
-1.547030
-1.729620
-1.883426
-1.967866
-1.980290
-1.891973
-1.881737
-1.830834
-1.756211
-1.728973
-1.656952
-1.567608
-1.454789
-1.301618
-1.105090
-0.903975
-0.888000
-0.967936
-1.143621
-1.342309
-1.530518
-1.713294
-1.864215
-1.946490
-1.947863
-1.857094
-1.783223
-1.703018
-1.683919
-1.664074
-1.593322
-1.503286
-1.389985
-1.238651
-1.044204
-0.887981
-0.888493
-0.968804
-1.152103
-1.353587
-1.547333
-1.730160
-1.887004
-1.973729
-1.996570
-1.985127
-1.897931
-1.803414
-1.764362
-1.727084
-1.638772
-1.531121
-1.404388
-1.241644
-1.043199
-0.888000
-0.888000
-0.954866
-1.133690
-1.313879
-1.499312
-1.681848
-1.839933
-1.931448
-1.942698
-1.864469
-1.789783
-1.708065
-1.661128
-1.636319
-1.558449
-1.457170
-1.333776
-1.170447
-0.969084
-0.887999
-0.888022
-0.928377
-1.106134
-1.309210
-1.501643
-1.679189
-1.810418
-1.863525
-1.870532
-1.817241
-1.751714
-1.689926
-1.653695
-1.647604
-1.574916
-1.477695
-1.357342
-1.198383
-0.998854
-0.888195
-0.888014
-0.926520
-1.105102
-1.307972
-1.503034
-1.685916
-1.838551
-1.920836
-1.934547
-1.845860
-1.772582
-1.730018
-1.704484
-1.692687
-1.623307
-1.535666
-1.422261
-1.281327
-1.097391
-0.894805
-0.888000
-0.924083
-1.098034
-1.282302
-1.465075
-1.647996
-1.789678
-1.865253
-1.883472
-1.869251
-1.786198
-1.689141
-1.620303
-1.599680
-1.522984
-1.425268
-1.304078
-1.148294
-0.947815
-0.888000
-0.888000
-0.923880
-1.103964
-1.306940
-1.505297
-1.689449
-1.853827
-1.952898
-1.979059
-1.900449
-1.870812
-1.844974
-1.767536
-1.746385
-1.671849
-1.583010
-1.479459
-1.341424
-1.159565
-0.953212
-0.888000
-0.931018
-1.104982
-1.307176
-1.500563
-1.686166
-1.858050
-1.981235
-2.047463
-2.026389
-1.944287
-1.852824
-1.768284
-1.756545
-1.681716
-1.581326
-1.461891
-1.312728
-1.122288
-0.915703
-0.888000
-0.931335
-1.109141
-1.303585
-1.484151
-1.665334
-1.830375
-1.943831
-2.010233
-2.024211
-1.936157
-1.822503
-1.677874
-1.672716
-1.599497
-1.502167
-1.378185
-1.224469
-1.029703
-0.888000
-0.888000
-0.928298
-1.107984
-1.303180
-1.484813
-1.663641
-1.801683
-1.867736
-1.902785
-1.947681
-1.866258
-1.759775
-1.632528
-1.620981
-1.543315
-1.445205
-1.304337
-1.131984
-0.926906
-0.887691
-0.888042
-0.888059
-1.074808
-1.272604
-1.436508
-1.606844
-1.754395
-1.844363
-1.876934
-1.852050
-1.777721
-1.699458
-1.628893
-1.630828
-1.566297
-1.477987
-1.362440
-1.218020
-1.028195
-0.887999
-0.888000
-0.889338
-1.074242
-1.260436
-1.420085
-1.593690
-1.734801
-1.819272
-1.848843
-1.843766
-1.770449
-1.691336
-1.596329
-1.599521
-1.538351
-1.450526
-1.334073
-1.183899
-0.988658
-0.888000
-0.888085
-0.888015
-1.070358
-1.273724
-1.459922
-1.635190
-1.782563
-1.857211
-1.872179
-1.841884
-1.782098
-1.726865
-1.645002
-1.646303
-1.578726
-1.488785
-1.370698
-1.221823
-1.028119
-0.887999
-0.887944
-0.888053
-1.075884
-1.279934
-1.461611
-1.629339
-1.779248
-1.873628
-1.902112
-1.867382
-1.808736
-1.756965
-1.720343
-1.747702
-1.703268
-1.627348
-1.523212
-1.390819
-1.213865
-1.007247
-0.887993
-0.888064
-1.075840
-1.280596
-1.481962
-1.669821
-1.839272
-1.957496
-2.012320
-1.988776
-1.929482
-1.887505
-1.846250
-1.860632
-1.808154
-1.726381
-1.612434
-1.471929
-1.291345
-1.084488
-0.887818
-0.888064
-1.084369
-1.289029
-1.489454
-1.673542
-1.847800
-1.999972
-2.082844
-2.042935
-1.987819
-1.941934
-1.914046
-1.908849
-1.841548
-1.746289
-1.619828
-1.467803
-1.277950
-1.071916
-0.887935
-0.888000
-1.073990
-1.277843
-1.476968
-1.659250
-1.832747
-1.985127
-2.092265
-2.039153
-1.955957
-1.872349
-1.827023
-1.828155
-1.777097
-1.699100
-1.593642
-1.467327
-1.306995
-1.106989
-0.905580
-0.889051
-1.043154
-1.240490
-1.427130
-1.603118
-1.741550
-1.804335
-1.791317
-1.811623
-1.822600
-1.715369
-1.560702
-1.473673
-1.395847
-1.285602
-1.130996
-0.950296
-0.888000
-0.888000
-0.888000
-0.888000
-1.043650
-1.248327
-1.448195
-1.594992
-1.728272
-1.775989
-1.796317
-1.787338
-1.765724
-1.759509
-1.854337
-1.884817
-1.862240
-1.810729
-1.727781
-1.626596
-1.487866
-1.310228
-1.108931
-0.907756
-1.036054
-1.237344
-1.434900
-1.621207
-1.791879
-1.951730
-2.073535
-2.155426
-2.114677
-2.047983
-1.961073
-1.962455
-1.900675
-1.809574
-1.685491
-1.538531
-1.358308
-1.156973
-0.955896
-0.889103
-1.041323
-1.240294
-1.440331
-1.623179
-1.796015
-1.955243
-2.072613
-2.107972
-2.027405
-1.933899
-1.811137
-1.818602
-1.767941
-1.681742
-1.570335
-1.435926
-1.265882
-1.065736
-0.887999
-0.889663
-1.029205
-1.231601
-1.432876
-1.617714
-1.785863
-1.896453
-1.951427
-1.951313
-1.915044
-1.823760
-1.717309
-1.635800
-1.604586
-1.530225
-1.426017
-1.292004
-1.116999
-0.910685
-0.888687
-0.889248
-1.018303
-1.201119
-1.384855
-1.577246
-1.759503
-1.906994
-1.978004
-1.979878
-1.883350
-1.786321
-1.717484
-1.712435
-1.672597
-1.599775
-1.506912
-1.388494
-1.228395
-1.030788
-0.888000
-0.889569
-1.035790
-1.235739
-1.434674
-1.619959
-1.797067
-1.934778
-2.013492
-2.025204
-1.982679
-1.903864
-1.813506
-1.769306
-1.728449
-1.641128
-1.523374
-1.376176
-1.191995
-0.985210
-0.888000
-0.888112
-1.008757
-1.212850
-1.416112
-1.610354
-1.776589
-1.894082
-1.973123
-2.008876
-1.949050
-1.888385
-1.801622
-1.835539
-1.809730
-1.740269
-1.638105
-1.506813
-1.331995
-1.130665
-0.929558
-0.888704
-0.999169
-1.191095
-1.392259
-1.579445
-1.757275
-1.924865
-2.042087
-2.019410
-1.945761
-1.891899
-1.831081
-1.822900
-1.796570
-1.719709
-1.616069
-1.487784
-1.324785
-1.124753
-0.920408
-0.889204
-1.001723
-1.195866
-1.396093
-1.581564
-1.756865
-1.921620
-2.045880
-2.068088
-1.991434
-1.909597
-1.817414
-1.847210
-1.815353
-1.745124
-1.653114
-1.540178
-1.394686
-1.216717
-1.015712
-0.888194
-1.003682
-1.194524
-1.390382
-1.576918
-1.756171
-1.911776
-1.999728
-2.005696
-1.936725
-1.871858
-1.839455
-1.845001
-1.792876
-1.698566
-1.576659
-1.426132
-1.241399
-1.039240
-0.888000
-0.888755
-1.003379
-1.198272
-1.396001
-1.587381
-1.767725
-1.915937
-2.009063
-2.042613
-1.968715
-1.869732
-1.754806
-1.703940
-1.679217
-1.603865
-1.504612
-1.383166
-1.225556
-1.030706
-0.888000
-0.888460
-0.979209
-1.167388
-1.361978
-1.553729
-1.736611
-1.886467
-1.955292
-1.947469
-1.895964
-1.811608
-1.713355
-1.660671
-1.630811
-1.548783
-1.441196
-1.309965
-1.136509
-0.930175
-0.887691
-0.888016
-0.999766
-1.193871
-1.393935
-1.580647
-1.753235
-1.868533
-1.916015
-1.921661
-1.861787
-1.821981
-1.736495
-1.737168
-1.714166
-1.640892
-1.543578
-1.415688
-1.248805
-1.046257
-0.887986
-0.888076
-0.964209
-1.154653
-1.357054
-1.550825
-1.732416
-1.870942
-1.940442
-1.921805
-1.843457
-1.781205
-1.717682
-1.722710
-1.688799
-1.602218
-1.495206
-1.364227
-1.192253
-0.988160
-0.888000
-0.888000
-0.958239
-1.138042
-1.336418
-1.529710
-1.710848
-1.846895
-1.910348
-1.897395
-1.806180
-1.733883
-1.651822
-1.688690
-1.661156
-1.584306
-1.490597
-1.374007
-1.220877
-1.025066
-0.888000
-0.888000
-0.956419
-1.135683
-1.308680
-1.501585
-1.686656
-1.832789
-1.901211
-1.925417
-1.948524
-1.849117
-1.705556
-1.677355
-1.644438
-1.565153
-1.458186
-1.332000
-1.168030
-0.969813
-0.888000
-0.888000
-0.969111
-1.148539
-1.342204
-1.535537
-1.716502
-1.872619
-1.965346
-1.987051
-1.936267
-1.858546
-1.769043
-1.706402
-1.678794
-1.599296
-1.493609
-1.361298
-1.194126
-0.989385
-0.888000
-0.888000
-0.971512
-1.151451
-1.353212
-1.551407
-1.721642
-1.837399
-1.900920
-1.918721
-1.897983
-1.798911
-1.736216
-1.742997
-1.692315
-1.598537
-1.484289
-1.352974
-1.182194
-0.979586
-0.888000
-0.888000
-0.947039
-1.127295
-1.318287
-1.511023
-1.697548
-1.863342
-1.966220
-1.986775
-1.899107
-1.825670
-1.743098
-1.726515
-1.697049
-1.620967
-1.523052
-1.402861
-1.243166
-1.043754
-0.887985
-0.888192
-0.960112
-1.141552
-1.342391
-1.534440
-1.715608
-1.869657
-1.951506
-1.956500
-1.870140
-1.800839
-1.716838
-1.715711
-1.688148
-1.608990
-1.510602
-1.390383
-1.229309
-1.029862
-0.887999
-0.888060
-0.928393
-1.103392
-1.295492
-1.470557
-1.649103
-1.787591
-1.860639
-1.886035
-1.907956
-1.805809
-1.754906
-1.641394
-1.616200
-1.533869
-1.432325
-1.314215
-1.159900
-0.961525
-0.888000
-0.888981
-0.928588
-1.106200
-1.304614
-1.501234
-1.683656
-1.841685
-1.937847
-1.958419
-1.897062
-1.834939
-1.773504
-1.768012
-1.746615
-1.665583
-1.558405
-1.430727
-1.266500
-1.064402
-0.887941
-0.888000
-0.928892
-1.115423
-1.318590
-1.517009
-1.701681
-1.833369
-1.903010
-1.951729
-1.983138
-1.865523
-1.758042
-1.735329
-1.703391
-1.620320
-1.509333
-1.373344
-1.201254
-0.996247
-0.888000
-0.888000
-0.930287
-1.108858
-1.310588
-1.508993
-1.687980
-1.853778
-1.967108
-1.996918
-1.915588
-1.851597
-1.798688
-1.772068
-1.756180
-1.676890
-1.574435
-1.450102
-1.292231
-1.093668
-0.887978
-0.888067
-0.912215
-1.102610
-1.306486
-1.506724
-1.689399
-1.843785
-1.931650
-1.947554
-1.899967
-1.797500
-1.775082
-1.785517
-1.749825
-1.662797
-1.556600
-1.427937
-1.261532
-1.060164
-0.887955
-0.888429
-0.928761
-1.118491
-1.321616
-1.517724
-1.701533
-1.866285
-1.973037
-2.012510
-1.960097
-1.896666
-1.827325
-1.808163
-1.789711
-1.710096
-1.602669
-1.473716
-1.312110
-1.111767
-0.906877
-0.888000
-0.926411
-1.103650
-1.294145
-1.473125
-1.655806
-1.811439
-1.919244
-1.978515
-1.961519
-1.873166
-1.766044
-1.692603
-1.694002
-1.634658
-1.553805
-1.456615
-1.328030
-1.155126
-0.953925
-0.888000
-0.909855
-1.061432
-1.252584
-1.444905
-1.630930
-1.804033
-1.925413
-1.974390
-1.919506
-1.839834
-1.762799
-1.676927
-1.672413
-1.606936
-1.520009
-1.401384
-1.250045
-1.057745
-0.887965
-0.888152
-0.888001
-1.070882
-1.275097
-1.474619
-1.661212
-1.809013
-1.895940
-1.933446
-1.929459
-1.841397
-1.830149
-1.695916
-1.679642
-1.598396
-1.495602
-1.359499
-1.195218
-0.993468
-0.887997
-0.888066
-0.888000
-1.082096
-1.286407
-1.480918
-1.657791
-1.800674
-1.886939
-1.930806
-1.908306
-1.851236
-1.829596
-1.747238
-1.744170
-1.672690
-1.572321
-1.438882
-1.282659
-1.083992
-0.887756
-0.888000
-0.888000
-1.074780
-1.279118
-1.479085
-1.661429
-1.835226
-1.983848
-2.069607
-2.011489
-1.949697
-1.909555
-1.908573
-1.913630
-1.859642
-1.779315
-1.670358
-1.538933
-1.368873
-1.165640
-0.956549
-0.888624
-1.082852
-1.287467
-1.486438
-1.666813
-1.837274
-1.990344
-2.105867
-2.101940
-2.052020
-1.996021
-1.968598
-1.960503
-1.892323
-1.798525
-1.669024
-1.517218
-1.328014
-1.124048
-0.922744
-0.891069
-1.080349
-1.284515
-1.482291
-1.659662
-1.830258
-1.970922
-2.067154
-2.069934
-2.000425
-1.923478
-1.840352
-1.846644
-1.784475
-1.696589
-1.563136
-1.408991
-1.216352
-1.008562
-0.888096
-0.888036
-1.083312
-1.287759
-1.487034
-1.669862
-1.841977
-1.992176
-2.092544
-2.062391
-1.992543
-1.954806
-1.914131
-1.913613
-1.847447
-1.755155
-1.628634
-1.481380
-1.293956
-1.086415
-0.888103
-0.890118
-1.071276
-1.275723
-1.474687
-1.656862
-1.831020
-1.983649
-2.065806
-1.996345
-1.936141
-1.900772
-1.881781
-1.888898
-1.826714
-1.726735
-1.593678
-1.433954
-1.240721
-1.034592
-0.887998
-0.888037
-1.037008
-1.237426
-1.426463
-1.618342
-1.786590
-1.914643
-1.995733
-2.008740
-1.917998
-1.812490
-1.707014
-1.734547
-1.695154
-1.622849
-1.525371
-1.404741
-1.242355
-1.043556
-0.888000
-0.889536
-1.026001
-1.227814
-1.428384
-1.617223
-1.796225
-1.919511
-1.968322
-1.935823
-1.858242
-1.787277
-1.703694
-1.727748
-1.682471
-1.592727
-1.470744
-1.317593
-1.122724
-0.921374
-0.888339
-0.889952
-1.034402
-1.237004
-1.439549
-1.630678
-1.779634
-1.880943
-1.944556
-1.957753
-1.890257
-1.800124
-1.728461
-1.729303
-1.666679
-1.578249
-1.460333
-1.323859
-1.146564
-0.937161
-0.888000
-0.889916
-1.025275
-1.223690
-1.411642
-1.599578
-1.780518
-1.918659
-1.988710
-1.966691
-1.881132
-1.800333
-1.701389
-1.721065
-1.674767
-1.597244
-1.491200
-1.365289
-1.202673
-1.005444
-0.888000
-0.889114
-1.032455
-1.232282
-1.431925
-1.616803
-1.789735
-1.918230
-1.981021
-1.977221
-1.894829
-1.818928
-1.742744
-1.741524
-1.694607
-1.600184
-1.474976
-1.318994
-1.124835
-0.916892
-0.888000
-0.888001
-1.038993
-1.241595
-1.433021
-1.627653
-1.774599
-1.869993
-1.914827
-1.913757
-1.829492
-1.745530
-1.706422
-1.709426
-1.648046
-1.553192
-1.437085
-1.290019
-1.098348
-0.888151
-0.888792
-0.888004
-1.036609
-1.236120
-1.428855
-1.614809
-1.789205
-1.921769
-1.985677
-1.972490
-1.895752
-1.827656
-1.756372
-1.776404
-1.732923
-1.641197
-1.525991
-1.381743
-1.197583
-0.991324
-0.888000
-0.888447
-0.997714
-1.194072
-1.394651
-1.592300
-1.758861
-1.857511
-1.891440
-1.892596
-1.801558
-1.706213
-1.645154
-1.653464
-1.593816
-1.495932
-1.383390
-1.248579
-1.074114
-0.887781
-0.888136
-0.887998
-0.999683
-1.195370
-1.392164
-1.578525
-1.753238
-1.873108
-1.928239
-1.887147
-1.823194
-1.773565
-1.760564
-1.783902
-1.739239
-1.653849
-1.548139
-1.421550
-1.258295
-1.057154
-0.888000
-0.888584
-0.998950
-1.178744
-1.341119
-1.528701
-1.708041
-1.832637
-1.892363
-1.922593
-1.932577
-1.830852
-1.683647
-1.620677
-1.576327
-1.489427
-1.379721
-1.245496
-1.065012
-0.887909
-0.888054
-0.888030
-1.000877
-1.196990
-1.385735
-1.560663
-1.717237
-1.818427
-1.870177
-1.911178
-1.862190
-1.784105
-1.676858
-1.638999
-1.603787
-1.522333
-1.421903
-1.299220
-1.139109
-0.934828
-0.888000
-0.888000
-1.007421
-1.210008
-1.412326
-1.608376
-1.780926
-1.885875
-1.926701
-1.927491
-1.914578
-1.953584
-1.837285
-1.826921
-1.776042
-1.686786
-1.570367
-1.433296
-1.259978
-1.053986
-0.888000
-0.888814
-0.993419
-1.189566
-1.391422
-1.581164
-1.762127
-1.922678
-2.030132
-2.056444
-1.992314
-1.968248
-1.889121
-1.861236
-1.829901
-1.754881
-1.648736
-1.521280
-1.358996
-1.157774
-0.949468
-0.888603
-1.001772
-1.196370
-1.398328
-1.589130
-1.770574
-1.928553
-2.015594
-1.992504
-1.928040
-1.885652
-1.829235
-1.854823
-1.818912
-1.733301
-1.622567
-1.490980
-1.325539
-1.124191
-0.919991
-0.888000
-0.957636
-1.136289
-1.328759
-1.521431
-1.706004
-1.862359
-1.944626
-1.940084
-1.852582
-1.775388
-1.665974
-1.676990
-1.630121
-1.545939
-1.444660
-1.322417
-1.166435
-0.969729
-0.888000
-0.888000
-0.936711
-1.113464
-1.270836
-1.464508
-1.649433
-1.809611
-1.894254
-1.907660
-1.844765
-1.751015
-1.634521
-1.600626
-1.564109
-1.481332
-1.377326
-1.250320
-1.084235
-0.887998
-0.888185
-0.888000
-0.948836
-1.128519
-1.302987
-1.491575
-1.673766
-1.828106
-1.916431
-1.939286
-1.840308
-1.754718
-1.661739
-1.634389
-1.620969
-1.563366
-1.485144
-1.378726
-1.233706
-1.044652
-0.888000
-0.888000
-0.957728
-1.135831
-1.335169
-1.525804
-1.707708
-1.847398
-1.911152
-1.917611
-1.869208
-1.793935
-1.708301
-1.644538
-1.627715
-1.549179
-1.443419
-1.315567
-1.145037
-0.941285
-0.887639
-0.888002
-0.968219
-1.150137
-1.343602
-1.526350
-1.699553
-1.831774
-1.903079
-1.925799
-1.879807
-1.848030
-1.768124
-1.667677
-1.642531
-1.562557
-1.463843
-1.345634
-1.187867
-0.990884
-0.888000
-0.888000
-0.945798
-1.120174
-1.292584
-1.477519
-1.659196
-1.805451
-1.882556
-1.883096
-1.790942
-1.719366
-1.644763
-1.625072
-1.603166
-1.529935
-1.436506
-1.316874
-1.155553
-0.954557
-0.888119
-0.888090
-0.966278
-1.150724
-1.347944
-1.528553
-1.698278
-1.821654
-1.875153
-1.886060
-1.865103
-1.817855
-1.711246
-1.610119
-1.576852
-1.491417
-1.388097
-1.264513
-1.100886
-0.897619
-0.888804
-0.890113
-0.927108
-1.102935
-1.290083
-1.454392
-1.624239
-1.766331
-1.846735
-1.864114
-1.833574
-1.770259
-1.704864
-1.587058
-1.568117
-1.497344
-1.411302
-1.308794
-1.172339
-0.986852
-0.888000
-0.888000
-0.928081
-1.106886
-1.303047
-1.496457
-1.678206
-1.835161
-1.927876
-1.949917
-1.897483
-1.825438
-1.750421
-1.735714
-1.714591
-1.632898
-1.526692
-1.401694
-1.241853
-1.041833
-0.887995
-0.888000
-0.929752
-1.114765
-1.318050
-1.514138
-1.692712
-1.832901
-1.911825
-1.967288
-1.991284
-1.909082
-1.819185
-1.777101
-1.771428
-1.700779
-1.600701
-1.471002
-1.307174
-1.105249
-0.903519
-0.888000
-0.931996
-1.112863
-1.314375
-1.514993
-1.695352
-1.852744
-1.972592
-2.043818
-2.012271
-1.933892
-1.847546
-1.805513
-1.790419
-1.715809
-1.614347
-1.496400
-1.349580
-1.160856
-0.959723
-0.888000
-0.927167
-1.103640
-1.297739
-1.487437
-1.670243
-1.832037
-1.939963
-1.983841
-1.975009
-1.897818
-1.803182
-1.698969
-1.696957
-1.630813
-1.536528
-1.420597
-1.270622
-1.078596
-0.887996
-0.888000
-0.921565
-1.098517
-1.301570
-1.500391
-1.682443
-1.843333
-1.936939
-1.973763
-1.966690
-1.894412
-1.811516
-1.761506
-1.743155
-1.664376
-1.560849
-1.435597
-1.276786
-1.077219
-0.887973
-0.888000
-0.921998
-1.098990
-1.292903
-1.481373
-1.660954
-1.802579
-1.881065
-1.880629
-1.791103
-1.725017
-1.667088
-1.612242
-1.598250
-1.521973
-1.422291
-1.300301
-1.138670
-0.938616
-0.887760
-0.888036
-0.888000
-1.079470
-1.282584
-1.458187
-1.612350
-1.728331
-1.768046
-1.765079
-1.779443
-1.680623
-1.566700
-1.473824
-1.448499
-1.367353
-1.267142
-1.133126
-0.960298
-0.888000
-0.888051
-0.888000
-0.887991
-1.063225
-1.245560
-1.394672
-1.559293
-1.706349
-1.786232
-1.786670
-1.746375
-1.676390
-1.588969
-1.518061
-1.514920
-1.448218
-1.358797
-1.235974
-1.081075
-0.887997
-0.888000
-0.887984
-0.887997
-1.065144
-1.248907
-1.398287
-1.551010
-1.689433
-1.744105
-1.754722
-1.752272
-1.709551
-1.593390
-1.421896
-1.386411
-1.307772
-1.205047
-1.068329
-0.892651
-0.888000
-0.888000
-0.888000
-0.888000
-1.091999
-1.294975
-1.476562
-1.616378
-1.728310
-1.738635
-1.706089
-1.730742
-1.680306
-1.603591
-1.603057
-1.605684
-1.540927
-1.450931
-1.333604
-1.191690
-1.004870
-0.888000
-0.888000
-0.888000
-1.074046
-1.249125
-1.446163
-1.632575
-1.787095
-1.871107
-1.914206
-1.967509
-1.884407
-1.755404
-1.698414
-1.673664
-1.591246
-1.492864
-1.347633
-1.192700
-0.996503
-0.887998
-0.888000
-0.888026
-1.082658
-1.286574
-1.484722
-1.669960
-1.824369
-1.927851
-1.977196
-1.960135
-1.907244
-1.866140
-1.788935
-1.787516
-1.723694
-1.631899
-1.503198
-1.354370
-1.163161
-0.954602
-0.887771
-0.888137
-1.077924
-1.282521
-1.484350
-1.670499
-1.844876
-1.974147
-2.043716
-2.025304
-1.970625
-1.970369
-1.902560
-1.905188
-1.852382
-1.772473
-1.654658
-1.515795
-1.337991
-1.130991
-0.929680
-0.889361
-1.067775
-1.271954
-1.471605
-1.657492
-1.832243
-1.991620
-2.094988
-2.082808
-2.018368
-1.943781
-1.855440
-1.853038
-1.788794
-1.692510
-1.570294
-1.424067
-1.240635
-1.033890
-0.888000
-0.889420
-1.030928
-1.231650
-1.432187
-1.620149
-1.799837
-1.945473
-2.016921
-1.984869
-1.902654
-1.817946
-1.745882
-1.755809
-1.703524
-1.620656
-1.522905
-1.402307
-1.244532
-1.046986
-0.888000
-0.889861
-1.026511
-1.225896
-1.422934
-1.612580
-1.793766
-1.939619
-2.013166
-1.986628
-1.908235
-1.831362
-1.740522
-1.755619
-1.699405
-1.609000
-1.491063
-1.353655
-1.175500
-0.968776
-0.888000
-0.889405
-1.035325
-1.233828
-1.434334
-1.623133
-1.788872
-1.906099
-1.948441
-1.934821
-1.857106
-1.783384
-1.705536
-1.702149
-1.645860
-1.551876
-1.427951
-1.276683
-1.086958
-0.887516
-0.888000
-0.888000
-1.033484
-1.235169
-1.436087
-1.626210
-1.788286
-1.876332
-1.887705
-1.841912
-1.739200
-1.655549
-1.663668
-1.655306
-1.583391
-1.485560
-1.361159
-1.207753
-1.010524
-0.887989
-0.888042
-0.887999
-1.039476
-1.240745
-1.411813
-1.587287
-1.761945
-1.880503
-1.922842
-1.894224
-1.818792
-1.745762
-1.651439
-1.671662
-1.628309
-1.551701
-1.450684
-1.318214
-1.143737
-0.936913
-0.888000
-0.888143
-1.031957
-1.226714
-1.425797
-1.611339
-1.781443
-1.901931
-1.944689
-1.875944
-1.806860
-1.746466
-1.678521
-1.695361
-1.639523
-1.551926
-1.443161
-1.311263
-1.139390
-0.934489
-0.888272
-0.888239
-1.034111
-1.232680
-1.386871
-1.558014
-1.736824
-1.861564
-1.912758
-1.888158
-1.802218
-1.716469
-1.619475
-1.629605
-1.574742
-1.483557
-1.369113
-1.228294
-1.042944
-0.888000
-0.888000
-0.888384
-0.997762
-1.190694
-1.367431
-1.528963
-1.674904
-1.754978
-1.775711
-1.762269
-1.733657
-1.655757
-1.554537
-1.492081
-1.451412
-1.361132
-1.246168
-1.098326
-0.902005
-0.888000
-0.888005
-0.888022
-0.997690
-1.167399
-1.312027
-1.466488
-1.620116
-1.718927
-1.747982
-1.697535
-1.634294
-1.575225
-1.488785
-1.433258
-1.407674
-1.335455
-1.238315
-1.107037
-0.924770
-0.888000
-0.887981
-0.887986
-0.994959
-1.178616
-1.367596
-1.543006
-1.698688
-1.801144
-1.830355
-1.772298
-1.689855
-1.622732
-1.537119
-1.552698
-1.521258
-1.446968
-1.351327
-1.225875
-1.055087
-0.887973
-0.888484
-0.888037
-0.994850
-1.183803
-1.369921
-1.541885
-1.703835
-1.811986
-1.840676
-1.777834
-1.691267
-1.624454
-1.547144
-1.578610
-1.536647
-1.456139
-1.358231
-1.234572
-1.071849
-0.887681
-0.888043
-0.888033
-0.998182
-1.189153
-1.365156
-1.536545
-1.711777
-1.835774
-1.885790
-1.860835
-1.791732
-1.779123
-1.675138
-1.665790
-1.619823
-1.541077
-1.447006
-1.339689
-1.194573
-1.001485
-0.888000
-0.888602
-0.998899
-1.187570
-1.349792
-1.533366
-1.716600
-1.867019
-1.949705
-1.956629
-1.874935
-1.790266
-1.677195
-1.706217
-1.668950
-1.587694
-1.483193
-1.360237
-1.196792
-0.995432
-0.888000
-0.888516
-1.001592
-1.193563
-1.385559
-1.573910
-1.750435
-1.890695
-1.968199
-1.988904
-1.906819
-1.829139
-1.752222
-1.748583
-1.719900
-1.634818
-1.523123
-1.385280
-1.207502
-1.001238
-0.888000
-0.888000
-0.969241
-1.159464
-1.363005
-1.559241
-1.733694
-1.889875
-1.990301
-2.013202
-1.925680
-1.840359
-1.760479
-1.772884
-1.724194
-1.628403
-1.512703
-1.379385
-1.206681
-1.003589
-0.888000
-0.888000
-0.969310
-1.148653
-1.335652
-1.526049
-1.710437
-1.872900
-1.963114
-1.963004
-1.870938
-1.793871
-1.702563
-1.676658
-1.643090
-1.561965
-1.457475
-1.330987
-1.161843
-0.958163
-0.888066
-0.888006
-0.960908
-1.150607
-1.352955
-1.543637
-1.719561
-1.842184
-1.891918
-1.896243
-1.842005
-1.782380
-1.696817
-1.626061
-1.600345
-1.518034
-1.410434
-1.281047
-1.110198
-0.905334
-0.887907
-0.888000
-0.970107
-1.157419
-1.344211
-1.508110
-1.667184
-1.788166
-1.846736
-1.863475
-1.852315
-1.788007
-1.674404
-1.648801
-1.613238
-1.528659
-1.427215
-1.308051
-1.147130
-0.948299
-0.888000
-0.888000
-0.939771
-1.111811
-1.294206
-1.481989
-1.664223
-1.800205
-1.871238
-1.870318
-1.791618
-1.718293
-1.648096
-1.599921
-1.579660
-1.507354
-1.417578
-1.303148
-1.159485
-0.965150
-0.888523
-0.888135
-0.939785
-1.124248
-1.326639
-1.523215
-1.706303
-1.868520
-1.958064
-1.949084
-1.881144
-1.831099
-1.828607
-1.848041
-1.805403
-1.727529
-1.634716
-1.524452
-1.381833
-1.195817
-0.985524
-0.888000
-0.968084
-1.149199
-1.349510
-1.540614
-1.725527
-1.898561
-2.035666
-2.097147
-2.019894
-1.942036
-1.842139
-1.886700
-1.872929
-1.806882
-1.720873
-1.614454
-1.475779
-1.296403
-1.089783
-0.888435
-0.929750
-1.107330
-1.310074
-1.501182
-1.683782
-1.854878
-2.000293
-2.100717
-2.065558
-1.986517
-1.892714
-1.830891
-1.815036
-1.745638
-1.650975
-1.533042
-1.382115
-1.190649
-0.989382
-0.888000
-0.932264
-1.108688
-1.311541
-1.505991
-1.685686
-1.857616
-1.994910
-2.062804
-1.977180
-1.896177
-1.833559
-1.778920
-1.781690
-1.719302
-1.629594
-1.519536
-1.376917
-1.192532
-0.985456
-0.888000
-0.925444
-1.099233
-1.302058
-1.497073
-1.681339
-1.850623
-1.966827
-2.007616
-1.921963
-1.844131
-1.765838
-1.729979
-1.714301
-1.639659
-1.542735
-1.424091
-1.270362
-1.075189
-0.887834
-0.888000
-0.925509
-1.103676
-1.305800
-1.497521
-1.676254
-1.821520
-1.906874
-1.932184
-1.860706
-1.779930
-1.682817
-1.654566
-1.640825
-1.576376
-1.491898
-1.386424
-1.243784
-1.056985
-0.888000
-0.888000
-0.913764
-1.078506
-1.247315
-1.416744
-1.588871
-1.714417
-1.771604
-1.765856
-1.747779
-1.677534
-1.606690
-1.504300
-1.505897
-1.438536
-1.346852
-1.230277
-1.073601
-0.887885
-0.888036
-0.888005
-0.917016
-1.096178
-1.284309
-1.446088
-1.618420
-1.768704
-1.845302
-1.851002
-1.791656
-1.703795
-1.629152
-1.558927
-1.553245
-1.497184
-1.425602
-1.340525
-1.221217
-1.057091
-0.887923
-0.888000
-0.918946
-1.089301
-1.291278
-1.483427
-1.670999
-1.830872
-1.925027
-1.939755
-1.851615
-1.792431
-1.736273
-1.747343
-1.736997
-1.671470
-1.586930
-1.476584
-1.337614
-1.155485
-0.951712
-0.888610
-0.888207
-1.069106
-1.273318
-1.472573
-1.660842
-1.837731
-1.985486
-2.053544
-1.991868
-1.910154
-1.896579
-1.834151
-1.820603
-1.753341
-1.664845
-1.549908
-1.409460
-1.227491
-1.020617
-0.888000
-0.890739
-1.070552
-1.274246
-1.473168
-1.658242
-1.827391
-1.945340
-2.012123
-2.039941
-1.964388
-1.871563
-1.766423
-1.776700
-1.715903
-1.624984
-1.502117
-1.352503
-1.160577
-0.953995
-0.888000
-0.890537
-1.072347
-1.276371
-1.475889
-1.659076
-1.834124
-1.973929
-2.046889
-1.996164
-1.919950
-1.851295
-1.783082
-1.798458
-1.747526
-1.668646
-1.561331
-1.425964
-1.249820
-1.043139
-0.888000
-0.891293
-1.066608
-1.270275
-1.469247
-1.654426
-1.829447
-1.966856
-2.029563
-1.988082
-1.906595
-1.825254
-1.717738
-1.729719
-1.671528
-1.588484
-1.471183
-1.332534
-1.152828
-0.946685
-0.889278
-0.891697
-1.075730
-1.279632
-1.478354
-1.662545
-1.836017
-1.964905
-2.031267
-2.015869
-1.933371
-1.884879
-1.760163
-1.764591
-1.699394
-1.605450
-1.480358
-1.330086
-1.138894
-0.931133
-0.888086
-0.891526
-1.078579
-1.282283
-1.480778
-1.663657
-1.838539
-1.981384
-2.064326
-2.039223
-1.966944
-1.898189
-1.809579
-1.828303
-1.776447
-1.693437
-1.577349
-1.437081
-1.256442
-1.049827
-0.888000
-0.889923
-1.074724
-1.278795
-1.477168
-1.655739
-1.828984
-1.982584
-2.087579
-2.043692
-1.966968
-1.900520
-1.815914
-1.836139
-1.790211
-1.712858
-1.604209
-1.473606
-1.301782
-1.096064
-0.894815
-0.889322
-1.034152
-1.236421
-1.437613
-1.620617
-1.794866
-1.955276
-2.071568
-2.050664
-1.979013
-1.928974
-1.852890
-1.881010
-1.837149
-1.759543
-1.642095
-1.497166
-1.316048
-1.109777
-0.901168
-0.890039
-1.040725
-1.243325
-1.444895
-1.627237
-1.802506
-1.963218
-2.073281
-2.069710
-1.997613
-1.928801
-1.849276
-1.858203
-1.807917
-1.718239
-1.600556
-1.460190
-1.280560
-1.077173
-0.887997
-0.888644
-1.032844
-1.233984
-1.435974
-1.621606
-1.798727
-1.955064
-2.052337
-2.022675
-1.934578
-1.844539
-1.768308
-1.791058
-1.745120
-1.665043
-1.562564
-1.439946
-1.279588
-1.080901
-0.887996
-0.889419
-1.030420
-1.230939
-1.425851
-1.612829
-1.788244
-1.888733
-1.910403
-1.869154
-1.795361
-1.727821
-1.680232
-1.687881
-1.629718
-1.532598
-1.406634
-1.256710
-1.068349
-0.887999
-0.888959
-0.889469
-1.033375
-1.218300
-1.394509
-1.581604
-1.759755
-1.891474
-1.949629
-1.936498
-1.846703
-1.760629
-1.657562
-1.639736
-1.601643
-1.527764
-1.431294
-1.300682
-1.128542
-0.925039
-0.889031
-0.888113
-1.032394
-1.230563
-1.430673
-1.617944
-1.793077
-1.913131
-1.952094
-1.910228
-1.830923
-1.749625
-1.645907
-1.653062
-1.591623
-1.497400
-1.378822
-1.233474
-1.045927
-0.887985
-0.888048
-0.888017
-1.034689
-1.235318
-1.409562
-1.565558
-1.718571
-1.830070
-1.877285
-1.871477
-1.797749
-1.732318
-1.637580
-1.670252
-1.628542
-1.549948
-1.455094
-1.336417
-1.178772
-0.978321
-0.888000
-0.888048
-0.999649
-1.195661
-1.387767
-1.581144
-1.760666
-1.890248
-1.954330
-1.946768
-1.868837
-1.825400
-1.699307
-1.727241
-1.687371
-1.603412
-1.498730
-1.369387
-1.201816
-0.998201
-0.888000
-0.888730
-1.003053
-1.193017
-1.378891
-1.566434
-1.742321
-1.869773
-1.948821
-2.011635
-2.042226
-1.935844
-1.791818
-1.682602
-1.646495
-1.559762
-1.445635
-1.308669
-1.130143
-0.928287
-0.888006
-0.888747
-0.995050
-1.189215
-1.384380
-1.578580
