-1.876075
-1.923113
-1.900549
-1.880042
-1.844178
-1.796719
-1.754640
-1.762265
-1.742544
-1.705595
-1.676502
-1.636866
-1.546063
-1.548104
-1.595645
-1.452239
-1.251574
-1.049608
-0.888000
-0.888000
-0.909322
-0.888000
-0.888000
-0.888000
-0.888143
-0.888000
-0.888000
-0.888000
-0.888000
-0.888000
-0.888000
-0.888000
-0.956767
-0.956610
-0.888000
-0.888026
-0.964831
-1.016990
-1.041810
-1.059416
-1.163289
-1.161890
-1.224542
-1.326557
-1.481634
-1.626111
-1.709247
-1.715511
-1.787915
-1.813332
-1.807963
-1.749249
-1.659570
-1.564062
-1.472106
-1.361797
-1.224639
-1.063282
-0.887993
-0.970746
-1.173034
-1.372693
-1.536883
-1.677624
-1.815291
-1.873425
-1.814417
-1.722765
-1.582814
-1.378605
-1.283771
-1.168389
-1.048113
-0.921599
-0.888000
-0.888000
-0.888064
-0.888008
-0.888017
-0.887445
-0.998814
-1.192490
-1.231788
-1.200398
-1.208143
-1.239191
-1.257811
-1.322469
-1.435024
-1.528446
-1.609186
-1.679215
-1.737764
-1.765974
-1.773993
-1.778776
-1.785850
-1.789675
-1.795301
-1.803212
-1.808295
-1.805080
-1.902076
-2.083972
-2.239624
-2.352873
-2.365641
-2.268013
-2.221170
-2.156180
-2.091832
-2.121900
-2.141392
-2.146185
-2.117944
-2.056824
-1.984342
-1.914485
-1.849152
-1.783093
-1.718439
-1.649134
-1.569614
-1.672849
-1.850717
-1.865600
-1.948346
-2.084774
-2.187064
-2.132696
-1.993356
-1.857576
-1.746613
-1.675414
-1.670189
-1.644314
-1.610986
-1.577122
-1.552037
-1.528311
-1.499117
-1.463374
-1.427740
-1.547118
-1.681844
-1.776366
-1.846082
-1.922442
-2.011601
-2.004269
-1.939718
-1.890729
-1.828829
-1.745429
-1.709304
-1.695996
-1.670206
-1.647088
-1.628807
-1.598712
-1.550292
-1.495018
-1.438612
-1.568194
-1.709412
-1.765546
-1.790393
-1.875603
-1.982315
-1.989052
-1.918798
-1.837689
-1.745353
-1.673057
-1.599681
-1.583712
-1.548550
-1.516456
-1.495178
-1.462602
-1.409399
-1.349263
-1.289673
-1.396034
-1.531122
-1.596103
-1.650288
-1.771325
-1.896575
-1.910525
-1.839909
-1.768185
-1.671272
-1.594763
-1.523145
-1.508123
-1.474312
-1.443998
-1.423470
-1.386778
-1.328156
-1.262707
-1.197919
-1.307660
-1.450640
-1.518902
-1.573926
-1.696326
-1.834034
-1.864219
-1.805173
-1.737225
-1.634818
-1.535115
-1.495753
-1.474430
-1.432371
-1.392332
-1.363739
-1.323413
-1.260527
-1.189225
-1.116998
-1.219217
-1.372024
-1.457234
-1.531242
-1.665476
-1.808696
-1.843899
-1.786914
-1.720999
-1.616398
-1.509792
-1.466951
-1.446816
-1.404524
-1.364454
-1.336740
-1.294746
-1.228826
-1.154274
-1.078430
-1.191247
-1.353217
-1.437762
-1.506703
-1.634402
-1.773494
-1.807186
-1.758617
-1.695353
-1.588381
-1.490478
-1.417344
-1.396034
-1.351961
-1.310271
-1.281046
-1.239690
-1.174887
-1.101308
-1.025954
-1.151016
-1.326925
-1.415052
-1.482853
-1.613935
-1.758330
-1.802533
-1.766613
-1.711621
-1.600632
-1.497085
-1.405204
-1.385874
-1.342109
-1.300919
-1.272654
-1.232340
-1.168840
-1.096381
-1.021954
-1.149097
-1.329618
-1.417621
-1.483381
-1.616913
-1.761726
-1.807526
-1.774485
-1.717598
-1.609199
-1.504417
-1.414749
-1.392516
-1.345143
-1.300330
-1.268637
-1.227525
-1.164006
-1.092021
-1.017597
-1.146225
-1.332544
-1.417886
-1.477229
-1.607631
-1.753057
-1.804993
-1.783387
-1.734225
-1.623818
-1.526187
-1.390381
-1.379495
-1.338996
-1.301941
-1.276973
-1.238825
-1.177183
-1.107001
-1.034878
-1.161731
-1.340790
-1.420884
-1.481973
-1.616325
-1.764209
-1.810723
-1.773539
-1.709497
-1.605223
-1.514245
-1.411038
-1.388319
-1.341495
-1.297387
-1.265998
-1.223989
-1.159305
-1.086228
-1.009991
-1.136788
-1.321843
-1.412148
-1.481110
-1.618566
-1.767657
-1.820530
-1.793553
-1.744974
-1.629049
-1.527461
-1.404083
-1.391210
-1.349243
-1.310427
-1.283060
-1.242714
-1.178515
-1.105163
-1.029842
-1.155262
-1.329586
-1.412464
-1.475923
-1.614077
-1.770587
-1.824752
-1.782512
-1.709762
-1.610976
-1.518292
-1.430465
-1.405788
-1.359000
-1.314644
-1.282456
-1.240423
-1.176218
-1.103247
-1.027052
-1.155054
-1.332828
-1.422863
-1.491781
-1.633215
-1.785750
-1.843618
-1.819268
-1.778241
-1.659128
-1.535365
-1.444135
-1.417273
-1.371567
-1.329269
-1.294279
-1.250173
-1.183933
-1.108684
-1.030948
-1.160038
-1.338190
-1.420993
-1.476194
-1.611219
-1.768026
-1.832203
-1.801790
-1.739233
-1.630309
-1.541488
-1.424539
-1.410140
-1.364528
-1.322785
-1.292908
-1.249759
-1.182186
-1.105691
-1.024861
-1.146418
-1.330622
-1.413591
-1.475153
-1.604784
-1.750092
-1.795649
-1.763305
-1.718567
-1.607284
-1.514045
-1.379905
-1.358467
-1.320173
-1.284816
-1.260359
-1.220929
-1.156046
-1.081280
-1.003752
-1.125508
-1.301092
-1.388513
-1.456326
-1.596000
-1.753863
-1.809077
-1.765290
-1.687103
-1.585794
-1.504290
-1.420233
-1.394941
-1.348751
-1.304868
-1.272405
-1.231289
-1.167760
-1.094862
-1.018224
-1.147400
-1.326031
-1.418598
-1.484930
-1.628393
-1.784451
-1.845629
-1.817228
-1.766974
-1.649810
-1.532606
-1.438860
-1.414495
-1.371245
-1.330288
-1.297833
-1.255862
-1.191043
-1.116550
-1.039388
-1.164388
-1.336376
-1.422523
-1.483913
-1.623390
-1.787845
-1.853168
-1.809058
-1.738088
-1.638479
-1.550113
-1.459151
-1.440317
-1.396308
-1.353634
-1.322706
-1.280418
-1.214606
-1.139507
-1.060580
-1.183629
-1.356101
-1.438349
-1.497157
-1.630141
-1.779819
-1.836339
-1.803556
-1.752810
-1.639051
-1.528940
-1.433208
-1.410103
-1.368034
-1.327791
-1.296521
-1.254010
-1.186934
-1.109795
-1.029197
-1.150792
-1.322902
-1.409579
-1.473378
-1.615000
-1.781325
-1.846888
-1.801249
-1.728936
-1.630199
-1.541690
-1.454597
-1.432004
-1.386204
-1.342193
-1.310351
-1.266465
-1.198963
-1.121551
-1.039808
-1.165905
-1.342594
-1.431534
-1.492370
-1.630224
-1.784278
-1.846741
-1.820856
-1.770112
-1.652226
-1.547495
-1.440108
-1.416219
-1.369479
-1.324228
-1.288916
-1.244394
-1.176676
-1.098567
-1.016156
-1.147798
-1.327148
-1.414171
-1.468754
-1.606728
-1.769956
-1.842080
-1.807657
-1.742712
-1.634807
-1.542345
-1.437016
-1.422654
-1.377924
-1.336540
-1.305574
-1.264857
-1.201290
-1.127777
-1.049675
-1.177228
-1.353711
-1.440281
-1.498010
-1.634753
-1.786857
-1.846074
-1.818345
-1.767498
-1.649861
-1.543555
-1.427979
-1.414795
-1.375896
-1.340298
-1.312930
-1.273808
-1.210706
-1.138411
-1.062756
-1.181186
-1.347479
-1.429677
-1.486251
-1.624987
-1.793699
-1.869279
-1.830515
-1.757795
-1.654990
-1.569467
-1.486130
-1.465365
-1.422449
-1.380511
-1.350459
-1.309748
-1.246276
-1.172995
-1.095230
-1.221790
-1.388396
-1.471193
-1.523266
-1.654584
-1.807541
-1.868006
-1.834242
-1.777728
-1.661854
-1.556330
-1.447000
-1.424229
-1.382194
-1.341692
-1.309093
-1.269154
-1.207350
-1.135942
-1.060713
-1.180411
-1.342652
-1.429838
-1.490067
-1.627444
-1.799306
-1.868433
-1.815971
-1.728239
-1.623443
-1.543090
-1.486401
-1.463486
-1.418265
-1.373585
-1.339956
-1.303273
-1.247105
-1.181128
-1.110820
-1.225807
-1.388263
-1.482990
-1.549469
-1.684235
-1.837684
-1.892526
-1.844638
-1.771888
-1.666256
-1.575536
-1.488933
-1.469790
-1.426572
-1.385060
-1.353756
-1.314540
-1.252902
-1.180841
-1.104676
-1.222980
-1.386094
-1.472434
-1.528072
-1.656506
-1.813184
-1.877879
-1.835412
-1.768839
-1.661435
-1.567600
-1.475790
-1.460789
-1.418918
-1.378956
-1.349616
-1.310294
-1.246853
-1.172947
-1.094792
-1.216928
-1.384526
-1.467934
-1.517737
-1.643816
-1.798157
-1.868067
-1.834317
-1.775802
-1.663918
-1.570324
-1.464964
-1.454338
-1.416056
-1.379192
-1.352412
-1.313338
-1.249972
-1.176141
-1.097410
-1.223595
-1.395522
-1.474290
-1.519151
-1.645251
-1.797487
-1.862500
-1.827041
-1.765630
-1.651742
-1.557514
-1.450463
-1.438252
-1.397280
-1.358321
-1.329484
-1.291052
-1.229222
-1.157408
-1.080552
-1.210195
-1.381689
-1.463879
-1.509827
-1.638400
-1.793407
-1.859711
-1.822856
-1.753290
-1.640088
-1.549924
-1.446110
-1.431668
-1.390903
-1.350986
-1.322241
-1.287298
-1.230861
-1.165549
-1.095573
-1.233271
-1.398378
-1.479574
-1.518813
-1.642026
-1.794580
-1.860657
-1.826049
-1.753859
-1.638297
-1.543211
-1.429709
-1.411873
-1.374204
-1.337417
-1.311059
-1.279675
-1.227066
-1.165353
-1.099263
-1.221669
-1.382269
-1.470205
-1.523768
-1.655208
-1.820144
-1.887217
-1.839409
-1.752476
-1.645073
-1.557715
-1.477420
-1.453349
-1.408922
-1.364354
-1.330255
-1.293921
-1.239218
-1.175005
-1.105112
-1.221725
-1.386321
-1.483170
-1.547968
-1.682317
-1.837962
-1.902780
-1.860550
-1.785722
-1.681295
-1.594818
-1.518142
-1.492769
-1.446741
-1.399692
-1.362489
-1.321433
-1.260899
-1.190782
-1.114451
-1.242548
-1.405987
-1.492274
-1.539530
-1.665916
-1.823490
-1.888547
-1.840940
-1.759728
-1.648318
-1.557896
-1.451762
-1.434005
-1.395050
-1.356173
-1.328051
-1.295698
-1.243049
-1.181124
-1.114361
-1.234921
-1.399687
-1.489591
-1.540096
-1.667406
-1.828239
-1.892994
-1.843950
-1.758162
-1.648056
-1.562908
-1.473621
-1.461080
-1.421063
-1.380863
-1.350811
-1.319707
-1.276266
-1.225339
-1.168869
-1.288468
-1.448244
-1.541589
-1.598066
-1.730713
-1.888028
-1.956405
-1.914331
-1.841201
-1.728348
-1.636577
-1.547070
-1.516355
-1.480881
-1.443522
-1.416059
-1.378695
-1.317463
-1.246171
-1.169330
-1.295121
-1.479687
-1.562533
-1.591507
-1.700994
-1.843480
-1.896503
-1.844000
-1.761594
-1.647293
-1.556100
-1.457263
-1.441288
-1.401924
-1.362184
-1.333360
-1.303861
-1.261200
-1.210786
-1.155387
-1.224325
-1.413834
-1.518607
-1.580430
-1.715900
-1.874771
-1.938399
-1.884306
-1.799838
-1.690202
-1.602844
-1.507918
-1.481165
-1.437955
-1.395700
-1.363052
-1.326884
-1.267658
-1.196776
-1.119730
-1.187167
-1.386290
-1.489182
-1.538246
-1.668713
-1.815357
-1.886558
-1.849221
-1.787343
-1.673387
-1.580199
-1.474432
-1.447543
-1.407059
-1.362225
-1.325137
-1.285996
-1.222424
-1.147212
-1.064749
-1.130216
-1.331437
-1.437320
-1.483945
-1.622492
-1.767361
-1.833505
-1.793000
-1.732961
-1.634542
-1.555493
-1.489322
-1.376575
-1.350738
-1.317479
-1.290730
-1.264022
-1.213649
-1.153114
-1.086530
-1.153978
-1.355734
-1.462774
-1.509835
-1.660487
-1.795849
-1.859139
-1.828689
-1.776753
-1.669407
-1.579701
-1.496612
-1.388608
-1.361855
-1.327350
-1.300043
-1.274193
-1.224843
-1.165276
-1.099524
-1.166019
-1.367598
-1.474123
-1.528352
-1.674928
-1.829536
-1.882590
-1.825722
-1.747938
-1.648009
-1.565298
-1.469335
-1.421442
-1.391731
-1.353598
-1.322621
-1.294085
-1.246374
-1.188911
-1.125484
-1.165204
-1.359310
-1.458820
-1.542410
-1.690038
-1.850477
-1.893968
-1.797281
-1.679443
-1.586655
-1.523838
-1.465228
-1.451751
-1.409980
-1.367898
-1.330207
-1.291777
-1.236218
-1.170880
-1.100419
-1.144326
-1.316445
-1.420211
-1.498441
-1.664310
-1.838634
-1.916047
-1.845900
-1.734214
-1.638758
-1.570052
-1.499606
-1.470544
-1.417805
-1.362811
-1.311209
-1.257443
-1.193346
-1.120158
-1.040376
-1.083828
-1.246756
-1.365279
-1.460451
-1.639041
-1.830944
-1.933793
-1.874835
-1.764923
-1.668168
-1.598544
-1.531840
-1.494766
-1.433137
-1.369616
-1.310666
-1.248268
-1.175948
-1.093284
-1.003098
-1.052914
-1.228257
-1.352963
-1.449839
-1.623402
-1.812166
-1.914236
-1.861148
-1.766796
-1.663117
-1.579716
-1.493722
-1.469727
-1.418105
-1.365107
-1.317567
-1.267007
-1.206462
-1.136867
-1.061517
-1.118935
-1.304683
-1.427381
-1.505669
-1.663327
-1.847507
-1.960128
-1.925807
-1.846099
-1.727766
-1.631078
-1.524074
-1.516784
-1.471772
-1.423131
-1.383239
-1.341619
-1.286383
-1.219900
-1.147271
-1.201115
-1.398262
-1.507084
-1.567993
-1.701480
-1.861184
-1.934824
-1.869237
-1.777884
-1.668190
-1.582003
-1.493619
-1.495461
-1.459298
-1.414951
-1.376968
-1.338746
-1.292554
-1.237265
-1.177012
-1.215137
-1.400946
-1.515813
-1.603384
-1.746432
-1.915732
-1.987232
-1.904279
-1.789948
-1.696191
-1.630699
-1.581834
-1.562869
-1.512142
-1.457009
-1.407966
-1.357907
-1.298321
-1.229786
-1.156735
-1.200640
-1.374816
-1.488545
-1.564765
-1.717841
-1.891055
-1.981441
-1.922193
-1.823533
-1.717944
-1.636951
-1.539884
-1.521921
-1.478673
-1.429009
-1.384363
-1.338117
-1.278733
-1.207975
-1.131346
-1.174203
-1.347942
-1.455110
-1.531187
-1.682368
-1.853661
-1.946111
-1.882745
-1.778555
-1.680908
-1.609026
-1.542816
-1.523071
-1.472385
-1.417570
-1.366643
-1.313114
-1.250385
-1.177003
-1.097167
-1.135376
-1.305175
-1.425302
-1.520199
-1.680767
-1.863685
-1.958654
-1.891150
-1.781814
-1.681978
-1.606428
-1.539523
-1.515257
-1.461126
-1.403782
-1.349935
-1.292296
-1.225218
-1.147140
-1.061265
-1.099583
-1.266464
-1.391102
-1.492779
-1.658949
-1.840656
-1.947537
-1.890787
-1.784276
-1.686869
-1.612441
-1.549365
-1.528857
-1.478654
-1.424896
-1.373630
-1.318716
-1.254478
-1.179269
-1.096718
-1.131079
-1.295020
-1.418024
-1.517179
-1.677257
-1.861899
-1.967269
-1.904941
-1.791529
-1.691760
-1.616643
-1.556221
-1.529659
-1.474194
-1.414616
-1.358005
-1.296867
-1.226482
-1.143764
-1.051552
-1.083939
-1.249833
-1.381734
-1.502149
-1.661670
-1.844437
-1.967448
-1.916427
-1.809986
-1.721739
-1.660669
-1.623042
-1.605385
-1.557084
-1.502209
-1.452365
-1.400170
-1.335008
-1.257692
-1.172829
-1.211797
-1.378218
-1.489720
-1.562211
-1.707474
-1.873491
-1.976594
-1.924356
-1.829215
-1.720668
-1.633954
-1.527275
-1.522518
-1.486605
-1.441423
-1.398302
-1.352955
-1.298508
-1.233233
-1.161150
-1.187354
-1.359390
-1.482333
-1.574211
-1.718965
-1.896072
-1.997641
-1.930016
-1.814157
-1.712255
-1.641332
-1.589818
-1.572059
-1.522811
-1.468262
-1.418524
-1.365378
-1.303858
-1.230738
-1.148897
-1.170317
-1.340897
-1.475913
-1.601819
-1.746462
-1.897433
-1.997306
-1.946182
-1.853400
-1.777858
-1.727390
-1.703047
-1.701705
-1.668685
-1.627856
-1.591125
-1.553458
-1.497195
-1.428062
-1.352448
-1.386958
-1.548121
-1.643515
-1.693729
-1.819193
-1.969746
-2.056899
-1.989339
-1.877113
-1.766874
-1.679921
-1.588082
-1.559887
-1.522915
-1.476387
-1.430674
-1.382170
-1.325435
-1.258089
-1.183032
-1.199401
-1.354966
-1.477343
-1.571464
-1.721410
-1.896910
-2.009822
-1.948229
-1.835384
-1.740443
-1.676237
-1.629014
-1.604995
-1.551675
-1.492497
-1.435960
-1.375017
-1.306052
-1.225921
-1.135124
-1.162064
-1.315184
-1.443854
-1.563632
-1.710872
-1.871997
-1.988082
-1.945316
-1.846587
-1.763257
-1.702831
-1.658581
-1.661178
-1.624627
-1.580078
-1.539589
-1.498632
-1.438682
-1.362928
-1.280092
-1.274139
-1.440333
-1.543354
-1.598684
-1.725994
-1.881933
-1.995685
-1.953072
-1.858918
-1.745939
-1.653663
-1.570604
-1.513210
-1.473269
-1.425197
-1.380062
-1.331978
-1.274069
-1.204607
-1.127969
-1.120805
-1.301848
-1.429021
-1.503318
-1.632018
-1.797471
-1.931581
-1.909561
-1.822886
-1.715073
-1.626713
-1.554994
-1.561644
-1.524015
-1.476931
-1.433696
-1.388063
-1.334301
-1.269698
-1.197128
-1.182480
-1.373804
-1.507956
-1.618898
-1.741835
-1.884356
-1.968269
-1.906224
-1.809483
-1.731421
-1.684515
-1.652884
-1.678271
-1.661335
-1.633650
-1.607036
-1.578451
-1.534259
-1.474678
-1.408570
-1.391368
-1.581147
-1.687756
-1.751851
-1.861984
-2.006817
-2.081273
-1.988316
-1.863982
-1.769113
-1.702651
-1.640435
-1.632726
-1.609392
-1.573182
-1.537544
-1.500219
-1.455539
-1.401747
-1.339117
-1.304230
-1.464515
-1.603566
-1.706338
-1.847741
-2.017267
-2.121748
-2.038962
-1.929011
-1.843995
-1.787860
-1.765357
-1.745424
-1.696197
-1.638419
-1.581472
-1.521473
-1.453644
-1.374379
-1.285919
-1.236819
-1.357782
-1.496790
-1.628805
-1.773151
-1.924741
-2.032022
-2.000250
-1.923206
-1.856259
-1.810147
-1.795772
-1.801982
-1.770753
-1.730131
-1.692453
-1.653850
-1.596906
-1.522893
-1.440155
-1.416119
-1.567545
-1.673812
-1.737903
-1.848354
-1.994958
-2.107787
-2.063292
-1.957230
-1.847237
-1.759659
-1.688388
-1.607291
-1.577407
-1.534121
-1.492103
-1.448568
-1.392849
-1.322576
-1.242847
-1.234239
-1.419561
-1.538590
-1.598804
-1.713797
-1.879693
-2.004781
-1.979600
-1.886651
-1.765951
-1.658636
-1.569184
-1.571164
-1.538248
-1.489813
-1.442474
-1.392068
-1.334346
-1.265397
-1.187255
-1.165007
-1.307660
-1.455850
-1.591595
-1.725862
-1.880837
-1.955075
-1.881021
-1.789498
-1.729351
-1.703915
-1.679498
-1.717631
-1.724704
-1.718456
-1.708354
-1.688514
-1.647260
-1.590724
-1.526212
-1.506050
-1.674146
-1.767729
-1.814386
-1.917306
-2.048570
-2.123315
-2.053127
-1.929414
-1.817875
-1.730573
-1.658501
-1.566334
-1.544823
-1.512341
-1.482337
-1.450026
-1.408119
-1.355467
-1.293203
-1.268535
-1.442455
-1.575238
-1.657591
-1.778096
-1.940394
-2.052870
-1.994164
-1.880730
-1.782455
-1.712068
-1.664418
-1.661971
-1.622041
-1.571281
-1.521191
-1.467904
-1.406120
-1.332151
-1.249686
-1.218912
-1.359003
-1.497248
-1.615086
-1.745043
-1.888412
-1.984136
-1.943817
-1.853431
-1.774264
-1.719821
-1.673121
-1.676179
-1.659661
-1.628202
-1.597784
-1.566274
-1.518250
-1.450944
-1.372131
-1.355447
-1.523159
-1.636972
-1.700559
-1.800374
-1.946535
-2.062358
-2.022785
-1.924994
-1.820818
-1.739118
-1.673523
-1.620190
-1.598556
-1.560570
-1.522320
-1.481190
-1.430697
-1.368806
-1.297669
-1.281259
-1.449808
-1.582608
-1.666211
-1.766283
-1.921639
-2.048818
-2.027298
-1.928160
-1.832069
-1.759717
-1.730215
-1.743105
-1.718303
-1.676905
-1.632051
-1.582987
-1.526098
-1.457342
-1.380129
-1.342001
-1.468344
-1.604797
-1.712512
-1.818701
-1.957206
-2.032064
-1.960114
-1.864407
-1.792740
-1.751704
-1.716342
-1.727536
-1.737502
-1.729591
-1.715263
-1.687590
-1.644400
-1.587256
-1.521609
-1.500051
-1.657956
-1.769101
-1.832710
-1.928057
-2.061625
-2.145424
-2.089968
-1.989602
-1.883992
-1.796893
-1.728479
-1.644513
-1.633397
-1.607931
-1.584344
-1.560036
-1.523843
-1.473243
-1.411232
-1.400092
-1.570542
-1.720842
-1.797221
-1.919519
-2.072125
-2.158022
-2.100055
-1.987245
-1.870416
-1.771818
-1.700017
-1.673441
-1.661932
-1.631609
-1.601530
-1.568207
-1.524401
-1.468855
-1.403908
-1.374544
-1.564216
-1.688845
-1.749992
-1.832047
-1.970909
-2.053152
-1.976958
-1.862179
-1.769718
-1.706905
-1.659819
-1.655193
-1.652232
-1.632725
-1.609938
-1.581775
-1.544496
-1.495756
-1.437446
-1.408326
-1.563331
-1.697894
-1.793096
-1.904616
-2.039195
-2.098066
-2.012794
-1.907457
-1.831962
-1.782549
-1.740368
-1.748536
-1.742109
-1.722508
-1.697645
-1.661056
-1.604525
-1.531229
-1.448441
-1.423349
-1.565000
-1.670008
-1.742239
-1.850070
-1.982124
-2.080964
-2.052815
-1.972972
-1.872352
-1.784115
-1.697020
-1.622150
-1.600211
-1.561682
-1.522613
-1.479082
-1.425994
-1.361658
-1.284662
-1.282698
-1.467871
-1.636837
-1.740299
-1.877156
-2.047047
-2.147448
-2.117477
-2.031682
-1.894594
-1.775831
-1.709266
-1.677544
-1.677145
-1.655783
-1.633696
-1.607450
-1.569476
-1.519776
-1.459721
-1.445144
-1.643731
-1.749916
-1.786367
-1.874974
-2.019721
-2.089571
-2.024847
-1.899805
-1.767450
-1.670382
-1.614650
-1.535161
-1.556112
-1.552148
-1.546220
-1.535779
-1.514627
-1.480603
-1.435820
-1.441533
-1.610134
-1.724973
-1.788222
-1.866824
-1.978935
-2.008920
-1.909488
-1.806894
-1.737889
-1.699376
-1.664664
-1.679813
-1.699313
-1.703797
-1.698630
-1.680298
-1.643575
-1.591869
-1.529975
-1.536743
-1.674531
-1.781539
-1.855042
-1.956949
-2.074224
-2.133784
-2.062229
-1.957082
-1.873796
-1.817683
-1.766718
-1.736761
-1.745494
-1.740291
-1.727340
-1.700496
-1.653804
-1.591727
-1.517251
-1.533372
-1.684580
-1.776004
-1.813158
-1.922626
-2.058033
-2.137609
-2.091462
-1.996674
-1.879765
-1.779562
-1.699733
-1.570921
-1.560306
-1.529869
-1.501470
-1.469134
-1.423949
-1.363916
-1.289061
-1.336838
-1.517834
-1.657192
-1.732793
-1.869823
-2.028502
-2.118741
-2.078445
-1.983868
-1.857922
-1.748232
-1.690545
-1.659728
-1.673217
-1.662581
-1.651012
-1.631845
-1.599569
-1.554878
-1.498016
-1.515265
-1.700534
-1.794319
-1.822880
-1.924949
-2.075281
-2.139842
-2.076638
-1.955913
-1.828793
-1.729156
-1.674182
-1.579234
-1.605412
-1.617082
-1.615693
-1.604482
-1.580665
-1.544197
-1.495571
-1.496952
-1.688313
-1.789415
-1.830087
-1.923120
-2.049089
-2.081493
-1.971061
-1.849725
-1.766450
-1.708716
-1.669113
-1.644000
-1.662819
-1.662638
-1.653518
-1.631208
-1.595604
-1.547298
-1.487128
-1.463195
-1.612411
-1.738534
-1.822900
-1.931233
-2.039707
-2.060840
-1.949945
-1.846645
-1.781467
-1.739990
-1.706663
-1.684112
-1.710967
-1.719883
-1.719385
-1.703977
-1.668792
-1.614510
-1.545823
-1.550731
-1.683407
-1.770574
-1.838409
-1.944809
-2.056298
-2.120514
-2.046243
-1.950768
-1.876550
-1.822932
-1.765320
-1.739972
-1.735412
-1.713392
-1.686190
-1.644625
-1.581457
-1.499687
-1.402967
-1.437963
-1.594102
-1.688267
-1.739974
-1.884363
-2.033846
-2.117347
-2.076682
-1.983726
-1.868374
-1.768823
-1.678887
-1.536728
-1.521286
-1.487458
-1.454295
-1.412292
-1.354298
-1.277159
-1.180490
-1.251313
-1.440351
-1.587024
-1.674284
-1.856005
-2.029867
-2.106645
-2.057479
-1.965999
-1.836028
-1.716519
-1.627674
-1.566994
-1.564285
-1.542618
-1.521941
-1.495456
-1.454869
-1.399588
-1.329896
-1.388657
-1.578104
-1.686854
-1.741872
-1.857828
-2.012048
-2.061180
-1.963146
-1.830690
-1.716945
-1.629774
-1.584181
-1.610391
-1.601624
-1.574131
-1.544399
-1.507730
-1.459379
-1.396247
-1.320542
-1.338522
-1.498023
-1.623275
-1.721028
-1.840379
-1.972829
-1.996190
-1.882048
-1.775596
-1.707371
-1.663834
-1.626096
-1.618697
-1.615582
-1.599083
-1.574446
-1.536199
-1.474164
-1.390585
-1.291575
-1.341995
-1.492350
-1.580647
-1.649382
-1.793428
-1.937970
-2.014825
-1.969918
-1.867753
-1.779730
-1.711056
-1.644001
-1.572613
-1.558842
-1.532249
-1.500200
-1.453071
-1.382739
-1.292813
-1.184466
-1.248512
-1.433024
-1.551786
-1.618240
-1.791732
-1.950919
-2.030477
-2.003290
-1.929229
-1.809598
-1.704118
-1.615115
-1.469249
-1.463124
-1.436480
-1.411925
-1.379543
-1.327546
-1.255126
-1.163322
-1.239165
-1.428180
-1.574078
-1.657261
-1.834812
-2.003922
-2.066588
-2.001808
-1.891375
-1.767373
-1.658800
-1.590735
-1.555734
-1.557123
-1.539860
-1.521571
-1.496957
-1.457268
-1.402499
-1.333201
-1.392106
-1.582163
-1.681498
-1.734964
-1.856854
-2.006046
-2.036778
-1.923462
-1.797490
-1.704647
-1.636176
-1.568860
-1.583083
-1.576448
-1.553657
-1.526382
-1.490354
-1.437496
-1.368339
-1.286198
-1.316096
-1.491073
-1.608316
-1.698987
-1.832572
-1.965709
-2.004739
-1.901375
-1.802024
-1.735505
-1.691595
-1.632752
-1.655743
-1.646746
-1.623237
-1.591534
-1.544796
-1.475938
-1.385282
-1.277601
-1.315935
-1.469048
-1.569146
-1.633894
-1.768713
-1.911017
-1.985170
-1.949247
-1.864861
-1.776466
-1.701259
-1.631701
-1.540562
-1.529249
-1.503304
-1.472677
-1.427713
-1.357915
-1.265978
-1.153563
-1.218765
-1.406944
-1.550426
-1.638858
-1.823227
-1.994953
-2.072562
-2.053123
-1.983848
-1.855475
-1.736251
-1.641444
-1.475069
-1.542585
-1.499655
-1.490953
-1.465835
-1.415175
-1.345590
-1.257627
-1.379930
-1.556082
-1.646792
-1.683517
-1.840953
-2.007543
-2.050519
-1.982754
-1.846422
-1.704398
-1.570418
-1.522121
-1.512189
-1.523530
-1.512037
-1.496222
-1.470846
-1.429598
-1.374064
-1.301791
-1.354551
-1.512582
-1.624615
-1.704015
-1.822229
-1.949996
-1.958388
-1.840050
-1.746726
-1.693189
-1.664836
-1.638682
-1.663362
-1.687189
-1.688442
-1.680163
-1.656218
-1.611142
-1.546114
-1.462257
-1.507235
-1.627457
-1.702011
-1.770271
-1.882724
-1.992879
-2.027325
-1.943561
-1.864943
-1.813297
-1.780337
-1.745328
-1.742436
-1.742595
-1.720221
-1.690040
-1.642697
-1.572928
-1.481348
-1.370372
-1.467242
-1.593889
-1.669609
-1.718531
-1.857001
-2.010900
-2.099958
-2.076015
-1.981115
-1.857610
-1.744754
-1.657175
-1.547467
-1.536542
-1.500486
-1.458162
-1.396401
-1.313364
-1.210998
-1.085565
-1.200891
-1.398498
-1.556788
-1.646434
-1.831426
-2.007607
-2.087520
-2.078595
-1.998580
-1.860930
-1.736124
-1.644483
-1.486727
-1.528728
-1.495843
-1.477501
-1.441140
-1.382765
-1.306836
-1.211771
-1.349393
-1.516066
-1.617410
-1.668645
-1.833500
-2.011482
-2.088315
-2.075264
-1.998311
-1.847841
-1.704871
-1.614892
-1.501458
-1.528873
-1.533592
-1.526296
-1.499929
-1.451246
-1.386142
-1.303128
-1.440146
-1.604154
-1.700670
-1.756335
-1.918528
-2.084371
-2.134272
-2.097308
-1.996539
-1.849128
-1.728681
-1.652755
-1.512606
-1.568890
-1.567331
-1.569155
-1.552209
-1.513254
-1.456337
-1.381851
-1.507571
-1.677203
-1.765162
-1.820490
-1.987098
-2.141414
-2.181185
-2.128788
-2.006423
-1.861311
-1.739735
-1.661919
-1.572544
-1.596139
-1.602302
-1.596452
-1.572595
-1.522789
-1.454341
-1.369647
-1.479468
-1.624753
-1.704759
-1.760707
-1.928094
-2.084196
-2.123870
-2.049500
-1.901414
-1.749589
-1.629450
-1.594460
-1.558064
-1.593567
-1.599434
-1.596136
-1.574677
-1.529606
-1.468359
-1.391098
-1.491293
-1.629347
-1.692662
-1.731672
-1.865829
-2.002440
-2.042390
-1.963011
-1.836426
-1.729582
-1.645051
-1.585136
-1.492397
-1.499545
-1.478663
-1.451775
-1.406841
-1.337147
-1.247623
-1.136267
-1.269467
-1.423716
-1.503112
-1.561872
-1.731992
-1.894438
-1.972016
-1.946773
-1.849025
-1.731039
-1.636901
-1.567224
-1.444811
-1.452900
-1.446113
-1.426166
-1.386833
-1.320453
-1.232552
-1.121240
-1.253557
-1.432249
-1.544709
-1.617778
-1.799165
-1.979183
-2.054215
-2.022521
-1.906857
-1.759664
-1.636293
-1.567650
-1.498428
-1.522722
-1.513031
-1.498043
-1.463241
-1.403591
-1.325736
-1.228855
-1.361623
-1.528390
-1.620788
-1.673541
-1.837327
-2.005429
-2.069376
-2.038396
-1.924444
-1.780427
-1.661352
-1.587779
-1.459391
-1.487206
-1.490850
-1.483120
-1.455237
-1.399407
-1.323146
-1.226959
-1.344827
-1.535675
-1.640209
-1.705060
-1.878170
-2.030198
-2.070581
-2.017204
-1.881177
-1.742470
-1.636964
-1.576560
-1.467178
-1.489503
-1.493363
-1.485292
-1.457935
-1.401119
-1.323693
-1.226751
-1.354078
-1.530533
-1.620117
-1.681665
-1.860065
-2.023757
-2.077641
-2.033883
-1.909191
-1.760289
-1.640425
-1.572721
-1.459292
-1.485866
-1.498503
-1.495086
-1.471716
-1.419338
-1.346907
-1.255552
-1.369449
-1.553151
-1.648961
-1.721254
-1.895495
-2.041704
-2.073454
-1.979701
-1.834338
-1.693914
-1.594431
-1.575270
-1.517531
-1.587391
-1.603649
-1.621803
-1.617586
-1.584123
-1.530700
-1.459749
-1.565485
-1.726228
-1.797054
-1.847150
-1.978768
-2.093437
-2.116966
-2.009136
-1.876127
-1.749221
-1.667668
-1.648122
-1.609228
-1.654297
-1.661761
-1.661723
-1.638570
-1.587197
-1.514564
-1.423904
-1.523918
-1.681360
-1.752277
-1.788585
-1.920329
-2.052083
-2.075305
-1.997098
-1.871977
-1.745870
-1.644504
-1.603875
-1.574150
-1.572167
-1.535794
-1.491629
-1.425226
-1.331552
-1.215115
-1.073883
-1.270581
-1.395819
-1.463497
-1.503226
-1.633839
-1.784618
-1.861044
-1.836145
-1.731685
-1.638703
-1.561507
-1.501179
-1.346846
-1.368312
-1.382333
-1.392628
-1.376809
-1.334932
-1.269239
-1.178315
-1.377798
-1.515470
-1.566072
-1.594596
-1.721567
-1.851764
-1.901128
-1.877494
-1.793417
-1.671697
-1.552318
-1.481747
-1.481530
-1.454326
-1.390774
-1.318604
-1.220384
-1.085470
-0.895174
-0.888000
-1.088280
-1.231861
-1.332376
-1.421919
-1.577953
-1.716104
-1.769327
-1.715315
-1.626173
-1.552276
-1.492369
-1.424349
-1.346963
-1.354094
-1.333382
-1.298806
-1.236957
-1.145863
-1.024338
-0.888000
-1.092965
-1.274083
-1.363569
-1.430972
-1.571983
-1.695386
-1.759989
-1.762919
-1.696240
-1.596029
-1.510387
-1.445973
-1.385680
-1.372203
-1.321095
-1.261275
-1.174373
-1.053776
-0.887999
-0.888000
-1.089448
-1.240351
-1.335891
-1.419197
-1.574355
-1.708368
-1.744426
-1.683878
-1.601766
-1.530712
-1.472499
-1.414937
-1.318326
-1.326790
-1.314213
-1.284245
-1.228773
-1.141738
-1.018912
-0.888000
-1.089665
-1.238649
-1.323561
-1.398900
-1.536356
-1.655869
-1.703520
-1.677369
-1.605957
-1.522205
-1.456270
-1.411113
-1.357796
-1.361290
-1.323477
-1.277655
-1.205821
-1.102691
-0.965846
-0.888000
-1.089065
-1.235374
-1.326852
-1.413525
-1.565403
-1.689635
-1.724251
-1.659024
-1.585762
-1.526725
-1.482889
-1.448110
-1.283923
-1.344323
-1.346425
-1.354039
-1.335080
-1.287270
-1.211076
-1.107912
-1.307873
-1.434271
-1.473610
-1.511231
-1.632266
-1.747145
-1.783809
-1.733502
-1.652186
-1.564134
-1.493078
-1.441823
-1.414926
-1.408967
-1.373152
-1.324839
-1.251038
-1.145048
-1.003493
-0.888000
-1.089398
-1.244690
-1.337130
-1.424643
-1.573860
-1.697801
-1.733361
-1.662258
-1.587417
-1.529359
-1.485098
-1.454506
-1.293264
-1.313214
-1.337509
-1.355384
-1.345531
-1.306134
-1.238267
-1.143555
-1.343418
-1.472029
-1.506272
-1.539449
-1.657761
-1.775706
-1.812625
-1.766711
-1.682416
-1.595389
-1.523899
-1.476765
-1.419863
-1.431992
-1.405441
-1.371034
-1.310863
-1.216868
-1.090201
-0.932788
-1.133599
-1.287263
-1.369487
-1.443033
-1.584323
-1.715039
-1.762418
-1.682760
-1.602094
-1.548869
-1.513572
-1.487206
-1.365415
-1.337239
-1.377780
-1.408791
-1.410740
-1.382640
-1.328332
-1.248898
-1.444857
-1.553977
-1.569131
-1.599875
-1.706720
-1.830898
-1.861009
-1.788244
-1.695739
-1.613878
-1.550704
-1.508276
-1.446468
-1.458297
-1.445600
-1.418835
-1.362640
-1.273476
-1.154535
-1.004051
-1.178483
-1.377976
-1.497933
-1.611576
-1.770362
-1.893578
-1.913474
-1.802711
-1.684728
-1.585111
-1.551280
-1.553794
-1.485788
-1.539852
-1.558435
-1.575883
-1.563750
-1.518619
-1.446752
-1.354626
-1.521002
-1.602818
-1.610462
-1.629623
-1.717845
-1.833003
-1.853743
-1.769876
-1.680126
-1.594687
-1.529392
-1.484388
-1.436117
-1.485617
-1.470548
-1.455776
-1.411660
-1.338882
-1.237980
-1.108796
-1.282082
-1.458483
-1.561276
-1.646641
-1.767862
-1.875290
-1.886925
-1.777504
-1.671031
-1.608758
-1.583915
-1.570709
-1.490575
-1.529400
-1.549174
-1.564981
-1.548785
-1.498568
-1.421791
-1.320403
-1.508112
-1.595942
-1.600038
-1.639570
-1.742890
-1.855356
-1.863104
-1.777178
-1.685627
-1.597819
-1.533612
-1.506983
-1.505107
-1.499963
-1.465347
-1.418491
-1.343269
-1.231502
-1.084852
-0.909250
-1.108706
-1.263028
-1.339989
-1.425905
-1.562171
-1.697571
-1.745076
-1.688730
-1.620226
-1.564566
-1.517340
-1.483834
-1.375544
-1.331919
-1.366498
-1.385773
-1.374494
-1.332504
-1.262614
-1.167010
-1.360220
-1.453911
-1.466804
-1.513465
-1.619912
-1.726887
-1.742174
-1.672592
-1.609844
-1.548963
-1.503708
-1.469648
-1.403647
-1.447984
-1.472055
-1.487579
-1.470096
-1.423172
-1.347644
-1.289982
-1.462993
-1.555593
-1.586508
-1.633613
-1.731066
-1.836514
-1.862415
-1.762534
-1.666895
-1.616825
-1.595050
-1.583691
-1.551986
-1.564275
-1.589236
-1.590664
-1.557851
-1.494069
-1.403294
-1.333010
-1.519425
-1.597732
-1.600988
-1.668797
-1.780489
-1.875775
-1.872623
-1.783055
-1.702151
-1.629249
-1.580166
-1.562949
-1.569040
-1.546034
-1.509849
-1.453826
-1.368263
-1.250327
-1.100003
-0.985813
-1.179951
-1.324031
-1.415244
-1.509394
-1.647969
-1.784664
-1.824026
-1.724975
-1.627334
-1.566424
-1.559680
-1.561160
-1.526142
-1.558346
-1.596294
-1.606346
-1.580734
-1.522416
-1.435060
-1.368852
-1.549995
-1.647938
-1.660534
-1.719255
-1.816222
-1.897742
-1.887679
-1.796173
-1.719310
-1.648594
-1.599633
-1.581067
-1.577428
-1.555099
-1.519711
-1.464225
-1.378367
-1.258817
-1.106502
-0.994051
-1.192761
-1.339148
-1.427441
-1.522252
-1.655916
-1.793239
-1.846039
-1.755454
-1.662007
-1.611012
-1.605950
-1.606291
-1.588793
-1.620281
-1.647496
-1.648440
-1.611532
-1.542493
-1.445145
-1.366022
-1.538884
-1.633926
-1.642524
-1.711763
-1.814023
-1.903646
-1.889371
-1.801972
-1.719713
-1.636639
-1.595682
-1.581984
-1.603227
-1.600973
-1.582841
-1.543016
-1.474956
-1.373862
-1.241085
-1.137459
-1.307154
-1.417406
-1.484315
-1.564896
-1.682263
-1.804845
-1.828534
-1.739504
-1.672646
-1.642187
-1.619636
-1.589665
-1.590190
-1.597787
-1.587725
-1.548332
-1.466507
-1.348930
-1.203349
-1.092462
-1.292530
-1.368392
-1.387109
-1.489102
-1.624997
-1.749447
-1.783654
-1.707229
-1.648462
-1.604836
-1.582534
-1.561848
-1.567696
-1.554132
-1.527235
-1.481891
-1.408829
-1.310495
-1.183469
-1.059884
-1.226911
-1.361995
-1.458906
-1.560942
-1.728436
-1.865183
-1.849789
-1.772627
-1.717268
-1.714297
-1.757358
-1.749306
-1.704810
-1.638522
-1.558416
-1.458305
-1.321431
-1.139976
-0.938828
-0.930685
-1.131737
-1.256221
-1.331308
-1.455371
-1.593148
-1.718293
-1.757972
-1.697812
-1.680486
-1.644596
-1.613233
-1.602667
-1.599055
-1.571419
-1.532997
-1.473234
-1.377617
-1.240332
-1.068052
-0.940166
-1.139312
-1.284420
-1.381640
-1.506225
-1.668616
-1.803653
-1.819317
-1.737473
-1.665518
-1.630399
-1.601551
-1.596213
-1.608251
-1.599896
-1.576224
-1.525857
-1.435525
-1.309033
-1.150630
-1.030685
-1.214772
-1.348746
-1.408875
-1.522729
-1.655900
-1.770038
-1.781496
-1.707104
-1.661067
-1.609883
-1.575974
-1.537447
-1.543382
-1.525178
-1.494812
-1.445071
-1.361713
-1.245524
-1.095130
-0.960803
-1.155912
-1.310868
-1.421359
-1.546302
-1.722188
-1.855127
-1.864123
-1.791865
-1.733632
-1.724365
-1.751297
-1.759854
-1.731075
-1.678372
-1.610633
-1.519658
-1.393349
-1.232293
-1.039875
-0.930587
-1.129083
-1.264330
-1.360750
-1.492702
-1.639536
-1.769221
-1.791276
-1.727737
-1.692967
-1.634265
-1.575615
-1.524637
-1.508324
-1.495205
-1.461504
-1.407661
-1.317312
-1.187361
-1.014029
-0.927034
-1.126598
-1.270887
-1.366116
-1.491188
-1.654551
-1.783109
-1.797237
-1.715087
-1.646870
-1.623489
-1.574816
-1.603287
-1.603807
-1.583336
-1.545845
-1.479396
-1.370069
-1.221385
-1.040839
-0.930683
-1.125249
-1.245169
-1.322506
-1.435800
-1.569936
-1.705389
-1.764822
-1.730920
-1.706579
-1.643436
-1.585797
-1.531400
-1.513405
-1.505752
-1.481235
-1.436412
-1.356334
-1.237915
-1.080854
-0.949774
-1.143743
-1.285822
-1.382567
-1.500315
-1.674490
-1.804852
-1.809984
-1.732552
-1.671831
-1.656249
-1.614284
-1.638948
-1.627262
-1.592909
-1.540961
-1.462469
-1.343755
-1.185563
-0.994569
-0.930905
-1.131855
-1.229109
-1.294915
-1.404220
-1.544625
-1.687430
-1.746654
-1.707223
-1.695906
-1.643378
-1.593315
-1.541027
-1.533829
-1.521032
-1.491053
-1.442284
-1.358532
-1.235247
-1.071222
-0.934760
-1.128614
-1.280117
-1.389663
-1.517458
-1.694293
-1.833167
-1.839172
-1.763572
-1.702374
-1.693528
-1.676155
-1.698064
-1.680059
-1.638742
-1.580311
-1.497203
-1.375539
-1.216811
-1.025462
-0.930651
-1.131899
-1.255232
-1.317099
-1.432432
-1.576088
-1.718750
-1.769036
-1.715509
-1.709389
-1.688120
-1.652798
-1.615654
-1.617648
-1.593826
-1.556030
-1.498284
-1.404145
-1.267420
-1.087298
-0.945625
-1.134787
-1.290012
-1.407704
-1.542418
-1.719458
-1.866962
-1.889210
-1.815432
-1.750934
-1.738289
-1.702621
-1.725981
-1.709946
-1.670341
-1.614128
-1.533919
-1.417606
-1.265868
-1.083333
-0.956626
-1.140479
-1.320426
-1.409365
-1.533818
-1.682989
-1.809116
-1.832183
-1.766014
-1.726037
-1.709806
-1.678952
-1.635068
-1.633187
-1.605394
-1.564874
-1.505340
-1.413365
-1.283381
-1.111200
-0.965380
-1.155432
-1.310460
-1.424651
-1.559172
-1.735309
-1.890226
-1.937820
-1.866982
-1.798285
-1.780899
-1.727257
-1.754866
-1.750930
-1.725351
-1.673935
-1.602039
-1.494226
-1.348124
-1.169201
-0.968406
-1.139189
-1.339245
-1.445794
-1.573668
-1.733143
-1.858386
-1.877155
-1.796381
-1.744346
-1.702942
-1.692973
-1.690327
-1.684482
-1.655444
-1.605311
-1.541065
-1.448651
-1.320625
-1.146156
-0.944918
-1.131277
-1.268029
-1.343012
-1.447311
-1.601928
-1.748707
-1.818197
-1.748794
-1.678108
-1.632581
-1.604880
-1.548007
-1.491596
-1.508409
-1.509963
-1.486799
-1.426678
-1.327767
-1.195150
-1.029803
-1.192098
-1.379817
-1.468027
-1.581459
-1.722755
-1.845899
-1.860383
-1.777538
-1.701665
-1.629465
-1.610934
-1.592340
-1.627299
-1.633815
-1.615683
-1.576081
-1.505045
-1.404234
-1.267624
-1.086474
-1.225969
-1.336625
-1.425348
-1.542792
-1.714947
-1.850298
-1.862871
-1.783604
-1.727129
-1.703129
-1.692905
-1.683543
-1.698097
-1.683930
-1.646937
-1.587844
-1.493592
-1.362536
-1.194944
-0.998767
-1.181907
-1.288301
-1.350934
-1.458055
-1.606083
-1.740889
-1.767044
-1.706946
-1.701494
-1.709807
-1.675345
-1.613566
-1.539124
-1.523025
-1.503677
-1.473306
-1.404871
-1.297022
-1.155051
-0.977607
-1.169167
-1.295739
-1.361311
-1.463862
-1.633583
-1.777954
-1.860926
-1.791336
-1.724431
-1.685575
-1.658756
-1.586901
-1.595884
-1.596009
-1.571342
-1.524144
-1.442214
-1.324078
-1.168007
-0.979277
-1.163422
-1.281972
-1.331484
-1.429263
-1.569282
-1.712506
-1.774630
-1.707549
-1.685497
-1.705255
-1.713626
-1.647677
-1.562115
-1.501542
-1.502494
-1.475830
-1.411229
-1.305382
-1.160931
-0.985125
-1.096522
-1.260653
-1.335425
-1.435309
-1.602184
-1.741525
-1.820673
-1.749488
-1.686833
-1.651434
-1.623031
-1.571932
-1.471065
-1.484096
-1.473163
-1.436577
-1.360741
-1.238472
-1.079783
-0.887999
-1.048175
-1.217124
-1.294292
-1.406630
-1.546520
-1.667588
-1.734460
-1.687548
-1.658357
-1.645160
-1.618239
-1.555447
-1.459969
-1.438427
-1.429319
-1.404651
-1.341828
-1.234684
-1.088293
-0.905887
-1.046549
-1.207435
-1.285432
-1.389068
-1.543358
-1.677603
-1.763717
-1.713560
-1.668460
-1.642564
-1.610454
-1.556575
-1.445745
-1.460744
-1.458178
-1.427981
-1.356964
-1.240143
-1.084264
-0.892863
-1.043981
-1.203070
-1.295785
-1.408961
-1.561961
-1.688184
-1.765298
-1.707282
-1.670314
-1.649047
-1.615109
-1.561502
-1.475487
-1.473536
-1.457673
-1.425754
-1.353810
-1.236874
-1.079170
-0.887998
-1.047052
-1.205847
-1.287653
-1.388182
-1.539459
-1.672268
-1.763457
-1.728089
-1.710447
-1.702109
-1.673201
-1.607275
-1.526386
-1.463360
-1.456375
-1.429010
-1.361088
-1.245762
-1.089665
-0.897029
-1.047021
-1.205038
-1.260780
-1.358097
-1.508103
-1.641813
-1.738244
-1.714711
-1.692795
-1.681651
-1.653852
-1.583013
-1.518384
-1.451831
-1.433158
-1.418478
-1.364194
-1.265359
-1.126308
-0.950106
-1.062791
-1.228055
-1.261109
-1.341762
-1.494524
-1.640997
-1.751370
-1.740772
-1.695538
-1.673563
-1.659362
-1.591912
-1.478234
-1.431327
-1.442102
-1.425805
-1.369753
-1.269707
-1.124583
-0.946492
-1.007408
-1.195059
-1.280414
-1.375877
-1.550926
-1.706571
-1.811063
-1.765859
-1.698971
-1.678915
-1.654717
-1.603008
-1.490026
-1.500354
-1.488387
-1.449291
-1.373307
-1.253473
-1.094762
-0.902145
-1.010776
-1.198324
-1.283254
-1.384588
-1.543203
-1.682557
-1.794740
-1.784125
-1.745453
-1.736955
-1.721132
-1.651944
-1.562263
-1.477089
-1.461944
-1.434350
-1.368582
-1.258943
-1.105275
-0.914010
-1.009391
-1.198263
-1.263633
-1.343138
-1.512842
-1.666111
-1.785687
-1.782050
-1.739525
-1.729829
-1.721121
-1.655584
-1.578873
-1.493534
-1.484352
-1.463841
-1.402853
-1.298825
-1.148851
-0.962000
-1.008426
-1.197639
-1.253335
-1.334237
-1.505921
-1.677835
-1.801809
-1.811478
-1.761334
-1.732842
-1.702750
-1.660335
-1.563324
-1.570563
-1.556217
-1.518210
-1.446530
-1.335772
-1.187643
-1.002638
-1.034867
-1.224546
-1.313973
-1.404034
-1.557867
-1.714853
-1.839218
-1.852890
-1.822299
-1.806404
-1.796307
-1.746768
-1.631896
-1.622676
-1.605444
-1.569499
-1.495127
-1.379163
-1.223308
-1.032416
-1.058348
-1.243656
-1.315716
-1.419411
-1.594286
-1.765992
-1.881337
-1.856410
-1.804626
-1.802522
-1.803985
-1.755663
-1.691644
-1.635180
-1.624454
-1.588828
-1.513864
-1.397218
-1.240575
-1.048453
-1.071646
-1.250160
-1.320188
-1.424779
-1.595303
-1.770014
-1.877553
-1.853430
-1.808068
-1.801669
-1.791718
-1.749057
-1.651822
-1.646767
-1.632845
-1.593122
-1.519224
-1.406315
-1.253020
-1.063220
-1.010738
-1.198427
-1.300709
-1.425782
-1.605654
-1.783300
-1.913256
-1.904038
-1.840413
-1.814756
-1.810326
-1.776228
-1.668105
-1.670903
-1.651007
-1.605657
-1.524513
-1.405427
-1.244437
-1.049857
-0.997208
-1.183172
-1.269188
-1.382196
-1.557202
-1.738373
-1.876042
-1.880523
-1.826711
-1.826059
-1.832464
-1.787986
-1.700519
-1.648944
-1.628805
-1.585935
-1.508510
-1.394304
-1.236941
-1.043396
-0.988801
-1.176588
-1.267874
-1.385777
-1.562442
-1.741895
-1.873187
-1.850337
-1.780406
-1.750973
-1.749177
-1.724627
-1.626774
-1.635118
-1.614957
-1.571755
-1.496845
-1.389041
-1.241810
-1.057388
-0.986292
-1.153171
-1.260106
-1.409335
-1.593919
-1.773604
-1.884084
-1.849681
-1.780565
-1.738983
-1.712603
-1.697855
-1.641577
-1.652308
-1.636511
-1.597540
-1.526831
-1.423551
-1.282426
-1.104437
-1.031542
-1.191726
-1.286268
-1.433599
-1.619288
-1.798633
-1.908906
-1.871699
-1.796028
-1.747871
-1.716392
-1.708052
-1.679128
-1.682555
-1.658461
-1.611277
-1.532452
-1.423265
-1.279474
-1.096927
-1.003388
-1.121740
-1.226719
-1.383047
-1.569260
-1.748886
-1.853884
-1.824708
-1.744922
-1.693962
-1.663118
-1.652258
-1.595593
-1.589174
-1.560656
-1.508313
-1.431309
-1.333890
-1.207831
-1.041989
-0.965512
-1.138123
-1.242199
-1.340856
-1.477491
-1.654815
-1.795673
-1.824588
-1.741403
-1.679528
-1.648603
-1.630427
-1.569057
-1.558799
-1.520572
-1.463617
-1.384835
-1.282834
-1.146290
-0.965954
-0.924901
-1.116300
-1.218328
-1.313347
-1.473085
-1.648100
-1.796253
-1.836438
-1.751543
-1.699337
-1.704475
-1.677745
-1.543208
-1.554152
-1.534799
-1.494078
-1.427881
-1.337983
-1.211198
-1.043414
-0.928518
-1.126855
-1.242366
-1.312500
-1.446827
-1.620382
-1.775848
-1.825947
-1.771241
-1.731537
-1.699393
-1.669658
-1.577172
-1.599683
-1.587337
-1.552997
-1.487788
-1.391416
-1.254598
-1.081221
-0.950718
-1.145079
-1.237102
-1.338398
-1.523751
-1.705204
-1.868823
-1.903906
-1.827318
-1.762092
-1.728995
-1.720165
-1.690528
-1.696498
-1.671899
-1.625571
-1.550677
-1.449597
-1.314855
-1.140957
-1.002189
-1.192659
-1.271664
-1.381057
-1.560750
-1.741318
-1.885496
-1.908804
-1.827673
-1.763507
-1.731507
-1.716217
-1.652112
-1.649086
-1.617175
-1.563015
-1.484016
-1.386361
-1.255400
-1.079363
-0.945545
-1.141729
-1.240603
-1.327070
-1.478444
-1.651472
-1.808301
-1.875747
-1.809345
-1.743212
-1.708433
-1.675168
-1.588527
-1.584930
-1.549878
-1.496901
-1.422316
-1.323758
-1.185660
-1.002972
-0.928271
-1.123220
-1.204656
-1.283615
-1.459543
-1.638650
-1.801994
-1.866036
-1.783653
-1.714710
-1.683347
-1.661001
-1.590621
-1.579699
-1.538647
-1.480453
-1.399348
-1.297580
-1.162438
-0.983007
-0.928259
-1.124271
-1.221084
-1.285513
-1.407732
-1.587824
-1.757093
-1.857081
-1.796780
-1.740166
-1.723637
-1.691471
-1.552169
-1.561943
-1.535623
-1.487899
-1.413853
-1.315397
-1.180953
-0.999883
-0.888000
-1.087456
-1.219442
-1.288005
-1.420622
-1.591681
-1.760502
-1.854009
-1.800651
-1.726561
-1.695773
-1.667540
-1.601396
-1.568727
-1.567993
-1.535408
-1.476280
-1.388518
-1.266019
-1.098562
-0.899750
-1.087312
-1.195584
-1.268171
-1.435436
-1.618916
-1.791264
-1.899100
-1.829217
-1.760309
-1.729445
-1.718289
-1.662162
-1.666355
-1.639057
-1.583254
-1.504362
-1.401356
-1.259109
-1.076514
-0.887995
-1.085352
-1.178661
-1.248458
-1.400777
-1.583039
-1.754023
-1.820574
-1.739882
-1.671784
-1.637538
-1.621851
-1.585881
-1.585039
-1.585177
-1.560807
-1.507536
-1.424760
-1.305500
-1.139086
-0.940328
-1.119727
-1.197212
-1.275428
-1.452605
-1.638185
-1.811012
-1.911047
-1.837681
-1.767746
-1.736575
-1.725004
-1.690877
-1.692062
-1.662393
-1.604059
-1.524420
-1.426063
-1.292546
-1.110662
-0.909290
-1.092280
-1.196684
-1.282310
-1.439680
-1.624182
-1.794989
-1.894489
-1.818267
-1.744170
-1.710524
-1.687142
-1.615603
-1.616168
-1.602299
-1.561426
-1.495234
-1.405403
-1.281382
-1.109759
-0.908990
-1.085940
-1.180147
-1.273496
-1.453151
-1.637645
-1.810462
-1.908343
-1.845315
-1.779788
-1.747621
-1.720041
-1.660096
-1.645600
-1.602391
-1.527398
-1.434827
-1.317029
-1.165520
-0.969384
-0.888001
-1.076554
-1.162915
-1.247065
-1.378686
-1.565677
-1.736713
-1.829723
-1.762798
-1.685437
-1.671203
-1.645045
-1.604645
-1.563645
-1.560448
-1.529855
-1.471906
-1.390480
-1.273942
-1.111585
-0.913409
-1.044682
-1.176674
-1.257189
-1.382956
-1.569810
-1.743954
-1.879542
-1.834790
-1.763120
-1.728575
-1.711514
-1.668969
-1.659704
-1.656450
-1.624561
-1.568876
-1.490840
-1.377100
-1.223012
-1.027978
-1.121074
-1.228989
-1.323246
-1.491200
-1.676137
-1.847431
-1.933865
-1.863976
-1.798477
-1.769907
-1.752191
-1.683175
-1.677006
-1.635457
-1.566585
-1.477278
-1.365781
-1.226471
-1.039056
-0.888000
-1.040015
-1.142513
-1.242585
-1.384649
-1.573229
-1.748596
-1.874609
-1.819052
-1.742731
-1.700522
-1.676641
-1.619591
-1.619705
-1.615049
-1.583000
-1.518630
-1.422036
-1.293060
-1.112649
-0.911539
-1.043764
-1.200913
-1.281650
-1.406326
-1.594530
-1.773442
-1.926043
-1.922687
-1.862333
-1.832311
-1.825727
-1.845755
-1.835578
-1.791629
-1.712713
-1.614622
-1.489846
-1.336908
-1.144504
-0.943332
-1.034181
-1.166042
-1.279577
-1.471277
-1.661136
-1.834195
-1.968099
-1.900461
-1.828211
-1.795051
-1.786318
-1.771999
-1.775828
-1.734747
-1.669735
-1.580866
-1.469402
-1.333150
-1.155911
-0.954483
-1.061615
-1.194194
-1.291069
-1.410862
-1.599347
-1.770962
-1.929239
-1.910086
-1.841065
-1.800831
-1.778872
-1.708638
-1.739923
-1.731127
-1.694414
-1.625527
-1.528179
-1.394963
-1.219890
-1.020199
-1.121947
-1.276206
-1.362643
-1.515345
-1.702245
-1.873577
-1.990600
-1.927472
-1.864425
-1.840232
-1.838511
-1.835636
-1.853626
-1.829161
-1.772915
-1.691347
-1.581438
-1.438185
-1.253104
-1.051961
-1.134282
-1.253406
-1.362939
-1.549325
-1.738767
-1.908168
-2.019072
-1.970655
-1.902072
-1.869910
-1.855373
-1.844140
-1.827599
-1.762829
-1.674885
-1.569622
-1.444513
-1.295764
-1.103894
-0.902421
-1.008497
-1.151155
-1.261814
-1.400771
-1.590494
-1.768801
-1.918519
-1.919719
-1.843903
-1.790812
-1.763647
-1.705294
-1.720177
-1.689135
-1.636928
-1.557730
-1.453537
-1.320967
-1.142564
-0.941446
-1.007753
-1.192602
-1.278794
-1.374066
-1.563456
-1.741897
-1.907367
-1.973879
-1.922587
-1.885983
-1.875242
-1.865578
-1.856259
-1.802135
-1.719902
-1.618636
-1.495943
-1.346318
-1.156357
-0.954934
-1.007412
-1.191653
-1.298246
-1.441740
-1.630517
-1.801018
-1.954307
-1.953825
-1.887524
-1.847075
-1.832379
-1.773355
-1.799490
-1.771603
-1.713535
-1.630445
-1.524991
-1.395290
-1.227318
-1.027146
-1.055143
-1.218140
-1.321066
-1.425170
-1.614354
-1.789897
-1.949615
-1.995473
-1.939849
-1.899768
-1.885696
-1.854008
-1.859235
-1.811996
-1.737773
-1.643921
-1.528823
-1.391028
-1.213831
-1.012221
-1.037802
-1.199614
-1.307376
-1.442658
-1.632205
-1.803864
-1.951157
-1.944144
-1.872238
-1.825908
-1.803698
-1.748901
-1.750713
-1.730904
-1.679361
-1.601503
-1.497109
-1.364876
-1.192757
-0.992059
-1.021814
-1.194679
-1.295331
-1.385904
-1.575864
-1.753767
-1.918414
-1.990081
-1.939871
-1.901700
-1.890912
-1.868152
-1.905256
-1.884095
-1.841449
-1.772678
-1.682443
-1.548581
-1.377845
-1.176738
-1.192243
-1.303888
-1.410354
-1.510558
-1.700937
-1.870990
-1.999896
-2.007300
-1.943339
-1.908219
-1.878732
-1.842577
-1.854117
-1.804495
-1.727084
-1.627910
-1.504894
-1.357556
-1.169794
-0.968431
-0.966253
-1.147044
-1.267390
-1.392133
-1.584464
-1.764218
-1.923714
-2.012490
-1.963129
-1.922073
-1.905260
-1.865495
-1.881528
-1.837332
-1.774802
-1.696810
-1.596689
-1.447187
-1.259321
-1.057811
-1.006428
-1.188093
-1.296615
-1.394552
-1.585974
-1.757082
-1.918839
-1.987699
-1.934750
-1.894455
-1.878354
-1.812939
-1.845187
-1.818948
-1.765693
-1.685811
-1.579968
-1.441907
-1.265829
-1.064391
-1.013319
-1.192472
-1.303562
-1.402523
-1.594154
-1.771653
-1.931423
-2.036138
-1.994164
-1.953726
-1.928504
-1.919066
-1.930574
-1.880704
-1.802838
-1.700490
-1.571779
-1.416542
-1.225291
-1.023775
-0.977219
-1.165156
-1.280165
-1.389192
-1.582101
-1.752580
-1.913772
-2.030457
-1.989452
-1.946171
-1.926571
-1.874815
-1.898041
-1.857986
-1.790112
-1.693328
-1.568228
-1.411480
-1.217360
-1.016171
-0.972179
-1.164914
-1.267673
-1.369177
-1.559309
-1.735902
-1.899121
-2.031535
-1.998505
-1.965956
-1.957118
-1.943575
-1.975359
-1.943023
-1.884601
-1.804703
-1.703685
-1.559164
-1.380337
-1.178967
-1.122942
-1.309206
-1.407872
-1.497829
-1.686522
-1.857308
-1.990692
-2.022459
-1.959032
-1.919787
-1.883191
-1.827617
-1.837286
-1.790795
-1.709984
-1.603347
-1.469127
-1.304642
-1.104767
-0.903312
-0.970714
-1.160038
-1.263333
-1.355157
-1.528151
-1.712205
-1.878970
-1.962984
-1.912053
-1.873145
-1.857479
-1.819864
-1.839201
-1.789499
-1.715837
-1.617565
-1.490578
-1.333911
-1.138470
-0.936977
-0.930464
-1.131043
-1.232238
-1.326726
-1.510154
-1.689112
-1.855302
-1.986964
-1.945680
-1.907792
-1.901945
-1.875827
-1.913314
-1.879902
-1.817165
-1.727291
-1.609293
-1.462357
-1.278654
-1.077174
-0.949773
-1.144511
-1.259691
-1.370455
-1.563215
-1.741595
-1.902906
-2.044315
-2.022575
-1.993473
-1.964462
-1.988239
-1.974875
-1.900621
-1.797634
-1.673648
-1.525694
-1.354175
-1.151956
-0.950466
-0.934051
-1.136963
-1.320746
-1.420205
-1.604782
-1.784162
-1.933368
-2.053211
-2.006946
-1.964047
-1.943613
-1.925131
-1.937582
-1.884048
-1.801132
-1.700620
-1.571351
-1.406756
-1.206393
-1.004718
-0.931792
-1.133602
-1.263639
-1.354471
-1.537568
-1.719749
-1.881159
-1.981616
-1.939542
-1.893051
-1.864951
-1.815326
-1.798141
-1.750895
-1.672456
-1.572628
-1.437492
-1.263822
-1.057617
-0.888000
-0.930875
-1.132374
-1.274815
-1.371450
-1.510936
-1.692657
-1.864640
-1.981869
-1.931206
-1.895709
-1.888447
-1.884790
-1.932928
-1.911591
-1.863325
-1.794292
-1.700238
-1.577983
-1.420589
-1.226090
-1.086569
-1.274874
-1.381083
-1.481195
-1.674357
-1.848331
-1.990212
-2.041699
-1.986320
-1.952631
-1.908973
-1.895441
-1.893313
-1.828415
-1.743489
-1.639717
-1.515544
-1.367685
-1.188382
-0.986841
-0.930831
-1.131830
-1.237782
-1.343047
-1.480766
-1.662604
-1.831894
-1.978859
-1.952579
-1.919440
-1.899492
-1.849526
-1.883166
-1.849401
-1.785309
-1.678370
-1.553282
-1.394976
-1.195706
-0.994481
-0.888000
-1.084083
-1.195595
-1.298335
-1.490054
-1.670965
-1.841240
-1.935996
-1.883454
-1.846169
-1.832431
-1.794058
-1.829603
-1.793893
-1.730483
-1.632651
-1.518749
-1.375605
-1.190115
-0.988559
-0.887999
-1.091523
-1.198859
-1.299835
-1.465181
-1.645874
-1.816467
-1.900984
-1.843146
-1.801650
-1.779891
-1.727741
-1.706997
-1.673823
-1.612608
-1.520624
-1.401425
-1.244997
-1.045888
-0.888001
-0.888000
-1.092615
-1.214816
-1.300137
-1.443239
-1.626275
-1.801140
-1.959170
-1.944155
-1.906183
-1.885837
-1.844298
-1.899269
-1.879737
-1.831279
-1.756697
-1.670442
-1.550189
-1.389261
-1.194437
-0.992788
-1.175469
-1.283812
-1.391007
-1.578439
-1.756213
-1.918755
-1.994480
-1.942688
-1.905572
-1.883040
-1.826816
-1.875549
-1.862297
-1.816718
-1.738793
-1.636374
-1.505815
-1.339550
-1.142331
-0.940818
-1.113896
-1.246078
-1.366243
-1.560173
-1.738755
-1.905186
-1.990482
-1.945178
-1.913254
-1.892262
-1.868658
-1.896943
-1.868922
-1.813004
-1.720006
-1.608532
-1.467478
-1.289180
-1.086668
-0.888031
-1.086422
-1.209238
-1.328216
-1.499986
-1.683350
-1.853236
-1.964088
-1.927322
-1.893858
-1.872167
-1.819384
-1.858627
-1.837490
-1.788676
-1.696991
-1.587041
-1.444710
-1.264441
-1.062964
-0.888000
-1.090576
-1.205251
-1.313640
-1.432546
-1.619317
-1.793525
-1.919259
-1.901538
-1.862827
-1.831057
-1.784256
-1.789629
-1.768178
-1.717120
-1.626685
-1.514522
-1.363074
-1.174698
-0.973315
-0.888001
-1.046915
-1.167289
-1.278699
-1.404000
-1.590779
-1.764290
-1.912561
-1.889923
-1.850099
-1.818211
-1.745325
-1.777418
-1.736307
-1.661831
-1.556488
-1.427520
-1.242373
-1.039300
-0.887999
-0.888001
-1.051786
-1.158387
-1.258154
-1.380528
-1.566209
-1.739743
-1.903066
-1.909437
-1.872973
-1.842021
-1.812037
-1.848588
-1.816146
-1.749055
-1.648573
-1.526596
-1.362143
-1.162341
-0.960939
-0.888001
-1.052559
-1.181782
-1.271424
-1.450977
-1.636228
-1.809223
-1.884388
-1.807818
-1.751501
-1.716905
-1.667533
-1.672458
-1.662373
-1.616972
-1.535641
-1.431716
-1.284341
-1.096290
-0.895763
-0.888002
-1.052120
-1.199562
-1.281364
-1.347733
-1.529928
-1.698933
-1.767220
-1.763761
-1.726425
-1.690506
-1.612654
-1.637859
-1.604169
-1.535417
-1.436321
-1.306432
-1.158077
-0.964954
-0.887999
-0.888000
-1.052050
-1.151387
-1.243296
-1.380052
-1.568223
-1.745134
-1.864528
-1.826003
-1.792282
-1.780662
-1.757742
-1.803223
-1.777056
-1.711479
-1.619890
-1.505543
-1.362698
-1.180789
-0.979232
-0.888001
-1.043095
-1.167343
-1.273688
-1.453564
-1.639438
-1.817270
-1.905458
-1.847102
-1.809018
-1.797474
-1.769268
-1.829221
-1.822437
-1.772940
-1.694529
-1.595633
-1.461046
-1.293257
-1.094644
-0.893007
-1.041245
-1.179565
-1.302727
-1.495631
-1.678826
-1.850985
-1.938756
-1.910374
-1.868545
-1.834238
-1.794228
-1.804277
-1.783404
-1.722865
-1.632615
-1.513873
-1.355138
-1.161635
-0.960446
-0.888000
-1.005983
-1.136278
-1.255625
-1.422379
-1.611485
-1.785477
-1.899536
-1.865408
-1.828355
-1.810476
-1.779988
-1.813979
-1.782069
-1.704859
-1.609430
-1.490169
-1.325598
-1.124294
-0.922885
-0.888000
-1.010391
-1.138868
-1.254673
-1.355128
-1.541766
-1.714743
-1.862072
-1.863047
-1.816467
-1.781069
-1.734336
-1.773375
-1.769264
-1.715055
-1.632197
-1.526032
-1.381258
-1.192134
-0.990793
-0.888001
-1.011191
-1.143458
-1.246767
-1.391387
-1.580368
-1.756136
-1.847644
-1.835771
-1.781357
-1.734232
-1.705717
-1.677982
-1.662195
-1.603104
-1.519054
-1.407290
-1.251024
-1.055446
-0.888002
-0.887999
-1.011935
-1.188425
-1.273205
-1.369416
-1.557824
-1.728626
-1.797917
-1.772707
-1.723986
-1.687991
-1.599600
-1.624603
-1.597384
-1.523485
-1.429751
-1.305222
-1.121429
-0.920352
-0.888002
-0.887999
-1.002974
-1.122909
-1.227553
-1.315445
-1.503801
-1.682114
-1.798441
-1.779224
-1.730339
-1.702487
-1.641304
-1.688890
-1.663371
-1.590629
-1.498637
-1.381863
-1.220496
-1.030423
-0.888000
-0.888001
-1.011659
-1.190177
-1.272222
-1.447103
-1.637223
-1.812024
-1.890092
-1.833184
-1.779298
-1.753771
-1.732907
-1.776139
-1.755889
-1.686388
-1.597594
-1.484918
-1.331543
-1.145766
-0.944367
-0.888000
-1.012996
-1.179090
-1.267009
-1.345281
-1.533831
-1.711672
-1.836781
-1.824128
-1.768882
-1.734374
-1.661509
-1.683156
-1.658073
-1.585574
-1.494998
-1.380379
-1.213763
-1.012507
-0.888000
-0.887999
-1.013694
-1.214712
-1.367582
-1.545037
-1.733649
-1.866491
-1.906419
-1.848005
-1.786151
-1.749731
-1.706437
-1.737812
-1.711593
-1.633304
-1.530213
-1.397127
-1.235180
-1.035249
-0.887997
-0.888001
-0.972418
-1.171582
-1.245692
-1.315511
-1.503915
-1.680663
-1.829822
-1.863369
-1.821746
-1.791124
-1.721444
-1.714085
-1.693491
-1.617241
-1.521449
-1.401531
-1.236670
-1.035466
-0.888000
-0.891882
-0.976447
-1.104670
-1.212544
-1.305574
-1.497084
-1.678078
-1.846704
-1.897770
-1.850471
-1.824271
-1.774044
-1.806385
-1.801586
-1.740409
-1.658042
-1.552698
-1.404197
-1.238588
-1.036507
-0.888001
-0.971986
-1.159740
-1.252011
-1.342628
-1.533559
-1.705276
-1.872538
-1.939059
-1.897687
-1.867113
-1.821989
-1.827432
-1.830836
-1.774014
-1.692331
-1.586420
-1.444006
-1.267242
-1.065946
-0.888000
-0.971153
-1.138564
-1.240263
-1.332834
-1.523118
-1.702709
-1.851559
-1.853974
-1.795001
-1.760328
-1.713877
-1.688004
-1.682751
-1.620177
-1.533418
-1.417053
-1.258131
-1.062897
-0.887983
-0.888001
-0.969988
-1.124858
-1.216239
-1.294808
-1.479931
-1.654167
-1.767320
-1.750548
-1.704996
-1.672147
-1.616875
-1.599756
-1.596195
-1.539732
-1.457686
-1.344112
-1.209611
-1.027795
-0.888007
-0.888000
-0.971960
-1.162118
-1.237964
-1.308643
-1.499635
-1.682853
-1.799454
-1.776184
-1.746129
-1.738574
-1.708060
-1.760938
-1.756709
-1.693501
-1.608800
-1.500541
-1.359195
-1.179948
-0.977466
-0.888001
-0.970966
-1.146025
-1.240755
-1.348924
-1.543545
-1.719921
-1.866760
-1.856214
-1.798213
-1.772871
-1.739152
-1.774110
-1.779382
-1.720274
-1.635994
-1.527972
-1.385004
-1.205418
-1.004218
-0.887999
-0.931341
-1.107382
-1.219042
-1.313771
-1.495721
-1.676424
-1.804742
-1.792161
-1.730671
-1.701622
-1.663412
-1.634194
-1.628426
-1.557895
-1.465016
-1.351239
-1.184715
-0.983729
-0.888000
-0.887999
-0.929492
-1.066588
-1.182285
-1.281963
-1.418746
-1.601942
-1.765906
-1.773001
-1.711296
-1.683643
-1.657126
-1.665192
-1.674698
-1.617901
-1.533331
-1.426167
-1.288202
-1.107603
-0.906423
-0.888000
-0.931343
-1.109612
-1.211530
-1.293983
-1.455529
-1.638840
-1.794162
-1.796975
-1.729674
-1.693652
-1.663483
-1.630520
-1.665094
-1.634327
-1.577392
-1.499009
-1.388506
-1.236044
-1.040364
-0.887999
-0.931716
-1.130565
-1.226147
-1.315277
-1.504386
-1.683512
-1.840749
-1.897774
-1.852354
-1.822943
-1.792798
-1.800752
-1.821647
-1.778729
-1.703238
-1.610576
-1.485145
-1.322699
-1.122131
-0.920597
-0.932973
-1.135069
-1.284335
-1.430820
-1.622928
-1.797647
-1.949455
-2.019244
-1.971125
-1.934000
-1.898828
-1.878307
-1.889386
-1.836221
-1.754150
-1.649133
-1.513714
-1.339336
-1.132593
-0.930941
-0.931544
-1.130439
-1.232526
-1.333367
-1.485752
-1.669487
-1.835846
-1.897318
-1.850613
-1.823416
-1.801425
-1.754174
-1.774843
-1.736984
-1.664798
-1.572071
-1.448486
-1.291011
-1.094338
-0.892730
-0.931614
-1.122176
-1.222220
-1.319397
-1.467490
-1.653227
-1.821793
-1.890965
-1.846417
-1.823459
-1.807479
-1.802357
-1.818715
-1.765674
-1.686768
-1.567313
-1.436664
-1.273109
-1.071822
-0.887999
-0.888000
-1.092255
-1.196437
-1.295701
-1.430470
-1.614942
-1.787097
-1.915638
-1.876472
-1.847886
-1.829717
-1.820469
-1.840807
-1.790922
-1.712287
-1.600275
-1.468966
-1.305019
-1.103919
-0.902473
-0.887999
-1.093861
-1.201358
-1.290519
-1.451197
-1.634038
-1.805017
-1.947312
-1.914842
-1.879379
-1.858130
-1.834510
-1.867495
-1.834376
-1.770153
-1.675662
-1.558382
-1.410308
-1.222217
-1.014055
-0.888000
-1.093891
-1.202752
-1.311985
-1.475267
-1.656969
-1.826276
-1.975473
-1.938015
-1.904206
-1.884472
-1.811109
-1.832830
-1.808681
-1.752120
-1.657966
-1.550503
-1.399664
-1.206000
-1.004847
-0.888002
-1.093011
-1.192469
-1.293023
-1.427921
-1.609504
-1.779886
-1.947424
-1.919268
-1.896937
-1.885777
-1.885908
-1.917233
-1.876045
-1.804864
-1.694156
-1.566449
-1.412422
-1.221561
-1.020016
-0.887999
-1.089326
-1.202254
-1.304547
-1.495203
-1.675814
-1.846026
-1.914166
-1.854657
-1.814551
-1.790354
-1.721755
-1.741917
-1.706713
-1.643145
-1.536078
-1.404044
-1.236871
-1.031098
-0.888001
-0.888000
-1.092655
-1.185313
-1.277696
-1.403477
-1.588840
-1.760796
-1.910780
-1.876620
-1.837945
-1.817434
-1.751749
-1.792349
-1.767281
-1.714196
-1.622806
-1.519715
-1.376889
-1.188675
-0.987205
-0.887999
-1.090703
-1.191697
-1.281074
-1.437226
-1.623368
-1.796960
-1.860711
-1.802422
-1.781335
-1.760058
-1.701509
-1.679903
-1.656196
-1.594658
-1.497740
-1.373487
-1.212628
-1.010346
-0.887999
-0.888001
-1.051466
-1.149422
-1.236626
-1.362074
-1.549782
-1.731229
-1.850307
-1.824578
-1.788890
-1.769427
-1.737404
-1.772023
-1.732911
-1.653677
-1.550467
-1.413854
-1.221969
-1.017294
-0.887999
-0.888001
-1.053685
-1.248775
-1.330913
-1.413674
-1.583015
-1.752382
-1.888628
-1.884234
-1.846186
-1.821894
-1.776218
-1.811824
-1.796459
-1.736561
-1.635938
-1.515230
-1.363080
-1.170553
-0.969165
-0.888001
-1.050727
-1.168268
-1.277353
-1.404660
-1.591785
-1.768526
-1.935779
-1.929349
-1.901290
-1.891014
-1.865436
-1.911690
-1.884096
-1.816992
-1.718559
-1.593512
-1.452483
-1.273145
-1.069586
-0.888000
-1.053556
-1.176390
-1.280475
-1.456156
-1.641538
-1.813787
-1.951527
-1.938997
-1.894939
-1.863375
-1.806146
-1.814580
-1.796908
-1.740585
-1.647113
-1.530039
-1.380019
-1.189079
-0.983998
-0.888001
-1.052416
-1.162697
-1.271533
-1.391654
-1.578547
-1.755139
-1.921731
-1.950389
-1.920635
-1.896746
-1.843943
-1.880753
-1.845286
-1.771547
-1.671913
-1.544680
-1.368937
-1.173814
-0.972349
-0.888001
-1.052778
-1.200029
-1.288185
-1.367848
-1.555213
-1.726802
-1.889474
-1.905478
-1.859011
-1.822503
-1.743875
-1.705242
-1.687523
-1.624995
-1.524658
-1.403852
-1.249411
-1.050718
-0.888001
-0.888132
-1.051697
-1.239025
-1.307238
-1.424554
-1.574860
-1.752148
-1.920204
-1.953872
-1.919880
-1.900174
-1.865028
-1.923924
-1.910049
-1.845309
-1.756694
-1.640570
-1.508489
-1.339366
-1.139044
-0.937471
-1.013297
-1.193668
-1.298144
-1.456780
-1.642347
-1.813336
-1.955958
-1.993549
-1.952921
-1.918614
-1.855419
-1.842863
-1.824643
-1.759472
-1.659632
-1.538496
-1.383856
-1.187658
-0.986281
-0.887999
-1.012424
-1.184800
-1.285191
-1.417575
-1.603689
-1.779658
-1.942992
-1.968556
-1.930512
-1.909305
-1.851648
-1.908249
-1.893441
-1.828304
-1.743225
-1.635308
-1.496650
-1.336512
-1.139516
-0.937906
-1.013043
-1.195288
-1.296508
-1.403233
-1.590859
-1.761553
-1.915157
-1.993690
-1.958439
-1.922422
-1.862075
-1.816012
-1.800641
-1.736966
-1.638717
-1.522211
-1.373624
-1.182547
-0.981202
-0.888000
-1.012143
-1.189843
-1.284438
-1.408987
-1.591386
-1.768874
-1.933515
-1.971997
-1.933327
-1.914439
-1.873583
-1.914048
-1.912768
-1.859774
-1.785789
-1.694813
-1.572935
-1.413534
-1.218534
-1.016982
-1.051570
-1.195271
-1.310630
-1.428134
-1.617080
-1.791015
-1.946986
-1.935079
-1.896155
-1.881723
-1.846970
-1.867724
-1.848819
-1.782581
-1.692709
-1.582522
-1.441054
-1.266985
-1.065340
-0.887999
-1.012918
-1.177420
-1.274852
-1.364778
-1.552415
-1.730529
-1.883415
-1.904791
-1.866523
-1.831853
-1.769267
-1.747812
-1.731639
-1.664991
-1.565721
-1.438047
-1.255426
-1.051723
-0.888001
-0.888118
-1.011329
-1.195373
-1.276352
-1.391205
-1.581000
-1.758614
-1.895217
-1.893928
-1.846086
-1.823953
-1.784888
-1.838072
-1.833103
-1.776048
-1.693433
-1.585291
-1.438582
-1.260465
-1.057749
-0.887999
-0.972338
-1.143301
-1.246748
-1.338951
-1.530701
-1.706810
-1.839535
-1.831276
-1.776979
-1.744462
-1.681696
-1.652240
-1.631337
-1.555680
-1.458127
-1.331957
-1.151417
-0.950171
-0.888000
-0.889086
-0.964888
-1.089068
-1.190594
-1.273779
-1.464997
-1.647969
-1.763168
-1.733684
-1.694577
-1.674717
-1.634921
-1.671924
-1.656663
-1.583336
-1.490324
-1.370493
-1.193627
-0.992679
-0.887981
-0.888001
-0.942580
-1.082556
-1.202846
-1.299183
-1.423426
-1.604010
-1.762890
-1.786407
-1.735434
-1.709217
-1.662444
-1.721383
-1.711979
-1.645555
-1.561243
-1.455287
-1.314401
-1.131597
-0.930243
-0.888002
-0.971496
-1.156409
-1.248250
-1.328980
-1.518246
-1.694392
-1.836796
-1.842015
-1.783991
-1.747469
-1.689121
-1.711033
-1.702503
-1.636398
-1.547693
-1.436276
-1.287012
-1.099945
-0.891841
-0.888000
-0.972513
-1.167450
-1.242350
-1.314761
-1.502332
-1.676908
-1.845605
-1.883399
-1.828521
-1.791813
-1.745227
-1.723197
-1.729182
-1.681551
-1.606158
-1.497176
-1.359042
-1.182147
-0.976294
-0.888001
-0.971721
-1.160617
-1.247677
-1.331950
-1.520316
-1.695395
-1.858221
-1.883601
-1.829239
-1.796229
-1.751515
-1.752929
-1.757782
-1.700624
-1.620396
-1.509640
-1.370867
-1.191817
-0.985936
-0.888002
-0.971922
-1.165089
-1.247340
-1.326365
-1.515338
-1.691341
-1.843109
-1.865752
-1.808909
-1.771486
-1.718731
-1.709165
-1.708690
-1.651296
-1.570966
-1.463500
-1.316661
-1.133432
-0.926449
-0.888000
-0.931754
-1.132831
-1.212694
-1.291530
-1.480145
-1.659385
-1.824353
-1.857137
-1.796233
-1.759503
-1.713026
-1.678039
-1.686961
-1.629383
-1.549362
-1.447442
-1.295961
-1.119060
-0.908470
-0.887999
-0.931566
-1.124319
-1.209860
-1.297199
-1.488417
-1.667001
-1.805585
-1.809168
-1.755742
-1.730906
-1.690459
-1.700867
-1.696152
-1.630586
-1.540802
-1.429967
-1.288182
-1.109867
-0.906323
-0.888000
-0.931610
-1.132753
-1.210221
-1.287445
-1.475532
-1.654957
-1.823126
-1.860901
-1.802018
-1.769058
-1.734479
-1.725929
-1.741889
-1.694667
-1.620307
-1.524368
-1.399852
-1.239511
-1.039065
-0.888000
-0.931667
-1.124160
-1.220532
-1.307985
-1.486945
-1.667153
-1.819400
-1.837365
-1.781110
-1.749451
-1.714390
-1.685787
-1.697750
-1.652175
-1.575927
-1.475003
-1.340296
-1.168049
-0.960969
-0.888000
-0.931335
-1.120094
-1.216355
-1.306025
-1.492646
-1.673495
-1.833263
-1.856262
-1.801453
-1.776427
-1.756822
-1.732776
-1.751004
-1.699786
-1.619799
-1.513237
-1.375106
-1.198072
-0.991068
-0.888001
-0.932331
-1.131737
-1.221927
-1.308474
-1.478398
-1.657399
-1.831598
-1.919592
-1.874195
-1.844686
-1.827982
-1.819602
-1.839694
-1.791439
-1.714826
-1.609126
-1.473505
-1.303901
-1.100888
-0.899357
-0.931861
-1.133896
-1.226509
-1.318444
-1.450665
-1.634661
-1.805261
-1.951199
-1.928640
-1.898395
-1.873208
-1.859670
-1.869768
-1.814881
-1.731944
-1.621782
-1.489414
-1.316258
-1.109749
-0.908188
-0.931029
-1.131937
-1.226185
-1.321495
-1.506034
-1.687715
-1.856642
-1.942767
-1.892277
-1.857510
-1.839895
-1.802621
-1.839062
-1.808188
-1.754594
-1.649736
-1.523847
-1.362754
-1.162334
-0.960906
-0.888000
-1.087791
-1.197199
-1.295460
-1.456501
-1.639567
-1.803924
-1.848210
-1.788381
-1.752711
-1.727757
-1.659821
-1.659701
-1.620820
-1.553695
-1.441512
-1.312111
-1.142487
-0.935451
-0.888001
-0.887999
-1.092042
-1.181187
-1.264973
-1.419301
-1.604285
-1.777838
-1.888168
-1.839946
-1.811739
-1.798652
-1.801466
-1.825467
-1.780168
-1.708133
-1.603225
-1.481165
-1.327736
-1.133893
-0.931968
-0.887999
-1.094151
-1.226295
-1.312958
-1.472627
-1.655264
-1.823966
-1.958357
-1.942435
-1.905049
-1.872844
-1.862976
-1.870020
-1.811054
-1.727265
-1.610903
-1.471803
-1.298160
-1.092161
-0.888717
-0.888000
-1.093433
-1.188877
-1.283876
-1.476754
-1.654825
-1.823928
-1.960809
-1.909052
-1.866573
-1.846572
-1.801847
-1.844697
-1.815656
-1.757247
-1.673191
-1.562850
-1.418957
-1.236593
-1.034948
-0.887999
-1.092088
-1.193614
-1.289964
-1.406660
-1.593824
-1.764951
-1.849428
-1.828820
-1.791499
-1.752096
-1.655651
-1.657100
-1.601546
-1.520380
-1.395729
-1.234155
-1.045611
-0.887999
-0.890633
-0.888253
-1.093368
-1.266639
-1.328629
-1.429066
-1.613815
-1.787040
-1.902784
-1.845322
-1.806484
-1.789097
-1.751392
-1.793463
-1.764925
-1.707485
-1.615926
-1.493252
-1.350466
-1.165770
-0.963579
-0.887999
-1.092848
-1.191494
-1.288468
-1.388204
-1.573327
-1.745569
-1.910557
-1.961278
-1.939273
-1.915329
-1.868634
-1.903098
-1.864812
-1.797377
-1.688233
-1.563881
-1.408760
-1.217191
-1.015224
-0.888002
-1.052105
-1.166452
-1.276295
-1.433144
-1.620771
-1.794816
-1.929437
-1.886396
-1.849764
-1.836873
-1.790292
-1.834953
-1.809622
-1.750201
-1.654813
-1.536131
-1.377015
-1.182696
-0.981250
-0.887999
-1.051170
-1.166945
-1.267608
-1.371917
-1.559983
-1.733831
-1.887176
-1.874416
-1.828168
-1.797781
-1.733611
-1.740843
-1.726867
-1.672066
-1.575999
-1.457153
-1.300426
-1.100588
-0.899293
-0.888001
-1.039170
-1.154517
-1.249595
-1.438059
-1.627709
-1.802240
-1.856342
-1.784518
-1.743461
-1.733786
-1.700532
-1.736601
-1.722612
-1.670369
-1.581484
-1.466477
-1.308662
-1.113003
-0.911463
-0.888001
-1.039514
-1.145753
-1.235763
-1.328338
-1.517814
-1.688017
-1.723059
-1.676495
-1.646800
-1.609719
-1.527004
-1.501941
-1.467244
-1.397119
-1.295879
-1.161147
-0.967563
-0.888000
-0.888000
-0.888001
-1.042069
-1.139188
-1.225906
-1.292704
-1.480562
-1.657598
-1.772886
-1.772382
-1.734824
-1.712484
-1.700216
-1.741215
-1.711062
-1.643256
-1.551650
-1.427617
-1.251122
-1.053371
-0.887999
-0.888001
-1.044117
-1.224665
-1.334475
-1.530351
-1.715400
-1.883098
-1.942617
-1.869767
-1.821181
-1.798457
-1.803100
-1.845927
-1.833972
-1.783869
-1.703758
-1.606837
-1.474762
-1.308035
-1.109806
-0.906350
-1.052457
-1.243854
-1.392636
-1.583598
-1.760514
-1.903632
-1.990883
-1.995399
-1.956089
-1.916819
-1.867862
-1.883491
-1.836598
-1.751548
-1.635553
-1.495396
-1.320549
-1.113024
-0.906482
-0.890555
-1.013252
-1.170534
-1.279023
-1.458742
-1.645504
-1.816513
-1.958931
-1.915891
-1.872079
-1.856871
-1.808864
-1.833457
-1.829270
-1.776682
-1.697198
-1.592129
-1.468468
-1.306670
-1.107827
-0.906463
-1.007762
-1.142188
-1.261968
-1.423741
-1.612494
-1.787468
-1.922420
-1.901689
-1.869912
-1.859758
-1.858992
-1.912806
-1.900137
-1.841066
-1.760493
-1.659453
-1.533003
-1.376629
-1.187767
-0.980641
-1.016989
-1.195800
-1.320474
-1.511343
-1.697435
-1.864894
-1.983543
-1.993723
-1.951645
-1.911598
-1.869711
-1.893137
-1.855426
-1.773492
-1.670262
-1.544819
-1.381231
-1.183729
-0.982131
-0.888001
-1.013652
-1.164744
-1.267222
-1.393290
-1.582167
-1.754326
-1.915796
-1.917716
-1.868554
-1.837424
-1.770293
-1.788849
-1.777686
-1.717927
-1.642323
-1.545139
-1.428052
-1.275036
-1.081194
-0.887997
-1.012700
-1.157008
-1.259452
-1.397158
-1.586318
-1.760988
-1.886093
-1.856095
-1.816039
-1.801843
-1.780828
-1.828232
-1.809746
-1.741671
-1.653365
-1.544933
-1.402459
-1.219147
-1.016096
-0.888001
-1.011817
-1.204294
-1.300544
-1.462687
-1.649587
-1.822073
-1.900310
-1.847571
-1.785617
-1.749809
-1.684649
-1.695518
-1.680319
-1.616065
-1.532337
-1.418923
-1.268179
-1.073942
-0.887998
-0.887999
-1.011414
-1.164312
-1.243541
-1.341538
-1.532604
-1.710768
-1.799541
-1.743031
-1.692601
-1.667075
-1.619100
-1.605053
-1.592281
-1.525258
-1.433778
-1.313829
-1.136716
-0.935662
-0.887969
-0.888001
-0.966125
-1.094390
-1.204549
-1.297074
-1.391230
-1.571963
-1.707380
-1.722532
-1.674556
-1.648860
-1.596009
-1.605874
-1.588267
-1.512913
-1.417109
-1.294681
-1.115907
-0.914861
-0.888000
-0.888001
-0.961362
-1.089018
-1.197586
-1.288827
-1.449061
-1.629409
-1.775582
-1.771877
-1.717476
-1.692249
-1.654333
-1.681362
-1.671718
-1.601592
-1.512114
-1.397790
-1.244408
-1.048898
-0.887967
-0.888001
-0.969011
-1.149740
-1.226700
-1.287928
-1.475180
-1.646996
-1.746050
-1.709222
-1.642725
-1.609551
-1.557881
-1.557080
-1.548619
-1.477214
-1.384527
-1.256915
-1.070368
-0.887999
-0.887965
-0.888002
-0.961002
-1.078290
-1.175089
-1.253752
-1.370335
-1.554713
-1.695689
-1.695013
-1.632638
-1.602859
-1.565811
-1.566463
-1.564378
-1.498082
-1.412071
-1.291002
-1.114785
-0.911968
-0.888000
-0.888002
-0.970959
-1.161279
-1.280736
-1.395297
-1.554913
-1.713166
-1.793622
-1.764605
-1.697828
-1.668345
-1.640372
-1.671480
-1.681594
-1.628291
-1.557708
-1.466155
-1.340274
-1.174061
-0.972963
-0.888002
-0.969482
-1.146261
-1.246924
-1.371820
-1.560554
-1.740345
-1.850671
-1.836552
-1.770005
-1.732571
-1.693426
-1.659928
-1.662897
-1.604049
-1.526257
-1.425158
-1.287296
-1.111823
-0.910578
-0.888001
-0.966575
-1.128341
-1.222305
-1.300966
-1.492563
-1.670065
-1.768800
-1.732412
-1.682232
-1.674663
-1.665544
-1.714395
-1.692806
-1.615593
-1.518579
-1.391020
-1.207038
-1.006232
-0.888000
-0.888000
-0.930408
-1.063843
-1.185327
-1.286996
-1.415805
-1.599613
-1.750722
-1.778426
-1.724338
-1.685856
-1.621773
-1.663039
-1.663682
-1.598510
-1.511585
-1.400292
-1.249682
-1.057621
-0.888000
-0.887999
-0.931458
-1.113639
-1.204281
-1.293753
-1.486938
-1.665919
-1.812331
-1.809964
-1.741640
-1.702744
-1.661502
-1.656886
-1.653027
-1.588152
-1.510735
-1.413745
-1.283083
-1.101972
-0.900721
-0.888000
-0.931433
-1.118069
-1.215347
-1.298463
-1.473081
-1.650211
-1.755277
-1.765886
-1.731478
-1.703776
-1.653185
-1.680562
-1.689488
-1.634328
-1.556213
-1.457974
-1.333943
-1.171765
-0.972875
-0.888000
-0.931541
-1.130895
-1.261811
-1.452621
-1.642401
-1.818427
-1.965321
-2.005430
-1.953816
-1.923927
-1.891716
-1.950394
-1.968608
-1.924270
-1.849776
-1.756417
-1.642084
-1.499157
-1.323397
-1.118914
-0.988536
-1.185474
-1.311203
-1.502501
-1.689493
-1.856670
-1.990438
-2.083342
-2.055734
-2.025801
-2.000070
-2.051712
-2.042625
-1.976481
-1.881020
-1.768033
-1.632590
-1.463263
-1.262392
-1.060741
-0.937389
-1.139833
-1.318834
-1.505742
-1.685624
-1.847572
-1.964900
-2.009413
-1.990249
-1.939521
-1.909694
-1.859843
-1.830162
-1.748264
-1.643205
-1.524255
-1.371233
-1.180986
-0.975554
-0.887999
-0.931819
-1.133510
-1.314731
-1.504983
-1.678813
-1.813943
-1.893956
-1.905813
-1.877906
-1.845958
-1.809490
-1.814961
-1.797379
-1.723269
-1.622524
-1.508056
-1.360286
-1.171986
-0.962574
-0.888000
-0.888255
-1.091936
-1.272083
-1.451193
-1.633541
-1.803795
-1.934002
-1.961676
-1.904366
-1.855304
-1.828970
-1.801834
-1.801009
-1.748698
-1.671578
-1.556092
-1.425086
-1.252612
-1.046583
-0.888002
-0.890295
-1.094856
-1.280915
-1.458571
-1.635152
-1.788055
-1.915885
-1.988492
-1.964252
-1.929145
-1.891237
-1.868576
-1.885068
-1.840473
-1.764800
-1.652297
-1.517519
-1.348400
-1.143118
-0.938660
-0.891299
-1.096267
-1.259666
-1.372755
-1.563090
-1.741860
-1.901564
-2.031926
-2.018652
-1.987263
-1.956731
-1.935104
-1.961885
-1.919148
-1.849220
-1.741316
-1.621135
-1.468407
-1.277802
-1.076365
-0.887995
-1.092659
-1.204558
-1.310796
-1.492369
-1.674374
-1.843469
-1.930794
-1.889641
-1.848025
-1.810461
-1.760750
-1.775170
-1.743657
-1.687006
-1.590048
-1.475444
-1.327639
-1.137824
-0.936290
-0.887999
-1.082695
-1.194919
-1.297947
-1.486556
-1.672299
-1.835310
-1.870611
-1.814470
-1.787574
-1.771634
-1.755204
-1.780242
-1.740041
-1.671649
-1.570606
-1.448888
-1.293717
-1.096145
-0.894584
-0.888001
-1.085157
-1.196081
-1.294083
-1.452038
-1.638693
-1.808461
-1.851609
-1.792250
-1.756411
-1.734550
-1.694729
-1.733294
-1.705691
-1.647292
-1.559740
-1.448534
-1.302750
-1.114937
-0.913325
-0.888000
-1.090251
-1.197019
-1.296316
-1.483328
-1.652642
-1.803219
-1.879903
-1.852178
-1.826449
-1.805844
-1.790598
-1.813709
-1.772797
-1.705273
-1.601238
-1.479591
-1.325147
-1.129627
-0.922335
-0.889853
-1.095479
-1.251633
-1.345484
-1.510415
-1.693224
-1.861256
-1.985221
-1.938022
-1.893964
-1.868212
-1.819259
-1.865127
-1.853834
-1.801727
-1.715282
-1.606416
-1.464637
-1.280163
-1.078231
-0.887997
-1.052703
-1.214896
-1.321719
-1.484293
-1.669962
-1.841682
-1.955078
-1.922117
-1.880993
-1.851890
-1.797904
-1.810777
-1.787054
-1.724846
-1.623726
-1.500611
-1.341419
-1.142761
-0.941532
-0.888000
-1.042894
-1.161098
-1.270916
-1.461723
-1.648812
-1.820434
-1.883936
-1.827616
-1.801475
-1.795855
-1.793137
-1.825308
-1.791208
-1.718788
-1.621465
-1.500350
-1.340940
-1.145916
-0.944424
-0.888001
-1.040883
-1.163171
-1.262879
-1.420113
-1.609025
-1.783047
-1.841039
-1.775074
-1.738930
-1.704444
-1.629050
-1.631534
-1.602893
-1.536282
-1.435666
-1.301187
-1.110465
-0.907594
-0.888000
-0.888643
-1.043263
-1.148085
-1.241351
-1.362586
-1.552336
-1.729496
-1.836046
-1.817853
-1.789933
-1.778665
-1.812685
-1.837903
-1.795153
-1.718102
-1.617704
-1.498230
-1.343251
-1.147884
-0.946416
-0.888002
-1.043085
-1.244579
-1.423711
-1.612199
-1.782659
-1.929290
-1.974942
-1.913056
-1.851700
-1.812280
-1.802678
-1.795362
-1.769203
-1.707506
-1.614968
-1.498709
-1.346746
-1.154028
-0.950019
-0.888001
-1.052409
-1.239767
-1.346442
-1.535400
-1.705948
-1.852640
-1.926887
-1.906768
-1.873759
-1.859138
-1.829136
-1.864992
-1.843432
-1.784000
-1.690746
-1.577437
-1.433443
-1.247415
-1.043971
-0.888001
-1.052198
-1.191308
-1.305523
-1.466955
-1.654703
-1.828436
-1.940559
-1.931404
-1.903552
-1.890774
-1.859748
-1.895739
-1.865415
-1.789016
-1.690186
-1.568450
-1.415353
-1.225451
-1.024132
-0.887999
-1.011747
-1.140450
-1.254465
-1.394194
-1.583592
-1.758618
-1.870461
-1.827093
-1.782095
-1.760951
-1.707968
-1.712319
-1.700314
-1.643154
-1.556688
-1.442474
-1.283215
-1.086089
-0.887999
-0.888001
-0.998456
-1.115409
-1.208676
-1.322246
-1.514582
-1.692245
-1.759350
-1.677715
-1.639117
-1.621862
-1.567376
-1.575209
-1.551632
-1.477394
-1.386944
-1.264181
-1.082267
-0.887997
-0.888002
-0.888000
-0.978585
-1.108903
-1.215018
-1.299026
-1.395184
-1.578306
-1.714268
-1.728476
-1.688832
-1.668556
-1.641594
-1.694976
-1.676971
-1.607704
-1.517502
-1.401174
-1.245209
-1.048601
-0.888003
-0.887999
-1.012600
-1.199605
-1.292165
-1.443827
-1.632675
-1.798840
-1.873873
-1.842906
-1.789708
-1.757450
-1.702430
-1.734888
-1.707901
-1.639194
-1.540270
-1.419000
-1.257099
-1.054236
-0.887999
-0.888001
-1.013098
-1.197775
-1.270456
-1.340862
-1.529046
-1.707129
-1.844801
-1.823570
-1.766153
-1.732122
-1.671813
-1.647420
-1.635713
-1.575101
-1.487906
-1.372550
-1.198847
-0.995403
-0.888001
-0.887999
-1.010027
-1.142886
-1.231399
-1.347639
-1.538400
-1.715780
-1.822794
-1.821497
-1.788995
-1.772714
-1.755432
-1.791696
-1.763516
-1.688523
-1.593278
-1.472668
-1.309954
-1.112883
-0.911478
-0.888001
-1.011472
-1.125553
-1.222741
-1.342675
-1.535296
-1.711989
-1.842128
-1.802805
-1.742838
-1.712986
-1.653569
-1.651641
-1.638476
-1.568232
-1.479214
-1.367190
-1.205755
-1.004719
-0.887970
-0.888001
-0.963732
-1.094633
-1.207565
-1.303219
-1.450734
-1.631369
-1.765435
-1.761544
-1.713425
-1.691195
-1.644453
-1.701750
-1.693654
-1.625571
-1.534535
-1.420513
-1.270414
-1.077916
-0.887973
-0.888001
-0.972905
-1.158100
-1.244503
-1.370585
-1.560812
-1.733711
-1.840197
-1.815894
-1.757441
-1.727046
-1.678819
-1.702047
-1.692810
-1.625829
-1.534758
-1.416103
-1.253781
-1.053367
-0.888000
-0.888025
-0.968838
-1.126145
-1.215812
-1.381307
-1.573946
-1.752860
-1.833474
-1.782384
-1.729493
-1.716376
-1.680522
-1.733697
-1.718081
-1.649602
-1.566562
-1.461553
-1.314592
-1.116694
-0.915274
-0.888000
-0.968038
-1.158716
-1.290316
-1.403818
-1.594175
-1.769258
-1.880254
-1.862920
-1.798970
-1.755823
-1.691998
-1.700160
-1.678928
-1.603366
-1.506108
-1.380255
-1.228297
-1.032109
-0.887988
-0.887993
-0.972426
-1.169899
-1.241864
-1.317503
-1.506504
-1.683465
-1.849166
-1.881522
-1.838605
-1.818845
-1.785896
-1.815331
-1.825158
-1.777626
-1.707333
-1.612363
-1.480824
-1.316885
-1.117052
-0.915586
-0.969228
-1.108093
-1.227036
-1.335035
-1.527972
-1.705193
-1.840960
-1.830413
-1.789015
-1.766120
-1.723876
-1.725415
-1.722002
-1.660654
-1.578559
-1.464276
-1.323909
-1.145619
-0.944319
-0.888000
-0.964026
-1.097371
-1.208851
-1.305803
-1.499528
-1.677138
-1.819598
-1.787537
-1.734268
-1.721324
-1.695791
-1.758455
-1.763067
-1.706477
-1.627529
-1.526450
-1.396993
-1.225407
-1.024560
-0.888000
-0.931104
-1.108221
-1.221434
-1.312379
-1.504069
-1.683460
-1.808320
-1.782785
-1.714566
-1.677111
-1.625037
-1.614967
-1.635514
-1.592809
-1.523134
-1.435004
-1.308581
-1.141945
-0.940959
-0.888000
-0.931099
-1.097838
-1.208003
-1.300315
-1.492928
-1.672287
-1.788151
-1.744411
-1.685271
-1.665986
-1.636159
-1.662762
-1.671516
-1.613992
-1.534450
-1.432078
-1.300488
-1.126537
-0.921933
-0.887999
-0.936398
-1.137132
-1.255854
-1.349729
-1.540850
-1.718445
-1.834775
-1.797155
-1.725590
-1.692671
-1.657125
-1.679397
-1.700606
-1.653502
-1.579493
-1.485518
-1.357501
-1.191609
-0.989914
-0.888000
-0.931768
-1.129454
-1.222122
-1.319773
-1.504748
-1.684545
-1.826438
-1.839905
-1.781507
-1.749046
-1.716106
-1.718720
-1.729378
-1.698714
-1.634080
-1.551812
-1.437448
-1.282934
-1.087707
-0.887999
-0.931619
-1.126873
-1.234703
-1.332967
-1.524004
-1.701000
-1.864785
-1.927744
-1.885595
-1.851290
-1.830428
-1.816361
-1.832919
-1.794342
-1.725083
-1.636935
-1.515283
-1.356400
-1.158235
-0.956720
-0.931623
-1.130805
-1.244595
-1.360453
-1.553537
-1.729701
-1.894904
-2.002189
-1.972797
-1.947893
-1.912046
-1.939015
-1.937082
-1.873669
-1.782881
-1.673534
-1.539731
-1.371211
-1.168336
-0.966597
-0.931702
-1.133168
-1.302628
-1.407468
-1.592428
-1.765959
-1.892274
-1.924689
-1.869585
-1.832173
-1.793839
-1.710283
-1.711472
-1.652572
-1.567864
-1.435447
-1.280795
-1.082226
-0.888056
-0.888896
-0.893541
-1.082020
-1.177307
-1.351265
-1.548462
-1.731457
-1.871720
-1.849645
-1.788038
-1.779988
-1.776493
-1.827118
-1.846738
-1.801791
-1.731928
-1.638641
-1.522147
-1.370583
-1.179978
-0.978306
-0.888000
-1.075408
-1.199466
-1.306191
-1.503665
-1.685091
-1.827957
-1.827525
-1.758573
-1.723665
-1.683447
-1.626038
-1.637796
-1.605018
-1.548721
-1.465310
-1.356415
-1.207545
-1.019551
-0.887999
-0.888001
-1.092861
-1.200536
-1.305058
-1.446057
-1.629128
-1.803291
-1.946950
-1.934636
-1.915172
-1.887715
-1.894728
-1.912397
-1.861317
-1.783340
-1.675128
-1.558092
-1.409032
-1.219294
-1.018704
-0.888000
-1.093134
-1.199458
-1.300694
-1.412819
-1.597926
-1.770652
-1.910638
-1.893335
-1.858790
-1.824988
-1.737893
-1.761979
-1.722490
-1.650331
-1.543396
-1.408065
-1.234285
-1.033109
-0.888000
-0.889784
-1.080639
-1.179294
-1.269260
-1.463499
-1.647392
-1.819337
-1.883809
-1.815684
-1.776240
-1.765723
-1.737418
-1.776156
-1.740218
-1.674701
-1.575096
-1.450602
-1.288237
-1.089458
-0.888003
-0.888000
-1.074100
-1.179378
-1.266512
-1.397880
-1.586823
-1.742383
-1.774561
-1.747270
-1.695529
-1.650517
-1.559006
-1.567541
-1.532263
-1.467262
-1.367160
-1.237458
-1.061298
-0.887973
-0.888002
-0.887465
-1.091355
-1.161880
-1.231229
-1.417009
-1.600707
-1.775048
-1.887642
-1.827526
-1.788847
-1.781387
-1.775923
-1.823951
-1.797769
-1.739938
-1.648001
-1.538605
-1.399268
-1.220909
-1.019287
-0.888000
-1.050695
-1.174179
-1.285111
-1.475379
-1.658143
-1.833140
-1.918290
-1.863520
-1.826869
-1.808204
-1.769758
-1.800297
-1.773247
-1.711649
-1.615080
-1.501320
-1.346781
-1.150956
-0.945772
-0.888001
-1.053587
-1.176468
-1.279459
-1.392976
-1.577877
-1.749196
-1.914688
-1.924100
-1.881674
-1.844546
-1.762086
-1.801738
-1.776412
-1.710548
-1.620757
-1.505828
-1.366494
-1.183499
-0.981886
-0.888002
-1.052545
-1.206718
-1.293847
-1.446564
-1.633684
-1.807213
-1.921688
-1.895241
-1.850427
-1.816958
-1.755974
-1.777873
-1.737211
-1.657098
-1.541792
-1.395857
-1.217847
-1.016553
-0.888001
-0.891737
-1.047983
-1.153374
-1.255334
-1.451856
-1.637918
-1.815863
-1.941193
-1.875958
-1.830359
-1.814437
-1.773872
-1.817623
-1.790393
-1.727158
-1.646704
-1.541539
-1.411473
-1.240298
-1.039329
-0.888001
-1.046158
-1.162376
-1.263384
-1.353359
-1.542687
-1.718290
-1.825111
-1.782199
-1.752697
-1.735602
-1.680144
-1.684271
-1.658539
-1.594520
-1.495666
-1.376349
-1.212760
-1.013364
-0.888000
-0.888000
-1.041985
-1.137725
-1.221791
-1.362936
-1.552943
-1.729515
-1.823837
-1.771580
-1.721395
-1.698637
-1.668212
-1.710167
-1.679686
-1.610630
-1.511948
-1.383046
-1.228095
-1.034116
-0.887999
-0.888002
-1.048735
-1.195724
-1.278299
-1.451890
-1.640618
-1.813241
-1.871556
-1.812672
-1.764197
-1.740038
-1.718139
-1.755243
-1.735894
-1.677027
-1.589153
-1.478421
-1.332388
-1.148836
-0.945754
-0.888000
-1.012606
-1.173010
-1.270722
-1.447295
-1.633811
-1.807000
-1.878779
-1.821932
-1.782075
-1.768653
-1.731477
-1.771128
-1.739426
-1.664333
-1.565818
-1.446818
-1.293911
-1.100105
-0.898536
-0.887999
-1.012129
-1.186905
-1.268273
-1.391290
-1.579427
-1.751612
-1.823728
-1.760096
-1.706718
-1.679605
-1.619059
-1.637176
-1.615743
-1.544580
-1.454306
-1.326772
-1.170444
-0.969512
-0.888003
-0.887999
-1.006286
-1.114107
-1.205354
-1.402047
-1.590456
-1.763104
-1.828416
-1.776098
-1.735765
-1.725978
-1.720155
-1.759045
-1.732104
-1.658399
-1.566190
-1.442851
-1.259259
-1.058288
-0.887986
-0.888280
-0.999671
-1.135584
-1.255719
-1.350254
-1.538396
-1.712119
-1.864280
-1.865417
-1.815484
-1.784836
-1.730326
-1.779326
-1.758672
-1.690869
-1.606745
-1.500030
-1.350217
-1.179688
-0.977273
-0.887999
-1.011943
-1.209261
-1.349368
-1.530858
-1.714026
-1.876888
-1.961864
-1.932875
-1.881097
-1.843858
-1.854314
-1.845487
-1.794314
-1.703701
-1.593993
-1.461398
-1.288908
-1.086939
-0.888034
-0.887999
-1.013495
-1.203396
-1.275434
-1.377910
-1.564127
-1.738394
-1.872467
-1.876059
-1.815896
-1.771494
-1.689025
-1.698732
-1.679449
-1.611743
-1.526268
-1.414206
-1.248343
-1.047020
-0.888001
-0.888000
-1.009833
-1.127881
-1.236324
-1.333693
-1.521489
-1.698239
-1.834126
-1.831403
-1.777574
-1.737109
-1.659000
-1.675240
-1.652333
-1.580657
-1.482190
-1.350013
-1.183087
-0.978760
-0.888001
-0.888000
-1.011023
-1.176844
-1.250160
-1.409957
-1.600731
-1.772882
-1.835171
-1.787282
-1.740251
-1.717718
-1.671452
-1.696533
-1.689566
-1.625468
-1.540157
-1.434872
-1.290910
-1.112104
-0.909350
-0.888002
-0.972484
-1.163859
-1.246139
-1.323241
-1.510428
-1.685863
-1.829046
-1.838871
-1.794054
-1.771286
-1.720124
-1.754091
-1.745243
-1.679719
-1.592430
-1.479129
-1.341644
-1.162480
-0.953250
-0.888001
-0.972188
-1.154272
-1.250426
-1.385320
-1.575758
-1.751850
-1.882629
-1.883501
-1.839005
-1.819305
-1.784522
-1.834099
-1.827580
-1.762633
-1.679697
-1.580012
-1.446685
-1.277416
-1.076488
-0.887997
-0.972447
-1.171273
-1.265697
-1.393245
-1.581444
-1.754453
-1.910251
-1.933523
-1.883674
-1.852734
-1.795962
-1.823550
-1.809403
-1.740419
-1.651142
-1.538829
-1.402063
-1.223385
-1.014745
-0.888001
-0.972202
-1.171409
-1.303939
-1.429366
-1.610672
-1.775628
-1.887833
-1.913142
-1.865681
-1.830754
-1.776187
-1.790354
-1.762147
-1.679779
-1.576215
-1.451884
-1.294511
-1.098955
-0.889789
-0.888002
-0.972192
-1.171142
-1.252654
-1.397671
-1.585862
-1.763165
-1.894416
-1.918154
-1.873427
-1.851264
-1.820248
-1.831643
-1.828156
-1.766060
-1.681509
-1.572188
-1.428634
-1.249428
-1.048195
-0.888001
-0.971134
-1.129648
-1.240401
-1.340451
-1.530907
-1.708403
-1.840734
-1.822211
-1.772035
-1.744660
-1.706893
-1.662189
-1.668635
-1.622203
-1.551063
-1.455757
-1.319828
-1.146367
-0.945103
-0.888001
-0.969888
-1.142792
-1.227569
-1.304531
-1.488757
-1.671970
-1.798204
-1.796827
-1.750374
-1.720352
-1.673699
-1.662328
-1.664262
-1.600938
-1.514636
-1.408048
-1.259007
-1.062050
-0.887999
-0.887999
-0.931323
-1.109845
-1.212820
-1.304825
-1.482846
-1.662648
-1.816334
-1.834646
-1.782214
-1.756381
-1.719765
-1.755179
-1.759747
-1.699698
-1.612852
-1.508544
-1.370292
-1.197456
-0.992756
-0.888002
-0.931832
-1.127692
-1.225070
-1.320512
-1.509473
-1.688375
-1.851403
-1.900122
-1.855615
-1.830238
-1.799267
-1.804832
-1.818009
-1.765572
-1.679177
-1.574416
-1.438194
-1.264749
-1.060033
-0.888000
-0.933314
-1.135610
-1.274667
-1.382576
-1.571056
-1.747320
-1.908953
-1.964045
-1.908714
-1.866079
-1.827394
-1.755973
-1.782026
-1.753276
-1.689204
-1.599619
-1.475191
-1.307509
-1.103072
-0.901392
-0.931462
-1.131828
-1.239958
-1.347866
-1.536136
-1.717065
-1.884563
-2.000264
-1.974750
-1.954717
-1.928344
-1.928512
-1.932257
-1.872688
-1.782381
-1.667161
-1.533989
-1.363800
-1.160161
-0.958587
-0.930765
-1.132578
-1.235585
-1.338780
-1.491563
-1.672721
-1.842460
-1.980902
-1.953968
-1.927143
-1.903483
-1.891494
-1.908203
-1.856455
-1.774623
-1.669175
-1.536270
-1.370252
-1.169667
-0.968194
-0.931848
-1.133188
-1.233658
-1.332564
-1.501169
-1.678915
-1.850245
-1.966144
-1.928128
-1.893217
-1.867882
-1.807299
-1.836658
-1.799123
-1.729781
-1.632631
-1.497113
-1.323205
-1.117640
-0.916217
-0.931032
-1.131368
-1.227885
-1.328444
-1.514179
-1.693532
-1.860218
-1.980783
-1.942043
-1.910755
-1.896033
-1.881580
-1.916098
-1.880526
-1.816155
-1.724560
-1.608761
-1.458928
-1.268646
-1.067095
-0.887998
-1.085038
-1.205851
-1.312331
-1.501884
-1.681925
-1.828341
-1.846409
-1.786867
-1.755213
-1.728324
-1.644439
-1.652633
-1.602076
-1.529038
-1.412221
-1.275295
-1.097724
-0.888918
-0.888000
-0.888001
-1.086966
-1.173342
-1.253167
-1.443059
-1.628127
-1.798947
-1.848670
-1.781047
-1.747144
-1.729723
-1.706754
-1.739841
-1.701692
-1.636140
-1.543695
-1.418552
-1.274775
-1.089079
-0.888000
-0.888002
-1.091658
-1.186385
-1.276193
-1.458981
-1.638568
-1.809888
-1.879303
-1.837164
-1.802720
-1.770766
-1.762092
-1.782051
-1.734542
-1.667420
-1.559393
-1.430305
-1.269436
-1.072325
-0.888000
-0.888000
-1.092672
-1.185982
-1.271393
-1.407921
-1.593705
-1.765897
-1.822100
-1.780192
-1.738018
-1.700882
-1.610915
-1.610905
-1.564053
-1.491889
-1.377945
-1.231333
-1.054033
-0.888000
-0.888001
-0.890017
-1.080291
-1.172262
-1.255393
-1.446027
-1.631146
-1.804059
-1.886232
-1.822735
-1.788922
-1.777013
-1.800715
-1.827829
-1.786645
-1.719777
-1.624785
-1.511209
-1.367342
-1.184937
-0.982954
-0.888001
-1.090376
-1.267607
-1.369431
-1.559491
-1.737679
-1.895392
-1.928634
-1.859144
-1.818291
-1.792440
-1.802499
-1.787208
-1.723231
-1.636144
-1.516513
-1.376401
-1.200791
-0.995378
-0.888002
-0.888001
-1.094081
-1.207304
-1.288530
-1.464071
-1.648070
-1.818441
-1.906186
-1.852436
-1.820991
-1.808108
-1.822461
-1.841486
-1.794895
-1.716020
-1.614751
-1.495701
-1.346508
-1.157717
-0.955274
-0.888003
-1.052855
-1.233789
-1.339975
-1.529297
-1.710689
-1.872081
-1.934731
-1.891363
-1.844423
-1.810086
-1.827278
-1.798971
-1.744017
-1.664863
-1.550630
-1.417962
-1.249669
-1.044494
-0.888000
-0.888002
-1.053621
-1.233082
-1.316246
-1.477770
-1.657707
-1.821513
-1.892210
-1.850602
-1.805022
-1.773603
-1.725679
-1.752912
-1.717042
-1.643604
-1.548900
-1.430752
-1.273551
-1.073898
-0.887996
-0.888001
-1.042166
-1.154774
-1.256527
-1.452848
-1.637151
-1.800797
-1.826962
-1.766587
-1.738572
-1.726611
-1.725395
-1.751522
-1.711397
-1.634396
-1.534911
-1.404212
-1.218419
-1.017287
-0.888000
-0.888001
-1.030553
-1.164871
-1.279340
-1.370096
-1.558304
-1.735434
-1.838087
-1.809464
-1.767135
-1.739698
-1.731926
-1.760675
-1.752808
-1.702992
-1.632741
-1.541132
-1.412944
-1.241232
-1.039894
-0.888002
-1.052650
-1.225500
-1.327737
-1.520167
-1.695196
-1.848937
-1.937501
-1.959967
-1.924999
-1.878198
-1.856293
-1.869370
-1.830652
-1.756236
-1.656238
-1.534224
-1.373505
-1.175841
-0.972707
-0.888000
-1.053595
-1.220173
-1.323973
-1.506158
-1.690215
-1.859494
-1.996628
-1.985935
-1.941903
-1.908345
-1.866209
-1.915307
-1.910093
-1.863867
-1.781528
-1.678985
-1.539777
-1.364376
-1.164513
-0.962890
-1.077562
-1.212070
-1.325943
-1.453177
-1.639639
-1.811311
-1.955243
-1.968345
-1.923040
-1.877109
-1.782376
-1.819920
-1.795849
-1.732296
-1.645254
-1.534612
-1.389757
-1.203248
-1.001885
-0.887999
-1.011560
-1.155880
-1.256034
-1.390221
-1.578474
-1.752227
-1.849010
-1.809137
-1.755916
-1.719172
-1.636017
-1.614289
-1.576450
-1.495159
-1.384731
-1.243618
-1.047138
-0.888000
-0.888001
-0.888404
-1.004263
-1.107985
-1.197837
-1.283121
-1.473232
-1.652323
-1.742083
-1.714445
-1.668120
-1.647118
-1.582768
-1.627142
-1.597670
-1.523433
-1.425689
-1.297755
-1.111677
-0.910606
-0.887997
-0.889816
-1.001561
-1.107475
-1.203717
-1.279738
-1.464935
-1.643187
-1.732067
-1.702886
-1.678910
-1.639021
-1.564319
-1.516331
-1.494050
-1.422379
-1.319919
-1.187527
-0.997871
-0.888000
-0.888000
-0.887999
-1.002944
-1.107858
-1.201031
-1.277920
-1.465383
-1.646409
-1.773795
-1.768684
-1.717822
-1.695020
-1.654167
-1.712552
-1.700285
-1.633907
-1.543668
-1.426719
-1.269752
-1.073814
-0.888004
-0.888000
-1.011000
-1.167337
-1.252347
-1.330440
-1.520124
-1.698102
-1.812399
-1.791241
-1.741897
-1.716535
-1.664329
-1.693104
-1.676550
-1.611598
-1.525422
-1.410660
-1.252035
-1.055201
-0.888002
-0.887999
-1.011788
-1.131386
-1.213745
-1.297031
-1.487803
-1.669874
-1.792598
-1.764459
-1.703706
-1.670458
-1.608887
-1.594394
-1.580190
-1.514395
-1.432701
-1.318715
-1.144651
-0.943530
-0.888000
-0.887999
-0.998371
-1.123291
-1.231414
-1.323129
-1.469187
-1.649141
-1.769720
-1.762966
-1.729184
-1.704592
-1.656237
-1.701631
-1.686410
-1.618930
-1.529789
-1.414317
-1.257246
-1.059388
-0.888001
-0.887998
-0.971740
-1.151252
-1.238970
-1.321967
-1.512331
-1.690131
-1.788170
-1.759224
-1.702355
-1.665180
-1.591598
-1.592742
-1.576206
-1.508003
-1.416020
-1.298827
-1.158528
-0.972704
-0.887993
-0.888002
-0.972138
-1.159451
-1.238493
-1.310706
-1.497523
-1.675227
-1.792262
-1.779855
-1.739285
-1.725817
-1.682135
-1.737055
-1.726730
-1.659564
-1.571248
-1.456733
-1.315159
-1.131657
-0.923105
-0.888001
-0.971634
-1.132390
-1.231535
-1.373275
-1.566565
-1.743147
-1.877785
-1.861786
-1.816663
-1.803902
-1.777587
-1.834113
-1.834260
-1.777048
-1.695133
-1.595609
-1.467496
-1.306674
-1.108774
-0.907241
-0.971872
-1.161680
-1.271918
-1.450731
-1.642641
-1.816253
-1.943096
-1.927220
-1.873671
-1.848520
-1.806869
-1.843914
-1.844956
-1.790253
-1.706563
-1.601918
-1.459886
-1.285687
-1.084872
-0.888000
-0.971005
-1.124124
-1.238220
-1.340905
-1.534986
-1.709750
-1.868791
-1.866737
-1.812947
-1.787751
-1.745807
-1.744578
-1.741664
-1.680509
-1.598281
-1.491941
-1.342059
-1.172047
-0.970385
-0.888000
-0.970769
-1.154608
-1.244680
-1.329677
-1.520940
-1.695416
-1.857809
-1.875036
-1.819533
-1.787822
-1.737732
-1.789605
-1.785292
-1.723837
-1.641838
-1.535502
-1.393255
-1.218678
-1.017243
-0.888001
-0.971975
-1.142063
-1.242169
-1.332382
-1.523728
-1.699085
-1.844911
-1.830124
-1.761945
-1.722618
-1.666148
-1.642559
-1.639112
-1.575844
-1.492539
-1.380510
-1.240280
-1.056552
-0.887979
-0.888002
-0.931042
-1.110381
-1.200746
-1.277966
-1.469666
-1.644078
-1.753252
-1.751251
-1.695528
-1.670963
-1.640733
-1.651255
-1.640695
-1.566493
-1.472814
-1.357066
-1.196973
-0.996562
-0.888000
-0.888000
-0.930563
-1.129431
-1.193465
-1.245376
-1.429975
-1.605295
-1.733902
-1.730128
-1.652493
-1.607814
-1.557819
-1.536689
-1.539212
-1.472984
-1.382195
-1.266466
-1.087759
-0.887998
-0.888000
-0.888000
-0.928664
-1.056890
-1.164173
-1.249463
-1.397341
-1.580401
-1.727281
-1.711404
-1.638326
-1.607035
-1.572453
-1.602375
-1.618193
-1.562806
-1.482720
-1.376905
-1.212301
-1.010929
-0.888000
-0.888000
-0.970005
-1.116612
-1.239686
-1.352853
-1.547745
-1.730965
-1.890918
-1.900551
-1.816673
-1.758601
-1.711483
-1.668909
-1.680083
-1.631652
-1.562396
-1.477060
-1.360754
-1.213044
-1.023033
-0.888000
-0.931592
-1.119749
-1.217988
-1.308932
-1.494238
-1.672347
-1.783974
-1.793720
-1.773874
-1.761063
-1.733348
-1.784880
-1.775489
-1.708152
-1.621901
-1.519448
-1.382415
-1.211082
-1.010830
-0.888001
-0.931982
-1.128292
-1.232476
-1.333299
-1.521566
-1.697289
-1.865690
-1.954326
-1.912500
-1.882644
-1.848432
-1.884927
-1.909399
-1.870804
-1.805916
-1.721403
-1.609996
-1.461113
-1.276313
-1.074886
-0.941662
-1.143485
-1.251441
-1.368418
-1.561156
-1.734718
-1.895907
-2.005269
-1.996439
-1.950820
-1.896260
-1.866694
-1.882573
-1.840902
-1.770859
-1.681603
-1.560199
-1.399994
-1.203455
-1.002001
-0.931972
-1.133888
-1.243660
-1.359267
-1.551638
-1.727474
-1.887767
-2.020101
-2.003792
-1.963230
-1.909064
-1.888627
-1.897697
-1.842826
-1.765313
-1.657043
-1.520868
-1.366156
-1.171033
-0.969440
-0.888000
-1.091073
-1.222028
-1.330107
-1.521608
-1.698650
-1.847827
-1.875742
-1.828755
-1.786666
-1.736604
-1.657666
-1.662870
-1.618723
-1.546814
-1.434771
-1.304525
-1.131448
-0.920629
-0.887999
-0.888001
-1.092543
-1.195380
-1.280959
-1.463833
-1.648263
-1.802662
-1.835176
-1.780333
-1.757736
-1.739400
-1.730574
-1.748262
-1.697053
-1.620390
-1.510598
-1.367084
-1.200713
-0.997761
-0.887999
-0.888889
-1.087534
-1.188503
-1.277799
-1.470015
-1.653100
-1.824749
-1.885167
-1.828373
-1.802070
-1.783475
-1.818422
-1.833697
-1.782821
-1.709402
-1.604350
-1.482515
-1.327955
-1.133945
-0.932359
-0.888000
-1.081545
-1.273582
-1.445536
-1.634367
-1.805378
-1.931167
-1.926550
-1.850255
-1.804160
-1.762287
-1.788715
-1.755509
-1.686161
-1.593243
-1.470371
-1.321259
-1.133812
-0.925472
-0.888001
-0.888001
-1.093253
-1.232223
-1.314699
-1.483745
-1.655093
-1.787390
-1.834758
-1.784198
-1.753744
-1.734196
-1.720155
-1.731595
-1.676027
-1.594344
-1.485834
-1.343355
-1.146101
-0.943660
-0.888002
-0.888001
-1.077386
-1.234197
-1.328282
-1.486301
-1.671182
-1.837000
-1.902984
-1.838730
-1.787707
-1.748120
-1.727322
-1.756737
-1.717153
-1.649242
-1.553032
-1.427203
-1.259888
-1.054126
-0.888001
-0.887999
-1.090286
-1.220481
-1.296859
-1.464699
-1.629576
-1.747415
-1.779351
-1.746662
-1.714145
-1.686334
-1.638229
-1.647807
-1.588966
-1.500342
-1.386126
-1.238070
-1.038759
-0.888000
-0.888000
-0.888002
-1.020913
-1.142592
-1.240989
-1.351253
-1.540951
-1.718437
-1.754484
-1.673660
-1.631011
-1.614642
-1.570593
-1.616432
-1.591109
-1.527230
-1.436077
-1.315152
-1.142749
-0.941775
-0.888000
-0.888002
-0.991033
-1.110904
-1.202072
-1.265587
-1.453045
-1.633366
-1.667824
-1.592567
-1.540274
-1.507336
-1.425818
-1.450116
-1.406575
-1.321861
-1.213338
-1.056809
-0.887996
-0.888000
-0.888000
-0.888002
-0.974940
-1.092556
-1.188949
-1.255163
-1.352393
-1.530697
-1.643299
-1.644326
-1.597125
-1.561027
-1.519338
-1.549249
-1.502369
-1.417882
-1.308417
-1.158158
-0.957526
-0.888000
-0.888000
-0.888000
-1.012289
-1.126957
-1.222418
-1.292035
-1.479615
-1.657444
-1.756861
-1.726303
-1.668639
-1.627945
-1.550817
-1.580578
-1.550655
-1.483706
-1.382478
-1.239651
-1.050373
-0.888000
-0.888000
-0.888002
-1.049008
-1.196418
-1.257799
-1.382863
-1.553002
-1.689221
-1.737869
-1.726651
-1.689204
-1.661473
-1.621143
-1.650666
-1.621174
-1.555730
-1.458255
-1.334126
-1.167798
-0.962190
-0.888001
-0.888000
-1.052618
-1.196219
-1.269863
-1.391951
-1.580124
-1.749682
-1.807394
-1.760944
-1.722561
-1.700663
-1.638345
-1.673728
-1.643060
-1.576056
-1.481163
-1.354151
-1.185329
-0.986216
-0.888001
-0.887999
-1.045660
-1.147867
-1.241137
-1.399302
-1.588103
-1.764557
-1.871059
-1.810267
-1.773731
-1.767074
-1.766467
-1.805104
-1.774370
-1.699700
-1.607664
-1.492788
-1.343772
-1.171486
-0.969029
-0.888001
-1.013356
-1.195544
-1.284807
-1.454351
-1.639711
-1.810881
-1.921379
-1.898501
-1.853149
-1.822636
-1.790145
-1.818936
-1.783945
-1.705316
-1.605784
-1.479611
-1.311054
-1.110232
-0.908882
-0.888001
-1.012630
-1.129480
-1.228927
-1.371415
-1.560354
-1.735278
-1.865266
-1.816387
-1.758918
-1.727086
-1.656058
-1.656117
-1.636924
-1.568818
-1.483345
-1.367680
-1.194196
-0.993098
-0.888006
-0.887999
-1.001116
-1.128077
-1.237686
-1.329368
-1.473153
-1.653457
-1.774423
-1.762432
-1.728639
-1.704246
-1.649266
-1.700318
-1.687324
-1.623727
-1.532100
-1.415577
-1.256957
-1.056551
-0.888004
-0.887999
-1.009725
-1.163539
-1.252597
-1.383832
-1.573407
-1.746741
-1.808418
-1.781838
-1.734275
-1.705772
-1.668732
-1.686892
-1.663351
-1.591709
-1.501177
-1.383674
-1.220237
-1.019678
-0.887997
-0.888000
-1.012388
-1.172268
-1.243355
-1.313459
-1.502306
-1.683645
-1.796339
-1.777005
-1.718991
-1.684052
-1.612135
-1.661355
-1.639169
-1.570417
-1.481461
-1.369427
-1.206343
-1.003277
-0.888000
-0.888001
-1.014946
-1.216741
-1.401509
-1.587503
-1.763113
-1.875110
-1.911680
-1.883521
-1.819718
-1.766441
-1.713431
-1.732902
-1.696691
-1.618409
-1.508906
-1.370513
-1.188733
-0.979406
-0.888001
-0.888001
-1.011496
-1.210296
-1.325330
-1.469098
-1.649330
-1.815192
-1.903069
-1.911028
-1.875252
-1.852410
-1.806864
-1.802413
-1.787878
-1.721307
-1.627973
-1.511055
-1.370069
-1.186028
-0.978417
-0.888000
-0.972283
-1.156345
-1.253697
-1.343827
-1.533559
-1.712391
-1.872897
-1.901378
-1.861861
-1.842643
-1.789029
-1.816536
-1.799898
-1.727879
-1.636189
-1.520541
-1.360083
-1.173647
-0.971632
-0.888001
-0.971866
-1.162719
-1.250473
-1.334110
-1.523132
-1.694832
-1.861060
-1.902475
-1.850388
-1.813195
-1.761259
-1.745194
-1.749334
-1.695855
-1.613412
-1.500313
-1.358158
-1.176922
-0.975057
-0.888001
-0.971767
-1.150512
-1.242858
-1.327839
-1.519460
-1.697329
-1.852113
-1.862115
-1.805873
-1.772527
-1.721368
-1.718086
-1.708511
-1.639897
-1.551569
-1.434470
-1.286375
-1.098985
-0.897628
-0.888002
-0.971157
-1.135322
-1.223845
-1.336193
-1.529129
-1.707195
-1.829650
-1.785854
-1.722903
-1.695455
-1.656696
-1.645604
-1.639674
-1.581835
-1.501177
-1.394401
-1.222717
-1.035975
-0.887977
-0.888001
-0.971255
-1.124727
-1.206163
-1.276895
-1.468821
-1.653020
-1.765044
-1.714397
-1.654715
-1.637261
-1.609919
-1.627763
-1.624262
-1.560897
-1.481195
-1.375993
-1.236833
-1.045890
-0.887983
-0.887999
-0.954762
-1.063434
-1.167129
-1.248742
-1.435098
-1.613100
-1.720439
-1.700725
-1.648151
-1.602566
-1.540544
-1.514448
-1.505714
-1.441659
-1.352716
-1.236201
-1.061080
-0.887999
-0.887967
-0.888002
-0.971096
-1.150275
-1.237039
-1.316560
-1.447494
-1.631172
-1.780582
-1.796738
-1.740687
-1.707884
-1.661931
-1.672612
-1.669466
-1.605364
-1.522249
-1.406075
-1.231440
-1.029710
-0.887999
-0.888000
-0.931418
-1.131200
-1.282218
-1.403694
-1.591417
-1.738236
-1.806618
-1.829614
-1.822296
-1.799986
-1.741391
-1.760787
-1.749890
-1.679625
-1.581739
-1.458829
-1.315089
-1.131532
-0.921978
-0.888000
-0.931807
-1.127406
-1.225451
-1.322703
-1.515791
-1.695177
-1.846347
-1.856948
-1.818193
-1.811220
-1.787709
-1.834699
-1.833030
-1.767477
-1.676348
-1.562539
-1.425407
-1.254694
-1.052245
-0.887999
-0.931937
-1.131428
-1.227983
-1.314853
-1.503324
-1.680048
-1.846186
-1.881372
-1.826609
-1.792930
-1.754789
-1.727107
-1.743642
-1.698863
-1.626835
-1.529996
-1.399127
-1.230697
-1.026865
-0.887999
-0.931772
-1.128326
-1.221623
-1.313124
-1.493759
-1.676543
-1.835855
-1.873223
-1.820785
-1.793321
-1.766495
-1.763385
-1.772896
-1.714983
-1.630596
-1.520623
-1.384898
-1.210227
-1.004412
-0.887999
-0.931598
-1.123508
-1.217865
-1.306705
-1.498738
-1.677750
-1.838786
-1.875391
-1.819650
-1.789130
-1.761528
-1.757097
-1.769107
-1.720079
-1.643745
-1.543464
-1.409640
-1.240421
-1.038193
-0.888000
-0.931848
-1.126963
-1.226052
-1.321214
-1.507159
-1.686298
-1.851912
-1.899736
-1.851360
-1.825369
-1.804476
-1.780745
-1.800085
-1.751375
-1.672664
-1.568502
-1.434800
-1.267064
-1.064333
-0.887999
-0.931552
-1.131605
-1.226848
-1.320002
-1.438618
-1.624480
-1.797532
-1.913491
-1.876450
-1.849770
-1.830037
-1.818263
-1.835079
-1.784403
-1.704078
-1.597143
-1.465127
-1.295715
-1.092708
-0.891267
-0.888001
-1.093827
-1.214812
-1.304019
-1.461739
-1.643200
-1.813821
-1.940750
-1.901139
-1.867644
-1.848705
-1.823921
-1.862980
-1.833180
-1.776957
-1.678570
-1.563180
-1.413568
-1.221381
-1.018796
-0.888000
-1.091955
-1.204093
-1.314887
-1.500242
-1.683003
-1.852487
-1.961326
-1.922379
-1.894738
-1.875229
-1.875873
-1.886711
-1.831097
-1.754129
-1.636611
-1.507130
-1.342960
-1.143392
-0.941821
-0.887999
-1.093750
-1.222483
-1.310001
-1.480030
-1.662764
-1.830371
-1.909660
-1.854611
-1.814450
-1.783732
-1.735650
-1.757713
-1.718907
-1.651711
-1.544370
-1.412232
-1.241139
-1.036770
-0.888000
-0.888202
-1.076702
-1.179044
-1.272920
-1.470343
-1.654165
-1.821231
-1.848112
-1.781990
-1.753712
-1.739136
-1.714445
-1.739438
-1.696275
-1.628070
-1.537467
-1.423792
-1.277753
-1.090211
-0.888585
-0.888000
-1.062870
-1.176141
-1.266830
-1.434749
-1.623244
-1.781960
-1.787858
-1.723643
-1.688251
-1.664083
-1.632451
-1.653252
-1.601302
-1.525696
-1.412502
-1.265702
-1.067399
-0.887999
-0.888001
-0.888000
-1.066628
-1.175284
-1.271809
-1.379922
-1.568066
-1.741722
-1.819286
-1.779616
-1.743699
-1.713687
-1.732071
-1.749301
-1.697326
-1.620065
-1.513044
-1.385187
-1.215516
-1.014522
-0.888002
-0.888001
-1.078367
-1.184507
-1.275813
-1.459454
-1.643554
-1.808399
-1.826079
-1.751247
-1.698797
-1.659988
-1.635585
-1.603488
-1.586893
-1.543345
-1.465971
-1.354334
-1.200655
-1.004869
-0.888002
-0.887999
-1.087504
-1.185615
-1.272655
-1.444004
-1.622168
-1.735105
-1.766334
-1.763977
-1.740619
-1.712118
-1.663877
-1.684907
-1.648813
-1.580721
-1.479905
-1.359368
-1.202331
-1.005051
-0.888000
-0.888001
-1.040223
-1.155532
-1.256998
-1.452020
-1.638733
-1.800683
-1.809346
-1.748699
-1.731872
-1.733372
-1.750679
-1.775751
-1.731217
-1.649553
-1.544528
-1.422175
-1.268190
-1.077136
-0.887995
-0.888001
-1.041599
-1.161739
-1.259845
-1.420727
-1.610005
-1.785690
-1.840033
-1.771078
