-1.876053
-1.907785
-1.902127
-1.889208
-1.868003
-1.838724
-1.801397
-1.753753
-1.696152
-1.632419
-1.564062
-1.491666
-1.420762
-1.349459
-1.263812
-1.157165
-1.028898
-0.888243
-0.888000
-0.891548
-0.959750
-1.052515
-1.154501
-1.254028
-1.241926
-1.246660
-1.265054
-1.287766
-1.309301
-1.349539
-1.413621
-1.433216
-1.420935
-1.406969
-1.392768
-1.377493
-1.416709
-1.526421
-1.508134
-1.520607
-1.567314
-1.577118
-1.565356
-1.537473
-1.489080
-1.427855
-1.370603
-1.314296
-1.255074
-1.197417
-1.123337
-1.073634
-1.154917
-1.219017
-1.258276
-1.365225
-1.500931
-1.701448
-1.890993
-2.019370
-2.053771
-2.021856
-2.019064
-2.023093
-1.992658
-1.932197
-1.851524
-1.753891
-1.638572
-1.548289
-1.448357
-1.405590
-1.360355
-1.342688
-1.363988
-1.358672
-1.323459
-1.266595
-1.210247
-1.361438
-1.562113
-1.735013
-1.873010
-1.973892
-2.023202
-2.052928
-2.026619
-1.972639
-1.888712
-1.799516
-1.659490
-1.545199
-1.502364
-1.447957
-1.480221
-1.534843
-1.561108
-1.552260
-1.531873
-1.519553
-1.677633
-1.858301
-2.015052
-2.084219
-2.094536
-2.103219
-2.110599
-2.064421
-2.020411
-2.004109
-1.969678
-1.938671
-1.900049
-1.985994
-2.053195
-2.103837
-2.139318
-2.157135
-2.164412
-2.165451
-2.152154
-2.151676
-2.266320
-2.315657
-2.344829
-2.364633
-2.347611
-2.265015
-2.189294
-2.191947
-2.154500
-2.114065
-2.088065
-2.098593
-2.143561
-2.173009
-2.188306
-2.183657
-2.163964
-2.133941
-2.094594
-2.034470
-2.149431
-2.273944
-2.324498
-2.347887
-2.378789
-2.358058
-2.280408
-2.206429
-2.175404
-2.131455
-2.041447
-1.953981
-1.890983
-1.891039
-1.920949
-1.927345
-1.913254
-1.883036
-1.853158
-1.940072
-2.064209
-2.199396
-2.242792
-2.254563
-2.276757
-2.267051
-2.201636
-2.128040
-2.052730
-1.998419
-1.958644
-1.984635
-2.031953
-2.070777
-2.096519
-2.098910
-2.087568
-2.065193
-2.032805
-1.987179
-2.063474
-2.169495
-2.226671
-2.245163
-2.246633
-2.188315
-2.068007
-2.040363
-2.122488
-2.105460
-2.042333
-1.970181
-1.935140
-1.898403
-1.945853
-1.977699
-1.988362
-1.981866
-1.959941
-1.935994
-1.958409
-2.111792
-2.255944
-2.293249
-2.297256
-2.316283
-2.307563
-2.242057
-2.161768
-2.084995
-2.028049
-1.988722
-1.973023
-2.034602
-2.081566
-2.111719
-2.116201
-2.105226
-2.082585
-2.050505
-2.004618
-2.074056
-2.188037
-2.239755
-2.263414
-2.263837
-2.213045
-2.119939
-2.073322
-2.089270
-2.035390
-1.986472
-1.946638
-1.930368
-1.907700
-1.952139
-1.973244
-1.974509
-1.959464
-1.934544
-1.923327
-1.915291
-2.100434
-2.247879
-2.305186
-2.323473
-2.358226
-2.341834
-2.268344
-2.193262
-2.127270
-2.078019
-2.055979
-2.118234
-2.173880
-2.208892
-2.230094
-2.229008
-2.210958
-2.181344
-2.141321
-2.093769
-2.214542
-2.287258
-2.318958
-2.314117
-2.289518
-2.206963
-2.104120
-2.098383
-2.100120
-2.057935
-2.007013
-1.968529
-1.952454
-1.994244
-2.023135
-2.029051
-2.016946
-1.992634
-1.968254
-1.934362
-2.050169
-2.198303
-2.267525
-2.304502
-2.325991
-2.304570
-2.229439
-2.156723
-2.082445
-2.025064
-1.987831
-1.985423
-2.048733
-2.093385
-2.121119
-2.124485
-2.112220
-2.088517
-2.054370
-2.003893
-2.085262
-2.229261
-2.300466
-2.336884
-2.348515
-2.291611
-2.179334
-2.113443
-2.110899
-2.054925
-1.993452
-1.950040
-1.938841
-1.993830
-2.030362
-2.042764
-2.039445
-2.023212
-1.998264
-1.957721
-2.017847
-2.182971
-2.257501
-2.300705
-2.322457
-2.309794
-2.229109
-2.136644
-2.083884
-2.020887
-1.969742
-1.940907
-1.958766
-2.005605
-2.030360
-2.034046
-2.019901
-1.992832
-1.957871
-1.909562
-1.949114
-2.126859
-2.208830
-2.255608
-2.267457
-2.228572
-2.129525
-2.052572
-2.057759
-1.999495
-1.948084
-1.908462
-1.881811
-1.941401
-1.977241
-1.997804
-1.999626
-1.986413
-1.962856
-1.924431
-1.916454
-2.097760
-2.189630
-2.247448
-2.275583
-2.278232
-2.209120
-2.123874
-2.071911
-2.012092
-1.964440
-1.940024
-1.967003
-2.009261
-2.025658
-2.024855
-2.004580
-1.970902
-1.929252
-1.876628
-1.848282
-2.023860
-2.117408
-2.182518
-2.202102
-2.175231
-2.084770
-2.006949
-2.026991
-2.001328
-1.970415
-1.919192
-1.879456
-1.884033
-1.928630
-1.960407
-1.971511
-1.966939
-1.952705
-1.923326
-1.921263
-2.104445
-2.195383
-2.251333
-2.274756
-2.286100
-2.228613
-2.150729
-2.110860
-2.057987
-2.015838
-1.997427
-2.049851
-2.098561
-2.126249
-2.137284
-2.127334
-2.101191
-2.064439
-2.016372
-1.973709
-2.140135
-2.228109
-2.296883
-2.314935
-2.289657
-2.198693
-2.105537
-2.107607
-2.060512
-2.023287
-1.980766
-1.953882
-1.980236
-2.016184
-2.037478
-2.037024
-2.020025
-1.993529
-1.954314
-1.944796
-2.126674
-2.218515
-2.281249
-2.303084
-2.297769
-2.226227
-2.141849
-2.116946
-2.060126
-2.010958
-1.985967
-2.019564
-2.068186
-2.096629
-2.109324
-2.100072
-2.073888
-2.037156
-1.988067
-1.954824
-2.123479
-2.211915
-2.287119
-2.312851
-2.294536
-2.208917
-2.120139
-2.117993
-2.058164
-2.016925
-1.978664
-1.958478
-2.005677
-2.039714
-2.057953
-2.053719
-2.033070
-2.002972
-1.960001
-1.946169
-2.128600
-2.226757
-2.293284
-2.318825
-2.313597
-2.236476
-2.143839
-2.115599
-2.056934
-2.005305
-1.975912
-1.997073
-2.046124
-2.075284
-2.088150
-2.078378
-2.051398
-2.014647
-1.965458
-1.943490
-2.126610
-2.224458
-2.296404
-2.320398
-2.299297
-2.209935
-2.116308
-2.110922
-2.054016
-2.008976
-1.975529
-1.968920
-2.023416
-2.056626
-2.074161
-2.068777
-2.045731
-2.012203
-1.965519
-1.948366
-2.132116
-2.232635
-2.307598
-2.335684
-2.322890
-2.240464
-2.145018
-2.119943
-2.060543
-2.007773
-1.977188
-1.995767
-2.043186
-2.070818
-2.082188
-2.070518
-2.041313
-2.002046
-1.950494
-1.924933
-2.109200
-2.206453
-2.286910
-2.318945
-2.302235
-2.215524
-2.124264
-2.119346
-2.061666
-2.015664
-1.980239
-1.973207
-2.032666
-2.070707
-2.093023
-2.092421
-2.073874
-2.043900
-1.999823
-1.966524
-2.139786
-2.237161
-2.313310
-2.335423
-2.315653
-2.230740
-2.134244
-2.113388
-2.053668
-2.000319
-1.970027
-1.980630
-2.021450
-2.043085
-2.048378
-2.029755
-1.994101
-1.948721
-1.888572
-1.848652
-2.024996
-2.126206
-2.226072
-2.268867
-2.256842
-2.175132
-2.088727
-2.095609
-2.046475
-2.005203
-1.962202
-1.937845
-1.999040
-2.043448
-2.072841
-2.079037
-2.067907
-2.045897
-2.008936
-1.974604
-2.143121
-2.237469
-2.307484
-2.323649
-2.302784
-2.218684
-2.119900
-2.093606
-2.036020
-1.986069
-1.958616
-1.977235
-2.014620
-2.032334
-2.034078
-2.011149
-1.971671
-1.922943
-1.860173
-1.821448
-1.998937
-2.106839
-2.212677
-2.254403
-2.240517
-2.158160
-2.068751
-2.074910
-2.027355
-1.988517
-1.947217
-1.922785
-1.977115
-2.018298
-2.044482
-2.047292
-2.032456
-2.006513
-1.966315
-1.936669
-2.109441
-2.203717
-2.281537
-2.299628
-2.281660
-2.202465
-2.109525
-2.087609
-2.029119
-1.977915
-1.950126
-1.972394
-2.011843
-2.032078
-2.036252
-2.016033
-1.978740
-1.930761
-1.868586
-1.827925
-1.998888
-2.108599
-2.216030
-2.253902
-2.239899
-2.158224
-2.069571
-2.075889
-2.026644
-1.989524
-1.949504
-1.925005
-1.966774
-2.008831
-2.035757
-2.038441
-2.023071
-1.996281
-1.955101
-1.931293
-2.106655
-2.203746
-2.283825
-2.303340
-2.287449
-2.211396
-2.119578
-2.099945
-2.043066
-1.993278
-1.968152
-1.997163
-2.037713
-2.059148
-2.064800
-2.045551
-2.008194
-1.959509
-1.897100
-1.861680
-2.037543
-2.148656
-2.252840
-2.295148
-2.279663
-2.189761
-2.095895
-2.097994
-2.050140
-2.008638
-1.967870
-1.939776
-1.985846
-2.027322
-2.052610
-2.053199
-2.035126
-2.005454
-1.961514
-1.936301
-2.103448
-2.206060
-2.285840
-2.303207
-2.290533
-2.217852
-2.126509
-2.112033
-2.056599
-2.007623
-1.979855
-2.010026
-2.055458
-2.079190
-2.086403
-2.069734
-2.033755
-1.985520
-1.924128
-1.866495
-2.044981
-2.157736
-2.261302
-2.311229
-2.300419
-2.207618
-2.104098
-2.100459
-2.064764
-2.020510
-1.972422
-1.935397
-1.966923
-2.011068
-2.039305
-2.043197
-2.028751
-2.000740
-1.957859
-1.906266
-2.058223
-2.173158
-2.254651
-2.271945
-2.262620
-2.191616
-2.099983
-2.082573
-2.019612
-1.969563
-1.938169
-1.928942
-1.972274
-1.991279
-1.992925
-1.969033
-1.926271
-1.871910
-1.803710
-1.739161
-1.913587
-2.033009
-2.160557
-2.229176
-2.226215
-2.139231
-2.042984
-2.049099
-2.046039
-2.004760
-1.941794
-1.889531
-1.905208
-1.958084
-1.994083
-2.004803
-1.997300
-1.976899
-1.940836
-1.889490
-2.049929
-2.148596
-2.226274
-2.248083
-2.238607
-2.161600
-2.056404
-2.022760
-1.959060
-1.906152
-1.876175
-1.871118
-1.908898
-1.920598
-1.914285
-1.881749
-1.830641
-1.769817
-1.696282
-1.663576
-1.840529
-1.969498
-2.092390
-2.157101
-2.157797
-2.070551
-1.969504
-1.971070
-1.975709
-1.942598
-1.877701
-1.814256
-1.800941
-1.850376
-1.881356
-1.887036
-1.874020
-1.849216
-1.808327
-1.771882
-1.949744
-2.057041
-2.144695
-2.176045
-2.182070
-2.122755
-2.035558
-2.003406
-1.944641
-1.894932
-1.872331
-1.903911
-1.941739
-1.955997
-1.952420
-1.923476
-1.874204
-1.812847
-1.738137
-1.651852
-1.829033
-1.963800
-2.098900
-2.160933
-2.157860
-2.072937
-1.981697
-2.003738
-2.027045
-1.996255
-1.923254
-1.856799
-1.834970
-1.888848
-1.924503
-1.933919
-1.924362
-1.902457
-1.864390
-1.823984
-1.995694
-2.101100
-2.186850
-2.213448
-2.212112
-2.146456
-2.050625
-2.013455
-1.953316
-1.902624
-1.878729
-1.903348
-1.941093
-1.953542
-1.947166
-1.914198
-1.861201
-1.796939
-1.719703
-1.649537
-1.828794
-1.964820
-2.095564
-2.161707
-2.158505
-2.064326
-1.967088
-1.981273
-2.000763
-1.970586
-1.899949
-1.823642
-1.813551
-1.864402
-1.896691
-1.901768
-1.887489
-1.861187
-1.818452
-1.774192
-1.947841
-2.055305
-2.145141
-2.177590
-2.184975
-2.128783
-2.039959
-2.003799
-1.944841
-1.895362
-1.871146
-1.908317
-1.941532
-1.951159
-1.942198
-1.905812
-1.847938
-1.777753
-1.692584
-1.626262
-1.800595
-1.943886
-2.101619
-2.177536
-2.165450
-2.057804
-1.969532
-1.998474
-2.040321
-2.006056
-1.921645
-1.826391
-1.836171
-1.892296
-1.929957
-1.939716
-1.929080
-1.905440
-1.864561
-1.824098
-1.981650
-2.087974
-2.163562
-2.184916
-2.188018
-2.130949
-2.041250
-2.002100
-1.941671
-1.891695
-1.865966
-1.891715
-1.919372
-1.922728
-1.908377
-1.866669
-1.802873
-1.726267
-1.636616
-1.584651
-1.757268
-1.904592
-2.066776
-2.144843
-2.134379
-2.029525
-1.939371
-1.965408
-2.025126
-1.997202
-1.901309
-1.792187
-1.753436
-1.810243
-1.847526
-1.854704
-1.841359
-1.815540
-1.771698
-1.721462
-1.890004
-1.993212
-2.083188
-2.122395
-2.136979
-2.086689
-1.998199
-1.966553
-1.904908
-1.853970
-1.831461
-1.871664
-1.901854
-1.906368
-1.890942
-1.847486
-1.780978
-1.702601
-1.610960
-1.571975
-1.747347
-1.901052
-2.061647
-2.137916
-2.127166
-2.021220
-1.930296
-1.944911
-1.991936
-1.962776
-1.874430
-1.752816
-1.757590
-1.813066
-1.849230
-1.856217
-1.842468
-1.817202
-1.773677
-1.716377
-1.884352
-1.987158
-2.076235
-2.114326
-2.130783
-2.083362
-1.999351
-1.961881
-1.899996
-1.848661
-1.823403
-1.860660
-1.887745
-1.891654
-1.876869
-1.835153
-1.769124
-1.688902
-1.593792
-1.535840
-1.711459
-1.872543
-2.040140
-2.120499
-2.107572
-2.007367
-1.928447
-1.949257
-2.016227
-1.984287
-1.893682
-1.774817
-1.788104
-1.847463
-1.886296
-1.894519
-1.880730
-1.855041
-1.811380
-1.754227
-1.922561
-2.034531
-2.119755
-2.152433
-2.164672
-2.117302
-2.031815
-1.990554
-1.930308
-1.880420
-1.866236
-1.902514
-1.925178
-1.923223
-1.903202
-1.857868
-1.787888
-1.703100
-1.604250
-1.535007
-1.699913
-1.860379
-1.998117
-2.055660
-2.041957
-1.957315
-1.895900
-1.932040
-2.019788
-1.979455
-1.889841
-1.770182
-1.813443
-1.874629
-1.914252
-1.922434
-1.907162
-1.878146
-1.830675
-1.771392
-1.933578
-2.046658
-2.135448
-2.173857
-2.191638
-2.151312
-2.070693
-2.028838
-1.970569
-1.923707
-1.914429
-1.950413
-1.973308
-1.972878
-1.954881
-1.909015
-1.838874
-1.753927
-1.655304
-1.572973
-1.725469
-1.891322
-2.043561
-2.106666
-2.095305
-2.009950
-1.937938
-1.960121
-2.045321
-2.012916
-1.921096
-1.801840
-1.845489
-1.899274
-1.931269
-1.932516
-1.912568
-1.879372
-1.827968
-1.776052
-1.940416
-2.052758
-2.137470
-2.171958
-2.184972
-2.139474
-2.052650
-2.009689
-1.944036
-1.890775
-1.862615
-1.888908
-1.924578
-1.936502
-1.929249
-1.892672
-1.834078
-1.762618
-1.675132
-1.582524
-1.757322
-1.912853
-2.070418
-2.143376
-2.147096
-2.067936
-1.969405
-1.967697
-2.006293
-1.979976
-1.906727
-1.823762
-1.812482
-1.874082
-1.915676
-1.928264
-1.919990
-1.898272
-1.858047
-1.804309
-1.937309
-2.033434
-2.101357
-2.129948
-2.142990
-2.096602
-2.006753
-1.951077
-1.883657
-1.842414
-1.813901
-1.810781
-1.842939
-1.850007
-1.837939
-1.796045
-1.729853
-1.651061
-1.560424
-1.496452
-1.665116
-1.821859
-1.970684
-2.047300
-2.048543
-1.961760
-1.873132
-1.871251
-1.930798
-1.910523
-1.828323
-1.707221
-1.717569
-1.779483
-1.820515
-1.830248
-1.817505
-1.792712
-1.748104
-1.688107
-1.851900
-1.962566
-2.041364
-2.079840
-2.103266
-2.067275
-1.987697
-1.935355
-1.870861
-1.820559
-1.800321
-1.835595
-1.853060
-1.846878
-1.823010
-1.772962
-1.695834
-1.601441
-1.492686
-1.408248
-1.560928
-1.732631
-1.863930
-1.931313
-1.955642
-1.881743
-1.810235
-1.830329
-1.939245
-1.928619
-1.837571
-1.726188
-1.723685
-1.778581
-1.808735
-1.808670
-1.784720
-1.747790
-1.692980
-1.623323
-1.778800
-1.908376
-2.011608
-2.075379
-2.109515
-2.076351
-1.986903
-1.945297
-1.919124
-1.896767
-1.848210
-1.821527
-1.854404
-1.893017
-1.910471
-1.898358
-1.860732
-1.808330
-1.741918
-1.660032
-1.805769
-1.945156
-2.047694
-2.096957
-2.119684
-2.080213
-1.989240
-1.941482
-1.948766
-1.949437
-1.889807
-1.845527
-1.810090
-1.867219
-1.906740
-1.920866
-1.912581
-1.886962
-1.843068
-1.777593
-1.873638
-1.941684
-2.011551
-2.062906
-2.107216
-2.091821
-2.023121
-1.962503
-1.923783
-1.902982
-1.854828
-1.823992
-1.862539
-1.899203
-1.918442
-1.912513
-1.884731
-1.841021
-1.780261
-1.701105
-1.815398
-1.918505
-2.001066
-2.050826
-2.084389
-2.052705
-1.971231
-1.924905
-1.921081
-1.927933
-1.875473
-1.831578
-1.788596
-1.837861
-1.870526
-1.877522
-1.863860
-1.833344
-1.782828
-1.709997
-1.814216
-1.906908
-1.989426
-2.051090
-2.096027
-2.072833
-1.994142
-1.922826
-1.866986
-1.841965
-1.800714
-1.772132
-1.802763
-1.836751
-1.849496
-1.836866
-1.801528
-1.751922
-1.687186
-1.604918
-1.731505
-1.837561
-1.924088
-1.982750
-2.031773
-2.013006
-1.937787
-1.875149
-1.867663
-1.864079
-1.785374
-1.723819
-1.679944
-1.703946
-1.736255
-1.741781
-1.728651
-1.702388
-1.655691
-1.587479
-1.723645
-1.815308
-1.887537
-1.944668
-1.985292
-1.953883
-1.872443
-1.801589
-1.760323
-1.764551
-1.702301
-1.657824
-1.630274
-1.671611
-1.686532
-1.674424
-1.641253
-1.594832
-1.531900
-1.441025
-1.593448
-1.697707
-1.791903
-1.871550
-1.944707
-1.942557
-1.875019
-1.804422
-1.753743
-1.723190
-1.651457
-1.598400
-1.586580
-1.643148
-1.677752
-1.688110
-1.677474
-1.651898
-1.604199
-1.527272
-1.670970
-1.746064
-1.821231
-1.889750
-1.941397
-1.916406
-1.837582
-1.764517
-1.732890
-1.742455
-1.693127
-1.655642
-1.639882
-1.684733
-1.706069
-1.703207
-1.680362
-1.642668
-1.585410
-1.507877
-1.649130
-1.746698
-1.828971
-1.900086
-1.960696
-1.946040
-1.867173
-1.785935
-1.727084
-1.708188
-1.658013
-1.611419
-1.592170
-1.633684
-1.656265
-1.651807
-1.626207
-1.587623
-1.529037
-1.429850
-1.579430
-1.687921
-1.779801
-1.856460
-1.927443
-1.923961
-1.857936
-1.794853
-1.773050
-1.768817
-1.691750
-1.636166
-1.594212
-1.636976
-1.672711
-1.681486
-1.670034
-1.644645
-1.597207
-1.526943
-1.669922
-1.766718
-1.844101
-1.908736
-1.955511
-1.930226
-1.847756
-1.768705
-1.723472
-1.738429
-1.677131
-1.631337
-1.594513
-1.620785
-1.634510
-1.620741
-1.585523
-1.535900
-1.467100
-1.362835
-1.517714
-1.635108
-1.742184
-1.833351
-1.915082
-1.923108
-1.863492
-1.801065
-1.765487
-1.742239
-1.666902
-1.615998
-1.579647
-1.633986
-1.660587
-1.660419
-1.640029
-1.606309
-1.550822
-1.461762
-1.606139
-1.708977
-1.798329
-1.874862
-1.940330
-1.931002
-1.860399
-1.786313
-1.742603
-1.741764
-1.680969
-1.640584
-1.603587
-1.651955
-1.671758
-1.665270
-1.638524
-1.596930
-1.534047
-1.450724
-1.607294
-1.716544
-1.807435
-1.885659
-1.950206
-1.939314
-1.863051
-1.779420
-1.733991
-1.738831
-1.679069
-1.626648
-1.585623
-1.604374
-1.624514
-1.615449
-1.585461
-1.542111
-1.477835
-1.384050
-1.530512
-1.641232
-1.742199
-1.831720
-1.913565
-1.918263
-1.853203
-1.778904
-1.741142
-1.736173
-1.664552
-1.612184
-1.569108
-1.618417
-1.642049
-1.636214
-1.608721
-1.568464
-1.507268
-1.402820
-1.552186
-1.661799
-1.761276
-1.849328
-1.930930
-1.933508
-1.864347
-1.785411
-1.750796
-1.755416
-1.686347
-1.638069
-1.588296
-1.639180
-1.665719
-1.664865
-1.642787
-1.604766
-1.543342
-1.452527
-1.611649
-1.724162
-1.817044
-1.896838
-1.964939
-1.958300
-1.882957
-1.798947
-1.757047
-1.749924
-1.690846
-1.647634
-1.621153
-1.662025
-1.684288
-1.678814
-1.651728
-1.610880
-1.548824
-1.462682
-1.621006
-1.736887
-1.824221
-1.897642
-1.962544
-1.955039
-1.884543
-1.806621
-1.771156
-1.766315
-1.696936
-1.649439
-1.611150
-1.645210
-1.662512
-1.652307
-1.620521
-1.574615
-1.506674
-1.395839
-1.552573
-1.668930
-1.776148
-1.865476
-1.944730
-1.947587
-1.878925
-1.803926
-1.766608
-1.751603
-1.679181
-1.632467
-1.592331
-1.638034
-1.662885
-1.660436
-1.636389
-1.596315
-1.532283
-1.430461
-1.589882
-1.706317
-1.809933
-1.892751
-1.963282
-1.959086
-1.883795
-1.807612
-1.756929
-1.729091
-1.672589
-1.639802
-1.633052
-1.678568
-1.697470
-1.688820
-1.657767
-1.613524
-1.548903
-1.461004
-1.625829
-1.744981
-1.841092
-1.916461
-1.973273
-1.956431
-1.874932
-1.797533
-1.754062
-1.744610
-1.681140
-1.626244
-1.579163
-1.579711
-1.600065
-1.589836
-1.558131
-1.510263
-1.439136
-1.376053
-1.528270
-1.637614
-1.749643
-1.844763
-1.922325
-1.921245
-1.847938
-1.775976
-1.724391
-1.701539
-1.644989
-1.604861
-1.574983
-1.614646
-1.629537
-1.615370
-1.577403
-1.527027
-1.455540
-1.354818
-1.518027
-1.634436
-1.754225
-1.853430
-1.927940
-1.921609
-1.846273
-1.789731
-1.744517
-1.725052
-1.653971
-1.603723
-1.536461
-1.573746
-1.586887
-1.571979
-1.534769
-1.478101
-1.401542
-1.367468
-1.524300
-1.629667
-1.741858
-1.839545
-1.909893
-1.900864
-1.817866
-1.760244
-1.735697
-1.747041
-1.679578
-1.630488
-1.591470
-1.611879
-1.618395
-1.595483
-1.548693
-1.488767
-1.408963
-1.342170
-1.508271
-1.622120
-1.744058
-1.844998
-1.917398
-1.906097
-1.831241
-1.805633
-1.789994
-1.767703
-1.667856
-1.609443
-1.544761
-1.569463
-1.587430
-1.574262
-1.534205
-1.475497
-1.402519
-1.396062
-1.568623
-1.678259
-1.770088
-1.869122
-1.923401
-1.880131
-1.794619
-1.792423
-1.879880
-1.903580
-1.799696
-1.707786
-1.625030
-1.659858
-1.658418
-1.627156
-1.572792
-1.502829
-1.419339
-1.431988
-1.603514
-1.712164
-1.810610
-1.911721
-1.975735
-1.932985
-1.845534
-1.836809
-1.917525
-1.934136
-1.832294
-1.727293
-1.659542
-1.688979
-1.686274
-1.653687
-1.597853
-1.527489
-1.441974
-1.446743
-1.617291
-1.728135
-1.831149
-1.928949
-1.988704
-1.942732
-1.845177
-1.824141
-1.903182
-1.921738
-1.819322
-1.711049
-1.643507
-1.665891
-1.656223
-1.617744
-1.557091
-1.481659
-1.392145
-1.416308
-1.587562
-1.693557
-1.790049
-1.874892
-1.928457
-1.883398
-1.785593
-1.764678
-1.843802
-1.862469
-1.759075
-1.670712
-1.586877
-1.620206
-1.616730
-1.583547
-1.528301
-1.460172
-1.375642
-1.382609
-1.551116
-1.656093
-1.756724
-1.844716
-1.904070
-1.881034
-1.787289
-1.742755
-1.750867
-1.755968
-1.689833
-1.633174
-1.562505
-1.587103
-1.586909
-1.556290
-1.504223
-1.434844
-1.346017
-1.355424
-1.524902
-1.622831
-1.719254
-1.803194
-1.858174
-1.833530
-1.744060
-1.712676
-1.755107
-1.768741
-1.684907
-1.623511
-1.551729
-1.561033
-1.562656
-1.532784
-1.479076
-1.411106
-1.341384
-1.369135
-1.539262
-1.638659
-1.738587
-1.827699
-1.879589
-1.849980
-1.760647
-1.735619
-1.768965
-1.778011
-1.703825
-1.646427
-1.573895
-1.595599
-1.594057
-1.561624
-1.505807
-1.435189
-1.362651
-1.387303
-1.559150
-1.661107
-1.763756
-1.854265
-1.901523
-1.860219
-1.768054
-1.757361
-1.828200
-1.839208
-1.755141
-1.680823
-1.596461
-1.619988
-1.612332
-1.574166
-1.511998
-1.436044
-1.361351
-1.418282
-1.592188
-1.700603
-1.804695
-1.879962
-1.924539
-1.873232
-1.784272
-1.775896
-1.862885
-1.854942
-1.756161
-1.660538
-1.572669
-1.592520
-1.583496
-1.543967
-1.480405
-1.401294
-1.337172
-1.423437
-1.596913
-1.700983
-1.790830
-1.858641
-1.898469
-1.834235
-1.734804
-1.740866
-1.837300
-1.838705
-1.727457
-1.637850
-1.542687
-1.564690
-1.567117
-1.543131
-1.493371
-1.427190
-1.349504
-1.341300
-1.492073
-1.588045
-1.691315
-1.759653
-1.822708
-1.820407
-1.736815
-1.648736
-1.568719
-1.579808
-1.548137
-1.511932
-1.473264
-1.478998
-1.461171
-1.421450
-1.363461
-1.286576
-1.206555
-1.255644
-1.402613
-1.515629
-1.620871
-1.703581
-1.767370
-1.746880
-1.667523
-1.618336
-1.676445
-1.705181
-1.601490
-1.521695
-1.425768
-1.411296
-1.416194
-1.389424
-1.332894
-1.261928
-1.227109
-1.363897
-1.533847
-1.637577
-1.724573
-1.781791
-1.802502
-1.737254
-1.659913
-1.650596
-1.770536
-1.807907
-1.718420
-1.623500
-1.586060
-1.590924
-1.571325
-1.529333
-1.467422
-1.392839
-1.310932
-1.333820
-1.473835
-1.585196
-1.680677
-1.759079
-1.829334
-1.811643
-1.716662
-1.636136
-1.641937
-1.668387
-1.612043
-1.549542
-1.479735
-1.496909
-1.489786
-1.457813
-1.401933
-1.330780
-1.259351
-1.321196
-1.486926
-1.585364
-1.677240
-1.741040
-1.790997
-1.759462
-1.681505
-1.638412
-1.714375
-1.750829
-1.681263
-1.611067
-1.537371
-1.556132
-1.548913
-1.517082
-1.464383
-1.394196
-1.311476
-1.324554
-1.469272
-1.576024
-1.672977
-1.754571
-1.828495
-1.817110
-1.723710
-1.637456
-1.599739
-1.623113
-1.579057
-1.531457
-1.469200
-1.486348
-1.478198
-1.447148
-1.392265
-1.314703
-1.234820
-1.301420
-1.455738
-1.552915
-1.641839
-1.713198
-1.765669
-1.736971
-1.653412
-1.597131
-1.653580
-1.690107
-1.615956
-1.551748
-1.465716
-1.463439
-1.466689
-1.444858
-1.398649
-1.331410
-1.255639
-1.298086
-1.445927
-1.550841
-1.644059
-1.729362
-1.800050
-1.785129
-1.683177
-1.595373
-1.579028
-1.618498
-1.573897
-1.526908
-1.447895
-1.459666
-1.444901
-1.409975
-1.354746
-1.275621
-1.196469
-1.287322
-1.444404
-1.546764
-1.629820
-1.714061
-1.783461
-1.766584
-1.671057
-1.588693
-1.612172
-1.655722
-1.598774
-1.541989
-1.454076
-1.467164
-1.459980
-1.430144
-1.379615
-1.306946
-1.229711
-1.306538
-1.471633
-1.575427
-1.658374
-1.747330
-1.817377
-1.800442
-1.703351
-1.619073
-1.623964
-1.651717
-1.601869
-1.548219
-1.460136
-1.480682
-1.473650
-1.443006
-1.390644
-1.317442
-1.240474
-1.312125
-1.471189
-1.566901
-1.640004
-1.716942
-1.785558
-1.764895
-1.674082
-1.599654
-1.624663
-1.646198
-1.589255
-1.534347
-1.459347
-1.477659
-1.469758
-1.438021
-1.382529
-1.305358
-1.226166
-1.316068
-1.468587
-1.564739
-1.641013
-1.717320
-1.780768
-1.755113
-1.665988
-1.596272
-1.638467
-1.663366
-1.600949
-1.544942
-1.454398
-1.486864
-1.494300
-1.474620
-1.428206
-1.359815
-1.278647
-1.307377
-1.466816
-1.571106
-1.660101
-1.742150
-1.816798
-1.804331
-1.714465
-1.633410
-1.614571
-1.637058
-1.603950
-1.555053
-1.499595
-1.509382
-1.497012
-1.462480
-1.403704
-1.324151
-1.242041
-1.303473
-1.450577
-1.541445
-1.613759
-1.675540
-1.740207
-1.714849
-1.631568
-1.569417
-1.616976
-1.652506
-1.608599
-1.554106
-1.466255
-1.487979
-1.487832
-1.461544
-1.410842
-1.334780
-1.264544
-1.293215
-1.440115
-1.543336
-1.629502
-1.706355
-1.792093
-1.794358
-1.711824
-1.614757
-1.545084
-1.573683
-1.558359
-1.523000
-1.497440
-1.505833
-1.494793
-1.459247
-1.398871
-1.316045
-1.259157
-1.339599
-1.480524
-1.571110
-1.633912
-1.672493
-1.721690
-1.679229
-1.612144
-1.587559
-1.714297
-1.735635
-1.666153
-1.593987
-1.500023
-1.512173
-1.503089
-1.467797
-1.408352
-1.325374
-1.265356
-1.350484
-1.489630
-1.583428
-1.654201
-1.719290
-1.789387
-1.771494
-1.676710
-1.591482
-1.560823
-1.591912
-1.569335
-1.525284
-1.466126
-1.472322
-1.460232
-1.422802
-1.361723
-1.275224
-1.217034
-1.294099
-1.443512
-1.538669
-1.606830
-1.666662
-1.737732
-1.721797
-1.642519
-1.582468
-1.598252
-1.618327
-1.586228
-1.526545
-1.467054
-1.467902
-1.449105
-1.405458
-1.338555
-1.248215
-1.194030
-1.287414
-1.425655
-1.505813
-1.557021
-1.605697
-1.674690
-1.658368
-1.582543
-1.519089
-1.507743
-1.544079
-1.532508
-1.484373
-1.417058
-1.419100
-1.402186
-1.358925
-1.291012
-1.197827
-1.145182
-1.233179
-1.370613
-1.455037
-1.518235
-1.566847
-1.642106
-1.638040
-1.581769
-1.527300
-1.540425
-1.563837
-1.546698
-1.497897
-1.437054
-1.446150
-1.435673
-1.396339
-1.329518
-1.241185
-1.189624
-1.291766
-1.431550
-1.509446
-1.560476
-1.589949
-1.638323
-1.623229
-1.582885
-1.580996
-1.688693
-1.686557
-1.628311
-1.547197
-1.443732
-1.444611
-1.420536
-1.370902
-1.302515
-1.209245
-1.165200
-1.308331
-1.442963
-1.503991
-1.529931
-1.566196
-1.618099
-1.576670
-1.503125
-1.471593
-1.494763
-1.527847
-1.516206
-1.461941
-1.384267
-1.399335
-1.389117
-1.350165
-1.288667
-1.200331
-1.131393
-1.193295
-1.327864
-1.407172
-1.478575
-1.533914
-1.620936
-1.628732
-1.579748
-1.511212
-1.491200
-1.534230
-1.511854
-1.449575
-1.428312
-1.405620
-1.361126
-1.300546
-1.226293
-1.124520
-1.074215
-1.211244
-1.337268
-1.369767
-1.381579
-1.401373
-1.433201
-1.386215
-1.327535
-1.336246
-1.393901
-1.438331
-1.428711
-1.374445
-1.278694
-1.307135
-1.306230
-1.270001
-1.204854
-1.111311
-1.064709
-1.184630
-1.315633
-1.401452
-1.473536
-1.521394
-1.591401
-1.610447
-1.583055
-1.557780
-1.623960
-1.618486
-1.562990
-1.468620
-1.460717
-1.441469
-1.401313
-1.345750
-1.274346
-1.173940
-1.124475
-1.270509
-1.388445
-1.421656
-1.430203
-1.430006
-1.436829
-1.383363
-1.330233
-1.344841
-1.407076
-1.443595
-1.425590
-1.373081
-1.304227
-1.328143
-1.326381
-1.293834
-1.234149
-1.142680
-1.078499
-1.180665
-1.301001
-1.384953
-1.466630
-1.520917
-1.618278
-1.648697
-1.628742
-1.562883
-1.547682
-1.568273
-1.547720
-1.494352
-1.539868
-1.516688
-1.476102
-1.423090
-1.354011
-1.258434
-1.191288
-1.306707
-1.451862
-1.501814
-1.533057
-1.572479
-1.595782
-1.539533
-1.432820
-1.380711
-1.391337
-1.454595
-1.468723
-1.446335
-1.325744
-1.279016
-1.304763
-1.294001
-1.248896
-1.170926
-1.110159
-1.192001
-1.320189
-1.400103
-1.491915
-1.554713
-1.664320
-1.697895
-1.670454
-1.602693
-1.532834
-1.543783
-1.548234
-1.542419
-1.580818
-1.552932
-1.507670
-1.450825
-1.376815
-1.275289
-1.212218
-1.377092
-1.523526
-1.556444
-1.570477
-1.603216
-1.624506
-1.548193
-1.456648
-1.463485
-1.569228
-1.613410
-1.582968
-1.526389
-1.416872
-1.347841
-1.353257
-1.322910
-1.262431
-1.169659
-1.114183
-1.265021
-1.396173
-1.477466
-1.530603
-1.567015
-1.657356
-1.685225
-1.660678
-1.595139
-1.578637
-1.606122
-1.591176
-1.525873
-1.567224
-1.541856
-1.499362
-1.444272
-1.375201
-1.279877
-1.205135
-1.368087
-1.518800
-1.539882
-1.551438
-1.571583
-1.593390
-1.534043
-1.436401
-1.378321
-1.341493
-1.395560
-1.417038
-1.387725
-1.264326
-1.249317
-1.261179
-1.238780
-1.183611
-1.095876
-1.090305
-1.225698
-1.342155
-1.402298
-1.454473
-1.485432
-1.569829
-1.571011
-1.539868
-1.497633
-1.511342
-1.534935
-1.504651
-1.473122
-1.494824
-1.456990
-1.406295
-1.340283
-1.255791
-1.142425
-1.112900
-1.281627
-1.417049
-1.446132
-1.449203
-1.466052
-1.492219
-1.443818
-1.378824
-1.370147
-1.424600
-1.493798
-1.494042
-1.448672
-1.306781
-1.315893
-1.329085
-1.305372
-1.248104
-1.160299
-1.129436
-1.264969
-1.390204
-1.464949
-1.533512
-1.573658
-1.646392
-1.684339
-1.675600
-1.647963
-1.677480
-1.667395
-1.643630
-1.613435
-1.643857
-1.618179
-1.579031
-1.524807
-1.454046
-1.356742
-1.297299
-1.439915
-1.567856
-1.580362
-1.572985
-1.567766
-1.581257
-1.520468
-1.450812
-1.426862
-1.423228
-1.471087
-1.456959
-1.379114
-1.283811
-1.305400
-1.293090
-1.249683
-1.177480
-1.074073
-1.070129
-1.240595
-1.356591
-1.413409
-1.466583
-1.512075
-1.549152
-1.523038
-1.517672
-1.504064
-1.571408
-1.554061
-1.492314
-1.458266
-1.487407
-1.465280
-1.429976
-1.376221
-1.305228
-1.207896
-1.144200
-1.245679
-1.346510
-1.395780
-1.422709
-1.447220
-1.493293
-1.471530
-1.431502
-1.403172
-1.405148
-1.429805
-1.434283
-1.303847
-1.300373
-1.292688
-1.262824
-1.208581
-1.128811
-1.016434
-1.009559
-1.179152
-1.284438
-1.328056
-1.372887
-1.402671
-1.443703
-1.424374
-1.429102
-1.425882
-1.485659
-1.505859
-1.467657
-1.386267
-1.421796
-1.393721
-1.351254
-1.287128
-1.201364
-1.082718
-1.052138
-1.201454
-1.291468
-1.328274
-1.339508
-1.371694
-1.404935
-1.385693
-1.392582
-1.422301
-1.485253
-1.536637
-1.536701
-1.468774
-1.364199
-1.368093
-1.342614
-1.288401
-1.210364
-1.101169
-1.089356
-1.264059
-1.379456
-1.417771
-1.421728
-1.421406
-1.482206
-1.511389
-1.530030
-1.563061
-1.641591
-1.664487
-1.607273
-1.464884
-1.478491
-1.469240
-1.433865
-1.375480
-1.300936
-1.197169
-1.156098
-1.321331
-1.444222
-1.459277
-1.451738
-1.451217
-1.512604
-1.510917
-1.513294
-1.503058
-1.520931
-1.542930
-1.508815
-1.339362
-1.384122
-1.375399
-1.346436
-1.289572
-1.208418
-1.096838
-1.079519
-1.254468
-1.356562
-1.397339
-1.425033
-1.432008
-1.449275
-1.421900
-1.438471
-1.453261
-1.509903
-1.527944
-1.440163
-1.361687
-1.378158
-1.348493
-1.302513
-1.234924
-1.141376
-0.994569
-0.977459
-1.135767
-1.216959
-1.244546
-1.253415
-1.254021
-1.257298
-1.290238
-1.365778
-1.449084
-1.539302
-1.551031
-1.502249
-1.321194
-1.360799
-1.345398
-1.308793
-1.245765
-1.162145
-1.045743
-1.034955
-1.208923
-1.315437
-1.323192
-1.314374
-1.313993
-1.379259
-1.430141
-1.467593
-1.515156
-1.557700
-1.583370
-1.543183
-1.380646
-1.422524
-1.404829
-1.370095
-1.310827
-1.229587
-1.117819
-1.095458
-1.271161
-1.370593
-1.406587
-1.410779
-1.401995
-1.420717
-1.430748
-1.491146
-1.533022
-1.634872
-1.593155
-1.459346
-1.409688
-1.427611
-1.383396
-1.325759
-1.248700
-1.154729
-1.026935
-0.985392
-1.134299
-1.230146
-1.245986
-1.247360
-1.274404
-1.349370
-1.394095
-1.471818
-1.510611
-1.527305
-1.533397
-1.532229
-1.339380
-1.338168
-1.304327
-1.258752
-1.190791
-1.099426
-0.966412
-0.963739
-1.141365
-1.234661
-1.264178
-1.273362
-1.268991
-1.287150
-1.342659
-1.407240
-1.488359
-1.581341
-1.588758
-1.438576
-1.425766
-1.425498
-1.402610
-1.364213
-1.301329
-1.220204
-1.110142
-1.072665
-1.229978
-1.328467
-1.338773
-1.339484
-1.348072
-1.424827
-1.474081
-1.552119
-1.595525
-1.621824
-1.610039
-1.509992
-1.366293
-1.395426
-1.365340
-1.322217
-1.256077
-1.166836
-1.038423
-1.020849
-1.195010
-1.284494
-1.315691
-1.324861
-1.317650
-1.331337
-1.387257
-1.448552
-1.535269
-1.621778
-1.596838
-1.456203
-1.400124
-1.413849
-1.397349
-1.360871
-1.298138
-1.218407
-1.111584
-1.067590
-1.218129
-1.305921
-1.320228
-1.313909
-1.323699
-1.392766
-1.427340
-1.499483
-1.541328
-1.590322
-1.582111
-1.487588
-1.410403
-1.338733
-1.332820
-1.305477
-1.245796
-1.157807
-1.037393
-1.099167
-1.283342
-1.401950
-1.458124
-1.482649
-1.469387
-1.503611
-1.532108
-1.597835
-1.705757
-1.748555
-1.632770
-1.497072
-1.487626
-1.499093
-1.474190
-1.432007
-1.366501
-1.282329
-1.169726
-1.020173
-1.157281
-1.271539
-1.336213
-1.355107
-1.414891
-1.503830
-1.574455
-1.656559
-1.701227
-1.709392
-1.639309
-1.486071
-1.438968
-1.420277
-1.378635
-1.329472
-1.260224
-1.170538
-1.044678
-1.074915
-1.247686
-1.347637
-1.393766
-1.422408
-1.425874
-1.459266
-1.479000
-1.535621
-1.645156
-1.629349
-1.512318
-1.386203
-1.356506
-1.373203
-1.371516
-1.351018
-1.307653
-1.242451
-1.146031
-0.999105
-1.118455
-1.234865
-1.314113
-1.363807
-1.428094
-1.524945
-1.611838
-1.676300
-1.708110
-1.781531
-1.729773
-1.550432
-1.462239
-1.437425
-1.387418
-1.329640
-1.254755
-1.159379
-1.015663
-1.051150
-1.207846
-1.279418
-1.300053
-1.309453
-1.294099
-1.408537
-1.498384
-1.598184
-1.725976
-1.733233
-1.645489
-1.476348
-1.398987
-1.408342
-1.403348
-1.380481
-1.335067
-1.263062
-1.159210
-1.094398
-1.218377
-1.303382
-1.370345
-1.417392
-1.476546
-1.565988
-1.609137
-1.655352
-1.710796
-1.809129
-1.756377
-1.575097
-1.413584
-1.425866
-1.394236
-1.348558
-1.279365
-1.187334
-1.056602
-1.073221
-1.227835
-1.286858
-1.296066
-1.285973
-1.267791
-1.282596
-1.337995
-1.403642
-1.488338
-1.565135
-1.557825
-1.389166
-1.349941
-1.383889
-1.387512
-1.370325
-1.325396
-1.255665
-1.158862
-1.065830
-1.193401
-1.275719
-1.300761
-1.302811
-1.370832
-1.490863
-1.604357
-1.707391
-1.765993
-1.781755
-1.720462
-1.552622
-1.498767
-1.510140
-1.482683
-1.441148
-1.377123
-1.293658
-1.182667
-1.179717
-1.320875
-1.385069
-1.402626
-1.385089
-1.347149
-1.408418
-1.552916
-1.663925
-1.726378
-1.754693
-1.675238
-1.495816
-1.520062
-1.521731
-1.489770
-1.445924
-1.380747
-1.295751
-1.183832
-1.082426
-1.207759
-1.285498
-1.317983
-1.315988
-1.368950
-1.487327
-1.614876
-1.739000
-1.827540
-1.837679
-1.763406
-1.638472
-1.545972
-1.539711
-1.501276
-1.447033
-1.371824
-1.277559
-1.150039
-1.134097
-1.256862
-1.308350
-1.322655
-1.305253
-1.302689
-1.404786
-1.547365
-1.665147
-1.765724
-1.803011
-1.725151
-1.541489
-1.550961
-1.578667
-1.565182
-1.535138
-1.480350
-1.404554
-1.302682
-1.193563
-1.313735
-1.382046
-1.408138
-1.406189
-1.456501
-1.575723
-1.703947
-1.822221
-1.900924
-1.872460
-1.788677
-1.655762
-1.609694
-1.609451
-1.577323
-1.529331
-1.460088
-1.372051
-1.256368
-1.209990
-1.328884
-1.382711
-1.400133
-1.375977
-1.357708
-1.439319
-1.600724
-1.723288
-1.804492
-1.833758
-1.763376
-1.589307
-1.531662
-1.556602
-1.540008
-1.507088
-1.449618
-1.371363
-1.267479
-1.188918
-1.301354
-1.355886
-1.376725
-1.370216
-1.421001
-1.530231
-1.642218
-1.745208
-1.820887
-1.833620
-1.747258
-1.624295
-1.500077
-1.509518
-1.481664
-1.436904
-1.368638
-1.278572
-1.156729
-1.156556
-1.305264
-1.375459
-1.398195
-1.378430
-1.332953
-1.404745
-1.543759
-1.661470
-1.759853
-1.788922
-1.690649
-1.507477
-1.523740
-1.528717
-1.496956
-1.453658
-1.388673
-1.299861
-1.184594
-1.108035
-1.218481
-1.281159
-1.322451
-1.345510
-1.398955
-1.514177
-1.627113
-1.716348
-1.794002
-1.845991
-1.768399
-1.592882
-1.484581
-1.490832
-1.449659
-1.396990
-1.322217
-1.228336
-1.081225
-1.035997
-1.168966
-1.212027
-1.224651
-1.240273
-1.227961
-1.279839
-1.431435
-1.574960
-1.700166
-1.762196
-1.692863
-1.505759
-1.508261
-1.543219
-1.528882
-1.503794
-1.453339
-1.380046
-1.279032
-1.137309
-1.217991
-1.312457
-1.357248
-1.377970
-1.455003
-1.615624
-1.769224
-1.889885
-1.980466
-1.901251
-1.818395
-1.732764
-1.652648
-1.649998
-1.608299
-1.553900
-1.477624
-1.383847
-1.245847
-1.153950
-1.259090
-1.298188
-1.308495
-1.303823
-1.287023
-1.355851
-1.502907
-1.653684
-1.767468
-1.805379
-1.740505
-1.564564
-1.446122
-1.493726
-1.486150
-1.464946
-1.416708
-1.347373
-1.249493
-1.171392
-1.274614
-1.348369
-1.369163
-1.354457
-1.321788
-1.411845
-1.576473
-1.733288
-1.830375
-1.819495
-1.757519
-1.630331
-1.558835
-1.555871
-1.515497
-1.466156
-1.395731
-1.303839
-1.178270
-1.100813
-1.204879
-1.253438
-1.270721
-1.273611
-1.285411
-1.378697
-1.518350
-1.665116
-1.788629
-1.846710
-1.768014
-1.598649
-1.485422
-1.490422
-1.472265
-1.437602
-1.375600
-1.293167
-1.180193
-1.133798
-1.259868
-1.321113
-1.327980
-1.305658
-1.273090
-1.348063
-1.516537
-1.658056
-1.779412
-1.822390
-1.754444
-1.579041
-1.568034
-1.588889
-1.556446
-1.510260
-1.438472
-1.345593
-1.224443
-1.141818
-1.230367
-1.295215
-1.322923
-1.333910
-1.357576
-1.481235
-1.620492
-1.754281
-1.877422
-1.904023
-1.815784
-1.657124
-1.524737
-1.548636
-1.513944
-1.463933
-1.387458
-1.289274
-1.143409
-1.038837
-1.162595
-1.215155
-1.229829
-1.235708
-1.222939
-1.301292
-1.472499
-1.633814
-1.761565
-1.831255
-1.783603
-1.618175
-1.459448
-1.486356
-1.446296
-1.400317
-1.334311
-1.243554
-1.111115
-1.011070
-1.135957
-1.176987
-1.184284
-1.186275
-1.180135
-1.267760
-1.388700
-1.536156
-1.685093
-1.751448
-1.710113
-1.539377
-1.478311
-1.403390
-1.407915
-1.394598
-1.352457
-1.287476
-1.191962
-1.121922
-1.208954
-1.283771
-1.289407
-1.281012
-1.259133
-1.345515
-1.504402
-1.668617
-1.784938
-1.796882
-1.754584
-1.620053
-1.506920
-1.515823
-1.473678
-1.423226
-1.351996
-1.256069
-1.109932
-1.010517
-1.128357
-1.175266
-1.194571
-1.206648
-1.199651
-1.282177
-1.433801
-1.615140
-1.763477
-1.822780
-1.767164
-1.600057
-1.448192
-1.493561
-1.474070
-1.443365
-1.387717
-1.310546
-1.203841
-1.114808
-1.189957
-1.264152
-1.281354
-1.277160
-1.256102
-1.339227
-1.485874
-1.644518
-1.773101
-1.808367
-1.750942
-1.594083
-1.505925
-1.526357
-1.484115
-1.432195
-1.359828
-1.262940
-1.118002
-1.009100
-1.104839
-1.168753
-1.205052
-1.228418
-1.230446
-1.346341
-1.501500
-1.661830
-1.812818
-1.866946
-1.793287
-1.624530
-1.441582
-1.468641
-1.429998
-1.380953
-1.309312
-1.217161
-1.082074
-0.990860
-1.115861
-1.170649
-1.175531
-1.182917
-1.179220
-1.228430
-1.396401
-1.575363
-1.741936
-1.787065
-1.729950
-1.569896
-1.542197
-1.563293
-1.524988
-1.473657
-1.402516
-1.300311
-1.146483
-0.995013
-1.090225
-1.164568
-1.205509
-1.226640
-1.220791
-1.285174
-1.423939
-1.598520
-1.760800
-1.828044
-1.751633
-1.610539
-1.423769
-1.461580
-1.450625
-1.421757
-1.372858
-1.296788
-1.190867
-1.062853
-1.085082
-1.165105
-1.204566
-1.234552
-1.246958
-1.386604
-1.553386
-1.712243
-1.863830
-1.815672
-1.782353
-1.649961
-1.514376
-1.519637
-1.460427
-1.391742
-1.304334
-1.190591
-1.025184
-0.904886
-1.055436
-1.109646
-1.119787
-1.139975
-1.149255
-1.189942
-1.342132
-1.504687
-1.652442
-1.724277
-1.674723
-1.523751
-1.365368
-1.426941
-1.415646
-1.389775
-1.345059
-1.270889
-1.164735
-1.041750
-1.095442
-1.174829
-1.209848
-1.232150
-1.233984
-1.332057
-1.483020
-1.628718
-1.766324
-1.860300
-1.782424
-1.630355
-1.465255
-1.504871
-1.477997
-1.436234
-1.370729
-1.280952
-1.151752
-1.002398
-1.065037
-1.157311
-1.192680
-1.214182
-1.215029
-1.319936
-1.511530
-1.703658
-1.878653
-1.944662
-1.896652
-1.743589
-1.741902
-1.756911
-1.713733
-1.659198
-1.584548
-1.486995
-1.359768
-1.194283
-1.163789
-1.246001
-1.305294
-1.347528
-1.362081
-1.484643
-1.641001
-1.793039
-1.937189
-1.917601
-1.856360
-1.708848
-1.549696
-1.596474
-1.576178
-1.536749
-1.475067
-1.385153
-1.262786
-1.110643
-1.099678
-1.177159
-1.230604
-1.265947
-1.274836
-1.364113
-1.511572
-1.648667
-1.801251
-1.872647
-1.788209
-1.629869
-1.440835
-1.437005
-1.417309
-1.378558
-1.318921
-1.228660
-1.103767
-0.915774
-0.967326
-1.050303
-1.099015
-1.140740
-1.161321
-1.252739
-1.426998
-1.606324
-1.776666
-1.761585
-1.741980
-1.567888
-1.467599
-1.526953
-1.508347
-1.465994
-1.401480
-1.311739
-1.193591
-1.015451
-1.010595
-1.133515
-1.207109
-1.244586
-1.253401
-1.360002
-1.533060
-1.706029
-1.881009
-1.816668
-1.740009
-1.615228
-1.491061
-1.518530
-1.481548
-1.425403
-1.349528
-1.245985
-1.095074
-0.902686
-0.965125
-1.061241
-1.116311
-1.151449
-1.158336
-1.216986
-1.370258
-1.553975
-1.744123
-1.812350
-1.745411
-1.584782
-1.418388
-1.419555
-1.410141
-1.375575
-1.323888
-1.241961
-1.126310
-0.945488
-0.985488
-1.080198
-1.133505
-1.175460
-1.195148
-1.274688
-1.460669
-1.648990
-1.834634
-1.914282
-1.834834
-1.681145
-1.491051
-1.529622
-1.515475
-1.480261
-1.424473
-1.343129
-1.230810
-1.057432
-1.059939
-1.137418
-1.178820
-1.214440
-1.230003
-1.275463
-1.437070
-1.629400
-1.805959
-1.824965
-1.765723
-1.605847
-1.498283
-1.549247
-1.529919
-1.489025
-1.426386
-1.338036
-1.217391
-1.034276
-1.047572
-1.142173
-1.185770
-1.212443
-1.212184
-1.245003
-1.366386
-1.534279
-1.723287
-1.802301
-1.738307
-1.578979
-1.394667
-1.460698
-1.452624
-1.424035
-1.377940
-1.302184
-1.193862
-1.023714
-1.043811
-1.143829
-1.188116
-1.219766
-1.225247
-1.294490
-1.472358
-1.664932
-1.834147
-1.828411
-1.759234
-1.608553
-1.545375
-1.589952
-1.572824
-1.536616
-1.479547
-1.395774
-1.279019
-1.098485
-1.056068
-1.153355
-1.204849
-1.241087
-1.248736
-1.281737
-1.444739
-1.640434
-1.811535
-1.800095
-1.731543
-1.598964
-1.525258
-1.546948
-1.504107
-1.434425
-1.351462
-1.240645
-1.089041
-0.897850
-0.946837
-1.064491
-1.129288
-1.169816
-1.176666
-1.194406
-1.344312
-1.526467
-1.715822
-1.832243
-1.772636
-1.609824
-1.418728
-1.433394
-1.438288
-1.403150
-1.357102
-1.281376
-1.173734
-1.003755
-0.988525
-1.095339
-1.152019
-1.191824
-1.207510
-1.268033
-1.451444
-1.639663
-1.824592
-1.902810
-1.828760
-1.658891
-1.500115
-1.565911
-1.555162
-1.512094
-1.452413
-1.365781
-1.251388
-1.075802
-1.012157
-1.121105
-1.175308
-1.213596
-1.224529
-1.249241
-1.425195
-1.621490
-1.803956
-1.876459
-1.806860
-1.664069
-1.491059
-1.545259
-1.522912
-1.468550
-1.400469
-1.305009
-1.175202
-0.986531
-0.972436
-1.085461
-1.150443
-1.192904
-1.206393
-1.208514
-1.371701
-1.559024
-1.744367
-1.881025
-1.805884
-1.644471
-1.454213
-1.449816
-1.461009
-1.431152
-1.388584
-1.319656
-1.219676
-1.061096
-1.004979
-1.104019
-1.166732
-1.212388
-1.231303
-1.308863
-1.491965
-1.667521
-1.826350
-1.960730
-1.877177
-1.713028
-1.521758
-1.527079
-1.530751
-1.496266
-1.442989
-1.362156
-1.249698
-1.073127
-1.028664
-1.114449
-1.166439
-1.213208
-1.237056
-1.296174
-1.474892
-1.668488
-1.846217
-1.973619
-1.920118
-1.756849
-1.584194
-1.644869
-1.628093
-1.578709
-1.509880
-1.413807
-1.287194
-1.100783
-1.033098
-1.136852
-1.210512
-1.262713
-1.284442
-1.311702
-1.472443
-1.638686
-1.811066
-1.904458
-1.823623
-1.656089
-1.467100
-1.459494
-1.450344
-1.392775
-1.329443
-1.239675
-1.119315
-0.936622
-0.918957
-1.051439
-1.121161
-1.158656
-1.168155
-1.174307
-1.340587
-1.529331
-1.712232
-1.893726
-1.823893
-1.660014
-1.473781
-1.449583
-1.467682
-1.434160
-1.391426
-1.321719
-1.222844
-1.068883
-0.997874
-1.100505
-1.151158
-1.196225
-1.221782
-1.299325
-1.482266
-1.665212
-1.840950
-2.001762
-1.927136
-1.763315
-1.572171
-1.534808
-1.548601
-1.510314
-1.459639
-1.380826
-1.274422
-1.108082
-1.027332
-1.132363
-1.193281
-1.233725
-1.248250
-1.237601
-1.396290
-1.581884
-1.764525
-1.943713
-1.869976
-1.702743
-1.514971
-1.485006
-1.500254
-1.463434
-1.416006
-1.343822
-1.243029
-1.085424
-1.004977
-1.108128
-1.172604
-1.217210
-1.237015
-1.254539
-1.434312
-1.618724
-1.795687
-1.969709
-1.890616
-1.727141
-1.537737
-1.511057
-1.520314
-1.479793
-1.428623
-1.353394
-1.249546
-1.083363
-1.000264
-1.094818
-1.156944
-1.204830
-1.228622
-1.251019
-1.432511
-1.618210
-1.796696
-1.973903
-1.897592
-1.731372
-1.545294
-1.504924
-1.519540
-1.481356
-1.430740
-1.353210
-1.246852
-1.078596
-1.000898
-1.102839
-1.166347
-1.212345
-1.233749
-1.230072
-1.403856
-1.591136
-1.775820
-1.956759
-1.882393
-1.716911
-1.529343
-1.493722
-1.506113
-1.465706
-1.414066
-1.336674
-1.229217
-1.056777
-0.988398
-1.095645
-1.155284
-1.200265
-1.220812
-1.216479
-1.391355
-1.576936
-1.757671
-1.936112
-1.859175
-1.695423
-1.509334
-1.484109
-1.501316
-1.457154
-1.404241
-1.328584
-1.224699
-1.059524
-0.949228
-1.063600
-1.132732
-1.182336
-1.206338
-1.203604
-1.379555
-1.565720
-1.747336
-1.927115
-1.853766
-1.690529
-1.505127
-1.471599
-1.493730
-1.451764
-1.398541
-1.320783
-1.213488
-1.047270
-0.942833
-1.060025
-1.131518
-1.179467
-1.202566
-1.198823
-1.362186
-1.549198
-1.733255
-1.914498
-1.844576
-1.682428
-1.496261
-1.471623
-1.491504
-1.447791
-1.393809
-1.316204
-1.209161
-1.041436
-0.937512
-1.053109
-1.121559
-1.172819
-1.199222
-1.197919
-1.369507
-1.555860
-1.737133
-1.916395
-1.841719
-1.714491
-1.530266
-1.494319
-1.521287
-1.482721
-1.435344
-1.364969
-1.266330
-1.107494
-0.984693
-1.071187
-1.145872
-1.204694
-1.238496
-1.253411
-1.437045
-1.623245
-1.799988
-1.973361
-1.897932
-1.770224
-1.583520
-1.530201
-1.547181
-1.500911
-1.444413
-1.363740
-1.255368
-1.087812
-0.977270
-1.085714
-1.150783
-1.200948
-1.227740
-1.228735
-1.403557
-1.588642
-1.766051
-1.938274
-1.858410
-1.757205
-1.576856
-1.512045
-1.526172
-1.494192
-1.451079
-1.384445
-1.290013
-1.138608
-1.013262
-1.090566
-1.159175
-1.215339
-1.246499
-1.249989
-1.427628
-1.613790
-1.789221
-1.961770
-1.885529
-1.784048
-1.601579
-1.522243
-1.544056
-1.502546
-1.450164
-1.373941
-1.269655
-1.105771
-0.992692
-1.091175
-1.156541
-1.208378
-1.237393
-1.240589
-1.415050
-1.600754
-1.777334
-1.948426
-1.870975
-1.772391
-1.595939
-1.520276
-1.503208
-1.465682
-1.413541
-1.336806
-1.226626
-1.061660
-0.918430
-1.084177
-1.160807
-1.196316
-1.208941
-1.199043
-1.282050
-1.472960
-1.668283
-1.849423
-1.782292
-1.699016
-1.522769
-1.507822
-1.561373
-1.539918
-1.504057
-1.448173
-1.361752
-1.230240
-1.063061
-1.113853
-1.191716
-1.254479
-1.296764
-1.321031
-1.499291
-1.683342
-1.850779
-2.008421
-1.934370
-1.853610
-1.673098
-1.589575
-1.586842
-1.533407
-1.466385
-1.375965
-1.253829
-1.076607
-0.926597
-1.044478
-1.106489
-1.158150
-1.195482
-1.206683
-1.355164
-1.548735
-1.727984
-1.902018
-1.831387
-1.695508
-1.511356
-1.537929
-1.582328
-1.556611
-1.509080
-1.440048
-1.338202
-1.188359
-1.024273
-1.070087
-1.161829
-1.236475
-1.283805
-1.300273
-1.466019
-1.649287
-1.817018
-1.978874
-1.901369
-1.802971
-1.632812
-1.453684
-1.458507
-1.400772
-1.332643
-1.238328
-1.106945
-0.925346
-0.911981
-1.089159
-1.150892
-1.173851
-1.187611
-1.179940
-1.282353
-1.472691
-1.643400
-1.814264
-1.776194
-1.631720
-1.451369
-1.493077
-1.543998
-1.522598
-1.482811
-1.422919
-1.328406
-1.194021
-1.034623
-1.072204
-1.165290
-1.243223
-1.297574
-1.323726
-1.505693
-1.689913
-1.858710
-2.020552
-1.956012
-1.868805
-1.697593
-1.579458
-1.578671
-1.520443
-1.447585
-1.348605
-1.214356
-1.030935
-0.910277
-1.077033
-1.118524
-1.146950
-1.170060
-1.167281
-1.310623
-1.502711
-1.677987
-1.847936
-1.775858
-1.636890
-1.456893
-1.546954
-1.599525
-1.576538
-1.530370
-1.456888
-1.350221
-1.201805
-1.003149
-1.062907
-1.158566
-1.237258
-1.293567
-1.320114
-1.480407
-1.660781
-1.828345
-1.992709
-1.928985
-1.847581
-1.675309
-1.614398
-1.653232
-1.640263
-1.603933
-1.545309
-1.457383
-1.336671
-1.151278
-1.101509
-1.189711
-1.263685
-1.317476
-1.360348
-1.533524
-1.715010
-1.874138
-2.028252
-1.957204
-1.865260
-1.692044
-1.662849
-1.619841
-1.588046
-1.538991
-1.458472
-1.350591
-1.197729
-1.003286
-1.117925
-1.178266
-1.221128
-1.251969
-1.255605
-1.388499
-1.558774
-1.727883
-1.892288
-1.805494
-1.705967
-1.537072
-1.495605
-1.483497
-1.450278
-1.404001
-1.333648
-1.230896
-1.078455
-0.887999
-1.022884
-1.101826
-1.150409
-1.187858
-1.198828
-1.347012
-1.532300
-1.710043
-1.877774
-1.841640
-1.740348
-1.570387
-1.440265
-1.429792
-1.390231
-1.335405
-1.251595
-1.133041
-0.958374
-0.888000
-1.035657
-1.112446
-1.152979
-1.180450
-1.181861
-1.288154
-1.470279
-1.657128
-1.831959
-1.799919
-1.707806
-1.535839
-1.456722
-1.458547
-1.454518
-1.426166
-1.377548
-1.295992
-1.174026
-0.983591
-1.014037
-1.094307
-1.166063
-1.218053
-1.244249
-1.401637
-1.588454
-1.769314
-1.936191
-1.926364
-1.837868
-1.664941
-1.507912
-1.510327
-1.452880
-1.383057
-1.279019
-1.139544
-0.952266
-0.888000
-1.064310
-1.126422
-1.153425
-1.175948
-1.174816
-1.259343
-1.452306
-1.632682
-1.805651
-1.850410
-1.775266
-1.602763
-1.476399
-1.546268
-1.535546
-1.494888
-1.424183
-1.319651
-1.170927
-0.976713
-1.033521
-1.117731
-1.184808
-1.232267
-1.251021
-1.361753
-1.538126
-1.714306
-1.884057
-1.828702
-1.741298
-1.571596
-1.504209
-1.516174
-1.508267
-1.463213
-1.400506
-1.305255
-1.171627
-0.977272
-0.977475
-1.072846
-1.153659
-1.214163
-1.247371
-1.411845
-1.597462
-1.775060
-1.938690
-1.922266
-1.835456
-1.664479
-1.516535
-1.529341
-1.471974
-1.392387
-1.281800
-1.132407
-0.938360
-0.888000
-1.016324
-1.113113
-1.168833
-1.199525
-1.203175
-1.203623
-1.396921
-1.581206
-1.760399
-1.849584
-1.779914
-1.605167
-1.421480
-1.492103
-1.492867
-1.453012
-1.391315
-1.292796
-1.153813
-0.959755
-0.978217
-1.072495
-1.154846
-1.212872
-1.241550
-1.334240
-1.517618
-1.700402
-1.868599
-1.917246
-1.832387
-1.658945
-1.489382
-1.513031
-1.483330
-1.419319
-1.331880
-1.210979
-1.037891
-0.888000
-0.955631
-1.055482
-1.140057
-1.201484
-1.234028
-1.359429
-1.551793
-1.732589
-1.904212
-1.921767
-1.857463
-1.689909
-1.627111
-1.685490
-1.666123
-1.611036
-1.532047
-1.422962
-1.277877
-1.082803
-0.999025
-1.105716
-1.199117
-1.263441
-1.296714
-1.389011
-1.570304
-1.750573
-1.919251
-1.897016
-1.811454
-1.668881
-1.574802
-1.552679
-1.529744
-1.470945
-1.392045
-1.281472
-1.125665
-0.929816
-0.943062
-1.045641
-1.130870
-1.193896
-1.256112
-1.409304
-1.595611
-1.770711
-1.931008
-1.970888
-1.883621
-1.785716
-1.615819
-1.561655
-1.510402
-1.441194
-1.350452
-1.228330
-1.056590
-0.888000
-0.921826
-1.030602
-1.129732
-1.204533
-1.247881
-1.387786
-1.572515
-1.757225
-1.927861
-1.977517
-1.902391
-1.812207
-1.627153
-1.687840
-1.703624
-1.666486
-1.602269
-1.512776
-1.394486
-1.220614
-1.068233
-1.125268
-1.234656
-1.322457
-1.392718
-1.550734
-1.733364
-1.900190
-2.049259
-1.995923
-1.920405
-1.751276
-1.726458
-1.701205
-1.647883
-1.571505
-1.472990
-1.328452
-1.131353
-0.930715
-0.888000
-0.997557
-1.132284
-1.239881
-1.312531
-1.426929
-1.609510
-1.793446
-1.965814
-1.985829
-1.914143
-1.807024
-1.626525
-1.654884
-1.614142
-1.543264
-1.447966
-1.310742
-1.114636
-0.913793
-0.888000
-1.001963
-1.143417
-1.261573
-1.347765
-1.517162
-1.698580
-1.876411
-2.038724
-2.015248
-1.962352
-1.842461
-1.779186
-1.760786
-1.689495
-1.597213
-1.476709
-1.291952
-1.092216
-0.890638
-0.888000
-1.007262
-1.145915
-1.256642
-1.330906
-1.397100
-1.583270
-1.767758
-1.939620
-1.980935
-1.907232
-1.819973
-1.634783
-1.706537
-1.713267
-1.669750
-1.601554
-1.508803
-1.389538
-1.215400
-1.054802
-1.116118
-1.231005
-1.322315
-1.420514
-1.591495
-1.774297
-1.938136
-2.083705
-2.030605
-1.957972
-1.841843
-1.717424
-1.712697
-1.646532
-1.557845
-1.438020
-1.253485
-1.055078
-0.888000
-0.888000
-1.002696
-1.140461
-1.251609
-1.327543
-1.412386
-1.597787
-1.782613
-1.953910
-2.020724
-1.948649
-1.855900
-1.719213
-1.682810
-1.655800
-1.589795
-1.499996
-1.386238
-1.244473
-1.050116
-0.954244
-1.020904
-1.128448
-1.213834
-1.272322
-1.415876
-1.600751
-1.784291
-1.952488
-2.009465
-1.936590
-1.840250
-1.668514
-1.652726
-1.638916
-1.567451
-1.470412
-1.332284
-1.135606
-0.935794
-0.902084
-0.983775
-1.112162
-1.213001
-1.282363
-1.398777
-1.584764
-1.768569
-1.940098
-2.034388
-1.965418
-1.866336
-1.762496
-1.666485
-1.658329
-1.591086
-1.498181
-1.375967
-1.225091
-1.030113
-0.931420
-1.038546
-1.130144
-1.199889
-1.242941
-1.300611
-1.489155
-1.681266
-1.854271
-1.938768
-1.869229
-1.781297
-1.692233
-1.614325
-1.618435
-1.560475
-1.483147
-1.376660
-1.241971
-1.053911
-0.935326
-0.991882
-1.099316
-1.183767
-1.236991
-1.323080
-1.510885
-1.695327
-1.872178
-2.030085
-1.962282
-1.851174
-1.734824
-1.585986
-1.574158
-1.501661
-1.401500
-1.266892
-1.078630
-0.887998
-0.929509
-1.031506
-1.120409
-1.184400
-1.218944
-1.224128
-1.417172
-1.603301
-1.782616
-1.932446
-1.867877
-1.776875
-1.688066
-1.601595
-1.621965
-1.574742
-1.506184
-1.408239
-1.282058
-1.099121
-0.976457
-1.051927
-1.149298
-1.225994
-1.275843
-1.328965
-1.515106
-1.699254
-1.868996
-1.983318
-1.911052
-1.816405
-1.664425
-1.541161
-1.525458
-1.448589
-1.348721
-1.212795
-1.019286
-0.888000
-0.913738
-0.982148
-1.087694
-1.166847
-1.214116
-1.229223
-1.408084
-1.602013
-1.782697
-1.915379
-1.847743
-1.758985
-1.676142
-1.583513
-1.602276
-1.553271
-1.486951
-1.393054
-1.270976
-1.091247
-0.971330
-1.011834
-1.115097
-1.197141
-1.251897
-1.335681
-1.522798
-1.706524
-1.873581
-2.012575
-1.943825
-1.840464
-1.727101
-1.595438
-1.549384
-1.475724
-1.378749
-1.250086
-1.060742
-0.887999
-0.892527
-0.948180
-1.077226
-1.182136
-1.253858
-1.324604
-1.516700
-1.702775
-1.879919
-2.060036
-2.018568
-1.930632
-1.849164
-1.789507
-1.831155
-1.802328
-1.744933
-1.660285
-1.548934
-1.405615
-1.213188
-1.177822
-1.288630
-1.378505
-1.472986
-1.616517
-1.797296
-1.949331
-2.075321
-2.089828
-2.003633
-1.917424
-1.746107
-1.657735
-1.608564
-1.517159
-1.404540
-1.242260
-1.044176
-0.887999
-0.888000
-0.953372
-1.090914
-1.203267
-1.283096
-1.327315
-1.512361
-1.697258
-1.877282
-2.042176
-1.988811
-1.896925
-1.805286
-1.701477
-1.713026
-1.658564
-1.582873
-1.484002
-1.359269
-1.187977
-1.011140
-1.012400
-1.128219
-1.221980
-1.290034
-1.389623
-1.577101
-1.760733
-1.927064
-2.048671
-1.982787
-1.884724
-1.743681
-1.638560
-1.606387
-1.535913
-1.442576
-1.313930
-1.123573
-0.925913
-0.888000
-0.941950
-1.075284
-1.188061
-1.270952
-1.335932
-1.523205
-1.706485
-1.886879
-2.054862
-2.004390
-1.912574
-1.811889
-1.680057
-1.672621
-1.606883
-1.519752
-1.405284
-1.250940
-1.056046
-0.891599
-0.938280
-1.059585
-1.162338
-1.238386
-1.322197
-1.509532
-1.693172
-1.872212
-2.049868
-1.998245
-1.901567
-1.791494
-1.646702
-1.616153
-1.544461
-1.449201
-1.310880
-1.111604
-0.913665
-0.894025
-0.947232
-1.071876
-1.176386
-1.250798
-1.293444
-1.484724
-1.671901
-1.849241
-2.024486
-1.972353
-1.879814
-1.790974
-1.695417
-1.710840
-1.665696
-1.598058
-1.493629
-1.364244
-1.195305
-0.996414
-0.978177
-1.087812
-1.176593
-1.235062
-1.261655
-1.432637
-1.622882
-1.799548
-1.978624
-1.915602
-1.821008
-1.731531
-1.616764
-1.592073
-1.533640
-1.462795
-1.353877
-1.218421
-1.033917
-0.888000
-0.944632
-1.054106
-1.140723
-1.196523
-1.219851
-1.369092
-1.556534
-1.748158
-1.930115
-1.864786
-1.775517
-1.693406
-1.593585
-1.557125
-1.505765
-1.438286
-1.329359
-1.193640
-1.010106
-0.888000
-0.983059
-1.076899
-1.151536
-1.197087
-1.211264
-1.331235
-1.524876
-1.707873
-1.890666
-1.829250
-1.745201
-1.674475
-1.591490
-1.571178
-1.529624
-1.469909
-1.369932
-1.245592
-1.072529
-0.887997
-0.982712
-1.076519
-1.151571
-1.200728
-1.219629
-1.345996
-1.533997
-1.717118
-1.896747
-1.830107
-1.735165
-1.644270
-1.524267
-1.479632
-1.435541
-1.367881
-1.265361
-1.126927
-0.939367
-0.888000
-0.972884
-1.060744
-1.129652
-1.171716
-1.183155
-1.285292
-1.474191
-1.661297
-1.843523
-1.786160
-1.688347
-1.587944
-1.457714
-1.429576
-1.378836
-1.307507
-1.200319
-1.049414
-0.888000
-0.888000
-0.951939
-1.040222
-1.108854
-1.148715
-1.156551
-1.223258
-1.413271
-1.608862
-1.795362
-1.744725
-1.659233
-1.573956
-1.467146
-1.469605
-1.435147
-1.380909
-1.297683
-1.184225
-1.016875
-0.888000
-0.945039
-1.038425
-1.116710
-1.170899
-1.196993
-1.337018
-1.524856
-1.710483
-1.894021
-1.832111
-1.748362
-1.667956
-1.555990
-1.517059
-1.473106
-1.398662
-1.291138
-1.140837
-0.946763
-0.888000
-0.959627
-1.041032
-1.121500
-1.173415
-1.193617
-1.285371
-1.479108
-1.669872
-1.850488
-1.791618
-1.716937
-1.658513
-1.593750
-1.623259
-1.612773
-1.566609
-1.494229
-1.392050
-1.257651
-1.062101
-1.004349
-1.107799
-1.198115
-1.265021
-1.303561
-1.456407
-1.640783
-1.815179
-1.982187
-1.925862
-1.843832
-1.722128
-1.600443
-1.563587
-1.513360
-1.432523
-1.319335
-1.172418
-0.979208
-0.888000
-0.916717
-1.023960
-1.123600
-1.193886
-1.231332
-1.356501
-1.550396
-1.734582
-1.911614
-1.858366
-1.784623
-1.723553
-1.653319
-1.634206
-1.598332
-1.532376
-1.440049
-1.316025
-1.150162
-0.955472
-0.998988
-1.088282
-1.160659
-1.208314
-1.225730
-1.308573
-1.490699
-1.671560
-1.843034
-1.774958
-1.681170
-1.586935
-1.456009
-1.394653
-1.375228
-1.314809
-1.233260
-1.117993
-0.948297
-0.888000
-0.911833
-1.007512
-1.105105
-1.177008
-1.217978
-1.358829
-1.545016
-1.731255
-1.913101
-1.873676
-1.802914
-1.734735
-1.642483
-1.607403
-1.564277
-1.491923
-1.391838
-1.262984
-1.084880
-0.888000
-0.961423
-1.052009
-1.130573
-1.185523
-1.215565
-1.338860
-1.528785
-1.713908
-1.884538
-1.818249
-1.736649
-1.660543
-1.560903
-1.565231
-1.553692
-1.504000
-1.431119
-1.327846
-1.189254
-0.992980
-0.946679
-1.043737
-1.141122
-1.216938
-1.266234
-1.418477
-1.603018
-1.784870
-1.956252
-1.905510
-1.829234
-1.760671
-1.665970
-1.602920
-1.560581
-1.490188
-1.396201
-1.274289
-1.110185
-0.914629
-0.903432
-0.988273
-1.094129
-1.173787
-1.221186
-1.341476
-1.528693
-1.716128
-1.895550
-1.953350
-1.872954
-1.769650
-1.658997
-1.572201
-1.536437
-1.458708
-1.351174
-1.192334
-0.996312
-0.888000
-0.920601
-1.000970
-1.105615
-1.182958
-1.228354
-1.306228
-1.499416
-1.683748
-1.861821
-1.885478
-1.812540
-1.728803
-1.635209
-1.585877
-1.573035
-1.513476
-1.427636
-1.311605
-1.161972
-0.967974
-0.927833
-1.023214
-1.114906
-1.183140
-1.221673
-1.288575
-1.476716
-1.662544
-1.848518
-1.920117
-1.841151
-1.744811
-1.644089
-1.545615
-1.539014
-1.478348
-1.395786
-1.280219
-1.121093
-0.924896
-0.922885
-1.023578
-1.119613
-1.191579
-1.234501
-1.317264
-1.507107
-1.699300
-1.876207
-1.843925
-1.786304
-1.737710
-1.684310
-1.665493
-1.667281
-1.617774
-1.546580
-1.447821
-1.320915
-1.132326
-1.006683
-1.086216
-1.191977
-1.273198
-1.326119
-1.454474
-1.638886
-1.815746
-1.973735
-1.941073
-1.864006
-1.766352
-1.592723
-1.552227
-1.477293
-1.380113
-1.250471
-1.059443
-0.887998
-0.888000
-0.904748
-1.001533
-1.119454
-1.209335
-1.261637
-1.340241
-1.532554
-1.719758
-1.889095
-1.996138
-1.922450
-1.829324
-1.750660
-1.727039
-1.735754
-1.692689
-1.626067
-1.530337
-1.409644
-1.229347
-1.145958
-1.232952
-1.309969
-1.367840
-1.454778
-1.593073
-1.756792
-1.898041
-2.032526
-1.979731
-1.882833
-1.802591
-1.633814
-1.605608
-1.552689
-1.464452
-1.341403
-1.156342
-0.956013
-0.888000
-0.911821
-0.995862
-1.114733
-1.202461
-1.254303
-1.270015
-1.457237
-1.650436
-1.830929
-1.911222
-1.840256
-1.756215
-1.683189
-1.661453
-1.688956
-1.652465
-1.589711
-1.496932
-1.377179
-1.203892
-1.050973
-1.145192
-1.240690
-1.315616
-1.364423
-1.452738
-1.636599
-1.813551
-1.968732
-1.985090
-1.911152
-1.840149
-1.670618
-1.649991
-1.617541
-1.544485
-1.451365
-1.336523
-1.185373
-0.988673
-0.888000
-0.961869
-1.090924
-1.193366
-1.266153
-1.422496
-1.606918
-1.791543
-1.961616
-2.052251
-1.990824
-1.901700
-1.807939
-1.723858
-1.719064
-1.657279
-1.565733
-1.433626
-1.238798
-1.039932
-0.902992
-0.981801
-1.117802
-1.229387
-1.311511
-1.417277
-1.601593
-1.787126
-1.960044
-2.015762
-1.956407
-1.882688
-1.780818
-1.740337
-1.725955
-1.663179
-1.576122
-1.454409
-1.266940
-1.067193
-0.894305
-0.983042
-1.134300
-1.265182
-1.365905
-1.485863
-1.668446
-1.848726
-2.010505
-2.025356
-1.991609
-1.941357
-1.875974
-1.875741
-1.815740
-1.728836
-1.622386
-1.472081
-1.272035
-1.071397
-0.904949
-0.990510
-1.132324
-1.249364
-1.337826
-1.391173
-1.569880
-1.754819
-1.930568
-1.943402
-1.884334
-1.828848
-1.703102
-1.719044
-1.670594
-1.594739
-1.497096
-1.339774
-1.141068
-0.940326
-0.888000
-0.982236
-1.131329
-1.259298
-1.353446
-1.407472
-1.590715
-1.772908
-1.946450
-1.984812
-1.928996
-1.877080
-1.720659
-1.742461
-1.696167
-1.621411
-1.527421
-1.404459
-1.222468
-1.025919
-0.888000
-0.946744
-1.084223
-1.200640
-1.285448
-1.356789
-1.542685
-1.726388
-1.906082
-1.992243
-1.935781
-1.866600
-1.697686
-1.686538
-1.633738
-1.551079
-1.450193
-1.300142
-1.100450
-0.899843
-0.888000
-0.934344
-1.082652
-1.209153
-1.301713
-1.356459
-1.541398
-1.724638
-1.904286
-2.034406
-1.976431
-1.882685
-1.781433
-1.664339
-1.633113
-1.559132
-1.463317
-1.338367
-1.159841
-0.966092
-0.888000
-0.919792
-1.044509
-1.152119
-1.232804
-1.334958
-1.521705
-1.707355
-1.889114
-2.045649
-1.994817
-1.900943
-1.801247
-1.675747
-1.659655
-1.588633
-1.498359
-1.384011
-1.244970
-1.060588
-0.906492
-0.948902
-1.055582
-1.143622
-1.203899
-1.242689
-1.431926
-1.623076
-1.806032
-1.987435
-1.939624
-1.849478
-1.758039
-1.632889
-1.636279
-1.576587
-1.494345
-1.386994
-1.255902
-1.076220
-0.915257
-0.956722
-1.065242
-1.157678
-1.222437
-1.266986
-1.455118
-1.646059
-1.829295
-2.003871
-1.955694
-1.865571
-1.776270
-1.658282
-1.643090
-1.581131
-1.494462
-1.376719
-1.199566
-1.005117
-0.892142
-0.940964
-1.059579
-1.158564
-1.228644
-1.268675
-1.455365
-1.645326
-1.828111
-1.988120
-1.934330
-1.847444
-1.759360
-1.650179
-1.634022
-1.574474
-1.492428
-1.381001
-1.235522
-1.047911
-0.901624
-0.962721
-1.060159
-1.139272
-1.190564
-1.213915
-1.395182
-1.587439
-1.777768
-1.960950
-1.900197
-1.815326
-1.751945
-1.681501
-1.697288
-1.673369
-1.626029
-1.552949
-1.449404
-1.293219
-1.120047
-1.099797
-1.203961
-1.289364
-1.404778
-1.533748
-1.710796
-1.878455
-2.016782
-2.071894
-1.991750
-1.895846
-1.727234
-1.599784
-1.541771
-1.443874
-1.342916
-1.147569
-0.947988
-0.888000
-0.888000
-0.896820
-1.037832
-1.159169
-1.248821
-1.300060
-1.490633
-1.677945
-1.860505
-2.029172
-1.968952
-1.881042
-1.812910
-1.755060
-1.787976
-1.790933
-1.762662
-1.696874
-1.601337
-1.473626
-1.281551
-1.187239
-1.289501
-1.384809
-1.483515
-1.617086
-1.790357
-1.944133
-2.065576
-2.104788
-2.031661
-1.951468
-1.782202
-1.701032
-1.649626
-1.552939
-1.447802
-1.258595
-1.056561
-0.887999
-0.888000
-0.926991
-1.061589
-1.172537
-1.249942
-1.287278
-1.481867
-1.670727
-1.846793
-2.005561
-1.923520
-1.785631
-1.661152
-1.665668
-1.701002
-1.669974
-1.616749
-1.509399
-1.380580
-1.211462
-1.010211
-1.118739
-1.223457
-1.310310
-1.384790
-1.533516
-1.704372
-1.858983
-1.986327
-2.078569
-1.999227
-1.905958
-1.741543
-1.651531
-1.634838
-1.553914
-1.450424
-1.286612
-1.085346
-0.887998
-0.888000
-0.943505
-1.080596
-1.186891
-1.261032
-1.298444
-1.460024
-1.652472
-1.823564
-1.993524
-1.926674
-1.824549
-1.636701
-1.656131
-1.698184
-1.672302
-1.619763
-1.522239
-1.398331
-1.235387
-1.035097
-1.064010
-1.176117
-1.268533
-1.335208
-1.425647
-1.572825
-1.737689
-1.889196
-2.045560
-1.979537
-1.883806
-1.705703
-1.596371
-1.589103
-1.516080
-1.424584
-1.276867
-1.077585
-0.887994
-0.888000
-0.962109
-1.083780
-1.175700
-1.233739
-1.255539
-1.447259
-1.634807
-1.803378
-1.952695
-1.876426
-1.725072
-1.545120
-1.662674
-1.710294
-1.689365
-1.629414
-1.530891
-1.398414
-1.226907
-1.025820
-1.010555
-1.142667
-1.250887
-1.332265
-1.425067
-1.585754
-1.762177
-1.913298
-2.065941
-2.006717
-1.919051
-1.761451
-1.677263
-1.683627
-1.619937
-1.526309
-1.388196
-1.192731
-0.990966
-0.888000
-0.992174
-1.098154
-1.193590
-1.257209
-1.287782
-1.477441
-1.667107
-1.838878
-1.986139
-1.913900
-1.761493
-1.575611
-1.688351
-1.739109
-1.717945
-1.656281
-1.561785
-1.432160
-1.264464
-1.064226
-1.029954
-1.154782
-1.259986
-1.339581
-1.427542
-1.588773
-1.762316
-1.910344
-2.059610
-1.999797
-1.912732
-1.760381
-1.698227
-1.703051
-1.641790
-1.553362
-1.427285
-1.242211
-1.042015
-0.888000
-0.948868
-1.078135
-1.185960
-1.264132
-1.308025
-1.446361
-1.636206
-1.808473
-1.973460
-1.907290
-1.822565
-1.651268
-1.652786
-1.722715
-1.707368
-1.652140
-1.566492
-1.448913
-1.293690
-1.095926
-1.015876
-1.134274
-1.233721
-1.305133
-1.346477
-1.458970
-1.628878
-1.799783
-1.964301
-1.902342
-1.821728
-1.710046
-1.557416
-1.617347
-1.597929
-1.538202
-1.452648
-1.335268
-1.168897
-0.970181
-0.941469
-1.064671
-1.167331
-1.243605
-1.290567
-1.464058
-1.647319
-1.830974
-1.994639
-1.939539
-1.870039
-1.766894
-1.700493
-1.759047
-1.731678
-1.670464
-1.583923
-1.468944
-1.317424
-1.119182
-1.140718
-1.234106
-1.311291
-1.367374
-1.482836
-1.628384
-1.794971
-1.935193
-2.065461
-2.013348
-1.906609
-1.815994
-1.642163
-1.614652
-1.561097
-1.483678
-1.381595
-1.232155
-1.035361
-0.888000
-0.890904
-1.007586
-1.141727
-1.247628
-1.320101
-1.484933
-1.666645
-1.846073
-2.012443
-1.966992
-1.900568
-1.820243
-1.720835
-1.725467
-1.670092
-1.589689
-1.484628
-1.348870
-1.158286
-0.958861
-0.888000
-0.988324
-1.114258
-1.212925
-1.281527
-1.438200
-1.622238
-1.802947
-1.969394
-1.972249
-1.891831
-1.808934
-1.635158
-1.617646
-1.562880
-1.484759
-1.385812
-1.263844
-1.094692
-0.896374
-0.888000
-0.980776
-1.099452
-1.193116
-1.257856
-1.429717
-1.613638
-1.794155
-1.961146
-1.990133
-1.910814
-1.825115
-1.651875
-1.616854
-1.562188
-1.482211
-1.380704
-1.221254
-1.022036
-0.888000
-0.888000
-1.003685
-1.140703
-1.250997
-1.327090
-1.460925
-1.643524
-1.827896
-1.997668
-2.054657
-1.988887
-1.908614
-1.730994
-1.734887
-1.678403
-1.594561
-1.477650
-1.308609
-1.108485
-0.908312
-0.888895
-0.983138
-1.100700
-1.194238
-1.259541
-1.390099
-1.576442
-1.763263
-1.936241
-2.075808
-2.001631
-1.889893
-1.753557
-1.742009
-1.748698
-1.708451
-1.639728
-1.542954
-1.417527
-1.237242
-1.055559
-1.121503
-1.245192
-1.347162
-1.415583
-1.585959
-1.760409
-1.934393
-2.089371
-2.184444
-2.112430
-1.993524
-1.805580
-1.705636
-1.638553
-1.545793
-1.421567
-1.243248
-1.043911
-0.888000
-0.907228
-1.001118
-1.107546
-1.190690
-1.242928
-1.299436
-1.492924
-1.683614
-1.861386
-1.918984
-1.847609
-1.766755
-1.697680
-1.668941
-1.677130
-1.630224
-1.558140
-1.453976
-1.323762
-1.138994
-1.009441
-1.073397
-1.165178
-1.235105
-1.277257
-1.372829
-1.559672
-1.738381
-1.899717
-1.916641
-1.830886
-1.741121
-1.632926
-1.494148
-1.460994
-1.377284
-1.272548
-1.120188
-0.925446
-0.888000
-0.907302
-0.980647
-1.083382
-1.158598
-1.196403
-1.224109
-1.417543
-1.605854
-1.784042
-1.951385
-1.877226
-1.766949
-1.664896
-1.575944
-1.598498
-1.552703
-1.486674
-1.385631
-1.256429
-1.072188
-0.957689
-1.060958
-1.151750
-1.219310
-1.270888
-1.393538
-1.576688
-1.750911
-1.904530
-2.020286
-1.933836
-1.817841
-1.652600
-1.538352
-1.498599
-1.408754
-1.290618
-1.113907
-0.915185
-0.888000
-0.920129
-0.994957
-1.101865
-1.180087
-1.223432
-1.258870
-1.451992
-1.639119
-1.812979
-1.975932
-1.910947
-1.791646
-1.634362
-1.652185
-1.670060
-1.626987
-1.556381
-1.453945
-1.323958
-1.140540
-1.003993
-1.108443
-1.205173
-1.280473
-1.331442
-1.470782
-1.655283
-1.825718
-1.975225
-2.054675
-1.972125
-1.869111
-1.699936
-1.613081
-1.567564
-1.478561
-1.365922
-1.196294
-0.998491
-0.888000
-0.906108
-0.981621
-1.101000
-1.192236
-1.251279
-1.274879
-1.456988
-1.650221
-1.827208
-1.972694
-1.905484
-1.811832
-1.726069
-1.649124
-1.676112
-1.637735
-1.573908
-1.484786
-1.368885
-1.197264
-1.047319
-1.077304
-1.182936
-1.267051
-1.326599
-1.442436
-1.628966
-1.807891
-1.962658
-2.054083
-1.979535
-1.882107
-1.711530
-1.608198
-1.553705
-1.467465
-1.361260
-1.217449
-1.018705
-0.888000
-0.891902
-0.951905
-1.086115
-1.195213
-1.270957
-1.312213
-1.500008
-1.690559
-1.871585
-2.044969
-1.995856
-1.907030
-1.835653
-1.759941
-1.781489
-1.734602
-1.665440
-1.570230
-1.449973
-1.283593
-1.099186
-1.081826
-1.192629
-1.280933
-1.376125
-1.512625
-1.696916
-1.868228
-2.010694
-2.098806
-2.013612
-1.900934
-1.729345
-1.578254
-1.522104
-1.430540
-1.318633
-1.160367
-0.963150
-0.888000
-0.888000
-0.920223
-1.048134
-1.156531
-1.236314
-1.298686
-1.486012
-1.675533
-1.858699
-2.039971
-1.994000
-1.904517
-1.808638
-1.706121
-1.688297
-1.623000
-1.534955
-1.414984
-1.234598
-1.038849
-0.888000
-0.913826
-1.046283
-1.161218
-1.249881
-1.346120
-1.533051
-1.717422
-1.899341
-2.078388
-2.027565
-1.928512
-1.791484
-1.683421
-1.668757
-1.596249
-1.498371
-1.357418
-1.157686
-0.958392
-0.889506
-0.940641
-1.070339
-1.179430
-1.259686
-1.317068
-1.505505
-1.695135
-1.876314
-2.055794
-2.009108
-1.916858
-1.831532
-1.732288
-1.740414
-1.695674
-1.624340
-1.523092
-1.393876
-1.220728
-1.049519
-1.047735
-1.151157
-1.233588
-1.288921
-1.347828
-1.532626
-1.717337
-1.882152
-2.039798
-1.968992
-1.857923
-1.732416
-1.558860
-1.512990
-1.438033
-1.340996
-1.203398
-1.004948
-0.888000
-0.906744
-0.999991
-1.094706
-1.168610
-1.211973
-1.232034
-1.418699
-1.608286
-1.789817
-1.953730
-1.880916
-1.786659
-1.700116
-1.613733
-1.636546
-1.616404
-1.566479
-1.480807
-1.359975
-1.199120
-1.000115
-1.042519
-1.137120
-1.214294
-1.268959
-1.386698
-1.564975
-1.745810
-1.900680
-2.050210
-1.972729
-1.860043
-1.741835
-1.547490
-1.509805
-1.430372
-1.335582
-1.186518
-0.989281
-0.887999
-0.888000
-0.918997
-1.037540
-1.131537
-1.192764
-1.219484
-1.411493
-1.601168
-1.783735
-1.943190
-1.973262
-1.854561
-1.725617
-1.611818
-1.618730
-1.612884
-1.577640
-1.490705
-1.377744
-1.228568
-1.028908
-1.127082
-1.211332
-1.279962
-1.402443
-1.562175
-1.715971
-1.864845
-1.994526
-2.111598
-2.027026
-1.913576
-1.730709
-1.608329
-1.584784
-1.509310
-1.420487
-1.272576
-1.071128
-0.887995
-0.888000
-0.902365
-1.035446
-1.143053
-1.217824
-1.255680
-1.443735
-1.631487
-1.805060
-1.972952
-1.914508
-1.828486
-1.746638
-1.667139
-1.704484
-1.687632
-1.644932
-1.562184
-1.452928
-1.310747
-1.112100
-1.088644
-1.187698
-1.271569
-1.332467
-1.407236
-1.575408
-1.757835
-1.912532
-2.060037
-1.990164
-1.886215
-1.709901
-1.634220
-1.585797
-1.528674
-1.458029
-1.340529
-1.195509
-1.000558
-0.888000
-0.913609
-1.043944
-1.153648
-1.234430
-1.283112
-1.469764
-1.658881
-1.838700
-2.013513
-1.968547
-1.892068
-1.818366
-1.726341
-1.714298
-1.665496
-1.597464
-1.492667
-1.363715
-1.193033
-0.994011
-1.052972
-1.146178
-1.220284
-1.270864
-1.294017
-1.436460
-1.622788
-1.792103
-1.954416
-1.877504
-1.771873
-1.663823
-1.509173
-1.456926
-1.412681
-1.346695
-1.250608
-1.123924
-0.945180
-0.888000
-0.931478
-1.033024
-1.121137
-1.183956
-1.218327
-1.384451
-1.571249
-1.764659
-1.943489
-1.888713
-1.809958
-1.738605
-1.647818
-1.620520
-1.574606
-1.505746
-1.413844
-1.297521
-1.142203
-0.944944
-0.910016
-1.009407
-1.110627
-1.185807
-1.254038
-1.435923
-1.619991
-1.796122
-1.964636
-1.903490
-1.810734
-1.696682
-1.648991
-1.535706
-1.470273
-1.384641
-1.261312
-1.076497
-0.887994
-0.888000
-0.901571
-1.023703
-1.144415
-1.235844
-1.292319
-1.473616
-1.662892
-1.847363
-2.013017
-1.981798
-1.909706
-1.855648
-1.805008
-1.813490
-1.782693
-1.721599
-1.634913
-1.521266
-1.370494
-1.174575
-1.072261
-1.173190
-1.259383
-1.321579
-1.428952
-1.581774
-1.757150
-1.907751
-2.047596
-1.965157
-1.858512
-1.753171
-1.609718
-1.507199
-1.447013
-1.359124
-1.228960
-1.045715
-0.887999
-0.888000
-0.929096
-1.037847
-1.120156
-1.176551
-1.202454
-1.286919
-1.481378
-1.671033
-1.847706
-1.795141
-1.712708
-1.643080
-1.580528
-1.614050
-1.615064
-1.575294
-1.507638
-1.407670
-1.277060
-1.084220
-1.016590
-1.115347
-1.203177
-1.268446
-1.331607
-1.480345
-1.664956
-1.835594
-1.991704
-1.926733
-1.839950
-1.668476
-1.543126
-1.521753
-1.448463
-1.359051
-1.234107
-1.046352
-0.887999
-0.888000
-0.888007
-1.006441
-1.122563
-1.208099
-1.257123
-1.349803
-1.542294
-1.731166
-1.904652
-1.872684
-1.809428
-1.754124
-1.713985
-1.754659
-1.764369
-1.730830
-1.669072
-1.578341
-1.459576
-1.279105
-1.152982
-1.241215
-1.338209
-1.411145
-1.465612
-1.599126
-1.781197
-1.932847
-2.070307
-2.013341
-1.934118
-1.764138
-1.669240
-1.655332
-1.587920
-1.501374
-1.383399
-1.203673
-1.007962
-0.888000
-0.888000
-1.000755
-1.130572
-1.228827
-1.289178
-1.396150
-1.588043
-1.775169
-1.942275
-1.949869
-1.883780
-1.783976
-1.723546
-1.785514
-1.782969
-1.726742
-1.644094
-1.531285
-1.391252
-1.197914
-1.112382
-1.215561
-1.304823
-1.371376
-1.428542
-1.556499
-1.729846
-1.879916
-2.022300
-1.950952
-1.857926
-1.773019
-1.600896
-1.595273
-1.534468
-1.438720
-1.308797
-1.118356
-0.917919
-0.888000
-0.916101
-1.032333
-1.146048
-1.226391
-1.269803
-1.281701
-1.468890
-1.662151
-1.841059
-1.876014
-1.804643
-1.698074
-1.634720
-1.678775
-1.690299
-1.646111
-1.577677
-1.475121
-1.340765
-1.148434
-1.028834
-1.143600
-1.245398
-1.322440
-1.373005
-1.479687
-1.661769
-1.834669
-1.989405
-2.010655
-1.936557
-1.861499
-1.693352
-1.679628
-1.636225
-1.554725
-1.445884
-1.294015
-1.096136
-0.896119
-0.923918
-1.041828
-1.144792
-1.221069
-1.268361
-1.351061
-1.540337
-1.730528
-1.896691
-1.915073
-1.845438
-1.783104
-1.623807
-1.711138
-1.712275
-1.662875
-1.589411
-1.484870
-1.348492
-1.156265
-1.031199
-1.143353
-1.244354
-1.319211
-1.366084
-1.476327
-1.659596
-1.831215
-1.981806
-1.984397
-1.900466
-1.820404
-1.652015
-1.613402
-1.565208
-1.481091
-1.366628
-1.191206
-0.993219
-0.888000
-0.922833
-1.030141
-1.135384
-1.213856
-1.261573
-1.278180
-1.460946
-1.649457
-1.829254
-1.921699
-1.849550
-1.763342
-1.682008
-1.650320
-1.673791
-1.634547
-1.571224
-1.484055
-1.368076
-1.201485
-1.039571
-1.072649
-1.189291
-1.281825
-1.347112
-1.481873
-1.665216
-1.843092
-2.002660
-1.983149
-1.914400
-1.858108
-1.685135
-1.685652
-1.632851
-1.554656
-1.457073
-1.333694
-1.156007
-0.960294
-0.888000
-0.961338
-1.088236
-1.189270
-1.259380
-1.361368
-1.547823
-1.732159
-1.905912
-2.003961
-1.932826
-1.835348
-1.651245
-1.576584
-1.535912
-1.464597
-1.369710
-1.250853
-1.088492
-0.896312
-0.893553
-0.971114
-1.081930
-1.174462
-1.239277
-1.351950
-1.538489
-1.724741
-1.903692
-2.021812
-1.957137
-1.860293
-1.698023
-1.610856
-1.560849
-1.478922
-1.373582
-1.223879
-1.024964
-0.888000
-0.888000
-0.963459
-1.084739
-1.187902
-1.261380
-1.342625
-1.530251
-1.720632
-1.899933
-2.024465
-1.962364
-1.869388
-1.785370
-1.687713
-1.657732
-1.589793
-1.501688
-1.388676
-1.249911
-1.061130
-0.938786
-0.993227
-1.093661
-1.173816
-1.224286
-1.297760
-1.485678
-1.672822
-1.848767
-2.004542
-1.931516
-1.821401
-1.706140
-1.565796
-1.540734
-1.464063
-1.362950
-1.211901
-1.010576
-0.888000
-0.917060
-1.018468
-1.118481
-1.197055
-1.247097
-1.334189
-1.527754
-1.716759
-1.895367
-2.050942
-1.974829
-1.852978
-1.740788
-1.673379
-1.702128
-1.673778
-1.610504
-1.507248
-1.377335
-1.192964
-1.068864
-1.137300
-1.217916
-1.281108
-1.375658
-1.517558
-1.701744
-1.866709
-2.003582
-2.068712
-1.987256
-1.889210
-1.789493
-1.676120
-1.670030
-1.605405
-1.514452
-1.384068
-1.198207
-1.001300
-0.901593
-0.992394
-1.101155
-1.186060
-1.241262
-1.265021
-1.453828
-1.644391
-1.820706
-1.967330
-1.903711
-1.807235
-1.715060
-1.612263
-1.625728
-1.584395
-1.516670
-1.421261
-1.294705
-1.119362
-0.956748
-0.966527
-1.080181
-1.172516
-1.234626
-1.325512
-1.512648
-1.696879
-1.866243
-2.022176
-1.954655
-1.850566
-1.745268
-1.586433
-1.573750
-1.500580
-1.404794
-1.251035
-1.051356
-0.888000
-0.902554
-0.971648
-1.106564
-1.213068
-1.282160
-1.312971
-1.505138
-1.691067
-1.862311
-2.036656
-1.975303
-1.876194
-1.775093
-1.683474
-1.713206
-1.688351
-1.629919
-1.543649
-1.428500
-1.271491
-1.098565
-1.178320
-1.262932
-1.329834
-1.420245
-1.546839
-1.707558
-1.854286
-1.987012
-2.093601
-2.005778
-1.882465
-1.714758
-1.539019
-1.498758
-1.401195
-1.276820
-1.075977
-0.887995
-0.888000
-0.901905
-0.990084
-1.108355
-1.201916
-1.262422
-1.351721
-1.544563
-1.729882
-1.895617
-2.048835
-1.971440
-1.849938
-1.717516
-1.791161
-1.826643
-1.800594
-1.738399
-1.648663
-1.531183
-1.383136
-1.202334
-1.291118
-1.380844
-1.453566
-1.529650
-1.691061
-1.839939
-1.962121
-2.078341
-2.105826
-2.021715
-1.939799
-1.766293
-1.761209
-1.769074
-1.703818
-1.608821
-1.476883
-1.293659
-1.093255
-0.933601
-0.990916
-1.124462
-1.232213
-1.313847
-1.392245
-1.579902
-1.763613
-1.935462
-2.090236
-2.040863
-1.960311
-1.860363
-1.790937
-1.812785
-1.763818
-1.693482
-1.584841
-1.453623
-1.285123
-1.084176
-1.168802
-1.263805
-1.339332
-1.392828
-1.477919
-1.639877
-1.816613
-1.961661
-2.074219
-1.996969
-1.894655
-1.717601
-1.687039
-1.654200
-1.603221
-1.537035
-1.437397
-1.317374
-1.157647
-0.956567
-0.934775
-1.072963
-1.191866
-1.282871
-1.352858
-1.528854
-1.702706
-1.879463
-2.057123
-2.014542
-1.926446
-1.825570
-1.684271
-1.648286
-1.575169
-1.486798
-1.355154
-1.170470
-0.972608
-0.888000
-0.921598
-1.059954
-1.173657
-1.257141
-1.306614
-1.484843
-1.668969
-1.848567
-2.016366
-1.965304
-1.881575
-1.725941
-1.715375
-1.701027
-1.648836
-1.581307
-1.481491
-1.362075
-1.199955
-0.998970
-0.949023
-1.085903
-1.207480
-1.302952
-1.378622
-1.550796
-1.723138
-1.896875
-2.070050
-2.028392
-1.939583
-1.768300
-1.697726
-1.645695
-1.562731
-1.469987
-1.320069
-1.121968
-0.921357
-0.888000
-0.910377
-1.066171
-1.201962
-1.307412
-1.376907
-1.561455
-1.742517
-1.920799
-2.062626
-2.021896
-1.955141
-1.781394
-1.825292
-1.834443
-1.783598
-1.715297
-1.623398
-1.510327
-1.360563
-1.160641
-1.059501
-1.181029
-1.290251
-1.417175
-1.566284
-1.750233
-1.916568
-2.049976
-2.111230
-2.038741
-1.953647
-1.887884
-1.786248
-1.754423
-1.671351
-1.575530
-1.424247
-1.223833
-1.022689
-0.888000
-0.954100
-1.101057
-1.231140
-1.344980
-1.428027
-1.597836
-1.780638
-1.943317
-2.054990
-2.023632
-1.995305
-1.903083
-1.941620
-1.910931
-1.824030
-1.719862
-1.561692
-1.362711
-1.163124
-0.961027
-1.022347
-1.151670
-1.261575
-1.343576
-1.426720
-1.476316
-1.575231
-1.703630
-1.808682
-1.696868
-1.578629
-1.471013
-1.588037
-1.489651
-1.479442
-1.429054
-1.316849
-1.128117
-0.926295
-0.888000
-1.003965
-1.132170
-1.245503
-1.335723
-1.393887
-1.578056
-1.755245
-1.922333
-2.088680
-2.054006
-1.981239
-1.808480
-1.808056
-1.857682
-1.831947
-1.763918
-1.664947
-1.538108
-1.389385
-1.193325
-1.203963
-1.289811
-1.359581
-1.407271
-1.460963
-1.594629
-1.730160
-1.883860
-1.984367
-1.906448
-1.824907
-1.756734
-1.607053
-1.636368
-1.587396
-1.510730
-1.409485
-1.277137
-1.100522
-0.904167
-0.945204
-1.052120
-1.137757
-1.194944
-1.219633
-1.321985
-1.515527
-1.696530
-1.870243
-1.807385
-1.730714
-1.664515
-1.580616
-1.591011
-1.578004
-1.525465
-1.454015
-1.349622
-1.208268
-1.014475
-0.978395
-1.083642
-1.173135
-1.236548
-1.270454
-1.390632
-1.578366
-1.756581
-1.921162
-1.867192
-1.780289
-1.615971
-1.502827
-1.487680
-1.414075
-1.320247
-1.177618
-0.978486
-0.887999
-0.888000
-0.942019
-1.051246
-1.145666
-1.205993
-1.227938
-1.391500
-1.580182
-1.747821
-1.904585
-1.912547
-1.827628
-1.652471
-1.658824
-1.729109
-1.720160
-1.665361
-1.581762
-1.468501
-1.329530
-1.135813
-1.155949
-1.239252
-1.312320
-1.391459
-1.559515
-1.719621
-1.851865
-1.963429
-2.086436
-2.005032
-1.907206
-1.834032
-1.699670
-1.728456
-1.684387
-1.613041
-1.512550
-1.385070
-1.213248
-1.013207
-0.944925
-1.074977
-1.183172
-1.262841
-1.313282
-1.468145
-1.651767
-1.829694
-1.990658
-1.931373
-1.852119
-1.777767
-1.693635
-1.685555
-1.676707
-1.622548
-1.541660
-1.433671
-1.296909
-1.106225
-0.996682
-1.088913
-1.184874
-1.256044
-1.304256
-1.434834
-1.621393
-1.797882
-1.958070
-1.911830
-1.825116
-1.727110
-1.553249
-1.539052
-1.472059
-1.386496
-1.278871
-1.114664
-0.919246
-0.888000
-0.888000
-0.994293
-1.122148
-1.220990
-1.283923
-1.378830
-1.563645
-1.750239
-1.928480
-1.938823
-1.870200
-1.798692
-1.719812
-1.681918
-1.647260
-1.580182
-1.487219
-1.365047
-1.189398
-0.991222
-0.888000
-0.982168
-1.108096
-1.209232
-1.281510
-1.439973
-1.622779
-1.807411
-1.980060
-1.958445
-1.894244
-1.833015
-1.671281
-1.668799
-1.607285
-1.523361
-1.414736
-1.275758
-1.084434
-0.887999
-0.888000
-0.976045
-1.090919
-1.180329
-1.238977
-1.326951
-1.516061
-1.708828
-1.888242
-1.872226
-1.807833
-1.747198
-1.688127
-1.654899
-1.620163
-1.553792
-1.468190
-1.357814
-1.218762
-1.026344
-0.928131
-0.989821
-1.094699
-1.178664
-1.231198
-1.358440
-1.544657
-1.728728
-1.902010
-1.940943
-1.864383
-1.778307
-1.607169
-1.558103
-1.494271
-1.407477
-1.296700
-1.143554
-0.945807
-0.888000
-0.899355
-0.993488
-1.102087
-1.186226
-1.237560
-1.282967
-1.475666
-1.659150
-1.844477
-1.991763
-1.931596
-1.835168
-1.751507
-1.673208
-1.648849
-1.584832
-1.498858
-1.383578
-1.237235
-1.043594
-0.956028
-1.020414
-1.115065
-1.189597
-1.238099
-1.343290
-1.530799
-1.723481
-1.894602
-1.946142
-1.875222
-1.796257
-1.703600
-1.613905
-1.574591
-1.497092
-1.399614
-1.272070
-1.091192
-0.898169
-0.906541
-0.987964
-1.092317
-1.172991
-1.219002
-1.232683
-1.422178
-1.613754
-1.798248
-1.902083
-1.835020
-1.750090
-1.677204
-1.605227
-1.621768
-1.572011
-1.501996
-1.400350
-1.270840
-1.083368
-0.959178
-1.006243
-1.116055
-1.202969
-1.260256
-1.363454
-1.549998
-1.733256
-1.906011
-2.031880
-1.967091
-1.869606
-1.693164
-1.618794
-1.579477
-1.491996
-1.374581
-1.201299
-0.998890
-0.888000
-0.944189
-1.095815
-1.184540
-1.226178
-1.246470
-1.328950
-1.520446
-1.701746
-1.856099
-1.987598
-1.879010
-1.688841
-1.556651
-1.621969
-1.611778
-1.558732
-1.468354
-1.341868
-1.174787
-0.974398
-0.931696
-1.062212
-1.169734
-1.269449
-1.402653
-1.567191
-1.724145
-1.886402
-2.024583
-1.956340
-1.883952
-1.843118
-1.718824
-1.762577
-1.727093
-1.648898
-1.543917
-1.397727
-1.198999
-0.999979
-0.888230
-0.998005
-1.123327
-1.221061
-1.285399
-1.311593
-1.495929
-1.686842
-1.858162
-1.919793
-1.851151
-1.773408
-1.681780
-1.638882
-1.669727
-1.629148
-1.566960
-1.476103
-1.358140
-1.186849
-1.037493
-1.113472
-1.215901
-1.298266
-1.354723
-1.426404
-1.603419
-1.781564
-1.934302
-2.000293
-1.933859
-1.852467
-1.686416
-1.654812
-1.610979
-1.540204
-1.451875
-1.341788
-1.192171
-0.995796
-0.888000
-0.959753
-1.088094
-1.191384
-1.264713
-1.387978
-1.576906
-1.766773
-1.939017
-2.024965
-1.977840
-1.913545
-1.852561
-1.822558
-1.837535
-1.786426
-1.709207
-1.606764
-1.482675
-1.317296
-1.125311
-1.107831
-1.223958
-1.317178
-1.382708
-1.486609
-1.671936
-1.848228
-1.999543
-2.021710
-1.946840
-1.865709
-1.684168
-1.648505
-1.630241
-1.563872
-1.475315
-1.363459
-1.228850
-1.045798
-0.888000
-0.937727
-1.063088
-1.172609
-1.255212
-1.387055
-1.572577
-1.756997
-1.934871
-2.030359
-1.978837
-1.902439
-1.819769
-1.715578
-1.683545
-1.610132
-1.515006
-1.377087
-1.178543
-0.979430
-0.888000
-0.928294
-1.076136
-1.206290
-1.306630
-1.377360
-1.562873
-1.745361
-1.926864
-2.041375
-1.993748
-1.910990
-1.816551
-1.712323
-1.674489
-1.597955
-1.502272
-1.380031
-1.209707
-1.015205
-0.888000
-0.925694
-1.050708
-1.162098
-1.248025
-1.349538
-1.535901
-1.721507
-1.906044
-2.035775
-1.981174
-1.892356
-1.786194
-1.642672
-1.596452
-1.511375
-1.409850
-1.286227
-1.130459
-0.937755
-0.907302
-1.049825
-1.204553
-1.273066
-1.302041
-1.329043
-1.521935
-1.710385
-1.887731
-2.042652
-1.964931
-1.862804
-1.780954
-1.790373
-1.754843
-1.711329
-1.644637
-1.547510
-1.422549
-1.249017
-1.078543
-1.082107
-1.184253
-1.261480
-1.310809
-1.412566
-1.600748
-1.788261
-1.940020
-2.084786
-2.012806
-1.900742
-1.794185
-1.659874
-1.626568
-1.567741
-1.483838
-1.368251
-1.215795
-1.023295
-0.902067
-1.019484
-1.109588
-1.183150
-1.232322
-1.254512
-1.437803
-1.629410
-1.813097
-1.983223
-1.919417
-1.827721
-1.752112
-1.673342
-1.658453
-1.621251
-1.561393
-1.462356
-1.333664
-1.161784
-0.962850
-1.040726
-1.133274
-1.207429
-1.254331
-1.270011
-1.414491
-1.600700
-1.776720
-1.951268
-1.879262
-1.773927
-1.668175
-1.533078
-1.472376
-1.418347
-1.339795
-1.223956
-1.057840
-0.887998
-0.888000
-0.960626
-1.054896
-1.127301
-1.169890
-1.179281
-1.277828
-1.466632
-1.655908
-1.843868
-1.790000
-1.693960
-1.595304
-1.475147
-1.464476
-1.418998
-1.354000
-1.234515
-1.051415
-0.888000
-0.888000
-0.947306
-1.063907
-1.157869
-1.220939
-1.248567
-1.363998
-1.551737
-1.741937
-1.923564
-1.859331
-1.773669
-1.696694
-1.604801
-1.603744
-1.556819
-1.490562
-1.391185
-1.262117
-1.085840
-0.888000
-0.989292
-1.078353
-1.149694
-1.198526
-1.219215
-1.376613
-1.564513
-1.751764
-1.927456
-1.860328
-1.771026
-1.689090
-1.580925
-1.560890
-1.514992
-1.449340
-1.353406
-1.226537
-1.049144
-0.888000
-0.952242
-1.055867
-1.140521
-1.195802
-1.218583
-1.356994
-1.544575
-1.726738
-1.905458
-1.839718
-1.744288
-1.651402
-1.529598
-1.483032
-1.435319
-1.362149
-1.252897
-1.105905
-0.914452
-0.888000
-0.995766
-1.076296
-1.139666
-1.178504
-1.189390
-1.302827
-1.496888
-1.679397
-1.859198
-1.797168
-1.714935
-1.637228
-1.530982
-1.537554
-1.490004
-1.425503
-1.333336
-1.211403
-1.038453
-0.888000
-0.963883
-1.051246
-1.123234
-1.171348
-1.190821
-1.322986
-1.511683
-1.695752
-1.874116
-1.807692
-1.711866
-1.616519
-1.481495
-1.445158
-1.403606
-1.332260
-1.222252
-1.044650
-0.888000
-0.888000
-0.936811
-1.041479
-1.144332
-1.214822
-1.248511
-1.354588
-1.547076
-1.734786
-1.908528
-1.850218
-1.777079
-1.722947
-1.670883
-1.696020
-1.690226
-1.649413
-1.580072
-1.484865
-1.361691
-1.173738
-1.071319
-1.173054
-1.266324
-1.335966
-1.415697
-1.579619
-1.761655
-1.919065
-2.069234
-2.006278
-1.912567
-1.741273
-1.642531
-1.600723
-1.531877
-1.441982
-1.310176
-1.119550
-0.921695
-0.888000
-0.916640
-1.028284
-1.136735
-1.213999
-1.254139
-1.435847
-1.625742
-1.805863
-1.966086
-1.949883
-1.865456
-1.770096
-1.698656
-1.750958
-1.743869
-1.694752
-1.614362
-1.502827
-1.362027
-1.165652
-1.102606
-1.211746
-1.304486
-1.374755
-1.471614
-1.628021
-1.807134
-1.952180
-2.091690
-2.023228
-1.931701
-1.757834
-1.637563
-1.651753
-1.593056
-1.507594
-1.381615
-1.196280
-1.000218
-0.888000
-0.907306
-1.032911
-1.140349
-1.216421
-1.256566
-1.326549
-1.516403
-1.707011
-1.880703
-1.816000
-1.741905
-1.650678
-1.592715
-1.664437
-1.657325
-1.609621
-1.536098
-1.432304
-1.296759
-1.102234
-1.038397
-1.148428
-1.242201
-1.312571
-1.366418
-1.508209
-1.693027
-1.860717
-2.013230
-1.950269
-1.867571
-1.696231
-1.572675
-1.567727
-1.503100
-1.420154
-1.298741
-1.117716
-0.923785
-0.888000
-0.900477
-1.015656
-1.126697
-1.206285
-1.249422
-1.320347
-1.513430
-1.696597
-1.872181
-1.874799
-1.799733
-1.712499
-1.641343
-1.658650
-1.661098
-1.613514
-1.544593
-1.442927
-1.312832
-1.124869
-1.007532
-1.120617
-1.219891
-1.294734
-1.341194
-1.467575
-1.653093
-1.825668
-1.981229
-1.935683
-1.853438
-1.684383
-1.557918
-1.545348
-1.479451
-1.399252
-1.295674
-1.141053
-0.948800
-0.888000
-0.888000
-0.997164
-1.125696
-1.224045
-1.287061
-1.406101
-1.591091
-1.776698
-1.949873
-1.966216
-1.897381
-1.819922
-1.735439
-1.702562
-1.675883
-1.607604
-1.518391
-1.400476
-1.250879
-1.055987
-1.008244
-1.107041
-1.189035
-1.247930
-1.313689
-1.440874
-1.621679
-1.786506
-1.936855
-1.933194
-1.829553
-1.725306
-1.557370
-1.492481
-1.433623
-1.342080
-1.219385
-1.032342
-0.887999
-0.888000
-0.912698
-1.010107
-1.125396
-1.209472
-1.258263
-1.290180
-1.477164
-1.665894
-1.852805
-1.970194
-1.897511
-1.795071
-1.697816
-1.643381
-1.649076
-1.603979
-1.531505
-1.428527
-1.297358
-1.106078
-1.009818
-1.107494
-1.197853
-1.266734
-1.329982
-1.481982
-1.666290
-1.838010
-1.991967
-1.980542
-1.895088
-1.812737
-1.642978
-1.613486
-1.555989
-1.471470
-1.360974
-1.212356
-1.016589
-0.888000
-0.910897
-1.005220
-1.110411
-1.188359
-1.234590
-1.273490
-1.461199
-1.655155
-1.835990
-1.965464
-1.896001
-1.798264
-1.708212
-1.618674
-1.608199
-1.552621
-1.475318
-1.368359
-1.229093
-1.036180
-0.960531
-1.040198
-1.128818
-1.196453
-1.237872
-1.341121
-1.529122
-1.711505
-1.878647
-1.955474
-1.871809
-1.770532
-1.585309
-1.580033
-1.549145
-1.493709
-1.412020
-1.304327
-1.160753
-0.964138
-0.901748
-0.970698
-1.089073
-1.183327
-1.248351
-1.407015
-1.591107
-1.775071
-1.947439
-2.060123
-1.994025
-1.889680
-1.759668
-1.656505
-1.614521
-1.537056
-1.436603
-1.298046
-1.100753
-0.902425
-0.888000
-0.967272
-1.095575
-1.199098
-1.269978
-1.361339
-1.547741
-1.736326
-1.915303
-2.027889
-1.960938
-1.855470
-1.754194
-1.649924
-1.623762
-1.548152
-1.449512
-1.319296
-1.145902
-0.954156
-0.918477
-1.014516
-1.101543
-1.166586
-1.202677
-1.216739
-1.406026
-1.598418
-1.781924
-1.915039
-1.843318
-1.743834
-1.650134
-1.557374
-1.566078
-1.512930
-1.437673
-1.335598
-1.204783
-1.017823
-0.907215
-0.967901
-1.072877
-1.157740
-1.212580
-1.326319
-1.513717
-1.698376
-1.874193
-2.016142
-1.945688
-1.833779
-1.712957
-1.544732
-1.523410
-1.443603
-1.341435
-1.198114
-0.999860
-0.888000
-0.921560
-1.007368
-1.101690
-1.171202
-1.207803
-1.219497
-1.412722
-1.601000
-1.778219
-1.955834
-1.889741
-1.787118
-1.694533
-1.598848
-1.631917
-1.604920
-1.554738
-1.469316
-1.354622
-1.183722
-1.041428
-1.064046
-1.168732
-1.252742
-1.336239
-1.482094
-1.666762
-1.841426
-1.991117
-2.063717
-1.983891
-1.881170
-1.709516
-1.584378
-1.527380
-1.436289
-1.320961
-1.161582
-0.963739
-0.888000
-0.893054
-0.971027
-1.089472
-1.184436
-1.247521
-1.278758
-1.469696
-1.659394
-1.840452
-1.992606
-1.939386
-1.850227
-1.773054
-1.702586
-1.721191
-1.676467
-1.606106
-1.510263
-1.388094
-1.212406
-1.057638
-1.077473
-1.181540
-1.264244
-1.319554
-1.423124
-1.609401
-1.789155
-1.946124
-2.029329
-1.951706
-1.850827
-1.666557
-1.570302
-1.531567
-1.453299
-1.357498
-1.221854
-1.025451
-0.888000
-0.888053
-0.947326
-1.087478
-1.208197
-1.298185
-1.393999
-1.578698
-1.763884
-1.942076
-2.078510
-2.025301
-1.928325
-1.839944
-1.721576
-1.688838
-1.611165
-1.513841
-1.391473
-1.233301
-1.043498
-0.893472
-0.937947
-1.041255
-1.122770
-1.173134
-1.191068
-1.375970
-1.568597
-1.749865
-1.937459
-1.871562
-1.777004
-1.693012
-1.593962
-1.598554
-1.555873
-1.489527
-1.397508
-1.276591
-1.102326
-0.943663
-0.974783
-1.083332
-1.171558
-1.232120
-1.291886
-1.479144
-1.663621
-1.841136
-2.021489
-1.961467
-1.861849
-1.755235
-1.615560
-1.578374
-1.514575
-1.429700
-1.317104
-1.163228
-0.969952
-0.904792
-0.998402
-1.095241
-1.169738
-1.215082
-1.229798
-1.397058
-1.590564
-1.768558
-1.948978
-1.884261
-1.790166
-1.704770
-1.606290
-1.597905
-1.552166
-1.485200
-1.394089
-1.273031
-1.098003
-0.942380
-0.976899
-1.083177
-1.169927
-1.229418
-1.299809
-1.483888
-1.668132
-1.837148
-2.009326
-1.944153
-1.840284
-1.711823
-1.574081
-1.527934
-1.463458
-1.377237
-1.264693
-1.118876
-0.927017
-0.899218
-0.979440
-1.080239
-1.164558
-1.222498
-1.254888
-1.448825
-1.635033
-1.815495
-1.997560
-1.961442
-1.888254
-1.817865
-1.744368
-1.783451
-1.758543
-1.705593
-1.623735
-1.514306
-1.366393
-1.179554
-1.144620
-1.250945
-1.338820
-1.451301
-1.602887
-1.784331
-1.938730
-2.063378
-2.112612
-2.023054
-1.918498
-1.745667
-1.676156
-1.611244
-1.527237
-1.430810
-1.280355
-1.081644
-0.887995
-0.888000
-0.906600
-1.059250
-1.190066
-1.291300
-1.357311
-1.544545
-1.726960
-1.909836
-2.082320
-2.042127
-1.956924
-1.776798
-1.804912
-1.774008
-1.719984
-1.650056
-1.549853
-1.421345
-1.257888
-1.058251
-0.978406
-1.106163
-1.216130
-1.334724
-1.498644
-1.682755
-1.861963
-2.017220
-2.150307
-2.082506
-1.974621
-1.798474
-1.788182
-1.709679
-1.627956
-1.531112
-1.381390
-1.181902
-0.983365
-0.888000
-0.888000
-1.023336
-1.142272
-1.250681
-1.363493
-1.552197
-1.734384
-1.916732
-2.090707
-2.052382
-1.978834
-1.836271
-1.875861
-1.877121
-1.814312
-1.731856
-1.616479
-1.476591
-1.296593
-1.097854
-1.041443
-1.148546
-1.237767
-1.299614
-1.377471
-1.565024
-1.749368
-1.914000
-2.073434
-2.006827
-1.903630
-1.809597
-1.799638
-1.729487
-1.679308
-1.605228
-1.487381
-1.344504
-1.161878
-0.961688
-1.062609
-1.168392
-1.232105
-1.274338
-1.295863
-1.487968
-1.672314
-1.841520
-2.008718
-2.037345
-1.953621
-1.836740
-1.700063
-1.724710
-1.692257
-1.632124
-1.523371
-1.391147
-1.221298
-1.022046
-1.058373
-1.150956
-1.229216
-1.285084
-1.312078
-1.490896
-1.682820
-1.851190
-2.013223
-1.950904
-1.862372
-1.773905
-1.661871
-1.639884
-1.593461
-1.529520
-1.414723
-1.278913
-1.099913
-0.902614
-0.993153
-1.080352
-1.151637
-1.198367
-1.215642
-1.317413
-1.505674
-1.695527
-1.872394
-1.806988
-1.708907
-1.615248
-1.491908
-1.454143
-1.400111
-1.316942
-1.198989
-1.014196
-0.888000
-0.888000
-0.926312
-1.036399
-1.135972
-1.199923
-1.222100
-1.247397
-1.439497
-1.624055
-1.809571
-1.756936
-1.674048
-1.597499
-1.509775
-1.516789
-1.501418
-1.446973
-1.366014
-1.252642
-1.096261
-0.901640
-0.930151
-1.023598
-1.111549
-1.172238
-1.201319
-1.319118
-1.507232
-1.691867
-1.874146
-1.812361
-1.729926
-1.655841
-1.549470
-1.519256
-1.472470
-1.395266
-1.294385
-1.154048
-0.963361
-0.888000
-0.953332
-1.047351
-1.129341
-1.180940
-1.199818
-1.265308
-1.459182
-1.650043
-1.831394
-1.773936
-1.704573
-1.638757
-1.586485
-1.625964
-1.621940
-1.577551
-1.504143
-1.399796
-1.259701
-1.062821
-1.009003
-1.117281
-1.209827
-1.278119
-1.318109
-1.455855
-1.640865
-1.814177
-1.977079
-1.917792
-1.838522
-1.685391
-1.624072
-1.586480
-1.531855
-1.449852
-1.334670
-1.167141
-0.972242
-0.888000
-0.910343
-1.027369
-1.130276
-1.203074
-1.243815
-1.349091
-1.542682
-1.725538
-1.899407
-1.843253
-1.773248
-1.701675
-1.630149
-1.658177
-1.645679
-1.595713
-1.523174
-1.422455
-1.290089
-1.096316
-1.009028
-1.120926
-1.218958
-1.291215
-1.337091
-1.480672
-1.665382
-1.838541
-1.996677
-1.937944
-1.856627
-1.688956
-1.569645
-1.549025
-1.479872
-1.396392
-1.281281
-1.112269
-0.919026
-0.888000
-0.888000
-1.004214
-1.119213
-1.205265
-1.257710
-1.358895
-1.546213
-1.737443
-1.916005
-1.905652
-1.833227
-1.763156
-1.686737
-1.688281
-1.683082
-1.631323
-1.555447
-1.448650
-1.313414
-1.120322
-1.007880
-1.113246
-1.209700
-1.283606
-1.374982
-1.534394
-1.717825
-1.883034
-2.033539
-1.968331
-1.881322
-1.789513
-1.607951
-1.590509
-1.527941
-1.442971
-1.329867
-1.160508
-0.965276
-0.888000
-0.888000
-0.988306
-1.113328
-1.211784
-1.277634
-1.398024
-1.582961
-1.769094
-1.944967
-1.939344
-1.868978
-1.795697
-1.677052
-1.656053
-1.609112
-1.532568
-1.428037
-1.278604
-1.080576
-0.887997
-0.888000
-0.987808
-1.111427
-1.208064
-1.272239
-1.386481
-1.571654
-1.757905
-1.935838
-2.000389
-1.924859
-1.826534
-1.722251
-1.646284
-1.610107
-1.532328
-1.422181
-1.252325
-1.053619
-0.888000
-0.921022
-1.008319
-1.114959
-1.195618
-1.244287
-1.299356
-1.493114
-1.677784
-1.855288
-1.911314
-1.832089
-1.731311
-1.613547
-1.535868
-1.518812
-1.455845
-1.368318
-1.246232
-1.086032
-0.894112
-0.960757
-1.089541
-1.157176
-1.204131
-1.221843
-1.217479
-1.402198
-1.596956
-1.781030
-1.832047
-1.756339
-1.673498
-1.585648
-1.533420
-1.514475
-1.452390
-1.375396
-1.267889
-1.118697
-0.924913
-0.905874
-1.008760
-1.105119
-1.177644
-1.223301
-1.319711
-1.507399
-1.691097
-1.866053
-1.955193
-1.883360
-1.789285
-1.619528
-1.544475
-1.524710
-1.456445
-1.361504
-1.234587
-1.059952
-0.887999
-0.942563
-1.045022
-1.125588
-1.183442
-1.213878
-1.241238
-1.434966
-1.619359
-1.800811
-1.920470
-1.855442
-1.765414
-1.672769
-1.593041
-1.606960
-1.558473
-1.482326
-1.378370
-1.243544
-1.054033
-0.935598
-1.018818
-1.123377
-1.205158
-1.257964
-1.347783
-1.534841
-1.717922
-1.888007
-1.972026
-1.897937
-1.808640
-1.626586
-1.548468
-1.514204
-1.431758
-1.323225
-1.159962
-0.963145
-0.888000
-0.911182
-0.974438
-1.080217
-1.156597
-1.195362
-1.208009
-1.400079
-1.590349
-1.768166
-1.917021
-1.844728
-1.747121
-1.667247
-1.601169
-1.640633
-1.606430
-1.550533
-1.461650
-1.344708
-1.170634
-1.031767
-1.105056
-1.197998
-1.271396
-1.321101
-1.440681
-1.626805
-1.804031
-1.958669
-2.031103
-1.952530
-1.854911
-1.684920
-1.577034
-1.521781
-1.423968
-1.299559
-1.114686
-0.915470
-0.888000
-0.901841
-0.977454
-1.097161
-1.188955
-1.244372
-1.264640
-1.458304
-1.646223
-1.823882
-1.970417
-1.909947
-1.820391
-1.744356
-1.701385
-1.749793
-1.725958
-1.677158
-1.598195
-1.492792
-1.341335
-1.156556
-1.162620
-1.273830
-1.364306
-1.458674
-1.595585
-1.778530
-1.933069
-2.061058
-2.065743
-1.990841
-1.922546
-1.751127
-1.723158
-1.661955
-1.575776
-1.467612
-1.306376
-1.107907
-0.907374
-0.888000
-0.981546
-1.118742
-1.229702
-1.308209
-1.351144
-1.538549
-1.724656
-1.901837
-2.062913
-2.005419
-1.903352
-1.801145
-1.698081
-1.701463
-1.644420
-1.564709
-1.457915
-1.325734
-1.141708
-1.005616
-1.035584
-1.141710
-1.227107
-1.285596
-1.371854
-1.559627
-1.744357
-1.916155
-2.078817
-2.015524
-1.904908
-1.787813
-1.625000
-1.611444
-1.544804
-1.449171
-1.319829
-1.131737
-0.935441
-0.898622
-0.970588
-1.085081
-1.178642
-1.242365
-1.309609
-1.502475
-1.688416
-1.865736
-2.047519
-2.002730
-1.912483
-1.837473
-1.765141
-1.805773
-1.773552
-1.713358
-1.625152
-1.509698
-1.353910
-1.159885
-1.131381
-1.243218
-1.334412
-1.419377
-1.538498
-1.722248
-1.893363
-2.036978
-2.019641
-1.938375
-1.863537
-1.683886
-1.608508
-1.566988
-1.480311
-1.370742
-1.187144
-0.988393
-0.888000
-0.888000
-0.936551
-1.072869
-1.187308
-1.267023
-1.307913
-1.493760
-1.684429
-1.863601
-1.974664
-1.904215
-1.808670
-1.718449
-1.628710
-1.651720
-1.599654
-1.525154
-1.424268
-1.295843
-1.120394
-0.959983
-0.993164
-1.100757
-1.185643
-1.242432
-1.307903
-1.490266
-1.674528
-1.844775
-2.005535
-1.940214
-1.840135
-1.679166
-1.575531
-1.568659
-1.501305
-1.413420
-1.302966
-1.152123
-0.957179
-0.893229
-0.935022
-1.059813
-1.161434
-1.232022
-1.288192
-1.481445
-1.668314
-1.847341
-2.025310
-1.992301
-1.922288
-1.859704
-1.789631
-1.829029
-1.804840
-1.749566
-1.670019
-1.564112
-1.422918
-1.227807
-1.187985
-1.299795
-1.392541
-1.502541
-1.625974
-1.798363
-1.945950
-2.063316
-2.032732
-1.960494
-1.910665
-1.766809
-1.784622
-1.734740
-1.654424
-1.558154
-1.407065
-1.209429
-1.008337
-0.888000
-0.973488
-1.126487
-1.255323
-1.348515
-1.399974
-1.553857
-1.737429
-1.907434
-2.050630
-1.989534
-1.894976
-1.797414
-1.660057
-1.655101
-1.597418
-1.519581
-1.421739
-1.298211
-1.124297
-0.924389
-0.924805
-1.047841
-1.156890
-1.240257
-1.346208
-1.533126
-1.715876
-1.893903
-2.056137
-2.005941
-1.908875
-1.804533
-1.632455
-1.598433
-1.519512
-1.436144
-1.300994
-1.119832
-0.924075
-0.888000
-0.925473
-1.051013
-1.163309
-1.249217
-1.302075
-1.489800
-1.678976
-1.866097
-2.038448
-1.987858
-1.905490
-1.830353
-1.725729
-1.742264
-1.701390
-1.639161
-1.545042
-1.427540
-1.261651
-1.063759
-0.972819
-1.093359
-1.199585
-1.280038
-1.384392
-1.571166
-1.754838
-1.924734
-2.091007
-2.035949
-1.934807
-1.816545
-1.638166
-1.576289
-1.486963
-1.385385
-1.205131
-1.004273
-0.887999
-0.888000
-0.950984
-1.096382
-1.179445
-1.235501
-1.262651
-1.457748
-1.646888
-1.830001
-1.994467
-2.099215
-1.971742
-1.816764
-1.677653
-1.664793
-1.640896
-1.586752
-1.474398
-1.334786
-1.158422
-0.958321
-1.068786
-1.156192
-1.223928
-1.269124
-1.305788
-1.471451
-1.661044
-1.825328
-1.970114
-1.906486
-1.821976
-1.742084
-1.625443
-1.614647
-1.574430
-1.513558
-1.419707
-1.294986
-1.121940
-0.923746
-1.008799
-1.104384
-1.182327
-1.234224
-1.255859
-1.380396
-1.566929
-1.746217
-1.921229
-1.852320
-1.753085
-1.652965
-1.512980
-1.454088
-1.398241
-1.326987
-1.201259
-1.044567
-0.887999
-0.888000
-0.971549
-1.054138
-1.117831
-1.152799
-1.158006
-1.211697
-1.397002
-1.593798
-1.779769
-1.731952
-1.650087
-1.559920
-1.442101
-1.430909
-1.391966
-1.333315
-1.240740
-1.114689
-0.930495
-0.888000
-0.958821
-1.049377
-1.123619
-1.172296
-1.191043
-1.291561
-1.480108
-1.667786
-1.852200
-1.793656
-1.708154
-1.625768
-1.513060
-1.467454
-1.415712
-1.337841
-1.227192
-1.051383
-0.887999
-0.888000
-0.920426
-1.028454
-1.128297
-1.194470
-1.220965
-1.263430
-1.456376
-1.640981
-1.829023
-1.774986
-1.699532
-1.635523
-1.566454
-1.592848
-1.580757
-1.530767
-1.453788
-1.348805
-1.209880
-1.013857
-0.965737
-1.066747
-1.158592
-1.225330
-1.262453
-1.408063
-1.593664
-1.771832
-1.943558
-1.886173
-1.803380
-1.683704
-1.591615
-1.543415
-1.481087
-1.395353
-1.273942
-1.093392
-0.897064
-0.888000
-0.928232
-1.031997
-1.129891
-1.196317
-1.227996
-1.378567
-1.568847
-1.751888
-1.920744
-1.865972
-1.795346
-1.729870
-1.679813
-1.751592
-1.750894
-1.704895
-1.633399
-1.535059
-1.407031
-1.214827
-1.167990
-1.264247
-1.349590
-1.414157
-1.514816
-1.669826
-1.838617
-1.972137
-2.080474
-1.999475
-1.903203
-1.728832
-1.590552
-1.581457
-1.505882
-1.403983
-1.253414
-1.053049
-0.887999
-0.888000
-0.922022
-1.047096
-1.153835
-1.226013
-1.259490
-1.342347
-1.535211
-1.719055
-1.884090
-1.817127
-1.741583
-1.641678
-1.592619
-1.681394
-1.690236
-1.659567
-1.596460
-1.505177
-1.383497
-1.200429
-1.104097
-1.214042
-1.313263
-1.391173
-1.446533
-1.572935
-1.750877
-1.901805
-2.029555
-1.972169
-1.901389
-1.741903
-1.669761
-1.655681
-1.592819
-1.515773
-1.404411
-1.238173
-1.043620
-0.888000
-0.897021
-1.026808
-1.151472
-1.245224
-1.302833
-1.432121
-1.623559
-1.809128
-1.972537
-1.921485
-1.860984
-1.767050
-1.718611
-1.796243
-1.798854
-1.749295
-1.671325
-1.565923
-1.434641
-1.256075
-1.126803
-1.233522
-1.334400
-1.412789
-1.462937
-1.587056
-1.765429
-1.918292
-2.057560
-1.999776
-1.921224
-1.813293
-1.671973
-1.680860
-1.617136
-1.521005
-1.389517
-1.199510
-0.998039
-0.888000
-0.929948
-1.038318
-1.147890
-1.223375
-1.261357
-1.337108
-1.530231
-1.717154
-1.879452
-1.853627
-1.776794
-1.672173
-1.617838
-1.705198
-1.724763
-1.691416
-1.625261
-1.529302
-1.403943
-1.225062
-1.100283
-1.212352
-1.315110
-1.396857
-1.450908
-1.579527
-1.757892
-1.909412
-2.038481
-1.982548
-1.911641
-1.849434
-1.706952
-1.728935
-1.679783
-1.596830
-1.484779
-1.318416
-1.119202
-0.917723
-0.900186
-1.022847
-1.151123
-1.247306
-1.307372
-1.422656
-1.614070
-1.793612
-1.959179
-1.965357
-1.891883
-1.725064
-1.653731
-1.709775
-1.693406
-1.627833
-1.533112
-1.405565
-1.243775
-1.047450
-0.976325
-1.091986
-1.188227
-1.257833
-1.298185
-1.373575
-1.533579
-1.718994
-1.885350
-1.817702
-1.743627
-1.696363
-1.553417
-1.596578
-1.552113
-1.471462
-1.365577
-1.213333
-1.013436
-0.888000
-0.940477
-1.047475
-1.139621
-1.205009
-1.239326
-1.263542
-1.451208
-1.642987
-1.817641
-1.861053
-1.791225
-1.712767
-1.527235
-1.605204
-1.612406
-1.563042
-1.493720
-1.391751
-1.257786
-1.067948
-1.003978
-1.101329
-1.185912
-1.248999
-1.300671
-1.420313
-1.598352
-1.759938
-1.916649
-1.991296
-1.908512
-1.803203
-1.637486
-1.580321
-1.535369
-1.446885
-1.330400
-1.152585
-0.950500
-0.888000
-0.922004
-1.031840
-1.131520
-1.203865
-1.243419
-1.348166
-1.539689
-1.725293
-1.886157
-2.045219
-1.976388
-1.872603
-1.688778
-1.760678
-1.781826
-1.741643
-1.669616
-1.570136
-1.445197
-1.267664
-1.123047
-1.221621
-1.312813
-1.384945
-1.490865
-1.639976
-1.802238
-1.948672
-2.080326
-2.005388
-1.915314
-1.854376
-1.682715
-1.712477
-1.670313
-1.585870
-1.475706
-1.311917
-1.113353
-0.913877
-0.893206
-0.991164
-1.117623
-1.217547
-1.285303
-1.316016
-1.498880
-1.684798
-1.862984
-1.951632
-1.885488
-1.803603
-1.713513
-1.649087
-1.654482
-1.604739
-1.530866
-1.435915
-1.315381
-1.139904
-0.986004
-1.025246
-1.143995
-1.241118
-1.310206
-1.432834
-1.617069
-1.799477
