-1.876120
-1.923030
-1.900704
-1.880330
-1.846613
-1.802518
-1.748902
-1.691004
-1.625138
-1.546945
-1.451784
-1.333459
-1.186463
-1.139869
-1.278308
-1.375887
-1.393812
-1.385360
-1.375187
-1.387587
-1.368461
-1.321472
-1.293318
-1.312278
-1.189991
-1.168321
-1.090987
-0.983240
-0.888000
-0.888000
-0.888000
-0.888000
-0.888000
-0.888000
-0.888000
-0.888000
-0.888000
-0.888000
-0.887999
-0.888000
-0.888000
-0.888000
-0.888000
-0.888000
-0.888000
-0.968703
-1.091017
-1.296023
-1.497563
-1.593222
-1.606766
-1.692678
-1.802259
-1.890307
-1.939217
-1.919857
-1.810382
-1.612286
-1.409070
-1.206268
-1.069286
-0.888386
-0.997774
-1.070165
-1.166639
-1.266261
-1.329633
-1.384366
-1.399605
-1.477301
-1.548185
-1.596786
-1.623767
-1.808490
-1.995476
-2.081222
-2.131085
-2.167875
-2.160455
-2.117641
-2.068416
-1.992088
-1.916660
-1.933454
-1.978480
-2.027582
-2.084268
-2.136004
-2.182327
-2.224683
-2.258615
-2.283749
-2.292579
-2.273562
-2.237358
-2.295151
-2.388219
-2.454226
-2.453268
-2.411371
-2.350948
-2.314970
-2.276202
-2.223675
-2.170941
-2.132313
-2.129483
-2.186364
-2.241493
-2.292175
-2.331927
-2.353832
-2.359406
-2.347308
-2.326164
-2.366631
-2.438591
-2.507483
-2.576342
-2.626488
-2.660979
-2.674919
-2.652662
-2.617690
-2.547624
-2.475272
-2.427251
-2.431438
-2.423601
-2.442559
-2.466771
-2.469763
-2.458729
-2.429569
-2.417614
-2.376923
-2.426850
-2.490463
-2.547244
-2.568746
-2.568031
-2.554304
-2.519709
-2.488155
-2.449752
-2.376757
-2.269948
-2.201661
-2.236172
-2.280430
-2.321407
-2.353922
-2.373916
-2.379096
-2.363477
-2.331365
-2.359041
-2.416103
-2.476459
-2.497591
-2.490746
-2.456230
-2.426323
-2.372808
-2.320068
-2.257331
-2.179335
-2.114771
-2.084349
-2.054581
-2.031533
-2.044690
-2.081870
-2.110300
-2.122827
-2.156748
-2.228030
-2.314972
-2.383320
-2.454080
-2.525404
-2.577656
-2.593920
-2.598611
-2.571636
-2.510540
-2.457915
-2.452800
-2.515470
-2.560479
-2.590515
-2.602820
-2.594389
-2.571100
-2.530342
-2.471109
-2.451123
-2.498924
-2.548416
-2.587092
-2.604031
-2.599709
-2.561640
-2.511787
-2.461166
-2.411961
-2.342345
-2.243428
-2.166852
-2.129779
-2.098951
-2.113645
-2.151283
-2.179578
-2.190705
-2.182580
-2.169533
-2.231005
-2.314909
-2.395901
-2.473056
-2.546989
-2.594561
-2.608529
-2.598060
-2.562330
-2.487695
-2.416616
-2.358686
-2.345090
-2.358099
-2.400612
-2.423048
-2.430743
-2.424850
-2.400571
-2.361827
-2.381326
-2.444585
-2.494855
-2.535367
-2.532324
-2.505993
-2.458803
-2.378535
-2.297765
-2.247915
-2.194682
-2.133653
-2.087273
-2.065524
-2.039818
-2.036238
-2.073201
-2.099464
-2.106948
-2.104190
-2.121584
-2.209953
-2.300922
-2.392782
-2.487857
-2.564478
-2.610054
-2.617476
-2.612596
-2.567028
-2.495720
-2.455173
-2.446202
-2.453255
-2.503527
-2.536190
-2.538733
-2.526318
-2.499547
-2.462290
-2.407076
-2.442687
-2.495919
-2.539990
-2.560051
-2.565503
-2.564594
-2.541864
-2.495577
-2.452065
-2.396754
-2.315853
-2.232347
-2.211432
-2.177335
-2.158422
-2.178421
-2.195587
-2.196120
-2.177558
-2.227038
-2.274145
-2.338799
-2.407325
-2.472059
-2.532154
-2.560927
-2.566306
-2.541240
-2.496553
-2.421697
-2.331326
-2.271967
-2.277564
-2.309301
-2.347746
-2.369850
-2.377086
-2.369324
-2.342081
-2.307118
-2.335180
-2.400919
-2.462605
-2.507657
-2.529233
-2.539317
-2.524205
-2.466931
-2.413159
-2.349385
-2.256582
-2.155108
-2.132288
-2.104216
-2.080980
-2.107528
-2.131014
-2.143376
-2.134838
-2.171129
-2.211152
-2.276275
-2.344605
-2.413621
-2.477642
-2.520915
-2.538831
-2.511733
-2.472929
-2.406496
-2.316886
-2.244610
-2.247488
-2.247466
-2.286895
-2.312159
-2.322006
-2.316919
-2.293497
-2.274180
-2.276765
-2.338033
-2.404196
-2.463548
-2.496347
-2.518025
-2.518487
-2.465143
-2.405667
-2.340931
-2.253040
-2.150513
-2.119908
-2.081489
-2.037130
-1.998822
-2.023385
-2.040747
-2.039199
-2.065215
-2.136152
-2.222446
-2.298367
-2.371512
-2.444620
-2.503945
-2.541830
-2.528900
-2.499881
-2.435653
-2.340356
-2.261672
-2.253540
-2.266891
-2.311630
-2.343694
-2.361699
-2.366193
-2.353858
-2.331964
-2.303110
-2.353364
-2.418737
-2.480909
-2.514116
-2.543137
-2.554279
-2.515823
-2.467331
-2.411497
-2.333650
-2.231164
-2.206078
-2.185422
-2.146839
-2.119001
-2.144343
-2.157259
-2.149674
-2.164260
-2.213332
-2.282230
-2.358688
-2.433170
-2.496836
-2.553466
-2.589009
-2.586318
-2.570595
-2.511312
-2.410093
-2.318785
-2.302661
-2.308844
-2.330726
-2.367513
-2.385511
-2.388506
-2.374129
-2.362493
-2.326061
-2.377010
-2.439216
-2.493554
-2.528879
-2.561565
-2.582121
-2.563166
-2.533110
-2.477728
-2.393701
-2.293754
-2.270916
-2.256678
-2.221808
-2.194784
-2.215693
-2.224596
-2.213359
-2.218281
-2.237873
-2.298144
-2.369119
-2.438071
-2.495996
-2.548696
-2.585724
-2.585546
-2.572723
-2.513513
-2.408897
-2.309852
-2.288587
-2.293772
-2.298540
-2.334241
-2.353291
-2.356560
-2.341410
-2.330950
-2.299580
-2.348584
-2.414727
-2.475529
-2.513892
-2.550211
-2.570188
-2.541160
-2.503046
-2.443684
-2.358253
-2.264065
-2.247998
-2.246111
-2.218297
-2.216873
-2.237966
-2.247257
-2.236629
-2.239831
-2.231196
-2.287683
-2.360034
-2.433416
-2.487616
-2.538094
-2.570938
-2.557591
-2.532000
-2.472576
-2.377757
-2.298483
-2.292978
-2.304803
-2.304818
-2.339608
-2.355779
-2.355312
-2.336043
-2.320915
-2.288013
-2.343747
-2.414185
-2.477752
-2.520618
-2.560153
-2.582588
-2.558441
-2.521795
-2.456166
-2.364891
-2.276757
-2.262216
-2.260155
-2.232539
-2.225431
-2.245131
-2.253293
-2.241630
-2.244044
-2.239500
-2.296858
-2.368190
-2.436797
-2.488868
-2.538210
-2.571010
-2.559750
-2.538442
-2.476642
-2.377323
-2.292612
-2.288778
-2.298577
-2.302303
-2.337067
-2.355124
-2.356682
-2.338878
-2.316220
-2.282638
-2.338742
-2.412876
-2.480430
-2.529119
-2.572756
-2.595212
-2.579400
-2.547081
-2.476665
-2.380835
-2.288496
-2.264286
-2.259963
-2.232533
-2.229197
-2.249597
-2.258339
-2.247586
-2.249910
-2.237049
-2.293384
-2.360504
-2.424404
-2.475499
-2.525207
-2.558542
-2.561327
-2.556170
-2.495217
-2.392243
-2.309838
-2.304691
-2.316544
-2.331748
-2.369670
-2.388611
-2.390886
-2.373875
-2.350292
-2.312121
-2.369679
-2.442214
-2.507157
-2.549498
-2.585324
-2.598619
-2.579805
-2.544265
-2.475464
-2.381410
-2.289343
-2.262344
-2.254417
-2.222470
-2.213662
-2.229835
-2.233977
-2.218541
-2.216596
-2.208901
-2.273540
-2.347884
-2.416496
-2.471596
-2.522927
-2.556532
-2.557122
-2.547710
-2.481819
-2.379267
-2.301708
-2.297541
-2.305773
-2.315011
-2.350174
-2.366441
-2.365664
-2.345842
-2.320216
-2.283793
-2.348275
-2.424754
-2.489918
-2.537183
-2.577736
-2.596607
-2.584451
-2.555475
-2.485744
-2.393969
-2.296849
-2.265481
-2.247001
-2.211295
-2.193897
-2.211853
-2.217383
-2.203021
-2.198339
-2.191673
-2.262591
-2.342372
-2.413728
-2.475168
-2.531079
-2.568874
-2.571599
-2.559643
-2.488351
-2.381760
-2.294758
-2.282100
-2.287050
-2.304426
-2.342199
-2.362515
-2.366357
-2.351088
-2.323625
-2.285399
-2.346604
-2.423047
-2.487352
-2.532721
-2.572695
-2.594456
-2.581542
-2.553384
-2.484650
-2.396281
-2.302411
-2.270334
-2.259362
-2.227021
-2.195872
-2.218205
-2.227508
-2.216044
-2.219080
-2.230066
-2.293238
-2.363986
-2.431638
-2.486582
-2.538250
-2.573056
-2.565968
-2.544629
-2.468364
-2.357841
-2.277036
-2.275449
-2.289105
-2.322076
-2.357070
-2.376969
-2.380475
-2.364166
-2.332489
-2.290507
-2.350420
-2.426437
-2.488333
-2.536340
-2.577698
-2.606120
-2.603280
-2.581266
-2.522832
-2.435766
-2.333318
-2.289645
-2.281943
-2.261693
-2.229895
-2.258243
-2.270912
-2.262701
-2.249419
-2.264969
-2.324353
-2.392439
-2.456807
-2.506054
-2.555312
-2.588504
-2.571552
-2.543092
-2.464586
-2.351236
-2.265142
-2.260988
-2.275418
-2.315214
-2.346432
-2.364582
-2.366689
-2.349242
-2.312397
-2.266141
-2.329373
-2.408989
-2.474811
-2.527822
-2.576558
-2.604137
-2.602802
-2.573858
-2.517071
-2.427192
-2.307733
-2.243737
-2.218773
-2.189738
-2.178875
-2.210814
-2.230224
-2.229032
-2.219407
-2.207051
-2.267115
-2.335569
-2.403817
-2.459307
-2.514052
-2.549201
-2.528457
-2.506548
-2.427984
-2.314453
-2.240603
-2.246303
-2.278160
-2.323350
-2.353003
-2.365315
-2.361536
-2.337950
-2.293840
-2.239097
-2.310360
-2.399232
-2.468562
-2.505748
-2.534440
-2.539619
-2.522952
-2.493042
-2.430183
-2.333737
-2.224750
-2.173248
-2.143905
-2.106606
-2.090516
-2.114500
-2.122709
-2.109666
-2.094289
-2.100707
-2.190143
-2.280841
-2.363884
-2.430425
-2.482409
-2.500319
-2.467248
-2.433215
-2.353846
-2.244108
-2.174006
-2.184820
-2.219097
-2.260022
-2.285586
-2.294303
-2.288032
-2.263232
-2.218610
-2.166586
-2.252586
-2.349483
-2.423550
-2.468616
-2.501267
-2.516653
-2.487787
-2.451254
-2.387483
-2.301629
-2.203053
-2.161471
-2.121258
-2.075478
-2.013100
-2.039238
-2.055001
-2.052084
-2.042715
-2.036707
-2.145244
-2.248473
-2.338670
-2.417996
-2.486050
-2.525730
-2.506902
-2.483160
-2.403938
-2.293276
-2.215366
-2.218734
-2.281270
-2.327337
-2.357746
-2.366987
-2.359937
-2.333378
-2.285292
-2.229950
-2.309726
-2.399297
-2.466717
-2.505497
-2.533426
-2.541726
-2.517160
-2.483356
-2.419579
-2.331587
-2.229149
-2.178286
-2.141203
-2.095298
-2.028683
-2.055709
-2.069826
-2.062999
-2.054954
-2.073214
-2.172814
-2.267650
-2.352751
-2.424086
-2.482890
-2.511724
-2.481705
-2.449349
-2.369441
-2.261282
-2.197838
-2.227238
-2.288900
-2.325269
-2.346838
-2.348344
-2.333876
-2.300385
-2.246986
-2.185983
-2.269445
-2.364533
-2.437031
-2.484861
-2.518355
-2.532103
-2.500453
-2.466533
-2.408310
-2.324039
-2.226132
-2.174936
-2.134039
-2.086466
-2.012996
-2.029689
-2.050124
-2.053769
-2.051362
-2.048805
-2.152801
-2.246591
-2.327930
-2.400141
-2.471877
-2.519338
-2.509581
-2.492054
-2.414026
-2.308098
-2.248616
-2.317597
-2.379624
-2.412920
-2.431985
-2.428398
-2.406196
-2.363245
-2.299676
-2.227244
-2.302089
-2.391598
-2.459580
-2.510288
-2.548700
-2.567327
-2.553640
-2.525504
-2.476032
-2.388038
-2.271799
-2.196768
-2.141818
-2.089617
-2.012016
-2.025668
-2.048480
-2.055195
-2.053006
-2.047618
-2.151561
-2.241290
-2.317488
-2.390462
-2.462607
-2.509874
-2.505123
-2.490664
-2.412491
-2.306505
-2.251681
-2.319497
-2.384997
-2.420507
-2.441327
-2.438805
-2.417445
-2.375577
-2.312568
-2.240940
-2.315322
-2.399599
-2.459836
-2.500182
-2.528552
-2.540456
-2.502517
-2.474473
-2.418967
-2.326400
-2.227838
-2.171000
-2.131999
-2.088510
-2.021664
-2.046946
-2.056700
-2.045942
-2.036450
-2.056541
-2.165385
-2.261775
-2.344652
-2.418859
-2.485082
-2.517776
-2.502687
-2.471313
-2.387596
-2.292056
-2.243634
-2.311851
-2.364438
-2.389820
-2.399962
-2.386692
-2.355034
-2.303363
-2.234018
-2.159406
-2.244526
-2.342451
-2.415023
-2.467898
-2.504469
-2.523581
-2.492221
-2.467482
-2.415952
-2.326962
-2.227969
-2.170289
-2.120904
-2.073285
-2.003261
-2.018114
-2.032135
-2.031559
-2.020884
-2.004743
-2.117101
-2.218044
-2.303457
-2.384466
-2.459731
-2.505605
-2.497479
-2.472972
-2.394680
-2.302451
-2.282365
-2.358270
-2.413655
-2.440323
-2.451181
-2.436429
-2.401681
-2.346358
-2.271124
-2.189928
-2.266240
-2.360510
-2.430587
-2.482174
-2.520669
-2.543508
-2.517423
-2.491321
-2.446875
-2.364576
-2.269522
-2.204460
-2.157071
-2.107160
-2.034962
-2.022293
-2.044022
-2.050901
-2.049760
-2.048836
-2.159862
-2.247449
-2.316544
-2.388518
-2.461753
-2.509210
-2.521854
-2.502463
-2.454261
-2.395138
-2.388041
-2.455862
-2.495331
-2.512088
-2.513141
-2.489779
-2.445211
-2.379023
-2.291893
-2.199765
-2.265946
-2.357661
-2.429793
-2.484233
-2.527092
-2.563435
-2.558489
-2.548572
-2.509840
-2.425646
-2.326472
-2.251100
-2.199085
-2.148963
-2.076798
-2.054338
-2.078167
-2.090750
-2.094248
-2.102710
-2.206165
-2.284558
-2.344470
-2.405031
-2.471855
-2.519303
-2.531769
-2.515329
-2.463623
-2.399885
-2.368571
-2.437071
-2.479391
-2.494520
-2.493315
-2.465492
-2.415617
-2.344414
-2.253851
-2.157768
-2.228557
-2.326087
-2.405365
-2.471297
-2.530082
-2.572580
-2.573071
-2.563698
-2.516324
-2.425085
-2.332950
-2.267506
-2.223316
-2.180447
-2.110358
-2.129399
-2.136477
-2.121768
-2.101342
-2.115317
-2.220707
-2.317063
-2.393548
-2.462096
-2.519020
-2.542790
-2.514352
-2.478090
-2.394283
-2.297389
-2.235155
-2.241805
-2.295179
-2.333229
-2.351053
-2.345617
-2.320920
-2.274866
-2.207995
-2.135747
-2.224111
-2.327081
-2.404915
-2.462224
-2.505378
-2.522038
-2.533608
-2.530221
-2.483663
-2.385052
-2.272829
-2.187297
-2.125006
-2.073472
-2.008712
-2.030574
-2.037087
-2.023243
-2.005280
-2.011452
-2.139257
-2.252316
-2.336730
-2.420492
-2.487189
-2.516011
-2.498653
-2.460840
-2.382871
-2.293503
-2.255512
-2.284567
-2.332024
-2.352599
-2.355428
-2.333295
-2.292202
-2.230742
-2.152273
-2.072031
-2.158580
-2.265703
-2.349138
-2.417387
-2.466093
-2.497012
-2.482744
-2.465013
-2.420563
-2.330492
-2.239565
-2.176989
-2.120763
-2.071505
-2.002004
-2.000014
-2.010628
-2.008182
-1.994118
-1.984405
-2.114349
-2.212566
-2.284516
-2.366029
-2.447611
-2.494932
-2.503125
-2.473500
-2.425151
-2.367131
-2.373989
-2.439063
-2.473316
-2.483201
-2.474640
-2.438551
-2.381261
-2.303548
-2.206529
-2.102376
-2.154492
-2.254806
-2.338938
-2.410339
-2.469296
-2.511280
-2.521255
-2.511041
-2.455705
-2.351089
-2.276137
-2.245558
-2.226652
-2.189517
-2.157898
-2.176762
-2.175213
-2.151474
-2.107788
-2.075110
-2.170740
-2.274576
-2.369667
-2.459697
-2.536037
-2.563630
-2.566407
-2.543324
-2.479764
-2.378103
-2.302205
-2.290505
-2.288802
-2.253483
-2.262394
-2.271971
-2.260042
-2.227889
-2.174014
-2.101355
-2.188158
-2.294099
-2.390045
-2.480616
-2.559937
-2.591236
-2.616946
-2.621614
-2.562254
-2.457768
-2.385337
-2.331084
-2.274267
-2.223565
-2.181906
-2.199122
-2.206023
-2.196838
-2.166056
-2.145504
-2.255289
-2.359506
-2.432464
-2.504818
-2.571216
-2.586453
-2.595676
-2.593434
-2.535121
-2.413015
-2.304466
-2.253985
-2.223279
-2.204414
-2.229557
-2.230898
-2.212779
-2.174789
-2.114868
-2.037477
-2.144668
-2.267834
-2.345710
-2.416975
-2.478995
-2.484663
-2.504100
-2.519423
-2.482778
-2.374386
-2.272418
-2.195713
-2.137902
-2.084854
-2.036243
-2.049701
-2.045318
-2.022549
-1.979007
-1.986702
-2.116514
-2.236573
-2.313132
-2.382792
-2.446350
-2.465618
-2.485945
-2.494780
-2.448512
-2.334634
-2.231222
-2.169501
-2.131581
-2.094850
-2.114567
-2.124881
-2.116420
-2.089003
-2.039655
-2.002322
-2.123784
-2.237715
-2.293409
-2.350226
-2.416460
-2.451971
-2.477411
-2.479662
-2.420344
-2.287495
-2.170505
-2.095865
-2.046863
-1.998985
-1.995328
-2.001874
-1.987919
-1.954314
-1.900041
-1.893388
-2.025144
-2.146279
-2.220696
-2.289280
-2.356966
-2.398844
-2.420091
-2.423891
-2.375242
-2.257110
-2.153383
-2.079374
-2.025123
-1.977661
-1.950964
-1.962820
-1.962815
-1.949372
-1.914102
-1.859150
-2.025189
-2.163879
-2.245111
-2.325924
-2.409775
-2.466650
-2.495678
-2.519470
-2.469697
-2.329917
-2.198251
-2.105099
-2.035939
-1.972440
-1.958601
-1.971052
-1.963989
-1.938547
-1.891988
-1.919189
-2.046132
-2.150002
-2.205566
-2.267418
-2.332440
-2.356027
-2.380779
-2.396247
-2.357427
-2.238789
-2.123647
-2.030297
-1.968083
-1.914892
-1.882432
-1.897865
-1.896958
-1.879676
-1.840477
-1.788730
-1.944356
-2.075066
-2.147419
-2.225071
-2.308083
-2.359395
-2.381732
-2.385033
-2.339750
-2.218876
-2.105112
-2.027763
-1.984981
-1.950528
-1.985275
-1.999697
-1.994419
-1.968841
-1.920573
-1.852763
-1.990618
-2.120210
-2.182996
-2.247920
-2.326240
-2.369824
-2.403637
-2.415666
-2.367309
-2.237738
-2.107706
-2.021929
-1.969759
-1.915743
-1.932900
-1.940636
-1.929539
-1.898219
-1.844174
-1.831584
-1.958883
-2.073364
-2.139370
-2.209133
-2.283724
-2.330686
-2.345774
-2.342949
-2.297837
-2.182633
-2.075509
-2.005961
-1.968208
-1.933677
-1.952769
-1.962468
-1.950930
-1.917722
-1.862443
-1.819539
-1.965468
-2.093109
-2.160151
-2.231091
-2.310401
-2.359757
-2.385235
-2.393049
-2.348764
-2.225048
-2.104754
-2.022752
-1.968361
-1.914726
-1.927815
-1.934989
-1.922198
-1.888851
-1.832970
-1.766515
-1.915579
-2.048225
-2.123216
-2.203937
-2.290331
-2.335118
-2.362583
-2.373221
-2.332280
-2.210121
-2.086550
-2.002199
-1.954700
-1.908765
-1.925486
-1.935414
-1.926701
-1.898267
-1.847252
-1.782382
-1.920556
-2.044465
-2.107851
-2.177586
-2.256412
-2.312981
-2.338585
-2.343038
-2.300562
-2.182024
-2.060733
-1.984164
-1.944798
-1.907885
-1.927998
-1.941688
-1.934261
-1.905908
-1.854725
-1.779036
-1.927383
-2.060947
-2.131900
-2.204372
-2.286032
-2.340398
-2.365150
-2.370592
-2.328021
-2.207134
-2.082310
-2.005899
-1.962227
-1.924729
-1.952778
-1.960998
-1.948140
-1.914238
-1.857175
-1.779841
-1.933028
-2.064195
-2.131715
-2.205635
-2.289405
-2.335283
-2.357202
-2.366100
-2.328087
-2.207144
-2.086874
-1.999577
-1.952958
-1.912496
-1.917740
-1.935869
-1.932705
-1.908182
-1.860394
-1.785840
-1.932698
-2.057959
-2.116807
-2.182110
-2.256513
-2.298050
-2.323559
-2.330567
-2.296980
-2.184474
-2.066787
-1.986072
-1.942703
-1.901098
-1.914753
-1.926891
-1.919802
-1.891260
-1.839073
-1.759944
-1.910228
-2.036396
-2.097930
-2.165283
-2.241012
-2.285212
-2.302908
-2.306584
-2.266762
-2.150191
-2.031535
-1.955919
-1.921915
-1.889352
-1.924343
-1.935579
-1.927577
-1.897285
-1.843195
-1.770467
-1.929541
-2.049091
-2.097859
-2.155007
-2.224069
-2.263376
-2.277538
-2.277842
-2.236929
-2.119884
-2.003686
-1.918086
-1.878608
-1.845572
-1.847909
-1.868649
-1.868847
-1.845683
-1.798315
-1.729668
-1.892695
-2.018129
-2.073698
-2.133563
-2.200071
-2.224718
-2.249678
-2.258801
-2.218847
-2.100334
-1.979157
-1.901373
-1.866720
-1.831174
-1.873657
-1.883370
-1.877113
-1.849134
-1.797545
-1.724523
-1.882284
-1.995726
-2.043146
-2.095575
-2.156835
-2.206096
-2.224920
-2.220367
-2.165025
-2.038052
-1.909003
-1.832957
-1.807102
-1.783709
-1.795247
-1.818035
-1.820557
-1.799798
-1.754986
-1.685126
-1.854241
-1.976621
-2.028862
-2.079608
-2.134026
-2.168920
-2.181032
-2.174790
-2.119633
-1.992179
-1.876429
-1.821136
-1.806410
-1.812600
-1.848715
-1.861350
-1.853419
-1.822345
-1.768129
-1.698655
-1.867669
-1.979473
-2.033705
-2.078182
-2.125827
-2.163949
-2.168579
-2.158181
-2.086212
-1.941512
-1.827927
-1.765668
-1.760728
-1.749588
-1.797990
-1.820719
-1.826471
-1.810109
-1.769745
-1.707444
-1.869802
-1.977119
-2.023619
-2.063184
-2.099638
-2.122796
-2.101646
-2.069484
-1.999570
-1.867023
-1.768624
-1.736385
-1.752866
-1.806001
-1.842753
-1.860886
-1.862163
-1.840212
-1.794115
-1.730380
-1.894350
-2.010018
-2.069888
-2.096902
-2.114120
-2.103803
-2.024521
-1.971128
-1.902729
-1.810975
-1.755483
-1.785078
-1.851398
-1.900816
-1.925980
-1.925852
-1.905561
-1.864216
-1.800649
-1.729830
-1.894405
-2.017252
-2.079813
-2.098129
-2.102512
-2.076744
-2.009233
-1.974409
-1.906393
-1.819191
-1.764860
-1.792808
-1.861141
-1.908386
-1.930314
-1.926185
-1.901400
-1.854097
-1.784558
-1.710991
-1.880932
-2.005468
-2.068249
-2.089314
-2.094724
-2.072934
-2.021550
-1.990903
-1.914252
-1.821915
-1.768538
-1.790526
-1.858371
-1.898842
-1.912866
-1.899972
-1.867207
-1.812699
-1.736610
-1.657838
-1.829181
-1.951708
-2.016567
-2.041707
-2.049238
-2.028885
-1.988707
-1.959760
-1.879445
-1.787660
-1.741027
-1.746501
-1.792709
-1.832992
-1.845011
-1.829724
-1.795757
-1.738597
-1.659306
-1.576110
-1.750819
-1.877393
-1.940033
-1.973171
-1.995407
-1.994696
-1.971007
-1.944788
-1.860686
-1.750256
-1.686941
-1.671350
-1.678628
-1.728612
-1.752876
-1.757369
-1.744086
-1.705819
-1.643948
-1.572652
-1.747234
-1.867530
-1.929336
-1.970768
-1.998060
-2.002299
-1.968626
-1.939906
-1.858552
-1.746460
-1.682201
-1.665706
-1.679083
-1.735428
-1.763496
-1.767470
-1.751488
-1.711416
-1.649520
-1.589889
-1.765665
-1.873413
-1.928115
-1.956674
-1.979414
-1.978049
-1.947101
-1.925349
-1.837733
-1.725606
-1.663994
-1.652779
-1.676102
-1.735859
-1.768227
-1.777549
-1.766646
-1.731566
-1.673490
-1.618533
-1.793706
-1.898777
-1.954698
-1.981777
-2.001057
-1.994649
-1.957761
-1.932867
-1.844155
-1.739054
-1.686024
-1.694935
-1.752955
-1.804349
-1.827450
-1.822913
-1.796985
-1.747937
-1.676529
-1.614382
-1.795262
-1.904177
-1.963084
-1.987174
-1.994160
-1.975344
-1.945600
-1.914118
-1.815560
-1.725723
-1.690763
-1.709611
-1.778020
-1.816152
-1.825098
-1.807478
-1.769541
-1.708793
-1.626561
-1.554146
-1.733959
-1.849872
-1.915981
-1.943193
-1.949590
-1.930675
-1.907338
-1.875745
-1.778154
-1.691969
-1.658183
-1.673288
-1.726929
-1.764258
-1.771285
-1.750885
-1.711243
-1.648491
-1.564528
-1.500494
-1.688349
-1.801214
-1.868300
-1.916686
-1.930015
-1.928179
-1.913619
-1.898132
-1.805481
-1.679546
-1.605699
-1.569084
-1.539892
-1.563898
-1.588312
-1.588461
-1.567369
-1.520709
-1.458076
-1.470545
-1.660778
-1.771772
-1.845153
-1.917982
-1.974268
-1.992380
-1.969808
-1.930929
-1.843696
-1.741032
-1.701004
-1.702798
-1.769612
-1.803297
-1.811546
-1.794893
-1.757505
-1.697757
-1.618915
-1.557024
-1.744368
-1.868853
-1.956524
-2.003031
-2.022596
-2.020111
-1.979964
-1.915296
-1.827003
-1.761112
-1.764902
-1.839760
-1.896072
-1.920274
-1.916294
-1.882332
-1.826060
-1.747341
-1.650547
-1.615777
-1.808623
-1.925003
-1.998804
-2.067160
-2.107596
-2.117371
-2.108905
-2.081262
-2.004025
-1.906891
-1.849360
-1.817607
-1.824405
-1.836176
-1.824051
-1.792038
-1.739995
-1.664827
-1.575130
-1.565974
-1.753667
-1.867350
-1.945351
-2.002809
-2.042906
-2.051799
-2.012738
-1.966311
-1.866678
-1.786994
-1.759591
-1.768082
-1.828438
-1.857969
-1.858606
-1.832919
-1.782655
-1.707753
-1.612568
-1.598581
-1.791912
-1.902680
-1.969350
-2.033181
-2.066100
-2.069479
-2.052827
-2.025616
-1.949108
-1.838311
-1.768498
-1.731424
-1.723378
-1.744189
-1.740556
-1.714950
-1.668057
-1.596112
-1.509202
-1.533492
-1.723708
-1.830392
-1.904458
-1.969329
-2.012352
-2.021430
-1.989141
-1.944563
-1.851379
-1.752509
-1.710656
-1.707724
-1.759687
-1.789418
-1.790864
-1.766140
-1.718036
-1.645163
-1.551792
-1.559405
-1.755085
-1.867435
-1.937957
-2.001066
-2.043437
-2.055782
-2.034708
-1.999269
-1.917571
-1.806846
-1.739871
-1.711639
-1.717712
-1.739541
-1.738107
-1.713382
-1.666575
-1.594970
-1.507596
-1.568123
-1.758438
-1.858029
-1.925695
-1.988459
-2.037687
-2.053835
-2.032988
-1.989381
-1.903689
-1.805354
-1.750652
-1.727861
-1.750363
-1.777921
-1.781232
-1.757618
-1.710228
-1.638943
-1.551844
-1.607527
-1.799334
-1.895117
-1.953461
-2.008610
-2.055823
-2.070151
-2.046189
-2.004313
-1.922987
-1.818364
-1.754517
-1.725313
-1.741363
-1.771729
-1.777046
-1.756851
-1.713295
-1.645737
-1.561150
-1.601435
-1.791456
-1.887926
-1.948429
-2.006845
-2.047502
-2.053366
-2.025002
-1.980458
-1.900878
-1.805470
-1.750590
-1.729572
-1.752115
-1.774882
-1.770395
-1.741924
-1.688913
-1.609957
-1.516521
-1.588987
-1.780754
-1.878309
-1.941194
-1.997428
-2.029579
-2.032491
-2.011853
-1.968559
-1.881676
-1.781109
-1.723925
-1.706925
-1.743283
-1.770511
-1.768927
-1.740333
-1.686148
-1.605010
-1.505668
-1.573943
-1.770116
-1.869142
-1.930418
-1.984530
-2.013161
-2.007442
-1.977452
-1.943507
-1.858432
-1.747197
-1.676293
-1.653761
-1.677619
-1.705061
-1.703019
-1.678313
-1.630475
-1.556779
-1.463928
-1.553105
-1.745057
-1.840997
-1.909874
-1.964743
-1.981579
-1.975852
-1.952341
-1.916157
-1.828595
-1.733286
-1.681195
-1.662336
-1.698829
-1.716391
-1.704623
-1.665107
-1.600603
-1.509135
-1.404957
-1.540941
-1.732873
-1.815916
-1.873157
-1.918988
-1.935142
-1.926438
-1.903980
-1.872915
-1.785081
-1.666667
-1.586647
-1.547869
-1.533193
-1.568436
-1.580879
-1.569922
-1.537808
-1.478573
-1.408562
-1.503834
-1.689447
-1.785542
-1.863377
-1.924110
-1.940026
-1.933989
-1.908622
-1.870376
-1.775124
-1.709952
-1.694439
-1.748692
-1.791394
-1.797201
-1.771158
-1.716508
-1.639254
-1.537822
-1.448647
-1.614440
-1.799127
-1.871936
-1.922232
-1.954789
-1.962162
-1.961700
-1.954935
-1.919023
-1.824888
-1.713194
-1.636896
-1.595229
-1.577517
-1.604881
-1.607888
-1.585161
-1.536638
-1.460425
-1.393083
-1.547333
-1.724248
-1.790903
-1.844748
-1.887120
-1.903257
-1.899239
-1.874498
-1.836025
-1.745456
-1.645519
-1.586219
-1.572102
-1.607956
-1.634317
-1.630592
-1.598194
-1.539514
-1.454541
-1.381464
-1.556022
-1.732650
-1.792084
-1.839503
-1.874346
-1.880749
-1.878859
-1.859404
-1.815699
-1.723986
-1.614885
-1.546177
-1.510140
-1.506630
-1.529334
-1.527042
-1.497019
-1.438709
-1.352196
-1.291999
-1.475955
-1.648723
-1.707205
-1.759530
-1.795866
-1.806028
-1.808854
-1.788779
-1.746353
-1.655285
-1.545318
-1.487928
-1.468960
-1.495308
-1.530957
-1.537758
-1.517221
-1.468572
-1.391774
-1.321678
-1.496120
-1.679589
-1.749327
-1.802051
-1.834248
-1.830012
-1.816240
-1.782081
-1.732919
-1.643799
-1.561272
-1.544846
-1.597291
-1.648919
-1.660599
-1.640044
-1.593370
-1.523856
-1.430969
-1.341616
-1.528512
-1.711333
-1.782214
-1.838891
-1.887292
-1.907535
-1.924741
-1.909964
-1.851582
-1.759126
-1.668220
-1.614468
-1.566160
-1.589113
-1.583368
-1.553056
-1.495922
-1.408834
-1.293217
-1.259346
-1.449684
-1.626286
-1.680622
-1.728708
-1.760254
-1.770607
-1.770826
-1.751446
-1.715342
-1.631197
-1.545320
-1.481169
-1.451022
-1.410704
-1.443974
-1.447925
-1.423810
-1.372635
-1.293895
-1.224557
-1.411935
-1.597520
-1.671914
-1.745550
-1.818698
-1.857507
-1.883515
-1.849927
-1.795600
-1.710441
-1.626099
-1.571922
-1.551476
-1.554668
-1.523902
-1.473963
-1.397973
-1.288893
-1.150200
-1.108745
-1.300856
-1.489979
-1.556868
-1.630870
-1.681242
-1.711046
-1.739526
-1.733144
-1.679590
-1.575022
-1.496717
-1.468952
-1.511917
-1.562176
-1.569391
-1.545562
-1.494859
-1.420864
-1.321324
-1.245903
-1.432394
-1.614847
-1.693193
-1.775842
-1.849645
-1.891685
-1.921044
-1.884466
-1.830942
-1.732969
-1.647527
-1.593769
-1.566952
-1.553985
-1.511174
-1.449735
-1.358623
-1.237877
-1.087978
-1.046677
-1.232124
-1.423307
-1.493093
-1.585959
-1.639540
-1.672298
-1.704361
-1.720922
-1.690668
-1.591446
-1.506070
-1.452332
-1.423950
-1.468428
-1.489839
-1.483661
-1.445928
-1.376908
-1.276882
-1.200507
-1.383281
-1.574447
-1.678604
-1.778510
-1.853353
-1.892560
-1.914951
-1.914898
-1.893118
-1.804640
-1.687744
-1.595285
-1.528571
-1.428169
-1.432791
-1.415651
-1.366177
-1.286798
-1.176423
-1.127208
-1.315384
-1.496833
-1.520268
-1.582125
-1.625706
-1.647827
-1.661398
-1.661893
-1.649652
-1.564820
-1.491551
-1.438953
-1.422852
-1.411704
-1.460389
-1.484790
-1.477688
-1.438209
-1.367077
-1.285948
-1.448817
-1.635340
-1.745529
-1.842737
-1.919890
-1.958899
-1.971161
-1.964775
-1.935356
-1.855999
-1.785320
-1.741602
-1.728416
-1.736481
-1.710392
-1.658801
-1.579021
-1.471688
-1.336913
-1.285031
-1.473586
-1.655769
-1.702246
-1.748468
-1.768601
-1.775955
-1.778230
-1.769563
-1.720669
-1.635602
-1.548029
-1.488320
-1.459212
-1.447482
-1.474669
-1.473997
-1.441540
-1.378535
-1.283742
-1.221747
-1.409086
-1.601887
-1.704090
-1.799153
-1.859912
-1.882528
-1.892302
-1.884392
-1.877812
-1.788904
-1.678586
-1.593389
-1.523233
-1.423288
-1.408916
-1.374854
-1.314379
-1.221835
-1.097086
-1.067189
-1.254501
-1.437236
-1.486066
-1.550429
-1.599395
-1.636876
-1.675320
-1.682673
-1.645183
-1.558064
-1.480641
-1.432104
-1.401744
-1.424700
-1.447304
-1.442683
-1.405413
-1.335871
-1.235076
-1.230523
-1.425902
-1.605373
-1.693155
-1.772352
-1.834574
-1.868490
-1.894946
-1.885950
-1.858990
-1.771815
-1.664835
-1.583836
-1.517309
-1.476032
-1.475453
-1.451819
-1.397141
-1.311117
-1.195575
-1.212303
-1.404274
-1.567056
-1.582759
-1.622555
-1.649297
-1.661045
-1.656857
-1.640946
-1.605383
-1.521017
-1.450541
-1.431746
-1.477535
-1.530624
-1.542362
-1.525078
-1.477945
-1.401221
-1.294760
-1.258620
-1.455718
-1.640382
-1.736040
-1.829243
-1.890048
-1.910583
-1.924350
-1.923733
-1.920740
-1.835976
-1.719191
-1.629594
-1.542076
-1.505500
-1.466710
-1.407894
-1.319388
-1.199312
-1.051201
-1.071389
-1.265059
-1.424538
-1.458517
-1.513297
-1.552712
-1.579931
-1.595694
-1.593668
-1.551089
-1.476170
-1.405456
-1.362993
-1.292146
-1.334094
-1.335452
-1.305704
-1.246213
-1.155767
-1.033664
-1.079083
-1.270049
-1.440222
-1.514593
-1.599097
-1.648194
-1.671450
-1.698368
-1.725210
-1.726704
-1.648297
-1.575900
-1.518115
-1.480469
-1.396687
-1.306065
-1.160853
-1.139581
-1.074368
-0.974544
-1.020789
-1.212704
-1.378866
-1.434613
-1.498819
-1.540341
-1.569978
-1.602909
-1.621784
-1.598837
-1.525684
-1.454144
-1.400342
-1.317741
-1.355216
-1.359366
-1.332749
-1.277359
-1.187878
-1.065340
-1.111692
-1.302117
-1.458288
-1.519456
-1.592827
-1.645439
-1.676037
-1.713973
-1.735550
-1.726026
-1.627942
-1.548289
-1.482451
-1.419414
-1.415666
-1.422423
-1.404769
-1.356366
-1.274426
-1.163242
-1.197422
-1.391701
-1.557051
-1.612758
-1.668753
-1.701570
-1.720646
-1.737505
-1.735795
-1.696080
-1.619805
-1.540893
-1.510416
-1.512958
-1.543989
-1.533099
-1.495571
-1.429912
-1.336190
-1.212039
-1.257179
-1.446570
-1.594329
-1.639284
-1.703600
-1.746032
-1.772516
-1.800214
-1.800231
-1.769929
-1.675175
-1.589477
-1.529685
-1.459623
-1.477052
-1.449871
-1.398095
-1.319088
-1.202622
-1.055595
-1.083188
-1.276612
-1.436341
-1.483392
-1.550313
-1.599908
-1.628668
-1.651619
-1.661343
-1.618403
-1.545309
-1.464177
-1.420721
-1.318737
-1.352630
-1.334145
-1.292987
-1.222703
-1.117686
-0.984150
-1.025996
-1.218858
-1.369125
-1.415994
-1.491261
-1.553528
-1.609150
-1.676159
-1.705428
-1.685376
-1.613822
-1.524618
-1.473253
-1.420819
-1.427705
-1.396464
-1.344225
-1.263501
-1.147073
-0.999626
-1.033171
-1.229706
-1.406662
-1.471487
-1.552207
-1.624396
-1.689614
-1.751982
-1.763650
-1.732363
-1.644430
-1.573892
-1.522156
-1.519266
-1.514684
-1.472405
-1.407372
-1.314532
-1.182849
-1.023521
-1.055814
-1.248054
-1.410949
-1.459230
-1.532089
-1.590870
-1.633412
-1.667609
-1.683448
-1.634252
-1.562731
-1.488551
-1.455672
-1.406974
-1.413375
-1.383671
-1.333609
-1.252875
-1.128716
-0.966412
-0.996514
-1.192899
-1.375881
-1.452209
-1.535775
-1.602937
-1.661404
-1.731028
-1.756098
-1.729306
-1.645654
-1.583825
-1.533830
-1.411288
-1.410346
-1.370481
-1.310384
-1.219267
-1.083962
-0.920978
-1.005190
-1.199984
-1.378698
-1.458356
-1.543615
-1.607117
-1.650948
-1.700281
-1.714797
-1.684383
-1.612174
-1.544891
-1.479283
-1.539177
-1.528335
-1.484918
-1.417399
-1.319870
-1.190960
-1.022125
-1.046548
-1.242507
-1.416735
-1.493462
-1.582715
-1.653703
-1.715387
-1.777889
-1.802843
-1.777005
-1.685243
-1.611019
-1.551268
-1.467926
-1.461639
-1.415922
-1.348890
-1.252494
-1.116500
-0.948986
-1.002420
-1.196051
-1.365640
-1.440526
-1.528352
-1.593595
-1.642401
-1.692039
-1.713591
-1.681246
-1.602717
-1.530749
-1.458318
-1.518938
-1.509750
-1.465635
-1.397762
-1.302801
-1.175562
-1.008784
-1.034063
-1.229587
-1.405986
-1.489401
-1.584290
-1.660649
-1.719979
-1.782436
-1.817668
-1.808572
-1.717739
-1.632745
-1.572008
-1.505010
-1.358776
-1.342983
-1.307592
-1.240075
-1.134696
-0.998052
-1.100652
-1.296986
-1.413508
-1.465990
-1.541369
-1.607488
-1.661281
-1.693952
-1.671860
-1.606867
-1.551520
-1.552136
-1.617911
-1.652349
-1.624275
-1.559051
-1.469294
-1.351364
-1.179652
-0.982073
-1.079589
-1.277619
-1.414601
-1.490947
-1.586902
-1.660125
-1.707395
-1.745985
-1.773725
-1.766327
-1.678401
-1.613400
-1.564980
-1.517668
-1.368294
-1.187942
-1.112792
-1.028768
-0.891208
-0.888000
-1.049075
-1.250217
-1.381015
-1.472357
-1.548057
-1.584285
-1.607358
-1.637275
-1.647348
-1.599338
-1.522002
-1.494044
-1.527857
-1.551763
-1.511884
-1.441061
-1.343469
-1.213984
-1.023980
-0.891819
-1.048577
-1.249278
-1.385804
-1.466802
-1.561377
-1.630349
-1.665805
-1.683206
-1.702160
-1.715362
-1.637473
-1.568757
-1.523991
-1.494886
-1.406345
-1.262071
-1.066891
-0.962582
-0.887427
-0.888000
-1.050814
-1.252682
-1.415208
-1.483814
-1.539477
-1.580937
-1.633610
-1.717274
-1.752838
-1.709545
-1.639859
-1.625503
-1.690781
-1.717415
-1.683777
-1.611118
-1.508333
-1.371662
-1.183432
-0.982096
-1.084037
-1.283495
-1.417383
-1.488055
-1.577705
-1.658278
-1.724533
-1.782912
-1.834755
-1.855956
-1.764622
-1.659291
-1.592975
-1.548143
-1.481605
-1.377510
-1.203127
-1.170257
-1.105963
-1.006518
-1.124150
-1.318591
-1.422462
-1.486281
-1.570957
-1.635976
-1.691808
-1.755459
-1.776253
-1.763261
-1.672059
-1.615264
-1.571576
-1.600226
-1.565464
-1.501027
-1.406848
-1.280278
-1.118735
-0.920712
-1.039367
-1.236969
-1.360815
-1.437743
-1.535976
-1.608896
-1.663263
-1.728731
-1.780513
-1.781473
-1.709790
-1.639643
-1.582259
-1.529725
-1.375764
-1.294186
-1.262857
-1.197383
-1.087278
-0.939063
-1.048385
-1.243833
-1.380272
-1.454564
-1.532353
-1.587094
-1.642990
-1.725347
-1.777871
-1.730999
-1.646294
-1.580003
-1.491208
-1.522558
-1.485485
-1.415528
-1.316011
-1.177471
-0.987882
-0.888000
-1.045693
-1.246261
-1.379292
-1.461153
-1.535222
-1.573494
-1.598232
-1.660535
-1.724711
-1.718203
-1.641996
-1.582169
-1.539746
-1.500544
-1.321201
-1.334540
-1.295765
-1.230784
-1.120995
-0.982362
-1.092595
-1.289894
-1.445122
-1.531755
-1.606478
-1.660399
-1.722746
-1.822162
-1.880325
-1.852707
-1.765396
-1.715676
-1.679657
-1.703360
-1.663158
-1.589980
-1.486951
-1.347706
-1.168777
-0.967396
-1.067386
-1.264121
-1.403180
-1.492535
-1.584706
-1.644482
-1.681117
-1.744426
-1.813069
-1.814983
-1.724143
-1.644078
-1.582187
-1.563820
-1.473828
-1.446089
-1.390936
-1.299008
-1.160612
-0.992963
-1.095659
-1.292126
-1.445951
-1.533848
-1.612058
-1.664364
-1.715436
-1.800816
-1.868900
-1.844052
-1.743830
-1.673985
-1.598856
-1.625760
-1.596200
-1.532848
-1.438858
-1.311774
-1.141555
-0.940866
-1.040786
-1.237097
-1.375694
-1.463966
-1.555026
-1.612978
-1.657716
-1.732324
-1.809173
-1.824056
-1.743111
-1.660961
-1.592954
-1.569189
-1.402156
-1.398243
-1.364414
-1.292102
-1.178125
-1.028075
-1.133095
-1.327600
-1.446974
-1.516742
-1.594476
-1.656692
-1.715615
-1.796175
-1.831705
-1.785677
-1.708716
-1.675999
-1.656320
-1.681890
-1.642833
-1.567060
-1.457732
-1.312631
-1.119288
-0.918301
-1.043324
-1.243654
-1.371201
-1.451350
-1.535722
-1.597205
-1.644227
-1.708794
-1.771786
-1.811663
-1.741114
-1.654958
-1.593548
-1.546453
-1.504510
-1.402403
-1.223081
-1.200039
-1.119383
-1.006144
-1.070220
-1.259856
-1.404270
-1.465747
-1.530258
-1.583170
-1.646049
-1.747639
-1.819081
-1.813041
-1.720398
-1.664888
-1.602753
-1.626755
-1.587599
-1.512877
-1.406993
-1.257626
-1.065108
-0.887999
-1.008316
-1.207269
-1.376904
-1.466439
-1.552273
-1.607222
-1.633207
-1.700860
-1.776605
-1.788929
-1.703234
-1.629761
-1.575420
-1.583713
-1.485306
-1.470898
-1.426477
-1.345681
-1.215434
-1.055072
-1.088781
-1.282214
-1.439555
-1.522964
-1.598226
-1.650743
-1.697518
-1.779937
-1.861029
-1.886361
-1.819942
-1.720646
-1.647836
-1.549207
-1.531286
-1.473815
-1.389715
-1.270090
-1.104262
-0.905578
-1.006717
-1.203285
-1.368949
-1.448490
-1.530954
-1.590117
-1.626490
-1.693087
-1.769457
-1.769024
-1.705159
-1.610390
-1.552529
-1.478530
-1.471910
-1.420516
-1.340020
-1.222537
-1.054359
-0.888000
-1.006626
-1.205639
-1.367255
-1.453050
-1.530074
-1.579577
-1.619089
-1.700129
-1.788448
-1.830730
-1.769717
-1.669000
-1.592562
-1.541878
-1.438088
-1.418916
-1.372582
-1.290869
-1.160073
-0.988158
-1.006233
-1.199823
-1.371562
-1.456202
-1.542836
-1.615922
-1.684767
-1.780245
-1.862022
-1.866038
-1.770435
-1.697209
-1.629777
-1.658785
-1.635466
-1.574146
-1.481384
-1.349988
-1.167382
-0.965958
-0.991966
-1.188597
-1.348209
-1.423784
-1.503561
-1.573191
-1.633625
-1.719290
-1.805790
-1.859062
-1.800438
-1.695201
-1.615736
-1.588181
-1.459753
-1.447899
-1.407212
-1.330946
-1.202696
-1.030618
-1.051974
-1.245852
-1.393665
-1.462367
-1.534761
-1.593837
-1.653000
-1.749812
-1.843564
-1.890021
-1.818584
-1.725284
-1.660514
-1.602397
-1.589098
-1.533101
-1.447766
-1.330633
-1.166140
-0.966180
-0.967025
-1.165688
-1.353161
-1.443441
-1.516108
-1.577840
-1.650637
-1.753428
-1.842883
-1.889495
-1.834131
-1.715316
-1.622313
-1.557667
-1.451930
-1.422634
-1.365404
-1.273172
-1.136006
-0.957135
-0.962803
-1.159548
-1.340527
-1.408162
-1.492743
-1.566232
-1.623374
-1.705351
-1.795636
-1.832005
-1.750216
-1.653526
-1.578865
-1.486787
-1.486814
-1.436210
-1.356665
-1.240803
-1.075994
-0.887996
-0.967437
-1.165523
-1.342953
-1.423557
-1.501632
-1.561110
-1.614763
-1.704307
-1.798862
-1.868747
-1.819592
-1.701671
-1.608071
-1.513711
-1.473916
-1.433898
-1.366448
-1.261992
-1.101527
-0.904080
-0.966695
-1.164041
-1.355692
-1.443396
-1.526427
-1.590037
-1.637290
-1.710063
-1.797352
-1.838462
-1.774856
-1.680749
-1.612123
-1.518106
-1.515520
-1.465188
-1.385862
-1.270308
-1.101056
-0.899733
-0.970290
-1.169107
-1.343356
-1.403283
-1.461574
-1.510262
-1.567088
-1.658026
-1.747201
-1.812862
-1.761431
-1.665369
-1.591978
-1.526294
-1.358364
-1.353661
-1.318309
-1.246420
-1.119542
-0.949410
-0.964039
-1.159086
-1.351676
-1.432107
-1.501729
-1.562787
-1.630398
-1.733518
-1.830383
-1.882868
-1.814764
-1.716999
-1.631018
-1.585085
-1.554834
-1.480143
-1.374044
-1.225458
-1.029471
-0.889383
-0.992673
-1.189357
-1.347103
-1.384820
-1.436906
-1.477938
-1.523664
-1.608939
-1.695564
-1.753470
-1.724312
-1.632621
-1.548241
-1.439521
-1.340987
-1.312153
-1.253276
-1.161588
-1.013041
-0.888000
-0.940389
-1.133595
-1.325973
-1.402444
-1.474569
-1.531834
-1.576431
-1.657609
-1.757935
-1.841934
-1.802917
-1.713258
-1.629451
-1.546429
-1.390492
-1.380368
-1.334537
-1.251244
-1.113621
-0.926621
-0.930423
-1.124835
-1.322810
-1.400992
-1.465303
-1.518973
-1.597335
-1.716994
-1.823470
-1.896463
-1.839710
-1.737599
-1.663780
-1.601826
-1.578641
-1.509100
-1.408627
-1.276079
-1.088327
-0.888000
-0.947708
-1.142797
-1.321898
-1.368488
-1.428705
-1.488822
-1.544187
-1.615788
-1.703926
-1.770570
-1.744904
-1.660913
-1.596721
-1.543495
-1.477855
-1.300537
-1.188974
-1.138656
-1.024971
-0.887999
-0.930314
-1.122992
-1.325508
-1.424206
-1.504116
-1.568186
-1.625738
-1.715644
-1.820332
-1.869391
-1.811523
-1.751674
-1.706650
-1.742049
-1.705475
-1.619255
-1.496698
-1.333387
-1.134375
-0.937537
-0.948135
-1.150367
-1.353713
-1.460887
-1.530969
-1.586292
-1.634293
-1.715011
-1.812525
-1.910397
-1.882605
-1.802654
-1.696965
-1.623568
-1.522981
-1.487925
-1.422053
-1.322590
-1.168632
-0.970541
-0.930295
-1.122688
-1.318773
-1.380166
-1.443500
-1.504932
-1.561788
-1.632779
-1.720147
-1.808239
-1.796769
-1.713206
-1.631937
-1.556968
-1.464873
-1.268309
-1.246691
-1.188855
-1.074859
-0.894621
-0.930265
-1.119903
-1.313667
-1.367072
-1.426671
-1.484897
-1.551102
-1.646881
-1.757331
-1.861601
-1.840141
-1.753299
-1.650934
-1.545954
-1.424656
-1.383312
-1.313081
-1.185966
-1.013976
-0.888000
-0.901014
-1.091560
-1.292391
-1.355184
-1.402751
-1.445890
-1.498727
-1.557416
-1.637727
-1.691824
-1.699003
-1.621830
-1.540376
-1.451940
-1.286281
-1.252693
-1.191258
-1.080357
-0.921149
-0.888000
-0.913059
-1.104180
-1.304199
-1.358877
-1.400046
-1.436620
-1.492129
-1.592595
-1.693503
-1.769230
-1.726050
-1.640241
-1.566273
-1.488918
-1.357606
-1.326882
-1.268019
-1.160843
-1.008047
-0.888000
-0.905251
-1.096913
-1.293670
-1.351265
-1.396868
-1.444951
-1.510573
-1.617140
-1.726215
-1.809593
-1.775838
-1.683072
-1.607230
-1.520930
-1.445576
-1.379675
-1.340530
-1.256197
-1.126704
-0.933261
-0.888000
-1.082179
-1.285226
-1.367690
-1.436477
-1.502787
-1.571180
-1.670873
-1.784226
-1.899942
-1.892149
-1.815920
-1.697368
-1.615286
-1.509228
-1.452581
-1.371225
-1.241417
-1.066959
-0.887999
-0.907048
-1.103932
-1.306148
-1.373215
-1.424348
-1.473600
-1.530495
-1.619850
-1.716879
-1.797198
-1.779940
-1.681316
-1.586857
-1.492960
-1.363888
-1.327029
-1.263608
-1.147488
-0.987054
-0.888000
-0.919548
-1.112998
-1.315595
-1.373172
-1.420384
-1.475560
-1.545046
-1.637761
-1.741258
-1.820547
-1.820217
-1.726385
-1.621769
-1.559706
-1.452558
-1.411431
-1.344931
-1.232638
-1.079247
-0.887998
-0.902278
-1.098975
-1.302436
-1.387532
-1.452023
-1.521515
-1.595205
-1.680481
-1.778455
-1.866017
-1.871736
-1.775862
-1.670574
-1.524820
-1.510595
-1.439046
-1.336998
-1.194969
-1.000009
-0.889109
-0.916008
-1.090593
-1.288907
-1.345168
-1.375470
-1.403887
-1.456510
-1.558189
-1.660132
-1.731629
-1.737675
-1.655999
-1.572066
-1.486934
-1.305969
-1.268414
-1.199700
-1.086752
-0.924729
-0.888000
-0.901233
-1.065141
-1.265540
-1.342268
-1.387829
-1.432430
-1.491155
-1.595451
-1.711657
-1.797552
-1.798643
-1.703565
-1.616551
-1.540499
-1.410611
-1.376540
-1.301646
-1.192041
-1.032650
-0.888000
-0.897405
-1.054652
-1.255854
-1.360125
-1.419325
-1.474901
-1.534855
-1.611152
-1.706618
-1.785468
-1.813591
-1.715565
-1.625539
-1.487002
-1.477756
-1.407899
-1.308242
-1.167797
-0.981081
-0.888000
-0.914551
-1.090385
-1.290582
-1.356304
-1.383375
-1.410376
-1.450717
-1.549004
-1.651751
-1.723535
-1.730036
-1.658795
-1.586046
-1.501359
-1.327619
-1.250164
-1.188225
-1.085650
-0.922051
-0.888000
-0.892326
-1.048185
-1.248515
-1.329892
-1.367325
-1.407747
-1.462857
-1.555399
-1.659073
-1.730356
-1.738431
-1.665695
-1.602487
-1.539930
-1.461141
-1.280549
-1.229204
-1.166740
-1.054675
-0.887997
-0.888274
-1.041885
-1.242823
-1.364679
-1.436210
-1.502924
-1.576729
-1.682755
-1.795998
-1.901482
-1.909206
-1.854786
-1.763278
-1.699381
-1.636496
-1.586960
-1.501678
-1.363929
-1.184627
-0.983081
-0.896109
-1.061489
-1.263453
-1.369716
-1.417845
-1.461717
-1.517394
-1.596853
-1.689812
-1.766057
-1.797822
-1.720217
-1.620616
-1.512559
-1.335644
-1.302882
-1.220080
-1.101023
-0.936146
-0.888000
-0.890711
-1.022336
-1.217661
-1.296845
-1.332099
-1.365566
-1.416234
-1.528351
-1.639715
-1.703780
-1.700907
-1.635953
-1.572752
-1.509723
-1.398907
-1.270689
-1.225776
-1.145768
-1.009241
-0.888000
-0.889643
-1.008477
-1.206152
-1.332133
-1.394924
-1.451327
-1.515046
-1.622642
-1.737719
-1.834161
-1.853865
-1.804603
-1.703075
-1.598691
-1.583432
-1.505409
-1.447390
-1.354860
-1.218317
-1.025611
-0.888000
-1.008857
-1.205919
-1.331021
-1.385869
-1.434562
-1.492649
-1.592213
-1.703271
-1.784658
-1.807982
-1.724536
-1.630639
-1.532193
-1.464266
-1.374158
-1.306272
-1.203574
-1.047809
-0.888000
-0.890962
-1.022495
-1.220250
-1.328665
-1.370331
-1.411144
-1.461285
-1.548637
-1.655541
-1.735765
-1.762975
-1.688012
-1.613973
-1.539251
-1.441153
-1.294776
-1.247323
-1.166923
-1.032654
-0.888000
-0.890232
-1.010912
-1.207717
-1.328929
-1.376946
-1.419553
-1.469375
-1.571865
-1.686840
-1.773690
-1.799399
-1.734748
-1.648774
-1.555188
-1.498682
-1.397199
-1.341391
-1.253461
-1.115957
-0.922896
-0.888539
-1.012553
-1.210323
-1.332261
-1.380100
-1.422792
-1.474018
-1.570468
-1.682701
-1.766751
-1.798500
-1.712488
-1.620332
-1.521978
-1.446805
-1.391257
-1.321634
-1.218634
-1.067752
-0.887999
-0.891281
-1.028015
-1.225037
-1.340047
-1.382064
-1.418155
-1.461642
-1.567052
-1.682947
-1.764824
-1.786499
-1.706393
-1.625819
-1.543586
-1.452405
-1.353649
-1.297058
-1.206921
-1.063547
-0.887999
-0.888000
-0.980296
-1.175043
-1.306268
-1.358059
-1.394209
-1.439043
-1.549477
-1.671023
-1.755593
-1.778531
-1.699775
-1.619986
-1.533248
-1.454538
-1.363850
-1.300607
-1.205155
-1.057220
-0.888000
-0.888000
-0.982717
-1.178431
-1.313219
-1.358967
-1.394047
-1.436032
-1.536731
-1.657493
-1.743395
-1.774693
-1.695046
-1.611545
-1.524450
-1.448879
-1.366801
-1.301336
-1.203520
-1.052190
-0.888000
-0.888000
-0.987380
-1.182838
-1.311646
-1.351882
-1.383995
-1.423855
-1.524987
-1.646417
-1.732832
-1.767290
-1.691989
-1.617519
-1.541617
-1.436441
-1.319691
-1.257777
-1.160435
-1.003089
-0.888000
-0.888000
-0.974543
-1.170763
-1.309271
-1.362707
-1.389593
-1.421849
-1.517259
-1.634062
-1.716177
-1.745583
-1.676193
-1.607365
-1.532739
-1.433164
-1.318289
-1.267493
-1.182730
-1.043458
-0.888000
-0.888000
-0.972786
-1.167926
-1.316967
-1.371104
-1.402368
-1.437430
-1.554942
-1.682756
-1.770983
-1.798813
-1.713397
-1.631804
-1.551396
-1.488623
-1.417193
-1.351485
-1.251044
-1.098290
-0.898480
-0.888000
-0.990388
-1.187662
-1.327855
-1.371368
-1.395154
-1.428141
-1.514987
-1.628770
-1.712362
-1.758093
-1.689687
-1.616799
-1.539443
-1.434940
-1.285446
-1.237237
-1.152887
-1.011322
-0.888000
-0.888000
-0.973295
-1.169207
-1.325460
-1.382002
-1.407479
-1.434706
-1.543983
-1.670000
-1.757788
-1.783652
-1.702530
-1.624118
-1.544459
-1.469455
-1.398609
-1.335248
-1.236065
-1.098698
-0.904256
-0.888000
-0.983313
-1.178423
-1.336814
-1.380620
-1.407468
-1.440363
-1.561015
-1.699844
-1.786104
-1.796974
-1.703740
-1.608738
-1.528761
-1.448005
-1.400131
-1.298782
-1.169519
-0.984558
-0.888000
-0.888000
-0.967891
-1.164848
-1.331566
-1.387131
-1.403392
-1.426975
-1.500475
-1.609344
-1.679254
-1.736452
-1.666046
-1.599500
-1.547750
-1.482002
-1.396655
-1.194830
-1.133240
-1.020498
-0.887982
-0.888000
-0.930700
-1.132116
-1.331475
-1.411839
-1.457804
-1.498665
-1.593874
-1.722444
-1.828435
-1.879601
-1.833659
-1.752057
-1.681471
-1.658542
-1.606826
-1.503548
-1.368250
-1.176536
-0.974793
-0.888110
-0.974059
-1.171965
-1.335292
-1.376981
-1.389375
-1.418888
-1.490052
-1.603424
-1.679816
-1.743631
-1.705288
-1.638243
-1.574065
-1.491771
-1.383385
-1.181827
-1.056730
-0.960642
-0.888000
-0.888000
-0.953058
-1.149000
-1.345849
-1.412825
-1.460830
-1.523470
-1.678606
-1.836110
-1.928362
-1.908296
-1.833495
-1.775052
-1.745052
-1.730747
-1.664450
-1.550732
-1.407581
-1.206848
-1.005217
-0.888679
-0.972890
-1.174703
-1.351741
-1.403770
-1.429240
-1.474295
-1.553026
-1.671499
-1.760470
-1.842327
-1.825561
-1.733495
-1.646469
-1.552255
-1.438604
-1.275966
-1.212869
-1.120453
-0.961685
-0.888000
-0.943145
-1.139141
-1.340426
-1.432949
-1.501825
-1.585042
-1.741359
-1.896865
-2.001298
-1.994660
-1.927111
-1.875080
-1.819736
-1.802738
-1.729140
-1.609397
-1.458540
-1.256302
-1.054700
-0.888000
-0.948915
-1.149735
-1.321892
-1.386700
-1.425831
-1.480794
-1.576362
-1.707729
-1.807902
-1.894601
-1.893153
-1.797957
-1.691870
-1.580440
-1.433930
-1.364132
-1.281033
-1.135970
-0.942962
-0.888000
-0.902347
-1.098425
-1.296033
-1.383320
-1.428149
-1.480194
-1.546106
-1.659336
-1.752057
-1.840220
-1.839704
-1.745954
-1.656905
-1.564925
-1.448363
-1.396762
-1.316693
-1.180960
-0.995763
-0.888000
-0.921303
-1.117141
-1.317165
-1.399522
-1.442884
-1.492271
-1.586375
-1.716375
-1.815505
-1.898717
-1.848367
-1.748579
-1.659512
-1.568871
-1.547833
-1.470033
-1.364770
-1.196229
-0.994464
-0.888000
-0.913134
-1.112306
-1.285597
-1.334923
-1.364783
-1.411961
-1.519608
-1.664695
-1.751244
-1.824293
-1.775042
-1.686802
-1.617742
-1.538687
-1.424003
-1.365078
-1.285456
-1.152977
-0.965913
-0.888000
-0.930912
-1.124086
-1.306495
-1.356555
-1.378214
-1.413196
-1.541439
-1.697468
-1.788679
-1.837934
-1.750626
-1.661455
-1.591940
-1.506732
-1.487003
-1.416156
-1.312319
-1.148843
-0.947778
-0.888000
-0.913565
-1.112728
-1.304976
-1.361201
-1.378783
-1.405878
-1.473870
-1.599072
-1.686307
-1.748761
-1.692604
-1.625211
-1.568026
-1.491967
-1.386266
-1.229037
-1.185626
-1.086929
-0.932927
-0.888000
-0.923164
-1.125508
-1.328947
-1.423554
-1.466521
-1.522118
-1.666356
-1.834434
-1.947556
-1.972797
-1.898360
-1.832381
-1.779853
-1.779291
-1.720845
-1.610490
-1.470634
-1.270977
-1.069378
-0.887999
-0.941654
-1.143803
-1.340822
-1.399927
-1.422092
-1.453447
-1.540644
-1.682764
-1.785594
-1.872303
-1.838620
-1.740733
-1.650147
-1.551010
-1.420989
-1.367601
-1.269756
-1.124325
-0.928031
-0.888000
-0.901336
-1.067312
-1.260674
-1.330653
-1.350007
-1.379075
-1.442101
-1.573405
-1.675592
-1.757120
-1.733199
-1.660154
-1.595984
-1.517488
-1.409425
-1.286814
-1.219669
-1.107199
-0.935493
-0.888000
-0.911485
-1.086820
-1.285815
-1.393121
-1.431555
-1.465846
-1.582113
-1.739489
-1.853246
-1.911594
-1.830546
-1.753798
-1.686547
-1.671167
-1.628827
-1.530846
-1.397138
-1.211226
-1.009370
-0.888000
-0.919539
-1.104152
-1.304352
-1.373404
-1.384651
-1.399536
-1.452683
-1.579338
-1.677739
-1.759538
-1.759069
-1.686445
-1.616740
-1.532976
-1.419053
-1.217499
-1.107548
-1.001221
-0.887998
-0.888000
-0.896493
-1.059172
-1.260765
-1.379687
-1.435909
-1.484506
-1.592832
-1.748958
-1.870278
-1.925060
-1.853297
-1.785193
-1.739798
-1.728931
-1.683513
-1.583175
-1.444854
-1.260500
-1.054867
-0.888000
-0.912907
-1.093017
-1.296590
-1.416222
-1.449630
-1.478369
-1.525702
-1.630401
-1.723329
-1.809782
-1.809843
-1.722389
-1.626041
-1.507920
-1.415949
-1.351075
-1.244715
-1.092571
-0.890725
-0.888000
-0.904907
-1.076145
-1.274208
-1.353957
-1.361960
-1.378542
-1.440171
-1.566436
-1.668165
-1.749671
-1.727524
-1.652621
-1.593263
-1.518724
-1.405923
-1.360352
-1.280213
-1.152899
-0.973800
-0.888000
-0.910059
-1.091724
-1.296361
-1.411409
-1.443539
-1.463576
-1.514448
-1.641454
-1.758427
-1.860723
-1.825927
-1.747289
-1.668463
-1.580041
-1.582307
-1.510450
-1.391946
-1.234983
-1.038826
-0.888000
-0.896526
-1.041006
-1.240428
-1.394678
-1.460021
-1.486572
-1.524932
-1.617140
-1.694908
-1.752026
-1.660928
-1.574828
-1.505403
-1.399837
-1.224574
-1.147602
-1.043586
-0.895514
-0.888000
-0.888000
-0.889459
-1.014752
-1.219036
-1.394751
-1.467975
-1.490832
-1.518160
-1.568009
-1.596149
-1.624020
-1.574766
-1.531862
-1.478614
-1.370245
-1.337144
-1.270470
-1.149891
-0.993963
-0.888000
-0.888000
-0.891325
-1.025710
-1.229441
-1.395132
-1.478480
-1.518136
-1.557684
-1.602472
-1.641777
-1.683163
-1.609167
-1.546275
-1.489573
-1.388948
-1.353497
-1.288190
-1.173477
-1.014831
-0.888000
-0.888000
-0.889325
-1.015542
-1.219230
-1.397366
-1.482787
-1.522186
-1.578300
-1.620052
-1.658968
-1.717674
-1.648058
-1.587801
-1.520488
-1.502099
-1.492968
-1.417461
-1.291227
-1.128876
-0.927628
-0.888000
-0.895919
-1.047930
-1.252044
-1.440583
-1.531622
-1.561676
-1.587074
-1.646269
-1.715245
-1.767079
-1.665183
-1.580954
-1.518832
-1.417996
-1.334980
-1.279300
-1.171720
-1.023844
-0.887999
-0.888000
-0.890712
-1.022330
-1.226195
-1.393735
-1.466923
-1.503511
-1.549833
-1.602725
-1.637227
-1.685817
-1.627739
-1.573175
-1.507310
-1.430058
-1.431398
-1.363845
-1.247277
-1.094203
-0.898228
-0.888000
-0.897552
-1.059373
-1.263519
-1.445151
-1.521269
-1.544191
-1.562429
-1.639560
-1.731125
-1.807265
-1.725975
-1.648595
-1.569006
-1.429371
-1.401725
-1.351418
-1.241114
-1.100369
-0.913513
-0.888000
-0.888000
-1.005386
-1.201681
-1.384387
-1.468553
-1.494529
-1.556591
-1.672225
-1.773838
-1.846293
-1.759215
-1.672038
-1.572995
-1.456927
-1.474773
-1.426204
-1.317011
-1.182160
-1.000273
-0.888000
-0.888000
-1.007696
-1.206447
-1.403666
-1.496545
-1.525058
-1.584974
-1.706235
-1.824153
-1.906162
-1.818299
-1.712728
-1.602926
-1.532405
-1.505343
-1.419796
-1.280622
-1.107489
-0.900254
-0.888000
-0.888000
-1.001126
-1.204171
-1.397665
-1.471260
-1.471629
-1.484737
-1.572207
-1.685485
-1.763390
-1.731211
-1.657045
-1.559590
-1.395274
-1.343256
-1.313051
-1.210779
-1.084188
-0.909893
-0.888000
-0.888000
-0.997202
-1.196979
-1.391528
-1.471690
-1.492750
-1.563456
-1.696277
-1.827776
-1.914997
-1.813411
-1.718604
-1.637366
-1.616561
-1.590116
-1.505211
-1.368202
-1.200198
-0.997282
-0.888000
-0.888000
-1.008326
-1.211380
-1.405988
-1.471285
-1.469201
-1.492458
-1.588629
-1.697527
-1.782009
-1.766950
-1.691957
-1.612609
-1.484817
-1.291059
-1.246875
-1.142289
-1.002218
-0.888000
-0.888000
-0.888000
-0.977692
-1.177604
-1.349606
-1.400610
-1.399144
-1.436255
-1.556701
-1.685721
-1.774590
-1.732939
-1.651913
-1.556201
-1.430879
-1.427062
-1.355598
-1.228817
-1.067850
-0.887951
-0.888000
-0.888000
-0.979935
-1.182944
-1.373197
-1.439473
-1.427615
-1.430775
-1.505963
-1.613423
-1.679141
-1.658180
-1.605437
-1.546803
-1.431965
-1.237244
-1.109618
-1.019792
-0.895716
-0.891439
-0.887997
-0.888000
-0.931052
-1.133972
-1.336631
-1.419041
-1.445330
-1.479888
-1.553147
-1.673495
-1.759406
-1.752972
-1.696035
-1.624863
-1.655293
-1.618723
-1.529494
-1.392517
-1.226829
-1.017950
-0.888000
-0.888000
-0.981308
-1.184946
-1.388591
-1.521902
-1.560130
-1.574821
-1.614470
-1.684140
-1.763069
-1.764006
-1.661489
-1.585915
-1.498699
-1.353912
-1.322654
-1.225123
-1.095025
-0.905833
-0.888000
-0.888000
-0.940353
-1.143299
-1.331731
-1.401543
-1.419002
-1.461430
-1.530005
-1.632502
-1.728539
-1.734557
-1.663399
-1.583338
-1.462849
-1.476817
-1.424920
-1.310133
-1.167659
-0.968810
-0.888000
-0.888000
-0.953258
-1.156277
-1.360351
-1.477849
-1.503572
-1.521328
-1.570753
-1.669521
-1.755996
-1.725959
-1.651844
-1.589064
-1.488325
-1.363533
-1.324813
-1.217704
-1.082968
-0.896356
-0.888000
-0.888000
-0.949409
-1.152142
-1.352112
-1.440115
-1.455912
-1.481126
-1.536354
-1.642629
-1.709434
-1.692308
-1.630633
-1.555549
-1.417807
-1.363795
-1.321740
-1.218531
-1.088916
-0.900174
-0.888000
-0.888000
-0.954805
-1.158083
-1.362104
-1.479281
-1.496722
-1.510422
-1.556304
-1.667106
-1.746214
-1.685974
-1.620849
-1.556950
-1.434513
-1.401629
-1.369867
-1.273546
-1.150115
-0.974975
-0.888000
-0.888000
-0.973000
-1.176030
-1.379877
-1.483019
-1.500696
-1.523853
-1.606873
-1.738365
-1.827755
-1.807937
-1.717739
-1.626599
-1.564956
-1.545534
-1.474284
-1.350667
-1.197969
-0.997623
-0.888000
-0.888000
-0.954759
-1.156886
-1.362226
-1.511171
-1.540260
-1.545490
-1.584920
-1.687572
-1.777256
-1.805631
-1.724210
-1.618819
-1.451126
-1.375715
-1.324866
-1.207889
-1.057219
-0.888000
-0.888000
-0.888000
-0.927602
-1.131001
-1.335749
-1.444324
-1.447780
-1.442780
-1.519295
-1.642246
-1.724758
-1.764656
-1.693472
-1.600489
-1.451263
-1.351975
-1.310374
-1.204750
-1.073573
-0.892455
-0.888000
-0.888000
-0.935467
-1.137978
-1.342320
-1.451362
-1.457309
-1.453825
-1.539958
-1.672691
-1.758983
-1.793658
-1.711289
-1.610047
-1.462993
-1.406942
-1.362628
-1.256996
-1.121413
-0.935703
-0.888000
-0.888000
-0.953108
-1.154638
-1.358245
-1.449726
-1.449118
-1.451637
-1.540293
-1.664424
-1.743208
-1.778095
-1.705250
-1.626497
-1.512096
-1.325400
-1.300589
-1.210510
-1.090729
-0.913867
-0.888000
-0.888000
-0.947857
-1.138742
-1.332399
-1.404689
-1.402322
-1.421693
-1.539267
-1.679466
-1.754532
-1.761376
-1.686507
-1.613438
-1.506643
-1.358011
-1.336911
-1.243924
-1.117368
-0.941480
-0.888000
-0.888000
-0.958766
-1.150558
-1.342507
-1.409696
-1.404303
-1.426628
-1.562206
-1.708375
-1.773337
-1.772264
-1.691107
-1.609370
-1.487991
-1.405928
-1.364793
-1.262694
-1.128639
-0.946996
-0.888000
-0.888000
-0.949289
-1.152138
-1.355118
-1.444436
-1.444708
-1.444230
-1.519407
-1.635983
-1.707438
-1.750347
-1.683906
-1.611646
-1.499693
-1.310428
-1.284273
-1.210753
-1.106545
-0.954475
-0.888000
-0.888000
-0.923500
-1.113850
-1.316534
-1.420717
-1.448134
-1.486951
-1.611508
-1.767475
-1.861854
-1.866643
-1.759867
-1.660710
-1.552352
-1.574164
-1.516296
-1.410858
-1.266954
-1.079335
-0.887955
-0.888000
-0.927155
-1.121836
-1.326039
-1.462929
-1.492370
-1.501943
-1.543778
-1.642019
-1.731011
-1.808187
-1.730913
-1.652127
-1.559444
-1.396817
-1.261405
-1.191865
-1.075714
-0.917077
-0.888000
-0.888000
-0.901573
-1.072415
-1.276786
-1.393641
-1.424243
-1.444663
-1.503273
-1.628976
-1.734127
-1.808006
-1.723395
-1.636693
-1.543692
-1.532911
-1.477369
-1.365551
-1.219891
-1.028464
-0.888000
-0.888000
-0.930642
-1.123040
-1.324643
-1.442350
-1.449409
-1.438579
-1.489672
-1.600386
-1.682505
-1.751051
-1.684340
-1.622138
-1.544512
-1.397016
-1.254414
-1.185395
-1.063909
-0.889452
-0.888000
-0.888000
-0.901263
-1.073414
-1.277532
-1.371941
-1.379024
-1.383543
-1.445615
-1.566415
-1.664260
-1.735551
-1.675447
-1.608068
-1.519758
-1.355763
-1.345526
-1.281039
-1.172632
-1.030564
-0.887998
-0.888000
-0.911080
-1.091030
-1.293584
-1.419672
-1.457467
-1.482915
-1.567233
-1.699214
-1.821460
-1.876502
-1.793927
-1.702038
-1.609577
-1.599697
-1.565616
-1.467450
-1.327803
-1.144635
-0.938107
-0.888000
-0.911940
-1.091279
-1.292601
-1.398137
-1.430805
-1.455639
-1.515362
-1.636110
-1.729983
-1.802916
-1.724715
-1.647698
-1.565024
-1.418264
-1.271621
-1.202337
-1.086399
-0.931073
-0.888000
-0.888000
-0.893075
-1.063376
-1.268343
-1.403371
-1.434326
-1.443588
-1.462448
-1.549781
-1.650144
-1.728109
-1.667941
-1.601606
-1.518027
-1.381488
-1.387601
-1.318647
-1.193276
-1.040130
-0.887994
-0.888000
-0.898614
-1.056128
-1.257865
-1.409439
-1.457143
-1.476534
-1.558712
-1.711205
-1.830666
-1.897330
-1.795346
-1.694218
-1.590354
-1.568469
-1.536884
-1.445842
-1.302496
-1.120154
-0.914624
-0.888000
-0.900691
-1.067610
-1.270928
-1.437188
-1.480997
-1.481444
-1.515308
-1.625330
-1.730606
-1.811628
-1.735186
-1.652565
-1.552741
-1.377012
-1.340315
-1.282189
-1.166330
-1.026254
-0.887998
-0.888000
-0.893817
-1.033252
-1.236226
-1.403693
-1.458329
-1.476179
-1.537534
-1.666441
-1.780360
-1.868098
-1.778957
-1.678195
-1.574038
-1.503540
-1.463429
-1.364739
-1.224142
-1.047920
-0.887998
-0.888000
-0.894990
-1.034074
-1.237954
-1.400935
-1.448545
-1.448388
-1.462061
-1.543247
-1.622894
-1.687854
-1.643252
-1.583188
-1.527351
-1.425620
-1.246311
-1.148666
-1.049808
-0.913987
-0.888000
-0.888000
-0.891913
-1.027662
-1.232036
-1.345098
-1.379072
-1.399681
-1.451706
-1.541604
-1.660099
-1.756752
-1.750187
-1.700904
-1.642076
-1.657172
-1.593491
-1.480189
-1.320451
-1.127934
-0.918133
-0.888000
-0.900726
-1.069570
-1.274030
-1.468251
-1.533779
-1.550401
-1.562813
-1.625062
-1.722573
-1.786174
-1.815171
-1.723566
-1.642171
-1.553463
-1.471988
-1.418365
-1.312468
-1.165499
-0.970069
-0.888000
-0.895314
-1.032956
-1.232401
-1.370788
-1.409289
-1.432133
-1.520477
-1.669099
-1.804350
-1.922861
-1.843855
-1.758861
-1.678478
-1.647129
-1.624426
-1.539692
-1.406660
-1.241788
-1.040230
-0.888000
-0.888000
-0.997431
-1.200731
-1.401994
-1.488855
-1.496949
-1.513232
-1.586897
-1.678893
-1.768465
-1.783986
-1.706729
-1.622813
-1.503744
-1.319811
-1.214790
-1.112267
-0.964694
-0.888000
-0.888000
-0.888000
-0.974245
-1.177853
-1.334263
-1.408456
-1.435150
-1.470328
-1.526641
-1.614816
-1.712480
-1.721602
-1.654445
-1.583610
-1.499956
-1.502913
-1.442478
-1.324528
-1.172075
-0.979090
-0.888000
-0.888000
-0.991860
-1.195029
-1.392668
-1.481843
-1.515778
-1.561921
-1.661189
-1.754500
-1.821850
-1.735382
-1.655081
-1.581300
-1.473162
-1.485762
-1.422899
-1.303710
-1.149440
-0.953646
-0.888000
-0.888000
-0.998634
-1.202280
-1.396955
-1.486438
-1.518897
-1.560332
-1.601151
-1.630005
-1.643274
-1.580842
-1.515760
-1.459134
-1.347715
-1.294706
-1.217354
-1.076327
-0.897303
-0.888000
-0.888000
-0.888000
-0.969707
-1.173381
-1.375857
-1.548507
-1.626126
-1.647313
-1.632159
-1.544708
-1.479630
-1.425031
-1.405911
-1.389813
-1.360815
-1.352949
-1.270470
-1.128087
-0.948692
-0.888000
-0.888000
-0.888000
-0.970348
-1.173847
-1.371815
-1.504787
-1.542094
-1.571771
-1.569071
-1.546957
-1.522072
-1.529922
-1.503597
-1.448292
-1.310193
-1.276551
-1.195622
-1.048478
-0.887999
-0.888000
-0.888000
-0.888000
-0.971002
-1.174974
-1.368011
-1.503904
-1.541840
-1.554290
-1.576547
-1.599424
-1.584100
-1.533397
-1.496221
-1.451449
-1.338458
-1.227526
-1.162943
-1.030251
-0.887999
-0.910886
-0.888000
-0.888000
-0.930615
-1.134547
-1.323870
-1.448947
-1.484951
-1.512104
-1.542814
-1.586024
-1.606298
-1.560888
-1.521636
-1.464473
-1.335229
-1.347983
-1.289909
-1.171941
-1.022970
-0.888000
-0.888000
-0.888000
-0.945233
-1.148422
-1.321967
-1.430049
-1.470141
-1.504173
-1.559691
-1.658516
-1.728891
-1.694141
-1.625139
-1.540661
-1.403630
-1.407440
-1.344907
-1.226915
-1.080837
-0.887751
-0.888000
-0.888250
-0.945069
-1.148425
-1.344680
-1.451970
-1.465402
-1.485001
-1.537046
-1.658161
-1.757138
-1.751602
-1.670758
-1.577787
-1.472678
-1.453108
-1.375452
-1.245060
-1.086358
-0.887970
-0.888000
-0.888000
-0.954604
-1.157982
-1.362236
-1.472760
-1.475626
-1.481758
-1.523597
-1.633334
-1.720521
-1.744793
-1.667722
-1.565672
-1.373277
-1.376470
-1.313051
-1.197322
-1.054433
-0.887969
-0.888000
-0.888000
-0.958040
-1.161661
-1.366217
-1.480067
-1.478087
-1.480060
-1.530528
-1.653747
-1.736864
-1.739543
-1.662671
-1.558326
-1.375750
-1.381303
-1.323517
-1.211733
-1.074825
-0.887914
-0.888000
-0.888000
-0.958719
-1.160541
-1.364569
-1.488737
-1.499851
-1.501051
-1.566587
-1.695367
-1.780915
-1.786208
-1.693945
-1.583885
-1.438774
-1.444561
-1.375282
-1.243327
-1.083173
-0.887932
-0.888000
-0.888000
-0.970494
-1.173090
-1.377128
-1.510390
-1.540951
-1.544369
-1.560895
-1.616325
-1.660902
-1.577752
-1.512836
-1.481698
-1.425162
-1.286792
-1.240248
-1.150189
-1.036049
-0.887979
-0.888000
-0.888000
-0.904841
-1.109991
-1.303001
-1.377025
-1.401990
-1.450107
-1.523527
-1.635178
-1.711511
-1.754518
-1.679203
-1.604034
-1.562007
-1.539022
-1.456637
-1.331608
-1.182305
-0.980455
-0.888000
-0.888000
-0.957113
-1.158304
-1.363959
-1.551139
-1.614523
-1.623667
-1.644686
-1.685312
-1.751385
-1.741010
-1.643138
-1.565639
-1.470419
-1.298287
-1.210173
-1.116042
-0.991464
-0.888000
-0.888000
-0.887976
-0.891269
-1.097223
-1.301179
-1.384924
-1.423392
-1.473237
-1.541877
-1.644363
-1.746049
-1.808008
-1.767880
-1.683037
-1.714951
-1.671415
-1.569344
-1.426137
-1.252572
-1.042926
-0.888000
-0.888000
-0.965228
-1.166802
-1.372080
-1.507732
-1.537429
-1.546974
-1.578858
-1.664081
-1.762675
-1.847934
-1.850362
-1.753568
-1.647682
-1.507859
-1.383363
-1.309813
-1.200435
-1.036096
-0.887999
-0.888000
-0.916936
-1.118696
-1.315966
-1.402551
-1.439232
-1.508348
-1.636867
-1.783314
-1.919006
-2.006925
-1.938412
-1.843341
-1.788388
-1.794028
-1.734288
-1.615213
-1.472666
-1.281071
-1.079537
-0.887996
-0.952158
-1.152911
-1.356803
-1.489977
-1.536382
-1.584113
-1.658074
-1.755113
-1.843602
-1.913877
-1.903422
-1.794284
-1.684779
-1.553770
-1.424601
-1.345624
-1.234321
-1.072181
-0.887997
-0.888000
-0.933800
-1.128730
-1.331696
-1.459571
-1.517977
-1.601146
-1.737318
-1.864442
-1.971055
-2.009056
-1.954283
-1.826400
-1.860434
-1.820319
-1.721364
-1.585731
-1.430484
-1.235630
-1.034181
-0.888349
-0.950808
-1.139155
-1.340303
-1.489704
-1.551869
-1.603102
-1.682168
-1.777712
-1.861321
-1.931528
-1.932922
-1.819617
-1.702311
-1.566100
-1.434364
-1.356658
-1.240218
-1.083229
-0.887998
-0.888000
-0.907454
-1.078682
-1.278522
-1.436938
-1.528025
-1.631399
-1.773452
-1.909288
-2.027687
-2.060211
-2.003762
-1.880041
-1.916683
-1.881935
-1.784166
-1.648729
-1.487894
-1.295792
-1.094472
-0.892879
-0.937379
-1.125736
-1.329511
-1.503530
-1.579066
-1.653339
-1.743312
-1.841071
-1.920628
-1.977741
-1.991051
-1.869699
-1.743307
-1.614007
-1.503109
-1.425861
-1.310457
-1.141880
-0.942785
-0.888000
-0.906192
-1.076461
-1.274598
-1.402628
-1.475196
-1.569372
-1.691993
-1.831199
-1.959569
-2.042706
-1.994812
-1.919212
-1.845112
-1.855032
-1.797907
-1.682204
-1.531453
-1.338932
-1.137201
-0.935606
-0.907149
-1.086064
-1.290479
-1.436506
-1.487587
-1.537112
-1.614479
-1.729601
-1.820931
-1.902648
-1.931193
-1.825423
-1.707910
-1.572627
-1.465717
-1.381638
-1.258188
-1.093870
-0.891418
-0.888000
-0.899619
-1.065033
-1.260829
-1.368887
-1.412934
-1.469727
-1.574085
-1.712511
-1.828103
-1.919501
-1.912541
-1.821581
-1.721860
-1.624311
-1.604514
-1.515968
-1.389741
-1.213619
-1.007116
-0.888000
-0.903126
-1.075903
-1.278687
-1.379753
-1.400980
-1.441627
-1.478363
-1.568763
-1.662843
-1.737685
-1.798454
-1.706271
-1.615838
-1.519794
-1.442347
-1.389076
-1.286983
-1.129164
-0.928970
-0.888000
-0.891441
-1.061160
-1.262666
-1.352378
-1.375734
-1.399510
-1.449883
-1.554793
-1.659522
-1.758805
-1.757076
-1.682766
-1.601125
-1.484245
-1.447199
-1.379410
-1.259904
-1.094767
-0.889446
-0.888000
-0.890703
-1.022269
-1.226260
-1.379677
-1.440675
-1.464287
-1.499521
-1.556362
-1.629801
-1.701141
-1.680270
-1.615782
-1.549716
-1.444778
-1.390039
-1.325157
-1.204803
-1.036564
-0.887999
-0.888000
-0.890284
-1.019843
-1.223020
-1.356267
-1.402882
-1.416948
-1.444106
-1.509911
-1.588109
-1.673640
-1.645722
-1.584330
-1.524621
-1.425720
-1.294424
-1.242057
-1.125874
-0.969994
-0.888000
-0.888000
-0.890501
-1.020460
-1.223169
-1.365752
-1.416740
-1.439051
-1.474136
-1.534359
-1.566725
-1.601629
-1.544249
-1.503738
-1.467718
-1.391715
-1.398050
-1.348985
-1.246215
-1.097113
-0.900199
-0.888000
-0.892399
-1.033515
-1.236208
-1.392093
-1.473118
-1.515045
-1.553046
-1.647617
-1.786367
-1.853422
-1.778601
-1.714562
-1.640869
-1.685853
-1.684324
-1.611407
-1.484221
-1.317550
-1.118708
-0.913807
-0.892606
-1.043998
-1.248332
-1.450321
-1.568129
-1.619842
-1.662509
-1.744075
-1.842685
-1.918317
-1.815488
-1.714579
-1.624424
-1.533186
-1.549569
-1.490271
-1.381822
-1.244516
-1.059344
-0.888000
-0.894708
-1.048490
-1.252902
-1.430919
-1.493917
-1.507889
-1.544871
-1.653812
-1.768499
-1.857443
-1.763733
-1.673035
-1.583543
-1.533234
-1.484894
-1.388204
-1.245126
-1.066524
-0.887939
-0.888000
-0.888000
-1.020981
-1.223348
-1.421974
-1.505841
-1.499310
-1.508575
-1.594021
-1.681719
-1.737241
-1.666009
-1.606147
-1.538903
-1.397783
-1.225890
-1.178717
-1.058878
-0.897573
-0.888000
-0.888000
-0.888000
-0.976684
-1.179766
-1.364301
-1.412331
-1.404571
-1.440893
-1.554104
-1.674491
-1.750798
-1.747401
-1.666758
-1.579050
-1.557932
-1.525080
-1.443363
-1.315196
-1.156786
-0.954157
-0.888000
-0.888000
-1.020682
-1.224064
-1.424016
-1.497580
-1.496193
-1.516264
-1.617276
-1.719396
-1.799748
-1.778534
-1.692403
-1.624082
-1.538460
-1.392388
-1.354722
-1.258779
-1.125697
-0.945968
-0.888000
-0.888047
-0.983458
-1.181368
-1.371535
-1.443682
-1.480011
-1.575134
-1.723915
-1.858505
-1.963149
-1.894374
-1.832645
-1.762649
-1.784059
-1.731073
-1.629934
-1.485787
-1.311293
-1.103878
-0.902191
-0.888000
-1.022135
-1.225887
-1.426944
-1.507517
-1.520823
-1.547421
-1.641462
-1.753094
-1.848827
-1.872747
-1.772998
-1.680701
-1.578822
-1.434731
-1.402418
-1.302142
-1.165395
-0.981803
-0.888000
-0.888000
-0.977458
-1.180347
-1.353146
-1.398040
-1.410215
-1.468099
-1.597582
-1.723388
-1.840763
-1.823509
-1.745567
-1.662271
-1.603530
-1.597900
-1.527052
-1.403713
-1.246453
-1.047750
-0.888000
-0.888000
-0.997497
-1.199984
-1.393553
-1.469661
-1.470685
-1.487496
-1.566445
-1.652404
-1.708046
-1.687707
-1.613997
-1.552828
-1.456248
-1.281752
-1.182440
-1.086878
-0.956384
-0.888000
-0.888000
-0.888000
-0.977239
-1.180864
-1.320942
-1.392282
-1.410709
-1.440833
-1.505003
-1.601813
-1.674653
-1.681638
-1.614974
-1.546122
-1.489441
-1.476233
-1.396720
-1.267151
-1.104427
-0.897351
-0.888000
-0.888000
-0.952428
-1.155460
-1.359831
-1.494625
-1.523486
-1.524124
-1.546124
-1.611124
-1.662472
-1.588448
-1.521277
-1.486737
-1.423557
-1.294833
-1.276163
-1.182395
-1.059425
-0.887611
-0.888000
-0.887999
-0.950823
-1.153702
-1.318478
-1.397544
-1.421611
-1.463411
-1.542962
-1.649609
-1.729967
-1.705247
-1.633883
-1.567237
-1.498955
-1.497596
-1.434808
-1.322983
-1.180041
-0.988465
-0.888000
-0.888000
-0.966639
-1.170102
-1.366524
-1.481957
-1.515968
-1.550187
-1.611681
-1.711288
-1.797588
-1.732145
-1.652404
-1.581686
-1.459491
-1.471351
-1.435301
-1.333959
-1.206651
-1.028019
-0.888000
-0.888000
-0.970837
-1.173546
-1.377371
-1.502900
-1.532873
-1.569922
-1.656479
-1.789054
-1.889314
-1.799035
-1.700886
-1.608315
-1.579985
-1.577608
-1.513673
-1.399548
-1.257449
-1.068004
-0.887999
-0.888000
-0.979990
-1.182326
-1.385644
-1.522046
-1.557107
-1.580611
-1.642034
-1.753746
-1.848125
-1.787626
-1.698878
-1.610574
-1.464141
-1.431947
-1.390538
-1.286739
-1.160058
-0.978327
-0.888000
-0.888000
-0.973640
-1.174543
-1.374756
-1.457251
-1.456210
-1.479069
-1.593212
-1.742532
-1.832914
-1.840004
-1.747211
-1.658528
-1.579280
-1.567993
-1.495545
-1.380182
-1.239353
-1.040961
-0.888000
-0.888000
-0.999122
-1.202721
-1.405918
-1.529532
-1.554690
-1.581374
-1.642668
-1.750041
-1.860799
-1.855625
-1.756878
-1.669415
-1.561174
-1.427475
-1.398053
-1.300066
-1.179804
-0.999677
-0.888000
-0.888000
-0.928809
-1.131681
-1.336271
-1.430679
-1.438570
-1.449565
-1.532591
-1.659812
-1.749675
-1.804949
-1.744931
-1.672226
-1.640964
-1.630413
-1.560111
-1.445610
-1.305322
-1.109957
-0.908502
-0.888000
-0.961671
-1.165494
-1.369643
-1.507034
-1.539855
-1.565295
-1.615839
-1.712170
-1.813789
-1.826807
-1.719716
-1.637258
-1.569926
-1.467722
-1.425177
-1.338944
-1.224294
-1.052108
-0.887981
-0.888000
-0.913321
-1.116504
-1.320011
-1.407996
-1.443243
-1.485966
-1.584477
-1.722377
-1.833868
-1.887656
-1.826067
-1.743326
-1.709114
-1.686711
-1.611288
-1.488704
-1.344629
-1.140710
-0.939124
-0.888000
-0.960725
-1.163921
-1.368559
-1.504873
-1.528971
-1.537989
-1.578345
-1.662084
-1.740778
-1.792137
-1.722168
-1.640681
-1.540825
-1.368512
-1.190084
-1.113979
-1.003925
-0.887999
-0.888000
-0.888000
-0.895342
-1.100025
-1.304971
-1.409697
-1.450855
-1.480028
-1.524348
-1.627188
-1.709650
-1.759032
-1.682016
-1.598900
-1.513106
-1.530627
-1.476842
-1.367295
-1.238237
-1.049721
-0.888000
-0.888000
-0.938276
-1.141348
-1.345663
-1.468836
-1.484392
-1.490265
-1.544980
-1.643718
-1.725772
-1.773813
-1.701207
-1.632375
-1.539755
-1.370178
-1.274236
-1.189569
-1.070162
-0.893275
-0.888000
-0.888000
-0.921023
-1.123624
-1.326157
-1.401883
-1.412990
-1.423000
-1.479964
-1.598914
-1.685357
-1.726154
-1.661288
-1.585366
-1.470755
-1.381031
-1.338005
-1.235021
-1.096465
-0.914331
-0.888000
-0.888000
-0.903853
-1.079617
-1.284467
-1.425305
-1.430621
-1.423846
-1.436823
-1.532642
-1.620607
-1.681506
-1.622740
-1.569858
-1.502524
-1.374567
-1.245579
-1.179371
-1.064753
-0.914116
-0.888000
-0.888000
-0.905300
-1.082975
-1.287790
-1.413670
-1.438944
-1.460132
-1.518577
-1.649803
-1.756214
-1.810736
-1.733689
-1.659120
-1.592129
-1.603876
-1.537465
-1.428332
-1.283751
-1.093600
-0.887928
-0.888000
-0.915701
-1.104345
-1.309570
-1.496465
-1.552536
-1.577708
-1.583234
-1.649145
-1.749471
-1.794311
-1.729331
-1.651702
-1.569056
-1.486208
-1.468050
-1.380867
-1.250951
-1.075421
-0.887790
-0.888000
-0.913921
-1.092973
-1.295413
-1.406503
-1.420403
-1.419893
-1.491258
-1.625309
-1.734207
-1.800871
-1.742403
-1.658874
-1.533481
-1.528942
-1.475882
-1.371464
-1.226141
-1.036339
-0.888000
-0.888000
-0.925875
-1.119634
-1.322407
-1.464635
-1.491853
-1.487049
-1.523776
-1.620573
-1.695312
-1.752821
-1.672168
-1.600803
-1.536962
-1.423887
-1.236622
-1.169719
-1.066002
-0.912960
-0.888000
-0.888000
-0.894981
-1.062118
-1.265537
-1.358523
-1.386016
-1.415069
-1.475245
-1.579464
-1.687161
-1.803089
-1.739811
-1.673040
-1.598379
-1.621544
-1.559968
-1.450346
-1.309206
-1.119447
-0.916804
-0.888000
-0.918367
-1.104576
-1.308747
-1.462026
-1.507013
-1.509779
-1.530542
-1.598988
-1.647788
-1.695377
-1.651078
-1.569481
-1.492038
-1.370494
-1.179078
-1.095717
-0.991961
-0.887999
-0.888000
-0.888000
-0.888000
-1.012262
-1.216468
-1.330193
-1.409439
-1.463784
-1.520499
-1.591420
-1.675213
-1.778486
-1.734422
-1.689885
-1.698481
-1.713927
-1.650506
-1.539091
-1.391018
-1.203367
-1.001759
-0.888000
-0.902918
-1.067531
-1.271117
-1.452445
-1.512705
-1.537294
-1.564854
-1.639724
-1.733622
-1.810371
-1.844996
-1.750444
-1.656094
-1.541973
-1.377243
-1.324020
-1.215135
-1.059866
-0.887961
-0.888000
-0.893611
-1.026458
-1.225918
-1.351475
-1.379379
-1.408846
-1.495562
-1.631739
-1.765532
-1.894404
-1.867620
-1.776583
-1.671739
-1.647661
-1.620383
-1.531042
-1.395426
-1.218157
-1.016527
-0.888000
-0.897803
-1.050468
-1.252549
-1.415774
-1.472243
-1.487808
-1.524452
-1.616121
-1.704126
-1.794894
-1.843596
-1.753613
-1.662300
-1.559122
-1.417333
-1.321868
-1.228859
-1.091533
-0.899618
-0.888000
-0.893890
-1.026922
-1.227423
-1.386997
-1.445050
-1.491592
-1.587203
-1.725878
-1.858356
-1.963059
-1.937934
-1.864344
-1.783408
-1.750813
-1.707245
-1.608202
-1.465934
-1.282989
-1.076361
-0.887997
-0.897032
-1.038691
-1.242439
-1.385641
-1.416295
-1.428358
-1.473680
-1.570172
-1.662940
-1.751696
-1.810528
-1.739638
-1.652901
-1.546987
-1.397476
-1.327123
-1.230203
-1.083379
-0.887677
-0.888000
-0.895122
-1.032015
-1.231475
-1.356610
-1.380372
-1.395963
-1.475484
-1.616663
-1.740525
-1.844066
-1.847094
-1.768463
-1.662827
-1.558653
-1.553448
-1.476436
-1.347965
-1.175846
-0.969857
-0.888000
-0.888000
-0.975732
-1.178004
-1.348606
-1.419904
-1.436469
-1.466250
-1.548094
-1.631241
-1.691878
-1.665030
-1.594859
-1.527676
-1.416720
-1.228278
-1.150931
-1.034237
-0.887997
-0.888000
-0.888000
-0.888000
-0.971312
-1.175515
-1.343968
-1.438087
-1.464085
-1.479237
-1.512655
-1.562318
-1.603924
-1.574293
-1.542562
-1.494687
-1.393804
-1.289323
-1.227595
-1.098027
-0.936733
-0.888000
-0.887994
-0.888000
-0.971292
-1.174816
-1.329523
-1.402597
-1.425090
-1.453932
-1.507484
-1.585097
-1.625156
-1.606385
-1.560888
-1.499138
-1.383142
-1.298687
-1.241428
-1.120311
-0.967355
-0.888000
-0.888000
-0.888000
-0.989109
-1.192661
-1.356584
-1.431120
-1.447953
-1.482077
-1.548468
-1.632620
-1.669411
-1.636687
-1.572114
-1.486935
-1.377054
-1.350964
-1.267365
-1.133180
-0.962315
-0.888000
-0.888000
-0.888000
-0.987975
-1.191923
-1.378012
-1.468005
-1.467361
-1.471352
-1.512274
-1.602834
-1.665292
-1.649693
-1.594872
-1.518133
-1.366857
-1.326421
-1.267861
-1.139125
-0.984257
-0.888000
-0.888000
-0.888000
-0.992886
-1.196382
-1.396472
-1.476001
-1.468258
-1.492851
-1.592036
-1.716302
-1.795055
-1.775815
-1.714849
-1.589401
-1.646969
-1.628993
-1.549844
-1.428926
-1.282883
-1.088332
-0.887999
-0.888000
-1.042537
-1.246895
-1.447485
-1.587029
-1.664412
-1.712512
-1.812267
-1.946035
-2.018080
-1.928492
-1.840567
-1.764480
-1.765448
-1.749372
-1.674947
-1.546234
-1.386554
-1.196182
-0.994416
-0.888000
-1.000458
-1.203843
-1.403200
-1.489456
-1.529865
-1.605965
-1.736454
-1.871136
-1.974873
-1.893488
-1.793412
-1.703572
-1.633080
-1.609077
-1.530087
-1.397663
-1.236235
-1.030634
-0.888000
-0.888000
-0.982985
-1.185501
-1.389027
-1.487465
-1.485900
-1.485146
-1.543255
-1.654851
-1.729004
-1.751814
-1.685907
-1.597162
-1.451330
-1.251932
-1.162587
-1.068884
-0.947680
-0.888000
-0.888000
-0.888000
-0.935276
-1.138573
-1.342461
-1.440263
-1.451893
-1.481507
-1.585371
-1.713505
-1.808159
-1.805434
-1.728444
-1.638543
-1.650833
-1.627821
-1.552295
-1.423901
-1.268667
-1.064954
-0.887999
-0.888000
-0.995837
-1.198701
-1.402409
-1.525565
-1.550140
-1.559596
-1.605242
-1.694475
-1.785563
-1.812307
-1.708996
-1.629966
-1.550494
-1.423775
-1.349247
-1.261644
-1.145239
-0.986925
-0.888000
-0.888000
-0.958091
-1.160603
-1.363527
-1.453024
-1.485189
-1.551427
-1.673337
-1.817870
-1.925540
-1.884197
-1.828896
-1.829660
-1.839889
-1.781546
-1.668634
-1.516772
-1.338139
-1.131196
-0.929795
-0.891400
-1.006529
-1.210240
-1.414927
-1.554135
-1.600441
-1.616604
-1.663756
-1.778523
-1.862848
-1.923998
-1.922254
-1.810353
-1.687932
-1.576859
-1.541457
-1.442644
-1.313156
-1.133308
-0.931951
-0.888000
-0.962902
-1.161351
-1.363860
-1.470187
-1.529419
-1.599684
-1.707302
-1.830491
-1.941017
-1.978548
-1.897010
-1.799665
-1.677945
-1.678309
-1.632628
-1.525263
-1.387445
-1.198104
-0.996233
-0.888000
-0.951884
-1.154293
-1.356913
-1.448944
-1.472158
-1.504094
-1.562080
-1.657121
-1.746528
-1.815637
-1.780613
-1.691162
-1.580954
-1.412074
-1.327864
-1.225687
-1.091060
-0.888896
-0.888000
-0.888000
-0.900629
-1.105014
-1.308926
-1.426353
-1.476568
-1.510232
-1.544711
-1.613705
-1.674458
-1.722023
-1.659084
-1.586649
-1.481882
-1.354497
-1.326920
-1.224907
-1.094163
-0.910790
-0.888000
-0.888000
-0.909741
-1.114219
-1.318215
-1.415993
-1.432633
-1.456689
-1.503600
-1.609972
-1.694536
-1.719947
-1.654983
-1.590372
-1.488704
-1.374373
-1.329746
-1.216258
-1.073308
-0.887997
-0.888000
-0.888000
-0.894816
-1.100140
-1.304149
-1.450390
-1.499788
-1.525909
-1.556635
-1.611105
-1.642204
-1.634819
-1.569112
-1.509456
-1.418572
-1.249238
-1.204034
-1.106618
-0.980155
-0.891278
-0.888039
-0.888000
-0.888000
-1.093367
-1.295537
-1.420426
-1.463539
-1.495408
-1.517789
-1.566485
-1.597439
-1.605026
-1.562696
-1.513533
-1.411811
-1.365559
-1.315561
-1.200338
-1.056284
-0.887999
-0.888000
-0.888000
-0.889776
-1.095403
-1.299432
-1.494771
-1.607767
-1.645869
-1.648256
-1.622924
-1.542028
-1.405984
-1.318024
-1.282012
-1.243042
-1.210951
-1.193719
-1.096892
-0.970582
-0.890828
-0.888000
-0.894750
-0.901766
-1.084601
-1.285526
-1.447658
-1.541378
-1.575791
-1.543516
-1.486389
-1.431048
-1.394444
-1.380200
-1.380756
-1.462493
-1.489861
-1.448693
-1.339269
-1.193272
-0.993030
-0.888000
-0.888005
-0.893888
-1.074172
-1.280111
-1.480562
-1.583352
-1.595526
-1.584748
-1.561535
-1.509409
-1.516980
-1.569806
-1.582294
-1.559530
-1.491545
-1.372896
-1.191267
-0.991663
-0.888000
-0.887999
-0.888000
-0.952861
-1.136598
-1.336944
-1.523166
-1.666031
-1.765036
-1.827085
-1.889987
-1.959868
-1.991108
-1.976262
-1.876855
-1.879454
-1.880290
-1.822541
-1.709597
-1.571637
-1.388692
-1.184623
-0.983207
-0.921696
-1.110344
-1.315232
-1.510942
-1.606717
-1.669829
-1.723760
-1.823083
-1.935785
-2.027404
-2.050208
-1.919070
-1.752850
-1.594574
-1.548397
-1.444468
-1.309958
-1.129429
-0.927283
-0.888000
-0.911131
-1.083699
-1.282857
-1.388094
-1.426791
-1.473382
-1.574240
-1.715677
-1.834809
-1.916515
-1.842079
-1.745518
-1.636815
-1.596549
-1.545359
-1.436811
-1.296441
-1.106118
-0.904232
-0.888000
-0.916869
-1.098948
-1.296682
-1.374649
-1.368570
-1.370955
-1.425102
-1.538059
-1.614810
-1.668764
-1.645268
-1.585429
-1.520523
-1.403159
-1.212899
-1.064461
-0.966474
-0.888000
-0.888044
-0.888000
-0.890710
-1.049968
-1.252335
-1.388398
-1.425545
-1.470387
-1.592578
-1.738112
-1.871721
-1.952337
-1.908397
-1.801858
-1.852919
-1.831497
-1.753066
-1.622849
-1.454380
-1.252928
-1.045417
-0.888000
-0.934188
-1.127088
-1.331831
-1.499018
-1.557753
-1.604074
-1.635382
-1.724300
-1.838696
-1.927425
-1.992734
-1.899606
-1.783381
-1.657379
-1.624665
-1.543866
-1.421068
-1.249679
-1.045364
-0.888000
-0.913170
-1.085186
-1.286490
-1.390855
-1.428893
-1.483185
-1.570071
-1.708117
-1.829468
-1.912316
-1.863836
-1.784137
-1.700662
-1.627880
-1.612058
-1.525626
-1.394381
-1.221339
-1.016529
-0.888000
-0.898055
-1.045949
-1.247682
-1.389255
-1.428127
-1.444386
-1.470291
-1.566047
-1.648870
-1.705781
-1.638541
-1.575714
-1.514836
-1.399581
-1.209259
-1.140712
-1.018113
-0.887970
-0.888000
-0.888059
-0.888000
-1.011750
-1.214934
-1.330265
-1.351709
-1.361827
-1.400489
-1.499545
-1.588791
-1.671315
-1.620475
-1.568263
-1.500565
-1.403383
-1.402923
-1.328007
-1.203552
-1.043662
-0.887997
-0.888000
-0.894772
-1.041195
-1.245332
-1.411163
-1.469125
-1.494691
-1.528559
-1.612008
-1.702701
-1.782197
-1.705497
-1.630636
-1.554872
-1.425689
-1.416499
-1.352411
-1.237202
-1.084199
-0.887565
-0.888000
-0.892839
-1.033773
-1.237670
-1.370737
-1.428383
-1.453352
-1.496810
-1.576520
-1.676193
-1.779221
-1.713540
-1.634625
-1.552101
-1.491389
-1.445220
-1.340113
-1.190049
-1.004407
-0.888000
-0.888000
-0.895203
-1.041528
-1.245780
-1.408206
-1.445524
-1.440430
-1.453592
-1.514817
-1.602470
-1.666929
-1.620127
-1.571395
-1.506521
-1.375875
-1.186326
-1.140007
-1.023679
-0.887997
-0.888004
-0.888033
-0.888968
-1.015366
-1.219088
-1.332555
-1.364706
-1.370644
-1.408911
-1.498997
-1.613565
-1.696817
-1.662378
-1.593773
-1.516337
-1.483255
-1.460998
-1.379393
-1.246240
-1.075904
-0.887802
-0.888000
-0.900943
-1.073922
-1.278407
-1.459407
-1.522770
-1.539875
-1.558700
-1.646332
-1.758429
-1.854559
-1.764847
-1.674808
-1.586033
-1.482972
-1.467563
-1.387113
-1.246366
-1.071636
-0.887875
-0.888000
-0.888009
-0.999267
-1.203014
-1.390781
-1.440552
-1.424751
-1.439268
-1.520596
-1.638225
-1.725796
-1.745284
-1.659845
-1.547658
-1.417011
-1.393933
-1.310150
-1.163922
-0.987702
-0.888000
-0.888000
-0.888000
-0.995616
-1.199279
-1.401762
-1.485898
-1.477858
-1.479227
-1.558030
-1.669384
-1.765528
-1.702496
-1.633719
-1.560335
-1.429254
-1.345023
-1.311499
-1.208135
-1.080517
-0.900784
-0.888000
-0.888000
-0.995878
-1.198276
-1.397117
-1.496947
-1.526039
-1.603997
-1.730021
-1.873520
-1.958265
-1.886765
-1.803942
-1.800855
-1.809509
-1.750069
-1.642951
-1.476404
-1.277006
-1.067085
-0.887999
-0.888000
-1.047882
-1.252089
-1.455060
-1.587436
-1.667675
-1.733959
-1.846568
-1.979726
-2.068649
-2.057542
-1.951413
-1.830451
-1.713921
-1.696944
-1.619939
-1.496435
-1.330626
-1.131621
-0.924864
-0.888391
-0.983194
-1.186218
-1.372510
-1.440543
-1.484544
-1.552197
-1.674730
-1.798841
-1.919918
-1.941306
-1.867163
-1.773994
-1.702232
-1.665217
-1.571515
-1.431717
-1.260186
-1.053505
-0.888000
-0.888000
-0.993619
-1.196750
-1.381572
-1.436505
-1.416514
-1.434479
-1.499409
-1.574459
-1.621053
-1.675976
-1.596905
-1.508900
-1.383763
-1.191432
-0.991419
-0.900316
-0.888000
-0.888000
-0.888000
-0.888000
-0.971071
-1.175749
-1.328789
-1.423627
-1.473480
-1.506423
-1.549027
-1.632832
-1.726284
-1.717882
-1.682400
-1.646760
-1.665126
-1.625784
-1.527191
-1.384394
-1.210465
-1.002190
-0.888000
-0.888000
-0.965611
-1.169028
-1.373412
-1.501341
-1.537385
-1.551657
-1.592259
-1.671024
-1.747800
-1.738767
-1.658213
-1.585239
-1.474878
-1.292860
-1.248435
-1.133445
-0.983139
-0.888000
-0.888000
-0.888000
-0.940406
-1.143505
-1.334134
-1.435099
-1.476605
-1.507394
-1.543971
-1.618429
-1.665934
-1.662331
-1.606008
-1.533098
-1.406934
-1.294074
-1.234268
-1.112131
-0.959680
-0.888000
-0.887999
-0.888000
-0.930458
-1.134405
-1.327263
-1.449604
-1.502447
-1.539524
-1.572308
-1.610834
-1.609166
-1.558626
-1.517556
-1.457942
-1.323328
-1.297254
-1.231028
-1.107504
-0.946680
-0.888313
-0.888000
-0.888000
-0.929768
-1.133317
-1.325090
-1.473315
-1.535244
-1.564167
-1.598475
-1.643024
-1.639467
-1.584582
-1.536216
-1.464669
-1.298630
-1.219998
-1.163373
-1.047267
-0.902729
-0.895798
-0.888000
-0.888000
-0.930206
-1.134038
-1.305589
-1.415519
-1.445344
-1.458502
-1.494011
-1.510165
-1.529245
-1.550200
-1.530862
-1.500268
-1.511564
-1.488781
-1.404232
-1.270722
-1.111539
-0.911236
-0.888000
-0.888001
-0.971254
-1.174607
-1.378948
-1.537507
-1.579441
-1.594517
-1.656525
-1.778028
-1.885038
-1.804213
-1.719187
-1.655382
-1.643630
-1.635855
-1.568761
-1.447421
-1.302874
-1.113045
-0.903092
-0.888000
-0.984112
-1.187373
-1.390478
-1.501014
-1.525260
-1.559458
-1.669171
-1.810331
-1.896368
-1.873926
-1.781021
-1.695523
-1.589313
-1.580428
-1.502105
-1.379559
-1.234259
-1.038981
-0.888000
-0.888000
-0.958130
-1.161174
-1.364653
-1.484936
-1.500900
-1.500177
-1.569945
-1.687059
-1.773685
-1.801914
-1.723008
-1.630302
-1.493209
-1.360213
-1.336064
-1.243814
-1.120032
-0.943713
-0.888000
-0.888000
-0.954228
-1.144536
-1.343773
-1.423262
-1.421380
-1.441154
-1.563614
-1.706584
-1.782115
-1.779258
-1.697318
-1.611444
-1.484307
-1.409196
-1.391164
-1.298070
-1.173569
-0.998426
-0.888000
-0.888000
-0.960297
-1.154652
-1.356967
-1.444031
-1.452727
-1.491897
-1.623077
-1.757489
-1.822938
-1.805077
-1.714942
-1.618388
-1.469993
-1.497078
-1.460347
-1.362139
-1.240458
-1.062497
-0.887999
-0.888000
-0.945939
-1.148686
-1.352791
-1.472731
-1.494595
-1.517205
-1.614575
-1.746590
-1.844299
-1.831230
-1.734391
-1.643878
-1.522632
-1.479922
-1.422668
-1.308404
-1.174115
-0.979730
-0.888000
-0.888000
-0.942749
-1.144286
-1.347608
-1.437287
-1.433522
-1.424236
-1.502900
-1.624274
-1.695407
-1.737020
-1.675043
-1.598926
-1.478307
-1.287340
-1.261327
-1.191195
-1.086050
-0.932355
-0.888000
-0.888000
-0.953782
-1.145763
-1.348218
-1.443218
-1.459247
-1.495120
-1.625018
-1.778398
-1.858833
-1.825616
-1.722940
-1.629404
-1.512168
-1.532395
-1.484857
-1.380662
-1.247362
-1.060184
-0.887970
-0.888000
-0.957035
-1.158841
-1.361962
-1.443158
-1.441503
-1.444786
-1.538725
-1.678848
-1.756848
-1.791662
-1.713788
-1.638005
-1.536716
-1.362428
-1.343478
-1.268520
-1.163351
-1.009743
-0.888000
-0.888000
-0.919641
-1.117769
-1.320893
-1.414333
-1.431790
-1.463577
-1.593323
-1.739831
-1.817362
-1.842091
-1.743578
-1.642339
-1.521227
-1.545270
-1.488252
-1.384775
-1.248457
-1.061764
-0.888000
-0.888000
-0.918207
-1.109093
-1.313980
-1.477924
-1.522777
-1.522001
-1.537435
-1.610602
-1.672616
-1.707619
-1.628315
-1.561955
-1.491257
-1.354137
-1.159411
-1.098358
-0.986136
-0.888000
-0.888000
-0.888000
-0.892956
-1.056693
-1.261209
-1.391033
-1.426781
-1.455878
-1.514338
-1.630365
-1.742369
-1.812077
-1.757812
-1.687802
-1.691412
-1.675453
-1.593032
-1.468051
-1.312534
-1.112833
-0.911098
-0.888000
-0.930797
-1.124727
-1.327590
-1.483513
-1.528025
-1.550896
-1.588277
-1.674217
-1.764004
-1.826790
-1.817358
-1.719787
-1.623396
-1.494553
-1.353481
-1.286582
-1.176001
-1.011903
-0.888000
-0.888000
-0.901178
-1.071090
-1.272623
-1.383656
-1.410553
-1.448736
-1.528270
-1.656705
-1.779637
-1.889180
-1.842293
-1.755157
-1.650906
-1.647878
-1.595377
-1.487216
-1.345746
-1.152152
-0.950297
-0.888000
-0.920966
-1.105517
-1.307169
-1.409320
-1.418064
-1.424768
-1.472474
-1.576823
-1.649189
-1.711155
-1.725870
-1.649788
-1.567572
-1.444834
-1.255448
-1.149036
-1.053606
-0.895861
-0.888000
-0.888000
-0.895299
-1.062506
-1.267104
-1.381496
-1.412982
-1.441950
-1.491441
-1.589488
-1.686438
-1.795790
-1.749393
-1.679884
-1.605065
-1.606284
-1.554805
-1.445931
-1.301638
-1.110330
-0.908435
-0.888000
-0.915816
-1.098274
-1.300560
-1.418578
-1.435991
-1.424928
-1.449330
-1.545994
-1.614659
-1.662236
-1.661360
-1.585062
-1.504995
-1.376279
-1.180603
-1.031384
-0.924961
-0.888000
-0.888000
-0.888000
-0.888000
-1.012036
-1.215834
-1.343760
-1.400936
-1.421779
-1.453332
-1.514497
-1.585863
-1.687496
-1.693614
-1.644779
-1.562471
-1.553714
-1.531804
-1.439893
-1.306757
-1.132480
-0.924258
-0.888000
-0.896278
-1.039226
-1.241544
-1.392058
-1.436086
-1.451303
-1.480402
-1.572148
-1.664196
-1.737603
-1.738118
-1.665429
-1.598372
-1.503323
-1.380738
-1.332642
-1.225392
-1.073507
-0.887750
-0.888000
-0.896776
-1.041847
-1.241410
-1.354668
-1.366585
-1.376242
-1.473323
-1.617901
-1.742490
-1.855914
-1.770086
-1.674157
-1.579291
-1.545922
-1.552887
-1.485205
-1.366581
-1.213400
-1.015660
-0.888000
-0.898599
-1.054706
-1.256251
-1.440464
-1.507798
-1.521527
-1.558132
-1.654897
-1.749389
-1.822383
-1.774921
-1.687220
-1.611479
-1.505576
-1.410896
-1.360410
-1.255331
-1.110900
-0.916472
-0.888000
-0.895569
-1.043617
-1.247714
-1.397701
-1.435205
-1.442916
-1.482716
-1.593774
-1.700629
-1.805855
-1.751705
-1.667185
-1.581957
-1.532531
-1.505297
-1.427193
-1.301349
-1.138732
-0.938091
-0.888000
-0.899145
-1.053349
-1.254743
-1.407855
-1.453235
-1.459018
-1.490978
-1.596515
-1.692118
-1.760092
-1.694709
-1.629426
-1.567112
-1.456623
-1.311067
-1.265877
-1.154430
-0.996973
-0.888000
-0.888000
-0.894282
-1.033531
-1.235307
-1.385043
-1.440550
-1.447845
-1.476931
-1.577687
-1.687183
-1.755742
-1.688749
-1.622310
-1.550564
-1.428237
-1.374624
-1.327733
-1.223471
-1.087453
-0.900722
-0.888000
-0.888000
-1.006306
-1.210237
-1.402948
-1.475580
-1.479722
-1.506596
-1.580418
-1.684797
-1.777068
-1.706161
-1.628365
-1.541778
-1.464077
-1.458366
-1.382541
-1.256269
-1.094930
-0.894934
-0.888000
-0.888125
-0.986583
-1.187689
-1.387447
-1.479759
-1.486834
-1.521215
-1.628414
-1.750703
-1.821439
-1.731969
-1.639101
-1.541389
-1.470470
-1.439061
-1.352311
-1.201119
-1.017976
-0.888000
-0.888000
-0.888000
-0.999288
-1.202880
-1.403349
-1.479570
-1.462584
-1.456511
-1.531267
-1.642895
-1.709669
-1.699137
-1.634187
-1.538256
-1.373497
-1.258097
-1.223079
-1.116012
-0.982826
-0.888000
-0.888000
-0.888000
-0.981991
-1.185223
-1.381801
-1.450603
-1.445683
-1.482305
-1.602892
-1.737469
-1.820843
-1.780253
-1.694478
-1.611021
-1.590472
-1.559362
-1.477880
-1.350674
-1.195596
-0.996526
-0.888000
-0.888000
-1.015814
-1.218948
-1.419826
-1.508249
-1.519287
-1.545241
-1.631346
-1.726702
-1.799785
-1.741785
-1.654618
-1.590040
-1.496947
-1.336912
-1.283239
-1.186907
-1.056022
-0.887553
-0.888000
-0.888000
-0.992447
-1.196146
-1.361954
-1.414901
-1.414750
-1.448711
-1.525804
-1.637476
-1.730448
-1.726521
-1.657429
-1.590303
-1.535976
-1.502312
-1.412762
-1.279327
-1.112954
-0.910310
-0.888000
-0.888000
-0.989813
-1.193152
-1.395495
-1.498063
-1.505565
-1.506923
-1.562131
-1.646250
-1.695175
-1.628983
-1.573311
-1.518345
-1.400265
-1.203260
-1.135076
-1.028861
-0.892979
-0.903876
-0.888000
-0.888000
-0.931042
-1.134786
-1.318112
-1.409977
-1.442421
-1.471608
-1.515104
-1.580735
-1.603540
-1.597845
-1.550787
-1.472488
-1.332088
-1.324694
-1.255074
-1.132708
-0.973969
-0.888000
-0.888000
-0.888000
-0.934660
-1.137754
-1.308445
-1.418738
-1.447217
-1.454448
-1.509084
-1.629860
-1.730348
-1.715374
-1.645286
-1.557185
-1.433746
-1.430544
-1.365891
-1.233067
-1.062360
-0.887962
-0.888000
-0.888000
-0.969191
-1.172080
-1.375549
-1.475556
-1.481623
-1.489659
-1.568782
-1.688762
-1.772490
-1.759945
-1.685609
-1.600536
-1.461912
-1.350758
-1.323524
-1.225652
-1.107249
-0.922828
-0.888000
-0.888000
-0.955267
-1.155586
-1.357091
-1.446278
-1.452664
-1.476531
-1.581285
-1.717415
-1.805429
-1.792626
-1.704221
-1.604178
-1.456537
-1.436714
-1.375472
-1.257214
-1.111977
-0.910890
-0.888000
-0.888000
-0.960568
-1.162699
-1.362863
-1.439945
-1.431406
-1.432636
-1.508617
-1.625570
-1.691596
-1.687610
-1.629223
-1.571839
-1.473360
-1.292098
-1.156249
-1.077013
-0.965778
-0.888000
-0.888000
-0.888000
-0.942573
-1.145582
-1.349186
-1.437108
-1.465110
-1.492618
-1.570874
-1.692741
-1.777379
-1.778927
-1.722451
-1.666902
-1.679109
-1.647304
-1.562246
-1.431274
-1.273267
-1.070331
-0.887999
-0.888000
-0.986147
-1.189551
-1.392862
-1.519637
-1.554332
-1.567498
-1.605582
-1.675451
-1.739022
-1.717155
-1.612244
-1.545113
-1.478098
-1.362905
-1.320662
-1.234606
-1.120101
-0.949489
-0.888000
-0.888000
-0.908042
-1.112816
-1.310304
-1.405330
-1.433495
-1.473548
-1.534877
-1.624683
-1.693138
-1.670687
-1.608817
-1.553177
-1.455119
-1.405930
-1.364767
-1.260967
-1.128296
-0.936709
-0.888000
-0.888000
-0.902842
-1.107639
-1.308811
-1.473498
-1.573009
-1.600860
-1.621749
-1.650058
-1.663359
-1.564914
-1.496180
-1.461328
-1.407876
-1.367186
-1.353478
-1.267614
-1.156103
-0.985819
-0.888000
-0.888009
-0.915202
-1.115249
-1.314975
-1.475269
-1.544679
-1.585239
-1.635527
-1.740364
-1.826638
-1.737658
-1.665032
-1.588470
-1.600532
-1.612104
-1.557520
-1.446419
-1.307270
-1.111073
-0.907651
-0.887984
-0.938947
-1.141135
-1.346791
-1.539782
-1.630959
-1.653756
-1.672486
-1.752184
-1.841681
-1.770901
-1.698425
-1.639091
-1.649664
-1.683238
-1.652410
-1.553371
-1.420164
-1.237722
-1.034027
-0.887997
-0.953546
-1.156312
-1.359477
-1.516738
-1.607073
-1.692815
-1.816780
-1.963665
-2.058580
-1.984378
-1.928682
-1.888884
-1.915615
-1.873124
-1.783410
-1.644365
-1.485252
-1.285533
-1.079343
-0.887996
-0.967896
-1.172068
-1.375789
-1.523876
-1.598396
-1.669103
-1.766860
-1.905946
-2.014119
-1.993524
-1.892893
-1.795601
-1.696837
-1.678240
-1.619500
-1.505365
-1.375995
-1.187361
-0.985530
-0.888000
-0.963491
-1.163826
-1.367206
-1.477157
-1.490829
-1.503609
-1.593519
-1.724557
-1.805121
-1.847698
-1.758855
-1.661248
-1.528571
-1.404057
-1.373961
-1.278379
-1.153808
-0.984150
-0.888000
-0.888000
-0.923979
-1.114642
-1.314907
-1.414330
-1.419735
-1.428285
-1.527702
-1.659471
-1.725001
-1.775954
-1.698248
-1.598128
-1.457574
-1.448949
-1.409618
-1.307669
-1.162524
-0.975619
-0.888000
-0.888000
-0.923097
-1.112506
-1.314898
-1.434874
-1.450035
-1.434916
-1.490545
-1.605556
-1.690334
-1.753403
-1.692246
-1.619205
-1.510817
-1.327348
-1.216632
-1.143952
-1.026756
-0.887986
-0.888000
-0.888000
-0.913222
-1.091460
-1.292217
-1.405142
-1.429346
-1.441906
-1.550538
-1.689301
-1.786291
-1.839006
-1.741966
-1.646279
-1.545577
-1.555186
-1.502799
-1.401645
-1.261352
-1.077117
-0.887997
-0.888000
-0.926419
-1.120520
-1.322534
-1.447069
-1.472319
-1.478185
-1.526720
-1.632308
-1.716543
-1.795772
-1.757747
-1.678373
-1.592714
-1.455962
-1.261430
-1.207047
-1.101093
-0.944231
-0.888000
-0.888000
-0.899810
-1.068706
-1.271649
-1.378201
-1.409214
-1.439901
-1.512016
-1.642301
-1.760730
-1.862761
-1.806793
-1.719318
-1.625512
-1.611806
-1.564052
-1.457515
-1.316226
-1.125874
-0.917938
-0.888000
-0.909705
-1.087990
-1.291743
-1.404401
-1.419834
-1.424869
-1.457559
-1.558399
-1.635529
-1.703950
-1.692420
-1.619750
-1.543333
-1.421693
-1.231345
-1.134210
-1.031796
-0.887477
-0.888000
-0.888000
-0.893829
-1.060318
-1.263053
-1.353797
-1.385976
-1.405593
-1.449621
-1.534917
-1.623807
-1.732260
-1.703924
-1.634721
-1.555044
-1.550082
-1.523038
-1.428365
-1.297459
-1.124550
-0.918433
-0.888000
-0.897192
-1.069086
-1.271453
-1.418208
-1.469522
-1.493154
-1.530837
-1.627677
-1.729179
-1.791993
-1.727912
-1.644687
-1.576314
-1.475989
-1.400961
-1.346091
-1.240394
-1.097262
-0.901714
-0.888000
-0.894631
-1.041595
-1.245049
-1.380582
-1.422354
-1.445390
-1.491444
-1.591261
-1.674277
-1.756256
-1.688990
-1.619230
-1.539737
-1.409952
-1.414052
-1.345054
-1.227887
-1.074227
-0.887769
-0.888000
-0.895739
-1.047822
-1.252008
-1.417418
-1.472559
-1.496981
-1.533332
-1.638998
-1.734908
-1.819090
-1.740239
-1.655834
-1.556853
-1.475332
-1.482977
-1.418646
-1.303064
-1.159548
-0.969009
-0.888000
-0.900282
-1.063412
-1.263448
-1.430601
-1.493242
-1.527915
-1.617279
-1.770066
-1.893198
-1.963905
-1.861221
-1.754945
-1.637734
-1.627852
-1.595619
-1.504783
-1.363476
-1.187772
-0.983772
-0.888000
-0.899811
-1.063889
-1.267717
-1.438537
-1.493137
-1.486161
-1.507125
-1.615021
-1.727165
-1.792265
-1.752926
-1.663519
-1.549369
-1.384536
-1.339742
-1.257048
-1.117553
-0.934919
-0.888000
-0.888000
-0.895279
-1.034454
-1.238289
-1.384206
-1.411888
-1.411836
-1.441837
-1.555847
-1.663229
-1.754461
-1.729642
-1.659331
-1.585614
-1.467355
-1.390458
-1.344858
-1.241333
-1.105705
-0.917018
-0.888000
-0.896821
-1.045013
-1.245075
-1.403079
-1.456124
-1.478013
-1.556692
-1.699045
-1.821347
-1.895753
-1.799798
-1.710424
-1.632570
-1.586810
-1.556423
-1.467868
-1.331161
-1.157742
-0.952985
-0.888000
-0.888000
-1.023980
-1.225172
-1.392480
-1.442904
-1.441112
-1.467424
-1.569233
-1.679574
-1.763525
-1.716298
-1.648642
-1.579504
-1.460666
-1.270732
-1.210121
-1.100544
-0.960296
-0.888000
-0.888000
-0.888000
-0.983243
-1.184272
-1.356396
-1.401076
-1.400753
-1.455458
-1.586448
-1.715952
-1.806064
-1.750396
-1.666866
-1.593626
-1.575184
-1.545088
-1.462795
-1.327166
-1.158394
-0.953365
-0.888000
-0.888000
-1.018865
-1.222402
-1.423045
-1.503652
-1.508142
-1.521366
-1.602072
-1.697321
-1.781343
-1.756313
-1.674973
-1.605139
-1.505715
-1.345365
-1.280192
-1.185332
-1.056644
-0.887802
-0.888000
-0.888000
-0.987441
-1.190960
-1.371945
-1.422679
-1.431896
-1.468078
-1.572864
-1.706069
-1.815595
-1.791043
-1.731691
-1.648075
-1.670682
-1.627579
-1.532714
-1.392472
-1.219585
-1.013814
-0.888000
-0.888000
-1.001765
-1.205461
-1.408089
-1.514781
-1.535100
-1.551095
-1.603594
-1.667315
-1.727058
-1.688115
-1.580223
-1.500631
-1.403889
-1.241291
-1.166966
-1.060601
-0.913056
-0.888000
-0.888000
-0.888000
-0.971044
-1.175065
-1.347899
-1.441273
-1.475298
-1.507826
-1.548384
-1.613217
-1.691873
-1.640494
-1.584712
-1.528807
-1.531673
-1.531761
-1.464241
-1.343916
-1.189338
-0.993877
-0.888000
-0.888000
-1.004029
-1.207579
-1.409307
-1.509822
-1.535191
-1.556617
-1.631871
-1.739423
-1.823476
-1.740193
-1.659176
-1.583397
-1.454727
-1.444719
-1.411895
-1.310944
-1.180156
-1.007388
-0.888000
-0.888000
-1.009446
-1.213080
-1.414888
-1.505472
-1.531026
-1.570813
-1.680141
-1.817716
-1.898087
-1.809795
-1.737687
-1.652515
-1.667421
-1.629006
-1.541097
-1.402661
-1.233554
-1.027863
-0.888000
-0.888000
-0.994333
-1.197200
-1.401137
-1.543002
-1.585514
-1.593337
-1.626570
-1.693278
-1.761905
-1.682609
-1.606211
-1.547738
-1.437935
-1.282492
-1.239094
-1.129590
-0.993241
-0.888000
-0.888000
-0.888000
-0.945459
-1.148561
-1.343109
-1.408496
-1.419066
-1.452820
-1.520939
-1.626311
-1.694405
-1.716629
-1.635871
-1.535101
-1.423235
-1.405327
-1.330082
-1.197130
-1.032969
-0.888000
-0.888000
-0.888000
-0.958503
-1.161269
-1.365662
-1.481080
-1.479599
-1.473609
-1.519916
-1.621370
-1.709110
-1.706319
-1.644459
-1.579947
-1.466367
-1.273277
-1.195301
-1.092217
-0.954716
-0.888000
-0.888046
-0.888000
-0.931056
-1.133980
-1.337536
-1.427006
-1.457361
-1.490485
-1.559002
-1.677360
-1.777931
-1.799461
-1.734808
-1.668654
-1.641234
-1.607365
-1.519614
-1.387354
-1.232014
-1.027603
-0.888000
-0.888000
-0.973453
-1.176494
-1.380309
-1.509843
-1.543319
-1.549654
-1.576370
-1.613613
-1.643842
-1.594026
-1.478204
-1.392218
-1.287851
-1.115698
-1.070791
-0.942792
-0.888000
-0.888000
-0.888000
-0.888000
-0.929414
-1.133986
-1.337444
-1.494795
-1.555362
-1.571025
-1.559373
-1.527713
-1.479520
-1.475093
-1.462053
-1.430302
-1.337743
-1.357571
-1.296831
-1.173055
-1.020834
-0.888000
-0.888000
-0.888000
-0.942837
-1.145956
-1.345024
-1.462353
-1.493833
-1.511440
-1.537525
-1.603211
-1.642146
-1.631539
-1.581925
-1.519776
-1.396895
-1.198486
-1.140060
-1.027419
-0.889461
-0.912466
-0.923448
-0.888000
-0.888000
-1.094191
-1.295053
-1.417076
-1.457911
-1.483828
-1.519481
-1.577794
-1.606871
-1.618391
-1.559829
-1.479886
-1.351298
-1.365973
-1.305746
-1.197876
-1.058537
-0.887999
-0.888000
-0.887993
-0.893408
-1.098528
-1.300995
-1.454828
-1.521579
-1.554297
-1.579514
-1.652736
-1.722397
-1.713444
-1.645808
-1.575531
-1.451382
-1.397842
-1.368951
-1.276562
-1.159820
-0.997172
-0.888000
-0.888000
-0.931420
-1.135186
-1.340420
-1.462870
-1.483756
-1.502245
-1.586716
-1.726684
-1.832101
-1.850190
-1.808167
-1.719535
-1.770850
-1.746761
-1.664969
-1.543489
-1.396676
-1.198866
-0.997521
-0.888000
-0.963977
-1.166808
-1.371605
-1.543777
-1.627891
-1.692273
-1.771571
-1.909845
-2.031262
-2.018487
-1.914861
-1.803889
-1.713760
-1.700526
-1.633773
-1.514562
-1.369994
-1.172708
-0.966671
-0.888000
-0.959359
-1.161769
-1.365315
-1.448382
-1.461371
-1.486683
-1.574324
-1.697988
-1.795171
-1.879535
-1.802239
-1.700544
-1.580928
-1.407351
-1.388107
-1.296827
-1.181954
-1.008223
-0.888000
-0.888000
-0.948747
-1.141326
-1.334278
-1.401862
-1.393388
-1.408960
-1.537855
-1.685691
-1.772473
-1.805760
-1.719455
-1.628960
-1.511132
-1.406676
-1.370100
-1.272112
-1.142938
-0.964741
-0.888000
-0.888000
-0.952358
-1.154541
-1.352244
-1.427270
-1.420945
-1.426729
-1.528948
-1.656126
-1.723077
-1.758484
-1.688488
-1.615926
-1.507414
-1.327468
-1.317042
-1.232565
-1.103977
-0.938836
-0.888000
-0.888000
-0.914684
-1.097498
-1.300722
-1.408722
-1.417979
-1.423699
-1.512180
-1.639153
-1.715696
-1.780677
-1.703022
-1.603411
-1.473272
-1.465322
-1.421384
-1.315648
-1.167504
-0.976451
-0.888000
-0.888000
-0.921088
-1.107893
-1.310985
-1.439041
-1.459034
-1.453968
-1.488951
-1.585161
-1.660085
-1.727640
-1.666027
-1.604675
-1.522044
-1.361767
-1.160891
-1.106372
-0.997191
-0.887986
-0.888000
-0.888000
-0.891900
-1.052083
-1.255245
-1.379870
-1.410957
-1.437082
-1.532887
-1.681115
-1.806071
-1.872098
-1.808450
-1.724884
-1.707524
-1.692819
-1.611488
-1.486739
-1.327499
-1.126618
-0.919528
-0.888000
-0.926954
-1.118387
-1.323153
-1.464499
-1.486735
-1.494791
-1.525781
-1.582370
-1.660622
-1.712432
-1.729402
-1.637234
-1.554959
-1.450172
-1.289802
-1.237646
-1.134193
-0.978118
-0.888000
-0.888000
-0.901420
-1.071455
-1.271837
-1.378987
-1.405733
-1.449071
-1.554594
-1.691861
-1.820583
-1.935605
-1.878032
-1.806420
-1.744421
-1.745143
-1.673875
-1.557441
-1.404805
-1.205215
-1.003840
-0.888000
-0.926288
-1.116137
-1.320240
-1.439104
-1.453796
-1.460930
-1.508414
-1.577111
-1.635958
-1.699348
-1.725445
-1.614306
-1.496021
-1.340744
-1.144276
-1.023011
-0.914148
-0.888000
-0.888000
-0.888000
-0.888000
-1.053553
-1.258415
-1.378576
-1.436681
-1.474202
-1.517943
-1.579493
-1.659704
-1.775789
-1.757297
-1.705241
-1.690893
-1.703929
-1.637738
-1.523885
-1.380049
-1.186889
-0.985440
-0.888000
-0.905639
-1.066594
-1.270097
-1.445225
-1.505505
-1.531116
-1.575226
-1.637243
-1.709232
-1.785732
-1.830667
-1.732882
-1.625607
-1.490376
-1.299656
-1.199897
-1.091541
-0.931078
-0.888000
-0.888000
-0.892319
-1.019207
-1.222827
-1.373124
-1.423968
-1.468320
-1.550051
-1.676100
-1.805664
-1.929392
-1.874682
-1.809763
-1.763035
-1.769437
-1.701993
-1.588967
-1.432247
-1.240753
-1.039474
-0.888000
-0.908503
-1.082351
-1.286140
-1.435078
-1.473187
-1.487386
-1.538009
-1.605515
-1.678642
-1.757104
-1.817152
-1.746280
-1.631550
-1.494145
-1.308836
-1.163595
-1.069044
-0.916982
-0.888000
-0.888000
-0.890685
-1.011783
-1.215907
-1.373240
-1.431697
-1.486895
-1.552453
-1.673755
-1.800968
-1.924337
-1.885545
-1.831573
-1.816888
-1.839463
-1.791565
-1.685412
-1.541244
-1.359987
-1.159080
-0.958099
-0.896709
-1.051661
-1.255308
-1.439758
-1.520113
-1.563494
-1.620638
-1.717826
-1.815582
-1.910443
-1.949164
-1.841338
-1.727498
-1.606940
-1.499929
-1.422843
-1.304453
-1.137304
-0.937662
-0.888000
-0.896641
-1.042240
-1.239849
-1.380200
-1.428001
-1.467906
-1.573629
-1.725550
-1.851270
-1.951563
-1.940952
-1.856045
-1.753790
-1.713890
-1.685606
-1.596824
-1.465181
-1.292326
-1.088095
-0.887999
-0.892866
-1.033669
-1.237239
-1.384954
-1.422465
-1.447113
-1.489648
-1.598163
-1.711756
-1.810159
-1.862251
-1.767435
-1.678293
-1.590018
-1.460272
-1.419473
-1.319816
-1.176553
-0.996137
-0.888000
-0.888000
-0.989576
-1.189001
-1.385841
-1.477281
-1.523388
-1.625484
-1.761060
-1.894909
-1.968449
-1.903780
-1.831701
-1.807849
-1.810489
-1.742518
-1.627002
-1.471401
-1.289696
-1.079096
-0.887996
-0.892880
-1.034224
-1.238293
-1.440514
-1.545830
-1.594273
-1.620218
-1.691298
-1.819829
-1.904860
-1.948771
-1.856608
-1.744585
-1.626095
-1.580297
-1.515727
-1.399536
-1.241315
-1.040115
-0.887999
-0.888000
-0.975809
-1.178758
-1.335622
-1.378719
-1.401847
-1.457422
-1.573045
-1.688192
-1.783585
-1.791435
-1.720367
-1.625888
-1.472981
-1.459051
-1.395995
-1.274400
-1.114624
-0.909679
-0.888000
-0.888000
-0.984155
-1.187727
-1.384059
-1.464492
-1.481729
-1.503552
-1.558380
-1.650165
-1.723935
-1.680704
-1.616440
-1.543419
-1.408988
-1.260636
