-1.876075
-1.923188
-1.900838
-1.880277
-1.846721
-1.802717
-1.776628
-1.924060
-2.031970
-2.057679
-2.021454
-1.939688
-1.866451
-1.791597
-1.667750
-1.528730
-1.408579
-1.332354
-1.172450
-1.015858
-0.888000
-0.888000
-0.888000
-0.888000
-0.888000
-0.888000
-0.888000
-0.888000
-0.888056
-0.888130
-0.888124
-0.888140
-0.888047
-0.888018
-0.888132
-0.888107
-0.888108
-0.888075
-0.888163
-0.898243
-0.983149
-1.076038
-1.216250
-1.335932
-1.402362
-1.477083
-1.531348
-1.590318
-1.643513
-1.685471
-1.656826
-1.613487
-1.690400
-1.683080
-1.562226
-1.559944
-1.670930
-1.778564
-1.876071
-1.960686
-2.030128
-2.068798
-2.090200
-2.097190
-2.093134
-2.076663
-2.048371
-2.009790
-1.970031
-2.121109
-2.271151
-2.341665
-2.387829
-2.357248
-2.331414
-2.309355
-2.269126
-2.295075
-2.378592
-2.425259
-2.312803
-2.146332
-2.014904
-1.914997
-1.821476
-1.644876
-1.659114
-1.701651
-1.741624
-1.809712
-1.891968
-2.043054
-2.239103
-2.385043
-2.471103
-2.548834
-2.591099
-2.573590
-2.569841
-2.570011
-2.537219
-2.378855
-2.206203
-2.101436
-2.044233
-2.002115
-2.061578
-2.111792
-2.158514
-2.200876
-2.228903
-2.308547
-2.416794
-2.502610
-2.560990
-2.595685
-2.609488
-2.602866
-2.574435
-2.530223
-2.466586
-2.371610
-2.303329
-2.284393
-2.336739
-2.391549
-2.442766
-2.480433
-2.503012
-2.507176
-2.488485
-2.486063
-2.529477
-2.582844
-2.620491
-2.642027
-2.654564
-2.624026
-2.563458
-2.545416
-2.546798
-2.498224
-2.412103
-2.278278
-2.204392
-2.157545
-2.113830
-2.075009
-2.096212
-2.112535
-2.120910
-2.233042
-2.348961
-2.453299
-2.517368
-2.560538
-2.608565
-2.622732
-2.551752
-2.503291
-2.461452
-2.393694
-2.232962
-2.099293
-2.041942
-2.006021
-1.999399
-2.048702
-2.089000
-2.121383
-2.145315
-2.203120
-2.180851
-2.242224
-2.370317
-2.471174
-2.522903
-2.546759
-2.556977
-2.534979
-2.487905
-2.418476
-2.292096
-2.175989
-2.195242
-2.224981
-2.288306
-2.350093
-2.396501
-2.425949
-2.434205
-2.416219
-2.425921
-2.452547
-2.506196
-2.563453
-2.598553
-2.623475
-2.631729
-2.603228
-2.592210
-2.573776
-2.514301
-2.391240
-2.237854
-2.161026
-2.122791
-2.074297
-2.071450
-2.104834
-2.134251
-2.157593
-2.242179
-2.280553
-2.406126
-2.519050
-2.582945
-2.614554
-2.622089
-2.602057
-2.548595
-2.470553
-2.374574
-2.240912
-2.150424
-2.157757
-2.221561
-2.277221
-2.328156
-2.364224
-2.384391
-2.384217
-2.365637
-2.403366
-2.491028
-2.566262
-2.612671
-2.647030
-2.672830
-2.645742
-2.583962
-2.552167
-2.513394
-2.431967
-2.329765
-2.211318
-2.133158
-2.075169
-2.031443
-2.072132
-2.103778
-2.130503
-2.159543
-2.215324
-2.314880
-2.452594
-2.540477
-2.578966
-2.600692
-2.603593
-2.594962
-2.531849
-2.448869
-2.367507
-2.265631
-2.267246
-2.328868
-2.387335
-2.444711
-2.491241
-2.522540
-2.535618
-2.526480
-2.499702
-2.530717
-2.579725
-2.612349
-2.637228
-2.655935
-2.651090
-2.616438
-2.603873
-2.581638
-2.515511
-2.409987
-2.268983
-2.194236
-2.166753
-2.149707
-2.199847
-2.245613
-2.285173
-2.308702
-2.313970
-2.373971
-2.488630
-2.572403
-2.612276
-2.631433
-2.641159
-2.611120
-2.570374
-2.514053
-2.423762
-2.294454
-2.178294
-2.143521
-2.141587
-2.188430
-2.246238
-2.292815
-2.326166
-2.339038
-2.333446
-2.385489
-2.480180
-2.549541
-2.592132
-2.625362
-2.645179
-2.619037
-2.580249
-2.539839
-2.452237
-2.312686
-2.172443
-2.102182
-2.077542
-2.070143
-2.121401
-2.172352
-2.210984
-2.230730
-2.254236
-2.345855
-2.469495
-2.564057
-2.609326
-2.630147
-2.646824
-2.625694
-2.584329
-2.526991
-2.434687
-2.289981
-2.156588
-2.095001
-2.092858
-2.136195
-2.203234
-2.258082
-2.297224
-2.318693
-2.321480
-2.365525
-2.463135
-2.543838
-2.588895
-2.620918
-2.651968
-2.633425
-2.576568
-2.516165
-2.419364
-2.260177
-2.117396
-2.061651
-2.047174
-2.057382
-2.107458
-2.155160
-2.186030
-2.197580
-2.229365
-2.276224
-2.380906
-2.489923
-2.559836
-2.589561
-2.592876
-2.580642
-2.554038
-2.501601
-2.420170
-2.275007
-2.135612
-2.075274
-2.084309
-2.146699
-2.219149
-2.277920
-2.321508
-2.347612
-2.352432
-2.368560
-2.450907
-2.526732
-2.574532
-2.609047
-2.642749
-2.647686
-2.608824
-2.572227
-2.503311
-2.371629
-2.230056
-2.146372
-2.129613
-2.135262
-2.189456
-2.240583
-2.274722
-2.288919
-2.315698
-2.395160
-2.500417
-2.587925
-2.627745
-2.641061
-2.653848
-2.632967
-2.594757
-2.541363
-2.467620
-2.341397
-2.199779
-2.129864
-2.153337
-2.226997
-2.298717
-2.356767
-2.399218
-2.424115
-2.427263
-2.434472
-2.497705
-2.556026
-2.590479
-2.617522
-2.643743
-2.644040
-2.618495
-2.584664
-2.513935
-2.378777
-2.235264
-2.136489
-2.127929
-2.156080
-2.217219
-2.274154
-2.314390
-2.334864
-2.348525
-2.421979
-2.509327
-2.588230
-2.629135
-2.645845
-2.660892
-2.646742
-2.611421
-2.561652
-2.486520
-2.351775
-2.199696
-2.121563
-2.136212
-2.206949
-2.277582
-2.334358
-2.374409
-2.395510
-2.394742
-2.403085
-2.475247
-2.543326
-2.582830
-2.611504
-2.639749
-2.639226
-2.609152
-2.576572
-2.507163
-2.375761
-2.235836
-2.137476
-2.123757
-2.146800
-2.207474
-2.263648
-2.302903
-2.322253
-2.338299
-2.411789
-2.501810
-2.580279
-2.620166
-2.639807
-2.658859
-2.650058
-2.614929
-2.573287
-2.501034
-2.369891
-2.231883
-2.143770
-2.143315
-2.208630
-2.278853
-2.336907
-2.377874
-2.399810
-2.399946
-2.407685
-2.480703
-2.544631
-2.578289
-2.605535
-2.634891
-2.636848
-2.606131
-2.567543
-2.492722
-2.355141
-2.213663
-2.124475
-2.119172
-2.163377
-2.226401
-2.283005
-2.322424
-2.341777
-2.347144
-2.399732
-2.488967
-2.566143
-2.605964
-2.628319
-2.650237
-2.643443
-2.612112
-2.571030
-2.494944
-2.354613
-2.208550
-2.114329
-2.113121
-2.177312
-2.248183
-2.308234
-2.350681
-2.373760
-2.375209
-2.387494
-2.464044
-2.533639
-2.570954
-2.599484
-2.630143
-2.632726
-2.600377
-2.555642
-2.476459
-2.334083
-2.187396
-2.115781
-2.132065
-2.194607
-2.259983
-2.314953
-2.352445
-2.369779
-2.365401
-2.394288
-2.478131
-2.547388
-2.584319
-2.610844
-2.637104
-2.641008
-2.620896
-2.583748
-2.507579
-2.365313
-2.209387
-2.101391
-2.113488
-2.189286
-2.264950
-2.326074
-2.369813
-2.394172
-2.396026
-2.407293
-2.477528
-2.547395
-2.586396
-2.613470
-2.640239
-2.638087
-2.600701
-2.556804
-2.481014
-2.344993
-2.199391
-2.130862
-2.147618
-2.208701
-2.271326
-2.322302
-2.355496
-2.368559
-2.370616
-2.434252
-2.512976
-2.573227
-2.600012
-2.620351
-2.642595
-2.639307
-2.609181
-2.563645
-2.484404
-2.341837
-2.188304
-2.088697
-2.111077
-2.187385
-2.262680
-2.323006
-2.365843
-2.389412
-2.390513
-2.400928
-2.474545
-2.541773
-2.578392
-2.606639
-2.634771
-2.631137
-2.594277
-2.542986
-2.458806
-2.310287
-2.154195
-2.086942
-2.118220
-2.180388
-2.245406
-2.299678
-2.336068
-2.352087
-2.352530
-2.416068
-2.502144
-2.571083
-2.603128
-2.622560
-2.643026
-2.632671
-2.598653
-2.545913
-2.461361
-2.312110
-2.149637
-2.065229
-2.102755
-2.177351
-2.250551
-2.308026
-2.347168
-2.366330
-2.368971
-2.370853
-2.445814
-2.511630
-2.549392
-2.583527
-2.617615
-2.621529
-2.591863
-2.547807
-2.466083
-2.316325
-2.159834
-2.090659
-2.126118
-2.190562
-2.258048
-2.315612
-2.355117
-2.373597
-2.367925
-2.407638
-2.494260
-2.564087
-2.599309
-2.621367
-2.643321
-2.630705
-2.595438
-2.551045
-2.472727
-2.328582
-2.171647
-2.087851
-2.103831
-2.173353
-2.243067
-2.297818
-2.333237
-2.348258
-2.362161
-2.344074
-2.414527
-2.475454
-2.514546
-2.554650
-2.594028
-2.607342
-2.589684
-2.546202
-2.462765
-2.310104
-2.154098
-2.109976
-2.148845
-2.218252
-2.290083
-2.351489
-2.394538
-2.416057
-2.411836
-2.401785
-2.476558
-2.546314
-2.582961
-2.607300
-2.633307
-2.624194
-2.589858
-2.549184
-2.468867
-2.321172
-2.170650
-2.082319
-2.083934
-2.142016
-2.210036
-2.268546
-2.307815
-2.327435
-2.334485
-2.318750
-2.391636
-2.456691
-2.499223
-2.542017
-2.585608
-2.605881
-2.584320
-2.530282
-2.431839
-2.266320
-2.101470
-2.085908
-2.123539
-2.187696
-2.254188
-2.310206
-2.347256
-2.362434
-2.352749
-2.352591
-2.436389
-2.507317
-2.549341
-2.582686
-2.616766
-2.620059
-2.591069
-2.547134
-2.461853
-2.306524
-2.145177
-2.037606
-2.041268
-2.104594
-2.178010
-2.240858
-2.284533
-2.307593
-2.314097
-2.296151
-2.379867
-2.464894
-2.516653
-2.560188
-2.602095
-2.605127
-2.555279
-2.489197
-2.385756
-2.235971
-2.091653
-2.045578
-2.065710
-2.122020
-2.181233
-2.231100
-2.262007
-2.271877
-2.268941
-2.353014
-2.467934
-2.536931
-2.568706
-2.591732
-2.600950
-2.587792
-2.542757
-2.480165
-2.385240
-2.237575
-2.083191
-1.988539
-1.991746
-2.032446
-2.104956
-2.169526
-2.215535
-2.241847
-2.245716
-2.243658
-2.345819
-2.433935
-2.486196
-2.534938
-2.583053
-2.591668
-2.544228
-2.473029
-2.361849
-2.184965
-2.034327
-1.981743
-2.003292
-2.056952
-2.116913
-2.175550
-2.215027
-2.233239
-2.226642
-2.281490
-2.402651
-2.490587
-2.547052
-2.575656
-2.579048
-2.567909
-2.534743
-2.473615
-2.373446
-2.207404
-2.057720
-1.980137
-2.001073
-2.077235
-2.156131
-2.219745
-2.263952
-2.286614
-2.287952
-2.267287
-2.349738
-2.426246
-2.471974
-2.519940
-2.568891
-2.582716
-2.542707
-2.480307
-2.377075
-2.215101
-2.068507
-2.016512
-2.041519
-2.095629
-2.154786
-2.211230
-2.248266
-2.263645
-2.254060
-2.306100
-2.431180
-2.512380
-2.561142
-2.586671
-2.586419
-2.571677
-2.534119
-2.473043
-2.377448
-2.226121
-2.084074
-2.004701
-2.012343
-2.067500
-2.142410
-2.204004
-2.246003
-2.265644
-2.270319
-2.248186
-2.334763
-2.406340
-2.450173
-2.499234
-2.551613
-2.575862
-2.541201
-2.474001
-2.367763
-2.198189
-2.055211
-2.006304
-2.032046
-2.088578
-2.150129
-2.206983
-2.244325
-2.259968
-2.250341
-2.305496
-2.420972
-2.505802
-2.558489
-2.584852
-2.595684
-2.594186
-2.570918
-2.515749
-2.416886
-2.247330
-2.080204
-1.983577
-1.998688
-2.073969
-2.155774
-2.225716
-2.273761
-2.297422
-2.305573
-2.285767
-2.359004
-2.427281
-2.468560
-2.510060
-2.556103
-2.584361
-2.554695
-2.483562
-2.377649
-2.216201
-2.072398
-2.050210
-2.076000
-2.132315
-2.191665
-2.244738
-2.277613
-2.288283
-2.273601
-2.333589
-2.447127
-2.528410
-2.573495
-2.595432
-2.609414
-2.610960
-2.588960
-2.528464
-2.422101
-2.246246
-2.066787
-1.962653
-1.981375
-2.051380
-2.133131
-2.205896
-2.257178
-2.284621
-2.296212
-2.283498
-2.361560
-2.434745
-2.475529
-2.516337
-2.560517
-2.583852
-2.566598
-2.504414
-2.404772
-2.242818
-2.106945
-2.043937
-2.066598
-2.128650
-2.193092
-2.246172
-2.279080
-2.290069
-2.281887
-2.353290
-2.463778
-2.526170
-2.560606
-2.580809
-2.593303
-2.588639
-2.552139
-2.479518
-2.374864
-2.219712
-2.063793
-1.983854
-2.003399
-2.069646
-2.149829
-2.218891
-2.266613
-2.290210
-2.296765
-2.280198
-2.366093
-2.440690
-2.483109
-2.524093
-2.567969
-2.591628
-2.559957
-2.481597
-2.370166
-2.201281
-2.064688
-2.012656
-2.039986
-2.101203
-2.165340
-2.217876
-2.250292
-2.261201
-2.256271
-2.330605
-2.434095
-2.509703
-2.552940
-2.575879
-2.597128
-2.603212
-2.585193
-2.523566
-2.413281
-2.234712
-2.063917
-1.978219
-2.003237
-2.083616
-2.169112
-2.242013
-2.291671
-2.316390
-2.322943
-2.301198
-2.370219
-2.429535
-2.460979
-2.497524
-2.542773
-2.567279
-2.549461
-2.483965
-2.383063
-2.220447
-2.087225
-2.056355
-2.085531
-2.149109
-2.214478
-2.269870
-2.304953
-2.317788
-2.304626
-2.363800
-2.470900
-2.548426
-2.586754
-2.602983
-2.621229
-2.632731
-2.619645
-2.565523
-2.459846
-2.288680
-2.117353
-2.057932
-2.111287
-2.199582
-2.284376
-2.351285
-2.391929
-2.405953
-2.400231
-2.364797
-2.409999
-2.446239
-2.464797
-2.498348
-2.542177
-2.564948
-2.546053
-2.484073
-2.388113
-2.230893
-2.127913
-2.099600
-2.127807
-2.191293
-2.256747
-2.312137
-2.345999
-2.356276
-2.339048
-2.396044
-2.495767
-2.563780
-2.595747
-2.610612
-2.628854
-2.640555
-2.632588
-2.580523
-2.474867
-2.292563
-2.104057
-2.036443
-2.080681
-2.167508
-2.255808
-2.326708
-2.371722
-2.390216
-2.389258
-2.360135
-2.403517
-2.439664
-2.460292
-2.496824
-2.540142
-2.559449
-2.532983
-2.463177
-2.350080
-2.197669
-2.127778
-2.100692
-2.131055
-2.196016
-2.261919
-2.313733
-2.343610
-2.349910
-2.335509
-2.409926
-2.501046
-2.548487
-2.575194
-2.594585
-2.599052
-2.581836
-2.538049
-2.462947
-2.353973
-2.189057
-2.046014
-1.982447
-2.010607
-2.082871
-2.159461
-2.223232
-2.265485
-2.284268
-2.286347
-2.268069
-2.354236
-2.424497
-2.463240
-2.506749
-2.554394
-2.572361
-2.530601
-2.443397
-2.326246
-2.183025
-2.065826
-2.056273
-2.092683
-2.152812
-2.207738
-2.244499
-2.260441
-2.255257
-2.247560
-2.351331
-2.443244
-2.486233
-2.514790
-2.541472
-2.560942
-2.563591
-2.535836
-2.459345
-2.333782
-2.165035
-2.010121
-1.955185
-1.989430
-2.068557
-2.152352
-2.222098
-2.270092
-2.292513
-2.286830
-2.275607
-2.365886
-2.436248
-2.473383
-2.512835
-2.558096
-2.584660
-2.553359
-2.465206
-2.344226
-2.178643
-2.045421
-2.033700
-2.068192
-2.132862
-2.195809
-2.241071
-2.265480
-2.268698
-2.263763
-2.365944
-2.444665
-2.502940
-2.538240
-2.562826
-2.590201
-2.605971
-2.593273
-2.538291
-2.427321
-2.237727
-2.068311
-2.063875
-2.116394
-2.206154
-2.292852
-2.364011
-2.408238
-2.424801
-2.412352
-2.366089
-2.402402
-2.435899
-2.450101
-2.484808
-2.529375
-2.546402
-2.537315
-2.483068
-2.381230
-2.214437
-2.141450
-2.113714
-2.147992
-2.220487
-2.288217
-2.341122
-2.371858
-2.379097
-2.361271
-2.431238
-2.507469
-2.542362
-2.554763
-2.575272
-2.598436
-2.593724
-2.535023
-2.438721
-2.309116
-2.166361
-2.088246
-2.077228
-2.126512
-2.202366
-2.272212
-2.328284
-2.363009
-2.373907
-2.360710
-2.394172
-2.457621
-2.499255
-2.521590
-2.552872
-2.585070
-2.593452
-2.557244
-2.479985
-2.349913
-2.198525
-2.151243
-2.139708
-2.187148
-2.252334
-2.308604
-2.348237
-2.365806
-2.359436
-2.328306
-2.399595
-2.459150
-2.502280
-2.530306
-2.559507
-2.570128
-2.557616
-2.526315
-2.458751
-2.336946
-2.189009
-2.057024
-2.047665
-2.091871
-2.160191
-2.221115
-2.265884
-2.288014
-2.286018
-2.261704
-2.318232
-2.388519
-2.433673
-2.462785
-2.502657
-2.522461
-2.506421
-2.459850
-2.383796
-2.248757
-2.105340
-2.017303
-2.014711
-2.051064
-2.105717
-2.152233
-2.182111
-2.191078
-2.179174
-2.147504
-2.254601
-2.349527
-2.392908
-2.435564
-2.462864
-2.463854
-2.449182
-2.399534
-2.313728
-2.180259
-2.040222
-1.939941
-1.934920
-1.979970
-2.049369
-2.110900
-2.156199
-2.180671
-2.183667
-2.164032
-2.257504
-2.356201
-2.413412
-2.461821
-2.491691
-2.483422
-2.451607
-2.413537
-2.339179
-2.212760
-2.066142
-1.959502
-1.956864
-1.998355
-2.051734
-2.094806
-2.120873
-2.127094
-2.114039
-2.084174
-2.206052
-2.314425
-2.351087
-2.386180
-2.403573
-2.395666
-2.378704
-2.330073
-2.246951
-2.108524
-1.956868
-1.881384
-1.875368
-1.917715
-1.979966
-2.032521
-2.068263
-2.084322
-2.081312
-2.060464
-2.184870
-2.300396
-2.369253
-2.435291
-2.462410
-2.436554
-2.404980
-2.355938
-2.276044
-2.143404
-1.977109
-1.936793
-1.940745
-1.988529
-2.037409
-2.074103
-2.092161
-2.089700
-2.067394
-2.027765
-2.153385
-2.247623
-2.287255
-2.334229
-2.356145
-2.341558
-2.314543
-2.273798
-2.195506
-2.066266
-1.932682
-1.830022
-1.829658
-1.870397
-1.926374
-1.971096
-1.997874
-2.004874
-1.992880
-1.962623
-2.098996
-2.221332
-2.282641
-2.340645
-2.365857
-2.351276
-2.328848
-2.294319
-2.213664
-2.079586
-1.927353
-1.812438
-1.809469
-1.850348
-1.918413
-1.977495
-2.018251
-2.037930
-2.036906
-2.016392
-2.136809
-2.256601
-2.325485
-2.386262
-2.421580
-2.412406
-2.384068
-2.344211
-2.259324
-2.125216
-1.984774
-1.881555
-1.888410
-1.933068
-1.979590
-2.013868
-2.030315
-2.026994
-2.004746
-1.966744
-2.078551
-2.200332
-2.249348
-2.301301
-2.337264
-2.343631
-2.341022
-2.315194
-2.240389
-2.100875
-1.933524
-1.795990
-1.787786
-1.817871
-1.883257
-1.945416
-1.989725
-2.012679
-2.014531
-1.996506
-2.122746
-2.244501
-2.309614
-2.365952
-2.392254
-2.374098
-2.342303
-2.300558
-2.209117
-2.072571
-1.927694
-1.833050
-1.834539
-1.879613
-1.938003
-1.984402
-2.012119
-2.019165
-2.006521
-1.977047
-2.097764
-2.212201
-2.271399
-2.332773
-2.368318
-2.360852
-2.341268
-2.301390
-2.213158
-2.069295
-1.921835
-1.823398
-1.827736
-1.870953
-1.921175
-1.958923
-1.978411
-1.977654
-1.957274
-1.919080
-2.062177
-2.177084
-2.230666
-2.290218
-2.327434
-2.324183
-2.312924
-2.295283
-2.222215
-2.090333
-1.925415
-1.788652
-1.789249
-1.828771
-1.890420
-1.940935
-1.973006
-1.984179
-1.975076
-1.947723
-2.084123
-2.205636
-2.270592
-2.332863
-2.366343
-2.354671
-2.331958
-2.301470
-2.217237
-2.083166
-1.936296
-1.828125
-1.832973
-1.881376
-1.936941
-1.979566
-2.003424
-2.006272
-1.989059
-1.954393
-2.083732
-2.200118
-2.264748
-2.332535
-2.373800
-2.361493
-2.335132
-2.294732
-2.208390
-2.068969
-1.917388
-1.816642
-1.814617
-1.849941
-1.904925
-1.947903
-1.971036
-1.972648
-1.953423
-1.914978
-2.058145
-2.174676
-2.232411
-2.295964
-2.336482
-2.331542
-2.309825
-2.278636
-2.192444
-2.057491
-1.914831
-1.784662
-1.785805
-1.822051
-1.881877
-1.931948
-1.962089
-1.970199
-1.957060
-1.924529
-2.061294
-2.179195
-2.241084
-2.308937
-2.348771
-2.337915
-2.310961
-2.272903
-2.179526
-2.041552
-1.895697
-1.778455
-1.763017
-1.797943
-1.858084
-1.908405
-1.938841
-1.946941
-1.933192
-1.899023
-2.039733
-2.165003
-2.232284
-2.301979
-2.344161
-2.327109
-2.291451
-2.242782
-2.146032
-2.012284
-1.872081
-1.759795
-1.727253
-1.753120
-1.808584
-1.860327
-1.891393
-1.899992
-1.886473
-1.852085
-1.998166
-2.124945
-2.191578
-2.260335
-2.301149
-2.295774
-2.267640
-2.222138
-2.118503
-1.986494
-1.864133
-1.739503
-1.714219
-1.750879
-1.808199
-1.854826
-1.881654
-1.886400
-1.869372
-1.831552
-1.982744
-2.117330
-2.190665
-2.267089
-2.312113
-2.295423
-2.264287
-2.217965
-2.120331
-1.992801
-1.834706
-1.703109
-1.659154
-1.679662
-1.733593
-1.784031
-1.814216
-1.821798
-1.806857
-1.770430
-1.931226
-2.065057
-2.136603
-2.210860
-2.250611
-2.242622
-2.216185
-2.175401
-2.078009
-1.943703
-1.803001
-1.681286
-1.630305
-1.637990
-1.693790
-1.752061
-1.788110
-1.800459
-1.789993
-1.757124
-1.916142
-2.051949
-2.134963
-2.220695
-2.271503
-2.260887
-2.246528
-2.185465
-2.078225
-1.971820
-1.837696
-1.699112
-1.639854
-1.644958
-1.691643
-1.725832
-1.740556
-1.732552
-1.700859
-1.647022
-1.821799
-1.957679
-2.033611
-2.121446
-2.179015
-2.195770
-2.196599
-2.167309
-2.085818
-1.973227
-1.817079
-1.665854
-1.592092
-1.579731
-1.603046
-1.657101
-1.698775
-1.717040
-1.709909
-1.675595
-1.843336
-1.977244
-2.073044
-2.173691
-2.240828
-2.257564
-2.266954
-2.202419
-2.083940
-1.976562
-1.871162
-1.752111
-1.658147
-1.578430
-1.580703
-1.624456
-1.638746
-1.629992
-1.593101
-1.527035
-1.653708
-1.797387
-1.897944
-2.014679
-2.110237
-2.169735
-2.211651
-2.163975
-2.058887
-1.971758
-1.896083
-1.782784
-1.685419
-1.607500
-1.581372
-1.629659
-1.658116
-1.661143
-1.635111
-1.579339
-1.674552
-1.832949
-1.948631
-2.071698
-2.160530
-2.205891
-2.228529
-2.165330
-2.044687
-1.938053
-1.849957
-1.747878
-1.666868
-1.612026
-1.591896
-1.638867
-1.663910
-1.664548
-1.634464
-1.573970
-1.669003
-1.829219
-1.948210
-2.071943
-2.151800
-2.192008
-2.205577
-2.132819
-2.001017
-1.889339
-1.800461
-1.700645
-1.625608
-1.569197
-1.560429
-1.610568
-1.615963
-1.609623
-1.574881
-1.507345
-1.641166
-1.815675
-1.932558
-2.057186
-2.129785
-2.172676
-2.183048
-2.105149
-1.968417
-1.846935
-1.732237
-1.627445
-1.559960
-1.524275
-1.541448
-1.586580
-1.603765
-1.600725
-1.573350
-1.514604
-1.660879
-1.842460
-1.965174
-2.090573
-2.160848
-2.194569
-2.202809
-2.123444
-1.985003
-1.862725
-1.742561
-1.625527
-1.551567
-1.502395
-1.533913
-1.570174
-1.587250
-1.579521
-1.546361
-1.480589
-1.646875
-1.813043
-1.921883
-2.037585
-2.110847
-2.160316
-2.178520
-2.102525
-1.978250
-1.874919
-1.762846
-1.633607
-1.545741
-1.490337
-1.531524
-1.566926
-1.580335
-1.568874
-1.531490
-1.505352
-1.681206
-1.837892
-1.940354
-2.055503
-2.127656
-2.173934
-2.187859
-2.108748
-1.983817
-1.881254
-1.775977
-1.655131
-1.570126
-1.515525
-1.549506
-1.584204
-1.597747
-1.584731
-1.542555
-1.512071
-1.680725
-1.829328
-1.932497
-2.049742
-2.116184
-2.170298
-2.180377
-2.093498
-1.955306
-1.839586
-1.740651
-1.641407
-1.571995
-1.541497
-1.544367
-1.586063
-1.612243
-1.609834
-1.576247
-1.554466
-1.697066
-1.847420
-1.960740
-2.074797
-2.132529
-2.179285
-2.179986
-2.078827
-1.930320
-1.817097
-1.731926
-1.627126
-1.553586
-1.510434
-1.488874
-1.528666
-1.549424
-1.542416
-1.504022
-1.480628
-1.637402
-1.799050
-1.904316
-2.011517
-2.072901
-2.132014
-2.131668
-2.023373
-1.868370
-1.725233
-1.603402
-1.513531
-1.475878
-1.515845
-1.551830
-1.574706
-1.577543
-1.557979
-1.514429
-1.487694
-1.639623
-1.796985
-1.886882
-1.986789
-2.045230
-2.092893
-2.103412
-2.036416
-1.912359
-1.772522
-1.635805
-1.545769
-1.525429
-1.549416
-1.604571
-1.650150
-1.673074
-1.669635
-1.634944
-1.611022
-1.790657
-1.929931
-2.006068
-2.081658
-2.124050
-2.183278
-2.202890
-2.137206
-2.018813
-1.899860
-1.782559
-1.670724
-1.632878
-1.637318
-1.682513
-1.715644
-1.726353
-1.708617
-1.659559
-1.617857
-1.743670
-1.882772
-1.975893
-2.079052
-2.138093
-2.190692
-2.198702
-2.118042
-1.984914
-1.863536
-1.756684
-1.683430
-1.697141
-1.737103
-1.762958
-1.775481
-1.767318
-1.734182
-1.671788
-1.624475
-1.799616
-1.918949
-1.984715
-2.063276
-2.110129
-2.161325
-2.179069
-2.105604
-1.992341
-1.875864
-1.749524
-1.660705
-1.636577
-1.662933
-1.698467
-1.721450
-1.722683
-1.699399
-1.647178
-1.607228
-1.772122
-1.905559
-1.983916
-2.076228
-2.132867
-2.180733
-2.179942
-2.085295
-1.945544
-1.814513
-1.701385
-1.631861
-1.637960
-1.676775
-1.705058
-1.719460
-1.712975
-1.681683
-1.622171
-1.576195
-1.757733
-1.885943
-1.958522
-2.043510
-2.092587
-2.141319
-2.150401
-2.062356
-1.931590
-1.792381
-1.661365
-1.590382
-1.576038
-1.607011
-1.655246
-1.690453
-1.703315
-1.690333
-1.647313
-1.615100
-1.783325
-1.923954
-1.998853
-2.077197
-2.123624
-2.173054
-2.176836
-2.088582
-1.953476
-1.806041
-1.675115
-1.613129
-1.637105
-1.677533
-1.703506
-1.715247
-1.706264
-1.672829
-1.610463
-1.564238
-1.749050
-1.868012
-1.930687
-2.012805
-2.058536
-2.113368
-2.132960
-2.070516
-1.957028
-1.825813
-1.695522
-1.631221
-1.652054
-1.691661
-1.714029
-1.721787
-1.709136
-1.672262
-1.606243
-1.556253
-1.742626
-1.858258
-1.919186
-1.998411
-2.048953
-2.102448
-2.120274
-2.059717
-1.953394
-1.829511
-1.705907
-1.643842
-1.661747
-1.700100
-1.722224
-1.729224
-1.715381
-1.677082
-1.609600
-1.557199
-1.743386
-1.859152
-1.927257
-2.014462
-2.066236
-2.116779
-2.130612
-2.055137
-1.933518
-1.807887
-1.694036
-1.633858
-1.636797
-1.676222
-1.703182
-1.715351
-1.705978
-1.670725
-1.604753
-1.551717
-1.727225
-1.858929
-1.937840
-2.030523
-2.083072
-2.131791
-2.136326
-2.042787
-1.907989
-1.774263
-1.663895
-1.609042
-1.613025
-1.654762
-1.688666
-1.708021
-1.705238
-1.675973
-1.615732
-1.567119
-1.732510
-1.875415
-1.959284
-2.053942
-2.102750
-2.137402
-2.122514
-2.012939
-1.874650
-1.742395
-1.638121
-1.586970
-1.583469
-1.623819
-1.656264
-1.673956
-1.669035
-1.636654
-1.572758
-1.521855
-1.689809
-1.828893
-1.930292
-2.037723
-2.088322
-2.128624
-2.121413
-2.008343
-1.865379
-1.734030
-1.626951
-1.566539
-1.564204
-1.607001
-1.635164
-1.649102
-1.641588
-1.606491
-1.538128
-1.483526
-1.649603
-1.796401
-1.894468
-2.001975
-2.047367
-2.080376
-2.053819
-1.925326
-1.781740
-1.652293
-1.552319
-1.494014
-1.488156
-1.527533
-1.556140
-1.570086
-1.560726
-1.525455
-1.460566
-1.473174
-1.645315
-1.770260
-1.869446
-1.973795
-2.040208
-2.107226
-2.111566
-2.005585
-1.866746
-1.735196
-1.626726
-1.557331
-1.554575
-1.601077
-1.629300
-1.643444
-1.632584
-1.589224
-1.510777
-1.512651
-1.671102
-1.790249
-1.880510
-1.986321
-2.043069
-2.086590
-2.069115
-1.944732
-1.812360
-1.689976
-1.591010
-1.539527
-1.559036
-1.589314
-1.599354
-1.594507
-1.568062
-1.515565
-1.431699
-1.431412
-1.604346
-1.736753
-1.830976
-1.938205
-1.993121
-2.035578
-2.021163
-1.908466
-1.779384
-1.664405
-1.556794
-1.489486
-1.476101
-1.510921
-1.540332
-1.555217
-1.545991
-1.507517
-1.433295
-1.438420
-1.604286
-1.729520
-1.832401
-1.942812
-1.989300
-2.015983
-1.987044
-1.853051
-1.715356
-1.597937
-1.502723
-1.442332
-1.435435
-1.460389
-1.479662
-1.484824
-1.467675
-1.422337
-1.340140
-1.340480
-1.511804
-1.653391
-1.760209
-1.874817
-1.922535
-1.950946
-1.923017
-1.794911
-1.665600
-1.557868
-1.465143
-1.400371
-1.385211
-1.375332
-1.412963
-1.434834
-1.432370
-1.400590
-1.331556
-1.341600
-1.512128
-1.660156
-1.779662
-1.898678
-1.958398
-2.001278
-1.980288
-1.845788
-1.709488
-1.597245
-1.518557
-1.461416
-1.444404
-1.423167
-1.453615
-1.473731
-1.469075
-1.427950
-1.347147
-1.350942
-1.516093
-1.656573
-1.789170
-1.911357
-1.972922
-2.011849
-2.003163
-1.891254
-1.760347
-1.641213
-1.543477
-1.504621
-1.530377
-1.556108
-1.554132
-1.538528
-1.502152
-1.434773
-1.325557
-1.306441
-1.481023
-1.600705
-1.687757
-1.795449
-1.829471
-1.849457
-1.826772
-1.716487
-1.604216
-1.509621
-1.447929
-1.403555
-1.396145
-1.359661
-1.353898
-1.378237
-1.378363
-1.346658
-1.275812
-1.286174
-1.448425
-1.591914
-1.746682
-1.884106
-1.936826
-1.946322
-1.914894
-1.800474
-1.685430
-1.578708
-1.493673
-1.462159
-1.459252
-1.469559
-1.464602
-1.446913
-1.404378
-1.318652
-1.189661
-1.166417
-1.342226
-1.473209
-1.581061
-1.696626
-1.729084
-1.767594
-1.773833
-1.691092
-1.593767
-1.514469
-1.462957
-1.429874
-1.432782
-1.410652
-1.393768
-1.429659
-1.437718
-1.405890
-1.333291
-1.345525
-1.500190
-1.630691
-1.775194
-1.897646
-1.950657
-1.977254
-1.963490
-1.856181
-1.738111
-1.629089
-1.544654
-1.519952
-1.499730
-1.513325
-1.493722
-1.462084
-1.401984
-1.294916
-1.146300
-1.110344
-1.278468
-1.398392
-1.516744
-1.636417
-1.688585
-1.750280
-1.772928
-1.698305
-1.599530
-1.510597
-1.451796
-1.416708
-1.423713
-1.391227
-1.420139
-1.443758
-1.455042
-1.429848
-1.365782
-1.378678
-1.530085
-1.649694
-1.793121
-1.913813
-1.971073
-1.995370
-1.970512
-1.869949
-1.738727
-1.605334
-1.512727
-1.505817
-1.535478
-1.530275
-1.488242
-1.430595
-1.349026
-1.232935
-1.074490
-1.025045
-1.196633
-1.347471
-1.495475
-1.630604
-1.687557
-1.744695
-1.762385
-1.673959
-1.605851
-1.531922
-1.467223
-1.427152
-1.428228
-1.385078
-1.421533
-1.456607
-1.466382
-1.445265
-1.390838
-1.392515
-1.554258
-1.682444
-1.822179
-1.944442
-2.011273
-2.065658
-2.070921
-1.998356
-1.883954
-1.754190
-1.658599
-1.631760
-1.656319
-1.653636
-1.620697
-1.572280
-1.498731
-1.384759
-1.227402
-1.172710
-1.343870
-1.472648
-1.591882
-1.695443
-1.760091
-1.807316
-1.813615
-1.741524
-1.671517
-1.592240
-1.515290
-1.463148
-1.449743
-1.425721
-1.446016
-1.450144
-1.430127
-1.378050
-1.288783
-1.286842
-1.447701
-1.571174
-1.728185
-1.861600
-1.928115
-1.956632
-1.926452
-1.817031
-1.696404
-1.591613
-1.522856
-1.511175
-1.523670
-1.529080
-1.497289
-1.448422
-1.379611
-1.275773
-1.126255
-1.087499
-1.271919
-1.389887
-1.514852
-1.631431
-1.682591
-1.731069
-1.740094
-1.641905
-1.567556
-1.497965
-1.446309
-1.419489
-1.423558
-1.352942
-1.387920
-1.400880
-1.398124
-1.361004
-1.284563
-1.351118
-1.505298
-1.616019
-1.733839
-1.833194
-1.878746
-1.921475
-1.914193
-1.837227
-1.738011
-1.639158
-1.549106
-1.534521
-1.524293
-1.498868
-1.444447
-1.375211
-1.280759
-1.146059
-0.959781
-1.010373
-1.187192
-1.322106
-1.470985
-1.594292
-1.650919
-1.702414
-1.714400
-1.643367
-1.603633
-1.547228
-1.502969
-1.474188
-1.465436
-1.395751
-1.407591
-1.418427
-1.408413
-1.357155
-1.266463
-1.328012
-1.478092
-1.586932
-1.733329
-1.863305
-1.932178
-1.976040
-1.958915
-1.870642
-1.759644
-1.664428
-1.598711
-1.593376
-1.598585
-1.572339
-1.512764
-1.438063
-1.339758
-1.197053
-1.002385
-1.033423
-1.189464
-1.284224
-1.417716
-1.522683
-1.566389
-1.629339
-1.650314
-1.583410
-1.533898
-1.490342
-1.466423
-1.453728
-1.444403
-1.293691
-1.234401
-1.191853
-1.167092
-1.098202
-0.981781
-1.038235
-1.183588
-1.316173
-1.486371
-1.618915
-1.695829
-1.742585
-1.735248
-1.647067
-1.543062
-1.464442
-1.412047
-1.391689
-1.279797
-1.284273
-1.255092
-1.211458
-1.145202
-1.044815
-0.897162
-1.010017
-1.193098
-1.345201
-1.505733
-1.602439
-1.655652
-1.693371
-1.689764
-1.597549
-1.522240
-1.473042
-1.445071
-1.433881
-1.414161
-1.269660
-1.220720
-1.225304
-1.201373
-1.132521
-1.013676
-1.064574
-1.219169
-1.362716
-1.526175
-1.629043
-1.688644
-1.745744
-1.751298
-1.678889
-1.601161
-1.533908
-1.470680
-1.445815
-1.284394
-1.286613
-1.269315
-1.235947
-1.174684
-1.068346
-0.905582
-1.011060
-1.190687
-1.349319
-1.514752
-1.633508
-1.694878
-1.753328
-1.772188
-1.722963
-1.655177
-1.600155
-1.535011
-1.495565
-1.443834
-1.391937
-1.386816
-1.363743
-1.308893
-1.202972
-1.046548
-1.079966
-1.242513
-1.384242
-1.546852
-1.658861
-1.722324
-1.759213
-1.765481
-1.697068
-1.629079
-1.598627
-1.530230
-1.492573
-1.468266
-1.449980
-1.441844
-1.415045
-1.361122
-1.259985
-1.111842
-1.147877
-1.298091
-1.397697
-1.523697
-1.571437
-1.607452
-1.644310
-1.654751
-1.584205
-1.518290
-1.472949
-1.449389
-1.434773
-1.413911
-1.219850
-1.205633
-1.182320
-1.143132
-1.050739
-0.900275
-1.007540
-1.156963
-1.309674
-1.463537
-1.560650
-1.616653
-1.674515
-1.694623
-1.624202
-1.544897
-1.488141
-1.447789
-1.439722
-1.337090
-1.157662
-1.166970
-1.125679
-1.075865
-0.956415
-0.888000
-1.009532
-1.171395
-1.332002
-1.490735
-1.567480
-1.625991
-1.676601
-1.703937
-1.657479
-1.602524
-1.567822
-1.498051
-1.467777
-1.422456
-1.405867
-1.400922
-1.376577
-1.318499
-1.203326
-1.034352
-1.066042
-1.215453
-1.331542
-1.464011
-1.516087
-1.559293
-1.616760
-1.651946
-1.598410
-1.533336
-1.487473
-1.460282
-1.443401
-1.411181
-1.248065
-1.218123
-1.140396
-1.080058
-0.951123
-0.888000
-1.010894
-1.198191
-1.386325
-1.528549
-1.619607
-1.642236
-1.664110
-1.657258
-1.611630
-1.560881
-1.527295
-1.449851
-1.422633
-1.357942
-1.361185
-1.356961
-1.334225
-1.283018
-1.177478
-1.016469
-1.053975
-1.214061
-1.327031
-1.460269
-1.501352
-1.562507
-1.638283
-1.677629
-1.642453
-1.587573
-1.537541
-1.495826
-1.477659
-1.406936
-1.222885
-1.224758
-1.169445
-1.092703
-0.943403
-0.888000
-1.002685
-1.170802
-1.344915
-1.487132
-1.582204
-1.635506
-1.693598
-1.717188
-1.682374
-1.624660
-1.587846
-1.509097
-1.481178
-1.441788
-1.456764
-1.438641
-1.402037
-1.336900
-1.219528
-1.049736
-1.078277
-1.223345
-1.324279
-1.445121
-1.499659
-1.564971
-1.638777
-1.679251
-1.642835
-1.584606
-1.535158
-1.497985
-1.479422
-1.409139
-1.221466
-1.218317
-1.191827
-1.121283
-0.980471
-0.888000
-0.997665
-1.171837
-1.358681
-1.516111
-1.615689
-1.676650
-1.717848
-1.727400
-1.689744
-1.631997
-1.586801
-1.517393
-1.504881
-1.482892
-1.465061
-1.421270
-1.360832
-1.276983
-1.153685
-0.972363
-1.079100
-1.212533
-1.311718
-1.425725
-1.478517
-1.548988
-1.649325
-1.697989
-1.684892
-1.637193
-1.592816
-1.542998
-1.506246
-1.453915
-1.366096
-1.321232
-1.290616
-1.209227
-1.063614
-0.887976
-0.953253
-1.145176
-1.298905
-1.417819
-1.499638
-1.571746
-1.632243
-1.671011
-1.654296
-1.582215
-1.502747
-1.449770
-1.431447
-1.388279
-1.384026
-1.354951
-1.307318
-1.239896
-1.139170
-0.990184
-1.110865
-1.247764
-1.303312
-1.362861
-1.435435
-1.560929
-1.690332
-1.752589
-1.735816
-1.663705
-1.593876
-1.540872
-1.504118
-1.429428
-1.313450
-1.210404
-1.165660
-1.073547
-0.906578
-0.888000
-0.940438
-1.112841
-1.278273
-1.407226
-1.505653
-1.583715
-1.630543
-1.643474
-1.598245
-1.500278
-1.419569
-1.391399
-1.396992
-1.278504
-1.301745
-1.292938
-1.266101
-1.219122
-1.134887
-0.998041
-1.105823
-1.284368
-1.373970
-1.458395
-1.529447
-1.632012
-1.739401
-1.804795
-1.790116
-1.709189
-1.627817
-1.552664
-1.516965
-1.464798
-1.387909
-1.362962
-1.352579
-1.292338
-1.166639
-0.989772
-1.059175
-1.236848
-1.403951
-1.544035
-1.635741
-1.729354
-1.794862
-1.810951
-1.766435
-1.678562
-1.595403
-1.560220
-1.554060
-1.567608
-1.531411
-1.471189
-1.388695
-1.281624
-1.127154
-0.926349
-1.023431
-1.209117
-1.342618
-1.478559
-1.541136
-1.603525
-1.690431
-1.727426
-1.704261
-1.650232
-1.583509
-1.522665
-1.503869
-1.318635
-1.306274
-1.279865
-1.234046
-1.142782
-0.980627
-0.888000
-0.984392
-1.136086
-1.298830
-1.420771
-1.491090
-1.595546
-1.702078
-1.754244
-1.731527
-1.646208
-1.550185
-1.481225
-1.466731
-1.439409
-1.442629
-1.416867
-1.372252
-1.303651
-1.201622
-1.057420
-1.173027
-1.293975
-1.370249
-1.451076
-1.507972
-1.631009
-1.733058
-1.779618
-1.748210
-1.661310
-1.586022
-1.533211
-1.506719
-1.442883
-1.349693
-1.354159
-1.327932
-1.264394
-1.137364
-0.953455
-1.003105
-1.144567
-1.264034
-1.363716
-1.456304
-1.583516
-1.683926
-1.728650
-1.693334
-1.606288
-1.519883
-1.461585
-1.435673
-1.311659
-1.323596
-1.339922
-1.333887
-1.300333
-1.228668
-1.116139
-1.239431
-1.390767
-1.463184
-1.562840
-1.648538
-1.749706
-1.824284
-1.851318
-1.817245
-1.744100
-1.676947
-1.600728
-1.570423
-1.495200
-1.513470
-1.512511
-1.483147
-1.407679
-1.274428
-1.091921
-1.111127
-1.225966
-1.331254
-1.441827
-1.521642
-1.659525
-1.763533
-1.806342
-1.770341
-1.683969
-1.614523
-1.545239
-1.514632
-1.460016
-1.481628
-1.475420
-1.447356
-1.392763
-1.297746
-1.157147
-1.264718
-1.378166
-1.427996
-1.519794
-1.615514
-1.746834
-1.831234
-1.858921
-1.822927
-1.741485
-1.664899
-1.586806
-1.549563
-1.441777
-1.459519
-1.456825
-1.427568
-1.359653
-1.231200
-1.044035
-1.074484
-1.194387
-1.311985
-1.435902
-1.517826
-1.660937
-1.767032
-1.805717
-1.765488
-1.682397
-1.606470
-1.536507
-1.512991
-1.460225
-1.475804
-1.464404
-1.429370
-1.371317
-1.275623
-1.131812
-1.233814
-1.358267
-1.419017
-1.515908
-1.558062
-1.670075
-1.782676
-1.845957
-1.838614
-1.770681
-1.682755
-1.602324
-1.562607
-1.468973
-1.428621
-1.444997
-1.432112
-1.369603
-1.245797
-1.069798
-1.049115
-1.185931
-1.310654
-1.410142
-1.501268
-1.628507
-1.739880
-1.782517
-1.753708
-1.679330
-1.585940
-1.524422
-1.495225
-1.459046
-1.447771
-1.408888
-1.348354
-1.265250
-1.137631
-0.945356
-1.033412
-1.213179
-1.326356
-1.435943
-1.511942
-1.602502
-1.704618
-1.773085
-1.762307
-1.697425
-1.611013
-1.544394
-1.517041
-1.343576
-1.319255
-1.333966
-1.323216
-1.266520
-1.139995
-0.956887
-0.946939
-1.094501
-1.248543
-1.376082
-1.472770
-1.610889
-1.726615
-1.782307
-1.762900
-1.695686
-1.611390
-1.529243
-1.495720
-1.457130
-1.504208
-1.510972
-1.492127
-1.446985
-1.360348
-1.224106
-1.255539
-1.381936
-1.436371
-1.527201
-1.628732
-1.743250
-1.827819
-1.857874
-1.819326
-1.747233
-1.674118
-1.603865
-1.558082
-1.470579
-1.466152
-1.437412
-1.386049
-1.302779
-1.162898
-0.969166
-0.900088
-1.042003
-1.196089
-1.354824
-1.447527
-1.581254
-1.708238
-1.775422
-1.769051
-1.711099
-1.626128
-1.557096
-1.522509
-1.410181
-1.401504
-1.415071
-1.405227
-1.358513
-1.255425
-1.093875
-1.061316
-1.177408
-1.282404
-1.412193
-1.541702
-1.673555
-1.782686
-1.826637
-1.796630
-1.725994
-1.633684
-1.548973
-1.518362
-1.438299
-1.454297
-1.440655
-1.405823
-1.343750
-1.237976
-1.067562
-1.048352
-1.183556
-1.302415
-1.423560
-1.512323
-1.627893
-1.746987
-1.806561
-1.798840
-1.752468
-1.686459
-1.608699
-1.580410
-1.498318
-1.519026
-1.513255
-1.482267
-1.412612
-1.283837
-1.098505
-1.032573
-1.156457
-1.274792
-1.381802
-1.493830
-1.628610
-1.745920
-1.797484
-1.777239
-1.726497
-1.658122
-1.587716
-1.565042
-1.507828
-1.519293
-1.499595
-1.457260
-1.389001
-1.280153
-1.119794
-1.110096
-1.241871
-1.341970
-1.442526
-1.530046
-1.661365
-1.784895
-1.842255
-1.820530
-1.764002
-1.692927
-1.616364
-1.581722
-1.496983
-1.508838
-1.490654
-1.449329
-1.374580
-1.243572
-1.054817
-0.930727
-1.077025
-1.249339
-1.406430
-1.517965
-1.637308
-1.761977
-1.809417
-1.796102
-1.760720
-1.717929
-1.657899
-1.563453
-1.563118
-1.542542
-1.487525
-1.409379
-1.305788
-1.149849
-0.948247
-0.890974
-1.022400
-1.177460
-1.332158
-1.467611
-1.571803
-1.702975
-1.777735
-1.770232
-1.722771
-1.645279
-1.568351
-1.533077
-1.456347
-1.497330
-1.501518
-1.482289
-1.430203
-1.327394
-1.165533
-1.045292
-1.152824
-1.278535
-1.418330
-1.548417
-1.671226
-1.797099
-1.856599
-1.836077
-1.778482
-1.690175
-1.602711
-1.568802
-1.490442
-1.504498
-1.483716
-1.440263
-1.369190
-1.254316
-1.077522
-0.955642
-1.081938
-1.222698
-1.371780
-1.486340
-1.613184
-1.743565
-1.808752
-1.802762
-1.761418
-1.682295
-1.596813
-1.556482
-1.442535
-1.466574
-1.453689
-1.417670
-1.346820
-1.222935
-1.035012
-0.913191
-1.045443
-1.174359
-1.301022
-1.442670
-1.573860
-1.699203
-1.761486
-1.756167
-1.719373
-1.647569
-1.566759
-1.529668
-1.440020
-1.463457
-1.444591
-1.401323
-1.332987
-1.226950
-1.054473
-0.979535
-1.114285
-1.233786
-1.347562
-1.452762
-1.578796
-1.712242
-1.776427
-1.776567
-1.746956
-1.692924
-1.619155
-1.584885
-1.480404
-1.493988
-1.469123
-1.419880
-1.337729
-1.206429
-1.012860
-0.888000
-0.980936
-1.094961
-1.237113
-1.385913
-1.525020
-1.657272
-1.733371
-1.745224
-1.707784
-1.627503
-1.559739
-1.524108
-1.355242
-1.331975
-1.315768
-1.272776
-1.200997
-1.084041
-0.894231
-0.887942
-1.031505
-1.190811
-1.357101
-1.511249
-1.615093
-1.722995
-1.769260
-1.751865
-1.708152
-1.638587
-1.567610
-1.545742
-1.526384
-1.552430
-1.533980
-1.490322
-1.419778
-1.312557
-1.152541
-1.003032
-1.132660
-1.215481
-1.325980
-1.467559
-1.595529
-1.715692
-1.780396
-1.783605
-1.762745
-1.722423
-1.653496
-1.611938
-1.547825
-1.550718
-1.513758
-1.451207
-1.357447
-1.209231
-1.009310
-0.887972
-1.011303
-1.124611
-1.279099
-1.408225
-1.525545
-1.659142
-1.734153
-1.737030
-1.697094
-1.618027
-1.539209
-1.504283
-1.400676
-1.413520
-1.413840
-1.386111
-1.333545
-1.250102
-1.106944
-0.983301
-1.134514
-1.255496
-1.377779
-1.494801
-1.618028
-1.748410
-1.814155
-1.817431
-1.785496
-1.710277
-1.628895
-1.583159
-1.512615
-1.519116
-1.546845
-1.543789
-1.500567
-1.402826
-1.237068
-1.060203
-1.123892
-1.243031
-1.374319
-1.496847
-1.658352
-1.796334
-1.851805
-1.843349
-1.814485
-1.755095
-1.695214
-1.654745
-1.600682
-1.607169
-1.568265
-1.501001
-1.407570
-1.272389
-1.081619
-0.916072
-1.059440
-1.160209
-1.279418
-1.412166
-1.544127
-1.676094
-1.750996
-1.753491
-1.722951
-1.663429
-1.586345
-1.550865
-1.469832
-1.486092
-1.446927
-1.380390
-1.285638
-1.151341
-0.963544
-0.917334
-1.053097
-1.168864
-1.277234
-1.410824
-1.522095
-1.664334
-1.743452
-1.753412
-1.727610
-1.675153
-1.609348
-1.582426
-1.539767
-1.563247
-1.532473
-1.474975
-1.380118
-1.251668
-1.066046
-0.887999
-0.979186
-1.062020
-1.146806
-1.289215
-1.425944
-1.558139
-1.643661
-1.679254
-1.670873
-1.602068
-1.547180
-1.519869
-1.471844
-1.293744
-1.308703
-1.284486
-1.223707
-1.127426
-0.964586
-0.888000
-0.988737
-1.091673
-1.223507
-1.368705
-1.493689
-1.607709
-1.677134
-1.703561
-1.689947
-1.651039
-1.578078
-1.536480
-1.412813
-1.441215
-1.406866
-1.344015
-1.244295
-1.097269
-0.895306
-0.888000
-1.043537
-1.122772
-1.230475
-1.366808
-1.464558
-1.591393
-1.668700
-1.698326
-1.692773
-1.655980
-1.603901
-1.558563
-1.449122
-1.505618
-1.499421
-1.462375
-1.390453
-1.290424
-1.142162
-0.944143
-1.068770
-1.230339
-1.351825
-1.478768
-1.584884
-1.712765
-1.779038
-1.783646
-1.760846
-1.719564
-1.662751
-1.640763
-1.589439
-1.606810
-1.574536
-1.515984
-1.420383
-1.297839
-1.117791
-0.916161
-0.986087
-1.084686
-1.176482
-1.312884
-1.443882
-1.586735
-1.679885
-1.720509
-1.719880
-1.687398
-1.631785
-1.587848
-1.443639
-1.470107
-1.431363
-1.364934
-1.253385
-1.085883
-0.888002
-0.888000
-1.029586
-1.125642
-1.209160
-1.315436
-1.429752
-1.585658
-1.694468
-1.743217
-1.744432
-1.705766
-1.654952
-1.604786
-1.527623
-1.519788
-1.512606
-1.474889
-1.403678
-1.305010
-1.141782
-0.940299
-1.010824
-1.097149
-1.165446
-1.268488
-1.410414
-1.604788
-1.731989
-1.781383
-1.781749
-1.743385
-1.687717
-1.638899
-1.546222
-1.546255
-1.525467
-1.469669
-1.376067
-1.247526
-1.054486
-0.888000
-0.976864
-1.060991
-1.122352
-1.213510
-1.323901
-1.472483
-1.606041
-1.681418
-1.692479
-1.655448
-1.587233
-1.547985
-1.448637
-1.362550
-1.347921
-1.292219
-1.194955
-1.064455
-0.887998
-0.888000
-0.995978
-1.108316
-1.234941
-1.358588
-1.469890
-1.578612
-1.658232
-1.702378
-1.707836
-1.680325
-1.640632
-1.589439
-1.516097
-1.526798
-1.530266
-1.493408
-1.425993
-1.324045
-1.159491
-0.957912
-0.988622
-1.080269
-1.147799
-1.226033
-1.366418
-1.533190
-1.655197
-1.714914
-1.724095
-1.690979
-1.651364
-1.601270
-1.524794
-1.413559
-1.410133
-1.364687
-1.280766
-1.157619
-0.965132
-0.888000
-0.964569
-1.044355
-1.120079
-1.177577
-1.293314
-1.440547
-1.568092
-1.638871
-1.657593
-1.636436
-1.592162
-1.548460
-1.470456
-1.365617
-1.368833
-1.329113
-1.253091
-1.138625
-0.959870
-0.888000
-0.985847
-1.110977
-1.233069
-1.352846
-1.464432
-1.554721
-1.612229
-1.643186
-1.644951
-1.614157
-1.585598
-1.540196
-1.465899
-1.464036
-1.460041
-1.417302
-1.341326
-1.236656
-1.074058
-0.887997
-0.985981
-1.153230
-1.281584
-1.421267
-1.542988
-1.652217
-1.723892
-1.752237
-1.743712
-1.708732
-1.681810
-1.669040
-1.633973
-1.662971
-1.636158
-1.573652
-1.476759
-1.350770
-1.162913
-0.961319
-0.996212
-1.091302
-1.162582
-1.215279
-1.329233
-1.479392
-1.621426
-1.698373
-1.717354
-1.690535
-1.637433
-1.589259
-1.483757
-1.461402
-1.441267
-1.383235
-1.288433
-1.157560
-0.966191
-0.888000
-0.958978
-1.055173
-1.114687
-1.161773
-1.267652
-1.378048
-1.525194
-1.618397
-1.650677
-1.633065
-1.593704
-1.554237
-1.490785
-1.352458
-1.366495
-1.326607
-1.248056
-1.142268
-0.972385
-0.888000
-0.940191
-1.101502
-1.231387
-1.372361
-1.482963
-1.602551
-1.700470
-1.739625
-1.734157
-1.704333
-1.678581
-1.654163
-1.591786
-1.626008
-1.604226
-1.540184
-1.442492
-1.315547
-1.139070
-0.937170
-0.944777
-1.074463
-1.156271
-1.220923
-1.340844
-1.472655
-1.607890
-1.681406
-1.702073
-1.680819
-1.651399
-1.600963
-1.521466
-1.475659
-1.468271
-1.413084
-1.324874
-1.204483
-1.025648
-0.888000
-0.940974
-1.065796
-1.137273
-1.207629
-1.323449
-1.450432
-1.581464
-1.654829
-1.676528
-1.653283
-1.623190
-1.572967
-1.504122
-1.447156
-1.450211
-1.404145
-1.325561
-1.215219
-1.049554
-0.888000
-0.941615
-1.072563
-1.155502
-1.266542
-1.389535
-1.510602
-1.618242
-1.672970
-1.684448
-1.664481
-1.647148
-1.602690
-1.510618
-1.525823
-1.515247
-1.457916
-1.370616
-1.251095
-1.078092
-0.887996
-0.938285
-1.065275
-1.139437
-1.200793
-1.316882
-1.443085
-1.578940
-1.658260
-1.684910
-1.669004
-1.646832
-1.597659
-1.528255
-1.467460
-1.467233
-1.417187
-1.335274
-1.219612
-1.044206
-0.888000
-0.945045
-1.069471
-1.139382
-1.212759
-1.332176
-1.441812
-1.570930
-1.647831
-1.675992
-1.663570
-1.647138
-1.594318
-1.511959
-1.478527
-1.472677
-1.419164
-1.331735
-1.211837
-1.035152
-0.888000
-0.924230
-1.065562
-1.143459
-1.228287
-1.346163
-1.458460
-1.579893
-1.646586
-1.668509
-1.655480
-1.643882
-1.588475
-1.514304
-1.469375
-1.469303
-1.414246
-1.327434
-1.205008
-1.025784
-0.888000
-0.919625
-1.060879
-1.135607
-1.186477
-1.293487
-1.402269
-1.538563
-1.621466
-1.653457
-1.646282
-1.634356
-1.586899
-1.525315
-1.443382
-1.450757
-1.401477
-1.317034
-1.201591
-1.025391
-0.888000
-0.921544
-1.062410
-1.136959
-1.187593
-1.296182
-1.403647
-1.541632
-1.623647
-1.653526
-1.646053
-1.632999
-1.581107
-1.511329
-1.454224
-1.458134
-1.406327
-1.322048
-1.202742
-1.023744
-0.888000
-0.923999
-1.064308
-1.138305
-1.202533
-1.307883
-1.416642
-1.540943
-1.615418
-1.646399
-1.639687
-1.625531
-1.567121
-1.503647
-1.446762
-1.454033
-1.403218
-1.321496
-1.206442
-1.035074
-0.888000
-0.924688
-1.065036
-1.143212
-1.236159
-1.352411
-1.448925
-1.568988
-1.638292
-1.666288
-1.663436
-1.661865
-1.612357
-1.521417
-1.528743
-1.524265
-1.467960
-1.378717
-1.257505
-1.077035
-0.887997
-0.917862
-1.062801
-1.145599
-1.208134
-1.312302
-1.416056
-1.548856
-1.624301
-1.653581
-1.648710
-1.631012
-1.574074
-1.512104
-1.412010
-1.424544
-1.377084
-1.296563
-1.181563
-1.008785
-0.888000
-0.924786
-1.063734
-1.136125
-1.232827
-1.342402
-1.429438
-1.544657
-1.617195
-1.651731
-1.652092
-1.651582
-1.597042
-1.525945
-1.503394
-1.503757
-1.449246
-1.362488
-1.243418
-1.063646
-0.887999
-0.922796
-1.064796
-1.143191
-1.200239
-1.305416
-1.375108
-1.515235
-1.608762
-1.663155
-1.673692
-1.675575
-1.625548
-1.573089
-1.414473
-1.441006
-1.399377
-1.328095
-1.198223
-1.013157
-0.888000
-0.901814
-1.054841
-1.136663
-1.197114
-1.283636
-1.387306
-1.537350
-1.619684
-1.644390
-1.637210
-1.623386
-1.575584
-1.503785
-1.502666
-1.507539
-1.456289
-1.369704
-1.251059
-1.086357
-0.887999
-0.928554
-1.072790
-1.167170
-1.309587
-1.422756
-1.539986
-1.650687
-1.715309
-1.735103
-1.733723
-1.718181
-1.688404
-1.597956
-1.646291
-1.634857
-1.570385
-1.469704
-1.338782
-1.145447
-0.943607
-0.888742
-1.039334
-1.133754
-1.199359
-1.246412
-1.335701
-1.502179
-1.611003
-1.656253
-1.657837
-1.631274
-1.574340
-1.502167
-1.473415
-1.466713
-1.402917
-1.312387
-1.156103
-0.954450
-0.888001
-0.921670
-1.063444
-1.169614
-1.260273
-1.300950
-1.359620
-1.532809
-1.660311
-1.723309
-1.747274
-1.766317
-1.716087
-1.666184
-1.592016
-1.610077
-1.568898
-1.499111
-1.348349
-1.158688
-0.957070
-0.888000
-1.039064
-1.133545
-1.197980
-1.283022
-1.401504
-1.577007
-1.703874
-1.756162
-1.751735
-1.715266
-1.676520
-1.595577
-1.638634
-1.631808
-1.571314
-1.484447
-1.331803
-1.130453
-0.929024
-0.929064
-1.074622
-1.198835
-1.304863
-1.372683
-1.525555
-1.692927
-1.797641
-1.838315
-1.851124
-1.845677
-1.814654
-1.707540
-1.757753
-1.754567
-1.699799
-1.614092
-1.472110
-1.284057
-1.082581
-0.916064
-1.058483
-1.167819
-1.246677
-1.313450
-1.455317
-1.630152
-1.758458
-1.816050
-1.809082
-1.769658
-1.737142
-1.648217
-1.692005
-1.674385
-1.604627
-1.504352
-1.349362
-1.149522
-0.948018
-0.888000
-1.041868
-1.171613
-1.270254
-1.369742
-1.493270
-1.643488
-1.741503
-1.778233
-1.780655
-1.744037
-1.718142
-1.669155
-1.695869
-1.669736
-1.593092
-1.487874
-1.332720
-1.132045
-0.930541
-0.888000
-1.047998
-1.181251
-1.284234
-1.386183
-1.495706
-1.636359
-1.733175
-1.773522
-1.790944
-1.777258
-1.747020
-1.682338
-1.702987
-1.671539
-1.593079
-1.484992
-1.324443
-1.122959
-0.921223
-0.888000
-1.048018
-1.186899
-1.287450
-1.361240
-1.440527
-1.604238
-1.718377
-1.764910
-1.760644
-1.743350
-1.704025
-1.596285
-1.621098
-1.589814
-1.509782
-1.400905
-1.243923
-1.042923
-0.888001
-0.888011
-1.049591
-1.169237
-1.254099
-1.311921
-1.369014
-1.500716
-1.615742
-1.676532
-1.692184
-1.706013
-1.662096
-1.559428
-1.571042
-1.547699
-1.471794
-1.364776
-1.205337
-1.003478
-0.888003
-0.888000
-1.050272
-1.160876
-1.233872
-1.287630
-1.303094
-1.443700
-1.573667
-1.639194
-1.653911
-1.638236
-1.583157
-1.546821
-1.495173
-1.511705
-1.465174
-1.385068
-1.258431
-1.073929
-0.888001
-0.888742
-1.052087
-1.188556
-1.324397
-1.395470
-1.455473
-1.592798
-1.690816
-1.742080
-1.764047
-1.764905
-1.727531
-1.665278
-1.675787
-1.675280
-1.618739
-1.529289
-1.384664
-1.190045
-0.988373
-0.888000
-1.043458
-1.172411
-1.258994
-1.319082
-1.410374
-1.573304
-1.692097
-1.747615
-1.756106
-1.735636
-1.695931
-1.623265
-1.628559
-1.613390
-1.544260
-1.438681
-1.290137
-1.090275
-0.888391
-0.888000
-1.017961
-1.154308
-1.243847
-1.304261
-1.341441
-1.472062
-1.605592
-1.670351
-1.683595
-1.664230
-1.614807
-1.572422
-1.553701
-1.558122
-1.503436
-1.409390
-1.278406
-1.090264
-0.888785
-0.888472
-1.018936
-1.153049
-1.262672
-1.346513
-1.375291
-1.499689
-1.619655
-1.684770
-1.703973
-1.698781
-1.639960
-1.596211
-1.518506
-1.533222
-1.482712
-1.390824
-1.251817
-1.056887
-0.888000
-0.888000
-1.014050
-1.127861
-1.193918
-1.239258
-1.254139
-1.401330
-1.551701
-1.630707
-1.653141
-1.641083
-1.582236
-1.543598
-1.494959
-1.506582
-1.455697
-1.367334
-1.236809
-1.040668
-0.888008
-0.888000
-1.012371
-1.145215
-1.238203
-1.303311
-1.373493
-1.500733
-1.640539
-1.720113
-1.757567
-1.753607
-1.712778
-1.689422
-1.680987
-1.707726
-1.673288
-1.599806
-1.485837
-1.317622
-1.115893
-0.914685
-0.997427
-1.121886
-1.207884
-1.275349
-1.311983
-1.474709
-1.642071
-1.733148
-1.758282
-1.727766
-1.669015
-1.624248
-1.547658
-1.559625
-1.511312
-1.425561
-1.287200
-1.086038
-0.887997
-0.888553
-1.015115
-1.141480
-1.217882
-1.274234
-1.291406
-1.411989
-1.575819
-1.669401
-1.692668
-1.675925
-1.626506
-1.568946
-1.581108
-1.578495
-1.521467
-1.423195
-1.284276
-1.086249
-0.887998
-0.888238
-1.021326
-1.155018
-1.252598
-1.321395
-1.361630
-1.535377
-1.693836
-1.787755
-1.808639
-1.755758
-1.691500
-1.637556
-1.622468
-1.637953
-1.588872
-1.494907
-1.364026
-1.189048
-0.987212
-0.888000
-0.971204
-1.105785
-1.186372
-1.299918
-1.364827
-1.528385
-1.642489
-1.687186
-1.705352
-1.637056
-1.587325
-1.560195
-1.553113
-1.560907
-1.511419
-1.412905
-1.276302
-1.100755
-0.899132
-0.888000
-0.968337
-1.109252
-1.204455
-1.293284
-1.390881
-1.564119
-1.655824
-1.686778
-1.671287
-1.576737
-1.493760
-1.439581
-1.411102
-1.435685
-1.413854
-1.335698
-1.220494
-1.051719
-0.888001
-0.888000
-0.968006
-1.118253
-1.249944
-1.333591
-1.405869
-1.557842
-1.666443
-1.711501
-1.697875
-1.605693
-1.550830
-1.528808
-1.537299
-1.588596
-1.572103
-1.502124
-1.398416
-1.257540
-1.063916
-0.887999
-1.008346
-1.193029
-1.356652
-1.451305
-1.568028
-1.725070
-1.791252
-1.795587
-1.753182
-1.658774
-1.596260
-1.573213
-1.545602
-1.563718
-1.519544
-1.425094
-1.294335
-1.108179
-0.906316
-0.888705
-0.966484
-1.102031
-1.216643
-1.319656
-1.393083
-1.549148
-1.675570
-1.737856
-1.742727
-1.667616
-1.624036
-1.590081
-1.615970
-1.625159
-1.575448
-1.477769
-1.347173
-1.178336
-0.976655
-0.888000
-0.994994
-1.168863
-1.325217
-1.383543
-1.445177
-1.586057
-1.676027
-1.716105
-1.704666
-1.623617
-1.546942
-1.490926
-1.475356
-1.473874
-1.444307
-1.359868
-1.238294
-1.068438
-0.887998
-0.888052
-0.962452
-1.119339
-1.246790
-1.343734
-1.396402
-1.508003
-1.620012
-1.681102
-1.713173
-1.671465
-1.603210
-1.557397
-1.512525
-1.530923
-1.486448
-1.386502
-1.246359
-1.075688
-0.887996
-0.888194
-0.945186
-1.098426
-1.220459
-1.338179
-1.383502
-1.468444
-1.587007
-1.647068
-1.677628
-1.658468
-1.590974
-1.541490
-1.503207
-1.520846
-1.474371
-1.372466
-1.231695
-1.045149
-0.888000
-0.888000
-0.945198
-1.089906
-1.199418
-1.366870
-1.421886
-1.522156
-1.636178
-1.693030
-1.719045
-1.695377
-1.632667
-1.591423
-1.553314
-1.557884
-1.502285
-1.389299
-1.230848
-1.036395
-0.888000
-0.890941
-0.945027
-1.086160
-1.139959
-1.192195
-1.213973
-1.323750
-1.505690
-1.609092
-1.654606
-1.643890
-1.569123
-1.502536
-1.403094
-1.399902
-1.374281
-1.289289
-1.162164
-0.983685
-0.888004
-0.888000
-0.943732
-1.089266
-1.161419
-1.304176
-1.347591
-1.406991
-1.551432
-1.632901
-1.674424
-1.668100
-1.600891
-1.555024
-1.513207
-1.545534
-1.510695
-1.419905
-1.287841
-1.098342
-0.896274
-0.888107
-0.944263
-1.088925
-1.158522
-1.218112
-1.250731
-1.358601
-1.539593
-1.644446
-1.686463
-1.669856
-1.602282
-1.559287
-1.475040
-1.512443
-1.481963
-1.391697
-1.265756
-1.088468
-0.888001
-0.888000
-0.942095
-1.083915
-1.143831
-1.191728
-1.209047
-1.222856
-1.411650
-1.542541
-1.601846
-1.614479
-1.552420
-1.495156
-1.402691
-1.414317
-1.381961
-1.292646
-1.160944
-0.974796
-0.888001
-0.888367
-0.939947
-1.080554
-1.126981
-1.170686
-1.185620
-1.251090
-1.440223
-1.558648
-1.615246
-1.611049
-1.524959
-1.465319
-1.386838
-1.404771
-1.389871
-1.316141
-1.201748
-1.031573
-0.888003
-0.888000
-0.916191
-1.063457
-1.126190
-1.180411
-1.204503
-1.301294
-1.496152
-1.642750
-1.711764
-1.709945
-1.646947
-1.586716
-1.505942
-1.482495
-1.492536
-1.432750
-1.332238
-1.175835
-0.973918
-0.889541
-0.913724
-1.066311
-1.139677
-1.223589
-1.313003
-1.506289
-1.693293
-1.794302
-1.809690
-1.724576
-1.684250
-1.624566
-1.689636
-1.689198
-1.632757
-1.520631
-1.375278
-1.180885
-0.979039
-0.888000
-0.926885
-1.081424
-1.204855
-1.300098
-1.349486
-1.399654
-1.575289
-1.721917
-1.769553
-1.741860
-1.653702
-1.588975
-1.486885
-1.541843
-1.529898
-1.457700
-1.345189
-1.200741
-1.004847
-0.888000
-0.914608
-1.067114
-1.139072
-1.238732
-1.318630
-1.451291
-1.618667
-1.715268
-1.754502
-1.718563
-1.649706
-1.601515
-1.536472
-1.562772
-1.526661
-1.432315
-1.301214
-1.128667
-0.926749
-0.888000
-0.915214
-1.067097
-1.139108
-1.196273
-1.239361
-1.318305
-1.491773
-1.600070
-1.656161
-1.655554
-1.578725
-1.507052
-1.422985
-1.422332
-1.419988
-1.353150
-1.245723
-1.097416
-0.899125
-0.888000
-0.921310
-1.077904
-1.140298
-1.260957
-1.336889
-1.446841
-1.591515
-1.668972
-1.705784
-1.684087
-1.595073
-1.530776
-1.452890
-1.483869
-1.473896
-1.401760
-1.291701
-1.143246
-0.945374
-0.888000
-0.915787
-1.077729
-1.164864
-1.299184
-1.363521
-1.421019
-1.556367
-1.642085
-1.682287
-1.686471
-1.629687
-1.557661
-1.463044
-1.419092
-1.398655
-1.314298
-1.184546
-1.002838
-0.888000
-0.895213
-0.919266
-1.006908
-1.060805
-1.157741
-1.249165
-1.397351
-1.584312
-1.681768
-1.713727
-1.689732
-1.598191
-1.530788
-1.452753
-1.450052
-1.436210
-1.359864
-1.250119
-1.086499
-0.887998
-0.887996
-0.892747
-1.059875
-1.131596
-1.182775
-1.212004
-1.243553
-1.439714
-1.569039
-1.631665
-1.638149
-1.569906
-1.512382
-1.430027
-1.372897
-1.366497
-1.293166
-1.182677
-1.015981
-0.888043
-0.888003
-0.899385
-1.066214
-1.123525
-1.162082
-1.186934
-1.197626
-1.394310
-1.533521
-1.604171
-1.621773
-1.574293
-1.530661
-1.462799
-1.381897
-1.390019
-1.328116
-1.229674
-1.062207
-0.888000
-0.888005
-0.894674
-1.061285
-1.137338
-1.186051
-1.221499
-1.230407
-1.421466
-1.553213
-1.618665
-1.634440
-1.583007
-1.527060
-1.466250
-1.445604
-1.439998
-1.371239
-1.268500
-1.111599
-0.909565
-0.888009
-0.889942
-1.054945
-1.132837
-1.176913
-1.210919
-1.202245
-1.315454
-1.456966
-1.550533
-1.588501
-1.571965
-1.517035
-1.441475
-1.418194
-1.402631
-1.326174
-1.215910
-1.048922
-0.888000
-0.888012
-0.889005
-1.054388
-1.138781
-1.175885
-1.209364
-1.190517
-1.280550
-1.424651
-1.524681
-1.567403
-1.578394
-1.527911
-1.445978
-1.372990
-1.357072
-1.278291
-1.164508
-0.992632
-0.888033
-0.888000
-0.892104
-1.058126
-1.134199
-1.175404
-1.215702
-1.224748
-1.381839
-1.516637
-1.602999
-1.637253
-1.608650
-1.545102
-1.475464
-1.414839
-1.419320
-1.358053
-1.260329
-1.112009
-0.912331
-0.888009
-0.891267
-1.057317
-1.123978
-1.169970
-1.207156
-1.213101
-1.381705
-1.520185
-1.597664
-1.631544
-1.619082
-1.566349
-1.501692
-1.469388
-1.458440
-1.385103
-1.267497
-1.104783
-0.903087
-0.888001
-0.902471
-1.030722
-1.128072
-1.199167
-1.254060
-1.276049
-1.474999
-1.624279
-1.699952
-1.707999
-1.631493
-1.590958
-1.529894
-1.565492
-1.565169
-1.506010
-1.403865
-1.264797
-1.071635
-0.887998
-0.888000
-1.018913
-1.138543
-1.214385
-1.262290
-1.276662
-1.420385
-1.571053
-1.663613
-1.699462
-1.677451
-1.614791
-1.551108
-1.488639
-1.502486
-1.450112
-1.356510
-1.214737
-1.017733
-0.888001
-0.896383
-1.001662
-1.096014
-1.157707
-1.221190
-1.257445
-1.453060
-1.584148
-1.643646
-1.659690
-1.602899
-1.544902
-1.487944
-1.467778
-1.455289
-1.384727
-1.266412
-1.102489
-0.900953
-0.888004
-0.888000
-1.010479
-1.130238
-1.193031
-1.237277
-1.244955
-1.303201
-1.455630
-1.583731
-1.642419
-1.634820
-1.575871
-1.509986
-1.386180
-1.437357
-1.412386
-1.337307
-1.221737
-1.052261
-0.888000
-0.888644
-1.019951
-1.126453
-1.216918
-1.335138
-1.410887
-1.562599
-1.665882
-1.722477
-1.744109
-1.697867
-1.662932
-1.617799
-1.671507
-1.653595
-1.585193
-1.475042
-1.319539
-1.117712
-0.915962
-0.888625
-1.014165
-1.150341
-1.240959
-1.307964
-1.337795
-1.431223
-1.585036
-1.683142
-1.713771
-1.661348
-1.604432
-1.561829
-1.511599
-1.523220
-1.472324
-1.375902
-1.237018
-1.054474
-0.888000
-0.888000
-0.991657
-1.102793
-1.197080
-1.286080
-1.331170
-1.441114
-1.552694
-1.627632
-1.656266
-1.625116
-1.552367
-1.481961
-1.376675
-1.417197
-1.383990
-1.294046
-1.163813
-0.978260
-0.888012
-0.888750
-0.982486
-1.109745
-1.198167
-1.322976
-1.364707
-1.469334
-1.590286
-1.652524
-1.680966
-1.655150
-1.597531
-1.553388
-1.533186
-1.536665
-1.476869
-1.369160
-1.212354
-1.013906
-0.888000
-0.890504
-0.962586
-1.078832
-1.140260
-1.214222
-1.232758
-1.416685
-1.566138
-1.637742
-1.668237
-1.638122
-1.569038
-1.510322
-1.423801
-1.448872
-1.404212
-1.307474
-1.164314
-0.975164
-0.888033
-0.888433
-0.988225
-1.116623
-1.178178
-1.285234
-1.316984
-1.438131
-1.570843
-1.642359
-1.679633
-1.663580
-1.607733
-1.570443
-1.540045
-1.565363
-1.525000
-1.433291
-1.299933
-1.112573
-0.910387
-0.888765
-0.973415
-1.107637
-1.181053
-1.240740
-1.257863
-1.431745
-1.584465
-1.670488
-1.691197
-1.629964
-1.568150
-1.530974
-1.480465
-1.510764
-1.476537
-1.389591
-1.262805
-1.088329
-0.888000
-0.888192
-0.985757
-1.122297
-1.229043
-1.286331
-1.320354
-1.445839
-1.613091
-1.721983
-1.745322
-1.693176
-1.625988
-1.570204
-1.482618
-1.430717
-1.433187
-1.371881
-1.266535
-1.098118
-0.895481
-0.889980
-0.976732
-1.068818
-1.199982
-1.308308
-1.364935
-1.561578
-1.733333
-1.823124
-1.823631
-1.753906
-1.718876
-1.724750
-1.752877
-1.721864
-1.637790
-1.493714
-1.310249
-1.108773
-0.907048
-0.888000
-0.994670
-1.148928
-1.276769
-1.368190
-1.418666
-1.433011
-1.583430
-1.695795
-1.735305
-1.710603
-1.646042
-1.593813
-1.528130
-1.553511
-1.513358
-1.418252
-1.276510
-1.091218
-0.888987
-0.889623
-0.939912
-1.079762
-1.154587
-1.231861
-1.265103
-1.461201
-1.617966
-1.697801
-1.727410
-1.676314
-1.622475
-1.586268
-1.563308
-1.582897
-1.540107
-1.440655
-1.311143
-1.124817
-0.923154
-0.888000
-0.944457
-1.091475
-1.188029
-1.260002
-1.293516
-1.449017
-1.637558
-1.774287
-1.808885
-1.757896
-1.677756
-1.626325
-1.558575
-1.599722
-1.573740
-1.490692
-1.374399
-1.220938
-1.020904
-0.888000
-0.947113
-1.089499
-1.166534
-1.260192
-1.320728
-1.489250
-1.645606
-1.719298
-1.748990
-1.712168
-1.647914
-1.603889
-1.582922
-1.613858
-1.582301
-1.494088
-1.372430
-1.208393
-1.006735
-0.888000
-0.943297
-1.087477
-1.168382
-1.291898
-1.381533
-1.535488
-1.688951
-1.770776
-1.765633
-1.677390
-1.613839
-1.576445
-1.558948
-1.604132
-1.588687
-1.514741
-1.408332
-1.264900
-1.069761
-0.887998
-0.971095
-1.143971
-1.304199
-1.436673
-1.615260
-1.805535
-1.897701
-1.883966
-1.796117
-1.687424
-1.616369
-1.608022
-1.555330
-1.557882
-1.504062
-1.405279
-1.263442
-1.078863
-0.887993
-0.888000
-0.946860
-1.089456
-1.179594
-1.241575
-1.348158
-1.545293
-1.696996
-1.751329
-1.725167
-1.613926
-1.516677
-1.454044
-1.461494
-1.376863
-1.379374
-1.318504
-1.216569
-1.064766
-0.887999
-0.888000
-0.944281
-1.130330
-1.287482
-1.374079
-1.474127
-1.618911
-1.717914
-1.758243
-1.727446
-1.612780
-1.516768
-1.449435
-1.404337
-1.417801
-1.409718
-1.339208
-1.227810
-1.079628
-0.887995
-0.888000
-0.923742
-1.091914
-1.217484
-1.307969
-1.400468
-1.572076
-1.703934
-1.767394
-1.753374
-1.652809
-1.543238
-1.464372
-1.379624
-1.388403
-1.388940
-1.324162
-1.213292
-1.058257
-0.887999
-0.888000
-0.926872
-1.099170
-1.240344
-1.379556
-1.471546
-1.599962
-1.709680
-1.770339
-1.766384
-1.693031
-1.597184
-1.533181
-1.459384
-1.478544
-1.465011
-1.390082
-1.274400
-1.109973
-0.908311
-0.888000
-0.924876
-1.086679
-1.181092
-1.314844
-1.402146
-1.547078
-1.688868
-1.751850
-1.764669
-1.721712
-1.634069
-1.565363
-1.476886
-1.466484
-1.448800
-1.369509
-1.248141
-1.075125
-0.887996
-0.888793
-0.911344
-1.040925
-1.088995
-1.189401
-1.253670
-1.371742
-1.545902
-1.647362
-1.694607
-1.680614
-1.604561
-1.537060
-1.434930
-1.346620
-1.343327
-1.271459
-1.155185
-0.995824
-0.887999
-0.888787
-0.908605
-1.009750
-1.052845
-1.153081
-1.230133
-1.365512
-1.537426
-1.623368
-1.665798
-1.647112
-1.567260
-1.494854
-1.396363
-1.351637
-1.341619
-1.263720
-1.140175
-0.972385
-0.887999
-0.890497
-0.909822
-1.002780
-1.039823
-1.108313
-1.164385
-1.303921
-1.497223
-1.604760
-1.654687
-1.643879
-1.578186
-1.524114
-1.429872
-1.365431
-1.352184
-1.273160
-1.148933
-0.972288
-0.888017
-0.888000
-0.914832
-1.039149
-1.107908
-1.174118
-1.248112
-1.415139
-1.605645
-1.702000
-1.726734
-1.663621
-1.606094
-1.573337
-1.551909
-1.591598
-1.568626
-1.493361
-1.381282
-1.225446
-1.024933
-0.888000
-0.888088
-1.054007
-1.182410
-1.286239
-1.355943
-1.423849
-1.576610
-1.701429
-1.737972
-1.702238
-1.619141
-1.555544
-1.471609
-1.337129
-1.343770
-1.273487
-1.163444
-0.974226
-0.888009
-0.888059
-0.888110
-0.973539
-1.031230
-1.185727
-1.335406
-1.518646
-1.707771
-1.818430
-1.829257
-1.719371
-1.656302
-1.590051
-1.624825
-1.645371
-1.604768
-1.513660
-1.393459
-1.224973
-1.023037
-0.888007
-0.888316
-1.052328
-1.171934
-1.265261
-1.312370
-1.363971
-1.553204
-1.713403
-1.780463
-1.771952
-1.701942
-1.630986
-1.543178
-1.402029
-1.413764
-1.352589
-1.258985
-1.081432
-0.887885
-0.888009
-0.891563
-1.049846
-1.138622
-1.293992
-1.405249
-1.525781
-1.704695
-1.804492
-1.831384
-1.763542
-1.725183
-1.705051
-1.752029
-1.741026
-1.678324
-1.530214
-1.329636
-1.127774
-0.926035
-0.888039
-0.891221
-1.072296
-1.248688
-1.395774
-1.503854
-1.563849
-1.641706
-1.769206
-1.841659
-1.842029
-1.786607
-1.758449
-1.698529
-1.735269
-1.711470
-1.631182
-1.518406
-1.355922
-1.153481
-0.952384
-0.888828
-1.031214
-1.129726
-1.207225
-1.264060
-1.362237
-1.562242
-1.712877
-1.799374
-1.820185
-1.770388
-1.742129
-1.738406
-1.754214
-1.713342
-1.627022
-1.511871
-1.342153
-1.140849
-0.939158
-0.888545
-1.050110
-1.190674
-1.301942
-1.378781
-1.397333
-1.510838
-1.688768
-1.790057
-1.811967
-1.767929
-1.724593
-1.676221
-1.622818
-1.621407
-1.554645
-1.457631
-1.292930
-1.090116
-0.888200
-0.894706
-1.008898
-1.104998
-1.171996
-1.214243
-1.306466
-1.505884
-1.674759
-1.786742
-1.828929
-1.778359
-1.751470
-1.740663
-1.761843
-1.726484
-1.643657
-1.528466
-1.370840
-1.169643
-0.967926
-0.888000
-1.022155
-1.172558
-1.294686
-1.383988
-1.430542
-1.565372
-1.739595
-1.839818
-1.866669
-1.832802
-1.797458
-1.759447
-1.734311
-1.736670
-1.676347
-1.579360
-1.425812
-1.233011
-1.024712
-0.888000
-0.996862
-1.110157
-1.199291
-1.260763
-1.340926
-1.541821
-1.718616
-1.854847
-1.912365
-1.865855
-1.826879
-1.826338
-1.832985
-1.786178
-1.696823
-1.553079
-1.367519
-1.166344
-0.964759
-0.888000
-1.027334
-1.190381
-1.328221
-1.436344
-1.518448
-1.672796
-1.837417
-1.912454
-1.935878
-1.881990
-1.843291
-1.767383
-1.793067
-1.760821
-1.676864
-1.554365
-1.390104
-1.187150
-0.986039
-0.888580
-1.016296
-1.148334
-1.246799
-1.319608
-1.351065
-1.544035
-1.702608
-1.813190
-1.850856
-1.813805
-1.780802
-1.697675
-1.739900
-1.717330
-1.644916
-1.528246
-1.362386
-1.161221
-0.959449
-0.888768
-1.019951
-1.160941
-1.278159
-1.362244
-1.407863
-1.462416
-1.645992
-1.769955
-1.821233
-1.798233
-1.762899
-1.669822
-1.729437
-1.720138
-1.653564
-1.545940
-1.396138
-1.208707
-1.006789
-0.888533
-1.013245
-1.151464
-1.260982
-1.338773
-1.432365
-1.629308
-1.765077
-1.835774
-1.844880
-1.788893
-1.732643
-1.740540
-1.741281
-1.687758
-1.590205
-1.441715
-1.253780
-1.052546
-0.888000
-0.888000
-1.021208
-1.169129
-1.288637
-1.375424
-1.428227
-1.572925
-1.735187
-1.831117
-1.833264
-1.738586
-1.673401
-1.569332
-1.623156
-1.623756
-1.562159
-1.452585
-1.301498
-1.116635
-0.914855
-0.888216
-0.979077
-1.117658
-1.248982
-1.369280
-1.475196
-1.632487
-1.734426
-1.774324
-1.763715
-1.680059
-1.618713
-1.544618
-1.582656
-1.567569
-1.495847
-1.374580
-1.222510
-1.025106
-0.888011
-0.888667
-0.984266
-1.127746
-1.272102
-1.370090
-1.436021
-1.595583
-1.729850
-1.778018
-1.758939
-1.661592
-1.592216
-1.542180
-1.537755
-1.535921
-1.473081
-1.361308
-1.205070
-1.017313
-0.888009
-0.888574
-1.001297
-1.189149
-1.379281
-1.463915
-1.505790
-1.627180
-1.719293
-1.743665
-1.707831
-1.606212
-1.534745
-1.505358
-1.507503
-1.547614
-1.514391
-1.427358
-1.304100
-1.132587
-0.930817
-0.888312
-1.010271
-1.199075
-1.390621
-1.520380
-1.646026
-1.790784
-1.855426
-1.845969
-1.797934
-1.717047
-1.657194
-1.609400
-1.636825
-1.623630
-1.553478
-1.434692
-1.272594
-1.075392
-0.887994
-0.888751
-0.962876
-1.095173
-1.209223
-1.369213
-1.474902
-1.630172
-1.733901
-1.786840
-1.787160
-1.712515
-1.674897
-1.660837
-1.672475
-1.689545
-1.640151
-1.547709
-1.422701
-1.254132
-1.052446
-0.888000
-0.999792
-1.172696
-1.307925
-1.409741
-1.441357
-1.557586
-1.656889
-1.713757
-1.729249
-1.694818
-1.610316
-1.536636
-1.422313
-1.441943
-1.391016
-1.284596
-1.133746
-0.938111
-0.888002
-0.896328
-0.956466
-1.035470
-1.089674
-1.200837
-1.274663
-1.462310
-1.601245
-1.653563
-1.665475
-1.612094
-1.542732
-1.495214
-1.440529
-1.452477
-1.401663
-1.290171
-1.143768
-0.945737
-0.888001
-0.888000
-0.948185
-1.095153
-1.160995
-1.211994
-1.225146
-1.261038
-1.424542
-1.546347
-1.602955
-1.607459
-1.563313
-1.515293
-1.413624
-1.293876
-1.270373
-1.183057
-1.048994
-0.887923
-0.888001
-0.892682
-0.937347
-1.049663
-1.163407
-1.305633
-1.365667
-1.475129
-1.590754
-1.661916
-1.693149
-1.677739
-1.627235
-1.596100
-1.611807
-1.619464
-1.570643
-1.462259
-1.317486
-1.119214
-0.917250
-0.888000
-0.952572
-1.104359
-1.221974
-1.313134
-1.358255
-1.365032
-1.538603
-1.666673
-1.730617
-1.722548
-1.657759
-1.610736
-1.520895
-1.561637
-1.537215
-1.451205
-1.322695
-1.139136
-0.936958
-0.890396
-0.942654
-1.085467
-1.156744
-1.216755
-1.266266
-1.466947
-1.638861
-1.737980
-1.787479
-1.754011
-1.714062
-1.678440
-1.698648
-1.698466
-1.641833
-1.527012
-1.376964
-1.178229
-0.976216
-0.888000
-0.954160
-1.106823
-1.228820
-1.324099
-1.375462
-1.399653
-1.575361
-1.705782
-1.759813
-1.741556
-1.670573
-1.615925
-1.548743
-1.568958
-1.525778
-1.429376
-1.292071
-1.108275
-0.905976
-0.888233
-0.940072
-1.084330
-1.151168
-1.214107
-1.245852
-1.386574
-1.564622
-1.657073
-1.695001
-1.668607
-1.608788
-1.573853
-1.524311
-1.547933
-1.509677
-1.417702
-1.290303
-1.107537
-0.905856
-0.888177
-0.962537
-1.107876
-1.203487
-1.282062
-1.340135
-1.456477
-1.632710
-1.746652
-1.777299
-1.722102
-1.623792
-1.536669
-1.440518
-1.426739
-1.430936
-1.368254
-1.260892
-1.112355
-0.912190
-0.888676
-0.914298
-1.064948
-1.121458
-1.238456
-1.335729
-1.511325
-1.670025
-1.737398
-1.741682
-1.662891
-1.603429
-1.564028
-1.563897
-1.574358
-1.526402
-1.421025
-1.279618
-1.079998
-0.887994
-0.888070
-0.924945
-1.080454
-1.189660
-1.291361
-1.355710
-1.461777
-1.613165
-1.720413
-1.748912
-1.704516
-1.608253
-1.541275
-1.468663
-1.503124
-1.498823
-1.430022
-1.320575
-1.166896
-0.967441
-0.888000
-0.923780
-1.087399
-1.198512
-1.360110
-1.476685
-1.620371
-1.740998
-1.787686
-1.779231
-1.708493
-1.635019
-1.589239
-1.532666
-1.577063
-1.556492
-1.474143
-1.352753
-1.199515
-1.000764
-0.888000
-0.919552
-1.086071
-1.213602
-1.358166
-1.424785
-1.526260
-1.649398
-1.706584
-1.728168
-1.708793
-1.630982
-1.574402
-1.503293
-1.521819
-1.502427
-1.422342
-1.297271
-1.130733
-0.928538
-0.890227
-0.910825
-1.028498
-1.085827
-1.230178
-1.331642
-1.497567
-1.653257
-1.715054
-1.731743
-1.699904
-1.631225
-1.583458
-1.518497
-1.550630
-1.516388
-1.425822
-1.298201
-1.122008
-0.919898
-0.888000
-0.919747
-1.072093
-1.138758
-1.193538
-1.214109
-1.210443
-1.394951
-1.529955
-1.604633
-1.615113
-1.571206
-1.529783
-1.443511
-1.297651
-1.280008
-1.191748
-1.062831
-0.887763
-0.888007
-0.888200
-0.917338
-1.007487
-1.050100
-1.172325
-1.278768
-1.432146
-1.617868
-1.709815
-1.749834
-1.728413
-1.670035
-1.633034
-1.637352
-1.657326
-1.617307
-1.525094
-1.403227
-1.230446
-1.028229
-0.888007
-0.888000
-1.034619
-1.149733
-1.221578
-1.261575
-1.260978
-1.373986
-1.538771
-1.633685
-1.661562
-1.624591
-1.575851
-1.484689
-1.307976
-1.225621
-1.150566
-1.040093
-0.887988
-0.888252
-0.889602
-0.897127
-1.024175
-1.180748
-1.337816
-1.437364
-1.541862
-1.681616
-1.748612
-1.767817
-1.738168
-1.698317
-1.657218
-1.732169
-1.739982
-1.690358
-1.596622
-1.472924
-1.298373
-1.096478
-0.894898
-0.888135
-1.049325
-1.197129
-1.307719
-1.375589
-1.401394
-1.531538
-1.668565
-1.734739
-1.745250
-1.691937
-1.631201
-1.560326
-1.479216
-1.476322
-1.406525
-1.307487
-1.126415
-0.924176
-0.888133
-0.903330
-1.020644
-1.089047
-1.158900
-1.253522
-1.405308
-1.594032
-1.692847
-1.737487
-1.725730
-1.666280
-1.625551
-1.576735
-1.597327
-1.556604
-1.462508
-1.335000
-1.165182
-0.963811
-0.888008
-0.888000
-1.050669
-1.154680
-1.225116
-1.263736
-1.280497
-1.441924
-1.591086
-1.679072
-1.707180
-1.678697
-1.611405
-1.538910
-1.472707
-1.486560
-1.432280
-1.343270
-1.195578
-0.997670
-0.888006
-0.898058
-1.061884
-1.136477
-1.213423
-1.308132
-1.397911
-1.572217
-1.661219
-1.697792
-1.695423
-1.620480
-1.575679
-1.508444
-1.534858
-1.497920
-1.407614
-1.284405
-1.109413
-0.907533
-0.888007
-0.888047
-1.051841
-1.143793
-1.195720
-1.232583
-1.232290
-1.324077
-1.474585
-1.577393
-1.627122
-1.624513
-1.569058
-1.486916
-1.361437
-1.384802
-1.333295
-1.233972
-1.084608
-0.889734
-0.888001
-0.899101
-1.022244
-1.098422
-1.211390
-1.316671
-1.405230
-1.563026
-1.668947
-1.717562
-1.699850
-1.606415
-1.540957
-1.484828
-1.483605
-1.481945
-1.419058
-1.312047
-1.167819
-0.970525
-0.888002
-0.888000
-1.021817
-1.138680
-1.227446
-1.314362
-1.345269
-1.492100
-1.616343
-1.686236
-1.698623
-1.650346
-1.584661
-1.519843
-1.446804
-1.484908
-1.449065
-1.362959
-1.224451
-1.030139
-0.888046
-0.894635
-1.018327
-1.165572
-1.342212
-1.494212
-1.660239
-1.816672
-1.871700
-1.854859
-1.779910
-1.716434
-1.678595
-1.668314
-1.676922
-1.626111
-1.530697
-1.391007
-1.209933
-1.007829
-0.888009
-0.888678
-1.017061
-1.151985
-1.231747
-1.283487
-1.287431
-1.300595
-1.454245
-1.566863
-1.617022
-1.619490
-1.579809
-1.516689
-1.380278
-1.303574
-1.256953
-1.158510
-1.008469
-0.888013
-0.888000
-0.902926
-0.999462
-1.071205
-1.121892
-1.167054
-1.234550
-1.433616
-1.572559
-1.639823
-1.658398
-1.604054
-1.562355
-1.509091
-1.552794
-1.554848
-1.500179
-1.401745
-1.261518
-1.063314
-0.887999
-0.888668
-1.012441
-1.152072
-1.260702
-1.321533
-1.350092
-1.500885
-1.668626
-1.755505
-1.761905
-1.691550
-1.621763
-1.573108
-1.500105
-1.534743
-1.499108
-1.416397
-1.286572
-1.103940
-0.901678
-0.889893
-0.984266
-1.072674
-1.137718
-1.188908
-1.219815
-1.420139
-1.594774
-1.687599
-1.706491
-1.628237
-1.590536
-1.526187
-1.567969
-1.576343
-1.527225
-1.437391
-1.304425
-1.108818
-0.906956
-0.888000
-0.980146
-1.123382
-1.229396
-1.297488
-1.378458
-1.559618
-1.724264
-1.814750
-1.820700
-1.745074
-1.673610
-1.624781
-1.549287
-1.583414
-1.550663
-1.467193
-1.342907
-1.166638
-0.964477
-0.888704
-0.978974
-1.094693
-1.179842
-1.244512
-1.307174
-1.508994
-1.678325
-1.782488
-1.802377
-1.736372
-1.699441
-1.683967
-1.710411
-1.678308
-1.597832
-1.452615
-1.266617
-1.065312
-0.887998
-0.888000
-0.992943
-1.148291
-1.273155
-1.361598
-1.406729
-1.420763
-1.582828
-1.712021
-1.754940
-1.718195
-1.663365
-1.622548
-1.571219
-1.594169
-1.551600
-1.459900
-1.323607
-1.149854
-0.947647
-0.889109
-0.977920
-1.094810
-1.176182
-1.237367
-1.271738
-1.465447
-1.623431
-1.718731
-1.744266
-1.705997
-1.672579
-1.614112
-1.660492
-1.664731
-1.612361
-1.506506
-1.362885
-1.164148
-0.962620
-0.888000
-0.980900
-1.128597
-1.247100
-1.337618
-1.392157
-1.509379
-1.676628
-1.786451
-1.836051
-1.809861
-1.765596
-1.707633
-1.739200
-1.739967
-1.684895
-1.584063
-1.443253
-1.260611
-1.058610
-0.888000
-0.982456
-1.126705
-1.232361
-1.311493
-1.359239
-1.518186
-1.666382
-1.765518
-1.802916
-1.745309
-1.698484
-1.638070
-1.638895
-1.633100
-1.570339
-1.456190
-1.306165
-1.106206
-0.904612
-0.888000
-0.981790
-1.126002
-1.233697
-1.312818
-1.352103
-1.399300
-1.571922
-1.686092
-1.730652
-1.711469
-1.656106
-1.614384
-1.608538
-1.615448
-1.562855
-1.465327
-1.315676
-1.125033
-0.923108
-0.888000
-0.971126
-1.107023
-1.186636
-1.250734
-1.279644
-1.382930
-1.570682
-1.677257
-1.721156
-1.672872
-1.608794
-1.569249
-1.509301
-1.539667
-1.506051
-1.414821
-1.286822
-1.118094
-0.917480
-0.888000
-0.946395
-1.084724
-1.168582
-1.220097
-1.306445
-1.506785
-1.670334
-1.751351
-1.756661
-1.678973
-1.579307
-1.504519
-1.407889
-1.436780
-1.399348
-1.303828
-1.168902
-0.985431
-0.888001
-0.888000
-0.938922
-1.076167
-1.159327
-1.249795
-1.313873
-1.436014
-1.576650
-1.667690
-1.688928
-1.637363
-1.551922
-1.474123
-1.377832
-1.368912
-1.357415
-1.282242
-1.165767
-1.005160
-0.888001
-0.888000
-0.955175
-1.118902
-1.248328
-1.347948
-1.405350
-1.501191
-1.619475
-1.695844
-1.703985
-1.630485
-1.550013
-1.474993
-1.361797
-1.313912
-1.297633
-1.217380
-1.086840
-0.901554
-0.888000
-0.893840
-0.967519
-1.160164
-1.280387
-1.380072
-1.468463
-1.600801
-1.693431
-1.735086
-1.723232
-1.643411
-1.555004
-1.478871
-1.368889
-1.341730
-1.317177
-1.231154
-1.103432
-0.918791
-0.888001
-0.888000
-0.936495
-1.079083
-1.176253
-1.276667
-1.273674
-1.355366
-1.496378
-1.584256
-1.637692
-1.625016
-1.577169
-1.517369
-1.403554
-1.214614
-1.160786
-1.075841
-0.932102
-0.888000
-0.888861
-0.888007
-0.969298
-1.171351
-1.361904
-1.502880
-1.555984
-1.674247
-1.791141
-1.836262
-1.825729
-1.750661
-1.726660
-1.761428
-1.824743
-1.823017
-1.766687
-1.663393
-1.524247
-1.334786
-1.133078
-0.931748
-0.943336
-1.096566
-1.212680
-1.317653
-1.382848
-1.543959
-1.705021
-1.765304
-1.783990
-1.756757
-1.694413
-1.652883
-1.558804
-1.573536
-1.523566
-1.417248
-1.269216
-1.070494
-0.888000
-0.891605
-0.915582
-1.057891
-1.095523
-1.135598
-1.165148
-1.284506
-1.476570
-1.589892
-1.646755
-1.638640
-1.559744
-1.495779
-1.405995
-1.386972
-1.372888
-1.295637
-1.176963
-1.014035
-0.888001
-0.888000
-0.913331
-1.065679
-1.123034
-1.177474
-1.197948
-1.289052
-1.481971
-1.611359
-1.666602
-1.670547
-1.605943
-1.545327
-1.454852
-1.396287
-1.395209
-1.324322
-1.208933
-1.035648
-0.888000
-0.898713
-0.934377
-1.042440
-1.107088
-1.168390
-1.209070
-1.405671
-1.595374
-1.737713
-1.796546
-1.738678
-1.694391
-1.628582
-1.690508
-1.692775
-1.639706
-1.535457
-1.404466
-1.217464
-1.015635
-0.888000
-0.920653
-1.074325
-1.201181
-1.298334
-1.347355
-1.348156
-1.509560
-1.657936
-1.729207
-1.736715
-1.687187
-1.631914
-1.561514
-1.478483
-1.482736
-1.421667
-1.315505
-1.145210
-0.937910
-0.888000
-0.918347
-1.070195
-1.160410
-1.313490
-1.417097
-1.608010
-1.792601
-1.914875
-1.929691
-1.858534
-1.831228
-1.862334
-1.887568
-1.859276
-1.780643
-1.637782
-1.445421
-1.244067
-1.042334
-0.888000
-0.928347
-1.091848
-1.257515
-1.388380
-1.476423
-1.523529
-1.711060
-1.840363
-1.882126
-1.851394
-1.799194
-1.765349
-1.748092
-1.772063
-1.737486
-1.653334
-1.532637
-1.381792
-1.186763
-0.985191
-0.919252
-1.073246
-1.190709
-1.284623
-1.366544
-1.533677
-1.708928
-1.790671
-1.815956
-1.786300
-1.733993
-1.676536
-1.669126
-1.662265
-1.602727
-1.494846
-1.356382
-1.173177
-0.971642
-0.888017
-0.888000
-1.049982
-1.167547
-1.254016
-1.297926
-1.335081
-1.522798
-1.673847
-1.744432
-1.729106
-1.632368
-1.567433
-1.511922
-1.481744
-1.492427
-1.433591
-1.342003
-1.209299
-1.025553
-0.888021
-0.888142
-1.048169
-1.136012
-1.219580
-1.280316
-1.344471
-1.532337
-1.662344
-1.721539
-1.713826
-1.627283
-1.568257
-1.493552
-1.544345
-1.533908
-1.463808
-1.359620
-1.204070
-1.007968
-0.888015
-0.888919
-1.051555
-1.140756
-1.210083
-1.284960
-1.399036
-1.588014
-1.706697
-1.734637
-1.687290
-1.597409
-1.536067
-1.484945
-1.470256
-1.480950
-1.422752
-1.331150
-1.201185
-1.020825
-0.888015
-0.888086
-1.055451
-1.174188
-1.266016
-1.314863
-1.434916
-1.607544
-1.702709
-1.719672
-1.681616
-1.592729
-1.519288
-1.474050
-1.448712
-1.472941
-1.427644
-1.344673
-1.211711
-1.022753
-0.888045
-0.893374
-1.060736
-1.235447
-1.343493
-1.452749
-1.635410
-1.788698
-1.827967
-1.783702
-1.689340
-1.618817
-1.569982
-1.554097
-1.587845
-1.556492
-1.472521
-1.358785
-1.208099
-1.011896
-0.888028
-0.893247
-1.086303
-1.287261
-1.469800
-1.556638
-1.662294
-1.805803
-1.872242
-1.853129
-1.803135
-1.761574
-1.712342
-1.627807
-1.531858
-1.496572
-1.406070
-1.283286
-1.082771
-0.887996
-0.888479
-0.902570
-1.100967
-1.293638
-1.479242
-1.668327
-1.814101
-1.895236
-1.882770
-1.839389
-1.832247
-1.854531
-1.821929
-1.672332
-1.615065
-1.529025
-1.404357
-1.245860
-1.050815
-0.888002
-0.888106
-0.895230
-1.040229
-1.244543
-1.440428
-1.600430
-1.673458
-1.781601
-1.876228
-1.945775
-1.913001
-1.873338
-1.826816
-1.806834
-1.825675
-1.792997
-1.703575
-1.569694
-1.377936
-1.176281
-0.977717
-0.891679
-1.018374
-1.123106
-1.261675
-1.346873
-1.545711
-1.744979
-1.902354
-1.984000
-1.957127
-1.909674
-1.823896
-1.858358
-1.837568
-1.769893
-1.662473
-1.501106
-1.306421
-1.104942
-0.903299
-0.889013
-1.031698
-1.184266
-1.310933
-1.399597
-1.440020
-1.533607
-1.690488
-1.788903
-1.823301
-1.796569
-1.745490
-1.661982
-1.623106
-1.611549
-1.544058
-1.433842
-1.281094
-1.078925
-0.887995
-0.889931
-1.016629
-1.147439
-1.221998
-1.276354
-1.292040
-1.362965
-1.522774
-1.631322
-1.672176
-1.642040
-1.582909
-1.522212
-1.482364
-1.487276
-1.432086
-1.331901
-1.186345
-0.985615
-0.888002
-0.888000
-1.020431
-1.148128
-1.242657
-1.298813
-1.318055
-1.461509
-1.627443
-1.717613
-1.744998
-1.720692
-1.664516
-1.616541
-1.558907
-1.595528
-1.559560
-1.483167
-1.348929
-1.154129
-0.952568
-0.889619
-1.016993
-1.119995
-1.199727
-1.256993
-1.411604
-1.608406
-1.784115
-1.937430
-1.992524
-1.958670
-1.872821
-1.915299
-1.900748
-1.836580
-1.734288
-1.596169
-1.418977
-1.217653
-1.016235
-0.888000
-1.025771
-1.181295
-1.312234
-1.409889
-1.507684
-1.675241
-1.809150
-1.869170
-1.872735
-1.800322
-1.745072
-1.652439
-1.665259
-1.649197
-1.578564
-1.458871
-1.296421
-1.102547
-0.900764
-0.888347
-0.973292
-1.105344
-1.184070
-1.243542
-1.273109
-1.449525
-1.595620
-1.668179
-1.700435
-1.650206
-1.583278
-1.531049
-1.492124
-1.494889
-1.439193
-1.333997
-1.194764
-0.998002
-0.888005
-0.888000
-0.991656
-1.128435
-1.238563
-1.283263
-1.330325
-1.496157
-1.642039
-1.718175
-1.720132
-1.635455
-1.542378
-1.474125
-1.417573
-1.453940
-1.433675
-1.354086
-1.234863
-1.065634
-0.887998
-0.888000
-0.964800
-1.088984
-1.245697
-1.378549
-1.457936
-1.575290
-1.674551
-1.732063
-1.731895
-1.662103
-1.600303
-1.562695
-1.560710
-1.584056
-1.544811
-1.455143
-1.326884
-1.156245
-0.954378
-0.888000
-0.974191
-1.124502
-1.291563
-1.399815
-1.482592
-1.614480
-1.736154
-1.798636
-1.798622
-1.722709
-1.636992
-1.573781
-1.510253
-1.526358
-1.478531
-1.378444
-1.234031
-1.039195
-0.888000
-0.888167
-0.955289
-1.065901
-1.135772
-1.229741
-1.305265
-1.453540
-1.582024
-1.656269
-1.668453
-1.601308
-1.511041
-1.432763
-1.326389
-1.330023
-1.310275
-1.232244
-1.111751
-0.932682
-0.888000
-0.888000
-0.959251
-1.113519
-1.231807
-1.324198
-1.402999
-1.518368
-1.654104
-1.736163
-1.743480
-1.665475
-1.584621
-1.514072
-1.408144
-1.407794
-1.391782
-1.317054
-1.197472
-1.015105
-0.888001
-0.888428
-0.954723
-1.123591
-1.264224
-1.390914
-1.469884
-1.584007
-1.679225
-1.727369
-1.740672
-1.674548
-1.612283
-1.578102
-1.546884
-1.558982
-1.508399
-1.409155
-1.263502
-1.073155
-0.887998
-0.888000
-0.940595
-1.062496
-1.183975
-1.326789
-1.370554
-1.475976
-1.590261
-1.664791
-1.691767
-1.652085
-1.586219
-1.526289
-1.422614
-1.329565
-1.313341
-1.230102
-1.100425
-0.914935
-0.888001
-0.893789
-0.938277
-1.070860
-1.116102
-1.229480
-1.287749
-1.435241
-1.583701
-1.653440
-1.681784
-1.629839
-1.548040
-1.499616
-1.427478
-1.482854
-1.470633
-1.395890
-1.285187
-1.117340
-0.915090
-0.888000
-0.945849
-1.109106
-1.232976
-1.352306
-1.371430
-1.455098
-1.586430
-1.659511
-1.697947
-1.677100
-1.624298
-1.574830
-1.495280
-1.411925
-1.402007
-1.330781
-1.205111
-1.013548
-0.888000
-0.897786
-0.944928
-1.068097
-1.211212
-1.405258
-1.500433
-1.690966
-1.836830
-1.906484
-1.896973
-1.839786
-1.844046
-1.919136
-1.934996
-1.897516
-1.813764
-1.686101
-1.531968
-1.333481
-1.131899
-0.930647
-0.957558
-1.117178
-1.264599
-1.382659
-1.495366
-1.647662
-1.785378
-1.880277
-1.904193
-1.855262
-1.795179
-1.756402
-1.669809
-1.682951
-1.635279
-1.536300
-1.397865
-1.211305
-1.009145
-0.888242
-0.939627
-1.069714
-1.142181
-1.196680
-1.234210
-1.277420
-1.470100
-1.620599
-1.702016
-1.683557
-1.618080
-1.569142
-1.475253
-1.510632
-1.482231
-1.400533
-1.288707
-1.110578
-0.908966
-0.888000
-0.964768
-1.087173
-1.179259
-1.246275
-1.297306
-1.498117
-1.685460
-1.818174
-1.853905
-1.808854
-1.721479
-1.666536
-1.559241
-1.622319
-1.612712
-1.544055
-1.437796
-1.281273
-1.079674
-0.887996
-0.915263
-1.067778
-1.148417
-1.223394
-1.311574
-1.501443
-1.683486
-1.790462
-1.810408
-1.729222
-1.660199
-1.612499
-1.587933
-1.598800
-1.550520
-1.446003
-1.301660
-1.118081
-0.916199
-0.888000
-0.914403
-1.065424
-1.149171
-1.210528
-1.233694
-1.343212
-1.527619
-1.650719
-1.698622
-1.678196
-1.582960
-1.503205
-1.419147
-1.391398
-1.396420
-1.335313
-1.232806
-1.091589
-0.894388
-0.888000
-0.926241
-1.061158
-1.117878
-1.195672
-1.267186
-1.441710
-1.611750
-1.703298
-1.720269
-1.669626
-1.560721
-1.481341
-1.396382
-1.391103
-1.390311
-1.325046
-1.214898
-1.060545
-0.888000
-0.888019
-0.929582
-1.090789
-1.174768
-1.281490
-1.363079
-1.517682
-1.646485
-1.723525
-1.726164
-1.643046
-1.540862
-1.450387
-1.343634
-1.291374
-1.275687
-1.190427
-1.057858
-0.887002
-0.888002
-0.888000
-0.930302
-1.124951
-1.256516
-1.363296
-1.433433
-1.548119
-1.678052
-1.777213
-1.813231
-1.750092
-1.657125
-1.565109
-1.421358
-1.223889
-1.126037
-1.060271
-0.944943
-0.888002
-0.888123
-0.888000
-0.929829
-1.131890
-1.333718
-1.496210
-1.583214
-1.694458
-1.789830
-1.805669
-1.786272
-1.719692
-1.667251
-1.643819
-1.671346
-1.689766
-1.645794
-1.550717
-1.417293
-1.233156
-1.031007
-0.888246
-0.917877
-1.072117
-1.161121
-1.301224
-1.393709
-1.467076
-1.609847
-1.695731
-1.731786
-1.730026
-1.666717
-1.611260
-1.541155
-1.507328
-1.483407
-1.397464
-1.264669
-1.090431
-0.888694
-0.888000
-0.916186
-1.053202
-1.111919
-1.215066
-1.303804
-1.419605
-1.566795
-1.645518
-1.668074
-1.654517
-1.577376
-1.521875
-1.463028
-1.451708
-1.438863
-1.361345
-1.249975
-1.085829
-0.888000
-0.888009
-0.893514
-1.059815
-1.127620
-1.163742
-1.192511
-1.179968
-1.317077
-1.459440
-1.552788
-1.583505
-1.555954
-1.509265
-1.435791
-1.412078
-1.392043
-1.309942
-1.192520
-1.020423
-0.888000
-0.888013
-0.889171
-1.055738
-1.129883
-1.172018
-1.212873
-1.218247
-1.379499
-1.512064
-1.592351
-1.619963
-1.584570
-1.536623
-1.474989
-1.489695
-1.477618
-1.403550
-1.296004
-1.131172
-0.929549
-0.888006
-0.901040
-1.068214
-1.146226
-1.206931
-1.253127
-1.317237
-1.514345
-1.631993
-1.693644
-1.705569
-1.646776
-1.607130
-1.532323
-1.578116
-1.554469
-1.474315
-1.360805
-1.189671
-0.988073
-0.888000
-0.899785
-1.059514
-1.154076
-1.211283
-1.248396
-1.254122
-1.410494
-1.528512
-1.594760
-1.611614
-1.572461
-1.514438
-1.431439
-1.323952
-1.320548
-1.248398
-1.138435
-0.972959
-0.888000
-0.888009
-0.889600
-1.055957
-1.116964
-1.153380
-1.189099
-1.188846
-1.336403
-1.486631
-1.583060
-1.623712
-1.613003
-1.563033
-1.501417
-1.509177
-1.497395
-1.424980
-1.321065
-1.162830
-0.960434
-0.888001
-0.894545
-1.058537
-1.151061
-1.211354
-1.262433
-1.278462
-1.452019
-1.581716
-1.653121
-1.672894
-1.640792
-1.585445
-1.518747
-1.486693
-1.469758
-1.393348
-1.283079
-1.119917
-0.917896
-0.888007
-0.890203
-1.055839
-1.134110
-1.181731
-1.222542
-1.231437
-1.360473
-1.501715
-1.590818
-1.627681
-1.618004
-1.564287
-1.495420
-1.440347
-1.440836
-1.374836
-1.265462
-1.093473
-0.892191
-0.888002
-0.903270
-1.007074
-1.090122
-1.152728
-1.239935
-1.347573
-1.531239
-1.640684
-1.689133
-1.684827
-1.616656
-1.577039
-1.495818
-1.559032
-1.550573
-1.487216
-1.383257
-1.241238
-1.047101
-0.888000
-0.888000
-1.018898
-1.143543
-1.227361
-1.269717
-1.286279
-1.451751
-1.607621
-1.696412
-1.721370
-1.689820
-1.629908
-1.558920
-1.445629
-1.467878
-1.429478
-1.344112
-1.204314
-1.008454
-0.888001
-0.901900
-1.024980
-1.116314
-1.236451
-1.360156
-1.454008
-1.620619
-1.717455
-1.766175
-1.757545
-1.706781
-1.680670
-1.684095
-1.708079
-1.673677
-1.590452
-1.457940
-1.281698
-1.080083
-0.887995
-0.888000
-1.021278
-1.167945
-1.280306
-1.359857
-1.396037
-1.478374
-1.639060
-1.736232
-1.772623
-1.733201
-1.684351
-1.615384
-1.612034
-1.604089
-1.537909
-1.432154
-1.275762
-1.077415
-0.887995
-0.892269
-1.011428
-1.120302
-1.195613
-1.253563
-1.284510
-1.458363
-1.613494
-1.693561
-1.712289
-1.662702
-1.626641
-1.538978
-1.590630
-1.574525
-1.503042
-1.388069
-1.232411
-1.032483
-0.888000
-0.888000
-1.006043
-1.137424
-1.232745
-1.291100
-1.320710
-1.427176
-1.600188
-1.709459
-1.739980
-1.698723
-1.632519
-1.579369
-1.507519
-1.531329
-1.488219
-1.399726
-1.272444
-1.081787
-0.887995
-0.891606
-0.995817
-1.084471
-1.140803
-1.188244
-1.211091
-1.381099
-1.544206
-1.636913
-1.664885
-1.627263
-1.577296
-1.529859
-1.513115
-1.516774
-1.460895
-1.349452
-1.199767
-1.001102
-0.888003
-0.888000
-1.003208
-1.136664
-1.230383
-1.289907
-1.357460
-1.547073
-1.705479
-1.786701
-1.793395
-1.702785
-1.625504
-1.575411
-1.517257
-1.552101
-1.519380
-1.433259
-1.309219
-1.134431
-0.932510
-0.888247
-0.974855
-1.105640
-1.182194
-1.297333
-1.353586
-1.519851
-1.648797
-1.718482
-1.740813
-1.691346
-1.646619
-1.572366
-1.611337
-1.584000
-1.507586
-1.372619
-1.196444
-0.995150
-0.888008
-0.888000
-0.989066
-1.137050
-1.248137
-1.319192
-1.346987
-1.377442
-1.536218
-1.654123
-1.686546
-1.648766
-1.579349
-1.524917
-1.471105
-1.506335
-1.471636
-1.382989
-1.250878
-1.068967
-0.887997
-0.888229
-0.965001
-1.089780
-1.156870
-1.292879
-1.348404
-1.522974
-1.645623
-1.704456
-1.731087
-1.681461
-1.639255
-1.593986
-1.637765
-1.633659
-1.575948
-1.470272
-1.332551
-1.138625
-0.936709
-0.888305
-0.980760
-1.121394
-1.216673
-1.282705
-1.319112
-1.429848
-1.592233
-1.708351
-1.746041
-1.706517
-1.626420
-1.562071
-1.487629
-1.508548
-1.463726
-1.367005
-1.229290
-1.044446
-0.888001
-0.888832
-0.964906
-1.093135
-1.151704
-1.246748
-1.292326
-1.414315
-1.552784
-1.630319
-1.665585
-1.642211
-1.576114
-1.531065
-1.479932
-1.485512
-1.430633
-1.324902
-1.185903
-0.988849
-0.888001
-0.888000
-0.971299
-1.106276
-1.175666
-1.227699
-1.240535
-1.304217
-1.479218
-1.591209
-1.644367
-1.629337
-1.548591
-1.488915
-1.408085
-1.448948
-1.428474
-1.344103
-1.223641
-1.059274
-0.888000
-0.888539
-0.962674
-1.107414
-1.205152
-1.321110
-1.385892
-1.515030
-1.634502
-1.710158
-1.727605
-1.670893
-1.581599
-1.518493
-1.436532
-1.483518
-1.464727
-1.382821
-1.265047
-1.094044
-0.891983
-0.889712
-0.939640
-1.070075
-1.120883
-1.237116
-1.284428
-1.431223
-1.566493
-1.633802
-1.660177
-1.643756
-1.568913
-1.498708
-1.383892
-1.381286
-1.332169
-1.225832
-1.071062
-0.887995
-0.888001
-0.894902
-0.942017
-1.054402
-1.085593
-1.128340
-1.139558
-1.286223
-1.466062
-1.566410
-1.613178
-1.601702
-1.540375
-1.480332
-1.370251
-1.310979
-1.296814
-1.219154
-1.099961
-0.934691
-0.888001
-0.888000
-0.938270
-1.080441
-1.166660
-1.309480
-1.357464
-1.412913
-1.520806
-1.599313
-1.637382
-1.631672
-1.577953
-1.529871
-1.441036
-1.414878
-1.389407
-1.303148
-1.171487
-0.985695
-0.888002
-0.890180
-0.938047
-1.067770
-1.111845
-1.210481
-1.269910
-1.423124
-1.579250
-1.660057
-1.707107
-1.678183
-1.624794
-1.598330
-1.592407
-1.611394
-1.571152
-1.478557
-1.347074
-1.175225
-0.973366
-0.888149
-0.956874
-1.097978
-1.180854
-1.277181
-1.328571
-1.421123
-1.592215
-1.719864
-1.757409
-1.717633
-1.629756
-1.555995
-1.461708
-1.451698
-1.438400
-1.365212
-1.247708
-1.081738
-0.887997
-0.890398
-0.933822
-1.063604
-1.100076
-1.166940
-1.215074
-1.380906
-1.546172
-1.624644
-1.657635
-1.627371
-1.543589
-1.488779
-1.395382
-1.438725
-1.410028
-1.320885
-1.192343
-1.018480
-0.888002
-0.888000
-0.914527
-1.068427
-1.134723
-1.196544
-1.235389
-1.368582
-1.541706
-1.654506
-1.688259
-1.640556
-1.555220
-1.478299
-1.389255
-1.358968
-1.366208
-1.303945
-1.193257
-1.035648
-0.888001
-0.889581
-0.932372
-1.096220
-1.204813
-1.319380
-1.420623
-1.601967
-1.729626
-1.755416
-1.732442
-1.679750
-1.587185
-1.515371
-1.416455
-1.426139
-1.402847
-1.317012
-1.191491
-1.018305
-0.888000
-0.888000
-0.912303
-1.062653
-1.119884
-1.173977
-1.209118
-1.324619
-1.511452
-1.614264
-1.660761
-1.653905
-1.572115
-1.520855
-1.458163
-1.469363
-1.461463
-1.390268
-1.279168
-1.131056
-0.934362
-0.888000
-0.917653
-1.068989
-1.128834
-1.205284
-1.253889
-1.289563
-1.470528
-1.578622
-1.629739
-1.637376
-1.580664
-1.526588
-1.447698
-1.446564
-1.428832
-1.348719
-1.225694
-1.055384
-0.888001
-0.888000
-0.921787
-1.073946
-1.135093
-1.182877
-1.205994
-1.249975
-1.441899
-1.558792
-1.612923
-1.616413
-1.539859
-1.483272
-1.415721
-1.421665
-1.413525
-1.342777
-1.231803
-1.077676
-0.887993
-0.888000
-0.914469
-1.061928
-1.127896
-1.179487
-1.213825
-1.282580
-1.472081
-1.607035
-1.684159
-1.704074
-1.687332
-1.633331
-1.558988
-1.502327
-1.518910
-1.464327
-1.371243
-1.220862
-1.019621
-0.888114
-0.913848
-1.066767
-1.139672
-1.239746
-1.342103
-1.518216
-1.686755
-1.764678
-1.790558
-1.725463
-1.686823
-1.643857
-1.682435
-1.683009
-1.626819
-1.518667
-1.375840
-1.183004
-0.981182
-0.888000
-0.892689
-1.057135
-1.185574
-1.284832
-1.338044
-1.424924
-1.606458
-1.739050
-1.774725
-1.729738
-1.639334
-1.570231
-1.482771
-1.526498
-1.523949
-1.454348
-1.352443
-1.195660
-1.000321
-0.888016
-0.890036
-1.058106
-1.223540
-1.364599
-1.488636
-1.650904
-1.786816
-1.830144
-1.797174
-1.714272
-1.642066
-1.587203
-1.557758
-1.583337
-1.543698
-1.450357
-1.327213
-1.162757
-0.960931
-0.888015
-0.888647
-1.074942
-1.271827
-1.412488
-1.500761
-1.594248
-1.727055
-1.780226
-1.776445
-1.737011
-1.678489
-1.591351
-1.531639
-1.506607
-1.498395
-1.426269
-1.316894
-1.133841
-0.932197
-0.888300
-0.895929
-1.095295
-1.285614
-1.414995
-1.525902
-1.698561
-1.840537
-1.851809
-1.798372
-1.747189
-1.736937
-1.677451
-1.584923
-1.573374
-1.526549
-1.420028
-1.277920
-1.080091
-0.887992
-0.888030
-0.888849
-1.014026
-1.122178
-1.279945
-1.443501
-1.592025
-1.741065
-1.824582
-1.854897
-1.837592
-1.780597
-1.737475
-1.684205
-1.685175
-1.680679
-1.607449
-1.496950
-1.313738
-1.111752
-0.910307
-0.896509
-1.011448
-1.162567
-1.296800
-1.398653
-1.524210
-1.706521
-1.810230
-1.857023
-1.849864
-1.790343
-1.752183
-1.676649
-1.705004
-1.669284
-1.577513
-1.453771
-1.270715
-1.068654
-0.887997
-0.900726
-1.034780
-1.120960
-1.178678
-1.230203
-1.283053
-1.482824
-1.614383
-1.676412
-1.692897
-1.643344
-1.584115
-1.511753
-1.471071
-1.443741
-1.358210
-1.241186
-1.069903
-0.887995
-0.888001
-0.892041
-1.057857
-1.137218
-1.170834
-1.206465
-1.203386
-1.323123
-1.470269
-1.562084
-1.598384
-1.579515
-1.528844
-1.458083
-1.341567
-1.343585
-1.274885
-1.157443
-0.995922
-0.888001
-0.888003
-0.897735
-1.025564
-1.089447
-1.118894
-1.153198
-1.160571
-1.312380
-1.460893
-1.554892
-1.597426
-1.579424
-1.532617
-1.470056
-1.351626
-1.380189
-1.335445
-1.243396
-1.108412
-0.910836
-0.888009
-0.888412
-1.021152
-1.121237
-1.187869
-1.231174
-1.243376
-1.380195
-1.535004
-1.628963
-1.663294
-1.640725
-1.587293
-1.522610
-1.430616
-1.439111
-1.380713
-1.275879
-1.110326
-0.908532
-0.888002
-0.902374
-1.029635
-1.121677
-1.186763
-1.237951
-1.259595
-1.453326
-1.598758
-1.669793
-1.686321
-1.632417
-1.593897
-1.540418
-1.575793
-1.577766
-1.521522
-1.422913
-1.284351
-1.088289
-0.888000
-0.888201
-1.017950
-1.152802
-1.248372
-1.309501
-1.334767
-1.472467
-1.624789
-1.715752
-1.747183
-1.710783
-1.664558
-1.617686
-1.621922
-1.622249
-1.564266
-1.468388
-1.323365
-1.128023
-0.926256
-0.889026
-1.004508
-1.116632
-1.194955
-1.253415
-1.283001
-1.449910
-1.606760
-1.700931
-1.722574
-1.655976
-1.607921
-1.541410
-1.550041
-1.550963
-1.494051
-1.394603
-1.256620
-1.063809
-0.887999
-0.888330
-1.016628
-1.147756
-1.238087
-1.294672
-1.351348
-1.521620
-1.684142
-1.766991
-1.773346
-1.695460
-1.617190
-1.561738
-1.504093
-1.532575
-1.493736
-1.408999
-1.285131
-1.102644
-0.900560
-0.888102
-1.018098
-1.132070
-1.205028
-1.303742
-1.366796
-1.551787
-1.664004
-1.721181
-1.735475
-1.665818
-1.631962
-1.587259
-1.645477
-1.632241
-1.568532
-1.454512
-1.306536
-1.108935
-0.907063
-0.888000
-0.985794
-1.129584
-1.229979
-1.296895
-1.331410
-1.478212
-1.630851
-1.725898
-1.745169
-1.675205
-1.601952
-1.548685
-1.509659
-1.532297
-1.489862
-1.395459
-1.261228
-1.081611
-0.887995
-0.888014
-0.970699
-1.100582
-1.236678
-1.334985
-1.387158
-1.518678
-1.631443
-1.697458
-1.715369
-1.666783
-1.598861
-1.546292
-1.507779
-1.530039
-1.486978
-1.393891
-1.258265
-1.075705
-0.887993
-0.888090
-0.974356
-1.107355
-1.238687
-1.401360
-1.461026
-1.559189
-1.654754
-1.702411
-1.723872
-1.695786
-1.645367
-1.604899
-1.591120
-1.580134
-1.510962
-1.392459
-1.219706
-1.017329
-0.888000
-0.892155
-0.960682
-1.077105
-1.123290
-1.169273
-1.187640
-1.335906
-1.508761
-1.608529
-1.653532
-1.647170
-1.592054
-1.531335
-1.405810
-1.391941
-1.352784
-1.258728
-1.111285
-0.910242
-0.888001
-0.888199
-0.985220
-1.124382
-1.189484
-1.258378
-1.281459
-1.408472
-1.567706
-1.668764
-1.704240
-1.673037
-1.610883
-1.570067
-1.525473
-1.545060
-1.502506
-1.409750
-1.275129
-1.091675
-0.889691
-0.888230
-0.971815
-1.107349
-1.179958
-1.251967
-1.273532
-1.371300
-1.536326
-1.628469
-1.675389
-1.680319
-1.620865
-1.573902
-1.514494
-1.534050
-1.488149
-1.391721
-1.254871
-1.059310
-0.888000
-0.888549
-0.970373
-1.103081
-1.163090
-1.214892
-1.238513
-1.342795
-1.515015
-1.613117
-1.655869
-1.642423
-1.570997
-1.521821
-1.441346
-1.477461
-1.445078
-1.353382
-1.223887
-1.041621
-0.888002
-0.888000
-0.943049
-1.083361
-1.154052
-1.233308
-1.268188
-1.324857
-1.467084
-1.567657
-1.608987
-1.607415
-1.549277
-1.495796
-1.397735
-1.354805
-1.316376
-1.218597
-1.069172
-0.887995
-0.888000
-0.888723
-0.937767
-1.077224
-1.128220
-1.227059
-1.282924
-1.453380
-1.602250
-1.671104
-1.704315
-1.659364
-1.605914
-1.581127
-1.577895
-1.597550
-1.556520
-1.459157
-1.323872
-1.124661
-0.922789
-0.888000
-0.944164
-1.090188
-1.177493
-1.256542
-1.291666
-1.386675
-1.565060
-1.696754
-1.738540
-1.709507
-1.633891
-1.573589
-1.492699
-1.488178
-1.478077
-1.404220
-1.287354
-1.115893
-0.913614
-0.889486
-0.934454
-1.056062
-1.120939
-1.181011
-1.217775
-1.413660
-1.600233
-1.715744
-1.764138
-1.679112
-1.634578
-1.591862
-1.614721
-1.627975
-1.582546
-1.482331
-1.351601
-1.165509
-0.963732
-0.888000
-0.957238
-1.105065
-1.227441
-1.296912
-1.392672
-1.593015
-1.759344
-1.838179
-1.830715
-1.742251
-1.648107
-1.574716
-1.481529
-1.518740
-1.486382
-1.399594
-1.270616
-1.093873
-0.891894
-0.888000
-0.937828
-1.075370
-1.131948
-1.244762
-1.310276
-1.447388
-1.603637
-1.683263
-1.723448
-1.700279
-1.621937
-1.568599
-1.482499
-1.520898
-1.489873
-1.400362
-1.269622
-1.093665
-0.891527
-0.888000
-0.936917
-1.077273
-1.140726
-1.246448
-1.287052
-1.391454
-1.568813
-1.670305
-1.718969
-1.719335
-1.657450
-1.596599
-1.512788
-1.512965
-1.494790
-1.412578
-1.286152
-1.104865
-0.902584
-0.894805
-0.921494
-1.048834
-1.107939
-1.243101
-1.344074
-1.524143
-1.687101
-1.750548
-1.763653
-1.677561
-1.620026
-1.579386
-1.579275
-1.593254
-1.547624
-1.445048
-1.302851
-1.121814
-0.919747
-0.888000
-0.922275
-1.074738
-1.155499
-1.215422
-1.234895
-1.302868
-1.475926
-1.598388
-1.646853
-1.636916
-1.567970
-1.499360
-1.386393
-1.298803
-1.286056
-1.204250
-1.074473
-0.895062
-0.888001
-0.897948
-0.922251
-0.997325
-1.035638
-1.079777
-1.137820
-1.310043
-1.503641
-1.621863
-1.676576
-1.652644
-1.560976
-1.504051
-1.419391
-1.482490
-1.472741
-1.403635
-1.295720
-1.146292
-0.946892
-0.888000
-0.913899
-1.063757
-1.146954
-1.213879
-1.245576
-1.316081
-1.511641
-1.669097
-1.744486
-1.745847
-1.685102
-1.626250
-1.556025
-1.533072
-1.539819
-1.480389
-1.382017
-1.235170
-1.035756
-0.888056
-0.913796
-1.066637
-1.137148
-1.212252
-1.302063
-1.473095
-1.656137
-1.748881
-1.779449
-1.691802
-1.645803
-1.592929
-1.622934
-1.631040
-1.583724
-1.489690
-1.367776
-1.196715
-0.995436
-0.888000
-0.922923
-1.072244
-1.179737
-1.255265
-1.361498
-1.559572
-1.714213
-1.764419
-1.740280
-1.663464
-1.550555
-1.462072
-1.419375
-1.332012
-1.328481
-1.257545
-1.142406
-0.975872
-0.888000
-0.888000
-0.909292
-1.045067
-1.089035
-1.130854
-1.154256
-1.275535
-1.464908
-1.586409
-1.652781
-1.647219
-1.554387
-1.471827
-1.387686
-1.359260
-1.365205
-1.302280
-1.203670
-1.053142
-0.888001
-0.888001
-0.888000
-1.030553
-1.097613
-1.193775
-1.251276
-1.357304
-1.516676
-1.629355
-1.676858
-1.657610
-1.581462
-1.506095
-1.385265
-1.197626
-1.213671
-1.147342
-1.045177
-0.887924
-0.888032
-0.888945
-0.888000
-1.045418
-1.179063
-1.311043
-1.430055
-1.570683
-1.716766
-1.778842
-1.781068
-1.707725
-1.605801
-1.547356
-1.495480
-1.516808
-1.517826
-1.454292
-1.359397
-1.210203
-1.014395
-0.888010
-0.889077
-1.058216
-1.205387
-1.361976
-1.426086
-1.428114
-1.559030
-1.658592
-1.707988
-1.711695
-1.687742
-1.626562
-1.531399
-1.369943
-1.357283
-1.277367
-1.162970
-0.957529
-0.888511
-0.888745
-0.891931
-1.009191
-1.209717
-1.385474
-1.481969
-1.620434
-1.793770
-1.904226
-1.918674
-1.832600
-1.768264
-1.726991
-1.758023
-1.775204
-1.733337
-1.638820
-1.515157
-1.337317
-1.135144
-0.933590
-0.890227
-1.054064
-1.188140
-1.284409
-1.351798
-1.375297
-1.543867
-1.672851
-1.744433
-1.756855
-1.692554
-1.651340
-1.556277
-1.590696
-1.565800
-1.485607
-1.372685
-1.207167
-1.005103
-0.888012
-0.889351
-1.053296
-1.152891
-1.200478
-1.230921
-1.203277
-1.300786
-1.449642
-1.547045
-1.582219
-1.585639
-1.539692
-1.464261
-1.380623
-1.360756
-1.278457
-1.163859
-0.992994
-0.888039
-0.887999
-0.890259
-1.055573
-1.138191
-1.175906
-1.216218
-1.221366
-1.361134
-1.496860
-1.585636
-1.621667
-1.599196
-1.537927
-1.470571
-1.419779
-1.418788
-1.353228
-1.250249
-1.093839
-0.891706
-0.888011
-0.889302
-1.020338
-1.105064
-1.157866
-1.199628
-1.206590
-1.353950
-1.504742
-1.594127
-1.631106
-1.610453
-1.556553
-1.483767
-1.371685
-1.384552
-1.326266
-1.221484
-1.072977
-0.887999
-0.888011
-0.896793
-1.022093
-1.099618
-1.147736
-1.190944
-1.201847
-1.388022
-1.532200
-1.613753
-1.642702
-1.585670
-1.525351
-1.467641
-1.448948
-1.463835
-1.414623
-1.320901
-1.186485
-0.991337
-0.888002
-0.888008
-1.018936
-1.140670
-1.218178
-1.260257
-1.278448
-1.448599
-1.606276
-1.694097
-1.723810
-1.704665
-1.644849
-1.583936
-1.518895
-1.548045
-1.505790
-1.418693
-1.278301
-1.084112
-0.887996
-0.889257
-1.016676
-1.111727
-1.194805
-1.283771
-1.397364
-1.597725
-1.745216
-1.817393
-1.793642
-1.743707
-1.685096
-1.696006
-1.703517
-1.656179
-1.546321
-1.350765
-1.149143
-0.947460
-0.888011
-0.888470
-1.031751
-1.194017
-1.325710
-1.418157
-1.465013
-1.474599
-1.613894
-1.736139
-1.778818
-1.740711
-1.688491
-1.640618
-1.582746
-1.599417
-1.550776
-1.459676
-1.319326
-1.130190
-0.928055
-0.889121
-0.999072
-1.091499
-1.161606
-1.216980
-1.255187
-1.455754
-1.626561
-1.733323
-1.764919
-1.701551
-1.659385
-1.594247
-1.627562
-1.601752
-1.522541
-1.389543
-1.211897
-1.010201
-0.888001
-0.888000
-1.007394
-1.145987
-1.253361
-1.331124
-1.413327
-1.599155
-1.765724
-1.856255
-1.859451
-1.777608
-1.704653
-1.651093
-1.565858
-1.597265
-1.562213
-1.483249
-1.364777
-1.192562
-0.990416
-0.888116
-0.976972
-1.088219
-1.173977
-1.236902
-1.280267
-1.481263
-1.660947
-1.781601
-1.806655
-1.735807
-1.689760
-1.644138
-1.680801
-1.658566
-1.583794
-1.443395
-1.260831
-1.059084
-0.888000
-0.888000
-0.985626
-1.137493
-1.260160
-1.346459
-1.395491
-1.459036
-1.629977
-1.755306
-1.800364
-1.767521
-1.708357
-1.657924
-1.588658
-1.609886
-1.566285
-1.474015
-1.337934
-1.154808
-0.952679
-0.888381
-0.980256
-1.096819
-1.183457
-1.250511
-1.287918
-1.475968
-1.645824
-1.770511
-1.822024
-1.752627
-1.708289
-1.658913
-1.688187
-1.660388
-1.580129
-1.420407
-1.223860
-1.022140
-0.888002
-0.888000
-0.984270
-1.139004
-1.272870
-1.370772
-1.435316
-1.557823
-1.728451
-1.848419
-1.882650
-1.826860
-1.772599
-1.735605
-1.689875
-1.717370
-1.683052
-1.599113
-1.482167
-1.307686
-1.101472
-0.900394
-0.978813
-1.107007
-1.199686
-1.269629
-1.310100
-1.506172
-1.674298
-1.808050
-1.857751
-1.818823
-1.777077
-1.698798
-1.737563
-1.713404
-1.639476
-1.502278
-1.322778
-1.121929
-0.919994
-0.888000
-0.990815
-1.150023
-1.280409
-1.383741
-1.435252
-1.479251
-1.649404
-1.779012
-1.832130
-1.821680
-1.774519
-1.729198
-1.699035
-1.702287
-1.647466
-1.548611
-1.400514
-1.213086
-1.010985
-0.888000
-0.983006
-1.129266
-1.230124
-1.304971
-1.354716
-1.478261
-1.651591
-1.763263
-1.818602
-1.787286
-1.748787
-1.670231
-1.717995
-1.700212
-1.631291
-1.517413
-1.371060
-1.172266
-0.970372
-0.888000
-0.980860
-1.126236
-1.242064
-1.323786
-1.362630
-1.367957
-1.552394
-1.685075
-1.738493
-1.727292
-1.659827
-1.599082
-1.512556
-1.460611
-1.452552
-1.384894
-1.269743
-1.090153
-0.888309
-0.888127
-0.935038
-1.107540
-1.288612
-1.422408
-1.480130
-1.657625
-1.800752
-1.877721
-1.884294
-1.826284
-1.794064
-1.841702
-1.852125
-1.808648
-1.720626
-1.561061
-1.363461
-1.161982
-0.960409
-0.888000
-0.961028
-1.121346
-1.270754
-1.386489
-1.454192
-1.504629
-1.660467
-1.776779
-1.808739
-1.760730
-1.688155
-1.629671
-1.569570
-1.587224
-1.543150
-1.449169
-1.314627
-1.135019
-0.933074
-0.888000
-0.941333
-1.082088
-1.150258
-1.209697
-1.247106
-1.384820
-1.565244
-1.675848
-1.717500
-1.681146
-1.595054
-1.535967
-1.457857
-1.475354
-1.461705
-1.384852
-1.272949
-1.119912
