-1.800000
-1.708704
-1.637470
-1.632714
-1.617012
-1.590294
-1.552868
-1.504711
-1.445569
-1.375327
-1.293842
-1.200564
-1.094149
-0.971694
-0.888002
-0.888002
-0.888002
-0.888002
-0.888002
-0.888000
-1.052993
-1.241693
-1.433584
-1.620121
-1.771374
-1.870980
-1.954272
-2.002872
-2.042908
-2.066456
-2.084335
-2.099174
-2.110673
-2.118848
-2.124355
-2.127488
-1.811963
-1.895901
-1.890831
-1.728128
-1.674364
-1.658329
-1.625143
-1.575235
-1.510966
-1.434502
-1.341593
-1.230036
-1.097400
-0.940624
-0.888001
-0.933481
-1.129960
-1.316586
-1.469072
-1.541457
-1.624104
-1.638644
-1.842041
-2.037609
-2.131725
-2.036618
-1.835821
-1.635090
-1.434359
-1.233581
-1.032784
-0.888000
-0.888001
-0.888000
-0.888000
-0.888000
-0.924398
-1.005343
-1.009896
-1.842674
-2.031205
-2.112942
-1.997060
-1.796266
-1.595435
-1.394600
-1.194076
-0.993150
-0.888000
-0.888000
-0.888000
-0.888000
-0.899424
-0.929488
-0.936764
-0.913855
-0.914131
-0.920458
-0.933868
-1.802466
-1.863447
-1.862873
-1.696269
-1.635083
-1.641077
-1.637291
-1.624522
-1.602343
-1.568604
-1.521531
-1.571240
-1.759324
-1.900110
-1.982396
-2.023209
-2.051479
-2.053212
-2.075387
-2.052763
-2.073501
-2.051922
-2.074104
-2.042650
-2.010416
-1.896826
-1.744375
-1.543102
-1.342989
-1.141738
-0.943558
-0.888000
-0.895046
-0.888000
-0.888001
-0.963916
-1.174920
-1.352655
-1.435719
-1.495355
-1.549503
-1.798171
-1.743691
-1.570244
-1.424714
-1.242112
-1.043573
-0.888000
-0.909605
-1.012287
-1.194200
-1.368502
-1.518528
-1.803059
-1.841236
-1.723494
-1.609238
-1.628662
-1.643230
-1.651453
-1.650719
-1.639192
-1.615325
-1.577383
-1.525940
-1.462791
-1.665083
-1.816041
-1.918035
-1.939306
-1.969247
-1.949061
-1.967685
-1.936934
-1.947248
-1.912143
-1.920988
-1.872524
-1.817553
-1.674074
-1.484404
-1.283031
-1.081727
-0.888000
-0.888000
-0.888004
-0.888001
-0.888001
-0.888001
-0.888000
-0.887997
-0.888000
-0.887998
-0.910572
-1.795855
-1.696436
-1.597909
-1.596192
-1.586739
-1.568987
-1.541520
-1.502119
-1.449733
-1.383909
-1.304223
-1.209992
-1.099674
-1.239730
-1.424961
-1.577832
-1.655320
-1.733864
-1.751786
-1.800838
-1.795707
-1.834167
-1.825235
-1.862065
-1.844092
-1.840517
-1.739759
-1.584574
-1.383414
-1.182137
-0.980974
-0.888000
-0.888001
-0.903892
-0.888000
-0.888002
-1.056722
-1.269855
-1.367318
-1.437705
-1.799062
-1.764459
-1.612548
-1.540042
-1.497969
-1.434866
-1.336933
-1.177333
-0.978446
-0.888000
-0.888000
-0.888000
-0.888000
-0.888000
-0.888000
-0.888000
-0.893286
-0.888000
-0.888000
-0.888000
-0.918866
-1.035290
-1.151600
-1.767256
-1.621140
-1.614514
-1.610733
-1.601041
-1.582160
-1.551346
-1.506445
-1.446594
-1.371878
-1.282411
-1.178327
-1.058357
-0.917922
-0.888002
-0.888002
-0.969590
-1.160284
-1.350346
-1.547410
-1.745736
-1.927786
-2.073011
-2.179653
-2.277333
-2.331946
-2.401873
-2.430431
-2.484830
-2.496662
-2.534548
-2.531886
-2.545778
-2.528636
-2.533614
-2.527686
-2.530940
-2.532993
-2.540079
-2.548735
-2.556737
-1.793877
-1.758350
-1.656674
-1.663675
-1.654748
-1.630670
-1.592433
-1.540189
-1.487611
-1.451675
-1.426792
-1.533768
-1.655554
-1.766046
-1.827695
-1.916548
-1.959584
-2.034783
-2.078701
-2.161236
-2.219798
-2.311924
-2.357540
-2.441778
-2.533441
-2.589093
-2.609344
-2.595793
-2.570012
-2.543327
-2.527433
-2.524619
-2.529358
-2.540726
-2.550973
-2.554326
-1.786748
-1.697902
-1.622591
-1.625487
-1.627279
-1.632642
-1.650769
-1.676631
-1.701642
-1.725701
-1.752212
-1.783734
-1.820451
-1.797870
-1.705573
-1.636598
-1.637787
-1.639067
-1.637375
-1.628869
-1.610267
-1.579144
-1.535137
-1.479607
-1.681392
-1.833214
-1.943552
-1.975316
-2.016129
-2.005204
-2.032945
-2.012509
-2.034445
-2.012482
-2.034932
-2.007398
-1.993335
-1.896742
-1.767459
-1.578993
-1.378381
-1.177081
-0.983885
-0.888000
-0.888001
-0.888001
-0.888001
-0.888000
-0.943877
-1.152418
-1.208993
-1.253841
-1.293807
-1.790823
-1.695540
-1.534263
-1.497443
-1.453240
-1.391790
-1.306018
-1.186278
-1.015524
-0.888000
-0.888000
-0.888000
-0.888000
-0.888000
-0.888284
-0.890583
-0.903863
-0.958027
-1.003474
-1.054904
-1.108027
-1.166868
-1.255128
-1.768394
-1.630724
-1.628721
-1.622204
-1.602734
-1.568515
-1.518225
-1.451107
-1.366509
-1.263335
-1.139299
-0.990104
-0.888002
-0.888002
-0.888002
-0.888002
-0.888002
-0.888002
-0.888001
-0.888001
-0.888001
-1.033795
-1.224645
-1.416681
-1.607187
-1.740121
-1.846097
-1.898861
-1.955045
-1.957573
-1.976097
-1.964937
-1.959965
-1.963445
-1.986822
-2.016931
-2.052390
-2.075139
-2.077822
-2.066710
-2.053768
-1.803152
-1.828847
-1.766802
-1.662166
-1.654258
-1.629349
-1.589714
-1.537161
-1.471685
-1.394950
-1.486259
-1.662135
-1.792031
-1.860285
-1.919445
-1.919935
-1.956782
-1.945508
-1.978774
-1.968848
-2.006960
-2.000023
-2.020786
-1.962601
-1.876176
-1.718285
-1.525390
-1.324238
-1.124523
-0.949301
-0.888000
-0.888001
-0.921801
-1.052331
-1.110753
-1.167362
-1.224971
-1.270301
-1.313174
-1.799333
-1.758775
-1.598990
-1.570961
-1.519069
-1.440119
-1.328699
-1.166581
-0.968313
-0.888001
-0.888001
-0.888001
-0.888000
-0.888000
-0.888000
-0.888000
-0.888000
-0.892000
-0.949427
-1.772134
-1.595523
-1.595807
-1.595563
-1.595258
-1.593451
-1.587259
-1.573639
-1.549750
-1.513230
-1.464031
-1.404102
-1.448002
-1.632921
-1.790537
-1.869602
-1.934817
-1.940450
-1.976676
-1.964372
-1.992911
-1.976782
-2.006424
-1.993935
-2.027209
-2.020137
-2.058264
-2.055428
-2.096247
-2.101681
-2.156131
-2.109143
-1.946811
-1.745581
-1.727259
-1.884601
-2.029935
-2.163960
-2.270104
-2.359567
-2.435779
-2.498013
-2.551517
-2.595587
-2.631936
-2.661079
-1.792647
-1.626691
-1.626921
-1.620261
-1.596490
-1.559174
-1.506930
-1.444145
-1.383481
-1.321528
-1.266536
-1.215417
-1.171073
-1.131869
-1.097274
-1.067777
-1.795865
-1.691710
-1.601382
-1.579855
-1.544949
-1.494915
-1.432710
-1.364544
-1.298240
-1.233614
-1.176107
-1.118235
-1.058636
-0.999352
-0.942713
-0.890405
-1.796366
-1.705387
-1.604816
-1.586882
-1.555262
-1.511185
-1.455148
-1.387339
-1.307557
-1.215160
-1.108869
-0.986063
-0.888023
-0.888002
-0.888002
-0.888001
-0.888000
-0.888001
-0.888000
-1.006748
-1.196599
-1.385815
-1.571546
-1.723732
-1.858952
-1.947147
-2.034115
-2.072740
-2.139755
-2.178072
-2.249370
-2.261492
-2.256088
-2.171492
-2.085233
-2.146318
-2.182139
-1.805195
-1.837606
-1.744933
-1.704146
-1.716552
-1.725347
-1.729893
-1.728644
-1.719581
-1.700711
-1.670503
-1.629061
-1.578177
-1.519384
-1.510497
-1.696737
-1.859377
-1.940162
-2.005416
-2.008002
-2.041828
-2.028435
-2.056013
-2.039603
-2.069398
-2.060692
-2.100253
-2.103839
-2.151327
-2.159372
-2.207753
-2.008952
-1.810015
-1.840838
-1.918452
-1.997841
-2.077027
-2.128785
-2.166240
-2.210730
-2.249415
-2.272395
-2.293669
-2.285269
-2.193501
-2.145446
-2.098644
-2.058161
-2.030532
-2.010056
-1.993307
-1.977840
-1.962321
-1.946104
-1.929536
-1.913203
-1.897956
-1.884925
-1.875633
-1.870768
-1.869815
-1.872002
-1.876948
-1.881782
-1.886857
-1.892376
-1.898602
-1.923458
-1.928793
-1.965115
-1.961933
-1.989453
-1.985379
-2.000212
-1.999816
-2.007814
-2.009477
-2.014100
-2.016899
-2.020952
-2.024851
-2.029423
-2.034416
-1.800208
-1.800370
-1.708234
-1.639141
-1.645508
-1.646755
-1.640674
-1.625771
-1.601825
-1.566549
-1.519791
-1.462768
-1.396914
-1.323064
-1.242263
-1.155603
-1.073850
-1.002217
-1.797029
-1.740471
-1.638750
-1.627547
-1.617369
-1.606989
-1.595219
-1.580692
-1.562148
-1.536420
-1.500668
-1.454680
-1.657194
-1.820214
-1.939114
-1.994635
-2.044486
-2.040203
-2.071691
-2.055656
-2.082636
-2.066498
-2.095586
-2.077477
-2.087482
-2.027008
-1.964040
-1.841768
-1.733224
-1.602077
-1.400738
-1.199788
-1.012522
-0.888001
-0.888001
-1.005737
-1.042399
-1.055740
-1.772694
-1.572548
-1.388298
-1.192902
-0.996422
-0.888000
-0.888000
-0.888000
-0.888000
-0.888000
-0.888000
-0.888000
-0.888000
-0.937899
-1.080891
-1.266788
-1.444692
-1.556827
-1.551184
-1.377869
-1.796182
-1.698138
-1.573214
-1.559297
-1.543221
-1.521625
-1.493271
-1.457973
-1.414419
-1.357531
-1.286245
-1.200147
-1.402755
-1.585890
-1.725325
-1.798624
-1.869136
-1.885244
-1.931654
-1.927507
-1.963970
-1.957703
-1.991936
-1.974093
-1.961913
-1.860872
-1.708607
-1.521005
-1.319665
-1.118609
-0.932289
-0.888000
-0.888001
-0.888000
-0.936116
-1.155243
-1.235701
-1.299492
-1.356942
-1.798922
-1.750704
-1.597514
-1.580277
-1.551068
-1.508575
-1.449704
-1.372944
-1.277588
-1.162994
-1.025717
-0.888000
-0.888000
-1.014906
-1.202856
-1.386580
-1.517462
-1.648234
-1.736134
-1.843626
-1.911705
-2.000776
-2.051950
-2.131603
-2.178014
-2.255585
-2.296743
-2.366440
-2.397811
-2.458361
-2.486560
-2.500920
-2.539566
-2.731028
-2.746217
-1.790318
-1.621115
-1.626178
-1.626958
-1.617759
-1.599867
-1.575760
-1.548042
-1.515781
-1.487764
-1.472254
-1.472564
-1.484459
-1.509802
-1.558487
-1.795170
-1.671316
-1.610452
-1.601388
-1.575592
-1.533857
-1.476612
-1.403977
-1.315914
-1.211905
-1.090311
-0.947286
-0.888002
-0.888002
-0.888002
-0.888002
-0.888002
-0.888002
-0.888001
-0.888005
-0.888001
-1.041650
-1.234378
-1.426450
-1.624126
-1.783259
-1.902569
-1.980593
-2.038988
-2.074204
-2.097325
-2.110224
-2.116669
-2.119009
-2.002368
-1.950746
-1.956090
-1.789016
-1.714981
-1.637848
-1.641263
-1.636186
-1.616880
-1.581494
-1.526799
-1.455430
-1.369539
-1.283325
-1.203308
-1.088510
-1.801698
-1.752463
-1.611656
-1.578750
-1.538869
-1.502073
-1.476989
-1.469663
-1.472005
-1.479528
-1.494019
-1.516079
-1.544496
-1.581532
-1.624385
-1.800221
-1.793494
-1.689290
-1.649874
-1.663688
-1.668885
-1.664783
-1.658352
-1.658019
-1.668853
-1.684089
-1.703756
-1.728866
-1.760079
-1.798634
-1.762004
-1.650361
-1.655962
-1.655903
-1.645362
-1.623781
-1.592978
-1.555390
-1.520328
-1.495530
-1.566777
-1.717780
-1.864504
-1.939026
-2.018184
-2.050085
-2.116414
-2.139393
-1.841638
-2.036807
-2.125694
-2.020285
-1.819540
-1.618795
-1.418024
-1.217029
-1.016220
-0.888000
-0.888000
-0.888000
-0.888000
-0.888000
-0.888000
-0.888000
-0.887624
-0.888527
-0.926035
-1.039221
-1.080520
-1.098445
-1.820026
-1.951259
-1.979803
-1.838784
-1.651702
-1.641124
-1.617369
-1.584635
-1.539466
-1.483440
-1.426295
-1.370187
-1.320365
-1.281063
-1.251244
-1.409383
-1.578731
-1.711299
-1.782736
-1.871324
-1.764122
-1.599479
-1.610887
-1.605791
-1.586749
-1.552531
-1.503083
-1.438294
-1.357589
-1.259837
-1.142701
-1.001711
-0.888002
-0.888002
-1.041172
-1.231637
-1.427476
-1.625888
-1.823707
-2.015812
-2.169473
-2.291039
-2.378845
-2.457747
-2.483298
-2.528404
-2.519261
-2.559657
-2.548482
-2.582760
-2.562944
-2.598399
-2.585253
-2.629629
-2.632921
-2.693342
-1.758448
-1.557623
-1.474183
-1.453524
-1.426629
-1.394825
-1.361730
-1.337458
-1.330628
-1.330539
-1.330952
-1.524716
-1.699402
-1.817644
-1.919798
-1.974583
-2.057686
-2.111078
-2.194295
-2.230956
-2.299057
-2.425453
-2.545101
-1.797959
-1.786114
-1.694530
-1.709444
-1.722192
-1.731689
-1.736064
-1.733099
-1.721205
-1.699131
-1.665605
-1.619980
-1.562745
-1.494672
-1.587505
-1.769363
-1.896156
-1.982717
-1.995049
-2.028784
-2.014894
-2.041159
-2.021415
-2.046349
-2.030449
-2.062159
-2.054549
-2.093188
-2.088529
-2.128938
-2.123369
-2.169213
-2.167378
-2.058682
-1.858355
-1.734752
-1.797808
-1.839473
-1.858038
-1.854227
-1.868141
-1.839558
-1.795758
-1.694218
-1.626794
-1.625092
-1.620610
-1.610645
-1.592727
-1.565019
-1.526020
-1.475406
-1.413888
-1.342187
-1.260246
-1.166814
-1.059414
-1.255135
-1.439921
-1.598878
-1.680856
-1.759176
-1.777974
-1.825462
-1.820334
-1.859085
-1.856298
-1.906350
-1.918731
-1.967376
-1.957331
-1.980734
-1.934664
-1.925504
-1.838416
-1.808752
-1.659526
-1.529969
-1.506222
-1.461336
-1.393613
-1.296045
-1.151048
-0.963984
-1.799720
-1.790847
-1.638972
-1.654100
-1.665789
-1.672145
-1.670173
-1.659420
-1.640943
-1.621675
-1.604603
-1.595187
-1.595889
-1.611543
-1.638278
-1.795260
-1.672862
-1.608645
-1.596989
-1.571533
-1.531219
-1.475464
-1.403939
-1.316280
-1.211455
-1.087337
-0.939564
-0.888002
-0.888002
-0.888002
-0.888002
-0.888002
-0.888001
-0.888000
-0.888001
-0.888000
-1.045106
-1.239012
-1.430478
-1.616293
-1.745277
-1.847054
-1.901654
-1.953333
-1.975087
-1.996722
-1.997444
-1.994476
-2.001060
-2.011549
-2.021880
-1.979474
-2.005420
-1.778867
-1.634789
-1.606523
-1.601589
-1.587204
-1.561069
-1.523693
-1.475488
-1.416485
-1.346341
-1.264229
-1.168620
-1.056889
-0.924627
-1.014440
-1.202967
-1.398097
-1.591227
-1.755331
-1.861715
-1.963578
-2.018889
-2.093967
-2.124085
-2.180728
-2.190799
-2.235291
-2.231896
-2.268680
-2.257706
-2.291309
-2.277910
-2.314245
-2.309533
-2.355681
-2.362237
-2.414674
-1.758627
-1.578201
-1.607508
-1.634104
-1.656436
-1.674794
-1.687655
-1.696514
-1.702211
-1.703086
-1.684905
-1.636592
-1.679851
-1.871832
-2.018958
-2.106924
-2.166175
-2.180718
-2.215872
-2.208617
-1.831433
-2.021644
-2.110372
-2.023207
-1.823629
-1.622965
-1.422264
-1.221559
-1.020849
-0.888000
-0.888000
-0.888000
-0.888000
-0.921831
-1.064868
-1.803039
-1.882916
-1.909961
-1.774137
-1.682768
-1.698520
-1.711580
-1.719699
-1.720852
-1.712799
-1.694462
-1.666934
-1.631735
-1.589510
-1.638703
-1.823756
-1.935974
-2.012933
-2.019924
-2.050014
-2.036364
-2.062301
-2.044492
-2.071018
-2.057690
-2.084352
-2.055361
-2.012666
-1.878630
-1.698804
-1.497672
-1.296517
-1.095809
-0.925225
-0.950497
-0.888000
-0.999527
-1.057985
-1.118682
-1.181420
-1.245447
-1.307179
-1.367416
-1.426968
-1.492915
-1.555977
-1.615817
-1.671912
-1.727962
-1.787097
-1.846344
-1.905713
-1.964431
-2.024035
-2.084636
-2.143233
-2.199739
-2.257295
-2.316511
-2.377130
-2.437824
-2.500582
-2.566891
-2.637842
-2.711894
-2.789760
-2.803539
-2.760447
-2.730361
-2.716720
-1.833196
-2.003912
-2.044396
-1.885659
-1.684851
-1.484858
-1.284202
-1.083917
-0.888000
-0.888000
-0.888000
-0.888000
-1.799954
-1.818886
-1.764135
-1.648439
-1.644980
-1.627890
-1.596821
-1.551221
-1.491112
-1.417046
-1.329174
-1.227180
-1.109995
-0.977755
-0.888002
-0.888002
-0.888002
-0.888002
-0.888002
-0.888002
-0.888000
-1.046108
-1.226325
-1.419260
-1.613034
-1.791592
-1.921558
-2.017337
-2.084583
-2.132423
-2.164986
-2.185436
-2.193152
-2.190760
-2.178243
-2.154045
-2.123027
-2.092133
-1.817588
-1.936615
-1.975045
-1.839289
-1.639943
-1.439408
-1.238709
-1.037946
-0.888000
-0.888000
-0.888000
-0.888000
-0.888000
-0.888000
-0.888000
-0.888000
-0.888000
-0.888001
-0.888000
-1.038136
-1.115751
-1.225706
-1.768187
-1.600834
-1.606509
-1.607735
-1.605230
-1.597047
-1.581162
-1.555243
-1.516922
-1.465166
-1.400271
-1.323297
-1.298186
-1.483058
-1.665223
-1.764951
-1.844374
-1.860446
-1.901913
-1.892315
-1.922400
-1.906060
-1.935734
-1.923478
-1.959200
-1.955431
-1.996938
-1.990769
-2.031585
-2.023622
-2.069721
-2.064103
-1.864727
-1.663017
-1.542915
-1.622392
-1.675123
-1.693328
-1.747375
-1.795337
-1.689044
-1.619747
-1.613195
-1.605734
-1.595813
-1.582994
-1.571210
-1.566542
-1.570296
-1.578882
-1.590229
-1.604448
-1.629975
-1.694068
-1.794083
-1.664758
-1.626034
-1.627471
-1.618961
-1.595811
-1.556275
-1.500103
-1.427466
-1.338307
-1.231916
-1.106488
-0.958055
-0.888002
-0.888002
-0.888002
-0.888002
-0.888002
-0.888002
-0.888002
-0.888001
-1.046607
-1.241200
-1.432143
-1.624692
-1.772545
-1.883277
-1.957387
-2.013723
-2.053629
-1.965873
-1.938896
-1.906443
-1.888085
-1.873159
-1.885272
-1.907113
-1.939790
-1.793794
-1.750873
-1.631126
-1.636849
-1.630700
-1.609102
-1.572257
-1.521968
-1.459653
-1.386049
-1.301415
-1.205766
-1.098339
-0.976971
-0.888000
-0.888002
-0.888002
-0.888002
-0.888002
-0.932753
-1.128203
-1.317521
-1.505418
-1.701800
-1.883178
-2.018469
-2.115726
-2.186366
-2.236351
-2.271403
-2.292711
-2.304670
-2.311906
-2.314885
-2.321826
-2.330014
-1.804416
-1.840487
-1.791106
-1.636689
-1.647714
-1.648753
-1.636444
-1.611551
-1.574574
-1.524499
-1.674482
-1.820560
-1.928490
-1.960470
-2.005080
-1.998912
-2.031705
-2.017220
-2.045719
-2.029788
-2.059034
-2.041922
-2.056047
-2.000078
-1.924426
-1.779962
-1.595826
-1.432733
-1.257069
-1.285362
-1.188967
-0.999158
-0.888001
-1.031577
-1.246367
-1.328517
-1.380748
-1.425521
-1.797778
-1.730657
-1.582386
-1.535274
-1.445767
-1.301889
-1.105316
-0.906927
-0.888000
-0.888000
-0.888000
-0.888000
-0.888000
-0.888000
-0.888000
-0.888000
-0.888000
-1.802766
-1.881160
-1.895107
-1.733932
-1.560506
-1.546622
-1.524426
-1.490146
-1.447409
-1.405572
-1.369543
-1.330646
-1.297273
-1.278377
-1.279168
-1.287347
-1.302247
-1.323018
-1.795469
-1.680105
-1.597673
-1.576794
-1.541453
-1.492221
-1.427925
-1.351548
-1.277565
-1.200093
-1.129597
-1.060297
-0.990352
-0.918866
-0.888000
-0.888000
-0.888000
-1.796644
-1.714257
-1.605301
-1.590308
-1.563859
-1.523510
-1.470173
-1.408431
-1.351415
-1.294883
-1.245630
-1.198234
-1.152201
-1.107208
-1.066069
-1.795909
-1.693286
-1.607060
-1.592063
-1.562634
-1.520600
-1.467121
-1.402833
-1.328239
-1.243537
-1.148019
-1.039592
-0.914391
-0.888001
-0.888002
-0.888002
-0.888002
-0.888000
-1.013913
-1.208319
-1.390363
-1.583202
-1.770753
-1.915526
-2.020678
-2.096768
-2.152707
-2.193259
-2.221274
-2.238695
-2.246407
-2.244793
-2.239522
-1.800620
-1.814176
-1.735314
-1.674135
-1.654686
-1.612077
-1.552076
-1.489178
-1.431381
-1.385440
-1.350725
-1.327544
-1.314957
-1.311762
-1.317747
-1.799846
-1.793632
-1.691192
-1.653017
-1.667324
-1.673887
-1.675354
-1.680797
-1.698103
-1.720678
-1.743530
-1.768369
-1.798310
-1.832445
-1.887549
-1.959502
-1.794922
-1.666174
-1.621049
-1.617470
-1.609861
-1.594792
-1.569767
-1.532584
-1.482261
-1.418941
-1.343304
-1.255551
-1.154518
-1.289180
-1.478716
-1.625951
-1.736364
-1.778544
-1.835667
-1.836197
-1.872308
-1.859685
-1.893145
-1.884335
-1.925180
-1.921828
-1.957872
-1.941403
-1.964397
-1.934790
-1.946879
-1.908996
-1.784331
-1.583200
-1.387705
-1.308715
-1.320428
-1.334147
-1.322240
-1.279748
-1.232233
-1.126181
-0.935698
-0.888005
-1.801015
-1.855109
-1.867542
-1.725563
-1.666853
-1.699992
-1.737463
-1.775171
-1.811629
-1.850315
-1.895474
-1.947859
-2.005556
-2.068718
-2.137692
-2.210772
-2.288919
-2.372154
-2.460688
-2.554651
-2.654273
-1.774407
-1.608362
-1.618442
-1.620042
-1.613460
-1.598531
-1.571999
-1.539289
-1.507699
-1.483473
-1.464175
-1.442520
-1.420968
-1.402021
-1.385808
-1.389651
-1.433626
-1.474679
-1.514177
-1.553592
-1.598647
-1.769256
-1.768254
-1.601063
-1.602675
-1.591840
-1.565524
-1.524025
-1.466967
-1.393920
-1.304665
-1.198204
-1.072286
-0.922380
-0.888002
-0.888002
-0.888002
-0.888002
-0.888002
-0.888002
-0.888002
-1.009967
-1.202380
-1.390906
-1.587118
-1.769506
-1.904981
-1.998544
-2.065601
-2.109472
-2.135465
-2.149383
-2.154842
-2.151146
-2.148699
-2.157200
-2.173185
-2.189866
-2.201484
-1.799353
-1.794785
-1.697501
-1.631012
-1.623005
-1.603787
-1.572667
-1.528925
-1.471894
-1.401172
-1.316551
-1.217439
-1.102364
-0.968200
-1.103865
-1.289229
-1.470214
-1.578850
-1.676627
-1.711363
-1.769455
-1.769508
-1.811723
-1.808154
-1.850115
-1.835631
-1.836656
-1.742319
-1.593280
-1.401717
-1.200442
-0.999251
-0.888000
-0.890647
-0.888001
-0.888001
-0.931423
-1.140697
-1.302713
-1.795248
-1.661210
-1.512472
-1.477937
-1.465473
-1.458751
-1.445178
-1.419357
-1.379781
-1.328267
-1.268297
-1.197237
-1.113603
-1.015866
-1.098339
-1.282383
-1.457376
-1.559604
-1.659830
-1.703490
-1.777796
-1.802976
-1.864067
-1.883026
-1.941355
-1.947559
-1.972802
-1.910849
-1.802600
-1.609994
-1.408883
-1.207786
-1.007060
-0.888000
-0.914142
-0.893040
-0.969860
-1.008997
-1.054566
-1.103552
-1.156723
-1.208350
-1.267880
-1.332449
-1.403743
-1.480615
-1.558552
-1.610159
-1.799297
-1.750417
-1.615084
-1.597415
-1.563999
-1.511762
-1.438524
-1.346387
-1.254153
-1.183991
-1.150140
-1.149280
-1.165290
-1.192354
-1.225289
-1.796561
-1.708308
-1.625889
-1.628054
-1.626000
-1.618079
-1.602426
-1.576951
-1.539517
-1.488820
-1.425271
-1.410471
-1.604495
-1.755913
-1.851362
-1.908432
-1.940036
-1.965478
-1.966384
-1.989920
-1.970242
-1.996519
-1.977811
-1.993207
-1.930719
-1.837197
-1.657305
-1.459907
-1.258635
-1.057598
-0.888000
-0.888000
-0.888000
-0.888000
-0.888000
-1.056582
-1.235281
-1.309800
-1.373819
-1.434592
-1.798501
-1.754618
-1.591479
-1.536186
-1.461442
-1.349079
-1.186022
-0.989226
-0.888000
-0.888001
-0.888001
-0.888001
-0.888000
-0.888000
-0.888000
-0.888001
-0.895937
-0.964280
-1.126017
-1.215281
-1.293613
-1.373587
-1.798812
-1.791061
-1.692451
-1.659315
-1.664505
-1.664826
-1.658012
-1.641652
-1.613307
-1.571332
-1.516104
-1.449195
-1.371604
-1.345820
-1.530727
-1.708163
-1.800220
-1.873253
-1.881976
-1.919927
-1.907636
-1.936157
-1.918623
-1.947644
-1.935053
-1.970445
-1.965606
-2.006791
-2.001228
-2.042853
-2.035948
-2.083179
-2.078999
-1.880895
-1.679506
-1.630288
-1.684270
-1.712192
-1.723915
-1.724659
-1.714312
-1.691107
-1.657389
-1.612261
-1.798549
-1.761838
-1.649041
-1.649941
-1.645605
-1.635343
-1.617769
-1.590722
-1.551531
-1.497743
-1.427598
-1.519693
-1.697610
-1.836535
-1.916097
-1.952944
-1.970657
-1.962779
-1.969021
-1.935408
-1.944578
-1.909531
-1.915175
-1.860364
-1.807837
-1.678227
-1.516529
-1.315827
-1.129075
-0.933383
-0.888000
-0.888016
-0.888000
-0.888002
-0.888000
-0.888000
-1.083487
-1.258857
-1.418943
-1.567243
-1.706987
-1.840858
-1.992869
-2.142619
-1.794953
-1.666489
-1.625033
-1.620834
-1.600690
-1.563421
-1.511063
-1.443504
-1.361860
-1.266545
-1.158484
-1.055738
-0.958691
-0.888000
-0.888000
-0.888000
-1.055302
-1.796996
-1.782443
-1.670384
-1.650188
-1.640516
-1.616410
-1.577720
-1.525369
-1.460493
-1.383380
-1.293493
-1.189303
-1.067974
-0.924587
-1.013164
-1.207480
-1.401751
-1.599060
-1.765832
-1.904140
-1.999171
-2.100424
-2.154510
-2.225375
-2.248255
-2.300471
-2.301425
-2.340732
-2.330723
-2.366758
-2.354337
-2.391082
-2.381435
-2.422310
-2.415781
-2.455137
-2.442665
-1.842088
-2.020279
-2.071292
-1.918067
-1.717228
-1.516100
-1.315360
-1.114550
-0.913741
-0.888000
-0.917961
-1.041218
-1.223381
-1.379715
-1.386583
-1.428514
-1.559685
-1.644820
-1.758521
-1.844378
-1.834162
-2.028248
-2.127194
-2.055499
-1.858359
-1.657681
-1.456939
-1.256150
-1.054994
-0.888001
-0.888001
-0.888001
-0.888000
-0.888000
-0.906463
-0.997746
-1.014185
-1.099087
-1.107299
-1.184898
-1.770188
-1.632141
-1.632652
-1.630471
-1.620455
-1.600226
-1.567737
-1.521612
-1.460766
-1.384674
-1.293011
-1.184992
-1.058805
-0.909786
-0.888002
-0.888002
-0.888002
-0.973338
-1.161098
-1.348777
-1.518160
-1.651511
-1.707373
-1.768584
-1.765244
-1.803451
-1.792912
-1.833688
-1.826094
-1.852125
-1.801682
-1.727744
-1.569852
-1.376155
-1.174930
-0.973851
-0.888004
-0.906940
-0.888000
-1.025304
-1.787081
-1.612963
-1.623817
-1.629134
-1.626458
-1.612770
-1.592803
-1.568479
-1.541800
-1.525262
-1.518497
-1.523242
-1.543926
-1.574818
-1.611043
-1.795990
-1.711447
-1.602665
-1.591235
-1.565275
-1.524261
-1.467630
-1.395117
-1.306329
-1.200311
-1.074696
-0.924708
-0.888000
-1.093266
-1.280932
-1.454842
-1.591654
-1.656948
-1.731455
-1.740928
-1.784361
-1.776001
-1.815693
-1.806908
-1.835214
-1.790614
-1.719708
-1.555253
-1.363758
-1.162389
-0.961393
-0.888002
-0.888000
-0.888000
-0.888000
-0.888000
-1.088554
-1.285368
-1.466031
-1.795312
-1.713505
-1.561878
-1.534370
-1.504562
-1.487556
-1.478076
-1.475936
-1.487406
-1.511796
-1.543458
-1.581858
-1.626372
-1.676416
-1.736897
-1.800959
-1.822238
-1.717662
-1.654164
-1.673604
-1.691753
-1.705803
-1.712488
-1.709652
-1.695700
-1.669872
-1.633521
-1.691181
-1.877411
-2.002371
-2.074712
-2.087276
-2.107514
-2.082245
-2.094135
-2.058416
-2.062384
-2.026829
-2.032205
-1.979413
-1.923606
-1.788894
-1.611466
-1.410178
-1.208920
-1.010789
-0.888000
-0.888000
-0.888001
-0.888001
-0.888000
-0.888000
-0.907837
-1.105219
-1.281886
-1.440142
-1.584494
-1.731824
-1.794139
-1.667171
-1.591106
-1.583549
-1.572038
-1.556623
-1.537568
-1.513869
-1.482210
-1.442051
-1.393099
-1.335058
-1.534717
-1.708595
-1.807476
-1.892778
-1.920031
-1.976449
-1.986434
-2.033829
-2.040942
-2.091884
-2.105640
-2.147058
-2.123941
-2.095827
-1.989153
-1.851077
-1.669951
-1.500689
-1.420836
-1.421726
-1.328767
-1.131990
-0.936192
-0.888000
-0.913721
-0.948758
-1.013762
-1.107357
-1.196270
-1.259947
-1.307741
-1.346367
-1.377170
-1.403876
-1.424967
-1.442681
-1.455366
-1.464528
-1.470552
-1.481063
-1.502782
-1.535128
-1.574876
-1.617961
-1.662617
-1.708212
-1.754245
-1.800460
-1.846353
-1.891487
-1.928032
-1.798211
-1.767677
-1.660062
-1.664611
-1.663955
-1.656645
-1.640536
-1.613767
-1.574957
-1.523530
-1.517722
-1.710236
-1.853058
-1.940618
-1.990933
-2.015746
-2.037672
-2.028953
-2.051182
-2.028637
-2.051961
-2.030831
-2.043477
-1.981059
-1.891760
-1.723412
-1.522253
-1.321038
-1.119871
-0.928292
-0.888000
-0.922069
-0.888002
-0.888000
-0.988897
-1.193133
-1.253335
-1.305987
-1.351408
-1.389825
-1.797976
-1.749658
-1.578243
-1.436065
-1.268552
-1.069050
-0.888000
-0.888000
-0.888000
-0.888000
-0.888000
-0.888000
-0.888000
-0.888000
-0.888000
-0.888000
-0.937805
-0.991490
-1.039331
-1.081112
-1.797664
-1.740121
-1.630337
-1.635600
-1.634870
-1.625655
-1.605924
-1.573319
-1.525969
-1.463623
-1.387103
-1.297460
-1.194662
-1.076075
-0.935750
-1.061190
-1.250552
-1.437366
-1.583865
-1.654540
-1.729334
-1.740344
-1.781533
-1.768847
-1.801670
-1.790567
-1.830928
-1.824525
-1.859595
-1.833389
-1.835787
-1.751579
-1.666604
-1.502164
-1.314495
-1.122331
-0.922033
-0.888000
-0.888012
-0.888003
-0.888007
-1.800172
-1.756095
-1.644508
-1.659194
-1.655461
-1.630423
-1.591313
-1.550923
-1.524165
-1.512855
-1.505244
-1.501249
-1.509638
-1.552584
-1.600362
-1.652315
-1.710006
-1.776868
-1.852225
-1.931902
-2.013547
-1.768998
-1.603181
-1.613681
-1.624353
-1.631566
-1.633535
-1.625969
-1.605426
-1.570345
-1.519513
-1.452620
-1.370384
-1.273221
-1.159765
-1.026045
-0.888000
-1.087160
-1.271074
-1.443611
-1.533187
-1.614565
-1.627620
-1.672695
-1.657299
-1.685461
-1.662296
-1.692478
-1.676155
-1.708697
-1.546192
-1.376220
-1.175111
-0.973878
-0.888000
-0.888002
-0.888001
-0.888001
-0.888001
-0.888001
-0.888000
-0.888000
-0.952529
-1.140093
-1.287396
-1.418873
-1.791661
-1.659687
-1.579988
-1.568909
-1.547737
-1.517285
-1.474779
-1.420654
-1.364320
-1.306011
-1.258082
-1.221249
-1.186265
-1.152504
-1.121931
-1.096980
-1.078737
-1.080859
-1.101435
-1.130777
-1.166302
-1.799866
-1.776512
-1.661918
-1.637617
-1.619966
-1.585701
-1.535591
-1.469208
-1.385859
-1.285000
-1.165127
-1.022868
-0.888000
-0.888002
-0.888002
-1.092657
-1.270911
-1.455980
-1.571433
-1.668611
-1.689521
-1.734858
-1.720950
-1.752196
-1.736012
-1.768540
-1.743719
-1.733452
-1.620461
-1.456780
-1.255531
-1.054222
-0.888006
-0.888000
-0.888000
-0.888000
-0.888001
-0.888000
-1.039060
-1.240317
-1.406938
-1.545617
-1.655666
-1.769751
-1.568546
-1.468014
-1.460619
-1.454477
-1.434563
-1.396901
-1.344331
-1.282650
-1.220176
-1.168816
-1.123250
-1.084025
-1.051653
-1.029001
-1.012464
-1.796109
-1.693570
-1.614338
-1.605504
-1.591534
-1.569439
-1.537338
-1.493677
-1.437360
-1.481997
-1.669646
-1.808502
-1.902955
-1.938407
-1.983668
-1.977160
-2.009158
-1.993749
-2.022450
-2.007363
-2.035218
-2.008353
-1.984649
-1.878762
-1.736672
-1.537705
-1.338864
-1.138938
-0.943336
-0.888000
-0.888001
-0.888000
-0.888000
-0.914448
-1.123052
-1.171600
-1.226609
-1.267052
-1.786765
-1.625501
-1.614126
-1.617709
-1.604462
-1.579350
-1.542545
-1.493170
-1.427460
-1.346850
-1.260968
-1.164950
-1.049924
-0.915300
-1.796210
-1.708765
-1.605237
-1.573514
-1.538073
-1.503661
-1.467508
-1.428218
-1.383833
-1.332389
-1.486464
-1.663746
-1.799504
-1.903906
-1.942510
-2.000857
-2.009150
-2.052402
-2.052373
-2.096763
-2.105052
-2.149433
-2.134255
-2.114861
-2.019514
-1.907002
-1.739061
-1.577454
-1.418667
-1.255940
-1.068154
-0.982448
-0.999212
-1.010001
-1.034868
-1.797810
-1.716800
-1.614194
-1.618053
-1.599766
-1.563599
-1.512155
-1.445941
-1.364555
-1.266969
-1.151447
-1.015035
-0.888000
-0.888000
-0.888003
-0.888002
-0.888002
-0.888002
-1.013010
-1.201355
-1.389837
-1.557563
-1.695796
-1.767920
-1.838530
-1.841961
-1.879748
-1.871031
-1.915495
-1.921581
-1.959422
-1.931337
-1.900900
-1.785296
-1.633974
-1.455039
-1.269503
-1.158204
-1.038887
-1.786136
-1.616678
-1.627579
-1.638417
-1.645648
-1.649205
-1.647810
-1.639486
-1.621964
-1.593062
-1.551080
-1.495871
-1.428782
-1.350839
-1.549448
-1.717891
-1.838830
-1.881489
-1.931551
-1.927595
-1.960309
-1.945034
-1.972831
-1.957455
-1.989245
-1.980027
-2.018956
-2.020010
-1.818359
-1.617251
-1.416069
-1.214900
-1.013735
-0.888001
-0.888001
-0.888002
-0.888000
-0.941173
-1.107234
-1.171421
-1.228518
-1.798806
-1.760169
-1.605900
-1.550800
-1.506810
-1.447834
-1.381067
-1.318117
-1.314316
-1.331570
-1.361152
-1.402232
-1.454103
-1.801367
-1.834267
-1.720047
-1.625496
-1.640504
-1.648812
-1.649099
-1.639878
-1.621290
-1.593774
-1.558223
-1.516438
-1.472760
-1.431947
-1.395747
-1.365658
-1.361800
-1.383901
-1.420422
-1.469315
-1.527972
-1.798446
-1.782546
-1.676771
-1.653868
-1.666239
-1.673402
-1.673358
-1.664420
-1.644987
-1.613488
-1.570170
-1.517027
-1.666664
-1.809618
-1.917179
-1.948133
-1.990975
-1.982304
-2.013660
-1.997271
-2.024211
-2.006781
-2.035084
-2.015624
-2.022890
-1.949163
-1.844885
-1.656642
-1.455433
-1.254277
-1.055805
-0.888000
-0.906742
-0.888004
-0.888000
-0.946718
-1.102141
-1.167288
-1.240506
-1.798171
-1.750207
-1.587333
-1.554542
-1.523826
-1.486606
-1.444939
-1.408134
-1.385264
-1.373982
-1.380228
-1.396148
-1.414980
-1.453839
-1.795982
-1.695452
-1.625630
-1.618939
-1.603606
-1.575682
-1.534010
-1.478295
-1.408734
-1.325442
-1.228044
-1.114924
-0.982599
-0.888002
-0.888002
-0.888002
-0.888002
-0.888002
-0.888002
-0.888000
-0.888000
-1.087134
-1.274825
-1.469761
-1.634895
-1.766906
-1.843396
-1.919420
-1.954863
-1.994734
-2.016460
-2.036497
-2.048239
-2.050098
-2.033090
-2.009439
-1.990692
-1.981296
-1.791392
-1.736681
-1.679858
-1.695454
-1.708325
-1.717523
-1.719531
-1.709799
-1.684089
-1.640635
-1.580741
-1.519149
-1.446335
-1.356197
-1.441169
-1.623790
-1.749438
-1.839896
-1.854782
-1.895186
-1.882217
-1.909481
-1.885320
-1.905815
-1.881411
-1.903300
-1.872681
-1.862436
-1.780038
-1.689817
-1.535731
-1.367866
-1.170845
-1.048887
-1.062041
-1.007445
-0.888008
-0.888001
-0.888002
-0.888000
-1.031583
-1.214437
-1.795317
-1.701875
-1.580666
-1.553208
-1.516856
-1.482834
-1.452790
-1.423226
-1.395618
-1.382247
-1.389662
-1.408968
-1.430260
-1.449449
-1.466947
-1.485828
-1.510298
-1.802083
-1.854201
-1.827514
-1.648535
-1.667089
-1.677889
-1.679221
-1.672583
-1.664912
-1.664379
-1.671941
-1.681068
-1.689954
-1.742872
-1.808985
-1.877776
-1.795024
-1.667611
-1.617486
-1.606236
-1.580977
-1.540691
-1.485211
-1.414974
-1.330364
-1.231160
-1.116151
-0.982641
-0.888002
-0.888002
-0.888002
-0.888002
-0.888002
-0.888002
-0.888002
-0.888002
-0.888000
-1.044170
-1.238303
-1.429996
-1.627417
-1.796827
-1.920612
-2.007593
-2.069241
-2.111282
-2.139202
-2.155937
-2.161702
-2.155691
-2.137343
-2.108412
-1.798465
-1.788328
-1.682997
-1.629883
-1.631932
-1.630774
-1.624570
-1.611848
-1.591632
-1.563386
-1.673551
-1.842409
-1.962432
-2.027175
-2.084565
-2.086784
-2.124277
-2.115821
-2.150503
-2.144893
-2.186156
-2.184116
-2.210507
-2.169464
-2.113930
-1.985030
-1.826813
-1.662941
-1.501665
-1.336724
-1.145610
-1.006320
-1.008552
-1.023982
-1.064527
-1.120079
-1.189066
-1.266871
-1.797803
-1.726361
-1.585035
-1.562113
-1.529252
-1.483840
-1.422471
-1.342885
-1.241310
-1.108838
-0.925456
-0.888000
-0.888000
-0.888000
-0.888000
-0.888000
-1.045636
-1.201117
-1.275915
-1.390487
-1.450264
-1.837970
-2.031294
-2.126667
-2.041789
-1.841638
-1.640888
-1.440092
-1.239266
-1.038388
-0.888000
-0.888000
-0.888000
-0.888000
-0.888000
-0.888385
-0.888000
-0.888000
-0.888000
-1.017789
-1.800685
-1.808936
-1.727330
-1.632186
-1.642576
-1.647852
-1.646017
-1.635611
-1.615165
-1.583331
-1.539058
-1.482483
-1.414634
-1.336452
-1.477776
-1.664153
-1.777216
-1.865178
-1.886928
-1.935304
-1.934365
-1.971316
-1.963099
-2.000712
-1.997206
-2.026974
-1.988992
-1.926255
-1.770948
-1.576666
-1.375478
-1.174550
-0.976542
-0.903123
-0.915754
-0.888000
-0.986842
-1.089719
-1.152022
-1.210577
-1.269060
-1.322816
-1.376151
-1.426387
-1.471709
-1.514676
-1.556415
-1.597269
-1.637533
-1.677369
-1.713848
-1.749325
-1.773289
-1.775974
-1.770374
-1.763182
-1.749943
-1.727379
-1.699819
-1.669485
-1.632026
-1.572190
-1.486171
-1.364518
-1.185656
-1.032544
-0.920437
-0.888000
-0.888000
-1.057017
-1.238128
-1.419414
-1.566169
-1.692437
-1.760724
-1.839135
-1.868274
-1.920997
-1.930320
-1.971773
-1.973953
-2.011470
-2.013098
-2.049387
-2.054339
-2.090602
-2.101703
-2.153872
-2.208623
-2.267971
-2.320805
-1.798525
-1.784110
-1.670962
-1.632921
-1.633430
-1.645643
-1.661584
-1.680274
-1.706301
-1.742778
-1.785298
-1.831032
-1.882650
-1.942053
-2.007697
-2.077034
-2.149773
-2.225580
-2.304306
-2.385600
-1.768234
-1.615990
-1.619602
-1.617910
-1.611760
-1.597900
-1.573765
-1.536889
-1.485607
-1.419850
-1.340589
-1.248242
-1.141306
-1.154079
-1.340547
-1.519105
-1.617660
-1.702822
-1.721330
-1.769155
-1.760333
-1.793615
-1.776609
-1.807021
-1.785497
-1.792912
-1.709530
-1.576353
-1.376704
-1.175427
-0.974169
-0.888000
-0.888000
-0.888001
-0.888001
-0.888001
-0.888000
-0.947744
-1.162950
-1.362848
-1.561132
-1.661862
-1.753373
-1.797684
-1.727753
-1.541278
-1.441802
-1.273610
-1.073913
-0.888000
-0.888000
-0.888000
-0.888000
-0.888000
-0.889129
-0.945485
-1.083514
-1.271775
-1.442356
-1.473503
-1.509488
-1.550438
-1.597412
-1.658463
-1.700871
-1.815761
-1.914973
-1.937816
-1.806948
-1.683289
-1.679227
-1.672741
-1.662400
-1.647753
-1.629458
-1.603242
-1.565950
-1.517124
-1.456616
-1.498732
-1.681160
-1.824909
-1.932711
-1.973253
-2.029026
-2.034680
-2.073566
-2.066515
-2.104054
-2.106856
-2.155627
-2.169307
-2.223280
-2.242629
-2.300018
-2.315791
-1.842821
-2.019253
-2.064275
-1.906413
-1.705647
-1.505998
-1.305303
-1.104568
-0.903734
-0.888000
-0.888000
-0.888000
-0.888000
-0.888000
-0.950576
-1.080501
-1.765548
-1.588592
-1.603995
-1.611136
-1.609998
-1.598625
-1.576811
-1.548387
-1.524622
-1.510612
-1.502843
-1.493229
-1.481313
-1.468644
-1.474340
-1.524315
-1.575384
-1.628305
-1.683547
-1.741219
-1.801097
-1.936732
-2.071848
-2.156194
-1.837129
-2.034226
-2.141710
-2.074420
-1.877351
-1.676648
-1.475894
-1.275100
-1.074275
-0.888000
-0.888142
-0.888000
-0.937087
-1.062238
-1.215635
-1.315725
-1.307244
-1.304367
-1.298714
-1.304933
-1.308237
-1.409312
-1.838857
-2.025163
-2.105468
-2.000427
-1.799672
-1.598951
-1.398233
-1.197334
-0.996633
-0.888000
-0.888000
-0.888000
-0.888000
-0.888000
-0.888000
-0.888000
-0.888000
-0.888000
-0.888013
-0.963652
-1.068267
-1.090049
-1.174236
-1.192684
-1.830517
-2.023417
-2.119757
-2.061644
-1.876470
-1.678306
-1.509836
-1.356956
-1.156389
-0.955693
-0.888000
-0.888000
-0.888000
-0.888000
-0.888000
-0.888000
-0.904707
-0.984939
-1.126398
-1.215649
-1.203813
-1.334509
-1.438428
-1.533394
-1.764856
-1.632699
-1.639399
-1.645902
-1.649557
-1.649536
-1.642502
-1.625826
-1.597530
-1.556634
-1.504090
-1.551966
-1.737026
-1.861002
-1.947373
-1.962015
-1.996504
-1.981973
-2.007956
-1.986412
-2.008990
-1.987860
-2.010301
-1.977549
-1.945026
-1.831039
-1.673862
-1.472605
-1.271367
-1.070726
-0.888000
-0.888001
-0.893704
-0.888000
-0.888000
-0.888000
-1.048741
-1.247182
-1.305457
-1.357750
-1.799037
-1.759459
-1.599550
-1.477253
-1.335265
-1.136052
-0.937247
-0.888000
-0.888000
-0.888000
-0.888000
-0.888000
-0.888000
-0.922903
-1.031566
-1.116190
-1.190939
-1.264648
-1.332802
-1.392616
-1.443871
-1.484055
-1.788364
-1.710602
-1.651706
-1.660532
-1.666469
-1.667165
-1.660255
-1.643205
-1.613657
-1.570076
-1.513056
-1.444651
-1.644239
-1.814325
-1.905248
-1.972264
-1.971658
-2.002819
-1.985102
-2.007227
-1.982880
-2.003331
-1.980801
-2.002024
-1.975278
-1.984167
-1.934574
-1.912472
-1.842203
-1.833381
-1.848947
-2.021948
-1.896076
-1.699156
-1.507308
-1.462473
-1.655188
-1.842862
-2.027145
-2.144192
-2.244011
-2.352503
-2.427454
-2.417192
-2.379161
-2.326789
-2.266994
-2.206961
-2.149419
-2.093490
-1.798370
-1.717715
-1.608502
-1.618618
-1.626867
-1.633478
-1.636598
-1.632716
-1.617758
-1.684486
-1.880159
-2.052208
-2.160638
-2.241472
-2.267070
-2.309787
-2.299946
-2.330485
-2.319865
-2.359255
-2.366563
-1.841474
-2.028387
-2.101238
-1.976122
-1.775380
-1.574615
-1.373604
-1.172864
-0.972045
-0.888000
-0.888000
-0.888000
-0.888000
-0.891113
-0.929840
-1.007496
-1.008851
-1.008621
-1.104976
-1.178457
-1.267563
-1.279780
-1.842144
-2.035551
-2.122724
-2.012700
-1.812253
-1.611624
-1.410950
-1.210246
-1.009510
-0.888000
-0.888000
-0.888000
-0.888000
-0.888000
-0.888000
-0.888000
-0.888600
-0.887985
-0.888204
-1.801837
-1.859338
-1.864976
-1.714490
-1.647664
-1.638048
-1.615943
-1.581088
-1.532868
-1.470494
-1.393589
-1.301880
-1.194728
-1.070594
-0.926287
-0.888002
-0.888002
-0.888002
-0.888002
-0.888002
-0.888002
-1.047849
-1.231794
-1.423411
-1.615417
-1.800833
-1.939045
-2.042581
-2.117983
-2.173663
-2.214008
-2.242641
-2.259297
-2.168146
-2.114396
-2.097324
-2.114464
-2.154124
-2.204644
-2.264046
-1.782019
-1.662373
-1.647527
-1.657013
-1.657046
-1.643551
-1.614014
-1.567859
-1.505151
-1.426020
-1.330506
-1.218498
-1.088274
-0.934016
-0.888002
-0.888002
-1.085191
-1.272548
-1.469198
-1.666664
-1.850109
-2.003646
-2.107101
-2.207396
-2.261986
-2.334639
-2.363787
-2.422258
-2.438729
-2.488350
-2.495825
-2.536305
-2.532562
-2.562216
-2.544802
-2.568079
-2.549782
-2.576795
-2.559608
-2.588027
-2.570319
-2.600288
-2.580173
-2.592367
-2.604650
-1.791315
-1.727085
-1.643097
-1.636825
-1.619704
-1.586657
-1.541721
-1.496053
-1.455445
-1.418390
-1.389641
-1.361645
-1.338527
-1.318986
-1.476963
-1.811395
-1.885385
-1.865179
-1.690402
-1.610613
-1.566849
-1.506213
-1.430061
-1.339340
-1.235229
-1.118538
-0.985536
-0.888000
-0.888002
-0.888002
-0.888002
-0.888002
-0.888002
-0.888002
-0.888001
-0.888000
-1.054973
-1.249318
-1.443391
-1.637052
-1.811837
-1.936279
-2.027496
-2.091238
-2.136598
-2.168181
-2.189551
-2.202918
-2.094960
-2.045993
-1.764922
-1.564522
-1.475482
-1.486055
-1.494400
-1.490005
-1.470657
-1.435190
-1.382962
-1.313905
-1.228353
-1.125642
-1.004042
-1.072579
-1.257963
-1.445055
-1.562590
-1.665139
-1.712271
-1.784246
-1.807862
-1.865443
-1.880500
-1.936450
-1.953631
-2.007972
-2.014284
-2.052660
-2.030987
-2.044050
-1.987152
-1.947397
-1.821021
-1.720362
-1.593924
-1.392894
-1.780961
-1.607651
-1.613557
-1.617155
-1.611112
-1.594795
-1.571811
-1.542835
-1.504881
-1.468206
-1.441710
-1.429246
-1.428658
-1.443784
-1.474376
-1.525217
-1.841491
-1.947271
-1.885489
-1.686571
-1.485751
-1.284830
-1.083818
-0.888000
-0.888000
-0.888000
-0.888000
-0.888000
-0.888000
-0.889291
-0.937066
-1.062315
-1.231876
-1.380906
-1.470181
-1.529719
-1.616926
-1.838439
-2.028336
-2.134093
-2.077134
-1.884319
-1.683692
-1.483061
-1.282496
-1.082057
-0.888000
-0.888000
-0.888000
-0.888000
-0.889293
-0.936529
-1.072747
-1.802998
-1.875729
-1.868764
-1.687262
-1.661844
-1.682602
-1.698944
-1.709908
-1.714076
-1.709840
-1.695635
-1.670194
-1.634400
-1.787452
-1.942009
-2.045765
-2.087765
-2.126768
-2.114410
-2.141783
-2.123497
-2.148613
-2.130939
-2.160009
-2.144577
-2.158348
-2.098779
-2.014237
-1.845827
-1.648702
-1.448782
-1.255889
-1.075953
-0.889355
-0.890620
-0.888002
-0.977808
-1.057087
-1.106306
-1.155261
-1.203010
-1.250293
-1.295426
-1.337327
-1.379176
-1.420615
-1.462177
-1.502440
-1.541767
-1.579687
-1.619138
-1.656476
-1.693580
-1.728691
-1.762433
-1.793557
-1.825602
-1.855421
-2.024553
-2.211738
-2.362691
-2.476988
-2.556559
-2.630785
-2.639894
-1.842316
-2.022285
-2.077590
-1.926534
-1.725669
-1.524611
-1.323849
-1.123034
-0.922112
-0.888000
-0.888000
-0.888000
-0.888000
-0.888001
-1.800806
-1.850521
-1.841252
-1.675313
-1.662753
-1.655442
-1.635447
-1.602430
-1.555457
-1.493523
-1.416563
-1.324597
-1.216951
-1.092186
-0.949500
-0.888002
-0.888002
-0.888002
-0.888002
-0.888002
-0.888000
-1.047019
-1.227110
-1.418246
-1.610124
-1.803908
-1.957014
-2.070084
-2.152516
-2.212505
-2.140970
-2.120767
-2.128347
-2.159652
-2.205132
-2.257097
-2.309799
-2.356082
-2.398827
-2.433246
-1.790993
-1.731738
-1.637691
-1.645070
-1.641713
-1.623779
-1.590162
-1.540440
-1.475196
-1.394802
-1.299236
-1.187774
-1.061355
-0.915427
-0.888002
-0.888002
-0.888002
-0.888002
-0.888002
-0.888000
-1.092486
-1.281796
-1.465013
-1.659773
-1.836478
-1.969828
-2.064127
-2.131861
-2.177284
-2.203173
-2.214535
-2.225659
-2.223060
-2.226802
-2.238103
-2.254561
-2.274668
-2.296669
-1.783666
-1.668631
-1.648446
-1.643462
-1.636658
-1.624434
-1.604674
-1.576243
-1.538075
-1.594228
-1.783296
-1.919249
-2.009953
-2.040161
-2.078321
-2.066764
-2.094746
-2.076439
-2.102197
-2.085744
-2.113587
-2.090740
-2.080528
-1.989919
-1.879000
-1.706040
-1.538738
-1.359866
-1.297995
-1.232767
-1.046827
-0.888000
-0.969555
-1.142107
-1.194950
-1.247861
-1.289114
-1.797881
-1.742289
-1.588194
-1.549031
-1.472418
-1.357680
-1.196873
-0.999779
-0.888000
-0.888000
-0.888000
-0.888000
-0.888000
-0.888000
-0.888000
-0.888000
-0.888000
-0.888000
-1.798182
-1.750107
-1.635422
-1.632989
-1.625596
-1.610775
-1.586153
-1.549262
-1.498476
-1.434325
-1.418879
-1.609961
-1.780441
-1.866759
-1.937042
-1.942970
-1.977839
-1.963016
-1.988630
-1.968477
-1.993730
-1.976176
-2.002999
-1.983497
-2.004341
-1.975652
-1.987787
-1.953082
-1.971191
-1.866310
-1.667050
-1.470973
-1.339774
-1.533259
-1.712762
-1.878114
-2.037859
-2.194738
-2.343933
-2.423328
-1.796051
-1.686162
-1.630351
-1.633803
-1.633707
-1.628515
-1.615426
-1.591747
-1.555843
-1.506627
-1.554929
-1.748229
-1.885345
-1.984200
-2.008387
-2.048651
-2.038697
-2.066710
-2.047111
-2.070580
-2.050753
-2.074784
-2.047094
-2.027414
-1.927054
-1.798718
-1.608895
-1.421152
-1.227363
-1.092945
-0.952501
-0.888002
-0.888001
-0.888001
-1.092249
-1.287943
-1.463873
-1.584143
-1.642302
-1.701694
-1.761032
-1.821037
-1.796515
-1.707282
-1.563127
-1.518915
-1.454905
-1.357716
-1.205646
-1.006312
-0.888000
-0.888000
-0.888000
-0.888000
-0.888000
-0.888000
-0.888000
-0.896079
-0.888000
-0.888000
-0.888000
-1.026323
-1.146316
-1.204671
-1.841936
-2.035584
-2.133935
-2.052067
-1.852131
-1.651380
-1.450604
-1.249819
-1.048857
-0.888000
-0.888000
-0.888000
-0.888000
-0.888000
-0.895315
-1.802097
-1.855320
-1.842083
-1.674918
-1.678709
-1.694371
-1.705268
-1.709978
-1.706990
-1.695033
-1.673111
-1.640458
-1.597653
-1.546223
-1.487540
-1.526690
-1.714629
-1.835068
-1.919608
-1.933214
-1.968548
-1.958598
-1.989301
-1.975459
-2.006908
-1.998699
-2.039970
-2.015187
-1.994207
-1.875372
-1.701379
-1.500329
-1.299303
-1.098557
-0.897767
-0.935239
-0.888000
-0.970154
-1.025015
-1.076293
-1.126821
-1.180233
-1.235709
-1.293281
-1.357013
-1.409442
-1.468640
-1.540688
-1.580209
-1.638035
-1.700922
-1.767237
-1.831844
-1.901468
-1.947508
-1.998098
-2.040729
-2.076542
-2.101043
-2.115849
-2.129683
-2.150124
-2.177724
-2.196470
-2.209759
-2.217015
-2.218053
-2.210585
-2.189019
-2.201931
-2.275558
-2.372079
-2.456388
-2.517179
-2.559023
-2.592536
-2.615142
-2.633572
-2.642801
-2.652930
-2.656169
-1.813047
-1.896319
-1.881762
-1.707297
-1.682648
-1.661504
-1.633899
-1.602134
-1.567485
-1.532099
-1.499436
-1.519023
-1.697863
-1.813081
-1.918262
-1.971952
-2.049282
-2.088581
-2.158211
-2.192089
-2.260245
-2.294264
-2.365018
-2.386651
-2.437755
-2.431393
-2.470722
-2.470394
-2.554834
-2.611972
-2.682720
-1.800132
-1.665040
-1.628895
-1.633170
-1.632630
-1.623918
-1.605187
-1.580106
-1.548104
-1.518750
-1.503561
-1.497746
-1.505952
-1.528888
-1.562025
-1.795111
-1.669862
-1.608587
-1.600060
-1.584599
-1.560155
-1.524488
-1.475608
-1.412472
-1.507979
-1.687435
-1.825363
-1.914898
-1.949813
-1.991065
-1.980657
-2.009044
-1.990144
-2.014952
-1.996655
-2.022686
-2.001103
-2.013413
-1.965586
-1.936614
-1.856277
-1.827235
-1.758924
-1.628570
-1.429829
-1.243964
-1.061720
-1.220041
-1.408644
-1.592174
-1.772996
-1.886545
-1.980780
-2.072791
-2.167508
-2.258037
-2.276257
-2.288192
-2.289873
-2.276747
-2.248734
-2.204395
-2.145088
-2.075335
-2.000321
-1.921754
-1.845272
-1.782938
-1.739550
-1.695365
-1.644774
-1.585134
-1.518209
-1.532037
-1.660077
-1.758759
-1.848285
-1.761296
-1.589387
-1.587280
-1.579653
-1.585628
-1.609847
-1.636934
-1.664647
-1.695149
-1.729982
-1.772995
-1.824546
-1.880998
-1.940943
-2.001018
-2.059720
-2.118370
-2.178139
-2.240182
-2.305839
-2.398474
-2.470788
-1.841989
-2.026878
-2.089539
-1.945531
-1.744861
-1.544161
-1.343490
-1.142854
-0.942126
-0.888000
-0.888000
-0.888000
-0.888000
-0.888000
-0.903867
-1.802488
-1.862727
-1.819153
-1.622598
-1.622893
-1.643501
-1.658554
-1.667318
-1.668625
-1.661050
-1.642845
-1.614086
-1.628419
-1.824619
-1.958833
-2.049222
-2.071037
-2.102842
-2.088106
-2.112043
-2.089912
-2.110167
-2.087680
-2.109582
-2.082067
-2.066802
-1.974585
-1.852350
-1.659953
-1.459675
-1.258396
-1.059215
-0.890304
-0.888001
-0.888000
-0.888000
-0.888000
-1.791381
-1.643812
-1.444537
-1.247061
-1.048827
-0.888000
-0.888000
-0.888000
-0.888000
-0.888000
-0.888000
-0.888000
-0.888000
-0.888000
-0.888000
-0.888000
-0.888000
-0.895467
-0.934636
-0.965378
-0.986883
-1.024422
-1.841570
-2.033505
-2.128941
-2.047664
-1.848430
-1.647740
-1.446998
-1.246215
-1.045169
-0.888000
-0.888000
-0.888000
-0.888000
-0.888000
-0.942027
-1.101668
-1.287765
-1.327383
-1.356384
-1.389581
-1.427689
-1.772663
-1.627632
-1.639024
-1.649300
-1.657930
-1.663475
-1.663971
-1.657665
-1.642617
-1.616607
-1.578226
-1.528310
-1.468209
-1.397789
-1.315458
-1.509296
-1.674860
-1.788580
-1.819215
-1.862051
-1.851086
-1.878361
-1.856502
-1.875843
-1.850000
-1.869253
-1.833253
-1.794105
-1.658591
-1.470229
-1.268984
-1.067682
-0.888000
-0.888000
-0.888001
-0.916404
-0.888001
-0.888001
-0.888000
-0.888000
-1.037663
-1.205533
-1.355500
-1.796053
-1.698243
-1.589897
-1.579226
-1.561524
-1.535327
-1.500082
-1.455745
-1.402524
-1.335793
-1.252837
-1.152361
-1.031587
-0.887912
-0.888000
-0.888012
-0.973900
-1.168885
-1.354432
-1.548034
-1.698278
-1.821718
-1.885991
-1.959248
-1.976344
-2.020573
-2.013161
-2.048628
-2.039392
-2.070408
-2.066754
-2.120812
-2.146590
-2.195981
-2.172629
-2.121228
-2.003326
-2.016500
-2.070535
-2.043183
-1.976659
-1.825862
-1.987729
-1.941424
-1.742543
-1.704496
-1.715086
-1.724389
-1.728040
-1.727764
-1.727262
-1.729913
-1.743719
-1.773123
-1.811379
-1.853739
-1.899061
-1.948232
-2.003342
-2.066954
-1.799558
-1.790249
-1.657995
-1.641610
-1.646485
-1.638444
-1.617471
-1.583194
-1.535200
-1.474241
-1.400968
-1.315777
-1.219219
-1.110630
-0.986566
-0.888000
-0.888002
-0.888001
-1.079652
-1.273196
-1.451242
-1.546947
-1.633058
-1.645941
-1.691840
-1.678774
-1.713791
-1.700477
-1.742059
-1.734850
-1.763773
-1.710613
-1.618832
-1.437354
-1.236240
-1.035220
-0.888000
-0.888001
-0.888000
-0.887956
-0.888006
-1.025876
-1.109494
-1.795575
-1.696868
-1.604958
-1.595973
-1.581286
-1.558077
-1.530813
-1.508259
-1.485583
-1.471630
-1.470512
-1.482809
-1.504491
-1.537394
-1.795185
-1.671342
-1.617539
-1.614300
-1.597460
-1.565626
-1.517824
-1.454057
-1.374429
-1.278413
-1.164694
-1.030416
-0.888000
-1.055126
-1.237559
-1.423566
-1.539035
-1.637290
-1.668229
-1.722729
-1.716966
-1.754415
-1.742341
-1.778209
-1.757892
-1.756570
-1.655753
-1.499844
-1.298584
-1.097261
-0.896229
-0.888000
-0.888001
-0.910450
-0.888000
-0.888001
-0.888000
-1.099659
-1.289494
-1.462221
-1.634720
-1.723965
-1.800460
-1.871164
-1.941904
-2.011930
-2.071075
-2.109828
-2.116432
-2.114756
-2.103802
-2.081165
-2.050261
-2.015689
-1.979777
-1.941761
-1.907066
-1.876079
-1.843763
-1.808766
-1.767099
-1.712447
-1.641276
-1.543815
-1.465851
-1.546321
-1.709181
-1.813792
-1.838242
-2.025396
-2.101305
-1.983070
-1.782369
-1.581677
-1.380650
-1.180978
-0.980479
-0.888000
-0.888001
-0.888001
-0.888000
-0.888000
-0.888000
-0.888000
-0.911846
-0.954461
-1.778384
-1.615317
-1.617343
-1.617643
-1.615072
-1.607623
-1.592920
-1.568456
-1.531739
-1.481299
-1.417806
-1.342685
-1.256798
-1.159051
-1.293806
-1.483724
-1.630491
-1.737178
-1.772380
-1.824566
-1.821503
-1.856129
-1.841893
-1.873401
-1.862918
-1.885496
-1.844832
-1.785661
-1.627490
-1.436861
-1.235567
-1.034391
-0.888000
-0.888001
-0.914419
-0.888000
-0.888002
-0.991903
-1.215541
-1.339620
-1.411330
-1.800278
-1.770308
-1.618935
-1.590703
-1.579993
-1.562794
-1.531568
-1.481021
-1.412498
-1.348438
-1.313879
-1.311519
-1.324795
-1.345312
-1.368226
-1.392643
-1.418663
-1.446080
-1.474418
-1.503124
-1.531580
-1.761659
-1.597020
-1.606401
-1.613000
-1.614793
-1.610678
-1.598531
-1.575909
-1.540130
-1.489482
-1.424367
-1.346613
-1.257251
-1.221260
-1.414606
-1.592118
-1.687001
-1.766068
-1.779617
-1.824024
-1.814880
-1.847521
-1.830839
-1.860619
-1.841891
-1.857463
-1.792621
-1.687249
-1.499947
-1.298691
-1.097371
-0.897068
-0.888000
-0.888001
-0.896142
-0.888001
-0.888001
-0.888001
-1.098103
-1.305773
-1.471113
-1.556486
-1.799168
-1.761207
-1.602790
-1.535094
-1.472957
-1.379461
-1.247676
-1.061845
-0.888665
-0.888000
-0.888000
-0.888000
-0.888000
-0.888000
-0.888000
-0.888000
-0.888000
-0.892429
-0.945735
-1.803242
-1.897395
-1.944006
-1.819971
-1.646090
-1.660977
-1.672666
-1.677658
-1.674171
-1.660066
-1.634317
-1.598346
-1.656919
-1.844767
-1.977512
-2.056961
-2.081841
-2.111342
-2.092894
-2.113627
-2.088428
-2.106716
-2.083273
-2.104486
-2.072531
-2.038994
-1.920412
-1.757157
-1.555999
-1.354793
-1.153704
-0.960298
-0.888000
-0.888000
-0.888000
-0.888000
-1.057537
-1.172077
-1.240001
-1.297982
-1.351394
-1.798962
-1.754759
-1.589260
-1.527800
-1.456337
-1.345717
-1.169732
-0.970107
-0.888000
-0.888000
-0.888000
-0.888000
-0.888000
-0.888000
-0.888000
-0.888000
-0.888000
-0.888000
-1.055677
-1.153617
-1.279763
-1.353795
-1.484148
-1.595492
-1.744774
-1.885820
-2.001505
-1.834707
-2.017639
-2.084493
-1.986005
-1.790174
-1.592101
-1.394938
-1.195484
-0.995046
-0.888000
-0.888000
-0.888000
-0.888000
-0.888000
-0.888000
-0.888000
-0.951281
-1.106385
-1.195482
-1.297806
-1.315392
-1.378696
-1.374411
-1.422588
-1.408087
-1.841330
-2.033292
-2.109162
-1.995845
-1.795936
-1.660662
-1.603283
-1.531168
-1.445814
-1.345258
-1.226684
-1.084072
-1.068192
-1.231625
-1.356175
-1.407251
-1.841994
-2.037643
-2.132306
-2.034697
-1.833855
-1.633110
-1.432373
-1.231589
-1.030358
-0.888000
-0.961777
-1.138735
-1.330361
-1.517498
-1.708040
-1.881904
-1.801891
-1.793334
-1.627336
-1.624885
-1.643008
-1.658758
-1.670975
-1.678347
-1.679108
-1.671356
-1.653203
-1.623621
-1.583691
-1.535387
-1.479308
-1.625242
-1.782485
-1.893740
-1.924674
-1.964190
-1.954236
-1.983991
-1.967094
-1.993426
-1.976548
-2.006507
-1.994110
-1.980728
-1.890425
-1.749306
-1.547994
-1.346792
-1.145685
-0.952740
-0.888000
-0.937975
-0.888001
-0.888001
-1.021335
-1.155535
-1.238302
-1.798091
-1.743259
-1.585542
-1.582396
-1.574379
-1.554345
-1.526014
-1.491535
-1.447136
-1.394025
-1.341746
-1.296109
-1.259467
-1.238366
-1.226799
-1.219255
-1.216175
-1.225549
-1.241659
-1.260443
-1.281169
-1.449636
-1.640558
-1.815802
-1.954770
-1.765317
-1.600174
-1.610359
-1.607283
-1.584742
-1.545305
-1.489590
-1.417326
-1.328193
-1.221271
-1.094248
-0.942346
-0.888000
-1.054662
-1.237293
-1.421972
-1.532884
-1.625838
-1.647716
-1.696817
-1.685822
-1.718336
-1.700585
-1.732234
-1.707937
-1.705558
-1.602979
-1.445961
-1.244646
-1.043326
-0.888008
-0.888000
-0.888004
-0.888001
-0.888000
-0.888000
-0.888000
-0.887999
-1.077500
-1.268134
-1.425957
-1.562194
-1.778028
-1.591963
-1.600102
-1.603823
-1.599952
-1.589676
-1.572637
-1.547948
-1.514392
-1.470809
-1.416790
-1.352052
-1.276255
-1.188758
-1.087997
-1.223561
-1.412898
-1.564906
-1.680407
-1.726348
-1.786353
-1.789904
-1.833371
-1.829366
-1.873945
-1.880189
-1.925041
-1.910616
-1.900077
-1.797129
-1.641120
-1.440001
-1.238867
-1.037943
-0.888000
-0.888000
-0.960854
-1.115493
-1.198304
-1.261424
-1.323751
-1.381917
-1.427971
-1.476020
-1.526009
-1.576916
-1.628139
-1.679039
-1.730570
-1.783111
-1.835690
-1.886703
-1.937709
-1.988913
-2.040166
-2.090967
-2.140001
-2.188822
-2.235058
-1.797199
-1.724735
-1.632718
-1.612201
-1.574444
-1.520961
-1.451907
-1.367989
-1.269969
-1.159003
-1.038432
-0.906819
-1.016138
-1.209161
-1.385378
-1.569691
-1.704514
-1.828935
-1.902517
-1.989546
-2.033041
-2.105592
-2.143249
-2.209725
-2.217130
-2.226117
-2.156643
-2.068986
-1.937900
-1.869413
-1.868262
-1.855713
-1.853877
-1.840050
-1.832134
-1.795037
-1.674989
-1.608092
-1.617611
-1.627854
-1.638302
-1.646881
-1.651729
-1.653577
-1.654570
-1.658087
-1.665957
-1.677831
-1.691855
-1.707021
-1.723414
-1.795529
-1.681603
-1.628714
-1.628623
-1.625550
-1.615853
-1.596926
-1.566421
-1.522862
-1.466563
-1.398815
-1.493281
-1.670704
-1.799610
-1.881459
-1.917915
-1.957048
-1.944274
-1.971975
-1.952145
-1.976852
-1.957314
-1.978125
-1.934097
-1.872223
-1.728927
-1.547474
-1.346160
-1.145008
-0.948081
-0.888004
-0.888000
-0.888001
-0.888000
-0.888000
-1.063590
-1.271120
-1.327672
-1.386144
-1.797178
-1.745927
-1.583362
-1.541244
-1.507005
-1.479328
-1.452506
-1.432160
-1.450833
-1.473120
-1.503575
-1.540111
-1.582094
-1.629622
-1.801047
-1.825774
-1.771820
-1.662815
-1.659892
-1.649300
-1.633217
-1.616757
-1.611402
-1.618792
-1.626998
-1.637843
-1.682045
-1.749718
-1.910897
-2.032310
-2.133019
-2.200837
-2.276295
-2.312086
-2.374973
-1.759721
-1.580725
-1.584714
-1.581639
-1.572607
-1.554951
-1.527657
-1.490014
-1.441975
-1.383807
-1.315421
-1.236278
-1.379223
-1.567259
-1.688004
-1.780760
-1.808175
-1.859605
-1.860223
-1.898491
-1.890559
-1.929323
-1.930923
-1.978955
-1.990834
-2.045075
-2.061724
-2.117712
-2.140893
-2.209730
-2.256856
-2.439892
-2.378811
-2.178026
-1.977114
-1.961054
-2.045220
-2.098753
-2.123100
-2.126351
-2.116850
-2.106560
-2.096052
-2.088165
-2.084641
-2.086488
-2.094341
-2.108206
-2.127723
-2.152174
-2.180821
-2.213434
-2.249335
-2.288396
-2.331238
-2.377568
-2.426468
-2.476253
-2.528185
-2.581800
-1.766841
-1.619959
-1.622391
-1.622277
-1.617404
-1.605848
-1.585214
-1.553426
-1.508836
-1.451522
-1.382752
-1.303440
-1.446612
-1.633943
-1.751235
-1.839643
-1.860432
-1.904388
-1.896571
-1.928049
-1.912371
-1.942371
-1.929831
-1.964455
-1.958791
-1.847131
-1.688525
-1.500893
-1.299640
-1.098468
-0.901040
-0.888001
-0.939921
-0.888000
-0.888001
-0.970724
-1.190736
-1.294174
-1.357314
-1.800012
-1.764716
-1.609861
-1.598425
-1.590982
-1.578134
-1.554816
-1.520175
-1.474962
-1.424095
-1.377240
-1.337172
-1.296580
-1.256575
-1.218203
-1.795975
-1.683760
-1.610643
-1.608114
-1.599498
-1.583364
-1.558230
-1.522435
-1.474613
-1.414005
-1.562942
-1.742537
-1.860356
-1.930407
-1.972467
-1.996112
-2.018913
-2.012031
-2.036789
-2.018209
-2.045225
-2.023665
-2.024452
-1.943342
-1.821866
-1.646505
-1.445363
-1.248261
-1.048238
-0.888000
-0.888000
-0.888884
-0.888000
-0.888000
-1.056394
-1.139410
-1.192766
-1.239530
-1.281289
-1.801320
-1.775496
-1.618657
-1.576775
-1.533044
-1.467076
-1.371628
-1.231655
-1.035378
-0.888001
-0.888001
-0.888001
-0.888001
-0.888000
-0.888000
-0.888000
-0.900054
-0.919199
-0.933247
-0.942235
-1.798438
-1.761961
-1.621125
-1.627496
-1.632246
-1.634345
-1.631491
-1.621310
-1.601637
-1.570583
-1.528091
-1.475882
-1.415380
-1.405234
-1.595394
-1.749689
-1.827417
-1.894932
-1.901722
-1.941563
-1.932532
-1.965244
-1.952690
-1.986206
-1.973235
-1.990052
-1.925885
-1.822322
-1.641115
-1.439930
-1.238690
-1.037659
-0.888007
-0.920237
-0.888000
-0.888001
-1.051116
-1.101985
-1.156896
-1.229843
-1.799754
-1.758904
-1.602607
-1.567671
-1.497014
-1.388298
-1.237399
-1.044059
-0.888000
-0.888000
-0.888000
-0.888000
-0.888000
-0.888000
-0.888000
-0.888000
-0.888000
-0.888000
-0.888000
-0.887338
-0.918417
-1.084891
-1.811370
-1.887356
-1.874638
-1.703724
-1.633589
-1.595385
-1.541534
-1.475205
-1.398576
-1.312940
-1.215512
-1.100842
-0.965307
-0.888000
-0.888002
-0.888002
-0.888002
-0.888002
-0.888002
-0.888002
-1.054303
-1.250911
-1.442953
-1.638865
-1.800511
-1.921341
-2.005479
-2.066884
-2.110279
-2.140894
-2.161752
-2.175850
-2.185592
-2.191060
-2.189907
-2.178960
-1.797517
-1.785905
-1.683275
-1.671115
-1.676547
-1.676054
-1.665500
-1.640948
-1.599431
-1.540473
-1.465348
-1.373529
-1.263373
-1.462832
-1.638710
-1.762728
-1.793521
-1.834285
-1.819648
-1.844243
-1.815428
-1.828346
-1.793553
-1.804146
-1.753696
-1.690449
-1.523124
-1.321826
-1.120534
-0.919237
-0.888000
-0.888001
-0.888001
-0.888001
-0.888001
-0.888001
-0.887994
-0.888003
-0.888000
-0.887998
-0.888000
-0.887998
-0.888007
-1.797559
-1.817208
-1.777467
-1.619900
-1.607314
-1.582961
-1.544059
-1.491678
-1.432168
-1.380548
-1.321257
-1.258852
-1.186296
-1.795642
-1.687215
-1.600611
-1.577610
-1.550405
-1.517728
-1.474760
-1.419672
-1.352000
-1.271064
-1.300804
-1.487615
-1.664855
-1.762472
-1.845573
-1.865298
-1.911054
-1.903649
-1.936333
-1.922333
-1.954296
-1.939365
-1.954672
-1.889091
-1.792139
-1.617277
-1.425343
-1.223963
-1.024983
-0.888001
-0.910028
-0.888000
-0.888000
-0.930566
-1.153397
-1.323416
-1.382157
-1.437318
-1.489465
-1.539578
-1.797913
-1.733209
-1.568372
-1.518807
-1.440156
-1.311112
-1.118363
-0.918803
-0.888000
-0.888000
-0.888000
-0.888000
-0.888000
-0.888000
-0.888000
-0.888000
-0.888000
-0.892769
-0.929103
-0.957786
-1.008485
-1.032714
-1.091767
-1.758708
-1.577426
-1.586522
-1.584899
-1.568156
-1.536156
-1.488563
-1.424560
-1.343574
-1.244600
-1.125465
-0.982057
-0.888000
-0.888002
-0.888002
-0.888002
-0.888002
-0.888002
-0.888002
-0.888000
-0.888001
-1.030704
-1.221540
-1.413966
-1.603377
-1.733711
-1.839031
-1.887834
-1.947028
-1.960468
-1.980193
-1.964089
-1.961691
-1.944985
-1.952473
-1.958831
-1.982216
-1.995939
-2.008336
-2.010018
-2.019140
-1.814173
-1.912296
-1.919962
-1.764587
-1.573676
-1.527992
-1.448627
-1.318539
-1.125352
-0.925863
-0.888000
-0.888000
-0.929740
-0.975761
-1.057044
-1.762565
-1.572001
-1.575888
-1.567279
-1.543263
-1.505004
-1.453797
-1.390645
-1.317029
-1.236571
-1.156263
-1.080878
-1.009221
-0.950644
-0.931872
-0.928505
-0.936599
-0.951968
-0.972660
-0.996700
-1.022338
-1.193696
-1.382332
-1.574234
-1.756700
-1.909980
-2.004519
-2.091356
-2.124845
-2.178127
-2.206599
-2.240824
-1.801110
-1.811218
-1.724403
-1.738914
-1.735647
-1.713189
-1.672175
-1.608325
-1.522643
-1.411250
-1.260100
-1.230111
-1.422088
-1.598744
-1.682964
-1.749633
-1.758541
-1.597424
-1.596548
-1.587385
-1.572130
-1.543807
-1.502880
-1.457306
-1.419855
-1.482001
-1.676486
-1.843549
-1.977723
-2.057440
-2.142916
-2.176117
-2.232328
-2.231761
-2.270945
-2.263303
-1.841992
-2.029626
-2.103892
-1.975391
-1.774570
-1.573736
-1.372684
-1.171909
-0.971011
-0.888000
-0.888000
-0.888000
-0.888000
-1.801487
-1.857572
-1.852727
-1.690438
-1.678167
-1.694067
-1.705800
-1.711597
-1.709634
-1.698091
-1.675724
-1.642926
-1.750945
-1.918404
-2.028683
-2.083914
-2.120637
-2.120565
-2.147058
-2.127996
-2.152504
-2.134167
-2.163019
-2.148088
-2.167638
-2.118177
-2.041826
-1.884100
-1.687764
-1.493245
-1.298098
-1.112437
-0.922995
-0.888019
-0.888002
-0.951937
-0.974023
-0.999568
-1.028113
-1.797626
-1.739683
-1.564965
-1.495247
-1.378619
-1.188583
-0.988959
-0.888000
-0.888000
-0.888000
-0.888000
-0.888000
-0.888000
-0.888000
-0.888000
-0.888000
-0.922355
-1.800858
-1.834316
-1.801899
-1.643221
-1.654959
-1.662571
-1.664061
-1.657589
-1.641246
-1.613055
-1.572447
-1.627018
-1.815898
-1.946188
-2.028777
-2.052428
-2.085162
-2.069851
-2.094472
-2.073045
-2.095276
-2.075181
-2.099662
-2.072428
-2.049610
-1.942128
-1.795507
-1.595072
-1.394122
-1.192882
-1.000947
-0.888000
-0.909512
-0.888001
-0.888000
-1.041788
-1.201928
-1.261393
-1.312124
-1.358813
-1.799764
-1.761227
-1.600626
-1.557857
-1.517219
-1.457769
-1.368679
-1.232705
-1.037408
-0.888000
-0.888000
-0.888000
-0.888000
-0.888000
-0.888000
-0.888000
-0.888000
-0.888000
-0.888000
-0.939767
-1.053716
-1.123789
-1.225898
-1.262681
-1.840696
-2.034264
-2.131277
-2.055810
-1.858103
-1.657438
-1.456722
-1.255972
-1.055186
-0.888000
-0.888000
-0.888000
-0.888000
-0.888000
-0.902797
-0.976989
-1.118342
-1.229071
-1.231008
-1.230740
-1.797292
-1.748598
-1.621815
-1.630203
-1.631756
-1.626059
-1.611543
-1.586275
-1.548203
-1.496332
-1.430792
-1.352553
-1.262584
-1.160129
-1.041432
-1.109753
-1.292319
-1.484676
-1.614890
-1.707205
-1.729623
-1.779621
-1.773944
-1.810763
-1.799148
-1.836879
-1.825050
-1.844445
-1.775860
-1.661189
-1.469646
-1.268456
-1.067217
-0.888000
-0.888001
-0.922184
-0.888000
-0.888001
-0.960740
-1.159486
-1.358814
-1.429438
-1.489288
-1.546477
-1.598879
-1.643433
-1.682122
-1.715918
-1.748322
-1.777775
-1.798775
-1.811141
-1.823312
-1.795171
-1.671445
-1.620539
-1.617809
-1.592136
-1.548338
-1.487837
-1.410523
-1.317868
-1.226170
-1.160074
-1.801471
-1.731016
-1.597845
-1.574785
-1.559484
-1.569782
-1.588160
-1.607756
-1.631165
-1.658092
-1.684583
-1.707554
-1.727775
-1.746528
-1.763811
-1.779747
-1.794520
-1.808352
-1.846079
-1.907647
-1.917335
-1.841571
-2.033833
-2.122933
-2.021063
-1.820268
-1.619482
-1.418689
-1.217896
-1.016825
-0.888000
-0.888000
-0.888000
-0.888000
-0.888862
-0.904992
-1.802287
-1.853060
-1.833964
-1.663823
-1.683063
-1.699439
-1.710832
-1.715915
-1.713222
-1.701524
-1.679977
-1.647835
-1.605087
-1.552851
-1.492617
-1.425277
-1.563002
-1.736900
-1.835522
-1.906590
-1.904844
-1.937899
-1.924748
-1.955079
-1.940171
-1.972214
-1.961616
-1.993151
-1.964533
-1.916605
-1.772162
-1.577065
-1.376056
-1.175117
-0.974014
-0.888000
-0.955576
-0.887997
-0.972785
-1.057478
-1.098669
-1.798533
-1.745609
-1.592120
-1.551377
-1.474611
-1.343319
-1.148069
-0.948142
-0.888000
-0.888001
-0.888001
-0.888000
-0.888000
-0.888001
-0.888000
-0.888000
-0.906805
-0.969343
-1.035926
-1.108649
-1.176787
-1.344680
-1.470397
-1.835701
-2.022038
-2.113597
-2.036677
-1.839311
-1.638683
-1.437952
-1.237119
-1.036243
-0.888000
-0.888000
-0.888000
-0.888000
-0.888000
-0.888000
-0.888000
-1.798661
-1.763740
-1.618759
-1.620541
-1.613435
-1.595663
-1.565816
-1.522486
-1.465117
-1.393600
-1.307796
-1.207325
-1.091316
-0.956516
-0.888002
-0.888002
-1.010359
-1.195079
-1.389426
-1.584452
-1.762620
-1.894334
-2.010903
-2.079643
-2.160404
-2.194322
-2.253444
-2.264581
-2.309660
-2.304116
-2.338994
-2.325537
-2.356278
-2.339773
-2.371475
-2.359385
-2.397294
-2.398752
-2.450750
-2.431201
-1.841516
-2.029264
-2.112601
-1.997586
-1.796809
-1.596000
-1.394920
-1.194176
-0.993418
-0.888002
-0.888001
-0.888001
-0.888001
-0.888000
-0.888001
-0.888001
-0.888000
-0.888000
-1.022276
-1.176600
-1.328198
-1.474901
-1.789389
-1.716977
-1.553864
-1.544105
-1.535704
-1.516199
-1.486708
-1.446229
-1.394210
-1.329437
-1.250290
-1.154544
-1.040050
-0.904749
-0.888000
-0.888000
-0.888000
-0.888000
-0.888000
-1.796689
-1.718353
-1.601120
-1.578828
-1.550502
-1.515872
-1.475385
-1.429128
-1.372450
-1.306790
-1.404598
-1.593113
-1.750850
-1.831235
-1.900926
-1.911504
-1.957050
-1.952685
-1.992599
-1.996164
-2.051324
-2.081866
-2.154239
-2.184398
-2.229151
-2.212077
-2.133531
-1.789465
-1.712054
-1.665633
-1.670413
-1.675776
-1.680392
-1.681645
-1.678196
-1.670711
-1.662008
-1.653342
-1.644924
-1.637873
-1.633492
-1.646603
-1.674918
-1.712306
-1.754147
-1.799158
-1.937373
-1.809025
-1.865941
-1.829069
-1.654773
-1.650532
-1.640022
-1.621080
-1.590421
-1.546305
-1.487853
-1.414283
-1.324733
-1.409272
-1.586477
-1.743808
-1.823263
-1.894668
-1.904155
-1.941584
-1.927112
-1.953692
-1.934434
-1.959990
-1.935722
-1.926569
-1.829137
-1.681315
-1.490480
-1.289199
-1.088040
-0.890345
-0.888001
-0.931588
-0.888000
-0.888001
-0.912230
-1.135974
-1.328259
-1.514534
-1.610037
-1.687611
-1.768525
-1.796071
-1.705627
-1.549332
-1.492791
-1.410217
-1.286540
-1.101483
-0.903389
-0.888000
-0.888000
-0.888000
-0.923070
-1.077640
-1.260337
-1.803092
-1.818192
-1.734267
-1.632070
-1.632163
-1.619101
-1.594047
-1.559002
-1.514048
-1.459854
-1.609976
-1.780830
-1.898930
-1.949886
-2.001479
-2.000618
-2.034942
-2.023094
-2.054604
-2.044058
-2.079268
-2.066947
-2.076445
-2.002507
-1.896504
-1.721606
-1.524914
-1.324460
-1.135005
-0.945465
-0.888001
-0.888001
-0.897805
-0.962078
-0.997585
-1.017799
-1.048915
-1.091782
-1.145807
-1.798875
-1.757845
-1.591894
-1.564430
-1.520301
-1.448247
-1.340766
-1.179353
-0.980751
-0.888000
-0.888000
-0.888000
-0.888000
-0.888000
-0.888000
-0.888000
-0.888000
-0.963828
-1.030503
-1.135039
-1.190243
-1.310537
-1.399949
-1.535450
-1.658344
-1.803220
-1.907436
-1.829520
-2.018227
-2.103570
-2.024916
-1.832180
-1.633220
-1.434155
-1.233594
-1.032894
-0.888000
-0.888000
-0.888000
-0.888000
-0.888000
-0.888001
-0.888001
-0.888000
-1.056796
-1.257991
-1.405652
-1.521558
-1.561633
-1.841599
-2.039802
-2.146814
-2.079644
-1.882956
-1.682270
-1.481516
-1.280708
-1.079839
-0.888000
-0.888000
-0.888000
-0.888000
-0.888000
-0.888000
-0.895385
-0.888424
-0.900326
-0.908220
-0.953138
-1.801608
-1.802192
-1.701451
-1.626000
-1.621998
-1.608214
-1.582948
-1.545103
-1.493938
-1.429031
-1.350200
-1.257158
-1.149810
-1.026859
-0.887836
-0.888002
-0.888002
-0.888002
-0.888002
-0.888000
-0.888000
-1.048033
-1.229259
-1.421098
-1.611683
-1.770932
-1.884536
-1.973066
-2.034606
-2.081518
-2.113734
-2.134170
-2.139326
-2.132645
-2.114140
-2.091927
-2.075903
-2.065963
-2.064385
-1.773792
-1.610539
-1.615560
-1.609913
-1.586132
-1.546397
-1.491770
-1.422564
-1.339085
-1.242348
-1.446178
-1.625104
-1.759111
-1.844317
-1.888610
-1.927321
-1.915104
-1.937555
-1.910712
-1.928188
-1.899758
-1.907829
-1.843819
-1.753732
-1.578411
-1.383502
-1.182146
-0.986168
-0.888007
-0.888000
-0.888001
-0.888001
-0.888001
-0.888001
-0.903456
-1.119426
-1.294681
-1.458044
-1.600903
-1.741599
-1.897828
-2.060744
-2.217607
-2.315583
-2.324986
-2.326133
-2.309076
-2.282849
-2.241427
-2.191507
-2.140917
-2.097917
-2.064708
-2.038522
-2.013617
-1.987688
-1.957259
-1.918348
-1.864947
-1.793561
-1.734598
-1.717144
-1.902327
-2.072477
-2.194189
-2.281092
-2.336001
-2.372077
-2.387979
-2.398659
-2.395809
-2.396739
-2.385807
-2.383841
-2.372446
-2.372308
-2.364114
-2.368339
-2.365254
-2.375112
-2.378770
-2.394211
-2.404815
-2.424884
-2.440912
-2.465749
-1.791270
-1.725805
-1.637350
-1.627950
-1.624436
-1.638003
-1.666071
-1.696220
-1.728739
-1.761766
-1.793964
-1.824805
-1.853200
-1.879869
-1.911350
-1.951405
-2.001316
-2.061299
-2.130712
-2.208466
-1.796581
-1.709473
-1.631903
-1.650211
-1.665576
-1.678262
-1.686236
-1.686447
-1.676358
-1.653599
-1.617324
-1.569309
-1.619244
-1.805443
-1.927322
-2.004927
-2.009928
-2.033926
-2.009673
-2.023880
-1.988987
-1.993471
-1.955515
-1.956527
-1.896688
-1.830058
-1.680541
-1.492036
-1.290711
-1.089800
-0.893145
-0.888000
-0.888001
-0.888001
-0.888000
-0.888000
-0.888000
-0.971379
-1.158305
-1.328271
-1.481267
-1.624248
-1.763132
-1.902364
-2.033784
-2.159117
-1.796566
-1.727961
-1.588967
-1.589652
-1.586112
-1.571966
-1.544157
-1.506574
-1.463034
-1.414232
-1.367618
-1.345361
-1.332522
-1.321182
-1.313769
-1.305738
-1.426733
-1.606491
-1.753023
-1.839922
-1.935583
-1.989817
-2.074997
-2.131355
-2.223890
-2.277906
-2.358298
-1.761442
-1.564706
-1.573957
-1.575011
-1.564602
-1.541999
-1.506143
-1.455857
-1.390001
-1.307640
-1.207656
-1.089486
-0.952060
-0.888000
-1.086136
-1.273368
-1.470750
-1.649648
-1.790125
-1.873604
-1.961345
-2.004468
-2.068796
-2.091627
-2.144940
-2.155300
-2.198679
-2.197445
-2.233643
-2.195772
-2.205690
-2.177992
-2.203053
-2.196851
-2.251509
-2.284799
-2.344150
-2.324165
-2.226626
-1.757981
-1.613690
-1.626928
-1.637154
-1.644185
-1.646887
-1.649903
-1.662698
-1.688422
-1.716741
-1.748479
-1.787413
-1.828249
-1.869619
-1.985842
-2.101105
-2.164481
-1.841200
-2.031639
-2.119091
-2.016856
-1.816064
-1.615281
-1.414493
-1.213709
-1.012706
-0.888000
-0.888000
-0.888000
-0.888000
-0.890334
-0.917872
-1.802458
-1.858362
-1.846900
-1.679365
-1.662810
-1.657356
-1.639077
-1.607767
-1.563820
-1.507391
-1.496740
-1.691221
-1.850263
-1.941414
-2.002230
-2.013474
-2.044471
-2.026885
-2.049909
-2.028111
-2.051847
-2.032106
-2.047351
-1.989735
-1.909188
-1.751009
-1.570567
-1.369402
-1.177846
-0.982180
-0.888006
-0.888000
-0.888000
-0.888001
-0.925055
-1.144235
-1.340180
-1.407876
-1.497724
-1.576792
-1.798159
-1.741070
-1.584665
-1.560101
-1.517957
-1.453484
-1.368828
-1.269259
-1.163737
-1.071578
-1.019910
-0.994978
-0.987805
-0.996322
-1.798020
-1.761724
-1.608164
-1.613609
-1.594236
-1.560952
-1.519238
-1.468570
-1.405083
-1.444006
-1.631900
-1.780489
-1.851591
-1.907240
-1.905107
-1.942707
-1.932692
-1.967823
-1.962106
-2.008608
-2.028732
-2.090818
-2.108688
-2.124930
-1.800284
-1.795335
-1.683428
-1.662626
-1.658881
-1.652685
-1.641316
-1.619886
-1.584862
-1.536145
-1.637485
-1.813879
-1.956088
-2.038894
-2.070009
-2.094460
-2.076859
-2.093187
-2.062887
-2.075450
-2.047348
-2.065299
-2.041725
-2.063156
-2.042278
-2.065994
-2.047204
-2.076319
-2.067229
-1.873968
-1.672886
-1.473042
-1.276655
-1.148167
-1.156028
-1.195065
-1.273955
-1.795575
-1.624049
-1.576212
-1.565845
-1.552108
-1.529839
-1.496511
-1.458466
-1.424138
-1.396870
-1.381330
-1.376002
-1.381346
-1.393752
-1.410641
-1.431370
-1.551954
-1.773866
-1.604282
-1.605287
-1.595416
-1.570947
-1.532066
-1.478350
-1.409272
-1.324496
-1.223349
-1.104046
-0.962885
-0.888000
-0.888002
-0.888002
-0.888002
-0.888002
-0.888002
-0.888002
-0.888009
-0.888001
-1.076351
-1.262323
-1.458760
-1.651703
-1.803376
-1.770167
-1.794467
-1.782371
-1.830505
-1.846575
-1.911279
-1.958077
-2.019016
-2.072927
-2.138993
-2.201912
-2.265779
-1.795572
-1.768440
-1.652787
-1.642730
-1.634108
-1.609412
-1.568680
-1.511913
-1.439232
-1.350409
-1.244568
-1.119796
-0.971956
-0.888000
-0.888003
-0.888002
-0.888002
-0.888002
-0.888002
-0.888000
-0.888001
-1.048477
-1.242751
-1.433902
-1.624879
-1.766396
-1.876101
-1.944784
-2.001959
-2.037385
-2.063787
-2.080249
-2.089466
-2.088150
-2.081209
-2.069712
-2.062270
-2.059441
-2.013793
-2.041034
-1.808664
-1.866763
-1.834154
-1.653967
-1.613149
-1.571922
-1.509198
-1.426339
-1.324067
-1.202047
-1.056714
-0.888000
-0.888000
-0.888002
-0.888002
-0.888001
-1.055086
-1.249927
-1.434299
-1.627746
-1.800429
-1.928925
-2.017323
-2.080321
-2.120645
-2.145549
-2.163837
-2.178040
-2.189532
-2.195658
-2.191539
-2.176089
-2.156331
-1.815040
-1.930705
-1.971659
-1.846710
-1.752952
-1.773256
-1.784691
-1.784073
-1.764691
-1.729229
-1.689199
-1.655170
-1.623070
-1.598658
-1.574616
-1.545310
-1.629288
-1.712000
-1.811094
-1.862560
-1.947241
-1.993196
-2.068087
-2.112084
-2.183623
-2.223185
-1.840095
-2.028754
-2.110868
-2.004183
-1.803449
-1.602685
-1.401905
-1.200899
-1.000080
-0.888000
-0.888000
-0.888000
-0.888000
-0.888000
-0.938010
-1.092886
-1.214736
-1.238112
-1.319622
-1.321177
-1.378577
-1.763906
-1.629147
-1.637373
-1.649863
-1.661722
-1.672264
-1.678685
-1.677699
-1.665922
-1.640295
-1.599504
-1.544261
-1.475493
-1.392572
-1.476566
-1.655862
-1.778179
-1.854920
-1.863565
-1.892280
-1.869700
-1.885334
-1.850219
-1.859033
-1.821674
-1.822785
-1.750164
-1.645304
-1.467471
-1.268427
-1.067022
-0.888000
-0.888007
-0.888000
-0.888001
-0.888001
-0.888001
-0.888000
-0.888000
-0.887999
-0.888000
-0.979528
-1.094103
-1.187024
-1.794516
-1.731566
-1.583856
-1.533102
-1.526397
-1.529296
-1.547482
-1.575675
-1.604806
-1.636269
-1.671680
-1.711983
-1.755250
-1.802128
-1.854727
-1.914007
-1.981324
-2.058572
-2.144080
-2.234978
-2.328964
-2.420136
-1.768412
-1.621339
-1.633315
-1.644541
-1.651258
-1.651429
-1.642272
-1.619111
-1.579098
-1.521102
-1.446038
-1.416005
-1.608050
-1.766807
-1.832177
-1.881503
-1.866396
-1.887911
-1.855547
-1.857165
-1.805684
-1.795673
-1.738397
-1.703814
-1.597396
-1.518848
-1.385814
-1.224856
-1.023440
-0.888000
-0.888016
-0.888000
-0.888002
-0.888001
-0.888042
-0.888030
-0.888000
-0.888000
-0.888000
-0.888000
-0.888000
-0.888000
-0.889614
-0.923101
-1.020905
-1.112613
-1.164104
-1.159393
-1.079595
-1.100558
-1.135142
-1.161774
-1.179097
-1.184490
-1.181454
-1.169947
-1.801065
-1.815916
-1.739636
-1.660802
-1.664628
-1.664484
-1.659228
-1.647567
-1.628540
-1.601501
-1.566026
-1.624618
-1.809740
-1.938251
-2.025633
-2.050354
-2.089920
-2.081323
-2.111714
-2.097429
-2.128098
-2.118860
-2.155937
-2.147567
-2.169788
-2.131918
-2.102838
-2.013358
-1.962844
-1.878414
-1.744053
-1.546322
-1.357111
-1.401838
-1.456267
-1.794021
-1.670026
-1.597328
-1.599120
-1.602294
-1.612341
-1.631252
-1.655017
-1.678572
-1.705229
-1.737832
-1.772277
-1.804983
-1.836218
-1.866288
-1.895550
-1.924843
-1.954582
-1.985419
-1.794728
-1.662134
-1.623500
-1.619104
-1.601598
-1.569243
-1.521139
-1.457031
-1.377074
-1.280852
-1.167212
-1.033634
-0.887999
-0.888002
-0.888002
-0.888002
-0.888002
-0.888002
-0.888001
-0.888000
-0.888001
-1.045721
-1.239409
-1.430476
-1.622675
-1.765685
-1.871465
-1.938547
-1.991682
-2.024069
-2.047058
-2.059332
-2.058307
-2.054992
-2.051980
-2.054973
-2.059864
-2.064092
-1.821266
-1.966230
-2.020822
-1.903363
-1.703630
-1.503018
-1.302368
-1.101704
-0.901020
-0.888000
-0.888000
-0.888000
-0.888000
-0.888000
-0.888000
-0.888000
-0.889745
-0.919119
-0.941498
-0.956426
-1.798849
-1.774399
-1.649046
-1.639146
-1.640165
-1.633010
-1.615804
-1.586336
-1.542655
-1.484151
-1.411022
-1.324210
-1.224883
-1.111840
-0.980026
-0.933945
-1.120146
-1.313763
-1.499385
-1.640084
-1.708618
-1.781917
-1.794370
-1.835158
-1.824129
-1.857677
-1.845927
-1.883321
-1.881016
-1.922230
-1.909283
-1.928993
-1.873587
-1.671556
-1.470313
-1.506172
-1.491398
-1.419456
-1.332215
-1.252999
-1.797929
-1.704363
-1.627033
-1.636175
-1.638694
-1.633100
-1.617262
-1.590040
-1.551027
-1.500514
-1.438890
-1.365538
-1.281064
-1.186682
-1.096421
-1.015429
-1.796304
-1.715214
-1.618186
-1.594550
-1.563361
-1.523902
-1.475648
-1.417641
-1.348395
-1.265962
-1.167592
-1.049306
-0.904851
-0.888003
-0.888002
-0.888003
-0.888003
-0.888002
-0.888000
-0.888000
-0.888000
-1.045817
-1.228732
-1.422565
-1.616894
-1.780821
-1.896363
-1.974589
-1.867580
-1.804560
-1.716338
-1.678407
-1.633942
-1.647954
-1.622616
-1.653298
-1.642661
-1.841362
-2.033614
-2.143329
-2.094859
-1.904188
-1.703542
-1.502826
-1.302042
-1.101185
-0.900229
-0.888000
-0.888001
-0.888000
-0.888000
-0.894811
-0.972279
-1.143728
-1.326618
-1.458663
-1.797949
-1.718827
-1.620187
-1.625492
-1.615940
-1.592070
-1.554025
-1.501015
-1.432268
-1.347068
-1.244557
-1.122819
-0.978167
-0.888002
-0.888002
-0.888002
-0.888002
-0.888002
-0.888002
-0.888002
-0.888000
-1.049928
-1.225744
-1.393708
-1.509113
-1.640003
-1.748623
-1.878911
-1.970254
-2.061124
-2.124002
-2.187787
-2.230124
-2.302497
-2.353673
-2.425700
-2.398263
-2.303699
-2.266564
-1.761573
-1.594029
-1.605230
-1.606035
-1.590480
-1.558378
-1.510045
-1.445536
-1.364585
-1.266730
-1.150889
-1.014081
-0.888024
-0.888002
-0.888002
-0.888002
-0.888002
-1.013678
-1.207353
-1.389114
-1.581766
-1.776073
-1.966267
-2.111099
-2.220459
-2.302345
-2.364474
-2.411389
-2.447265
-2.475414
-2.497563
-2.514518
-2.526665
-2.437716
-2.380641
-2.357378
-2.366615
-2.394972
-2.431377
-2.468565
-1.791032
-1.724182
-1.635174
-1.649792
-1.654403
-1.641699
-1.610154
-1.560844
-1.495034
-1.413988
-1.318809
-1.210367
-1.088460
-0.949002
-0.888002
-0.933715
-1.126706
-1.319934
-1.512926
-1.710289
-1.905661
-2.070843
-2.189744
-2.295874
-2.350500
-2.418802
-2.438753
-2.487227
-2.487125
-2.521403
-2.506744
-2.530813
-2.511124
-2.534337
-2.520869
-2.550938
-2.555508
-2.588240
-1.774159
-1.595207
-1.581149
-1.577164
-1.567671
-1.547544
-1.515921
-1.471899
-1.413265
-1.563116
-1.743309
-1.867954
-1.942332
-1.985734
-2.005538
-2.027919
-2.011708
-2.032113
-2.007636
-2.027497
-1.999070
-1.987065
-1.894165
-1.758497
-1.569638
-1.368425
-1.183553
-0.994529
-0.888000
-0.888000
-0.888001
-0.888002
-0.888000
-0.887998
-1.076448
-1.263259
-1.429436
-1.787862
-1.591004
-1.474044
-1.449678
-1.459008
-1.460922
-1.454066
-1.436566
-1.407185
-1.364971
-1.309250
-1.299810
-1.497295
-1.648793
-1.760646
-1.805319
-1.866828
-1.881475
-1.928513
-1.925603
-1.961956
-1.952644
-1.986168
-1.967493
-1.966879
-1.886430
-1.767620
-1.589544
-1.390127
-1.197574
-1.007695
-0.888008
-0.888001
-0.888000
-0.888001
-0.888000
-1.048119
-1.203015
-1.258196
-1.305084
-1.799055
-1.761371
-1.602180
-1.534042
-1.486656
-1.416310
-1.307079
-1.132419
-0.932734
-0.888000
-0.888000
-0.888000
-0.888000
-0.888000
-0.924010
-1.008258
-1.013062
-1.030144
-1.055960
-1.090129
-1.147597
-1.272517
-1.364777
-1.764753
-1.625405
-1.629080
-1.625197
-1.613807
-1.593081
-1.560749
-1.518066
-1.465099
-1.402757
-1.331625
-1.480167
-1.662703
-1.790668
-1.874549
-1.899827
-1.937569
-1.924204
-1.952337
-1.934814
-1.964699
-1.952770
-1.982860
-1.956174
-1.923728
-1.812805
-1.680634
-1.499094
-1.302130
-1.163270
-0.960529
-0.888000
-0.888000
-0.888000
-0.982860
-1.170536
-1.785330
-1.603606
-1.610396
-1.604014
-1.581175
-1.545644
-1.503733
-1.463503
-1.434489
-1.417228
-1.412462
-1.419691
-1.439761
-1.476195
-1.799013
-1.766799
-1.626581
-1.641466
-1.655526
-1.667806
-1.676994
-1.679379
-1.673356
-1.658008
-1.632514
-1.596896
-1.552333
-1.656092
-1.821351
-1.934959
-1.987105
-2.031444
-2.018982
-2.046236
-2.025984
-2.048354
-2.026536
-2.051339
-2.031546
-2.043568
-1.980444
-1.892535
-1.720491
-1.519311
-1.318113
-1.117139
-0.918253
-0.888001
-0.894645
-0.888000
-0.888000
-1.792848
-1.687320
-1.567059
-1.474925
-1.299270
-1.099171
-0.898533
-0.888000
-0.888000
-0.888000
-0.888000
-0.888000
-0.888000
-0.888000
-0.925856
-0.975428
-1.021000
-1.062394
-1.799694
-1.753196
-1.622777
-1.630143
-1.633865
-1.632046
-1.622602
-1.603391
-1.572208
-1.527542
-1.470140
-1.514929
-1.700190
-1.840001
-1.927858
-1.966835
-2.006827
-1.995452
-2.023422
-2.004766
-2.029748
-2.012126
-2.039664
-2.021125
-2.039636
-2.001699
-1.980630
-1.901089
-1.862549
-1.790663
-1.876712
-1.997220
-1.809229
-1.611817
-1.455059
-1.656318
-1.755892
-1.843643
-1.930798
-2.029100
-2.131461
-1.794991
-1.662077
-1.585442
-1.575755
-1.557694
-1.527781
-1.485947
-1.433937
-1.369311
-1.290799
-1.262573
-1.456858
-1.639615
-1.750415
-1.849078
-1.891777
-1.957921
-1.975187
-2.024736
-2.030813
-2.078432
-2.084715
-2.117201
-2.080379
-2.014709
-1.881637
-1.737245
-1.550076
-1.380802
-1.205620
-1.008325
-0.888000
-1.033971
-1.095479
-1.137425
-1.164660
-1.176400
-1.788235
-1.638222
-1.608401
-1.609126
-1.608360
-1.613360
-1.626992
-1.643236
-1.660284
-1.679185
-1.701184
-1.728241
-1.748498
-1.766058
-1.781792
-1.798456
-1.794838
-1.665419
-1.616216
-1.613947
-1.599891
-1.571913
-1.528968
-1.472035
-1.401405
-1.548424
-1.728567
-1.850720
-1.920520
-1.965768
-1.975046
-2.003130
-1.982443
-2.003202
-1.979238
-1.999699
-1.971330
-1.958098
-1.864854
-1.736278
-1.555683
-1.354559
-1.157317
-0.960574
-0.888000
-0.888000
-0.888001
-0.888000
-0.888000
-0.915383
-1.129511
-1.314652
-1.489923
-1.565814
-1.623994
-1.676798
-1.731170
-1.781752
-1.834850
-1.877744
-1.909059
-1.919022
-1.912686
-1.896446
-1.872399
-1.842050
-1.805727
-1.768345
-1.794968
-1.637929
-1.619200
-1.609186
-1.586138
-1.551794
-1.510162
-1.461504
-1.614302
-1.802554
-1.944528
-2.045585
-2.104361
-2.167736
-2.181407
-2.230136
-2.237463
-2.289906
-2.308724
-2.372043
-2.390705
-2.428452
-2.401669
-2.378378
-2.307241
-2.220714
-2.248504
-2.263148
-2.281906
-1.794248
-1.692627
-1.598118
-1.596470
-1.598137
-1.604970
-1.623717
-1.652305
-1.684353
-1.717507
-1.753420
-1.794838
-1.843418
-1.899289
-1.962473
-2.032072
-2.106739
-2.187134
-2.272980
-1.797559
-1.727899
-1.646796
-1.659534
-1.665063
-1.665182
-1.660628
-1.658539
-1.665108
-1.677469
-1.688513
-1.695919
-1.700998
-1.795410
-1.675494
-1.621758
-1.614015
-1.600254
-1.578601
-1.547345
-1.505019
-1.450328
-1.382890
-1.302593
-1.390124
-1.575256
-1.736993
-1.816665
-1.889028
-1.902436
-1.942775
-1.932355
-1.962410
-1.947997
-1.980295
-1.973717
-2.014697
-2.017259
-2.061464
-2.057003
-2.096699
-2.091424
-2.139717
-2.267096
-2.294336
-2.094421
-1.900138
-1.928337
-1.987174
-2.031346
-2.072220
-2.099289
-2.100288
-2.051564
-1.799672
-1.704739
-1.636380
-1.634281
-1.625619
-1.609839
-1.584255
-1.547641
-1.499079
-1.437338
-1.361239
-1.393290
-1.581263
-1.736337
-1.807285
-1.866238
-1.862259
-1.893794
-1.873485
-1.894349
-1.868054
-1.888302
-1.860240
-1.858840
-1.777078
-1.649415
-1.454929
-1.253560
-1.052749
-0.888006
-0.888000
-0.888000
-0.888001
-0.888000
-0.888000
-0.888000
-0.888000
-0.887999
-0.904399
-1.045931
-1.171462
-1.794785
-1.682605
-1.580742
-1.580557
-1.578419
-1.572643
-1.562056
-1.546774
-1.526866
-1.502097
-1.472180
-1.436753
-1.544502
-1.705017
-1.833058
-1.895573
-1.970096
-1.997303
-2.057742
-2.078833
-2.138943
-2.165749
-2.232551
-2.265548
-2.318122
-2.298275
-1.839570
-2.034048
-2.135249
-2.063274
-1.865363
-1.664641
-1.463864
-1.263042
-1.061851
-0.888001
-0.888001
-0.888001
-0.888001
-0.888001
-0.933669
-1.132892
-1.266242
-1.371493
-1.392055
-1.842290
-2.033513
-2.124571
-2.033584
-1.832792
-1.632046
-1.431260
-1.230449
-1.029825
-0.888000
-0.888000
-0.888000
-0.888000
-0.892550
-0.951624
-1.090363
-1.103196
-1.117093
-1.128381
-1.137295
-1.151967
-1.169906
-1.842241
-2.032766
-2.121849
-2.022346
-1.821524
-1.620734
-1.419927
-1.219118
-1.018071
-0.888000
-0.888000
-0.888000
-0.888000
-0.888000
-0.908017
-1.802456
-1.858742
-1.848605
-1.680812
-1.659669
-1.646351
-1.619585
-1.580651
-1.530133
-1.468259
-1.395060
-1.310134
-1.212531
-1.100518
-0.971217
-0.888002
-0.888002
-0.888000
-0.888000
-0.888000
-0.888000
-1.045976
-1.223602
-1.416947
-1.609771
-1.778044
-1.897625
-1.987187
-2.048274
-1.997351
-1.984774
-1.991099
-2.020494
-2.065121
-2.121988
-2.186168
-2.260062
-2.342786
-1.790643
-1.729230
-1.614480
-1.613052
-1.610518
-1.605820
-1.596986
-1.581257
-1.555854
-1.518863
-1.470645
-1.672803
-1.838067
-1.953355
-2.005219
-2.050119
-2.041686
-2.070458
-2.051965
-2.075563
-2.056142
-2.081902
-2.063781
-2.085706
-2.057931
-2.059232
-2.004615
-1.985993
-1.929735
-1.935197
-2.124426
-2.047415
-1.849400
-1.660113
-1.755548
-1.932022
-2.048850
-2.144242
-2.238082
-2.340404
-2.377117
-2.345125
-2.301557
-2.276195
-2.261316
-2.249652
-1.796202
-1.688072
-1.638412
-1.629175
-1.599536
-1.552594
-1.491927
-1.421616
-1.343662
-1.263496
-1.184743
-1.111239
-1.796962
-1.703325
-1.613600
-1.594737
-1.564943
-1.525038
-1.475071
-1.414373
-1.343747
-1.263390
-1.172684
-1.070271
-0.953610
-0.888000
-0.888000
-0.888002
-0.888000
-0.888000
-0.888000
-0.888000
-0.888000
-1.052347
-1.239930
-1.433321
-1.624673
-1.781180
-1.890261
-1.969593
-2.020989
-2.055713
-2.075272
-2.079334
-2.070532
-1.813229
-1.906820
-1.912473
-1.752680
-1.636291
-1.581543
-1.489518
-1.349395
-1.154765
-0.954737
-0.888000
-0.888000
-0.888000
-0.888000
-0.888001
-0.888001
-0.888001
-0.888000
-0.888000
-0.888000
-0.888000
-1.058363
-1.258600
-1.410428
-1.530433
-1.579984
-1.664658
-1.763994
-1.603997
-1.622833
-1.638874
-1.649582
-1.654255
-1.649815
-1.633585
-1.603257
-1.556678
-1.492956
-1.413177
-1.318376
-1.399730
-1.582301
-1.715977
-1.804893
-1.813489
-1.848888
-1.832682
-1.855148
-1.826492
-1.841953
-1.811392
-1.820954
-1.760056
-1.686378
-1.520089
-1.327914
-1.126431
-0.928173
-0.888004
-0.888000
-0.888001
-0.888001
-0.888000
-0.888000
-0.888012
-1.006635
-1.197380
-1.369748
-1.526959
-1.682860
-1.836125
-1.984340
-1.798769
-1.751231
-1.581332
-1.584893
-1.591181
-1.591855
-1.583638
-1.563680
-1.531860
-1.491520
-1.445758
-1.397203
-1.347958
-1.305273
-1.282493
-1.264174
-1.248439
-1.239517
-1.238454
-1.242699
-1.250960
-1.415808
-1.805752
-1.842117
-1.784326
-1.630014
-1.635371
-1.651238
-1.676514
-1.702918
-1.730378
-1.757694
-1.780296
-1.790533
-1.780066
-1.755544
-1.795256
-1.676138
-1.618092
-1.612528
-1.604998
-1.592077
-1.570846
-1.538816
-1.494229
-1.437385
-1.369707
-1.569510
-1.749867
-1.849168
-1.926984
-1.939381
-1.977418
-1.965794
-1.994127
-1.976689
-2.004550
-1.989980
-2.020013
-2.004876
-2.031945
-2.011553
-2.032242
-2.006494
-2.031489
-2.014899
-1.816500
-1.615512
-1.488845
-1.657947
-1.824341
-1.983753
-2.082050
-2.159885
-2.221897
-2.264676
-2.296771
-2.313647
-2.330442
-2.344811
-2.356754
-1.795152
-1.670179
-1.620723
-1.614358
-1.597796
-1.568797
-1.526573
-1.471159
-1.402967
-1.322163
-1.228390
-1.120342
-0.995076
-0.888002
-0.888002
-0.888002
-0.888002
-0.888002
-0.888002
-0.888001
-0.888002
-1.075671
-1.265859
-1.455574
-1.630797
-1.746822
-1.849928
-1.902520
-1.960518
-1.987222
-2.013507
-2.023866
-2.032607
-2.036435
-2.037031
-2.034078
-2.028237
-2.019983
-1.769937
-1.616832
-1.621858
-1.624286
-1.626016
-1.624513
-1.615991
-1.596341
-1.562429
-1.514277
-1.453982
-1.656033
-1.809529
-1.920711
-1.951871
-1.990751
-1.977121
-2.002172
-1.978119
-1.995465
-1.967874
-1.984299
-1.949844
-1.928802
-1.829717
-1.699867
-1.510502
-1.311622
-1.110347
-0.915910
-0.888009
-0.888001
-0.888001
-0.888000
-0.888001
-0.918673
-1.130487
-1.323680
-1.506392
-1.668904
-1.718576
-1.797636
-1.721971
-1.537863
-1.463227
-1.335293
-1.139826
-0.939694
-0.888000
-0.888000
-0.888000
-0.888000
-0.888000
-0.888000
-0.888000
-0.888000
-0.888000
-0.888000
-0.888006
-0.888005
-1.013612
-1.777836
-1.625991
-1.603440
-1.599063
-1.587983
-1.568364
-1.538185
-1.495009
-1.437524
-1.365746
-1.279680
-1.179253
-1.063303
-1.068002
-1.257936
-1.448082
-1.610974
-1.698462
-1.780185
-1.802533
-1.848671
-1.841012
-1.875574
-1.866645
-1.908870
-1.906485
-1.939896
-1.914350
-1.910596
-1.827206
-1.735823
-1.575184
-1.406372
-1.244055
-1.193667
-0.999117
-0.888000
-0.888005
-0.888104
-0.887994
-0.888031
-1.798114
-1.767290
-1.629385
-1.633403
-1.636510
-1.628528
-1.608836
-1.581349
-1.554638
-1.538536
-1.531637
-1.524301
-1.601100
-1.776128
-1.916453
-1.988217
-1.841190
-2.032696
-2.124847
-2.027703
-1.826860
-1.626121
-1.425401
-1.224620
-1.023329
-0.888000
-0.962904
-1.143933
-1.334474
-1.525476
-1.713544
-1.886824
-1.801816
-1.793847
-1.658434
-1.639567
-1.650920
-1.655949
-1.652959
-1.641124
-1.619946
-1.589427
-1.549839
-1.501455
-1.444431
-1.378727
-1.304008
-1.219572
-1.124316
-1.016359
-1.091883
-1.276486
-1.465537
-1.589479
-1.697544
-1.743768
-1.814940
-1.820599
-1.870099
-1.883070
-1.945786
-1.980857
-2.058994
-2.108829
-2.175748
-2.173311
-2.159225
-2.176043
-2.243816
-2.259782
-1.758704
-1.631923
-1.638751
-1.635184
-1.616977
-1.585100
-1.540261
-1.482417
-1.411147
-1.325735
-1.224922
-1.106802
-0.967822
-0.888001
-0.888001
-0.888002
-0.888002
-0.888001
-0.888001
-0.932361
-1.120659
-1.303490
-1.497941
-1.690613
-1.844937
-1.954811
-2.035920
-2.096224
-2.141645
-2.173816
-2.193164
-2.199121
-2.195715
-2.188902
-2.173408
-2.157190
-2.151189
-2.077791
-1.770464
-1.629010
-1.647282
-1.661820
-1.669894
-1.672651
-1.669945
-1.661253
-1.646799
-1.621688
-1.589969
-1.560976
-1.542696
-1.536247
-1.537991
-1.551468
-1.568081
-1.588129
-1.611841
-1.641409
-1.676740
-1.797702
-1.788129
-1.694973
-1.652516
-1.642524
-1.618148
-1.581968
-1.538260
-1.493064
-1.459611
-1.438947
-1.418863
-1.409755
-1.409906
-1.418542
-1.435139
-1.799470
-1.785730
-1.668149
-1.653892
-1.652913
-1.641156
-1.622665
-1.594483
-1.564363
-1.542892
-1.534817
-1.542311
-1.565343
-1.604713
-1.655505
-1.714679
-1.795131
-1.670759
-1.616617
-1.609922
-1.590240
-1.554282
-1.501686
-1.432927
-1.347981
-1.246223
-1.126047
-0.983609
-0.888002
-0.888002
-0.888002
-0.888002
-0.888002
-0.888002
-0.888002
-0.888000
-1.047127
-1.239882
-1.430270
-1.618369
-1.751638
-1.860594
-1.919900
-1.978413
-2.010577
-2.039566
-2.057153
-2.062329
-2.041740
-2.012182
-1.991167
-1.975272
-1.964143
-1.776623
-1.629544
-1.638021
-1.641046
-1.633415
-1.612754
-1.577844
-1.528203
-1.463593
-1.383687
-1.352670
-1.549374
-1.708627
-1.822838
-1.860220
-1.909742
-1.902953
-1.932717
-1.912383
-1.934811
-1.912485
-1.932891
-1.895804
-1.856465
-1.726845
-1.555030
-1.353811
-1.152561
-0.954409
-0.888000
-0.888004
-0.895706
-0.888000
-0.888000
-0.888000
-1.083498
-1.274835
-1.448819
-1.629327
-1.729276
-1.806544
-1.797464
-1.723869
-1.536892
-1.440846
-1.280754
-1.081959
-0.888000
-0.888000
-0.888000
-0.888000
-0.888000
-0.888000
-0.914240
-1.002075
-1.130467
-1.220826
-1.268757
-1.322044
-1.379771
-1.436258
-1.489231
-1.568415
-1.833427
-2.022898
-2.110708
-2.020817
-1.820751
-1.620096
-1.419410
-1.218700
-1.017803
-0.888000
-0.888000
-0.888000
-0.888000
-0.888000
-0.917855
-1.045614
-1.229501
-1.256229
-1.277153
-1.299737
-1.325453
-1.811570
-1.913122
-1.869109
-1.671045
-1.653045
-1.643046
-1.618905
-1.583062
-1.543042
-1.509670
-1.483275
-1.458964
-1.435219
-1.415963
-1.401769
-1.432589
-1.482398
-1.532622
-1.584512
-1.637944
-1.692936
-1.861531
-2.053515
-2.206942
-2.327032
-2.300301
-2.308833
-1.758422
-1.575436
-1.584686
-1.582891
-1.566145
-1.533594
-1.484644
-1.418408
-1.334514
-1.232017
-1.109021
-0.961311
-0.888002
-0.888002
-0.888002
-0.888002
-0.888002
-0.888002
-0.888000
-0.888002
-0.888000
-1.082312
-1.271738
-1.467712
-1.644301
-1.776523
-1.851950
-1.915164
-1.933582
-1.937822
-1.915532
-1.892320
-1.864308
-1.832926
-1.801475
-1.789615
-1.779961
-1.797430
-1.792707
-1.841431
-2.033829
-2.130156
-2.053048
-1.854332
-1.653614
-1.452836
-1.252015
-1.050951
-0.888000
-0.888000
-0.888000
-0.888000
-1.799945
-1.800554
-1.707819
-1.640486
-1.642731
-1.638853
-1.627359
-1.606626
-1.574979
-1.531568
-1.477236
-1.413602
-1.341378
-1.259683
-1.283326
-1.472520
-1.636379
-1.754469
-1.801573
-1.858994
-1.862654
-1.899693
-1.888474
-1.921637
-1.913457
-1.956562
-1.958440
-1.994827
-1.974819
-1.984677
-1.921088
-1.865089
-1.755175
-1.655278
-1.458739
-1.257454
-1.129243
-1.083917
-1.015606
-1.798830
-1.759772
-1.644103
-1.650404
-1.642334
-1.623664
-1.595802
-1.555406
-1.510732
-1.457722
-1.398388
-1.342785
-1.799083
-1.726494
-1.625088
-1.608529
-1.592287
-1.581031
-1.582907
-1.594313
-1.606939
-1.620087
-1.633706
-1.649548
-1.672241
-1.713038
-1.776121
-1.794814
-1.663780
-1.620716
-1.622673
-1.621445
-1.614141
-1.598213
-1.571183
-1.531354
-1.478580
-1.414035
-1.338659
-1.538405
-1.710413
-1.833948
-1.880107
-1.930083
-1.925155
-1.956402
-1.939059
-1.964128
-1.945701
-1.973965
-1.959518
-1.991756
-1.981087
-2.015077
-2.004414
-2.042096
-1.840374
-1.639252
-1.440001
-1.248243
-1.173174
-1.375521
-1.572386
-1.758941
-1.940012
-2.049835
-2.155175
-2.259801
-2.290088
-2.307075
-2.311098
-2.287627
-2.247429
-2.195611
-2.134891
-2.067365
-1.999758
-1.929886
-1.864684
-1.812297
-1.773958
-1.738174
-1.696808
-1.645007
-1.580831
-1.558552
-1.671516
-1.823067
-1.972205
-2.026053
-1.911023
-1.711438
-1.553143
-1.421859
-1.231530
-1.031355
-0.888001
-0.888001
-0.888000
-0.888001
-0.888001
-0.888001
-1.798981
-1.788673
-1.694764
-1.646389
-1.641712
-1.625425
-1.599739
-1.565236
-1.519588
-1.460356
-1.609419
-1.787722
-1.904052
-1.967782
-2.003563
-2.015325
-2.034050
-2.013848
-2.032310
-2.006782
-2.026089
-1.998104
-1.987016
-1.895827
-1.766553
-1.587040
-1.385871
-1.188182
-0.990495
-0.888000
-0.888000
-0.888001
-0.888000
-0.888001
-0.888024
-1.079130
-1.271650
-1.402889
-1.451882
-1.495244
-1.540675
-1.578051
-1.611872
-1.650375
-1.686002
-1.712428
-1.727058
-1.716705
-1.692917
-1.666960
-1.640772
-1.613888
-1.585976
-1.553818
-1.519176
-1.483333
-1.442491
-1.392094
-1.329610
-1.249182
-1.147597
-1.025715
-0.887939
-0.975967
-1.175590
-1.363980
-1.533765
-1.679667
-1.762501
-1.849458
-1.888252
-1.948274
-1.965165
-2.009736
-2.014567
-2.049901
-2.050722
-2.080970
-2.083616
-2.113194
-2.120251
-2.151775
-2.164118
-2.199315
-2.226102
-2.253225
-2.280152
-1.809068
-1.865649
-1.821533
-1.670080
-1.643182
-1.598033
-1.546937
-1.510044
-1.497123
-1.501676
-1.513046
-1.531277
-1.555470
-1.584031
-1.615795
-1.651076
-1.690634
-1.735094
-1.785255
-1.828527
-1.887169
-1.906160
-1.957230
-1.987492
-1.792739
-1.744975
-1.629843
-1.632616
-1.626351
-1.608958
-1.578053
-1.531538
-1.468832
-1.390013
-1.294690
-1.182172
-1.050603
-0.894321
-0.888002
-0.888002
-0.888002
-0.932881
-1.126440
-1.318428
-1.511591
-1.707611
-1.896547
-2.045108
-2.154819
-2.237819
-2.300447
-2.348767
-2.386431
-2.416302
-2.440295
-2.459444
-2.473570
-2.476869
-2.463632
-2.447747
-2.437154
-2.431193
-2.429815
-2.432694
-2.439490
-1.825849
-1.980916
-2.011009
-1.846048
-1.645309
-1.444296
-1.243812
-1.043143
-0.888000
-0.888000
-0.888000
-0.888000
-0.888000
-0.888000
-0.888000
-0.888000
-0.888001
-0.888001
-0.888001
-0.888017
-0.887974
-1.769389
-1.602596
-1.617615
-1.621191
-1.614280
-1.594575
-1.560530
-1.511457
-1.446890
-1.366438
-1.269500
-1.154714
-1.019560
-0.888002
-0.888002
-0.888002
-0.888002
-0.888002
-0.888002
-0.888002
-0.888000
-1.043692
-1.235761
-1.426196
-1.617531
-1.760058
-1.868827
-1.937003
-1.994194
-2.031569
-2.061377
-2.081694
-2.004275
-1.955304
-1.938085
-1.945433
-1.962305
-1.986370
-2.026137
-2.081365
-1.777660
-1.626783
-1.598476
-1.612813
-1.619330
-1.616185
-1.601721
-1.574779
-1.533868
-1.477731
-1.406561
-1.322207
-1.522983
-1.691459
-1.812161
-1.856955
-1.909337
-1.908137
-1.942318
-1.927869
-1.956016
-1.939806
-1.970044
-1.957368
-1.990948
-1.980343
-2.013461
-1.999202
-2.031971
-2.025626
-2.007064
-1.814194
-1.619283
-1.579341
-1.714081
-1.832266
-1.935342
-2.035326
-2.124015
-2.188834
-2.222187
-2.249113
-2.270251
-1.797221
-1.730993
-1.637694
-1.637891
-1.625641
-1.600448
-1.564143
-1.524847
-1.484429
-1.453058
-1.435221
-1.436318
-1.468665
-1.515361
-1.572243
-1.638532
-1.796504
-1.691492
-1.633213
-1.630967
-1.610064
-1.574452
-1.527033
-1.475781
-1.430444
-1.395228
-1.373475
-1.356849
-1.345851
-1.344356
-1.351464
-1.378628
-1.799880
-1.794088
-1.693981
-1.661171
-1.665127
-1.660783
-1.645000
-1.621085
-1.602424
-1.597728
-1.599413
-1.609678
-1.627759
-1.652655
-1.798071
-1.748214
-1.634765
-1.648057
-1.659187
-1.665442
-1.666509
-1.660123
-1.644417
-1.618016
-1.580529
-1.533256
-1.477767
-1.627656
-1.780470
-1.891607
-1.922450
-1.963082
-1.952324
-1.982102
-1.963841
-1.989231
-1.970472
-1.999716
-1.983808
-1.999189
-1.943608
-1.856637
-1.670250
-1.469116
-1.267962
-1.066910
-0.888000
-0.922279
-0.888000
-0.888001
-1.093360
-1.173264
-1.243041
-1.783407
-1.617245
-1.591871
-1.598184
-1.602229
-1.607224
-1.622023
-1.638557
-1.654526
-1.669676
-1.682714
-1.695854
-1.716856
-1.746678
-1.786316
-1.817456
-1.794916
-1.665993
-1.616843
-1.608529
-1.585298
-1.546367
-1.491818
-1.421855
-1.336859
-1.236510
-1.119484
-0.982878
-0.888002
-0.888002
-0.888002
-0.888002
-0.888002
-0.888002
-0.888002
-0.888001
-0.888000
-1.045740
-1.238883
-1.429759
-1.623875
-1.773406
-1.881204
-1.953427
-2.005816
-2.040886
-2.062880
-2.070242
-2.078760
-2.078812
-2.076853
-2.076929
-2.077814
-1.806990
-1.847976
-1.779710
-1.626398
-1.562505
-1.471068
-1.346577
-1.169248
-0.969712
-0.888000
-0.888000
-0.888000
-0.960842
-1.142777
-1.283219
-1.446641
-1.592977
-1.750082
-1.881460
-2.013919
-2.109972
-2.208080
-2.261407
-2.332778
-2.343429
-2.371622
-2.336635
-2.396037
-2.434501
-2.454652
-2.505975
-2.528039
-2.542950
-2.520761
-2.528121
-1.781999
-1.651968
-1.646153
-1.650720
-1.652098
-1.646876
-1.630997
-1.606830
-1.578899
-1.549350
-1.527432
-1.518991
-1.530384
-1.556174
-1.795177
-1.672229
-1.604429
-1.591002
-1.562846
-1.520007
-1.462049
-1.388778
-1.299980
-1.194708
-1.070897
-0.924340
-0.888002
-1.054904
-1.236965
-1.425497
-1.550502
-1.655499
-1.693971
-1.751922
-1.749598
-1.790318
-1.783341
-1.823749
-1.810430
-1.819743
-1.738592
-1.608835
-1.423361
-1.222022
-1.020842
-0.888002
-0.888001
-0.913699
-0.888000
-0.888001
-1.061548
-1.276392
-1.439126
-1.795341
-1.690758
-1.601744
-1.602158
-1.602505
-1.614536
-1.633060
-1.651347
-1.669744
-1.692539
-1.720848
-1.752621
-1.786631
-1.822603
-1.798369
-1.755895
-1.649250
-1.657782
-1.664011
-1.665851
-1.659445
-1.642519
-1.613940
-1.572680
-1.519459
-1.619498
-1.789622
-1.908332
-1.967586
-2.016061
-2.007145
-2.036021
-2.017043
-2.040197
-2.019135
-2.043442
-2.020973
-2.022395
-1.946298
-1.838601
-1.655169
-1.454081
-1.252785
-1.054483
-0.888000
-0.888001
-0.888000
-0.888000
-0.888000
-1.009598
-1.203670
-1.785825
-1.589149
-1.523885
-1.523645
-1.527788
-1.523249
-1.506211
-1.475513
-1.430588
-1.371133
-1.296776
-1.206874
-1.100909
-1.304630
-1.481241
-1.613168
-1.669182
-1.737578
-1.750621
-1.799082
-1.795201
-1.835093
-1.828856
-1.865999
-1.846998
-1.842486
-1.742893
-1.588270
-1.387060
-1.185773
-0.984628
-0.888001
-0.888001
-0.912840
-0.888000
-0.888000
-0.888000
-1.075513
-1.291381
-1.359175
-1.425019
-1.798375
-1.755295
-1.587317
-1.477726
-1.351415
-1.158307
-0.958657
-0.888000
-0.898316
-0.993743
-1.177384
-1.359140
-1.802526
-1.860591
-1.809835
-1.612466
-1.623404
-1.626325
-1.625202
-1.627389
-1.638679
-1.655533
-1.671920
-1.690140
-1.712055
-1.739221
-1.788860
-1.844378
-1.899311
-1.954208
-2.010543
-2.068966
-2.130421
-2.242250
-2.348045
-2.407937
-1.841909
-2.025450
-2.088611
-1.946859
-1.746044
-1.545236
-1.344217
-1.143463
-0.942585
-0.888000
-0.888000
-0.888000
-0.888000
-0.903201
-0.942484
-0.923758
-0.911829
-0.900514
-0.889689
-0.888001
-0.888001
-1.050959
-1.220651
-1.770112
-1.610209
-1.614932
-1.611583
-1.594528
-1.563683
-1.518557
-1.458307
-1.382397
-1.290393
-1.181305
-1.052963
-0.900452
-0.888002
-0.888002
-0.888002
-0.888002
-0.888002
-0.888002
-0.888002
-0.888001
-1.043378
-1.230758
-1.370269
-1.501031
-1.592336
-1.715725
-1.824373
-1.939547
-2.025164
-2.107099
-2.166422
-2.227679
-2.268423
-2.354800
-2.419223
-1.841467
-2.038342
-2.153002
-2.083845
-1.885178
-1.684482
-1.483753
-1.282973
-1.082133
-0.888000
-0.888000
-0.888000
-0.888000
-0.888484
-0.890071
-0.888000
-0.888000
-0.976329
-1.180591
-1.371154
-1.502435
-1.627271
-1.768202
-1.620000
-1.623533
-1.626907
-1.627873
-1.624251
-1.613925
-1.594832
-1.565053
-1.523044
-1.468900
-1.618858
-1.794332
-1.911846
-1.970024
-2.018590
-2.012012
-2.042350
-2.025300
-2.050930
-2.032837
-2.060026
-2.039736
-2.040349
-1.959451
-1.837778
-1.658422
-1.457278
-1.260609
-1.060500
-0.892390
-0.888000
-0.888000
-0.888000
-0.888000
-1.089338
-1.159130
-1.217569
-1.267841
-1.311125
-1.798018
-1.750574
-1.587967
-1.523531
-1.467178
-1.403800
-1.326315
-1.229079
-1.202218
-1.237510
-1.277214
-1.321476
-1.373029
-1.429033
-1.489460
-1.564990
-1.640628
-1.711937
-1.797182
-1.659563
-1.631120
-1.639717
-1.644412
-1.643865
-1.636351
-1.621191
-1.597456
-1.563148
-1.516239
-1.668634
-1.843660
-1.959493
-2.024185
-2.060347
-2.075987
-2.092494
-2.077344
-2.098024
-2.075574
-2.098642
-2.076282
-2.079033
-2.004611
-1.906500
-1.737224
-1.545895
-1.346873
-1.162290
-0.960133
-0.888004
-0.888000
-0.888000
-0.888001
-0.995884
-1.196443
-1.250474
-1.297289
-1.338374
-1.791202
-1.699292
-1.550581
-1.542120
-1.542125
-1.539416
-1.527669
-1.506021
-1.477626
-1.441151
-1.394167
-1.335890
-1.265739
-1.183192
-1.087504
-0.977073
-1.182261
-1.355201
-1.492027
-1.559326
-1.646078
-1.681026
-1.751739
-1.773502
-1.835056
-1.854137
-1.911039
-1.907864
-1.916102
-1.825063
-1.666401
-1.465400
-1.264400
-1.063541
-0.888005
-0.927631
-0.888000
-0.922959
-0.982844
-1.021878
-1.056495
-1.088347
-1.117774
-1.145686
-1.171554
-1.198097
-1.222453
-1.242989
-1.261208
-1.278581
-1.295852
-1.310878
-1.322957
-1.329648
-1.329892
-1.322470
-1.314234
-1.304616
-1.292576
-1.276143
-1.256841
-1.233999
-1.208984
-1.183333
-1.158951
-1.137708
-1.119805
-1.105212
-1.094077
-1.086529
-1.169844
-1.370480
-1.566056
-1.731841
-1.899357
-2.020697
-2.120645
-2.192170
-2.248733
-2.292997
-2.328595
-2.357653
-2.382726
-2.405200
-2.426035
-2.446027
-2.465649
-2.485150
-2.504669
-1.805507
-1.835963
-1.764243
-1.670647
-1.653870
-1.624859
-1.584400
-1.533686
-1.472073
-1.399227
-1.316226
-1.222047
-1.116249
-0.997074
-0.888001
-0.888001
-0.888001
-0.888002
-0.888000
-0.888000
-0.888000
-1.801949
-1.791376
-1.673719
-1.554874
-1.520367
-1.494160
-1.486700
-1.490365
-1.496932
-1.506005
-1.518090
-1.548762
-1.696637
-1.809944
-1.917735
-1.976165
-2.055655
-2.095667
-2.165341
-2.197604
-2.249495
-1.771947
-1.619797
-1.656929
-1.671751
-1.665048
-1.639755
-1.598510
-1.545579
-1.481629
-1.406490
-1.319769
-1.218391
-1.099820
-0.960373
-0.888000
-1.796094
-1.698057
-1.595370
-1.570946
-1.540916
-1.504803
-1.458681
-1.400327
-1.328362
-1.241180
-1.136472
-1.010816
-0.888000
-0.888020
-0.888002
-0.888002
-0.888002
-0.888002
-0.888002
-0.888001
-1.046390
-1.225371
-1.420158
-1.595346
-1.757921
-1.872956
-1.977596
-2.031429
-2.096584
-2.124316
-2.194825
-2.229828
-2.275720
-2.229889
-2.138376
-2.081864
-2.140347
-2.200993
-2.216632
-1.814347
-1.905624
-1.809945
-1.714398
-1.714960
-1.700156
-1.671588
-1.629866
-1.574358
-1.504418
-1.419358
-1.318189
-1.199683
-1.061607
-0.898537
-0.888003
-0.888002
-0.888002
-0.888002
-0.888002
-0.888002
-1.051649
-1.242336
-1.426591
-1.621392
-1.816888
-1.978304
-2.094516
-2.178092
-2.238765
-2.275383
-2.176659
-2.131541
-2.116912
-2.136508
-2.183824
-2.246489
-2.327697
-2.410948
-1.784070
-1.678641
-1.641776
-1.651735
-1.656570
-1.654383
-1.645301
-1.632120
-1.613871
-1.589890
-1.558557
-1.520087
-1.475421
-1.426314
-1.379810
-1.795218
-1.675961
-1.606974
-1.594035
-1.571781
-1.539181
-1.495804
-1.441894
-1.377833
-1.303607
-1.218658
-1.121781
-1.010748
-0.887991
-0.888000
-0.888002
-0.888000
-0.888001
-0.888000
-0.888000
-0.888000
-1.048556
-1.233141
-1.427039
-1.600700
-1.738681
