0.005986
0.403447
1.380305
0.226242
-0.079066
-0.022386
1.752473
4.197431
-1.810479
-2.833525
-0.616436
-0.333082
-0.490506
-0.724176
-1.024144
-1.370596
-0.949998
-0.935786
-0.536851
0.162248
-0.268532
0.842214
1.108248
0.763965
0.438673
0.232293
-0.061119
0.648195
-0.147632
-3.173938
-2.366266
-0.342288
1.262874
1.800133
1.771662
0.743161
1.797257
1.105368
0.203247
-2.388922
0.092811
0.145080
-0.026891
-0.288470
-0.913353
-1.586987
-2.177402
-1.070993
-0.837401
-2.250078
-1.869626
0.184804
0.717556
1.175588
1.682233
1.647130
1.808571
1.838180
1.489891
-0.615681
-1.326849
-0.228500
-0.559781
-1.043069
-2.000851
-1.742727
-1.033882
0.518470
-0.168167
-2.995653
-2.029274
0.325237
0.792613
0.054921
-0.005581
2.738002
5.474977
3.870524
3.587317
-0.450966
-0.073382
-0.869762
-0.985825
-2.080752
-2.398628
-1.381566
-0.204068
0.893901
0.091090
-3.166514
-1.683260
0.573825
0.888555
0.922621
1.098694
1.998205
4.229870
3.009752
2.955074
-0.293154
0.287835
-0.463256
-0.647957
-1.821737
-2.423761
-1.688853
-0.716725
0.908630
0.040170
-2.345249
-2.279665
-0.456838
0.142865
0.083158
0.294312
1.053413
3.261918
2.396399
2.368966
0.078353
0.415443
-0.241683
-0.133711
-1.136730
-1.924685
-1.512550
-0.468914
1.441306
0.593256
-1.719677
-2.481764
-0.998311
-0.334809
-0.589122
-0.606390
0.604539
3.041390
1.997724
2.621724
1.405259
1.146747
0.518895
0.371561
-0.771801
-1.406476
-0.283231
1.076910
2.742920
1.898378
-1.831227
-2.609112
-1.209436
-0.284304
-0.483263
-0.369462
0.782515
3.189434
2.814470
3.030842
0.490645
0.376445
-0.457284
-0.663130
-1.542539
-2.328055
-2.523293
-2.196578
0.690274
0.657851
-0.135680
-3.262253
-2.871261
-2.167839
-3.143234
-2.287759
-1.090425
0.630522
0.777354
0.947738
1.310076
1.460882
1.937650
1.176313
0.891193
-0.313668
0.918835
3.263077
6.302568
5.057872
0.401229
-3.424769
-1.873962
-0.773848
-0.996283
-1.024525
0.504144
3.407299
3.234251
4.006071
1.030192
0.925773
-0.230871
-0.426704
-1.685731
-2.476902
-2.426719
-1.919411
1.320963
1.577227
-0.131024
-3.742725
-3.829617
-3.160483
-4.479593
-3.571704
-2.522197
-0.780093
0.049250
1.145127
1.930587
1.939952
2.275261
2.592769
1.662498
0.463116
1.479877
4.017991
7.270471
5.991397
2.192810
-3.610137
-3.114682
-2.023698
-3.027437
-2.500596
0.227695
3.552261
3.789696
4.761446
2.896357
1.687851
0.143762
-0.600743
-1.746802
-2.544427
-2.585193
-2.040624
1.474378
2.064049
0.570879
-4.046830
-4.768638
-4.116314
-5.581375
-4.587459
-3.630368
-1.685263
-0.116696
1.656328
2.228533
1.510894
1.431710
2.291300
1.467097
0.262502
0.592415
2.937196
6.554364
6.648227
6.487598
-4.425912
-5.126309
-3.484486
-5.089429
-3.400812
-1.184641
1.256525
2.687165
3.496169
-0.506968
1.629175
0.419637
0.854551
-0.131458
-0.843082
-0.979185
0.154388
3.916090
3.260646
1.200796
-3.811440
-5.210606
-3.222676
-5.019807
-4.081419
-1.639516
0.535544
1.394454
2.552235
2.935265
2.236968
1.873431
1.719911
0.789086
-0.320787
-0.196425
1.782026
5.497663
4.364000
1.570930
-3.753863
-4.705635
-3.319216
-5.090656
-3.896888
-1.218179
1.389839
2.516371
3.767635
3.088580
2.488896
0.995680
1.105133
0.115440
-0.926605
-0.963755
-0.229561
3.106541
4.128450
1.913627
-3.925087
-6.648507
-4.669420
-6.831022
-5.354647
-2.201642
-0.095346
0.790577
0.915724
2.651982
1.479045
1.541227
1.148696
-0.031692
-1.092539
-1.377432
0.196624
6.006670
5.700939
4.590051
-4.351773
-5.046540
-4.137033
-6.415542
-3.908150
-1.745171
0.589789
2.218496
4.243255
2.615842
2.244869
2.486865
2.212508
0.840691
0.882143
1.808222
4.500516
7.098022
6.408411
2.289680
-3.196958
-3.129691
-2.287838
-3.525232
-3.096908
0.618511
4.182071
4.252989
4.940955
1.561320
1.100904
-0.712510
-2.286103
-3.541782
-4.148072
-3.811038
-3.058028
2.168672
2.927546
1.152425
-4.212273
-5.211840
-4.315677
-6.788146
-4.953408
-3.388303
-1.590862
0.000936
-0.403776
2.030926
1.785267
1.683508
2.627556
0.873803
-0.145274
1.805649
3.401688
7.068879
6.663402
4.033897
-4.180468
-3.963712
-2.573070
-4.074640
-3.010887
-0.240966
2.729265
3.831029
4.782975
5.106099
1.954450
0.703021
0.084674
-1.182433
-1.985169
-1.451773
-0.090399
3.339754
2.367795
0.598483
-3.725384
-4.769033
-3.710924
-5.270338
-4.671110
-1.951084
0.007576
0.696214
1.627642
2.770719
2.267543
1.324554
1.587343
0.600944
-0.407147
-0.381977
1.267938
4.879792
4.376343
1.254665
-3.568000
-4.404634
-3.428264
-5.461663
-4.560653
-1.376277
1.006640
1.940327
3.306201
3.138330
2.021389
0.874792
0.896815
-0.129277
-1.101285
-0.896918
0.527000
5.482269
5.304447
2.533126
-3.597478
-4.461361
-4.098907
-6.307547
-4.902061
-1.293777
1.087586
1.767611
2.739576
2.727003
1.384071
0.529315
0.555627
-0.684116
-1.792096
-1.776665
-0.428350
5.128989
4.891143
3.007231
-3.947132
-6.663404
-4.074048
-6.165949
-4.646984
-2.301127
-0.297087
1.079397
3.488985
2.686096
2.360076
2.716286
2.632318
0.914661
1.187382
1.959790
4.045143
7.567288
6.473891
3.579942
-3.692204
-3.717147
-2.665753
-4.190550
-3.712759
-0.040919
3.458624
3.715320
4.451692
3.925848
1.141563
-0.428535
-1.479036
-2.632163
-3.282740
-3.027226
-2.246784
2.010857
3.154663
1.238033
-3.895887
-5.126930
-4.071474
-5.878769
-5.162913
-3.054258
-0.998450
-0.070047
1.691594
2.418804
1.411077
1.593317
1.656730
0.180652
-0.831230
1.167146
3.148401
7.056080
6.143028
4.681356
-4.112313
-4.291886
-1.531842
-3.486244
-3.360272
-0.211262
2.984897
4.312004
5.427412
6.034846
2.327154
0.956060
0.397908
-0.902075
-1.168183
0.005685
1.989810
4.775423
3.441021
0.116817
-3.090009
-3.672867
-2.845937
-4.493698
-4.120723
-1.332260
1.581795
2.174380
1.768700
-2.147278
-0.131120
-0.309819
-1.643747
-2.674691
-2.790475
-2.570063
-0.354819
5.323303
5.881034
4.364246
-2.915171
-4.536201
-4.035114
-5.218477
-4.064115
-2.176542
-0.514125
0.336915
0.423450
0.413918
-0.147834
-0.021357
0.639352
-1.254628
-2.027067
-1.157988
1.048613
5.462996
5.824233
1.893429
-2.237127
-3.294228
-1.780251
-2.866195
-1.817158
0.028493
1.929265
2.664254
3.466669
3.561939
0.218618
0.797608
0.061676
-0.446471
-1.308139
-0.793888
1.016803
4.656078
3.835300
0.883929
-2.323633
-2.758384
-1.906534
-3.176705
-3.544684
-0.139677
2.818100
3.549952
3.592899
3.420376
0.947721
1.197719
0.443755
-0.884078
-1.598569
-1.542373
-0.246685
3.406914
3.001637
0.207357
-2.616649
-4.100306
-3.449624
-4.734840
-4.033599
-1.124968
0.580493
1.103971
2.352639
1.729639
0.891596
1.779137
1.374109
0.162568
-0.582059
-0.426785
1.269861
5.483007
5.924548
1.425212
-1.879594
-2.653489
-2.926651
-3.962450
-3.567022
-0.429764
2.774225
3.279692
3.075150
2.637400
0.534518
0.658396
-0.419267
-1.688269
-2.237296
-2.091722
-1.154924
3.735601
4.259122
2.637088
-2.902720
-4.182767
-3.710388
-5.384542
-4.151027
-1.948265
0.176247
0.710643
1.579821
1.748064
0.623628
1.911356
1.793715
-0.382312
-0.882921
0.812471
3.197052
6.982777
5.668373
2.399175
-2.198701
-3.252468
-2.176498
-3.612530
-3.520264
-0.030576
3.244605
3.915547
3.755373
3.175916
-0.232790
0.431645
-0.916697
-1.904273
-2.377496
-2.202634
-1.345126
3.415776
4.247126
2.872641
-2.845788
-4.429065
-3.620931
-5.036230
-4.241161
-1.127808
1.175275
1.411493
1.565688
1.120575
-0.164943
0.398540
0.539970
-0.897737
-1.692141
-1.652187
-0.190332
4.847554
5.337310
4.562133
-2.883014
-4.216866
-3.177089
-3.953267
-2.912890
-0.556123
1.704028
2.226045
2.619830
-0.904892
0.010687
0.808153
0.606412
-1.062886
-1.650250
-0.463076
1.596327
5.534297
4.724167
1.295847
-2.291600
-2.598627
-1.952627
-2.924999
-2.939881
0.253600
3.279553
3.818879
3.507918
2.918488
-0.282385
0.649867
-0.576128
-1.646848
-2.102969
-1.985618
-0.785576
3.092664
4.028965
-0.326213
-2.167895
-2.880491
-2.279304
-3.574526
-3.648862
-0.568553
1.886913
2.149922
2.368954
2.502013
0.353069
1.301494
0.620828
-0.864633
-1.370777
-1.048675
0.701738
4.722994
4.237981
-0.885450
-1.938602
-2.867866
-2.412103
-3.736270
-3.558802
-0.513872
2.088517
2.395468
2.924958
2.810042
0.571109
1.736274
0.440113
-0.950826
-1.481832
-0.616630
1.544744
5.205404
4.304187
-2.096463
-1.587005
-2.397427
-2.345662
-3.629004
-3.587827
-0.584635
2.102133
2.445467
3.161274
2.468611
0.197302
1.434831
0.014131
-1.391345
-1.774391
-1.044545
0.823351
4.460572
4.223849
-2.186329
-1.758542
-2.646474
-2.461662
-3.873531
-3.729990
-1.087172
1.223275
1.328057
1.239567
2.183727
1.804100
2.767928
1.416955
-0.448394
0.145142
1.392187
3.538738
5.895402
5.342508
-1.995736
-1.187050
-1.506021
-1.333276
-2.565587
-2.985764
0.152330
4.045736
4.214814
4.404321
-2.175908
-3.124088
-2.988223
-3.460882
-5.298204
-5.498092
-4.900156
-3.373741
4.233050
5.203269
3.622625
-3.110801
-4.289056
-3.910794
-4.486496
-2.872233
-1.639774
0.046259
0.522693
1.388438
1.497872
1.315268
2.468760
2.198009
1.240368
0.237058
0.637987
2.023953
4.852233
4.161797
1.158730
-2.849111
-2.421538
-1.359789
-2.456251
-3.339853
-0.072367
3.681454
3.464126
4.084164
1.911449
-0.581951
0.020372
-0.671295
-2.618289
-2.335163
-0.721614
1.574552
5.068414
3.413406
-4.154175
-0.986672
-1.480273
-1.260918
-2.518507
-2.851336
-0.220825
2.887845
2.973354
4.070842
1.887467
-2.299221
-0.797474
-1.135326
-2.600699
-2.238240
-0.991985
0.830208
4.213673
3.399995
-1.831578
-2.230177
-2.438665
-2.458437
-2.940661
-3.128346
-0.963124
1.144632
1.077542
4.283374
1.240791
0.737840
2.276330
1.260232
-1.097102
-1.108342
-0.334103
1.461667
3.944341
3.704402
0.573617
-2.798241
-2.770062
-2.490641
-3.520356
-4.237242
-1.068970
1.719716
1.500588
1.787045
1.306016
-0.658071
0.300330
-0.026797
-1.816186
-1.194316
0.296475
1.978922
5.703316
4.444066
-1.913534
-1.458616
-2.013500
-1.330049
-2.836971
-3.546868
-0.507887
2.793247
2.635029
3.410410
2.984614
1.988151
-1.004283
-0.423411
-1.396635
-1.351985
-0.626753
1.689403
3.951014
3.551077
-0.009512
-2.903423
-2.744290
-2.185905
-3.052181
-3.366676
-1.065706
1.073826
0.849603
1.183992
1.139921
0.608177
1.919447
1.182404
0.003783
-0.634005
0.123257
2.072013
4.329874
4.071046
0.099753
-2.675457
-2.512067
-1.921727
-3.042871
-3.424223
-1.099665
1.481224
1.208019
1.039813
1.111638
0.629701
1.576541
0.927404
-0.061372
-0.668747
0.101215
2.102370
4.085642
3.837161
0.044470
-2.646377
-2.389852
-1.840924
-2.950638
-3.164860
-1.175817
1.359155
1.210690
1.696377
0.899993
0.133060
0.435823
-0.279774
-0.377448
-0.827150
0.111142
1.092450
3.667042
3.309807
-0.215756
-2.839056
-2.810509
-2.168747
-3.232320
-3.532185
-1.644091
0.417471
0.389261
0.776967
1.019902
0.004313
1.223606
0.902710
-0.777421
-1.247265
-0.300673
1.249431
3.915390
3.527351
-0.218108
-2.544197
-2.327172
-1.766142
-2.903306
-3.793678
-1.263928
1.634346
1.340222
3.451367
1.525885
-0.470799
1.291145
0.643532
-0.085585
-0.983364
-0.120969
1.330898
3.740754
3.181400
-0.178084
-2.824440
-2.618449
-1.978516
-3.097121
-3.387976
-1.300570
1.024898
0.751048
1.224170
1.396913
0.610631
1.891194
1.146181
-0.450434
-1.177556
-0.277434
1.525168
3.726524
2.941099
-0.326913
-2.887640
-2.295147
-1.632767
-2.301429
-2.732956
-0.952765
1.380821
1.215528
1.080916
0.805172
-1.357826
0.855779
-2.412746
-1.005161
-1.521532
-0.607183
0.749011
3.006334
2.102316
-0.519847
-2.922716
-1.924844
-1.541914
-1.590779
-2.282875
-0.847952
1.149230
1.045470
2.415912
1.333957
0.662734
0.634448
0.392248
-1.285389
-1.823365
-0.615238
-0.205763
2.378068
1.729435
-0.459627
-3.350429
-2.588204
-2.174787
-2.878446
-3.630049
-1.340774
0.806837
0.203631
1.070200
1.082516
-0.284546
1.666503
2.522467
1.058466
-0.525373
0.035705
1.254825
3.857233
3.070781
1.152326
-2.457735
-2.331484
-1.804151
-2.374251
-2.759303
-0.746325
1.835753
2.740317
3.123054
0.735064
-4.530532
1.341751
0.877416
0.491827
-0.885741
-0.100463
1.918867
4.086656
3.694525
1.477507
-2.187930
-2.335824
-1.440397
-2.418462
-2.659210
-0.879949
1.603493
2.430356
2.585531
0.540871
-2.807539
0.870982
0.596052
0.005212
-1.269374
-0.194410
1.819574
3.866819
3.202217
1.349872
-2.267681
-2.303475
-1.398072
-1.933082
-2.296783
-0.918677
1.343601
2.595674
2.519101
0.863578
-0.992909
-0.200671
-0.362813
-1.353518
-2.050808
-0.769649
-0.845744
1.967509
1.989329
0.737429
-2.930707
-2.845495
-3.071453
-3.089287
-3.146526
-1.576145
0.094650
0.474704
1.047642
1.257381
-0.495747
1.225335
2.906993
1.286013
-0.779428
-0.231853
1.040138
4.051334
3.503913
1.046044
-2.465201
-1.556486
-1.470645
-2.253777
-2.918882
-0.979307
1.276314
2.407056
2.585220
2.997900
-1.981470
1.778074
2.131006
-0.222830
-1.014119
-0.074006
1.769808
4.039397
3.332406
1.064514
-2.282098
-2.537630
-1.389073
-2.445032
-2.949119
-0.711239
1.457267
2.643355
2.917837
-0.086770
-1.008217
0.538103
-1.953436
-0.935500
-1.861241
-0.887304
0.473424
3.035772
2.614078
1.133431
-2.169986
-1.775950
-1.234642
-1.778705
-2.588589
-0.741735
1.542459
2.273446
2.279374
2.371444
1.901451
1.165530
-0.065091
-0.697454
-1.586562
-0.724982
1.185972
3.202188
2.711996
0.890463
-2.490495
-2.315559
-1.566894
-1.863035
-2.628238
-0.832657
1.776067
2.912781
2.792584
-0.043604
-1.126796
-1.362973
-0.875328
-1.655419
-2.360775
-1.195813
-0.809469
1.747738
2.030576
0.637049
-2.942078
-2.003087
-2.103727
-1.655771
-2.066357
-0.977278
0.431669
0.807261
1.123120
1.293728
-3.090060
1.696770
2.724204
1.008804
-1.064615
-0.365293
0.637164
3.460945
2.820217
0.097358
-2.941716
-2.111359
-1.688857
-2.040624
-2.864165
-1.114494
0.723902
1.834064
1.802432
1.309295
0.098451
3.073574
2.961442
0.896317
-0.828080
-0.134212
0.957104
3.976595
3.163479
0.701240
-2.410804
-2.331475
-1.093484
-2.272303
-2.513575
-0.714398
1.322512
2.059084
2.097980
1.035688
-0.276810
0.257075
-0.962329
-0.685526
-1.703112
-0.793418
1.050379
3.940247
3.485985
0.725682
-0.228345
-3.280656
-2.122821
-3.057251
-3.461861
-1.255988
0.648043
1.567670
1.778556
1.482510
-2.242794
2.082289
2.203031
0.717770
-1.048165
-0.157289
1.063897
4.122324
3.750678
0.749783
-2.471301
-1.982715
-1.681057
-2.606299
-3.259742
-1.399803
0.495940
1.396770
1.593733
1.445117
-0.668055
0.404421
2.206592
0.127252
-1.385562
-1.274417
0.534599
4.421249
3.412825
0.883222
-2.141164
-4.694193
-3.014438
-3.369816
-3.173075
-1.344934
0.301576
0.744631
0.900315
1.053221
-0.764181
0.955911
2.411364
0.718239
-1.172827
-0.386930
0.579674
4.282726
3.851496
0.794793
-2.728414
-1.970930
-1.415105
-2.279423
-3.423339
-1.427103
0.846887
2.124786
1.929844
2.069770
0.771775
2.941852
3.815617
1.745389
-0.461813
-0.240718
0.957539
4.184890
3.370698
-0.392834
-2.423795
-2.462822
-1.006531
-2.867913
-3.051384
-0.962976
1.461402
2.144677
1.803364
1.677380
-2.372137
0.669724
0.700899
0.097981
-1.707467
-0.841634
0.398740
3.865624
3.472404
0.736764
4.049238
-3.265805
-2.024772
-3.205153
-3.539325
-1.619016
-0.176805
0.828636
0.865918
-0.078919
-1.755943
0.340761
1.829095
-0.323836
-1.566321
-1.410499
-0.082580
4.091267
3.655804
0.165221
-2.132862
-1.760983
-2.104259
-3.015604
-2.900170
-1.333958
0.803401
1.607896
1.988570
2.581120
0.042698
2.630422
3.183551
0.690626
-0.917102
-0.703687
-0.153337
3.591203
3.943402
1.611145
-2.544415
-4.231095
-2.301768
-3.452061
-5.487236
-1.998469
1.775944
4.162231
4.223088
1.527075
0.467912
1.357194
2.583964
0.744440
-1.912370
-1.831700
-1.251021
3.085478
3.048298
2.984611
-1.720934
-4.110447
-4.499956
-5.968918
-4.250497
-2.705295
-0.628069
-0.074040
0.205386
-0.186534
1.088456
2.586678
3.566962
3.171118
0.715704
-1.816367
-0.877268
4.820868
6.550696
4.381292
-1.235720
-4.453578
-3.696761
-4.126721
-3.656190
-2.213826
2.174233
3.235734
3.307865
3.561782
-0.391781
1.458155
3.622244
1.429166
-1.358112
-2.903134
-1.247902
2.613575
3.384439
1.888515
-2.602443
-3.654189
-3.396956
-4.657825
-3.893299
-1.684726
1.127292
4.184177
3.765685
3.640446
-0.629807
1.144093
3.073004
1.833163
-0.971926
-2.077332
-0.883743
3.166083
2.926593
2.433398
-1.251790
-4.208124
-2.880016
-3.914579
-3.007587
-2.075489
0.362230
3.079118
3.300297
0.982617
0.300216
1.380273
4.243025
2.395871
-0.739125
-1.431630
-0.309056
3.871610
3.205117
2.845178
-1.890770
-4.194012
-2.987402
-4.200513
-3.383114
-1.684796
1.110071
3.626945
3.970167
2.856106
-0.104701
1.304579
3.250757
1.397861
-1.612589
-2.280613
-1.562518
3.134593
3.261756
3.752406
-0.416234
-5.116434
-4.834165
-6.055180
-4.141604
-1.502953
1.111120
2.425093
2.832943
0.433013
0.565191
2.221495
4.210738
2.718253
-0.411003
-1.552592
-0.155054
4.427753
4.411305
4.309694
-0.269139
-4.601870
-3.503398
-5.045023
-4.164178
-1.344876
2.029273
5.818398
5.855157
4.001457
0.020872
1.270806
2.971564
1.231777
-1.433289
-2.305983
-0.333795
3.760518
2.738104
2.536021
0.862059
-4.513389
-2.397029
-4.802111
-4.304445
-2.406531
3.474600
7.609631
5.820835
-0.273252
2.314333
2.141823
2.679595
2.042181
-0.826153
-1.322170
-1.450084
2.683335
2.723961
9.353812
3.542024
-3.935966
-8.275565
-10.416992
-6.723604
-2.802666
-1.573668
19.751974
9.826125
4.558010
5.373877
21.252821
7.598603
-2.212307
-14.977730
-13.087068
-14.278233
-13.566917
-13.686876
-14.131930
-14.863481
0.540822
-0.246949
-0.309242
-1.751159
-1.036546
0.565570
-0.195608
-0.287255
-0.081372
0.047032
1.724490
4.148565
2.090590
-2.451330
-0.642444
0.245785
0.219873
0.009477
-0.389973
-0.843859
-0.927507
-0.829399
-1.313445
-1.006508
-0.577167
-0.239338
0.237408
-0.045724
-0.356437
-0.479785
-0.509971
0.656208
0.200795
-1.302439
-3.104313
-2.372698
0.433872
1.791430
1.898109
0.782230
1.136419
1.919108
0.990556
-1.417292
-0.169306
0.581333
1.299899
1.795492
1.433120
-0.764431
-1.121218
4.987649
12.383480
0.797033
-11.697948
-2.891237
2.700608
1.649158
0.836667
0.363846
0.950256
2.592660
1.225300
-5.173461
-4.341617
4.489548
3.682062
2.616188
2.965618
1.953922
1.871278
1.596493
1.164729
5.077254
4.585761
-7.204360
-3.744627
3.779906
4.300301
3.667948
1.876803
1.036759
0.228457
-3.132210
-9.030210
-8.177643
-8.814526
-7.847697
-7.438283
-8.290791
-8.180387
-6.137469
-3.312469
5.842370
2.981906
-1.798614
-0.690820
2.905568
3.549630
5.164450
4.768154
4.596262
2.606978
1.102262
-0.860849
-2.783412
-0.732638
0.986209
3.154517
0.783566
-0.992407
4.020570
4.108403
6.319320
3.079214
-6.838501
-10.791592
-1.425149
-1.813630
-1.019330
-0.663532
2.007861
3.682186
2.887504
-0.404225
-9.194388
-2.653867
2.325757
0.820782
-0.931371
-3.237991
-1.943695
-0.705937
1.785591
0.259682
-6.142577
-6.762872
0.049328
1.184032
2.481829
3.000180
4.162487
9.446138
4.724707
-0.066633
-0.661394
-1.219772
1.416258
0.611184
-1.335610
-3.327380
-2.686528
-2.441510
0.069222
-0.417458
-6.656692
-7.217546
-0.441259
1.191856
2.541400
2.743086
4.817723
9.276882
5.528321
1.612187
-3.660316
0.098770
0.470214
0.294490
-1.102276
-2.683923
-2.378520
-1.636222
0.458668
3.629341
-4.155984
-5.895139
-2.271586
-1.904461
0.252428
2.171285
3.638170
2.347685
0.875750
-0.360170
-2.385053
-0.543115
0.842331
0.958416
-0.157727
-0.899132
0.425426
2.991693
6.541407
5.868257
-1.848372
-3.251618
-2.110464
-2.009080
-2.043981
-1.068934
3.100641
5.795006
6.069571
-3.144838
0.302902
1.762483
0.145684
2.494468
1.616151
0.322285
1.352349
1.925236
1.301353
-1.610202
-2.044596
-0.784615
-2.191908
-2.390964
4.881246
2.544390
2.926885
6.284096
0.679763
0.958217
1.314339
2.124485
0.578578
0.781226
0.763932
0.739190
2.131674
1.932645
-1.796249
-2.758217
-0.722758
0.012212
-0.138194
-0.457228
-0.857850
-1.331746
-1.607894
-1.581249
-2.038115
-2.021871
-2.163903
-1.375771
-1.632886
-0.469253
1.311322
0.680143
0.568814
0.569824
0.304364
0.744219
1.095160
1.657265
2.505792
11.591515
21.240274
20.351454
10.248898
0.721425
-5.797457
-4.849514
-4.410826
-4.889733
-6.340207
-8.749365
-11.712287
-13.276923
-11.457468
-4.189267
0.158550
3.059674
13.601785
11.916637
8.511884
3.864669
6.806201
6.644371
12.964091
11.645985
7.756530
0.108536
-6.292069
-4.403592
-6.583480
-7.466238
-7.611511
-1.361875
-4.977715
-3.623377
-2.039986
-4.105931
-2.937970
-4.678821
-3.656856
-3.676017
-3.717917
-3.837441
-4.115834
-4.437017
-4.884544
-5.435051
-6.146115
-6.974914
-7.953590
-8.992965
-10.183284
-8.060375
-0.779684
4.363757
5.654769
6.780273
7.333829
7.420063
7.181741
7.227242
7.620982
8.568155
10.177767
3.480903
13.177482
15.001834
18.543257
22.356171
25.860609
25.344734
-0.291850
3.291012
3.013693
2.937142
1.099570
0.411864
-0.342606
-0.943938
-0.145984
-1.425930
-3.992936
-3.833547
-2.941908
-2.495187
-0.861234
-0.480343
-0.602302
-0.656995
-0.562871
-0.851715
-3.985617
5.409184
8.237518
29.872978
29.585787
25.125843
17.265953
-0.002968
-1.876356
0.094597
-1.173620
-2.978877
-4.708533
-6.621134
-8.338267
-8.608697
-7.895684
-6.575795
8.519992
5.474919
8.208603
17.255543
18.764267
-1.232651
-0.206698
-1.254923
-0.664792
-0.005859
-0.007050
-0.000550
-0.000842
-0.000951
-0.000864
-1.329583
-2.641517
-3.331076
-2.364719
-0.631548
-0.971340
-1.236484
-0.933733
-0.699855
2.386376
4.120136
-0.586624
-3.530346
-0.533615
-0.329186
-0.384836
-0.316485
-0.528987
-1.175289
0.385676
-4.922810
-1.046923
7.713403
11.486308
10.694731
18.016863
16.889465
14.214363
11.672896
8.287436
-5.741803
-0.471860
-4.393485
-3.720134
-2.236813
-3.690298
-3.261146
-3.014499
-2.822072
-2.621436
-2.415475
-2.182104
-1.959785
-1.714529
-1.439893
-1.097392
-0.758885
-0.422877
-0.032250
0.323506
0.550385
0.704010
1.377516
1.372970
1.439472
2.687762
5.121070
9.118944
13.300379
16.410030
17.454653
15.786909
10.921098
0.037720
-3.166005
-4.562849
-4.110398
-2.301473
-6.261054
-5.539931
0.480850
2.628175
2.636966
2.891948
1.087855
0.992948
0.706382
0.496607
0.389228
0.287642
0.181290
0.032188
-0.097941
-0.249504
-0.376703
-0.460160
-0.469005
-0.488916
-0.502118
-0.554745
-1.204580
-0.929226
-1.168670
-1.607625
-2.350542
-3.577897
-4.822900
-5.244009
-5.217160
-5.013866
-5.046563
-3.912054
-2.852300
-1.297770
0.137873
1.400200
2.523361
2.129852
3.221382
2.498614
0.589952
-2.291872
-3.607071
-0.403431
-2.653383
-1.528845
0.137595
-1.166403
-0.706378
-0.480272
-0.391879
-0.321449
-0.266174
-0.164643
-0.026953
0.124723
0.231376
0.328193
0.380007
0.435854
0.484317
1.106668
0.898895
0.797332
0.719991
0.653939
0.653348
0.868272
1.310287
1.587876
1.680393
1.703243
1.679945
1.714809
1.795636
1.979996
2.329462
1.877800
2.540274
3.581900
3.105773
1.581376
2.457811
7.667780
-0.440613
7.181500
6.709513
6.156262
4.415024
3.358968
2.331990
0.574783
-1.234982
-1.871739
-5.979752
-7.935710
-6.794709
-4.147334
-3.892106
-4.670228
-4.257055
-4.009959
-3.653061
-3.919258
-3.632607
-3.330673
-2.732889
-1.746425
-0.596918
0.094597
-1.057367
-4.037526
7.560113
-2.332579
4.790923
4.058341
0.559746
6.235812
6.230688
6.582583
5.521245
4.225449
4.665475
4.478665
4.245272
3.925558
3.231539
0.915609
0.116768
-2.090448
-5.485858
-5.203749
-1.894183
-0.644544
-1.063534
-1.420280
-2.391014
-3.129270
-3.819913
-5.127323
-6.988022
-4.094380
19.098946
17.720684
12.807416
-1.797232
-9.821764
-18.167334
-23.469933
-7.569209
-8.382410
-3.672093
-5.600434
-4.041567
-1.880038
9.811978
7.938946
2.603742
0.662527
-0.871027
-1.092083
-2.260669
-2.405093
-3.437014
-3.373435
-3.851600
-3.076128
-2.241666
-1.302079
-3.811252
-1.215322
-1.601878
-1.028453
0.537374
-0.702524
-0.238215
-0.029886
0.102883
0.265658
0.416001
0.564490
0.635662
0.730996
0.798445
0.851021
0.882965
0.910106
0.946758
0.929443
0.406394
0.859964
1.005603
0.836124
0.688659
0.302463
-1.641856
-7.345908
-2.485090
-2.594548
-1.799044
-1.338487
-0.437258
0.754729
0.583443
3.083477
3.180090
4.241696
5.779810
6.420062
6.396747
6.177754
7.497344
5.862099
0.982054
3.548627
3.242083
3.267931
2.080224
0.511393
0.734145
0.382795
1.224944
2.543816
-1.191804
-3.365647
-1.076498
-0.588028
-0.717935
-0.925411
-1.234549
-1.526313
-1.846849
-2.014483
-1.732227
-2.137103
-1.684119
-1.068322
-1.701596
-1.732202
-0.183170
0.150977
0.925454
2.234444
4.018536
5.514049
4.648383
0.452471
-10.846540
-5.378314
-7.662647
-6.390396
-5.339347
-5.670465
-6.647863
6.128032
-3.647802
-7.444798
-6.180427
0.103197
-0.346453
0.238290
1.413989
0.809707
0.203947
0.240333
0.273571
2.092225
3.660815
-0.693173
-2.813976
-0.791131
0.023000
-0.085485
-0.332819
-0.666968
-1.054513
-1.316444
-1.265062
-0.939328
-1.497706
-1.185498
-0.521575
-0.662481
0.799674
0.890927
0.610853
0.473038
0.311176
0.872503
0.765262
-1.700260
-3.243416
-3.003856
0.685913
1.846082
1.901306
1.180806
1.134945
2.217415
1.943254
-1.750609
-1.043638
-0.213119
-0.337336
0.813541
-0.259727
-0.457467
-0.120197
0.930533
0.476566
-1.460113
-3.098991
-0.636163
1.417875
1.135820
0.668837
1.361574
3.517818
5.138800
3.354933
-2.815556
-0.982911
-0.981691
-0.537719
-1.322559
-2.125759
-2.583192
-2.799927
-1.269775
-1.437947
-0.547713
-2.749919
-0.392819
0.317509
1.024488
0.818164
0.957537
2.220108
3.824174
2.350831
1.249770
-0.393366
0.855917
1.236346
0.294793
-0.830397
-1.180302
-0.387854
1.171801
0.868859
-1.859290
-3.056417
-0.209892
0.915803
1.735697
1.236465
1.214117
3.196119
5.557037
3.718081
-1.660115
-1.512539
-1.139575
-0.946843
-1.605097
-2.408594
-2.742499
-2.911062
-0.957621
-1.372883
0.156243
-2.616933
-0.807274
-0.344694
0.162302
-0.091966
0.153628
1.468166
2.776791
1.128190
-2.067738
-0.798431
0.881500
0.687221
1.421047
0.120745
-0.729411
-0.648613
1.314389
1.134431
-0.658980
-2.872778
-1.220985
0.062442
1.122986
0.980354
0.829975
2.755041
5.069089
3.799405
0.066000
-0.064771
0.296138
0.588756
-0.235120
-1.250558
-1.839380
-2.052469
-0.154076
-0.036317
0.412667
-2.742459
-1.614494
-1.169243
-0.169612
-0.323598
-0.223526
1.352014
3.245628
2.244312
1.532971
0.498712
1.446379
1.666013
0.850123
-0.205531
-0.941792
-1.285262
0.915156
0.736027
0.551973
-2.678700
-1.923393
-1.603089
-0.700503
-1.054916
-0.492044
1.355353
3.760757
3.049168
1.741398
0.786613
1.257928
1.200555
0.386774
-0.665817
-1.370325
-1.604330
0.641962
0.780638
1.199058
-2.682522
-2.728327
-2.498644
-1.866389
-1.669693
-1.165531
0.235512
2.371506
1.974604
-0.333553
1.019797
1.737108
2.139246
1.391799
0.394674
-0.332456
-0.580625
1.473471
1.533413
1.773603
-2.468987
-2.954285
-2.944675
-2.651719
-2.742326
-1.456825
0.069621
2.502003
2.706375
1.171703
1.101942
1.986682
2.701352
1.431805
0.439300
-0.249933
-0.428213
1.820101
1.912078
2.278790
-2.162760
-3.317642
-3.248369
-3.788400
-3.879547
-1.805676
-0.233277
2.420343
2.772217
1.923785
0.864490
1.980008
2.616637
1.303775
0.317264
-0.284727
-0.371068
2.455063
3.284747
2.850657
-1.999801
-3.407490
-3.360293
-4.238681
-4.176137
-1.566487
-0.132832
2.745049
3.293897
2.240315
1.046079
2.186328
2.307588
1.384817
0.356794
-0.341886
-0.225776
2.840861
3.141882
2.337677
-1.808485
-3.342826
-3.504503
-4.358210
-4.469821
-1.884250
0.025890
2.838441
3.611665
2.428940
1.107631
2.132501
1.895016
1.291686
0.197358
-0.284772
-0.220536
2.845699
3.564428
2.516035
-1.575266
-3.372767
-3.517095
-4.807706
-4.779860
-1.762289
0.142686
3.020551
3.389446
2.053804
0.661463
1.658498
1.830188
0.901774
-0.032524
-0.521330
-0.439792
2.795064
4.103741
2.197377
-1.599269
-3.173099
-3.109058
-4.474518
-4.262599
-1.630379
0.172515
3.028073
3.504318
1.637748
0.450449
1.550088
1.715804
0.886373
-0.010986
-0.621408
-0.234191
3.270428
4.186292
1.689728
-1.414428
-2.681176
-2.660665
-3.833323
-3.816470
-1.344609
0.890893
3.695957
4.460948
1.540624
1.605346
2.169768
1.429853
0.614701
-0.352862
-1.000206
-0.557707
2.178545
2.784935
1.692890
-2.049072
-3.182270
-3.442122
-4.146185
-4.721579
-2.083934
0.001954
2.455046
1.166214
2.349125
1.326794
2.836335
2.592788
1.494617
0.617186
0.143396
0.221190
2.782145
3.601665
2.989105
-1.734688
-3.097305
-3.334559
-4.605442
-4.592000
-1.707515
0.505408
3.266534
3.238436
1.462448
0.787968
1.338187
0.890651
0.214750
-0.620323
-1.027781
-1.141336
1.797430
3.326643
1.990799
-2.445864
-3.676608
-3.493511
-4.694108
-4.672308
-2.384349
-0.930998
1.704782
1.433561
2.404209
1.656174
3.731265
3.315386
3.221889
-0.773937
1.152205
3.284955
6.271107
5.627789
3.710109
-1.453736
-2.949517
-2.438379
-3.050711
-3.356018
-1.347067
1.545766
5.001595
4.587722
-2.426117
2.054299
1.862793
0.210322
-1.121630
-1.963950
-2.253846
-2.182256
1.882363
3.160878
1.909973
-2.685258
-4.254858
-4.654428
-5.166320
-4.968116
-3.474649
-2.062724
0.506349
1.914780
2.194615
0.793752
1.751950
4.253965
1.864132
1.065146
0.457882
0.674466
4.289162
4.957266
3.288459
-0.658248
-3.216048
-3.148700
-4.179821
-4.395641
-1.728558
0.760783
3.964313
4.564584
1.766479
1.653979
1.847790
1.441647
0.415729
-0.629780
-1.200970
-0.917631
1.969671
2.937834
2.373093
-1.777117
-3.577621
-3.964659
-5.155744
-5.537592
-2.757698
-0.834816
1.727512
3.859674
2.689945
1.551692
3.187734
1.803024
2.303794
1.216949
0.772670
1.470989
4.710178
4.323595
3.957618
-0.794784
-3.282900
-3.716360
-4.924607
-5.281095
-2.344785
0.734165
3.829903
4.151069
2.416753
2.507551
2.278985
1.433130
0.310285
-0.788857
-1.336246
-1.252588
1.812780
2.821630
2.644290
-2.313204
-4.340632
-4.826084
-5.572725
-5.628915
-3.002693
-1.613923
1.069278
3.352258
3.619191
2.116182
3.493821
3.327161
3.951336
2.098983
1.676120
2.430523
5.348248
5.131917
6.155580
-0.245591
-3.641722
-4.263782
-5.352943
-6.117935
-2.841945
0.745655
3.592293
3.294924
1.512632
1.948382
1.290662
0.469054
-0.739237
-1.759876
-2.204224
-2.203394
1.055372
3.476578
3.349373
-2.247319
-5.115425
-5.375563
-5.945407
-5.939563
-4.769942
-2.891288
-0.390137
2.578193
2.920159
2.392128
2.920847
3.734598
3.636091
2.802116
2.124731
3.206178
6.315930
6.744863
10.295063
1.115802
-5.330392
-4.221429
-4.777594
-5.262161
-2.390595
1.558473
4.605806
4.746374
3.309407
1.727319
0.926504
0.302552
-0.767186
-1.620793
-2.063842
-2.001235
1.438206
2.704897
3.098244
-2.068131
-4.599277
-4.251125
-5.371666
-5.603857
-3.813571
-2.437122
0.332636
2.137188
2.560679
1.057275
2.539637
3.392817
3.122028
2.219065
1.756963
2.806054
5.521170
5.721067
6.861931
0.013755
-3.292853
-3.556294
-3.946535
-4.771520
-2.219830
1.582843
4.202117
4.100594
-1.175348
1.817389
0.425137
-0.103900
-1.682724
-2.507885
-2.917897
-2.812494
0.607436
2.350755
2.548000
-2.250414
-4.613060
-4.608096
-5.300460
-5.536129
-4.386399
-2.817251
-0.280587
1.598868
2.119963
0.740229
1.533033
2.641505
2.506797
1.943309
1.185981
2.359828
6.010555
6.078539
6.419884
0.065761
-3.913908
-3.163404
-3.784615
-3.973693
-1.722630
1.153805
4.588760
4.864951
4.143428
1.628386
1.390853
0.861536
0.098686
-0.804581
-1.327421
-1.161211
1.454839
1.946759
2.434479
-1.859700
-4.099718
-4.529382
-5.336176
-5.832867
-3.391752
-1.857456
0.903335
3.201442
2.410930
1.271699
1.885843
0.843518
1.719602
0.794977
0.274503
0.463538
3.445810
4.523983
4.678931
-0.687486
-3.944778
-3.697464
-4.884856
-5.443009
-2.051692
0.264874
3.246297
3.717692
1.620823
1.202964
1.608852
1.514961
0.615515
-0.255679
-0.862192
-0.574476
2.330091
3.410934
2.494400
-1.650051
-3.935968
-3.956744
-4.912664
-5.789610
-2.563297
-0.901861
1.984684
1.699026
2.489147
1.320700
2.784909
1.598940
1.971260
0.894857
0.224071
1.114384
4.474053
3.859947
3.489872
-0.511886
-3.387495
-3.379940
-4.837377
-5.329575
-2.025894
0.827235
3.950840
4.314047
0.757115
1.378672
1.117843
0.703526
-0.205487
-1.006021
-1.345328
-1.068563
1.886614
3.459185
2.174798
-1.995628
-3.987874
-3.982054
-5.006152
-5.572309
-2.471552
-1.022865
1.683481
2.809561
2.349137
1.407996
3.205864
3.142595
1.947450
0.791808
-0.097031
1.636229
5.170756
4.936087
3.237959
-1.335394
-3.352006
-3.166288
-4.283382
-4.515739
-1.955009
0.985522
4.206090
4.997391
0.548212
2.559323
1.749973
0.945947
-0.343798
-1.082796
-1.309371
-0.845027
2.074149
4.060677
2.140745
-2.081575
-3.899894
-3.766754
-4.713098
-4.823433
-2.628706
-0.906248
1.722530
1.733246
0.581560
0.356308
1.414240
0.993094
-0.084188
-0.917535
-1.173231
-1.058912
2.730246
3.824195
1.518615
-1.442956
-3.265992
-3.052499
-4.352591
-4.357736
-2.292269
-0.402743
1.832404
3.627838
2.545022
0.576824
1.558429
2.752094
2.489734
1.660163
2.129351
2.898785
5.705586
6.266919
4.501793
-0.945524
-3.115142
-1.995155
-2.215850
-2.670802
-0.945718
2.307357
5.290215
5.415917
3.599585
1.463476
1.011197
-0.468079
-1.781810
-2.737453
-3.201814
-3.126932
0.123975
1.302897
2.027098
-2.343838
-4.501280
-4.601340
-5.553960
-5.936393
-3.251813
-2.234866
0.400338
1.784161
1.566378
0.619656
1.375708
2.049878
1.792779
1.345388
0.566356
0.538286
3.786711
5.459760
4.658424
0.227887
-3.624285
-3.013810
-4.149566
-4.122458
-1.629335
0.550587
3.613062
3.622947
3.155189
0.874737
1.117278
1.159659
0.411589
-0.421098
-1.058014
-0.983163
1.312975
2.355889
2.280989
-1.455447
-3.611499
-3.550878
-4.270629
-4.889297
-2.302746
-0.873470
1.785545
2.882896
1.442023
0.657640
1.898931
1.340265
1.630888
0.547104
-0.239115
0.061840
3.419832
4.112914
2.652434
-0.445262
-3.295182
-2.863317
-3.832908
-4.011044
-1.309328
0.793254
3.686994
3.691854
3.871930
1.483236
1.684144
1.425159
0.545548
-0.439551
-1.225500
-0.988490
1.613294
2.490837
1.779966
-1.587115
-3.553537
-3.474324
-4.004765
-4.562128
-2.146755
-0.570529
2.032452
3.330590
1.876935
1.016284
1.878279
0.941063
1.314262
0.291796
-0.268410
-0.285507
2.582396
3.974905
2.283698
-0.591536
-3.349825
-3.017364
-3.958310
-4.385700
-1.446101
0.346355
3.135766
3.250198
-0.902709
0.546886
1.027097
1.694934
0.366854
-0.464937
-1.072447
-1.171438
1.737684
3.477680
1.645320
-1.421962
-3.577421
-3.148454
-3.877328
-4.109434
-1.719696
-0.334030
2.307126
3.726316
1.292937
0.856904
1.652021
3.402501
0.871720
0.388824
-0.310612
-0.315355
2.954582
3.838573
1.712817
-0.845547
-3.140419
-2.652943
-3.316106
-3.670197
-1.478146
0.538509
3.416749
3.841619
1.004068
1.120822
1.511017
1.333973
0.454529
-0.363960
-0.997605
-0.920424
1.399800
2.965319
2.112776
-1.606337
-3.544346
-3.156215
-3.871421
-4.604278
-2.091018
-0.456438
2.098146
2.927108
1.608849
1.176591
1.968117
3.837444
1.206288
0.174296
-0.528812
-0.578876
2.195798
3.611808
1.843791
-1.161767
-3.622429
-3.134608
-3.771583
-4.590873
-1.812349
-0.214819
2.476812
3.282388
1.469284
1.196057
1.881237
2.536476
0.999695
-0.078898
-0.751125
-0.803182
2.350835
3.680110
1.076090
-1.097891
-3.597460
-3.028437
-3.749680
-4.337287
-1.819459
-0.230503
2.536555
3.949068
1.508154
1.141738
1.696624
2.894389
1.076853
0.139909
-0.432952
-0.555025
2.442220
4.095465
1.359635
-0.775652
-3.337714
-2.965997
-3.862920
-4.337708
-1.739829
-0.013787
2.781027
3.447155
1.107007
0.937605
1.582043
2.277475
0.869223
-0.014767
-0.741143
-0.727422
2.049562
3.284920
1.401846
-1.135906
-3.377285
-3.007062
-3.649789
-4.401555
-1.897511
-0.198029
2.483620
3.633964
1.919728
1.344390
2.178242
2.873325
1.285262
0.206053
-0.637044
-0.515964
2.480511
3.365283
1.585145
-1.204481
-3.498648
-3.105282
-3.684711
-4.518952
-2.010515
-0.149449
2.551304
3.891814
2.072737
1.578087
2.057245
2.799116
1.120712
0.258329
-0.347271
-0.414219
1.955699
3.421420
2.440537
-1.054745
-3.618357
-3.474890
-3.503856
-5.068283
-2.345183
-0.570569
2.192161
2.922281
1.744569
1.230867
1.938702
3.151824
1.073740
0.165279
-0.479480
-0.688081
1.742285
2.980226
1.825705
-1.106060
-3.991670
-3.292708
-3.741894
-5.112262
-2.313479
-0.947918
1.720093
3.111150
2.240910
0.920750
1.970911
1.802657
2.209745
1.212810
0.217007
1.106954
4.527394
5.060685
2.901078
-0.606687
-3.560506
-2.977300
-3.154242
-3.925002
-2.065331
0.405156
3.668019
4.659301
4.677191
2.412693
2.052249
1.397958
0.236254
-0.619079
-1.258552
-1.107306
1.383817
2.885179
2.307688
-1.260220
-4.097153
-4.069914
-4.655467
-5.439205
-3.238413
-1.710765
0.877889
2.270764
2.312725
1.683719
2.453325
1.311541
1.989619
1.089185
0.315915
0.311734
2.817300
3.953071
4.052432
0.133107
-4.010540
-3.867146
-4.574983
-6.154531
-3.008363
-0.783861
2.170162
2.857480
1.814258
1.045755
1.455379
2.295985
0.637716
-0.154366
-0.791265
-0.757546
1.885482
4.167047
1.810986
-0.276249
-4.163865
-3.428381
-4.420171
-5.555206
-2.308933
-0.989118
1.599329
3.353053
1.739425
0.451140
1.395583
3.276679
1.299776
0.438249
-0.382334
-0.343345
3.459157
5.196914
0.768454
0.164504
-3.505476
-2.960359
-3.491003
-4.114456
-1.959626
-0.129356
2.889869
4.279647
3.280651
1.209064
1.493773
1.819160
0.741831
0.152279
-0.546313
-0.485641
1.927840
3.011099
1.905355
-0.870609
-3.396974
-3.023890
-3.664000
-4.947057
-2.605164
-0.608223
2.083391
3.235986
1.938174
1.734447
2.258390
4.107680
0.973276
0.186628
-0.638020
-0.565597
1.819968
3.261937
1.605253
-0.953442
-3.711013
-3.497228
-3.654303
-5.348274
-2.509933
-0.690437
1.942699
3.180680
1.707934
1.138088
1.772647
3.838593
0.976070
0.112131
-0.527794
-0.605676
2.188505
3.878811
0.853214
-0.495146
-3.682240
-3.334226
-3.516803
-4.761494
-2.021586
-0.438476
2.184513
3.634583
1.317955
1.024806
1.084121
2.002564
0.669898
-0.068820
-0.763262
-0.885513
1.290379
4.382029
3.125313
-0.220982
-3.396934
-3.008416
-3.394078
-3.903751
-1.750508
-0.315788
2.398523
3.780147
1.083207
0.715616
1.363712
1.536625
1.203369
0.369073
-0.519804
-0.640999
1.676845
3.488816
3.975523
-0.068278
-3.243029
-2.908383
-3.242738
-4.013238
-1.874862
-0.235491
2.583515
3.038504
-0.605675
0.686897
1.058971
1.136443
0.634994
-0.108841
-0.844299
-1.076802
0.773908
3.075416
3.963645
-0.415809
-3.529410
-3.075862
-3.401859
-4.357981
-2.060503
-0.691743
1.894021
2.911111
0.882378
0.923624
1.639149
1.989786
1.742044
0.822081
-0.264684
-0.482374
1.989614
4.119187
4.296124
-0.308686
-3.452167
-2.933321
-3.086233
-3.779415
-1.964062
-0.286265
2.500781
3.801298
-3.692528
1.413923
1.636227
1.652805
1.178106
0.323478
-0.521842
-0.824288
0.989560
2.865450
4.189847
-0.537053
-3.669988
-3.134249
-3.585799
-4.657849
-2.538217
-1.010507
1.629727
2.479386
1.360991
1.308077
1.787164
1.873346
0.924606
0.596615
-0.329932
-0.451364
1.237982
3.114309
4.070885
0.247168
-3.849140
-3.547413
-3.381922
-4.813200
-2.458444
-0.939329
1.869764
2.846316
1.034334
1.085749
1.472106
1.963187
1.356939
0.528446
-0.371444
-0.585416
1.423615
3.810150
3.920649
0.162172
-3.784631
-3.014913
-3.369430
-4.526529
-2.304015
-0.915878
1.838773
3.150310
0.880329
1.073468
1.482370
2.017358
1.620547
0.762943
-0.171269
-0.384635
1.783247
4.118162
4.083061
0.188784
-3.555750
-3.301273
-3.054151
-3.998764
-2.205775
-0.638727
2.242155
3.606151
-4.357618
1.248833
1.421698
1.649428
1.034992
0.202322
-0.662752
-0.983128
1.014198
3.228328
3.804370
-0.257264
-3.668398
-3.382948
-3.292439
-4.469844
-2.574971
-1.226184
1.454653
2.566517
1.041422
0.710478
1.217052
1.477309
1.189541
0.471353
-0.350991
-0.448216
1.684926
3.866173
3.862460
0.604282
-3.484901
-3.215120
-2.901641
-3.700097
-1.812266
-0.343823
2.388969
3.474403
3.436629
1.491348
1.598174
1.389011
1.108194
0.300912
-0.573221
-0.987799
1.343662
3.457153
3.930513
-0.578974
-3.439096
-3.122792
-2.673134
-3.497871
-2.229226
-0.751741
1.862028
2.941699
1.148362
1.553060
1.694595
2.014306
1.415709
0.583545
-0.316821
-0.598156
1.157800
2.964192
4.192329
0.024262
-3.895353
-4.242370
-3.614815
-5.002970
-2.976516
-1.466585
1.237251
2.176822
1.147004
0.807973
1.286901
1.503510
1.155721
0.333304
-0.441442
-0.567418
1.386932
3.440251
3.867228
0.836228
-3.751216
-2.864331
-3.233647
-4.275685
-2.178405
-0.725986
1.929449
3.200733
2.608899
1.511827
1.794399
2.137264
1.665601
0.901258
-0.113507
-0.330666
2.047843
4.135533
4.194210
-0.360114
-3.429307
-3.377442
-2.722315
-3.669316
-2.409554
-0.739622
2.067619
3.516122
0.064276
1.854739
1.881247
1.465667
1.101048
0.384334
-0.422344
-0.703215
1.153913
2.420497
5.072716
0.046793
-3.884655
-4.285964
-3.694979
-5.017956
-3.151578
-1.564804
1.091520
2.243660
1.068083
1.007476
1.400979
1.134829
1.070238
0.297736
-0.522275
-0.623391
1.193826
4.157072
4.777971
1.141357
-3.989282
-3.818988
-3.649690
-5.232224
-2.353864
-0.919014
1.457150
2.627235
0.621424
1.113407
1.418005
1.631361
1.440441
0.469958
-0.518273
-0.067265
2.797622
4.837787
4.374487
0.145570
-3.526152
-3.259905
-3.117908
-4.046726
-2.314779
-0.599252
2.267108
3.856812
3.911965
1.670498
1.567836
0.477673
0.748489
0.125496
-0.436286
-0.423036
1.360644
3.454061
5.173058
0.187964
-3.658547
-3.530438
-3.670658
-5.217877
-2.833674
-0.929787
1.778782
2.163685
-2.507052
0.894502
0.954868
0.354179
0.145958
-0.452989
-1.092687
-1.173532
0.738657
4.282338
3.324748
0.270154
-3.867793
-3.987486
-3.509999
-5.224754
-2.428848
-1.150120
1.056435
2.598771
0.443336
0.378480
1.140057
0.962737
1.405303
0.556215
-0.508686
0.077563
3.706141
5.795291
3.290357
0.724170
-3.207420
-2.830752
-3.097885
-3.518543
-1.644041
0.028492
2.811886
3.930066
4.238939
1.268508
1.701199
0.390021
0.607794
-0.150022
-0.849723
-0.904665
0.891992
2.143726
4.500238
-0.468646
-3.508275
-3.361299
-3.365418
-4.913063
-2.446655
-0.676113
1.953188
2.120219
-0.012095
0.352072
0.582098
0.334919
0.063646
-0.605541
-1.244915
-1.345251
0.703793
4.372975
2.383516
0.011097
-3.468418
-3.160626
-3.555918
-4.087402
-1.624327
-0.344526
1.853200
3.214986
3.363667
0.833411
1.370097
1.420899
1.447859
0.487363
-0.528135
-0.007618
2.928848
4.763253
4.875328
-0.461171
-3.067940
-2.586740
-2.528095
-3.162245
-1.571507
0.303981
3.198749
4.075661
4.267299
1.438999
1.912792
0.325635
0.277781
-0.474110
-1.059725
-0.917523
0.902785
3.085530
4.475262
-0.664528
-3.373183
-3.209908
-3.549402
-4.527969
-2.348371
-0.477302
2.135574
2.473915
-2.932559
1.317371
1.514805
0.265831
-0.054447
-0.709991
-1.331753
-1.247979
0.640984
3.975252
4.580356
-0.386774
-3.729377
-3.120196
-3.720614
-5.162278
-2.423017
-0.736712
1.732029
1.894083
0.525799
0.994207
1.546776
0.939276
0.511481
-0.256966
-1.113313
-1.258198
1.747007
4.729841
2.236432
-0.228257
-3.445973
-2.976008
-3.416268
-4.145734
-1.639535
-0.144425
2.436340
4.080585
3.079035
1.527334
2.445613
2.197111
1.911214
1.058608
-0.029915
1.052493
3.998722
4.687866
2.583131
-1.080827
-3.349295
-2.710692
-3.070236
-4.001499
-2.099924
0.178754
3.350697
4.065864
4.103528
2.022762
1.715969
0.667724
-0.717367
-1.390758
-1.869798
-1.669165
0.711736
3.439562
1.936719
-1.298842
-3.917844
-3.709116
-4.454488
-5.174860
-2.700939
-1.469448
1.027987
2.462419
1.539121
0.764739
1.378842
3.052546
0.980836
0.390980
-0.288436
-0.279870
1.884845
4.988732
2.786902
-0.460266
-3.784361
-2.935505
-3.961025
-4.459596
-1.904388
-0.320556
2.290820
3.333360
1.091851
0.842912
1.607227
2.055943
1.023416
0.158272
-0.773382
-0.580598
2.434523
3.562101
1.595062
-1.017541
-3.532403
-3.144806
-3.547320
-4.630939
-2.127033
-0.418747
2.306200
3.788301
1.854172
1.189400
1.803380
3.416335
1.235211
0.219799
-0.366690
-0.380238
2.154734
3.976492
1.528762
-0.686068
-3.516458
-3.035639
-3.785842
-4.880315
-2.025381
-0.238344
2.498226
3.075228
0.936181
0.834081
1.478628
1.387741
0.387944
-0.358159
-1.052869
-0.986581
2.061615
3.997004
0.716381
-1.030065
-3.383600
-2.848590
-3.506145
-4.307913
-1.729019
-0.147062
2.492263
3.931616
0.968464
0.922578
1.654557
2.301124
0.830414
-0.082253
-0.845807
-0.526471
2.798893
3.983562
0.827047
-0.893340
-3.199831
-2.641555
-3.407564
-3.914865
-1.535933
0.385594
3.136934
3.923751
-3.567295
1.136538
1.567960
1.781173
0.321805
-0.452576
-1.127581
-1.036261
1.496763
3.081658
1.463783
-1.478102
-3.459311
-3.247108
-3.088096
-4.758836
-2.157444
-0.454446
-0.089690
-1.027662
-1.155572
0.278741
-0.298981
-0.090505
0.042605
1.221514
3.960622
-2.714413
-2.094856
-1.181183
-0.388165
0.638493
0.840693
0.747880
0.456549
0.074498
-0.192161
-0.253499
-0.687872
-0.918496
-0.177772
-1.113600
-1.060407
-0.802975
-1.771653
0.312555
0.617733
0.242217
0.336928
0.951730
1.639014
3.364630
3.511393
-1.246741
-3.668686
-0.296596
1.673033
1.887006
1.853236
1.956465
1.933257
1.363900
-0.981513
-0.099074
-1.337464
-0.163296
0.130119
-0.548130
-1.454254
-1.151700
-0.535607
-0.603849
-1.471565
-5.945017
-1.355358
0.964325
0.423022
-0.482166
0.676017
2.173483
4.675093
2.750306
0.841759
-1.737273
-0.619594
-0.457713
-0.511092
-1.808483
-1.981488
-1.370740
0.980639
1.396984
1.092215
-5.462509
-1.891013
0.953214
1.112608
1.092907
1.471941
3.186171
5.075200
4.358798
3.570623
2.738053
0.225074
0.873023
-1.771809
-1.253189
-1.579480
-0.918399
0.979329
1.544802
1.605635
-3.684784
-2.183827
-0.071993
0.032207
-0.030263
-0.183999
0.508047
2.458308
1.797271
1.391338
0.538005
1.046606
1.201478
1.119263
-0.423162
-0.664241
-0.185346
0.892759
1.852186
1.220320
-2.025599
-2.858014
-1.070112
-0.707466
-0.649430
-0.684582
1.390323
3.499789
3.032519
2.484208
-1.603271
0.519599
-0.427905
-0.930544
-1.949491
-0.849739
0.476255
1.713320
3.134789
2.807840
-1.267933
-2.609488
-1.777943
-1.001438
-1.495754
-1.510163
1.287077
3.603409
3.754518
2.939846
-0.412557
0.629013
-0.803468
-1.450873
-2.626403
-2.205017
-1.326881
-0.281221
2.329693
2.646298
-0.550617
-3.458358
-3.776534
-2.528851
-3.778143
-2.553659
-0.840173
0.568041
0.596630
2.617547
1.938943
2.813462
2.450194
1.573969
0.124009
0.900487
2.353675
4.730145
6.633261
6.012351
-0.788780
-2.157211
-1.826937
-1.762454
-2.676820
-2.401742
2.216831
5.709197
4.715557
4.098704
-4.684478
-1.400175
-2.858059
-3.581274
-5.381547
-5.292260
-4.711701
-3.551460
3.166620
3.984552
1.791168
-4.511065
-4.969668
-4.547826
-5.249777
-3.356205
-2.118397
-0.750927
0.391045
1.732505
2.466285
3.457432
3.126920
3.062240
1.019623
0.394026
1.159210
2.579424
7.013002
5.539804
0.952119
-3.585121
-3.607462
-2.533517
-4.084619
-2.661436
0.079914
2.596785
3.189238
3.702636
3.848836
1.029368
0.435864
-0.689232
-1.891324
-1.940476
-0.903048
0.978142
3.892062
3.601924
-0.524901
-3.117686
-3.299477
-2.774617
-4.423612
-3.556825
-0.296145
2.026314
2.053292
2.424608
2.703826
1.765023
1.055678
-0.139234
-1.192443
-1.565959
-1.105143
0.605247
5.324577
5.504504
1.321371
-3.362377
-3.574823
-2.791067
-4.111072
-3.355149
0.061789
2.476973
2.537065
2.180115
2.244301
1.038407
0.029548
-1.057385
-2.275233
-2.597861
-2.262926
-1.104461
5.670135
5.407034
2.786996
-3.707631
-4.291904
-3.454028
-4.693283
-2.949434
-0.282429
1.980608
2.485658
2.083802
-0.705246
0.432702
-0.735142
-0.892469
-2.214133
-2.622912
-2.109229
-0.222606
5.695380
5.504621
2.437296
-3.664102
-3.777885
-2.286323
-3.131037
-1.786385
0.686928
2.880057
3.440270
3.242915
3.597464
0.910194
-0.113737
-0.805685
-2.021629
-2.327277
-1.590766
0.229573
4.017616
3.902407
0.394604
-3.279186
-3.549048
-2.679656
-3.994040
-3.009985
0.448292
2.608185
2.975641
3.035042
3.733275
1.310015
0.204749
-0.093508
-1.295036
-1.688640
-1.297150
0.405374
4.646597
4.608962
1.683049
-3.643408
-3.880292
-2.825248
-4.157621
-3.022281
0.228055
2.594749
3.124929
3.218382
3.840501
1.477621
0.538277
-0.215352
-1.540948
-1.962610
-1.261972
0.662366
4.363299
4.480912
0.457781
-3.182594
-3.853820
-3.098652
-4.530793
-3.263771
-0.023771
2.251320
2.850075
3.086209
3.309657
1.300728
0.273235
-0.419004
-1.635573
-2.031393
-1.748507
-0.090524
5.573326
5.304328
2.617889
-3.671076
-4.286910
-3.273053
-4.685601
-3.353680
-0.044356
2.575700
3.245970
3.055518
3.136510
0.888531
-0.172633
-0.891748
-2.076937
-2.470169
-2.123820
-0.566925
5.704639
5.438353
2.999235
-3.743419
-4.180516
-3.237672
-4.372953
-2.913481
0.388193
2.657458
3.328187
3.152211
3.467032
0.953027
0.002134
-0.828392
-1.997506
-2.372546
-2.020961
-0.277774
4.961788
4.845850
1.943183
-3.429337
-3.788941
-2.475918
-3.956260
-2.902518
0.320511
2.671431
3.111632
3.055542
3.444447
1.026018
-0.006977
-0.695590
-1.814214
-2.195395
-1.848510
0.018111
4.889503
4.842946
1.034309
-3.109562
-3.511924
-2.469557
-3.704907
-2.909653
0.351572
2.770074
3.025555
2.838701
3.280649
0.671793
-0.196318
-0.952964
-2.114380
-2.434607
-2.073970
-0.388198
4.817184
4.594287
1.877484
-3.664955
-3.843288
-2.854921
-3.936440
-2.799356
-0.025183
2.412881
3.037498
2.900426
3.423941
0.922679
-0.112045
-0.650554
-1.884434
-2.225355
-1.932493
-0.429689
4.906083
4.756316
2.756353
-3.848166
-4.107259
-2.866633
-4.018552
-2.936732
0.123896
2.612454
3.164457
3.340447
4.120475
1.430624
0.480181
-0.093234
-1.444909
-1.826223
-1.218069
0.667909
4.413179
4.407707
-0.315667
-2.802208
-3.556913
-2.769160
-4.174768
-3.323611
-0.005855
2.472421
2.893476
2.936774
3.499644
1.312383
0.371205
-0.351521
-1.512130
-1.982289
-1.694342
-0.094215
5.582335
5.334728
2.676999
-3.594740
-4.164356
-3.058616
-4.320474
-3.234801
-0.039078
2.732749
3.378412
3.109330
3.393601
1.086909
0.023130
-0.837028
-1.997778
-2.408884
-2.092866
-0.611792
5.250421
5.202127
2.566411
-3.562159
-3.972661
-2.946454
-3.983863
-2.931877
0.083023
2.802809
3.426516
3.144628
3.258244
0.867712
-0.137158
-1.019295
-2.133863
-2.543207
-2.219106
-0.511477
5.036851
5.036819
1.603192
-3.210881
-3.507312
-2.074875
-3.415204
-2.707346
0.335074
2.850356
3.217288
3.069786
3.265974
0.863130
0.054795
-0.979354
-2.181978
-2.527135
-2.093544
-0.042338
3.881697
4.228343
-1.978998
-2.240865
-3.106234
-2.141880
-3.473485
-2.752269
0.229239
2.690622
3.283909
3.456818
4.273335
1.871414
0.877105
-0.037124
-1.374946
-1.902246
-1.178571
0.912235
4.436127
3.342275
-2.255373
-2.491688
-2.881154
-2.527645
-4.066415
-3.467848
-0.328964
2.088723
2.194808
2.651666
1.834443
1.827456
1.135589
-0.033228
-1.237995
-1.676183
-1.378619
0.476236
5.868657
5.875002
1.794757
-3.216839
-3.665822
-2.201886
-3.653755
-3.156257
-0.092480
2.807632
3.096946
2.537568
2.333576
1.093139
0.052271
-1.137365
-2.633645
-2.913096
-2.576860
-2.074160
5.474217
5.736397
3.489870
-3.533627
-4.548613
-3.131926
-4.278623
-4.025368
-0.044761
2.144092
2.557030
2.365212
1.098405
0.616610
-0.451559
-0.620177
-2.074487
-1.498103
0.451742
2.601042
5.814769
4.597008
-2.312027
-1.910413
-2.467929
-1.829171
-3.517183
-2.948144
0.266629
2.795815
2.951514
3.039926
3.108838
0.486415
-0.478510
-1.345341
-2.427567
-2.505060
-1.547728
0.339280
4.367479
4.530088
0.962110
-3.426960
-3.626951
-2.759220
-4.161690
-3.515321
-0.424409
1.886333
1.937694
2.161687
2.913770
0.665600
-0.632733
-0.573974
-1.655476
-1.990513
-1.279286
0.549745
4.937063
4.831418
1.256420
-3.511598
-3.706107
-1.919956
-3.781562
-2.898557
-0.148743
2.217209
2.576641
2.634718
3.353483
0.712951
-0.446975
-0.386966
-1.535744
-1.896878
-0.851201
1.117126
4.798971
4.852304
0.350995
-3.027743
-3.576107
-2.672455
-4.154608
-3.521138
-0.296321
1.966161
2.030038
2.205885
3.276424
0.730315
-0.650878
-0.513133
-1.484516
-1.904562
-1.414854
0.323191
5.714769
5.208120
2.124403
-3.665561
-4.100634
-3.074460
-4.516140
-3.003810
-0.251869
1.965665
2.586419
2.957785
4.130126
1.064471
0.147982
0.074231
-1.227396
-1.371037
-0.089450
1.819398
5.303685
3.921693
0.672608
-3.629794
-3.703390
-2.863521
-4.281832
-3.401609
-0.490054
1.750448
2.173904
2.754829
3.795205
1.775241
0.734749
0.579165
-0.687495
-0.655032
0.599475
2.459004
5.379457
4.831187
-0.270192
-2.830274
-3.366753
-2.473656
-4.470068
-3.845748
-0.687791
1.961067
2.104090
2.066942
1.633254
0.566160
-0.368825
-1.368465
-2.383036
-2.529920
-2.072826
0.376141
6.527329
7.007879
4.738805
-3.708821
-4.538224
-3.870600
-5.442668
-4.794771
-0.987967
1.669739
1.647145
1.513564
0.797064
0.787028
0.514072
-0.591133
-2.404763
-1.357153
0.012792
2.308472
5.838071
4.499757
-0.404792
-2.935811
-3.135279
-2.242463
-3.869791
-2.757655
0.089624
2.420368
2.438541
3.164158
3.567953
0.845066
0.102762
-0.659012
-1.915471
-2.140983
-0.993378
1.080140
4.411757
4.569208
0.497670
-3.267509
-3.336770
-2.121804
-3.684016
-3.081311
-0.180732
2.287970
2.400892
2.653781
2.881648
1.046745
0.280895
-0.334293
-1.626390
-1.698638
-0.575166
1.424470
4.606245
4.729535
-0.320261
-2.800170
-3.081571
-1.919353
-3.596605
-3.185175
-0.250671
2.285242
2.451723
2.766520
2.854392
1.302104
0.320526
-0.515435
-1.762645
-1.841309
-0.866554
0.985944
4.306760
5.005920
0.091525
-2.924556
-3.267452
-2.149709
-3.880615
-3.425852
-0.505117
2.042408
2.138346
2.301439
2.379139
1.013694
0.139767
-0.816069
-2.184343
-2.544062
-1.616845
0.415847
4.954000
4.972506
1.325974
-3.461213
-3.786770
-2.565567
-4.337515
-3.496408
-0.361844
2.036128
2.278335
2.608504
3.131453
0.802495
-0.290551
-0.410821
-1.716626
-2.138276
-1.062137
1.168952
5.043726
4.861998
0.150963
-2.899233
-3.338368
-2.175109
-3.791984
-3.244658
-0.250761
2.167924
2.496451
2.841179
3.375161
0.924194
-0.094119
-0.283999
-1.524678
-1.993093
-1.075436
1.003581
4.879504
5.056152
0.960113
-3.059871
-3.470749
-2.157451
-3.864030
-3.634871
-0.405245
2.367664
2.433040
2.510901
3.036013
0.723516
-0.407522
-0.610963
-1.756704
-2.215272
-1.728069
0.154016
5.488678
5.254859
1.810334
-3.298104
-3.812065
-2.552426
-3.952830
-3.419485
-0.406152
2.268626
2.611204
2.805293
3.565669
0.810298
-0.261908
-0.447466
-1.640092
-2.102285
-1.114549
1.132752
4.939748
5.097787
-0.197446
-1.573114
-3.166504
-2.410223
-3.778391
-3.804789
-0.141619
2.345421
2.537723
2.700636
3.058196
-0.130010
-0.118300
-0.797854
-1.812918
-2.231500
-2.001324
-0.865713
5.112871
5.242895
3.159940
-2.599478
-4.100944
-3.646102
-4.478574
-3.429514
-0.827836
1.482731
1.919233
2.233868
3.347188
0.329538
0.479425
0.242950
-1.126132
-1.658096
-1.294460
0.206879
4.488920
5.133196
1.754511
-2.120826
-3.887990
-3.018829
-3.956387
-3.422736
-0.496235
1.920401
2.108959
2.429113
3.784334
0.721979
0.602511
0.246742
-1.036944
-1.603323
-1.192590
0.414462
4.627548
4.563470
1.918359
-2.362917
-3.820747
-3.618822
-4.192116
-3.580626
-0.642068
1.826556
2.219651
2.671590
3.810388
0.716789
0.661584
0.363828
-0.883087
-1.475907
-0.995288
0.606696
4.810315
5.097987
1.619841
-2.067600
-4.034660
-3.291903
-4.356454
-3.931168
-0.999792
1.539130
1.756024
2.046006
3.459507
0.756931
0.544059
0.235796
-0.878873
-1.511569
-1.407858
-0.240015
4.746726
5.103280
3.958801
-2.712130
-4.414933
-3.562670
-4.720242
-3.769396
-1.020933
1.498776
2.007215
2.681503
4.076279
0.755855
0.845975
0.624327
-0.750011
-1.366352
-0.813999
0.757397
5.119635
5.136690
2.699232
-2.250111
-4.123590
-3.333282
-4.364992
-4.041341
-1.014713
1.756942
2.018590
2.328785
3.530050
0.536959
0.343072
0.048921
-0.942576
-1.586462
-1.479080
-0.227828
5.371945
5.554804
3.985139
-2.531151
-4.312563
-3.623050
-4.426899
-3.764576
-0.990456
1.573650
1.986891
2.279902
3.573587
0.420967
0.459918
0.112553
-1.149151
-1.733530
-1.577219
-0.349145
4.402378
4.994020
3.127643
-2.478671
-4.206189
-3.209379
-4.349309
-3.651209
-0.825202
1.620109
2.073783
2.519599
3.840477
0.567807
0.639008
0.455325
-0.838920
-1.501648
-1.009935
0.654292
5.135802
5.279661
2.167624
-2.012215
-3.817213
-2.979853
-3.935144
-3.808091
-0.676058
2.041800
2.307720
2.665500
3.754932
0.563394
0.430305
0.046514
-1.001435
-1.601920
-1.473735
0.009217
4.513168
5.113678
0.994651
-1.841108
-3.554762
-3.148007
-3.815191
-3.746505
-0.700431
1.973816
2.313676
2.769136
4.029230
0.878866
0.809686
0.356757
-0.963403
-1.550932
-1.219135
0.459195
4.629463
4.691949
-0.043861
-1.573337
-3.387601
-3.176467
-4.052454
-4.161994
-0.854547
1.962054
2.334751
2.800921
3.852526
0.710497
0.623156
0.136912
-1.094235
-1.681421
-1.588938
-0.039268
4.696450
5.191166
1.577681
-1.781572
-3.844810
-3.343028
-4.209353
-4.356985
-1.000891
1.731789
2.065601
2.440940
3.618440
0.610633
0.467104
-0.042084
-1.243475
-1.866780
-1.782366
-0.212573
4.720857
5.225732
1.264570
-1.685086
-3.714023
-3.145425
-4.023434
-3.737574
-0.820255
1.957663
2.512335
3.058791
4.105504
0.633708
0.636629
0.119120
-1.111102
-1.679617
-1.252581
0.522899
4.793213
4.581474
-0.543409
-1.376714
-2.984396
-2.560363
-3.533983
-3.839784
-0.818019
2.117726
2.493688
2.747315
3.300420
0.244237
0.478995
-0.200610
-1.328718
-1.934340
-1.890329
-0.338046
4.216951
4.930518
0.500635
-1.681584
-3.475119
-2.458086
-3.650330
-3.699288
-0.790120
2.103917
2.528816
2.901120
3.666690
0.496318
0.537468
0.123094
-1.105798
-1.706473
-1.507686
0.217430
4.539402
4.482341
-0.705937
-1.452188
-3.052130
-2.469325
-3.393064
-3.437516
-0.613766
2.283059
2.823427
3.068176
3.211025
0.004049
0.675184
-0.194959
-1.418835
-2.032669
-1.613189
0.183049
4.552061
4.644450
-0.654897
-1.481706
-2.915854
-2.116407
-3.144203
-3.497992
-0.695518
2.210152
2.629907
3.312403
3.403498
0.378379
1.294128
0.208518
-1.242275
-1.796696
-0.900853
1.222213
5.003082
3.630138
-1.362098
-1.943773
-2.473539
-2.247914
-3.303774
-3.623791
-1.028529
1.507994
1.877458
3.202314
1.892658
0.832548
2.447181
0.531261
-1.257074
-1.693126
-0.745061
1.166850
4.800795
3.677510
-1.416047
-1.821973
-2.981080
-2.602101
-3.743292
-4.096210
-1.431560
0.911824
1.200810
3.269445
0.674151
0.182214
1.585337
-0.369457
-2.481117
-3.104496
-3.078839
-1.488219
4.505304
5.135923
3.068374
-2.552396
-3.954557
-3.028121
-3.928287
-3.532663
-0.766370
1.001266
1.455500
2.406101
-0.037782
0.320289
0.472270
0.728455
-0.994659
-1.946667
-0.830483
1.676736
6.658404
5.274017
2.594148
-2.382903
-4.728881
-2.023302
-2.632975
-3.010747
-0.254126
2.251831
3.157098
4.235311
4.811717
0.260910
1.364214
0.363289
-0.841989
-1.103266
0.051203
2.205292
5.774697
4.647703
-1.313887
-1.657475
-2.261787
-2.093745
-2.797507
-3.945239
-1.088209
2.339550
2.791756
2.992200
0.355865
-0.458802
-0.764007
-1.501979
-3.079373
-3.412175
-3.205935
-2.616057
5.154079
5.801940
3.429754
-2.221551
-3.519462
-2.665124
-3.455173
-3.233411
-1.248182
1.047078
2.736474
1.985994
1.088027
-0.964317
0.317815
0.076836
-1.728206
-2.368828
-1.951324
-0.327843
4.185944
5.230219
1.548264
-0.734898
-2.389579
-1.796102
-1.949398
-2.755993
-0.193861
2.958541
4.235353
3.114068
1.916625
-0.587260
0.460056
-0.360915
-1.542075
-2.233691
-2.139949
-1.050771
3.294464
3.656448
-1.166840
-0.720675
-1.709602
-2.279142
-2.358828
-3.289682
-0.702060
1.989824
3.752572
3.156931
2.206198
-0.113664
1.152315
0.446311
-0.969760
-1.757703
-1.514930
0.119525
4.325654
3.176320
-0.607209
-1.075324
-2.711859
-2.438104
-3.097839
-3.509598
-1.057750
1.368540
3.105066
2.482434
2.154050
0.097640
1.836469
1.116282
-0.507637
-1.241173
-0.893694
0.820538
4.753033
4.074892
-0.401888
-1.065590
-1.732394
-2.608092
-3.287280
-3.804375
-1.396616
1.264569
3.025323
3.413166
-0.267850
0.003533
2.203273
0.799879
-1.297311
-2.372100
-2.508292
-1.489377
2.877567
4.866408
1.747890
-1.245123
-2.784390
-3.189915
-3.387635
-4.231623
-1.196943
1.412926
2.760642
2.448188
-2.057520
0.077943
0.042760
0.400432
-1.224387
-2.069449
-2.140085
-1.206439
5.491118
5.982073
7.510353
-1.327662
-4.582771
-3.845038
-3.804412
-3.638124
-1.136584
1.321554
3.429649
2.771267
2.514086
-0.445004
-0.131710
-0.124487
-1.455484
-2.361259
-2.200190
-1.120806
4.165060
5.529868
4.578916
-0.849825
-3.896111
-3.136256
-2.951199
-2.960941
-0.877309
1.894252
3.686761
2.951789
2.504636
-0.411475
-0.151797
-0.386808
-1.486048
-2.264514
-2.159103
-1.613994
3.618042
5.152386
4.503469
-1.144486
-4.783545
-3.136634
-2.945947
-3.032182
-0.885435
1.692935
3.347957
2.634808
2.323463
-0.173450
0.178412
0.087808
-1.107486
-1.931560
-1.807555
-0.703556
4.163991
4.779348
3.148178
-1.039900
-3.640996
-3.018192
-2.691658
-3.863278
-1.028348
1.968527
3.432339
2.855470
2.544366
0.449351
0.677504
0.363844
-0.885736
-1.605798
-1.335319
0.177803
4.520265
4.414569
1.360584
-0.912881
-2.269717
-3.225345
-2.970256
-4.096194
-1.241911
1.383149
2.946880
2.524271
2.417354
-0.429791
0.266870
0.024806
-0.569689
-1.376339
-0.494618
1.415960
5.335529
4.277643
0.770656
-1.030001
-1.735747
-2.909039
-3.140469
-3.757661
-1.340960
1.131114
3.074021
2.589360
2.090876
-0.972874
0.636873
0.167572
-0.912064
-1.512725
-0.654123
0.923404
4.791827
5.671191
2.789391
-1.014430
-3.221269
-2.973852
-3.340017
-4.500144
-1.371415
1.818053
2.904546
1.804649
0.885813
-1.210006
-0.247927
-0.681646
-1.641019
-2.211128
-2.047611
-0.744825
5.086380
5.740548
3.959073
-0.937538
-3.641314
-2.935263
-3.459671
-3.968018
-1.228725
1.349547
2.454692
1.944577
1.510853
-0.652494
-0.166345
-0.258571
-1.450520
-2.196721
-1.201184
0.964371
5.268826
4.469578
0.688434
-0.818803
-3.002680
-2.624648
-3.047182
-3.631676
-0.843186
1.577325
3.212934
2.983392
2.676536
-0.364692
0.655578
0.298605
-0.719199
-1.421106
-0.826768
0.792402
4.600193
3.687118
1.063465
-1.429448
-2.314451
-3.011415
-3.489946
-3.976295
-1.210702
1.289229
2.917182
2.210465
1.417927
-0.500506
0.339632
0.189186
-0.845989
-1.325012
-1.113348
-0.177508
5.769089
6.257981
4.631228
-1.027941
-3.378276
-3.074544
-3.679551
-4.374968
-1.397219
1.962648
1.784876
1.608877
2.236760
-0.295951
-0.175557
-0.512198
-1.825356
-2.424828
-1.154098
1.260541
5.522851
4.225032
-1.068085
-1.675521
-3.231413
-1.823062
-3.266696
-3.680246
-0.792004
1.368976
1.956212
3.110574
3.624043
0.570366
0.942322
0.462981
-0.699525
-1.236803
-0.051409
2.065900
5.548100
4.344493
-0.051517
-2.184267
-2.835162
-1.922678
-3.200969
-3.763362
-0.996072
1.899737
2.283167
3.532566
1.146013
0.430557
2.147393
0.557238
-1.428479
-0.325503
1.276053
3.194691
5.333708
4.742331
-0.049169
-2.286641
-2.205188
-1.964386
-3.137760
-3.443557
-0.861125
1.778419
1.844389
2.801698
-0.482570
-0.305007
-0.194732
-1.492623
-3.394892
-3.744737
-3.432095
-2.528214
4.133166
4.632089
2.444290
-2.664945
-4.370903
-3.584486
-5.082044
-4.508133
-2.420482
-0.924525
-0.170650
1.293542
1.828735
1.586788
1.895457
2.236292
0.415039
0.339007
0.622425
1.807325
6.056385
4.966935
4.198322
-3.007107
-4.071645
-2.180309
-3.656399
-3.296050
-0.741890
1.758588
2.625484
3.773651
4.633435
0.385993
0.871091
0.336144
-1.016864
-0.677281
0.732267
2.538546
5.448095
4.416198
0.297978
-2.585804
-2.084336
-1.878414
-2.425657
-3.250027
-0.097264
3.408165
4.025489
3.753405
-1.628411
-1.497146
-2.582754
-2.767390
-4.260172
-4.434796
-4.066689
-3.133586
4.339696
4.977363
3.353884
-2.836421
-4.262143
-3.368481
-3.746106
-2.759613
-1.245472
0.208445
0.494949
0.569432
0.520713
0.264720
1.220592
1.385449
-0.491238
-0.611512
0.071945
1.561158
5.575316
4.452759
1.903156
-3.227239
-2.752629
-1.156512
-1.801723
-2.153644
0.285629
2.732531
3.111597
4.093154
3.596827
-0.745328
0.769236
0.067611
-1.442635
-0.817636
0.637924
2.274744
4.888437
3.972117
0.716422
-2.793026
-2.477887
-1.882074
-2.511288
-2.950410
-0.304470
2.728718
2.906923
2.662992
-1.436927
-1.077744
-1.633314
-1.747952
-2.996994
-3.085306
-2.810967
-2.343635
4.461215
5.261493
2.966997
-2.800487
-3.482924
-2.859196
-3.169128
-2.388569
-0.566981
1.035026
1.041648
0.796864
-0.425824
-0.330975
0.383651
0.629118
-1.239974
-1.275565
0.822721
3.088604
6.239177
5.163090
1.243643
-2.447778
-2.164325
-0.900965
-1.624474
-2.517852
0.756647
3.981551
4.029443
4.457802
1.169994
-0.955824
-0.538493
-1.626992
-3.007041
-3.312508
-3.149149
-2.366786
2.766279
3.660103
1.888249
-3.128415
-3.769382
-3.020334
-4.062420
0.350545
-0.492314
0.045404
1.274508
0.347597
0.177851
0.332361
0.378769
0.408006
0.440553
0.456805
0.481060
0.491901
0.521173
0.528893
0.546977
0.519298
0.521525
0.488769
0.494415
0.465709
0.406559
0.500984
0.421260
0.212671
-0.389659
-1.169055
-1.899377
-2.193901
-2.228381
-2.041026
-1.444003
-1.095481
-0.622444
-0.325547
0.044537
0.096103
-0.930780
0.053294
4.769863
5.040500
0.049462
0.243556
0.569815
1.387486
-0.239991
-0.033406
-0.081377
-0.121387
2.124857
2.304669
-1.788540
-2.250625
-1.769350
-2.019550
-1.447586
-1.721931
-1.338383
-1.005181
-1.059385
-2.083764
-0.708302
-0.132442
0.547855
0.668889
0.445127
0.103891
0.135239
-0.311326
1.030535
-0.096439
-1.014963
-0.724732
0.545634
0.312197
0.848686
-0.313077
-0.613909
-0.092517
-0.229772
-0.465697
-0.398871
0.581512
1.505846
1.477229
1.492768
1.070933
0.463691
-0.115030
0.535115
-0.328969
-2.626894
-1.714270
0.609378
1.301601
1.504761
1.387162
0.490767
1.526575
1.213425
0.640181
-4.245308
-0.661395
-0.400135
-0.816478
-1.525604
-2.066198
-2.330401
-2.725745
-1.501104
-0.978747
-2.027374
-1.306137
0.746702
0.398891
1.320978
1.192568
0.194657
0.863260
0.536190
0.186465
0.197889
0.352776
0.357110
0.952232
0.933060
0.883411
0.609511
-0.042412
0.071507
-0.736600
-3.378735
-1.395085
1.824572
1.865888
2.907082
3.197011
2.820022
4.222279
4.535776
3.569984
-2.382167
0.081722
0.441775
0.078273
-0.208619
-0.700423
-1.075318
-1.640557
-0.840560
-0.187986
-2.812881
-2.383355
0.599061
1.476946
2.217925
2.521228
2.273523
3.423017
3.562506
0.820357
-5.206633
-1.737335
-0.183243
-1.098439
-1.494427
-1.961267
-2.201199
-2.429415
-1.225174
-0.441550
-1.649080
-1.622602
0.165398
0.813403
1.550674
1.668227
1.098215
1.892707
2.181592
1.175798
-2.648689
-0.121321
-0.828004
-0.395002
-1.616421
-2.007173
-2.039095
-2.180714
-1.075856
-0.357468
-1.403536
-1.226722
0.485975
0.909034
1.721323
1.987503
1.356754
2.023666
1.932218
1.035300
-0.941993
-0.101204
-0.524322
-0.322110
-0.923032
-1.259375
-1.331242
-1.552944
-0.809700
-0.138844
-1.580288
-1.061441
1.065634
1.315220
2.215153
2.651536
2.105359
2.918713
2.898093
2.285228
-2.868401
0.195074
-0.624874
-0.759315
-1.156423
-1.649273
-1.778932
-2.139453
-1.241848
-0.692976
-2.066799
-1.381808
0.842807
1.254095
2.150651
2.368897
1.692256
2.419673
2.693443
1.921658
-2.787528
0.354768
-0.332508
0.135984
-1.069083
-1.555903
-1.713162
-2.034033
-1.161659
-0.647897
-1.859858
-1.399999
0.777191
0.970411
1.930961
2.238462
1.589251
2.414341
2.639973
1.790598
-2.347739
0.334665
-0.418583
0.003696
-1.055932
-1.576391
-1.683610
-2.001165
-1.090087
-0.601345
-1.809017
-1.356791
1.037502
1.007481
1.981227
2.282324
1.626843
2.460020
2.725648
1.886424
-2.489228
0.475592
-0.164705
0.217786
-0.858847
-1.327436
-1.499165
-1.850078
-1.022402
-0.501551
-1.899466
-1.494212
0.817537
0.981292
1.947367
2.254523
1.628762
2.478925
2.782557
1.910245
-2.775298
0.350826
-0.285749
-0.392244
-0.982350
-1.436685
-1.595936
-1.904909
-1.009990
-0.491060
-1.802566
-1.514878
0.979640
0.790964
1.844444
2.156439
1.577549
2.460891
2.747882
1.903713
-2.797840
0.049077
-0.337597
-0.548533
-1.145607
-1.585724
-1.737111
-1.980676
-1.039616
-0.540484
-1.777065
-1.486638
0.862026
0.626028
1.707659
2.036927
1.513761
2.409980
2.703203
1.921143
-2.291182
0.448884
-0.220539
-0.278694
-0.835596
-1.253003
-1.423236
-1.735868
-0.929226
-0.503479
-2.123677
-1.569616
0.644430
1.045166
1.925046
2.236255
1.679758
2.549069
2.888587
1.984696
-2.770452
0.219407
-0.434702
-0.562798
-1.097028
-1.566178
-1.681377
-1.964800
-1.014476
-0.515884
-1.788476
-1.544167
0.881171
0.692563
1.725774
2.030529
1.516544
2.411266
2.748682
1.945303
-2.616006
0.249116
-0.389044
-0.498986
-1.039014
-1.458689
-1.602846
-1.843140
-0.959169
-0.426089
-1.985331
-1.535953
0.692180
0.919291
1.834782
2.159424
1.607112
2.457279
2.773671
1.952015
-2.140700
0.273649
-0.609873
-0.700958
-1.240083
-1.634196
-1.714391
-1.898003
-0.954170
-0.525512
-1.723649
-1.461465
0.957001
0.746003
1.776711
2.060064
1.536337
2.393643
2.764627
1.993768
-2.301962
0.499436
-0.184277
-0.247067
-0.819958
-1.244769
-1.398368
-1.682161
-0.865243
-0.583717
-2.111986
-1.627898
0.637544
0.928126
1.824438
2.152792
1.641442
2.513983
2.894062
2.049631
-2.542315
0.430022
-0.286197
-0.380449
-0.889035
-1.341968
-1.451620
-1.742274
-0.854503
-0.349883
-1.982114
-1.662892
0.617727
0.861831
1.763039
2.041908
1.539798
2.407292
2.860524
2.263813
-2.770660
0.061791
-0.452852
-0.598568
-1.223486
-1.681190
-1.766567
-1.970622
-0.959829
-0.504462
-1.935766
-1.626939
0.656050
0.585682
1.563492
1.840682
1.352779
2.300799
2.665632
1.910232
-1.899702
0.374239
-0.292799
-0.329046
-0.836623
-1.235993
-1.327226
-1.559561
-0.741565
-0.503018
-2.177621
-1.621585
0.589010
1.042208
1.823136
2.138741
1.688235
2.597433
3.053700
2.219966
-2.591534
0.181996
-0.359216
-0.528699
-1.066683
-1.521503
-1.631064
-1.876687
-0.917451
-0.422274
-2.062924
-1.707309
0.857626
0.894093
1.698688
1.985978
1.538811
2.485346
2.961296
2.549488
-3.145742
-0.079487
-0.897404
-1.046668
-1.707514
-2.248921
-2.266481
-2.316393
-1.087975
-0.679032
-1.964548
-1.508196
0.583893
0.328198
1.451739
1.709232
1.101022
1.951429
2.261649
1.788621
-0.588289
0.345502
-0.096371
-0.234987
-0.780754
-1.161455
-1.194092
-1.356076
-0.587738
-0.533294
-2.129173
-1.473737
0.702300
0.980182
1.793560
2.198950
1.807570
2.712310
2.909783
2.181627
-1.861439
-0.014160
-0.511853
-0.659269
-1.095868
-1.485515
-1.521592
-1.691763
-0.849560
-0.508590
-1.993316
-1.520914
0.729849
1.026847
1.800845
2.123631
1.656454
2.480761
2.977571
2.404699
-2.364867
0.558307
-0.294745
-0.406808
-0.891460
-1.363895
-1.473366
-1.742140
-0.870511
-0.641430
-2.307702
-1.764246
0.937518
0.902535
1.759041
2.122632
1.717906
2.697980
3.503350
2.916151
-3.133915
-1.131882
-2.056297
-2.114505
-2.922630
-3.255182
-3.105438
-2.871747
-1.253396
-0.741528
-1.763944
-1.095167
0.678212
0.022732
1.092483
1.371459
0.735676
1.455468
1.866047
1.615070
0.399335
1.111345
0.643183
0.826288
0.482226
0.185779
0.154671
-0.074703
0.278382
-0.571331
-2.734807
-1.613713
1.093285
1.457180
2.409060
2.854154
2.580998
3.895459
4.445526
3.734636
-2.505356
0.057189
0.113164
-0.190496
-0.574840
-0.996874
-1.294188
-1.667087
-0.822728
-0.199099
-2.490123
-2.089532
0.255380
0.932601
1.726408
2.102625
1.787993
2.596386
3.238303
1.961828
-3.967624
-0.282166
-0.082218
-0.375562
-0.954744
-1.269458
-1.426264
-1.579157
-0.707809
0.141235
-1.841478
-1.848954
-0.000629
0.721602
1.418130
1.747261
1.407721
2.078409
2.561833
1.760135
-4.018111
-0.394411
-1.273643
-1.029350
-1.881539
-2.058000
-2.076147
-2.039520
-0.973721
-0.078313
-1.529045
-1.554880
0.156661
0.712200
1.461138
1.743491
1.199143
1.722818
2.061925
1.486182
-1.643020
0.302471
-0.837104
-0.903581
-1.524312
-1.829451
-1.809032
-1.888999
-0.899625
-0.213541
-1.428155
-1.491492
0.505822
0.548265
1.488945
1.837510
1.263648
1.875552
2.187646
1.593774
-0.962046
0.537415
-0.325986
-0.423795
-0.921685
-1.261004
-1.292040
-1.452022
-0.744576
-0.017992
-1.683341
-1.498774
0.479895
0.877117
1.697624
2.140267
1.648457
2.302855
2.672775
2.069323
-2.343514
0.061067
-0.657293
-0.750973
-1.329219
-1.683932
-1.721481
-1.872733
-0.978777
-0.261674
-1.649672
-1.544113
0.539354
0.665494
1.557625
1.974372
1.431696
2.030084
1.978211
2.230554
-2.579683
0.768264
0.055896
-0.185925
-0.793142
-1.253535
-1.409153
-1.705874
-0.898895
-0.572659
-2.297374
-1.845651
0.689191
0.631757
1.677633
2.112909
1.592034
2.334959
2.785267
2.127836
-2.621515
0.038403
-0.742444
-0.863874
-1.492930
-1.859450
-1.864795
-1.950947
-0.902138
-0.218999
-1.376225
-1.543601
0.433878
0.315847
1.320719
1.634744
1.076851
1.731163
2.090327
1.618364
-1.746517
0.144455
-0.511357
-0.596447
-1.137441
-1.459327
-1.477114
-1.564892
-0.712396
-0.321789
-1.815080
-1.507250
0.466683
0.475601
1.325817
1.891634
1.520162
2.103023
2.420487
2.110081
-0.988151
0.528759
-0.009882
-0.303130
-0.820442
-1.207577
-1.303961
-1.542434
-0.808731
-0.409449
-2.092288
-1.712031
0.547673
0.665962
1.553772
2.072226
1.634774
2.321381
2.743206
2.198958
-2.482018
0.180449
-0.523207
-0.712271
-1.282389
-1.644589
-1.684014
-1.824236
-0.915734
-0.259897
-1.641931
-1.608498
0.704435
0.574421
1.487506
1.918648
1.432868
2.065815
2.567150
2.314890
-2.371317
0.413792
-0.549290
-0.692963
-1.330733
-1.746792
-1.799824
-1.921609
-0.925606
-0.538493
-1.856921
-1.667479
0.389373
0.567438
1.320711
1.681477
1.117806
1.841478
2.234685
1.820207
-1.142225
0.251779
-0.140969
-0.386482
-0.893849
-1.224191
-1.278954
-1.392665
-0.611044
-0.255425
-1.928542
-1.621059
0.680818
0.472457
1.348328
1.937279
1.642588
2.308733
2.655255
2.569733
-2.345511
0.609431
-0.112397
-0.139744
-0.722699
-1.058687
-1.167816
-1.416230
-0.711594
-0.291601
-2.513741
-1.955253
0.578396
0.900204
1.819448
2.305578
1.891082
2.741620
3.400329
3.108598
-3.286905
0.072542
-1.034989
-0.828347
-1.574467
-1.851355
-1.908384
-1.859923
-0.839000
-0.119012
-1.737633
-1.745970
0.218787
0.668223
1.424928
1.753484
1.265631
1.862209
2.340976
1.943294
-2.172442
-0.535945
-1.519284
-1.742580
-2.542557
-2.829283
-2.730207
-2.562495
-1.045117
-0.542160
-1.660120
-1.388721
0.092332
-0.093795
0.795100
1.182455
0.673976
1.164404
1.555050
1.518013
0.463816
1.012294
0.366337
0.720897
0.529848
0.341383
0.372368
0.283286
0.572055
0.346148
-2.122662
-1.645674
0.782389
1.269011
2.204331
2.764035
2.403610
3.271617
3.567239
3.159126
-0.786038
0.335913
-0.655741
-0.418590
-1.036811
-1.236318
-1.360183
-1.432405
-0.615670
-0.137298
-2.032310
-2.078652
0.162937
0.885906
1.520869
1.836666
1.450796
1.607623
3.090654
1.517154
-4.187915
-0.562501
-1.117061
-1.154039
-1.718408
-2.000453
-1.931550
-1.751171
-0.618254
0.382336
-0.142245
-1.816308
-0.456175
0.787220
1.320983
1.751009
1.400050
1.803892
2.821304
1.849459
-2.177185
0.111185
-0.328934
-0.365942
-1.041668
-1.284084
-1.316427
-1.320638
-0.509484
-0.044258
-0.572371
-2.026332
-0.482165
0.961714
1.522825
2.009550
1.641269
2.169475
3.624777
2.431531
-3.382335
-0.070667
-0.722279
-0.863361
-1.552386
-1.868650
-1.894086
-1.860568
-0.790721
-0.054531
-0.199376
-1.997206
-0.236640
0.493492
1.161419
1.575045
1.113977
1.576538
3.124496
2.098154
-1.974976
0.656962
0.096444
-0.016032
-0.624040
-1.008417
-1.048848
-1.154453
-0.419137
0.062713
-0.611341
-2.141984
-0.444150
0.767945
1.378288
1.942915
1.648432
2.226763
3.780915
2.649411
-3.691663
0.101716
-0.580245
-0.543092
-1.206807
-1.512690
-1.566778
-1.546565
-0.618533
0.184534
-0.429990
-2.108835
-0.527539
0.780355
1.347482
1.767092
1.353448
1.888137
3.370351
2.288619
-3.648191
-0.165174
-0.951710
-1.038832
-1.805260
-2.134112
-2.111872
-1.995643
-0.711988
-0.110398
-0.061212
-1.932471
0.077366
0.302880
0.994764
1.192201
0.799036
1.192478
2.509761
1.639682
-1.704929
0.224155
-0.047918
0.033675
-0.356838
-0.512444
-0.442921
-0.382656
0.241699
0.607900
-0.197411
-1.933377
-0.364927
1.350665
1.646264
2.307987
2.089030
2.623169
3.949630
2.705748
-3.682647
-0.263726
-1.069275
-1.285678
-1.878714
-2.172078
-2.140952
-2.025597
-0.813106
-0.122635
-0.280598
-2.073027
0.334892
0.716599
1.254881
1.576601
1.114680
1.558140
2.952655
2.092593
-1.862197
0.478253
0.025124
0.174663
-0.628378
-0.894449
-0.945689
-0.962993
-0.252150
-0.181831
-0.603711
-2.280433
-0.597510
0.877098
1.290147
1.872876
1.636422
2.196607
3.594250
2.861156
-1.867212
0.168305
-0.410038
-0.553432
-1.049156
-1.382764
-1.445512
-1.484439
-0.606766
-0.111994
-0.706304
-2.366055
-0.532396
0.840458
1.311753
1.866020
1.548824
1.995778
3.794280
2.784410
-3.942664
-0.048671
-0.872264
-0.883332
-1.608821
-1.906367
-1.943897
-1.787983
-0.651415
-0.120706
-0.312978
-2.181193
0.534457
0.609405
1.125014
1.574951
1.169258
1.627488
3.202676
2.403599
-2.523154
0.373613
-0.202766
-0.178813
-1.056623
-1.391643
-1.463213
-1.433651
-0.505137
-0.346376
-0.528707
-2.316906
0.312934
0.403414
0.998896
1.554753
1.294900
1.826104
3.468512
2.540098
-3.155668
0.414980
0.062200
-0.036622
-0.645900
-0.884092
-0.940526
-0.933624
-0.291747
-0.062197
-0.773639
-2.447586
-0.662205
1.084056
1.401879
1.975379
1.700596
2.095619
4.341996
3.062691
-4.393612
0.022990
-0.505799
-0.601727
-1.157496
-1.481013
-1.533795
-1.488009
-0.491684
-0.049244
-0.432639
-2.398309
-0.832591
0.684067
1.109016
1.547101
1.190655
1.396727
3.595821
2.392576
-3.343702
0.068759
-0.679067
-0.723351
-1.539422
-1.881932
-1.964326
-1.789836
-0.548148
-0.238069
-0.233092
-2.238805
-0.260606
0.241784
0.861409
1.145589
0.863087
1.289000
2.830484
2.051915
-1.545052
0.418773
0.111249
0.110999
-0.416292
-0.583808
-0.572048
-0.469388
0.179176
0.140330
-0.372218
-2.314327
-0.532014
1.227755
1.549111
2.176185
1.974684
2.489639
4.185663
3.278479
-1.761406
0.204041
-0.094062
-0.413275
-0.866422
-1.160210
-1.239744
-1.277485
-0.425605
-0.292930
-0.799076
-2.640366
-0.968346
0.870102
1.174135
1.637043
1.345867
1.521708
3.670406
2.348303
-4.573226
-0.191674
-0.584198
-0.691245
-1.302037
-1.625130
-1.679189
-1.544039
-0.383795
0.158005
-0.302735
-2.370817
-0.879596
0.541018
0.987090
1.409317
1.013461
1.310124
3.047517
2.152581
-2.298039
0.409869
-0.101010
-0.199498
-0.949288
-1.233747
-1.341571
-1.299344
-0.438538
-0.953499
-0.616142
-2.593300
-0.419001
0.334825
0.882360
1.405085
1.147309
1.687681
3.527605
2.671341
-3.483541
0.789345
1.011732
0.751059
0.179407
-0.137668
-0.385910
-0.630328
-0.225397
-0.416732
-1.438050
-3.138119
-0.974254
0.930871
1.151769
1.676648
1.474456
1.942912
4.559499
3.386451
-2.649750
-0.912332
0.193634
-0.544053
-0.872160
-1.442491
-1.661586
-1.848641
-0.781682
-0.675834
-0.497396
-2.810795
-0.927784
0.078996
0.461629
0.821995
0.522407
0.699910
2.591657
1.951161
-3.225155
0.194424
0.746457
0.912269
-0.002855
-0.433117
-0.711077
-0.932143
-0.335909
-0.609327
-0.632275
-2.947298
-0.952306
-0.004041
0.365419
0.953738
0.838617
1.583627
3.637876
2.968528
-3.628579
0.284017
0.735554
0.471309
-0.017312
-0.483352
-0.812611
-1.087954
-0.492501
-0.688333
-1.131736
-3.164863
-0.935286
0.290228
0.568174
1.116015
0.850835
1.333765
3.895530
3.018740
-3.907504
-0.184432
-0.191805
-0.416371
-0.918563
-1.362113
-1.606938
-1.600372
-0.543606
-1.093257
-0.313578
-2.535941
-0.616487
0.074572
0.260397
0.807721
0.984456
1.570467
3.371035
2.769656
-2.448979
-0.088848
-0.201724
-0.431536
-0.969187
-1.336843
-1.284957
-1.077872
-0.079734
0.411160
0.587303
-2.008406
-0.666860
0.615074
0.741368
1.389721
1.442808
1.581540
3.406673
2.725220
-3.860879
0.585321
0.407182
0.369055
-0.458833
-0.768099
-0.856949
-0.816326
-0.090881
-0.364100
0.143168
-2.437081
-1.083225
0.573889
0.812743
1.455688
1.376437
1.561655
3.547148
2.762045
-3.378984
-0.282753
-0.560706
-0.313545
-1.405105
-1.707977
-1.764032
-1.472170
-0.240530
0.532340
0.783119
-2.038753
-0.715352
0.164924
0.464606
0.858804
0.789993
1.106140
2.570418
2.036553
-3.234983
0.529367
0.411362
0.293411
-0.454297
-0.753904
-0.800943
-0.688876
0.048069
-0.348208
0.172804
-2.325054
-1.096731
0.316354
0.671404
1.259265
1.149874
1.501146
3.442168
2.502588
-4.547848
0.350083
-0.013335
0.223753
-0.720628
-1.047047
-1.111245
-0.993385
-0.090203
-0.407985
0.546352
-2.237989
-0.794071
0.206789
0.475668
1.067241
0.995468
1.229652
2.916042
2.361832
-4.449119
0.507320
0.350216
0.108413
-0.402777
-0.714334
-0.786275
-0.692229
0.070130
-0.349640
0.426137
-2.333904
-1.318624
0.324678
0.590634
1.176355
1.103746
1.307375
3.126143
2.466921
0.058387
0.338662
0.312813
0.584952
-0.500334
-0.774039
-0.904166
-0.757979
0.020636
-0.317294
0.489013
-2.361856
-1.455063
0.332436
0.631097
1.172186
1.073867
1.198551
2.883232
2.286065
-0.648703
-0.188416
0.149022
0.322842
-0.664666
-0.920384
-1.022094
-0.829360
0.037919
-0.271859
0.682888
-2.244371
-1.534111
0.143165
0.462435
0.946639
0.846488
0.944544
2.528259
1.955390
-4.484991
0.200814
0.516339
0.690634
-0.254206
-0.501646
-0.677996
-0.611221
0.036865
-0.223706
0.500374
-2.368177
-1.650108
0.171472
0.575656
1.226106
1.157161
1.060036
2.765772
1.888935
-0.418175
-0.231757
0.211074
0.080726
-0.638209
-0.855559
-0.960665
-0.834751
-0.040233
0.534314
0.810038
-2.086659
-1.734917
0.097345
0.368128
0.942976
0.856897
0.685120
2.223127
1.485508
-0.455241
0.247986
-0.052083
0.026430
-0.812942
-1.045129
-1.104641
-0.959147
-0.088474
0.644390
0.721840
-2.081269
-1.502317
0.151710
0.510420
1.090609
0.955821
0.817656
2.361984
1.519777
0.064670
0.421348
-0.181211
0.184764
-0.785693
-1.017640
-1.015390
-0.815994
-0.008875
0.697720
0.539409
-2.075713
-1.367395
0.436960
0.752373
1.356402
1.199535
0.931669
2.560513
1.746696
-2.426128
0.095360
-0.283536
-0.031159
-1.013620
-1.255422
-1.250738
-1.056319
-0.100777
0.581157
0.734037
-1.958154
-1.159704
0.099254
0.511610
1.115682
1.017605
0.964590
2.479042
1.822313
-4.767257
0.522028
-0.217537
-0.301515
-0.951452
-1.263052
-1.253250
-1.123043
-0.149966
0.551540
0.658318
-1.997350
-1.116092
0.060045
0.474374
1.053762
0.950220
1.162998
2.795990
1.919039
-3.673923
0.347498
-0.272245
-0.353574
-1.023853
-1.415615
-1.386967
-1.239014
-0.208308
0.472916
0.857968
-1.851035
-0.557161
-0.041973
0.292918
0.809894
0.745058
0.990125
2.598832
1.808125
-4.161461
0.343909
-0.208326
-0.232943
-0.828967
-1.208865
-1.158251
-0.984914
0.018722
0.618249
0.907039
-1.691804
-0.094158
0.062806
0.258376
0.887991
0.865407
1.129054
2.548257
1.998624
-4.609464
0.879936
0.099336
0.105285
-0.646274
-1.051228
-1.025241
-0.896492
0.061734
-0.471098
-0.048090
-2.182431
-0.485704
-0.157147
0.520351
0.911212
0.735141
1.064050
2.712435
2.228725
1.157225
1.177289
1.016114
1.078349
0.371535
0.019779
-0.073365
-0.202723
0.170196
-0.147692
-0.823353
-2.760053
-1.196697
0.384205
0.855237
1.456974
1.204685
1.542519
3.499131
2.551163
-0.454925
0.574445
0.182622
-0.028073
-0.551639
-0.786278
-0.891484
-0.864821
-0.112611
0.293868
-0.090291
-2.477150
-1.322019
0.454220
0.690647
1.208527
0.997561
1.054408
2.817726
1.769784
-4.938102
-0.816784
-1.932063
-1.978859
-2.794333
-3.124057
-3.017006
-2.624632
-0.794702
0.027029
-0.066189
-1.889831
-0.265255
-0.458611
-0.052106
0.295521
0.213759
0.422585
1.997172
1.412117
0.009813
1.228034
0.719661
0.545190
0.914013
0.917711
0.963573
1.065757
1.440538
0.761322
-0.828834
-2.279984
-0.752119
1.035943
1.502554
2.239697
1.961445
2.432322
3.889268
2.841992
0.102462
0.826476
0.396250
0.201016
-0.233569
-0.436616
-0.476555
-0.517746
0.097440
0.251360
-0.283324
-2.448651
-1.276520
0.756648
1.039581
1.562832
1.386290
1.674470
3.298988
1.953606
-2.664649
-0.501148
0.070952
-0.307688
-0.749385
-1.037060
-1.074582
-1.015576
-0.022552
0.181206
0.044976
-2.306052
-1.428543
0.152603
0.656452
1.038841
0.761695
0.861750
2.751808
1.512159
-4.166795
0.063410
-0.911043
-0.968565
-1.736827
-2.037263
-1.987264
-1.759412
-0.339507
0.276215
0.235020
-2.117340
-0.000109
-0.242662
0.527124
0.807222
0.527369
0.860929
2.409160
1.709507
-1.477027
0.533846
-0.069804
0.071202
-0.543751
-0.728114
-0.620948
-0.442173
0.326197
0.742182
0.086517
-2.022127
-0.884370
0.670733
1.113976
1.633643
1.393039
1.837806
3.234985
2.412413
-3.505007
0.698983
0.057213
0.022953
-0.443633
-0.673189
-0.646766
-0.638619
0.025867
0.267017
-0.559591
-2.375875
-0.906960
0.983430
1.374856
1.992973
1.738564
2.078259
4.116992
2.646151
-4.957069
-1.153887
-1.939621
-2.099253
-2.787327
-3.071337
-2.937942
-2.523500
-0.791859
0.331812
0.242728
-1.851747
-0.531549
-0.013688
0.479157
0.768513
0.355799
0.730433
2.295432
1.539042
-0.611081
0.365761
-0.023393
0.182435
-0.124854
-0.150612
0.004619
0.171254
0.773721
0.656829
0.059472
-1.939903
-0.549820
1.048601
1.418442
2.043378
1.868711
2.391899
3.676287
2.533185
-0.083015
-1.884532
-1.328543
0.445186
0.114799
-0.039089
0.148350
0.275171
0.339018
0.379248
0.383336
0.382870
0.380898
1.626461
4.512660
0.074042
-3.122044
-2.259713
-1.408766
-0.876309
-0.841008
-0.891112
-0.681685
-1.201117
-2.210147
-0.459511
-0.225672
-0.829050
0.382819
2.373350
1.145375
1.752373
2.121753
2.517458
3.150025
3.600491
3.907119
3.112559
9.097980
16.420956
-6.713298
-4.861474
-1.649509
1.869062
1.425370
2.179791
2.070754
3.408649
6.362086
7.623672
3.798983
-2.234186
-1.263097
-1.970152
-9.039682
-13.690996
-15.899400
-15.579505
-12.803142
-9.978039
-0.830153
0.326970
0.833471
1.800963
6.679257
7.537021
6.670403
4.881155
3.675812
2.397554
1.090925
1.556265
0.550976
-1.295278
-0.753817
-2.445855
-3.465820
-2.207553
0.262636
0.999659
3.000640
-3.880275
-1.807189
-0.029452
-0.331735
-1.007132
-0.992938
0.363469
1.897263
0.407584
0.119445
-0.890297
0.978269
3.416872
2.832710
0.076955
-1.397620
-0.297872
1.421003
2.394519
2.090898
-3.327677
-1.899422
0.503018
0.223612
0.458289
1.443274
3.703178
5.243570
4.214320
0.143870
-0.359786
-2.634447
-1.782342
-2.287983
-3.411516
-3.415600
-2.253278
-0.362270
0.935093
3.856763
-3.107125
-2.265487
-0.857044
-0.263523
0.118278
0.793865
2.228284
2.864713
1.986732
3.123636
3.318799
2.605075
2.089250
1.812422
-0.286940
-0.509681
0.386721
1.865050
2.769127
2.943841
-2.737418
-3.048596
-2.274435
-1.706735
-2.918070
-1.914761
0.961453
2.090413
0.800842
1.019508
0.218395
1.530149
3.455915
1.671898
-0.147843
-0.591104
0.763263
4.170057
4.641851
4.558005
-2.219092
-2.328846
-1.732966
-1.265437
-1.874016
-0.766645
0.769000
2.139090
1.713668
0.542648
-0.931574
-1.114861
0.329703
-0.814818
-2.004193
-1.304037
0.331147
4.148643
4.813216
4.614449
-2.485904
-1.724406
-2.885277
-2.801473
-3.638700
-1.553882
0.412843
1.508533
1.580652
4.135359
2.315927
1.674270
2.783602
0.462508
-1.218441
-0.952430
-0.320047
1.584491
3.116713
5.480052
-1.180923
-4.237426
-4.186296
-4.108749
-5.342554
-3.126140
-1.039011
1.445706
1.025797
1.716452
2.278664
2.737312
4.705327
3.126855
2.114102
0.542338
0.755093
4.438004
5.492357
5.135308
-1.010417
-2.530605
-3.062500
-3.879684
-5.434461
-2.777294
-0.116775
1.599360
1.709471
2.327964
0.364882
1.182997
3.050917
1.200651
-0.246376
-0.833202
0.193402
3.554168
4.148167
4.867467
-1.407367
-3.029781
-2.994645
-3.127089
-4.920447
-3.439092
0.131720
1.793998
1.721794
2.184838
1.385581
1.176370
2.996801
0.815041
-0.966670
-1.257317
-0.061658
3.170700
4.048324
4.260885
-1.802191
-3.156142
-3.260581
-3.328968
-4.828577
-2.809380
-0.574979
0.796408
0.783864
1.407647
-2.015704
1.509504
3.893615
1.543456
0.106517
-0.492454
0.402156
3.886611
4.791175
3.929206
-2.023252
-1.864812
-1.897453
-2.061247
-3.618653
-2.284033
0.215085
2.076298
1.883092
2.219460
0.421759
-0.296696
0.013549
-0.971447
-1.866257
-1.677072
-0.255655
2.108475
3.118617
3.355271
-2.088145
-3.044624
-3.116506
-2.954722
-3.924785
-2.362771
-0.474005
0.630927
0.572468
1.649454
0.550828
0.469027
2.446389
1.225414
-0.610147
-0.972560
0.234732
4.044763
4.711580
4.875932
-1.613060
-2.759938
-2.648552
-2.337004
-4.010567
-2.699246
0.277251
1.938674
1.716111
1.689186
1.875121
1.783246
3.580515
1.298690
-0.648185
-0.926046
0.039770
3.159948
4.290384
5.275778
-1.416948
-3.672901
-3.413616
-3.097420
-5.606430
-4.537411
-0.500504
2.019439
1.695251
1.851734
-0.228224
1.675865
3.347950
1.796317
0.578821
-0.479533
0.621350
3.998916
4.949439
4.624144
-1.904899
-2.156583
-2.599527
-2.995346
-4.664612
-2.652518
-0.248599
1.284302
1.343880
2.068346
2.239523
1.944116
3.735362
0.838305
-0.946108
-0.870019
-0.015540
2.233913
3.481196
4.321201
-1.518820
-3.430516
-3.766436
-3.373915
-5.894634
-4.877913
-0.353005
1.635912
1.377271
1.133068
0.754697
1.828197
3.471846
2.086233
0.478096
-0.455895
0.186533
3.904598
4.693366
4.635038
-1.820376
-2.219036
-2.410950
-2.487186
-4.310004
-2.398277
0.069297
1.632948
1.614875
1.993362
1.558072
1.074389
3.306281
0.762603
-1.288692
-1.447432
-0.222324
2.319572
3.359677
4.321101
-1.612725
-3.256381
-3.202617
-2.582761
-5.082457
-3.912541
0.060202
1.812016
1.545506
2.058306
1.831651
1.214314
3.284819
1.357387
-0.507754
-0.925654
0.090241
3.503024
4.062136
4.513862
-1.640985
-3.126827
-3.020964
-2.712322
-4.360678
-2.683633
-0.228119
1.314131
1.112408
1.149582
1.215741
1.321167
3.052967
1.285056
-0.650821
-0.889506
0.124747
2.944941
3.981433
4.113706
-1.718029
-2.939671
-2.843269
-2.440480
-4.262537
-2.934665
0.073352
1.623038
1.507157
1.446409
1.476917
1.126421
2.135330
1.012453
-0.685377
-0.963785
0.259995
3.378888
4.022941
3.874768
-1.859621
-2.741264
-2.711885
-2.283349
-3.796237
-2.434360
-0.178988
1.418964
1.275322
1.355625
1.164170
1.241608
2.020212
0.869045
-0.643388
-0.906712
0.197897
4.025115
4.347423
3.704952
-2.230453
-1.616864
-1.739043
-1.522307
-2.574520
-1.854264
0.256557
2.135564
2.224289
1.993028
0.578292
-0.448660
-0.540842
-0.607641
-1.844698
-1.539791
-0.198915
1.679648
3.196329
3.396935
-2.113385
-2.939818
-3.108367
-2.297052
-3.457556
-2.508002
-0.821523
0.408800
0.313577
0.567135
0.562779
0.009677
1.117855
0.832759
-0.968941
-0.797233
0.396849
4.038804
5.190946
4.471264
-1.761900
-2.100192
-2.083848
-1.704960
-3.232251
-2.324842
0.166098
2.178240
2.156250
2.739964
1.724559
0.935303
1.182099
0.599359
-0.974636
-0.953986
0.233246
2.937585
3.818089
3.971741
-1.810179
-2.907121
-2.723566
-2.628541
-4.122175
-2.828312
-0.306768
1.187836
0.966758
1.812138
1.484969
1.406325
1.856230
1.042852
0.260316
-0.115040
0.863728
4.728200
4.996168
4.411398
-1.765873
-2.005138
-2.075849
-2.418366
-4.079382
-2.700161
0.003103
2.078370
2.178013
0.636752
1.183843
1.231510
0.885260
-0.201205
-1.385998
-1.386824
-0.138425
2.344957
3.492852
3.408165
-2.347499
-2.347888
-2.539212
-2.094636
-3.484925
-2.311161
-0.333907
1.141063
1.302641
1.822437
1.925042
0.613642
1.071315
0.095290
-1.070642
-1.187647
-0.007660
2.997120
4.242865
3.700440
-1.533120
-2.565822
-2.712686
-2.191245
-3.891780
-2.682515
-0.363875
1.402815
1.550130
1.495670
1.919435
1.252270
1.449464
0.276354
-1.220799
-1.271464
0.035244
2.506798
3.660592
3.718369
-1.673658
-2.978313
-2.877173
-2.677649
-4.143754
-2.903537
-0.670415
0.943226
0.715521
1.736719
1.717060
0.915766
1.811362
1.015995
-0.431453
-0.736102
0.373887
3.451158
4.200101
4.172939
-1.649649
-2.924719
-2.849103
-2.502574
-3.900913
-2.600580
-0.495379
1.216062
1.150787
1.907563
1.686306
0.918747
1.170459
1.306994
-0.603455
-0.587269
0.374910
2.345728
3.468148
3.678033
-1.891630
-3.185357
-2.978647
-2.751946
-4.426719
-2.774826
-0.918978
0.558960
0.350345
0.646456
0.303603
0.319049
1.921974
1.295119
0.250950
-0.723011
0.479287
4.194176
4.971130
4.702548
-1.565874
-2.863149
-2.566383
-1.913319
-3.091483
-2.113702
-0.247028
1.457737
1.280064
2.391725
2.360530
2.627028
1.659202
1.734278
-0.354726
-0.493164
0.413660
0.996893
3.055436
1.872634
-1.218799
-2.818072
-2.857666
-2.293416
-4.326595
-3.852163
-0.160529
1.787511
0.800899
0.233934
0.495479
0.974888
1.690559
0.295665
-0.373502
-0.693972
0.273786
2.149160
4.270010
2.600552
-2.518275
-2.061476
-2.326469
-2.083571
-3.700276
-2.782367
-0.067386
1.686933
1.043463
0.365477
2.214651
1.995266
2.184413
0.498532
-1.213654
-1.378027
0.006302
0.342111
2.729555
1.385303
-1.086203
-3.160581
-2.927037
-2.550937
-4.272955
-3.055240
-0.334101
1.245610
0.681222
0.841607
2.317737
1.628424
2.429600
1.462451
-0.395494
-0.807409
0.044097
1.761193
3.811978
2.007964
-0.921765
-2.890004
-2.459076
-1.962383
-3.667880
-3.472768
0.302167
2.551887
1.673625
2.292472
2.333480
1.127038
1.849183
0.260792
-1.421411
-1.725906
-0.209035
0.533046
2.756819
1.477775
-1.147671
-3.396060
-3.066399
-2.968961
-4.717749
-3.054374
-0.562994
0.920204
0.248290
0.349176
1.956490
1.574499
2.967380
1.652663
-0.161871
-0.881403
-0.012125
0.895630
3.393794
1.859807
-1.065227
-3.390460
-3.119556
-2.392527
-4.568420
-4.127069
-0.390702
1.740527
1.069601
2.076091
2.730585
1.876700
2.701462
1.803523
-0.220476
-1.113221
-0.072703
2.127918
4.057909
2.403070
-1.154858
-2.960104
-2.630782
-2.250983
-3.680087
-2.398275
-0.175790
1.542772
0.851537
1.581108
2.645120
1.714078
1.918538
0.614589
-0.872065
-1.066778
0.044916
0.817792
3.101626
1.830275
-1.122445
-3.022609
-2.624813
-2.386011
-3.660789
-2.783470
-0.322872
1.427540
0.685302
0.987024
1.922334
1.441857
2.236907
0.871836
-0.824968
-1.063475
0.007604
0.372006
2.959538
1.720909
-1.099310
-3.216108
-3.053698
-2.583537
-4.488487
-3.493825
-0.547304
1.261699
0.572791
1.436834
2.096284
1.809943
2.924362
2.031609
0.344107
-0.600079
0.333899
1.988805
4.106363
2.436764
-0.880930
-3.251956
-2.936060
-2.284285
-4.314841
-3.706337
-0.340173
1.750751
1.258221
2.328774
2.547143
1.537334
3.019117
1.461962
-0.637864
-1.380390
-0.303196
1.533763
3.652081
2.023087
-1.061988
-3.104153
-2.764616
-2.519453
-3.995170
-2.966222
-0.490522
1.218065
0.612044
0.360014
2.057863
1.084986
2.144434
0.845803
-0.493792
-1.126386
-0.162900
1.964410
3.871950
2.209261
-1.017771
-2.809832
-2.283858
-1.928039
-3.073988
-2.631361
-0.021433
2.085669
1.381576
2.088738
1.608950
0.379884
1.006404
-0.440891
-1.624797
-1.705667
-0.377274
0.029791
2.582592
1.437672
-1.287933
-3.341485
-3.168863
-2.409252
-4.182155
-2.890946
-0.572162
0.666129
-0.004279
0.937474
2.333719
1.695460
2.801246
2.123645
0.726960
-0.398506
0.400630
2.337561
4.620476
2.914399
-0.993886
-2.699061
-2.152932
-1.779685
-2.866920
-2.288349
0.102035
2.253275
1.580418
0.876723
0.644304
1.441432
1.260557
-2.517419
-1.469646
-1.537657
-0.199593
0.511591
2.724011
1.396306
-1.305908
-3.017698
-2.584405
-1.822988
-3.262639
-2.233011
-0.402561
1.225300
0.641895
1.325576
2.487644
1.286508
2.181773
0.666116
-1.171221
-1.579952
-0.262505
0.946837
3.244500
1.863774
-1.233136
-2.738800
-2.275766
-1.789746
-2.828097
-2.382320
-0.375743
1.469338
0.899397
1.225970
1.742230
1.110226
1.775075
2.923416
-0.940399
-1.187732
-0.175150
1.537624
3.721746
2.298985
-1.137486
-2.798709
-2.218699
-1.826994
-2.620140
-2.317126
-0.239326
1.694163
1.198378
2.298739
1.011273
-0.250419
0.544740
-0.086145
-1.212097
-1.312837
-0.063107
0.315995
3.081348
2.266857
-1.270272
-3.133391
-2.953556
-2.321786
-3.614956
-2.640676
-0.807915
0.687444
0.009542
-0.562107
1.996878
1.908082
3.319519
1.902197
0.269505
-0.500935
0.288578
2.231278
4.230226
2.423380
-1.003006
-2.770129
-2.064905
-1.269723
-2.676869
-2.524835
0.132402
2.470203
1.728599
1.632981
0.579450
0.518005
1.099033
-0.405175
-1.553762
-1.937248
-0.557533
0.335819
2.845735
1.660520
-1.288466
-3.127548
-2.943490
-2.144762
-3.283021
-2.400497
-0.798589
0.727848
0.230738
0.278612
2.985515
1.817783
2.893489
1.204572
-0.702309
-1.298256
-0.409556
0.778079
3.423906
2.252434
-1.513257
-3.179519
-2.679716
-1.835754
-3.475236
-4.230190
-0.882824
2.776248
1.600801
2.062151
2.575958
2.228717
3.067429
1.838255
-0.431656
-1.444395
-0.294558
1.206484
3.433488
1.270744
-1.272321
-2.936942
-2.437107
-2.179815
-3.510280
-2.527385
-0.249805
1.665652
0.894250
0.431504
2.578557
1.480769
2.584538
1.037811
-0.875689
-1.413342
-0.455864
1.523591
3.420745
1.684794
-1.234244
-2.830610
-2.085849
-1.627128
-2.483847
-2.205029
-0.106483
1.887660
1.269071
2.022413
0.324451
0.045659
0.666360
-0.631589
-1.792054
-2.096956
-0.718896
0.455792
2.910047
1.397354
-1.457258
-2.855125
-2.451726
-1.375354
-2.163227
-1.829797
-0.537275
1.069243
0.457645
1.322336
1.672608
0.512795
1.927962
0.442680
-0.697710
-1.437417
-0.307780
1.502470
3.750854
1.916182
-1.427186
-2.807377
-1.901936
-1.428751
-2.249853
-2.300839
-0.121940
1.856099
0.938307
2.021076
0.833794
0.494528
1.879000
0.594446
-1.051282
-1.737542
-0.484470
1.508246
3.585222
1.779473
-1.426124
-2.766564
-2.137943
-1.040543
-1.950460
-1.422707
-0.042921
1.750440
1.079065
1.924969
0.739132
0.271635
1.267367
2.124015
-1.482167
-1.941838
-0.708580
0.976152
3.108368
1.310786
-1.548972
-2.731982
-2.124935
-0.719288
-1.558899
-1.563729
-0.230178
1.599366
1.381038
2.941685
0.601605
-0.034113
2.119625
0.923154
-1.092080
-1.595305
-0.584007
0.308635
2.488542
1.604845
-0.993944
-3.219516
-1.760973
-1.624122
-2.228843
-2.491706
0.214420
2.480767
1.822155
2.473933
0.278050
-1.110010
1.139029
0.368909
-1.046989
-2.218432
-0.988631
0.310202
2.797090
1.591448
-1.055312
-2.621078
-1.549277
-1.089968
-1.437912
-1.547057
0.387173
2.155268
1.712963
3.131622
1.689246
-2.472072
1.239544
3.198628
-1.018540
-1.428003
-0.457094
0.281672
2.632991
1.702963
-0.857898
-3.103638
-2.087462
-1.864118
-2.535061
-2.920577
-0.049968
2.158936
1.395228
0.851131
-0.035506
0.430107
2.123841
1.556280
-0.528057
-1.624378
-0.512954
0.939274
3.279491
1.876796
-0.980779
-2.686505
-1.526383
-0.788807
-1.311423
-1.507834
0.504567
2.461069
1.971388
3.505447
0.834231
0.184547
2.205297
0.781678
-1.024030
-1.596255
-0.660489
0.308350
2.343356
1.568633
-0.851831
-3.309186
-2.031174
-1.755910
-2.460546
-3.058549
-0.087793
2.327812
1.665341
2.339870
0.438943
-0.630327
1.681992
0.826739
-1.106632
-2.161208
-0.991431
0.577775
2.844085
1.508119
-0.718669
-2.939787
-1.309615
-1.460973
-1.510547
-1.741417
0.210047
2.107815
1.655010
3.161335
0.728962
-1.098945
1.504165
0.612076
-0.971878
-1.778110
-0.771583
0.776893
2.810752
1.615050
-0.809522
-3.135330
-1.584491
-1.450445
-1.524027
-1.739546
0.175023
2.132352
1.532889
3.091987
-0.340189
-1.153626
1.001154
3.881248
-1.417301
-2.508995
-1.156676
0.185228
2.629831
1.450198
-1.023465
-2.905948
-1.429595
-0.938247
-1.150975
-1.143852
0.073352
1.919585
1.328069
2.839312
2.710734
-1.026275
0.988316
4.070752
-1.256186
-1.801249
-0.565880
0.396336
2.659480
1.589876
-1.193558
-2.872382
-1.915975
-1.445608
-2.049447
-2.511243
-0.093732
2.063729
1.331520
2.855744
-0.207069
-0.407002
1.970315
0.925623
-1.025050
-2.093208
-0.871572
0.405884
2.889473
1.640146
-1.031116
-2.824563
-1.363151
-0.873892
-1.206901
-1.175867
0.416990
2.208315
1.839490
3.345052
1.730443
-1.694817
0.947481
2.969079
-1.459029
-1.957299
-0.928315
-0.223638
2.160244
1.839251
-1.098073
-3.453825
-2.084569
-1.922641
-2.720855
-3.570133
-0.662580
2.135369
1.181417
1.575974
1.236149
0.984966
3.163314
2.683931
0.798664
-0.887828
-0.138265
0.951233
3.481797
1.573743
-1.110671
-2.739922
-1.480918
-1.453506
-2.053414
-1.959941
-0.070398
2.074336
1.529481
2.664211
0.761702
-0.852096
1.188544
0.287832
-1.025638
-1.786665
-0.635618
0.718649
2.977064
1.658662
-1.261839
-2.922966
-1.783555
-1.697014
-1.924963
-1.855156
-0.264042
1.400215
1.018828
2.235795
1.058910
-1.507969
1.090994
0.404291
-0.243452
-1.408588
-0.271346
1.814172
3.935876
2.930153
-1.403797
-2.644162
-1.600631
-1.302939
-1.374463
-1.894026
-0.272021
1.418766
1.183985
3.092845
-0.526955
0.130421
0.484639
-0.201849
-0.522549
-1.166530
-0.093234
0.573427
2.862085
2.226182
-0.918429
-3.359175
-3.135237
-1.985415
-2.619612
-2.878704
-0.744338
0.983942
0.318667
1.507090
2.255043
0.882517
3.272099
3.576716
1.669697
0.043743
0.629619
2.388433
4.839705
3.110375
-0.719398
-3.143574
-1.805707
-1.832915
-2.512349
-2.871768
-0.801217
1.224383
0.873774
0.811409
-1.342210
-1.359873
0.238528
-0.458678
-2.071509
-1.974391
-0.907474
1.168576
4.378185
3.192506
-5.916096
-1.645368
-3.104081
-1.723701
-2.762348
-2.490959
-0.207560
1.730484
1.780618
4.053213
5.315339
1.821116
1.718233
1.012952
-0.631882
-1.204803
-0.617714
0.911823
3.491247
2.740156
-0.342666
-2.866163
-3.074910
-2.539591
-3.461391
-5.028167
-1.924966
1.829860
1.192780
1.759764
1.225954
0.945435
2.145375
1.780395
-0.107137
-1.234495
-0.450796
1.172034
3.931976
2.697094
-1.073822
-2.325929
-2.535751
-1.821742
-3.709737
-3.829977
-1.096482
1.404998
1.117433
1.580757
2.632026
0.763055
2.418635
1.396274
-0.682296
-1.658076
-0.597388
1.248227
3.380540
2.386681
-0.897357
-2.743358
-2.477777
-1.691803
-2.957767
-3.106002
-0.929329
1.462087
1.015408
1.433922
2.014555
-0.499849
1.472786
0.646441
-0.873527
-1.681834
-0.707133
1.261413
3.466799
2.587210
-1.010420
-2.722820
-2.352941
-1.466334
-2.083333
-2.240386
-0.715880
1.341704
1.294090
1.680341
0.842166
0.506271
0.742244
-0.196323
-1.172378
-1.734348
-0.515115
0.103919
2.815392
2.440133
-1.239681
-3.025332
-2.396520
-2.075746
-1.922685
-2.128439
-0.975185
0.483214
0.255857
0.379699
1.636053
1.031857
0.990151
0.817981
-0.849628
-1.628571
-0.422629
0.765747
3.151347
2.349027
-1.178537
-3.208557
-1.731614
-1.542804
-1.910469
-2.065787
-0.580610
1.081673
0.654040
0.651499
1.617705
0.210288
2.562554
3.067717
-0.073585
-1.079124
-0.026320
1.915138
3.931100
2.928562
-1.134757
-2.943895
-1.926312
-1.355381
-1.905634
-1.884156
-0.395388
1.377825
0.863071
1.148766
-0.083473
-1.565578
0.416430
0.113678
-0.386553
-1.470096
-0.026664
0.869101
3.474943
3.074776
-1.401115
-2.987466
-2.462126
-2.305618
-2.928705
-2.527097
-1.183623
0.093545
-0.420877
1.134418
0.797215
0.341485
1.586103
2.108017
-0.378325
-1.157425
-0.156092
1.195177
4.108854
3.176205
-1.206809
-2.885672
-2.597200
-2.324172
-3.744326
-3.044904
-0.927493
0.798394
0.354537
1.763128
3.117146
2.694348
4.506529
3.687315
1.593597
0.135417
0.687275
2.193252
4.719469
3.065811
-0.839968
-2.747358
-2.465899
-1.684123
-3.533080
-3.782493
-0.563593
2.353811
1.618414
3.187645
0.113313
-0.649483
0.869741
0.195856
-0.883676
-1.713233
-0.530841
1.490401
3.868331
2.935917
-1.515200
-2.406296
-2.439421
-1.549298
-3.355126
-3.292220
-0.968338
1.149920
0.878972
1.105675
2.037263
0.627823
2.359059
1.301420
0.007160
-0.915416
-0.038135
1.773406
3.893918
2.706303
-0.627829
-2.453856
-2.000670
-1.364897
-2.903183
-3.208397
-0.220044
2.566649
1.988195
1.752514
-0.332177
-0.514030
0.970741
-0.349916
-1.627752
-2.286907
-0.999639
0.863737
3.134405
2.124941
-0.716834
-2.662106
-2.137397
-1.398016
-2.282347
-2.458591
-0.372803
1.603153
1.331673
2.649076
1.939227
-0.700651
1.508417
0.549156
-1.108604
-1.611896
-0.533380
0.218970
2.649921
1.575307
-0.690133
-3.156648
-1.899905
-2.311200
-3.023566
-3.137162
-0.657934
1.453010
0.987772
1.147115
0.775421
0.285360
2.110131
1.555776
0.077357
-1.110799
-0.173817
1.644260
3.839699
2.702816
-0.541466
-2.702508
-2.034781
-1.331479
-2.193583
-2.263022
-0.225884
1.880740
1.609414
2.241985
0.712517
-0.523969
1.316021
0.535776
-1.172985
-1.646023
-0.409255
0.021350
2.526403
1.659420
-0.788839
-3.110313
-2.413032
-2.406884
-3.303532
-2.770447
-0.616111
1.261564
0.414292
0.902386
2.200501
1.426408
2.624567
1.823228
-0.219313
-1.197509
-0.281935
1.631705
3.838718
1.879949
-1.249903
-2.993305
-2.176021
-1.471280
-2.259158
-2.286043
-0.306479
1.651550
0.983508
0.892003
0.994129
0.921361
1.559789
0.232674
-1.187085
-1.647423
-0.567149
1.452465
3.568274
2.053124
-1.263719
-2.698980
-2.200547
-1.134740
-1.601620
-1.858490
-0.120409
1.662487
1.167245
1.679620
0.272957
-1.387632
-0.124557
-0.791431
-1.757725
-1.963440
-0.681364
-0.444932
2.460979
1.337613
-1.532676
-3.297200
-2.466795
-2.003987
-2.906916
-2.419662
-0.493040
0.430815
-0.404588
1.438037
3.098088
2.421455
3.199725
2.554408
0.813114
-0.215210
0.519668
2.101990
4.362651
2.546295
-1.177453
-3.103507
-2.875814
-2.293571
-3.796237
-3.537319
-0.561702
1.705000
0.720279
1.754043
1.054007
1.981484
2.811744
1.394229
-0.050540
-0.749699
0.282339
2.857638
4.602844
0.143201
0.242995
0.110349
-0.000554
0.001339
0.051752
0.078614
1.112679
3.872194
-3.444072
-3.024354
-1.589795
0.272053
1.206471
1.347135
1.222235
0.881374
0.533319
0.323024
0.209498
-0.189619
-0.686286
-0.789223
-1.112521
-1.508210
-1.113798
-2.062692
-1.271101
0.886052
2.544561
3.562232
4.829906
5.485034
7.287729
7.506354
2.137873
-3.930433
-4.215135
-1.293237
-2.138940
-2.494636
-1.740659
-1.002240
-0.495645
-1.012822
-0.933501
-1.493137
-0.911837
0.012393
-0.352869
-0.632058
-0.561432
-0.798712
0.001402
-0.138658
-5.780262
-2.395344
0.271267
0.811462
-0.388608
-0.460278
1.393942
3.901504
2.530471
2.139896
-2.631287
-1.242842
-0.882105
-1.358167
-2.160103
-2.671894
-2.111803
-0.762942
0.428384
-0.649890
-4.628234
-2.367127
1.041600
0.760097
0.578529
1.001068
3.189548
5.264013
4.224171
4.487864
1.333963
-2.362377
-1.392347
-3.299129
-1.742135
-2.378675
-1.670882
0.018786
1.143323
0.468576
-4.257120
-2.667075
0.141051
0.469122
0.693458
0.039247
1.027483
3.202999
2.103858
1.837833
0.178095
1.443965
1.384973
0.975996
0.163390
-0.620455
-0.247881
1.415392
2.208399
1.565718
-2.899699
-2.831966
-0.934313
-0.460451
-0.272112
-1.145548
0.749055
3.231947
2.633482
2.504259
-0.625531
0.583051
0.082957
-0.003041
-1.035944
-0.160851
1.246412
2.678682
3.975130
3.251301
-1.443754
-3.063011
-1.444530
-0.926210
-0.886486
-1.559960
0.714799
3.356317
2.916824
2.502924
-2.187194
-0.481895
-1.193305
-1.258320
-2.046461
-2.301250
-1.912629
-1.441384
1.822800
2.506032
-0.434833
-3.644840
-4.084381
-2.254275
-3.927530
-2.788353
-1.324605
-0.119757
-0.051190
1.851268
1.537943
1.874822
2.293814
1.947169
0.296654
0.871930
1.613897
3.948222
6.409906
5.663318
0.143543
-2.856908
-1.820027
-0.853145
-1.529349
-1.890536
1.044323
4.216957
3.444095
4.726410
-1.013730
-0.595891
-1.517563
-1.888676
-3.222089
-3.499080
-3.119114
-2.478516
3.557107
4.146173
2.394562
-3.214384
-4.159412
-3.560811
-4.666870
-3.286639
-1.488508
0.244161
0.407878
0.600664
0.583943
0.095440
0.787086
0.746309
-1.203357
-1.965171
-0.188609
2.365798
6.394138
5.413885
1.741484
-2.498543
-2.867388
-1.535138
-2.355622
-2.215758
0.479363
3.046197
3.725686
4.292684
3.380042
-0.163295
1.267773
-0.088262
-1.488825
-1.894786
-1.278983
0.318505
3.715473
2.974514
0.860102
-2.854482
-3.481415
-2.919153
-4.026550
-3.931587
-1.016356
1.121481
1.398746
1.654613
-0.675538
0.652231
1.089753
0.784298
-0.448416
-0.997432
-0.914609
0.248229
4.913794
5.383042
2.786232
-2.593108
-3.611130
-3.134996
-4.147325
-3.459882
-0.628374
2.158240
2.792623
2.399908
-1.241602
-0.070310
0.252117
-0.175886
-1.540116
-2.103596
-1.991631
-1.242859
4.724597
5.050519
3.971899
-2.882699
-4.311963
-3.300148
-4.823460
-3.454096
-0.705872
1.520298
1.778436
2.439257
1.597903
0.356401
1.100925
0.904132
-0.704223
-1.518405
-1.311380
0.304878
4.675561
4.934264
3.620231
-2.778416
-4.251411
-3.180773
-4.547201
-3.581220
-0.500087
1.773323
2.180235
2.917844
0.207746
0.502781
0.572952
0.770969
-0.603039
-1.443103
-1.405967
-0.284327
4.350580
4.966392
4.506948
-3.059572
-4.864612
-3.645488
-4.867700
-3.867189
-0.824350
1.430757
1.772434
2.100762
0.697480
0.118813
0.339766
0.579263
-0.759121
-1.646867
-1.585019
-0.324243
5.244894
5.521361
6.406449
-3.403976
-4.848225
-3.336474
-4.580326
-3.095851
-1.056739
1.007393
1.832206
2.140180
-0.028677
0.362071
1.241682
1.167482
-0.535156
-1.343509
-0.118796
1.940301
5.895197
4.720909
3.304577
-2.839642
-3.374794
-1.941474
-3.044850
-3.181526
0.060072
2.978715
3.879885
4.209315
4.158397
0.377561
1.124457
0.055081
-1.165302
-1.769385
-1.579752
-0.086751
3.733077
3.163389
-0.355219
-2.341683
-3.694188
-3.057590
-4.470757
-4.257155
-1.250719
0.952121
1.337448
2.076412
0.384410
0.703075
1.222595
0.177425
-0.202783
-0.877579
-0.755839
0.149875
5.472418
5.742235
3.420917
-2.439387
-3.810240
-3.217630
-4.243663
-3.718685
-0.920869
2.165659
2.863472
2.918881
-1.719688
0.612316
0.721032
0.173253
-1.472586
-2.041424
-1.991765
-1.140492
4.169693
4.680511
3.452960
-2.785491
-4.705990
-3.906912
-5.321610
-4.358215
-1.184304
1.090048
1.434084
1.776353
1.500568
-0.051232
0.472318
0.465069
-0.928378
-1.857740
-1.837928
-0.606895
5.589859
5.745302
7.213978
-3.222741
-4.895514
-3.570532
-4.583610
-3.151170
-1.190310
0.870967
1.908799
2.303139
-1.574563
0.248129
1.183219
0.963580
-0.792955
-1.464329
-0.102486
2.096947
6.092976
4.921026
2.669177
-2.451865
-2.898551
-1.647143
-2.461964
-2.872454
0.209084
3.379660
4.179145
4.591235
3.950712
0.239254
0.724073
-0.398567
-1.652729
-2.147830
-2.064464
-0.718601
3.241554
2.529771
-0.682272
-2.279825
-4.615360
-2.981997
-4.435442
-4.029994
-1.163360
0.981711
1.365148
2.297470
-1.413907
1.288340
1.677496
1.562829
0.083135
-0.696948
-0.570162
1.250552
4.871754
3.777607
-1.022941
-1.980144
-3.496723
-2.894681
-4.232124
-4.204911
-1.135160
1.323860
1.858430
1.943269
-0.102609
2.066937
2.626430
1.838417
0.290749
-0.503392
-0.250158
1.440411
4.857378
3.845453
-1.428765
-1.783484
-2.894075
-2.961539
-4.756304
-4.498784
-1.460194
1.169499
1.558125
2.436264
-0.044526
0.467773
1.149220
-0.731600
-2.372489
-2.818197
-2.788275
-2.105170
5.579463
5.788960
6.315563
-3.002204
-4.963197
-4.272708
-5.114974
-3.776536
-1.834192
0.118228
1.221048
1.956935
1.820187
0.347010
1.353159
1.248961
-0.782363
-1.527904
0.427327
2.862187
7.501914
6.190739
2.138984
-1.772782
-2.920056
-1.154199
-2.115000
-2.305734
0.386950
3.481441
4.519940
4.967794
3.965423
-0.152270
0.726647
-0.961892
-2.220074
-2.652407
-2.444828
-0.893842
3.218574
2.330504
-0.959653
-2.172282
-3.021515
-3.060923
-3.939645
-4.171556
-1.317425
1.141279
1.609763
1.943658
0.271886
0.287038
0.921431
0.448367
-0.704093
-1.212461
-1.216701
0.111489
4.594152
5.470632
-0.235085
-1.603546
-2.877048
-2.139733
-2.760557
-2.966871
-0.407267
2.439371
3.326934
3.445544
3.284983
0.683884
1.699379
0.306987
-1.322362
-1.492632
-0.736317
0.923312
4.258645
3.801554
-0.348238
-2.052768
-2.844839
-2.600301
-3.883154
-3.946167
-0.968535
1.636146
1.889793
2.727718
0.191390
-0.124443
0.361346
-0.753996
-2.321846
-2.786839
-2.691692
-1.508994
4.342324
4.963623
2.535364
-2.647811
-3.783018
-3.078362
-4.048739
-3.168097
-0.866745
0.999885
1.587871
2.003844
0.739399
-0.355637
0.148390
0.742002
-0.889544
-1.787796
-0.168258
2.172390
6.545773
5.473671
3.572742
-2.656970
-3.501863
-1.710369
-2.635977
-2.875547
-0.026220
2.454983
3.151155
3.788270
4.190094
-0.318555
0.612515
0.050228
-0.961974
-1.218976
-0.115123
1.575947
4.605578
3.487553
0.833459
-2.613420
-3.036284
-2.585214
-3.518313
-3.684893
-0.914081
1.780961
2.158673
1.956479
1.526440
0.071830
0.140721
-0.121333
-1.263999
-1.602762
-1.404665
-0.398787
4.866196
5.230204
2.837527
-2.480155
-3.276398
-3.099187
-3.925237
-3.939880
-0.907793
1.638410
1.678378
1.376437
1.843076
-0.019222
-0.213653
-0.032179
-1.014040
-1.672355
-1.578406
-0.341294
4.319985
4.821657
2.455937
-2.530288
-3.931727
-2.886506
-4.023873
-3.231280
-0.590507
1.386275
1.732815
2.001138
2.980490
0.144081
0.175903
0.469877
-0.628607
-1.458020
-0.940424
0.883712
5.037764
4.068978
1.969981
-2.937851
-3.736926
-2.401064
-3.773430
-3.214355
-0.538570
1.296731
2.051588
3.345178
3.824774
0.804354
1.569518
1.427074
0.037538
0.566577
1.362795
3.583954
6.078517
5.230229
1.169208
-2.307635
-2.401453
-1.891758
-2.972651
-3.372653
0.024186
3.342350
3.646630
3.196621
-0.860872
-1.006200
-1.343311
-2.489697
-3.774999
-3.886005
-3.500899
-2.063545
4.482947
4.855865
3.172673
-2.950855
-4.552395
-3.852602
-5.346323
-4.388476
-2.692690
-1.363143
-0.535448
0.759849
1.639691
1.425200
2.067329
2.637248
0.541369
0.041206
0.606284
1.541824
5.905584
4.799973
3.516669
-3.166442
-3.598995
-1.974686
-3.247521
-2.937430
-0.367777
1.967993
2.674983
3.605867
4.270219
0.029212
1.034598
0.449488
-0.801100
-0.528444
1.030632
3.004370
5.370091
4.318375
1.110123
-3.054437
-2.434057
-1.886468
-2.489965
-3.019314
-0.208002
2.838167
2.998775
2.359331
-2.761944
-1.910296
-2.463255
-2.437836
-3.662786
-3.850899
-3.562776
-2.690531
4.135181
4.735129
3.189156
-3.074903
-5.040117
-3.099355
-3.700440
-2.590604
-1.285549
-0.163094
0.339043
1.491718
1.014052
1.058943
2.415607
2.499943
0.695711
-0.027117
0.352424
1.793690
4.866108
4.084341
1.346881
-3.379050
-2.657638
-1.628432
-2.028901
-2.238133
-0.172168
2.084221
2.640165
3.735329
3.798540
0.335857
1.090009
0.707294
-0.657263
-0.929159
0.169415
1.823851
4.728841
3.646389
0.671077
-2.800923
-2.574443
-2.309280
-3.077896
-3.510649
-0.991702
1.729822
2.007403
2.303345
0.676648
-0.092261
0.291239
-0.400568
-1.602476
-1.800679
-1.550022
-0.659654
4.770119
5.325428
2.532618
-2.539158
-3.270152
-2.576385
-3.968412
-3.810776
-1.170452
1.090344
1.448729
1.612411
1.770241
-0.083841
0.534256
0.482166
-1.173996
-1.764875
-0.775995
1.318807
5.367042
4.468926
0.496517
-2.263583
-3.041647
-2.170838
-3.406662
-3.621901
-0.592239
1.544364
2.193140
3.567047
3.619067
0.811026
1.781325
0.760845
-0.811161
-0.748344
0.747685
2.836625
5.664982
4.903068
0.369411
-2.257667
-2.352824
-2.122700
-3.305020
-3.713288
-0.846306
2.110465
2.283301
2.670610
1.413423
-0.188565
-0.809179
-1.097082
-2.320020
-2.524466
-2.150333
-0.866811
5.391789
5.779825
3.027762
-2.376079
-4.977262
-3.649601
-5.123119
-4.672291
-1.906757
-0.164619
0.199581
0.356469
-0.056104
-0.313185
-0.192512
0.414558
-1.519670
-2.530709
-1.183059
1.338716
6.146158
5.028598
1.335782
-2.405334
-3.354903
-1.993323
-3.469726
-2.938678
-0.738867
1.290177
2.101405
4.341851
3.757184
1.018765
2.706167
1.271350
-0.641328
-0.527580
0.048602
2.278895
5.094083
4.489460
0.801638
-2.389839
-1.901689
-1.722017
-2.748772
-3.376435
-0.446129
2.786502
2.889063
3.183675
2.138271
0.217690
-0.001749
-0.721171
-2.333813
-2.718873
-2.230093
-0.938036
3.204796
4.121004
1.587907
-2.680422
-3.384322
-3.376274
-4.019269
-4.137163
-1.409341
0.540017
2.298825
2.612034
0.499045
-0.232522
1.625755
0.965498
-1.085010
-1.917310
-0.846429
1.393932
5.444432
4.363518
1.186428
-0.947573
-1.985442
-1.877621
-2.939179
-3.631917
-0.528687
2.570541
4.271348
3.530646
2.136667
-0.963672
0.691797
-0.459428
-1.887801
-2.501039
-2.262390
-0.890495
3.253825
4.512490
1.894554
-1.595291
-0.920599
-2.908961
-3.237967
-3.678633
-1.091783
1.413015
2.833065
1.950720
1.149690
-0.651090
0.318813
0.377181
-0.771904
-1.445192
-1.371234
-0.537132
4.170166
5.173138
4.087749
-1.594045
-1.615325
-2.858871
-3.147211
-3.514436
-1.028748
1.435038
2.922534
2.042370
1.521926
-0.299167
0.319857
0.546847
-0.579914
-1.488386
-1.388605
-0.235265
4.129837
4.624031
2.758627
-1.536941
-3.214289
-3.147219
-3.220505
-3.513005
-0.802950
1.510938
3.408406
2.924811
2.308028
-0.284467
0.534879
0.697421
-0.612948
-1.529262
-0.988464
0.743731
5.020810
4.097807
2.105562
-1.325523
-2.811938
-2.800874
-3.382955
-4.123930
-1.140297
1.291318
3.173582
3.059272
2.388531
-0.342133
0.967070
0.687367
-0.723796
-1.437433
-1.263613
0.277435
4.525389
5.179925
2.038159
-1.046262
-0.827750
-2.676177
-3.264389
-4.017679
-1.142279
2.091154
3.596967
2.721746
1.757249
-0.544220
0.766793
-0.024751
-1.439941
-2.082114
-1.958657
-0.963476
3.987158
5.102191
2.986514
-1.291763
-1.919600
-3.142808
-3.549899
-3.852171
-1.309601
1.241936
3.029339
2.299393
1.451995
-1.008775
-0.019331
0.012086
-1.352280
-2.014619
-2.011534
-0.919527
5.015921
5.681201
5.042250
-1.261519
-2.694322
-2.667670
-3.094186
-3.270060
-0.965535
1.758460
3.292295
2.676898
2.090229
-0.214643
0.363680
0.365139
-0.929579
-1.842974
-1.822762
-0.399116
4.114229
3.470691
0.619399
-1.230198
-2.880861
-2.910066
-3.251014
-3.864959
-0.953905
0.947950
2.810636
3.110969
2.897429
0.367036
1.482078
1.650332
0.209430
-0.770565
-0.070551
2.042515
5.827861
4.630304
1.140338
-1.203878
-2.046502
-2.182896
-2.993833
-3.672832
-1.134528
2.031552
3.840436
2.857277
0.873228
-1.224225
0.456688
-0.867082
-2.081847
-2.609045
-2.396038
-1.801197
5.068117
5.579081
4.880028
-1.436576
-3.851318
-4.084901
-4.175553
-4.330771
-2.044376
-0.156125
1.465809
0.742049
-2.732059
-0.901905
-0.197615
0.938007
-0.905726
-1.993683
-1.568983
0.340798
5.340865
5.000812
2.649404
-1.032855
-3.386889
-2.677877
-3.047887
-3.351307
-1.101273
1.027181
2.960442
3.136063
3.210044
-0.478719
1.425377
1.459901
-0.093108
0.040013
0.249633
2.033788
5.614661
4.877812
2.601982
-1.443503
-0.732097
-1.175363
-1.664301
-2.905543
-0.545424
3.416200
5.291700
4.095275
-0.414108
-2.681259
-1.871940
-2.148256
-3.706131
-4.289991
-3.976443
-3.173079
2.955735
3.774085
3.734411
-2.409955
-3.942475
-3.820493
-4.019838
-3.762538
-2.167700
-0.884014
0.374413
1.094800
0.616634
0.027660
1.890303
3.100018
1.320719
0.511289
0.517940
1.643155
6.380975
5.404911
3.798788
-2.078951
-2.245763
-1.668779
-1.551899
-2.477075
-0.459828
2.306870
4.803710
4.850283
3.168620
1.820497
0.044135
-0.226303
-1.729669
-1.301116
0.165300
1.839532
4.659292
4.187027
1.701542
-1.963195
-1.754438
-2.152517
-2.427561
-3.661238
-1.502807
1.718969
3.527017
2.342317
-1.135501
-1.816185
-0.693331
-1.087698
-2.345688
-2.822386
-2.593487
-1.876684
3.190136
4.390984
2.812171
-2.408227
-3.283977
-3.412017
-2.631007
-3.165703
-2.019387
-0.685756
0.819236
1.806086
1.093385
0.013407
1.453507
2.964923
1.075636
0.652772
0.504406
1.863563
5.640203
5.048858
2.880313
-1.770911
-1.480159
-1.409619
-1.338771
-2.762200
-0.714047
2.718177
4.592187
3.783091
0.133541
-1.483262
-0.941045
-1.333085
-2.885323
-3.428857
-3.218601
-2.449752
3.499273
4.516502
3.810995
-1.972808
-3.818699
-4.009030
-3.457932
-4.114573
-2.525522
-1.056787
0.370962
1.132312
0.008492
0.094033
1.655632
3.166274
1.239592
0.971230
0.800728
1.943106
6.305610
5.629526
4.436956
-1.829599
-3.342100
-1.846232
-1.983349
-2.994585
-0.871931
2.309559
4.352922
3.681719
1.270951
-2.104686
-0.118271
-0.985428
-2.425007
-3.108026
-2.999088
-2.323891
3.189141
4.447011
3.946109
-1.769157
-3.633522
-3.935620
-3.449086
-4.494512
-1.760380
-0.196933
1.337087
1.744508
1.663947
0.111813
1.325538
2.110648
0.291535
-0.793045
0.499494
3.113358
6.952107
5.708820
2.954932
-1.405918
-1.454104
-1.230825
-1.463502
-2.852739
-0.586274
2.985118
5.065207
4.435165
-0.093981
-3.546400
-1.080208
-1.285368
-2.832808
-3.800443
-3.769044
-3.195848
0.974490
3.030410
3.764684
-2.405757
-4.654510
-5.621026
-4.934427
-5.446191
-3.602038
-2.148374
-1.000859
0.857767
0.552234
0.643982
1.751101
3.519717
2.639357
-0.022801
0.433102
0.962367
5.912344
6.316555
8.084747
0.327125
-4.309779
-3.363130
-4.147398
-3.402292
-1.664415
0.314251
2.545271
3.546074
3.739668
0.203287
1.184623
1.183384
-0.088945
-1.125635
-0.590413
1.270772
5.146200
4.672736
3.809665
-1.137751
-2.149214
-2.149173
-2.052852
-3.503035
-1.998137
2.870397
4.887417
3.960305
1.034528
-1.959881
-0.247575
-1.206134
-2.786419
-3.603543
-3.683480
-2.952055
1.501226
4.251933
2.956253
-1.057840
-3.747401
-3.544936
-3.309620
-3.690226
-1.970941
-0.095042
1.590788
1.980968
2.143010
-0.093132
1.247170
1.896628
0.283043
-0.826477
0.480268
2.198272
6.602993
6.005455
6.719310
-1.258858
-2.781765
-1.023495
-0.926093
-2.143852
-0.228373
3.885213
6.055216
5.438485
1.169983
-4.045905
-0.484796
-1.364245
-3.067461
-3.793433
-3.836809
-3.333054
0.337012
1.464708
2.332903
-1.454542
-3.382930
-3.727743
-3.469911
-4.579693
-2.711802
-0.907112
0.357060
1.103070
-0.636717
-0.334954
1.911717
3.323281
1.679983
0.628411
0.517524
1.278541
5.702524
5.437648
6.548074
-1.383279
-2.602163
-1.702615
-1.339516
-2.817154
-0.683469
2.757590
5.408161
5.011247
3.127562
2.138063
0.290891
-0.051711
-2.057678
-2.112786
-1.268873
-0.140711
3.079563
2.967213
2.651570
-1.570512
-2.483509
-2.793961
-2.706320
-4.060528
-1.767962
0.880515
2.556165
2.023475
1.320887
-2.346775
0.102198
0.031662
-1.260711
-1.835915
-1.596636
-0.526127
3.624362
5.692548
4.482158
-0.873788
-2.695625
-2.500636
-2.491265
-3.854363
-1.281392
1.772482
3.023365
1.996011
1.466370
-1.013672
0.424857
0.011903
-1.502430
-2.307959
-1.220055
0.735642
4.561601
4.039999
1.281472
-1.207810
-2.190984
-2.260546
-2.659750
-4.077915
-1.403477
1.244308
3.065520
2.920462
2.133132
-2.073789
0.918468
0.059928
-1.536149
-2.103768
-1.520009
-0.075697
3.641768
5.358280
2.403588
-0.975600
-2.721159
-2.448869
-2.977633
-4.033497
-1.321764
1.714429
3.155590
2.478403
1.960321
-0.447151
0.885273
0.201306
-1.479606
-2.266972
-1.423464
0.363453
4.262425
3.823205
0.831990
-1.022361
-2.512140
-2.623876
-3.539092
-4.557530
-1.562722
1.188380
2.887523
2.832278
2.201392
-0.382601
0.988425
0.325958
-1.440573
-1.996950
-1.613348
-0.107744
4.162039
6.013273
2.992453
-0.921869
-1.710748
-2.397106
-2.912129
-3.828670
-1.139355
2.039666
3.550406
3.017753
2.048926
-1.935601
0.825099
-0.339246
-1.883315
-2.257233
-0.875821
1.199437
4.800720
3.951760
1.129753
-1.644089
-2.261918
-2.406610
-2.914892
-4.248015
-1.591670
0.962101
2.975580
4.185215
0.893026
-0.706233
1.226851
-0.208728
-2.239073
-2.827880
-1.759797
0.065121
4.233746
3.368601
0.845990
-1.469705
-2.038761
-2.741104
-3.175244
-4.589108
-1.336782
0.752677
2.442796
3.831726
3.325401
0.282284
1.836487
1.206445
-0.864137
-0.709642
0.880936
3.323103
6.458732
5.653693
1.778034
-1.728972
-1.472248
-1.656938
-2.802525
-3.310185
-0.910161
2.426077
4.514989
3.767387
0.341308
-3.961651
-1.648699
-1.039756
-2.555908
-3.071614
-2.850928
-2.074966
3.882245
4.581512
3.343371
-2.049106
-4.204484
-4.711339
-4.489445
-4.980163
-3.372596
-2.288584
-0.978178
0.019734
-0.175388
-0.217564
1.035342
2.391290
0.688028
-1.047793
0.177447
1.373093
6.451876
5.791794
4.926521
-1.350551
-2.617450
-2.717104
-2.589216
-3.017157
-0.871962
1.328835
3.668135
4.567624
5.068550
-2.377923
2.652163
1.359257
-0.479084
-1.026867
-0.606093
0.017806
2.931517
2.888000
2.659759
-2.148681
-3.833125
-4.137529
-3.915022
-5.345980
-2.845856
1.081564
2.260332
2.658721
1.442620
0.886968
0.239617
0.426328
-0.651760
-1.556170
-0.135588
2.666323
6.651400
5.514241
0.649781
-0.412588
-2.825092
-2.742083
-3.363658
-4.029805
-1.652457
1.455155
3.635064
3.686151
3.175546
-0.621338
1.044057
-0.465629
-1.887337
-2.543126
-2.223584
-1.158345
4.293992
5.212842
4.173211
-1.293676
-5.134155
-4.091684
-4.945292
-5.471506
-2.403466
-0.108855
1.653127
1.455042
1.053602
-0.912833
-0.373790
0.456160
-1.090127
-1.769894
-1.685956
0.075635
6.423324
6.751356
6.138859
-0.647768
-3.431911
-2.517679
-3.101153
-3.260488
-1.036559
2.012417
3.483528
2.716166
1.891908
-1.024222
0.109171
-0.445161
-1.672906
-2.472002
-2.138669
-0.505437
4.055585
3.478661
-0.226074
-0.894461
-1.026744
-2.645691
-3.044781
-4.039921
-1.087100
1.100527
2.900317
3.206634
2.777829
0.080943
1.099209
0.923599
-0.402954
-1.303849
-0.622088
1.393461
5.251231
4.113163
1.481265
-1.617827
-2.543566
-2.681360
-3.306047
-3.981991
-1.351464
1.360609
3.254568
3.233646
1.023198
-0.056242
1.765629
0.523219
-1.340202
-2.087394
-1.797305
-0.486826
3.595164
4.777358
1.766243
-1.248143
-3.926904
-3.297704
-4.259904
-4.400486
-1.437797
0.842728
2.472817
2.440822
2.050721
-0.280379
0.449034
0.799584
-0.696173
-1.481685
-1.432522
0.264726
5.013866
5.945233
3.740489
-0.847595
-3.019563
-2.692255
-3.332710
-3.874839
-1.015336
2.224418
3.683793
2.878698
2.124120
-0.533005
0.255223
-0.230435
-1.353140
-2.175268
-2.115582
-0.785498
3.654539
4.670550
0.576614
-0.770641
-2.537220
-3.021259
-3.456072
0.492205
0.570990
0.892895
1.923517
1.550593
0.886561
0.915989
2.625224
4.881874
-1.183324
-1.998890
-1.308239
-1.116319
-1.101267
-1.456267
-1.573442
-1.139293
-0.695726
-0.694770
-1.007885
-0.230640
0.485209
0.905474
0.544011
-0.235626
-0.192818
-0.405271
0.149863
-0.309428
-3.148179
-3.590117
-1.606618
0.656536
2.159286
2.417926
1.610761
1.797764
2.411101
1.409516
-2.232721
0.330102
-0.130408
-0.290027
-0.578064
-1.080342
-1.726637
-2.317699
-1.422712
-1.984546
-1.042828
-2.664969
0.413095
1.395370
1.755206
2.083740
1.121436
1.819976
1.845035
1.514326
-0.895564
0.172815
0.637383
0.386868
0.154105
-0.534700
-1.292161
-2.066800
-1.643370
-1.865685
-2.200101
-3.222365
0.610863
2.118597
2.755026
2.747531
1.852404
2.522328
3.364124
2.091632
-1.672879
0.122280
0.291917
-0.058071
-0.302561
-1.003796
-1.759776
-2.350603
-1.728299
-1.987292
-1.411267
-2.848185
0.272049
1.682502
2.329595
2.459520
1.526267
2.290959
2.172746
1.865553
-0.817979
-0.017302
0.506840
0.012009
0.020857
-0.611015
-1.261922
-1.940418
-1.566235
-1.752748
-2.188128
-3.311390
0.200904
1.813851
2.745932
2.696979
2.093620
2.749379
3.495488
2.341778
-1.525050
-1.060870
-1.033392
-1.177016
-1.781535
-2.369564
-2.772210
-2.973293
-1.948390
-2.486127
-1.083972
-2.439296
0.745669
1.389194
1.852072
2.167041
1.030049
1.949812
2.835755
1.498118
-1.845746
0.269105
0.622564
