-6.574125
0.816360
0.667387
1.444380
1.847430
2.402272
2.796431
2.385593
5.409784
5.964483
5.977624
5.853906
6.653774
6.661600
7.670964
8.240151
8.193034
8.054099
8.617423
-1.004727
-0.655390
-15.701279
-15.718309
-12.543431
-8.474165
-5.509319
-1.248423
5.102962
9.188943
6.476410
6.477433
-5.421215
-2.665429
-0.869891
-0.418353
0.802955
0.809640
2.355867
4.564095
6.447282
-3.422395
-7.197090
-12.315559
-8.748482
-6.869995
-5.487299
-1.830528
5.186451
11.412642
8.330860
-5.921626
-2.075512
-0.100529
0.912605
0.723739
2.577541
2.710133
3.729565
5.517515
7.987369
-3.547377
-14.119338
-14.083517
-8.694996
-5.327750
-3.340849
-0.466900
6.705045
12.891678
5.644928
5.062419
-6.854098
-3.564009
-0.611053
0.988213
2.902579
2.860852
4.773857
7.544766
10.165238
-13.405630
-9.948566
-8.565415
-3.529213
-2.171843
-1.581094
1.005432
7.950167
15.700791
8.569093
5.079191
-7.070602
-3.444949
-0.331120
1.326666
2.694221
3.484901
5.344535
8.167109
9.179164
-12.333703
-10.793260
-8.811651
-3.679847
-2.237053
-1.807043
0.099646
7.508640
15.700987
8.933241
6.309332
-7.088485
-2.972624
-0.126949
1.137268
1.840683
3.279927
5.210102
8.171071
8.068680
-9.592399
-10.296888
-11.401232
-6.682858
-4.717973
-3.746333
-1.590728
6.733824
15.726619
8.383987
7.249407
-7.547337
-3.445382
-0.530469
0.822277
1.606989
3.119702
4.219766
7.755954
4.616774
-9.000255
-10.606964
-11.141605
-6.812770
-4.688244
-3.579880
-1.708747
6.410069
14.644833
8.569798
6.378335
-8.310995
-4.124795
-1.075593
0.567293
2.592268
3.507210
5.524954
8.541969
5.485381
-11.137271
-10.493938
-9.295950
-4.828506
-3.030682
-2.444448
-1.108480
6.905266
15.694079
8.895369
9.040930
14.168140
-1.139132
0.887561
1.518264
2.546757
4.384509
6.545410
9.243980
0.587490
-0.358052
-10.241672
-15.691817
-13.606000
-10.726372
-8.170981
-4.492002
5.575137
14.808668
7.841693
8.712197
-10.941152
-5.756407
-1.653226
0.368999
2.613446
3.499365
5.527707
8.661668
4.608139
-11.757224
-11.261793
-9.681957
-4.831166
-2.861585
-2.211259
-1.294048
6.375742
15.525337
9.495811
9.041830
14.295965
-0.090908
0.549771
1.816590
2.706414
4.594715
6.628628
7.751850
1.136982
0.106629
-10.747165
-15.725902
-15.702105
-12.301085
-10.268157
-5.333072
6.114323
15.582576
10.810017
10.511840
-8.233141
-4.137377
-0.951975
0.523703
2.502256
3.289527
5.332269
8.493786
0.022943
-10.803437
-10.810819
-8.632083
-5.148812
-3.406641
-2.842995
-2.004244
5.978379
15.703278
11.577570
11.166060
15.710710
1.112613
2.267813
2.162671
3.715012
5.798140
7.587699
9.767826
3.513322
-0.451346
-12.399663
-15.776654
-15.751272
-15.708865
-14.126842
-8.143949
5.936294
15.739573
15.713047
15.712072
-5.319637
-1.327719
0.797107
1.207818
1.803233
3.486234
5.268747
8.348596
-0.548200
-3.360490
-7.036032
-13.207028
-10.884830
-8.978606
-8.660283
-6.770263
1.812485
14.320966
12.228505
12.483807
-5.748969
-1.933882
0.310034
0.590064
1.406829
3.319349
5.703358
8.963595
-2.296392
-2.393479
-9.943090
-14.285881
-11.559443
-8.626246
-8.692166
-6.587220
1.634970
13.198597
12.020891
12.753385
-6.790201
-2.198780
0.095043
0.463849
1.977235
3.540291
5.661014
9.273495
-4.588072
-6.656946
-8.321194
-12.187287
-9.293023
-6.749762
-7.237340
-5.775153
1.327915
14.010903
13.752740
12.449470
-5.482512
-0.287894
1.345565
1.439243
2.369753
4.172587
6.550622
10.159433
0.116487
0.063629
-10.105289
-15.706903
-13.621872
-10.219593
-9.641765
-7.357406
3.262115
15.752843
15.728032
15.733062
-5.374803
-0.726492
0.864394
0.665499
1.936910
3.661813
5.382398
7.863327
1.940456
-0.733711
-12.748965
-15.722157
-14.860963
-12.417426
-10.755923
-5.583324
3.152777
11.115587
10.383913
12.761784
-7.200564
-3.164635
-0.480685
0.392323
2.403598
3.103637
5.683012
8.883135
1.868890
-13.050775
-12.031510
-8.162725
-3.678525
-2.033528
-3.173719
-2.560468
5.039460
15.720181
13.476779
12.142533
15.716730
0.088413
1.497020
1.410773
3.137230
5.233738
7.193766
9.697579
3.791811
-1.241553
-12.441311
-15.781185
-15.733413
-15.711971
-14.733541
-8.475334
5.017644
15.721342
14.885092
4.511214
-6.519415
-2.505726
0.265520
1.140849
2.652894
3.703194
5.512173
8.878012
-4.705042
-8.693486
-10.871417
-10.391228
-7.884909
-6.203475
-6.482904
-4.211884
4.601464
14.767974
10.566947
10.532370
-4.323277
-1.716286
0.617366
0.989423
2.459121
4.161066
6.468708
9.771158
-2.675492
-5.457994
-9.314105
-13.934671
-10.844408
-7.925053
-8.548030
-6.497155
2.329849
13.883838
12.156441
12.937259
-7.039276
-2.043299
0.369208
0.864000
2.239429
4.002877
6.486724
9.857789
-2.948637
-5.304333
-8.362885
-13.349240
-10.149859
-7.727896
-8.381797
-6.454387
2.551045
15.701845
13.480530
13.007875
-5.201156
-1.004477
1.184863
1.456997
2.292060
4.163913
6.676305
10.528746
-0.942023
-2.667295
-8.057298
-14.353631
-11.566458
-9.033365
-9.462332
-7.839588
1.603754
15.720107
15.702034
14.616575
-4.561121
-0.091756
1.476465
1.986812
3.141168
5.173374
7.100653
9.647096
2.802822
-0.782817
-13.095363
-15.749819
-15.707016
-14.608578
-12.511403
-6.459591
4.181569
13.208313
11.369937
14.540494
-7.116093
-2.728451
0.420356
1.298919
3.321126
3.996410
6.358422
9.910448
-3.956370
-11.325891
-10.847737
-8.747231
-5.714992
-4.769311
-5.658050
-4.708023
3.677024
15.703261
15.700244
13.527797
15.713548
-0.668291
1.660899
2.060895
3.273136
5.361705
7.970942
10.896604
-0.688120
0.848675
-13.431684
-15.762727
-15.726311
-15.703955
-14.302958
-8.709453
5.067406
15.715156
14.361035
12.686065
-10.958119
-0.846739
-0.311694
1.912360
2.459874
3.961456
5.946190
9.761155
-7.836025
-10.743989
-12.741926
-11.312428
-8.695446
-8.009509
-7.596208
-4.433239
4.657444
14.747990
11.368101
10.549813
-10.451806
-3.108829
-1.328809
0.817837
2.158477
3.678472
5.889984
9.952275
-6.791334
-9.066772
-11.219279
-10.408479
-6.384226
-4.956681
-5.333478
-4.527078
7.264136
15.728635
11.382607
12.188787
-6.016535
-11.001333
1.360239
2.909975
3.491772
5.493955
7.447375
11.351711
-6.621248
-1.859531
-9.245086
-15.743152
-15.707884
-14.448210
-13.390359
-8.215366
4.862256
15.739583
15.705208
12.060808
-6.189539
-0.673343
0.061592
2.083062
2.220031
4.064315
6.265113
9.793896
-13.450127
-1.500127
-12.238014
-14.126749
-12.023429
-9.873857
-9.599391
-6.891077
3.383397
14.405031
10.312092
9.964429
-8.671093
-3.078542
-0.828093
1.798549
3.063005
4.426058
6.525513
10.588462
-15.742684
-10.203672
-13.143717
-11.634024
-7.571050
-6.314488
-6.738935
-5.298124
3.533482
14.301941
11.626310
11.268761
-7.674971
-1.011614
0.107660
2.032473
2.806603
5.128046
7.694067
11.442760
-15.707014
-2.890378
-12.564152
-15.693789
-12.343180
-10.538101
-9.806950
-7.186685
3.110914
15.701056
12.662678
10.155636
-8.326377
-1.223325
0.404218
2.585546
3.785352
4.890919
6.981153
11.146272
-15.730262
-7.830050
-12.454840
-11.091457
-7.789353
-6.811231
-7.224218
-6.209095
2.478440
15.717442
14.405706
12.729340
-5.218387
0.580711
1.182987
2.723065
3.198930
5.318137
7.756073
11.750367
-15.737332
-0.392439
-13.538389
-15.731962
-15.057283
-13.483757
-11.995378
-7.381658
3.636324
14.940654
9.950633
11.482738
-7.647284
-2.472394
-0.298154
2.140222
3.421346
4.598209
6.654873
10.944724
-15.733093
-7.705436
-14.864663
-10.763796
-8.569124
-7.104613
-7.138110
-5.687125
4.117599
15.712509
14.650527
11.690403
-8.164409
12.114714
1.798943
2.299927
3.786598
5.251197
7.879484
12.345305
-15.782044
-0.780913
-12.823349
-15.712525
-13.864669
-11.664870
-11.345449
-8.687309
2.342158
15.733580
15.716769
13.372543
-9.649589
-8.033630
1.387270
2.040734
2.891192
4.758084
7.220654
11.621460
-15.672269
-1.852795
-14.192964
-15.704944
-13.414752
-11.808961
-10.923765
-7.494960
3.319214
15.332749
10.840986
10.176705
-11.712159
12.902608
-0.298169
1.279450
3.751610
4.847672
7.006290
11.363132
-15.726908
-8.073305
-15.708878
-12.274723
-9.371331
-7.621247
-7.424954
-5.454153
4.723563
15.501912
12.886727
10.429347
-7.205726
-1.954980
0.231304
2.602686
3.655902
5.530892
7.877364
11.996446
-15.752767
-6.554572
-14.955653
-14.138168
-10.403393
-9.099427
-8.952729
-6.918764
3.004871
14.681742
11.214871
11.136567
-10.074201
4.739413
0.379779
1.771618
4.186946
5.806457
8.172842
12.180977
-15.736413
-7.637718
-15.709075
-13.738567
-10.453966
-8.870710
-8.585011
-5.964363
4.367925
14.922294
10.596499
11.300755
-11.917716
4.553749
-0.794689
1.153138
3.857564
5.326000
7.765693
11.563330
-15.280757
-8.226593
-15.717982
-13.154239
-9.110318
-7.061731
-6.618559
-3.863703
6.170819
14.447566
10.689397
10.983929
-11.525034
1.097475
-0.986605
1.840108
3.674877
5.699267
8.133315
10.524208
-7.723044
-9.245275
-15.711029
-14.856474
-10.331112
-7.908918
-5.688815
-2.693493
6.055105
13.408252
8.853823
10.216093
-8.791348
-4.849275
-1.662193
1.506422
3.237934
5.069328
7.453988
11.276978
2.057360
-11.810679
-12.798852
-12.162705
-4.845042
-1.434145
-2.222151
-2.092174
8.895988
15.731095
13.452731
11.845300
15.699231
13.565463
1.845377
2.310870
4.227706
6.290152
8.602662
12.699198
-15.697712
-1.800286
-15.700942
-15.745894
-15.741497
-15.706442
-12.361506
-8.756918
-0.348444
11.501690
9.262763
10.334981
-6.868155
-1.593120
0.612943
3.285086
4.673558
5.834151
8.188814
11.660385
-15.277858
-11.864182
-15.711698
-14.663642
-8.750345
-6.773374
-6.630893
-4.203948
5.077539
15.054365
11.628075
11.541997
-10.257738
-5.309334
-1.389319
2.229301
3.982984
5.576289
7.924723
11.398210
-11.785879
-11.462672
-15.703674
-13.206128
-7.497874
-4.518525
-3.975421
-1.670351
6.989855
14.413519
10.279106
10.777260
-14.459551
1.772340
-1.200922
1.384827
4.333908
5.988689
8.634057
11.954370
-11.775707
-7.451261
-15.734050
-15.702744
-9.674104
-7.586221
-4.781521
-0.292326
6.578730
12.113956
9.518744
12.673536
-11.894996
2.378469
0.645600
2.523257
5.308699
6.426136
9.215665
13.366485
-15.737312
-5.879712
-15.702968
-15.701287
-11.384188
-9.507504
-8.725646
-5.514786
3.414700
13.263682
10.100664
11.388864
-9.189255
-4.603584
-0.825874
2.649123
4.244042
5.595205
8.020217
11.647549
-15.730475
-10.952309
-15.711576
-14.015240
-9.184856
-5.315431
-2.786981
0.766575
6.880527
11.672417
8.533482
9.661824
-7.980011
-3.368025
-0.352294
2.933897
4.765812
6.697026
9.464645
12.732252
-10.651099
-9.524947
-15.728534
-15.704906
-12.144005
-7.967681
-5.036330
0.183077
7.305941
12.154438
9.082458
10.736120
-8.363382
-3.735069
-0.369840
2.929222
4.753404
6.484334
9.161837
12.336502
-13.242287
-11.464444
-15.720398
-15.255081
-11.249208
-7.248402
-4.861753
0.652812
8.005819
12.313004
8.863941
9.228473
-7.592377
-3.412307
-0.355424
2.843609
4.651031
6.464948
9.104365
12.415732
-5.224725
-13.106382
-15.717393
-15.216685
-11.074582
-6.787258
-3.987299
1.475305
7.731124
12.415887
9.241727
10.289479
-7.167623
-2.630205
0.287463
3.263355
5.122331
7.159223
9.780341
13.009532
-12.131510
-6.772064
-15.726277
-15.725491
-14.072644
-9.499401
-6.698905
-1.852661
6.884608
12.374013
8.667933
11.188095
-8.639935
-3.717481
-0.113950
3.340785
5.076535
6.673118
9.392126
12.776956
-15.731781
-9.261648
-15.735758
-15.709339
-12.490210
-7.981623
-5.459384
-0.136608
6.826118
12.120865
9.054593
9.695244
-7.963251
-3.134974
0.069409
3.401770
5.412957
7.320421
10.053487
13.195744
-12.708418
-9.813818
-15.737057
-15.715534
-12.880029
-8.065729
-5.491977
-1.700696
6.820252
12.946486
9.410740
9.237164
-8.622930
-3.897517
-0.490518
3.093729
5.059082
6.969677
9.594633
11.949277
-4.793129
-13.760876
-15.723390
-15.703314
-11.224206
-6.627097
-4.336164
1.560820
8.164973
12.566163
9.920276
9.615244
-8.833833
-2.938206
0.087168
3.601892
5.571509
7.506428
10.134089
13.475049
-14.977424
-9.051909
-15.752862
-15.725201
-13.981259
-9.039871
-5.699043
-1.409311
6.469683
12.822211
8.451390
9.663454
-5.483913
-1.034166
1.980417
4.780567
6.369278
8.256578
11.191920
14.652290
14.691816
-11.113567
-15.767088
-15.791178
-15.739120
-13.818599
-10.004095
-7.691453
0.887955
12.079039
8.735933
8.903930
-7.828711
-5.091686
0.596320
3.138578
6.185610
7.271544
10.357889
13.253340
17.437958
-11.126993
-15.757466
-15.733524
-14.611674
-9.278631
-6.362651
-3.690375
5.991394
12.505534
9.050741
8.160717
-7.727246
-4.925446
0.897913
3.212722
6.321838
7.769910
10.762401
13.436762
17.631296
-10.524016
-15.742939
-15.724180
-14.000854
-8.614106
-5.827568
-2.964601
6.905534
13.190121
9.354155
8.579408
-8.509441
-5.743036
0.297069
2.989597
5.908029
7.408623
10.351564
13.012052
17.064003
-11.846696
-15.733304
-15.721924
-13.220553
-8.180849
-4.913976
-0.752503
6.706167
13.397088
9.687419
10.072292
-7.231090
-4.073243
2.170297
4.713588
6.699112
9.017912
12.520383
15.659381
15.744825
-12.145038
-15.700713
-15.808188
-15.761153
-15.702268
-11.618500
-8.824268
-2.356184
10.912010
8.897887
8.439827
-11.469802
-7.781166
0.429619
3.083360
6.538499
8.180184
11.057492
13.795156
14.563142
-14.899885
-15.742785
-15.724886
-13.059486
-7.849562
-5.036987
-4.450538
4.394395
12.639871
9.811107
6.841690
-7.143795
-4.252212
1.086593
3.507708
6.364161
8.121372
10.927250
13.439667
17.905256
-8.241584
-15.717999
-15.726716
-13.692573
-8.276645
-5.440042
-2.170144
7.207690
13.024853
9.998924
10.279756
-7.981215
-5.168211
1.216938
3.845713
6.817456
8.304095
11.324282
14.249920
15.332141
-14.122641
-15.756763
-15.736946
-14.863784
-9.469663
-6.301344
-5.298725
5.392512
13.239015
10.063069
7.141785
-8.172072
-5.096565
0.566745
3.337178
6.253710
7.776659
10.705693
13.127454
18.210667
-12.180182
-15.730613
-15.743670
-14.928071
-9.280643
-5.490724
-3.317898
5.480836
13.376532
9.807308
9.396946
9.418543
-7.280607
2.074364
4.127450
7.210788
9.301891
12.970407
15.711167
15.701213
-11.005886
-15.763464
-15.788211
-15.740649
-14.057474
-9.937576
-8.020977
-1.041656
10.773242
8.279052
7.725466
5.981745
-13.638785
0.068615
3.183948
7.077448
8.734360
11.926558
14.852594
15.300585
-8.209175
-15.767418
-15.753716
-15.703008
-10.209873
-6.848821
-5.631037
-0.281005
12.077530
11.145387
7.261590
-7.392693
-4.515776
1.189495
3.948804
7.201230
9.231269
12.021648
14.375015
15.762222
-9.014996
-15.731561
-15.748929
-14.970428
-9.571500
-6.343969
-5.624784
4.506041
12.946685
9.094769
8.196736
-7.011106
-3.924328
2.334761
4.490809
7.459406
10.059407
13.152530
15.704301
15.716269
-9.459730
-15.749060
-15.751353
-15.699737
-10.758905
-6.739248
-6.151647
0.636833
11.668815
9.814950
8.474362
-10.453373
-6.621894
1.268307
4.765496
7.115455
9.865838
12.589202
14.709319
15.789946
-8.958090
-10.855230
-15.771132
-15.722234
-11.860667
-7.877138
-5.735311
-0.289250
11.233739
11.832895
9.755298
-8.439544
-4.987184
3.618382
5.542071
8.419654
10.313725
12.845088
15.754562
15.701743
-10.468657
-13.271990
-15.761278
-15.735444
-13.286521
-8.675286
-7.106075
-1.782073
11.307121
9.266665
8.160838
7.480651
-8.475705
1.619386
5.336870
7.714177
10.390031
14.137991
15.749569
15.702666
-12.046540
-15.739378
-15.773213
-15.721950
-11.766979
-7.876616
-6.293166
-5.554878
8.350197
10.554037
8.110449
-6.887303
-3.916634
1.968157
4.658363
8.226005
10.284179
13.067095
14.948048
15.094518
-10.186623
-15.740238
-15.741437
-15.687228
-9.644748
-6.039040
-5.540534
-0.565084
11.920477
10.077044
7.354722
-4.667974
-1.935237
3.310112
5.353894
8.507712
10.430676
13.858120
15.703767
15.701969
-10.345085
-12.839013
-15.769201
-15.714515
-11.907213
-7.758801
-5.572419
-0.520682
11.433193
10.246898
9.847951
-0.643582
-4.525899
2.133603
4.649369
8.074887
9.623549
13.313755
15.713080
15.701770
-9.534169
-15.753500
-15.769644
-15.726872
-12.049704
-6.211863
-7.455748
-5.864612
8.868846
12.241554
9.891550
-1.910995
0.840343
6.388283
8.805345
10.758875
13.813237
15.700950
15.701569
16.336760
-15.800776
-15.748629
-15.847447
-15.786441
-15.717425
-11.030021
-10.593793
-8.988880
7.549876
15.700317
15.142863
13.841559
-3.040637
5.020234
8.169372
10.767536
15.574154
15.740036
15.723622
-0.872356
-15.620218
-8.945513
-15.928879
-15.894843
-15.752012
-15.735103
-15.721702
-15.427954
-4.210379
15.082932
14.634877
-4.053443
-1.241067
5.411391
8.500540
11.736173
15.700598
15.724780
15.677114
-0.427502
-7.608465
-10.633252
-15.911018
-15.831845
-15.739061
-15.707931
-12.907202
-14.875238
-1.269790
14.384912
14.073351
3.554497
5.378144
9.470573
11.125916
14.703145
15.743812
15.707848
0.000683
-0.033268
-15.714321
-15.765038
-15.859648
-15.808064
-15.732480
-12.360107
-11.973481
-12.861671
5.280182
14.684719
14.370364
0.447768
2.689263
6.901371
9.627529
12.408051
16.049601
15.706284
15.811929
7.575382
-15.836555
-11.237516
-15.893363
-15.821921
-15.746059
-13.985988
-10.418826
-12.193395
2.762727
15.616703
15.213856
0.868117
3.091252
7.282483
10.065749
12.969374
16.646322
15.702331
15.729178
0.031414
11.697504
-15.731961
-15.887537
-15.826150
-15.749586
-13.019891
-13.972582
-13.515277
4.371094
15.708251
15.718980
2.381238
3.218200
7.694755
10.582385
13.599408
15.725346
15.722879
-0.003164
-2.502850
-2.134474
-12.087529
-15.873194
-15.828207
-15.748806
-13.360252
-13.176403
-12.720713
1.298483
15.715476
15.721257
2.563569
4.605779
8.796191
11.362068
13.789621
16.775570
15.700395
0.081183
0.041018
-12.401012
-15.667629
-15.898456
-15.825809
-15.739290
-14.647400
-14.314199
-12.886123
6.521948
15.714238
15.754946
4.845899
6.486405
11.459274
12.802905
15.542311
15.715632
15.699417
-0.020475
-2.145377
-15.807067
-15.767506
-15.834291
-15.783203
-15.705299
-8.519680
-11.883532
-11.376658
14.823736
15.800951
15.913198
15.917329
15.232712
15.833934
15.780891
-0.017688
-0.815432
-3.145028
-6.075426
-5.081707
-15.789435
-15.866854
-15.878196
-5.890195
-1.279927
7.053442
6.545520
6.820073
6.453160
6.508722
5.959539
4.217832
3.574529
-6.083102
-5.892641
0.832033
1.084571
1.547456
1.868901
2.585410
2.933022
3.412270
3.053265
4.363947
6.387618
6.584194
6.288496
7.193858
7.305427
8.405344
9.073473
9.788041
10.112356
10.441156
11.404998
-8.041601
-13.110020
-15.773409
-15.731991
-14.044462
-9.922800
-5.134971
2.066963
9.241066
7.500143
7.717740
-4.474457
-3.377234
-0.477588
-0.516794
1.251488
1.285791
2.038468
4.156434
7.007335
-0.714588
-5.837138
-15.728648
-15.668087
-11.859203
-8.356502
-9.333664
-1.326392
15.741645
-0.722429
5.213413
8.047822
7.996583
9.721723
11.226213
12.247093
13.839402
15.381937
15.437526
0.062225
-1.553523
-15.761096
-5.749837
-15.744947
-13.100003
-15.757627
-15.319934
-13.470228
-6.618841
3.517334
-14.266540
-5.333475
2.370623
4.360854
6.262374
6.381363
7.632955
8.594636
10.557939
13.150289
17.479929
-15.774971
-15.767256
-13.361870
-15.700980
-11.340578
-8.358959
-4.979485
-0.810809
12.475779
14.442620
15.708905
-1.051138
0.831213
4.630270
6.007543
8.894650
11.862104
14.549794
15.061919
16.093414
-15.890621
-15.866575
-15.840259
-15.844494
-15.761581
-13.473473
-10.929077
-14.960748
0.467057
7.597902
-4.107936
4.321591
6.123634
8.854977
9.211471
11.166643
13.306242
15.912842
14.647919
15.784464
-15.868233
-15.948122
-15.888253
-15.820416
-15.733762
-10.603573
-8.827629
-15.285406
-4.943959
11.865082
10.263914
3.620177
6.203243
8.639177
9.771576
11.962840
15.020013
15.714507
15.695477
15.861382
-16.000660
-15.966755
-15.868862
-15.833467
-15.748154
-11.539230
-11.097013
-15.696107
-0.557914
13.818844
15.702345
4.806306
7.198232
10.039414
11.341862
13.788726
15.672646
14.526703
16.335350
-0.009878
-15.972080
-15.956821
-15.840393
-15.832225
-15.743732
-10.297466
-10.994790
-15.047346
1.569377
15.694241
15.747178
16.776976
7.758584
10.161831
12.507205
14.453674
15.735229
-0.000245
-0.361513
-1.529618
-15.851003
-15.859527
-15.886090
-15.836098
-15.739918
-10.711692
-10.221555
-13.015309
1.351774
15.715622
15.703833
0.729472
5.041351
8.422878
12.298517
15.647502
15.726889
15.729837
-0.264240
-0.234327
-7.979394
-15.747437
-15.782244
-15.769053
-15.778110
-15.184334
-8.934172
-6.032716
-2.504931
-0.164418
3.594427
7.547752
11.748289
15.712743
13.084184
13.548116
5.237437
2.202128
-5.061179
-5.703459
1.241976
1.497332
1.861994
2.448748
2.781760
3.472800
3.597560
4.753270
6.567178
7.115145
6.235623
6.392958
6.087126
6.935418
7.071382
8.243332
8.954424
10.255288
11.514166
12.529494
-0.000018
-14.435657
-13.605764
-15.769225
-15.736448
-14.480567
-11.779767
-7.719773
-3.309581
-0.301577
1.227872
1.868423
1.291972
3.258546
5.574822
-10.594350
-2.951398
1.602571
4.493567
7.571527
9.298291
11.184547
11.070774
12.579924
15.566313
15.713010
0.001560
0.015714
-0.004251
-0.044606
-1.597245
-15.876406
-15.806286
-15.822968
-15.649682
-15.179719
-11.736041
-10.850026
-7.430449
-2.811265
-0.666290
0.306889
3.191194
5.516182
6.399121
-5.287243
-4.434564
2.714084
2.557966
3.086895
3.364667
4.106827
4.324148
4.992634
5.191008
5.856874
6.090837
6.828196
7.058217
7.873962
8.190835
9.135892
9.560929
10.650053
11.398470
-0.245551
-0.013584
0.001901
0.000569
0.000104
0.000260
-0.000517
-0.000022
-0.001558
-0.001338
-0.004230
46.539337
-6.546105
-4.777831
-1.259035
1.878772
4.730079
6.989731
-0.008101
-5.629437
-3.837983
5.770780
3.727344
4.409505
5.003363
5.399878
6.176887
6.203359
7.720657
8.735609
8.489922
7.310074
7.296612
6.265940
6.734949
6.489879
7.453035
7.582831
9.812511
-0.004060
-0.250872
-0.006496
-1.635857
-16.085524
-15.927164
-15.870471
-15.815793
-15.763428
-15.720399
-13.335446
-9.765405
-7.041159
-3.314266
-0.094824
1.409780
1.835460
1.487337
0.829635
-0.053651
-3.377856
0.374626
11.062337
-3.411064
6.924350
10.779388
9.605395
11.304853
10.944553
14.147066
13.719510
13.592655
15.987412
18.250210
-4.397109
-4.934132
2.070554
2.149205
2.661389
3.174035
3.449076
4.126820
3.689398
3.934025
6.433798
7.856151
6.834425
7.438367
7.194189
7.884503
7.417928
9.147707
9.130918
11.076232
12.792757
-0.647461
0.008679
-0.011412
-1.841006
-15.937373
-15.926127
-15.843948
-15.763424
-15.738851
-5.725783
-5.316582
1.658900
1.835160
2.272818
2.793591
3.277383
3.584149
4.334144
4.632993
5.370119
5.649666
6.424451
6.721339
7.577508
7.946801
9.018308
9.703742
11.173165
12.489436
14.579363
0.002977
0.003353
0.017688
0.000894
0.004350
0.002272
0.004636
0.007648
0.000366
0.000231
-0.001768
0.123427
-0.072596
-0.191294
-0.198666
-0.141368
-0.073734
-0.015792
-5.741419
-5.947574
1.040481
1.509123
1.926137
2.581411
2.933111
3.621083
3.953887
4.684932
5.059458
5.855685
6.293032
7.186234
7.658737
8.548038
9.013824
9.935414
10.533561
11.534938
11.907705
0.001132
0.000350
0.000401
0.000123
0.008684
0.000517
0.002746
0.000327
-0.001751
0.000090
0.003878
0.010160
-0.000407
0.001162
0.011949
0.008417
0.002080
0.000456
-13.096390
-7.107508
-1.978791
2.826545
-5.099134
-2.757884
4.379211
4.093194
4.552568
4.918841
5.077940
5.653101
5.812778
6.413682
6.602496
7.237253
7.437595
8.085291
8.293466
9.002169
9.259501
10.060638
-0.771052
0.002422
0.000590
0.001989
0.000328
0.002984
0.000003
0.003915
-1.811467
0.000735
0.000102
0.000718
0.000238
0.000691
0.000214
0.000561
0.000717
-0.143147
-0.004525
-0.001434
0.001698
-0.006474
-0.299238
-5.225545
-3.880026
-1.954900
3.712593
4.249826
4.553979
5.290692
5.766491
6.533184
6.859068
8.693719
8.650640
8.680375
7.545882
7.547150
7.352759
8.482587
10.029789
-0.041019
-0.004604
-0.007142
0.000016
0.000018
0.000025
0.000034
0.000042
0.000049
0.001459
0.005707
-0.000161
0.638690
0.001248
-5.523769
-6.059183
1.842133
1.377361
1.777516
2.207950
2.330633
2.671944
2.807907
3.394884
3.955794
5.386419
6.027486
8.202988
8.556153
8.763273
7.978816
8.414116
8.317792
9.167423
9.904515
11.530649
-0.054711
-0.493671
-1.166235
0.777596
-14.012971
-11.385178
-15.793992
-15.786410
-15.713710
-10.888340
-6.295580
0.997118
2.237927
3.101554
2.393576
0.800327
-1.070022
-2.040235
1.365865
2.274443
2.092095
3.247551
4.759440
5.572646
6.953472
7.225720
7.730206
8.224043
10.319810
-9.261328
-2.845761
-1.824229
-4.193433
-3.881385
3.264297
3.028784
3.584030
4.089440
4.333245
5.019408
5.215533
5.889039
6.057703
6.730821
6.834011
7.483788
7.513507
8.172736
8.178204
8.852852
9.005378
9.473874
0.000366
0.001705
0.000104
0.004021
0.000249
0.275131
-0.000026
-0.008387
0.000078
0.000002
0.014806
0.000771
-0.000231
4.504587
-2.575191
-0.942301
2.437571
0.017713
0.012835
0.003079
0.001712
-0.190980
0.010960
-6.254356
-6.381161
0.651842
1.064899
1.681328
2.289988
2.650623
3.372489
3.781435
4.086590
6.105770
7.105587
6.393463
6.828741
6.887885
7.899304
8.206836
9.403867
10.354753
12.165618
13.751965
-0.000524
-0.000033
-15.765992
-13.715849
-15.714215
-13.905980
-10.934572
-8.711214
-5.975637
0.631525
11.299572
9.328642
6.843581
-0.779619
2.971512
7.856565
10.561362
12.271516
12.615772
14.247885
-0.020206
0.058829
0.010610
0.003578
-5.746517
-5.886389
1.115046
1.394728
1.697149
2.317797
2.868458
3.182335
3.641548
3.459910
6.314517
6.477885
6.508357
5.923018
6.654230
6.661070
7.714600
8.145993
9.507766
10.505292
11.202362
11.921302
-0.000757
-8.145450
-14.719113
-15.773005
-15.736729
-13.546242
-8.653447
-3.151091
5.983264
11.304264
7.457832
-10.606453
-4.129309
-3.163808
-0.138268
0.363597
2.029272
2.083372
2.460765
4.143492
7.246752
-4.474223
-11.956920
-15.716611
-13.024113
-9.255006
-6.448406
-3.146785
2.263746
11.155308
10.079738
5.387991
-7.954876
-6.227167
-2.108950
-0.436616
1.939127
2.239092
3.546788
6.080029
9.999771
-10.951010
-7.243087
-10.039205
-3.863014
-2.185644
-2.900211
-2.315445
3.543086
11.999137
13.000019
9.124087
10.026349
-5.791152
-0.041714
1.733792
1.504909
3.221612
4.803956
7.483592
9.645116
-6.528816
-9.371759
-14.433114
-10.981009
-8.354394
-6.572605
-3.881841
2.325571
12.232741
11.723530
6.404478
-11.240479
-9.031413
-2.478909
0.318232
1.408234
1.964348
3.315709
6.208205
9.675119
-10.466560
-8.032485
-9.862865
-4.337681
-2.668960
-3.413513
-2.889234
2.925085
11.529122
13.888689
10.074125
11.156632
-3.736309
0.596131
1.061365
1.403592
3.142624
5.015275
7.928529
9.886984
-1.630254
-5.172760
-15.457715
-13.822898
-10.978861
-8.886252
-5.984955
0.124574
10.358273
12.869588
8.810478
3.573259
-4.862980
-0.850239
0.391420
2.266882
2.723605
4.066597
6.767608
10.145199
-9.931935
-7.642944
-11.799224
-7.067849
-5.145256
-5.213526
-3.804311
1.936149
11.970752
13.923200
10.113937
10.180103
-4.155685
0.413647
0.839122
1.374819
2.770228
4.411246
7.028935
8.938155
-5.492837
-6.654343
-13.560879
-10.736021
-8.450249
-7.321007
-4.971079
-0.285841
11.545458
12.881391
9.207136
8.908131
-6.037159
-0.702826
0.247348
2.061031
2.638611
4.174838
6.564100
9.120021
-8.405210
-6.714193
-11.466897
-7.840167
-6.061596
-5.917215
-4.377332
-0.058687
11.240539
14.086521
10.566146
9.674046
-4.368619
0.402485
0.698732
1.313453
2.602469
4.303783
6.502006
8.491162
-5.804640
-4.914310
-13.832549
-11.262630
-8.710617
-7.614348
-5.535075
-1.855248
9.701238
13.496446
11.016980
10.140862
-4.240911
-0.125515
0.181298
0.994612
2.081043
3.861255
6.188333
7.887599
-3.765723
-5.172406
-13.799945
-11.724832
-8.816810
-7.339243
-5.321867
-1.738229
9.137622
13.906699
10.971865
10.527102
-4.296391
-0.184964
-0.047165
0.507810
1.845853
3.589499
5.952123
7.474887
-1.375374
-5.255861
-14.153286
-12.497458
-9.271789
-7.468887
-5.215171
-1.415542
9.746014
14.335394
10.546242
11.778912
-4.017165
-0.426500
-0.310761
0.059365
1.691238
3.333618
6.048184
7.384872
-1.045663
-5.838564
-14.225901
-12.567801
-9.345013
-7.222605
-5.391209
-1.702909
8.675324
14.310129
10.350422
11.744031
-4.936080
-0.533356
-0.412360
0.287647
1.561862
3.311420
5.979663
7.335395
-1.279470
-5.991583
-13.548831
-11.681559
-8.236945
-6.333385
-4.769140
-1.223242
9.007662
14.852326
10.483822
12.376521
-5.295236
-0.780564
-0.573851
-0.022960
1.464159
3.154830
5.974046
7.378908
0.217021
-5.285261
-13.544044
-12.363428
-9.182442
-7.244046
-5.063142
-1.182185
9.530938
14.652572
10.116840
12.778696
-5.739244
-1.733193
-0.308716
-0.341337
1.399031
3.030598
5.965261
7.321283
0.810098
-5.248439
-13.970982
-13.064719
-10.007056
-7.538478
-5.220815
-0.734630
9.826249
14.638757
9.822355
12.784954
-6.321791
-1.750496
-1.175883
-0.121777
1.175808
2.966329
5.960915
7.536151
-3.797328
-6.987688
-11.531421
-10.151421
-7.399719
-5.166374
-4.343151
-0.736561
8.847594
13.092894
9.402344
9.966677
-8.555919
-1.274009
-0.905568
0.457748
1.382780
3.418567
6.041785
6.944956
-0.384664
-6.682066
-11.389992
-9.891438
-6.785983
-4.657748
-3.235275
-0.224396
8.899894
13.752877
10.476228
11.097634
-8.702234
-1.618930
-1.009256
0.000343
1.314502
3.043792
6.128778
7.770325
-2.501381
-5.174155
-10.958120
-9.593919
-7.084618
-5.388483
-3.615208
-0.942795
9.182031
13.350139
8.564638
10.358486
-4.149383
-0.590040
0.613837
0.680955
2.461167
3.940391
6.044485
6.607484
0.337649
-6.249040
-15.207422
-13.951888
-10.018953
-6.926619
-5.517716
-0.072344
8.993392
12.598430
9.616060
3.194901
-7.647780
-3.011112
-1.648155
0.699314
1.687614
3.063876
6.379720
8.435552
-9.545613
-9.546971
-8.957383
-4.585854
-2.566966
-1.605601
-0.393436
2.761206
11.770626
13.002978
9.427834
10.086523
-2.825067
-0.120992
0.647214
1.188787
2.868443
4.251798
6.593715
7.314229
-0.026558
-2.670719
-14.972375
-14.251438
-10.697872
-8.332281
-5.565419
-0.232073
10.803046
14.985188
10.739726
15.564835
-6.850347
-2.146448
-0.497338
-0.351381
1.101372
2.798585
6.100482
7.693727
-3.949463
-6.611405
-12.556585
-10.411827
-7.905397
-5.833974
-5.188914
-1.451914
9.079194
13.841166
10.070538
11.329225
-4.884505
-0.556617
-0.444785
0.497768
1.576744
3.443954
5.844504
6.860631
0.058907
-7.544966
-13.772943
-11.758295
-7.954450
-5.572801
-5.084897
-1.342965
8.027741
13.431283
11.701818
12.686327
-6.615386
-1.757406
-1.080344
0.615874
1.222594
2.982090
6.135087
7.766020
-6.542735
-7.797835
-10.825068
-7.673914
-5.139709
-3.775486
-3.338924
-0.755316
8.822176
13.911069
10.574251
10.249249
-3.557305
-0.236683
0.701428
0.609406
2.204817
3.797986
5.123962
7.234023
0.337365
-6.092377
-15.631849
-12.947690
-8.607800
-5.938702
-5.613688
-1.668570
7.318783
12.668158
12.605838
14.012101
-6.725438
-1.229052
-0.709877
0.881700
1.098639
3.071149
6.514414
8.226593
-6.721876
-6.974173
-10.576264
-7.102784
-5.023471
-4.313442
-3.739141
-1.546082
9.499399
15.700142
11.142247
11.630930
12.914137
1.271390
0.820825
1.747939
3.624154
5.354900
6.172803
6.613175
-0.633426
9.752842
-15.746583
-15.757524
-15.712090
-12.070577
-7.729309
0.129132
10.498792
13.281894
10.810667
-7.055398
-5.871702
-1.367751
-0.946815
0.639390
0.878982
3.097221
6.199831
8.026321
-7.356392
-7.046480
-10.765265
-7.657650
-5.994009
-5.132713
-4.086981
-0.634565
9.839157
15.704866
11.132122
12.510922
-0.219201
-0.248429
0.667113
0.606444
2.119722
3.548740
6.561084
6.852657
0.223394
-3.280770
-15.724891
-15.702875
-11.892891
-8.787349
-6.926173
-1.283843
8.627848
12.678647
11.527966
15.712141
-8.109024
-1.820241
-1.021275
0.582476
0.854911
3.227611
6.295246
8.404963
-9.907829
-5.909739
-10.629972
-4.271240
-3.279860
-2.999792
-2.874757
-0.813683
9.646946
15.702481
11.997104
11.835053
-3.564679
0.969816
0.593947
1.444324
3.347198
4.821541
6.404353
6.221997
0.678376
10.080285
-15.726081
-15.759956
-15.709579
-12.123486
-8.848595
-0.604805
11.483975
14.753468
10.610544
-7.102325
-5.863691
-1.179185
-0.628806
0.922883
1.308455
2.737720
5.681530
7.557554
-5.517827
-6.389942
-10.614130
-8.524453
-6.615387
-5.191154
-4.994757
-1.613127
9.002999
14.356549
9.913482
10.236203
-4.660319
-0.152916
-0.099787
0.732475
1.856194
3.423605
5.434953
6.662475
0.856800
-3.500635
-14.565094
-14.091745
-9.932638
-6.872116
-5.386567
-1.367168
8.855076
15.471045
10.583021
14.128560
-5.777621
-1.002336
-0.722131
0.161770
1.289949
2.954683
5.977184
7.656598
-2.580986
-4.388731
-12.474524
-10.735889
-8.205868
-6.079113
-5.384984
-2.284333
7.572973
14.305015
9.575434
11.411944
-4.207062
-0.648227
-0.478668
0.215062
1.601489
3.257124
5.749234
6.690900
0.630039
-5.240475
-13.991152
-12.721850
-8.542930
-5.730410
-5.279989
-1.066456
8.102968
14.815022
11.040161
13.205835
-6.003500
-1.832612
-1.366225
-0.102586
0.848626
2.592664
5.832170
7.812043
-4.692874
-5.016785
-10.452483
-8.562012
-6.197390
-4.457960
-3.868318
-1.581103
7.916772
13.357677
8.851593
10.305718
-4.608001
-0.635396
-0.377321
0.267230
1.837686
3.504043
5.925381
6.993434
0.565792
-6.101143
-13.709026
-12.432197
-8.733556
-5.578644
-5.271369
-0.823174
8.485228
13.111455
10.327606
11.304372
-6.472680
-2.029042
-1.394568
0.602857
1.209967
2.937136
5.738301
7.860160
-7.754149
-7.188079
-10.086257
-6.680567
-4.479666
-2.705675
-2.261100
0.512707
9.763132
12.439444
9.326451
9.720570
-4.498782
-0.931841
-0.573502
0.736972
1.973348
3.673097
6.992891
8.286415
-0.402707
-1.987432
-11.463395
-9.054454
-6.191644
-4.594411
-3.405218
0.151777
10.524908
14.396903
11.480526
15.709738
-4.542938
-0.397652
-0.256369
0.583996
2.252148
3.674715
5.460579
6.303892
4.013618
-2.718312
-15.730241
-15.724615
-13.623082
-10.332022
-7.576719
-0.498604
9.713076
15.472845
9.749238
-7.834959
-6.673357
-2.453532
-1.257704
0.820929
1.086312
3.001917
5.903252
7.916742
-10.119998
-10.102907
-9.305076
-5.095981
-2.782717
-1.578031
-1.106806
1.515736
10.613050
14.468904
9.261613
9.346413
-3.402701
0.486180
1.208835
0.903358
2.585296
3.993660
5.963882
7.379955
2.041144
-1.387144
-15.704906
-15.717552
-13.471811
-9.958076
-6.896096
-1.983064
10.153798
15.698809
9.583922
13.816720
-6.448503
-1.802264
-0.255056
-0.058072
1.212042
2.790636
5.737722
7.837102
-1.175208
-4.304799
-12.055533
-11.415483
-8.743058
-6.591652
-5.074117
-2.474514
7.368083
14.562685
8.440525
10.149931
-3.508377
-0.808814
0.340587
0.447226
1.785379
3.374778
5.758174
7.489838
1.693200
-3.790437
-14.319826
-13.458655
-9.146977
-6.621236
-4.979507
-1.478710
8.863559
15.508819
10.354082
12.653815
-6.591730
-1.659686
-0.221242
-0.134445
1.160751
2.778851
5.587625
7.684505
-2.610295
-5.547842
-11.804118
-10.669803
-7.845930
-5.819276
-4.941094
-2.521353
6.999694
14.684747
8.787008
9.911832
-3.448527
-0.878090
0.334254
0.555654
1.690048
3.425888
5.579349
7.425941
0.552545
-3.962662
-13.409694
-12.474449
-8.488524
-6.038516
-4.490317
-1.791201
8.353308
15.696719
10.208113
12.605129
-6.022896
-1.546191
-0.168879
-0.270363
1.210132
2.799535
5.571315
7.957633
-0.539097
-2.355021
-12.862424
-12.305140
-9.653614
-7.647755
-5.499885
-2.948706
7.446583
15.215555
8.848243
11.465136
-3.923157
-0.829344
0.307561
0.210673
1.696317
3.303594
5.250465
7.313452
1.557761
-3.113887
-14.321947
-14.019262
-10.588545
-7.825272
-5.614362
-2.160078
8.192334
15.698508
9.535977
12.264914
-6.722303
-1.900589
-0.477551
-0.136463
1.100342
2.787269
5.453782
7.639973
-2.536222
-4.924950
-11.512329
-10.759417
-8.030366
-5.785501
-4.403907
-2.265640
7.241409
14.476036
8.325751
9.989696
-3.609857
-1.271808
0.095277
0.324307
1.594756
3.354359
5.738910
7.595355
-0.530907
-4.041855
-12.641978
-11.682626
-8.499292
-6.088179
-4.370800
-2.209541
7.399572
15.072177
9.018409
10.988496
-3.692984
-1.268563
0.119383
0.175435
1.578438
3.279794
5.498090
7.605750
-0.946782
-3.807384
-12.776916
-11.954936
-8.701468
-6.526459
-4.865078
-2.585545
7.170958
15.393767
9.451688
11.506315
-3.994921
-1.161050
0.097204
0.122729
1.560282
3.190293
5.144164
7.306895
0.011140
-3.084383
-13.067901
-12.589041
-9.473515
-7.086593
-5.150710
-2.476642
7.742599
15.701195
9.702071
12.234883
-6.359685
-1.663393
-0.254401
-0.167468
1.249813
2.902301
5.354663
7.427749
-0.449909
-3.062682
-12.797389
-12.150872
-9.343730
-6.960157
-5.041081
-2.686436
6.798743
15.020833
9.093404
11.289033
-4.995653
-1.530406
-0.093350
0.071499
1.361920
3.083212
5.420811
7.372417
-1.393985
-4.060826
-12.686425
-11.611041
-8.488374
-6.074809
-4.665040
-2.448100
6.704296
14.483940
9.592361
10.800200
-4.546300
-1.530811
-0.080821
0.186500
1.367868
3.167764
5.252809
7.327880
-2.036425
-3.993610
-11.916664
-10.907325
-8.074676
-5.799073
-4.352860
-2.557043
6.667644
14.706243
9.687900
10.939300
-10.955782
-1.853017
-0.306538
-0.091904
1.198833
2.952753
5.333807
7.275019
-1.330152
-2.695318
-11.791934
-10.809497
-7.814343
-5.659950
-4.096108
-2.162020
6.742586
15.259869
9.302180
11.077352
-4.014996
-0.721277
0.544047
0.277427
1.864407
3.409644
5.284652
7.068860
0.444183
-1.766740
-15.002677
-14.252204
-10.562058
-7.685431
-5.982107
-2.273952
7.313884
14.462778
10.059160
12.114393
-7.348498
-2.348242
-0.583538
0.082429
0.986716
2.631370
5.065659
7.283616
-6.207018
-7.118448
-10.753577
-8.699159
-6.002215
-4.104618
-3.495493
-1.686570
7.366667
14.265661
9.677317
10.040455
-5.214014
-0.894773
0.291653
0.424506
1.628794
3.365580
5.413140
6.963258
0.949622
-3.194595
-13.122845
-12.839095
-9.502297
-6.373296
-4.878047
-2.841974
6.182524
14.137988
10.770959
11.817133
-4.429471
-1.374301
-0.013101
0.291034
1.452641
3.152842
5.473567
7.623509
-0.980879
-2.245235
-12.160836
-11.351848
-8.701490
-6.404398
-5.301625
-2.854339
6.398166
15.702266
9.603724
12.628068
-4.420319
-0.836512
0.375120
-0.090836
1.676859
3.152558
4.863005
7.038579
2.201688
-1.206038
-14.245511
-15.091278
-12.310567
-9.433525
-7.012918
-3.454457
7.651572
15.707251
10.558247
14.237663
-6.249764
-2.140882
-0.752416
-0.624372
0.794028
2.335523
4.562967
6.808584
-0.089338
-2.886977
-11.893480
-12.339539
-10.075266
-7.226375
-5.326676
-2.868191
6.100537
14.440714
9.398524
10.830465
-6.125311
-2.154289
-0.507308
0.017682
1.009150
2.891424
5.248668
7.169877
-2.580383
-4.377201
-11.272194
-10.117662
-7.610865
-5.185812
-4.003626
-2.733547
5.784960
13.888723
9.988307
10.389765
-5.726205
-1.376944
0.083674
0.308522
1.574021
3.366452
5.389067
7.427722
-0.880373
-2.480427
-12.029057
-11.435196
-8.842218
-6.573758
-5.278172
-2.697262
6.518775
15.691142
9.738361
12.112251
-5.472621
-1.415409
0.069177
-0.090906
1.450489
3.029691
4.987618
7.160555
-0.202515
-1.149686
-13.140692
-13.291225
-10.979405
-8.477821
-6.658988
-3.229213
6.296563
15.702770
10.030915
12.741714
-4.661267
-0.646347
-0.531411
0.201856
1.297346
2.970128
4.762693
7.561065
0.928705
-1.440339
-13.441901
-13.545098
-10.842483
-8.100768
-5.946613
-2.958890
5.899583
15.696110
9.741964
12.537230
-4.675566
-1.217912
-0.918784
0.183855
0.994838
2.684863
4.892111
7.839439
-1.168828
-0.914259
-12.769629
-12.371212
-10.122252
-7.541260
-5.820391
-2.954773
5.557028
15.438944
9.300899
11.596782
-3.337721
-0.523100
-0.286884
0.448633
1.477483
3.167100
4.963110
7.577225
-0.007181
-0.917503
-13.998558
-13.948836
-10.731784
-8.100296
-5.782663
-3.035014
5.847772
14.925606
9.964248
11.906640
-6.319007
-1.100312
-0.839296
0.472510
1.079552
2.816804
4.674686
7.607719
-3.594128
-2.511105
-12.682168
-11.632252
-9.001502
-6.499469
-4.709356
-3.139399
5.046400
14.552574
9.786205
10.820502
-5.135098
-0.844719
-0.543549
0.805517
1.393161
3.229815
5.053664
7.623299
-2.159250
-1.643144
-13.003329
-12.589793
-9.709132
-7.143412
-5.676702
-3.206875
4.699507
15.432431
10.213601
11.694867
-7.058270
-0.667168
-0.481944
0.498196
1.443584
3.002727
4.855148
7.678478
-2.373291
-0.000368
-13.416503
-12.796692
-9.841958
-7.340830
-5.841291
-2.880477
5.609695
15.126239
11.098477
12.812404
-6.645377
-0.346356
-0.294053
0.360203
1.447208
3.040308
4.751023
7.529346
-1.741768
0.004900
-13.899124
-13.968065
-11.227057
-8.495004
-6.489490
-3.383924
5.457032
15.455600
10.855538
13.340197
-6.441938
-1.166114
-0.904976
0.208431
0.881458
2.624101
4.450697
7.580889
-3.311716
-0.907643
-13.092278
-12.329720
-9.936548
-7.547518
-5.806616
-3.647117
4.709249
14.899126
10.165593
12.063845
-5.573339
-0.735864
-0.529745
0.547844
1.315183
3.066828
4.930581
7.579531
-1.352278
-0.495589
-12.757291
-13.521904
-10.874535
-8.356208
-7.029207
-3.001534
5.884226
15.696625
11.269763
13.736300
-7.068902
-0.688179
-0.558220
0.226988
1.250901
2.877326
4.569393
7.482854
-2.151685
-1.703630
-12.685513
-13.175056
-10.827937
-8.419575
-6.250602
-4.098046
4.727754
14.834733
9.681676
11.757469
-4.147003
-1.164923
-0.683767
0.746051
0.981163
2.780789
4.560921
7.395952
-5.214818
-1.921898
-13.041449
-11.513857
-8.868864
-6.470230
-5.158271
-3.718577
4.107472
14.068392
10.639631
11.108371
-5.757385
-0.774468
-0.364906
0.855228
1.367250
3.171375
4.912110
7.644795
-2.342354
-0.437515
-12.752194
-12.958072
-10.409867
-7.865014
-6.868954
-3.291545
5.185161
15.663032
11.474578
13.373848
-4.765136
-0.666103
-0.425250
0.125097
1.286828
2.877698
4.486174
7.173813
-1.348912
-0.180578
-13.840414
-14.202641
-11.838894
-9.057676
-6.555145
-4.279736
4.287805
14.035860
10.066480
11.839683
-7.378552
-1.693210
-1.058586
0.503602
0.663847
2.377421
4.211886
7.121645
-4.992654
-3.225041
-11.829146
-10.792553
-8.491669
-6.031533
-4.743895
-3.376851
4.244881
14.438907
10.290939
10.783315
-5.514090
-0.874046
-0.533088
0.862769
1.250598
3.009444
4.846099
7.468752
-0.967549
-0.937572
-11.807791
-12.045157
-9.556885
-6.579366
-5.542107
-3.413584
4.954918
15.702347
8.859728
11.996956
-4.062716
-0.511713
-0.225608
0.475359
1.541575
3.092914
4.755569
7.536242
-0.182472
0.615966
-12.923457
-14.575196
-11.548575
-8.619790
-6.559711
-3.809004
5.031973
14.691019
9.637050
11.560094
-5.767252
-1.542237
-1.253934
0.264947
0.786570
2.477371
4.226782
6.965713
-2.085204
-2.755346
-10.051865
-11.768420
-9.033684
-6.183906
-4.461582
-3.024037
4.834520
14.505788
9.341382
10.283852
-6.141930
-1.432679
-1.111177
0.558157
0.925106
2.741130
4.949411
7.870996
-2.348466
-0.904276
-10.254445
-10.995865
-8.825084
-6.018969
-4.793190
-3.033670
5.514732
15.701594
8.255721
11.268298
-4.606030
-0.123813
0.030013
0.504570
1.679929
3.279369
4.934965
7.442924
2.391274
-0.830471
-12.448790
-15.127546
-12.084057
-8.974905
-6.987370
-3.229960
7.615776
15.711019
11.685603
13.624725
-4.944655
-1.468565
-1.143940
0.219548
0.979406
2.516747
3.997603
6.799725
-0.609969
-3.650321
-10.265871
-11.648926
-8.909317
-6.111394
-4.603331
-2.758152
5.002823
14.605480
8.640174
9.819555
-5.370342
-1.068099
-0.760115
0.833233
1.092119
2.908698
5.263785
8.082729
-1.988108
-0.874931
-11.131444
-11.534803
-9.152184
-6.542788
-5.541499
-3.112882
6.286044
15.706641
9.137263
12.052966
-5.122018
-0.229294
-0.105449
0.333745
1.609522
3.106702
4.803233
7.490306
2.218310
-0.250546
-13.513152
-15.297512
-12.359377
-9.198620
-6.496630
-3.210677
6.298536
15.016242
8.994884
10.858464
-6.910326
-1.866469
-1.433360
0.390658
0.681909
2.355071
4.578419
7.058465
-3.245441
-6.261456
-10.664028
-10.354512
-7.308834
-4.565029
-3.238958
-1.593597
6.351018
13.910865
8.723612
8.974694
-5.352124
-1.514345
-1.049599
0.643867
1.003262
2.793948
5.219687
7.883670
-4.231714
-4.291937
-10.560218
-9.658628
-7.351012
-4.632944
-3.280845
-2.363764
5.999012
13.703672
7.710659
9.639106
-3.239769
-0.576425
-0.337042
0.833312
1.732770
3.475961
5.323320
8.008034
-0.749016
-1.997799
-12.288840
-12.221223
-9.777854
-7.016961
-5.150488
-3.200252
6.567521
15.704332
9.331815
11.838109
-3.202976
-0.324937
-0.252986
0.476426
1.517362
3.121209
4.821312
7.014531
0.135703
-2.134214
-13.327722
-13.207513
-10.210930
-6.846258
-5.568624
-2.447721
6.115180
13.135300
9.693621
9.943358
-7.991474
-2.731265
-0.832435
-0.080581
1.209890
2.747453
5.373835
7.554331
-7.025648
-7.207265
-9.414745
-7.210423
-4.626050
-2.831515
-1.961323
-1.579672
7.379642
13.676444
8.566528
9.425083
-4.639447
-0.810363
0.379428
0.549204
2.044200
3.676315
5.562998
7.475841
1.306901
-1.584463
-11.673320
-13.082859
-10.866918
-7.775761
-5.917201
-2.552040
7.958898
15.354502
8.044383
12.185427
-4.931951
-1.370433
0.121446
0.272017
1.710769
3.296471
5.477330
7.703833
0.078314
-2.069383
-13.052343
-12.882730
-10.277254
-7.402103
-5.460356
-3.033754
6.186317
14.518544
8.828132
10.902953
-5.019302
-1.449095
-0.094060
0.119175
1.466563
3.189615
5.187360
7.259035
-0.380939
-2.796180
-11.976437
-11.541011
-8.951396
-6.159822
-4.538697
-2.432549
6.634895
14.980451
9.424048
11.646994
-5.148000
-1.924535
-0.339698
-0.237939
1.279075
2.927750
5.342933
7.483376
-0.654221
-2.825600
-11.750408
-11.581468
-9.098306
-6.693131
-4.865051
-2.750300
6.916941
15.442174
8.964730
11.631563
-4.464954
-1.608562
-0.211131
-0.131021
1.360994
2.997133
5.086702
7.395077
-0.250941
-2.788947
-12.642218
-12.187241
-9.307703
-6.751416
-5.049432
-2.272518
7.429042
15.640317
9.588234
11.964637
-5.839208
-2.094481
-0.577030
-0.249812
1.001378
2.770311
5.110224
7.547273
-2.999116
-3.870144
-11.235630
-10.458336
-8.020285
-5.772935
-4.400042
-2.532412
6.628513
14.489604
8.656508
10.398077
-10.751548
-1.812410
-0.312658
0.012204
1.164365
-5.716930
-5.453937
-4.205901
0.921375
1.368685
1.745856
2.210145
2.792768
2.115741
4.763423
4.553828
4.896050
4.547285
5.125807
5.161087
6.307621
6.828925
8.324976
9.322734
10.776516
12.438993
15.001904
-0.863012
0.000327
-0.002714
-15.832937
-15.759161
-15.793970
-15.746920
-13.699175
-9.240153
-7.475669
-1.751500
15.700058
14.615552
14.209323
-2.237331
-0.089156
2.749744
2.604152
3.840370
4.025520
5.577458
7.171191
10.794123
-12.151806
-9.320107
-15.801876
-15.798470
-15.723206
-12.041288
-7.556005
-0.524651
8.809001
9.125638
5.933963
-8.525175
-4.706586
-0.041174
1.755893
4.294875
5.583442
6.394134
8.290534
12.161250
-15.824507
-15.404312
-15.706120
-12.285728
-6.929177
-4.331806
-2.475273
1.319606
9.336951
13.317218
9.010865
3.823159
-9.697679
-3.336928
0.105150
3.470045
4.224594
6.185549
8.307002
12.021088
-15.805076
-15.751965
-15.725884
-12.420603
-7.041093
-4.686118
-1.919704
4.411762
10.863890
14.343079
8.083588
2.553231
-11.687160
-4.526817
-1.222510
2.547217
4.156759
5.874671
8.064534
10.912512
-15.738841
-15.236488
-15.707335
-11.854133
-6.328810
-4.098565
-1.394096
4.558346
10.741963
12.675708
7.512344
4.082579
-8.237730
-4.866042
-1.329918
2.490910
4.208601
6.013788
8.340936
11.711133
7.164025
-15.715141
-15.705935
-11.826420
-5.118915
-3.733874
-3.202867
0.988300
9.827379
13.178653
7.983257
6.957062
-11.800889
-5.214634
-0.941859
1.819948
4.458531
6.073419
8.433435
12.206668
2.343012
-15.718308
-15.482124
-10.863672
-4.202793
-2.498246
-2.510826
0.523927
10.320377
14.141204
8.680278
9.424317
-9.301109
-2.671095
0.727710
2.138227
3.696554
6.309114
9.307022
12.169504
-0.297341
-9.682141
-13.888869
-14.430107
-11.564731
-10.968290
-8.890704
-4.412672
7.101998
13.324567
7.817481
8.687100
-9.498506
-4.924612
-1.060675
1.119066
3.628949
4.719697
7.669022
11.599876
9.139441
-15.457018
-14.040528
-10.831745
-1.858881
-0.095736
-1.538224
-0.917026
11.054983
15.736418
13.773917
15.702486
15.719317
1.074215
3.737571
4.043525
6.335218
8.703093
11.295805
14.933050
0.940164
-9.572742
-15.771571
-15.843978
-15.811290
-15.755464
-15.714394
-11.270422
-1.097312
13.676348
9.590933
12.257652
-6.540822
-2.346211
0.683338
1.949180
4.080192
5.547256
7.976616
11.637761
-5.507628
-11.577209
-14.919984
-11.268906
-9.180723
-8.017980
-7.467865
-3.591361
8.200542
14.611174
9.210733
10.375175
-8.446749
-3.121875
0.451805
1.788227
4.249423
5.674371
8.344624
12.141110
-4.771782
-12.780101
-13.697679
-11.425964
-7.759738
-7.033699
-7.232571
-4.177485
8.086901
15.719060
11.734030
11.707307
-9.107005
-5.950811
2.220160
3.144758
5.369375
6.652915
9.140708
13.233831
-5.635605
-12.335613
-12.979882
-11.093664
-7.879171
-7.470326
-8.140861
-6.082870
7.041378
15.755324
15.725930
15.705614
-5.205535
-0.371831
2.311426
2.986993
3.789438
5.849838
8.465465
12.997783
1.571463
-11.025003
-11.999927
-14.927464
-11.966846
-10.715038
-10.696775
-7.263457
5.833942
15.760575
15.718060
15.100369
-5.810986
-1.971634
1.459211
2.332913
3.110462
5.115814
7.730374
11.899237
-6.655552
-10.836554
-13.151442
-11.948150
-9.390186
-9.115372
-9.427197
-6.881753
5.316743
15.701569
12.933895
12.561995
-5.150018
-1.700818
1.278520
2.230809
3.827225
5.639385
8.352776
12.515478
-10.373873
-12.343187
-12.864323
-12.618478
-9.048262
-8.907585
-9.279415
-6.867320
5.559607
15.721622
14.519239
12.653712
-7.567133
-2.092462
1.763411
2.546805
4.264686
5.936539
8.487505
12.616441
-9.817382
-12.788713
-13.799126
-12.076358
-8.806687
-8.485371
-8.931911
-6.406867
5.408094
15.708121
14.176626
12.949228
-6.104198
-1.371139
1.705453
2.432785
4.140284
5.930287
8.544645
12.641651
-7.492214
-12.021722
-13.204041
-12.369110
-9.214812
-8.766311
-9.080406
-6.744895
5.899356
15.749706
15.709331
14.563412
-5.470119
-0.772743
1.956174
2.664348
3.759587
5.645195
8.201656
12.374192
-4.253352
-11.334890
-12.897507
-12.719269
-9.880527
-9.159555
-9.510372
-7.221299
5.323776
15.753675
15.722578
15.361850
-7.909492
-3.905466
2.314689
2.884446
3.643193
5.609878
8.104483
12.241879
-3.996979
-11.213768
-13.466753
-12.877523
-10.348249
-9.369335
-9.572268
-7.168537
5.069473
15.736804
15.697687
14.041016
-7.674237
-0.736676
1.488291
3.395001
4.021932
5.801042
8.274276
12.321702
-6.584104
-11.558645
-13.009027
-12.674673
-9.708202
-9.000683
-9.371712
-6.964463
4.962446
15.728897
15.424267
13.440393
-7.454185
-3.079413
1.639074
3.640667
4.517546
6.110938
8.486552
12.531211
-8.506403
-11.798721
-13.626690
-11.894958
-8.688409
-8.405803
-9.151768
-7.043507
5.150248
15.747845
15.713105
14.182121
-5.540951
-1.580967
1.305890
2.262805
3.096292
5.230710
7.913420
12.228488
-6.443447
-11.013652
-12.758278
-12.732937
-9.702528
-9.341283
-9.608014
-7.299086
5.350967
15.748725
15.705117
14.119374
-4.682926
-1.202677
1.572023
2.363591
3.467534
5.369819
8.082759
12.322551
-10.245022
-11.956249
-13.685337
-12.800051
-9.613581
-9.342127
-9.691262
-7.318240
4.548364
15.701035
14.199769
13.071003
-5.643372
-1.702585
1.479336
2.320366
4.294960
5.805095
8.389616
12.411615
-7.940095
-11.876148
-13.185953
-12.271608
-8.912166
-8.535460
-9.124456
-7.021023
5.172664
15.751321
15.710141
14.548439
-5.599082
-1.201757
1.803647
2.599187
3.687520
5.536447
7.968317
12.156076
-4.752456
-11.519685
-12.935986
-12.412301
-9.651875
-8.833153
-9.244882
-7.027475
4.997978
15.748107
15.709672
14.724126
-8.894734
-4.625536
2.019863
2.674506
3.804046
5.611112
8.046689
12.130301
-3.146321
-11.433360
-13.118774
-12.748510
-9.978423
-8.982820
-9.251269
-6.837122
5.372129
15.740730
15.699514
13.991303
-8.230518
-0.852692
1.282664
3.349290
4.149023
5.735491
8.127802
12.125235
-5.517592
-11.666076
-13.917577
-12.023851
-9.124682
-8.508875
-9.044872
-6.660982
5.112243
15.708441
15.002584
13.207828
-7.646285
-2.020719
1.189564
2.272038
3.726398
5.669036
8.243976
12.215946
-9.657660
-12.827262
-14.130052
-12.335446
-9.275578
-8.437276
-8.580229
-5.664121
6.253481
15.644608
10.947650
11.923673
-8.121649
-3.206012
0.219480
1.672549
4.056645
5.575903
8.254932
11.876406
-4.552199
-12.679708
-13.721951
-12.087499
-8.127048
-7.629372
-8.042513
-5.469189
7.084219
15.735240
14.139656
12.863491
-8.632279
-1.682412
0.988142
3.282596
4.417257
6.111398
8.476493
12.548177
-2.819175
-12.167034
-12.799334
-11.640398
-5.786997
-5.828968
-7.073457
-5.893359
6.561440
15.747643
15.683869
15.145333
-3.183300
1.083829
2.748900
4.802871
4.716318
6.340002
8.700655
13.061396
-9.271796
-11.487662
-13.178489
-14.425353
-11.369043
-10.140841
-10.089034
-6.851828
2.549636
13.559381
10.757627
11.771008
-7.193739
-2.311731
1.059120
2.212265
4.494286
5.429683
7.822176
11.694570
-6.022083
-11.910153
-12.474876
-9.774176
-6.650896
-5.959777
-6.609963
-4.531790
6.301163
15.703025
12.171494
11.878683
-8.752188
-5.858908
2.326925
3.121738
5.197753
6.455703
9.005572
12.851303
-7.880049
-10.534632
-10.669680
-11.983919
-8.394421
-8.290436
-8.875641
-6.713216
4.501811
15.717309
13.867212
12.456215
-8.313320
1.274394
1.486150
3.439949
4.295876
6.059610
8.565288
12.752346
-7.527437
-10.459584
-11.498142
-12.587564
-9.204063
-8.984828
-9.391136
-6.925393
3.802620
15.608815
12.977136
12.174439
-6.610439
-3.532888
2.530905
3.276332
5.415158
6.402835
8.850906
12.813785
-9.882036
-10.149964
-10.489924
-11.946039
-8.917517
-8.629480
-9.466237
-7.555211
3.433596
15.755410
15.715797
14.010064
-8.178823
-4.292197
2.419478
2.963293
3.784331
5.773215
8.467700
12.884136
-10.718957
-10.125231
-12.734668
-12.919543
-9.966744
-9.654514
-9.804001
-7.316902
2.625559
14.180951
9.965385
11.741496
-7.796775
-2.986958
0.272834
1.539583
3.660772
5.481880
8.147278
11.598996
-6.571013
-10.853628
-11.780581
-12.591646
-9.134644
-8.303740
-7.971474
-4.796542
5.668074
13.715128
9.459559
11.354483
-10.433758
-3.422763
-0.477185
2.038093
3.746025
5.583142
8.164779
12.308001
-1.963598
-10.603120
-11.129830
-10.545840
-7.061815
-5.920089
-6.357021
-4.297918
9.203266
15.722319
11.165399
12.270790
-7.647306
-4.009803
2.813732
3.834743
4.866976
6.423404
8.747348
12.845755
-1.818274
-7.980825
-12.805100
-13.776403
-10.642571
-10.080390
-9.443655
-5.772636
3.613438
14.799346
10.581637
11.641629
-6.641808
-2.055819
1.015967
2.119784
4.572248
5.878269
8.358714
11.876955
-5.223288
-10.857428
-12.253226
-10.878537
-7.614405
-6.826052
-7.026477
-4.583260
6.052658
15.038465
11.202391
11.102870
-9.980095
-2.899155
0.353525
2.859485
4.152030
6.083071
8.524401
12.485538
-4.225356
-11.836340
-12.316077
-11.782296
-7.970786
-7.053337
-7.128424
-4.448181
6.144145
14.533349
10.579342
11.271680
-10.468254
-3.728520
-0.137437
2.476027
4.013351
5.871780
8.358586
12.298614
-4.293601
-12.395483
-12.288068
-11.083985
-7.494286
-6.247886
-6.244492
-3.651005
6.610017
14.758341
10.755096
11.679842
-10.142369
-3.124266
0.419152
2.824450
4.183216
6.033651
8.533084
12.514015
-2.635417
-11.097390
-11.331662
-11.158548
-7.711530
-6.846389
-7.289705
-5.079446
6.106819
15.708869
12.445814
13.020965
-8.114265
-1.577352
1.703123
2.517052
4.214125
5.899522
8.543495
12.464602
-4.191994
-9.650483
-10.542869
-12.465339
-9.061942
-8.648417
-8.975334
-6.559494
4.276422
15.669149
12.449236
12.707350
-10.318484
-3.834605
0.673645
2.887466
3.896245
5.876258
8.374614
12.349496
-5.053943
-10.358083
-11.196367
-12.243340
-8.718256
-8.132167
-8.488229
-6.206077
4.767817
15.695683
12.729146
12.671584
-9.646063
-2.199097
1.075053
3.288747
4.581135
6.021488
8.469321
12.495211
-5.711013
-10.466356
-10.748308
-11.930106
-8.280879
-7.906229
-8.568444
-6.848154
4.106066
15.732267
15.451399
13.692877
-9.564309
-3.473455
1.615458
3.599793
4.212914
5.920323
8.426949
12.469795
-6.509541
-10.088876
-11.321956
-12.789314
-9.536179
-8.961342
-9.432439
-7.273296
2.949381
15.643802
13.821883
12.382617
-4.989863
0.757994
1.863866
3.920469
4.752043
5.788407
7.866568
12.039588
-15.809524
-7.726691
-13.393493
-11.980199
-9.025768
-8.069118
-8.945995
-7.774180
1.537384
15.745443
15.726884
14.772138
-6.488457
4.521583
2.217548
2.826419
3.943797
5.446340
7.922343
12.425892
-15.850091
-4.839871
-14.026775
-14.612636
-12.559049
-10.779803
-10.786539
-8.725563
0.650059
15.700646
15.706307
13.674770
-5.111684
8.850882
2.314446
2.893210
5.009453
5.775800
8.102863
12.431607
-15.892062
-9.085482
-13.847281
-13.515723
-10.866747
-9.227991
-9.806820
-8.381244
0.194410
15.432107
15.677883
13.507926
-9.115989
15.751980
1.364507
3.189708
4.194038
5.677882
8.126618
12.656067
-15.881193
-8.569325
-14.132476
-14.137462
-11.533310
-9.941502
-10.180791
-8.423765
0.359871
15.494425
15.699887
13.379802
-5.697464
-7.303548
2.093257
3.832042
4.892583
6.011352
8.357890
12.365165
-15.881736
-8.283003
-13.182572
-13.516426
-11.107368
-9.269450
-9.850623
-8.596656
0.152323
15.721406
15.729934
14.861691
-8.222938
-11.490151
1.495401
3.122785
3.644076
5.252203
7.795079
12.600578
-15.876900
-6.722489
-14.126625
-14.733967
-12.710525
-10.839488
-10.768697
-8.749562
0.198035
15.532878
15.635661
12.604105
-6.977137
-6.732075
2.476502
2.989887
5.277659
5.719239
8.010478
12.110057
-15.859991
-7.900207
-13.160040
-13.464186
-11.109076
-9.367929
-9.962378
-8.618108
0.477309
15.733675
15.733177
15.108085
-6.904963
4.850459
2.223071
2.803772
4.414872
5.590775
7.928242
12.498527
-15.873517
-6.565149
-13.706219
-13.847582
-11.850248
-9.978017
-10.388023
-8.976468
-0.346823
15.706131
15.728502
14.843895
-8.337135
-6.537220
1.388707
3.027490
3.559238
5.223331
7.652977
12.348960
-15.861906
-5.596205
-13.909760
-14.893184
-12.915488
-10.969244
-10.833455
-8.687641
0.471787
15.629272
15.697902
12.151237
-7.829833
2.026599
2.090754
2.852753
4.932796
5.448843
7.709304
11.991529
-15.850849
-8.354370
-13.161998
-13.237319
-10.580798
-9.137255
-9.735044
-8.562963
0.040172
15.669144
15.711740
14.057613
-7.725478
7.288844
2.183985
2.960901
5.047640
5.840900
8.081856
12.359519
-15.882701
-9.843219
-13.608698
-13.484752
-10.467884
-9.211191
-9.817507
-8.650480
-0.627554
14.557148
15.703537
13.673361
-9.827883
-2.124823
2.011949
2.782168
4.906757
5.776536
7.863199
12.258164
-15.859276
-9.117432
-13.359350
-13.392534
-10.365691
-9.021478
-9.544317
-8.481620
-0.051575
15.704516
15.713402
14.495481
-6.979328
-4.137576
2.424653
3.174914
5.252032
6.050559
8.102833
12.152606
-15.864346
-8.158781
-13.136044
-13.412971
-10.849775
-9.322239
-9.917357
-8.941901
-0.630374
15.705100
15.727629
15.330069
-9.496082
-2.206848
1.976110
2.670325
4.300498
5.443919
7.724220
12.172874
-15.865361
-7.996908
-13.992497
-13.798083
-11.511992
-9.843324
-10.152881
-8.779461
-0.390682
14.417998
15.513841
12.305691
-10.371382
-13.881997
0.904050
3.007381
4.160315
5.483526
7.606263
11.899287
-15.800663
-7.058398
-13.472102
-12.865691
-9.992929
-8.659052
-9.127194
-8.092847
0.622457
15.667480
15.709105
13.047503
-8.106806
-0.414060
0.754682
2.932709
3.857006
5.269930
7.582908
11.788958
-15.821162
-7.370018
-12.792090
-13.455595
-10.704579
-9.489449
-9.813085
-8.545054
-0.014624
14.649876
15.501195
11.669436
-10.445333
13.330520
0.462231
1.723912
3.823572
5.227086
7.333662
11.692427
-15.760731
-6.674572
-14.552040
-13.084384
-10.319366
-8.810274
-8.897212
-7.376784
1.625827
14.967685
14.318436
10.323507
-10.206332
3.136385
-0.176890
2.340466
3.706979
5.407939
7.399115
11.712004
-15.757164
-7.855365
-15.075991
-12.957446
-9.956829
-8.386322
-8.250412
-6.237839
2.675192
14.163583
10.979473
10.749072
-11.109905
-2.774540
-1.896973
1.236507
3.052772
4.837208
7.175073
10.855425
-15.580536
-7.260946
-15.711739
-12.470295
-8.405113
-6.671496
-6.293662
-4.202674
4.224306
13.711634
10.966090
11.528214
-11.803741
0.919174
-1.300476
1.547782
3.243770
5.111152
7.494596
11.454143
-13.459455
-3.415533
-12.942822
-10.842340
-7.055614
-6.485231
-7.217965
-6.507179
2.885693
15.730174
15.730986
13.660598
15.698400
-0.272814
0.539830
2.518896
3.060641
4.807197
7.386743
11.736948
-15.830541
0.278605
-11.031917
-15.710235
-14.978395
-13.623932
-13.707426
-10.273188
-0.158950
15.272776
11.954968
9.779120
-6.906618
0.263248
-1.161743
1.542055
2.379185
4.508896
6.717000
10.954144
-15.799834
-8.649579
-15.705254
-12.854342
-10.999449
-9.500497
-9.050833
-6.440578
2.581846
13.845072
11.144105
8.459893
-13.083541
-11.433607
-1.897618
0.129004
2.897471
3.905171
6.289598
10.019422
-3.699114
-10.862765
-13.233093
-11.568763
-4.702766
-2.916955
-3.815585
-4.230996
5.221896
15.732152
13.539290
10.496570
-7.050875
0.367754
1.267148
3.375749
3.656255
5.681990
8.210890
11.783778
14.734998
-6.422152
-11.745410
-15.708059
-13.608975
-11.489907
-10.787721
-8.771027
0.143042
15.489556
15.699402
9.822624
-6.021450
-3.960959
1.077719
2.207425
4.408942
4.777378
7.148648
10.475585
13.324858
-9.472333
-13.083052
-13.390642
-10.096895
-8.120205
-8.337921
-7.443458
0.207118
13.642153
15.610213
11.186695
-7.857941
-5.562564
0.330641
1.889972
4.114165
5.163864
7.630692
10.886165
13.775410
-11.411994
-13.778006
-13.771170
-10.153848
-8.503734
-8.462021
-7.158198
1.174484
13.892257
12.329072
10.657959
-1.462588
-7.002498
-1.149339
0.893967
3.483071
4.741006
7.308123
10.267836
13.410824
-10.473692
-15.168687
-14.578274
-10.069279
-8.144787
-7.771806
-5.986067
2.634737
13.579086
12.054131
10.678473
10.856843
-8.435645
-1.319916
0.624097
3.308875
4.358991
6.959901
10.679092
11.852048
-4.020879
-15.708826
-14.164147
-9.112686
-6.179108
-5.697836
-4.827814
2.629185
15.682849
15.700341
11.624249
15.935657
-6.788532
1.635370
2.426054
4.687323
5.592912
8.424567
12.030266
15.412669
-12.001411
-5.299588
-15.717003
-13.560685
-12.130674
-11.907803
-10.580153
-1.967631
15.735939
15.777292
15.637435
10.780819
-6.786923
0.086149
2.137112
2.497424
4.236794
6.896671
11.173323
14.234528
-12.016773
-9.203295
-15.527824
-13.562807
-11.686139
-11.565052
-10.230335
-2.276116
15.699336
15.768607
14.793047
-7.470661
-5.016521
0.698076
1.539201
3.522074
4.457672
7.186781
11.278631
14.345555
-12.535302
-10.386377
-14.410710
-12.253025
-10.283525
-10.416971
-9.636522
-2.030670
15.697664
15.762054
14.312386
1.219182
-4.969861
0.413432
1.443247
3.434710
4.387772
7.229633
11.026047
14.083271
-13.171936
-10.268684
-14.591636
-12.301206
-10.298613
-10.732936
-9.716095
-2.608498
14.198422
15.748160
13.511382
16.035313
-8.736987
1.121210
2.194664
4.237271
4.757171
7.531398
10.938904
13.990696
-14.493849
-11.280519
-13.908916
-8.974961
-7.956180
-9.405627
-9.178109
-2.736293
11.945548
15.704233
12.800871
-9.417078
-6.755390
1.515453
2.455137
4.470222
5.226542
7.871140
11.190426
14.333441
-13.385098
-11.427521
-12.869146
-10.753917
-8.967684
-9.767241
-8.684557
-1.882784
11.386910
12.766232
11.791089
-10.151229
-7.453528
-0.725984
1.042769
3.487807
4.629310
7.069734
10.581205
13.331005
-9.492172
-13.094181
-12.383951
-9.441696
-7.883302
-7.860443
-6.512994
0.930203
13.267775
14.658239
9.442478
-6.368795
-4.128845
1.201774
2.512594
4.692595
5.110820
7.693186
11.004823
13.960895
-8.006664
-11.413483
-12.558550
-9.408370
-7.778786
-8.180760
-7.605453
-0.050552
15.682802
15.236140
9.965123
-4.534421
-2.951110
2.196458
3.065372
5.252563
5.792381
8.323126
11.229758
14.294116
-10.678279
-9.465777
-13.950720
-11.047418
-9.455773
-9.898190
-8.520116
-0.980793
12.640508
13.783480
11.025950
-7.213403
-4.888241
0.752828
1.876299
4.108315
5.058698
7.641219
10.912278
13.731347
-11.158155
-11.582625
-12.675668
-9.585459
-8.200168
-8.252689
-7.010948
0.167908
12.732198
12.326145
11.154432
-8.040077
-5.611403
0.100420
1.629745
3.957597
4.864743
7.454863
10.936322
13.883371
-8.497540
-11.028308
-13.362249
-9.922429
-8.413837
-8.250386
-7.088885
1.290435
15.713952
14.187789
8.947486
-7.925211
-3.163406
2.079716
3.189538
5.504517
5.636857
7.719182
11.502234
-15.769576
-5.927147
-11.355888
-12.436559
-9.107951
-8.269219
-9.276397
-7.906563
-0.096965
13.060981
12.690840
11.601357
-8.134344
-2.992914
-0.554877
1.996530
2.993035
4.970550
7.290317
10.974071
-15.737692
-6.133915
-12.304568
-12.473397
-9.711170
-8.452244
-8.285249
-6.259531
2.129431
12.992520
10.280863
10.608124
-12.198956
-3.981808
-1.594866
1.406229
3.043618
4.702351
7.089902
11.173928
-15.571901
-6.900407
-15.715727
-13.188293
-7.924050
-5.707457
-4.556675
-2.034180
4.677123
12.398900
9.975970
11.302633
-9.059393
-5.127779
-1.755893
1.356011
3.057647
5.080179
7.432520
11.460376
-14.484460
-10.189284
-13.937546
-9.574832
-3.853213
-1.743545
-2.640421
-3.139257
4.158257
15.728400
14.365766
11.618727
15.699711
2.575395
2.179647
3.812379
4.312091
6.633426
8.909172
12.724568
-15.785264
3.081989
-13.459109
-15.775273
-15.751612
-15.736174
-15.408085
-10.461257
1.748272
15.711393
13.945708
11.320597
-8.532090
-2.980947
-0.798656
1.875084
2.375383
4.472492
6.703680
10.429890
-15.773617
-7.297045
-13.359944
-11.984657
-9.900456
-9.075564
-8.426742
-5.985767
2.450958
12.778157
9.473665
8.076262
-12.004988
3.060098
-2.254403
0.100178
3.171561
4.323425
6.703400
10.700562
1.378994
-15.678237
-11.289638
-10.271761
-2.544643
-1.230839
-2.471523
-3.197730
6.988382
15.732987
13.976260
10.366950
-7.034455
-10.316645
1.923823
3.747827
4.450948
6.467216
8.750801
12.826727
-15.758191
0.144984
-13.020219
-15.746213
-15.715386
-15.701776
-13.515595
-8.263224
3.061273
15.699868
9.528623
9.205178
-8.772683
-3.859338
-1.040599
2.082835
3.620921
5.243789
7.408829
10.835190
-15.729997
-10.193918
-15.701120
-11.725130
-7.723290
-6.842196
-6.479342
-4.401574
4.133156
13.154182
9.651731
8.421658
-10.764377
-5.173456
-2.576399
1.081470
2.948488
4.433313
6.736765
10.684782
1.548790
-12.705484
-12.265228
-10.688614
-3.398898
-2.073472
-3.031695
-3.164816
6.915419
15.722167
11.850890
10.037317
-8.205547
0.228330
2.405954
2.994544
4.012558
6.030931
8.561273
12.810437
-15.723645
-2.433480
-12.432406
-15.718561
-13.910720
-12.655618
-11.373105
-7.448791
2.755011
13.501617
8.253738
9.358232
-8.346011
-3.470815
-0.863842
2.307209
3.620422
4.588665
6.893627
10.722912
-7.105788
-12.546784
-14.763661
-9.760131
-3.841272
-2.502719
-3.425796
-3.240623
5.370533
15.722375
13.621223
11.427383
-6.365589
1.752322
0.994088
-6.065279
-5.778825
1.921428
1.210135
1.495112
2.034658
2.511370
2.784261
3.460454
3.807274
4.583719
5.043632
5.982619
6.560604
7.540905
8.083267
9.069640
9.660562
10.697342
11.500230
12.648191
-0.123566
0.001017
0.000051
0.000111
-0.021169
0.004480
0.000452
0.001767
0.000655
0.004907
-0.010866
-1.315792
-0.883530
1.344074
0.021851
0.005973
0.000555
-0.869839
-0.000679
0.000931
-6.080431
-5.015253
1.967046
2.236835
2.630816
3.171097
3.575706
3.481449
3.666767
4.214195
6.969885
6.413381
6.724876
6.722358
6.954875
6.607718
6.803071
6.954974
6.917732
9.322041
-15.482536
-6.028543
-11.109118
-13.457955
-10.379149
-8.449449
-7.532461
-5.002067
2.437768
11.021734
13.457825
14.676885
14.676777
-0.602274
-0.735839
-1.449457
-1.379319
-1.162014
-0.985105
1.426170
3.658447
-4.688188
-10.545417
-13.568170
-10.390315
-8.957569
-7.640542
-4.164441
2.604494
9.353365
7.196592
9.292264
-7.919820
-3.455132
-3.105139
-2.072567
-2.110421
-2.050644
-0.068831
1.825449
3.160386
-4.850144
-5.662174
-9.288591
-4.335583
-3.340977
-3.055963
-0.178205
5.123264
9.910475
6.971370
8.635071
-8.228818
-5.683371
-1.865443
-0.624035
-0.948869
-0.409332
0.984367
2.976940
-3.537592
-1.068831
-5.118536
-9.188929
-6.010283
-4.747383
-3.840789
-0.266214
5.216796
8.739168
7.153520
7.120839
-4.603250
-2.682962
-2.089352
-1.856813
-1.205930
-1.219041
0.838036
2.664167
4.642323
-5.728013
-8.523256
-8.026311
-2.015570
0.134639
-0.046456
2.896459
7.461244
10.033200
7.524474
-1.749791
-1.228066
0.063081
-0.307865
0.300175
0.197760
-0.043497
0.554736
2.702778
4.290426
-0.040407
-8.569915
-7.615691
-2.443225
-0.621681
-0.622645
1.757310
5.896494
10.081031
7.694694
7.543260
-2.088418
-0.333165
-0.385048
-0.197047
0.306214
0.155211
0.533880
2.015385
3.960628
-4.556223
-5.732419
-10.018136
-5.655489
-4.607701
-3.963320
-0.597115
4.439827
8.905671
6.911389
8.127054
-4.065829
-0.760051
-1.417450
-1.080733
-1.148540
-0.930008
0.724524
2.765982
0.610172
-2.412426
-4.892063
-8.625062
-4.816043
-3.527893
-3.063784
0.055348
4.905990
9.010486
7.178458
7.764675
-3.358852
-0.397866
-1.079821
-1.049640
-0.376850
-0.433227
0.982120
2.806406
2.707362
-6.333640
-5.761468
-8.549381
-3.632021
-1.855071
-1.616524
1.186826
5.667793
9.495337
7.460113
7.570112
-3.157117
-0.452719
-0.881667
-0.605011
-0.027873
-0.036223
0.930681
2.703574
3.082869
-5.856910
-6.309727
-9.015030
-3.942012
-2.582952
-2.349116
0.561516
5.339045
9.503002
7.542850
8.088722
-3.354738
-0.623250
-1.106573
-1.099371
-0.549546
-0.529539
0.759951
2.675710
4.656234
-5.309020
-5.975829
-8.841893
-3.866082
-2.474542
-2.268738
0.526689
5.226245
9.355669
7.569165
8.126719
-3.664407
-0.669404
-1.142088
-0.963157
-0.372467
-0.357493
0.880704
2.730340
1.171531
-5.447872
-6.138826
-9.037254
-4.011388
-2.594325
-2.316372
0.566757
5.318433
9.589951
7.633765
8.098263
-3.292072
-0.657550
-1.079949
-0.940052
-0.389450
-0.392202
0.842941
2.689484
1.792444
-5.814379
-6.186750
-9.097857
-3.886547
-2.451491
-2.238814
0.550468
5.297561
9.661226
7.697084
8.289258
-4.267700
4.811363
-1.523646
-1.103965
-0.538180
-0.510484
0.720586
2.561170
4.176527
-5.683897
-6.118623
-9.208709
-4.046677
-2.563229
-2.247243
0.518446
5.286200
9.558042
7.650042
8.359664
-5.242618
13.357594
-1.614946
-0.987813
-1.021054
-0.835000
0.674640
2.536191
3.693890
-5.258461
-5.999259
-9.204960
-4.235829
-2.613910
-2.145645
0.752231
5.449507
9.274588
7.654719
7.866654
-3.350317
-0.884661
-1.202847
-1.022726
-0.378559
-0.415944
0.810945
2.641552
2.485328
-5.960810
-6.178344
-9.085944
-3.746584
-2.178537
-1.961092
0.693962
5.327812
9.546745
7.646774
8.241836
-4.851229
10.936606
-1.690677
-1.188180
-0.569957
-0.543711
0.674617
2.477462
3.951780
-5.463071
-6.090065
-9.235748
-4.150240
-2.515405
-2.134649
0.649024
5.347635
9.353707
7.607907
8.123017
-3.453121
-0.792868
-1.191034
-1.132585
-0.510136
-0.513634
0.756929
2.633929
5.660342
-5.513800
-5.886910
-9.087587
-3.914559
-2.349640
-2.164329
0.447182
5.085668
9.271659
7.567883
8.288141
-4.773963
10.852162
-1.655056
-1.110663
-0.442709
-0.427663
0.776141
2.559964
2.145815
-5.386011
-6.201920
-9.347219
-4.338967
-2.615537
-2.210603
0.625867
5.362614
9.084573
7.613284
7.890581
-3.414076
-0.939452
-1.237092
-1.108405
-0.416523
-0.470620
0.788327
2.637121
1.419262
-6.081257
-6.265753
-9.178052
-3.748968
-2.046635
-1.864036
0.739295
5.360077
9.486091
7.679741
8.076479
-3.302191
-0.888767
-1.105816
-0.825636
-0.165623
-0.212554
0.738905
2.505744
5.073059
-6.585732
-6.339405
-9.698148
-3.886769
-2.332114
-2.128954
0.438025
5.237785
9.378532
7.692004
8.388670
-5.923358
13.545594
-1.832562
-1.099955
-1.080260
-0.905559
0.604876
2.453331
3.746716
-4.803055
-5.956465
-9.270388
-4.433365
-2.625149
-2.112463
0.686884
5.357080
8.974632
7.571846
7.789459
-3.868609
-1.121410
-1.437617
-1.187114
-0.397363
-0.483411
0.758653
2.569240
2.277332
-6.301974
-6.283562
-9.139704
-3.656001
-1.784234
-1.512435
0.967165
5.491743
9.380584
7.644386
8.018322
-4.508493
-8.498715
-1.266431
-0.950655
-0.211442
-0.282102
0.759118
2.500041
0.777853
-7.369588
-6.355979
-9.300406
-3.616594
-1.776110
-1.678825
0.546679
5.232985
9.546902
7.717007
8.894196
-6.078375
13.340460
-1.831731
-1.590941
-1.103780
-0.910510
0.514819
2.456558
-0.441508
-3.418739
-5.795704
-9.073286
-5.183136
-3.398446
-2.878845
-0.007682
4.890141
8.621982
7.433393
7.788731
-3.945875
-1.542550
-1.675284
-1.192000
-1.092410
-0.955979
0.693137
2.676895
3.642486
-5.241180
-5.958581
-8.646910
-3.659252
-1.634531
-1.408430
0.896523
5.234306
8.940533
7.319260
7.552901
-3.208141
-1.248283
-1.202762
-0.823265
0.038906
-0.069025
0.824153
2.580564
1.365640
-6.425241
-6.606081
-9.310248
-3.991734
-1.903756
-1.616647
0.883228
5.437986
8.958190
7.490153
7.596055
-3.791671
-1.470284
-1.469611
-1.110295
-0.272990
-0.378397
0.790759
2.545583
7.844927
-7.685421
-5.455334
-9.004328
-2.918953
-1.000771
-1.276326
0.237420
4.772643
9.328533
7.717154
9.747466
10.322403
13.026196
-1.940325
-0.881331
-1.201642
-0.684150
0.692933
2.841300
-5.481287
-1.922804
-5.638732
-9.568501
-6.284457
-4.514678
-3.914699
-0.832339
4.432174
8.564095
7.698825
7.731390
-3.934980
-1.321845
-1.633004
-1.083592
-1.027492
-0.932112
0.612280
2.473234
4.165837
-6.802520
-8.676744
-9.283659
-1.997896
0.253614
0.354495
2.785696
7.049613
9.940462
7.415184
6.311549
-2.301590
-0.741859
-0.661727
-0.443270
0.199825
0.026612
0.734749
2.188959
4.305128
-5.338995
-6.041106
-9.012261
-3.053870
-1.710725
-1.240516
1.465230
5.920804
9.469141
6.953825
6.722277
-2.686250
-1.331045
-1.097576
-0.789789
0.032674
-0.073259
0.676838
2.257200
4.200162
-6.840991
-3.686882
-10.085426
-3.230450
-2.586334
-1.961954
0.762866
4.991481
8.962676
6.688783
7.331973
-2.997894
-1.057216
-1.140759
-0.807899
0.078870
-0.002411
0.914655
2.713625
2.093724
-4.419088
-4.497554
-9.016195
-4.478011
-3.310259
-2.596787
0.278175
4.805156
9.011796
6.957336
7.808086
-3.800832
-0.898924
-1.289799
-1.322997
-0.534821
-0.539979
0.790765
2.773600
-1.324169
-3.492587
-4.522858
-8.666108
-4.568472
-3.228456
-2.561194
0.449776
5.020641
9.028022
7.040986
7.421908
-3.867777
-1.056668
-1.387592
-1.319911
-0.381145
-0.461926
0.857957
2.773366
3.554948
-5.667513
-5.193566
-8.691325
-3.464124
-1.961994
-1.423947
1.125930
5.424585
9.383417
7.178360
7.566545
-3.382459
-0.951716
-1.140013
-1.003752
-0.168581
-0.195348
0.994146
2.810635
2.061086
-5.821377
-5.803493
-8.899282
-3.786285
-2.161318
-1.492381
1.108869
5.690360
9.396338
7.543506
7.479129
-3.917412
-1.180074
-1.407397
-1.363859
-0.569585
-0.603460
0.709388
2.646279
5.103262
-6.393221
-5.469928
-8.940457
-3.420068
-1.982956
-1.641275
0.814957
5.118348
9.442000
7.324996
8.074452
-5.708009
13.412535
-1.783900
-1.258994
-0.548857
-0.469422
0.758783
2.589247
0.593809
-3.717845
-4.848372
-9.081064
-4.817455
-3.162653
-2.346177
0.442728
5.131844
9.055991
7.376637
7.653441
-4.086459
-1.426516
-1.584054
-1.187147
-1.119095
-0.927989
0.728112
2.813609
-2.500200
-4.641969
-5.465238
-8.400249
-3.891505
-2.148574
-1.467058
1.036251
5.413354
9.220032
7.264713
7.122499
-3.644135
-1.251065
-1.352353
-1.321152
-0.413859
-0.467736
0.868493
2.793888
2.574230
-5.995126
-5.692225
-8.628694
-3.371410
-1.705631
-1.293926
1.069411
5.249954
9.236046
7.130317
7.471600
-3.628665
-1.269952
-1.297158
-0.979666
-0.048587
-0.097019
0.898269
2.751905
3.145617
-6.153434
-5.854686
-8.966540
-3.776864
-2.053496
-1.535389
0.811643
5.218747
9.371466
7.367149
7.822186
-5.940266
-4.003649
-1.397596
-1.437660
-0.703549
-0.657479
0.680310
2.679845
-2.455180
-3.795674
-5.194234
-8.629443
-4.410015
-2.567348
-1.888049
0.698868
5.235118
9.121127
7.451392
7.524432
-4.216988
-1.730673
-1.737313
-1.246855
-1.111799
-0.927798
0.713434
2.737984
0.039162
-5.918185
-5.598607
-8.929375
-3.518025
-1.728272
-1.089157
1.318306
5.624442
9.194752
7.158863
6.675064
-3.461447
-1.343258
-1.302303
-0.967343
-0.003518
-0.162429
0.823504
2.530321
4.448866
-8.368306
-5.489408
-9.481611
-2.584957
-0.988066
-0.761457
1.264049
5.338074
9.375571
7.141811
7.457179
-3.568353
-1.195234
-1.210582
-0.872246
0.054217
-0.011781
0.863969
2.575949
2.216509
-5.874515
-4.765411
-9.033500
-3.940961
-2.146858
-1.788287
-0.030734
4.341564
8.996050
7.307069
8.748227
7.666561
-4.055856
-1.239635
-1.523287
-0.897468
-0.693393
0.469306
2.720303
-5.487395
-1.203112
-4.082164
-9.257820
-6.174445
-4.502168
-3.859673
-0.823132
4.387251
8.771574
7.568034
7.500508
-3.773347
-1.373172
-1.538358
-1.547473
-0.582187
-0.680769
0.940813
2.799248
2.662744
-7.937625
-5.613324
-9.283801
-2.593267
-0.824513
-0.587295
1.373943
5.721317
9.585500
7.138717
6.868650
-2.225874
-0.722523
-0.642730
-0.401705
0.408620
0.326517
0.657573
2.232018
4.346075
2.602225
-4.457508
-9.375493
-4.433944
-2.827075
-2.366241
0.001257
4.464525
8.941274
7.707442
8.479774
-3.172909
-3.053739
-1.692137
-0.692799
-0.544454
-0.425460
0.606457
2.667432
3.415643
1.828807
-4.619373
-9.613397
-5.443124
-3.580461
-2.757325
-0.096298
4.221105
8.409833
7.251055
7.655601
-3.111284
-3.037064
-1.679018
-0.563774
-0.253855
-0.211221
0.644191
2.628867
4.294227
0.779835
-5.617508
-9.941693
-4.660840
-2.633052
-2.097617
0.140120
4.304920
8.958962
7.532731
8.249041
-3.147002
-2.946085
-1.490702
-0.399689
-0.151858
-0.062653
0.510383
2.601598
3.641181
-0.106779
-5.277307
-10.103027
-5.588278
-3.515272
-2.842053
-0.227347
4.219106
8.639187
7.592493
7.909220
-3.478883
-3.308403
-1.818883
-0.795201
-0.623483
-0.529391
0.499204
2.540730
4.357840
1.025998
-5.811653
-10.053695
-4.415063
-2.200656
-1.759405
0.326097
4.457193
9.124258
7.607915
8.100192
-3.052149
-3.008462
-1.442110
-0.347527
0.034134
0.096186
0.529752
2.461051
4.554022
0.679140
-5.241048
-10.350946
-5.060468
-3.036593
-2.559795
-0.475159
3.823926
8.785172
7.875017
8.838079
-5.387456
-4.802598
-1.489975
-0.967394
-0.934693
-0.671270
0.263589
2.387529
2.978886
2.318155
-3.675754
-9.571275
-6.799337
-4.784883
-3.907552
-1.053968
3.982038
8.417749
7.812127
7.874224
-3.096350
-3.066327
-1.922848
-0.902758
-0.643583
-0.577787
0.693242
2.759686
4.091741
3.260987
-5.622753
-9.570402
-4.203254
-1.768694
-1.164720
0.601845
4.473244
8.982572
7.671836
8.180395
-4.588189
-4.264553
-1.309609
-0.947227
0.024417
-0.045680
0.463694
2.327418
3.318959
2.315223
-4.989649
-10.545411
-6.575620
-4.318606
-3.207180
-0.491287
4.059892
8.616383
7.550765
7.666840
-3.717743
-3.552714
-2.177273
-1.753955
-0.614195
-0.865000
0.294926
2.360748
3.612669
2.970862
-6.258428
-9.753498
-4.778432
-2.044851
-1.255013
0.741593
4.814776
9.009625
7.627068
7.512260
-3.267787
-3.229524
-1.750180
-0.516182
-0.098495
0.057116
0.538436
2.508014
4.457716
0.930225
-5.798674
-10.134155
-4.421330
-2.033216
-1.534947
0.176379
4.152451
8.759428
7.771329
8.258510
-3.646968
-3.403696
-1.748972
-0.507617
-0.097481
-0.011806
0.510210
2.509371
3.646724
0.877572
-5.694374
-10.504267
-5.819887
-3.462302
-2.620179
-0.395901
3.885222
8.794475
7.807372
8.126205
-4.194258
-3.836540
-2.198482
-1.829711
-0.711586
-0.914082
0.095115
2.312490
3.191906
2.127328
-6.123226
-9.823818
-5.544736
-2.967682
-2.125068
0.056077
4.292152
8.247963
7.524231
7.254099
-3.554535
-3.574207
-2.198426
-0.844720
-0.367119
-0.137301
0.540045
2.521868
4.621845
2.148870
-6.251101
-9.607344
-3.854405
-1.119446
-0.626195
0.761993
4.589711
9.078545
7.834255
7.905222
-2.773974
-2.777781
-1.471177
-0.438742
0.017411
0.287483
0.479846
2.322935
4.214451
1.356355
-5.290013
-10.554079
-5.338056
-2.884711
-2.167006
-0.341784
3.696907
8.339211
8.036965
8.576021
-5.565662
-5.033460
-2.366075
-1.741292
-0.797824
-0.894208
0.064881
2.189251
2.827385
2.992400
-4.143269
-9.650810
-6.511330
-4.230527
-3.154126
-0.756327
3.915135
8.350899
7.966722
7.842739
-3.464324
-3.472362
-2.247031
-1.060917
-0.661181
-0.505784
0.450849
2.493710
3.892693
4.414146
-6.858840
-9.420273
-4.548552
-1.491344
-0.738375
0.840815
4.928793
9.104429
7.715104
7.142170
-2.780807
-2.793102
-1.477432
-0.464203
0.000175
0.345831
0.444389
2.211109
4.287208
3.135499
-5.564138
-9.846603
-4.551635
-2.000730
-1.372781
0.138078
4.018269
8.581872
7.965804
8.337045
-3.351699
-3.277992
-1.822303
-0.585484
-0.108201
0.047497
0.480390
2.418595
3.276848
2.222456
-5.419576
-10.731850
-6.269686
-3.753604
-2.647321
-0.539189
3.655732
8.278105
8.043437
8.138152
-4.133322
-3.873337
-2.386807
-1.975487
-0.759209
-0.983472
-0.034786
2.145065
3.060945
2.221723
-7.263865
-10.382740
-6.073571
-2.838712
-1.604159
0.573436
4.991223
8.662027
7.451937
6.783642
-3.764119
-3.780951
-2.385997
-1.527112
-0.382442
-0.359971
-0.102339
1.779383
4.111110
3.389663
-9.294496
-9.640806
-4.233496
0.023729
0.514785
1.689687
5.129819
9.438695
8.219674
7.863295
7.526540
-4.248432
-1.362628
-0.863026
-0.321924
0.111927
0.041055
1.839372
3.082551
2.223543
-6.680334
-11.018060
-6.774443
-3.366389
-1.958046
0.071495
4.017022
8.489332
7.482739
7.923661
-4.929066
-4.668618
-2.210146
-1.767610
-1.471028
-1.377946
-0.385053
1.853286
2.738268
2.654679
-7.771204
-10.313760
-5.785767
-1.577718
-0.268691
1.433326
5.159393
8.841354
7.698037
7.287129
-4.583643
-4.435266
-2.123232
-1.682574
-0.421516
-0.437868
-0.027036
1.981891
3.606401
4.439960
-6.875191
-9.914788
-4.980516
-1.052418
-0.172836
1.021579
4.330615
8.667253
8.464906
8.962312
8.456702
-4.900571
-2.031720
-1.782011
-0.565934
-0.917979
0.100676
2.206617
3.353545
3.824657
-5.285506
-9.466113
-6.169104
-2.476459
-1.780821
-0.377106
3.245739
7.480607
8.221664
8.629789
-3.053474
-3.279953
-0.712923
-0.699826
0.565712
0.324643
0.492561
2.567469
3.803634
2.707213
-5.638497
-10.609696
-6.033587
-3.118508
-2.108025
-0.539199
3.465928
8.082664
8.474256
8.476994
-3.381237
-3.400133
-0.915180
-0.700637
0.404317
0.206081
0.316370
2.204754
4.179902
4.008561
-5.550921
-9.868476
-5.283379
-2.358127
-1.825753
-0.814462
2.887348
8.022818
8.857416
9.741136
-5.159254
-3.060765
-1.276546
-0.746504
0.375232
0.040267
0.211708
2.216495
3.431296
2.978648
-4.657965
-10.617094
-7.272918
-4.779683
-3.791394
-1.848841
2.428517
7.601788
8.512877
9.092379
-3.644511
-3.602758
-0.917490
-1.183631
0.066517
-0.343574
0.142874
2.206089
3.430536
3.680803
-5.467608
-10.564520
-6.186618
-3.157346
-2.308491
-0.893426
3.013584
7.899718
8.750750
9.186000
-3.522025
-3.342292
-0.811906
-0.822721
0.351538
0.044505
0.223807
2.182946
3.422704
3.445400
-5.477832
-10.298853
-6.352162
-3.450903
-2.593620
-1.131593
2.927685
7.828845
8.905608
8.980430
-3.728854
-3.605514
-1.017141
-0.954848
0.231238
-0.050438
0.047898
2.141346
3.662264
4.193707
-5.701570
-9.879826
-5.983252
-2.949006
-2.166480
-0.982803
3.099492
8.091401
9.127921
9.086873
-3.361119
-3.018963
-1.386610
-0.781556
0.303471
0.131743
0.224068
1.964624
3.613124
2.901058
-5.298981
-9.652304
-6.086872
-3.280454
-2.487607
-1.287472
2.749130
7.905886
9.049359
9.394092
-3.573883
-3.093319
-1.430731
-0.819138
0.296059
0.109680
0.217665
2.052662
3.298740
2.564367
-5.067690
-10.094919
-5.804719
-3.402725
-2.311090
-0.424752
3.514492
8.177067
8.734765
8.312778
-3.236761
-3.057978
-1.257179
-0.625647
-0.325664
-0.034246
0.301709
2.199260
3.383650
1.590863
-4.602139
-8.906385
-5.548212
-3.066731
-2.276704
-0.578743
3.374587
8.055073
8.209441
8.189746
-2.841200
-2.922724
-0.927821
-0.731380
0.410207
0.385115
0.448618
2.265593
3.410673
4.043605
-3.908331
-8.892097
-5.996433
-3.690074
-2.921613
-1.029867
3.069469
7.978233
8.258959
8.539347
-2.956057
-2.896625
-0.901416
-0.356192
-0.038311
0.135012
0.148272
2.327748
3.345063
3.600816
-3.523145
-9.444236
-6.531087
-3.803186
-3.072520
-1.088242
3.080306
7.697517
8.032244
8.289115
-2.971873
-2.768532
-0.852598
-0.777438
0.420627
0.289854
0.358493
2.383507
3.545649
3.343105
-3.742306
-9.614781
-6.252033
-3.605949
-2.809084
-0.886355
3.119951
7.872694
8.207206
8.676617
-3.080837
-2.884725
-0.641369
-0.751970
0.450121
0.164333
0.321332
2.408506
3.647873
2.294203
-3.884056
-10.076591
-6.417731
-4.049138
-3.185925
-1.109769
2.876382
7.942585
8.405990
8.884569
-3.211468
-2.963140
-0.449435
-0.813214
0.332183
-0.129163
0.420902
2.504576
3.697473
2.348031
-4.389559
-10.034200
-6.515592
-4.035302
-3.323310
-1.273987
2.701518
8.010980
8.707879
9.272893
-5.124385
-3.221475
-0.478428
-0.890203
0.222545
-0.242574
0.374549
2.516284
3.750228
1.715862
-4.061265
-9.518443
-6.723291
-4.192011
-3.588961
-1.561795
2.607192
7.856876
9.034250
9.514749
-4.999974
-3.017412
-0.351247
-0.872073
0.227555
-0.254592
0.389761
2.570023
3.537470
0.167691
-4.416506
-10.280048
-6.600688
-4.238748
-3.460842
-1.333988
2.968230
8.409079
8.921206
8.626886
-6.336165
-5.716932
-2.497758
-2.138796
-1.191576
-1.363690
-0.094812
2.092751
2.824127
2.015207
-5.542943
-10.327451
-6.879839
-3.976059
-2.618958
-0.083919
4.398580
8.895323
8.087140
7.444322
-4.052517
-3.980828
-2.458999
-1.772955
-0.439165
-0.596522
0.273834
2.308106
3.659643
3.837023
-6.222428
-9.490930
-4.574655
-1.680076
-0.970299
0.758727
4.726551
8.981421
7.882286
7.214931
-2.667653
-2.756701
-1.541441
-0.432544
0.048536
0.487066
0.692590
2.494107
3.869759
2.971231
-3.865595
-9.794631
-4.519323
-2.019515
-1.536879
-0.365541
3.273380
8.744508
8.502084
9.373433
10.299034
-3.630541
-1.567236
-1.361147
-0.663004
-0.676642
-0.537060
2.409628
3.131796
0.186687
-2.939832
-9.896268
-7.718153
-5.769208
-4.644207
-1.925662
3.206815
8.451837
8.182935
8.434998
-3.814506
-3.731027
-2.094394
-1.728413
-0.608554
-0.876275
0.510670
2.625607
3.804285
4.240860
-5.455520
-9.327106
-4.736586
-2.206989
-1.486277
0.388111
5.016625
9.202712
7.786597
6.935051
-1.923458
-1.997029
-1.104892
-0.192195
0.180369
0.494944
0.541042
2.156423
4.035958
3.030318
-6.095903
-8.751451
-3.968617
-1.694500
-1.075959
0.649968
4.817486
9.661290
8.219603
8.222094
-2.534277
-2.596506
-1.196314
-0.577996
0.373670
0.359256
0.538613
2.238693
4.236559
2.547066
-3.950485
-10.557372
-5.566167
-3.606427
-2.793283
-0.620340
3.498339
8.634149
8.014328
9.244509
-4.243362
-3.793746
-1.681294
-1.263825
-0.430003
-0.580534
-0.015295
2.178981
2.816048
2.501936
-3.215237
-9.930262
-7.151233
-5.376115
-4.442591
-1.601475
3.327748
8.101204
7.824097
8.363835
-3.551606
-3.467822
-2.060715
-1.628034
-0.461138
-0.711860
0.396969
2.453595
3.394841
2.870952
-5.378137
-9.918539
-5.378295
-2.737890
-1.845236
0.485721
4.882977
8.672871
7.517267
6.952547
-2.733717
-2.897330
-1.429179
-1.010395
0.077098
0.089963
0.673455
2.398846
4.609032
5.530263
-4.858007
-9.527511
-3.478903
-1.109641
-0.788406
0.441363
4.126381
8.934336
7.934559
9.227103
-5.276062
-4.713673
-1.546854
-0.425168
-0.317343
-0.114386
0.368442
2.346666
2.766308
3.515957
-2.643540
-9.970265
-7.854214
-6.052186
-4.754146
-1.544043
3.715755
8.331313
7.878633
8.111203
-3.280932
-3.247294
-2.042339
-1.712115
-0.522024
-0.813944
0.508424
2.592698
-5.797486
-5.175293
-1.375317
0.776955
1.133603
1.582832
1.834557
2.248580
2.891788
3.211661
3.933770
4.350618
5.204088
6.102721
5.423007
8.013489
9.342235
9.153643
10.052378
10.454387
12.035680
13.397170
0.003756
0.002622
-0.063676
-0.437923
0.576562
-0.024894
-15.905220
-15.859251
-15.877247
-15.855713
-15.785224
-15.723951
-11.966353
-6.934359
-6.300261
-1.789623
12.094373
-11.612569
-3.307788
0.173697
4.201157
3.069799
4.465274
3.723660
4.574890
5.067887
6.659553
8.596497
11.657268
4.294936
-12.367476
-13.590121
-12.879086
-9.919739
-4.271107
1.504083
14.632047
12.436344
13.600203
10.435686
-2.124402
0.779296
3.047979
4.061165
7.040919
9.003086
11.482327
14.097921
-0.021682
-15.886765
-13.117928
-15.805145
-15.860814
-15.781094
-15.718169
-14.662401
-12.904123
8.763856
9.740706
8.452062
-4.422131
0.042424
3.270296
4.575886
7.419595
9.197618
11.121569
14.186511
15.442034
-13.891301
-15.719559
-15.844010
-15.778953
-15.703959
-10.135150
-8.249949
-7.912236
7.577505
8.897662
5.371651
3.413483
-5.306052
-0.927761
2.179752
5.620107
7.408057
9.647876
12.293829
17.204006
-15.828057
-15.713871
-15.745165
-15.703514
-10.272932
-5.635380
-2.658608
2.402073
11.158224
11.421576
8.293868
6.455153
-8.523021
-0.946736
2.160925
5.311747
7.221046
10.471427
13.625804
15.672606
-15.738416
-15.767405
-15.753610
-15.709183
-10.907594
-6.597583
-4.855903
-1.355001
8.912329
12.295149
6.474228
4.798596
-5.357818
0.404301
2.930445
6.048438
7.765540
9.827444
12.845327
16.053089
-15.739729
-15.727788
-15.787086
-15.728480
-13.046148
-8.267269
-6.536096
-4.637180
8.618255
9.266789
6.542993
-12.592698
-5.093487
-0.484068
2.115825
5.433047
7.713822
10.234133
12.557891
14.544814
-13.025485
-7.704875
-15.742862
-15.708188
-11.966454
-7.687829
-5.480035
1.286234
11.744363
13.990541
8.637610
-0.734515
-6.523660
-1.664077
1.186613
4.529223
5.544968
8.546654
11.696048
14.605126
-12.666719
-14.246984
-15.716050
-13.737425
-9.493502
-5.844802
-3.259777
1.140155
8.324835
12.927389
6.799723
10.766006
15.704955
3.979679
5.368133
8.059992
10.383568
12.657824
15.759574
15.729692
-15.712994
-11.449343
-15.838920
-15.813655
-15.755273
-15.629153
-12.157453
-9.194485
-0.675508
13.348026
9.840878
11.208645
-4.883986
0.249989
2.479919
5.317464
7.423190
10.065758
12.996903
15.495090
-10.402484
-11.001123
-15.757532
-15.731312
-13.828991
-9.042406
-6.358905
-4.649823
5.966286
13.795507
8.665339
11.567080
-6.197624
-0.074924
2.304667
5.400772
7.465417
10.151806
12.977543
15.358261
-10.922432
-13.313232
-15.772315
-15.724367
-13.499527
-8.717866
-5.738381
-5.017720
4.727477
14.041536
9.108029
11.212255
-9.229817
-0.467662
2.969527
4.880242
7.586473
10.332144
13.487779
15.366976
-11.046444
-11.824095
-15.787063
-15.734287
-14.168694
-9.221758
-6.861172
-4.830036
5.804199
13.207253
9.832840
-0.476379
-6.721044
-1.795604
1.581662
5.085152
7.158046
9.354445
12.073521
14.530786
-12.239944
-13.360856
-15.730447
-15.384501
-10.369055
-6.280983
-4.424402
-0.263778
8.550904
13.453876
9.141783
10.759549
-7.664072
-0.983572
1.902264
5.059407
6.475111
9.688993
13.099118
15.639136
-10.590401
-8.722174
-15.759247
-15.752034
-15.702366
-11.062215
-7.610710
-5.817198
6.251034
12.921139
6.428304
10.362254
-8.749747
-0.627384
2.139103
5.368519
7.333323
9.802038
12.899719
15.366352
-10.264010
-14.516581
-15.773528
-15.720984
-12.769392
-8.009471
-5.490820
-5.238344
4.766156
13.592103
7.883358
9.606010
-6.774456
1.376043
3.359453
6.298572
8.257488
10.418900
13.575921
15.013450
-12.013432
-13.139192
-15.775283
-15.752404
-15.702175
-10.601204
-7.913984
-5.385434
4.923889
14.228387
10.948835
12.076218
-6.224205
-0.857519
1.895689
5.073421
7.041980
9.760638
12.746497
15.243081
-9.417945
-15.566941
-15.763412
-15.708557
-11.488906
-7.254375
-5.439247
-4.500052
6.135594
13.679525
8.435512
10.544356
-5.247391
1.545131
3.333309
6.220419
8.096729
10.316003
13.532522
15.226786
-12.480793
-11.337713
-15.775251
-15.764271
-15.709464
-11.371246
-8.559798
-6.092183
4.910796
14.603180
10.595393
12.054961
-8.737065
-1.568955
2.325194
4.411874
7.239592
9.411204
12.531912
15.339816
-10.065422
-13.258127
-15.770671
-15.718197
-12.477135
-8.033900
-5.860234
-3.650615
6.996267
14.256680
8.079672
10.651190
-9.511294
-0.753579
3.043190
4.887886
7.716027
9.299593
12.933310
14.860891
-11.411533
-13.910258
-15.786917
-15.737989
-14.490108
-9.766995
-6.701883
-5.404313
5.762466
14.089390
7.771857
10.246588
-10.044146
-1.736509
2.283490
4.534703
7.503501
9.738760
12.995070
15.718372
-11.315864
-12.530969
-15.771803
-15.724198
-13.212962
-8.600157
-6.272725
-4.999330
6.151373
14.219049
8.079268
10.438399
-9.029951
-0.344967
2.315444
5.459581
7.314134
9.925969
12.862866
15.707018
-10.980522
-12.231277
-15.763869
-15.727098
-13.469244
-8.744342
-6.018950
-4.531215
6.494605
14.161716
9.026468
11.205517
-10.927143
-1.991707
2.133546
4.389390
7.391379
9.709739
12.951502
15.772201
-11.710938
-13.059966
-15.753872
-15.723323
-13.167800
-8.497099
-6.273413
-4.090075
7.784460
14.197783
9.795841
10.978462
-11.507469
-2.914997
0.638077
4.437826
6.666248
9.189774
11.867729
14.445423
-13.320518
-12.649631
-15.732846
-15.560624
-10.359839
-6.331625
-4.954706
-0.238881
9.637701
14.393909
8.872663
11.379760
-11.099825
-2.260869
1.863873
4.035105
6.356611
9.200945
12.577208
15.423705
-9.859825
-9.357919
-15.750787
-15.744232
-15.622953
-10.730645
-7.606829
-5.330627
7.457831
13.751831
6.237637
10.501508
-12.494165
-3.235183
1.279556
3.979766
7.157557
8.578735
11.734486
14.592508
-13.002273
-14.279833
-15.736625
-15.701773
-11.010542
-6.845085
-4.565407
-3.213098
7.426105
14.241887
8.550150
10.792084
-5.659092
-0.865864
2.098238
5.251265
7.198661
9.863306
12.984706
15.431082
-10.196272
-13.798733
-15.751970
-15.724792
-13.800799
-9.182651
-6.445576
-4.630096
6.228306
13.293977
7.771129
10.596778
-9.772926
-2.454762
0.919539
4.476809
6.745223
9.028311
11.805744
14.710241
-14.146762
-13.059935
-15.730737
-15.703519
-10.560345
-6.276696
-4.463927
-2.161736
8.300367
15.252887
11.600075
13.305398
-10.178073
-1.972015
2.050401
4.186235
6.543777
9.346831
12.607679
15.700768
-11.599789
-11.739175
-15.763388
-15.729884
-13.968409
-9.323395
-6.465584
-3.047614
7.810895
11.980874
7.728081
10.753890
-8.501594
-1.250301
2.586405
4.436447
7.516504
9.387602
12.235308
14.863453
-9.864742
-14.154754
-15.737127
-15.710372
-11.562453
-7.053800
-4.718657
-1.588322
8.012247
13.233882
8.362633
11.281026
-6.561587
-0.964684
2.013241
5.219106
7.237668
9.851135
13.115639
15.271014
-10.855641
-13.738119
-15.753188
-15.722998
-13.211574
-8.546559
-6.180414
-2.590392
7.685381
12.564939
6.834695
9.069758
-9.693592
-1.152974
1.782166
5.040051
7.170852
9.736618
12.498007
14.814349
-10.338920
-14.847450
-15.741255
-15.707664
-10.972191
-6.605355
-4.463588
-1.898329
7.886314
13.101369
7.522528
8.530427
-7.283873
0.116940
2.610485
5.438262
7.541282
10.177713
13.158945
15.330565
-10.490296
-7.671957
-15.757252
-15.740963
-14.625014
-9.386786
-6.978137
-3.385189
7.717181
13.368198
7.042608
10.447327
-12.948195
-2.197809
1.646594
4.252608
7.301383
9.495058
12.258491
14.466191
-5.873592
-15.715546
-15.733186
-15.702068
-10.348675
-6.162525
-4.596016
-2.963319
8.825664
12.394113
8.923460
7.271828
-3.118620
0.757167
3.641907
5.111869
7.860901
8.875975
12.009563
15.704412
2.996926
-12.477267
-15.749837
-15.737855
-14.564811
-9.637482
-7.212824
-2.054974
8.940458
12.347504
8.599870
10.366632
-6.167734
-1.326312
2.529838
4.408964
7.250200
8.838301
11.916992
15.687489
0.160028
-15.692867
-15.744846
-15.716846
-12.396954
-7.770877
-5.443893
-0.949613
8.499187
13.241334
8.605729
10.355850
-9.311030
-0.114222
2.782812
5.515783
7.425564
10.019799
13.210712
14.793528
-1.363335
-12.592685
-15.761510
-15.760483
-15.707676
-11.156924
-8.171931
-5.832220
6.622809
14.237328
7.743360
10.184913
-5.800706
-1.293149
2.495592
4.684072
7.443039
8.569896
11.932550
14.653697
-1.924237
-13.818613
-15.755360
-15.722823
-13.119361
-8.457871
-6.001515
-1.565884
8.117010
13.697497
7.975788
9.685588
-9.053899
-2.859494
2.606753
5.287145
7.173951
9.774601
13.036545
14.416834
-0.867263
-11.487391
-15.776955
-15.761746
-15.707721
-11.223917
-6.990971
-6.547774
5.224975
13.537702
6.850812
10.043006
-5.763021
0.617366
2.587839
5.417591
7.329954
9.518219
12.796007
15.220050
-0.973271
-13.200089
-15.768884
-15.764067
-15.708897
-11.213492
-8.495113
-5.920436
6.039779
13.249052
8.986193
9.502462
-6.008303
-1.339838
2.546354
4.486919
7.368259
8.790215
12.077944
14.660135
-0.811223
-15.701489
-15.744884
-15.715600
-12.239911
-7.656289
-5.529136
-1.626136
8.619290
12.723950
7.442022
8.715546
-5.435005
-0.971826
2.779253
4.625127
7.440464
9.211215
12.348495
15.703717
1.774804
-12.828696
-15.766902
-15.733496
-13.970328
-9.184557
-6.236321
-3.289156
7.804982
13.337783
7.140779
9.810565
-5.027199
-0.348718
3.165268
4.529625
7.464625
9.371039
12.658965
15.387584
-0.282367
-11.233340
-15.765894
-15.765439
-15.711078
-11.511368
-7.864388
-6.163421
4.995800
12.879233
7.372465
10.604017
-9.947392
0.137783
2.425413
5.256361
7.266107
9.675153
12.551567
15.244894
-1.370698
-11.592313
-15.769961
-15.748920
-15.469389
-10.122891
-7.211076
-5.263163
5.952362
14.186073
8.680872
10.705232
-5.698097
-1.128117
2.635833
4.440356
7.388613
9.396963
12.438829
15.703373
-0.601512
-12.280349
-15.754829
-15.740140
-14.863549
-9.790838
-7.161423
-4.266381
7.509813
13.352674
7.542820
10.162449
-7.325024
-2.732600
1.699337
4.111573
7.056083
8.225720
11.594822
14.440628
0.505135
-14.477391
-15.745989
-15.716930
-12.260467
-7.704642
-5.321759
-0.767741
8.267512
13.118264
7.547352
10.078402
-8.781919
0.056962
2.038968
4.893344
6.465395
9.336015
12.698943
15.264673
-0.877533
-11.133465
-15.764119
-15.764333
-15.711508
-11.515293
-8.430133
-6.549644
4.633877
13.052045
6.895595
8.699663
-7.106843
-2.846602
1.470977
3.885969
7.040511
8.272326
11.086466
14.709726
4.850881
-15.204254
-15.734306
-15.671660
-11.367873
-6.802310
-4.736194
-1.512204
8.380133
13.746566
8.718590
10.434732
-9.888757
-1.744267
1.460944
4.474005
6.592589
9.261729
12.246827
14.841386
0.743586
-12.211955
-15.764560
-15.735968
-14.313840
-9.307065
-6.466194
-4.970934
6.796143
13.093990
7.594501
9.176167
-6.296344
-1.803504
2.228740
4.339886
7.388435
8.721334
12.039774
15.704217
1.869973
-11.830931
-15.754740
-15.724964
-13.332726
-8.521993
-6.272493
-3.310770
8.316128
13.115177
7.279366
9.302770
-8.021348
-2.644975
1.634696
3.957152
7.024305
8.530442
11.702244
14.318081
4.099836
-14.678556
-15.746437
-15.711192
-12.458753
-7.902242
-5.420111
-1.767901
8.450617
13.145316
7.357535
9.806981
-8.135495
-1.831212
2.086738
3.850525
6.695846
9.120222
12.351801
15.286115
-1.189780
-9.580983
-15.761821
-15.741649
-14.910712
-9.752156
-6.744853
-5.246971
6.125387
13.187419
7.513840
10.271510
-9.239056
-2.444994
1.158084
4.650906
6.639701
8.686645
11.609295
14.429610
4.763254
-14.602118
-15.747681
-15.720081
-13.082196
-8.130597
-5.692159
-1.993689
7.813691
13.477638
8.585066
11.105662
-11.164653
-2.363897
1.702893
3.786136
6.259106
8.975402
12.187580
15.014848
-1.660771
-11.355084
-15.761651
-15.731810
-13.982310
-8.858584
-5.506226
-5.920198
3.355575
12.682470
7.187501
8.760093
-3.247025
-0.235615
3.313669
5.021987
8.377021
10.031837
12.265436
14.792568
2.341148
-15.263579
-15.757176
-15.741114
-14.724518
-9.372226
-6.819613
-5.071322
2.886538
13.280396
10.050375
9.984264
-5.643524
-1.430810
2.559996
4.534432
7.576393
8.920329
11.528593
15.701614
-1.118693
-12.361316
-15.746911
-15.721384
-12.995964
-8.011532
-5.679341
-4.240151
6.693237
13.817566
8.533305
9.653941
-9.805791
-3.704490
1.248875
3.977926
7.021462
8.674561
11.595201
13.985113
4.066945
-11.471633
-15.743284
-15.717533
-12.597930
-7.749737
-5.475386
-1.955879
8.053694
13.383004
7.996011
10.392410
-10.833362
-4.218936
0.762408
3.386217
6.313269
8.716030
11.882052
14.736331
1.051381
-9.181181
-15.760675
-15.744220
-14.159125
-9.229242
-6.452543
-3.930561
6.965673
12.781735
6.414062
9.430421
-8.466876
-3.195798
1.376065
4.158873
7.213477
8.613287
11.746969
14.315482
3.432827
-10.425228
-15.758426
-15.729128
-13.664276
-8.571207
-6.155553
-3.599099
7.250281
13.879492
8.075026
9.818721
-11.367892
-3.623878
1.046538
3.663600
6.681362
8.382283
11.308056
13.903877
3.320535
-12.880590
-15.748363
-15.717913
-12.463573
-7.407200
-5.259786
-2.310385
8.251685
13.733212
8.097405
10.206136
-12.485392
-5.125899
0.301968
3.262410
6.360852
8.469377
11.304343
14.484290
-14.890106
-7.072320
-15.764779
-15.730909
-13.843239
-8.781608
-5.893278
-4.041890
6.428702
13.903019
7.462591
9.227586
-9.431501
12.845289
1.568502
4.026361
7.049222
8.169650
11.470064
14.144271
-13.921326
-7.179725
-15.789915
-15.768370
-15.713563
-11.344082
-8.364944
-6.161837
5.096831
13.763972
8.341352
8.721101
-8.153703
-2.629534
0.550851
4.276387
6.339488
8.597130
11.435989
14.522667
-15.732720
-11.863185
-15.764368
-15.789246
-13.884652
-8.945171
-5.538571
-5.158406
5.914477
13.894279
7.082700
8.329337
-8.265557
8.745790
1.851574
3.874767
6.971751
9.172045
10.285583
14.762516
-10.912725
-9.006210
-15.760035
-15.756616
-15.705179
-10.481541
-7.616963
-5.743536
5.194915
14.125899
8.863256
8.900398
-7.903776
-3.040894
0.491049
4.337743
6.288795
8.417700
11.209223
14.365402
-15.709083
-8.805651
-15.761628
-15.726852
-13.910191
-8.818527
-5.830953
-4.582537
5.846146
14.365429
8.555677
9.658828
-9.804523
9.537040
1.773726
4.082381
6.990857
7.727683
10.371221
13.976394
-11.680454
-8.665612
-15.787047
-15.762705
-15.712033
-11.243648
-8.243279
-6.050679
5.315500
14.540354
8.812340
9.000798
-10.368112
2.560381
0.143519
3.986626
6.046665
8.407329
11.164423
14.287680
-15.714431
-8.699859
-15.773142
-15.740574
-14.964313
-9.703547
-6.759375
-4.347873
6.407883
14.010591
7.814480
9.196806
-11.245419
10.660144
0.288899
3.183810
6.490528
8.678885
10.679957
14.201990
-8.006837
-7.395944
-15.770078
-15.825012
-15.702142
-10.270547
-7.222479
-5.178702
5.731115
14.782191
8.429012
9.417977
-14.010326
-2.149708
0.274965
2.994792
6.014826
8.388028
11.389577
14.462074
-15.485082
-11.354947
-15.761266
-15.798522
-13.670519
-8.559340
-5.472863
-5.300584
4.208018
13.254683
7.597358
7.883266
-8.415541
-5.486112
1.224662
4.589245
6.552148
7.973762
10.801311
13.964657
-6.822269
-7.857146
-15.773467
-15.745811
-15.290376
-9.585017
-6.833583
-5.030354
5.524311
14.293622
8.801569
9.004299
-12.024331
1.769492
-0.290659
3.695429
5.960989
8.379326
11.268784
14.243817
-13.447303
-11.217577
-15.755075
-15.758494
-13.103627
-8.065676
-4.816111
-4.955703
4.608536
13.652903
8.034260
8.754019
-6.757217
8.436132
2.626041
4.698306
7.638257
8.771756
11.780637
14.735022
-15.312366
-8.872703
-15.793147
-15.769790
-15.718162
-11.702218
-8.429629
-6.251047
-0.539555
12.031831
9.096000
7.992794
-8.750900
-2.393842
0.745465
4.431235
6.622482
8.577061
11.407086
13.918962
-7.663447
-11.508529
-15.751335
-15.726831
-13.611463
-8.405021
-5.408005
-5.000817
4.214565
13.476089
8.488357
8.058296
-11.929426
12.367833
0.321919
3.257275
6.552378
8.213531
11.250583
13.605242
-9.327974
-8.903663
-15.754725
-15.738515
-13.869112
-8.664973
-5.995244
-5.129919
5.874813
13.478642
7.759992
7.566174
-10.028074
-5.919295
-1.334178
2.976581
5.440001
7.972919
10.615510
13.494055
-3.482884
-11.502096
-15.718891
-15.499860
-10.974645
-6.548198
-4.314449
-0.728953
7.350214
12.865084
8.176066
10.251360
-2.218093
-1.620484
1.402590
4.792185
6.813581
9.134302
12.185000
15.161311
-15.749557
-6.773139
-15.795259
-15.767385
-15.717234
-11.945964
-8.343186
-6.767753
-0.572690
12.007478
8.769651
7.549426
-12.978762
-0.999290
-0.497143
2.570760
6.167741
8.273930
10.775791
13.353729
-0.846728
-6.163379
-15.725952
-15.720237
-13.466953
-8.811365
-6.236459
-2.539958
7.560585
14.362728
10.050578
11.399406
-9.281693
-2.505277
0.253457
3.320051
5.156563
7.638459
10.589278
13.614835
-15.722055
-14.206300
-15.728676
-15.703885
-11.630709
-7.259214
-4.948266
-4.063100
3.889781
13.468402
9.112988
10.499462
-7.674878
5.251472
1.879745
3.709019
6.982363
8.291126
11.042872
14.110369
-12.173923
-8.265178
-15.732805
-15.754410
-15.709238
-11.112992
-7.833718
-5.129086
1.986275
11.675953
9.397673
10.054517
-6.342105
-0.798909
1.649742
4.854777
6.839304
8.429114
11.319581
14.029379
-15.050604
-9.238008
-15.749003
-15.731802
-14.067380
-8.740193
-5.786863
-4.792036
4.700044
13.076672
9.000269
8.947193
-6.274315
-1.602123
1.259835
4.562601
6.507417
8.543360
11.254488
13.926723
-14.254154
-10.630353
-15.752878
-15.729613
-13.966154
-8.711101
-6.057779
-3.749862
7.138188
12.985646
7.900379
7.554624
-7.605095
-2.971819
0.238517
3.740071
5.951088
7.714490
10.673530
13.960266
-7.103395
-10.143826
-15.740280
-15.722816
-13.005009
-7.889350
-5.507991
-1.233840
8.248233
12.481037
7.866694
8.105983
-11.985522
-15.343808
0.483737
3.768678
6.044528
8.349529
11.578739
14.636242
-15.693480
-7.907541
-15.762354
-15.739809
-14.403627
-9.182911
-6.143546
-4.010306
6.585176
12.494241
6.825461
7.511283
-8.915611
-1.746454
0.991438
4.406701
6.502064
9.094998
11.400982
15.178644
-14.187267
-8.268895
-15.770613
-15.748185
-14.964557
-9.546244
-6.563056
-5.681324
5.788276
12.788254
7.621758
6.700132
-9.198638
-3.012959
0.457934
4.045412
6.438956
8.863330
11.488965
13.947821
-8.920810
-8.356928
-15.750319
-15.721820
-13.672491
-8.465881
-5.619289
-3.173358
6.568954
12.554803
7.360341
7.684060
-10.554650
-18.374033
1.596657
4.601853
6.819254
9.277320
12.206967
15.353886
-15.752060
-6.662251
-15.048962
-15.754039
-15.708344
-10.962162
-7.773255
-5.102050
4.630093
11.828734
7.122106
10.071821
-10.395264
4.825739
1.557014
3.683421
6.841064
8.810299
12.119511
15.205982
-15.714169
-10.323280
-15.755348
-15.737136
-14.716173
-9.356211
-6.430290
-5.272493
0.761796
11.926093
9.660946
7.905429
-5.430658
-0.418120
1.964930
5.018098
7.025870
8.997437
11.423080
14.223608
-13.626011
-8.549922
-15.736853
-15.736329
-14.442001
-9.165380
-6.531274
-3.765616
6.538430
13.747121
8.938248
9.391766
-6.254447
-1.171644
1.395811
4.701407
6.540576
8.487027
11.325772
14.171920
-14.077208
-7.613856
-15.751285
-15.729681
-14.184598
-9.057441
-6.284398
-4.743218
5.816997
13.071134
7.723109
8.866082
-6.632802
-1.522241
1.218147
4.503939
6.588580
8.359580
11.043982
14.500220
-6.726587
-11.041994
-15.748151
-15.725066
-13.616426
-8.442608
-6.068810
-1.801157
8.104232
13.704391
8.696640
9.585752
-7.134710
-1.664403
1.571442
4.722825
6.579050
8.709672
11.445975
14.597216
-15.730307
-8.977636
-15.773716
-15.741860
-15.035624
-9.843216
-6.743342
-3.898400
6.694087
13.567280
7.285222
8.965354
-7.842641
0.269653
2.157059
4.003939
6.983208
7.863677
12.096766
14.806498
-13.326205
-7.326482
-15.781249
-15.770316
-15.719215
-12.031873
-8.912844
-6.585946
5.675978
13.714212
7.861434
8.328183
-7.116418
-1.831205
1.125834
4.537726
6.550920
8.451519
11.219553
13.828358
-9.533279
-11.298965
-15.764428
-15.732359
-14.141205
-9.080633
-5.922464
-3.401441
6.726716
13.558275
7.545371
9.464805
-8.164598
13.157119
2.455039
4.152236
7.093690
8.777877
12.301574
15.054887
-1.046085
-9.828787
-15.764883
-15.765369
-15.711571
-11.372313
-7.999354
-6.487711
4.970262
13.636870
7.437928
9.596107
-9.620948
-3.202818
1.377342
4.052377
7.189005
8.991336
11.608180
15.009149
3.867394
-12.937862
-15.745990
-15.722424
-13.086965
-8.065125
-5.838223
-2.754427
8.339457
13.202262
8.086259
9.165423
-9.179117
-3.236272
1.099633
3.820428
6.876472
7.987337
10.994607
13.992377
4.119864
-12.549536
-15.743795
-15.712148
-12.223250
-7.625297
-4.794544
0.716496
8.676139
12.616014
7.067587
10.630869
-9.089058
-1.767647
2.295180
4.108832
6.334182
9.354572
13.068830
15.702677
-7.824028
-14.536335
-15.759881
-15.750286
-15.701454
-10.689193
-7.146066
-6.514508
4.491987
12.438640
5.468012
8.183325
-7.254912
-2.293715
2.082168
4.074571
7.280624
9.206393
11.047775
13.970926
3.479016
-13.798353
-15.747264
-15.724612
-13.247682
-8.128278
-5.916088
-4.569758
6.978290
-5.869390
-6.513910
-1.715617
0.785995
1.276001
1.639223
2.074442
2.618538
1.887381
4.121977
4.670596
4.037094
4.346189
4.013416
4.893749
5.125297
6.433317
7.047896
8.474654
9.392508
11.101135
13.233495
15.223200
-0.000623
-0.000027
-15.746574
-13.960338
-15.660716
-15.733705
-14.069296
-10.985135
-7.610641
-2.876016
9.692921
11.191448
11.128364
-3.604199
-0.393070
1.136023
2.728070
2.835280
4.003022
4.250405
6.105946
8.134691
9.866253
-10.608005
-15.740062
-15.782869
-15.729249
-12.502366
-9.517173
-3.236869
10.288889
8.821884
2.625941
-11.951594
-6.522910
-3.431586
-0.084761
1.801006
4.532980
5.654916
7.018239
10.293638
13.876316
-15.748704
-14.829880
-10.324133
-4.071204
-1.157602
-1.195902
1.627759
9.102002
13.662434
10.258775
3.856188
-12.224125
-5.844102
-0.533437
2.125180
3.324309
5.309707
7.473101
10.549438
6.434238
-15.717413
-15.710983
-12.219567
-5.347350
-2.414003
-1.017889
2.732322
10.094664
14.559660
8.778676
3.653624
-12.854348
-5.804530
-1.225492
1.735301
3.958591
5.339552
7.602859
10.299261
4.929745
-15.710986
-15.705682
-11.954755
-5.489376
-3.654416
-2.495304
2.063402
9.346291
13.259742
7.710240
5.036911
-11.794460
-5.812009
-1.365661
1.690992
4.367642
5.292712
7.565259
10.797608
6.364547
-15.710735
-14.898210
-10.870215
-4.031983
-2.990111
-3.481617
-0.661260
7.322343
13.563928
7.615077
6.341783
-12.269622
-7.067459
-2.562486
0.851739
3.788505
4.827371
7.235859
10.696567
7.931082
-15.699152
-13.499137
-9.922132
-1.931553
0.255687
-1.339054
-0.671896
7.831814
14.581398
9.309601
8.422180
-7.381933
-1.880590
1.046725
1.827265
3.763238
5.833397
8.598570
11.145753
1.005407
-4.212058
-12.714847
-15.712229
-13.506246
-12.228131
-9.845373
-4.958136
5.561205
12.851693
7.531749
9.460940
-12.431849
-6.278232
-1.869284
0.910368
3.670951
4.774604
7.486727
10.934401
6.470921
-15.596671
-13.566956
-11.205600
-2.965778
-1.025561
-1.678213
-1.221767
8.229861
15.719262
10.939507
11.504113
-6.799124
8.769416
1.679202
2.420324
3.737822
5.902728
8.551153
12.676910
-14.615149
-1.943691
-11.733956
-15.724652
-14.897812
-13.698413
-12.858144
-7.964608
4.886298
15.712604
11.949596
9.793289
-7.456519
-3.171581
-0.764511
1.937872
2.990475
4.646462
6.666499
10.259761
-15.704130
-7.854749
-15.705319
-11.290785
-8.413512
-7.201341
-6.902622
-4.479822
5.548234
14.652570
9.768294
10.331532
-8.460335
-11.702094
0.015993
2.285674
3.490089
5.330511
7.639694
11.428017
-15.674264
-6.729764
-12.444398
-14.030021
-9.975973
-8.670187
-8.787526
-6.817696
3.536350
15.711389
13.035977
10.966285
-8.900911
11.085140
1.036255
1.942261
3.795202
5.208549
7.368147
11.810383
-15.664261
-5.380372
-12.283761
-13.318004
-10.152641
-8.901417
-9.073482
-7.390633
2.605056
15.744088
15.706341
12.750401
-5.887743
0.613854
1.064107
2.632793
2.958983
4.759529
7.373409
12.130997
-15.780873
-1.111088
-13.285614
-15.706829
-13.569850
-11.440469
-10.983711
-8.471472
1.410323
15.703902
15.590403
12.019481
-6.945368
0.442699
0.864621
2.532986
3.203813
4.893275
7.477826
12.138888
-15.800974
-5.041652
-11.702808
-15.183422
-12.466021
-10.262753
-10.437779
-8.450984
1.156489
15.714411
15.716489
13.856652
-8.200814
0.043162
1.134157
2.683012
3.223212
4.818251
7.435652
12.253366
-15.810088
-1.879534
-12.501280
-15.704995
-14.303025
-11.752437
-11.717263
-9.088836
2.246492
15.762138
15.757740
15.704449
-5.580015
-0.139090
0.516773
2.238020
2.482422
4.417031
6.682401
11.405815
-15.774444
0.284924
-14.107169
-15.715639
-15.060765
-12.768381
-11.970944
-8.156882
2.730432
15.526331
10.500740
10.851168
-10.068244
-2.651896
-0.970123
1.614367
2.807050
4.463171
6.500148
10.660666
-15.754880
-8.916481
-15.701866
-12.188864
-9.390673
-7.992750
-7.802388
-5.764520
4.109152
14.735482
11.694531
11.306008
-8.861395
-8.427545
-0.018204
2.198917
3.367827
5.290887
7.720723
11.430505
-15.730240
-5.424837
-12.081124
-14.744120
-11.096425
-9.556313
-9.464427
-7.433246
2.945131
15.720843
13.995394
10.609811
-8.933709
11.909675
1.122675
2.012059
4.171449
5.297667
7.325609
11.807754
-15.695979
-7.771672
-12.107999
-13.115106
-9.418656
-8.620001
-8.855257
-7.412613
1.886961
15.722206
15.705647
13.711529
-7.735764
0.949354
2.143384
2.425929
3.771916
5.192242
7.844592
12.626863
-15.802210
1.451742
-13.155098
-15.716553
-15.700323
-12.964561
-12.500256
-9.569137
2.007501
15.782947
15.766511
15.716512
-4.197523
-0.861582
0.350373
2.047318
2.671499
4.531326
6.553585
10.965138
-15.724339
1.769155
-14.215820
-15.718904
-15.654305
-13.444077
-12.559140
-8.413342
2.836082
15.491926
10.959400
10.200502
-13.326696
-16.401951
-0.739664
1.867881
3.172788
4.567471
6.470943
10.796381
-15.761879
-10.185998
-15.616132
-11.564511
-8.832742
-7.272065
-7.223460
-5.452309
4.261740
15.183414
12.133616
11.233901
-6.397419
9.297488
-0.127818
1.247106
3.348386
5.050517
7.527362
11.255836
-15.707177
-9.188174
-12.338704
-14.403139
-9.850165
-8.878807
-9.138512
-7.098209
2.641620
14.335535
11.262819
11.276862
-9.863163
-1.114350
-0.588942
1.999290
3.430184
5.234905
7.547297
10.328656
-15.730306
-9.692581
-13.469700
-13.635801
-9.372670
-8.429726
-8.193093
-5.634209
3.686098
14.266246
11.238380
11.984180
-8.712521
-8.972087
-0.441238
1.790247
3.217630
4.883045
7.253151
11.560526
-13.464484
-3.172690
-11.586648
-11.185303
-8.312253
-7.535847
-8.222898
-7.164099
3.399305
15.785794
15.761714
15.730709
15.698227
2.932160
1.071601
2.633757
3.508658
5.514486
7.378451
11.735111
-15.767211
7.788909
-14.941654
-15.753531
-15.734303
-15.722838
-15.700819
-10.562334
0.672500
15.656394
12.834196
9.936603
-8.195914
-2.956690
-0.691277
1.884886
2.960054
4.294246
6.134380
10.244788
-15.742660
-9.012572
-15.715141
-10.889121
-9.786986
-7.623299
-7.116700
-4.841763
4.724565
15.342879
12.515829
10.615521
15.703840
5.985123
0.130699
1.233978
3.379439
4.680057
6.994785
10.692027
-15.691269
-4.642811
-13.648652
-14.667612
-10.928997
-9.665611
-9.636167
-7.822333
2.296266
15.665069
13.519153
10.067071
-9.947131
3.450882
-0.270014
2.152502
3.147977
4.899605
6.872344
10.931424
-15.730570
-7.352378
-15.704044
-13.083460
-8.456309
-7.285657
-7.129701
-5.109946
3.465653
12.993276
10.173149
10.957047
-7.560510
-1.423623
-0.060372
2.190686
3.430176
4.784900
7.119114
11.418037
-15.708725
-2.596641
-10.732180
-11.001280
-7.251162
-6.479194
-7.233602
-6.400837
2.543656
15.722997
15.706399
14.354628
-4.737318
0.305533
1.078572
2.692162
2.904959
4.974929
7.474329
12.431724
-15.790396
2.567832
-12.386524
-15.727492
-15.703995
-14.090499
-13.266536
-8.698092
3.512584
15.710944
12.809898
9.837645
-8.760628
-2.579857
-0.686691
1.878052
2.799916
4.395916
6.473724
10.333358
-15.770934
-6.534126
-13.964106
-11.118382
-8.819671
-7.748374
-8.015986
-6.114280
2.274323
12.873000
10.084379
9.989266
-10.351660
3.079817
-0.756308
0.935115
3.517216
4.538943
6.822412
10.963699
-15.481150
-9.246254
-11.597323
-11.972890
-7.555524
-6.293936
-6.487940
-5.293835
3.794663
15.712622
11.861140
10.259761
-6.554243
-4.132857
1.504858
3.551774
4.597281
5.839661
7.878163
11.926744
-15.756993
-4.856257
-9.683433
-13.475976
-10.414293
-8.708817
-9.270490
-7.885972
0.703528
15.700336
14.043546
10.966923
-5.085828
2.452105
1.282912
3.009196
3.539465
5.188881
7.580991
11.902903
-15.778120
-2.845704
-10.673254
-14.705367
-12.374345
-10.129805
-10.265351
-8.222240
0.804255
14.417074
11.494132
10.373098
-9.982907
5.961012
-0.301475
1.049251
2.009607
4.433916
6.923141
10.603230
-15.715831
-5.690651
-12.935701
-14.237134
-11.159571
-9.983382
-8.632810
-5.321580
2.988171
12.067153
8.754066
9.562526
-8.423756
-4.697501
-1.858496
1.170641
2.913132
4.850924
6.982893
10.878376
-3.278835
-13.151520
-13.407717
-8.402802
-2.027910
-0.448357
-1.724752
-2.364228
6.680174
15.725380
12.407970
10.819302
15.700172
1.870183
1.895718
3.496283
4.634895
6.810508
8.515532
12.461963
-15.741212
3.105356
-13.532053
-15.782439
-15.746528
-15.728938
-14.787320
-9.763679
2.754091
15.709891
12.637958
10.358459
-7.757887
-2.859337
-0.662142
2.026775
2.805963
4.610265
6.713586
10.299655
-15.766556
-6.787269
-13.946441
-11.734568
-9.406534
-8.409389
-8.111001
-5.805215
2.229280
12.517827
9.253708
7.643553
-10.937849
-5.706438
-2.939089
0.725277
2.633530
4.368875
6.507122
10.409077
3.712712
-13.468428
-9.719085
-9.493320
-2.702055
-1.146356
-2.697832
-3.641870
6.329058
15.732044
13.482649
9.797100
-4.393971
1.060117
1.418201
2.957742
4.076273
6.092736
8.090694
11.565893
-15.720265
0.987631
-13.676554
-15.756188
-15.726066
-15.709257
-13.169737
-7.321977
2.340502
13.483627
8.670639
9.388293
-8.626914
-2.918127
-0.630895
2.254778
3.644801
5.187849
7.291708
10.663815
-15.736864
-9.894942
-14.229105
-12.660236
-8.244995
-7.142631
-6.959413
-4.903794
3.600702
12.967140
9.595478
9.165376
-9.284013
-4.586776
-1.985105
1.224663
2.851542
4.355636
6.668012
10.398772
-7.536575
-10.292856
-13.491114
-10.727330
-5.536643
-3.818505
-4.156032
-3.510625
4.852160
15.701900
10.069606
9.159796
-6.356769
-1.266308
0.621626
2.836891
3.488857
5.463150
7.542865
11.665742
-15.581958
-3.477722
-10.958008
-14.291702
-10.532665
-9.488167
-9.211130
-7.048665
1.513817
13.703877
11.018456
10.100594
-11.012438
1.260422
-1.335049
1.222469
2.449378
4.603392
6.833921
10.468213
-14.723563
-7.538698
-13.887529
-12.535365
-9.073013
-7.285504
-6.374418
-3.672500
4.307880
12.763028
9.506101
10.089986
-10.800904
-5.449405
-2.294079
0.884427
2.761901
5.065118
7.138485
10.756911
-12.534035
-12.328541
-12.421880
-10.649409
-4.426830
-1.762752
-2.081427
-1.559270
6.587108
15.280551
9.184680
9.647430
-0.819686
-0.309341
1.393885
3.400745
3.806381
5.936601
8.145232
12.214240
-14.914163
-2.388059
-7.388720
-15.711746
-12.958411
-11.839190
-11.798620
-8.981789
1.016364
15.235670
12.136827
9.949708
-11.395082
7.311024
-1.176274
0.258691
1.310804
3.754886
6.210120
9.456347
-11.191967
-2.721878
-13.723887
-13.520286
-10.504317
-8.785788
-6.859710
-3.356550
3.593481
12.054212
9.955366
10.396301
-8.876839
-4.163656
-1.234676
1.642706
3.222770
4.962105
7.019588
10.759636
-15.701202
-12.388081
-13.878155
-11.268606
-4.892949
-2.994153
-3.498765
-2.971286
3.761850
14.149426
11.939548
10.009419
-8.295734
-5.773134
0.261316
1.377454
2.768191
5.011052
7.633330
11.048250
13.390759
-4.711879
-11.275926
-15.038040
-10.861326
-9.580611
-8.860009
-6.556159
1.439508
13.549515
12.122860
10.195719
-8.173626
-5.888932
-0.784003
0.903814
3.330485
4.088829
6.497360
9.799288
12.473875
-8.883734
-13.451899
-11.420718
-7.755912
-5.916110
-5.625467
-4.835871
2.016216
14.411860
14.139562
9.272982
-8.206001
-5.868364
1.465027
2.349228
4.551733
5.577189
8.026600
11.267951
14.107230
-7.460693
-9.579751
-14.427061
-10.947068
-9.046329
-8.990480
-7.906080
-0.310742
15.380463
14.995514
8.710732
-7.839079
-5.648964
1.451471
2.304543
4.414692
5.515037
8.025359
11.302407
14.356009
-9.673570
-8.720110
-14.426057
-11.376261
-9.493404
-9.798169
-8.704229
-1.661076
13.718052
15.707453
10.846308
-8.785620
-6.166246
0.041251
2.104102
2.831553
4.751864
7.335283
11.031938
13.902433
-9.077390
-10.609239
-14.801171
-11.508852
-9.727779
-9.501657
-7.974727
-0.610613
13.144722
12.877970
9.897910
-10.852862
-7.816558
-0.725005
0.709534
3.000329
4.516101
7.000540
10.302387
13.045078
-8.123284
-11.355877
-13.844260
-10.008620
-8.413875
-7.942816
-6.535999
0.849610
14.094671
14.773123
9.098848
-9.002431
-6.476655
-0.187884
2.370800
3.506626
4.624764
6.907483
10.509625
13.165407
-8.438210
-12.369267
-12.827579
-8.842333
-7.216834
-7.150808
-6.503618
0.287723
14.786063
14.925406
9.605779
-8.616010
-6.180691
0.379164
2.297747
3.436167
5.139849
7.521513
11.044262
13.861932
-5.925000
-9.487600
-14.766890
-11.445570
-9.803129
-9.274388
-8.175038
-0.201049
15.699532
15.697569
8.802997
-6.380025
-4.475079
0.925670
1.825100
4.077477
4.876502
7.298168
10.718798
13.518705
-9.118796
-8.798247
-14.095073
-10.801489
-9.146712
-9.225820
-8.328282
-1.794255
12.690439
14.246019
10.312539
-8.877518
-6.231706
-0.455349
0.867168
2.597519
4.478611
7.223114
10.484540
13.270211
-9.009677
-10.272923
-15.116045
-11.313260
-9.705388
-9.072154
-6.870223
0.206389
12.577116
11.938837
9.869880
1.514393
-8.155168
-2.367352
-0.015111
3.026562
4.328238
6.524222
9.909552
12.816626
-10.550931
-14.665410
-10.301941
-5.748041
-3.117687
-3.595619
-3.947868
3.355341
15.718599
13.818416
8.436120
15.817551
-3.366074
1.932922
2.554199
3.787657
5.530020
8.168421
11.812050
15.154627
-7.213423
-4.581402
-15.740331
-15.699965
-13.818610
-13.046810
-10.676703
-1.820873
14.258272
15.565800
8.779497
-11.038073
-8.255541
-1.710061
0.645365
1.069493
3.281384
5.965185
9.248190
11.678960
-3.033694
-11.367388
-15.706143
-13.301906
-11.066037
-8.855193
-5.867355
1.285547
11.764818
10.932189
9.017322
-12.632111
-9.650856
-2.527948
-0.189249
3.030147
4.603945
6.705669
10.077425
13.420652
-13.050765
-13.523103
-11.535019
-3.781639
-0.586105
-1.304834
-2.595754
3.360932
15.718629
15.494934
7.665148
15.769976
-4.178709
1.425291
2.194475
3.611338
5.789791
8.439832
11.802642
13.321413
-6.535911
-7.359309
-15.785732
-15.751884
-15.738060
-15.533215
-11.331712
-2.840548
11.648332
11.773380
8.183314
-14.699028
-11.638571
-3.209644
0.572607
2.360240
4.053140
6.197166
9.278630
12.146485
-12.322123
-15.701995
-13.361175
-9.064081
-5.397643
-3.889885
-1.683380
4.411154
12.093267
11.423117
8.675506
6.738302
-10.842769
-3.086231
-0.442205
2.517392
4.206788
6.342422
9.463947
12.532308
-11.040480
-13.817287
-10.965954
-3.501401
-0.416234
-1.064231
-2.047384
3.743255
15.661530
12.168297
7.858606
15.740165
-4.998396
0.485463
1.614994
3.169585
5.362443
7.780180
10.620718
12.878212
-4.398210
-8.301485
-15.756805
-15.721998
-15.710180
-12.359290
-8.516411
-2.176012
10.117975
10.984503
8.623648
-12.918810
-9.805758
-2.610807
-0.105492
3.099513
4.716726
6.850422
10.203279
13.427758
-13.066114
-14.117508
-11.814527
-4.601761
-1.757178
-2.129030
-2.914232
3.177933
15.708752
14.293125
7.610213
15.773742
-3.807788
1.272704
2.330483
3.512833
5.679366
8.253563
11.462109
13.743811
-6.510388
-6.164932
-15.771979
-15.737951
-15.729888
-14.788550
-10.500422
-3.793275
9.325529
13.099062
8.445172
-7.974921
-10.019648
-2.345655
0.088669
3.074396
3.974808
6.266163
9.662207
12.774027
-10.745765
-15.700377
-12.030229
-6.547695
-3.651322
-3.884735
-4.259357
2.044203
15.461593
15.009832
7.819387
15.751223
-5.679875
1.061050
1.983714
2.981128
4.924790
7.767246
10.838249
13.866007
-7.342422
-6.717945
-15.728564
-14.577233
-13.509048
-12.235716
-9.131012
-2.186858
10.834639
12.853515
7.927980
10.270719
-11.312454
-3.408672
-0.502474
2.656297
4.036633
6.206760
9.746519
13.321254
-14.324360
-14.572995
-12.233742
-5.238395
-1.189972
-1.385580
-2.446037
2.509732
13.610297
15.712831
9.694187
15.752215
1.238347
1.671905
3.244401
4.357614
6.634223
9.339357
12.701076
14.934517
-15.700164
0.431668
-15.852364
-15.825156
-15.778845
-15.731288
-14.198330
-8.109350
10.441295
15.764428
15.662968
-9.517043
-6.224763
-0.554167
1.728927
2.142175
4.031176
6.107629
8.912213
11.731088
-4.039655
-10.511742
-13.835349
-12.874977
-10.776586
-10.228520
-8.484625
-2.110885
11.922841
13.222309
7.601177
12.694595
-9.054246
-2.355368
0.671961
2.239950
3.956060
5.722337
8.750399
12.521990
-10.570516
-15.702252
-11.521111
-5.553501
-2.636313
-3.776101
-5.347165
-0.682979
14.306664
15.747962
12.877826
15.775726
-4.449668
-0.190903
1.878376
2.481112
4.551861
6.904029
10.124159
13.421371
1.590424
-8.982830
-15.737943
-15.725418
-15.705383
-14.633846
-10.660205
-2.648537
11.063795
13.341673
7.152704
-6.008397
-10.425915
-2.733077
0.614964
2.396801
3.264748
5.337368
8.596229
12.374518
-12.243346
-15.714515
-12.653306
-6.789265
-2.833278
-2.904185
-3.684294
0.705610
11.780625
15.703074
11.315589
15.714386
-6.978249
-0.300100
1.943384
2.568623
4.642682
7.182311
10.589948
12.865017
2.503218
-8.811251
-15.783041
-15.754955
-15.734996
-15.189473
-11.036595
-3.465696
10.720435
13.645556
7.873899
12.450198
-9.590338
-3.063469
0.621120
2.198009
3.248363
5.414774
8.657400
12.024346
-12.192026
-15.709007
-15.073757
-7.111684
-3.897316
-3.400250
-3.182474
1.304330
10.424913
12.606096
8.723188
10.320689
-7.808431
-2.134791
0.958623
2.301664
3.582342
5.954183
9.099611
12.039204
-7.460157
-13.892793
-12.824728
-8.846323
-5.739063
-5.570630
-5.378757
-0.034353
12.896338
14.352138
7.198230
-9.454309
-4.883242
-0.242822
2.431189
3.469990
4.208824
6.554615
9.602046
12.466537
-7.434653
-13.030093
-12.500300
-8.733635
-6.379567
-6.514049
-5.812044
-1.239044
10.288686
12.947175
9.237312
-14.422003
-6.716349
-2.129100
0.884329
2.325877
3.707877
5.947836
8.844349
11.766766
-6.755239
-14.568910
-11.925630
-8.019357
-5.215404
-4.728064
-4.133969
0.530318
11.736078
13.794210
8.073069
-9.718644
-5.091739
-0.636571
2.004478
3.210903
4.323148
6.598429
9.657713
12.584576
-7.834237
-13.737954
-12.514509
-8.718593
-5.897195
-5.649567
-4.832718
-0.286254
10.759046
12.888895
9.434340
-13.127508
-5.644730
-1.470168
1.140488
2.377429
3.734488
6.078321
8.994663
11.880008
-5.749400
-12.901154
-12.504403
-8.734334
-6.088440
-5.527775
-4.877295
0.133149
12.825042
13.225745
7.985950
-7.146977
-5.105733
-0.209034
1.469577
3.952673
4.542562
6.980164
9.814158
12.484495
-8.875662
-14.698523
-11.141170
-7.360270
-4.801387
-4.613934
-3.812685
0.970612
11.191478
12.105355
9.603130
-13.606640
-10.452997
-2.764045
-0.214949
2.614546
4.042266
6.425046
9.861206
12.549708
-7.401503
-14.037344
-10.580010
-5.464753
-3.084357
-3.116998
-2.817192
1.948702
12.109948
12.879745
10.456604
13.162019
-10.485382
-1.262365
0.629945
2.874093
4.499188
7.158768
9.989922
12.648373
-10.844396
-12.333440
-12.577166
-8.438477
-6.811033
-5.891650
-4.101424
1.991707
11.678894
11.156508
8.661648
-9.080682
-8.061495
-3.138129
-0.461065
2.725813
4.670824
6.853269
10.261476
13.476016
-12.578508
-13.389830
-10.828178
-5.235022
-0.341268
0.072766
-0.375169
4.585280
15.694722
11.738914
8.397184
15.758622
-2.761209
2.010384
2.861853
4.312983
6.754405
9.289914
12.572570
14.972801
-8.427939
-4.839603
-15.769201
-15.750065
-15.737936
-15.709047
-12.104199
-2.711758
15.102228
15.705389
9.512828
-10.953071
-8.739701
-2.420314
0.540527
1.509074
3.445578
5.861584
8.380630
10.937509
-10.715973
-15.701880
-13.637650
-11.240350
-8.110589
-4.539525
-0.026165
4.538565
12.429553
11.423440
8.869361
15.787347
-2.248202
2.678982
3.013779
4.939600
5.907390
8.241223
10.905201
14.600930
-15.703190
-11.411106
-15.123202
-11.066846
-9.305292
-10.064227
-8.631836
-2.048497
10.729100
13.172735
11.083357
-8.954283
-6.667097
-1.651384
0.253592
2.790895
3.734021
6.084943
9.398013
12.012790
-10.240726
-14.259172
-10.881352
-7.369046
-4.414806
-4.030335
-3.403059
2.456216
14.869789
12.842416
9.471907
-7.082183
-5.488967
0.578720
2.436232
3.326643
5.198226
7.600123
11.029881
13.914404
-4.593996
-5.499323
-15.718584
-13.902850
-12.181686
-11.090590
-9.205121
-0.211115
15.706959
15.696166
8.541739
-5.327133
-3.697899
0.741531
1.898329
4.061641
4.508615
6.698487
9.810515
12.498068
-6.345547
-10.442573
-12.395854
-9.337349
-7.986488
-8.196370
-7.591268
-1.512072
12.559941
14.329090
10.530172
-9.287273
-6.747433
-0.890133
1.597982
2.750031
4.500044
7.014675
10.412729
12.962687
-9.486773
-10.296317
-13.496292
-10.090029
-8.546388
-8.401152
-6.974582
-0.030408
12.442976
11.712453
9.811056
6.064197
-8.198344
-1.764992
0.366964
3.042276
4.007660
6.403684
9.931435
12.582926
-7.677359
-13.280169
-11.978656
-7.275098
-5.625991
-5.497502
-4.840596
1.044056
13.608601
14.836536
9.994823
-5.096263
-3.847413
0.684495
1.513101
3.406371
4.857987
7.501861
11.072763
14.019668
-7.017074
-7.562226
-15.440637
-11.892509
-10.417594
-9.767023
-8.255941
-0.648172
14.986350
15.699634
9.595505
-6.211510
-4.203012
1.032211
2.093195
4.322354
4.565258
7.045893
10.363195
13.230442
-8.787363
-10.293241
-12.703464
-9.446454
-8.012135
-8.359979
-7.780244
-1.538604
13.339898
15.713094
12.190920
-6.353509
-4.356215
1.246492
-6.134870
-4.771096
1.628476
2.167131
2.526975
3.300983
3.654939
4.002443
3.529318
6.413740
6.829006
6.805117
6.676095
7.237453
7.561128
7.450323
7.368161
7.389913
6.980455
7.536836
-11.222223
-11.839856
-15.744676
-14.511951
-8.822688
-5.561038
-2.110804
3.182257
9.154429
8.311584
8.397017
-6.728310
-5.669391
-2.088834
-1.816360
-0.425933
-1.043293
0.240921
2.197520
5.362496
-2.656785
-5.048820
-10.358023
-7.555336
-6.484908
-5.988277
-4.012691
1.437050
8.999517
9.973014
7.823387
-6.487257
-5.495316
-2.018008
-0.534036
-0.452629
-0.010001
0.994171
3.273587
5.844791
-2.756174
-4.619450
-10.202953
-6.777963
-5.263629
-4.441391
-2.283759
3.556372
10.024149
10.294250
7.985702
-9.057482
-7.788994
-1.793288
-0.326035
-0.241277
0.142646
1.437804
3.531922
6.075489
-4.618529
-4.114288
-9.823161
-5.866866
-4.571250
-4.020046
-2.123365
3.757806
10.139084
10.538200
8.642815
-7.604581
-6.172147
-1.562508
-0.177369
-0.168088
0.326393
1.019165
3.634388
5.903330
-3.248015
-5.736143
-10.446774
-6.677076
-4.949335
-4.121741
-1.941139
4.016558
10.352637
10.491570
8.372914
-3.693048
-10.298598
-2.342199
-1.717769
-0.676315
-0.532845
0.939489
3.149079
5.811119
-3.974734
-4.539912
-8.369921
-4.494463
-3.222921
-3.330673
-2.074520
3.513403
9.802779
11.085034
9.664292
9.970942
-6.348881
-0.623683
0.459584
0.043261
0.757616
1.934114
4.293272
5.618196
-2.654956
-4.062471
