0.006619
-0.379706
-1.356802
-0.189760
0.065678
0.007661
1.675588
5.388866
-0.064029
0.671376
0.726910
-0.338371
-0.751071
-0.461901
-0.195625
0.114602
0.222740
-0.828831
-0.746056
0.315497
-0.080425
0.683442
1.082083
0.764425
0.454271
0.264964
-0.028418
0.326511
2.031511
1.346537
1.516351
0.301969
-0.931747
-0.262664
1.371195
1.538573
2.432633
-0.032479
-2.056964
-2.560371
-0.050668
-0.001375
0.087642
-0.072050
-0.859237
-1.487759
-2.076127
0.167987
3.332892
1.426146
1.065152
-0.934323
-2.480930
-1.968515
-0.524825
0.229631
0.793056
1.053740
0.398480
-2.120071
-1.346764
-0.263646
-0.433610
-0.915511
-1.831656
-1.579884
-0.827062
1.007397
3.840522
2.899279
2.341794
0.200628
-1.351078
0.339593
3.000125
1.404122
2.369943
1.546859
-0.691397
-3.189578
0.024929
-0.563907
-0.939554
-1.990008
-2.308987
-1.249679
-0.140193
1.473531
3.215976
2.653298
2.419305
-0.670678
-1.973272
0.001596
2.351302
1.793221
2.493111
1.439571
-0.873695
-2.732303
0.379444
-0.140581
-0.611067
-1.758199
-2.374486
-1.591883
-0.668351
1.679567
3.424036
2.495500
1.808760
-1.570742
-3.305073
-1.491358
1.589519
1.635804
2.524875
1.808007
-0.872828
-2.295070
0.355447
-0.080357
-0.082161
-1.080221
-1.869997
-1.425995
-0.390766
2.576941
3.956976
2.641074
1.154303
-2.574064
-4.278306
-2.207428
1.733690
1.673117
2.513986
2.536977
0.097241
-0.809947
1.138600
0.728310
0.467225
-0.690731
-1.349517
-0.207262
1.146500
3.608960
4.626780
2.800354
1.146267
-3.588521
-5.250413
-2.711830
0.895570
1.402939
2.733838
2.429496
-0.309030
-1.754859
0.566067
-0.214313
-0.661329
-1.593873
-2.372617
-2.577865
-2.204035
3.658274
5.566603
1.848770
-0.619374
-5.053220
-6.854509
-5.382392
-0.608475
0.999948
1.310791
0.204508
-0.798968
1.221742
1.162434
1.559613
1.711744
0.842663
-0.367603
0.829560
3.161699
7.445115
7.038384
2.776213
0.509665
-4.363204
-6.134847
-2.947536
1.600990
2.243587
3.315688
3.069500
0.474706
-1.631768
1.068351
0.084569
-0.482873
-1.842903
-2.643760
-2.624515
-2.081501
4.619600
6.866862
2.288406
-1.085113
-6.451433
-8.827038
-7.504707
-3.026629
-0.172171
0.400594
-0.328411
0.286909
0.943563
2.017608
2.681090
2.516007
1.492864
0.264423
1.277321
3.913972
8.670382
8.113558
3.376821
0.022811
-5.668118
-7.217235
-3.685211
1.491367
2.168785
3.594303
3.706556
1.027477
-0.231140
1.634732
0.215144
-0.795054
-2.050450
-2.878867
-2.940548
-2.358146
4.823578
7.665538
2.514910
-1.312726
-7.079705
-9.961328
-8.722854
-4.368776
-1.156035
0.036112
-0.088902
0.561132
2.042298
1.173587
0.928353
1.901824
1.131334
-0.081497
0.231898
2.582407
7.805696
9.892821
3.934925
-1.564612
-7.025090
-8.206127
-5.053682
1.184913
2.900267
3.561609
3.126892
1.080287
0.871856
1.301768
0.299324
0.606980
-0.403691
-1.144140
-1.270373
-0.087497
6.594793
8.115727
4.959234
0.285853
-7.388054
-10.178625
-8.244617
-3.154464
0.746182
2.584314
1.992012
0.677741
2.487757
2.328542
1.481533
1.441466
0.480662
-0.694331
-0.571190
1.476817
7.692441
8.270972
5.352068
0.025115
-7.671219
-10.759741
-8.164532
-2.638892
0.671828
3.213535
1.555132
0.955140
3.081722
2.088169
0.860422
0.743347
-0.316979
-1.450175
-1.490600
-0.753423
6.365526
8.799901
4.707531
-0.636784
-9.199275
-11.957391
-10.115561
-5.041816
-0.461391
2.068046
1.551961
0.670285
1.821360
0.799231
0.660979
0.576419
-0.613149
-1.712067
-1.987262
-0.373366
9.825222
10.083713
5.642516
-1.475154
-8.734141
-11.463350
-8.507493
-0.702846
2.629631
3.238003
2.828783
2.192652
2.878630
2.084831
2.470564
1.930232
0.521781
0.565052
1.544910
4.302242
7.520722
7.719172
4.165751
-0.602680
-5.912753
-8.080615
-4.000427
-0.835924
0.345111
3.385382
2.328432
0.960641
-1.359729
1.053420
-0.849464
-2.786904
-4.124721
-4.711252
-4.324628
-3.489246
7.227794
8.237648
2.405551
-2.270936
-7.946270
-9.992068
-8.614390
-2.851292
-0.039850
0.735892
0.162360
-0.165490
1.927012
1.636855
1.385422
2.223983
0.592025
-0.427714
1.557887
3.129696
6.896483
9.837783
5.811323
-0.337208
-6.811425
-7.848882
-4.632763
0.607836
1.553022
3.615046
2.631317
1.516206
1.947766
1.955203
0.750074
-0.051030
-1.419460
-2.252550
-1.733833
-0.311440
5.365921
6.384352
4.699766
0.326827
-5.426732
-9.417255
-7.832880
-3.840886
-0.762611
1.379123
1.237928
1.077880
2.555956
2.029159
1.318369
1.360457
0.354869
-0.751236
-0.737970
0.957108
7.248950
8.392978
4.915653
-0.547668
-7.540930
-10.385638
-8.184348
-2.705204
0.580066
2.848107
2.398111
1.462078
3.208037
1.667331
0.730331
0.563331
-0.577428
-1.598051
-1.447124
0.025042
9.075591
9.092699
5.121600
-0.023969
-6.987489
-11.032959
-8.950747
-3.582386
-0.148425
2.302259
1.964759
0.849430
2.655736
0.852405
0.067237
0.065573
-1.261187
-2.380867
-2.383945
-1.050827
9.256495
9.764880
5.926514
0.421380
-8.883042
-11.684349
-9.788610
-4.078205
-0.587784
1.292131
1.234301
1.511966
2.173839
1.846795
2.180034
2.320453
0.519188
0.828191
1.654803
3.790888
8.736884
8.517803
5.306094
0.035344
-4.662592
-7.876251
-5.203784
-1.356476
-0.151781
2.955012
3.204073
0.513775
0.538043
1.105357
-0.692730
-1.894136
-3.112977
-3.753616
-3.472302
-2.606135
6.051853
8.421351
4.701467
-0.243733
-7.000222
-9.990666
-8.438603
-4.026377
-1.328169
0.534095
0.078617
0.144545
1.773901
1.053845
1.101410
1.341431
-0.122267
-1.114946
0.906525
2.868837
7.671414
9.291297
6.752111
1.892240
-5.936013
-7.645879
-5.399951
-0.141565
1.411517
3.519510
3.134820
1.785776
2.213878
2.281780
1.056102
0.270855
-1.148416
-1.402442
-0.188950
2.132310
4.969415
5.048586
3.719881
0.096944
-4.132371
-6.608210
-5.187774
-2.078603
-1.357260
1.523654
2.451297
-0.014980
-1.622450
-0.112639
-0.567450
-2.020381
-3.086102
-3.211215
-3.125962
-2.368062
6.941836
8.420607
5.575874
1.076517
-5.162187
-8.464078
-7.131776
-3.080512
-1.124569
0.255726
0.471552
-0.457992
0.014445
-0.263070
0.034894
0.350264
-1.520688
-2.248626
-1.355735
0.669051
6.589905
8.843490
6.691829
2.838074
-4.614383
-7.058971
-5.146394
-0.543718
1.461494
2.643863
2.181067
0.851710
0.282957
0.246465
0.859224
0.470434
-0.565513
-1.412265
-1.093627
0.238479
5.520581
7.511435
5.774737
2.139863
-3.210550
-6.529719
-5.111724
-1.714918
-1.300087
1.627047
5.185065
0.466949
0.549383
1.036560
1.237359
0.272502
-1.097760
-1.890546
-1.815343
-0.741547
5.199260
7.505384
5.348180
0.938540
-5.172750
-9.520659
-7.902023
-3.737671
-0.552410
1.612993
1.394698
1.378270
1.550276
0.956198
1.648040
1.211808
-0.062287
-0.831414
-0.715782
0.499657
7.052505
8.842972
5.658806
1.765210
-3.257600
-7.928958
-5.799675
-2.208878
-2.177426
1.045535
5.772861
0.519706
0.219870
0.290078
0.489139
-0.742053
-2.034888
-2.651958
-2.469493
-1.577781
7.009613
8.515642
5.242300
1.416497
-5.189691
-9.095589
-7.991912
-3.766337
-1.621787
0.677760
0.753771
1.040615
1.090127
0.455474
1.764271
1.446690
-0.712691
-1.235680
0.506316
2.871708
7.681699
8.144983
6.441045
1.901602
-3.689545
-7.213299
-5.270514
-1.465129
-0.897318
2.003976
3.536901
0.731631
0.032151
-0.130231
0.225277
-1.190114
-2.177926
-2.696070
-2.676095
-3.260277
5.862146
8.322373
5.173147
2.154236
-3.387871
-7.530878
-6.153596
-2.905479
-1.728458
0.843517
0.738787
0.387178
0.763981
-0.546580
0.193972
0.208568
-1.218141
-2.031590
-2.118765
-1.284452
6.791587
9.048902
6.476336
2.979899
-3.548694
-8.315362
-6.884373
-2.562187
-0.398204
1.605179
1.609492
0.809950
-0.155279
-0.063322
0.654511
0.315084
-1.322511
-1.909967
-0.939660
-0.152974
6.196208
7.991920
6.136906
2.711197
-2.356740
-5.980668
-4.726497
-1.664310
-0.921954
1.861240
3.470170
0.521152
-0.185275
-0.217375
0.549726
-0.724118
-1.808903
-2.412610
-2.233458
-2.970415
4.188167
7.648029
5.363905
2.461283
-2.482034
-6.394294
-5.249431
-2.109957
-1.300360
1.269160
1.093113
0.790222
-0.111747
0.214946
1.278555
0.484562
-1.024312
-1.583846
-1.231979
-0.222653
5.733256
7.822606
5.621375
1.788664
-3.609720
-7.381448
-5.772748
-2.321262
-1.379396
1.527123
1.368604
1.108420
0.028626
0.683795
1.542193
0.280649
-1.138102
-1.728331
-0.946700
0.198831
5.652444
7.113783
5.637612
1.435850
-3.795109
-7.298745
-5.454438
-1.959961
-0.996734
1.716553
1.284991
1.313058
-0.012090
0.463063
1.356667
-0.079977
-1.527146
-1.972428
-1.142741
-1.392490
4.893986
7.109711
5.496269
1.600944
-3.523920
-7.356601
-5.763198
-2.275728
-1.188806
1.588058
1.197592
1.681016
1.497133
1.984946
3.017579
0.573038
-1.021488
-0.211925
1.341408
1.632027
4.363114
4.914113
3.940179
0.463078
-3.700951
-6.508550
-3.723978
-0.242966
-0.114447
1.856221
2.679626
1.198509
-3.923540
-3.543071
-3.456636
-3.683596
-5.549712
-5.600792
-6.216401
-6.179098
6.065805
7.630999
5.654064
3.239799
-2.661345
-6.659161
-5.232612
-1.098037
-0.256325
1.050362
1.121374
1.489748
1.039298
1.724832
2.639690
2.149262
1.206094
0.150970
0.456211
0.518048
4.701330
6.279526
4.698099
2.149053
-2.632210
-5.690738
-3.461852
-0.159647
-1.159708
1.340139
1.000678
1.570262
-1.599713
-0.699056
-0.099857
-0.840592
-2.834104
-2.536810
-0.929568
1.462725
5.400098
5.419423
5.265368
1.126375
-2.915809
-5.777289
-3.710018
-0.428692
-0.134548
1.843918
0.975480
1.923157
-0.824010
-2.018191
-0.841862
-1.204256
-2.889048
-2.500408
-1.155020
-1.368547
4.057920
5.695695
5.646255
2.258858
-2.385374
-6.585291
-4.608515
-1.535550
-0.631345
1.459238
0.804878
3.468703
0.356294
1.168673
2.679791
0.524572
-0.826930
-1.284073
-0.615453
-1.252963
3.659933
5.897388
4.766399
1.784264
-2.770403
-5.626118
-4.485023
-2.061821
-2.392961
0.342510
0.439070
0.310154
-0.561083
-0.751021
0.188385
-0.193553
-2.173804
-1.458939
0.114860
1.547024
6.114986
6.576294
5.608634
1.528318
-2.937803
-6.291463
-4.377763
-1.131513
-1.573646
0.828497
0.319330
1.713663
0.437691
-1.042637
-0.364631
-0.632035
-1.457065
-1.441981
-0.810092
-0.293847
3.461713
5.638395
4.780656
1.722026
-2.314207
-6.007273
-4.423562
-1.616177
-1.496307
0.696673
0.309161
1.851885
0.475561
1.093329
2.072357
1.273136
0.174057
-0.755101
-0.107379
-0.485144
3.583410
5.516141
4.486098
1.513950
-2.616476
-5.693730
-4.392267
-1.736993
-1.770313
0.539552
0.189869
1.583678
0.451838
0.884468
1.532050
1.235895
0.400705
-0.778793
-0.077348
-0.129848
2.952546
4.924284
4.205618
1.489422
-1.904309
-5.652973
-4.281773
-1.727005
-1.641794
0.575091
0.233328
2.140848
0.119702
0.587611
0.637296
-0.306344
-0.385240
-1.018513
-0.064833
-1.253603
2.845138
4.987550
4.411938
1.860696
-1.962951
-5.853784
-4.817616
-2.298526
-1.987419
0.246380
0.082535
0.049829
0.629670
0.198538
1.354286
1.030108
-0.922966
-1.315000
-0.447475
-1.041073
3.833859
5.925899
4.915033
1.692922
-2.447789
-6.052713
-4.674330
-1.803818
-2.006779
0.398374
0.226974
2.630184
0.265793
-0.252220
1.415117
0.744991
-0.089096
-1.158497
-0.384278
-1.061020
3.390683
5.336289
4.269610
1.364537
-2.146360
-6.069663
-4.897096
-2.285388
-2.001700
0.185457
0.051113
0.672110
0.421718
0.910380
2.089406
1.378377
-0.421357
-1.382183
-0.423038
-0.745784
2.826333
4.781792
4.214184
1.986664
-1.213466
-5.230120
-4.116673
-1.718657
-1.553136
0.349743
0.005702
0.077052
1.359923
2.288153
1.534802
0.210972
-0.867317
-1.658383
-0.770941
-0.661980
2.965927
5.199281
4.849655
1.443810
-3.525864
-6.420637
-4.942377
-2.232143
-1.769721
-0.032412
-0.448593
0.962257
0.444460
-0.923324
0.671681
0.445364
-1.209558
-1.848688
-0.717567
-2.351676
2.233558
4.825190
4.804115
3.230700
-0.056029
-5.112684
-5.151496
-3.177234
-3.044272
-0.835202
-0.656944
-0.032119
-0.300341
-0.068769
1.844625
2.715026
1.185341
-0.469986
-0.018510
0.685757
3.040511
5.819978
5.793442
3.163830
-0.906715
-5.798471
-4.684652
-1.879511
-2.138841
0.326913
1.355013
2.829731
-0.339244
-1.873289
2.590810
0.464209
0.398621
-0.993920
-0.219411
-0.505729
2.228595
5.281694
5.470427
3.173898
-1.195702
-4.902659
-4.149065
-1.720242
-1.965765
0.265672
1.139936
1.473531
-0.114191
-1.761470
1.499186
0.662576
0.107907
-1.405461
-0.356801
-0.435944
1.848247
4.872484
5.373770
3.304400
-0.912852
-5.144521
-3.715378
-1.469338
-1.578910
0.294880
1.024265
1.157274
-0.130410
-1.960936
-0.189467
-0.058167
-1.381435
-2.253739
-1.151481
-3.294037
1.120925
4.691033
5.394724
3.782164
0.233005
-5.319874
-5.548972
-4.058851
-3.060211
-0.350815
0.808428
0.942872
-0.541072
-0.282850
2.124900
3.116884
1.286490
-0.694264
-0.143426
-0.504249
3.608320
6.622015
6.300498
3.596458
-0.588737
-5.965514
-5.155067
-2.335559
-2.476313
-0.297584
1.402784
1.443196
1.167262
-0.526325
2.218318
2.001421
0.022513
-0.944977
-0.179904
-0.471641
2.248808
5.063311
5.416027
2.956781
-0.559973
-4.872877
-4.206174
-1.844318
-1.771959
-0.309419
1.031955
1.732408
0.610541
-1.728709
0.681264
0.346343
-0.969282
-1.920828
-0.974146
-1.664577
1.989779
5.570932
6.034999
3.440770
-1.124153
-5.557245
-4.251011
-1.910620
-1.865595
-0.000128
1.133293
1.146211
-0.166596
-1.138925
1.438982
1.230412
-0.541004
-1.589915
-0.782092
-1.051642
1.271561
4.545621
5.163136
3.644567
0.585688
-4.215209
-3.633269
-1.602991
-1.616190
-0.157337
0.728193
0.839146
-0.955088
-2.620102
-1.221200
-0.832767
-1.662809
-2.422545
-1.254322
-2.658986
0.895997
4.515691
5.741838
4.526279
0.596543
-4.555797
-4.643887
-2.834114
-2.044217
0.147375
1.166699
0.889320
-0.506263
-1.884450
2.170803
2.932111
1.209174
-0.918520
-0.220384
-2.205266
3.441596
6.264754
4.985789
3.607596
-0.300425
-5.193643
-5.026524
-3.054386
-3.072804
-1.428307
0.711018
0.846513
0.033498
-0.029640
3.973496
3.238629
1.205538
-0.793359
-0.203218
-1.380343
2.505630
5.373416
4.940409
3.169552
-0.734647
-4.830244
-4.510194
-1.933275
-2.089041
-0.155243
1.239003
1.710689
-0.499155
-2.088191
0.412472
0.972953
-2.168571
-1.680210
-0.844016
-0.552670
3.352737
6.836466
6.581088
3.480630
-2.640347
-6.354382
-5.270498
-2.823066
-2.677319
-0.228771
1.286386
1.619500
0.355720
-1.233243
2.387200
2.144416
-0.605644
-1.083037
-0.111689
-2.426817
2.902180
6.244006
5.246885
3.647082
-0.037273
-4.496771
-5.079035
-2.998694
-3.082204
-0.846150
1.004994
1.535850
-0.073685
-0.428760
0.574676
2.288164
0.346287
-1.354791
-1.383734
0.478163
4.842622
7.217628
6.833997
3.015457
-3.274444
-6.330528
-6.282786
-4.324980
-4.206192
-1.747747
-0.120819
0.352690
-0.768774
-0.602685
1.278079
2.533951
0.874909
-1.075092
-0.347603
-2.951784
4.083884
7.434722
5.554480
4.138834
-0.528812
-4.661977
-5.097706
-2.894158
-3.218112
-1.498462
1.087824
1.263343
-0.018350
1.014928
3.307498
4.247764
2.049489
-0.492112
-0.349891
-1.343325
3.153736
5.752585
3.108754
2.453255
-1.456041
-4.703572
-5.369425
-2.729801
-2.378248
-0.146633
1.506499
1.769212
-1.091467
-2.203463
1.823899
1.797256
0.313210
-1.771150
-0.922909
-1.507830
3.372529
6.586433
6.273251
3.119515
-2.414321
-6.309927
-5.939613
-3.551993
-3.132010
-1.396501
0.505344
0.833403
-0.996834
-1.698542
0.963916
1.800523
-1.198910
-1.529072
-1.328280
-1.806231
4.580112
7.703837
7.339155
3.906918
-1.590228
-6.358963
-6.291836
-4.032641
-3.351833
-0.316704
1.560500
1.895093
0.657021
0.461826
3.929772
3.570391
-5.835131
-1.000835
-1.916214
-5.583000
2.009029
5.820581
4.778037
4.344029
1.232062
-3.254392
-4.905355
0.785487
2.457835
0.419200
1.640488
1.467294
-2.189817
0.273846
1.979985
2.059916
0.357509
-2.453057
-2.523750
-5.336913
3.814570
7.974463
6.502043
2.607941
-2.135767
-7.073748
-8.160616
-6.505178
-6.555027
-4.177260
-2.274111
-1.788148
-1.378887
0.973478
2.954813
4.210421
3.106987
0.749996
-1.714099
-1.038635
4.742995
10.126852
7.053018
3.891993
-0.692306
-4.803650
-6.302959
-3.224439
-3.259047
0.071002
2.078754
0.383715
-0.928006
-0.518349
1.797831
3.795034
1.483605
-1.526332
-3.162488
-2.671037
3.109347
6.979066
4.584128
2.797122
0.032825
-4.285911
-6.016500
-1.028712
-0.527587
0.186049
0.813512
1.521224
-1.571187
-1.226732
0.988090
2.518236
1.558273
-1.385718
-3.363715
-3.455375
3.456357
7.384416
6.599661
3.300876
-0.919061
-4.807652
-6.638830
-1.743064
-1.065265
-1.091499
0.360781
0.290166
0.091572
-2.272224
1.386839
4.192248
2.262069
-1.119203
-2.018088
-2.249413
4.214396
7.649680
5.983426
2.422734
-2.107861
-5.973326
-7.004250
-1.521527
-0.436553
-0.019888
1.108003
0.890767
-1.292177
-0.636786
1.440079
3.024780
1.066990
-2.184076
-3.902866
-5.957291
4.064198
8.173991
6.621707
2.624690
-2.128186
-6.027972
-7.594203
-2.466815
-2.017065
-1.543844
-0.936839
-0.777540
-0.606362
-0.065082
2.410861
3.956980
2.440245
-0.880382
-1.784383
-0.950806
5.471413
8.664085
6.288661
2.697003
-1.975083
-5.784756
-6.956616
-0.698834
3.641500
1.926934
2.082520
1.393582
-2.091078
-0.999178
0.980324
2.526917
0.696573
-2.234405
-5.138095
-3.352250
3.568496
6.318255
6.119727
1.959104
-3.354732
-5.981574
-6.510230
-0.420165
3.967542
2.995635
4.859175
-0.174220
-1.871948
1.081852
1.747886
1.376847
0.447929
-3.812196
-2.011130
-5.199544
2.712615
5.981367
5.531991
1.391809
-5.618054
-6.364042
-6.823776
-2.892517
-8.325420
-8.401957
-24.687120
-30.125418
-8.380119
-5.980889
-1.224997
-8.025473
-2.206551
-14.508501
-12.813744
-12.659292
-11.695598
-11.263474
-11.552914
-11.941705
-7.149518
-3.052814
-0.304373
-1.735200
-1.732836
-1.936804
-0.280613
-0.214305
-0.036046
0.093108
1.661534
6.224303
2.444270
0.081128
0.459376
0.162418
-0.204339
-0.070002
0.079306
0.036916
0.179541
-0.398742
-1.446057
-0.895043
-0.381069
-0.270884
0.230983
-0.046292
-0.335642
-0.454720
-0.478770
-0.018845
1.248829
2.087952
1.602595
0.467871
-0.563191
-1.161199
0.019385
1.080162
1.944012
2.318151
-0.061871
-3.083391
-0.365801
0.618665
1.719876
2.187256
1.566222
-0.596765
-0.923693
4.753253
9.901682
0.159184
-2.965686
0.484718
3.317165
0.494257
-1.037992
-0.781615
0.120330
-0.435952
-2.876970
-7.162741
-5.337146
3.391217
3.215901
3.929649
3.970200
2.839627
-0.199839
-1.722867
-2.999386
3.166159
3.813144
2.422675
-0.389034
3.815922
1.299407
-0.625833
-0.727659
-1.835052
-2.532079
-4.499634
-7.591093
-0.372435
0.213741
1.640607
1.587592
0.844579
-1.197066
-2.611405
-2.889112
6.517204
4.592591
-0.996678
-8.257664
-6.630296
-4.239696
-3.385291
-4.163264
-4.296962
0.218346
-3.298584
-4.908831
-3.609477
-1.268200
0.226384
1.177441
-0.550875
-2.756837
-1.041622
-12.507462
-14.413259
-5.332441
7.230553
9.416087
12.838516
7.308865
4.793160
2.403861
0.271015
-2.717129
-3.449142
-5.731798
-9.415237
-3.260614
0.420758
0.435346
-0.987731
-3.205219
-2.240813
-12.349394
-8.647642
-1.648622
7.483285
10.980503
11.507646
5.609425
2.797898
0.632327
-0.173530
-2.726274
-1.490114
-4.982311
-4.926953
-1.379406
0.960549
0.484734
-1.164149
-3.032949
-3.372885
-11.479229
-9.424160
-1.163345
7.038105
11.140825
10.506547
5.369376
3.100540
1.654226
0.613517
5.671589
-0.900103
-3.482870
-1.992520
-0.464444
0.445877
0.223107
-1.127997
-2.484429
-3.855752
-4.594239
-6.253095
2.094818
5.978519
8.850776
7.387863
3.604999
1.579526
0.066912
-2.784800
0.075946
-3.747414
-4.521913
-2.892449
-1.284267
-0.234609
0.395048
-0.599478
-1.246493
-1.194808
-1.097323
-0.207926
3.854984
6.118374
8.880333
6.885945
1.113047
2.933953
2.792813
3.045969
3.156955
-1.549530
-4.619752
-2.141176
0.544282
0.025234
0.427249
2.947244
-4.310501
-3.443018
-2.568497
-2.503869
-2.495635
-3.286934
-2.745900
-3.834843
-3.342989
4.329723
1.222041
0.161260
0.553654
0.690778
0.959592
0.590389
-0.467731
0.324223
0.784537
0.791371
0.766513
2.366483
3.218242
0.394706
0.732023
0.559415
0.117591
-0.509066
-0.845107
-0.913663
-1.315968
-1.770766
-1.803584
-2.172242
-1.925748
-1.725575
0.135636
-0.216200
0.602476
1.254942
0.656163
0.543161
0.567639
0.307111
-0.097364
-0.462936
-0.715022
-0.901782
5.923727
5.743432
2.431603
2.048003
2.977585
-2.438191
5.661487
4.039083
0.332417
-2.005144
-3.706114
-6.736145
-10.276584
-16.223877
-24.412775
-30.218481
-30.196157
0.049455
-0.329590
2.676657
11.069368
9.035223
12.117880
11.914636
11.355354
7.701082
-0.383350
-5.900143
-4.098060
-6.276069
-7.455807
-7.509070
-1.360164
-4.810140
-4.681107
-4.980702
-3.496056
-3.451078
-3.507657
-3.352051
-3.317643
-3.309239
-3.381953
-3.576812
-3.819326
-4.151278
-4.574008
-5.110033
-5.736294
-6.462965
-7.215788
-8.075027
-6.321781
-0.695599
3.301112
4.385945
5.334764
5.882805
6.036602
5.940307
6.060730
6.500660
7.435302
9.079046
10.099286
12.432590
15.023163
19.048708
24.588345
30.260262
31.550669
-0.289574
3.305735
2.242107
0.315129
1.335265
0.398546
-0.385312
-1.010056
-0.643659
0.233984
-0.838342
-0.063236
-0.198208
-0.151925
0.154593
0.110455
-0.165425
-0.722349
0.117389
0.761544
-18.785326
-27.059072
-21.492132
-13.307902
-15.352018
-15.626530
0.031619
2.717504
3.214098
1.324608
2.357365
2.409022
3.036554
3.655322
4.353085
4.673790
2.735714
3.171328
-2.165599
-1.759583
0.193743
4.417283
-6.018998
0.000814
-1.241878
4.875153
9.582679
-6.111193
-9.694506
-6.242085
-1.213548
-2.217128
-6.018811
-3.219629
-2.581576
-3.297391
-3.338063
-3.523024
-0.698254
-0.945703
-0.912470
-0.693209
3.311960
5.300638
0.276438
1.000166
0.818904
-0.503559
-0.620766
0.118331
-0.391434
1.384957
-0.640411
-8.145585
-16.592329
-24.691114
-29.015396
-30.217312
0.033975
0.391134
1.900608
3.071036
-4.346231
-7.870321
-0.479303
-4.352938
-4.332426
-4.736648
-3.425161
-3.047267
-2.793710
-2.594327
-2.391870
-2.183662
-1.963967
-1.747019
-1.526408
-1.267164
-0.968569
-0.652963
-0.365192
-0.002120
0.303017
0.524520
0.652748
1.288109
1.283964
1.361490
2.502470
4.811680
8.657184
13.015762
16.624582
17.360435
16.899109
13.555771
12.145936
9.370172
7.922213
7.966969
9.010773
-0.284137
-0.275470
0.485426
2.642957
1.899936
0.311655
1.584006
1.054275
0.754239
0.542247
0.437378
0.335470
0.231654
0.077486
-0.050498
-0.208093
-0.331417
-0.417550
-0.419210
-0.440017
-0.447136
-0.502759
-1.163954
-0.885158
-1.128285
-1.579004
-2.323593
-3.548341
-4.742044
-5.101672
-6.346892
-6.329415
-6.452082
-4.857729
-2.354464
-1.221069
0.128976
1.261104
2.255691
1.860405
2.864913
3.114635
0.402633
-2.587819
-4.062798
-0.405327
-2.439494
-2.425880
-2.643811
-1.027001
-0.746564
-0.495454
-0.400177
-0.335649
-0.281567
-0.178948
-0.052539
0.098962
0.212152
0.314101
0.390931
0.432664
0.519990
1.122397
0.974367
0.867753
0.826479
0.743128
0.731047
0.925067
1.334805
1.597654
1.692429
1.719730
1.692529
1.734477
1.814336
2.018552
2.383366
1.962136
5.613972
3.812494
3.213435
1.687790
2.498332
8.793980
-0.438728
7.260709
6.220357
3.880616
3.966810
3.645166
2.439594
0.555853
-6.157884
-4.477541
-3.397826
-1.567008
-1.551541
-1.664190
-2.373747
-0.597976
-0.209772
-0.445369
-0.661624
-1.446631
-1.984765
-3.113641
-3.688507
-4.530576
-5.491590
-5.507977
-5.891542
-8.028491
-0.371031
-9.277181
-7.893041
-9.914333
0.551665
6.311527
5.700864
4.310658
4.932762
5.360744
5.202135
5.067230
4.886360
4.568095
3.790361
-5.167819
-4.094588
-3.595780
-1.851915
-1.448910
-1.746977
-2.339396
-1.609415
0.705493
0.628345
-0.043531
-2.845250
-4.170722
-6.320207
-6.219070
0.725382
-1.325451
-3.398136
-6.799947
-8.136176
-9.440659
-10.520411
-9.746427
-11.575193
-9.176137
-6.461241
-4.631182
-1.826131
7.650487
6.069756
1.957267
-0.940430
-2.190698
-1.708551
-2.934317
-3.441643
-4.152617
-3.657660
-4.368210
-1.526244
1.822317
1.924816
1.108989
-1.206398
-1.592184
-1.528016
-1.825834
-0.584588
-0.128723
-0.016139
0.113743
0.288974
0.434669
0.581450
0.679958
0.765613
0.861400
0.906583
0.966114
0.983994
1.045367
1.015637
0.512275
0.958257
1.120311
0.924399
0.763374
0.344089
-1.645977
-9.003504
-3.560477
-3.310839
-2.858747
-1.849876
-0.162720
0.740175
0.500582
2.874592
3.007499
4.091287
5.806763
6.394728
6.466907
6.180448
7.669295
8.471086
0.981986
3.602951
2.540143
0.810521
2.008768
1.261369
0.795936
0.431051
1.299627
3.907954
-0.499619
-0.392767
0.009024
-0.404259
-0.887958
-1.187540
-1.178151
-1.266070
-1.428030
-1.327675
-1.158251
-1.903689
-1.234061
-1.030038
-1.922208
-1.351952
0.138744
0.169143
-0.096533
-0.499779
-1.631705
0.410146
1.674446
2.597155
-5.814243
-1.090660
-6.348559
-7.164862
-7.060772
-8.931345
-10.820045
-0.324494
-8.283497
-11.842064
-10.685860
0.099794
-0.346554
-0.615348
-1.298412
-0.041923
0.278230
0.263592
0.310438
2.866792
4.982825
0.254387
0.419660
0.553944
0.229906
-0.240072
-0.395821
-0.472894
-0.665029
-0.935583
-0.759410
-0.594927
-1.326228
-0.823025
0.085592
-0.023753
0.748387
0.869349
0.609153
0.466912
0.330731
-0.608038
1.104971
1.350192
1.650952
0.021733
0.010143
-0.034276
0.458082
0.503239
0.613275
1.149204
1.888147
-3.116617
-1.067494
0.091746
0.653001
0.989254
-0.057692
-0.238453
0.122962
0.155983
2.713144
3.837487
3.393223
1.246006
-1.392260
-1.835796
1.017505
1.191712
0.906431
3.348097
-1.066029
-5.382886
-1.008238
-0.890625
-0.658510
-1.361596
-2.178702
-2.571212
-2.782938
-1.094258
2.235343
3.452643
1.970948
0.018630
-2.552754
-2.544499
0.353482
2.411328
2.765332
3.255384
0.194481
-1.102566
-0.314759
0.933154
1.285224
0.416266
-0.716087
-1.012861
-0.257194
0.551213
3.365770
3.697957
3.011087
0.269191
-3.232696
-2.599082
0.594644
1.421323
2.516690
5.030075
0.054336
-4.133934
-1.588181
-1.066762
-1.042969
-1.700880
-2.445830
-2.782581
-2.857759
-0.500013
2.471533
3.549380
1.640762
-1.028502
-4.034376
-3.895681
-0.398900
1.899291
2.198490
2.586515
-0.730851
-1.837159
-0.770607
0.943640
1.481153
1.482805
0.220065
-0.653667
-0.506838
0.984914
3.922683
4.005687
2.451101
-0.888265
-4.202774
-3.655648
0.368702
2.089208
3.149811
3.545219
0.438570
-3.065539
-0.068290
0.411202
0.532237
-0.252200
-1.280062
-1.839568
-2.041037
0.244708
3.715152
3.867779
1.503934
-1.618308
-5.393218
-4.696082
-1.148989
1.472493
2.485315
3.112758
0.476093
-0.772611
0.358927
1.383993
1.605067
0.859272
-0.172077
-0.948307
-1.231252
1.116160
4.268779
4.073337
1.505307
-2.286912
-6.544352
-5.353528
-1.306582
1.598253
2.784347
3.191909
1.279237
-0.668426
0.602849
1.240735
1.091555
0.295790
-0.801942
-1.488616
-1.736883
1.231344
4.848505
4.056616
0.791162
-3.427101
-7.730616
-6.753651
-2.828241
1.132518
2.735493
3.233924
2.299973
0.126729
0.688759
1.614317
1.937249
1.252022
0.222810
-0.494941
-0.767542
1.880298
5.287839
4.305603
0.618645
-4.156136
-8.829630
-7.719083
-3.340315
1.412286
3.008098
3.489482
2.486451
1.281065
0.610440
1.636027
1.934020
1.200092
0.167931
-0.521051
-0.728572
2.606463
6.070244
4.685717
0.176734
-5.307584
-9.936451
-8.932476
-4.140564
1.926911
3.132117
3.656344
2.627858
1.767366
0.358547
1.575442
1.789243
0.993332
-0.030773
-0.633426
-0.741476
3.656452
8.367080
5.134023
-0.189429
-6.080064
-10.711206
-9.596487
-4.209028
2.986658
3.484574
4.066402
3.006644
2.099971
0.574241
1.803043
1.941207
1.091859
0.007903
-0.700077
-0.615739
4.012479
7.957406
5.674697
0.327712
-6.135929
-11.296577
-9.985439
-4.555074
2.133751
3.518593
4.040489
3.095310
2.155837
0.576007
1.696621
1.828374
0.934551
-0.171082
-0.715465
-0.614030
4.196057
8.930206
5.301336
-0.491075
-6.602999
-11.370918
-10.081442
-4.349566
2.749104
3.483846
4.045860
1.839788
1.440209
0.206816
1.199524
1.354869
0.544359
-0.439021
-0.927021
-0.866074
4.593256
9.890934
5.437486
-0.694639
-6.803372
-11.107301
-9.870112
-4.112039
3.348553
3.570477
4.094016
1.516865
1.424425
0.184014
1.300470
1.399701
0.651547
-0.301464
-0.918390
-0.547940
4.865264
9.539195
5.788565
-0.029217
-6.320022
-10.774032
-9.233620
-3.058554
3.453231
3.945656
4.161133
2.800869
1.919167
1.466246
2.046440
1.268350
0.440149
-0.616629
-1.282370
-0.859643
3.774653
8.379651
5.375963
-0.276780
-6.166796
-11.322658
-9.787916
-4.612583
1.149960
3.152507
3.141913
2.489898
1.915386
0.889722
2.479682
1.782351
1.180899
0.302400
-0.239502
-0.127914
3.868881
8.117061
3.613587
-1.308807
-6.322918
-10.437775
-9.028494
-3.233232
2.752284
3.185951
3.519679
1.562079
1.704306
0.566668
1.142357
0.584737
-0.117850
-0.977126
-1.456890
-1.537273
3.843272
9.555853
4.451693
-1.505265
-7.006755
-11.204725
-10.274687
-5.223552
1.997562
2.324966
2.623151
-0.859628
1.965006
1.433976
3.415216
3.488396
3.079664
1.763780
0.905614
3.134407
5.993571
7.757844
6.185654
1.983150
-4.381044
-9.636405
-7.924159
-1.910791
1.282323
3.221488
5.036670
1.580523
-0.214501
1.920106
1.677874
-0.158070
-1.666096
-2.544179
-2.880175
-2.750157
4.734106
8.276415
2.578428
-2.681980
-7.088294
-10.893892
-9.513162
-5.571788
0.398447
1.776959
2.236990
1.290719
2.271920
0.315356
1.530729
2.380054
1.738763
0.857124
0.221962
0.413929
5.368471
9.103229
5.773855
0.405118
-5.719417
-10.104519
-8.646923
-2.875760
3.419469
4.291103
4.899496
2.215655
2.103082
1.437412
1.696289
1.235212
0.139385
-0.948809
-1.596967
-1.250832
3.455649
8.702439
5.871423
0.042724
-6.262034
-11.741056
-10.714539
-5.930275
0.081323
2.318115
2.793862
4.054331
2.667401
1.221199
2.853937
2.721166
2.102007
0.989788
0.480950
1.209000
5.192458
7.316982
5.745266
1.171199
-5.636384
-11.022983
-9.537867
-3.754402
0.523883
3.057811
3.744155
1.722873
2.006594
2.198754
2.038714
1.049962
-0.163955
-1.309325
-1.943341
-1.798705
3.512050
8.623870
4.125283
-1.725666
-7.203536
-11.891729
-10.680920
-6.659727
0.263129
2.295077
2.883308
1.344601
3.873847
1.122451
3.366474
3.910525
3.267513
1.945793
1.471172
2.257762
5.156176
7.054193
6.001249
1.476910
-4.383234
-10.509339
-9.396198
-3.943257
-1.042975
2.504392
5.392727
0.610697
0.888527
1.463718
0.832151
-0.081990
-1.405053
-2.436117
-2.923058
-2.847517
3.412038
9.882729
4.279593
-2.298913
-7.713382
-12.065105
-11.198868
-7.574387
-1.738474
0.214467
0.330460
1.436376
3.020196
2.111364
2.365503
3.183940
3.592531
2.785033
2.076358
3.196738
5.217348
8.272001
7.800656
3.520629
-3.457865
-9.057009
-8.021450
-2.375854
1.091805
4.302725
4.557690
1.301197
-0.263873
1.434248
0.651558
-0.080087
-1.239259
-2.106004
-2.575723
-2.437106
3.398681
8.668746
5.246011
-0.602668
-6.382111
-10.737215
-10.127450
-6.781165
-0.214878
2.000319
2.881861
1.774980
0.855299
0.978384
2.594272
3.608008
3.095957
2.177849
1.676186
2.764263
3.932232
7.008644
6.953110
2.692957
-3.062519
-9.326306
-7.940973
-2.868020
0.012541
3.217965
3.995208
0.765389
-1.061959
1.528149
0.195983
-0.538120
-2.239434
-3.077139
-3.474870
-3.298016
2.500444
8.146728
3.370871
-1.870579
-6.214595
-10.223411
-9.747740
-6.481060
-0.938559
0.652740
0.890530
1.611431
2.347999
0.401488
1.326297
2.366563
2.597892
1.779402
1.006236
2.165842
6.138085
8.245933
5.624472
0.791812
-4.058614
-8.517840
-7.032258
-1.274107
3.058042
4.602206
5.361889
1.904765
0.501492
1.422790
1.197446
0.621158
-0.182153
-1.136867
-1.692735
-1.487292
2.259902
6.410241
4.419416
-0.086435
-5.178238
-10.408039
-9.541132
-5.752400
-0.473041
1.806324
2.659251
3.378784
1.895925
1.004198
1.571475
1.843354
1.439566
0.509016
-0.062654
0.146106
4.466870
8.584291
4.587276
-0.520730
-5.438929
-10.010077
-9.060655
-3.143173
2.817107
3.669540
4.367173
1.878272
1.551296
0.862691
1.264292
1.171062
0.275059
-0.670765
-1.289087
-1.018806
3.658011
8.488984
4.819564
-0.515146
-5.981170
-11.144812
-10.257059
-5.425575
1.667428
2.902508
3.460508
2.738684
1.738655
0.975582
2.347717
2.310409
1.663547
0.546696
-0.183836
0.750305
5.298206
7.312622
5.277829
0.255303
-5.452574
-10.663917
-9.373085
-3.454064
2.243880
3.698778
4.339686
1.652962
0.787556
1.102654
0.892339
0.356714
-0.606286
-1.438725
-1.831001
-1.510011
3.568116
8.767910
3.961195
-1.440429
-6.277444
-10.968190
-9.997375
-5.241599
2.264273
2.856879
3.043600
2.221323
2.285617
1.171170
2.847408
2.421295
1.746094
0.490194
-0.428069
1.299582
5.589172
7.995169
5.373538
0.823483
-4.987340
-10.223083
-8.887131
-2.804268
1.909932
4.002344
4.315696
2.832746
1.161770
2.433766
1.741829
0.661477
-0.753086
-1.535281
-1.815757
-1.316930
3.460628
7.580029
2.597746
-1.750471
-5.919080
-10.146754
-8.951591
-4.378781
1.259771
2.752502
2.990566
3.039804
0.464017
0.103637
1.171264
0.716370
-0.424221
-1.262147
-1.582225
-1.438252
5.056876
9.522919
4.379770
-1.497537
-6.445353
-10.173681
-9.566792
-3.761667
2.392165
2.465357
2.560933
2.031620
2.298055
0.467848
1.491273
2.632937
2.465944
1.570096
2.022366
2.793751
3.043768
7.973055
7.341788
3.329115
-3.379359
-8.605032
-7.124503
-1.875464
1.328099
3.851504
5.464922
1.352456
-0.308831
1.412538
0.990049
-0.749670
-2.187485
-3.193746
-3.673209
-3.540236
2.198469
7.283504
3.163147
-1.608915
-5.635082
-9.936814
-9.485318
-6.283706
-0.062087
1.313602
2.161828
0.588113
0.976540
0.155680
1.057320
1.806373
1.834890
1.074948
0.281812
0.235113
4.010606
9.735928
5.771709
0.494031
-4.914917
-8.954446
-8.387918
-2.396695
3.422956
3.854793
4.521169
1.681880
-0.208255
0.609973
0.917412
0.894831
0.214313
-0.695275
-1.322788
-1.272835
1.373327
7.536009
5.601405
0.736309
-4.724097
-10.059345
-9.683865
-5.278244
0.938721
2.214285
2.814069
2.411251
1.158321
0.443566
1.507670
1.794211
1.364429
0.237454
-0.553606
-0.301562
3.584198
8.227992
5.381364
0.468661
-5.036478
-9.558173
-8.900197
-3.113513
3.005905
3.618457
4.292525
2.531945
0.750808
1.207829
1.471314
1.167439
0.324022
-0.733036
-1.525871
-1.309323
1.649772
7.286901
5.847097
1.047237
-4.735474
-10.382661
-9.905686
-5.447114
0.465812
2.550843
3.099077
2.056017
1.571195
0.770238
1.431583
1.551600
0.983670
-0.044277
-0.643460
-0.637378
2.838292
8.896650
5.159293
-0.196604
-5.406663
-9.791667
-9.325963
-3.803252
2.922786
3.274911
3.949345
1.778007
-0.299748
0.159242
0.636370
1.004341
0.071445
-0.803992
-1.397985
-1.524898
2.221728
9.278266
5.769915
0.153362
-5.426495
-10.109392
-9.729869
-4.751240
2.723647
3.380872
3.774267
3.043373
1.478410
0.657674
1.325106
1.825060
1.130304
0.132769
-0.610912
-0.584952
3.027676
8.316302
5.797393
0.782684
-4.942912
-9.766361
-9.034838
-3.591486
2.819618
3.824591
4.209244
2.310321
0.303897
0.878212
1.370342
1.072811
0.271907
-0.614335
-1.258173
-1.213512
1.583558
8.400242
5.239323
0.205945
-4.949955
-9.968755
-9.590936
-4.980130
1.419683
2.745646
2.989500
2.974754
1.300752
1.057790
1.678962
1.695336
0.917244
-0.124823
-0.888686
-0.930218
2.444078
8.880830
5.119543
-0.203082
-5.157448
-9.804707
-9.468822
-4.490520
2.536094
3.161379
3.503447
3.176056
1.634032
1.018096
1.544242
1.647558
0.694751
-0.411803
-1.141449
-1.176055
2.650334
8.941434
5.524045
-0.003997
-5.300946
-10.089181
-9.743154
-4.733540
2.523453
3.459247
3.839182
3.401203
1.664261
0.919719
1.334594
1.585936
0.770689
-0.180765
-0.799432
-0.904195
2.664729
9.383088
5.772652
0.147526
-5.336269
-10.149029
-9.745598
-4.461432
2.643745
3.310239
3.761725
2.882098
1.196392
0.572202
1.313483
1.570594
0.629834
-0.313405
-1.046996
-1.069289
2.251147
8.297357
5.680065
0.470559
-4.999056
-10.055206
-9.676160
-4.796599
2.055782
3.147448
3.471937
2.662091
1.647655
1.306966
1.866900
1.959000
1.046518
-0.075725
-0.982494
-0.836990
2.572787
7.885232
5.647954
0.625319
-4.747882
-9.980955
-9.603611
-4.857875
1.510900
3.218218
3.539368
2.765538
1.952024
1.447681
1.713354
1.607987
0.820196
-0.062055
-0.726392
-0.764216
2.131229
8.307261
4.956124
-0.240599
-5.113412
-10.188231
-9.590533
-5.176758
1.392354
2.804727
3.228078
3.043242
1.243043
1.103910
1.531557
1.671427
0.737554
-0.205169
-0.894848
-1.088818
1.977609
8.199851
5.082780
-0.318373
-5.249180
-9.878908
-9.944981
-5.694423
2.047019
2.916746
3.267552
2.307508
2.054034
-0.676533
1.721318
1.508164
1.957011
0.936581
-0.132054
0.799862
4.021081
8.291085
6.154332
1.672731
-4.056547
-9.541580
-8.887032
-3.779504
1.619433
3.886667
4.486910
3.192811
1.310076
2.168256
1.961564
1.083686
-0.042899
-1.007921
-1.662383
-1.542004
1.594348
8.072234
4.740172
-0.556026
-5.277287
-10.477481
-10.191239
-6.364558
-0.821161
1.735961
2.320653
-1.053881
1.883199
1.502210
2.219280
2.267978
1.727634
0.821235
-0.035980
-0.024407
2.715262
8.053843
5.326548
0.247301
-4.923344
-9.726625
-9.875138
-5.259552
1.000974
2.582290
3.230995
2.870628
1.424138
0.814047
1.077137
1.268581
0.245745
-0.625147
-1.249461
-1.251412
2.399073
9.923751
5.468864
-0.747979
-5.802556
-10.065081
-10.534793
-6.020128
2.580180
3.125531
3.285241
1.378862
1.483462
0.206215
0.972933
1.467572
0.927473
0.063919
-0.778983
-0.792455
3.783459
10.131280
6.774289
0.543992
-5.487274
-10.055522
-9.759892
-4.557579
3.226647
4.061839
4.467072
3.549935
0.621133
1.020595
1.358779
1.311090
0.620058
-0.048670
-0.753539
-0.734252
1.896356
7.683715
6.379855
1.132495
-4.166821
-9.923962
-10.025328
-5.569253
0.461826
2.613935
2.837258
3.366260
1.908844
1.651874
2.061317
1.701309
0.738245
-0.138162
-0.968636
-0.942418
2.276201
8.209564
4.998573
-0.347472
-4.970682
-9.953075
-9.807473
-5.596584
1.179210
2.694022
2.875506
1.898967
1.602576
0.725509
1.450810
1.497279
0.628035
-0.241574
-0.941563
-1.000497
2.568799
9.238368
5.306302
-0.564529
-5.274292
-9.833839
-9.703093
-5.133460
2.721966
3.368092
3.602342
1.538224
1.573786
0.618867
0.704811
1.323355
0.387859
-0.403582
-1.089888
-1.248746
0.238127
10.074601
6.871575
0.897051
-4.705981
-9.804720
-10.030677
-5.415891
2.367702
3.600754
3.973043
2.944271
1.119867
-0.762388
1.058760
1.691285
0.963252
0.085316
-0.824741
-0.971829
0.434773
7.953984
7.054932
1.760865
-3.971553
-9.591044
-9.965941
-5.470367
1.427936
3.003023
3.614181
2.661746
-0.121141
0.282010
0.814840
1.302044
0.364932
-0.383295
-1.171619
-1.366082
-0.405384
8.561639
6.715509
1.111706
-4.183764
-9.600196
-10.144098
-6.032234
1.243365
2.757616
3.183971
-0.429743
0.682367
-1.363011
1.333696
2.071748
1.519310
0.560987
-0.551336
-0.803319
0.562924
8.355008
6.951155
1.923399
-3.467996
-9.225949
-9.617321
-5.397290
1.088533
3.351332
3.856248
3.133302
-0.182571
1.643586
1.421504
1.881576
0.960807
0.099488
-0.836165
-1.109300
-0.441817
7.457957
6.688700
1.411363
-3.780137
-9.477535
-10.284849
-6.477844
-0.177661
2.212456
2.696896
-1.106581
1.188198
-1.020208
1.452584
1.926886
1.123070
0.263449
-0.680170
-0.833299
-0.023095
7.544925
6.273771
0.849571
-4.106746
-9.507914
-9.973478
-6.070446
0.971092
2.806899
3.446560
0.775501
1.395748
-1.946509
1.048768
1.886994
1.034249
0.164327
-0.747480
-0.991999
0.166873
8.459853
6.734100
1.175544
-4.230228
-9.319332
-10.109521
-6.168463
1.334162
3.005656
3.605636
2.591487
1.039178
-2.277045
1.140220
1.981697
1.209923
0.448348
-0.484476
-0.739905
0.430817
8.323233
7.148119
1.934280
-3.647801
-9.465240
-9.829368
-5.896397
0.846419
3.096377
3.837353
2.743978
-0.439173
1.197094
1.156924
1.798495
0.778071
-0.059921
-0.983971
-1.243347
-0.377863
7.857092
7.185213
1.895502
-3.476638
-9.570651
-10.332321
-6.847163
-0.426749
2.206645
2.838936
2.061176
1.011895
-1.735744
0.819325
1.430327
0.904426
0.168680
-0.671657
-0.774590
0.536133
8.057438
6.468894
1.236033
-4.059750
-8.997371
-9.415676
-5.158453
1.979694
3.340867
3.946854
2.946783
0.188172
1.988809
1.320025
1.678689
0.932481
0.117404
-0.824327
-1.202415
-0.233473
7.474213
7.165260
2.888013
-2.276518
-8.918373
-9.719414
-6.256215
-0.740100
2.278237
3.152883
-0.238014
1.345849
-1.584831
1.480779
2.137535
1.170751
0.335877
-0.649133
-0.902088
-0.315384
7.020500
6.279508
1.195145
-3.637239
-9.624860
-10.105721
-6.814789
-0.817696
1.698403
2.475421
0.759861
1.006269
-1.621517
0.923136
1.523372
0.803064
-0.002166
-0.812224
-0.924468
0.198007
7.922736
6.337479
0.843194
-4.181178
-8.638238
-9.669091
-5.751681
2.036898
3.446349
3.870229
-0.922717
0.872823
-0.788377
1.508078
2.259731
1.496884
0.690874
-0.352886
-0.612084
0.399199
7.649885
6.945457
3.018676
-2.273824
-9.248232
-9.818151
-6.209614
-0.624387
2.372234
3.312516
3.570558
0.126943
1.481864
1.682269
1.761139
0.854392
0.123688
-0.768646
-0.996026
-0.335075
6.619712
6.558413
1.113006
-3.853997
-9.791079
-10.267460
-6.950558
-1.163054
1.623814
2.385511
2.315567
0.641123
-0.812216
1.087578
1.320909
0.728446
-0.041019
-0.912559
-0.987126
-0.024215
9.055696
5.690912
0.163410
-4.037768
-8.696257
-9.560452
-5.717494
1.542307
2.783130
2.927031
0.076883
-0.022480
1.177414
1.097206
1.795883
1.187286
0.192776
-0.872312
-0.385734
1.054396
8.399457
6.276364
1.644063
-2.915520
-8.685555
-9.159479
-5.147501
0.960900
3.402431
3.900825
3.808296
0.603308
2.085748
1.383058
0.917805
0.531544
-0.099771
-0.732075
-0.697498
-0.216708
7.411642
5.412608
0.748782
-3.465075
-8.770452
-9.446672
-5.588068
0.507852
2.451101
2.933386
2.673269
-0.492115
0.558421
0.614061
0.578597
-0.209279
-0.814955
-1.528537
-1.600315
-0.310240
9.885164
5.962247
-0.132847
-4.745707
-9.724625
-10.155317
-6.193878
2.179680
3.298397
2.774769
1.965549
1.193553
-2.532102
0.762412
1.120336
1.059866
0.196771
-0.887476
-0.351385
2.374712
9.800488
6.818340
1.330213
-4.277130
-9.025663
-8.928257
-3.982761
2.675242
3.958994
4.209705
3.282560
0.887107
2.110522
1.600692
1.012759
0.487200
-0.295519
-1.061994
-1.093192
-0.690122
6.020385
5.882222
1.512406
-2.744437
-8.715345
-9.515365
-5.715774
0.249797
2.071623
2.716577
2.258703
0.121651
-2.847536
0.267569
0.456396
-0.288992
-0.942248
-1.627545
-1.711557
-0.203559
10.129569
5.983251
-0.149521
-4.887111
-9.264233
-9.672745
-5.025504
3.209669
3.903730
3.563572
0.885133
0.103249
1.039056
1.082907
1.626532
1.283703
0.290450
-0.776544
-0.244748
1.201889
8.445258
6.449996
1.957276
-2.828066
-8.499309
-8.644607
-4.143611
1.791978
3.701732
4.118262
3.556464
0.998770
1.615033
1.842972
0.941685
0.160044
-0.629164
-1.285013
-1.127153
-0.679449
7.333836
4.712822
0.350483
-3.604171
-8.698994
-8.830290
-4.708362
0.762262
2.510341
2.796854
2.715270
-0.193125
0.644640
1.356581
0.787869
-0.310927
-0.973653
-1.676244
-1.580116
-0.685583
8.877559
5.294025
-0.227372
-4.303423
-9.024956
-9.576581
-5.375504
1.793966
2.905717
2.853839
2.641496
0.437786
-1.874048
1.222916
1.184017
0.211634
-0.597478
-1.530673
-1.621173
0.584845
10.496063
6.507558
0.344870
-4.802568
-9.567101
-9.716620
-4.879358
3.183866
4.069308
4.062909
0.769372
1.185378
-2.024457
2.498114
2.356758
1.755200
0.837385
-0.280094
0.766930
3.498494
7.771049
6.028822
1.945995
-3.480860
-9.392802
-9.195266
-4.247110
0.913310
2.579159
3.437078
2.444436
0.951723
1.946647
1.573844
0.320002
-1.058558
-1.817296
-2.321542
-2.123071
1.192018
8.159373
3.564721
-1.254916
-5.216632
-9.675886
-9.482804
-5.562860
0.933310
2.153091
2.311182
0.589619
1.348081
0.407815
1.124037
1.225723
0.721898
0.083071
-0.612854
-0.658862
2.263102
9.572791
5.175673
-0.336049
-4.874161
-8.870897
-9.279685
-4.123774
3.178086
3.465426
3.519130
3.253464
1.382885
0.588104
1.441606
1.788321
0.841010
-0.115126
-1.060103
-0.934626
2.512255
8.092222
5.618691
0.711239
-4.521551
-9.809376
-9.661377
-4.987832
1.833723
3.199896
3.402730
3.333374
1.754157
1.072076
1.470681
1.469985
0.686236
-0.091015
-0.738033
-0.737562
2.494086
8.970499
4.980889
-0.413362
-5.102732
-9.714701
-9.557795
-4.609626
2.578047
3.144975
3.395530
2.688713
0.983859
0.521625
1.192276
1.027659
0.128463
-0.687632
-1.384047
-1.355125
2.578505
9.504873
5.341876
-0.257696
-5.221924
-9.778295
-9.501145
-4.531429
3.043551
3.564814
3.683802
3.244672
1.877949
0.610642
1.410942
1.552799
0.606559
-0.361096
-1.124990
-0.865801
3.044468
8.549973
5.545210
0.297288
-4.905263
-9.701669
-9.235913
-3.973144
2.858752
3.746447
3.927296
3.190861
0.006475
0.979374
1.354564
1.173401
0.134609
-0.731990
-1.403667
-1.350673
1.929480
8.440774
5.140511
-0.010997
-4.914566
-10.139913
-9.440813
-5.101593
1.630271
3.067868
-0.088681
-1.025554
-1.021482
-1.428665
0.543354
-0.014174
0.045203
4.065234
5.722842
-0.000289
0.359134
0.788126
0.871006
0.923717
0.767744
0.474540
0.204695
0.019985
-0.237396
-0.760656
-1.115415
-1.373583
-0.834378
-1.737670
-1.054615
-0.236296
-0.506462
0.161353
0.570037
0.239906
0.331020
0.977042
-0.112393
2.217857
3.687275
3.057824
2.127455
1.814455
-0.845779
-2.008811
-1.619885
-0.677711
-0.241598
-0.708944
-1.489669
2.103692
-3.097539
-0.972257
-0.753195
-1.202813
-1.481744
-1.105056
-2.241859
0.006983
2.711543
3.434628
1.818461
1.311344
0.932670
1.545172
1.235842
-0.711259
-0.073949
0.308004
-2.553004
-1.900447
-0.453550
0.350804
-0.404871
-1.683175
-1.922031
-1.400088
-3.349792
2.499762
3.079289
3.717513
3.112945
-0.433216
-1.869499
0.405865
1.456533
1.102542
1.868654
0.537632
0.662870
-0.459304
-0.294941
1.131601
0.758140
-0.980489
-1.379382
-0.824053
-3.862407
2.294189
3.190806
3.535149
2.467082
-1.122641
-3.121720
-0.973569
0.138052
-0.854212
-0.411726
-1.331494
1.493681
-2.272263
1.334109
1.929166
1.417463
-0.100103
-0.540033
-0.076804
-0.463336
1.681692
4.849655
4.168743
2.239739
-2.209168
-4.084847
-1.403531
0.506749
0.189960
0.996721
-0.474056
0.699058
-2.568838
0.580373
-0.293559
-0.805000
-1.785362
-0.712908
0.505608
0.352138
2.968747
5.285779
5.268610
2.385504
-2.245637
-4.690618
-1.860614
0.443200
0.369523
1.672590
5.827336
0.431069
-1.812107
0.660882
-0.717915
-1.224599
-2.659162
-2.364230
-1.954475
-2.944010
3.518096
6.807230
5.088356
1.564927
-4.181326
-6.675375
-4.701955
-1.224337
-0.369810
1.358248
0.039834
1.234807
1.330722
3.279754
3.431988
0.961432
0.139197
0.880781
2.325941
3.894468
6.115769
6.394072
4.470067
0.320348
-3.983876
-6.585493
-1.485689
-0.306258
-0.139721
1.955366
3.242642
0.161140
-6.605003
-1.427370
-2.909748
-4.475258
-6.784059
-5.318623
-6.269995
-6.692741
5.484037
7.078406
4.922603
1.931221
-4.222218
-7.585785
-5.415142
-1.130121
-0.420245
0.890445
0.361995
0.269410
2.016589
3.225608
2.823555
2.538501
0.722788
0.154732
0.782835
2.476822
8.512203
8.378664
6.143980
0.955249
-5.374316
-7.676766
-4.809167
-1.129982
-0.150399
2.577319
2.544947
0.753647
0.833409
0.992101
0.474831
-0.782807
-2.058389
-2.068451
-1.082964
-0.605461
5.142346
6.786971
4.905943
0.979503
-3.722022
-6.631887
-4.441699
-1.823556
-1.372431
1.488615
0.778205
0.314280
0.480960
1.731822
1.080592
-0.242705
-1.392559
-1.840772
-1.525052
-1.192464
7.590126
7.775792
4.442725
0.903201
-4.119799
-6.621140
-4.175492
-1.862480
-1.398389
1.274127
3.493625
-0.194455
0.097723
0.825929
-0.173474
-1.337578
-2.649071
-2.925987
-2.690095
-2.749623
8.452152
8.255178
4.735176
1.298597
-3.854567
-7.173442
-5.283610
-2.255977
-0.877726
1.293299
2.792799
-0.136476
-0.127047
0.123606
-0.874365
-1.200549
-2.535402
-2.876405
-2.361359
-1.621357
8.768250
8.864247
5.570158
1.782669
-3.946854
-6.447638
-4.435447
-1.412603
0.024118
2.185143
2.802576
0.426119
0.714443
0.671343
-0.196895
-1.013178
-2.292932
-2.528189
-1.782398
-0.960553
5.947156
7.968660
5.059712
1.426515
-3.491632
-6.651529
-4.443777
-1.754184
-0.868827
1.715641
3.425657
0.234369
0.745513
1.102174
0.164879
-0.295481
-1.548231
-1.922595
-1.547655
-0.552161
7.325777
8.202348
4.689234
1.142265
-3.983567
-7.084776
-4.812148
-1.962589
-0.965913
1.621667
4.991436
0.413239
0.924334
1.277365
0.417032
-0.463616
-1.858968
-2.261311
-1.622047
-0.147047
6.637313
8.055454
4.616419
0.647362
-4.392402
-7.517447
-4.982189
-2.005944
-0.836732
1.775972
4.216578
0.371963
0.733820
1.079905
0.122730
-0.701853
-1.978961
-2.358262
-2.215179
-1.535881
8.584943
8.419780
4.687720
1.113547
-4.290381
-7.125614
-5.091417
-2.217599
-0.713758
1.855017
3.255648
0.537339
0.771404
0.577052
-0.389148
-1.207236
-2.463959
-2.797748
-2.440149
-2.021590
8.913281
8.601099
4.892348
1.292922
-3.829388
-7.211140
-5.173013
-2.134341
-0.185990
1.879660
3.282963
0.639233
0.824554
0.674311
-0.199729
-1.097786
-2.337340
-2.642276
-2.274833
-1.394800
8.030362
8.342450
4.814491
1.235790
-3.536929
-6.437409
-4.592696
-1.932521
-0.745067
1.707369
2.633677
0.278970
0.489640
0.802524
-0.156420
-0.944442
-2.101478
-2.445150
-2.220701
-0.571969
7.618096
8.174226
4.772918
1.130036
-3.618303
-6.563425
-4.243760
-1.672878
-0.818301
1.663621
1.276180
0.189233
0.490169
0.477164
-0.361695
-1.217508
-2.425807
-2.703485
-2.419673
-1.128797
8.143259
8.285828
4.857018
1.321666
-4.052410
-7.259501
-5.103755
-1.680332
-0.262889
1.952100
2.874696
0.371733
0.758431
0.657547
-0.220796
-0.878502
-2.170894
-2.456345
-2.376282
-2.255213
7.839862
8.397616
5.017865
1.847250
-3.469081
-6.675132
-4.910697
-2.001936
-0.778639
1.763998
4.623007
0.485924
0.932708
1.183485
0.411726
-0.305424
-1.745915
-2.076305
-1.465493
-0.468072
6.322558
8.144169
4.874122
0.945746
-4.132476
-7.201388
-4.755060
-1.868427
-1.015333
1.694436
1.785900
0.392477
0.729075
1.070031
0.168426
-0.634875
-1.859584
-2.308641
-2.106240
-1.595068
8.346822
8.406574
4.799051
1.230119
-4.008346
-7.150002
-5.071312
-2.056039
-0.538741
1.909927
3.247418
0.555478
0.814515
0.838084
-0.187778
-1.149119
-2.356287
-2.728055
-2.550813
-2.061673
8.223634
8.369409
4.755906
1.319363
-3.539799
-7.063190
-4.945205
-1.865265
-0.284168
2.056403
3.061955
0.414230
0.559415
0.650773
-0.313054
-1.285825
-2.436727
-2.802768
-2.448176
-1.776275
8.159341
8.301028
4.851532
1.427158
-3.217009
-6.158221
-4.414953
-1.712181
-0.634914
1.746545
2.683209
0.208862
0.344216
0.732566
-0.063579
-1.205826
-2.459386
-2.765674
-2.444626
-0.612341
6.231288
8.028780
4.951199
1.012402
-3.975101
-6.972013
-4.651353
-1.347891
-0.105446
2.265324
4.293223
0.942433
1.438956
1.767133
0.947625
-0.173693
-1.629895
-2.115936
-1.483108
-0.551943
5.790928
6.788238
4.974154
0.535509
-4.014474
-7.381402
-5.201729
-2.107013
-1.098383
1.792204
1.081985
0.815659
0.869756
1.746025
1.080965
-0.183615
-1.500419
-2.043330
-1.730557
-1.261264
8.228446
8.079173
4.536431
1.028446
-4.107444
-6.621198
-4.844452
-2.008160
-0.892683
1.572122
3.233384
0.174345
0.345028
0.893523
-0.108512
-1.423889
-3.048553
-3.257703
-2.897436
-4.371956
7.993592
8.060296
4.872085
1.723752
-3.486247
-6.033470
-4.688355
-2.459957
-0.868198
0.679629
2.732054
0.127060
0.270202
0.266031
-0.639065
-0.942359
-2.444311
-1.790604
0.247761
2.487875
6.735711
7.603839
5.206351
0.110316
-4.707778
-6.223294
-3.307214
-0.732116
-0.768018
1.883861
1.355865
0.218855
0.422768
0.346768
-0.642138
-1.553481
-2.717116
-2.751106
-1.783235
-0.381672
6.952541
7.864682
4.766603
1.030041
-4.338519
-6.935462
-4.456115
-1.572843
-1.480244
1.168742
0.764850
0.438632
0.719613
0.498477
-0.670359
-0.785604
-1.917080
-2.232571
-1.524264
-0.012328
7.673471
8.345118
5.275270
1.308169
-4.789611
-6.581588
-4.944032
-1.744438
-1.107063
1.492049
2.452425
0.384024
0.683361
0.521805
-0.526467
-0.618876
-1.813963
-2.144683
-1.189171
0.534747
6.640131
8.335525
5.207104
1.115150
-4.325134
-7.005611
-4.548001
-1.805253
-1.886148
1.006335
0.872611
0.642381
1.093198
0.434197
-0.825237
-0.818425
-1.830029
-2.237292
-1.752771
0.097473
9.131157
8.726727
5.415023
1.301134
-5.213212
-7.993287
-5.869348
-2.195163
-0.754840
1.445841
5.093774
0.732480
1.177740
0.775821
0.001712
-0.192885
-1.569351
-1.655161
-0.374668
1.374596
6.714718
7.535010
5.370431
0.796355
-4.405251
-8.109708
-5.660090
-1.882457
-0.572898
2.292757
1.692424
1.052233
1.251646
1.629994
0.783829
0.419087
-0.940802
-0.918842
0.247948
1.005367
6.013431
7.280944
4.724416
0.222644
-4.963370
-7.286968
-5.151561
-1.969472
-1.501368
1.534411
2.886604
0.169202
0.064021
0.643620
-0.595096
-1.665950
-2.814794
-3.048325
-3.611012
-3.137641
8.470469
9.001255
5.245506
1.606655
-3.286412
-6.929438
-4.876024
-2.559843
-2.140631
-0.186141
4.309015
-0.379255
0.765544
0.502862
0.052865
-0.897468
-2.771337
-1.671834
-0.236462
2.075666
7.484102
7.897543
5.437713
0.551848
-5.922569
-6.938554
-4.216211
-0.986732
-0.815008
1.946374
1.291561
0.912605
1.093258
0.797392
0.050335
-0.779558
-2.098714
-2.325740
-1.169868
0.303206
6.196240
7.890267
4.871012
1.094412
-4.142157
-7.006076
-4.928704
-1.537321
-0.742362
1.761898
3.343570
0.296569
0.486032
1.034736
0.357874
-0.434298
-1.816709
-1.861431
-0.742834
0.230860
5.892807
7.791277
4.863263
1.022278
-3.648370
-6.861544
-4.878376
-1.505806
-0.800300
1.744972
3.936244
0.319218
0.477006
1.313723
0.387024
-0.623991
-1.975655
-2.037382
-1.219860
-0.400917
5.876742
7.882833
4.676700
1.044817
-3.678290
-6.885670
-5.020981
-1.815597
-1.230918
1.435444
3.735459
0.041614
0.103336
0.914702
0.024849
-1.004105
-2.477665
-2.802736
-2.020480
-1.039222
7.609914
8.228882
5.105721
1.384832
-3.815034
-7.121890
-5.300471
-1.857893
-1.267953
1.554461
1.532924
0.281390
0.435955
0.630751
-0.307481
-0.609897
-1.980619
-2.377274
-1.325297
0.089694
6.845169
8.377114
5.433517
1.357671
-3.847540
-7.415266
-5.408417
-1.811458
-1.009079
1.734502
2.060851
0.418797
0.632045
0.808130
-0.075158
-0.461028
-1.759797
-2.218180
-1.290480
-0.213861
6.747234
8.313992
5.139214
1.409085
-3.640343
-6.819857
-5.017371
-1.757761
-1.564145
1.338319
0.969094
0.254269
0.489808
0.529960
-0.495491
-0.848479
-2.064016
-2.504169
-2.197361
-1.035034
8.530381
8.514399
5.199779
1.579033
-3.922495
-7.344322
-5.488328
-1.946304
-1.043347
1.497125
1.337640
0.548688
0.766041
0.618092
-0.383435
-0.696731
-1.940573
-2.368235
-1.477766
0.720705
5.964866
8.307744
5.477349
1.838333
-3.642926
-5.998695
-3.754217
-1.719517
-2.078114
0.983345
0.892058
0.656772
0.408629
-0.478219
-0.384897
-1.170291
-2.195074
-2.636019
-2.365038
-1.375597
8.381226
8.817661
5.767690
1.901215
-4.433900
-8.099564
-6.108398
-2.541288
-1.264923
1.028978
0.992141
0.938657
0.358487
0.158407
0.260661
-0.101094
-1.452246
-2.002133
-1.655281
-0.403676
6.056242
8.826185
5.977964
2.299077
-3.259768
-6.962845
-5.278961
-2.542936
-2.246155
0.614062
0.704093
0.732519
0.823245
0.204923
0.369116
-0.119833
-1.401916
-2.000522
-1.623312
0.090096
6.435686
8.648912
5.989448
1.768343
-3.493186
-8.230775
-5.914337
-2.881133
-1.831064
1.136976
1.200123
1.122075
0.647202
0.358095
0.405457
-0.015450
-1.253847
-1.876684
-1.341619
-0.003473
6.317591
8.779087
5.833876
1.860886
-3.629340
-7.490897
-5.631375
-2.652672
-2.567451
0.338979
0.523208
0.972228
0.900939
0.219738
0.221820
-0.194620
-1.289345
-1.952578
-1.806147
-0.843079
7.415816
9.165397
6.104853
1.920813
-4.161104
-8.565988
-7.039748
-2.899544
-1.282255
1.080312
1.225236
1.140158
0.682696
0.545965
0.568475
0.224022
-1.126796
-1.752018
-1.247290
-0.270087
6.432815
8.848815
6.005050
2.185570
-3.479054
-7.077790
-5.371866
-2.648059
-2.716032
0.436319
0.719973
0.971053
0.941324
0.111666
-0.003313
-0.366595
-1.348997
-2.022584
-1.861974
-0.819134
8.183351
9.229019
6.102630
2.065486
-3.944049
-8.280157
-6.423481
-2.741215
-1.756539
0.735799
0.873576
1.086776
0.611196
-0.082708
0.140501
-0.294940
-1.542034
-2.149938
-2.011061
-1.012572
6.451406
9.047687
6.222323
2.354044
-3.278662
-7.930389
-6.761168
-2.845628
-1.289055
1.039147
1.237570
1.102023
0.587325
0.350263
0.355174
0.078056
-1.202728
-1.873795
-1.408511
-0.238406
6.505139
8.959872
6.177308
2.478384
-3.149091
-7.181980
-5.446466
-2.469331
-2.378362
0.595924
0.775709
0.978720
0.904607
0.238357
0.193185
-0.289232
-1.318150
-1.952880
-1.774061
-0.469777
6.620013
8.806683
5.840564
1.907960
-3.193715
-7.861831
-5.768826
-2.412137
-1.881938
0.755014
0.862418
1.019207
1.026358
0.473491
0.584116
0.015164
-1.308986
-1.942740
-1.662833
0.169478
6.205607
8.461699
5.612751
1.495362
-3.398273
-7.901596
-5.720103
-2.304828
-1.909068
0.849353
0.940398
1.278232
0.669245
0.382123
0.367232
-0.227708
-1.454159
-2.095803
-1.949078
-0.487261
6.957876
8.758505
5.610272
1.757783
-3.332745
-7.709044
-5.863937
-2.526771
-2.068290
0.504200
0.770111
1.002353
0.937602
0.224225
0.136459
-0.438134
-1.652785
-2.291360
-2.155593
-0.559010
7.100881
9.031507
6.033503
1.930435
-3.494023
-8.143404
-6.420269
-2.556924
-1.324547
1.055051
1.265808
1.365862
0.747659
0.414817
0.378546
-0.231133
-1.453389
-2.026849
-1.543051
0.100720
6.230490
8.435423
5.768415
1.820060
-3.079402
-7.556598
-5.720751
-2.048656
-1.599617
1.082909
1.067504
1.057707
0.299457
-0.015172
0.246569
-0.493189
-1.649565
-2.270803
-2.302816
-1.186132
6.104462
8.695527
5.780693
2.281407
-3.052514
-7.358210
-6.051837
-2.213115
-1.440721
1.047528
1.157933
1.205299
0.515303
0.305521
0.355770
-0.145256
-1.391402
-1.995080
-1.749010
0.012285
6.032502
8.329283
5.690202
2.007758
-3.180491
-7.623982
-5.861701
-2.296759
-1.046957
1.510605
1.455828
0.667643
0.293248
0.020479
0.490520
-0.413756
-1.647353
-2.292795
-1.859942
-0.708792
5.797537
8.241503
5.607032
2.252918
-3.102111
-7.052915
-5.702281
-2.149612
-1.171324
1.387440
1.257448
1.171815
0.193949
0.567615
1.233934
0.053233
-1.415724
-2.018217
-1.237032
0.514572
5.462704
6.216094
5.499367
1.549924
-3.196953
-7.287880
-5.721661
-1.929359
-0.935078
1.661578
1.165375
1.749169
0.700777
1.218747
2.143836
0.239350
-1.294121
-1.947308
-1.130068
0.023899
5.283897
6.248679
5.482800
1.248771
-3.989219
-8.174316
-6.464232
-2.688541
-1.475477
1.312809
0.973315
2.484398
-0.448166
0.498968
1.216464
-0.665679
-2.828524
-3.569364
-3.448061
-3.475076
7.268438
9.283406
6.404951
3.162288
-2.675023
-8.064153
-7.360763
-3.181512
-0.709067
0.901097
1.146443
1.310321
-0.027429
-0.134133
0.287512
0.319907
-1.361509
-2.299629
-1.159873
0.494584
7.665472
8.564214
7.155107
3.163049
-3.989852
-7.827620
-6.518773
-2.189118
0.308198
2.333390
2.212443
1.755749
0.949530
0.356192
1.373101
0.227912
-0.991623
-1.283049
-0.241536
0.527096
5.016616
5.635923
4.974707
1.780443
-2.461738
-5.737557
-4.473001
-1.440291
-1.486472
0.485309
0.407514
1.248323
-1.536074
-0.663635
-0.874164
-1.637377
-3.175848
-3.753554
-3.506140
-4.534666
7.419405
8.084485
5.764634
3.012737
-2.833696
-6.651988
-6.098595
-2.371789
-0.447451
0.956290
2.343898
0.765895
-1.147058
-1.142394
0.267855
-0.136349
-1.962661
-2.571880
-2.086313
-1.362715
4.252567
8.060067
6.792727
3.968963
-0.622240
-5.170443
-4.057964
-1.355029
-1.699758
0.979927
2.160625
0.815909
-1.067187
-0.744595
0.429289
-0.492211
-1.769918
-2.400450
-2.319579
-1.256403
4.068110
7.698424
6.552493
2.888257
-1.272736
-7.279111
-5.400131
-1.678401
-0.631117
1.470994
2.745964
1.249600
-0.711420
-0.204282
1.230076
0.387492
-1.146918
-1.911129
-1.808360
-0.485625
4.300866
6.133681
6.534545
2.845828
-2.655676
-7.283192
-6.060369
-2.417356
-1.351238
1.299929
2.446393
2.447286
0.023655
0.105784
1.944441
1.131112
-0.621124
-1.387339
-1.181489
0.035618
4.425759
6.710216
6.307414
2.372866
-2.339815
-7.796247
-6.371505
-2.559475
-1.667580
1.131063
2.159945
2.699016
0.094084
0.074180
2.877863
1.000123
-1.567759
-2.661195
-3.039389
-3.998942
3.065078
8.374373
6.256316
3.177849
-1.630338
-6.794487
-6.271798
-2.898864
-2.352008
0.350063
2.021991
1.853047
-0.895487
-0.307619
-0.134957
0.034986
-1.644012
-2.461945
-2.539417
-2.262182
7.034467
9.251813
7.557807
3.617869
-1.808942
-7.744333
-7.463907
-3.531641
-0.803440
0.826084
2.882785
1.206547
-0.531108
-0.911525
-0.309384
-0.492316
-1.877793
-2.684367
-2.707956
-2.688472
4.789890
9.081438
7.403772
4.010559
-0.933866
-6.006058
-6.045878
-2.740571
-1.420191
0.890733
2.725560
1.183542
-0.572340
-0.855165
-0.331236
-0.696028
-1.835036
-2.542879
-2.542024
-2.730674
4.533525
8.980590
7.205250
3.891011
-1.565109
-5.899546
-6.425879
-2.892823
-1.304703
0.726212
2.452374
1.031331
-0.759787
-0.591395
0.022195
-0.195236
-1.430370
-2.195303
-2.062757
-1.355663
4.737254
8.728441
7.120780
3.633729
-1.321277
-6.278629
-5.813806
-2.326919
-2.012508
0.414009
2.109491
2.188640
-0.104210
0.021861
0.502581
0.082076
-1.233587
-1.921853
-1.651881
-0.071595
5.168761
8.379364
7.195400
2.897753
-0.963134
-7.953482
-6.280546
-2.575482
-1.954123
0.345071
2.063046
2.305144
0.115068
-0.899029
0.071892
-0.251454
-0.907599
-1.684918
-0.812965
1.148663
5.633466
7.249051
7.289820
2.597211
-1.354849
-8.486110
-6.596770
-2.567273
-0.884387
1.195094
2.391725
1.570788
-0.191980
-1.128566
0.636988
0.035730
-1.152002
-1.732312
-0.903361
-0.289293
4.454613
8.238214
6.164124
2.888559
-1.826118
-6.241794
-5.076329
-2.230714
-2.649457
0.074010
1.368163
0.976210
-1.024588
-1.386294
-0.383593
-0.926082
-1.992477
-2.530397
-2.373384
-1.040210
7.136517
8.771756
6.824445
3.022561
-2.096204
-6.938120
-5.719217
-2.375367
-2.224521
0.002835
1.555454
1.627344
-0.515928
-1.030151
-0.348642
-0.526172
-1.802695
-2.482442
-1.495880
0.750907
5.804299
8.005013
7.382627
2.845078
-3.339096
-7.918866
-5.693070
-1.823329
-0.809762
1.236196
2.540560
2.328180
0.138555
-0.467075
0.691340
0.176110
-0.908302
-1.626591
-1.051466
0.462956
4.665568
6.946986
6.578298
2.508124
-1.756777
-7.823399
-6.087662
-2.374060
-1.678307
0.916727
2.117529
1.436447
-0.635296
-0.661876
0.271290
0.025159
-1.068357
-1.564998
-1.513509
-1.614745
6.865779
8.489447
5.647677
3.250668
-1.775302
-6.161831
-5.181624
-2.051132
-2.920383
-0.581156
-0.436428
0.651573
0.347642
-0.558504
-0.409009
-0.814540
-2.136055
-2.760752
-1.424563
1.044628
6.642282
7.575088
6.231019
1.316634
-5.118762
-7.579739
-5.526736
-1.353059
0.246248
1.849493
1.661130
1.758277
0.983411
0.359752
0.977283
0.500186
-0.652003
-1.437338
-0.234603
1.188502
5.825051
6.693705
5.497169
1.597129
-3.410663
-7.065289
-5.627872
-1.847519
-1.280730
1.420691
0.977922
2.081535
1.059708
0.848692
2.357368
-0.095084
-2.029118
-0.488730
1.113207
2.307350
4.510699
5.563136
4.064899
0.597866
-3.354090
-6.366945
-4.759215
-1.451260
-1.427215
0.810235
0.483364
1.519872
-1.036775
-0.276542
-0.328226
-1.759481
-3.765213
-4.138638
-3.879115
-4.669199
7.053108
8.273492
5.786664
2.620118
-3.459518
-8.248477
-7.807699
-4.519169
-2.851841
-1.146133
-0.289308
-0.637347
1.734788
1.623726
1.743927
1.873511
0.020796
-0.000947
0.353247
1.435128
7.112416
8.883931
6.941057
2.571386
-5.364310
-8.237391
-6.225733
-1.155759
1.002406
1.977216
1.702987
1.581516
1.193316
0.555802
0.973934
0.263915
-1.091462
-0.764628
0.695609
1.334943
4.538711
5.459840
4.311149
1.651302
-1.974602
-5.531675
-3.419878
-0.597114
-0.925368
0.602750
7.356076
0.999469
-3.496547
-1.776253
-2.346812
-2.678627
-4.081216
-4.676282
-4.336135
-5.214230
6.613552
7.732617
5.961469
3.741776
-2.154015
-6.774131
-6.052560
-2.551564
-1.450215
-0.279198
0.070602
0.228578
0.111282
0.356717
1.155506
1.182670
-0.666914
-0.740584
-0.063080
1.353065
6.426664
7.927372
6.483877
3.271100
-2.878771
-6.589208
-4.529738
-0.364068
0.472973
2.033530
1.357124
2.059617
0.280628
-0.764746
0.933003
0.045806
-1.468914
-0.877201
0.605086
1.278570
4.192824
5.673273
4.822021
2.031399
-1.803813
-5.404862
-4.308089
-1.204181
-1.163180
0.623361
-0.240692
0.874074
-2.433865
-1.252756
-1.578555
-2.044905
-3.149256
-3.266261
-3.308268
-4.898880
6.025730
7.598795
5.712092
3.602600
-1.971034
-6.156112
-5.423172
-2.466625
-1.156471
0.277065
0.250193
-0.085865
-0.741301
-0.097145
0.392417
0.489981
-1.336691
-1.376790
0.772490
2.913253
6.018933
7.179029
6.011362
2.802337
-1.922893
-5.159289
-3.307581
-0.421320
-0.606578
1.619498
0.600234
1.651843
-1.695835
-0.999827
-0.697708
-1.814825
-3.224760
-3.567706
-3.306104
-4.036479
5.477958
7.516106
5.279096
2.813982
-3.002766
-6.763292
-5.994615
0.343668
-0.492774
-0.646049
-1.241225
-0.440166
0.252090
0.352143
0.404676
0.451611
0.476206
0.509187
0.526058
0.551790
0.573941
0.597295
0.608506
0.595655
0.588871
0.570826
0.565919
0.551506
0.479579
0.586639
0.490192
0.277228
-0.362828
-1.168920
-1.918637
-3.089648
-3.528874
-3.334685
-1.996303
-1.286946
-0.627825
-0.250999
0.171165
0.099148
-1.054718
-0.463216
1.862431
4.551823
0.046894
0.244381
-0.152335
-1.228036
0.204203
-0.011075
-0.056584
-0.089561
2.754632
3.223213
-1.094000
1.486950
0.975729
-1.120617
-0.422200
-0.141122
-0.131316
-0.309996
-0.749575
-3.464878
-0.717403
-0.500085
-0.263563
0.464819
0.262708
0.001496
0.070060
-0.347299
1.347168
1.678802
1.799973
1.777266
-0.550893
-2.404058
-1.166711
0.889301
2.125359
1.924186
0.892920
-2.389268
-0.763418
0.242391
0.717219
1.404750
1.388734
1.052952
0.493663
-0.044312
0.964293
1.792184
1.229424
1.756698
-0.082843
-2.291887
-1.549538
1.039742
1.974648
2.044928
-0.123202
-2.280661
-3.236489
-0.928837
-1.077204
-0.977699
-1.621222
-2.109970
-2.319700
-2.659132
1.112747
3.380922
0.488144
0.222793
-1.121413
-2.417023
-1.734489
1.079730
2.224296
2.788866
0.131316
-2.644563
0.370744
-0.182328
-0.100406
0.868690
0.901799
0.908196
0.684998
0.075684
1.061401
1.837364
1.353253
2.155576
0.486260
-1.941530
-0.332353
2.785049
3.493017
4.084821
1.224450
-0.930113
-4.514057
-0.084304
0.129268
-0.037850
-0.306626
-0.803411
-1.155668
-1.715611
0.255248
2.875114
1.328255
1.394690
0.802953
0.043337
0.722626
2.305581
2.429059
2.616585
0.800691
-2.508524
-6.464318
-1.840841
-0.752874
-1.251902
-1.625934
-2.085024
-2.284853
-2.482974
-0.075763
3.272553
1.164558
1.023013
-0.250506
-1.369271
-0.241238
2.005827
2.547368
3.249326
0.667277
-1.877495
-2.939160
-0.264005
-0.983119
-1.061056
-1.666859
-2.007916
-1.995633
-2.079013
0.863526
3.621444
1.079142
0.807215
-0.936927
-2.311829
-1.342413
1.579982
2.684369
3.736953
0.102284
-1.993994
-0.668715
-0.952456
-0.721501
-0.645728
-0.989141
-1.276171
-1.301530
-1.476021
0.927449
3.461448
1.154963
1.217190
-0.270022
-1.670691
-0.506925
2.538363
3.401648
4.137863
1.120618
-1.282174
-2.616822
-0.910431
-2.161153
-0.864923
-1.245427
-1.700951
-1.790265
-2.108589
0.215983
3.118376
1.330870
1.392775
-0.013336
-1.457399
-0.404627
2.525526
3.380254
4.036090
0.544778
-1.506415
-3.081511
0.169093
-0.528629
-0.610859
-1.154523
-1.599024
-1.705529
-1.978193
0.492705
3.242859
1.178834
1.122973
-0.448620
-2.174971
-1.111689
1.962679
3.041983
3.886160
0.672911
-1.819237
-2.222444
0.076123
-0.607978
-0.669125
-1.165040
-1.627972
-1.684662
-1.954970
0.503583
3.224024
1.183051
1.127052
-0.250530
-2.132844
-0.965916
2.211718
3.241090
4.015498
0.735706
-1.757334
-2.387844
0.235243
-0.362922
-0.412492
-0.935581
-1.385478
-1.491925
-1.816391
0.495060
3.216666
1.184688
1.207962
-0.282286
-2.114589
-1.015854
2.128169
3.148234
3.934175
0.681628
-1.770145
-2.597164
0.174642
-0.492656
-0.535313
-1.067372
-1.506237
-1.598502
-1.882465
0.523610
3.259734
1.156345
1.117755
-0.183067
-2.322857
-1.070982
2.078120
3.141487
3.939139
0.694538
-1.736959
-2.444526
0.076118
-0.640590
-0.679906
-1.222260
-1.647095
-1.730663
-1.947155
0.609304
3.319590
1.131385
1.065314
-0.448016
-2.530953
-1.241591
1.866288
3.046315
3.937646
0.864095
-1.597669
-1.951866
0.383647
-0.401592
-0.405033
-0.908186
-1.313765
-1.419473
-1.708511
0.569740
3.127004
1.177806
1.231043
-0.402271
-2.071413
-0.984196
2.204709
3.195149
4.009071
0.663532
-1.744995
-2.497836
-0.010718
-0.633418
-0.685782
-1.196914
-1.629621
-1.698128
-1.937412
0.591831
3.267077
1.110033
1.036366
-0.388957
-2.465394
-1.130417
2.040164
3.150615
3.988222
0.742883
-1.686943
-2.276579
0.120483
-0.574271
-0.616227
-1.112547
-1.518075
-1.593189
-1.805950
0.681355
3.315361
1.094465
1.103591
-0.480290
-2.279610
-1.193369
2.011710
3.111993
3.983654
0.715016
-1.722478
-1.979234
0.032611
-0.786609
-0.841438
-1.333693
-1.708483
-1.718928
-1.872275
0.660309
3.265616
1.159491
1.010388
-0.398599
-2.422559
-1.030190
2.185800
3.282039
4.111353
0.843890
-1.626150
-2.166230
0.343619
-0.356941
-0.377382
-0.886752
-1.298048
-1.385964
-1.645506
0.679901
3.006659
1.159099
1.171836
-0.482383
-2.300585
-1.193857
2.086755
3.132232
3.996192
0.738820
-1.678432
-2.342219
0.233597
-0.486254
-0.506795
-0.995588
-1.414877
-1.479952
-1.728701
0.647332
3.216175
1.052830
1.060906
-0.489463
-2.282894
-1.041592
2.201765
3.198586
3.966534
0.790069
-1.212077
-2.813278
-0.742748
-0.571648
-0.713077
-1.320737
-1.739931
-1.781092
-1.937686
0.738323
3.298615
1.079245
1.050946
-0.664265
-2.707454
-1.445341
1.798117
3.002442
3.928213
0.808700
-1.622628
-1.491297
0.359077
-0.478277
-0.436985
-0.919794
-1.281960
-1.329712
-1.520918
0.807335
3.046110
1.160206
1.108771
-0.594857
-2.247559
-1.114781
2.253480
3.281730
4.128592
0.797039
-1.572529
-2.258893
0.033946
-0.634352
-0.652509
-1.173999
-1.594215
-1.659798
-1.861382
0.723963
3.224097
0.994297
1.025529
-0.375752
-2.369995
-1.161485
2.300941
3.323337
4.091410
1.307768
-1.142308
-2.357181
-0.333819
-1.108207
-1.170669
-1.833296
-2.305907
-2.285135
-2.265949
0.969614
3.442049
0.936620
0.761909
-1.207472
-3.283778
-1.998184
1.298032
2.712530
3.736760
0.930310
-1.615767
-0.340963
0.082697
-0.389479
-0.388208
-0.838222
-1.173303
-1.150623
-1.265635
1.173701
3.060972
1.149787
1.117197
-0.786675
-2.547930
-1.494597
2.016454
3.223836
4.124741
0.625025
-1.290889
-1.432416
-0.241874
-0.794152
-0.775437
-1.212862
-1.539724
-1.549204
-1.656050
0.782657
3.149352
1.102638
1.050250
-0.572453
-2.106431
-0.799180
2.584056
3.466511
4.164629
0.770822
-1.168923
-2.485704
0.370790
-0.444999
-0.512050
-0.978418
-1.417005
-1.479686
-1.704562
0.784101
2.911370
1.069613
1.130398
-0.335885
-2.446904
-1.197707
2.396567
3.399751
4.152462
1.163326
-0.831808
-1.270673
-1.420390
-2.337323
-2.292287
-3.050679
-3.324768
-3.098958
-2.797158
1.532465
3.875093
0.843213
0.288809
-1.744322
-3.820719
-2.523892
0.889882
2.693298
3.482290
1.184639
-1.258023
0.448489
0.028727
0.365779
0.714653
0.418221
0.164983
0.205573
0.008525
1.286864
1.835607
1.476915
1.683117
-0.197282
-2.277232
-1.054002
2.539000
3.603401
4.280575
1.195469
-0.530008
-4.007363
-0.066461
-0.169668
-0.340766
-0.680710
-1.126847
-1.368884
-1.746095
0.359467
2.762761
0.975241
1.121697
-0.075952
-1.336787
-0.199132
2.361368
2.892101
3.387748
0.930551
-1.511990
-4.717155
-0.445280
-0.502979
-0.512122
-1.077840
-1.379449
-1.496001
-1.617036
0.531103
3.105392
0.787123
0.785797
-0.686892
-1.935057
-0.706847
1.925483
2.665649
3.347901
0.648069
-1.232202
-4.078755
-2.161520
-0.946781
-1.159385
-1.997591
-2.144786
-2.115108
-2.034631
0.441607
3.320889
1.017757
0.902925
-0.667907
-1.908609
-0.825949
1.965656
2.953196
3.869583
0.303106
-1.567201
-1.638149
-0.103078
-0.958389
-1.001892
-1.589994
-1.852656
-1.785047
-1.822785
0.713117
3.315065
0.969830
0.972258
-0.701550
-2.538988
-1.515994
1.664538
2.968487
4.015795
0.762938
-1.718030
-0.453187
0.225320
-0.510632
-0.534150
-0.980447
-1.289315
-1.256204
-1.383726
0.751541
3.236462
0.939081
1.080994
-0.748912
-2.316679
-1.285743
2.007250
3.213190
4.126767
0.900355
-1.476689
-2.029262
-0.922695
-0.858039
-0.861638
-1.416611
-1.727589
-1.722553
-1.824102
0.636557
3.184590
0.920719
1.044960
-0.632326
-2.328963
-1.289669
1.923496
3.172176
4.057762
1.442261
-0.653261
-1.889289
0.388757
-0.291776
-0.273958
-0.882298
-1.284022
-1.413541
-1.645605
0.583971
2.734199
0.950319
1.242694
-0.404845
-2.701851
-1.718934
1.641679
2.950305
3.951816
0.861621
-1.543440
-2.592231
-0.103031
-1.038208
-1.002469
-1.625055
-1.927413
-1.903087
-1.919976
0.753273
3.284642
0.830081
0.765621
-1.100287
-2.925117
-1.578738
1.543939
2.945239
3.892565
0.830220
-1.625417
-1.139319
-0.537205
-0.653551
-0.680523
-1.168804
-1.464460
-1.422687
-1.470912
1.005640
3.256374
0.992667
1.049301
-0.839732
-2.758997
-1.820507
1.441489
2.849331
3.979366
1.256577
-1.201033
-0.026548
0.844184
-0.305285
-0.404743
-0.896276
-1.241634
-1.293404
-1.482792
0.753977
2.949924
0.883079
1.152286
-0.710016
-2.644122
-1.639561
1.771483
3.082990
4.008793
0.951152
-1.417671
-2.079323
0.241340
-0.808792
-0.847275
-1.389088
-1.711780
-1.700435
-1.791884
0.734212
3.132250
0.835739
0.916458
-0.651659
-2.605703
-1.406591
1.981565
3.258726
4.100016
0.928981
-1.020671
-2.153968
0.241614
-0.722900
-0.790805
-1.420364
-1.774579
-1.795012
-1.849097
0.816161
3.082132
0.882086
0.999427
-1.030116
-2.857527
-2.052108
1.414677
2.906817
3.954949
0.899391
-1.594038
-0.174275
0.811347
-0.462501
-0.500205
-0.946275
-1.246000
-1.230062
-1.312339
1.093780
3.168949
0.862108
0.999110
-0.766900
-3.006496
-2.037338
1.471478
2.974010
3.999257
1.483055
-0.860000
-1.284422
-0.557904
-0.312455
-0.258053
-0.821157
-1.118991
-1.189715
-1.395472
0.644876
2.818220
0.908477
1.176963
-0.468777
-2.184996
-0.922035
2.529787
3.526391
4.258568
1.246389
-0.543275
-3.719306
-0.173781
-1.246686
-1.001281
-1.728290
-1.980390
-1.979946
-1.885700
0.760820
3.184366
0.766180
0.721531
-0.994806
-2.510150
-1.281707
1.843669
2.996422
3.892398
0.669786
-1.183366
-0.601329
1.034291
-1.771391
-1.882157
-2.611111
-2.859351
-2.688192
-2.460801
1.356706
3.653466
0.744427
0.443963
-1.941854
-3.902603
-2.990656
0.463080
2.507442
3.589153
1.218682
-1.248519
0.535847
0.098365
0.091129
0.571636
0.439262
0.310822
0.399522
0.364507
1.405860
2.816618
1.175419
1.425807
-0.510535
-2.386227
-1.317783
2.095369
3.315625
4.100464
1.135010
-0.521082
-2.863686
0.181481
-0.819600
-0.571299
-1.173598
-1.360656
-1.440851
-1.491566
0.493644
2.837956
1.003318
0.883913
-0.167948
-1.461227
-0.465234
2.073113
2.761490
2.944507
1.283955
-1.559365
-4.978911
-0.681342
-1.251032
-1.279060
-1.843284
-2.065111
-1.966520
-1.723202
0.436723
3.821177
1.748329
0.496530
-1.387125
-1.985884
-1.708671
1.215625
2.702991
3.928603
1.451756
-0.925373
-1.615476
-0.364978
-0.433827
-0.455371
-1.123352
-1.332036
-1.310871
-1.271397
0.399021
3.109711
1.768350
0.653867
-1.186866
-1.788945
-1.474749
1.766656
3.171537
4.403340
1.520180
-0.859657
-3.413616
-0.577112
-0.901085
-1.010767
-1.649826
-1.951247
-1.904493
-1.836475
0.301612
3.384772
1.567746
0.459134
-1.151445
-2.332056
-1.915243
1.332868
2.858935
4.104051
2.350790
-1.086143
-1.878844
0.043725
-0.335602
-0.111771
-0.705788
-1.028427
-1.043499
-1.084627
0.517858
3.128908
1.633590
0.715431
-1.090448
-2.044923
-1.914832
1.457499
2.984999
4.301206
1.909698
-0.604828
-3.464565
-0.045362
-0.708962
-0.722559
-1.346707
-1.620431
-1.617715
-1.555460
0.286430
3.281640
1.533181
0.475402
-1.232083
-2.066803
-1.504081
1.751923
3.173644
4.130817
2.185519
-1.069805
-3.926157
-0.344326
-1.144978
-1.174906
-1.911950
-2.194179
-2.115458
-1.941797
0.476477
3.575741
1.622507
0.365395
-1.452050
-2.852952
-2.574731
0.587179
2.497588
3.745919
1.628384
-1.017752
-1.437639
-0.313098
-0.271465
-0.140595
-0.433800
-0.524693
-0.411078
-0.297499
0.983348
3.463759
1.908530
0.700917
-1.269259
-1.630646
-1.564262
1.756040
3.238572
4.374364
2.092811
-0.729045
-3.067881
0.088205
-1.269402
-1.422867
-2.030012
-2.258964
-2.205072
-2.015424
0.186002
3.310249
1.611355
0.451315
-0.740476
-2.153490
-1.671636
1.506812
3.126590
4.078686
2.115282
-1.047023
-1.791154
-0.070998
-0.127775
-0.089132
-0.666143
-0.897851
-0.908535
-0.869444
0.718309
2.897089
1.854122
0.732722
-1.247159
-2.098335
-2.184896
1.265467
2.914004
4.278970
2.727306
-0.335951
-2.474734
0.639092
-0.507761
-0.675341
-1.180343
-1.456235
-1.496062
-1.462331
0.452009
3.046558
1.551572
0.483901
-1.280491
-2.169257
-1.782371
1.754873
3.289797
4.141642
2.405045
-0.739532
-4.128418
-0.176963
-0.985915
-1.062832
-1.754506
-2.020948
-1.990921
-1.791932
0.492020
3.297442
1.558846
0.335343
-0.525278
-2.480073
-2.123705
1.320475
3.047609
4.115700
2.406100
-0.876592
-2.452407
-0.006621
-0.361695
-0.400863
-1.122873
-1.417942
-1.442044
-1.358701
0.682552
3.022182
1.713696
0.662742
-0.465174
-2.626933
-2.704239
0.824662
2.687021
4.154624
1.996574
-0.578266
-2.357781
0.484194
-0.060664
-0.198984
-0.740276
-0.944983
-0.945655
-0.895017
0.698147
2.862698
1.665050
0.539094
-1.287373
-2.022812
-1.778734
1.930579
3.515249
4.210258
2.394853
-0.574270
-4.260080
-0.109927
-0.659950
-0.761114
-1.342566
-1.604770
-1.642527
-1.517645
0.442238
3.065929
1.533550
0.355843
-1.367704
-2.263770
-1.741670
1.546102
3.131289
3.587902
2.649490
-0.553300
-3.382553
-0.111091
-0.853229
-0.859107
-1.640338
-1.949059
-1.973961
-1.750646
0.736158
3.338294
1.643009
0.365345
-1.551024
-3.115926
-3.000901
0.378711
2.562064
3.842501
1.838553
-0.739090
-1.110203
0.099437
-0.085614
-0.020897
-0.499566
-0.599791
-0.552973
-0.382195
1.036953
2.995150
1.963926
0.590460
-1.308223
-1.976752
-1.862321
1.711101
3.419552
4.352125
2.131463
-0.132330
-2.838197
0.172604
-0.206429
-0.535996
-1.025505
-1.259267
-1.329296
-1.299144
0.416278
2.528393
1.625173
0.436053
-1.126259
-1.807291
-1.427325
1.755543
3.162874
3.329552
2.267894
-0.712048
-4.266542
-0.296785
-0.728711
-0.843092
-1.449592
-1.736102
-1.747751
-1.553364
0.657755
3.413849
1.487674
0.257336
-1.596120
-2.659991
-2.299120
1.069643
2.922640
3.778511
2.259161
-0.954320
-2.153277
-0.003098
-0.137109
-0.288740
-0.994166
-1.265546
-1.321800
-1.229828
0.770484
1.896136
1.852246
0.629961
-0.890731
-2.760263
-2.927887
0.662018
2.699763
4.139610
2.172752
-0.423214
-2.280434
1.047103
0.915021
0.653944
0.124465
-0.198708
-0.378981
-0.601379
0.627159
1.757617
1.598892
0.622707
-1.065525
-2.168077
-1.960705
1.953070
3.490360
3.725902
2.589026
-0.519382
-5.065350
-1.191849
-0.125922
-0.750756
-1.060933
-1.610816
-1.800619
-1.937670
0.353041
2.528245
1.215226
0.011860
-1.598525
-3.026192
-2.535278
0.791982
2.677723
2.986394
1.024103
-0.787658
-2.580661
0.046777
0.577198
0.590156
-0.018237
-0.417474
-0.658474
-0.838580
0.850820
2.052218
1.566620
0.620570
-1.393904
-3.436015
-3.740514
0.126090
2.406970
3.919199
2.372797
-0.206317
-2.089177
1.368725
0.536064
0.347314
-0.093506
-0.569943
-0.829881
-1.093166
0.653914
1.849567
1.292509
0.334253
-1.579922
-3.218669
-3.218192
0.853539
3.005610
3.686156
2.877243
-0.497879
-3.228952
-0.577444
-0.469969
-0.571981
-1.047378
-1.478065
-1.657010
-1.602639
0.951738
2.013914
1.386845
0.145848
-1.845654
-3.851058
-4.076008
-0.562180
2.204378
3.833197
2.610399
-0.145041
-2.298534
0.104172
-1.132541
1.473617
-1.118064
-1.422535
-1.349203
-1.075401
0.439729
3.420429
1.622156
0.403939
-1.179772
-2.448756
-2.428320
0.964132
3.205361
4.105881
2.879135
-0.293992
-2.074524
0.452750
0.228358
0.105568
-0.585950
-0.859436
-0.916704
-0.822015
0.293752
1.874044
1.712326
0.520822
-1.085230
-2.477672
-2.438612
1.042934
3.074683
3.737275
2.390881
-0.365385
-3.581959
-0.263309
-0.755352
-0.911900
-1.580615
-1.876603
-1.855973
-1.537940
0.080891
3.788734
1.590808
0.169408
-1.632220
-3.185312
-2.912380
0.175278
2.442763
3.651662
2.642694
-0.354108
-2.413853
0.063385
0.253653
0.122878
-0.539277
-0.796233
-0.813024
-0.654180
0.476511
1.925879
1.873853
0.602346
-1.122987
-2.697157
-2.913059
0.426315
2.626490
3.907858
2.818659
-0.622046
-2.447911
0.318290
-0.142337
-0.224886
-0.863814
-1.157629
-1.178031
-1.006642
0.386598
2.071134
1.802491
0.300638
-0.996005
-2.900787
-2.943388
0.398462
2.610497
3.658823
2.110020
-0.447256
-2.655664
0.186222
0.211793
0.060299
-0.535737
-0.808216
-0.844268
-0.692383
0.481973
1.831120
1.780786
0.388679
-1.316393
-2.780197
-2.810823
0.575817
2.742837
3.573791
2.770952
-0.371872
-2.379581
0.198906
0.158611
-0.069620
-0.635608
-0.921172
-0.973953
-0.810183
0.371442
1.832857
1.757198
0.295761
-1.228626
-2.717785
-2.559626
0.677856
2.722248
3.294701
2.310668
-0.632796
-3.183553
-0.417806
-0.005382
-0.221846
-0.797470
-1.049582
-1.089172
-0.872371
0.296300
2.004083
1.863846
0.311047
-1.315043
-2.779716
-2.657032
0.491624
2.587269
3.286328
1.824095
-0.746206
-2.810017
-0.220613
0.706822
0.249791
-0.349894
-0.593542
-0.708568
-0.630538
0.347062
1.656590
1.550457
0.364346
-0.979606
-2.492537
-2.583586
0.381798
2.498492
3.197416
1.989581
-1.035327
-2.511309
-0.867019
-0.013788
-0.263022
-0.771192
-0.988861
-1.031869
-0.889129
0.199954
2.914562
1.407370
0.188142
-1.092844
-2.418232
-2.381044
0.406346
2.374552
2.945278
1.362754
-0.886986
-2.633216
0.236215
-0.193408
-0.401348
-0.931697
-1.159011
-1.153975
-0.973470
0.110511
3.219291
1.477937
0.292612
-1.119925
-2.449811
-2.464465
0.326976
2.377824
3.238413
2.365712
-0.710048
-2.012771
-0.661714
-1.721367
-0.382746
-0.901251
-1.103735
-1.054934
-0.817037
0.107180
3.144280
1.547246
0.532350
-0.864997
-1.943244
-1.961368
0.889684
2.864908
3.489892
1.996916
-0.685045
-2.586070
-0.826543
-1.652879
-0.645656
-1.120736
-1.353042
-1.286421
-1.059920
0.080029
3.262439
1.579635
0.417636
-1.028287
-2.386375
-2.331692
0.535259
2.636164
3.672827
2.290184
-0.486608
-2.628103
0.460477
-0.333800
-0.393887
-1.075424
-1.344411
-1.293302
-1.105877
0.148802
3.333675
1.548657
0.417413
-1.256334
-2.763789
-2.937855
0.009748
2.253768
3.792167
2.834742
-0.715216
-2.372293
0.263509
-0.401667
-0.523288
-1.159805
-1.485090
-1.428344
-1.215663
0.113486
3.439680
1.683889
0.372518
-1.258146
-3.081147
-3.240306
-0.216383
2.165561
3.761604
2.963372
-0.701971
-2.326614
0.342932
-1.435382
-0.467299
-0.956916
-1.278946
-1.185574
-0.957330
0.246759
3.519191
1.798875
0.497473
-0.787664
-2.891398
-3.130399
-0.205332
2.143881
3.822519
3.019359
-0.603108
-2.049912
1.009186
-0.092827
-0.133441
-0.739929
-1.086121
-1.010003
-0.844099
0.905823
2.024613
1.898689
0.750056
-1.028373
-3.059413
-3.252120
-0.296499
2.176703
3.791553
2.667325
-0.194511
-1.444246
1.873184
0.768139
0.797346
0.303780
-0.002957
-0.053041
-0.136172
0.788037
1.837425
1.624021
0.675295
-1.095251
-2.466336
-2.570258
0.966642
2.927258
3.885190
1.957612
-0.526744
-2.612908
0.302539
-0.099706
-0.209423
-0.703049
-0.922858
-0.972481
-0.914520
0.606886
2.808556
1.309293
0.130136
-1.453086
-2.366021
-2.060149
1.136820
2.864904
3.139802
1.946813
-1.158821
-3.458863
-0.278878
-2.145188
-2.145526
-2.940653
-3.222749
-3.026117
-2.580390
1.030673
4.278988
1.577588
-0.228009
-2.335338
-4.195083
-4.109815
-0.864157
2.120084
3.484813
3.544667
0.036376
0.263354
0.471985
0.439070
0.861652
0.823075
0.866336
0.992082
1.146425
1.658513
2.301629
1.844509
1.008998
-1.243451
-2.428297
-2.681393
0.840388
2.836762
4.138613
2.273984
-0.637738
-2.316880
0.576760
0.134679
0.061797
-0.391823
-0.545086
-0.573416
-0.553038
0.459070
2.449409
1.660670
0.382961
-1.027901
-1.451007
-1.081208
1.590009
2.716763
2.845941
1.914143
-1.105590
-4.453843
-0.613350
-0.150205
-0.449794
-0.898233
-1.163105
-1.174354
-1.065858
0.431190
2.720508
1.651064
0.249308
-1.313623
-2.259280
-1.637686
1.108391
2.499408
2.874679
2.037482
-1.058686
-3.786777
-0.084967
-1.091175
-1.100965
-1.878665
-2.105843
-2.031921
-1.744441
0.702973
3.705272
1.559334
0.226531
-0.827221
-3.202376
-2.976715
0.167453
2.308880
3.676270
2.356228
-0.977036
-1.375589
-0.305539
-0.417992
-0.164025
-0.633200
-0.754176
-0.608028
-0.373993
1.087159
3.495878
1.750322
0.517654
-1.438645
-2.311797
-2.247483
1.079556
2.954951
4.254811
1.920837
-0.453674
-2.140570
0.665941
-0.717066
-0.076962
-0.558584
-0.729545
-0.685985
-0.615029
0.610439
2.658009
1.790244
0.642503
-1.169603
-1.672826
-1.077091
2.319185
3.608741
3.890270
1.535609
-0.674426
-4.579259
-1.527837
-2.235057
-2.314723
-3.017549
-3.217888
-3.042596
-2.560744
0.614303
4.124930
1.450678
-0.153576
-2.248429
-3.284471
-2.720707
0.404698
2.505158
3.575206
2.435196
-0.945273
-0.759628
-0.604740
-0.139412
0.094566
-0.180821
-0.143817
0.049152
0.263533
1.324532
3.090238
2.114859
0.709618
-1.406802
-2.052097
-2.007038
1.350143
3.050066
4.299766
1.971697
-0.756144
-0.078079
-1.877104
-1.639223
-1.704021
-0.623192
-0.018556
0.160504
0.290059
0.355351
0.404595
0.400234
0.413884
0.403454
4.137754
5.360717
0.150119
0.867962
1.019149
0.753753
0.590693
0.515554
0.255033
0.493412
-0.304766
-1.487610
-1.797543
-3.832447
-2.353134
0.362705
1.866244
1.172489
1.553530
1.982139
2.492441
3.183500
3.766461
4.184145
3.468487
8.978658
10.805202
-2.885331
-0.688604
-0.051326
1.382821
-1.355406
-0.480785
1.269125
3.335392
4.133893
2.171557
-2.456306
-4.177966
-3.031603
-2.881245
-4.939586
-8.837950
-11.521277
-13.246422
-11.415708
-2.066339
7.906657
3.093905
3.180601
3.969549
3.673005
2.023160
1.534312
1.593220
1.404245
0.913425
0.380366
2.003532
-5.337331
-0.599582
-0.379957
-2.096207
-3.097237
-1.948716
-1.296220
4.247112
5.641981
5.621416
1.334282
-2.227462
-4.123926
-3.340515
-3.318696
-3.935048
-1.906931
-2.585252
-3.186325
-1.405414
1.118085
3.131444
2.847085
0.198063
-1.263519
-0.244736
-2.766406
4.208149
3.970009
5.365415
4.085220
0.027858
-2.954418
-1.223512
-0.667218
-0.359875
1.296215
0.410145
-1.865034
-4.508054
-2.449561
-1.415120
-2.296511
-3.196536
-3.170792
-2.039163
-4.684852
2.961731
4.581489
4.564387
2.861105
-1.236933
-2.224433
-0.369053
0.519260
1.705890
2.439665
1.156130
2.118376
3.243833
3.147178
3.414645
2.300143
0.011661
-0.485637
-0.004259
-2.627628
4.117819
3.573101
4.016141
2.084882
-1.690623
-5.216485
-3.672485
-2.960737
-3.516454
-1.437861
-1.641980
1.706016
2.011539
1.876664
3.179517
2.002286
0.100110
-0.596463
0.686252
-0.524381
6.005655
5.060736
3.505664
-0.715288
-5.114665
-5.274178
-2.724463
-1.226921
-0.337650
1.758774
1.416200
-0.363394
-1.549988
-1.513554
0.406210
-0.933355
-1.957460
-1.258069
0.308976
0.741419
6.814311
6.367520
4.628652
-1.184989
-5.513637
-5.186141
-2.761441
-1.293350
0.372286
2.257148
1.955293
3.214483
1.029672
2.347837
2.521155
-0.636932
-1.268926
-1.159329
-2.155062
-1.246369
5.760237
4.739593
3.936455
1.064261
-3.385406
-7.111081
-3.376658
-1.664801
-3.779467
-1.321868
-0.653698
-0.875919
1.287483
2.557248
3.764141
2.898794
1.853408
0.067384
0.536275
0.402117
7.558432
5.489330
4.297183
-1.691912
-7.370168
-8.285519
-4.911205
-3.114536
-1.277345
1.758423
1.853273
1.842227
0.114681
1.479786
2.933607
0.960286
-0.465455
-1.182375
-1.349612
-0.033805
6.122968
4.176417
3.770738
-0.502006
-4.960685
-6.909534
-3.168079
-2.737715
-1.568905
1.427944
1.583538
1.044014
0.064874
2.487309
3.665531
0.339011
-1.162842
-1.621251
-0.277950
-0.006602
6.198804
4.332917
3.402849
-0.748095
-5.270586
-7.733086
-5.595510
-4.095619
-1.485140
1.120354
1.168048
0.499720
-0.361376
1.811073
3.981747
0.701496
0.354214
-0.642352
0.369526
-0.125131
6.068940
3.556061
3.824538
-0.825605
-5.463812
-6.089389
-3.153854
-1.776487
-1.141144
1.404560
1.296761
1.582694
0.279311
0.081947
0.216073
-1.015778
-1.940873
-1.887726
-0.378177
-1.244354
5.797945
4.133768
3.926867
-0.089477
-5.533071
-6.939814
-4.963521
-2.963875
-0.548272
1.519521
1.151179
0.576318
-0.783453
1.441141
2.534089
1.378247
-0.732688
-1.024930
0.047161
0.733214
6.984220
5.541930
4.770031
0.269777
-4.596862
-6.399471
-4.246941
-3.015908
-2.129662
0.922926
1.042994
0.753460
0.007922
2.217538
4.173275
0.451352
-0.802312
-1.196047
-2.235251
-0.571061
5.628223
4.221951
3.797127
0.365495
-3.767614
-6.573063
-2.691332
-1.942688
-2.561953
0.237077
0.558683
-0.233896
-0.313243
1.721141
2.785986
1.716673
0.409901
-0.803358
0.211496
0.418777
6.818183
4.395541
3.881755
-1.508120
-7.126637
-7.563126
-4.667741
-2.828344
-1.092636
1.376827
1.376159
1.475131
0.405259
2.247605
2.946080
1.039766
-1.023685
-1.183164
-0.289136
-1.247192
5.302407
4.002637
3.561467
0.201051
-3.971088
-6.808381
-3.434456
-3.330504
-3.066460
-0.160365
0.313310
-0.390099
1.038248
1.885156
3.334763
2.087511
0.350730
-0.856248
-0.003468
0.094212
6.690408
4.550733
4.194845
-1.268666
-6.345076
-7.203162
-4.586664
-2.698976
-1.171885
1.266578
1.295072
0.924742
-0.412107
1.124996
2.681653
0.932216
-1.436946
-1.615636
-1.642507
-1.447051
5.293838
4.120764
3.882454
0.448735
-3.771440
-5.699744
-3.647781
-2.821526
-2.287512
0.435055
0.711405
0.101781
-0.650393
1.365523
3.011950
1.427125
-0.580976
-1.251666
-0.126339
-0.014058
6.135054
4.580850
3.924241
-0.075051
-4.329878
-6.871682
-4.736647
-3.080270
-1.492963
1.220945
1.128761
1.046513
-0.244160
1.406279
3.193344
1.231568
-0.652685
-0.988176
-2.100695
-0.970772
5.545079
4.220026
3.971249
0.353586
-3.872298
-6.238657
-4.196162
-2.927350
-1.765857
0.873567
0.994332
1.491227
0.596336
1.721331
2.904583
0.979946
-0.691821
-1.069223
0.046719
-0.059985
5.822128
4.011359
3.855240
-0.350262
-4.674250
-6.770154
-4.703356
-2.918256
-1.138641
1.518427
1.365623
0.213656
0.930677
0.954714
2.812830
1.006959
-0.543529
-0.934383
0.044487
0.548659
5.706256
3.537097
4.029736
-0.783643
-5.747482
-6.213636
-3.533335
-1.727506
-0.676767
1.489351
1.288943
0.991875
0.375194
-0.459682
0.102448
-0.703283
-2.004589
-1.748676
-1.113025
-2.168386
5.054687
3.951896
4.532787
0.731893
-4.141803
-5.901656
-4.611955
-2.724293
-1.090314
1.105903
0.717924
-0.464255
-0.963608
0.426646
2.058942
0.912294
-0.890083
-0.700122
0.308467
0.269370
6.831997
5.542239
5.462348
0.519956
-4.163194
-6.341588
-4.087631
-2.205218
-1.305376
1.473430
1.397525
1.872244
0.908985
1.509254
1.838863
-0.106674
-0.994869
-1.065955
-1.553437
-0.827289
5.507272
4.167135
3.857742
0.245210
-3.682875
-6.722073
-4.597325
-2.978951
-1.655341
0.917876
0.874940
0.523572
0.961258
1.807095
2.707654
1.020765
0.296158
-0.164833
0.736736
1.456074
6.232974
4.141840
4.045091
-0.621418
-4.499193
-6.791478
-3.966132
-2.203181
-1.209934
1.358979
1.452328
1.577728
0.102044
1.456205
1.837035
0.052591
-1.530117
-1.600606
-2.677190
-1.811524
4.832679
3.098016
4.066086
-0.144451
-4.673270
-6.163833
-4.429977
-2.479507
-0.170976
2.055473
1.819511
1.129093
0.051252
0.902531
2.328569
-0.035069
-1.015658
-1.181059
-1.477235
0.023606
6.201155
4.350725
4.086107
-0.027769
-4.895092
-6.910326
-4.452124
-2.592920
-1.837137
1.110205
1.319808
1.583762
1.235374
1.665745
1.837982
0.114128
-1.346127
-1.410563
-0.795920
-0.968006
5.756997
4.399938
3.771451
0.001715
-4.525431
-7.058117
-4.878848
-3.172695
-1.917587
1.006931
0.912820
0.589064
0.083588
1.214791
2.536893
1.201592
-0.353376
-0.752782
0.172402
0.044564
6.186758
4.758480
3.891031
-0.046632
-5.336582
-7.123075
-4.571517
-2.643684
-1.831742
0.792579
0.784851
1.979460
1.544331
1.596277
1.988299
1.583982
-0.641621
-0.760770
-1.331990
-1.361445
5.273577
3.962950
3.524373
0.314417
-4.449630
-7.029860
-5.088114
-3.290985
-2.304447
0.397488
0.407428
-0.367961
-1.133855
0.335868
2.492958
1.407904
0.340591
-0.763721
0.247930
0.570346
6.485616
5.118148
4.210238
0.300166
-5.124995
-6.373968
-4.163183
-2.149760
-1.129075
1.339296
1.116106
2.149571
1.097143
3.066295
1.988072
2.073122
-0.454322
-0.541833
-1.213452
-1.475328
2.634734
3.986032
3.778339
1.351849
-2.613713
-5.242299
-2.682332
-2.066007
-2.459899
0.069631
-0.458767
-0.401443
-0.053814
1.063963
1.565167
0.345550
-0.397535
-0.838893
0.146799
0.012873
4.833632
5.161476
4.492383
-0.098752
-4.221109
-5.919749
-3.361684
-1.825433
-1.726798
0.795300
0.116731
0.852183
1.735059
2.318446
2.297989
0.631307
-1.259053
-1.548421
-0.226657
-2.062709
3.768744
4.875792
3.964795
0.326316
-3.413124
-6.464965
-4.514374
-2.819739
-1.956390
0.592025
0.000388
0.033203
0.661310
0.504762
2.779436
0.241643
-3.811430
-0.950615
0.012197
-0.882885
3.816300
4.984094
4.678131
1.477557
-2.486272
-4.535417
-1.197434
-0.838319
-1.327501
1.221798
0.523044
1.028840
-0.059163
1.253958
1.766507
0.213822
-1.588746
-1.924613
-0.522998
-1.943249
3.953903
5.046271
4.155262
0.606576
-3.323671
-6.630820
-4.650876
-2.896230
-1.990277
0.509753
-0.162144
-0.212758
0.954487
2.105510
4.326116
1.766694
-0.183716
-1.153291
-1.476357
-1.553983
4.312944
5.404210
4.496423
1.180411
-3.088409
-5.856615
-3.375858
-2.758450
-3.146092
-0.118098
-0.305267
1.031725
1.038133
2.043256
2.650975
1.932137
-0.242109
-1.500164
-0.252756
0.277987
5.192976
5.755936
4.160598
0.119713
-4.899612
-6.411212
-4.116376
-2.255312
-2.073017
0.553435
-0.172746
0.359165
1.750630
2.023860
2.026784
0.881500
-0.806158
-1.240384
-0.018836
-1.537835
3.980114
5.046044
4.280082
0.749603
-3.510781
-6.247819
-3.898658
-2.105998
-2.177550
0.227006
-0.477485
-0.024651
1.130662
1.744612
2.219899
0.912146
-0.793041
-1.114592
-1.614582
-2.105637
3.834531
5.141153
4.583026
1.256971
-2.815995
-6.008410
-4.428545
-2.689473
-2.609732
0.197372
-0.242657
0.239067
0.510662
1.944192
2.804904
2.112838
0.304290
-0.796972
0.173546
0.534219
4.876454
5.555098
4.351934
0.787648
-3.615351
-6.051764
-3.943309
-2.464056
-2.296606
0.712743
0.304460
1.539839
0.457687
1.728223
2.870002
1.544877
-0.766357
-1.667534
-0.544413
-0.636730
4.600418
5.253869
4.084208
0.441047
-3.622050
-6.370969
-4.385538
-2.541938
-2.098215
0.558759
-0.071840
0.185489
1.119236
1.217957
2.033232
1.015329
-0.455875
-1.271555
-0.215847
-0.014308
4.544309
5.414977
4.387576
0.695542
-3.110730
-5.879849
-3.575430
-1.791170
-1.781461
0.638950
-0.147551
1.514667
-0.275534
1.296777
0.730874
-0.229262
-1.676918
-1.875061
-0.511497
-2.324342
4.016540
5.324620
4.617062
1.215016
-3.518924
-6.381199
-5.332997
-3.366313
-1.692898
0.858365
-0.051311
0.026610
1.702649
1.943097
2.817345
2.363749
0.886732
-0.388241
0.322378
-0.304184
4.849990
5.729919
4.599975
1.029666
-3.131843
-5.939173
-3.801599
-1.892977
-1.764328
0.956350
0.040031
1.578106
-0.227907
1.996886
1.699778
-0.140607
-1.516072
-1.657632
-0.395158
-1.792545
3.611623
4.752645
4.206344
1.027093
-3.571835
-5.658928
-4.469206
-2.409012
-1.228837
1.139464
0.098410
0.443407
0.828022
1.396151
2.159194
0.902034
-1.061821
-1.665724
-0.293156
-0.996751
4.143352
5.268772
4.671631
1.435870
-3.011796
-5.846140
-3.973908
-2.052436
-1.978806
0.647249
-0.245287
0.208076
0.738754
1.719841
1.802451
0.788903
-0.779338
-1.199205
-0.225155
-0.682335
4.428373
5.541794
4.638819
1.105925
-3.560383
-6.068149
-3.836954
-1.744844
-1.722245
0.673789
-0.320322
0.730386
-0.312139
0.291649
1.067522
-0.508129
-1.172336
-1.328918
-1.140285
-2.511976
4.030447
5.453058
4.911167
1.563010
-3.409054
-6.305825
-4.993489
-2.800552
-1.584725
1.029191
-0.079308
0.131928
2.507266
2.107206
3.275365
2.248319
0.465115
-0.557365
0.267478
0.287276
4.368057
5.302541
4.395452
1.105497
-2.915998
-5.411705
-3.948049
-2.046521
-1.889257
0.605020
-0.024688
0.999575
-0.636611
1.164158
1.204066
-1.167609
-1.605038
-2.063979
-0.751947
-1.827016
4.208139
5.459746
4.660365
1.004472
-4.437534
-6.291765
-5.143938
-2.642679
-0.964456
1.536453
0.244530
0.413468
1.898764
2.272811
3.601648
0.531328
-0.513954
-1.287135
-1.769419
-3.011441
3.589577
5.037113
4.425813
2.195060
-1.388695
-4.754090
-2.842070
-1.479124
-2.905400
-0.366633
-0.441531
1.347118
0.670452
2.601779
3.151582
2.093282
-0.382269
-1.694065
-0.574813
0.164270
4.767106
5.145672
3.543160
-0.073706
-4.549645
-6.664695
-4.768461
-2.414046
-1.996209
0.754376
0.058006
0.351340
1.438494
1.783656
2.637066
1.611246
-0.819601
-1.612618
-0.525574
-0.429846
4.156556
4.926366
4.135942
1.006124
-2.972315
-5.728002
-3.985623
-1.865954
-1.530707
0.818843
-0.147909
0.885363
-0.890829
0.883073
0.934705
-0.810170
-1.725206
-2.140072
-0.779281
-1.557482
4.163505
5.564912
5.017689
1.724252
-3.779171
-5.624138
-4.282077
-1.799134
-0.979390
1.265528
-0.027225
0.231145
0.412645
1.267950
1.885668
1.079893
-0.461004
-1.351823
-0.317506
-0.630509
4.595763
5.885214
5.087038
1.922940
-2.135273
-5.863750
-4.337708
-2.267464
-2.075478
0.418568
-0.467415
2.566935
-0.103324
1.305946
2.245303
0.768170
-0.908251
-1.783143
-0.627689
-0.698236
4.470623
5.694136
4.902246
1.631984
-3.722514
-5.594091
-4.099160
-1.627823
-0.980693
1.113327
-0.034412
0.435112
0.544413
2.677547
1.911539
-0.376517
-1.333424
-2.051544
-0.737680
-0.679309
4.424170
5.712850
4.995571
1.550820
-4.061144
-5.708225
-4.105719
-1.558529
-1.235796
0.789498
0.094193
1.487682
-0.355200
0.699464
2.260043
1.093668
-0.922654
-1.569519
-0.631311
-1.756331
2.266044
4.505714
4.806604
2.814116
-0.699620
-4.293226
-3.661579
-2.109686
-2.312050
-0.144936
-0.351005
1.594292
-1.111855
-0.264113
1.060525
0.825920
-0.912434
-2.252231
-1.040641
-1.487199
3.597437
5.851483
5.504301
2.361433
-2.731310
-5.577748
-3.927289
-1.523490
-1.103678
1.002609
0.403418
1.362973
-0.693788
-0.117838
1.518317
1.040869
-0.830012
-1.389378
-1.510812
-1.950387
2.200336
4.548463
5.126043
3.107970
-0.246423
-3.990179
-3.874098
-2.242197
-2.691056
-0.362913
-0.388688
0.578412
-0.513089
0.632828
3.304258
1.806631
-0.359307
-1.720149
-0.616348
-1.268579
3.435871
5.486726
5.030670
2.231976
-2.315053
-5.185214
-3.711972
-1.482364
-1.174905
0.996409
0.398774
1.881977
-0.501588
0.793372
2.335248
1.182075
-0.912698
-1.616098
-0.761481
-1.710868
1.834535
4.114509
4.471448
2.683987
-0.616302
-4.031850
-3.743908
-2.008746
-2.245157
-0.271539
-0.357503
2.216878
-1.211222
-0.461320
1.670780
0.933622
-1.050531
-2.188973
-1.171993
-1.604995
3.061121
5.406527
5.265858
2.690006
-1.431682
-5.412369
-3.771802
-1.506214
-1.030784
0.972429
0.306019
1.529856
-0.115940
-0.998098
1.614686
0.849256
-0.863007
-1.830657
-0.800386
-1.257626
2.594497
4.851362
5.017633
2.859808
-1.004762
-4.972079
-3.737915
-1.900773
-1.532702
0.470474
0.007899
1.506523
-1.674796
0.034498
1.629900
0.178661
-1.314154
-2.474741
-1.266749
-2.321587
2.827767
5.291575
5.593872
3.190053
-1.556320
-4.973708
-3.599788
-1.199284
-0.774071
1.276652
0.602318
1.501518
0.247392
-0.006078
1.312386
0.918597
-0.994886
-1.725199
-0.449457
-1.458977
2.704353
4.844796
5.190191
3.064781
-0.575800
-4.533788
-4.300597
-2.424318
-2.472437
-0.349890
-0.410661
1.105879
-1.337950
-0.119402
1.938379
1.107778
-0.870277
-2.050300
-0.991878
-1.998863
3.153174
5.549479
5.440633
2.947869
-1.916582
-5.076870
-3.695702
-1.211620
-0.571779
1.374271
0.844839
1.772635
-0.478024
-1.367773
0.657668
0.465491
-1.323879
-1.857701
-1.594745
-2.395871
1.928950
4.517870
4.743646
3.575266
0.641613
-3.623587
-3.744914
-2.383429
-3.426856
-1.009395
-0.763653
-0.041708
0.756333
2.817404
3.475350
3.035317
1.126476
-0.797548
-0.321976
0.912407
4.255309
5.676808
4.517492
1.216872
-3.812314
-6.611812
-4.934897
-2.260561
-1.733161
0.535319
0.046955
1.146906
-0.844748
-0.745411
1.285170
0.204750
-0.902924
-1.787808
-0.653820
-1.132347
2.971561
4.976966
5.045466
2.777470
-1.436772
-5.524872
-4.323685
-2.222231
-1.488876
0.863661
0.288655
1.327450
0.617742
-1.324940
0.539320
1.669633
0.007324
-1.308649
-0.258581
-0.361803
3.733214
5.764334
5.356947
2.594769
-2.315979
-5.648253
-3.913574
-1.615291
-1.121703
0.674757
-0.373263
1.624145
0.619886
-0.421573
0.799291
-0.530000
-0.277082
-1.142190
-0.148029
-1.742156
2.916322
5.195282
4.967826
2.586309
-2.197337
-5.972450
-5.101819
-3.072224
-2.362413
-0.011980
-0.378101
0.387042
1.029084
1.565505
3.415353
3.077465
2.026613
0.199395
0.603040
-0.053447
3.693352
5.232340
4.152678
1.742782
-1.336215
-5.450890
-4.607774
-2.289008
-2.209244
-0.734730
-0.810482
-0.557975
-1.143813
-1.183087
0.116648
-0.419876
-1.948843
-2.002805
-0.977131
-1.355467
4.813715
6.464509
5.775633
0.913979
-3.234229
-5.793381
-4.547141
-1.397924
-0.033888
2.349839
2.233903
2.462492
1.994486
2.302480
2.118620
1.010624
-0.537140
-1.230487
-2.975946
-2.677711
3.005259
4.948915
4.339586
2.204243
-1.256492
-4.722117
-4.472879
-2.102683
-2.807080
-0.554018
-0.157152
0.397657
-0.375909
1.256827
2.332978
1.966218
0.004611
-1.277017
-0.732377
0.473180
4.647084
6.040949
4.258403
0.608811
-3.917269
-6.978601
-5.439246
-2.449420
-2.480504
0.347430
0.724780
1.006266
0.533344
1.019686
2.652518
1.714678
-0.690544
-1.775094
-0.929999
-0.748796
3.519555
5.195617
4.290555
1.724524
-2.275349
-5.645009
-4.773619
-2.347287
-2.321852
0.235560
0.230245
0.582716
0.884167
-0.163394
1.683251
0.879963
-0.753959
-1.859257
-0.768475
-0.921231
3.185163
5.431257
4.938920
2.215269
-2.581641
-5.672972
-4.135989
-1.773383
-1.577000
0.586584
0.097694
0.710590
0.999506
-0.809974
1.073231
0.215366
-1.053408
-1.752348
-0.570137
-2.210126
2.880642
5.478307
5.245710
2.323844
-3.084349
-5.996051
-4.805068
-2.361507
-1.555991
0.705397
0.153223
0.047754
1.542304
-0.069303
1.998165
1.399492
-0.550040
-1.572130
-0.379068
-1.298500
3.222183
5.676253
4.950684
2.647593
-1.529510
-5.923528
-4.951736
-2.760670
-2.347056
0.279802
-0.172000
-0.136103
1.410625
0.689868
2.936880
2.626940
0.263355
-1.074778
-0.045312
-0.269042
3.254401
5.451096
4.438805
2.318916
-1.630686
-5.633018
-4.347457
-2.150797
-2.073556
0.143351
-0.645687
-0.070615
-0.038378
-0.937005
0.332091
-0.812056
-0.195562
-1.551673
-0.032432
-1.345937
3.390603
5.728532
5.025288
2.676474
-2.482589
-6.400003
-5.148666
-3.215500
-2.288698
0.357435
-0.175797
0.826323
-0.251009
0.946140
2.412959
2.351215
-0.342300
-1.047691
-0.198422
1.070445
5.725265
7.493421
5.877818
1.638198
-3.679108
-8.081427
-6.650864
-3.844839
-2.710730
0.897020
0.815540
1.257716
1.376060
3.153929
4.896406
4.123162
1.892335
0.163351
0.418035
-0.789086
3.690312
4.728747
3.191756
0.782753
-2.865611
-6.006703
-3.832566
-1.834048
-2.261929
0.019231
-0.036980
2.268152
-1.262125
-0.538376
1.241404
0.378785
-0.932535
-1.888033
-0.832980
-0.597336
4.159941
5.878047
4.756792
1.088509
-4.309439
-6.099212
-4.390055
-1.837559
-2.045713
0.660666
0.547782
0.621096
0.474327
0.808023
2.571881
1.361560
0.054320
-0.967420
-0.123749
-0.504822
3.518139
5.084456
4.528371
1.593696
-2.498684
-5.006668
-3.374474
-1.464422
-1.916098
0.481706
0.251217
2.485364
-1.029232
-0.019205
0.961861
-0.347032
-1.630082
-2.412087
-1.246729
-1.312326
3.244359
5.371869
4.786406
1.732269
-3.126158
-5.401783
-3.584032
-1.511875
-1.618099
0.520208
0.098957
1.523920
0.010322
-0.446309
1.673990
0.706159
-1.023726
-1.648988
-0.578508
-1.957505
2.544027
4.826840
4.886050
2.560119
-0.446247
-5.419216
-4.218171
-2.110595
-2.652491
-0.270135
-0.449107
-0.193416
-0.107830
0.580956
2.266494
1.738692
0.230921
-1.096745
-0.340195
-0.835602
3.468847
5.618273
5.091782
2.143487
-2.470971
-5.445237
-3.635284
-1.569523
-1.778429
0.565500
-0.024934
0.797938
-0.399724
-0.102464
1.497536
0.675111
-1.120057
-1.777463
-0.653247
-2.314026
2.621353
4.883965
4.963655
2.357842
-1.405622
-5.637915
-4.626470
-2.889041
-2.540243
0.234001
-0.241358
0.038495
0.663838
1.625418
2.501351
2.044433
-0.137236
-1.234384
-0.378466
-0.477700
4.406241
5.675900
4.661173
1.815090
-2.364059
-5.838159
-4.331932
-2.195770
-1.887910
0.683328
-0.198679
0.223937
0.843793
2.196650
2.573637
-0.126850
-0.976114
-1.631633
-0.672598
-0.316655
4.450893
5.688292
4.769496
0.631631
-4.688125
-5.917645
-3.986810
-1.540678
-1.379744
0.834247
-0.327331
-0.009186
-0.377299
-0.047220
0.307647
-0.849946
-1.667938
-1.973273
-0.801525
-2.704968
4.135477
5.881570
5.181249
1.850433
-3.322675
-6.265423
-5.505495
-3.071828
-1.128528
1.108427
-0.136750
0.365778
1.246343
2.726933
3.304176
2.819411
1.063461
-0.174186
0.505348
-0.100727
4.794919
5.902761
4.452983
1.627121
-2.822129
-6.090559
-5.085220
-2.972638
-3.469436
-0.451622
-0.839263
3.041268
0.647762
2.351621
2.822758
1.607244
0.052808
-0.862980
0.099600
1.227615
4.975106
0.161408
0.243493
0.078746
0.008674
0.020050
0.061359
0.095008
3.356813
5.286804
-0.425607
0.260355
0.652303
0.781597
0.664439
0.394508
0.206837
0.010892
-0.046498
-0.219191
-0.480008
-0.685224
-0.577288
-0.813791
-1.161932
-0.969742
-0.539790
-2.016592
-1.390422
0.959792
1.937049
2.413073
2.600566
1.313352
0.861415
2.529343
3.042422
2.049205
-0.261350
-0.566636
-1.324310
-1.183066
-0.877457
-0.757064
-0.769539
-1.775326
-2.448213
-1.194282
-0.542688
0.113686
-0.249006
-0.495064
-0.419366
-0.653935
0.205059
3.914357
3.863960
2.094251
1.284424
-0.439711
0.192648
1.065787
0.039566
-1.132548
0.180175
-1.769527
-5.498978
-1.368453
-0.804602
-1.316694
-2.062288
-2.595135
-2.013537
-0.815453
0.876133
3.907642
3.418737
3.104647
0.620375
-1.527281
0.221060
2.301674
1.608031
1.967800
0.079600
0.981672
-1.687051
-1.641259
-0.510903
-0.685222
-1.553594
-2.189999
-1.643709
-0.744737
0.846627
4.186550
3.431564
3.211342
-0.099587
-2.315791
-0.484432
1.268132
-0.355239
0.309987
-1.130073
1.184430
-1.331901
1.615424
1.650747
1.252584
0.465732
-0.463884
-0.114145
1.441296
2.268244
4.722237
3.105826
2.377271
-1.536667
-4.179181
-1.900814
0.413936
-0.095580
0.439335
-1.096300
0.907305
-2.234889
0.775350
0.348533
0.197238
-0.924221
0.012581
1.337188
2.611789
3.102630
5.344658
4.152925
2.176173
-1.487792
-4.956536
-2.299691
0.212080
-0.237095
0.399713
-0.964890
0.589646
-3.211927
-0.534731
-1.358411
-1.215539
-2.097296
-2.331560
-2.402892
-3.887662
3.801762
5.892443
2.779700
0.279174
-5.090491
-5.721467
-4.571138
-0.310095
0.287616
0.763467
-0.701145
0.569540
1.446794
2.290805
1.380795
2.121119
0.352028
0.933480
1.604537
3.972212
6.477371
7.252108
5.178506
1.748015
-2.774399
-5.704035
-3.297314
-0.086551
0.339338
2.014171
3.153489
1.351739
-3.325681
-0.674751
-1.746264
-1.822690
-3.390118
-3.873618
-3.809976
-5.123631
6.335213
7.385172
4.835083
1.790189
-4.054702
-7.146310
-5.966317
-2.206960
-1.162154
0.760091
0.396379
-0.316882
0.200144
0.033443
0.732440
0.512013
-1.399389
-2.154368
-0.345523
1.816502
7.116110
8.400846
6.868123
3.032919
-3.714770
-7.080312
-4.585150
-0.241071
0.609722
2.523095
1.745794
1.787234
0.150855
0.185862
1.316883
-0.171900
-1.591542
-2.063425
-1.415923
-1.098481
4.209915
6.185070
5.404113
1.832056
-2.898665
-7.211661
-5.665297
-2.590157
-1.758136
0.939414
0.646437
0.728610
0.106413
0.598090
1.057143
0.624843
-0.628951
-1.252307
-1.161213
-0.590518
7.096920
8.552544
5.473800
1.908860
-3.693721
-8.158776
-6.195477
-2.424285
-1.420566
1.459938
3.336869
0.291153
-0.593342
-0.078328
0.073324
-0.478195
-1.846264
-2.445609
-2.523932
-3.095015
7.474314
8.685954
5.671050
2.494479
-3.261018
-7.659266
-6.861048
-3.099868
-1.348096
1.296282
1.229475
0.517234
1.339287
0.227105
0.861456
0.559077
-1.034966
-1.877387
-1.744869
-0.953788
6.473018
8.944073
6.084199
2.326264
-3.600025
-8.113600
-6.901891
-2.913256
-1.332165
1.502643
1.420961
0.944207
0.172671
0.318563
0.386742
0.405571
-0.959027
-1.829962
-1.910837
-1.585088
6.326894
9.114298
6.113442
2.365883
-3.746457
-8.264583
-7.146305
-3.331707
-1.634960
1.150921
1.124470
0.609488
0.121432
-0.164221
0.019116
0.125895
-1.186581
-2.072855
-2.130137
-2.024305
7.389925
9.147238
6.713702
3.209944
-3.023531
-8.555402
-7.521072
-3.011176
-0.810972
1.086679
1.364608
1.046839
0.004633
0.242289
1.066314
0.804379
-0.854985
-1.654541
-0.555544
0.798695
6.503396
7.796166
6.480969
2.675903
-3.054755
-6.849016
-5.304338
-1.530034
-0.313219
2.260410
5.008089
1.107500
0.803582
0.496488
1.090629
-0.128903
-1.366237
-2.032943
-1.999448
-1.490824
4.771007
6.973168
5.453621
1.441395
-3.872483
-7.970360
-6.470649
-3.031299
-1.790205
1.149869
1.020265
1.176775
0.337479
0.667536
1.127285
0.774450
-0.446067
-1.140994
-1.056830
-1.225767
7.671071
8.715561
5.537510
2.101619
-3.691252
-8.043369
-6.222485
-2.553736
-1.809760
1.175318
5.849082
0.779775
-0.174338
0.476398
0.613139
-0.149104
-1.818428
-2.446096
-2.434383
-2.298296
6.945717
8.738160
5.439204
1.903882
-4.005295
-8.434819
-7.113007
-3.422050
-1.728661
0.846626
0.930629
0.366412
0.908134
-0.345363
0.084108
-0.009444
-1.370746
-2.299853
-2.323049
-1.964387
7.776803
8.957573
6.704057
3.554340
-2.886205
-8.833456
-7.646031
-2.646697
-0.218505
1.089333
1.477980
0.427115
0.047663
0.111450
0.968394
0.594808
-1.125214
-1.753118
-0.327683
1.102099
6.699910
7.761849
6.506284
2.879783
-2.669091
-6.371675
-4.843293
-1.223223
-0.333381
2.099665
4.849274
1.090166
-0.019694
-0.027731
0.733267
-0.582541
-1.865576
-2.380125
-2.254574
-2.224613
4.317172
6.419255
5.554024
1.820193
-4.055707
-7.559296
-6.118448
-2.882173
-1.429533
1.303143
1.092535
1.526633
0.554515
1.143976
1.797604
1.442651
-0.077721
-0.949032
-1.045797
0.745167
5.815744
7.125755
5.649223
1.131807
-4.649752
-8.738712
-6.815691
-2.886092
-1.497174
1.503896
1.271695
2.120557
0.976352
2.277866
3.210111
1.754735
0.035397
-0.787913
-0.693849
0.235054
5.232755
6.492173
5.008356
0.440365
-4.628921
-8.418992
-6.908005
-3.236238
-2.311752
0.959279
0.864298
1.322288
-0.226495
0.525855
0.676058
-1.204043
-2.865909
-3.348178
-3.391540
-5.328449
7.683619
8.598186
6.333007
3.194651
-3.032208
-9.264042
-8.009725
-3.200073
-0.878728
0.723816
1.284285
0.962680
1.091100
0.116873
1.117939
0.773911
-1.194940
-1.895384
-0.082734
2.187527
7.966466
8.480689
7.047328
2.953036
-2.593948
-6.725811
-4.961074
-1.034073
0.181041
2.390080
5.224042
1.049398
0.052377
0.022083
0.661411
-1.167436
-2.453325
-2.895394
-2.639798
-2.291590
3.912453
5.441888
5.400560
2.153246
-2.101017
-6.546842
-5.552020
-2.626723
-1.612757
0.931089
0.834089
0.897645
-0.027612
0.231773
0.871131
0.299166
-0.858105
-1.418723
-1.401107
-0.237098
6.570141
8.541991
5.747950
2.210553
-3.842665
-7.810256
-5.979619
-2.019435
-0.475189
1.862987
5.836945
0.948752
0.467373
0.940591
1.662465
0.171290
-1.498686
-1.716346
-0.929908
0.084876
4.642940
6.828790
5.039782
1.247801
-3.469422
-6.992891
-5.271239
-2.091671
-2.051778
1.075539
0.897025
1.280778
-0.091684
-0.059259
0.172655
-1.067155
-2.645896
-3.152670
-3.007534
-2.124460
7.574304
9.227669
6.272130
2.427860
-4.179955
-8.638722
-7.622888
-3.328789
-1.002751
1.120650
1.406611
-0.032828
0.242209
-0.846526
-0.072150
0.303274
-1.285410
-2.150198
-0.677469
1.002004
7.314247
8.704724
7.271051
3.390459
-2.826617
-7.642322
-5.755339
-1.409288
0.129455
1.833523
1.431839
1.573176
0.756184
-0.039656
0.607144
-0.078656
-1.100271
-1.392186
-0.366488
0.985540
4.692984
6.120145
5.264376
1.792116
-2.939995
-6.682782
-5.207270
-2.065832
-1.698827
0.893706
1.718606
0.230764
-0.061937
0.082287
0.086425
-0.267352
-1.426238
-1.827564
-1.625718
-1.297589
7.248164
8.051026
5.255594
2.201243
-2.460982
-7.265743
-5.795590
-2.499061
-2.557289
0.028489
0.016371
0.473970
-0.182207
-0.311149
-0.362325
-0.185543
-1.286523
-1.966381
-1.857337
-0.628427
6.903144
8.720894
5.981126
1.836156
-4.658937
-7.855052
-6.347564
-2.435904
-0.891012
1.048754
1.054933
0.832927
0.288762
-0.186687
0.001846
0.187849
-0.894857
-1.749815
-1.204193
0.428629
6.550011
8.209908
6.511179
2.305286
-4.626718
-8.869308
-6.957823
-2.188325
1.015429
2.331334
1.982687
1.449481
1.007066
0.919724
1.668169
1.381617
-0.033584
0.464615
1.231988
3.759702
5.587685
6.282576
4.448235
0.934568
-3.714219
-6.737203
-3.852636
-0.919851
-1.199942
0.974410
3.926620
0.847081
-2.223231
-1.162776
-1.666407
-2.828120
-4.163312
-4.275143
-4.151101
-4.241691
6.511927
8.206161
5.968477
2.360609
-3.908877
-8.170005
-7.615032
-3.768770
-2.212378
-1.072382
-0.606658
-1.132619
1.363449
1.560881
1.923652
2.184129
0.278289
-0.205637
0.248563
1.345506
7.483222
8.802009
6.622330
2.308341
-4.984478
-7.639493
-5.534756
-0.716902
1.021510
1.966661
1.468916
1.629266
1.186091
0.446702
1.095674
0.394670
-0.866405
-0.611915
0.980025
2.806033
4.536250
5.597629
3.963424
1.347154
-2.054642
-4.868892
-4.129812
-0.989739
-1.079636
0.220145
3.747073
0.444186
-3.767423
-2.085263
-2.607813
-2.526396
-3.722716
-4.093680
-4.136809
-5.048091
6.028801
7.794274
5.810027
3.368902
-3.291248
-7.146529
-6.617281
-2.572130
-0.727464
0.051576
0.176895
1.555034
0.980446
1.329905
2.301910
2.384704
0.599859
-0.138027
0.200322
1.537610
5.679531
7.665180
5.958497
2.594069
-2.584918
-7.392634
-5.449249
-1.416614
-0.067060
1.784431
1.290628
2.290779
0.800986
0.368274
1.228744
0.722829
-0.726281
-1.009659
0.067611
1.240500
4.668399
6.052376
4.976473
1.626332
-2.423978
-7.121295
-5.521468
-1.972817
-1.486214
0.836928
0.140387
1.334355
-0.630326
-0.168220
0.319222
-0.481163
-1.743665
-1.996226
-1.747022
-2.469608
6.840189
7.950254
5.291932
2.379058
-2.879255
-7.269030
-6.479554
-2.812646
-1.417867
0.480812
0.479628
0.315601
-0.133088
-0.037917
0.455430
0.315900
-1.351460
-1.988268
-0.964019
0.967932
6.400460
7.872429
6.069668
2.018549
-3.662882
-8.092486
-6.500255
-2.118448
0.064606
2.021322
1.762636
2.018147
0.735829
1.062211
1.907844
0.761377
-0.875205
-0.858421
0.640871
2.013000
5.336200
6.201235
4.745832
1.118933
-3.310216
-6.331542
-5.131681
-1.486564
-1.367253
0.801412
0.566112
0.824013
0.225647
-0.178674
-0.907398
-1.241789
-2.573965
-2.835495
-2.554574
-2.729678
7.061060
8.220513
5.283273
2.158034
-3.966645
-7.975434
-7.328172
-3.770181
-1.671038
-0.322678
0.012189
0.108139
-0.369157
-0.352871
-0.318025
0.121492
-1.811272
-2.828577
-1.448136
1.090698
7.610149
8.658211
6.992366
2.078249
-4.866021
-8.592052
-6.677763
-1.422123
1.588079
2.548795
2.262596
2.976514
0.901863
1.388933
2.681711
1.278315
-0.702281
-0.600418
-0.100791
2.186668
5.209067
6.338797
4.522390
1.376627
-2.658242
-6.403722
-4.388395
-1.231239
-1.517076
0.949354
0.899417
0.835029
-0.186590
0.151107
-0.015339
-0.875172
-2.597135
-3.013802
-2.519897
-1.484542
5.896532
8.020096
5.753652
1.059237
-4.477032
-8.749489
-7.250769
-2.957937
-0.051657
1.598608
2.653828
1.668569
-1.027880
-0.273381
1.615935
0.871759
-1.318447
-2.110645
-1.041018
1.061369
5.571506
7.227082
6.904751
2.878181
-2.149976
-7.138816
-5.749388
-1.670940
-1.263478
1.437916
2.595631
1.366129
-0.471843
-0.983731
0.737454
-0.534504
-2.092156
-2.689725
-2.489600
-0.959333
4.343457
8.170507
6.130726
2.705598
-0.147001
-7.698668
-6.384968
-2.617902
-1.931049
0.604387
1.913258
1.173639
-0.921840
-0.744105
0.293262
0.235252
-0.967330
-1.648643
-1.671853
-0.679694
5.734807
8.723392
6.650859
3.168976
-0.263960
-7.736419
-6.687346
-2.645548
-1.715834
0.446078
1.936545
0.928567
-0.761525
-0.447679
0.291232
0.368335
-0.828152
-1.729445
-1.656502
-0.661938
4.945383
8.498948
6.751816
2.990257
-2.154790
-8.236888
-7.007057
-3.072241
-0.643817
1.364409
2.907034
1.358733
-0.334456
-0.446175
0.493017
0.508739
-0.890358
-1.775271
-1.265661
0.342711
5.191561
7.511315
6.874365
2.980119
-2.509326
-8.058392
-6.987911
-2.963069
-0.890539
1.567886
2.874751
1.407308
-0.364700
-0.415811
0.934003
0.584061
-0.912666
-1.651222
-1.507337
-0.416411
4.852308
8.376124
6.414695
2.864101
-0.095072
-6.919714
-6.033299
-2.665650
-2.369357
0.670895
1.974400
1.425933
-0.447365
-0.675941
0.661898
-0.189151
-1.694659
-2.359138
-2.263282
-1.214795
5.847579
8.614676
6.351371
2.623880
-1.192845
-8.150268
-6.886689
-3.103595
-1.278929
0.963535
2.467423
1.033683
-0.812583
-1.166417
-0.098658
-0.181262
-1.622932
-2.245034
-2.283888
-1.612041
6.859538
9.014194
6.931877
3.613848
-0.664435
-6.952484
-6.447528
-2.565491
-1.591217
0.611203
2.224487
0.984665
-0.727116
-0.357837
0.355759
0.208899
-1.178221
-2.063697
-2.080857
-0.596629
5.046061
7.692497
6.900906
2.803651
-2.575629
-8.773428
-7.444218
-3.088254
0.198514
2.038540
3.174300
2.667563
0.259084
0.316460
1.611994
1.601120
0.075731
-0.918009
-0.231480
1.497048
5.272175
6.541429
6.147696
2.407022
-2.691841
-6.503361
-6.182531
-2.137268
-1.500940
0.772041
2.120924
1.288221
-0.979427
-1.274841
0.398379
-1.038620
-2.405109
-2.937725
-3.139234
-4.403844
5.766033
8.276451
6.402755
3.364973
-1.446852
-7.514693
-7.339736
-4.033526
-1.712672
-0.346369
1.364059
0.483246
-1.415353
-1.122182
-0.227433
0.650284
-1.197908
-2.285714
-1.842646
-0.105070
5.882096
8.734721
7.807301
3.958644
-2.865150
-8.880095
-7.609137
-2.743149
1.045068
2.226232
3.301300
2.743538
0.385027
-0.510851
1.503752
1.464073
-0.165786
-0.003215
0.182173
1.080541
5.037526
6.432433
5.659495
2.628666
-1.354375
-6.148191
-4.797750
-0.601982
-0.646453
1.067652
2.664364
0.802179
-3.018504
-2.915745
-1.826641
-2.360725
-4.027578
-4.564837
-4.241551
-5.283279
4.737816
7.869444
6.154260
3.282894
-2.043162
-7.976842
-7.750825
-3.464692
-0.560483
0.547476
1.268366
-0.176721
0.431420
0.041435
3.047010
2.982760
1.214663
0.441555
0.426721
1.447115
6.431376
8.231811
7.027827
3.719463
-1.677619
-7.702170
-6.077384
-1.710492
0.826041
2.242279
3.156907
2.170487
-0.416772
-1.371330
0.127943
-0.276885
-1.745866
-1.338501
0.156129
0.558643
2.989376
5.065732
4.739928
2.920365
-0.212685
-4.225798
-4.928649
-1.566019
-1.240787
-0.143174
1.077642
1.347794
-2.474689
-1.787492
-0.645567
-1.153690
-2.542954
-3.014351
-2.949298
-3.788798
4.238439
7.480843
5.610419
1.719531
-2.451132
-7.234820
-6.170910
-1.888625
0.588384
0.900464
1.670670
1.118606
-0.680286
-0.026311
2.030231
3.070953
1.126358
0.770455
0.505424
1.897433
4.631336
6.505973
5.842289
3.360013
-0.967163
-5.141992
-4.558255
-0.973091
-0.521566
1.334633
2.806080
1.237400
-2.392387
-1.552236
-0.680377
-1.818751
-3.180973
-3.692808
-3.899918
-5.001974
4.783264
7.881423
6.202876
3.245091
-1.859147
-7.516285
-7.368656
-3.635975
-0.745982
0.139331
1.212139
0.248516
-0.396021
0.141404
1.814228
3.068116
1.129740
0.901254
0.703437
1.795187
5.568120
7.474925
6.546498
3.604896
-2.208695
-5.470494
-5.347752
-1.604442
-0.695502
1.578861
2.804719
1.403554
-1.368147
-2.300542
-0.227015
-1.151415
-2.694988
-3.377698
-3.456242
-4.336230
4.839938
8.237034
6.280268
3.567966
-1.228158
-7.684938
-7.434426
-4.031835
-0.574518
0.581102
1.944331
2.278282
-0.376909
0.073917
1.397253
2.048951
0.171814
-0.886942
0.386611
2.926798
6.010782
6.887258
6.091197
3.148332
-1.577670
-5.216578
-5.302963
-1.165789
-0.297259
1.400459
2.608145
1.442384
-3.078628
-1.578543
-1.055290
-1.550884
-3.202498
-4.172763
-4.511458
-5.804561
1.934241
8.170493
5.846492
2.691653
-2.004279
-9.065875
-8.699783
-5.527990
-2.398114
-0.964806
-0.464952
-1.639833
-1.333400
0.368982
1.639128
3.210954
2.232299
-0.409230
0.058299
0.843387
4.040829
8.658295
8.895631
5.637931
-2.344335
-8.233120
-7.216342
-2.127248
1.791597
2.391876
3.629728
2.743327
0.795659
0.091347
1.282213
1.054810
-0.198143
-1.241398
-0.668136
0.265509
3.381269
6.031493
5.775481
4.218982
-0.355235
-4.793681
-5.430464
-0.471160
-1.041086
0.242055
2.013252
1.343441
-1.890978
-2.192298
-0.386111
-1.544063
-3.107487
-3.969743
-3.989115
-3.127208
2.161894
8.860282
6.588217
3.662868
-1.936760
-8.043316
-7.672648
-3.356140
0.242876
0.896338
2.169671
0.932990
-0.883252
-0.272055
1.148427
1.641489
0.075442
-0.999369
0.320721
2.085147
4.877538
7.337345
6.677860
4.805880
-0.979761
-5.021504
-4.952405
-0.699606
-0.335785
1.372076
2.292139
1.674061
-2.738947
-2.536104
-0.359073
-1.630035
-3.343181
-4.092153
-4.127470
-4.440722
-0.680028
6.494526
6.144837
3.568775
-0.714008
-6.961855
-6.565390
-3.677493
-0.515341
0.303960
1.073207
-0.419347
-1.287320
-0.707581
2.274320
3.135280
1.594451
0.583594
0.420980
1.240391
4.311336
7.764667
7.322296
5.043157
-0.392483
-6.139343
-5.896631
-1.823997
0.279576
1.925680
3.127329
2.119725
-0.935657
-1.087998
0.415381
-0.143867
-2.198196
-2.245615
-1.360719
-1.062531
1.048041
4.987961
5.351859
3.884790
0.065318
-4.792902
-5.460503
-2.350863
-1.202371
0.392634
1.660163
1.940804
-0.600969
-1.970986
0.272046
0.014773
-1.314106
-1.910774
-1.689309
-0.791431
3.130845
8.241714
6.182459
3.869824
-0.356502
-5.600941
-5.647827
-2.561425
-2.044340
-0.263165
1.129192
1.705651
-0.650863
-1.058856
0.482425
-0.063597
-1.646023
-2.504241
-1.381132
0.627976
3.555646
6.180955
6.151689
3.417321
-2.039360
-7.060271
-5.654197
-1.704911
-0.195139
0.989570
2.220437
2.467348
-0.105889
-1.747424
1.055798
0.015049
-1.618831
-2.237429
-1.659242
-0.270771
3.129913
8.270173
5.914222
3.196739
-1.464120
-6.575856
-6.174260
-2.474289
-1.602872
0.343203
1.734146
1.663520
-0.196736
-0.463162
0.905965
0.130668
-1.645655
-2.486506
-1.621557
0.207309
3.647501
6.578582
6.234424
2.973749
-2.467949
-7.729748
-6.498071
-2.320393
-0.863373
0.912035
2.236154
2.518483
-0.100301
-0.389023
1.029860
0.279199
-1.563896
-2.159716
-1.780510
-0.280746
4.302038
8.654251
6.059666
3.120859
-0.314160
-6.488185
-6.190225
-2.205379
-1.557480
0.456893
1.840082
1.720994
-0.299852
-1.922944
0.735978
-0.385536
-2.083547
-2.445564
-1.065076
1.083198
4.733150
6.298199
6.224098
2.351145
-3.009890
-7.313509
-5.912780
-1.703107
0.209975
1.601436
2.475566
3.646843
-0.599200
-0.576436
1.225010
-0.222919
-2.467928
-3.033444
-1.974648
-0.095633
4.930927
6.839889
6.688906
2.769438
-2.377140
-8.409106
-7.430228
-2.907747
0.045562
1.590781
2.756151
3.140169
0.402595
0.560183
2.064766
1.975672
-0.906603
-0.798286
0.779179
3.055337
5.254691
6.609797
5.001294
1.942814
-1.732631
-5.746675
-5.989617
-1.528448
-0.877838
0.699724
2.100133
1.542071
-1.614297
-2.687367
-1.934754
-1.666339
-2.603757
-3.383951
-3.710326
-4.988925
4.618832
7.542303
6.211807
2.482471
-2.279770
-7.799286
-7.931946
-4.496043
-1.786371
-0.861330
-0.090512
-1.248462
-0.340999
-0.446177
0.987130
2.068925
0.361596
-1.339640
-0.093302
1.039318
6.204193
8.874743
8.641480
4.118545
-2.139103
-7.966881
-6.448264
-1.200815
2.726897
2.915529
3.849036
4.180480
2.026456
0.135929
2.769823
0.652797
-3.135571
-1.096418
-0.749205
-4.740192
1.249848
4.340769
3.795170
2.956969
0.444906
-4.001879
-5.809463
-0.595334
-1.746550
-0.674515
1.102428
1.107998
-0.317644
0.531845
0.090861
0.128284
-1.039394
-1.971395
-0.512961
2.356353
6.586425
7.409022
7.112788
2.081563
-4.033165
-8.810731
-6.805035
-2.117408
-0.611561
1.903754
2.857211
2.053270
0.357552
-0.806770
1.023464
-0.654372
-2.226408
-2.933588
-2.752875
-2.503062
5.838673
8.299002
6.052701
2.533344
-3.415165
-8.075771
-7.609990
-4.172289
-1.853310
0.179128
1.933331
0.902369
-0.977783
-1.161960
-0.516098
0.184520
-1.415137
-2.077376
-2.007385
-0.481894
8.064360
9.466381
7.550526
3.817599
-1.291230
-6.640285
-6.330560
-2.428875
-1.873094
0.506329
2.002773
1.134455
-0.671292
-1.160579
0.042592
-0.615860
-1.960941
-2.707298
-2.395245
-0.673526
4.841677
7.550104
6.935808
2.800609
-1.095311
-7.996706
-6.425774
-2.293038
-0.070695
1.617502
2.871680
2.464206
0.074284
0.024695
1.193408
0.870430
-0.564362
-1.471763
-0.811852
1.113732
5.275614
6.703340
6.293056
2.476000
-2.506048
-7.979392
-6.685871
-2.447625
-1.283179
1.317560
2.390861
1.995753
-0.486831
-0.084188
1.681564
0.410078
-1.610459
-2.390699
-2.134336
-0.937481
4.393808
8.479288
6.320150
2.542494
-3.321170
-8.511761
-7.705570
-3.691045
-1.523969
0.848690
2.430101
1.032608
-0.743787
-0.468567
0.316615
0.578270
-0.965981
-1.763380
-1.747764
-0.307150
5.815031
9.038308
6.907073
3.177047
-1.609382
-6.725274
-6.195845
-2.471734
-2.375984
0.518120
2.109582
1.048335
-0.672552
-0.748517
0.105744
-0.447546
-1.658468
-2.478446
-2.418166
-1.018077
4.880258
8.567680
6.717568
2.523426
-1.890083
-8.126698
-6.527425
0.485477
0.578071
0.344313
-0.423574
1.289442
0.927094
0.967984
1.739048
5.957920
-0.134011
0.525918
1.138528
-0.720201
-0.688648
-0.332525
-0.179137
-0.467746
-1.179217
1.660529
-1.111284
-0.067309
0.465516
1.057333
0.566670
-0.230078
-0.172811
-0.383190
0.572248
1.158180
0.607370
2.030502
1.368518
-0.164339
-0.693397
0.531603
1.313663
2.485111
0.847496
-1.677919
-4.646430
-0.084403
-0.457941
-0.494145
-0.665341
-1.123288
-1.745860
-2.280332
-0.930433
1.580000
2.415776
1.395878
0.762378
-1.163336
-1.680067
0.541745
1.695487
2.640688
2.261764
-0.865238
-2.841065
0.003869
0.568183
0.606078
0.117800
-0.541229
-1.283353
-2.023526
-1.031774
1.545577
2.560174
1.900148
1.091020
-0.482811
-1.371646
1.023864
2.063219
3.029135
1.759704
-1.411891
-4.067929
-0.194027
0.108085
0.142085
-0.362739
-1.031331
-1.770186
-2.319896
-1.024138
1.630973
2.643027
1.637229
0.515843
-0.926044
-1.588030
0.898739
2.148846
3.136634
2.249010
-1.096315
-3.152716
-0.019826
0.487897
0.440642
0.007256
-0.599343
-1.237758
-1.879933
-0.725332
1.669727
2.522165
1.899085
0.614562
-1.045308
-1.745254
0.719614
1.921035
3.130196
1.606356
-1.301684
-3.750862
-1.257980
-1.252761
-1.330091
-1.845631
-2.419695
-2.760726
-2.925279
-1.016664
1.755109
2.680736
1.494947
0.191579
-1.545466
-2.172834
0.440147
1.701958
2.688374
2.253822
-1.785896
-2.649871
0.129283
0.455559
