-6.577194
-3.831925
2.050457
-0.562415
0.989111
1.292836
-15.711229
-13.759380
-0.922610
2.455135
2.440189
6.999529
8.339442
5.218970
7.503081
11.422387
8.795745
7.970181
6.943285
1.615555
1.609358
1.537918
1.134494
0.801235
0.612002
0.756260
1.145508
-14.658072
-8.489190
-5.268670
-8.309147
-3.167252
-1.978383
-2.711182
1.158115
9.297848
11.619950
-3.120461
0.814581
1.742444
4.512070
4.666449
4.623516
4.482416
4.585783
4.894979
5.512489
-15.727488
-13.401363
-9.970311
-12.894558
-5.257722
-3.774761
-3.894045
2.242902
12.015991
10.071205
8.067280
-0.086703
1.203218
3.102154
3.393601
3.860710
4.557347
5.434795
6.373367
7.745067
-15.765182
-15.718994
-12.378109
-14.442007
-8.059914
-6.260573
-5.634235
1.095571
10.563345
13.774383
-8.922968
-2.408053
-0.767936
2.715673
3.495399
4.420652
5.559433
6.557066
7.653696
9.127937
-15.710901
-12.159182
-9.826791
-11.890927
-4.894252
-1.647073
-2.824065
2.899138
10.739332
13.821578
-7.733583
-1.228597
0.273708
3.449497
3.999529
4.889636
6.078011
7.167937
8.304703
9.906384
-15.743320
-15.102282
-10.513690
-12.723015
-5.718152
0.809989
-2.212187
2.161592
9.851027
14.377027
-7.313148
-0.419149
0.941304
4.589333
4.878266
5.712087
6.749961
7.867638
8.987322
10.735096
-15.779737
-15.739221
-13.481656
-14.022869
-6.889857
-0.312394
-3.646053
0.343709
8.395556
15.384591
-7.903099
-0.464280
0.801783
4.071039
4.392854
5.266265
6.310864
7.468374
8.557734
10.455121
-15.769403
-15.737365
-14.596192
-14.147063
-7.372902
0.027169
-2.338645
1.448847
8.225791
14.563914
-6.594028
0.277722
1.648098
5.651026
5.713311
6.886896
8.291788
9.529195
10.949410
12.958232
-15.828936
-15.778005
-15.707559
-15.363532
-8.514154
0.658019
-4.918866
-1.204847
5.702730
15.701535
15.704104
-6.224328
-4.294812
3.562002
4.211565
4.611864
5.443612
6.524604
7.849555
9.848398
-15.785151
-15.754475
-15.488685
-15.266491
-8.621901
-1.757736
-3.711284
-0.947596
6.567850
15.333068
-6.029826
0.606581
2.182713
6.383946
6.097474
7.285031
8.875751
10.234882
11.796199
14.110055
-15.839720
-15.811007
-15.732525
-15.704440
-9.797743
0.583293
-3.298412
-0.892212
4.770195
15.209930
15.702311
-7.991867
-5.022573
2.238142
6.915798
4.384832
5.189350
6.301746
7.650850
9.793723
-15.778057
-15.771820
-15.710493
-14.288137
-7.848368
-4.211930
-5.024985
-0.975462
6.970922
15.149549
-6.243018
0.250493
1.777549
4.644491
5.588669
7.477291
8.960179
10.350739
11.990922
14.236486
-15.826774
-15.811388
-15.732842
-15.658070
-8.751613
1.180446
-2.539518
-0.455210
5.812698
14.013463
15.706797
14.552261
-5.412821
3.973535
3.696466
4.032591
4.780017
5.769188
7.398219
9.605867
-15.774989
-15.779354
-15.733356
-12.684428
-5.630661
-7.256234
-7.461303
-1.676509
7.077458
15.716167
15.718944
-0.323612
0.695628
5.041032
5.741193
6.444525
7.467275
8.687059
10.187136
12.417683
-15.818500
-15.815546
-15.780002
-15.736043
-10.825134
-1.542412
-4.091915
-0.480381
7.155126
15.631396
15.728772
-5.621275
-3.430900
4.378436
4.752061
5.397730
6.329268
7.595737
8.992041
10.843596
-15.759977
-15.769217
-15.756814
-15.716114
-9.345952
-1.319194
-3.259538
0.518777
8.340714
15.244876
14.671337
-1.279144
-0.078581
5.076753
5.780764
6.762431
7.932546
9.361104
10.861505
12.894135
-15.750230
-15.787095
-15.764069
-15.729085
-10.314124
-0.812599
-3.930724
-0.910291
7.184253
14.189344
15.711117
-2.177424
-0.119915
4.795374
5.719812
6.461942
7.478034
8.887662
10.433578
12.624001
-15.761770
-15.785488
-15.771018
-15.706009
-8.340878
-3.199559
-5.685733
-1.513342
5.428489
14.113100
15.711991
-4.141354
-2.570856
4.330427
7.186118
5.496615
6.540396
8.020673
10.666460
13.086812
-15.780111
-15.785407
-15.767392
-15.729723
-13.803742
-9.373742
-5.529557
4.755312
11.783404
12.636531
-4.434976
-0.036080
1.456766
5.146619
5.326795
7.416268
9.185356
10.694654
12.393373
14.459016
-15.808800
-15.795030
-15.723944
-12.553687
-4.341034
1.540287
-3.965325
-1.561408
4.167139
12.215869
14.774036
13.027287
-5.963629
3.504611
3.074603
3.653230
4.887339
6.209473
7.886230
10.581928
-15.766939
-15.768142
-15.746423
-13.360544
-5.677009
-6.498870
-6.267840
-0.626374
8.832583
14.595520
7.791299
0.336073
1.459189
5.608509
5.928498
7.083269
8.637624
10.134761
12.000706
14.449565
-15.829958
-15.810312
-15.780971
-15.735458
-12.235702
0.015818
-2.113403
1.131730
8.782978
14.065313
15.705074
-6.862149
-4.540692
3.708496
4.609002
5.775081
7.039632
8.577805
10.189942
12.267103
-15.782873
-15.792130
-15.762648
-15.722857
-8.944492
-1.104690
-4.392815
-0.367084
7.147995
14.817930
15.713751
-1.752600
-0.388122
4.726994
5.561618
6.878388
8.382378
10.081735
11.958527
14.345114
-15.802192
-15.806073
-15.781633
-15.744812
-12.476930
-3.292281
-4.636451
-1.212778
8.031406
13.949525
19.542606
-0.560715
0.775943
5.667284
6.676653
7.673731
9.223221
10.871415
12.882462
15.514730
-15.808061
-15.813370
-15.790328
-15.750674
-10.861726
-4.332426
-5.977014
-1.479069
5.033412
13.664885
15.245184
-8.840837
-5.986349
3.345296
3.932312
4.758327
6.059866
7.699534
10.220211
13.118240
-15.761003
-15.766175
-15.750828
-15.716002
-12.113366
-6.580518
-2.316097
3.715007
12.503459
12.104719
-7.638160
-1.012546
0.518355
5.216279
5.927063
7.485882
9.239483
10.989034
12.979548
15.395312
-15.823878
-15.805891
-15.771861
-15.718764
-7.999519
0.422506
-3.759418
-0.979855
6.468590
14.041145
14.850683
13.278321
-8.672638
3.992647
3.897733
4.674416
6.132509
7.688900
9.691188
12.609251
-15.790044
-15.781971
-15.772997
-15.717526
-8.788250
-5.664966
-4.946674
0.255484
9.247390
14.955540
15.332622
-0.469091
0.903070
4.749455
5.863175
7.221879
8.803239
10.720693
12.940379
15.869444
-15.848515
-15.816039
-15.784412
-15.736828
-14.025310
-7.577880
-0.484204
4.757374
11.966953
13.329717
-10.565349
-1.030089
0.521038
5.383768
6.671155
8.883426
11.139647
13.233911
15.671770
9.249010
-15.895061
-15.888015
-15.839968
-15.767983
-12.775923
-5.620583
-7.460501
-1.680091
6.200418
10.979294
13.590892
-4.490780
0.703512
5.399719
5.752626
7.081670
8.917999
10.993864
13.221406
15.699711
-15.875492
-15.878038
-15.851657
-15.782688
-14.381249
-10.372427
-8.351132
-0.581052
8.149570
13.573983
14.743503
-1.311872
1.327786
5.804028
6.537088
7.582191
9.279442
11.240310
13.832808
15.575521
-15.940784
-15.900624
-15.852195
-15.789449
-15.724844
-12.586411
-7.990493
2.001236
10.394628
13.158271
15.507143
-2.513373
0.225435
5.103674
5.334691
6.779555
8.802488
10.702782
12.861848
15.514508
-15.848761
-15.839914
-15.802590
-15.753151
-14.846205
-2.442399
-3.812311
0.940395
7.353567
12.641315
15.701977
-6.688480
0.049058
5.383296
5.933606
7.494622
9.412256
11.405111
13.887383
15.705327
-15.892570
-15.878926
-15.838607
-15.786147
-15.729934
-12.059193
-7.296808
-0.651429
11.569556
11.405508
11.262790
-2.814974
0.036161
4.212280
5.456656
7.180345
9.277983
11.252151
13.460413
15.751828
-15.843857
-15.837399
-15.796994
-15.750617
-12.488186
-2.927621
-4.300347
-0.135170
8.559457
12.093418
14.257602
-7.481555
-1.224458
4.279881
4.871822
6.194429
8.189424
10.229758
12.632618
15.674142
-15.834836
-15.835534
-15.804458
-15.757455
-15.702448
-9.618075
-5.775030
2.161865
11.881412
11.456103
-9.008502
-0.899422
1.044718
5.996594
6.637142
8.278355
10.356189
12.518549
15.196198
15.645432
-15.908832
-15.882298
-15.828400
-15.771774
-15.707974
-8.765632
-4.615787
0.671306
11.371070
12.840740
13.149816
-2.837792
-0.627621
5.151289
6.051684
7.389672
9.376982
11.534966
14.158900
15.701348
-15.872083
-15.870708
-15.828177
-15.777205
-15.707674
-8.818551
-6.516222
0.251911
9.521642
11.748616
12.787440
-1.407921
0.746419
6.247461
6.643971
7.885143
9.940081
12.269889
15.059923
15.272317
-15.918888
-15.894096
-15.841781
-15.782626
-15.719578
-12.612486
-7.649558
3.045794
12.158273
11.703415
-9.492976
-0.950137
1.014918
5.250562
6.555520
8.359540
10.513955
12.983884
15.522988
15.631720
-15.930428
-15.900632
-15.842884
-15.780944
-15.713164
-10.070240
-5.873072
1.644526
10.330812
12.290188
13.262835
-2.856261
-0.406537
3.767013
5.324128
7.026159
9.351666
11.586697
14.174564
15.701848
-15.890634
-15.871266
-15.824512
-15.768639
-15.708582
-9.232069
-5.003076
2.183536
10.134428
11.641540
13.280692
-2.911350
-0.407216
4.163602
5.627784
7.531454
9.896707
12.148290
14.793592
15.701039
-15.893177
-15.867424
-15.824571
-15.768727
-15.709451
-9.032039
-5.195236
2.036925
8.904438
12.328220
13.643671
-2.634212
-0.221297
4.611237
5.847480
7.969022
10.587036
12.948179
15.579435
15.359030
-15.925908
-15.888793
-15.839633
-15.780512
-15.719307
-8.529190
-5.406982
1.201269
8.422683
12.637494
14.390095
-7.836080
-4.870242
1.186724
6.875040
6.902270
10.278909
12.137565
15.414519
14.147185
-15.917455
-15.868310
-15.828803
-15.773847
-15.715702
-12.422159
-8.657003
0.392490
12.671041
11.062294
9.910411
-4.841307
-0.945368
3.782038
5.736788
7.921301
10.967787
13.560322
15.708086
15.700651
-15.899747
-15.874908
-15.822331
-15.765457
-12.508626
-3.375973
-6.785003
-0.976213
6.891422
11.015307
12.377567
-8.046195
-5.052735
2.459017
4.118795
5.766672
7.743993
10.963778
14.680477
14.452421
-15.867008
-15.848944
-15.809689
-15.758616
-15.601784
-10.473802
-7.704458
0.918394
14.050823
10.314540
10.766564
-9.348310
-2.214333
2.033204
3.758432
5.844063
8.439122
10.649611
12.983055
15.743990
-15.831312
-15.807969
-15.772408
-15.722042
-10.448687
-2.359310
-2.200334
1.808419
9.084283
11.973781
11.481351
-8.086312
-0.943951
3.140063
4.987864
7.378874
10.337519
12.937785
15.587555
15.705077
-15.925905
-15.865981
-15.822765
-15.763919
-15.702348
-3.475320
-4.245944
1.162626
6.861087
11.889452
13.983913
5.266664
-5.296810
0.213974
4.185599
6.694483
7.804875
11.946600
16.295712
13.102546
-15.909677
-15.875954
-15.826588
-15.771720
-15.709080
-11.725787
-6.166514
2.720817
13.055988
11.956498
12.497879
-7.348012
-2.393375
1.848723
3.794838
6.030720
8.922235
11.337793
14.281555
16.332344
-15.856692
-15.826981
-15.801854
-15.750772
-15.162864
-7.537247
-3.704063
1.194312
9.696108
10.587472
10.483164
-9.126100
-2.135417
2.231383
3.303804
5.801560
8.342845
11.613110
15.158671
15.109624
-15.849883
-15.825993
-15.785604
-15.735707
-12.154654
-2.132146
-1.922939
1.712694
8.796263
12.631476
12.141914
9.184171
-5.835413
-0.244057
3.439432
5.280612
7.823346
11.681943
15.758861
13.951572
-15.875359
-15.844118
-15.802876
-15.752368
-15.183187
-7.071283
-2.520972
1.750157
10.576817
11.577943
11.552251
-9.137673
-6.452459
0.339692
2.221102
4.804996
7.666492
11.964890
16.033396
15.217794
-15.880399
-15.845749
-15.801400
-15.750330
-14.823606
-5.575089
-1.671292
2.088605
10.904144
11.259425
11.072114
9.303968
-3.406965
1.312553
3.209311
5.672515
8.561683
12.934011
17.274017
15.703968
-15.912281
-15.869388
-15.819160
-15.765646
-15.700231
-5.702562
-2.384305
0.646315
9.856513
12.445090
12.183488
9.427499
-8.362999
-0.802544
2.264170
4.515337
7.515075
11.041403
15.324452
13.227013
-15.894289
-15.869832
-15.818649
-15.765575
-15.708532
-7.798453
-4.050775
0.677959
9.202865
11.849936
11.702843
-12.789311
-7.393981
-0.469600
1.791275
4.202081
6.878206
10.962146
15.200105
13.861505
-15.849339
-15.826381
-15.785047
-15.737742
-13.648394
-3.818313
-0.902523
1.724965
10.034315
11.280934
10.904375
9.366122
-8.120768
-1.261048
2.377212
4.743967
7.719987
12.174531
16.478905
15.704138
-15.885446
-15.844064
-15.799382
-15.748970
-13.949238
-4.082981
-2.045836
1.594713
9.567523
11.539530
10.957345
6.067083
-14.824744
13.848976
0.315934
0.138277
4.922625
9.403611
13.806796
15.362194
-15.821204
-15.804199
-15.764024
-15.713244
-5.433906
1.167518
-3.924970
-0.804470
7.289349
11.207973
10.913429
8.108506
-7.435416
1.700022
2.571946
5.552778
8.986609
14.040668
18.701075
15.703275
-15.962576
-15.895905
-15.845933
-15.787130
-15.721829
-8.387513
-4.713805
0.123395
9.772147
10.516938
11.818248
9.430368
-9.947902
-1.290740
1.782464
4.037252
6.688953
10.508809
15.007809
17.024355
-15.895576
-15.877353
-15.829160
-15.775121
-15.717003
-8.276268
-4.946662
0.781926
9.264235
11.778875
10.902338
10.150600
-6.711524
-1.607628
4.917576
4.304468
7.608687
11.959260
16.426371
15.129811
-15.914314
-15.871313
-15.824896
-15.771428
-15.712052
-9.065945
-4.311589
1.701333
10.880717
11.086347
10.374640
8.169809
-7.716558
-2.432322
2.349113
4.007787
7.204741
11.859493
16.473774
15.702425
-15.916889
-15.870681
-15.824815
-15.770187
-15.211815
-5.757152
-3.771111
0.428925
9.043801
11.664275
10.518814
8.244432
-7.376789
0.261565
3.200853
4.449712
8.945084
14.330582
17.915262
15.703093
-16.011003
-15.941988
-15.875529
-15.810987
-15.735400
-10.332360
-6.030402
-0.231836
10.515903
8.066395
13.309928
9.914524
7.497154
-2.662059
2.452478
3.270593
6.297833
9.827159
14.779373
13.530442
-15.909953
-15.909434
-15.856306
-15.800300
-15.738485
-10.835680
-7.027934
-0.533160
8.399094
12.039808
11.252279
8.774275
-7.198516
-2.362971
1.907780
4.543907
7.932726
12.621398
17.215452
15.702421
-15.913182
-15.866323
-15.823979
-15.772649
-15.714717
-8.121537
-4.421656
2.805600
9.869949
11.340245
10.630110
8.139915
-9.052680
-1.516339
0.590470
2.827797
6.123075
10.430874
15.117011
14.257491
-15.892440
-15.866502
-15.822620
-15.768301
-14.467257
-5.333790
-3.637920
-0.545389
7.695312
11.914474
10.597949
8.092777
-7.872302
-1.535485
0.049669
4.021738
7.272715
12.376081
17.067461
15.705414
-15.937201
-15.871399
-15.824187
-15.770384
-15.711823
-6.371482
-3.310421
2.110308
9.730564
10.921010
9.683741
7.237600
-6.946425
0.806001
2.637083
5.477020
9.257076
14.404860
19.183199
15.704018
-16.019178
-15.942372
-15.878861
-15.810520
-15.730698
-8.668257
-8.012117
-0.784877
8.136205
9.601974
13.947064
10.172467
9.323997
-1.276166
1.738844
4.252603
7.255894
11.694036
17.056013
10.203696
-15.968953
-15.932477
-15.868367
-15.811695
-15.741088
-12.728470
-8.706676
0.259332
8.815337
11.289695
11.249713
8.407806
-11.020388
-0.916341
1.125056
3.247785
7.002872
11.862803
16.733297
14.378727
-15.894811
-15.858196
-15.817031
-15.769438
-15.714067
-9.254123
-4.589798
1.952899
10.396194
11.956117
11.138618
8.527676
6.526289
-2.427977
-1.433812
-0.073079
5.602160
10.448547
15.488159
15.482371
-15.872952
-15.864100
-15.823627
-15.722715
-12.496256
-5.481776
-5.135256
-1.140933
6.152266
13.691414
12.339727
9.267988
-10.119527
-1.035630
0.616148
4.668742
9.277997
13.149954
18.273573
12.475771
-15.966357
-15.924788
-15.861634
-15.806940
-15.743087
-14.264127
-9.516774
1.383058
11.196691
12.161160
11.634258
8.927473
5.897754
-5.782096
-1.478614
1.411253
4.280575
7.962102
12.970954
17.868593
-15.804209
-15.829840
-15.797555
-15.754699
-10.077998
-5.741346
-6.466347
-1.625710
5.795500
13.416105
11.889651
8.853947
8.162736
0.421315
3.012099
5.664434
8.657146
12.992488
18.041069
-5.962339
-15.945543
-15.912987
-15.858170
-15.806046
-15.741076
-14.328084
-10.751957
-0.033934
11.159539
11.781398
11.194185
8.374749
-11.631691
-3.925707
0.796716
3.215562
6.699508
11.473680
16.461308
12.316857
-15.852457
-15.836250
-15.800998
-15.760975
-15.708797
-10.682230
-4.953768
3.097361
12.157469
10.867119
10.422379
8.175811
-1.815122
-1.542130
0.835001
6.985347
7.570581
12.348999
17.459820
15.098995
-15.884089
-15.871022
-15.831909
-15.848988
-15.703163
-8.548022
-6.074869
-0.345056
7.774140
13.335505
11.923310
9.279617
8.173788
-1.857477
2.529657
3.372840
8.254575
11.831417
17.373936
12.654904
-15.932576
-15.912202
-15.868754
-15.814791
-15.721728
-12.321679
-8.146386
-2.150176
6.461058
13.247714
12.780491
9.472473
-9.777820
-7.182163
1.170393
8.222806
16.427572
16.653593
13.554550
0.120327
-16.002329
-15.922015
-15.868085
-15.813036
-15.746108
-14.016098
-11.035605
-7.454546
1.194597
15.704345
10.937603
8.046187
-7.351653
-1.777042
5.017749
8.052635
10.314590
14.868937
19.041042
11.482505
-15.830110
-15.847528
-15.821783
-15.780939
-15.725352
-12.607348
-9.837488
-2.865306
8.931159
11.089417
10.011883
6.152700
4.493115
-6.571516
1.647045
3.434673
5.527353
8.200296
11.525141
16.107599
-15.760783
-15.797189
-15.784101
-15.749717
-15.493214
-10.297039
-7.618653
-2.331861
14.114425
11.918153
9.963585
-3.457243
-2.799010
2.037016
3.909326
5.823051
8.856540
12.021084
15.670203
14.436726
-15.844564
-15.835092
-15.804672
-15.764652
-15.709439
-10.728112
-8.230709
-6.398767
2.598205
13.205986
12.415590
-2.726130
1.456430
5.473405
7.693840
9.933396
12.787469
16.937403
15.853531
15.709839
-15.925269
-15.890237
-15.857103
-15.807052
-15.746954
-14.152600
-11.186307
-8.560937
1.291248
13.026313
11.143836
8.219113
-6.436139
11.415970
3.470721
6.239374
9.602624
13.803592
18.086399
13.906828
-15.842078
-15.836473
-15.808627
-15.775177
-15.722694
-12.133316
-9.424022
-7.022227
2.513051
13.022976
12.217484
9.394570
0.541887
4.334167
6.069824
8.247531
11.573929
15.853536
14.757286
10.826872
-15.867993
-15.862986
-15.837394
-15.793158
-15.725769
-13.459144
-10.550788
-7.994659
0.817382
12.725022
12.052649
9.067054
0.570054
3.541154
5.544012
7.400765
10.637506
14.832438
18.894186
18.737684
-15.869469
-15.852634
-15.828022
-15.788522
-15.734923
-13.272957
-10.391331
-7.945692
-2.920007
12.490992
14.207070
-0.393892
3.449019
7.253822
9.282382
11.281835
14.337005
18.218916
12.386624
15.705961
-15.932219
-15.879876
-15.851942
-15.801125
-15.747313
-14.308326
-11.741852
-9.518680
-4.762180
12.654688
-2.084394
3.773001
6.374872
10.239125
13.106696
14.075559
15.394670
13.529381
15.697097
-0.003404
-15.928507
-15.870375
-15.841673
-15.799588
-15.732930
-14.096114
-11.451537
-10.111988
9.074900
3.256566
9.768964
15.745037
-5.367321
1.568835
15.720655
4.040864
-5.053368
0.153484
-0.186368
5.728496
4.083747
6.532607
7.961646
8.611668
8.857970
7.597592
-5.639079
-5.163513
-2.580864
3.182501
0.334040
1.826568
2.126021
2.463501
-15.736028
-15.710643
-6.978032
1.813859
3.119889
5.162731
7.961361
4.959395
4.059000
9.299169
11.071371
8.976651
8.425186
5.072162
2.716313
2.259354
1.995648
1.586792
1.327085
1.326705
1.891604
-15.753470
-14.572100
-7.242218
-5.965895
-3.610487
-1.123554
-4.272697
-1.893486
5.615099
8.792871
11.959576
-1.599057
0.774179
2.804938
3.660166
3.692352
3.500831
3.766642
5.501064
6.347216
-15.937778
-15.883312
-15.769395
-15.732048
-15.691600
-11.476684
-7.369787
-3.208214
3.333299
15.339576
15.781943
1.402789
6.452755
9.262667
12.092215
13.606771
13.361200
14.563715
14.228148
0.007570
0.187597
-16.177101
-15.916888
-15.761715
-15.755149
-15.749666
-14.940916
-9.857733
0.224156
12.478540
11.550257
15.700970
2.495895
6.014392
15.713376
15.723849
15.709476
-0.000663
0.002700
-0.000005
0.000384
-15.997787
-15.787510
-15.801061
-14.790987
-7.188094
-13.308216
-14.536305
-13.436424
-3.245473
6.601722
-10.576327
-3.419927
0.522964
3.734056
6.293201
6.717886
8.462524
10.981253
14.494861
17.683603
-16.212015
-15.918335
-15.838089
-15.813120
-15.732331
-12.061340
-7.360444
-8.964021
-10.574954
7.943633
5.623988
-2.517302
2.384170
5.363047
8.789689
10.111641
11.584087
14.134211
17.391718
16.579285
-16.174051
-15.877931
-15.815775
-15.804291
-15.722175
-11.012731
-6.246681
-8.219769
-10.337223
8.650626
7.666388
0.021172
4.365012
15.831949
10.611097
11.275263
12.565192
15.027069
18.385292
15.855967
-16.256424
-15.928074
-15.856969
-15.813787
-15.740021
-12.320816
-7.617015
-9.465888
-12.338964
8.699235
-9.168547
1.268352
5.843120
13.689822
11.710091
12.617272
14.365717
16.919909
19.929720
15.829931
15.709895
-16.001303
-15.926141
-15.855619
-15.771029
-15.393901
-10.560810
-11.555900
-15.306863
5.240015
-3.465195
1.342921
6.015090
7.186160
11.361216
12.781102
14.729727
17.143169
19.081001
15.787156
14.638508
-15.915550
-15.883795
-15.837630
-15.769806
-15.697023
-10.335056
-7.195512
-14.955473
-1.944932
10.769058
10.815159
13.947962
13.739598
17.681160
14.845850
13.351103
29.427402
3.895214
-14.460307
-5.475528
-0.080350
5.146424
9.619429
-0.047817
-0.902502
3.798447
-0.912839
0.000617
0.008273
-9.540154
-6.546188
-7.425819
-4.699931
1.112917
-0.489194
-0.094382
0.207555
0.512472
-12.963039
-7.795348
-1.739305
-0.133243
0.129402
1.222004
4.590709
7.021042
6.610470
5.341902
9.818222
10.536019
9.555719
9.200076
8.848552
4.093349
3.789991
3.145734
2.446099
2.512230
3.034218
3.835316
4.628787
5.356387
6.250989
7.296875
8.511750
-0.099669
-15.995393
-15.906559
-15.786248
-15.762486
-15.721413
-13.460213
-1.589312
-0.066621
-0.475646
2.192960
1.339369
-0.561321
11.188047
15.900360
15.901494
15.916480
15.572396
15.666799
-0.280744
-0.000327
-4.032351
-2.145486
1.565549
-7.030027
-0.124865
1.138440
0.022143
3.780898
-4.633842
0.000588
-0.000778
-5.664170
-6.315117
-3.702486
2.084304
-0.573073
0.730677
0.866469
1.198281
1.494028
1.821921
2.140592
2.561898
2.975108
3.467472
3.959188
4.533461
5.098159
5.728870
6.322562
6.946492
6.906027
5.679328
4.924862
4.856050
4.575210
4.079937
3.474601
2.747979
1.989208
0.980886
-0.055399
-1.257757
-1.894115
-2.671449
-6.083712
-9.427719
-12.126801
-13.034479
-11.405154
-5.935016
-9.234836
-6.237097
-0.311995
-1.960108
-1.095403
-0.626390
-0.209024
-11.452804
-5.472022
-1.153198
-0.886902
-0.887157
-0.604346
-0.282905
-0.648671
-0.956798
0.910821
6.950368
15.746255
15.846543
15.907684
15.902130
15.677236
15.692096
15.473871
15.662251
-0.875892
-0.000398
-0.000348
-0.000010
-0.000018
-0.000043
-0.000062
-0.000071
0.000002
-0.000132
0.000197
-1.173520
3.949702
-0.740284
-15.972520
-15.974116
-15.899387
-15.817078
-2.516973
1.453294
-1.835744
0.348288
-0.828724
-1.190292
-1.109643
-0.016802
0.366605
-7.278486
-7.024590
-2.862602
2.924168
-2.844000
2.759148
-1.196358
0.662211
-15.709264
-13.396997
-2.331290
1.390572
1.194791
5.888561
5.667338
5.138974
15.866750
15.909613
5.805008
14.085035
15.931784
15.949364
15.851830
0.014520
0.011692
-0.004528
-0.350412
-2.027888
-1.655585
-3.621873
-5.791747
-5.826029
-3.238285
2.612826
1.333806
1.271646
1.540995
1.794365
2.090159
2.354290
2.674367
2.971291
3.334151
3.660287
4.042192
4.388178
4.784332
5.098088
5.457074
5.803993
6.233371
6.651014
7.200186
7.757940
7.674380
6.821910
4.728605
2.147066
-0.125696
-0.677418
-0.295418
0.405680
0.756041
1.437690
1.785503
1.860359
0.793060
-0.200839
-0.231275
-6.031864
-7.516271
-4.664920
1.223924
-1.355885
0.151295
0.599238
0.903478
1.219429
1.493164
1.825314
2.135093
2.505391
2.850350
3.269820
3.661734
4.121764
4.577020
5.139771
5.730814
6.682685
7.480636
8.445516
9.389030
10.193880
10.811873
11.177526
11.321231
0.000000
-0.013184
0.020691
-0.143702
4.458342
-1.095956
-2.887542
-6.599833
-8.853395
-9.426122
-9.512675
-7.445047
-7.045099
-9.539911
-12.255253
-6.620800
-9.484672
-6.329313
-0.670521
-2.528701
-2.290207
-2.042878
-1.795461
-1.554694
-1.318222
-1.087680
-0.881969
-0.625573
-0.398756
-0.107605
0.178975
0.481609
0.825667
1.104441
1.631030
2.158889
2.730997
3.130273
3.228107
2.876494
2.152371
1.528603
0.912229
0.414650
0.013431
-0.369841
-0.779067
-1.219255
-1.765021
-0.895841
-4.310542
-3.028278
-2.625636
-2.187190
-2.992717
-4.239879
-5.809271
-11.401036
-7.646825
-1.673565
-3.976701
-2.727038
-1.781844
-0.822147
-11.019025
-7.889054
-3.013058
-0.795867
1.746663
0.890324
-0.229318
-0.430942
-0.201514
0.150247
0.133498
0.197500
0.211206
0.348680
0.312913
-0.864653
-1.524030
-0.360628
2.028503
6.582199
12.056704
15.715059
12.698425
2.584945
-6.152713
-8.918324
-5.842291
0.012092
-0.163088
-1.030702
-0.620261
-0.308100
0.027815
0.368583
0.790421
-9.853091
-6.365415
-1.592431
-0.951501
-1.054873
-1.041305
-0.725665
0.501898
1.193619
1.117033
15.720066
15.803061
15.892357
7.716668
6.405966
6.585793
6.222878
6.060350
5.718782
5.001664
5.123376
5.551567
5.458371
6.709716
4.928388
2.685770
-0.102352
-0.689213
-2.360717
-0.286021
2.417318
-5.754458
-9.343295
-0.066737
-3.536701
-3.847665
-4.837829
-0.229715
-15.997865
-15.911161
-15.752246
-15.870678
-15.824324
-6.031557
-7.194094
-4.575060
1.142026
-1.755065
-0.229783
0.018493
0.319108
0.656492
1.003715
1.345927
1.775343
2.220366
2.752266
3.310576
3.970334
4.653936
5.440577
6.231183
7.275373
8.178406
9.280697
10.461167
11.396668
11.688164
11.859888
-0.006711
-0.401931
-0.001410
0.000130
-0.011940
0.002326
-1.185571
-2.177219
-3.328560
-3.945556
-5.396605
-8.958656
-12.924274
-14.578383
-15.033891
-13.638441
-12.358031
-6.278296
-6.785626
-3.847054
2.047919
-0.387426
1.068133
1.523633
1.855624
-14.504532
-9.445048
-2.181061
1.762164
1.665358
3.085169
5.959803
7.210809
5.769486
1.887332
5.458299
14.161800
12.245847
9.313800
7.033689
8.899548
13.168633
15.699131
5.041823
5.235154
-0.006000
0.000088
-15.983229
-15.756140
-8.624320
-1.881282
-2.335470
-15.738109
-15.694074
-14.378127
-11.739858
-7.959280
-5.485124
-6.110822
-1.131327
-0.159231
3.139540
-5.998566
-6.937303
-4.123556
1.654886
-1.087955
0.398623
0.637599
0.949711
-14.881682
-10.822432
-2.097001
0.685524
1.189126
2.371944
5.685585
7.416265
5.856816
5.238644
11.182256
10.628534
9.613342
9.237631
9.156133
3.944549
3.422735
2.833814
2.370867
2.276811
2.605531
3.470499
-15.728391
-12.582761
-5.570531
-3.411991
-3.613261
-4.789526
-6.902147
-4.015856
5.564668
10.767863
10.775233
21.685232
-0.114661
2.545434
3.510647
3.417247
3.767191
4.558983
5.532657
6.954720
-15.833293
-15.827734
-15.766639
-15.756713
-15.719141
-10.475991
-7.201625
-1.491111
8.040235
13.048532
-9.104766
-2.040981
0.762684
4.100392
5.157408
5.808227
6.722350
7.628819
8.656709
9.929146
-15.752926
-15.734545
-13.250915
-13.291217
-7.652871
1.585628
-2.984598
0.212208
6.157009
12.945240
20.641300
-1.557503
0.826415
3.052400
4.657613
5.030919
5.667312
6.399191
7.354986
8.757715
-15.773272
-15.779751
-15.730179
-15.721878
-12.712999
-2.389447
-3.831499
0.217714
7.005199
12.758855
-8.200997
-1.420207
1.305288
3.719773
5.269116
5.992653
6.915186
7.986359
9.052117
10.455928
-15.783593
-15.739842
-15.701790
-14.459059
-8.651694
0.911947
-3.028905
-1.114923
4.760429
13.703849
15.712346
-1.510346
0.585560
3.937845
4.851927
5.268021
5.577119
6.307215
7.216641
8.619090
-15.777758
-15.778696
-15.733122
-15.725114
-12.810203
-2.159625
-4.462280
-2.031378
5.132267
12.900416
15.705434
-2.082266
0.751495
4.120071
5.240129
5.862743
6.611552
7.590571
8.569449
9.981825
-15.773226
-15.775826
-15.723125
-15.705544
-11.001592
-0.164335
-2.050715
-1.581809
4.922015
13.113562
15.712945
-2.098824
0.220281
3.616252
4.655015
5.181340
5.631780
6.384021
7.195244
8.449920
-15.751839
-15.766337
-15.728309
-15.710126
-11.871712
-0.879631
-2.450807
-1.895373
3.631361
12.358570
15.715020
-2.887451
0.034127
3.350418
4.720402
5.316166
5.954101
6.895194
7.811294
9.130248
-15.736369
-15.751013
-15.717659
-15.284847
-10.995965
-0.539756
-0.702166
-1.958991
3.722162
12.562048
15.729824
-7.106088
-0.840633
3.254280
4.406938
4.985489
5.387959
6.143224
6.907109
8.068121
-15.722713
-15.743486
-15.720085
-15.681575
-11.171429
-0.666117
-1.523443
-2.325602
3.581193
13.060980
15.742702
-7.255874
-1.001647
3.228945
4.434122
5.048203
5.369080
6.128877
6.849161
8.002172
-15.719804
-15.731645
-15.723784
-14.886097
-11.010189
-0.999488
-1.410435
-2.510391
3.272375
12.920692
15.748712
-7.268816
-0.779668
3.246527
4.498084
5.099621
5.383833
6.100901
6.830301
7.953329
-15.724643
-15.741959
-15.725932
-14.389561
-10.835056
-0.733705
-1.905324
-2.591606
3.183295
12.407444
15.749020
-6.987037
-0.461127
3.203479
4.455295
4.907845
5.201519
5.921147
6.636055
7.734184
-15.710442
-15.739998
-15.728536
-14.500453
-11.113876
-0.973572
-1.399577
-1.553909
3.871992
13.444900
15.749602
-6.947950
-0.760034
3.088952
4.251142
4.787827
5.135311
5.907918
6.585866
7.590179
-15.708288
-15.731156
-15.717142
-13.182490
-10.367980
-0.619637
-1.460826
-2.107141
3.314587
12.836461
15.744226
-5.712154
-0.503765
3.906478
4.916797
5.448336
5.772921
6.533112
7.225130
8.274922
-15.720594
-15.745743
-15.726161
-13.510214
-10.364219
-0.264600
-1.994467
-1.781042
2.886615
12.376761
15.742195
-3.176970
-0.154503
3.528232
4.705212
5.272459
5.545206
6.275683
7.026242
8.081724
-15.721238
-15.749374
-15.733482
-14.385880
-10.500644
-0.566556
-2.717617
-1.910282
3.264785
12.814371
15.738032
-4.574762
-0.018673
2.974690
4.318063
5.064403
5.521516
6.369182
7.049317
8.000286
-15.156233
-15.732186
-15.724854
-14.181567
-10.125154
-1.662407
-0.930161
-1.123809
3.581104
13.213593
15.739274
-7.646403
-0.667224
2.559489
3.767596
4.641945
5.044835
5.859347
6.486098
7.296857
-14.435181
-15.706813
-14.126403
-11.110062
-9.053693
-0.100793
-2.395533
-2.229719
2.142163
12.232997
15.728127
-1.472747
0.459180
3.666998
4.871395
5.689790
6.186489
7.052498
7.835792
8.823376
-15.721518
-15.743322
-15.722549
-13.512126
-10.931950
-0.830671
-0.311206
-3.111541
1.745210
11.687337
15.734878
11.382645
-4.551802
0.843453
1.456166
3.473814
3.602935
4.207644
5.098954
6.020248
-14.674608
-15.711446
-15.717074
-14.332857
-10.897838
-1.343329
-1.206321
0.460075
3.933131
15.099250
-8.061243
-0.319780
1.203465
3.439687
5.042233
6.362274
7.515395
8.605769
9.548329
10.642562
-15.734503
-15.740959
-14.174599
-10.006807
-8.183167
0.654983
0.865710
-2.094784
1.566921
10.460589
15.730361
15.386224
-4.747169
7.483171
3.104470
3.993872
4.225503
4.979386
5.731647
6.788505
-15.754905
-15.771532
-15.738082
-14.377405
-11.172057
-0.914813
-3.787178
-1.650796
3.279555
13.282109
15.759711
-2.097275
-0.028077
3.108709
4.320712
5.061347
5.636629
6.472242
7.174552
8.219693
-15.712543
-15.740430
-15.737260
-14.891409
-10.251866
-1.359458
0.335187
-1.189787
3.601677
13.142385
15.743142
-8.119723
-3.994274
0.424309
1.582091
3.445710
3.755818
4.498742
5.083809
5.925967
-14.065257
-15.705938
-15.707527
-13.233071
-9.595404
-0.202923
-0.125952
-0.637118
3.306764
13.837049
15.733230
-2.511396
-0.312933
3.168044
4.541358
5.407385
6.130986
7.090914
7.832852
8.810925
-15.345969
-15.720157
-15.702459
-11.366409
-8.989135
-0.179041
1.534109
-1.512536
3.104368
12.301704
15.746399
14.548569
-5.093563
8.436775
2.508496
2.806505
3.167998
3.870520
4.360185
5.252003
-14.112115
-15.710502
-15.712964
-14.057606
-11.239984
-2.151883
0.490198
1.025987
5.251969
15.215437
-7.218317
-1.165754
0.781686
4.007592
5.451474
6.389133
7.187326
8.221921
9.082235
10.082335
-15.707321
-15.744301
-15.718507
-11.796230
-8.846449
0.785965
1.096206
-1.810756
1.509094
9.931085
15.608834
14.695420
-5.955881
-2.111606
2.482037
6.773821
1.689657
2.009423
2.711120
4.099269
-15.721019
-15.739012
-15.734208
-15.700247
-11.989656
-0.420659
-1.041417
1.126541
6.668351
15.552840
-4.651636
0.490299
2.226825
4.057469
5.906824
6.809335
7.551311
8.533819
9.426024
10.583898
-15.776171
-15.774828
-15.751578
-14.411174
-10.196948
0.452452
1.764999
-1.646485
2.957612
11.122107
15.754700
15.702225
-7.271759
0.014291
2.257741
2.398175
2.710292
3.199323
3.923873
5.108265
-15.703581
-15.730596
-15.727760
-15.083951
-11.871801
-0.864089
-0.450535
1.238482
5.874786
14.099319
-4.277073
-0.070185
1.439204
4.151555
5.578660
6.497384
7.504997
8.389493
9.315869
10.309334
-15.742800
-15.747663
-15.701304
-10.876721
-8.685542
0.630260
-0.245904
-1.990469
2.101857
9.512149
15.734360
15.718073
-6.778130
0.913052
2.424313
2.089222
1.676525
2.037060
2.755847
3.850118
-15.747516
-15.737728
-15.700568
-11.950274
-10.399070
-3.651071
-5.032337
-2.356319
3.650927
13.652566
15.731008
-1.580675
0.603633
3.278329
5.037602
5.595650
6.241625
6.973159
7.734509
8.803257
-15.712414
-15.734756
-15.717387
-13.324342
-10.679191
-1.603136
0.258016
-1.009102
3.731019
12.606870
15.744870
-9.535473
-4.662695
1.975263
3.890194
4.376036
4.536596
5.134505
5.684796
6.586319
-15.716403
-15.721742
-15.701784
-11.976740
-10.821719
-1.697290
-3.232491
-2.431423
2.804059
12.343587
15.749244
-4.667273
-0.995747
2.973787
4.362646
5.020149
5.425163
6.143333
6.777551
7.806794
-14.827744
-15.720895
-15.708282
-12.553371
-10.907566
-1.859194
-1.008031
-1.899491
2.660171
12.324974
15.743757
-7.620884
-2.443847
1.996303
3.490835
4.025847
4.260998
4.874444
5.655231
6.511370
-14.271111
-15.593071
-15.105445
-11.855725
-9.258808
-0.909049
-1.999841
-1.050751
3.891538
12.994421
15.733854
-1.867283
0.046264
3.394390
4.791618
5.682627
6.243350
7.043861
7.703583
8.611613
-14.691878
-15.714201
-15.496368
-11.627756
-10.199600
-1.361946
-0.647125
-2.500788
1.947533
10.993410
15.731096
-2.929626
-3.620496
0.616357
3.008557
3.892467
4.073633
4.767347
5.576919
6.395319
-13.641165
-15.655389
-15.457527
-12.618196
-9.737277
-1.229959
-1.635099
-0.704319
4.005770
13.253860
15.735813
-1.991670
-0.142923
2.773566
4.185208
5.378811
6.238864
7.144753
7.811114
8.703149
-13.733005
-15.283571
-12.483071
-10.785842
-8.985556
-1.391061
-1.347525
-1.812859
2.719982
11.237811
15.730993
-7.463639
-0.028824
2.633926
3.495457
4.632696
5.191128
6.075176
6.895993
7.893619
-15.733639
-15.732169
-15.318963
-11.003881
-9.212714
0.299632
-1.752519
-3.156602
1.178390
10.391939
15.745592
15.739851
-6.206956
0.027759
2.055462
2.213755
2.323667
2.719712
3.576549
5.338475
-13.949280
-15.653132
-15.700549
-13.094349
-8.183317
-1.749352
-0.735475
0.458620
5.138144
13.515948
-6.512597
-0.336552
1.473413
3.494791
5.115585
6.142809
7.195281
8.058279
8.981001
10.084010
-15.730071
-15.736654
-14.729045
-10.140236
-9.518318
-1.430300
1.257217
-1.580430
3.339332
10.730064
15.726776
15.432012
-1.523816
1.257315
4.198722
4.648545
4.574548
5.111963
5.786912
6.825654
-15.759463
-15.767824
-15.739367
-13.736137
-11.179148
-1.755328
-4.936398
-3.234375
2.049582
10.585842
15.728476
-1.252087
0.959561
3.253393
5.338042
5.865159
6.284721
6.908791
7.687771
8.707730
-15.723650
-15.763289
-15.755436
-15.702759
-13.067138
-3.295809
-1.455952
-2.198953
2.463864
11.227161
15.727439
-7.017468
-0.391890
1.176715
3.951476
4.425331
4.629377
5.262763
6.134234
7.073085
-15.716207
-15.736075
-15.716268
-13.283378
-10.922017
-1.555818
-2.926075
-2.494215
2.696844
11.353714
15.726572
-5.501542
0.879872
2.190772
4.703870
5.262302
5.600772
6.360616
7.072791
8.103865
-15.107503
-15.726879
-15.740923
-14.930700
-12.136913
-2.814358
-0.531166
-1.591888
2.969516
11.819378
15.730520
-8.164379
-0.708629
0.708879
3.977828
4.552792
4.883299
5.523707
6.294810
7.123839
-15.710222
-15.726976
-15.712829
-12.362372
-10.778493
-1.722475
-2.276334
-3.035868
1.981780
10.677394
15.728686
-5.625229
0.588609
2.306286
5.166048
5.767054
6.078367
6.691811
7.515115
8.482770
-15.725657
-15.755524
-15.743505
-14.782858
-11.873634
-2.142963
-1.916560
-3.111468
2.166145
10.238727
15.734694
-6.672616
-0.266041
0.964114
4.385512
4.971844
5.153533
5.743046
6.610195
7.534123
-15.720896
-15.741793
-15.733988
-14.394978
-11.725771
-2.140635
-3.053401
-2.569269
2.301951
10.754891
15.729265
-5.676668
0.525772
2.312249
4.626029
5.386589
5.823380
6.526810
7.289353
8.165211
-15.220416
-15.739220
-15.734249
-14.032683
-12.048340
-3.101653
-0.999111
-2.700288
1.569319
10.561468
15.725246
-5.992366
-0.963965
0.399361
4.117828
4.825930
5.140511
5.786067
6.629937
7.405548
-15.215871
-15.720284
-15.715728
-12.791739
-11.309324
-2.360639
-1.090734
-2.989744
1.513929
10.510720
15.729241
-6.317048
-0.616931
0.684202
4.120811
4.771708
5.122219
5.813892
6.672121
7.480612
-15.196200
-15.721924
-15.717957
-13.062985
-11.263537
-2.171511
-1.033794
-2.745150
2.050866
10.657267
15.734184
-7.139772
-0.523602
0.590747
4.301044
5.020512
5.312492
5.969871
6.715266
7.580062
-15.707989
-15.725626
-15.725782
-13.308359
-11.341599
-2.138456
-1.794252
-3.105373
1.596656
10.117682
15.727762
-6.413226
-0.526032
2.276813
4.550432
5.219906
5.561139
6.215696
6.998255
7.872108
-15.650345
-15.732745
-15.728910
-13.893801
-11.692567
-2.601468
-1.163908
-2.766918
1.722193
10.336162
15.727766
-1.222560
-1.194528
0.229045
4.012111
4.644382
4.995433
5.670479
6.511942
7.341600
-13.819171
-15.714763
-15.719275
-13.417419
-11.300300
-2.660176
-0.418822
-2.230941
2.081073
11.142633
15.732928
-7.937759
-1.131773
0.257199
3.902405
4.734827
5.208762
5.831907
6.610061
7.345128
-13.511404
-15.713243
-15.707033
-11.973560
-10.850852
-2.587035
-1.570504
-2.507083
1.058870
9.973260
15.727331
-6.011570
-0.986660
0.618562
4.478518
5.259547
5.618661
6.275203
7.136875
7.987490
-15.693007
-15.722030
-15.715387
-13.022964
-11.654449
-2.748170
-0.154012
-3.462072
0.800294
9.791717
15.735479
15.729322
-4.429319
14.836801
2.616232
3.164738
4.216671
4.860991
5.676122
6.615320
-14.745691
-15.718167
-15.719260
-13.893262
-11.193947
-2.320585
-1.462947
-1.598006
2.821299
11.670674
15.732273
-5.964737
0.241637
1.529914
4.357394
5.185666
5.946617
6.784086
7.597410
8.433348
-13.654526
-15.727015
-15.713012
-11.994308
-10.508512
-3.260993
0.369986
-2.202896
1.751652
10.092747
15.724670
12.921640
-2.479856
2.917168
3.604165
4.306061
4.572855
5.310280
5.980785
6.745540
-14.651482
-15.718027
-15.713462
-12.604908
-10.945054
-3.228855
-0.862464
-2.771976
0.830163
10.348118
15.734177
-6.879085
-1.172455
0.452124
4.451635
5.296939
5.719762
6.413577
7.273201
8.081868
-15.711698
-15.730231
-15.721606
-12.080066
-11.124955
-2.531728
-0.054869
-3.942301
0.244215
8.447031
15.731640
-9.875344
-0.225886
1.705674
4.577842
5.230299
5.384545
6.007044
6.847140
7.783212
-15.723155
-15.740073
-15.738094
-13.925467
-10.955761
-1.638890
-2.553431
-3.244606
1.479732
9.247499
15.734736
-5.821318
0.317129
2.887273
4.847655
5.628064
5.926595
6.573041
7.323493
8.159047
-15.689984
-15.747090
-15.751884
-15.703683
-12.410167
-4.833352
-1.223647
-2.665503
1.004510
9.621593
15.723758
-6.572675
-1.270150
-0.013011
3.461543
4.414698
4.821887
5.534432
6.373199
7.036491
-11.924811
-15.704401
-15.637698
-11.365575
-10.485373
-3.168096
0.347514
-2.905734
0.304264
9.619422
15.725226
-9.375793
-1.049728
0.437375
3.909739
4.837670
5.117787
5.892148
6.646144
7.497305
-14.899086
-15.708891
-15.704781
-11.312551
-10.586883
-2.088906
-0.100075
-3.754243
0.410789
8.872661
15.730529
-10.076714
-0.399791
1.436845
4.967931
5.628739
5.956514
6.509893
7.375566
8.221158
-15.869827
-15.761437
-15.762452
-15.701989
-12.689693
-3.521828
-1.300502
-3.765091
0.861036
8.352376
15.730502
-8.001301
-0.469301
7.388819
4.633409
5.321627
5.582468
6.267736
7.014984
8.145657
-15.868235
-15.738940
-15.765911
-15.710526
-13.535210
-4.325797
-1.451356
-3.319277
0.996827
8.702862
15.722736
-6.179953
0.472476
11.088535
4.925108
5.626022
5.935971
6.593348
7.403711
8.390537
-15.873899
-15.759903
-15.762314
-15.707784
-13.603567
-4.483737
-0.544345
-3.706685
0.480391
8.261797
15.724201
8.691761
-0.785128
0.584854
4.283395
4.916939
5.092199
5.673014
6.525382
7.566870
-15.842235
-15.749767
-15.754269
-15.706763
-13.232155
-4.114543
-0.601022
-2.860577
1.519619
9.209595
15.728632
-6.711518
-0.792267
13.463809
4.198608
4.991963
5.362701
6.072351
6.823159
7.717676
-15.829519
-15.738443
-15.749863
-15.700197
-12.931336
-4.589308
0.711671
-3.087204
0.490993
8.747860
15.723594
14.095982
-1.150613
0.577785
3.954472
4.613289
4.897837
5.557754
6.283558
7.225576
-15.820154
-15.713891
-15.730316
-14.029793
-12.105817
-3.777526
-0.041847
-3.278216
0.596543
8.594392
15.730851
15.178858
-1.372308
0.558797
4.066685
4.790447
4.995986
5.770996
6.621026
7.630521
-15.842800
-15.744949
-15.740988
-14.903433
-12.112681
-3.423197
0.198154
-3.579044
0.704618
8.369411
15.734332
15.482792
-0.976491
1.259787
4.290691
4.975711
5.159239
5.746768
6.515450
7.647177
-15.853074
-15.755863
-15.754992
-15.704578
-12.963288
-3.824905
-0.478661
-3.233181
1.065827
8.681298
15.730330
-7.340390
-0.822556
13.111868
4.422845
5.055994
5.389708
6.095840
6.923769
7.902018
-15.850200
-15.754817
-15.760795
-15.710212
-13.752343
-4.797459
0.973833
-3.188347
0.614147
8.564649
15.729556
15.727628
-1.392584
1.479657
4.160603
4.891672
5.147090
5.807338
6.602715
7.648496
-15.866729
-15.731719
-15.742306
-14.693037
-11.650306
-2.979503
-0.845228
-4.445088
0.085447
7.639167
15.729060
-7.067387
-0.147194
13.975972
4.683342
5.194173
5.460365
6.156600
6.981482
7.934131
-15.855229
-15.761115
-15.767490
-15.724561
-15.100433
-6.129106
0.742192
-2.511872
1.581827
9.450342
15.727079
13.824754
-1.806297
0.743813
3.563095
4.315530
4.730018
5.444273
6.237277
7.069597
-15.807459
-15.728951
-15.729907
-14.162510
-12.013900
-4.291866
1.628027
-3.139340
0.264660
8.506608
15.723798
14.627060
-1.736812
1.046229
3.838881
4.645314
4.952144
5.680590
6.512781
7.442906
-15.851082
-15.739500
-15.729961
-13.800663
-11.367852
-3.176594
0.383920
-4.197871
-0.082449
7.158742
15.731143
20.771717
-0.142453
5.270824
4.458707
5.015887
5.208488
5.832569
6.668934
7.571883
-15.834814
-15.750859
-15.757496
-15.720990
-14.515776
-5.857524
0.519188
-2.350669
1.521374
9.506167
15.723770
-7.986445
-1.234196
10.806219
4.062594
4.917508
5.461798
6.193680
6.912179
7.765542
-15.822662
-15.707858
-15.738647
-14.114593
-11.938590
-4.853875
1.158868
-3.168372
0.183435
7.962754
15.717161
-6.865490
-0.959070
4.301310
4.506762
5.391817
5.678427
6.301830
7.108158
7.931580
-15.858280
-15.736121
-15.732219
-12.985507
-12.533118
-5.051857
-1.131384
-4.380877
-1.026420
6.446481
15.716911
17.769138
-0.761894
13.168233
4.408324
4.980276
5.163072
5.691690
6.517924
7.525767
-15.830743
-15.734265
-15.734427
-14.462137
-12.672881
-4.959078
-1.748654
-2.519609
2.008373
8.752800
15.726665
-7.695138
-0.308078
12.801798
4.540766
5.414583
5.738494
6.444647
7.039785
7.878069
-15.819327
-15.725987
-15.727787
-13.455300
-12.463942
-5.624576
-1.641736
-3.291949
0.435004
8.205749
15.718843
-6.481484
-0.126391
10.776331
4.444162
5.477017
5.856532
6.560254
7.322458
8.198047
-15.849979
-15.737064
-15.739540
-13.219559
-12.495255
-4.646735
-0.394619
-4.551548
-1.092559
6.430394
15.716772
15.703700
-0.483687
2.088080
4.408745
5.062041
5.186978
5.731050
6.669865
7.761706
-15.855366
-15.738866
-15.740028
-14.337915
-10.806196
-2.256769
-4.756652
-4.154594
1.057117
7.806535
15.718875
-5.719827
0.625037
11.719788
4.703441
5.418639
5.714535
6.430770
7.140890
8.034313
-15.830671
-15.725470
-15.749928
-15.700991
-13.488066
-6.062971
-1.119374
-2.527359
1.081938
9.481600
15.717014
-6.908861
-0.572852
0.909499
4.365070
5.336717
5.637067
6.344845
7.052735
7.931838
-15.845953
-15.736328
-15.735144
-12.811680
-11.243382
-2.812847
-0.912307
-4.476841
-0.209977
6.594295
15.720020
-1.976130
0.608852
12.927014
5.022108
5.532986
5.593217
6.082109
7.069888
8.033443
-15.860697
-15.752989
-15.755713
-15.707415
-13.787748
-5.228650
-3.353303
-2.675266
2.128822
9.351312
15.720243
-6.018009
0.518345
10.742724
4.326413
5.159599
5.730454
6.548794
7.228056
8.027387
-15.807352
-15.729305
-15.726074
-13.189325
-11.844359
-4.905515
-1.774735
-2.912866
1.162376
8.891113
15.711790
-6.910426
-0.331424
8.121454
3.940265
4.888823
5.403467
6.251523
7.081845
7.756609
-15.789807
-15.722220
-15.727584
-12.609427
-12.098290
-4.580788
-0.675957
-3.679873
-0.431276
7.499908
15.710812
-6.247131
-0.418663
-0.125382
4.287096
5.174331
5.503324
6.100329
6.926449
7.852995
-15.817265
-15.723176
-15.739120
-13.726776
-11.593325
-2.990993
-1.290786
-3.338969
1.344308
8.486999
15.724508
20.565001
0.536362
0.226347
6.430125
4.669328
4.854923
5.434153
6.265815
7.122666
-12.009073
-15.717026
-15.722425
-14.393709
-11.397634
-3.723676
-1.774298
-1.542223
2.486041
11.115364
15.716688
-4.732667
0.015506
0.320521
4.194643
5.321723
6.162006
7.135965
7.885670
8.772147
-12.365997
-15.704308
-14.639792
-9.885556
-10.301610
-2.859368
0.249222
-3.289285
0.557584
8.386117
15.715390
-10.201670
-0.109443
1.671185
4.702804
5.586079
5.792634
6.355197
7.060708
7.939734
-15.686463
-15.735658
-15.731426
-12.659556
-12.041485
-3.274108
-1.749941
-4.422913
-0.105778
7.929599
15.725906
-6.024374
-0.591767
2.389447
4.437962
5.174647
5.495998
6.145549
7.023105
7.854809
-14.588173
-15.728568
-15.726400
-13.952997
-12.117763
-3.658117
-1.245472
-2.673034
1.544003
9.921149
15.728272
-8.006351
-0.692946
0.615297
4.012883
4.898030
5.252551
5.872391
6.580541
7.374094
-14.104242
-15.714831
-15.707265
-11.671892
-11.013434
-2.893948
-1.331409
-3.481493
0.524941
9.326226
15.723961
-6.531123
-0.717797
2.331014
4.388319
5.206736
5.560325
6.222050
7.052719
7.902391
-15.069461
-15.726651
-15.717535
-12.510399
-11.178779
-2.337611
-1.159132
-3.267256
1.288516
9.649902
15.728485
-6.501871
-0.708172
1.260460
3.952873
4.761994
5.044037
5.704153
6.571399
7.441805
-14.849478
-15.722799
-15.715812
-12.796045
-11.114876
-2.274731
-1.735664
-2.828110
1.641126
10.157201
15.727480
-6.455403
-0.775379
2.155468
4.195968
5.095489
5.503865
6.238683
7.023608
7.851584
-13.915110
-15.726110
-15.720180
-13.029538
-11.585619
-3.095507
-1.711802
-2.316653
1.449336
10.188113
-5.807737
-6.385950
-5.524483
0.162674
-5.276066
0.370030
-1.781432
-10.352246
-7.768768
-4.456595
-2.235178
-2.112304
-1.734691
-1.184053
-0.008489
1.685320
3.383829
4.675863
4.103430
1.021158
6.987052
15.719992
15.726777
15.747939
15.699663
3.988359
7.521424
4.906355
4.612301
5.003765
5.924290
7.114929
-16.070559
-15.782642
-15.700973
-15.651179
-11.794253
-12.499059
-8.412555
-4.965925
5.982339
13.619761
11.196038
7.437158
3.102077
12.346976
-8.274823
-5.516796
-3.121176
-0.714323
9.696489
1.026167
-15.753867
-15.707405
-10.658544
-7.522960
-7.442902
-7.099558
-6.179482
-5.124071
2.298399
15.692437
7.342954
-12.684327
-4.973570
0.256497
1.982977
2.889487
4.398204
6.609482
9.806972
12.903895
-15.864491
-15.771992
-15.729130
-12.896829
-11.945217
-4.557332
-0.673950
-1.687356
6.041724
13.316110
10.622879
9.677531
-4.388270
6.001447
2.295337
3.757220
4.667321
7.897645
11.386864
14.994818
-15.950280
-15.836171
-15.767897
-15.709780
-13.437407
-5.864013
0.226376
-1.174275
3.243418
9.765645
10.884293
9.596952
-6.527704
-0.894747
1.393035
2.781586
4.787581
7.544730
10.843499
14.415359
15.703759
-15.854035
-15.815247
-15.739296
-15.700590
-6.732534
-0.358232
-1.203035
2.008186
9.503092
12.237198
10.860476
-2.992758
-0.647455
2.884342
4.938284
7.016701
9.527953
11.767578
14.445707
15.702233
-15.909744
-15.859749
-15.805133
-15.743268
-11.290706
-3.896858
-2.368629
2.375976
9.300215
13.368650
-1.194748
-1.843726
0.191000
3.376874
5.166252
7.866963
11.064917
13.655604
15.704412
15.704475
-15.949115
-15.893045
-15.831136
-15.759769
-12.827751
-4.743824
-3.973041
0.549096
7.270732
14.235939
13.619363
-9.450265
-5.626330
1.970147
6.806310
5.636579
8.641481
10.784348
14.010792
14.405031
-15.885317
-15.849779
-15.808873
-15.753023
-15.615790
-11.345816
-6.225303
3.888384
11.918929
10.757719
-9.596974
-2.282684
0.532160
5.053679
8.217212
8.544818
12.667020
13.806447
15.704548
15.703042
-15.892116
-15.855976
-15.801592
-15.742123
-9.770731
-4.316321
-5.196224
1.819894
7.116801
13.267709
12.621370
10.421824
-6.230741
3.563741
3.732486
5.195552
7.264744
9.803346
13.289491
17.330658
-15.830106
-15.831344
-15.801478
-15.750029
-12.316707
-8.619757
-5.108820
2.052031
11.435904
11.319438
12.872377
-0.632239
1.093048
5.264530
6.510279
8.438497
10.633286
12.988552
15.717000
15.866363
-15.933751
-15.874187
-15.824963
-15.762753
-15.704311
-9.725186
-3.527330
3.898004
12.435847
11.583689
12.672806
-2.573196
-0.645971
4.243352
5.494016
7.715357
10.094500
12.506274
15.170303
15.307719
-15.905551
-15.862122
-15.814037
-15.757647
-15.689124
-10.276822
-3.909780
3.712925
12.825159
11.949186
10.858477
-3.012265
-1.041454
4.090195
5.427356
7.510444
9.925289
12.213144
14.752471
15.490659
-15.875071
-15.842683
-15.796124
-15.743299
-14.038314
-7.145730
-1.849743
3.888213
12.491446
11.555345
-9.712970
-1.572318
-0.115828
4.818516
6.092106
7.582071
9.813078
12.031358
14.500945
15.140832
-15.881886
-15.853409
-15.804108
-15.748897
-13.001409
-8.072257
-4.392441
3.083791
13.048111
11.477025
-8.760805
-0.888377
0.728109
4.910130
6.053179
7.525246
9.608630
11.889312
14.407397
15.704719
-15.882850
-15.851755
-15.803530
-15.746448
-14.272787
-8.163059
-3.448294
3.903128
13.287536
12.320507
12.364167
-2.517512
-0.525582
4.568189
5.826101
7.347775
9.603689
11.767549
14.270008
15.705364
-15.876775
-15.842423
-15.797532
-15.743920
-14.146251
-7.717091
-2.279435
3.283324
12.920862
11.864238
11.277778
-2.639350
-0.681808
4.058923
5.418049
7.025620
9.370245
11.494126
13.981026
15.705119
-15.857955
-15.828518
-15.786954
-15.735016
-13.416437
-6.265996
-1.552744
3.468599
12.865774
12.529366
12.536808
-2.231638
-0.324924
4.623369
5.992170
7.707483
10.078255
12.293560
14.962400
15.705124
-15.883304
-15.849378
-15.803871
-15.750350
-14.856410
-9.187369
-3.176346
3.957381
12.731622
11.830236
-10.760083
-1.443223
0.198030
4.822151
6.085335
7.845524
10.010023
12.295712
14.797728
15.379931
-15.878708
-15.848718
-15.801839
-15.748132
-14.582889
-8.219398
-2.873031
3.602699
12.513381
11.334896
-11.161486
-1.265518
0.361239
4.746672
6.040782
7.672932
9.765552
12.013807
14.478824
15.704939
-15.881892
-15.846818
-15.799726
-15.744381
-14.167911
-8.389430
-2.820513
4.129272
12.971186
11.528102
11.163447
-2.721525
-0.753891
4.131893
5.534918
7.146462
9.372136
11.483117
13.962158
15.705067
-15.862738
-15.835427
-15.789697
-15.736163
-13.268014
-7.240306
-2.615521
4.131476
13.397299
11.459296
11.262235
-3.023579
-0.987280
3.935380
5.400386
7.098344
9.391922
11.538880
14.032696
15.705368
-15.869847
-15.834052
-15.788843
-15.736574
-12.676041
-4.682426
-2.548406
2.760742
13.166153
11.964474
-8.713418
-1.032809
0.591723
5.317434
6.442982
8.033818
10.175595
12.510685
15.288897
15.353005
-15.907901
-15.865925
-15.814920
-15.758147
-15.462202
-9.392328
-3.998212
3.046356
13.318835
11.947238
12.684080
-2.421615
-0.465832
4.562163
5.645152
7.186394
9.329597
11.568784
14.006591
15.329082
-15.861126
-15.835306
-15.792775
-15.739468
-13.853195
-7.483442
-2.353940
3.651319
13.343837
12.397542
11.918363
-2.738512
-0.728531
4.271189
5.702276
7.416304
9.785295
11.986130
14.594911
15.338900
-15.875943
-15.842332
-15.797537
-15.745538
-14.345843
-7.936180
-2.722729
3.541063
12.860641
11.629220
-11.754162
-1.576205
0.069970
4.592697
6.063235
7.731408
10.033636
12.208200
14.838739
15.348053
-15.882044
-15.847172
-15.799924
-15.746087
-14.260177
-7.470117
-2.318760
3.450737
12.753809
11.626864
-11.118195
-1.319621
0.275989
4.620889
6.073954
7.814512
10.040010
12.213566
14.763885
15.696100
-15.895198
-15.855197
-15.805679
-15.749378
-14.663630
-8.449501
-3.126029
3.446137
13.169448
11.468266
11.338168
-2.726051
-0.802545
3.778164
5.285259
7.046390
9.314445
11.457616
13.968169
15.705059
-15.876211
-15.838065
-15.792340
-15.737115
-12.854414
-4.961547
-2.462579
3.175205
12.973379
12.233281
18.934315
-1.556029
0.139556
4.515333
5.771982
7.627656
9.853164
12.133142
14.780204
15.381966
-15.889735
-15.846666
-15.805688
-15.749476
-15.013048
-7.385134
-2.938709
3.630276
11.240438
11.954457
13.458798
-2.384405
-0.614785
4.041598
5.385599
7.659151
10.109657
12.615973
15.230520
15.705413
-15.901307
-15.860128
-15.814100
-15.760509
-15.704224
-9.678507
-3.621082
2.655757
12.859011
11.711967
-11.689988
-1.492286
0.069478
4.673427
5.996244
8.269348
10.791158
13.159355
15.688249
15.737349
-15.891752
-15.860148
-15.810857
-15.756478
-15.432699
-10.815740
-5.498524
6.555679
13.062861
10.048510
9.771883
-4.069853
-1.969088
3.149006
4.409934
5.801686
7.928981
9.980925
12.145419
14.760619
-15.798856
-15.786743
-15.754909
-15.705793
-8.310205
-4.752191
-1.466886
4.409716
12.731276
11.394724
11.575879
-2.911142
-0.975462
3.513700
5.047556
7.038431
9.205965
11.395379
13.723651
15.475396
-15.850286
-15.823475
-15.782210
-15.731543
-11.146776
-5.300152
-2.522506
2.645531
13.181517
11.819967
11.309731
-3.530050
-1.487244
3.473307
4.947408
6.570608
8.811823
10.924098
13.249454
15.662909
-15.837700
-15.817255
-15.779520
-15.731209
-10.618617
-5.841039
-2.575167
2.386468
13.109991
11.624692
11.099988
-3.170358
-1.060874
4.004360
5.441298
6.922011
9.091016
11.166839
13.566997
15.628980
-15.834565
-15.819098
-15.780837
-15.731367
-11.969371
-6.711235
-3.422741
3.592848
13.548941
11.556635
11.154595
-3.517089
-1.445221
3.527225
5.105242
6.588634
8.764174
10.868217
13.228250
15.868407
-15.821451
-15.808290
-15.772976
-15.728262
-10.714435
-4.935993
-2.751213
1.929025
12.862315
11.434552
11.854021
-2.707037
-0.640289
4.392671
5.669443
6.966687
8.901896
11.116234
13.474949
15.854410
-15.828047
-15.811234
-15.778519
-15.729749
-12.631866
-3.386411
-2.489682
2.890188
10.215507
12.445155
13.296774
-2.230326
-0.138106
5.096209
6.144999
7.921275
10.275090
12.559508
15.297427
15.703800
-15.874615
-15.846737
-15.809852
-15.757128
-15.702143
-9.426474
-3.432985
3.039322
11.940216
13.208995
-9.282391
-0.661865
0.896519
6.069124
6.918641
9.260654
11.979239
14.557410
15.640793
0.001675
-15.911447
-15.887196
-15.836007
-15.778484
-15.719337
-12.616707
-8.210838
2.833714
11.874111
9.520588
6.133159
-4.478846
-2.370681
2.499418
3.930187
5.626546
7.758969
9.629462
12.086380
14.582712
-15.759272
-15.754514
-15.735291
-14.721576
-4.025633
-2.403843
-2.756402
2.865553
12.240844
11.649783
10.943011
-2.161236
-0.363534
3.800795
5.287457
7.105163
9.422068
11.487585
13.825777
15.514932
-15.843107
-15.820799
-15.782838
-15.733353
-12.065510
-3.868482
-1.842156
2.004350
11.240448
12.020207
12.854715
-2.414336
-0.501302
4.310391
5.551055
7.566405
9.902830
12.124409
14.618828
15.552106
-15.864668
-15.838861
-15.798243
-15.745397
-14.156985
-5.424560
-2.286534
2.085128
10.541903
12.065383
13.814491
-2.275415
-0.406193
4.457367
5.759020
7.944176
10.318259
12.617217
15.236300
15.658937
-15.879423
-15.849456
-15.805843
-15.752454
-15.050808
-6.854730
-2.278526
1.671763
11.665377
12.121533
13.178223
-2.436394
-0.537211
4.180697
5.528350
7.659166
10.049866
12.372396
14.965649
15.738297
-15.874650
-15.847457
-15.805823
-15.753358
-14.343448
-6.961343
-3.181213
0.909547
12.243727
12.576605
11.741260
-2.811810
-0.769902
4.405482
5.624747
7.320197
9.595137
11.784396
14.223552
15.415648
-15.852654
-15.834618
-15.796710
-15.745975
-14.076819
-6.215942
-2.984215
1.779046
11.784139
12.698418
12.238950
-2.430916
-0.450250
4.555465
5.840055
7.558352
9.888483
12.134790
14.656605
15.704698
-15.867069
-15.841275
-15.800743
-15.749672
-14.755233
-8.171557
-3.503758
2.656188
13.125679
11.930593
11.699614
-3.164219
-1.095064
4.070605
5.485134
7.266741
9.537732
11.701429
14.276307
15.321890
-15.852210
-15.827284
-15.789049
-15.741094
-13.097556
-6.301147
-2.988379
2.444110
12.538949
11.767348
11.283230
-3.226640
-1.135023
3.901881
5.391999
6.962937
9.120730
11.258201
13.620013
15.802881
-15.856844
-15.842214
-15.800820
-15.748023
-14.766574
-10.060877
-6.041183
4.564270
14.332584
11.490503
12.391657
-5.347850
-1.828227
2.926701
4.483812
6.116705
8.282677
10.392576
12.614991
15.313060
-15.829206
-15.822762
-15.781684
-15.737193
-12.091022
-5.520523
-3.591264
1.568321
11.550725
11.732988
11.441538
-3.420610
-0.831283
5.337199
5.778758
6.978056
8.925415
11.063390
13.477449
15.673901
-15.829989
-15.841280
-15.799388
-15.749624
-14.938739
-9.203565
-5.355165
3.344235
13.007738
11.228894
11.383137
-4.663668
-1.372796
2.600211
4.836564
6.043437
7.953406
10.069053
12.457323
15.092497
-15.807860
-15.811532
-15.776267
-15.731853
-13.337508
-5.610553
-3.446892
3.074741
12.013691
11.827959
11.914672
-3.518266
-0.973892
4.197857
5.547863
6.665508
8.701123
10.800947
13.175642
15.715050
-15.817101
-15.825182
-15.788260
-15.741931
-14.259965
-8.402787
-4.990439
3.165289
12.273864
11.398508
11.604484
-6.309311
-1.497881
2.859197
4.986376
6.236624
8.137417
10.288197
12.586023
15.353834
-15.808796
-15.812001
-15.777114
-15.735204
-13.168254
-4.930105
-2.987886
0.607168
11.270576
12.170677
11.934559
-2.864540
-0.423366
5.650098
6.154390
7.148150
9.095887
11.346633
13.771088
15.481651
-15.840058
-15.840116
-15.800961
-15.752473
-15.437600
-10.342535
-6.188801
3.246086
13.296714
11.503535
11.945363
-5.368528
-1.650390
3.372230
4.963060
6.267839
8.266983
10.426204
12.706407
15.465682
-15.815847
-15.815373
-15.779765
-15.738100
-13.253082
-6.127288
-4.100126
1.759360
11.103221
11.503744
11.283290
-3.307113
-0.931318
3.760657
5.771956
6.904680
8.875451
11.084107
13.561544
15.751225
-15.835108
-15.831942
-15.793991
-15.747638
-14.649760
-6.998687
-3.944259
1.011939
11.668463
12.306438
12.179314
-2.994783
-0.433417
5.500028
6.136176
7.181524
9.113286
11.344218
13.823730
15.701066
-15.843548
-15.844253
-15.804885
-15.756083
-15.700141
-9.832100
-6.056154
2.514191
12.764354
11.373253
11.736198
-4.980912
-1.595938
3.317259
4.861528
6.150632
8.160738
10.270744
12.540130
15.150864
-15.816959
-15.814459
-15.777901
-15.734015
-13.566717
-5.911430
-4.002276
3.036530
11.496378
11.398967
11.484248
-5.032692
-1.635524
2.653511
4.618972
5.973024
7.922475
10.056974
12.335476
14.806309
-15.800933
-15.803019
-15.768988
-15.725831
-12.851543
-5.316825
-3.163617
3.465222
12.115742
11.544630
11.933833
-4.169663
-1.635357
3.576655
4.999584
6.508204
8.435456
10.574049
12.913697
15.512724
-15.816968
-15.815854
-15.778636
-15.735172
-13.701821
-6.986060
-4.404675
3.616138
11.533271
11.319620
11.470067
-5.391439
-1.871654
3.138601
4.677751
6.196837
8.048100
10.310452
12.508990
15.031091
-15.804138
-15.805218
-15.771449
-15.729888
-12.908037
-4.974703
-3.049780
2.351236
11.030443
11.483873
11.316190
-3.618168
-1.117987
4.217135
5.428882
6.648654
8.540504
10.795412
13.042440
15.744460
-15.824638
-15.822119
-15.784514
-15.737590
-13.920104
-6.017584
-2.959849
2.079973
11.758512
11.788324
12.165466
-3.231426
-0.972382
3.792425
5.382333
6.943571
8.855224
11.190905
13.563972
15.448099
-15.848233
-15.838809
-15.797584
-15.749799
-14.860335
-6.848282
-3.695136
0.993877
10.469167
11.866669
11.851560
-3.642576
-1.194492
4.159809
5.377985
6.845150
8.731734
11.008595
13.246940
15.828798
-15.836482
-15.831821
-15.791779
-15.743678
-14.292529
-5.620079
-2.765663
1.843290
10.512619
12.089328
12.369826
-2.725964
0.259926
4.894992
5.783616
7.432432
9.477316
11.691476
14.149681
15.620809
-15.867278
-15.856874
-15.812243
-15.760513
-15.701568
-7.933537
-4.162890
1.386598
9.974234
12.225458
12.610262
-2.942683
-0.587818
4.566941
5.187297
6.870634
9.158055
11.292681
13.712649
15.599488
-15.861165
-15.835990
-15.802969
-15.752490
-15.372814
-5.965032
-3.976197
1.631247
7.186027
13.399391
14.481354
-4.634306
-1.570528
2.560357
3.653844
6.945674
9.084764
11.668712
14.332859
15.700971
-15.870181
-15.849422
-15.815402
-15.765259
-15.712194
-6.179238
-4.532185
0.285877
6.412162
13.243754
15.066075
-7.319054
-0.986558
3.505181
5.152604
7.470229
10.103064
12.643748
15.443525
15.469034
-15.902685
-15.888065
-15.843295
-15.790598
-15.725037
-10.447914
-7.942577
-2.126977
7.779066
13.190492
14.527872
-7.852738
-1.964138
4.486890
5.651533
6.903535
9.029067
11.389955
13.932099
15.209361
-15.849273
-15.850901
-15.811584
-15.765562
-15.589882
-9.024590
-6.176504
0.874745
7.766277
13.417961
14.274889
-1.939626
0.340611
4.923337
6.238331
7.727139
9.919444
12.284801
15.017511
14.828747
-15.908645
-15.863639
-15.822491
-15.769852
-15.712593
-12.052166
-7.054165
3.369718
12.988991
11.182135
12.572957
-4.064945
-1.523450
3.374942
5.322284
7.232066
10.046659
12.761146
15.268013
15.722797
-15.877865
-15.858948
-15.817011
-15.763508
-13.336059
-4.441062
-4.258901
-2.161858
8.222095
12.200639
11.271431
-2.766042
0.514244
4.088887
5.765901
7.407264
9.456681
11.859768
14.280791
15.701677
-15.909298
-15.904986
-15.848614
-15.789707
-15.730330
-12.642553
-8.994774
0.442881
12.741817
11.083530
11.262540
-5.218942
-1.654367
2.227300
4.366240
6.167655
8.211581
10.372727
12.495994
15.039012
-15.868823
-15.849723
-15.808149
-15.755174
-15.569189
-4.117073
-4.009821
0.786737
7.720256
13.183956
12.610868
-4.823459
-0.824962
2.981337
5.052199
6.638637
8.859220
11.225229
13.711541
15.705377
-15.908728
-15.870159
-15.833182
-15.777581
-15.649886
-9.335486
-6.160669
1.427928
7.053442
12.848832
14.432546
-8.159698
-0.618738
3.003059
4.987811
6.761675
9.318676
11.548949
14.158128
15.705364
-15.912490
-15.881556
-15.842485
-15.788214
-15.727016
-9.935843
-6.612861
0.224225
6.626269
14.090338
14.464486
-7.490036
-1.336183
1.132769
8.741717
6.191332
10.323781
12.984230
15.692532
15.705215
-15.931598
-15.913786
-15.861785
-15.804092
-15.736547
-13.338944
-8.340437
-1.091546
9.252515
13.755376
14.070436
-9.004338
-1.941135
3.277232
5.134843
6.714348
8.895330
11.160828
13.737211
15.574908
-15.876978
-15.868592
-15.831877
-15.785604
-15.723359
-11.065141
-7.491135
-0.817494
9.093142
12.795671
12.059678
-2.662620
0.429519
4.646322
6.705279
7.968888
9.783285
12.329037
14.984688
15.705076
-15.921013
-15.897809
-15.849681
-15.795011
-15.729401
-13.161679
-9.134557
-0.589828
12.101528
12.152511
11.722147
-2.783544
0.236370
4.164408
6.307695
7.525918
9.376287
11.806407
14.399918
15.705792
-15.914557
-15.891951
-15.842079
-15.788806
-15.683016
-12.588675
-7.657896
-0.139354
10.172904
12.496323
11.838110
-4.251986
-0.836417
3.742738
5.798023
7.015926
8.845433
11.168500
13.664945
15.706088
-15.890807
-15.872179
-15.827254
-15.776360
-15.712679
-11.085415
-7.662556
-0.045039
10.186900
12.456007
12.116990
-8.804591
-1.996764
2.313774
4.661365
5.854173
7.885501
9.952267
12.243731
14.855449
-15.828012
-15.823515
-15.796035
-15.750806
-15.503548
-5.755155
-5.055695
0.349726
8.916943
12.528061
12.330657
-9.257858
-2.333285
1.968765
4.372529
5.728524
7.470721
9.703392
11.902687
14.544054
-15.818904
-15.810429
-15.789211
-15.745490
-14.678267
-3.073634
-4.677214
0.428658
6.245773
13.152630
12.863285
-4.088298
-0.287243
3.632396
5.738756
7.292812
9.405820
11.892987
14.442260
15.704210
-15.889352
-15.876713
-15.834186
-15.782438
-15.726240
-12.563087
-8.746834
1.951905
11.138296
10.920798
11.637377
-7.644314
-2.326277
1.911131
4.210636
6.017132
8.144709
10.358235
12.463970
14.977145
-15.834011
-15.825844
-15.793780
-15.749179
-15.199039
-7.550680
-5.458440
1.998951
9.540099
10.921870
10.664148
-8.239984
-2.561033
1.761286
3.892119
5.383983
7.220200
9.439752
11.401519
13.864691
-15.797018
-15.795760
-15.773319
-15.730086
-11.126314
-2.564747
-3.999785
0.640658
8.247771
12.712462
12.318803
-8.259401
-1.014347
3.066941
4.953582
6.337962
8.336845
10.462316
12.795895
15.517514
-15.856163
-15.842174
-15.809718
-15.760274
-15.707396
-6.681191
-4.948434
0.636197
8.044210
13.256413
13.450278
-7.154665
-0.746448
3.559297
5.762973
7.309891
9.612113
11.901722
14.500155
15.509224
-15.900304
-15.884048
-15.838442
-15.786914
-15.727335
-12.979106
-9.553000
-0.526332
12.251215
9.757196
10.483979
-6.407720
-2.789104
1.944503
3.519746
5.148544
7.227060
9.382339
11.397961
13.620448
-15.766977
-15.771085
-15.745932
-15.435908
-5.658983
-0.741941
-3.175440
0.332417
7.219564
13.712798
13.544760
-6.797781
-0.284266
3.417562
5.443724
6.832203
8.708076
11.305965
13.818822
15.186130
-15.854719
-15.842561
-15.806960
-15.758159
-15.701027
-7.219071
-4.580382
1.246051
7.730460
13.141109
13.958536
-3.210867
-3.206799
1.817428
4.406891
6.347166
9.164698
11.217923
13.781692
15.232139
-15.841951
-15.823032
-15.792024
-15.746522
-15.110996
-7.608271
-3.033752
1.682357
9.673298
12.230816
13.351633
-3.329398
-1.109129
3.464923
5.294573
7.570599
10.396578
12.931608
15.551630
15.703155
-15.874479
-15.861828
-15.823200
-15.773245
-15.702290
-6.314989
-4.842302
-2.704031
7.380533
12.180201
13.245553
10.335770
-7.053522
0.510886
2.384283
3.787548
5.797223
8.109353
11.106408
14.787246
-15.760392
-15.766935
-15.766827
-15.720118
-8.719622
-4.165151
-4.757596
-1.362080
6.204959
13.655942
12.551105
-3.235217
0.743815
5.513021
6.082592
7.297729
9.241598
11.382625
14.131737
14.822694
-15.888104
-15.847503
-15.807933
-15.750983
-15.700219
-10.751924
-6.250788
3.606344
12.385568
10.379419
6.730786
-3.327728
-0.756194
4.111374
6.998709
8.233252
10.660772
13.416203
15.689137
15.702941
-15.877169
-15.856231
-15.820991
-15.769206
-14.927101
-5.462504
-4.961399
-1.550543
7.821005
12.261643
11.354343
-8.344725
-2.127820
3.548763
4.115821
5.472197
7.446516
9.615202
12.615317
16.078283
-15.809399
-15.808194
-15.786060
-15.739491
-12.349821
-5.077679
-4.136655
0.155754
6.968781
13.298163
12.406764
-7.126227
-0.005900
4.059562
5.312806
6.991341
9.170339
11.434992
14.091251
15.498851
-15.879535
-15.842408
-15.801965
-15.749553
-14.919862
-7.335682
-3.169385
3.138839
10.040040
10.904883
11.739514
-3.400887
-0.296954
4.405102
6.407177
8.599284
11.162251
13.374656
15.715621
15.720058
-15.904085
-15.877172
-15.832733
-15.777692
-15.338127
-6.665305
-4.842208
-0.997454
9.493454
11.309800
11.110825
-3.072709
-0.767606
4.762678
5.183448
6.619413
8.627390
10.757445
13.164461
15.790463
-15.855542
-15.843925
-15.805058
-15.752106
-15.022675
-7.912969
-5.284439
2.439178
11.107866
10.525167
10.990578
-3.415698
-0.708825
3.762973
5.352325
7.663587
10.154510
12.339139
14.986359
15.703396
-15.892679
-15.860709
-15.812313
-15.758949
-12.626018
-3.027298
-5.023716
-5.655285
-6.307430
-3.686692
2.093541
0.881547
0.736921
0.997846
1.265575
1.546346
1.792364
2.077282
2.319261
2.603381
2.851357
3.171180
3.472575
3.861084
4.227679
4.678525
5.119107
5.649353
6.404337
7.090517
7.857534
8.567404
9.679684
10.100287
10.399504
-0.374305
0.149199
-0.000609
0.008283
0.539485
-1.974982
-6.058750
-9.687545
-12.659315
-13.905133
-12.848054
-9.945528
-10.563027
-5.819649
-6.617873
-3.909558
1.953117
-0.250149
0.857495
1.101184
1.222956
-14.175632
-4.068144
3.830170
-4.762426
-1.325529
7.633313
7.478850
8.348917
12.852561
12.617559
-6.918828
-0.830596
-0.740737
2.729409
2.398573
2.300605
1.873657
1.262320
0.660880
0.406671
-15.707558
-6.819723
-4.574993
-11.169847
-6.859095
0.733595
-1.798732
1.004517
6.838820
13.046425
-7.914295
-1.458172
-0.880412
1.798768
2.012331
1.628407
0.983819
0.375107
-0.054634
-0.266711
-10.369579
-5.900568
-6.568555
-11.476216
-7.135517
0.361228
0.461767
3.023644
8.096667
-3.731751
-1.370723
0.269598
0.731403
2.764399
3.296587
3.188366
2.808469
2.425407
1.957413
1.697273
-13.546957
-5.527438
-3.899956
-8.731357
-3.865490
1.974418
0.076617
1.567989
5.376395
14.651832
-1.493662
0.498465
0.163237
5.353543
2.416214
1.740417
1.113985
0.596283
0.177516
-0.070196
-8.717432
-4.472814
-6.341862
-11.773656
-7.786753
-1.849400
-1.241920
2.804094
9.023405
-6.590697
-1.419619
0.163296
1.559477
2.669592
3.655552
3.708199
3.567007
3.387424
3.010044
2.832006
-7.505342
-3.486996
-3.673625
-7.792227
-6.165469
-1.976891
-1.154534
1.609995
7.756927
9.005747
-2.451299
-0.467088
1.165525
2.503203
3.438322
3.523647
3.373426
3.194758
2.792863
2.503774
-13.865121
-6.498331
-3.037062
-7.075047
-4.381181
0.588561
0.039661
0.581770
5.882890
10.736715
-4.083608
-0.962207
0.270946
2.338180
2.493473
2.325035
1.893521
1.436751
0.851029
0.469144
-14.037073
-8.039516
-5.190269
-9.887004
-6.609121
-1.051011
-0.757707
3.585736
8.094711
15.345763
-1.802942
0.598311
0.601932
5.370522
2.967132
2.789065
2.331470
1.887749
1.276690
0.846579
-12.606068
-6.588470
-4.993845
-9.777317
-6.336141
-0.958415
-1.082353
2.160279
7.358882
13.650632
-2.128659
-0.218225
0.590091
-1.578118
4.192039
2.524969
2.350516
2.006439
1.551944
1.203992
-10.920269
-5.535347
-4.530201
-9.278343
-6.069198
0.395845
0.164209
2.072165
6.629148
12.888516
-2.802160
-0.526321
0.311651
1.866141
2.714064
2.584670
2.196671
1.842358
1.304297
0.978798
-11.144991
-6.432643
-5.150579
-9.844695
-6.699880
-0.202894
-0.210447
3.011083
7.370283
14.061942
-2.142466
-0.270143
0.676753
5.082591
2.841516
2.667998
2.335488
1.930379
1.443043
1.056407
-11.430731
-6.262217
-4.817506
-9.669955
-6.579408
0.466772
-0.159758
2.296335
6.752225
13.486158
-2.093601
-0.282082
0.688104
6.739135
2.805264
2.605436
2.257040
1.850436
1.369371
1.007517
-10.957003
-6.257259
-5.087838
-9.849161
-6.844316
0.022789
-0.116552
2.662847
7.038709
13.436791
-1.949701
-0.320020
0.634304
6.167392
2.824533
2.622131
2.322734
1.935112
1.465317
1.096339
-11.261137
-6.388337
-4.922369
-9.628738
-6.701571
0.566255
-0.003078
2.764430
6.799667
13.352642
-2.127549
-0.276191
0.504882
6.705024
2.646822
2.439894
2.160107
1.777308
1.315887
0.947140
-11.468987
-6.626646
-4.962823
-9.611339
-6.500100
0.881040
0.126171
3.741457
7.321765
14.327690
-2.042775
-0.147925
0.657431
6.680518
2.647325
2.425667
2.131354
1.743291
1.274917
0.907180
-10.679461
-6.104300
-4.990384
-9.628950
-6.580022
-0.194163
-0.057824
2.760668
7.153297
13.469193
-2.007604
-0.221336
0.637074
5.027665
2.733894
2.565177
2.309413
1.951952
1.489784
1.106653
-11.263137
-6.374925
-4.786230
-9.480416
-6.528606
0.916811
0.149986
2.850963
6.648249
13.378734
-2.155469
-0.275766
0.533664
5.694119
2.550845
2.351256
2.077897
1.700984
1.234511
0.857878
-11.008774
-6.436645
-4.980023
-9.637673
-6.629512
-0.221317
-0.121510
2.980877
7.311759
13.986870
-2.023872
-0.203040
0.691051
6.766626
2.809086
2.660455
2.397306
2.025318
1.545396
1.132594
-11.696824
-6.410218
-4.608923
-9.360315
-6.386312
0.998819
0.012141
2.353046
6.374747
13.248396
-2.154911
-0.307310
0.620926
5.757720
2.572606
2.360816
2.058972
1.675005
1.197278
0.823132
-10.599642
-6.268390
-5.178647
-9.855470
-6.936620
-0.436086
-0.266160
2.754026
7.298609
13.722489
-2.002840
-0.233561
0.689397
5.669852
2.780420
2.621786
2.385489
2.037926
1.580533
1.186198
-10.787388
-6.067029
-4.695826
-9.427498
-6.648684
0.121586
-0.044402
1.786695
6.371091
12.721065
-2.743875
-0.505107
0.187041
0.180442
1.778163
2.428894
2.211938
1.862472
1.408726
1.016137
-11.209080
-6.764579
-5.049995
-9.609522
-6.567304
1.165588
0.452368
3.954954
7.345058
14.624242
-1.955651
-0.058324
0.634125
6.932337
2.532655
2.311550
2.052937
1.670621
1.200747
0.809327
-10.488848
-6.089093
-4.908606
-9.402759
-6.414517
-0.424833
-0.175648
2.507862
7.063431
13.619930
-2.008386
-0.206777
0.583990
4.870628
2.593062
2.450480
2.265571
1.940927
1.505873
1.107432
-10.629179
-6.132002
-4.705744
-9.412632
-6.636086
0.599783
0.111976
1.603123
6.314905
12.918726
-2.455777
-0.682059
0.187607
2.225431
2.364337
2.309012
2.090216
1.845622
1.378564
1.052921
-11.524721
-7.144751
-4.995772
-9.642528
-6.501946
1.833176
0.336763
4.097121
7.142071
15.493784
-2.024295
-0.065320
0.429146
4.800683
2.370793
2.109290
1.739335
1.296506
0.777042
0.359015
-10.401303
-6.392131
-5.300830
-9.972420
-6.884102
-0.871939
-0.646028
3.038876
8.044977
15.349269
-1.869304
0.467228
0.567624
1.182647
2.781137
2.729573
2.476207
2.217655
1.698635
1.313135
-10.609552
-5.762957
-4.452923
-9.094250
-5.934686
0.377974
-0.224109
0.838756
6.084721
12.771670
-2.857690
-0.367293
0.309954
4.914785
2.478715
2.340767
2.134361
1.800191
1.347126
0.942068
-9.871492
-6.021377
-5.151889
-9.844176
-7.139044
0.015268
-0.307379
1.706038
6.692450
13.248417
-3.001038
-0.525951
-0.134704
2.443063
2.536518
2.557953
2.451560
2.270071
1.805077
1.426276
-13.473116
-8.305280
-4.677381
-9.235850
-5.849174
2.609736
0.479378
3.723358
6.483725
15.704050
-3.468367
-0.027709
0.129313
4.737399
2.499171
2.159265
1.707862
1.209231
0.673155
0.255688
-9.411028
-5.827043
-6.046871
-10.505048
-7.676351
-1.827109
-1.080834
2.571886
7.901765
13.919703
-2.025980
0.118257
0.993151
1.841452
3.069166
3.082752
2.991184
2.775650
2.426532
2.134205
-6.826337
-3.257344
-3.246259
-8.608489
-6.443554
-1.455685
-0.347126
0.690159
6.288026
10.636957
-2.219587
-0.624058
0.835504
2.240178
3.088482
3.111628
2.904640
2.672767
2.211343
1.867671
-9.673295
-4.634549
-2.986224
-8.323481
-6.346383
-1.622346
-0.440348
0.189866
5.134514
10.585080
-2.446949
-0.434703
0.498312
-0.335535
1.160709
2.977958
2.739962
2.446332
1.930394
1.523849
-12.069492
-5.878252
-2.957309
-8.579907
-6.226449
-0.579090
-0.066291
1.152622
5.010732
11.966636
-2.427345
-0.127978
0.286773
6.145975
2.614605
2.466996
2.121265
1.663435
1.139130
0.709120
-11.276170
-6.282761
-4.198434
-10.100774
-7.683250
-0.196255
-0.335349
2.409938
6.249957
14.209097
-1.732203
0.073399
0.564453
4.615443
2.732466
2.541958
2.184639
1.710320
1.169803
0.743824
-9.946862
-5.422359
-4.307860
-10.196504
-7.754086
-0.910263
-0.599724
1.763262
6.198414
13.621308
-1.928004
-0.098772
0.547103
0.214181
2.724007
2.514622
2.273079
1.909626
1.430900
1.025852
-9.816510
-5.204730
-3.925164
-9.813590
-7.331361
0.190711
-0.075364
1.690585
5.724346
13.399423
-4.630926
-0.101103
0.263858
1.450295
2.123703
2.266585
1.941672
1.609799
1.108537
0.788709
-8.180919
-5.210260
-4.730569
-10.571171
-8.369195
-0.152223
0.146026
2.831801
6.777601
13.963560
-1.829319
-0.058912
0.715954
2.280193
2.854737
2.824948
2.542074
2.248153
1.727599
1.362047
-10.842382
-5.624389
-3.510818
-9.418014
-6.913111
1.802659
0.432486
2.005955
4.977015
13.281685
-1.834440
0.010850
0.352301
-0.022767
2.362210
2.039187
1.668416
1.193609
0.688281
0.295010
-10.097987
-6.170006
-4.665439
-10.198238
-7.779775
-0.802623
-0.498286
2.868929
7.100834
15.626801
-1.716953
0.056626
0.331619
5.798841
2.488141
2.326261
2.034950
1.650054
1.185314
0.811010
-8.358603
-5.043622
-4.449623
-10.217885
-7.806411
-0.286400
-0.136048
2.101033
6.396818
13.936578
-1.697754
0.030083
0.703062
6.102274
2.742916
2.658641
2.440983
2.104105
1.643178
1.230076
-9.606869
-5.058939
-3.721827
-9.659378
-7.263011
0.754450
-0.015448
0.842618
5.011118
12.745027
-2.545851
-0.219176
0.101304
1.815311
2.372931
2.316432
2.011788
1.691563
1.185580
0.834494
-9.594029
-5.806221
-4.389084
-10.142200
-7.722442
1.002226
0.458943
2.663560
6.141352
14.818218
-1.700758
0.120524
0.279724
6.877129
2.364277
2.176451
1.809751
1.371072
0.874373
0.463434
-9.315057
-5.763524
-4.552330
-10.183381
-7.996375
-0.500078
-0.531278
2.224077
6.577567
15.022651
-1.690491
0.021545
0.581929
0.161092
2.638169
2.478338
2.297544
1.984492
1.550344
1.158558
-7.539011
-4.106678
-3.860656
-9.674537
-7.417466
-0.531008
-0.234726
0.333902
5.497266
12.067889
-2.511191
-0.387772
0.402266
2.111445
2.961764
3.046100
2.921153
2.732987
2.261771
1.873232
-9.850701
-4.935929
-2.972197
-8.627667
-6.407113
0.685128
0.490817
0.142446
4.398992
11.545953
-2.579788
-0.164028
-0.171323
9.229840
2.242704
2.178234
1.984908
1.634124
1.185328
0.767571
-12.401034
-7.798544
-4.335409
-9.911532
-7.512387
1.568732
0.163625
2.408798
5.738975
15.285276
-4.011115
0.111965
0.199274
5.025218
2.763267
2.579099
2.034225
1.550289
0.925564
0.494279
-9.097618
-5.128917
-4.499563
-10.271118
-8.271757
-2.131847
-1.261910
1.033775
6.074195
12.968770
-1.738297
0.385239
1.061018
2.315941
3.408783
3.545089
3.458391
3.300510
2.884163
2.524027
-8.940340
-3.844283
-2.488103
-7.908204
-6.157940
-0.628937
-0.705040
-0.268874
5.497387
10.631782
-2.681338
-0.922730
0.448824
2.567627
2.825334
2.802971
2.536343
2.234539
1.696037
1.243338
-13.557127
-9.158948
-3.912541
-8.466248
-7.002110
-1.536323
-0.789482
2.247560
5.868938
13.142841
-2.509892
-0.039764
0.582053
4.349991
3.011879
2.232095
2.023136
1.673311
1.137387
0.730495
-11.481413
-7.243570
-3.900359
-9.067443
-7.556858
-1.715175
-0.859426
1.209545
5.362124
12.395582
-2.842099
-0.219896
0.840886
5.766315
2.900133
2.813300
2.547403
2.181390
1.705108
1.257750
-12.505953
-8.351354
-4.168403
-9.193269
-7.746267
0.026658
-0.477027
1.153551
4.573810
12.392672
-6.396868
-0.743670
0.318347
4.653542
2.853980
2.367749
1.959633
1.575546
1.018565
0.607134
-10.769971
-7.336848
-4.516451
-9.723000
-8.537275
-1.837732
-1.107203
1.808371
5.970772
13.205108
-2.698358
-0.241514
0.884431
3.168611
3.060676
3.058617
2.801591
2.557811
2.062001
1.658505
-11.730086
-7.397682
-3.528906
-8.625565
-7.374426
-0.190112
-0.197789
0.006259
3.980692
11.145820
-6.523181
-0.779930
0.456577
3.057836
2.846365
2.800997
2.441437
2.146111
1.612655
1.181709
-13.604522
-9.596998
-4.534662
-9.267449
-7.765089
1.266985
-0.552637
2.851414
5.047705
13.733791
-3.143842
0.082566
0.922703
4.503637
2.788663
2.677668
2.153231
1.649812
1.034695
0.554655
-12.021320
-8.028362
-4.509905
-9.323370
-8.081787
-3.101979
-1.854631
0.838423
5.693386
12.900275
-1.736076
-0.002442
1.003063
4.316628
2.932795
3.027491
2.852870
2.641842
2.176511
1.768577
-12.664771
-8.255671
-3.575785
-8.370832
-6.920580
1.815683
0.186433
0.845589
3.887430
11.230433
-6.511382
-0.672502
0.356721
4.422485
2.284786
2.161051
1.727483
1.290389
0.708031
0.299341
-10.555574
-7.656572
-5.096036
-9.858099
-8.693938
-2.666130
-1.440113
2.050413
6.667799
13.811972
-4.483348
-0.315964
0.766686
6.599433
2.559543
2.595487
2.360384
2.147856
1.671011
1.281300
-9.732546
-6.699467
-3.979492
-8.921252
-7.877648
-1.089136
-0.504531
0.046330
4.214933
11.658929
-5.123936
-0.828193
0.486987
2.698639
2.883441
2.922164
2.693865
2.481303
2.002043
1.549440
-11.943172
-8.016672
-3.779631
-8.688099
-7.621240
0.516180
-0.255065
0.363114
3.776920
11.492408
-6.447065
-0.778429
0.101475
5.031402
2.214440
2.156949
1.776883
1.426077
0.890860
0.499266
-10.547270
-7.844475
-5.132096
-9.746131
-8.783586
-1.154885
-0.933174
2.378651
6.272171
14.215461
-3.493225
-0.086501
0.672752
4.466900
2.483791
2.460737
2.152356
1.856627
1.340726
0.901324
-9.377378
-6.209024
-4.013727
-9.015461
-8.206961
-2.078114
-0.922505
-0.300593
4.187230
11.933804
-6.063806
-0.690849
0.602539
2.806813
3.063103
3.135376
2.983788
2.824790
2.384291
1.969560
-10.604613
-6.889112
-3.408616
-8.156561
-7.188742
0.058072
0.201907
-0.412828
3.806034
10.833755
-6.251055
-0.837881
0.333341
2.196681
2.435768
2.389966
2.104651
1.833189
1.332646
0.909801
-12.044260
-8.834653
-4.626985
-9.174839
-8.160439
0.476224
-0.480323
2.757661
5.350159
13.655223
-3.980052
0.016738
0.778465
4.399477
2.593036
2.534163
2.072841
1.659405
1.054344
0.568525
-10.643238
-7.163869
-4.317298
-9.016034
-8.328780
-2.898983
-1.658251
-0.006957
4.862778
12.242743
-2.643846
-0.296022
0.880124
2.068404
2.749635
2.881004
2.780355
2.644531
2.244802
1.829745
-9.201124
-5.685883
-3.379546
-8.017554
-7.347691
-1.524583
-0.572012
-0.708479
4.450929
10.910996
-6.468690
-0.716380
0.617385
2.345721
2.812393
2.786362
2.641877
2.387902
1.968921
1.474236
-11.829776
-8.161547
-3.728647
-8.262811
-7.555943
-0.408590
-0.239090
0.107322
3.669677
11.012559
-6.393343
-0.718416
0.042186
4.177855
2.076874
1.883625
1.602427
1.248403
0.761729
0.307983
-10.000580
-7.340068
-5.358907
-9.439347
-8.957887
-1.859449
-0.975273
2.182136
6.258556
13.715770
-5.009226
-0.145229
0.590982
4.795452
2.094573
2.007612
1.790261
1.478544
1.080094
0.660382
-7.009937
-4.563923
-4.662335
-9.530896
-9.123302
-2.509102
-0.929342
-0.961712
4.365461
11.571880
-6.210054
-0.939764
0.847517
2.784186
2.898252
2.940468
2.928434
2.794665
2.474881
2.063598
-9.609532
-6.570401
-3.642600
-8.300581
-7.597272
1.161286
0.570589
-0.050184
3.602055
10.401024
-5.155177
-0.657173
0.243662
1.960245
1.607298
1.477635
1.056447
0.738359
0.266633
-0.130289
-8.255510
-6.728881
-5.941046
-10.766960
-10.017777
-1.597606
-0.712790
1.617738
6.258177
13.816597
-4.177351
-0.097491
0.652933
8.953568
1.886512
1.762189
1.590455
1.359607
1.014987
0.644791
-7.005300
-5.069552
-4.730585
-9.661905
-9.163775
-0.412325
0.003439
-0.078854
4.029205
11.919548
-5.965809
-0.666266
0.451272
2.480334
2.281460
2.238955
2.051162
1.867244
1.472354
1.096720
-9.221122
-7.034558
-4.838743
-8.924264
-8.762259
-0.727976
-1.130785
2.502153
5.858139
13.045092
-4.261855
0.110362
0.939760
3.145619
0.157979
7.375612
2.425071
2.179252
1.702883
1.238089
-11.231274
-9.374252
-3.636096
-7.458197
-7.526851
-0.945571
-1.701466
0.035714
4.201900
11.241790
-6.230605
-0.970393
0.337553
5.912179
2.583930
2.539637
2.332853
2.024386
1.634941
1.158702
-9.554716
-8.016387
-4.441745
-7.796222
-8.149549
-2.065027
-1.993237
0.213487
4.517702
11.158538
-6.201107
-0.742138
0.505016
8.834859
3.140788
3.208241
3.027055
2.765528
2.378934
1.850361
-13.418120
-11.159770
-4.191406
-7.107832
-7.350070
0.457380
-1.773591
0.637880
3.676349
10.554315
-6.404928
-0.783874
0.088060
2.945427
2.420938
2.379623
2.014649
1.595549
1.088219
0.589915
-10.511161
-9.240328
-5.441669
-8.215702
-8.482155
-2.703362
-2.534707
1.116747
6.151663
12.052514
-6.236175
-0.785683
0.493964
6.151563
2.668485
2.654796
2.413817
2.082047
1.684822
1.194040
-10.663388
-9.144060
-4.574215
-7.576712
-8.085724
-1.867985
-2.080061
0.378944
4.624925
11.101120
-6.067880
-0.694332
0.104268
5.878708
2.616849
2.617617
2.357613
2.035922
1.599835
1.080675
-10.094811
-8.642785
-4.854691
-7.533943
-8.184581
-2.418967
-2.259381
0.275086
4.735802
11.090481
-6.183968
-1.016200
0.669222
7.828116
2.899015
2.959774
2.760454
2.491799
2.113451
1.622226
-10.194021
-8.625970
-4.414672
-7.024734
-7.907152
-2.283270
-1.941045
0.087111
3.933411
10.302666
-5.065845
-0.798445
0.445804
7.782840
2.909301
2.953060
2.745232
2.422613
2.039517
1.517688
-11.438960
-9.578897
-4.602519
-7.049178
-7.810620
-2.135163
-2.044911
0.289586
3.996839
10.420392
-5.472043
-0.690850
0.134885
5.692171
2.383257
2.591418
2.288668
1.942033
1.517256
0.990659
-8.917875
-7.515811
-3.434427
-7.644591
-9.072685
-4.091900
-2.027309
0.497249
4.604657
10.192864
-6.017661
-0.433102
0.957946
0.504473
2.457234
3.116238
2.886232
2.559200
2.134368
1.635317
-10.147011
-8.474328
-2.470115
-6.975290
-8.456503
-3.229535
-1.621554
-0.214808
3.295874
9.361036
-6.167943
-0.561938
0.447149
7.962569
3.022721
3.050545
2.763795
2.374738
1.905918
1.381025
-11.368309
-9.453753
-3.014518
-7.311234
-8.664004
-3.185962
-1.868900
0.216979
3.927974
9.988122
-6.232792
-0.787650
0.639127
-3.426182
2.427132
2.406177
2.446570
2.160958
1.631742
1.160567
-11.589197
-9.032538
-2.440262
-7.091455
-8.208965
-2.933622
-1.729235
0.054477
3.920430
10.231388
-6.240499
-0.614603
0.346700
-4.033223
2.908001
3.298156
2.442318
2.057937
1.620625
1.095113
-12.241068
-9.628463
-2.768934
-7.220495
-8.229347
-2.262480
-1.727773
0.309388
4.121997
10.486342
-6.271368
-0.616679
0.186577
6.828142
2.798330
2.787415
2.436041
1.994973
1.498206
0.978553
-11.722691
-9.891720
-3.744127
-8.035995
-8.898810
-2.439674
-1.990205
1.189356
5.364651
11.232419
-6.248100
-0.563857
0.714400
4.062285
2.816961
2.847021
2.441466
2.026831
1.457897
1.008931
-12.554633
-10.446256
-4.047161
-8.162002
-8.832330
-1.219295
-2.160555
1.310819
5.505466
11.627269
-6.237321
-0.535872
0.766399
3.295203
2.643114
2.801646
2.357136
1.894278
1.303017
0.815536
-13.114296
-10.711658
-4.089643
-8.139640
-8.795368
-1.449794
-2.219158
1.380002
6.066932
11.939020
-6.256313
-0.712488
-0.038294
3.752231
1.959929
2.183129
1.778141
1.298792
0.757210
0.312945
-10.616596
-7.503590
-4.372479
-9.157821
-9.345925
-0.909279
-0.606454
3.947835
6.452243
14.207129
-4.699039
-0.059918
0.810962
6.784755
2.353266
2.207860
1.785418
1.326196
0.840590
0.392354
-7.452106
-5.165259
-4.306514
-9.542086
-9.444422
-2.659778
-0.899128
0.710951
5.038595
12.170531
-3.454533
-0.053857
1.016617
2.603974
3.046887
3.096368
2.911175
2.709517
2.275110
1.861175
-8.877607
-5.418315
-2.712953
-8.068271
-7.977734
-1.881647
-0.515678
-1.046744
3.408418
10.379885
-6.066533
-0.403206
0.548136
6.042273
2.624458
2.639188
2.487477
2.168804
1.710532
1.182870
-14.320114
-10.807158
-4.241129
-8.534499
-8.032374
0.938037
0.232611
1.686559
4.768368
13.200861
-6.190315
-0.481880
0.238821
3.826236
2.535744
2.381876
1.819133
1.247987
0.673502
0.118006
-9.934204
-6.835062
-4.580885
-10.035265
-9.441695
-3.363286
-1.451321
1.299693
5.950100
13.123644
-1.608851
0.105143
1.051987
3.750838
3.367538
3.447677
3.247701
3.043892
2.647568
2.247605
-8.717001
-4.747764
-2.508617
-7.504562
-7.351972
-3.072449
-1.644494
-1.122417
4.654631
10.179974
-4.041211
-0.679637
0.861292
2.554024
3.092474
3.149924
3.031302
2.780896
2.404483
1.939681
-11.364884
-7.103867
-2.783760
-7.317303
-7.071925
-1.809192
-0.604959
-0.269442
4.294706
10.209508
-6.592080
-0.660996
0.461503
2.652759
2.560158
2.533880
2.224017
1.906564
1.385731
0.913935
-13.764566
-9.854122
-3.970697
-8.661756
-8.111171
-0.485226
-0.822727
2.286407
5.287292
12.866731
-6.189325
-0.530045
0.355113
4.080918
3.658440
2.655856
2.149391
1.648180
0.994830
0.463710
-12.239832
-8.191007
-4.072821
-9.222977
-8.696772
-3.098454
-1.622484
1.441125
5.779276
13.052289
-2.751251
-0.122528
0.617897
5.090581
2.193417
2.422536
2.182173
1.938546
1.456827
1.025086
-8.980323
-5.298832
-3.293004
-8.413270
-7.745912
-3.112323
-0.948307
-0.742699
4.522577
11.390859
-2.372626
-0.139899
1.248881
3.530506
3.309913
3.428239
3.335415
3.172031
2.699172
2.180527
-15.319036
-10.469378
-3.095415
-7.736053
-6.446563
2.470306
0.714325
1.167093
3.562960
11.946702
-6.481022
-0.466521
0.485345
3.923396
2.599605
2.483328
1.871417
1.319560
0.642977
0.148205
-12.048791
-8.137814
-4.698576
-9.507025
-8.575908
-3.822482
-1.983869
1.597428
6.528337
13.505591
-1.674472
0.113450
-5.844728
-5.947267
-3.883599
1.808064
0.844915
0.253398
0.451248
0.682793
0.908717
1.126947
1.334346
1.568948
1.764316
-13.539525
-10.945297
-5.764614
-3.711432
-2.741590
-1.610912
-0.432209
0.445994
0.885449
-1.714290
-3.146714
15.778370
15.876824
15.871054
4.356506
3.225302
5.742086
6.292445
5.794536
5.595647
5.673461
5.846233
6.368308
7.169420
9.000277
-15.893364
-15.815225
-15.715559
-15.708720
-11.333875
-4.819793
0.414181
4.421411
12.936657
13.680220
13.544917
4.522085
8.163066
14.888824
10.534204
11.733710
12.973487
0.000014
0.002776
0.002403
-15.931651
-11.206313
5.739165
-14.364606
-11.710061
-11.512651
-10.356049
-4.279754
5.955122
9.201610
10.297172
10.176754
9.670377
15.717155
4.966172
-4.940198
-4.515532
-2.475851
1.545734
6.337380
-16.101490
-15.866549
-15.846250
-15.796172
-15.738770
-14.004123
-9.916393
-5.353240
6.672369
11.253140
7.085167
4.359068
-4.944857
-0.095444
1.631053
3.231355
4.714551
8.257524
12.659603
16.671154
-16.034252
-15.867075
-15.810989
-15.777710
-15.720156
-10.955311
-5.222120
-1.667907
9.033392
12.755528
7.115450
5.998325
-4.433975
1.126248
2.700579
4.614506
6.782072
9.983708
14.185532
18.094120
-16.068058
-15.869223
-15.809636
-15.741793
-15.702033
-8.775974
-4.284627
-2.374090
3.707376
10.033362
13.085457
9.696321
-18.075710
5.303931
1.272936
1.620325
4.887055
9.248630
13.993230
16.718180
-16.090834
-15.857789
-15.808341
-15.773424
-15.717989
-11.586285
-5.497046
-0.125282
8.399495
12.085868
8.312426
6.750705
-18.248631
10.696053
-0.375515
1.279477
3.876463
7.082066
11.389294
15.442115
-15.888154
-15.784930
-15.770410
-15.720838
-9.869952
0.363280
-3.034728
-2.806912
4.142007
13.158842
11.885208
9.943883
6.562579
-1.869152
1.285036
2.339436
5.614232
8.579252
12.500587
16.910810
-16.094574
-15.865745
-15.829561
-15.761889
-15.423079
-5.249652
-7.572164
-5.836525
0.721744
9.768666
12.334001
10.991954
-8.396882
7.647596
2.535572
4.707850
8.868419
12.486572
17.215900
12.982273
-16.259424
-15.929733
-15.871634
-15.832602
-15.769622
-15.706970
-12.066702
-8.681319
0.238366
14.291500
11.067616
9.069602
7.922024
-3.015197
0.182295
2.436649
5.017330
7.502265
11.018099
15.011065
-15.876271
-15.774564
-15.752315
-15.740647
-15.558492
-7.225741
-4.261957
-0.577203
4.289974
11.751932
11.416190
9.864688
-6.772669
7.138914
2.972404
5.033218
7.935122
11.091067
15.335941
13.779577
-16.101751
-15.876773
-15.811875
-15.795486
-15.740488
-13.894737
-10.344103
-4.671605
7.034792
12.508476
12.451689
11.335011
-11.938226
4.109931
3.076171
7.486288
8.609637
10.315252
14.808828
19.054188
-16.081795
-15.856012
-15.824197
-15.789303
-15.737469
-13.811502
-6.893110
-0.857245
4.827532
12.648699
11.380268
10.936137
8.251251
2.581882
-1.401907
4.647792
4.635957
7.108661
11.513578
16.170139
-16.006689
-15.833394
-15.769132
-15.769240
-15.712642
-9.075465
-5.751817
-1.307730
4.426850
12.784582
11.168829
10.218962
-10.829418
13.035710
1.106561
1.260132
5.651793
9.488261
14.103094
18.347836
-16.094156
-15.866791
-15.805295
-15.784803
-15.730383
-9.418692
-2.461072
-2.713201
2.520459
10.958546
11.020515
12.328435
10.323517
4.478784
3.122323
3.454374
6.424159
9.541237
13.760243
17.631296
-16.152294
-15.903586
-15.854038
-15.814557
-15.756592
-15.682801
-11.667283
-3.293348
5.469990
12.984035
12.200370
10.754973
-11.345555
5.400176
-2.367988
7.123200
14.323573
12.436565
17.288874
11.977675
-16.193085
-15.903162
-15.854880
-15.817514
-15.757684
-15.523668
-11.404655
-7.745339
3.927406
13.786148
11.527544
10.401319
9.442918
2.282078
-0.526874
1.799838
4.647714
7.531916
11.444766
15.694305
-15.917236
-15.778119
-15.769149
-15.743795
-15.484582
-5.342335
-3.119895
-1.431185
3.300127
12.047392
11.532840
10.050843
-9.454646
6.219319
3.140107
5.365900
8.012605
12.041581
16.785828
18.995062
-16.206146
-15.893884
-15.849646
-15.812700
-15.754715
-15.347904
-11.263276
-7.189152
7.810987
13.184984
11.327138
9.904203
9.029810
2.346948
-0.097298
1.938177
4.768129
7.659760
11.615273
16.018326
-15.939706
-15.797407
-15.779772
-15.754886
-15.708719
-7.606465
-4.559709
-0.939623
3.760401
11.944931
11.076540
9.775181
-9.044970
7.379994
1.520578
4.387794
6.909803
10.886844
15.435773
14.593121
-16.146284
-15.874755
-15.829204
-15.794911
-15.738482
-13.646071
-10.049727
-2.993258
7.281518
13.376873
11.595605
10.297815
-11.265185
-1.966967
1.247894
3.274348
6.196778
9.588267
14.029142
17.816126
-16.073679
-15.856598
-15.813982
-15.781186
-15.728885
-12.977862
-5.369226
-0.381540
4.590837
12.799122
10.463054
11.080729
-8.699616
-6.741858
1.974966
4.101401
7.246684
10.791202
15.517389
11.732788
-16.140045
-15.888140
-15.838552
-15.801634
-15.745204
-14.442280
-9.012245
-1.089348
5.767247
13.121620
12.405441
11.081770
-11.801875
6.733787
1.760828
2.777468
5.872518
9.249990
13.765861
18.251503
-16.097878
-15.868549
-15.802855
-15.786950
-15.733809
-12.467708
-4.587807
-0.803937
4.105782
13.241714
9.806365
12.195358
8.387633
1.352001
0.141318
1.414682
4.548838
7.833426
12.140483
16.796366
-16.050989
-15.845935
-15.805111
-15.774029
-15.722752
-7.193735
-3.590087
-2.637519
3.356961
13.186004
11.203390
11.028103
-9.999613
15.707114
1.837191
3.911793
6.852976
11.162457
16.291269
16.189228
-16.218239
-15.920868
-15.841272
-15.817681
-15.756005
-12.997412
-4.830935
-3.789298
2.588565
10.541993
11.218493
12.655375
10.458549
-1.315183
0.755998
2.379754
5.762369
8.845637
12.932764
17.383322
-16.165390
-15.905249
-15.859604
-15.815620
-15.757229
-15.700972
-8.559966
-2.472294
3.742849
12.684429
11.889318
11.384504
-11.389121
13.172983
1.102326
3.106261
6.645384
10.060422
14.911812
12.769610
-16.127541
-15.874380
-15.828535
-15.792079
-15.737692
-13.845572
-6.077135
-0.076023
3.836923
13.390956
10.847889
11.626585
8.488472
0.500101
1.084131
2.721091
5.878583
8.827246
13.034410
17.553549
-16.114765
-15.873329
-15.814026
-15.786817
-15.734990
-13.892015
-6.426728
0.223524
4.721452
12.969028
12.171586
11.470489
-6.993239
-1.572037
1.509171
3.871013
6.205590
10.679146
15.392701
10.647202
-16.122597
-15.880127
-15.829626
-15.793345
-15.736963
-10.972615
-3.880699
-1.965914
3.933367
13.086780
10.586742
13.463427
9.234240
5.141540
1.705879
2.381608
6.173805
9.629316
14.244640
12.857014
-16.183990
-15.901364
-15.856051
-15.817801
-15.761170
-15.202814
-9.436941
-2.700421
3.793673
13.048726
12.712247
11.538290
-9.584380
6.994449
0.864711
3.104602
5.782842
9.697484
14.517254
16.048412
-16.127260
-15.882841
-15.837147
-15.800961
-15.746700
-13.680219
-6.357026
-1.888085
2.746951
13.015603
9.088320
11.786343
8.764211
2.035573
-0.298654
2.143862
4.930983
8.410946
12.873587
17.590591
-16.074171
-15.853094
-15.820620
-15.783919
-15.734012
-10.294024
-4.147936
-1.703115
2.521512
12.572294
10.814350
10.591003
-10.753540
8.150626
0.532636
2.756023
5.564380
9.910917
14.832440
12.531424
-16.120708
-15.875179
-15.832360
-15.793048
-15.740493
-11.622476
-4.624171
-0.836774
2.613897
12.750381
10.132131
10.737677
7.682536
-4.333750
-0.434442
1.831354
4.691815
7.779032
12.097117
16.878284
-16.041075
-15.842262
-15.815122
-15.780488
-15.729902
-8.792447
-4.133563
-2.769074
2.552216
12.660356
9.374099
11.085921
-12.038374
-7.383394
0.802311
2.983141
6.359037
11.174490
16.270115
14.143051
15.717806
-15.924521
-15.874064
-15.821486
-15.760233
-15.702059
-11.414949
-6.731998
8.262075
13.384522
10.461280
8.574638
6.232889
-6.872200
0.160160
2.511152
5.373521
8.273932
12.248933
16.591434
15.702384
-15.875407
-15.833114
-15.793006
-15.735727
-12.206861
-7.649447
-2.161071
5.179021
12.827497
11.263885
9.206523
1.701146
-10.157891
0.024993
2.550803
5.136465
8.879461
13.552606
17.934010
15.701541
-15.888542
-15.840312
-15.798024
-15.741312
-13.625998
-6.719134
-0.542914
4.882988
13.008774
10.737489
9.800591
7.359884
-7.359279
-2.139442
-4.615807
3.159970
8.927510
12.252523
16.863510
10.416285
-15.900599
-15.843959
-15.798418
-15.737967
-13.526860
-9.612525
-5.140347
7.728150
14.161239
10.868855
9.240294
-13.125997
-7.027740
0.016627
2.256794
5.157315
8.765908
13.454595
17.683905
15.701052
-15.863731
-15.823825
-15.782045
-15.727754
-12.182246
-4.697421
0.615417
4.037652
12.806599
10.140931
9.555432
7.158413
-8.178361
-3.564066
5.142723
11.631987
10.652321
15.559442
12.764219
14.032606
-15.951290
-15.887430
-15.838644
-15.775183
-15.713409
-12.563515
-8.341187
4.790437
13.094790
11.310297
9.057048
7.332795
-8.356163
-0.001920
1.658624
4.408792
7.652474
11.985271
16.516861
15.111997
-15.836927
-15.813313
-15.775222
-15.724677
-9.733811
-5.482377
-1.796269
3.479768
12.520553
10.794084
8.613087
6.357406
-11.740070
-0.781628
2.364877
4.909294
8.518194
13.043202
17.359871
15.704183
-15.886644
-15.837944
-15.794176
-15.738626
-11.870463
-5.333069
-1.355543
3.947840
13.298500
10.949475
9.058331
6.819084
-6.925502
0.230547
2.346901
5.696799
9.761751
14.621782
13.086804
15.701188
-15.927414
-15.875526
-15.820904
-15.760169
-15.700907
-9.811810
-2.970879
4.943706
13.399702
10.621570
9.654837
7.804212
-7.659601
1.459274
3.273009
6.067618
9.403530
13.944526
18.506071
17.234751
-15.911530
-15.858731
-15.816399
-15.758713
-15.700611
-11.389425
-5.182319
6.032388
12.995939
11.554552
9.527164
-11.783466
-7.579350
0.055040
2.506773
5.190223
8.648674
13.189939
17.641718
15.702394
-15.870955
-15.827370
-15.790547
-15.737382
-13.615343
-7.183387
-1.379753
4.464950
12.742254
11.403933
9.160217
7.466249
-8.516153
0.303288
2.306906
5.139170
8.062746
12.413697
16.857988
15.702542
-15.884194
-15.835138
-15.794861
-15.739810
-13.564514
-6.242396
-1.416408
3.557800
13.366675
10.761779
8.903872
-10.857017
-6.184711
0.975075
2.067512
4.654816
9.119072
13.946814
18.327291
15.703383
-15.901732
-15.848215
-15.803976
-15.747403
-13.069581
-4.150568
-1.706845
2.402323
11.055018
8.859867
10.789940
8.093780
-7.246743
0.390922
2.255497
5.100983
8.069625
12.339224
17.224771
12.436242
-15.886528
-15.849385
-15.804834
-15.749764
-14.979576
-7.924870
-2.267136
3.770145
12.992237
10.853109
9.050813
-11.731244
-6.894247
0.351952
2.983398
4.801277
8.656912
13.474027
17.803137
15.701481
-15.882571
-15.833365
-15.792774
-15.737754
-10.848184
-3.027086
-1.252436
2.654144
12.523974
8.353017
10.532277
8.210940
-8.204066
0.667025
2.476872
5.203086
8.506911
13.381463
18.005146
15.701398
-15.915962
-15.861857
-15.816941
-15.758303
-13.920366
-6.709828
-2.686294
2.372693
12.958516
11.476548
9.691320
6.983886
-8.575206
-1.460481
0.849143
4.130483
7.479558
11.972782
16.750893
15.703219
-15.885607
-15.838240
-15.797624
-15.743196
-10.979947
-4.169667
-2.320677
1.939871
12.131269
11.693278
9.696885
7.530238
-7.681648
-0.015838
2.519588
6.562695
9.297684
14.306625
14.789451
15.529254
-15.922409
-15.872175
-15.818731
-15.760066
-13.290991
-4.326226
-2.999777
1.720604
10.896811
9.157941
11.468451
10.054090
-8.106433
0.008242
2.355235
5.097354
8.242862
12.996101
17.823496
15.702489
-15.913928
-15.859541
-15.816567
-15.759788
-15.702978
-9.760522
-3.082838
4.440795
13.390872
10.956630
9.284431
-10.089652
-5.645260
0.668511
3.009577
5.819294
8.747860
13.467341
17.936352
15.701006
-15.889607
-15.844345
-15.803418
-15.747681
-10.052670
-2.421637
-3.789874
1.505235
9.976170
9.709472
11.344200
9.112507
-8.704796
-4.179352
3.708663
10.398344
10.736414
16.289194
14.094067
-0.006953
-15.961181
-15.894609
-15.844419
-15.780836
-15.719324
-12.630361
-9.654421
2.744141
15.534841
10.075262
8.311821
4.393836
-8.953608
-1.004590
0.617298
3.333695
6.492189
10.825488
15.074564
15.147043
-15.797745
-15.778422
-15.750735
-15.706048
-7.937912
-2.633329
-0.359467
3.624655
12.367536
10.739964
8.779287
7.131187
-8.477417
-0.606808
1.770617
3.633586
8.132974
12.583890
16.948963
15.702876
-15.867002
-15.819983
-15.783574
-15.732070
-11.195391
-3.178589
-1.518640
2.712453
12.553601
11.061255
9.361712
8.857413
-6.878119
0.888582
3.072614
4.961893
8.407397
13.195865
17.771605
15.702804
-15.898944
-15.848410
-15.806050
-15.749788
-9.520782
-2.746328
-4.099643
0.561705
8.831632
10.773129
11.502938
10.252213
-8.420987
0.472818
2.193994
4.426668
8.155526
12.887054
17.782259
15.702634
-15.922882
-15.865339
-15.819851
-15.763379
-15.705009
-7.034577
-3.596688
2.229744
11.022202
11.436683
9.617073
11.313951
-6.670678
-0.316209
3.066146
4.230750
7.512088
12.339372
17.023607
15.115475
-15.865160
-15.825757
-15.788104
-15.736181
-8.512860
-2.322527
-3.231010
1.294527
10.688416
10.486422
10.370954
9.310800
-13.391455
9.929152
0.856571
4.349325
7.147800
11.829273
16.715683
15.333246
-15.878262
-15.837551
-15.797096
-15.742945
-7.995131
-3.279145
-4.275871
-0.215779
8.192895
11.440920
12.027576
8.568809
-7.086648
0.120400
2.591632
5.300189
8.519816
13.383490
18.052080
15.704137
-15.957426
-15.885527
-15.834315
-15.772394
-15.708911
-10.725038
-4.090023
4.383956
13.114700
10.792037
10.300679
-12.468532
-5.433898
-1.954083
1.595333
3.633286
6.865795
11.204034
15.835326
13.372946
-15.880095
-15.850948
-15.808969
-15.751637
-11.317809
-3.540594
-4.535749
1.160830
8.885181
11.235619
11.166415
8.019103
-5.343517
2.475346
4.027840
6.575430
10.025110
15.044072
13.766949
15.703855
-15.981544
-15.902502
-15.849176
-15.783576
-15.718785
-12.056190
-5.973950
4.821455
13.428877
11.003477
10.462626
6.705257
-6.849857
-2.974995
4.535509
4.303034
7.193455
11.897411
16.439653
13.097645
-15.877398
-15.846202
-15.805894
-15.750285
-12.268342
-4.678892
-3.700229
1.698034
10.176754
11.499901
10.724573
7.720421
-6.601460
0.876139
3.111602
5.361597
8.867815
13.637679
18.211447
15.703279
-15.938408
-15.872879
-15.824713
-15.765334
-15.702949
-10.239531
-3.750645
5.174751
13.199303
10.775967
10.267467
6.524013
-3.020852
-0.737571
1.908608
4.310635
7.379793
12.005239
16.551699
14.463167
-15.891622
-15.849435
-15.807519
-15.750718
-12.843394
-3.552993
-3.957725
1.877700
9.340787
10.898477
11.304331
8.116840
-4.933489
0.312718
2.388548
4.879838
7.987615
12.743105
17.230429
15.703607
-15.935399
-15.868157
-15.820827
-15.762005
-15.699950
-6.624082
-3.651629
3.214758
10.704220
10.116061
11.600446
8.606215
-5.900734
0.654547
4.529696
4.939027
7.996374
12.667255
17.372738
12.252098
-15.920473
-15.870984
-15.824631
-15.764524
-13.486568
-5.133607
-4.156097
1.494909
8.927688
10.820939
12.545400
9.016884
-7.291785
1.877439
3.047349
5.584052
8.958195
14.064512
18.668030
15.702441
-15.969423
-15.896006
-15.845787
-15.783169
-15.717072
-10.500134
-4.673604
3.392848
11.824556
11.222658
10.536487
7.741651
-7.087008
-1.144717
1.541514
4.019798
7.047266
11.797409
16.501907
12.718006
-15.887783
-15.853234
-15.811249
-15.754847
-11.694021
-3.844670
-4.043408
1.148988
8.846057
10.961526
11.955473
8.614378
-5.421145
2.095054
2.340676
6.375109
10.324505
15.399118
16.140369
15.702861
-15.990414
-15.911057
-15.855578
-15.793476
-15.725875
-12.624599
-8.935855
3.632997
13.846951
10.768931
10.352463
7.957098
-14.211065
13.729337
-0.926850
1.578493
4.349509
8.484210
13.041782
17.130997
-15.789968
-15.788450
-15.759514
-15.715065
-7.289816
0.134087
-2.614074
1.131731
9.871284
11.030547
10.331978
7.803360
-5.859879
1.391762
3.566044
6.383943
9.394480
14.054150
18.463722
15.702715
-15.935541
-15.871199
-15.827260
-15.769522
-15.701880
-4.854828
-4.374974
1.387245
9.468660
11.972223
12.671176
9.793760
-6.897469
-0.384344
-0.669173
2.994010
7.509139
12.326085
17.274996
15.703004
-15.927955
-15.878471
-15.830571
-15.773723
-13.375244
-3.505201
-6.143564
-0.245477
6.967942
13.052698
11.938315
8.649551
-10.630843
0.266124
3.352009
5.410444
8.556788
13.492084
18.221624
15.702041
-15.953703
-15.886667
-15.838700
-15.779945
-15.643170
-6.732185
-4.712180
0.667326
8.391335
10.557568
13.418591
10.185613
-9.048404
-1.120813
2.400828
5.081654
8.014302
12.618606
17.571903
13.649464
-15.926365
-15.869250
-15.824119
-15.771635
-15.715497
-9.396101
-3.591912
2.415555
11.301400
11.492409
11.493381
6.693202
-8.629335
-1.856176
1.709210
4.611041
7.410337
11.775862
16.314651
13.240873
-15.876736
-15.854888
-15.807768
-15.747329
-11.134090
-5.092199
-5.739498
-0.785421
8.280032
12.174140
14.443039
11.852952
-6.640501
1.769741
4.536326
7.351663
11.248015
16.244282
12.056718
-0.000064
-15.967653
-15.897228
-15.849684
-15.801189
-15.728247
-13.397515
-10.159529
2.053854
15.704297
10.802672
11.040911
6.815907
-8.338860
-1.852786
0.691585
3.467912
6.282726
9.881228
14.195081
15.147250
-15.808091
-15.810775
-15.778769
-15.734804
-11.972136
-5.061142
-2.793567
3.015245
10.813611
11.070265
11.032437
8.393031
-8.429019
0.688321
2.714003
4.925028
8.463749
13.007105
17.563841
14.546239
-15.887837
-15.842870
-15.807395
-15.756702
-15.698843
-7.968022
-3.322056
2.872161
12.044354
11.208967
10.832827
8.343612
-9.792635
-0.376908
1.178845
3.646709
6.807533
11.476252
16.145561
15.703660
-15.878654
-15.842130
-15.799440
-15.748763
-10.636093
-2.815484
-2.919928
0.675404
9.968801
12.170781
11.251235
7.049713
-7.121368
-0.235992
2.601663
3.468610
7.492196
12.450107
17.247744
15.703966
-15.920892
-15.874723
-15.821747
-15.761064
-10.606074
-2.186638
-5.839006
-0.281840
8.159424
10.437097
13.438744
6.519926
-9.459798
-0.880111
1.161191
3.097787
7.571637
12.924367
18.066469
15.701878
-15.947098
-15.909163
-15.850580
-15.791689
-15.713784
-6.726083
-6.083199
-0.169636
8.159685
11.898854
12.655639
7.643708
-9.318335
-0.446839
1.485458
3.804568
7.367729
12.348265
17.344271
15.701771
-15.909299
-15.871133
-15.822597
-15.769722
-14.680792
-5.522200
-4.173538
0.657798
9.423451
11.764974
11.037434
8.302336
-7.136332
-0.339074
1.072677
7.109204
8.615726
13.748426
18.512445
15.702893
-15.933799
-15.890477
-15.841004
-15.795396
-14.972400
-5.483710
-5.244961
-0.005712
9.768543
10.456256
13.623360
8.859069
6.831463
-1.135012
1.577217
2.119640
6.546573
10.183615
14.968289
17.560448
-15.882907
-15.888729
-15.841317
-15.786673
-15.726679
-8.749089
-6.229042
-0.833624
7.744487
10.963696
13.889868
9.608838
-8.904453
-1.187270
1.639750
4.931407
8.184852
12.717840
17.462860
12.428389
-15.876292
-15.837189
-15.801797
-15.755569
-15.701365
-10.837793
-7.038204
5.501865
13.472853
9.538914
9.540246
5.647167
-6.170874
-0.489658
2.768479
4.201943
7.524354
11.426596
15.772835
13.543856
-15.836878
-15.818448
-15.784903
-15.734762
-9.019982
-5.143215
-2.987062
1.939413
11.702432
11.812718
11.295527
8.347612
-8.007215
0.921710
2.757524
5.438441
8.066580
12.418122
17.069569
12.946613
-15.915961
-15.859960
-15.818245
-15.761776
-15.703850
-11.138614
-5.895323
5.652200
13.580165
10.172289
10.134762
-2.129742
-5.554801
-1.968171
1.548227
4.200045
7.206491
11.604664
15.954097
15.701798
-15.866997
-15.831166
-15.792151
-15.738676
-10.152968
-4.022740
-2.169037
1.494058
11.707856
11.469513
10.902254
7.976184
-8.504937
0.649344
2.613216
5.012354
8.521493
13.273846
17.902267
15.703772
-15.952312
-15.881366
-15.831492
-15.771011
-15.711846
-8.477596
-4.090856
2.864223
11.938106
11.772602
11.028623
8.268494
-8.202276
-0.933589
1.516720
4.071500
7.030106
11.459027
16.320137
13.139289
-15.889543
-15.853199
-15.810787
-15.753987
-13.711434
-6.070947
-2.791115
1.956851
11.782499
11.384164
10.652476
8.269596
-6.086486
-0.122712
3.095675
5.563283
8.998087
14.171960
17.901712
15.701858
-15.957279
-15.889623
-15.839374
-15.776528
-15.713520
-9.564034
-3.643714
2.915177
12.810260
9.375789
10.368433
9.491181
-9.493916
-0.573117
2.210545
4.770306
8.110731
13.021982
17.796555
14.458014
-15.898070
-15.851574
-15.810032
-15.755407
-14.643748
-5.900768
-3.056131
2.213276
11.679688
11.130855
9.688635
7.528094
-13.301948
9.876620
1.408964
4.024555
6.124542
10.767243
15.457172
15.261075
-15.839113
-15.811647
-15.769486
-15.709304
-3.991604
-1.566528
-4.806830
0.548828
10.167650
11.821544
9.866785
8.293550
-7.401312
0.023941
2.515099
4.847075
8.512259
13.434792
17.978096
15.701720
-15.912417
-15.865130
-15.820151
-15.760960
-12.373418
-2.605198
-5.058260
0.684418
7.631659
10.303780
11.965908
9.072741
-7.532103
0.293482
2.938130
5.723300
9.058161
13.737749
18.735748
15.703332
-15.920436
-15.867702
-15.824189
-15.768826
-15.711232
-11.744062
-4.914175
4.783347
12.669859
10.335657
8.394254
3.878169
-9.654885
-1.265769
1.450013
4.430772
7.656856
12.048295
16.333364
15.320500
-15.821978
-6.967772
-6.959238
-1.451413
-0.719842
-0.423077
-0.161825
0.085556
-10.049137
-7.275168
-3.591930
-1.010778
-0.847947
-0.816894
0.196585
2.111796
4.222788
6.521026
7.442737
6.381802
1.980778
5.727989
15.702002
15.638287
15.708942
13.433800
15.661002
15.700888
-0.000047
-0.000216
0.000003
0.000002
0.000002
0.000003
-15.778489
-15.702834
-7.514222
-5.799424
-9.734785
-8.847230
-6.185134
0.527146
9.890593
9.236748
7.128385
5.006160
5.664909
-1.096454
-0.251106
0.467036
1.199259
2.871924
5.205191
7.906497
-15.853353
-15.809514
-15.719123
-15.704047
-12.078039
-8.582211
-7.091262
0.321352
13.635291
8.881430
-9.945889
-5.489509
-2.745046
1.671250
2.991070
4.592878
6.621222
8.907830
11.913001
14.222825
-15.772676
-15.717207
-9.869398
-12.296395
-5.920527
-0.169863
-2.480442
3.320633
11.154229
11.216606
9.487619
-3.962024
-1.612596
2.275423
3.564602
5.276816
7.576135
10.675344
13.885707
15.704647
-15.833825
-15.769662
-13.590753
-13.848287
-7.136320
0.539255
-3.105371
0.567975
9.227064
12.414967
10.293647
-8.367618
-5.069050
0.928591
2.456407
4.176989
6.389361
9.322591
12.815801
15.640831
-15.823080
-15.774776
-15.529817
-14.477990
-7.273063
1.397800
-1.874014
0.915132
8.202387
12.242427
11.136642
-6.398930
-3.388772
2.642369
4.085466
6.115563
8.387225
10.490288
12.801613
15.677174
-15.850437
-15.808582
-15.752100
-15.718102
-9.330825
-0.736978
-1.355088
1.201819
7.857000
12.023931
11.895201
-3.608994
-0.973036
4.221317
6.173591
8.285277
11.060431
13.337383
15.730131
15.705280
-15.894880
-15.827932
-15.736956
-14.536510
-7.601099
-1.184950
-5.786771
-2.436106
3.879280
12.747830
12.410746
12.729317
-5.557528
2.632793
1.155117
5.210089
7.260993
9.430349
12.636626
16.199362
-15.857186
-15.833794
-15.796322
-15.745840
-14.459575
-8.714710
-3.633691
3.097287
10.513990
11.907538
-8.443999
-1.586452
0.709020
4.872548
5.986748
8.437025
11.106675
13.914650
15.704036
15.725475
-15.896658
-15.858353
-15.812461
-15.750537
-11.410702
-2.338756
-4.641229
-0.779604
7.899145
11.758637
13.688632
-7.137942
-0.246493
4.373245
5.284673
6.795072
8.779446
10.860230
13.182967
15.582617
-15.864350
-15.857287
-15.822740
-15.768159
-13.640656
-8.201012
-6.472098
-0.110719
7.302976
13.659224
12.804967
-1.740572
0.693177
5.653520
5.988599
7.598612
9.848189
12.039573
14.650084
15.624249
-15.918955
-15.877354
-15.830827
-15.770741
-15.710692
-8.307062
-4.711133
2.281645
9.613179
12.469741
14.832932
-4.946210
-0.853677
4.138797
5.161325
6.852174
9.012773
11.089212
13.510706
15.636796
-15.884160
-15.871241
-15.824263
-15.772622
-15.713767
-8.103436
-4.791737
0.010459
10.081942
12.530685
-10.141875
-1.057530
0.821410
5.991442
6.717373
8.215298
10.331963
12.529732
15.203069
15.465463
-15.907843
-15.890229
-15.839752
-15.783513
-15.719138
-10.608212
-6.387217
0.115667
11.334396
11.738721
13.145914
-2.284805
0.551563
6.222552
6.428742
7.584534
9.493993
11.555919
14.098837
15.319243
-15.858259
-15.864893
-15.823369
-15.772100
-15.711704
-9.680533
-6.703886
0.875238
11.052925
12.850786
13.604362
-1.995561
0.192260
6.459950
6.639668
7.740984
9.678649
11.789373
14.407325
15.701088
-15.876693
-15.870658
-15.826416
-15.775167
-15.712530
-10.292708
-7.085660
0.483499
11.354180
13.137455
13.758727
-2.320868
-0.085594
6.444771
6.799880
7.813133
9.763291
11.937819
14.623618
15.284254
-15.866926
-15.868742
-15.834888
-15.781651
-15.719667
-11.003626
-7.002328
0.173277
9.215153
13.100960
13.755800
-3.771556
0.443740
6.161911
6.449577
7.361558
9.309568
11.448563
14.073403
15.373584
-15.885742
-15.870142
-15.828202
-15.773866
-15.712053
-12.266779
-6.611249
2.729352
10.403042
13.170887
17.369909
-1.559849
1.207294
5.870513
6.362284
7.800865
9.859641
12.019061
14.715030
15.537597
-15.904755
-15.876590
-15.829146
-15.771560
-15.712376
-8.612966
-5.216752
1.925823
9.143753
12.458564
15.257067
-6.900610
-0.375718
4.798153
5.694380
7.336327
9.510308
11.607111
14.159807
15.447624
-15.904162
-15.879701
-15.835313
-15.783144
-15.723230
-10.158092
-5.697710
-0.567722
10.686894
12.136477
10.294002
-1.944428
0.062590
5.290198
6.002735
7.542996
9.711777
11.816776
14.308538
15.702381
-15.873959
-15.862597
-15.817087
-15.766366
-15.703328
-8.619324
-4.841026
0.206562
11.220612
13.318669
13.683315
-2.210555
-0.055711
6.443518
6.805957
7.959095
9.910352
12.111479
14.720583
15.700450
-15.862879
-15.866569
-15.841604
-15.787374
-15.727379
-11.170594
-7.206548
-0.624640
7.303046
12.805351
13.738955
-2.335545
0.498678
6.056370
6.440669
7.449248
9.284212
11.528649
14.127467
15.747293
-15.890986
-15.872929
-15.830299
-15.775705
-15.713822
-13.135605
-7.060708
2.745322
11.692640
12.255843
11.996075
-1.341966
0.911090
4.353388
6.368621
7.915509
9.874006
12.141055
14.694754
15.552590
-15.917346
-15.877966
-15.829619
-15.769975
-15.585333
-8.182647
-4.527927
2.444313
8.681525
11.877517
15.422488
-7.668679
-1.057381
3.513346
4.831856
6.421987
8.629889
10.747242
13.337361
15.691981
-15.872404
-15.859148
-15.819791
-15.767918
-15.713828
-7.512050
-5.460121
0.916334
7.356358
12.754625
15.493065
-6.910795
-2.761989
3.779355
7.652331
7.417808
9.604010
11.827681
14.449890
15.587976
-15.879269
-15.855823
-15.824098
-15.772938
-15.716902
-10.634324
-4.950048
1.604917
9.997413
13.771132
15.549353
-2.413588
-0.412300
4.969922
6.090981
8.334422
10.827700
13.066796
15.677932
5.626536
-15.887500
-15.880240
-15.845137
-15.796227
-15.730858
-9.458382
-8.091054
-1.820700
7.102618
12.128210
14.470499
-7.065059
-0.797039
5.420624
5.796551
6.927223
9.000949
11.265197
13.615402
15.479259
-15.862859
-15.853578
-15.822703
-15.772575
-15.715294
-11.752439
-7.140311
1.379721
10.580244
11.832789
15.136067
-1.283100
1.452978
5.622560
6.284919
7.928348
9.898321
12.165144
14.734332
15.704356
-15.927708
-15.877918
-15.828380
-15.768115
-15.707864
-8.041788
-3.804050
2.431033
10.691101
12.781328
14.732792
-7.122315
-1.086151
3.845390
4.907951
6.602395
8.747652
10.789267
13.189276
15.747038
-15.890768
-15.872813
-15.825723
-15.773079
-15.702811
-6.332134
-5.601221
-0.013137
8.297813
12.654307
17.825809
-2.091845
0.664758
5.237436
5.697093
7.302528
9.535433
11.581259
13.981263
15.478312
-15.877375
-15.862448
-15.819082
-15.764325
-15.708016
-9.017744
-4.326901
1.793309
10.613888
13.087926
14.182823
-3.308561
-3.131986
3.330855
4.830822
6.699109
8.912483
10.950933
13.323301
15.618288
-15.848859
-15.848508
-15.813308
-15.765677
-15.033335
-6.571295
-5.700434
-0.695459
8.711008
13.629660
14.320812
-2.284628
-0.353419
5.353557
6.422357
7.265639
9.229071
11.454201
13.905252
15.162846
-15.858641
-15.852618
-15.825418
-15.773083
-15.711409
-10.159354
-6.712405
-0.011829
7.568217
13.257467
12.663139
-1.853831
0.392764
5.629761
5.969597
7.151692
8.989593
11.086782
13.588872
15.678773
-15.875815
-15.851546
-15.811079
-15.757094
-15.698668
-8.235662
-3.980366
2.619968
9.845972
12.335358
13.676987
-2.860414
0.045610
4.591552
5.876929
7.533233
9.753680
11.801326
14.208390
15.702770
-15.870386
-15.858289
-15.815627
-15.765745
-15.709360
-8.592150
-5.661389
0.985602
9.813688
11.116280
11.651047
-3.982728
-1.595628
3.731259
5.062650
6.173362
8.241515
10.305044
12.271482
14.718392
-15.805050
-15.808697
-15.778571
-15.730519
-10.144451
-3.736174
-4.186797
-0.070931
9.259228
12.389569
12.330960
-2.858971
-0.556579
4.621822
5.876288
6.975209
8.703032
10.679956
12.875109
15.693341
-15.825483
-15.826471
-15.798932
-15.750965
-12.258510
-4.399697
-4.253115
-0.223569
5.698116
12.462995
14.865314
-2.878291
0.261352
4.703439
5.574955
6.821482
8.707491
10.664577
13.566134
16.753365
-15.854998
-15.837458
-15.806365
-15.758551
-15.703772
-11.185241
-7.084062
2.260220
11.771737
11.304914
-10.588285
-2.061747
0.089460
4.492513
6.388955
8.633314
11.168093
13.507889
15.710794
15.680519
-15.860923
-15.855399
-15.820352
-15.761889
-13.223407
-2.863816
-6.283744
-2.562943
4.577992
11.314047
12.815662
9.634929
-6.362314
0.953044
2.595043
3.897323
5.744701
7.930932
11.049688
14.458717
-15.764658
-15.776071
-15.770563
-15.715404
-8.918383
-4.021896
-4.746777
-0.965204
6.573586
13.597363
12.631310
-3.996533
0.566474
5.254541
5.557906
6.675171
8.490850
10.499269
12.925653
15.695415
-15.859460
-15.830584
-15.792764
-15.744973
-14.518935
-9.363855
-3.673285
4.315521
11.021604
10.217948
-10.669483
-2.177074
0.325405
5.272120
6.907412
8.552295
11.082872
13.654386
15.719776
15.703102
-15.875628
-15.857927
-15.827263
-15.771350
-14.543291
-6.172676
-4.969967
-1.614482
4.115337
11.303565
12.547397
-8.979125
-5.017019
1.668188
3.379901
4.777133
6.441009
9.031211
12.402756
15.855793
-15.799249
-15.806245
-15.785216
-15.741039
-13.696640
-4.659930
-3.491984
0.444881
6.752518
13.518108
13.083870
-6.749885
-0.151672
4.183056
5.453592
6.876081
9.069715
11.118976
13.480202
15.615647
-15.867661
-15.839616
-15.804960
-15.754823
-15.676339
-5.267142
-3.782260
1.209949
6.807162
12.650667
13.356533
-2.956712
-0.567979
4.324756
5.826155
7.858801
10.279727
12.558415
15.078223
15.598906
-15.884727
-15.866104
-15.823888
-15.773228
-15.702490
-5.912252
-4.172762
-1.988858
7.059003
12.246735
12.575681
-2.881096
0.016520
4.652872
5.528814
7.118343
9.099221
11.064462
13.320022
15.696532
-15.837906
-15.836078
-15.804286
-15.756408
-14.349598
-4.392700
-4.526426
0.265104
5.713854
12.813268
14.546574
-3.746210
0.140631
4.659924
5.530567
7.269289
9.501812
11.544640
13.926023
15.071244
-15.864259
-15.843862
-15.810762
-15.762651
-15.707395
-10.460369
-4.893385
1.443194
8.939255
12.614597
14.320977
-3.176094
-0.335114
3.779635
5.708611
7.960339
10.553430
12.954502
15.505212
15.702979
-15.858872
-15.853242
-15.813486
-15.767205
-15.619767
-5.338570
-2.801154
-2.785251
6.483876
11.950991
12.153456
-2.938182
-0.773046
4.501428
5.397338
7.021538
8.932434
11.051288
13.217413
15.890305
-15.817411
-15.824192
-15.805101
-15.749253
-11.018430
-5.086090
-5.060730
-1.254580
4.552616
12.871945
14.841322
-6.487202
-0.483410
3.649072
4.557751
6.288071
8.158329
10.493134
13.557653
16.525389
-15.857062
-15.837407
-15.806147
-15.760114
-15.705947
-10.928480
-7.052928
1.245183
12.553849
11.539369
13.201013
-3.482020
-1.430300
3.016695
4.766867
6.706864
9.017218
11.218954
13.259058
15.758936
-15.816821
-15.814030
-15.782057
-15.727664
-10.090370
0.707887
-3.977096
-1.507274
5.821171
11.436523
14.494274
-6.223535
-0.193528
3.113522
4.771428
6.702446
8.686256
10.802649
13.003997
15.673953
-15.871764
-15.859672
-15.828259
-15.776953
-15.722167
-10.058505
-6.716408
0.022688
7.478485
12.397732
12.646448
-3.034619
0.046267
3.143751
5.052336
6.765474
8.850084
11.039029
13.175427
15.698235
-15.864384
-15.850465
-15.813686
-15.765577
-15.714656
-6.450835
-5.024914
-0.732462
8.397510
12.596312
12.804625
-7.818434
-1.000890
3.330285
5.199676
6.743896
8.794100
10.708878
13.028898
15.521371
-15.865274
-15.853180
-15.819146
-15.771705
-15.718663
-6.655154
-5.643760
-1.519878
7.671842
12.179367
11.937538
-4.768764
-1.172655
3.418975
5.253044
6.509630
8.384640
10.308369
12.499985
15.121885
-15.841261
-15.837182
-15.806299
-15.759974
-15.704217
-5.418161
-4.934166
0.477557
7.964344
12.550711
13.074659
-2.499606
0.591101
4.023084
5.841248
7.146301
8.912433
11.049904
13.317922
15.814998
-15.876397
-15.861682
-15.828700
-15.778452
-15.721375
-8.725536
-6.981074
0.880761
6.652442
12.088938
14.405978
-3.786224
0.064761
4.006860
5.808567
7.408397
9.453397
11.554205
13.965829
15.705623
-15.887454
-15.881548
-15.841089
-15.789672
-15.735830
-12.135254
-8.100397
-0.088993
8.906688
11.930654
12.704929
-4.372920
-0.791738
2.647007
4.589791
6.291963
8.567513
10.556203
12.677776
15.047272
-15.839448
-15.832657
-15.800568
-15.756735
-15.700783
-4.527610
-3.649308
-0.417598
7.817314
12.407693
12.694690
-2.901729
0.314180
4.089938
5.830829
7.455909
9.342451
11.417764
13.616699
15.606641
-15.884204
-15.868361
-15.832061
-15.782543
-15.727775
-9.998401
-6.544161
-1.232026
8.416636
11.633879
11.547110
-4.548461
-1.111928
3.187361
4.972680
6.376274
8.107629
10.097962
12.111871
14.554397
-15.835383
-15.827865
-15.799447
-15.753419
-15.419414
-2.590463
-3.989636
0.176963
5.483178
11.624864
15.465986
-7.327085
-0.050962
3.782598
5.518749
6.945462
8.796551
10.936840
13.267971
15.488814
-15.881264
-15.862668
-15.830602
-15.782704
-15.704973
-12.897202
-7.590184
0.734234
7.743456
12.632844
13.463288
-2.715290
0.530858
3.909049
6.349472
8.118980
10.658196
13.151162
15.810990
15.639090
-15.914700
-15.891438
-15.848128
-15.795802
-15.733681
-8.842400
-5.397964
-3.306045
6.644903
12.076699
12.242853
-4.320512
-0.818361
4.075603
5.469917
7.006056
8.750916
10.944536
13.092628
15.766347
-15.859445
-15.861468
-15.834441
-15.785121
-15.709898
-6.866229
-6.658146
-0.454435
4.304022
11.344086
15.115799
-6.537842
0.877228
4.052257
5.437159
6.889649
8.657421
10.670227
13.863813
14.959411
-15.909584
-15.876670
-15.841912
-15.792709
-15.732375
-13.338474
-11.077696
-1.802978
10.653379
11.349861
12.366283
-3.394852
0.172899
3.742082
6.743775
8.082141
10.848112
13.169561
15.545495
15.705759
-15.913713
-15.879729
-15.837745
-15.781887
-15.581110
-3.956418
-4.885676
-2.667295
1.880697
9.441274
14.777237
11.227478
-6.583523
0.112438
5.457657
4.445292
5.970507
8.058292
11.172816
14.926053
-15.806649
-15.811020
-15.799211
-15.760579
-15.706079
-5.600691
-4.541809
-0.747214
2.643276
12.791203
12.793211
-3.202487
0.498898
4.156379
5.283911
7.375915
9.653919
12.000264
14.583370
15.388957
-15.927585
-15.875268
-15.831101
-15.780538
-15.719881
-11.363035
-5.680421
2.086799
7.673816
11.619714
12.281278
-5.722250
-1.098974
3.168884
5.603479
7.608647
10.371645
12.803305
15.440963
15.706638
-15.925282
-15.884476
-15.829922
-15.736913
-11.089534
-1.341067
-6.283401
-4.148928
0.658707
9.807519
15.362939
12.326268
-8.290123
7.572288
4.546845
5.459324
7.152520
9.442812
12.856979
17.111912
-15.917417
-15.890195
-15.845517
-15.793997
-15.733946
-13.355010
-10.766190
0.542557
9.841665
12.809399
13.880720
-3.016101
0.380351
3.881345
7.080012
8.678797
11.042773
13.561697
15.703805
15.706038
-15.945448
-15.907534
-15.856142
-15.794832
-15.712239
-4.367165
-6.729759
-3.715607
2.339696
9.604004
14.856281
11.890506
-7.860075
4.644706
4.105070
5.581594
7.339986
9.385026
12.907109
16.774149
-15.878030
-15.865492
-15.829970
-15.785287
-15.616821
-12.672529
-9.463731
0.690437
8.943995
12.740720
13.407304
-2.655635
0.621557
3.852489
6.040598
7.787918
10.466043
12.840150
15.485959
15.705812
-15.937757
-15.897440
-15.851001
-15.797919
-15.729708
-5.758576
-6.371666
-3.052680
4.230824
10.800160
14.675236
-8.189206
-2.676189
2.301202
4.704922
6.320548
8.034972
10.032498
12.196146
15.213875
-15.867933
-15.849721
-15.816294
-15.773168
-15.714923
-11.994930
-8.920650
1.446967
8.827215
12.096334
12.957643
-3.010214
0.678971
3.744303
7.127397
8.349763
11.039625
13.599788
15.703448
15.706695
-15.936024
-15.898092
-15.848069
-15.790142
-15.720460
-5.949100
-4.230537
-3.044829
0.692165
7.856322
15.668324
12.079327
12.039515
-0.144326
1.979346
3.072696
4.417041
6.807290
9.443191
13.170186
-15.809009
-15.804323
-15.814889
-15.787700
-14.947317
-5.676298
-8.452609
-4.243235
3.837690
11.074048
15.495371
12.012067
0.775764
2.404572
6.701285
7.550420
9.049526
11.336208
13.879821
15.372648
-15.967273
-15.923132
-15.867981
-15.814559
-15.746504
-14.786333
-11.252741
-4.676395
9.886570
11.467424
12.246326
-6.286696
-1.182617
-0.292925
4.578115
6.293793
8.760346
10.945519
13.091313
15.455152
-15.874044
-15.863557
-15.825062
-15.775661
-14.915900
-3.768608
-4.639215
-2.902672
2.684746
10.200487
14.698850
11.529342
-2.199584
2.755102
4.987338
6.098870
7.606231
9.716531
12.139952
15.722681
-15.882064
-15.876242
-15.835435
-15.793127
-15.689712
-13.120461
-11.180865
-2.421472
10.256342
9.955626
10.114154
-3.314151
0.092518
0.761695
6.497822
7.234607
9.558407
11.796135
14.229070
15.705250
-15.916716
-15.894071
-15.838867
-15.778918
-15.707168
-4.181296
-2.875811
-1.444875
2.739671
9.249453
15.703642
12.119970
-10.693949
10.151469
4.349591
3.932159
5.431882
7.370374
10.395579
14.324707
-15.854577
-15.849527
-15.826488
-15.787662
-15.727893
-11.372041
-7.551665
-1.371183
4.419991
12.550678
11.790606
-2.848258
0.589709
1.695502
5.833181
7.210792
9.446521
11.627613
14.034672
15.653422
-15.922860
-15.897678
-15.846630
-15.792352
-15.727178
-10.764853
-5.437961
-0.213230
6.256021
12.882069
13.210023
-8.621754
-1.555440
0.341440
4.812647
6.300169
8.506304
10.718181
12.867730
15.570575
-15.874256
-15.881407
-15.840640
-15.792013
-15.731394
-10.469667
-8.139740
-0.895316
5.516537
10.678403
11.138565
-9.743458
-2.915852
-1.371970
3.149045
4.697497
6.678720
8.735484
10.489283
12.653792
-15.780074
-15.793377
-15.769799
-15.730595
-11.283795
-0.520646
-3.368940
-0.474064
4.456547
12.523712
12.664732
-8.072341
-1.338706
1.595733
4.406837
6.043003
8.317718
10.317511
12.390715
14.789095
-15.821137
-15.842749
-15.812035
-15.769717
-15.713844
-7.526370
-5.864739
-0.807609
5.302368
11.279051
11.899250
-9.193616
-1.844305
0.065390
3.612468
5.145011
7.169869
9.273928
11.016824
13.215319
-15.783152
-15.800612
-15.780121
-15.740815
-13.199224
-1.782004
-3.283460
-1.033174
4.660259
12.453371
12.929550
-8.404642
-1.652995
1.827735
4.257317
6.001081
8.067777
10.151970
12.064019
14.250808
-15.808237
-15.833418
-15.804147
-15.763875
-15.714804
-8.129577
-5.056161
-0.861442
5.161235
10.829166
11.394012
-8.890992
-2.425030
1.322912
3.496078
5.234342
7.351823
9.450140
11.177539
13.411003
-15.775383
-15.776156
-15.756045
-15.715327
-8.853780
0.813567
-2.763434
-0.316246
2.934835
13.445566
13.865348
-8.103339
-0.746052
1.705640
4.156475
6.116436
8.404626
10.613211
12.702256
15.353476
-15.830393
-15.815878
-15.802353
-15.760425
-15.181187
-2.622922
-4.734421
-2.075723
2.758015
12.066874
15.193904
-8.066949
-2.942181
1.008024
3.596601
5.737326
8.465381
10.438628
12.965799
15.695912
-15.835442
-15.827131
-15.800370
-15.761823
-15.705063
-10.345489
-5.634415
0.930816
7.007900
12.003784
13.452627
-3.333457
0.319567
3.912842
6.682931
8.285281
10.860855
13.837944
15.706936
15.703902
-15.904741
-15.882654
-15.846982
-15.777088
-15.701050
-2.604115
-6.067378
-3.411546
1.802730
8.638184
14.601817
11.660070
-8.526350
1.394670
3.215880
4.536841
6.504290
8.665244
11.164083
14.833961
-15.844607
-15.825752
-15.823460
-15.763586
-14.084207
-5.883911
-7.966556
-2.773749
2.206625
11.329677
14.775276
-0.477108
-2.740957
0.653672
8.047200
8.556781
14.176239
14.005105
18.343498
-7.562999
-15.966311
-15.906477
-15.857394
-15.802995
-15.735100
-13.552179
-9.940889
-4.632298
7.865058
12.557836
12.423951
11.519244
-7.198914
-1.314229
2.680561
4.096742
5.915886
7.889748
9.843540
11.958677
-15.743685
-15.750793
-15.742067
-15.709955
-9.909464
-0.459208
-2.564598
-0.182265
5.630799
12.677743
13.065496
-4.096479
-0.065586
3.677950
5.647383
7.420172
9.815520
12.076304
14.555333
15.705859
-15.875620
-15.859788
-15.823709
-15.778675
-15.661039
-8.892768
-4.945724
-0.138881
6.920595
12.544448
13.282365
-4.393402
-0.582572
4.066541
5.771812
7.381365
9.278917
11.185935
13.557056
15.704769
-15.865830
-15.861590
-15.833095
-15.785721
-15.734062
-11.351305
-7.748259
-1.442073
8.042999
10.782171
10.880598
-4.868824
-1.583823
2.129052
4.224555
5.784301
7.535249
9.596783
11.527513
13.731366
-15.812965
-15.808183
-15.782572
-15.737821
-12.381710
-0.717969
-4.113904
0.431547
6.060285
12.863330
13.996694
-7.825764
-0.532236
3.249900
4.961584
6.494788
8.253146
10.372229
12.565250
15.287989
-15.852182
-15.840367
-15.812193
-15.766681
-15.696869
-7.523352
-5.808451
0.290553
5.485455
13.826665
14.389642
-4.949405
-0.467340
2.822924
4.931423
6.640544
9.063701
11.195355
13.532320
15.861716
-15.847555
-15.854771
-15.823003
-15.776737
-15.713560
-8.417018
-4.846551
-1.355993
7.198601
12.195759
14.147436
-4.253929
-0.384336
4.001167
5.855387
7.282255
9.232830
11.276525
13.521728
15.602788
-15.867468
-15.862825
-15.830221
-15.782457
-15.728898
-12.258644
-7.982023
0.119056
9.366887
11.242602
11.751349
-5.184977
-1.760360
2.221649
4.463339
6.066595
7.819197
9.726154
11.810564
13.949027
-15.796357
-15.809490
-15.782724
-15.739594
-13.912482
-3.415070
-2.774469
-5.635159
-5.680872
-3.217026
2.612263
-0.149700
1.451348
1.823326
-15.717410
-13.566320
1.211417
2.068065
1.070520
9.821201
8.562470
8.751949
12.233007
8.011650
5.381464
2.034415
0.096188
-0.200047
-0.531122
-0.787245
-1.116858
-1.409255
-1.642759
-1.452420
-9.620020
-9.300447
-5.173617
-10.277408
-8.204577
-1.577544
0.513624
4.054040
9.063947
10.769969
-3.786055
-0.880265
0.953971
3.572225
4.366661
4.501085
4.194987
3.894065
3.716703
3.807866
-15.706244
-12.094185
-6.398345
-10.637784
-7.604874
0.559970
-1.301239
1.345646
7.111385
10.889945
-7.353506
-0.391738
1.131915
3.072229
3.702539
3.743988
3.598143
3.561736
3.570778
3.865662
-13.574508
-11.071024
-7.908928
-12.267184
-9.220235
-0.147342
-1.991623
3.275587
8.122029
11.562508
-7.524870
-0.695588
1.059163
3.352863
4.004362
4.136314
4.022158
4.017448
4.022560
4.252277
-14.257163
-11.506258
-7.693171
-11.720428
-8.652946
0.636846
-1.299492
2.479003
7.216535
11.422492
-7.542468
-0.787731
0.879414
2.427505
3.287296
3.353009
3.241180
3.238525
3.245649
3.512623
-13.108121
-11.145116
-8.787636
-12.977494
-10.164456
-0.642360
-2.557101
4.779699
8.300471
11.705995
-4.953639
-0.514286
1.129221
2.731582
3.649837
3.817080
3.883944
3.934031
4.049363
4.225728
-15.700764
-12.106609
-7.414385
-11.605206
-8.416769
0.906158
-0.997827
1.667004
7.366728
13.144524
-7.577688
-0.910691
0.203729
1.246606
2.931869
