0.009519
0.026630
0.020923
0.010452
0.004057
-0.001803
1.819229
4.495580
-1.382434
-1.951737
-0.287877
-0.377329
-0.838692
-0.507862
-0.515814
-0.347573
0.241196
0.076654
-1.391637
-1.220636
-1.811964
-1.037688
-0.134938
0.238629
0.668495
1.059289
1.048983
1.686412
0.566353
-2.261231
-0.554550
0.531849
0.346439
1.033347
1.638787
0.937727
1.864015
-0.959338
-2.908053
-1.121221
-0.679978
-1.104689
-0.182670
0.579291
0.132313
-0.432433
-0.886168
-0.081133
-0.601750
-2.220579
-0.148696
0.976485
0.251497
0.593892
1.517748
1.185958
1.354959
-0.810383
-1.911116
-1.495839
-1.293396
-1.784808
-0.241259
0.835390
0.498200
0.783230
0.992206
1.376997
0.040482
-1.678153
0.337835
1.830134
1.296977
1.808258
3.172813
2.961593
4.230251
-1.261004
-3.465572
-2.867056
-1.444293
-2.099190
-0.408458
-0.086452
-0.380368
-0.011610
0.347303
0.508725
-0.911545
-1.258907
1.048417
2.144705
1.191504
2.192554
3.279250
3.374791
4.293329
-1.082620
-3.354849
-3.060555
-1.412867
-2.712707
-1.098186
-0.627185
-0.966717
-0.712911
-0.362959
0.387527
-1.262068
-1.147285
0.652496
1.391108
0.087992
1.405568
3.029163
3.283509
3.947021
-0.873583
-3.183767
-2.799012
-1.744624
-3.590254
-2.008752
-1.055613
-0.908055
-0.235313
0.500552
1.603102
0.786789
-0.587852
0.719567
1.153523
-0.319363
1.118795
3.157944
3.349372
3.882463
-0.665386
-2.896514
-2.446794
-1.696052
-3.728451
-2.201887
-1.253774
-0.799461
0.408094
1.304223
2.392474
1.016162
-0.009816
1.324930
1.471167
0.191858
1.898195
3.696903
4.039511
4.692544
-1.073795
-3.203305
-2.753171
-1.974764
-4.518423
-2.967290
-2.009427
-1.895179
-1.741970
-1.081855
1.050856
0.924803
-0.715260
0.021530
0.081535
-1.509516
-0.147853
2.440895
2.461369
2.305341
-0.197890
-3.480277
-0.246517
-3.499518
-5.858333
-4.890051
-2.664818
-1.028496
1.445996
3.535074
5.343257
3.802530
2.266662
0.582360
2.695002
1.536601
3.304399
4.991548
5.071764
5.689068
-0.761438
-3.032149
-2.773164
-1.685123
-5.347295
-3.705993
-2.844332
-2.604164
-2.235203
-1.272738
1.268484
1.783852
-0.332177
-0.078300
-0.378514
-2.171415
-0.934256
1.677745
2.000762
1.618858
-0.344942
-1.905317
-0.028836
-4.149219
-6.916709
-6.070773
-3.573401
-1.114329
1.762345
4.649470
6.780987
5.573868
3.349461
3.217079
2.846158
1.562211
3.157361
5.177709
5.351084
5.879610
0.171447
-2.893052
-2.366862
-1.766681
-5.717640
-4.797424
-3.946334
-3.444146
-2.871925
-1.757631
1.255800
2.245320
-0.193724
-0.160012
-0.710529
-2.552180
-1.493772
0.873756
1.218757
0.870561
0.131786
-1.016151
-0.370966
-4.049296
-7.496956
-6.939908
-4.626487
-1.733468
1.049331
4.506076
6.503061
6.664425
3.815636
2.518203
1.710417
0.922377
2.053568
4.051929
3.803582
3.500759
0.613685
-3.014765
-2.065472
-1.907808
-6.312976
-5.920166
-4.263005
-2.086389
-0.472237
1.726327
4.949273
3.434418
1.642801
0.984323
-0.788372
-2.214565
-0.723212
1.866781
3.320964
3.481181
0.433620
-2.850774
0.397098
-2.951857
-6.619872
-6.190772
-4.030980
-1.777963
0.242858
3.126823
6.203812
4.315329
2.731535
1.800311
0.140917
-1.545321
0.182873
2.919969
4.151149
4.692651
0.223663
-2.874150
-0.011059
-2.041523
-6.844262
-6.249684
-4.364836
-2.663849
-1.159828
0.795736
2.500944
4.205980
1.801773
1.018580
-1.050044
-2.356467
-0.851092
1.867325
3.445157
3.685258
0.409643
-2.613296
0.298472
-4.377351
-8.005056
-7.898062
-5.573277
-2.676512
-0.453887
2.729271
5.991224
5.425528
2.856510
1.251576
-0.094153
-1.730533
0.187268
3.673246
3.493624
2.909809
1.002012
-2.195135
-0.084344
-2.246516
-6.769743
-6.508137
-4.316176
-0.364651
2.867084
6.612861
9.307400
8.941037
4.308511
3.413131
2.352725
0.502884
2.280117
3.636890
3.733207
4.909363
-0.605737
-2.883338
-2.219069
-1.576191
-6.889287
-6.960480
-6.046059
-4.999068
-3.659764
-1.553727
2.270550
2.890507
0.140015
-0.209834
-0.850888
-2.549025
-1.519606
1.533843
1.367457
0.873118
0.003431
-2.495320
-0.165772
-4.480137
-8.241048
-7.602465
-5.637458
-2.136819
2.108479
4.853236
7.779731
6.771920
4.334888
2.784720
1.729502
1.047033
2.303969
4.060263
4.003749
4.650602
0.470543
-2.747783
-1.544200
-1.579381
-5.727731
-5.161886
-4.046884
-2.995917
-1.710368
0.510130
3.614275
2.676393
1.674194
1.174177
0.048362
-2.099233
-0.609745
1.792500
3.393492
3.795346
-0.221762
-3.369374
0.269246
-2.522159
-7.299687
-6.741257
-4.451295
-2.547113
-0.782359
2.031019
5.303675
4.464339
2.582409
1.868746
0.454425
-1.378677
0.188888
2.934664
4.256447
4.608887
-0.427167
-3.599973
0.440406
-2.203769
-7.691557
-7.440323
-5.108234
-3.057122
-1.034102
1.808255
5.562916
5.309577
3.198439
2.324338
1.104415
-1.346631
-0.075014
2.715797
3.914782
4.320286
0.118015
-2.657066
-0.575861
-2.721612
-8.518327
-8.264927
-6.122500
-3.690677
-1.463845
1.468993
5.218689
4.874388
2.412043
1.405470
-0.995347
-2.105675
-0.538313
1.986266
1.949264
1.718937
1.229541
-1.908643
0.035516
-3.029146
-7.465948
-7.121931
-5.053912
-0.840389
2.594039
6.303460
9.576120
8.653768
4.373435
3.353903
2.369766
0.332498
1.471447
3.105810
3.027081
4.355728
0.019676
-2.870695
-1.594429
-1.832914
-6.303116
-6.261366
-5.199859
-3.930724
-2.575636
-0.540368
2.402842
3.231052
1.047653
0.441131
-0.589413
-2.508256
-1.271670
0.957873
1.102726
1.297433
0.295190
-2.155226
-0.288146
-3.153445
-7.796892
-7.684541
-5.453112
-2.354789
1.705640
4.613400
7.488120
6.171325
4.018643
3.110776
2.006937
0.792149
1.655649
3.378283
3.718053
4.538981
0.874272
-2.466360
-1.204007
-0.761307
-5.242168
-4.852082
-3.615161
-1.968900
0.141712
2.955771
5.838662
4.634600
2.535266
2.173689
1.285793
-0.381057
0.680993
2.893664
3.281652
4.335628
1.629916
-2.763391
-2.715867
-3.067771
-8.420667
-8.868995
-6.430314
-4.797478
-3.072838
-0.241885
5.018062
5.550761
3.361618
2.446619
0.632990
-1.236651
0.242528
2.117876
1.864773
1.611846
3.714080
-3.829105
-0.502697
-4.073613
-8.515221
-8.189441
-7.036707
-3.757595
-0.786729
2.729850
5.717646
5.695881
3.800936
3.780783
1.241427
-0.415508
0.939406
2.743978
3.156067
3.335096
3.859946
-3.713096
-1.543388
-2.074357
-6.523381
-6.793766
-4.521422
-2.685467
-0.737793
1.904819
5.247749
3.922743
2.879724
2.771616
1.060039
-0.870404
1.213067
3.002893
3.169534
4.441266
4.865557
-3.294502
-1.607872
-2.394876
-6.809302
-6.227415
-3.941497
-2.810173
-1.778620
0.314789
3.838863
3.172421
2.013258
1.734843
0.032222
-2.332323
-0.276828
1.962682
3.486919
3.806289
3.057490
-4.000499
0.188340
-2.455337
-7.113745
-7.004132
-4.673515
-2.682005
-0.803867
2.028073
5.507998
5.928854
4.135650
4.044213
3.167893
0.768626
2.344812
3.928313
3.144773
4.591479
5.442769
-3.475265
-1.927640
-2.772223
-7.798099
-7.964559
-5.693480
-4.086846
-2.571078
-0.467214
3.825751
4.191688
2.126225
1.666727
0.200902
-1.761693
-0.425486
1.785314
1.762601
2.233822
4.089665
-2.729994
0.389214
-3.194963
-7.938532
-7.525578
-6.258798
-2.937269
0.689535
3.997948
7.160222
5.711132
4.289692
3.973571
2.031636
0.008432
1.684196
3.251810
3.062609
4.389200
5.090788
-3.281080
-2.000126
-2.186858
-6.303839
-6.889578
-4.968286
-3.549675
-2.222465
-0.387615
3.592299
4.243580
2.367734
2.033345
0.782577
-1.322271
0.194412
2.045110
2.415070
3.470546
4.502728
-3.502248
-0.008406
-2.208204
-8.006150
-8.358510
-6.304777
-3.716071
-1.761637
1.074586
5.075384
5.142872
2.953764
2.640927
1.309296
-0.915335
0.579610
2.487189
2.661479
3.251959
4.611945
-3.206282
-1.846555
-2.057885
-6.842966
-7.322551
-5.511087
-2.919226
-0.112041
2.715148
5.943498
4.743375
3.421533
3.404027
1.999153
-0.400147
1.468195
2.888258
3.014173
4.268325
5.035378
-3.392546
-2.062828
-2.048247
-6.168572
-6.457591
-4.280229
-2.973342
-1.826675
0.192374
3.198995
4.065746
2.478277
2.514552
1.194026
-1.056559
0.665688
2.463132
2.811687
3.908604
4.733495
-3.903678
-1.551540
-2.371931
-7.131210
-7.074034
-4.937469
-3.065867
-1.311280
1.237734
4.923444
4.275393
2.988623
2.897411
1.258623
-1.019745
0.859613
2.766025
3.063818
4.162228
4.393676
-3.954776
-1.706953
-2.261910
-7.049255
-7.088460
-4.843890
-3.042377
-0.796948
2.041180
5.508579
4.363640
3.604002
3.505178
1.425210
-0.966838
1.228189
3.276568
3.665483
4.588950
3.303359
-4.332440
-2.170359
-2.011811
-7.350005
-7.381175
-4.927883
-3.359832
-1.462404
1.198447
4.693815
4.317343
3.680849
3.669984
1.435184
-1.109050
0.926657
3.067391
3.520853
4.465803
1.806451
-0.744428
-3.395446
-2.716212
-7.456171
-7.090748
-4.655388
-1.667681
0.947362
4.142797
7.428934
7.667365
4.528956
4.647974
3.051313
1.241483
2.962991
4.793956
4.295205
5.087586
3.155030
-4.454091
-2.840165
-5.700660
-9.655212
-9.555872
-8.446499
-6.339562
-4.608998
-3.206133
3.870126
4.827015
2.657207
2.331160
0.874329
-1.710588
-0.133863
1.853881
1.175657
1.483551
3.758707
-1.244796
0.615977
-2.949502
-7.922623
-7.956817
-6.017346
-2.143127
1.088031
3.609368
6.798519
6.386850
2.276428
2.472444
1.379262
-0.271919
1.609675
3.144581
2.189453
3.755572
4.022017
-3.288019
-1.522309
-2.929974
-7.175497
-7.050487
-5.592268
-2.795337
-0.470188
2.374690
5.751961
3.247266
3.169120
3.556056
1.575624
-0.622153
1.567407
3.412203
3.562960
4.774965
3.512881
-4.151712
-2.220396
-3.949218
-7.375980
-7.175474
-5.540762
-3.468675
-1.749109
0.592771
3.818476
2.613317
2.956615
3.071536
1.332922
-1.476633
1.435773
3.271594
3.713756
4.521784
2.325814
8.660336
-3.617612
-3.164622
-7.788589
-7.247217
-5.414366
-2.126496
0.253153
2.795306
5.458030
5.255358
2.482390
2.183524
0.829121
-1.206000
0.482065
2.027235
1.486000
2.816281
3.115076
-1.889698
-2.391829
-2.558448
-7.890688
-8.075810
-7.162896
-3.022546
-0.227866
2.429749
5.965029
4.192813
3.841332
3.656630
1.766945
-0.511989
1.322798
3.224434
2.786478
4.363209
3.891628
-4.066398
-1.773938
-3.468270
-6.639750
-6.499902
-4.637067
-2.390519
-0.934096
1.693574
3.872587
3.220590
2.605051
2.504493
1.371469
-0.698883
1.356354
3.178865
3.182957
3.796951
1.836437
0.164238
-3.472467
-1.921857
-7.770321
-7.192163
-5.213348
-1.933039
0.304149
2.973889
5.515800
5.401690
3.045182
2.935105
1.559658
-0.400230
1.233075
2.999766
2.711278
3.585579
2.338124
0.507945
-3.379093
-2.274488
-7.463626
-7.044101
-4.658001
-2.010851
0.031510
2.666658
5.125711
5.123301
3.013507
3.129336
1.936558
-0.270013
1.205734
2.994853
2.834996
3.661206
1.848034
-1.315274
-3.856920
-2.719970
-7.887068
-7.734855
-5.263857
-2.200830
0.003538
1.640307
4.945372
5.109931
2.748412
2.694274
1.180933
-1.143616
0.359435
2.218807
2.178203
2.814031
1.961664
0.484943
-4.590742
-1.616596
-7.843769
-7.536088
-6.259662
-2.099106
0.278207
2.609791
5.462235
5.368126
3.023352
2.825307
1.396939
-0.884828
0.759005
2.434131
2.043251
3.152610
2.485499
2.757745
-3.035489
-3.421348
-7.594366
-7.288209
-5.438064
-1.917096
0.433495
2.456580
5.156976
4.847578
2.351777
2.126890
1.079289
-1.060787
0.568828
2.334403
2.187349
3.007089
2.240462
1.388002
-3.867105
-1.464022
-7.206177
-6.516629
-4.819786
-0.966607
1.049119
2.727675
5.283318
5.092698
2.185950
2.199469
1.187641
-0.984338
0.894810
2.583591
2.511184
3.345004
2.268884
1.296194
-3.970011
-3.820703
-6.765632
-6.425285
-4.229102
-1.193969
0.498815
1.894727
4.487702
3.965366
1.439711
1.587361
0.673693
-1.150341
1.047176
2.376015
2.227052
2.897587
2.702184
0.794990
-3.836610
-3.751522
-6.769050
-6.206810
-4.762404
-1.418380
-0.048433
0.059171
2.752056
2.171342
0.851588
0.670475
0.744761
-1.752743
-0.698098
1.228020
0.952393
2.332052
2.919090
-0.184421
-3.357964
-1.838975
-5.681239
-5.070948
-3.773229
-0.672920
1.347446
2.588566
4.862453
3.854443
2.316383
2.377883
1.584773
-0.897384
0.920098
3.216943
2.375501
4.069837
4.237760
-1.628889
-3.935727
-5.045821
-6.455653
-5.752286
-3.543120
-0.750937
1.175521
2.914787
5.306698
4.990086
3.101995
3.313304
1.808207
-0.457422
1.024181
3.185360
2.425533
4.058110
3.883575
-1.179833
-4.750967
-5.329485
-7.548031
-6.515764
-4.354483
-1.480963
0.837557
2.596998
5.247622
5.192615
3.018534
3.358095
1.648716
-0.918227
0.963496
2.963358
2.403152
3.713800
3.603386
-3.230303
-2.779550
-5.215826
-7.773106
-6.801342
-5.030566
-2.069627
-0.378950
-0.569389
2.900561
2.437292
1.221878
1.091871
0.690113
-2.369632
-1.147143
0.601336
0.506273
2.130430
2.283309
-0.023260
-3.589624
-2.627848
-6.263749
-5.315981
-4.202905
-1.800828
1.661197
2.662930
5.349266
4.423062
2.512449
2.723339
1.674349
-1.196322
0.473609
2.781836
1.704668
3.121173
3.999131
-3.178896
-2.926463
-4.825706
-6.128032
-4.706101
-3.135941
0.464505
1.826539
2.755054
5.138529
4.667808
3.049323
2.874985
1.907511
0.037129
1.182832
2.834095
3.029070
3.588469
3.734526
1.182246
-4.724669
-6.464409
-7.243584
-6.032050
-4.322952
-0.805542
1.298855
2.764947
5.726066
5.496865
2.681399
2.775249
1.040622
-1.878822
-0.314886
1.435759
0.833596
1.928528
2.471416
-2.983112
-3.130826
-3.740950
-6.380513
-5.813627
-4.194312
-0.726840
0.855035
1.747384
3.922686
3.539072
2.013653
2.000198
1.659259
-0.907148
0.444613
2.399975
2.209551
3.655003
3.864953
-3.034697
-3.716800
-5.533554
-6.814306
-5.592503
-3.697303
-0.831396
0.287988
0.275296
3.111835
2.704180
1.144374
1.444316
0.613680
-2.476501
-0.799408
0.739131
0.546313
2.042147
2.624444
-2.890450
-3.858498
-4.839118
-5.716267
-4.814866
-3.487582
-1.194196
1.508286
1.739159
4.016652
3.280240
1.439837
2.109411
0.926143
-0.697532
1.222957
2.737677
2.023003
2.696929
3.848668
-1.180964
-4.386163
-2.297024
-5.697520
-4.201056
-2.597449
0.459767
2.779114
3.421108
6.136495
5.459984
2.299665
2.946038
1.663328
-0.354222
1.039606
3.276538
2.329382
3.902682
4.389800
0.712616
-5.372539
-5.927364
-8.127246
-6.801373
-5.169089
-2.734118
0.527619
2.260710
5.003867
4.386884
3.386049
4.255904
1.159935
-1.444625
0.143025
1.974618
1.511715
2.481581
3.029208
-3.846105
-5.410596
-5.875941
-6.732844
-5.812652
-4.368804
-1.791992
1.291390
2.424409
5.365041
5.187781
2.871838
3.289997
1.982927
0.096835
1.059443
2.478014
1.696387
2.764229
3.425705
0.227349
-1.914987
-4.134450
-8.207418
-6.283344
-4.904505
-1.953340
2.073097
3.786772
6.914965
5.999496
2.868161
3.199942
0.210572
-2.495643
-1.268083
0.222022
-0.591889
0.183648
0.997193
-3.514662
-5.154859
-3.371505
-5.958910
-5.317281
-4.505067
-2.534947
1.118157
2.035472
5.034700
4.091019
2.145932
2.913086
1.405028
0.140961
1.223686
2.358308
1.089587
1.598747
2.994381
-2.566727
-4.220910
-3.677791
-5.834659
-4.302609
-2.667645
0.044047
3.335532
4.197380
6.808861
6.386602
0.478068
1.819803
1.307772
0.388867
1.053646
2.413454
1.672529
5.104965
5.833363
-1.271001
-5.544034
-6.787593
-8.194182
-6.840051
-4.230512
-2.320980
1.454780
2.465837
5.541171
5.051867
3.435735
4.159429
1.325494
-0.991573
0.050466
1.673914
0.937224
1.714183
2.582316
-4.422163
-6.624043
-6.411253
-7.272426
-5.996196
-5.067852
-2.336598
0.723193
1.764687
5.163724
4.114194
3.135052
2.899057
1.427552
-1.604327
-0.285955
1.370398
0.262466
1.461486
2.697647
-3.090661
-3.779405
-1.793427
-5.415388
-4.477429
-3.044884
-0.261757
1.312597
2.305890
5.172431
5.028572
3.349376
1.623292
1.392830
-0.432142
-0.686260
3.106377
3.460496
1.934163
2.771490
-2.269275
-0.301620
-3.664266
-7.859679
-7.197645
-5.112217
-2.327065
1.071684
1.994142
5.692800
4.772136
1.395344
-0.009728
-0.335254
-2.526680
-1.999904
-0.852642
-2.706108
-2.701103
-2.102150
0.943378
-2.707101
-0.424336
-4.156058
-4.021704
-3.032522
0.546336
1.873323
2.365636
5.666490
4.551921
2.623475
0.481685
0.601270
0.703207
0.783778
1.643750
-0.745787
1.001775
1.983109
-0.686170
-2.091848
-3.431671
-5.122531
-3.675219
-1.999420
0.200205
2.245431
2.217312
4.717696
4.258700
1.850145
-1.422709
-0.203315
-0.529259
-0.326251
2.833483
1.681899
2.931086
3.892165
-1.320559
0.950713
-3.191514
-7.028157
-5.934571
-4.122352
-1.431326
1.234850
1.320960
4.388305
3.660582
2.063808
0.505282
0.511924
0.293107
0.661420
3.494872
1.723220
0.987026
2.292147
0.013369
-0.621432
-5.241105
-7.206991
-6.083155
-4.215781
-1.384925
2.167622
2.272123
5.634115
5.394025
1.756015
0.508040
0.347021
-0.233883
0.342788
3.315935
1.851252
1.939660
2.686009
-1.082377
0.134656
-4.183275
-7.885756
-7.169667
-5.242864
-2.236021
1.120349
1.451346
5.071059
4.296806
1.845757
-0.278913
-0.496118
-0.945455
-0.412230
2.165554
0.046017
0.163878
0.257567
-1.060121
1.422502
-3.201797
-6.755453
-6.054881
-4.249909
-1.341520
2.914848
2.446742
5.584518
5.501016
2.902312
0.910947
0.669975
0.263739
0.659608
4.030946
3.980428
4.389500
4.295815
-2.415622
2.349680
-3.302639
-8.658828
-8.257859
-6.153350
-2.221367
1.119016
1.934032
5.550367
3.811501
3.809763
1.998238
0.220730
-0.091112
0.380649
3.940182
5.230338
5.160799
4.509924
-2.538048
1.215926
0.980419
-8.236814
-9.888101
-7.607533
-4.271496
-0.663113
-1.353512
3.476407
3.149533
2.490916
0.004255
-7.540572
-8.078951
-6.531234
-2.755064
-5.427762
-10.576432
-17.088100
-2.985398
3.592425
0.598328
0.399379
0.526288
-2.100328
-14.116511
-12.994200
-12.997996
-12.946013
-13.232448
-13.984991
-15.035457
-9.688568
0.506098
-0.344524
-2.004884
-1.667477
-1.077860
-0.608411
-0.345056
-0.162231
-0.048258
1.759475
4.362719
2.526048
-0.232498
0.868161
0.954445
0.351849
0.053791
0.028119
-0.365081
-0.090587
-0.086811
-0.850637
-1.827477
-1.896529
-1.995607
-1.658481
-1.042562
-0.273182
0.201815
0.371453
1.317155
0.298539
-1.540136
-2.105079
-0.460439
-0.251388
0.188130
1.007925
0.497171
1.123204
1.813974
-0.941181
-2.992011
-0.253721
-2.207942
-0.404532
1.654667
2.062449
1.106176
0.069926
5.197395
12.866768
8.932071
-3.248153
-4.215481
-1.984325
-0.485433
-0.892917
2.737838
6.017114
6.267537
4.332565
-3.367122
-1.373135
1.398665
-6.518015
-4.929668
-2.310910
-0.179763
0.771940
0.921741
1.907643
2.961959
7.836868
2.304367
-4.845857
-3.018374
-2.345391
-2.149045
-2.126011
0.464264
1.022804
-0.075581
-10.720367
-4.929492
-6.851362
-5.364823
-3.061705
-2.964889
-3.329747
-4.080370
-11.331890
-2.564169
6.318988
5.282228
2.685639
4.277926
5.410110
4.833332
2.539597
2.661494
1.566789
-1.889824
-3.307112
-1.515759
-3.418599
-1.426041
1.548183
2.686779
0.892102
0.810382
-3.156890
-2.514512
-2.568919
-3.346004
-11.818212
-6.578603
-3.834432
-0.399373
6.586901
9.476234
9.900130
0.430001
-4.593713
-7.512695
-3.481131
-0.469425
1.605266
2.718354
-0.940364
-2.457510
-6.106895
-5.285601
-3.376338
-3.574131
-3.725371
-0.062486
2.847808
4.310972
8.357381
14.307848
16.745451
2.318175
-3.678560
-4.792482
-4.244873
-2.903844
-0.508525
0.980207
-1.505495
-3.218578
-5.550983
-4.079348
-2.088865
-2.564553
-2.074924
-0.790485
1.153039
3.415750
10.108033
11.425837
12.748481
1.565692
-3.408135
-1.858837
-3.390409
-3.837359
-1.944297
-0.390408
-1.582560
-3.128384
-4.405909
-2.859247
1.463099
-1.053378
-1.898959
-4.385240
-2.013019
0.757904
4.453580
3.999471
3.087456
-0.538991
-3.014451
-2.519726
-3.406347
-2.820208
-0.104976
1.015792
0.204667
-1.042632
-1.448133
0.004883
1.372965
-0.988197
-1.057738
0.884763
2.132916
5.100025
13.038082
16.703548
13.716969
6.584894
-0.130687
2.766431
-1.157562
-7.206118
-7.886298
-5.161503
-4.292462
-2.480283
-2.698891
-2.171263
1.081553
-0.407519
-0.515575
-0.450356
-0.484075
14.807937
13.981498
14.156103
8.010565
0.377644
0.548312
0.560165
0.471671
0.382173
0.385433
0.404565
0.369616
1.863214
1.887259
-1.971885
-1.913883
-0.946103
-0.546163
-0.643412
-1.000232
-0.941462
-1.082285
-1.139708
-0.805833
-0.869822
-0.244499
-0.908078
-0.951353
-1.276131
-0.432992
0.554775
0.588246
0.925082
1.226270
1.260233
0.979620
0.442337
-0.451448
-0.888021
5.542773
13.780120
14.455215
8.296334
3.323222
-3.858382
-6.405990
-9.626563
-11.379215
-13.067787
-12.726188
-13.122374
-13.990312
-16.094511
-17.890755
-17.412434
-5.901212
8.585892
8.798744
8.116764
6.004929
11.972362
10.351069
6.603655
4.169130
0.386906
-3.386518
-3.559444
-0.592207
-2.594872
-3.589750
-3.600890
-1.231611
-4.723507
-4.288567
-3.892351
-3.683284
-3.431711
-3.455419
-3.378111
-3.426475
-3.463136
-3.655630
-3.957833
-4.384789
-4.878284
-5.543743
-6.318214
-7.256886
-8.306025
-9.432536
-10.693386
-6.851886
0.133643
3.660009
4.897952
6.057365
6.727254
6.901170
6.714675
6.780998
7.237815
8.268950
10.044032
4.814089
8.776030
13.780694
19.301136
25.298498
29.755999
25.264227
-0.267640
4.385734
3.826625
2.917037
2.147064
1.292858
0.510826
-0.119037
0.579924
-0.693855
-3.461726
-2.856257
-2.308405
-1.725172
-0.855323
-0.482448
-0.691114
-0.816039
-0.692727
-0.484046
-5.238147
-5.739308
-1.513542
2.685316
-1.385931
-1.385460
-1.471982
-2.021145
-1.632098
-0.444146
-0.720218
-0.519636
-0.322670
-0.376451
-0.437284
-0.495157
0.244895
0.979647
1.425016
3.390235
4.184805
14.217546
21.422554
19.574730
0.873654
-0.059460
1.479471
-4.696231
9.355359
15.949605
20.919561
29.656250
0.264666
-4.544206
-2.169264
-2.775972
-2.257807
-1.625797
-0.921283
-0.586416
-0.242003
-0.033431
2.994814
4.836276
-0.971641
-1.785259
0.092693
-0.360502
-0.319550
0.013584
-0.453165
-0.600254
-0.420396
-8.487458
-14.910523
-22.795216
-8.871140
-3.861959
4.102656
1.881640
0.215669
-1.002522
-2.967783
-5.600656
-0.407615
-3.983310
-3.659864
-3.311554
-3.068085
-2.735561
-2.511916
-2.288762
-2.135767
-1.912786
-1.766078
-1.553205
-1.426037
-1.179551
-0.975870
-0.668095
-0.474269
-0.097409
0.126119
0.354414
0.394028
0.866186
0.657699
1.796999
5.368234
9.559239
14.459696
18.346733
19.928665
17.883329
15.415071
9.506976
-1.984462
-6.216099
-6.824943
-3.739105
2.077192
2.711838
7.698296
0.480299
2.575872
2.277312
1.732940
1.278597
0.896968
0.592789
0.391704
0.278567
0.190992
0.100516
-0.028374
-0.115561
-0.239475
-0.309001
-0.376727
-0.321569
-0.343711
-0.292889
-0.365575
1.460320
5.643231
9.734368
13.711938
16.252954
14.715043
8.925758
2.061765
-7.145218
-13.082959
-17.914154
-16.686634
-14.471136
-10.810396
-6.701899
-2.340585
1.572797
3.394260
6.726036
7.377649
5.885402
3.983323
4.437331
-0.365488
-2.256679
-1.883532
-1.306239
-0.822821
-0.382406
-0.172543
-0.050115
-0.007515
0.063251
0.121740
0.265582
0.345450
0.476529
0.497391
0.579135
0.555797
0.638920
1.060926
1.937890
4.370696
7.033956
9.652736
12.422000
11.225189
12.741434
9.151437
4.864113
1.074567
-2.672007
-5.635404
-7.530819
-8.038514
-7.292920
-7.068721
2.742436
4.835846
5.783933
5.007364
0.397896
4.950581
-0.243598
8.916134
8.121018
6.798173
5.754454
4.763334
3.654349
1.873381
-0.180753
-1.069831
-3.950784
-4.839264
-4.495026
-3.531106
-3.663038
-3.528109
-3.525659
-3.817825
-3.992257
-4.642179
-5.008364
-5.359158
-5.287255
-3.926379
-0.412044
6.153255
11.768469
6.141383
-0.918866
-22.079491
-5.272266
-13.924254
0.466067
5.882024
5.652891
5.253377
4.845580
4.623053
4.433971
4.315350
4.129686
3.817943
3.109948
0.860009
0.041842
-3.294312
-4.116230
-3.789123
-2.773225
-2.591834
-1.877880
1.090961
1.729686
2.137865
1.584476
0.779798
-1.469205
-3.353620
-0.052023
-5.934942
-8.128279
-8.843650
-7.196676
-6.854873
-7.028072
-5.607594
-10.749763
-10.288945
-7.527627
-5.197755
-2.812549
8.455883
6.482401
2.024856
-0.106344
-1.091694
-1.573795
-2.231378
-2.686262
-3.204276
-3.749734
-2.237867
-1.053557
9.665807
9.534509
15.562560
-1.228182
-1.946261
-1.550191
-1.029723
-0.702165
-0.428600
-0.267013
-0.106667
0.021634
0.172402
0.277573
0.374690
0.410455
0.522380
0.520698
0.613028
0.591525
0.705629
0.652192
1.169972
6.000667
11.219877
16.956465
23.969341
29.666542
24.339151
-6.653531
-4.883435
-12.688941
-19.710201
-23.270479
-21.671917
-16.083021
-0.376626
4.515192
5.932414
8.889014
12.532752
15.345080
18.226038
22.558582
26.552231
0.056203
1.048346
3.676337
2.980025
2.265304
1.784757
1.131053
0.649348
0.298689
1.224186
2.837549
-1.411910
-2.552066
-1.395893
-1.034114
-1.215910
-1.600531
-1.446365
-1.353720
-1.434193
-1.535205
-0.779298
-0.076369
-2.406589
-0.811741
-1.951947
-2.528578
-1.895452
-0.740129
0.120841
0.315969
0.961173
1.149012
0.388906
-0.887538
-12.096181
-9.126845
-13.231688
-15.285608
-13.536190
-13.631463
-14.016497
4.771145
2.996238
0.298396
0.510404
0.036175
-0.552049
-0.396383
-0.184573
-0.004364
0.027917
0.102474
0.159037
2.041899
3.929369
-0.870906
-1.467235
-0.597895
-0.056374
-0.464047
-0.638147
-0.796274
-0.776373
-1.058883
-0.469510
0.033009
0.395626
-1.325548
-1.279155
-1.389820
-0.666360
0.075361
0.915366
1.249417
1.333646
1.870040
1.026203
-1.465906
-2.186409
-1.837468
-0.793301
0.333000
1.056109
0.412576
0.553789
1.551633
-0.913294
-2.673629
-0.146130
-2.114628
-0.831083
1.245012
1.070317
1.066667
1.045828
1.540915
0.184325
-0.889745
-0.596281
1.596782
1.130706
1.080055
2.798769
3.243246
3.600959
3.780581
-3.418534
-5.232732
-0.958153
-1.795750
-0.103516
0.553597
0.195142
-0.362536
-0.714568
0.660619
-0.499102
-1.559710
-1.342216
0.872690
-0.707187
0.059651
1.667072
2.446970
2.981431
3.778611
-2.105706
-2.206774
-0.657937
-2.639354
-1.116193
-0.075990
0.060970
0.115379
0.606272
1.750892
0.550999
-0.952972
-0.440529
1.704649
0.242961
1.098406
2.647483
2.886845
4.227657
5.092222
-3.048606
-4.505651
-1.112822
-3.064337
-1.563105
-0.485138
-0.513062
-0.604199
-0.528876
1.275894
-2.889303
-1.055290
-1.189726
0.561937
-1.345108
-0.677630
1.428118
2.076437
2.211874
2.777289
-2.315409
-2.463745
-2.749322
-3.758613
-2.673022
-0.855971
-0.338328
0.030648
0.616689
2.374248
1.211008
-0.259546
-0.172926
1.513647
0.154516
1.210674
3.141747
3.419912
4.419661
5.278391
-2.656939
-3.755031
-1.165642
-2.948617
-1.614381
-0.542561
-0.407014
-0.496101
-0.615692
1.188145
0.311651
-0.392098
-0.937343
0.850738
-1.178716
-0.076233
2.151528
3.041991
3.475404
4.256213
-2.319429
-2.539231
-2.286162
-3.297107
-2.424434
-1.270876
-0.608210
-0.351040
-0.295814
1.812371
0.662190
0.019086
-0.579352
1.061823
-1.165079
0.219094
2.638078
3.841125
4.502743
5.113735
-2.196560
-2.794764
-2.423276
-3.475062
-2.717852
-1.602479
-1.137788
-0.910123
-0.867053
1.361696
0.412005
0.276745
-0.779236
0.634240
-1.427897
-0.265384
2.220040
3.766515
4.047071
4.595380
-1.051595
-2.192843
-3.035064
-4.243499
-3.723726
-2.497468
-1.271599
-0.238082
0.231261
2.503969
1.655527
0.826176
-0.402592
0.677828
-1.821096
-0.661214
1.896575
4.013008
4.211218
4.699143
-1.636549
-0.350434
-3.376949
-4.716703
-4.341012
-3.101796
-1.569716
-0.100795
0.611866
3.190266
1.610783
1.453125
-0.250987
0.601023
-1.965700
-1.087793
1.706409
4.555243
4.275378
4.684640
-1.856548
0.125729
-3.834286
-5.371266
-5.258256
-3.940992
-1.974828
0.049246
1.039486
4.150012
3.300894
1.991522
-0.050526
0.807046
-2.015575
-1.173446
1.939509
5.285824
4.432635
4.851934
-1.524147
0.358639
-3.839697
-5.818190
-5.767305
-4.304980
-2.139904
-0.063192
1.179363
4.500002
3.486180
2.315811
0.257521
0.859887
-2.348637
-1.433505
1.632730
4.767368
4.487721
4.805992
-1.904886
0.106867
-3.742062
-6.041800
-5.968545
-4.428922
-2.182799
0.209325
1.536562
4.800350
3.771727
2.176816
-0.024117
0.823552
-2.254108
-1.398976
1.931051
5.245550
4.487938
4.819992
-2.653214
-0.257031
-3.758693
-6.591302
-6.611723
-5.040123
-2.549757
-0.003065
1.394272
4.869474
4.174061
2.396318
0.112714
0.926014
-1.884644
-0.994020
2.236567
5.191087
4.195230
4.546877
-3.039905
-0.454410
-3.415959
-6.449298
-6.813633
-5.063955
-2.369588
0.112498
1.824773
5.421428
4.248375
2.656957
0.698226
1.366987
-1.693166
-0.585413
2.680698
5.348655
4.852048
5.120039
-2.716676
-0.393033
-3.162407
-5.811915
-5.944673
-4.286843
-2.516988
-0.853509
0.569536
3.785115
3.046700
1.858184
0.023046
0.900717
-2.384880
-1.046591
1.990189
4.860193
5.068448
5.043351
-3.431123
1.178988
-4.747298
-6.381724
-6.545926
-4.574332
-2.292317
0.063660
1.364676
4.304803
3.735048
2.003009
0.085072
1.219950
-1.680775
-0.447998
3.089238
5.789734
5.106243
5.369878
-3.244333
-0.558871
-3.471853
-6.671702
-7.205153
-5.362575
-3.315273
-1.351357
-0.198112
3.117859
3.523010
1.423025
-0.560318
0.734056
-1.997370
-1.341335
1.914734
4.630787
3.511410
3.818601
-2.633993
1.764991
-4.313383
-6.265301
-7.062793
-4.735034
-1.683288
0.880529
4.172445
7.242995
6.506190
3.928705
2.687005
2.709155
-0.128566
1.179631
3.921347
5.209957
5.335778
6.180764
-3.216103
-3.620884
-2.868998
-5.459733
-5.498427
-4.573783
-3.741549
-2.777924
-1.828716
2.159220
3.298332
1.115140
-0.456348
0.676923
-1.944299
-0.862307
1.741842
3.779516
3.314468
3.810542
-1.704324
-1.065396
-4.124331
-8.003642
-7.992318
-5.815943
-2.551869
0.504465
2.477417
6.446144
4.935920
3.425293
1.379283
1.571366
-1.424427
-0.303356
2.454586
5.001028
4.662065
5.232106
-2.840796
-0.551820
-2.277664
-6.167721
-6.093163
-4.714477
-2.882013
-0.964654
0.590967
3.972312
3.191343
1.925734
0.073088
0.339816
-3.012821
-2.335072
0.589009
3.759880
3.927680
4.123688
0.674522
1.032164
-4.274429
-6.791059
-6.806501
-4.574145
-1.830903
0.997966
2.956711
6.288320
5.383960
3.023429
1.315727
1.271166
-1.949781
-0.863568
2.374922
4.638329
5.113344
5.560815
-2.684127
-0.509022
-2.434854
-5.894783
-6.063231
-4.752279
-3.316903
-1.744260
-0.516743
3.071017
3.099766
1.330628
-0.871684
0.085132
-2.880373
-2.147759
0.570454
4.210445
4.088554
4.505603
1.165603
-0.709227
-3.390921
-6.677727
-6.385702
-4.014309
-1.286129
1.747323
4.065382
7.344476
7.055343
3.693288
1.757419
1.418525
-1.915626
-1.130786
1.916456
3.713937
4.718627
5.163506
-2.442949
-1.065010
-2.293491
-6.303698
-6.782229
-5.821283
-4.281182
-2.429080
-1.113130
0.420233
3.581243
1.242859
-1.310298
-0.466520
-3.116406
-2.485507
-0.114132
1.392285
0.806012
0.229416
0.610744
-1.330602
-2.743833
-7.192294
-6.275562
-4.497921
-0.954323
2.219231
5.589359
9.208263
8.758341
5.684661
2.749951
1.435839
-1.478233
-0.448884
2.392426
3.873086
4.886063
4.702803
-2.178912
-2.734363
-1.874148
-5.019235
-5.254313
-4.545509
-3.240440
-1.753313
-0.543635
3.399348
2.962343
1.547089
-0.656109
-0.159363
-2.894172
-2.251563
-0.071792
2.984739
3.106473
3.733307
-0.008441
-0.407032
-3.468012
-7.376977
-6.957714
-4.686735
-1.469582
1.833532
5.094113
8.405722
8.514219
4.576536
2.524148
2.041614
-1.709458
-0.727625
1.929493
3.454760
4.521189
4.108384
-2.360217
-3.512480
-1.813407
-5.524581
-5.784068
-5.329545
-4.081459
-2.696892
-1.615242
2.339708
2.551144
0.640155
-1.595590
-0.374503
-3.075979
-2.542374
-0.460028
1.189308
0.600586
0.681223
-0.501008
-0.342746
-3.754462
-6.745909
-6.634171
-5.053996
-1.915938
1.045528
3.612914
7.441072
6.444326
4.668938
2.291470
2.843276
0.243841
1.086286
3.442189
4.620444
4.807167
5.478603
-2.083140
-2.355219
-1.894182
-4.633500
-4.822956
-3.953026
-2.646325
-1.303370
-0.325000
2.754908
2.283838
1.379699
-0.385960
0.176377
-3.011459
-2.312491
0.159750
3.010283
3.087279
3.601642
-0.569540
0.234591
-3.683534
-5.993623
-6.535376
-4.920503
-2.208271
0.703946
2.321495
5.602489
4.593251
3.053162
0.620682
1.487048
-1.423260
-0.777666
2.423712
5.071699
4.359651
4.741938
-2.347447
-0.572525
-3.009143
-6.139536
-6.410676
-5.105920
-2.943026
-0.650209
0.694289
4.117684
3.622205
2.008062
-0.203353
0.815120
-2.371915
-1.642587
1.139254
4.597654
3.854641
4.099401
-1.385223
1.273618
-4.749353
-6.665389
-6.964087
-5.193305
-2.290204
0.681021
2.855850
6.349735
2.887529
3.158315
1.131454
1.507576
-1.739928
-0.822486
2.388861
5.109478
4.979748
5.296258
-2.607422
-2.046109
-2.536768
-5.949414
-6.312558
-5.256613
-3.456574
-1.448749
-0.165068
3.208390
3.597458
1.628966
-0.248096
1.016551
-1.975093
-1.222291
1.729051
5.253520
4.224886
4.315727
-1.455905
1.043061
-3.932394
-6.705647
-7.473336
-5.449012
-2.628915
-0.071298
2.634186
6.047988
5.034819
3.341793
1.577779
2.253837
-0.917201
0.053096
3.200692
5.280646
5.811622
6.072301
-3.191171
-2.794264
-2.007891
-5.175987
-5.665842
-4.806303
-3.521912
-2.046255
-0.781521
2.188401
4.142302
2.206260
0.989459
2.004470
-0.829082
0.032957
2.613710
5.164323
5.070952
5.310763
8.833814
-0.501327
-6.487390
-8.817417
-9.150219
-7.085625
-3.995138
-0.647804
1.222272
5.188933
3.817964
1.915952
-0.422230
0.633540
-2.028348
-1.607346
1.744089
2.954543
1.806988
1.809883
-1.424244
-0.230244
-3.055687
-7.268935
-7.344240
-5.310968
-1.744262
2.564688
4.976396
8.636964
8.687512
4.527956
3.058743
2.565867
-0.175706
0.668927
2.927227
4.033747
5.001858
5.280958
-2.687553
-2.832070
-1.578131
-4.610372
-5.147108
-4.641215
-4.017649
-3.445406
-2.745199
0.826603
1.557889
0.033857
-1.312482
-0.568916
-2.463295
-2.723498
-0.350788
3.161610
2.621931
3.011574
-1.800032
-0.273286
-4.041262
-6.481218
-7.272278
-5.530110
-2.624286
0.061424
1.675231
5.751574
5.481386
3.345984
1.373526
1.510985
-0.108134
0.226430
3.123446
5.348142
4.561766
4.960494
-2.315908
-2.700725
-2.716309
-5.488952
-5.737162
-4.687093
-2.804245
-1.039383
0.070009
3.317495
2.639460
1.551050
-0.120070
0.211456
-1.928488
-1.748755
0.857968
4.027229
3.496966
3.724772
-0.850650
0.023702
-4.103213
-6.460256
-6.712838
-4.989621
-2.431852
0.035337
1.560457
5.464373
4.319499
2.529879
0.739113
1.136037
-0.700241
-0.410686
2.649842
5.342244
4.655694
4.984642
-1.759639
-2.253646
-2.779399
-5.218849
-5.449638
-4.461856
-2.779189
-1.171348
-0.055808
3.386182
2.305618
1.496804
-0.061180
0.272216
-1.830112
-1.596150
0.912038
3.978878
3.925444
4.121014
-1.477226
-0.040528
-3.627187
-6.031590
-6.464497
-4.945894
-2.546017
0.059051
1.492575
4.959998
4.089588
2.097150
0.355151
0.803634
-0.917029
-0.783532
2.265775
5.295219
4.281432
4.519752
-2.149269
-2.961604
-2.690425
-6.231169
-6.465921
-5.477020
-3.216999
-1.016717
0.129706
3.971417
3.674240
1.814602
0.044704
0.574286
-1.318436
-1.258206
1.630013
4.888984
4.119489
4.300751
-1.228460
-0.136320
-2.999976
-6.107738
-6.416257
-5.172146
-2.685138
-0.223066
1.201756
5.151803
3.978541
2.583283
0.886316
1.313272
-0.737958
-0.345445
2.405301
5.184147
4.805879
5.047194
-2.670995
-2.804538
-2.560906
-5.330666
-5.734102
-4.632105
-2.850391
-1.103528
0.005834
3.303223
3.193407
1.651528
-0.067849
0.664048
-1.153800
-1.006605
1.586007
4.782737
4.382866
4.399212
-1.134428
-0.114829
-3.246959
-6.206678
-6.559796
-5.134933
-2.936668
-0.699097
0.538340
4.093632
3.749158
1.737603
-0.076375
0.790406
-0.808909
-0.665546
2.059032
5.306860
4.374351
4.462240
-0.477430
0.019925
-3.035638
-6.270533
-6.690133
-5.436954
-3.167981
-0.842296
0.417776
4.298826
3.893122
1.934629
-0.020377
0.816287
-0.964930
-0.922933
1.834849
5.102826
4.357957
4.505863
-1.201411
-0.191787
-2.842846
-6.114491
-6.518114
-5.381022
-3.000905
-0.398626
1.020569
4.789611
4.011833
2.199576
0.437343
0.943631
-0.930396
-0.901912
2.026932
5.245600
4.395746
4.517557
-1.925230
-0.387399
-2.750676
-6.196358
-6.527714
-5.364741
-3.047209
-0.734427
0.594133
4.301437
3.396472
1.968294
0.124563
0.798116
-1.116620
-1.019714
1.682616
4.934992
4.379856
4.432061
-0.658542
0.103113
-2.803000
-6.021084
-6.371669
-5.034348
-2.850482
-0.726071
0.660402
4.335800
3.469354
1.849610
0.263708
0.833511
-1.053337
-0.973729
1.590495
4.801894
4.597129
4.699143
-1.359175
-0.136314
-2.686822
-5.787226
-6.150789
-4.980289
-2.896859
-0.626551
0.791279
3.879234
3.710627
1.887932
-0.128924
0.725756
-1.450967
-0.771154
1.740854
5.032849
4.434150
4.529586
-0.885398
0.066386
-3.178786
-6.380435
-6.657338
-5.557036
-3.306427
-1.004705
0.305855
3.620563
3.157421
1.502492
-0.504879
0.419458
-1.058333
-1.234477
1.239132
4.895502
4.024144
4.133681
-1.143636
-0.225209
-2.465278
-6.436709
-7.146584
-5.433851
-2.679494
-0.048872
2.292518
6.038348
5.178897
3.073321
1.560824
1.789495
-0.338743
-0.098532
2.343552
4.771606
5.182619
5.646467
-2.455482
-2.318481
-1.865927
-4.529039
-5.121350
-4.345234
-3.071272
-1.639966
-0.534372
2.921393
3.181508
1.719262
-0.020901
0.530626
-1.327927
-1.571573
0.788670
3.751000
3.911424
4.065799
-2.898349
0.048698
-3.492507
-6.111307
-7.122863
-5.486662
-2.922733
-0.317305
1.413531
4.696908
4.028937
2.643948
0.538792
0.776462
-0.729782
-0.932346
1.510826
4.771759
4.257538
4.372411
-1.917578
-0.505120
-2.783606
-6.667489
-7.280379
-6.223437
-3.787335
-1.023196
0.692539
4.347010
4.218760
2.035844
-0.273179
0.359747
-0.817060
-1.448285
1.278336
5.377147
4.176651
3.911199
-1.193819
-0.060297
-2.906143
-7.024144
-7.828381
-6.709924
-3.701735
-0.675395
1.230431
5.782574
5.112621
3.064728
1.002295
1.255295
-0.645158
-0.592909
2.107344
5.268014
4.536978
4.698744
-2.247712
-2.374033
-2.305807
-5.178091
-6.168982
-5.265809
-2.975200
-0.709341
0.854428
4.343422
3.211083
2.411537
0.717034
0.858504
-1.065874
-1.170529
1.236012
4.439209
4.515400
4.427064
-1.014614
-0.127679
-2.733999
-5.924498
-6.517097
-5.267200
-3.165841
-1.037470
0.431196
3.592641
3.422276
1.740788
-0.369200
0.668586
-0.812529
-0.822918
1.449658
5.023223
4.474627
4.364861
-1.320360
0.008964
-2.928155
-6.513534
-7.183619
-5.977016
-3.531007
-0.890707
0.768098
4.212950
3.939288
1.836752
-0.154355
0.819340
-0.654559
-0.799472
1.851789
5.429231
4.501955
4.455418
-1.359908
-0.033888
-2.590694
-6.286823
-7.054584
-6.203528
-3.676707
-1.151842
0.422666
4.360300
4.536251
2.557630
0.594635
1.389102
-0.588331
-0.901993
1.766423
5.088655
4.408065
4.398817
-1.038883
-0.584157
-2.338851
-6.309545
-7.288988
-6.008291
-3.316783
-0.846421
0.808366
4.710083
2.750120
2.517752
0.716930
1.324021
-0.818924
-1.153041
1.483176
4.654944
4.165763
4.222188
-1.775861
-2.627564
-2.493193
-5.919599
-6.768900
-5.748342
-3.352007
-1.173962
0.227075
3.701946
3.199091
2.001733
0.085669
0.881029
-1.026077
-1.508756
1.082238
4.533350
3.974712
3.913727
-1.238914
-0.458275
-2.951336
-5.946859
-6.825513
-5.438756
-2.866189
-0.718210
0.718417
4.552135
4.467892
2.262549
0.674849
1.358183
-0.615620
-1.014152
1.456624
4.429276
4.527105
4.633465
-0.867884
-3.353511
-2.020297
-5.189035
-5.859510
-4.720368
-2.716976
-0.881173
0.325765
3.360990
3.529230
1.823065
-0.104741
0.721957
-0.935012
-1.607064
0.794819
4.008021
3.960133
3.897413
-1.337390
-0.387206
-3.123466
-5.694713
-6.512693
-5.320814
-2.991301
-0.808828
0.680303
3.714143
2.606883
2.001266
-0.055879
0.869298
-0.966734
-1.190590
1.261331
4.620991
4.152528
4.215575
-0.588362
-0.753292
-1.922789
-6.038387
-6.730333
-5.673107
-3.226192
-0.870671
0.723926
4.156624
4.271656
2.093625
0.249989
0.878029
-0.850606
-1.577715
0.917341
4.421961
3.866444
3.937299
-0.317832
-1.609659
-2.066263
-5.419757
-6.289524
-5.429644
-2.930279
-0.498048
1.186212
4.713797
5.113045
2.405067
0.809973
1.231829
-0.910535
-1.339914
0.988735
4.115608
4.014139
4.195112
-0.386830
-3.364425
-2.051242
-5.111297
-5.884834
-5.028425
-2.912533
-0.838326
0.556523
3.725529
4.383885
1.849043
0.177406
0.685887
-1.295359
-1.986112
0.295139
3.493416
3.466480
3.505213
-0.735630
-0.915767
-2.303986
-5.787089
-6.668475
-5.575437
-3.091607
-0.631017
1.164828
4.657130
3.273924
2.410202
0.583885
1.292614
-0.343350
-0.796299
1.737337
4.775917
4.180503
4.278877
-0.081251
-2.224679
-2.400951
-4.624201
-5.791932
-4.969213
-2.854780
-0.927650
0.337962
3.676727
4.409616
1.954091
0.505430
1.112399
-1.034198
-1.596996
0.731723
3.290623
3.946829
4.221884
-1.238774
-1.181887
-1.699581
-5.120472
-5.798125
-4.702615
-2.751971
-0.904093
0.455368
3.181714
3.863050
1.764680
-0.164619
0.590802
-1.203608
-1.717918
0.486253
3.582792
3.613812
3.635379
-0.770729
-0.718124
-2.432473
-5.883723
-6.779599
-5.713624
-3.350032
-0.890933
0.882626
4.185413
3.677903
2.306543
0.345030
1.082044
-0.126874
-0.994097
1.480134
4.911273
4.277271
4.202024
-0.984578
-1.940705
-2.586442
-4.895149
-6.109012
-5.323636
-2.919799
-0.740730
0.866643
4.358756
5.036172
2.288461
1.059015
1.441623
-0.980041
-1.437993
0.876958
3.467779
4.219198
4.508578
-0.883113
-2.771359
-1.859453
-4.663495
-5.755691
-4.752393
-2.925247
-1.154694
0.156355
3.140222
1.402533
2.329438
0.077659
0.823947
-0.926125
-1.393098
0.769401
3.737224
3.930002
3.886362
-0.942798
-0.427439
-3.253018
-5.754375
-7.129735
-5.878501
-3.573738
-1.189276
0.598391
3.827213
4.205326
2.383889
0.253014
1.195723
-0.212817
-0.726409
1.655176
4.991015
4.054353
3.540542
-0.821200
-2.291240
-2.578939
-5.871112
-7.233192
-6.429160
-3.746846
-1.278426
0.735317
4.551338
4.572464
2.801233
1.208345
2.020765
-0.172686
-0.603865
1.570711
4.316312
4.494208
4.506724
-1.037323
-2.583745
-2.290949
-4.289654
-5.947206
-5.234301
-3.245163
-1.176707
0.339606
3.312849
3.620461
2.656908
0.623624
1.656132
-0.213653
-0.684232
1.580891
4.611738
4.522656
4.302047
-1.835390
-3.410808
-2.695792
-6.108008
-7.591246
-6.715340
-4.289517
-1.957323
-0.293930
3.487895
4.305315
2.286467
-0.079353
1.085723
-0.542451
-0.826641
1.587489
5.314075
4.378930
3.552910
-0.805078
-0.653603
-2.311175
-6.621372
-8.095069
-7.430875
-4.141144
-1.207729
1.026558
5.948878
6.464835
3.505866
1.583144
2.288643
0.279599
0.395988
2.706240
5.088593
4.527541
4.417829
-1.009874
-2.626405
-2.138750
-4.406678
-5.978017
-5.142487
-3.168221
-1.322115
0.020423
3.050259
1.482848
2.087410
0.333442
1.198596
-0.701402
-1.174648
0.965811
4.090275
3.994239
3.895577
-1.742281
-1.384242
-3.199101
-6.220577
-7.343535
-6.363398
-3.949493
-1.580020
0.039276
3.930375
4.385482
2.182976
-0.070458
1.254565
-0.308109
-0.664033
2.230858
5.571797
4.660954
4.112000
-0.823594
-1.949415
-3.031949
-5.397982
-7.196662
-6.123246
-3.375163
-1.126231
0.759272
4.681687
4.323833
2.928385
1.359107
2.312693
0.053622
-0.053596
2.205359
4.620093
4.933704
5.092101
-2.102062
-2.850707
-2.099648
-4.044339
-5.210517
-4.279458
-2.788151
-1.431248
-0.330659
2.576087
3.274271
2.172707
0.417138
1.737911
-0.221722
-0.387756
2.027548
4.772593
4.865111
4.686748
-2.339513
-3.824523
-2.786335
-5.556525
-7.001928
-5.948385
-3.864062
-2.090270
-0.732954
2.205910
4.000665
2.227177
-0.083504
1.360816
0.039075
-0.201168
2.181065
5.496633
4.741085
4.333025
-0.473607
-0.165843
-3.804276
-6.406477
-8.022596
-7.357523
-4.337610
-1.940489
-0.533484
4.165080
4.882067
2.415397
0.404026
1.541273
-0.271639
-0.486164
2.194042
5.562062
4.665131
4.395478
-1.587759
-1.812032
-3.421081
-5.248541
-6.729864
-5.442957
-2.807374
-0.497148
1.882276
5.371573
5.096107
2.847356
1.413793
1.772068
-0.138338
0.022171
2.360765
4.795119
4.999436
5.374379
-2.732690
-2.714271
-2.023099
-4.685137
-5.575529
-4.931588
-3.743245
-2.459748
-1.324109
1.067240
3.543245
1.533317
-0.300036
0.980444
-0.498440
-0.789438
1.764120
4.949619
4.193565
4.043732
-1.971068
-0.481492
-3.455677
-6.834792
-7.862676
-6.643644
-3.844215
-1.133282
0.616795
3.091789
4.916985
2.700221
0.448545
1.457861
0.484538
0.048066
2.909656
5.823836
4.684401
4.569808
-1.430198
-0.233787
-2.459177
-6.643307
-7.563201
-6.249757
-3.568046
-1.275730
0.241562
4.144697
3.700862
2.301176
0.422337
1.143883
-0.684187
-0.762323
1.724910
5.020078
4.500002
4.456948
-1.483881
-0.255855
-2.804146
-6.191754
-6.867000
-5.676779
-3.276856
-0.598353
1.045927
4.415098
4.079004
2.138364
0.251310
1.062765
-0.509587
-0.528688
2.161473
5.496758
4.500345
4.451102
-2.188676
-0.575345
-2.889009
-6.421932
-7.415977
-6.205284
-3.633962
-1.150086
0.313786
4.269792
4.096964
1.962917
0.182749
1.068230
-0.665501
-0.692375
2.054196
5.388278
4.486970
4.455823
-1.472887
-0.007509
-2.542013
-6.294834
-7.226714
-5.925265
-3.333535
-0.766607
0.910242
4.908051
3.935131
2.358951
0.518113
1.319435
-0.524488
-0.472482
2.287192
5.342039
4.830355
4.878971
-2.428188
-3.304581
-2.254519
-5.812864
-6.422334
-5.288969
-3.262817
-1.223163
0.066372
3.583503
3.317115
1.650358
-0.100623
0.779980
-1.519751
-0.744603
1.668022
4.954371
4.529681
-0.086993
-1.013884
-0.811554
-0.553769
-0.140742
-0.004185
0.153769
1.517822
4.718104
0.530923
0.111057
0.222814
0.325796
0.435153
0.311077
-0.141263
-0.503339
-0.884579
-0.962815
-1.106057
-1.336847
-1.710407
-0.859842
-0.474823
-2.044315
-1.199108
-2.813291
-2.297725
-1.072466
-0.234349
0.608138
0.777624
1.496217
1.500781
2.110830
0.572391
0.134018
-0.243898
0.459573
1.172499
1.114957
1.406868
1.385294
1.002170
-1.634653
-0.489733
-3.341682
-1.496328
0.440410
1.366774
1.419426
1.486017
2.024683
1.218459
-1.475437
-1.720502
-1.052263
-0.390652
0.199016
2.035731
2.462189
1.017330
2.342879
-0.803368
-4.177316
-1.478062
-3.275097
-1.827511
0.161025
1.047997
1.334055
1.039538
2.432170
1.145829
-3.135348
-2.919799
0.156651
1.071454
0.459717
2.493157
3.123397
3.858736
5.276418
-0.035267
-2.664821
-1.209976
-2.695794
-1.708122
0.495382
1.101111
1.015637
0.569340
1.577464
0.489736
-3.321454
-1.499086
0.255542
0.809722
-0.428717
1.697606
3.429077
3.302947
4.053292
-1.081073
-2.559478
-2.387231
-3.205850
-2.395207
-0.065894
0.673821
0.939252
0.947988
1.404827
1.555161
-0.036580
-0.267144
0.590899
0.818673
0.370925
2.848890
4.558069
4.474919
5.353685
-1.151218
-3.869276
-2.932072
-2.865673
-5.048902
-3.298541
-1.501351
-0.473114
0.176577
1.282654
2.436616
1.362749
2.048466
2.017013
1.182785
0.378046
2.947587
4.873784
4.820578
5.759434
-0.539049
-3.721113
-2.763597
-2.843633
-6.497219
-5.135735
-3.623730
-2.624546
-1.769744
-0.322861
1.671468
2.910998
1.717295
1.282388
-0.095801
-1.217858
0.779738
2.786913
2.439285
3.060506
-1.354470
-3.212615
1.224751
-3.426612
-6.872505
-6.432704
-3.853539
-1.121411
1.486037
4.419011
6.755217
6.528381
4.580091
4.033729
3.582859
2.045527
4.614553
5.916445
5.378315
6.544877
-1.553239
-3.903565
-3.122519
-5.181050
-9.169911
-9.095267
-7.529942
-5.706876
-3.986551
-3.431738
2.967349
3.765485
0.947925
0.677544
-0.136954
-2.054994
-0.594586
0.700208
0.226290
0.481515
1.240239
-2.438716
-0.159750
-2.657879
-7.205858
-7.316126
-5.708905
-1.754770
1.536116
4.405799
6.665774
5.627920
3.606465
2.670907
1.169320
0.112572
1.893115
3.410293
3.155644
4.232190
-0.291744
-3.415800
-1.117972
-2.006456
-6.237109
-5.702859
-3.968939
-2.583263
-0.846045
1.480387
3.753739
3.819922
2.869187
2.190730
1.019546
-0.663079
1.292480
3.325811
3.217827
4.405756
-0.837835
-4.016677
-1.071821
-3.025092
-7.317343
-6.921771
-4.251656
-2.952694
-1.327159
1.199236
5.381722
5.523880
3.522347
3.112905
2.438217
0.948582
2.243630
3.304165
2.742429
3.914504
-0.093524
-3.539163
-1.143965
-3.255703
-8.379863
-8.522473
-5.956963
-4.120033
-2.242973
-0.352874
5.531601
5.258077
2.661378
2.351680
1.725500
0.146848
1.009569
2.308430
2.234160
3.039022
1.551970
-2.819033
-2.010722
-3.094439
-7.820537
-8.383571
-6.099367
-3.442867
-1.110921
2.145545
5.717790
5.389991
2.802858
2.416823
1.639235
0.377755
1.589071
2.699346
2.758068
3.776281
1.147755
-2.830537
-1.172962
-2.390581
-6.810738
-7.549162
-5.261484
-3.386549
-1.379390
1.171264
3.699288
4.021608
2.039573
1.704141
1.053440
-0.468428
1.268562
2.767598
2.806167
3.962765
0.931776
-3.036624
-0.895670
-2.366689
-7.070960
-7.193225
-4.548902
-2.905492
-1.317225
1.123786
5.015027
4.667484
2.474879
2.239911
1.603251
0.174667
1.591222
3.107123
3.049629
4.134277
1.159900
-2.932460
-0.943625
-2.488586
-7.128715
-7.367458
-4.884861
-3.168437
-1.182134
1.477432
4.648369
4.562601
2.603270
2.231622
1.268271
-0.327782
1.274519
2.956668
3.072036
4.011325
0.380984
-3.123089
-1.053866
-2.436137
-7.651907
-7.909951
-5.310270
-3.483774
-1.672984
1.071166
5.600820
5.286528
2.968719
2.536953
1.724057
0.253641
1.427709
2.805612
3.034724
4.087351
1.123291
-2.926188
-1.172140
-2.571787
-7.460190
-8.308944
-5.878189
-3.716017
-1.627788
1.225784
5.658019
5.340005
2.891815
2.462215
1.877435
0.152881
1.200595
2.536969
3.176665
4.028533
1.322964
-2.846251
-1.145478
-2.443252
-7.014895
-7.972146
-5.676019
-3.504568
-1.494130
1.372275
5.057697
4.826768
2.636497
2.282182
1.801007
0.329667
1.394408
2.538733
2.594451
3.677535
0.797596
-3.083124
-0.927208
-2.456738
-7.061193
-7.778054
-5.314991
-3.295643
-1.394442
1.486382
5.126304
4.847279
2.687184
2.445534
1.924412
0.390006
1.627110
2.680689
2.505426
3.718506
0.826334
-3.163073
-0.813395
-2.434242
-7.183757
-7.897407
-5.557905
-3.577123
-1.810747
0.889579
4.926154
4.583708
2.311646
2.101847
1.342229
-0.300713
1.101753
2.750269
2.856184
3.881072
1.157707
-2.878537
-1.210209
-2.393764
-7.034609
-7.678002
-5.285832
-3.396479
-1.705535
0.843146
5.005222
4.787432
2.385006
2.105700
1.598524
0.070784
1.323811
2.802629
2.828928
3.993492
1.534402
-2.746662
-0.839295
-2.159728
-6.886260
-7.424069
-5.081856
-3.148501
-1.194120
1.479294
4.423721
4.525707
2.518951
2.212904
1.342360
-0.290835
1.347994
3.010910
2.955950
4.115681
0.480587
-3.249812
-0.815551
-2.345466
-7.355340
-7.793768
-5.180858
-3.333458
-1.512548
1.166196
5.647193
5.316234
3.007769
2.636109
1.888674
0.286054
1.420123
2.834511
3.064736
4.148728
1.244490
-2.902529
-1.155428
-2.438960
-7.085483
-7.977794
-5.666988
-3.581268
-1.593553
1.128264
5.289094
5.152132
2.858739
2.530474
1.934596
0.049696
1.135900
2.561614
2.825001
3.872893
0.799879
-2.979326
-1.282210
-2.469971
-6.889051
-7.774340
-5.471148
-3.437616
-1.456900
1.410991
5.110071
4.997619
2.807759
2.533295
2.149815
0.575868
1.537707
2.644996
2.569858
3.703037
0.547829
-3.141674
-1.039478
-2.373986
-6.885430
-7.677739
-5.425622
-3.486109
-1.599542
1.382957
4.327965
4.282317
2.323902
2.169973
1.090423
-0.662552
0.983853
2.725401
2.994639
4.140287
0.455133
-2.804287
-0.958020
-2.110080
-6.814604
-6.719850
-4.567040
-3.042329
-1.113181
1.666879
4.666804
3.559939
2.554586
2.002547
0.963149
-0.943980
1.015985
3.106108
3.377119
4.511676
-0.440297
-3.963905
-0.944150
-2.395570
-7.450025
-7.457023
-4.774797
-3.267008
-1.570983
1.225383
5.888718
5.874528
3.756644
3.423624
2.655566
1.224677
2.116399
3.347950
3.136514
4.333324
-0.001702
-3.303611
-1.477333
-2.790991
-7.787985
-8.221992
-6.028965
-4.095955
-2.260896
-3.018820
5.227203
5.482375
2.820066
2.255787
1.729363
0.444986
0.884830
1.251949
2.142516
2.897543
2.279156
-2.406346
-1.019955
-2.554662
-7.475638
-8.393240
-6.814572
-2.720145
0.524952
3.483892
6.346782
4.736538
3.349304
2.738822
1.220471
-0.213247
1.503790
2.986906
2.483078
3.750736
-0.436496
-3.561286
-1.103441
-2.217905
-6.967371
-7.068377
-5.236085
-3.503418
-1.615066
0.927223
4.575703
4.539654
2.730192
2.377705
1.558484
-0.069980
1.329344
2.711506
2.156266
3.428296
0.050711
-3.400630
-0.933461
-2.567451
-7.651748
-8.070403
-5.601637
-3.559112
-1.632427
1.027117
5.263884
4.821885
2.622445
2.363445
1.640234
0.711818
1.617760
2.962603
2.642520
3.860912
1.094483
-3.119949
-0.972548
-2.320889
-7.300970
-7.872715
-5.518142
-3.371408
-1.127250
1.555861
4.859867
4.877460
2.863827
2.512650
1.564329
0.069722
1.537348
2.722051
2.034655
3.459632
0.708550
-3.298391
-0.840162
-2.341754
-7.487528
-8.248578
-5.823340
-3.637460
-1.825627
0.935739
5.751800
5.125699
2.603868
2.301866
1.390746
-0.037654
1.089993
2.783710
3.014383
3.957256
2.422056
-2.509141
-0.931204
-2.093384
-6.878834
-7.765627
-5.593787
-3.048047
-0.610280
2.006141
4.849245
4.147834
2.890322
2.200614
0.986450
-0.935189
1.132704
3.210762
3.531304
4.459320
-0.255746
-3.455895
-0.762942
-2.194448
-7.262452
-6.948618
-4.553311
-2.467920
-0.157715
2.350496
5.155795
4.993661
3.936683
3.105082
1.778536
0.057523
1.719219
3.848181
3.461188
4.442217
-1.375516
-4.137357
-2.304635
-3.108034
-8.319569
-8.215561
-5.993714
-4.242013
-2.359755
0.456400
6.080572
6.585807
4.134973
3.091410
2.705613
0.618324
1.202979
1.930031
1.624612
2.480428
2.648932
-2.380868
-0.104078
-4.210703
-8.667744
-8.774670
-7.284937
-2.788908
0.043521
3.200331
5.940104
4.236009
2.990330
2.417785
0.719120
-0.138179
1.630433
3.261266
2.773822
3.918044
-0.526576
-3.544960
-1.293312
-2.262608
-7.094471
-6.717381
-4.901162
-3.413627
-1.457411
1.059005
4.765207
4.661547
2.974500
2.638967
1.666526
-0.074357
1.422617
3.371214
3.293988
4.334446
-0.231440
-3.606357
-1.418538
-2.568331
-7.414776
-6.961714
-4.743431
-2.992653
-1.009879
1.497743
4.351744
4.837201
3.411228
2.936485
1.864796
-0.105524
1.431848
3.507884
3.397826
4.351496
-0.560795
-3.768700
-1.535962
-2.559316
-7.505617
-7.005203
-4.916597
-3.224118
-1.317934
1.222095
4.491846
5.062739
3.437397
2.991840
1.990255
-0.046788
1.204749
3.204208
2.953068
4.045269
-0.662948
-3.818058
-1.657075
-2.926286
-8.002090
-7.855044
-5.679932
-3.857365
-1.620585
1.191142
5.088058
4.955383
3.091360
2.621028
1.660865
-0.227102
0.945154
2.821663
2.494388
3.730474
-0.220556
-3.549751
-1.181081
-2.382163
-7.914515
-7.999745
-5.791127
-3.681386
-1.278128
1.598244
4.863890
4.936679
3.235223
2.778428
1.747850
-0.362218
1.057185
3.033051
2.915128
4.042018
-0.019949
-3.463976
-1.232769
-2.169722
-7.449868
-7.425611
-5.164503
-3.403292
-1.281670
1.451113
5.070724
5.100900
3.277145
2.885887
2.070118
0.223521
1.404279
3.058426
2.524829
4.003320
0.033671
-3.456649
-1.180212
-2.308753
-7.591554
-7.932446
-5.639422
-3.685131
-1.827000
1.022681
5.549216
5.203131
3.019177
2.736099
1.982908
0.057618
1.057597
2.656449
2.603592
3.788708
0.922119
-3.121120
-0.991132
-2.029614
-7.096891
-7.945878
-5.766518
-3.497370
-1.116737
1.902284
5.221675
5.140465
3.494477
3.513142
1.706928
0.221891
1.986269
2.638165
1.887411
3.308211
4.388057
-3.442458
-0.825008
-2.318432
-7.506860
-8.982811
-6.844451
-4.164693
-2.256710
0.281168
5.124924
4.956643
2.834977
2.472875
1.173111
-0.639270
0.885123
2.317633
2.510634
3.438108
4.826347
-2.692622
-0.777680
-2.193125
-7.208186
-8.602069
-6.792743
-3.743321
-1.671331
1.072788
3.918372
4.998636
2.840497
2.611911
1.446625
-0.254941
1.432125
2.398338
2.034244
3.247380
4.704587
-2.640380
-0.766352
-2.268061
-6.684957
-8.110211
-6.142068
-3.459307
-1.470594
1.137769
4.754949
4.542678
2.504163
2.128252
1.362026
-0.740575
1.354614
2.500716
2.578397
3.736733
5.024528
-2.715804
-0.785801
-2.028502
-6.717756
-8.070923
-6.096440
-3.383425
-1.317052
1.273131
4.912703
5.019446
2.985712
2.656321
1.390994
-0.398934
1.324131
2.529313
2.022622
3.210027
4.730077
-2.774204
-0.730143
-2.256458
-6.877594
-8.436046
-6.298569
-3.598789
-1.792318
0.641293
5.055239
4.950819
2.698107
2.083477
1.054518
-0.859261
0.531356
2.525783
2.792513
3.638697
4.997421
-2.424921
-0.754841
-1.900953
-6.654185
-8.059008
-6.294680
-3.358694
-1.147751
1.478721
5.336754
5.136520
3.202653
2.803881
1.592932
-0.335366
1.442735
2.616842
1.981500
3.325588
4.734015
-3.017596
-0.827608
-2.021424
-6.789320
-8.335575
-6.276058
-3.545961
-1.687692
0.876618
5.603172
5.335708
3.142874
2.622141
1.579219
-0.356518
1.172568
2.565212
2.574723
3.455130
4.972996
-2.549310
-0.921690
-2.041737
-6.729167
-8.440527
-6.787408
-3.827316
-1.923208
0.638060
4.688690
4.843537
2.653710
2.127890
1.231856
-0.835927
0.469080
2.406633
2.725937
3.556631
4.928074
-2.667637
-0.908981
-1.851476
-6.561927
-8.010064
-6.236413
-3.361507
-1.138336
1.586849
5.437556
5.213009
3.199847
2.993744
1.826532
-0.343779
1.393196
2.594848
2.123800
3.407445
4.806195
-2.878468
-1.015543
-1.862595
-6.434053
-7.841748
-5.852393
-3.339326
-1.615732
0.942606
4.725938
4.944497
2.824691
2.620699
1.843346
-0.358106
1.382036
2.503695
2.369729
3.412725
4.956176
-2.630487
-0.727021
-1.855540
-6.482906
-7.864019
-6.107332
-3.474415
-1.534337
1.120866
5.063005
4.624002
2.686864
2.531792
1.677938
-0.659595
1.152403
2.556067
2.454406
3.575074
4.880048
-2.806405
-0.823553
-1.851024
-6.656833
-8.069012
-6.181645
-3.597195
-1.800909
0.919533
4.890877
5.007867
3.032340
2.740659
1.793410
-0.390039
1.131243
2.286306
2.164402
3.123154
4.792709
-2.858670
-0.833764
-1.913313
-6.711285
-8.438665
-6.683919
-3.853968
-1.902220
0.945238
4.874948
4.981610
2.824319
2.545443
1.588557
-0.691433
0.741116
2.341646
2.660855
3.516410
5.080596
-2.534753
-1.004007
-1.615753
-6.225826
-7.870287
-6.254439
-3.481315
-1.369249
1.389250
5.346976
4.530900
2.869133
2.836750
1.767850
-0.813289
0.795135
2.662963
2.639294
3.758694
4.891470
-3.289659
-1.419843
-1.796479
-6.465259
-7.830758
-5.790765
-3.538468
-1.887786
0.755376
4.483973
4.759266
2.738418
2.703265
1.633501
-0.603971
0.704060
2.506583
2.599574
3.598377
5.120744
-2.979338
-1.211041
-1.632546
-6.446026
-7.653084
-5.789812
-3.372401
-1.610411
1.093928
5.014487
4.418005
2.715478
2.774140
1.554252
-1.075435
0.716205
2.530781
3.007370
3.919465
4.983571
-3.363410
-1.698846
-1.753425
-6.406930
-7.298376
-5.299636
-3.274610
-1.493381
1.111494
4.990272
4.583920
3.015691
3.208837
1.784050
-0.738630
0.795725
2.666069
2.989378
3.902691
4.861795
-3.374462
-1.684802
-1.719793
-6.494379
-7.022723
-4.977978
-3.139584
-1.109506
1.645643
5.218635
3.560337
3.003558
2.879710
1.476752
-1.063198
1.139215
3.425726
4.011470
4.733483
2.933318
-0.141022
-2.851574
-2.169959
-7.234627
-7.465772
-5.245030
-3.414260
-1.363310
1.327496
4.961696
3.863989
3.497928
3.334673
1.371636
-1.346229
0.783685
3.154994
3.882791
4.520993
2.490456
9.268124
-3.758915
-3.613253
-8.378577
-8.618034
-7.163746
-4.731649
-2.607913
0.655173
4.550307
4.884396
2.848346
2.714264
1.700843
-1.358256
-0.143907
1.726784
2.274616
2.585773
4.534799
-2.592336
-1.316370
-1.576477
-7.744695
-8.730070
-7.329617
-4.236031
-1.024549
2.416845
6.308162
5.472592
3.602761
3.474768
0.944037
-1.054818
0.700232
2.561094
3.482611
3.970429
5.271114
-3.114953
-1.269033
-0.980721
-5.214802
-6.351647
-4.437316
-2.440911
-0.325601
2.368160
5.885210
4.808316
3.367487
3.459070
2.482432
0.218885
1.443287
3.501531
3.890120
4.581716
2.794629
-3.953568
-2.453950
-1.952553
-7.545333
-8.002986
-6.105200
-4.674499
-3.351974
-2.785250
4.837134
5.398105
3.532305
3.340791
2.069725
-0.068848
0.568689
2.194522
2.639491
2.906616
3.434177
-3.169554
-2.531954
-3.394018
-7.470207
-8.483674
-7.710542
-4.319971
-2.001522
0.818469
4.521924
5.075454
4.036144
3.331382
3.222133
0.322260
1.492514
2.937586
2.119699
3.469035
3.517794
-3.110057
-2.537448
-2.505514
-6.134717
-7.308061
-5.738495
-3.597771
-2.090597
0.155652
4.649469
3.755707
2.948114
2.443848
2.265954
-1.557947
0.202492
2.428805
2.866198
3.707222
4.233698
-3.289711
-2.239099
-2.274859
-6.221077
-6.971656
-5.139491
-3.369704
-1.932209
0.541394
4.802819
3.462983
3.092562
2.752035
1.500877
-1.516023
0.429204
3.016008
3.473181
4.327588
4.706659
-3.044641
-2.021520
-2.387740
-6.807928
-7.063216
-5.092248
-3.340925
-1.775751
0.761335
4.977129
4.279645
4.071364
3.652345
2.861328
-0.880840
0.915415
3.639252
4.008565
4.909055
5.206341
7.433722
-3.746566
-3.377133
-7.641971
-7.817173
-5.887222
-4.154985
-2.660991
-0.130732
2.242648
4.879895
3.468789
2.513891
2.752008
-0.847206
0.237623
2.148603
1.905343
2.956346
3.311679
-2.590061
-2.216032
-2.550400
-7.846246
-9.258898
-8.037734
-4.886558
-2.728019
-0.014219
5.647332
5.849537
4.413701
2.075666
2.564904
-0.497338
0.268571
2.267576
2.885927
3.087210
4.022972
-1.800252
-1.970125
-2.588501
-6.388174
-8.481738
-7.653517
-4.534668
-2.377941
0.346534
4.454733
5.458457
3.974882
2.214407
2.638790
-0.182146
0.575216
2.438313
2.361305
3.200325
3.860746
-1.882388
-2.255239
-2.577862
-5.845193
-7.806849
-6.795393
-3.987414
-2.180624
-0.201940
3.789036
5.102918
3.508713
1.745591
1.886168
-0.208006
0.423669
2.420590
2.534927
3.192428
3.852311
-1.746377
-1.957734
-2.429226
-5.967304
-7.642196
-6.705974
-3.743124
-1.975045
0.299391
4.889110
4.845441
3.326771
1.880539
2.400531
-0.450390
0.678232
2.656387
2.339223
3.312195
3.818236
-1.218728
-1.738985
-2.193051
-5.762910
-7.363726
-6.147631
-3.364979
-1.664021
0.737450
5.056886
4.575470
3.209833
2.002857
2.725447
-1.027502
0.490653
2.621073
2.391055
3.241191
3.735650
-1.720058
-1.999371
-3.115161
-5.623233
-7.628876
-6.181637
-3.500076
-1.287406
1.297561
5.282885
4.701550
3.821299
2.932869
3.048092
-1.191121
0.816129
3.222458
3.725017
4.318936
4.698792
-3.495717
-2.293922
-3.134978
-6.236245
-7.403478
-5.726362
-3.704999
-1.794160
0.469477
4.983747
5.684161
4.542058
3.515717
3.261960
0.373828
1.516167
3.080551
2.464034
3.636710
3.525135
-3.681272
-2.645316
-3.067397
-7.257484
-8.562749
-7.121508
-4.363811
-2.587956
0.116699
5.103342
5.521705
4.391927
3.070474
2.769537
0.141246
1.036075
2.280433
1.724170
2.523546
2.804122
-2.044985
-2.113071
-3.111927
-7.106039
-8.767285
-7.549207
-4.311626
-1.739422
1.252837
5.456571
4.598318
3.626137
2.932461
1.872790
-1.362539
0.532539
2.698314
2.898047
3.646626
4.037724
-2.437623
-2.114371
-2.774490
-5.950816
-7.207130
-5.363570
-3.462325
-1.745217
0.613984
4.566711
3.920314
3.385342
2.624916
2.458416
-1.143608
0.671975
3.174139
3.254497
4.240358
4.494653
-3.905393
-2.392151
-2.625921
-6.976062
-7.733614
-5.957492
-3.699874
-2.233031
-0.179899
5.669135
6.060063
4.191254
3.908126
3.194288
0.934796
2.200125
3.240996
2.004565
3.026193
4.573283
-3.131425
-1.486247
-2.284261
-7.442427
-8.584673
-7.145886
-4.249902
-1.526026
1.578786
5.343438
4.197537
2.914274
2.779501
0.657834
-1.233691
0.612351
2.688568
3.485963
3.823398
4.381170
-3.591854
-1.782480
-1.362533
-6.467030
-7.166666
-5.160789
-3.283705
-0.995819
1.696595
5.082582
3.822596
3.535044
3.245738
1.774473
-0.431722
1.540924
3.830594
4.156140
5.013442
2.846823
3.177615
-2.668719
-2.490064
-7.084463
-7.135192
-5.131333
-1.967564
0.164126
2.783358
5.687054
5.533981
3.582784
3.562091
2.625689
0.560645
2.176832
4.317956
4.180511
4.737966
1.697239
3.898039
-3.851376
-2.902023
-9.308268
-9.510518
-8.074181
-5.820981
-4.287313
-1.918575
3.986079
4.363877
2.390017
1.867762
0.964759
-1.701022
-1.002945
0.576117
0.084010
0.216869
3.741043
-2.158495
-0.319234
-2.302603
-7.484522
-7.631048
-6.374677
-2.584528
0.633470
3.668035
7.109004
5.346500
3.214534
2.736095
0.579003
-1.012207
0.616848
2.755298
3.208134
3.418681
4.968676
-2.845306
-1.261034
-0.977177
-5.067391
-5.594261
-3.964690
-1.654091
0.297357
2.457246
5.501235
4.461429
2.684082
1.290765
2.501074
0.342424
1.948546
4.391612
4.252184
4.937752
4.397512
-3.545726
-3.256166
-3.549424
-7.757632
-7.419446
-5.706263
-4.551867
-3.531553
-3.215689
3.990826
4.618834
2.282718
1.959171
0.998969
-1.084772
0.046465
1.723691
1.133365
1.270070
4.136674
-2.784279
-0.110587
-3.134889
-7.221107
-7.178148
-5.866230
-2.552773
0.017949
2.583457
5.780161
4.043158
2.321184
2.355078
1.322374
-0.288541
1.710905
3.316785
3.628055
4.329204
5.310631
-2.912673
-1.628497
-2.439076
-5.463369
-5.543993
-3.583459
-1.719013
-0.357421
1.275463
3.840463
2.507981
2.517662
2.452045
2.146328
0.207095
1.958633
4.186723
4.645932
5.511706
3.151445
-3.971918
-3.012885
-2.560081
-7.380870
-6.897136
-4.878878
-3.787432
-2.956851
-2.465494
4.240052
4.956691
2.680043
2.470287
1.748760
-0.320345
0.722272
2.205395
2.169765
2.645217
4.366076
-3.601482
-1.706054
-2.680894
-7.812644
-7.711207
-6.464004
-3.104394
-0.054414
2.486344
5.345969
4.293990
3.637602
3.663533
2.423783
0.723234
2.819305
4.108644
3.905810
5.326609
4.101769
-3.411127
-2.644777
-1.954071
-6.708405
-6.712340
-4.868610
-3.889935
-3.071645
-1.553977
2.895545
3.623874
1.519047
1.347320
0.509088
-1.376245
0.074687
0.194306
-0.759909
-0.562081
-0.291146
-0.126969
0.060909
0.151390
0.226486
0.258381
0.313579
0.330579
0.379414
0.387643
0.443341
0.441765
0.499106
0.454097
0.505342
0.454681
0.516966
0.471350
3.480951
7.444988
11.449206
14.975954
2.409610
0.327494
-3.228407
-6.198771
-8.570671
-8.740476
-6.979503
-4.047787
-1.547285
0.887298
3.504678
6.403042
9.577722
15.751748
11.418872
12.143734
0.051267
0.449853
0.415915
0.305610
0.223114
0.144060
0.087414
0.042856
2.286341
2.661658
-2.866445
-0.975355
0.173306
-1.068352
-0.324154
-0.257870
-0.100966
0.277636
1.097430
-2.583590
-1.126759
-2.054333
-2.794999
-2.091778
-1.555120
-1.222350
-1.140985
-1.277395
-0.041020
-0.754813
-0.316014
1.290600
1.686170
0.335940
1.215791
1.333681
1.538802
1.970066
0.763919
-3.406091
-1.644758
-0.932431
-0.346527
0.689705
1.236844
0.842583
0.162086
-0.131891
0.576915
-0.345366
-1.646440
0.255931
1.959338
0.931799
1.383400
1.953978
1.480287
2.621234
-1.164170
-3.939270
-3.470938
-1.467222
-0.198424
0.844434
0.811512
0.156070
-0.380748
-0.594923
0.041316
-1.130119
-2.599424
-0.168415
1.421398
0.386833
0.997972
1.812414
1.273717
1.783310
-1.245364
-3.870921
-0.247143
-1.502148
-1.463951
0.196183
0.844243
0.849801
0.674514
0.447304
0.628904
-0.574930
-1.660513
1.120742
3.461677
2.774478
3.396046
3.596616
3.104569
4.309419
0.397693
-3.487327
-4.411463
0.248312
0.215915
1.366548
1.724466
1.034607
-0.132369
-1.030509
-0.411948
-0.072569
-1.146990
0.576715
2.133861
2.023999
1.952456
1.757362
1.204553
2.147170
0.540931
-3.042295
-6.449673
-0.910526
-0.719708
-0.154319
0.134373
-0.146538
-0.585299
-0.724761
0.399247
-0.483707
-1.668263
0.211863
1.232607
0.661794
1.284318
1.516393
0.719690
1.368799
0.131256
-3.335831
-2.063407
-1.253941
-1.973198
-1.221436
-0.865742
-0.685059
-0.387891
-0.117848
0.759453
-0.327659
-1.553284
0.478465
1.241247
0.606246
1.247403
1.738020
1.437102
1.904787
-0.219215
-3.391902
-0.477514
-1.801302
-1.964025
-0.892622
-0.306165
-0.202539
-0.079801
0.073897
0.661807
-0.119966
-1.315505
0.905839
2.261813
1.944595
2.480308
2.760589
2.163539
2.687881
0.179634
-3.423229
-2.672226
-1.383498
-1.479125
-0.345168
0.058767
-0.158311
-0.503739
-0.732585
0.049225
-0.610032
-1.554319
0.512001
1.850044
1.222917
1.644927
2.039939
1.359447
1.918243
0.066177
-3.605833
-2.398038
-1.091109
-1.477826
-0.361732
0.024401
-0.024693
-0.164825
-0.245471
0.488785
-0.580213
-1.621214
0.426315
1.787752
1.082377
1.533104
2.132662
1.597543
2.188475
0.158906
-3.579196
-1.826779
-1.164923
-1.601479
-0.457891
-0.009016
-0.095701
-0.236602
-0.323460
0.426164
-0.522438
-1.547303
0.494260
2.084700
1.193702
1.706788
2.270090
1.644656
2.223671
0.231762
-3.582127
-1.959927
-1.147627
-1.541197
-0.390262
0.056847
0.051218
-0.096122
-0.231025
0.481541
-0.373104
-1.510617
0.492366
2.011817
1.188569
1.637784
2.200164
1.616808
2.199065
0.231101
-3.593600
-2.245389
-1.234140
-1.519916
-0.405643
0.037303
0.044347
-0.067563
-0.148636
0.607226
-0.385296
-1.536886
0.438742
2.155694
1.043258
1.624625
2.177524
1.619285
2.188781
0.238013
-3.542659
-2.322331
-1.515178
-1.639554
-0.557312
-0.108668
-0.070205
-0.067128
-0.013629
0.757425
-0.448752
-1.645079
0.383130
1.714867
0.628888
1.467121
1.937341
1.566431
2.093308
0.298503
-3.494075
-1.671577
-1.339127
-1.571091
-0.441672
0.073906
0.152520
0.167509
0.150698
0.839429
-0.364568
-1.548973
0.537431
1.855894
1.176826
1.548113
2.079098
1.519002
2.130308
0.073840
-3.571222
-2.217296
-1.468811
-1.633525
-0.526287
-0.038304
-0.017199
-0.059246
-0.071102
0.707237
-0.414063
-1.581820
0.417762
2.012996
0.792825
1.588844
2.016093
1.549913
2.091001
0.151860
-3.521216
-2.005319
-1.532504
-1.703740
-0.605264
-0.078794
0.020333
0.106552
0.204672
0.934619
-0.321864
-1.598726
0.502478
1.875336
1.090998
1.487665
2.070662
1.557310
2.133509
0.089617
-3.522517
-1.655168
-1.352143
-1.813768
-0.770945
-0.254039
-0.179674
-0.149004
-0.060659
0.720692
-0.447600
-1.506963
0.499047
2.098850
0.863893
1.670729
2.067234
1.541513
2.071589
0.154531
-3.513487
-1.722153
-1.341489
-1.719245
-0.558788
-0.035718
0.095264
0.149538
0.172890
0.872473
-0.405795
-1.544215
0.505154
1.909670
1.156679
1.511483
2.074346
1.543295
2.154254
0.039205
-3.571569
-1.939516
-1.378638
-1.662339
-0.492155
0.037760
0.101702
0.059517
0.019339
0.767954
-0.233348
-1.472076
0.540282
2.045164
1.179668
1.653757
2.137411
1.517587
2.088209
0.217633
-3.528739
-2.530839
-1.609008
-1.576046
-0.583891
-0.170001
-0.077060
0.026592
0.169111
0.977102
-0.388529
-1.676133
0.375705
1.622826
0.370399
1.145362
1.657593
1.348010
1.900809
0.164184
-3.504325
-1.399250
-1.547203
-1.722657
-0.530133
0.009338
0.204564
0.459136
0.655896
1.335434
-0.339302
-1.525589
0.596289
1.876772
1.225758
1.532244
2.030091
1.482344
2.116238
-0.078200
-3.533219
-2.006434
-1.666327
-1.768093
-0.559569
-0.052895
0.017024
0.043117
0.091541
0.884461
-0.298181
-1.601064
0.472618
2.220924
1.097108
1.649988
2.081926
1.530066
2.114444
0.399808
-3.514584
-2.490830
-1.889870
-1.907394
-0.860811
-0.482899
-0.434679
-0.217792
0.057063
0.924567
-0.577141
-1.885213
0.159990
1.160231
-0.130846
0.894316
1.622163
1.436583
1.849052
0.394970
-3.381884
-0.791224
-1.626551
-2.061799
-0.935149
-0.319945
-0.026898
0.382816
0.703256
1.294329
-0.357880
-1.548404
0.665168
1.902732
1.356204
1.745304
2.178983
1.840926
2.406685
-0.369394
-3.461193
-1.648194
-1.846976
-1.830673
-0.508597
0.008497
0.018711
0.027267
0.131381
0.809671
-0.434036
-1.534238
0.640282
2.128076
1.518351
1.955547
2.337803
1.567350
2.174844
-0.340614
-3.536740
-1.807128
-1.438480
-1.834010
-0.593231
-0.007427
0.070640
0.043151
0.018686
0.737943
-0.436855
-1.598828
0.480694
2.347015
1.336421
1.802035
2.218672
1.665441
2.296115
0.197069
-3.592257
-1.291249
-2.624808
-2.386465
-1.267950
-1.053976
-0.890713
-0.396107
0.283229
1.254810
-0.714472
-1.955634
-0.011084
0.865394
-0.621377
0.527055
1.616737
1.668788
1.923356
1.022367
-3.168731
-0.275295
-1.605947
-2.458500
-1.384805
-0.501568
0.103357
0.721158
1.064911
1.502491
-0.582893
-1.128746
1.068545
2.903618
2.409201
2.618604
3.125264
2.606930
3.278990
0.175204
-3.350348
-3.903322
-0.599076
-0.946855
0.182564
0.736527
0.599585
0.008681
-0.486006
0.237832
-0.074557
-1.246259
0.661786
2.095833
1.586100
1.755984
1.925697
1.219640
1.756146
0.311917
-3.592581
-4.593005
-0.751329
-1.249248
-0.519028
-0.171993
-0.056416
-0.072163
0.018533
0.892510
0.115735
-1.258810
0.699982
1.936270
1.365473
1.794290
1.967134
1.302270
1.742412
0.153331
-3.322237
-3.836427
-1.856715
-1.737550
-1.071439
-0.907888
-0.729982
-0.490116
-0.063388
0.911117
-0.112788
-1.366152
0.645637
1.787714
1.012967
1.516862
1.846712
1.214230
1.649688
-0.167184
-3.318218
-1.253928
-1.439306
-2.465646
-1.626620
-1.167179
-0.868301
-0.525724
-0.177389
0.665377
-0.125552
-1.447550
0.524554
1.814765
0.905761
1.336999
2.016345
1.528279
1.946232
0.039823
-3.344950
-0.766731
-1.414521
-2.157648
-1.150410
-0.573463
-0.365397
-0.108397
0.129109
0.741412
0.059870
-1.279290
0.791525
2.099995
1.562678
1.959774
2.352421
1.828245
2.283817
-0.008877
-3.480306
-2.602573
-1.637678
-1.870795
-0.785729
-0.379202
-0.350330
-0.344009
-0.212277
0.499734
-0.175536
-1.472284
0.563454
1.978328
1.235627
1.747893
2.231848
1.698651
2.092795
0.601566
-3.308759
-2.804073
-1.070776
-1.641882
-0.580778
-0.125929
-0.030881
-0.066091
-0.102597
0.556293
-0.357599
-1.597872
0.390894
2.044988
1.030706
1.343394
2.050981
1.607935
2.144565
0.205979
-3.477116
-3.005502
-1.483774
-1.911394
-0.866878
-0.503870
-0.445757
-0.398247
-0.194820
0.634572
-0.169224
-1.481018
0.455014
1.650395
0.572472
1.371297
2.018101
1.473832
1.848475
0.224455
-3.402061
-2.031136
-1.880731
-2.101211
-1.116670
-0.585346
-0.315880
0.156763
0.595624
1.258581
-0.258494
-1.574427
0.506835
1.863144
1.067303
1.525566
2.134640
1.930125
2.277541
0.249751
-3.352014
-1.120515
-1.647846
-1.963245
-0.856319
-0.296007
-0.162960
-0.101629
-0.033674
0.550923
-0.268338
-1.598524
0.513284
2.080285
1.403159
1.808162
2.321870
1.887669
2.337224
0.012143
-3.506147
-2.835596
-1.530768
-1.889889
-0.767116
-0.328407
-0.305433
-0.352879
-0.265191
0.446013
-0.169779
-1.472136
0.543863
2.241451
1.401658
1.881012
2.464145
1.794054
2.219133
0.156651
-3.443532
-2.683890
-1.482580
-1.975797
-0.942411
-0.526711
-0.424879
-0.334532
-0.134533
0.626021
-0.434331
-1.708425
0.276015
1.528348
0.642247
1.100421
2.000832
1.628236
2.041546
0.143463
-3.399149
-1.139671
-1.881486
-2.169290
-1.036138
-0.451060
-0.188867
0.192628
0.567532
1.193048
-0.173470
-1.570291
0.514808
2.311417
1.448210
1.878978
2.456599
2.167884
2.531382
0.258281
-3.337693
-2.640912
-1.531885
-1.638095
-0.495292
-0.010012
0.063905
-0.046460
-0.117379
0.482885
-0.125992
-1.415584
0.654778
2.556887
1.880986
2.169546
2.603017
1.833119
2.435389
0.123013
-3.386818
-3.860597
-1.717808
-1.720097
-0.625010
-0.363699
-0.308142
-0.294342
-0.004604
0.882388
-0.117799
-1.453485
0.541089
1.982210
1.129399
1.606123
2.092057
1.339892
1.808937
-0.106899
-3.316283
-0.812738
-2.344824
-2.841127
-1.961498
-1.638896
-1.274856
-0.643318
0.080711
1.121360
-0.461176
-1.887263
-0.059666
0.874351
-0.445613
0.370923
1.710406
1.810194
2.044624
0.761958
-3.082205
-0.103149
-1.605076
-2.731859
-1.698892
-0.778637
-0.113122
0.652306
1.265465
1.735025
0.423317
-0.905799
1.184441
3.077387
2.778794
2.968636
3.475087
2.816258
3.263634
0.190886
-3.261160
-2.863389
-1.167280
-1.460106
-0.247181
0.082410
0.022543
-0.353391
-0.456488
0.321815
-0.091404
-1.169008
0.546896
2.207909
1.525613
1.622953
1.766552
0.946422
0.859496
1.109214
-3.457205
-5.018557
-2.133814
-2.218582
-1.377955
-0.963274
-0.626886
0.080331
0.972986
2.271777
0.297844
-0.467277
-0.000371
1.299978
1.191398
1.347500
1.931169
1.542362
1.853858
1.778710
-3.135147
-2.272127
-1.943798
-2.539374
-1.788708
-1.263533
-0.757780
-0.230368
0.273571
1.253974
0.054826
-0.456319
-0.021135
1.591670
1.519456
1.621747
2.192718
1.628481
2.101460
1.944463
-3.215845
-3.790509
-1.805908
-2.292442
-1.554216
-1.097075
-0.827188
-0.622841
-0.272692
0.865472
0.038173
-0.715934
-0.313877
1.571740
0.968825
1.403919
2.185325
1.685997
2.021083
2.315196
-3.246056
-1.936467
-1.457110
-2.283936
-1.422876
-0.820547
-0.387597
0.009956
0.363637
1.221587
0.211131
-0.513765
-0.094063
1.848772
1.684183
1.701211
2.360329
1.922378
2.362395
2.360339
-3.260148
-4.167029
-1.612920
-1.943532
-1.093632
-0.641636
-0.414282
-0.313671
-0.044076
0.985907
0.260154
-0.490033
-0.105665
1.697778
1.477264
1.797915
2.389866
1.681496
2.012142
2.116535
-3.273309
-3.880572
-1.872846
-2.473489
-1.802911
-1.420892
-1.083140
-0.668066
-0.097323
1.210632
-0.011061
-0.851803
-0.505904
1.250452
0.364302
0.956374
1.661026
1.626633
1.763984
1.785976
-2.964490
-1.703300
-1.837662
-2.648042
-1.835538
-1.060330
-0.383615
0.480491
1.299415
2.223390
0.611622
-0.027683
0.222547
2.103023
2.739464
2.541515
3.057971
2.497838
2.862474
2.323288
-3.309707
-3.632619
-1.830166
-2.428151
-1.626118
-1.200700
-0.993047
-0.789029
-0.329752
0.954889
-0.063106
-0.800701
-0.451591
1.786864
1.179865
1.492480
2.049599
1.454171
1.701515
1.911953
-3.093391
-1.794552
-1.679156
-2.510643
-1.739724
-1.082323
-0.481766
0.227121
0.881927
1.782008
0.007865
-0.524410
-0.282302
1.551992
1.684397
1.529531
2.043395
1.770221
2.213256
2.785099
-3.167572
-3.343200
-1.419409
-2.120476
-1.220997
-0.595691
-0.309702
-0.098164
0.239188
1.215595
0.007110
-0.626261
-0.349615
1.823059
1.735016
1.814887
2.419319
1.769697
1.954148
2.381823
-3.371179
-4.350952
-1.793465
-2.299009
-1.585141
-1.102052
-0.783466
-0.502719
0.016045
1.233434
-0.004381
-0.740531
-0.498812
2.180389
1.418597
1.540602
2.236454
1.707929
1.990424
2.275115
-3.202261
-3.210876
-1.788931
-2.442049
-1.700246
-1.174730
-0.688118
-0.177428
0.386746
1.404468
-0.173059
-0.820866
-0.596783
1.892679
1.085219
1.144473
1.907000
1.835024
2.181608
2.286341
-3.142010
-3.612168
-1.538437
-2.181838
-1.314193
-0.656317
-0.195231
0.191286
0.624374
1.438195
0.134048
-0.421669
-0.251922
2.003793
2.236534
2.121374
2.689655
2.014906
2.042488
2.681068
-3.506938
-4.677341
-1.852507
-2.076390
-1.159228
-0.575895
-0.302842
-0.154314
0.207468
1.291707
0.031913
-0.608788
-0.440937
1.379468
1.335577
1.580207
2.189359
1.473319
1.277850
2.415912
-3.234339
-3.872185
-1.972871
-2.419420
-1.704559
-1.262520
-0.852238
-0.313204
0.431007
1.709245
-0.079454
-0.902201
-0.740704
1.199019
0.377442
0.730389
1.495757
1.554687
1.735647
1.933314
-2.978164
-1.515351
-1.778154
-2.580877
-1.733002
-0.986476
-0.275477
0.627777
1.546002
2.480229
0.260336
-0.155498
-0.126811
2.166602
2.632096
2.421638
2.954943
2.346458
2.576007
2.590820
-3.240019
-3.582394
-1.195395
-2.128119
-1.333132
-0.648702
-0.321700
-0.267803
-0.078690
0.931525
-0.061321
-0.507764
-0.468002
1.517304
1.706997
1.610372
1.981636
1.237035
0.952891
1.937356
-3.326967
-4.613645
-1.969547
-2.275520
-1.484905
-0.916978
-0.525742
-0.028877
0.690842
1.998504
0.192330
-0.665051
-0.539684
1.439526
1.297987
1.310679
1.998176
1.467507
1.519559
2.042426
-3.174989
-3.067968
-1.861432
-2.392737
-1.699788
-1.139768
-0.579767
0.054245
0.746723
1.770579
-0.855456
-0.836206
-0.824155
1.493288
0.929604
0.849336
1.620413
1.593457
1.996159
2.381809
-3.112192
-3.612879
-0.903077
-1.910090
-1.104697
-0.246570
0.304794
0.488939
0.508480
1.068874
0.353617
-0.605277
-0.649815
1.982879
2.338100
1.816267
2.336728
1.585646
1.468880
2.353324
-3.461264
-5.217668
-0.906147
-1.689860
-1.016831
-0.179845
-0.063983
-0.326987
-0.476899
0.595225
-0.482474
-1.115509
-1.174772
1.273597
0.879946
1.091452
1.869590
1.281867
0.842610
1.794438
-3.157052
-3.594931
-1.471198
-2.229013
-1.264673
-0.466686
0.102912
0.537296
0.864914
1.584208
0.684238
-1.001726
-1.146902
1.225871
0.617242
0.617760
1.772843
1.738211
2.300151
2.636838
-3.199732
-3.620310
-0.989600
-2.169905
-0.891187
-0.003856
0.371696
0.413249
0.339850
0.984353
0.168949
-1.087755
-1.208728
1.429343
1.263481
1.163933
2.190237
1.723166
1.685109
2.671569
-3.471765
-4.181190
-1.674730
-2.600379
-1.338551
-0.500901
-0.145266
0.190223
0.704400
1.818795
-1.011418
-1.290590
-1.182408
1.307570
0.686077
0.955184
1.807428
2.250777
2.596858
2.805271
-3.037740
-3.585043
-1.624100
-2.582934
-1.579757
-1.359577
-0.786141
-0.099101
0.701086
2.066364
0.482199
-0.356899
-0.500076
1.867987
1.653551
1.898742
2.644272
2.396217
2.185420
3.059426
-3.057102
-3.973257
-1.529454
-2.120591
-1.725381
-1.122985
-0.496778
0.005929
0.523210
1.594353
-0.239862
-0.329704
-0.567523
1.503769
1.666009
1.556661
2.202458
1.903518
1.640018
2.487996
-3.031720
-4.262019
-1.602619
-2.489942
-2.083418
-1.582720
-1.060606
-0.469047
0.370623
2.014171
0.523236
-0.474460
-0.724889
1.146658
0.648320
1.196767
1.999489
1.848728
1.980819
2.616508
-2.671565
-3.716294
-1.361985
-2.341846
-2.090373
-1.512532
-0.775357
0.042639
0.858740
2.036644
-1.413922
-0.461315
-0.685900
1.434234
1.079225
1.003267
1.731056
1.746826
1.965189
2.691812
-2.915678
-3.921283
-1.458562
-2.239001
-1.769298
-1.206878
-0.623409
-0.040265
0.639911
1.924050
-0.289248
-0.418033
-0.814602
1.687546
1.248697
1.234278
2.012598
1.885062
1.824814
2.431630
-2.931475
-3.995164
-1.331957
-2.214236
-1.846588
-1.186525
-0.519029
0.152202
0.870200
2.047698
-1.427971
-0.292455
-0.657210
1.317055
1.378680
1.340364
2.023546
1.826778
1.660231
2.725842
-2.892154
-3.568528
-1.035361
-2.031127
-1.650916
-1.047290
-0.450177
0.083267
0.719576
1.923285
-0.786888
-0.208916
-0.628337
1.362842
1.458118
1.414592
2.029810
1.691627
1.359696
1.942313
-2.968894
-3.788410
-1.148427
-2.190874
-1.933710
-1.321909
-0.682778
-0.023600
0.774085
2.118917
-0.325800
-0.247963
-0.717912
1.175043
1.255130
1.222289
1.876151
1.628716
1.310650
1.847171
-2.931628
-3.906813
-1.269724
-2.147032
-1.911259
-1.193146
-0.455027
0.231243
0.948886
2.049683
-0.187986
-0.237516
-0.596437
1.591244
1.636206
1.287825
1.974422
1.661425
1.287131
1.732112
-2.888484
-3.353045
-1.139575
-2.136012
-2.017608
-1.412595
-0.822190
-0.295250
0.315938
1.532485
0.596721
-0.189985
-0.536976
1.453280
1.690110
1.548753
2.136664
1.777972
1.246773
1.748407
-2.953800
-3.371020
-1.038422
-2.298915
-2.037620
-1.520963
-0.952152
-0.332462
0.387001
1.684201
0.672208
-0.216023
-0.522406
1.454407
1.635464
1.497665
2.101980
1.824268
1.456223
2.337466
-2.747288
-3.123121
-1.222526
-2.354599
-1.911855
-1.572222
-1.007373
-0.351225
0.407928
1.663385
0.755585
-0.138884
-0.286870
1.573668
1.871986
1.663240
2.197864
1.835693
1.292964
2.028154
-2.839028
-3.491281
-1.417898
-2.470585
-2.127994
-1.704678
-1.144542
-0.466047
0.320284
1.695426
0.612842
-0.272663
-0.477686
1.571064
1.337891
1.471092
2.200432
1.945009
1.727279
2.398701
-2.706445
-3.781878
-1.321250
-2.491653
-2.293903
-1.846264
-1.233421
-0.556364
0.167613
1.509708
0.618907
-0.333044
-0.541273
1.494982
1.035556
1.075493
1.821654
1.916690
2.204127
2.737460
-2.691135
-3.603081
-1.307898
-2.466723
-2.302406
-1.840052
-1.312520
-0.673240
0.010545
1.394388
0.538712
-0.356996
-0.612334
1.563836
0.736250
0.916380
1.777705
2.055276
2.338388
2.818077
-2.584382
-3.636429
-1.375361
-2.584144
-2.303782
-1.795388
-1.236351
-0.495283
0.297927
1.667341
0.656628
-0.260447
-0.464852
1.939217
1.025451
1.129992
1.967262
2.285999
2.607354
2.915215
-2.723625
-3.408152
-1.203996
-2.416097
-1.957873
-1.459921
-0.945924
-0.241502
0.500118
1.568829
-0.332546
-0.577200
-0.613132
1.415599
0.463884
0.614607
1.335690
1.799188
2.083501
2.733426
-2.770131
-2.803326
-0.489766
-1.852172
-1.123087
-0.424120
0.135134
0.692455
1.153300
1.725215
0.860752
-0.548346
-0.568781
1.868654
1.874779
1.617365
2.212286
1.822274
1.955578
2.192487
-3.287196
-3.433524
-1.062672
-1.881230
-1.074637
-0.428221
-0.072520
0.098008
0.387760
1.304526
0.380394
-0.293644
-0.377724
1.878128
2.118957
1.828303
2.292462
1.620549
1.177753
1.611940
-3.389682
-3.990443
-2.336180
-3.104182
-2.411055
-2.148607
-1.739987
-0.720248
0.536503
2.280154
-0.015702
-1.032129
-1.174996
0.644082
-0.658720
-0.253757
1.140131
1.885358
1.966967
3.470709
-2.207288
-0.894565
-1.629765
-3.127005
-2.654184
-1.637211
-0.543497
0.739691
1.896304
2.757188
1.860760
-0.071529
0.251544
2.102915
2.461577
2.155027
2.927786
2.534538
2.894393
2.423388
-3.185865
-3.053209
-0.886971
-1.756744
-0.987690
-0.367523
0.013080
0.130074
0.311788
1.120898
0.464641
0.092635
-0.029596
1.910195
2.209548
1.924633
2.153366
1.413760
1.210053
1.562440
-3.255604
-4.499414
-0.953822
-1.796250
-1.428084
-0.860182
-0.421160
0.054925
0.658571
1.932892
0.243028
-0.264945
-0.359090
1.236971
1.220917
1.214323
1.659636
1.044152
0.718087
1.596963
-3.071133
-4.139275
-1.707991
-2.646276
-2.182420
-1.835175
-1.306333
-0.432178
0.571918
2.118852
0.316409
-0.651722
-0.561396
1.665249
0.203214
0.422296
1.255858
1.382323
1.615415
2.054821
-2.750210
-1.551820
-1.591441
-2.890803
-2.377023
-1.720811
-0.908005
0.192926
1.251646
2.328716
0.778625
0.021405
0.104729
1.921287
1.983543
1.808556
2.258180
1.926614
2.239142
2.213799
-3.095454
-3.423499
-1.451472
-2.146141
-1.311400
-0.668405
-0.165651
0.364486
0.885999
1.769111
0.474838
0.068838
0.169811
1.881836
2.269302
2.146637
2.563199
1.779617
1.507180
1.720207
-3.162431
-4.740954
-2.216760
-2.861112
-2.346633
-2.088213
-1.737268
-0.930440
0.252116
2.149958
0.202383
-0.765807
-0.602287
0.805162
-0.016442
0.569893
1.553050
1.426326
1.524329
2.068014
-2.758613
-0.990996
-2.011795
-3.262263
-2.787609
-1.961640
-0.876483
0.512817
1.718813
2.762355
0.724188
0.240180
0.316857
2.021536
2.384441
2.136285
2.653959
2.219982
2.593631
2.051069
-3.203318
-0.054653
-1.812765
-1.225412
-0.687408
-0.181599
0.182679
0.364509
0.489809
0.577682
0.605087
0.618531
0.598095
0.602369
2.018250
5.189626
0.252144
-0.663906
-0.329573
-0.068167
-0.171317
-0.322902
-0.867932
-0.609653
1.557204
0.487411
1.605104
3.240045
-1.139185
0.535686
-0.661449
-4.417249
-3.873054
-3.096330
-1.999346
-0.467449
0.877073
1.173795
1.115418
8.975611
15.898538
1.663422
-2.246353
-3.481851
0.034688
0.067073
0.971835
1.039507
1.990543
2.577958
5.223169
-1.127321
-3.623287
-3.732782
-1.394262
-0.178862
-0.062072
0.061341
-0.256335
2.942476
-4.529778
1.567227
3.370997
2.217788
-0.640763
0.213026
-0.194119
-1.384962
-1.891420
-2.371416
-1.866398
-4.212576
-2.608393
-5.991009
-5.136721
-3.743178
-2.594985
-0.469930
0.575161
2.613317
1.054950
1.031276
0.225686
-0.284634
-3.535599
-2.520383
-0.663417
-1.458058
-2.764271
-0.083952
-1.101595
-3.826372
-2.014453
-2.162373
-0.771314
1.051224
1.864072
2.327604
2.765949
2.743502
1.202647
-2.184026
-1.141441
0.143783
0.481866
1.604394
4.272459
3.964600
3.704678
6.458730
-0.450839
-3.423569
-4.530330
-4.702773
-2.804287
-1.185519
-0.118832
0.862393
0.625496
2.005427
0.886162
-0.414596
-1.063301
0.054427
-0.344453
0.601065
2.747647
2.418454
3.598823
5.312710
-0.768933
-2.055055
-2.272783
-3.264652
-2.862352
-1.309645
0.929650
1.642709
1.194156
2.263032
1.915780
-1.793842
-0.033950
1.597628
-0.182631
-0.235999
1.932279
3.284410
2.601957
4.140304
-1.633307
-2.550461
-3.077935
-4.866223
-4.555562
-3.519478
-2.002605
0.416205
1.720394
4.308212
3.237962
0.652972
2.911504
2.887389
1.445517
2.301661
4.663641
5.121916
5.082788
6.081312
-4.110435
-5.474960
-5.924855
-6.863087
-7.061830
-5.838698
-4.252000
-0.735139
1.499515
6.043048
5.429056
3.541391
4.882901
1.741268
-1.403845
-0.479147
2.213150
2.400583
2.527657
3.570142
-2.903112
5.323446
-3.866730
-6.862748
-6.838585
-6.139026
-3.750149
-0.126867
0.521562
3.264697
3.693352
1.100901
0.609879
0.246992
-0.792921
-1.798468
1.265516
2.222370
0.551274
1.812411
-0.930016
-2.311201
0.501748
-4.892345
-6.531200
-5.972669
-3.254429
-0.109601
2.403276
6.862931
6.619637
2.236576
3.467845
2.596937
-0.028035
-0.044998
2.262246
2.739422
2.690554
3.807273
-2.478203
0.579346
-4.237818
-7.193357
-7.195145
-6.296262
-3.854225
0.293936
2.077381
6.296254
6.304325
2.428721
2.722459
2.009488
0.010534
-0.456856
2.128808
2.108339
2.033293
3.089239
-2.635422
-1.939334
-3.379087
-7.411928
-7.685628
-6.651128
-4.102598
0.377709
2.027272
5.661348
5.733021
3.496148
2.198642
1.557067
-0.488935
-1.015453
0.973596
1.273951
2.039764
3.192512
-3.025555
-2.259453
-5.087927
-6.494904
-6.774482
-5.942029
-3.477851
0.595151
2.992208
6.858461
6.846314
0.058475
3.558282
2.797943
0.392350
0.453581
2.814651
3.302727
2.746180
4.079300
-3.011249
-0.561307
-3.879207
-7.845998
-8.252792
-7.030715
-4.521746
-0.712488
0.973404
3.987153
4.218711
0.083762
1.800383
1.173007
-1.090632
-1.137164
1.331727
1.846139
2.596470
3.650477
-2.731070
0.455509
-5.056974
-6.696052
-7.290026
-6.542172
-4.785382
-1.045991
1.198792
5.248661
4.750785
2.476080
3.183074
2.487308
0.593872
0.206131
2.399937
2.733064
2.447976
3.855774
-2.455327
-3.586513
-3.516117
-6.492424
-6.808373
-5.962819
-3.671415
0.571830
1.772053
5.158836
5.390031
3.049984
2.088601
1.256655
0.153398
-0.753935
1.599221
2.400487
1.229297
2.576995
-1.995866
-3.474446
-2.696434
-6.645189
-7.534131
-6.567266
-3.920306
0.110048
2.884227
7.127066
6.981137
2.084157
3.239951
2.437735
-0.707672
-0.656432
1.624850
2.195632
2.439737
3.405625
-2.653845
-4.106577
-3.149122
-6.147743
-7.083934
-6.311289
-3.453448
0.233703
1.448976
3.919138
4.576161
2.130645
1.569159
1.057459
-0.363708
-1.244053
1.231313
1.539131
1.395265
2.658159
-2.215921
-3.404128
-1.463302
-6.443197
-7.122531
-6.267055
-3.856206
0.391461
2.943522
7.196849
6.951496
2.058151
2.945882
2.169780
-0.119810
-0.275383
1.693280
2.123089
2.183254
3.192863
-2.268434
-0.022088
-3.347906
-6.861285
-7.211769
-6.295427
-4.041024
0.144606
1.335399
4.516793
4.924519
2.425893
1.538436
1.177836
-0.503821
-0.868202
1.233216
1.549849
1.505645
2.842165
-1.915993
-3.715734
-2.071118
-5.947003
-6.805326
-6.071128
-3.894575
0.037095
1.755933
5.308951
4.974952
2.480937
2.333491
1.818506
0.113940
-0.370510
1.856550
2.418397
2.661916
3.974479
-2.577193
-4.080217
-3.349031
-6.573226
-6.693421
-5.770433
-3.294422
0.473337
1.475891
4.941916
5.297150
2.905759
2.360454
1.883018
0.019997
-0.485579
1.566853
2.265175
2.437351
3.551058
-2.531959
-3.981236
-3.142451
-6.556520
-7.069862
-6.100718
-3.449593
0.260416
2.003923
5.510133
5.651896
1.624264
2.601620
1.950702
-0.092960
-0.509585
1.659329
2.216886
2.554736
3.902715
-2.740931
-4.594959
-3.756034
-6.149968
-7.464839
-6.248882
-3.368670
0.193272
2.260840
6.369714
6.297589
1.485089
3.541647
2.733719
0.020248
-0.004777
2.707805
3.293933
3.101883
4.314521
-2.914328
-4.083509
-3.687357
-6.906758
-8.125683
-6.642008
-4.416918
-0.735071
0.737359
3.445685
4.378421
0.231759
2.073568
1.251660
-1.077365
-1.194206
1.248889
1.824478
2.379485
3.533752
-2.730563
-4.026596
-4.480733
-5.720892
-7.383633
-6.770614
-5.165893
-1.265296
0.875234
5.033214
4.643694
3.024090
4.008464
3.006178
0.904652
0.469433
2.947537
3.676230
3.309900
4.865181
-2.752146
-4.065003
-2.922318
-6.229831
-7.014241
-5.906461
-3.336059
0.270172
1.363427
4.787786
5.171387
2.878493
2.420866
1.910203
0.320719
-0.661809
1.312217
2.195486
2.501152
3.677754
-2.668418
-4.227180
-3.291188
-5.714953
-7.533350
-6.703506
-3.659825
-0.613827
1.674987
6.084435
6.046556
3.359638
4.078713
3.169609
1.184553
0.335730
2.640982
3.705999
3.388955
4.446342
-3.236162
-4.270396
-2.910621
-7.893005
-7.958924
-6.664619
-2.950937
0.066866
1.430686
5.011767
6.171772
1.345630
2.479886
1.704419
-0.956216
-1.274966
0.882905
1.501026
2.163258
3.290768
-2.976118
-4.486233
-5.048523
-5.412826
-7.801717
-7.085938
-4.015090
-0.452405
1.151212
4.972115
5.546686
1.812717
3.252455
2.514544
0.445475
-0.241813
1.776134
2.567284
2.184387
3.487806
-3.106714
-4.478229
-4.207715
-6.444236
-7.514555
-6.486517
-3.620399
0.321692
1.697445
4.992982
5.559708
3.368757
2.288638
1.573249
-0.439039
-1.175664
0.936674
1.561560
1.684757
3.326884
-2.701492
-4.131325
-3.822263
-5.051968
-7.042715
-6.242716
-3.812012
-0.216033
1.498556
4.798472
4.735920
2.432479
2.594695
2.111267
0.082063
-0.378399
2.078188
3.063379
2.758973
4.096722
-2.824248
-4.064737
-3.771348
-4.968370
-6.539614
-4.947983
-2.675222
0.368795
1.136026
3.683895
4.346635
1.990595
1.908506
1.248418
-0.018712
-0.776528
0.977427
2.535838
2.257678
3.652251
-2.961628
-2.322523
-5.645909
-6.379939
-6.928113
-5.851660
-3.503136
-0.222808
2.070590
6.101594
5.772929
3.615164
2.839448
2.373491
0.325045
0.088104
2.437273
2.947540
2.713382
4.190705
-2.864002
-3.955925
-2.811906
-3.024236
-7.109461
-4.536551
-1.936696
0.737426
1.526026
2.004742
4.409356
4.139106
2.190106
1.846799
0.934678
-0.316113
1.708384
2.632332
2.061543
3.353706
-2.999749
-4.271972
-2.468420
-5.212118
-7.876450
-7.074847
-4.569237
-0.881724
1.337320
3.602849
5.630062
2.596015
3.554388
2.470992
1.158190
0.000153
1.810321
2.881758
2.142650
3.198426
-3.087306
-5.002988
-1.880232
-4.367382
-7.894851
-6.742575
-3.942090
-0.448777
1.248204
1.762889
4.434531
3.880281
1.879302
1.117239
0.330440
-1.088329
0.439996
1.611193
1.533600
2.762169
-2.879931
-4.367447
-2.249783
-4.484719
-7.119727
-6.374972
-4.385030
0.116150
2.354814
4.164619
5.818320
5.468127
2.681650
1.970399
1.217836
0.162763
2.370911
2.687125
1.606664
3.014321
-2.724971
-4.022830
-0.808564
-4.459044
-7.686929
-6.940823
-4.659223
-0.976343
0.870015
1.625493
3.765141
2.926534
1.789022
1.153342
0.279961
-1.194589
0.474055
1.944087
1.940494
3.195587
-2.661716
-4.289684
-2.246832
-4.186919
-6.962594
-6.249395
-4.080125
-0.159416
1.013188
2.063004
4.179803
3.530650
1.895332
1.171074
0.334720
-0.786338
1.244234
1.996612
1.005885
2.628138
-2.366280
-1.897201
-1.272334
-4.329384
-6.699724
-5.599999
-3.522101
0.315832
2.532745
4.215514
5.626000
4.936094
2.572061
1.944814
0.775702
0.029895
1.790647
3.011312
2.020073
3.341119
-2.889175
-4.162754
-2.236083
-3.157772
-7.037868
-5.865499
-3.332335
-0.267723
1.175255
1.662625
3.841801
3.071090
2.293548
1.636709
0.932011
-0.349282
1.551784
3.061532
2.293972
3.545556
-2.802838
-4.399813
-2.391976
-3.120736
-6.904791
-5.963038
-3.442413
-0.280926
0.658366
1.205085
3.746995
3.052181
2.115817
1.334017
0.547346
-0.871269
0.790440
2.212613
1.717023
3.201252
-2.525738
-2.353376
-2.065778
-4.353190
-7.108220
-6.219088
-4.118322
-0.150484
1.875409
3.539678
5.349944
4.968173
2.563356
1.797504
0.966911
-0.317631
1.421758
2.427452
1.621996
3.022015
-2.752452
-1.221416
-2.163511
-5.278123
-7.347113
-6.267759
-4.070891
0.130792
2.217067
3.704656
5.653944
5.143102
2.399352
1.727934
0.768566
-0.565792
1.046401
2.265777
1.600354
2.875803
-2.981455
-4.579926
-2.445824
-3.998679
-7.397047
-6.486299
-4.261422
-0.507968
1.503986
3.418593
5.094429
4.651685
2.786361
2.119755
1.282623
-0.035604
1.886886
3.254308
2.260561
3.732501
-2.768313
-1.866763
-1.793129
-4.676681
-7.534781
-6.838049
-4.672673
-1.192086
0.349469
0.739557
3.097529
2.292789
1.680405
0.999195
-0.082507
-1.300042
0.285906
1.743797
2.303437
3.652026
-2.690823
-3.530024
-2.255340
-3.684800
-6.725335
-5.790610
-3.781954
-0.132914
2.059330
3.778504
5.570034
5.091428
3.159779
2.573180
1.738731
0.443297
2.311451
3.803120
2.692883
4.330324
-3.056703
-5.022785
-2.992989
-3.972688
-7.397706
-6.432440
-3.309267
-0.067499
1.359250
1.955531
4.360889
3.825749
1.927772
1.322993
0.155702
-0.897748
0.749035
2.203755
2.166937
3.597984
-3.274040
-3.860649
-2.906800
-3.454568
-7.167773
-6.067074
-4.009811
-0.000314
1.547924
2.358312
4.541045
4.174727
2.488395
1.824530
0.965010
-0.376833
1.422701
2.974577
2.054055
3.686485
-3.183023
-4.639812
-3.187484
-2.490440
-7.170656
-5.975949
-3.630513
-0.328727
1.200879
2.525583
4.451831
3.910193
2.737145
2.074656
1.448497
0.076488
2.073988
3.725130
2.809568
4.226990
-3.042881
-4.010937
-2.820177
-5.250422
-7.594592
-6.469120
-4.288996
-0.976532
0.182861
0.723099
3.368886
2.788278
2.401001
1.633112
0.287410
-1.091568
0.851598
2.594765
2.774294
4.219247
-3.067246
-5.126309
-2.881948
-3.470150
-6.831044
-5.752777
-3.237745
0.093925
1.953580
3.645302
5.581106
5.350404
2.786572
2.216055
1.707459
0.395047
1.838207
3.183313
2.204244
3.638925
-2.986478
-4.982920
-2.610629
-4.040062
-7.538573
-6.722985
-4.411452
-0.689746
0.991060
1.923745
4.369081
3.888351
1.995567
1.218938
-0.420233
-1.513325
0.423919
1.857480
2.490479
3.957937
-3.316501
-5.109970
-3.320338
-3.208704
-6.860188
-5.785907
-3.018204
0.261157
0.880673
2.003533
4.144341
3.847966
1.042238
1.484144
0.804990
-0.528247
1.198766
2.623056
0.727759
2.514826
-2.665609
-3.617408
-1.585391
-5.019062
-6.783207
-5.233521
-3.215403
0.753115
2.859103
4.273901
5.871156
4.864072
1.726238
1.429316
0.788703
-0.294738
1.079480
2.472689
1.527960
3.002386
-3.131803
-4.767344
-2.485812
-4.022628
-7.108586
-5.765018
-3.627638
0.219029
1.882162
3.267782
4.966143
4.415511
2.093106
1.648442
1.202029
-0.147443
1.718273
3.239974
2.346393
3.915241
-3.123381
-0.333010
-3.376647
-3.073222
-7.713903
-6.610541
-4.450301
-0.906394
0.786468
1.682930
3.810665
3.209028
1.999460
1.319396
0.018571
-0.918432
1.200416
2.670484
2.339156
3.700637
-3.131114
0.324192
-3.638532
-2.478476
-7.079357
-5.892413
-3.965952
-0.666812
1.071952
2.306360
3.900350
3.310579
2.164831
1.843096
1.247352
-0.356135
1.664024
3.200100
2.297420
3.987579
-2.744250
0.011944
-2.645061
-3.258999
-7.011397
-5.673316
-3.705728
-0.356823
1.553568
2.848296
4.329972
3.586654
2.113624
1.681031
0.545475
-0.225154
1.820464
3.279405
2.636827
3.967478
-3.050987
0.365784
-3.421213
-3.678404
-7.108234
-5.889079
-3.866854
-0.287838
1.506685
2.633492
4.184584
3.521220
1.816750
1.239183
-0.001893
-0.729503
1.309869
2.765245
1.952978
3.345631
2.907714
1.553030
-3.713067
-2.852261
-6.430061
-5.180222
-3.226245
0.347644
1.369149
1.618089
3.763274
2.868562
0.814146
0.805859
0.420218
-1.279411
0.843768
2.005569
1.549536
3.164104
3.370636
-0.641554
-2.405113
-2.639439
-6.550264
-5.298552
-3.335188
-0.562752
1.382543
2.164944
3.937433
2.765948
1.627885
1.806870
0.348327
-1.107299
1.541951
2.708769
2.432291
3.958375
3.539004
-3.031713
-2.187635
-4.383377
-5.989188
-4.710883
-3.035454
-0.109024
0.392483
0.703932
2.820269
1.916361
1.313033
1.205656
0.827114
-0.931802
0.961129
2.388253
2.051386
3.478012
2.655143
1.407363
-2.983649
-4.078437
-6.164095
-4.781039
-3.107905
0.564477
2.518710
3.514466
5.476570
4.703271
1.783567
2.194331
0.529461
-0.873573
1.500084
2.547560
2.102606
3.537660
3.223855
1.209969
-3.294071
-3.220599
-6.442686
-5.453260
-3.145277
0.273867
1.302161
1.686783
3.956329
3.152342
0.601724
0.626360
0.391448
-1.327839
0.455788
1.681778
1.421274
2.770211
3.191266
0.143257
-2.381302
-3.330576
-6.479633
-5.561307
-3.673933
-0.364735
1.470292
2.406330
4.237660
3.238060
1.296739
1.662299
0.837789
-1.196903
1.527418
2.648592
2.428956
3.853052
3.547155
-0.570678
-3.129622
-4.240554
-6.371455
-5.472530
-3.672585
-0.412359
1.006672
1.805872
3.608447
2.649716
1.117945
1.286934
0.567505
-1.349413
1.406691
2.547495
2.240300
3.618083
3.309404
1.252284
-3.049864
-2.687115
-6.721111
-5.137459
-3.575477
-0.654701
1.416878
2.140722
4.027966
3.064258
1.287039
1.644197
0.036386
-1.692001
0.919598
2.121833
2.364447
4.016816
3.366252
-3.309209
-2.767751
-3.680347
-6.202636
-4.687277
-3.250273
-0.023012
0.837120
0.827803
2.770935
1.832184
1.310682
1.271636
0.676947
-1.134314
0.733062
2.312103
2.146796
3.486613
2.605567
1.472537
-3.349739
-3.122638
-5.890146
-4.389645
-2.732558
0.415239
2.198908
2.795158
4.636928
3.650588
1.337926
1.788720
0.295658
-1.253991
1.275600
2.451188
2.140932
3.535340
3.133698
-2.026779
-3.318182
-5.125628
-6.100796
-4.376886
-2.865690
0.382028
0.608492
0.659099
2.754343
1.965378
0.441369
0.256834
0.682384
-1.179562
0.264387
2.022621
0.997957
2.958402
3.139815
1.082861
-2.772856
-3.185507
-5.566151
-4.434923
-2.739707
0.424818
2.422077
3.481680
5.042781
3.392272
1.116287
1.432678
0.844155
-0.466466
1.927180
3.099123
2.596853
4.002158
2.870458
-1.807632
-2.942415
-4.596910
-6.536654
-5.344392
-3.405003
-0.160241
1.062750
1.643475
3.639611
2.843144
1.648864
1.835694
0.665551
-1.384276
1.573865
2.903665
2.743764
4.053633
1.875234
-1.155285
-3.818779
-5.340020
-6.875944
-5.186749
-3.307650
-0.830099
1.048271
2.235779
3.979363
3.375074
2.661727
2.775271
1.328616
-0.601550
2.855344
4.153133
4.020741
5.557571
2.166987
0.647756
-4.662485
-5.783362
-7.505880
-5.949702
-3.491587
-1.023298
0.300179
0.829670
3.269689
2.596851
1.332400
1.295753
0.062633
-1.526844
0.804256
2.160193
2.378586
3.698682
3.298035
-1.550982
-2.996943
-0.491060
-6.282607
-5.643637
-3.667810
-0.672135
1.219897
2.898006
5.045673
4.413043
2.798635
1.115595
2.288685
0.417607
2.425123
4.292740
4.078547
4.649214
2.125917
-4.967610
-4.419435
-3.411639
-9.000583
-7.496693
-6.059310
-2.372867
0.183919
2.836396
5.551563
4.023190
3.733301
3.430336
0.754695
-1.357388
0.362028
2.133448
2.490492
3.481504
1.941050
-3.489583
-2.834838
-1.306021
-6.410229
-5.461255
-2.936680
-0.557416
0.566005
2.134153
4.713670
4.668027
1.742791
2.573836
1.455654
-0.453958
0.647014
2.268583
1.609368
3.360310
2.408660
-4.337134
-2.435413
-4.620241
-7.875954
-7.140375
-5.428402
-0.812138
2.124910
4.070551
6.872830
6.590834
2.863071
2.901991
0.778612
-1.045449
0.321406
1.670110
0.964313
2.157485
1.765599
-0.045985
-4.009713
-3.040837
-7.711930
-6.688950
-4.776644
-0.408141
1.726177
3.143495
5.408178
5.291924
2.009582
1.872128
0.884680
-0.954758
0.672467
2.159140
1.608218
2.965812
2.357224
0.882197
-4.295286
-3.856205
-7.165889
-6.405026
-4.405331
-0.718058
1.044776
2.274764
4.435766
4.050219
2.275841
2.266588
0.870856
-0.856679
1.394270
3.075487
2.770227
3.875614
2.023330
0.791295
-4.096938
-4.389582
-6.956838
-6.189991
-4.134688
-0.773201
0.693756
0.901598
3.724776
3.244992
1.929883
1.794306
-0.018444
-1.969193
0.739526
2.288490
2.358514
3.508998
1.624638
0.545642
-4.397650
-4.011598
-6.364726
-5.368049
-3.513338
-0.310724
1.066394
1.320106
3.434593
2.902812
1.697528
0.677102
1.049503
-1.051798
1.080641
2.944488
2.260836
3.836298
2.304173
0.952299
-4.283022
-3.539843
-6.237857
-4.717009
-3.212451
0.178341
1.741385
2.628830
4.455581
4.023138
2.009238
1.325988
1.495411
-0.104786
2.504595
3.906886
3.335281
5.123053
2.553458
-0.348825
-4.409931
-5.647818
-8.159705
-6.859966
-4.353511
-1.736046
0.603683
1.043126
3.601610
3.191068
2.342485
2.860078
0.934217
-1.264635
0.466688
2.008759
2.327366
3.623165
1.012730
0.609425
-0.322423
-2.338548
-7.355497
-5.932901
-4.883744
-1.823042
1.002723
2.880301
4.711002
4.036056
2.789266
2.354121
0.559690
-1.622093
0.587692
2.007258
1.847088
3.673976
2.140975
0.375974
-3.777603
-3.051412
-6.126876
-4.837274
-2.846454
0.992514
2.906612
4.333989
6.810261
6.323146
1.522812
0.335177
1.841876
0.333343
1.960887
3.539211
2.358575
4.435748
3.051026
1.319266
-3.042349
-5.053757
-8.705256
-7.509287
-5.233036
-1.645764
1.274184
3.690776
6.071380
5.859411
3.260527
3.340937
0.250879
-1.061666
0.620993
2.120355
1.447001
2.774157
1.646718
0.450073
-4.697946
-3.048311
-7.884140
-6.941359
-4.587409
-0.802468
1.422812
3.398490
5.685228
5.620080
2.962897
2.735982
1.512445
-0.076868
1.777086
2.914997
2.202585
3.544394
2.639891
1.415155
-3.142199
-3.690076
-7.972776
-7.162119
-4.978062
-1.228011
0.784128
2.613574
5.031022
4.664188
2.311788
2.407695
0.383579
-1.116274
0.919551
2.210239
1.673563
2.897368
2.825694
1.062171
-3.568798
-3.769769
-7.139202
-6.756955
-4.788939
-1.106312
0.351749
0.792904
3.341675
2.687560
1.434009
1.213712
1.301326
-1.096801
0.833716
2.445241
1.924657
3.235703
2.696582
0.682073
-3.660048
-2.744170
-6.681210
-6.015252
-4.050980
-0.568713
1.470290
3.068967
5.085021
4.551672
2.515218
2.611485
0.943312
-0.555966
1.687707
3.072799
2.416618
3.881884
3.011012
0.250602
-3.632284
-4.240788
-6.960734
-6.100017
-4.263374
-0.719396
0.535468
0.753808
3.447916
2.820347
1.591234
1.168416
0.572368
-1.564750
0.418408
1.786542
1.552464
3.225674
-2.639708
0.106259
-2.780734
-3.221903
-6.354581
-5.586498
-3.812690
0.094532
1.955029
3.260155
5.065488
4.592710
2.097645
1.876556
0.927282
-0.506684
1.745202
2.787755
2.198331
3.795312
-2.976725
-4.657955
-2.880722
-2.457163
-7.045236
-5.971432
-3.881214
-0.125142
1.462790
2.984859
4.643225
4.029488
2.332694
1.730851
0.697301
-0.116325
2.071106
3.618553
2.786892
4.200682
-3.040494
0.172825
-3.898681
-5.358233
-7.750147
-6.662318
-4.547123
-1.239221
0.141587
0.484043
2.975525
2.112010
1.336519
0.731113
-0.283442
-1.521122
0.453084
1.757722
2.556571
3.883647
-2.373235
-3.619359
-1.973431
-2.087124
-6.341810
-5.426447
-3.681183
-0.380067
1.074018
2.099851
3.769687
3.059869
2.603150
2.431085
1.202064
-0.135593
1.865345
3.391830
2.643449
4.213481
-2.783520
-3.739593
-2.098103
-4.528454
-6.827207
-5.370980
-3.354967
0.411925
2.552207
4.693590
6.184836
0.205640
0.285964
0.395135
0.077905
0.088871
0.122332
0.171585
1.395355
4.580974
0.041815
-0.429998
-0.022930
0.306816
0.496539
0.109005
-0.239228
-0.797383
-0.946335
-1.095546
-0.849582
-1.283851
-1.495329
-1.327407
0.230612
-2.339668
-0.699961
-2.572624
-2.284245
-0.362220
0.734867
1.773234
1.906696
1.561540
2.329873
2.693707
0.152097
-0.928801
-4.176334
-2.467738
-1.439049
-0.248255
0.183556
0.658517
0.097561
-0.269494
-0.575259
-1.704800
-0.869370
1.075620
2.032707
2.054899
1.469272
0.860386
1.169706
-0.122223
-1.938190
-1.484868
-0.547424
0.024588
1.632915
3.482539
2.769407
2.400263
-1.677199
-4.596891
-4.699713
-2.581180
-1.381060
1.106618
1.811602
1.418139
0.957037
1.254403
1.024713
-1.152888
-3.019694
-0.783117
1.555671
0.129467
1.406692
3.008732
3.648208
4.833991
-0.099079
-3.098655
-2.099095
-3.658606
-2.136153
0.133622
1.155652
0.539369
0.113997
0.662649
0.443011
-1.319860
-0.731081
-0.181907
0.974098
-0.137208
1.970396
3.436818
2.717213
4.036015
-0.648312
-2.905193
-2.177943
-1.685379
-3.687522
-1.191574
0.904507
0.603960
0.722781
1.860950
1.887219
0.244252
-1.029378
1.619401
1.067154
-0.323106
2.376492
3.932985
4.329705
5.158763
-0.499339
-3.486160
-2.539378
-2.110938
-4.929280
-2.774886
-0.873271
0.142303
0.593999
1.802368
2.885850
1.699124
2.053972
1.856925
2.023522
0.613682
3.261547
5.065404
5.431924
6.053756
-1.078455
-3.835860
-2.947401
-3.551552
-6.667218
-5.561939
-3.453149
-3.167018
-2.880461
-2.037423
2.086846
2.592624
0.432338
0.652631
-0.052788
-0.629622
0.667123
2.899405
2.464292
2.508325
-1.227835
-2.690877
0.126818
-3.051345
-6.880003
-6.012634
-4.121888
-1.067785
1.009373
4.207049
6.494341
6.051052
3.704314
3.489641
3.110509
1.729111
3.445435
5.236011
5.031670
5.856881
-1.660958
-3.445452
-2.735919
-3.779434
-7.517626
-6.904437
-4.876938
-4.048288
-3.131150
-2.245368
3.411241
3.992736
2.072367
1.721480
0.437147
-1.295384
0.273732
2.364549
1.808931
2.286763
3.994348
-3.913231
-0.195317
-3.814646
-8.247547
-7.949972
-6.827910
-3.750734
-0.397014
2.717721
5.592487
5.401343
3.790858
3.798251
1.913120
0.148666
2.139184
3.777724
4.006686
4.768613
4.874238
-3.535737
-1.736688
-1.717122
-6.187661
-6.198404
-4.334502
-3.195846
-1.860847
0.239845
3.392385
3.623379
2.433344
2.067318
0.964847
-1.405923
0.604714
2.592432
3.214222
4.119289
3.518007
-4.045527
-1.639904
-2.463116
-7.656988
-7.435440
-4.908095
-3.091652
-1.538183
0.695503
5.016348
5.317307
3.393483
3.160645
1.862308
-0.402788
1.311535
3.155820
3.188192
4.258539
5.246882
-3.531058
-2.450841
-2.535690
-8.030850
-8.232681
-6.029949
-3.887988
-2.175890
-0.045068
4.771231
4.920018
2.817630
2.429435
1.168148
-0.780548
0.430069
2.473451
2.827087
3.739334
4.721106
-2.990180
0.399373
-2.348833
-7.788233
-8.327535
-6.277721
-3.701398
-1.635608
1.175288
4.464470
4.905296
2.846590
2.425046
1.149369
-0.880119
0.720864
2.621170
2.929152
3.893692
4.847699
-2.906482
-1.427168
-1.894420
-7.507936
-7.953727
-5.680894
-3.401022
-1.650333
0.716750
4.611580
4.912519
2.747808
2.074730
0.945226
-0.958825
0.612158
2.459958
2.785065
3.756767
4.804822
-3.008289
-1.123619
-1.958383
-7.644941
-8.311799
-6.376370
-3.660536
-1.692809
1.109427
5.623810
5.401136
3.246717
2.329588
1.262988
-0.718532
0.603916
2.538869
2.502535
2.776358
4.603858
-2.380849
-1.487736
-2.197352
-6.958760
-7.521237
-5.697410
-2.897237
0.039383
2.909396
6.204547
4.964108
3.536808
3.190160
1.623662
-0.495894
1.222596
2.858557
3.384094
4.340301
5.226968
-2.937467
-1.543362
-1.647874
-5.670559
-6.049247
-4.059107
-2.765024
-1.559031
0.687933
4.264937
3.300569
2.478485
2.119362
0.540505
-1.766030
0.257455
2.337899
3.107574
4.024460
3.662226
-4.090078
-1.475455
-2.097669
-7.676695
-7.601027
-5.046844
-3.157444
-1.463844
0.641181
5.491950
5.729455
3.760201
3.533193
2.142855
-0.049938
1.526510
3.257354
3.021032
4.236296
5.566226
-3.189148
-2.151116
-2.227202
-7.818508
-8.213702
-6.066224
-3.960106
-2.305075
-0.177079
4.346797
4.625721
2.579345
2.044164
0.801727
-1.352271
0.027215
2.004655
2.510464
3.381863
4.522840
-3.291960
0.216874
-2.266317
-8.030736
-8.838251
-6.945712
-4.112853
-1.920987
1.057172
5.585816
5.500069
3.606322
2.566142
1.313154
-0.940920
0.478159
2.591893
2.489068
2.476054
4.596721
-2.854779
-1.919586
-2.160824
-6.734792
-7.524354
-5.841000
-2.846332
0.290456
3.291653
6.630911
4.955392
3.650404
3.543502
2.003030
-0.303117
1.080324
2.676040
3.061558
4.147813
5.264607
-2.811684
-1.801975
-1.544458
-5.444336
-5.798105
-4.058737
-2.729231
-1.704982
0.379463
4.031498
2.732930
1.920343
1.702828
-0.420514
-2.198574
0.066697
2.180386
3.157096
3.955563
4.119445
-3.372427
-1.175635
-1.899818
-7.360858
-7.029791
-4.493698
-2.807775
-1.189688
1.527668
5.103083
3.906203
2.907340
2.653881
0.750082
-1.501827
0.797260
2.963011
3.662907
4.567343
4.032628
-3.281457
-0.967142
-2.044147
-7.358625
-7.025695
-4.433818
-2.834573
-1.078529
1.737462
5.391395
4.068792
3.345330
3.042979
1.264329
-1.014216
0.655888
2.997784
3.457274
4.546495
2.585314
2.971537
-2.561211
-3.900323
-8.458914
-9.139315
-7.178216
-4.745472
-2.297456
0.013340
5.328019
5.376360
3.306327
2.581354
1.508843
-1.368189
-0.003291
1.975142
1.593745
1.611517
4.234074
-2.597971
0.237643
-2.639617
-7.558859
-8.184875
-6.756403
-3.423545
0.561969
4.163670
7.716845
6.133255
4.432724
4.528015
2.564561
0.389486
1.748070
3.033184
3.295882
4.242852
5.306130
-2.931907
-1.997655
-1.593519
-5.031948
-5.882692
-4.598979
-3.238640
-2.075880
0.273132
4.015797
2.168518
1.698615
1.752711
0.971392
-1.574486
-0.006908
1.932702
2.753678
3.705464
3.609934
-3.949519
-1.352084
-2.010160
-7.183818
-7.685565
-5.175867
-3.228890
-1.480725
0.983597
4.804910
5.335663
3.362302
3.590055
1.914942
-0.536700
1.195677
2.904414
3.406105
4.194330
5.346721
-3.294211
-1.832876
-1.897669
-6.234116
-6.688019
-4.654181
-2.747192
-0.964347
1.406474
4.826952
3.921548
2.995759
2.705800
1.356763
-0.865177
0.879082
2.854937
2.746327
4.034313
2.640901
5.660083
-2.627523
-3.458455
-8.086413
-8.573158
-6.577558
-4.208847
-2.364215
0.313333
4.433871
4.728528
2.433459
2.037669
0.641764
-1.462977
-0.253660
1.656878
1.783061
2.316092
4.411969
-2.909361
-0.634417
-2.503335
-7.767706
-8.044041
-6.606092
-3.508412
-0.161674
2.955879
6.163448
5.533745
3.856435
3.621183
1.840556
-0.498205
1.251851
2.946951
3.419711
4.045481
5.240793
-3.010018
-1.525065
-2.013254
-5.222252
-5.945898
-4.160818
-2.433200
-0.708487
1.345667
4.323677
2.709449
2.452207
2.260897
1.181078
-1.000724
1.044204
3.139391
3.460648
4.415968
3.767846
-3.760926
-1.786766
-2.289796
-7.042467
-6.709104
-4.582167
-3.167763
-2.167157
-0.439282
4.837402
5.059422
3.207086
2.918866
2.587038
0.321834
1.624124
2.969354
2.513380
3.503131
4.844774
-3.495767
-1.642704
-2.717966
-7.665062
-8.329276
-6.209819
-3.778063
-2.215800
0.130919
4.581673
4.644821
2.515220
2.285948
0.996121
-0.598730
0.746758
2.584115
2.902077
3.488278
4.944789
-3.032113
-1.446905
-2.296957
-7.032774
-7.902534
-5.843730
-3.388661
-1.418761
1.170603
4.639611
4.113170
2.683344
2.275436
0.644714
-1.515588
0.334671
2.701278
3.816346
3.849959
4.213686
-3.508618
-1.391858
-1.603270
-6.375459
-6.097493
-3.996934
-1.196589
0.636568
3.630728
6.383783
5.722811
3.890821
3.724545
2.728181
0.934265
3.104658
4.933893
4.599327
5.167027
3.667095
-3.882243
-3.125509
-2.549803
-8.348547
-8.323133
-6.357411
-5.171197
-4.086669
-1.752827
4.145448
4.523053
2.267444
1.549565
0.465290
-1.912076
-0.762167
1.066367
0.551393
0.337508
3.901181
-1.971159
-0.287702
-2.840227
-7.524639
-7.262650
-5.941445
-2.524937
0.644836
3.312166
6.615982
4.834912
2.755824
2.275632
0.868917
-0.615823
1.047861
3.007494
3.553448
3.811317
5.142804
-2.859667
-1.342711
-1.793455
-4.989288
-5.413082
-3.691247
-1.634852
0.213123
2.368704
4.955112
3.840912
2.584309
0.678140
2.177019
0.617902
2.188959
4.319061
4.682449
4.994145
3.996699
-3.633567
-3.307367
-3.507045
-8.192406
-7.490758
-5.639096
-4.424889
-3.523813
-2.697847
3.844339
4.458822
1.897661
1.392174
0.042723
-1.163838
-0.031578
1.963799
1.784997
1.615476
4.248013
-1.759155
0.514217
-2.859457
-6.867156
-6.756454
-5.423885
-2.101224
0.525363
2.981046
5.614703
4.468844
1.788550
1.654862
1.213405
-0.633663
1.492888
3.115525
3.645990
4.264014
4.618118
-2.621195
-1.312395
-1.151115
-5.619620
-5.537248
-3.448879
-2.083563
-0.690792
1.122971
3.938297
2.409473
2.606615
2.476646
1.961968
-0.487511
1.739918
4.004204
4.550275
5.303674
2.862351
-4.141206
-2.247349
-1.943876
-7.281071
-6.806245
-4.714769
-3.526129
-2.636745
-1.090242
4.652785
5.185930
3.378762
3.069434
2.023889
-0.224650
0.786480
2.881977
3.265774
3.704364
4.632106
-3.793174
-2.020187
-2.528925
-8.199778
-7.987333
-6.579099
-3.915560
-1.561520
1.242047
4.856078
4.528589
3.413623
3.178549
1.465863
-1.262077
0.626361
3.006827
4.064284
4.247258
3.138246
-3.773912
-2.097101
-1.518024
-6.718046
-6.414676
-4.584606
-2.522896
-0.315171
2.309143
5.478457
4.861143
4.080339
3.871842
2.899785
0.861765
2.403684
4.659847
4.761929
5.087426
1.951787
-4.585619
-2.855708
-2.122944
-8.539402
-8.171722
-6.217404
-4.968027
-3.913572
-0.653950
5.064374
5.513044
3.685512
3.030999
1.431093
-0.528912
0.037264
2.023732
2.752556
2.712741
4.392968
-3.856886
-1.652297
-2.756804
-9.222306
-9.038188
-8.068307
-5.084825
-1.894273
1.480873
5.130035
4.989525
3.685363
3.383374
1.041867
-1.220286
0.428625
3.097705
3.713471
3.433117
2.885718
-0.422973
-2.865381
-2.194001
-6.308970
-6.061205
-4.448035
-1.562397
0.617410
3.711722
6.690067
6.249183
3.045286
3.036616
2.578869
0.352547
2.084018
3.950559
3.378801
4.204865
3.230108
-3.842732
-1.890921
-1.751134
-7.913380
-7.927076
-5.848733
-4.416040
-3.169319
-1.079555
3.344510
4.097698
3.133389
2.286286
1.810651
-1.513912
0.027581
2.586825
3.665270
3.789561
4.088525
-0.448123
-3.685402
-4.379857
-7.712643
-7.616246
-6.644812
-3.668445
-0.947976
2.155311
6.206404
4.440892
4.254989
3.728668
2.661663
-0.815105
0.661722
3.225114
3.241451
4.307941
4.586545
-3.933108
-3.071157
-2.997100
-7.014868
-7.056714
-5.316621
-3.934071
-2.789423
-0.459929
3.479738
4.522830
3.369865
2.692251
3.822532
-0.297952
0.740050
2.974572
2.886815
3.827410
4.060405
-3.621984
-2.481645
-3.120039
-7.589746
-8.091116
-6.238318
-3.958249
-2.450341
-0.436251
4.433570
5.083362
3.695437
2.612930
3.725574
-0.059592
0.813556
3.014644
2.855993
3.542410
3.937049
-2.892914
-2.314935
-2.933828
-7.068576
-7.939014
-6.286604
-3.868552
-2.385378
-0.173224
4.237643
4.717365
3.207962
2.087798
2.263113
-1.131961
0.337263
2.555769
3.434762
3.862624
4.365328
-2.782273
-2.323445
-2.693363
-6.591461
-7.344173
-5.732911
-3.368334
-1.434324
1.158519
5.372124
4.304408
3.677118
2.969249
2.064896
-1.617458
0.102488
2.600746
3.489095
4.020556
4.439497
-3.684394
-2.646459
-2.631455
-6.816205
-6.905153
-5.185773
-3.295092
-1.823615
0.721266
4.990040
5.243066
4.278211
3.550721
4.443734
0.477731
1.529776
3.492244
3.138870
4.311976
4.402265
-3.591388
-2.641464
-2.814413
-7.421124
-7.882428
-6.097745
-4.141770
-2.725420
-0.457301
4.208592
5.050820
3.806333
2.878333
3.486468
-0.468891
0.522303
2.613065
3.064065
3.572698
4.001657
-3.553174
-2.749058
-3.041272
-7.540636
-8.254403
-6.884986
-4.275103
-2.487689
0.041857
5.329177
5.535801
4.356510
3.103683
3.513491
0.200803
0.817876
2.845596
2.609265
3.290439
3.729588
-2.737823
-2.464327
-2.789306
-6.822992
-7.799965
-6.184332
-3.853110
-2.353509
0.227725
4.757474
3.645806
2.782534
2.143286
1.550190
-2.383937
-0.568470
1.987999
3.548283
3.703084
4.105809
-2.427429
-2.098891
-2.566357
-6.479327
-6.458031
-4.597252
-2.790163
-0.693590
2.197342
6.199664
4.899699
4.066670
3.736039
2.819875
0.055607
1.341356
4.144322
4.314355
4.824477
5.120618
-4.467847
-3.156317
-2.824433
-7.639847
-7.989007
-5.881368
-4.576577
-3.575254
-1.941461
4.850760
5.304034
3.955307
2.292013
2.733210
-0.645069
-0.065719
2.033441
2.764452
2.732204
3.245724
-3.126645
-2.680645
-2.823390
-8.221084
-8.819833
-8.011055
-4.916632
-2.370443
0.797404
5.497633
4.953428
3.777889
3.029495
1.858656
-1.987404
-0.512373
2.198261
3.174958
2.943914
3.281794
-2.180623
-2.395386
-2.698599
-6.337821
-6.131362
-4.713727
-1.534646
0.601604
3.481755
7.506801
6.934749
4.198002
3.989020
3.519648
0.415055
1.824731
4.487836
4.110762
4.585238
5.006689
-4.078921
-4.156485
-4.087841
-8.123199
-7.944661
-6.415999
-5.145738
-4.183932
-2.506208
2.887997
3.596090
2.004871
0.888988
1.405219
-1.954801
-0.981378
1.521539
1.710503
1.585101
1.681367
-2.251323
-0.582336
-2.819592
-6.899855
-6.748263
-5.965879
-2.945369
0.172936
2.918216
7.397325
5.842357
3.459312
3.196956
2.377324
-0.621052
1.219057
3.393317
4.205701
4.518471
5.257520
-3.299839
-2.801821
-3.328845
-5.439381
-5.280093
-3.887941
-1.954395
-0.542752
1.166567
4.245314
3.525015
2.877915
3.245531
3.250042
0.531374
1.018401
3.746571
4.573572
4.991193
5.327881
-4.512360
-3.941161
-2.461626
-7.741989
-7.461216
-5.473849
-4.380479
-3.506589
-2.050256
3.265454
4.276470
2.637771
1.461184
1.880823
-1.252400
0.282196
2.527749
2.433163
1.874184
2.156302
-2.833702
-2.536200
-1.271224
-7.337288
-6.941178
-6.269779
-2.195680
0.222249
3.024823
7.138617
6.715362
3.884281
3.730573
3.163632
0.398924
1.723373
4.045323
4.021476
4.577867
5.087344
-4.066547
-3.778612
-2.071666
-7.703700
-7.881016
-6.146689
-4.764435
-3.816846
-2.147256
3.476375
4.325120
2.911125
1.750907
2.021930
-1.584422
-0.449320
1.611754
1.867406
1.468174
1.709842
-2.294219
-2.339132
-1.506330
-7.490921
-7.313597
-6.611612
-2.636235
0.143121
3.078137
7.686068
6.974838
4.101866
3.541719
2.147476
-0.086282
1.289828
3.593143
3.664290
4.451571
4.789366
-3.882641
-3.168679
-3.113424
-6.564057
-7.361617
-5.741336
-4.319585
-3.421374
-1.804186
3.326003
4.380839
3.120760
2.124185
2.233328
-1.678387
-0.592342
1.440311
3.019865
2.830301
3.072651
-1.428925
-1.801098
-2.963030
-6.868114
-7.202707
-6.031920
-3.473989
-0.429338
2.845905
6.938478
6.183766
4.358287
4.070582
3.383826
1.348865
2.057259
4.132758
4.756148
5.160402
5.508525
-3.647665
-4.023256
-1.774758
-7.087913
-7.652193
-6.525818
-5.360940
-4.369979
-2.685005
1.403079
3.033633
1.450736
0.114661
0.595183
-3.262789
-1.907964
-0.031638
0.175504
0.160926
0.043139
-1.720080
-1.530172
-3.395539
-6.594513
-6.463116
-5.283392
-4.670525
-0.537212
2.549953
7.183722
4.714759
4.871313
3.377086
1.974167
-0.378144
0.373408
2.751009
3.699657
3.351947
3.921105
-1.486650
-2.526001
-1.727748
-4.458350
-5.864994
-4.637908
-2.614025
-0.637389
1.860129
6.170300
4.899761
3.255361
3.250170
2.526978
0.456530
0.627539
3.455301
3.758119
4.239340
4.704327
-2.942673
-3.723703
-3.413753
-6.130731
-6.929239
-5.464010
-4.189254
-3.172501
-1.392926
1.687134
4.135429
2.148892
1.036157
1.163751
-1.126071
-0.733766
1.445337
2.064717
1.732701
2.207254
-1.071091
-2.391894
-2.457881
-6.150566
-7.154184
-6.346514
-3.365572
0.235956
2.858795
7.811119
6.471273
4.451020
3.991894
2.631944
1.452876
1.843978
3.845339
3.918481
4.813350
4.952107
-2.137165
-4.280309
-2.666359
-5.207828
-6.398984
-5.468256
-4.108928
-3.294808
-1.995206
2.541834
1.725685
0.952066
0.124977
0.050298
-2.688373
-1.896083
-0.084238
0.705697
0.665504
0.886026
-2.044111
-2.905831
-1.986729
-6.580763
-5.882421
-5.418015
-2.628071
0.317841
3.008670
7.608071
6.171622
3.726632
3.109251
2.407483
0.442733
1.079199
2.886738
3.886693
4.628053
5.485366
-2.481060
-3.272085
-2.417412
-4.657157
-5.098273
-3.899156
-2.128553
-1.039264
0.144806
3.719574
2.700942
1.973895
1.981979
1.573635
-0.851383
-0.338990
2.150674
3.305520
3.852007
4.332902
-3.304467
-3.079590
-3.805256
-5.682228
-6.587423
-5.314181
-3.588890
-2.573190
-0.941286
3.752290
5.526224
4.199344
3.270347
3.134097
1.352949
1.458839
2.830109
3.089571
3.665486
3.924525
-2.722950
-2.936503
-3.082276
-6.571201
-7.370547
-6.230182
-4.098768
-2.024436
0.423658
4.637682
3.481166
2.826927
2.997812
1.982274
-0.563560
0.480922
2.838334
4.048895
4.171180
4.613569
-3.662502
-3.354932
-4.147378
-6.365654
-6.809720
-5.677783
-3.969365
-2.576822
-0.460641
4.112063
5.292618
4.055741
3.384254
2.932304
1.025241
1.164762
3.016235
3.464789
4.002409
4.296367
-3.449736
-3.294482
-2.357500
-7.430841
-7.635002
-6.309099
-4.147076
-2.230390
0.281788
4.740015
3.846631
3.317429
3.152419
1.912813
-0.778386
0.161887
2.797259
3.840008
4.134473
4.579886
-4.041385
-3.524700
-2.255040
-6.973288
-7.304108
-6.334787
-4.082398
-2.540058
-0.002099
4.029188
5.859051
4.778895
4.015261
4.397700
1.010383
1.513681
3.494536
3.452084
4.037510
4.364359
-3.847960
-3.166924
-4.407308
-7.324440
-7.442214
-6.066885
-3.958637
-1.906727
0.720313
4.602841
3.663975
3.284949
3.102107
2.077781
-0.687436
0.822766
3.234041
4.676629
4.707669
4.971067
7.434382
-4.835049
-3.370845
-7.953865
-7.684082
-6.347660
-4.053628
-1.939220
0.844522
5.070445
3.578901
3.181865
2.881645
2.201868
-2.502055
-0.728823
2.133719
3.616084
3.623544
4.251442
-2.344562
-2.479720
-2.267796
-6.674787
-6.527030
-5.602610
-3.003916
-0.789346
2.042742
5.721929
5.148056
4.393383
4.352219
4.434272
1.695171
2.272061
5.168711
5.570072
5.687128
5.756065
-4.433082
-4.257876
-3.357524
-8.479819
-8.301003
-6.742319
-5.538487
-4.574382
-3.044910
3.828725
4.428382
3.007115
1.412689
1.828627
-1.791928
-0.778416
1.176071
1.168470
0.534676
0.601493
-2.719368
-2.766968
-3.376567
-8.067628
-7.684256
-6.872267
-4.795419
-0.656595
2.414201
6.967898
5.034403
4.787750
3.582980
2.779262
-0.608269
0.923808
3.247831
4.246331
3.890398
4.488029
-0.899146
-1.762581
-3.584886
-4.384033
-4.557930
-3.589749
-1.440740
-0.024832
0.763364
3.625886
3.116174
0.750508
0.778099
1.108878
-0.897641
-0.770154
2.109262
2.594809
2.933800
3.244759
-2.301604
-1.931819
-0.944552
-6.721770
-8.092960
-6.813443
-3.946282
-0.900471
2.584894
6.702879
5.534635
4.667785
4.128297
2.875395
-0.650936
1.025722
3.637965
4.174232
4.937409
5.136172
-3.905069
-2.872623
-3.206790
-6.318687
-7.456359
-6.206958
-4.830590
-3.466593
-1.305215
4.362963
5.118236
4.193288
2.904013
1.713106
-1.088143
-0.338074
1.788301
2.822972
3.037309
3.498262
-3.977303
-2.658479
-3.030223
-8.138288
-8.809665
-8.272038
-4.697769
-2.309923
1.029361
6.365426
6.507944
5.677499
4.207419
4.035038
1.128456
1.584886
3.192338
2.536765
3.300839
3.581717
-3.051657
-2.728943
-2.855529
-6.695744
-8.146046
-6.683619
-4.315190
-2.487277
0.357014
4.962060
3.610517
2.813195
2.336124
2.676639
-1.865002
-0.233739
2.146578
3.203548
3.512918
3.997899
-2.607569
-2.323778
-2.572038
-6.549387
-7.045575
-5.281177
-3.507720
-1.620569
1.117311
5.081987
3.640910
3.439224
3.063451
2.405319
-1.060973
0.810367
3.595002
4.069216
4.837257
5.201435
0.265734
-3.802613
-3.105644
-7.343225
-7.329321
-5.660742
-3.878329
-2.357704
0.102645
3.790337
4.781980
3.597235
2.620941
1.680806
-1.390388
-0.380406
2.210015
2.923108
3.386780
3.792066
-3.549936
-2.581271
-3.082008
-7.615587
-7.856628
-6.526462
-3.862540
-1.984546
0.940947
5.028032
5.845601
4.695089
3.416488
3.479814
0.587105
1.301108
3.098041
2.464925
3.539240
3.835176
-2.932084
-2.555976
-2.857414
-6.896853
-8.010247
-6.245917
-3.992073
-2.426949
0.196443
4.126499
4.646448
3.299608
2.278253
2.536023
-1.024026
0.181246
0.327184
-0.020134
-0.062799
0.165407
0.430384
0.383098
0.455866
2.194314
4.769450
-1.382914
-1.878142
0.016376
-0.849837
-0.693015
-0.442525
-0.348584
0.070570
-0.029737
-0.443669
-2.357128
-1.566194
-0.653863
0.566730
1.041785
0.987109
1.537300
1.573173
1.984898
1.186490
-1.431607
-1.706723
-0.243871
-0.954347
-0.629650
0.480060
0.668164
1.792714
1.410827
-2.240233
-4.365550
0.121999
-1.115714
-0.225859
0.325673
-0.015071
-0.957795
-1.614705
-0.556138
-1.728656
-1.798153
-1.486976
1.671602
1.182794
1.265552
2.102727
1.438399
2.118401
2.582468
-2.937424
-3.249894
-0.048747
-0.394847
0.861658
1.460409
1.236951
0.329042
-0.659474
-0.137901
-1.100514
-2.083960
-1.533012
1.464164
1.170062
0.987189
1.526105
1.014291
1.856026
2.080005
-3.483340
-4.021081
-0.152657
-0.442027
0.855336
1.444896
1.168742
0.298865
-0.406406
0.305066
-0.767917
-1.732940
-1.362598
1.226259
0.814626
0.875953
1.657686
1.049720
1.767278
2.144550
-3.153251
-3.173970
-0.224378
-0.707332
0.671448
1.420200
1.321013
0.608894
-0.255929
0.135093
-0.886858
-1.968283
-1.488376
1.187614
0.894374
1.091306
1.530870
1.361252
2.264016
1.828191
-3.443295
-3.789548
-0.407675
-1.604957
-0.132739
0.387039
0.148420
-0.376344
-0.623356
0.360516
-2.263973
-1.785723
-1.294713
1.113065
0.277077
0.081696
1.276251
0.931395
1.804852
2.301862
-2.898108
-3.248092
-0.905531
-1.248894
