-0.000091
0.000461
0.002073
0.004613
0.008085
0.012428
0.017593
0.023461
0.030216
0.037939
0.047060
0.057729
0.069966
0.083720
0.098860
0.114870
0.131145
0.147523
0.163968
0.180419
0.196824
0.213175
0.229445
0.245537
0.261506
0.277468
0.293578
0.310023
0.326529
0.343139
0.359810
0.377016
0.395110
0.414727
0.435951
0.458064
0.480145
0.501773
0.522136
0.542376
0.561804
0.580731
0.599515
0.618160
0.636649
0.655007
0.673362
0.691772
0.710097
0.728016
0.746220
0.765166
0.785050
0.806775
0.830580
0.856061
0.882206
0.908328
0.934175
0.959933
0.985173
1.009793
1.034206
1.058569
1.082897
1.107122
1.131370
1.155862
1.180505
1.204753
1.229153
1.253975
1.279559
1.306473
1.334889
1.364827
1.395352
1.425646
1.454380
1.482735
1.510174
1.536903
1.563439
1.589895
1.616220
1.642265
1.668200
1.694100
1.719978
1.745687
1.771589
1.797842
1.824832
1.853082
1.882806
1.913430
1.944051
1.974308
2.003112
2.031523
2.059129
2.086066
2.112784
2.139375
2.165854
2.192099
2.218258
2.244404
2.270504
2.296335
2.322309
2.348837
2.376220
2.404952
2.435249
2.466176
2.496900
2.527283
2.556365
2.585071
2.612799
2.639800
2.666526
2.693092
2.719486
2.745621
2.771647
2.797712
2.823778
2.849431
2.875229
2.901568
2.928748
2.957233
2.987275
3.017979
3.048522
3.078796
3.107872
3.136554
3.164285
3.191273
3.217977
3.244493
3.270812
3.296800
3.322678
3.348600
3.374529
3.400128
3.425954
3.452334
3.479473
3.507878
3.537878
3.568998
3.600143
3.630906
3.660476
3.689691
3.718116
3.745821
3.773276
3.800530
3.827575
3.854353
3.880991
3.907627
3.934042
3.959788
3.985694
4.012152
4.039546
4.068500
4.099037
4.129948
4.160646
4.191238
4.221744
4.251484
4.279450
4.306735
4.333796
4.360623
4.387174
4.413327
4.439252
4.465299
4.491385
4.517268
4.543410
4.570128
4.597557
4.626113
4.656093
4.687120
4.718187
4.748883
4.778437
4.807688
4.836324
4.864210
4.891797
4.919141
4.946269
4.973134
4.999879
5.026578
5.053001
5.078701
5.104555
5.130963
5.158278
5.187231
5.217931
5.249058
5.279898
5.310579
5.341311
5.371299
5.399453
5.426901
5.454166
5.481185
5.507910
5.534299
5.560509
5.586834
5.613185
5.638989
5.664958
5.691307
5.718267
5.746387
5.776068
5.807001
5.838052
5.868773
5.898436
5.927845
5.956723
5.984925
6.012824
6.040367
6.067605
6.094583
6.121448
6.148236
6.174572
6.200172
6.225919
6.252210
6.279373
6.308156
6.338675
6.369670
6.400388
6.430894
6.461352
6.490824
6.518737
6.546010
6.573083
6.599887
6.626378
6.652636
6.678853
6.705259
6.731296
6.756664
6.782134
6.808042
6.834711
6.862866
6.892659
6.923033
6.953233
6.983302
7.013151
7.042639
7.071221
7.099113
7.126620
7.153755
7.180598
7.207215
7.233736
7.260335
7.286906
7.312693
7.338620
7.365055
7.392303
7.421010
7.451611
7.482994
7.514210
7.545264
7.576106
7.606158
7.634677
7.662546
7.690073
7.717262
7.744201
7.770928
7.797490
7.824136
7.850844
7.876714
7.902699
7.929218
7.956490
7.985249
8.015985
8.047798
8.079579
8.111126
8.141934
8.172163
8.201015
8.229199
8.257027
8.284492
8.311673
8.338581
8.365358
8.392168
8.418355
8.443872
8.469543
8.495822
8.522968
8.551738
8.582554
8.614203
8.645662
8.676931
8.707973
8.737677
8.765924
8.793600
8.820985
8.848043
8.874871
8.901505
8.928009
8.954398
8.979994
9.005174
9.030483
9.056541
9.083657
9.112344
9.142336
9.172503
9.202468
9.232307
9.262208
9.291942
9.320513
9.348430
9.376015
9.403261
9.430210
9.456819
9.483238
9.509808
9.536608
9.563019
9.589561
9.616421
9.643746
9.672405
9.702960
9.735168
9.767674
9.799645
9.830262
9.860651
9.890349
9.919345
9.948112
9.976583
10.004769
10.032729
10.060664
10.088316
10.115089
10.141382
10.167869
10.194982
10.223073
10.252790
10.283985
10.315408
10.346534
10.377472
10.408495
10.438866
10.467850
10.496240
10.524390
10.552240
10.579865
10.607257
10.634440
10.661735
10.689094
10.715723
10.742536
10.769633
10.797418
10.826561
10.857440
10.889517
10.921709
10.953713
10.984967
11.015814
11.046143
11.075886
11.105290
11.134318
11.163084
11.191652
11.220145
11.248603
11.277054
11.304758
11.332555
11.360581
11.389201
11.419207
11.451151
11.484248
11.517365
11.550238
11.582782
11.614600
11.644814
11.674288
11.703410
11.732212
11.760728
11.789006
11.817123
11.845319
11.873384
11.900544
11.927868
11.955738
11.984353
12.014445
12.046519
12.079698
12.112867
12.145832
12.178458
12.210498
12.241088
12.270954
12.300435
12.329556
12.358389
12.386985
12.415393
12.443680
12.471195
12.498195
12.525329
12.553038
12.581629
12.611763
12.643925
12.676966
12.709889
12.742647
12.774756
12.806192
12.836303
12.865774
12.894881
12.923608
12.952063
12.980305
13.008396
13.036432
13.063752
13.090542
13.117479
13.145039
13.173588
13.203691
13.235482
13.267768
13.299844
13.331743
13.363765
13.395555
13.425915
13.455592
13.484970
13.514038
13.542872
13.571395
13.599717
13.628118
13.656743
13.684891
13.713120
13.741648
13.770714
13.801018
13.833056
13.866635
13.900555
13.934141
13.966563
13.998668
14.030181
14.061101
14.091706
14.121911
14.151818
14.181522
14.211187
14.240816
14.269695
14.297890
14.326225
14.355101
14.384851
14.416066
14.449005
14.482574
14.515950
14.549153
14.582456
14.615306
14.646510
14.676975
14.707145
14.737031
14.766705
14.796141
14.825365
14.854668
14.884006
14.912846
14.941812
14.971080
15.000925
15.032007
15.064671
15.098437
15.132315
15.166049
15.199021
15.231578
15.263559
15.294885
15.325826
15.356409
15.386782
15.416988
15.447136
15.477283
15.507455
15.537231
15.567089
15.596991
15.627059
15.658179
15.691135
15.725776
15.760713
15.795381
15.829093
15.862159
15.893943
15.924694
15.955143
15.985353
16.015249
16.044897
16.074192
16.102417
16.130430
16.158293
16.186102
16.214499
16.243891
16.274830
16.307575
16.340944
16.374233
16.407419
16.440523
16.473131
16.504482
16.535004
16.565168
16.595003
16.624720
16.654325
16.683922
16.713671
16.743210
16.772127
16.800949
16.830133
16.859909
16.891085
16.924015
16.957668
16.991215
17.024750
17.058258
17.091408
17.123798
17.155197
17.186209
17.216875
17.247345
17.277702
17.307966
17.338348
17.368904
17.398767
17.428492
17.458790
17.489666
17.521654
17.555267
17.590391
17.625912
17.661304
17.695808
17.729692
17.762642
17.794502
17.825998
17.857214
17.888216
17.919050
17.949749
17.980467
18.011154
18.041004
18.070799
18.101162
18.132244
18.164665
18.198990
18.234396
18.269817
18.305120
18.340286
18.374897
18.408106
18.440248
18.472054
18.503517
18.534725
18.565750
18.596638
18.627542
18.657776
18.687477
18.717146
18.747370
18.778200
18.810215
18.843975
18.879356
18.915182
18.950850
18.985582
19.019711
19.052929
19.085102
19.116909
19.148382
19.179592
19.210594
19.241488
19.272238
19.302130
19.331602
19.361031
19.391006
19.421904
19.454252
19.488504
19.523472
19.558308
19.593048
19.627728
19.661743
19.694380
19.726128
19.757523
19.788597
19.819559
19.850416
19.881210
19.912077
19.943136
19.973600
20.003889
20.034662
20.065908
20.098349
20.132446
20.168020
20.203989
20.239811
20.274691
20.309015
20.342756
20.375607
20.408087
20.440205
20.472071
20.503738
20.535303
20.566816
20.597530
20.627785
20.657982
20.688601
20.719997
20.752651
20.787092
20.822723
20.858559
20.894344
20.929834
20.964771
20.998425
21.031033
21.063213
21.094982
21.126543
21.157991
21.189369
21.220793
21.251524
21.281708
21.311857
21.342499
21.373936
21.406752
21.441359
21.476692
21.511982
21.547258
21.582317
21.617004
21.650835
21.683706
21.716120
21.748140
21.780056
21.811892
21.843668
21.875458
21.907415
21.938736
21.969873
22.001564
22.033751
22.067068
22.102055
22.138449
22.175173
22.211727
22.247360
22.282415
22.316856
22.350388
22.383522
22.416344
22.448975
22.481428
22.513769
22.546108
22.578009
22.609255
22.640396
22.672134
22.704535
22.738117
22.773399
22.809933
22.846722
22.883347
22.919588
22.955242
22.990032
23.023745
23.057047
23.090036
23.122837
23.155497
23.188034
23.220541
23.252970
23.284647
23.316177
23.348354
23.381195
23.415226
23.450996
23.488111
23.525494
23.562653
23.599348
23.635450
23.670637
23.704742
23.738485
23.771919
23.805162
23.838190
23.871031
23.903816
23.936684
23.968748
24.000597
24.033125
24.066252
24.100496
24.136410
24.173698
24.211229
24.248480
24.285271
24.321417
24.356897
24.391319
24.425400
24.459215
24.492805
24.526123
24.559231
24.592230
24.625210
24.657295
24.689199
24.721727
24.754868
24.789164
24.825228
24.862722
24.900455
24.937901
24.975063
25.011454
25.047028
25.081604
25.115868
25.149899
25.183676
25.217134
25.250401
25.283644
25.317101
25.349979
25.382607
25.415800
25.449272
25.483685
25.519775
25.557541
25.596003
25.634211
25.671461
25.708202
25.744375
25.779507
25.814245
25.848614
25.882782
25.916695
25.950315
25.982441
26.014093
26.045599
26.077011
26.108982
26.142014
26.176451
26.212116
26.248079
26.284029
26.319820
26.355640
26.391245
26.425650
26.459234
26.492443
26.525297
26.557806
26.589897
26.621935
26.654032
26.686520
26.718832
26.750885
26.783352
26.816252
26.850283
26.885927
26.923334
26.961554
26.999626
27.037376
27.074726
27.111448
27.147079
27.182343
27.217302
27.252096
27.286621
27.320957
27.355135
27.389402
27.422829
27.455963
27.489742
27.523983
27.559149
27.595716
27.633736
27.672186
27.710365
27.748236
27.785688
27.822680
27.858917
27.894779
27.930367
27.965694
28.000696
28.035469
28.070118
28.104918
28.139072
28.172905
28.207302
28.242298
28.278250
28.315649
28.354280
28.393188
28.431776
28.470213
28.508097
28.545362
28.581644
28.617533
28.653130
28.688290
28.722857
28.757107
28.791346
28.825886
28.860149
28.894093
28.928606
28.963701
28.999838
29.037552
29.076704
29.116373
29.155769
29.194828
29.233105
29.270727
29.307188
29.343227
29.378843
29.414211
29.449148
29.483763
29.518219
29.552834
29.586807
29.620440
29.654587
29.689180
29.724697
29.761608
29.800106
29.839247
29.878149
29.916708
29.954720
29.992331
30.029530
30.066336
30.102783
30.138687
30.173916
30.208824
30.243641
30.278692
30.313356
30.347628
30.382370
30.417604
30.453911
30.491783
30.531139
30.570906
30.610382
30.649643
30.688465
30.726742
30.764044
30.800926
30.837345
30.873129
30.908146
30.942863
30.977558
31.012520
31.047176
31.081474
31.116274
31.151556
31.187862
31.225725
31.265104
31.304972
31.344547
31.383833
31.422497
31.460632
31.497852
31.534662
31.571068
31.606861
31.641891
31.676659
31.711418
31.746420
31.781086
31.815409
31.850077
31.885212
31.921371
31.959124
31.998453
32.038280
32.077858
32.117176
32.156269
32.194935
32.232822
32.270287
32.307152
32.343220
32.378426
32.413345
32.448215
32.483349
32.518196
32.552666
32.587524
32.622875
32.659306
32.697357
32.736881
32.776814
32.816483
32.855858
32.895206
32.934093
32.971996
33.009441
33.046398
33.082783
33.118382
33.153656
33.188900
33.224461
33.259567
33.294277
33.329510
33.365250
33.401978
33.440128
33.479862
33.520210
33.560345
33.600292
33.639816
33.678909
33.717194
33.755043
33.792336
33.828907
33.864578
33.899952
33.935257
33.970875
34.006245
34.041286
34.076813
34.112869
34.150013
34.188747
34.228928
34.269566
34.309952
34.350048
34.390034
34.429531
34.468090
34.506214
34.543682
34.580299
34.616024
34.651524
34.687012
34.722813
34.758461
34.793770
34.829479
34.865616
34.902721
34.941238
34.981167
35.021584
35.061783
35.101700
35.141617
35.180992
35.219975
35.258522
35.296505
35.333580
35.369610
35.405376
35.441162
35.477200
35.512951
35.548397
35.584396
35.620884
35.658424
35.697369
35.737587
35.778221
35.818642
35.858841
35.899059
35.938843
35.978302
36.017307
36.055420
36.092598
36.128914
36.164837
36.200668
36.236881
36.273018
36.308842
36.344948
36.381405
36.418846
36.457806
36.498177
36.539112
36.579868
36.620399
36.661087
36.701313
36.740498
36.779224
36.817394
36.854748
36.891079
36.926979
36.962814
36.998940
37.034966
37.070477
37.106457
37.142849
37.180210
37.219006
37.259457
37.300564
37.341568
37.382328
37.422970
37.463127
37.502514
37.541466
37.579769
37.617207
37.653687
37.689880
37.726086
37.762558
37.798912
37.834782
37.871002
37.907562
37.945152
37.984276
38.025028
38.066505
38.107918
38.148952
38.190098
38.230808
38.270729
38.310154
38.348915
38.386742
38.423546
38.460056
38.496597
38.533398
38.570080
38.606236
38.642693
38.679543
38.717304
38.756413
38.796997
38.838215
38.879353
38.920101
38.961227
39.001736
39.041859
39.081490
39.120205
39.157883
39.194588
39.230827
39.266987
39.303482
39.339970
39.376053
39.412479
39.449402
39.487404
39.527126
39.568218
39.609749
39.651188
39.692261
39.733425
39.774227
39.813889
39.853107
39.891808
39.929710
39.966709
40.003197
40.039589
40.076275
40.112949
40.149132
40.185688
40.222710
40.260670
40.300041
40.341137
40.383240
40.425396
40.467213
40.509193
40.550697
40.591213
40.631214
40.670422
40.708549
40.745533
40.782154
40.818813
40.855648
40.892448
40.928818
40.965210
41.001751
41.039196
41.078075
41.118668
41.160225
41.201904
41.243183
41.284512
41.325382
41.365715
41.405590
41.444920
41.483532
41.521278
41.558739
41.596222
41.633926
41.671413
41.708302
41.745644
41.783562
41.822449
41.862667
41.904274
41.946533
41.988754
42.030586
42.072807
42.114674
42.155907
42.196644
42.236500
42.275261
42.312962
42.350327
42.387749
42.425381
42.463047
42.500324
42.537819
42.575409
42.613819
42.653526
42.694714
42.736607
42.778522
42.820057
42.862011
42.903584
42.944782
42.985519
43.025368
43.064178
43.102051
43.139439
43.176777
43.214405
43.252037
43.289162
43.326786
43.365051
43.404346
43.445164
43.487293
43.529942
43.572563
43.614792
43.657204
43.699394
43.740665
43.781441
43.821613
43.860935
43.899284
43.937057
43.974731
44.012653
44.050652
44.088360
44.126259
44.164509
44.203617
44.244003
44.286034
44.329185
44.372494
44.415413
44.458351
44.500881
44.542164
44.582989
44.623016
44.661903
44.699764
44.737156
44.774555
44.812153
44.849804
44.887135
44.924629
44.962406
45.001183
45.041378
45.083317
45.126366
45.169575
45.212303
45.255020
45.297558
45.339447
45.380802
45.421513
45.461288
45.499992
45.538136
45.576263
45.614529
45.652721
45.690277
45.727631
45.765148
45.803677
45.843712
45.885540
45.928165
45.970848
46.013161
46.055492
46.097469
46.138577
46.179199
46.219208
46.258335
46.296501
46.334076
46.371635
46.409401
46.447266
46.484806
46.522636
46.560825
46.600029
46.640762
46.683308
46.726891
46.770622
46.813896
46.857101
46.899784
46.941277
46.982235
47.022621
47.062244
47.100887
47.138771
47.176529
47.214447
47.252289
47.289692
47.327026
47.364216
47.402405
47.442043
47.483452
47.525749
47.568207
47.610363
47.652546
47.694378
47.735222
47.775669
47.815617
47.854984
47.893719
47.931854
47.969849
48.008038
48.046356
48.084419
48.122822
48.161724
48.201550
48.242744
48.285645
48.329769
48.374149
48.418056
48.462048
48.505535
48.547726
48.589474
48.630432
48.670105
48.708714
48.746712
48.784531
48.822510
48.860607
48.898441
48.936501
48.974911
49.014454
49.055462
49.098160
49.142056
49.186108
49.229713
49.273304
49.316750
49.359264
49.401302
49.442631
49.482834
49.521904
49.560272
49.598660
49.637180
49.675678
49.713600
49.751099
49.788815
49.827736
49.868252
49.910610
49.954086
49.997803
50.041153
50.084347
50.127190
50.169170
50.210690
50.251621
50.291859
50.331345
50.370087
50.408672
50.447433
50.486210
50.524475
50.563015
50.602077
50.642075
50.683537
50.726742
50.770760
50.814854
50.858589
50.902550
50.946228
50.988808
51.030937
51.072086
51.111988
51.150730
51.188469
51.226128
51.264069
51.302189
51.340157
51.378017
51.415684
51.454521
51.494881
51.536541
51.578957
51.621887
51.664574
51.707653
51.750168
51.791454
51.832260
51.872177
51.910843
51.948578
51.985687
52.022812
52.060093
52.097294
52.134064
52.171444
52.209587
52.248959
52.289719
52.331776
52.374649
52.417709
52.460388
52.502796
52.544106
52.584160
52.623470
52.662346
52.700523
52.737297
52.773373
52.809551
52.846066
52.882553
52.918846
52.955780
52.993546
53.032524
53.072826
53.114185
53.156322
53.198841
53.241138
53.283291
53.325218
53.366013
53.406193
53.445423
53.483208
53.519505
53.555191
53.590843
53.626938
53.663021
53.698898
53.735306
53.772362
53.810471
53.849754
53.889984
53.930470
53.971386
54.012150
54.053043
54.093571
54.132973
54.171944
54.210110
54.247242
54.283470
54.319016
54.354774
54.390827
54.426704
54.462151
54.498158
54.534821
54.572632
54.611759
54.652035
54.693104
54.734623
54.775997
54.817337
54.857979
54.897457
54.936462
54.974686
55.011871
55.048294
55.084305
55.120346
55.156666
55.192947
55.228977
55.265583
55.302876
55.341270
55.380924
55.421654
55.463066
55.504890
55.546535
55.588200
55.629131
55.668831
55.708008
55.746376
55.783653
55.820076
55.855812
55.891685
55.927868
55.963840
55.999382
56.035587
56.072659
56.110825
56.150154
56.190479
56.231339
56.272663
56.313938
56.355198
56.395279
56.434261
56.472626
56.510185
56.546764
56.582623
56.617943
56.653309
56.688946
56.724483
56.759659
56.795414
56.831902
56.869411
56.908127
56.947788
56.987762
57.028076
57.068092
57.108128
57.147472
57.185738
57.223515
57.260593
57.296696
57.331787
57.366447
57.401531
57.436981
57.472057
57.506767
57.541779
57.577278
57.613689
57.651257
57.689564
57.727852
57.766495
57.804729
57.843044
57.880451
57.916866
57.952808
57.988079
58.022381
58.055855
58.088970
58.122433
58.156181
58.189842
58.223141
58.257633
58.292667
58.328403
58.364887
58.401409
58.436810
58.471397
58.506134
58.540367
58.573940
58.607422
58.640228
-0.000073
-0.001378
-0.002554
-0.002632
-0.001871
-0.000336
0.001910
0.004807
0.008301
0.012365
0.000009
0.000368
0.001519
0.003649
0.006649
0.010516
0.015236
0.020801
0.027153
0.034068
0.041536
0.049669
0.059045
0.069916
0.082307
0.096199
0.111462
0.127802
0.144666
0.161733
0.178905
0.196128
0.213401
0.230541
0.247564
0.264408
0.281070
0.297685
0.314469
0.331701
0.349323
0.367054
0.384740
0.402841
0.421559
0.441682
0.463609
0.486670
0.509889
0.532902
0.555563
0.577719
0.599562
0.620346
0.640934
0.661429
0.681819
0.702507
0.723427
0.744780
0.767007
0.789767
0.812835
0.836677
0.861705
0.887467
0.914323
0.942135
0.970403
0.999061
1.027717
1.056038
1.083988
1.112040
1.140193
1.167703
1.194857
1.221802
1.248795
1.276013
1.303732
1.331927
1.360585
1.388587
1.416363
1.444776
1.473920
1.504592
1.536506
1.569205
1.602467
1.636115
1.669570
1.702789
1.735671
1.768116
1.800103
1.831767
1.863433
1.895288
1.927744
1.960732
1.993510
2.026677
2.060560
2.095317
2.130597
2.166849
2.204357
2.242548
2.281010
2.318851
2.356175
2.393324
2.429906
2.466041
2.501614
2.536548
2.571117
2.605727
2.640539
2.675716
2.711027
2.746337
2.781622
2.817472
2.853942
2.891592
2.930416
2.969797
3.009356
3.048776
3.087651
3.126223
3.163761
3.200080
3.235423
3.270074
3.304426
3.338697
3.372841
3.407295
3.441792
3.476087
3.510266
3.545104
3.580778
3.617650
3.655668
3.694390
3.733507
3.772193
3.810225
3.847853
3.884848
3.921055
3.956607
3.991601
4.026331
4.060900
4.095452
4.130311
4.165188
4.199833
4.234450
4.269899
4.306125
4.343417
4.381697
4.420314
4.459043
4.497315
4.535060
4.572704
4.609668
4.646005
4.681680
4.716733
4.751371
4.785655
4.819951
4.854522
4.889153
4.923436
4.957547
4.992690
5.028449
5.064967
5.101971
5.139172
5.176445
5.213489
5.250333
5.286819
5.322539
5.357799
5.392542
5.426697
5.460513
5.494044
5.527730
5.561749
5.595992
5.630090
5.664145
5.698761
5.734025
5.769539
5.805048
5.841051
5.877125
5.913297
5.949673
5.985619
6.020785
6.055196
6.089062
6.122432
6.154902
6.186586
6.217765
6.248942
6.280262
6.311734
6.343143
6.374351
6.404953
6.434794
6.464709
6.494587
6.524609
-0.000085
-0.000583
-0.000542
0.000466
0.002317
0.004989
0.008470
0.012754
0.017689
0.023300
0.029718
0.037301
0.046477
0.057343
0.069821
0.083852
0.099333
0.116149
0.134217
0.153292
0.172893
0.192660
0.212367
0.232029
0.251525
0.270713
0.289554
0.308070
0.326656
0.345525
0.364691
0.384115
0.403784
0.423714
0.443900
0.464158
0.485060
0.506730
0.528398
0.551227
0.575444
0.600318
0.625865
0.652013
0.678714
0.705398
0.731974
0.758563
0.785284
0.812298
0.839732
0.867553
0.895046
0.922697
0.950126
0.976555
1.002008
1.027365
1.052778
1.077950
1.102653
1.127147
1.151288
1.175028
1.198789
1.222540
1.246162
-0.000027
-0.000438
-0.000545
0.000306
0.001999
0.004506
0.007831
0.011901
0.016720
0.022268
0.028521
0.035473
0.043119
0.051440
0.060416
0.070022
0.080231
0.091009
0.102318
0.114113
0.126351
0.139118
0.152221
0.165542
0.179019
0.192518
0.205975
0.219389
0.232756
0.246039
0.259182
0.272208
0.285267
0.298127
0.310086
0.320718
0.329885
0.337626
0.344199
-0.000041
-0.000880
-0.001483
-0.001076
0.000151
0.002167
0.004973
0.008545
0.012970
0.018212
0.024286
0.031640
0.040602
0.051150
0.063258
0.076912
0.092148
0.108974
0.127281
0.146574
0.166763
0.188017
0.208782
0.229150
0.249402
0.269640
0.289564
0.308979
0.327990
0.346904
0.365737
0.384663
0.403659
0.422676
0.441652
0.460495
0.479180
0.497818
0.516845
0.536114
0.555282
0.574320
0.593489
0.612833
0.631913
0.651800
0.672878
0.695477
0.719652
0.744907
0.771209
0.798396
0.825375
0.851731
-0.000032
-0.000208
0.000314
0.001906
0.004361
0.007696
0.011888
0.016882
0.022707
0.029300
0.036737
0.045004
0.054615
0.065768
0.078466
0.092641
0.108558
0.125530
0.143184
0.161901
0.181881
0.202695
0.223393
0.243268
0.262928
0.282663
0.302398
0.322102
0.341561
0.360694
-0.000017
-0.000226
0.000063
0.001356
0.003542
0.006586
0.010460
0.015148
0.020634
0.026908
0.033958
0.041780
0.050368
0.059718
0.069827
0.080689
0.092288
0.104601
0.117602
0.131242
0.145456
0.160188
0.175393
0.190948
0.206671
0.222422
0.238080
0.253565
0.268825
0.283783
0.298476
0.312840
0.327061
0.341101
0.354969
0.368719
0.382397
0.396253
0.410302
-0.000022
-0.000261
0.000048
0.001363
0.003520
0.006494
0.010268
0.014835
0.020182
0.026302
0.033189
0.040837
0.049241
0.058398
0.068300
0.078936
0.090290
0.102346
0.115087
0.128489
0.142528
0.157191
0.172383
0.187895
0.203438
0.218767
0.233792
0.248559
0.263126
0.277502
0.291681
0.305606
0.318890
0.331467
0.343474
0.354498
0.364604
0.374243
0.383803
0.394224
0.404963
0.415516
0.425485
-0.000106
-0.001887
-0.003798
-0.004782
-0.004971
-0.004388
-0.003055
-0.000991
0.001786
0.005257
0.009411
0.014242
0.019745
0.025913
0.032741
0.040223
0.048352
0.057123
0.066532
0.076679
0.087609
0.099173
0.111039
0.122811
0.134131
0.145042
0.155678
0.166056
0.176333
0.186540
0.196678
0.206712
0.216576
0.226161
0.235615
0.244786
0.253966
0.263623
0.273296
0.282427
0.290808
-0.000061
-0.001198
-0.002337
-0.002536
-0.001949
-0.000593
0.001474
0.004434
0.008590
0.013945
0.020347
0.027528
0.036033
0.046109
0.057945
0.070537
0.083308
0.096258
0.109380
0.122684
0.136141
0.149748
0.163387
0.177129
0.191059
0.205192
0.219379
0.233335
0.246762
0.259547
0.271826
0.284343
-0.000038
-0.000396
-0.000216
0.000933
0.002918
0.005705
0.009273
0.013597
0.018651
0.024416
0.030899
0.038227
0.046508
0.055604
0.065436
0.076504
0.089016
0.102921
0.117888
0.133561
0.149746
0.166115
0.182702
0.199344
0.216089
0.232847
0.250010
0.266834
0.283027
0.298785
0.314320
0.329733
0.345312
0.361117
0.377029
0.392769
0.408458
0.424212
0.440140
0.456831
0.474442
0.492873
0.512035
0.531734
0.552009
0.572823
0.594093
0.615738
0.637552
0.659283
0.680670
0.701608
0.721680
0.740811
-0.000093
-0.001075
-0.001811
-0.001601
-0.000556
0.001319
0.003991
0.007476
0.011773
0.016877
0.022783
0.029491
0.037010
0.045350
0.054521
0.064531
0.075383
0.087077
0.099594
0.112903
0.127025
0.141868
0.157162
0.172495
0.187472
0.201970
0.216143
0.230122
0.243871
0.257439
0.270699
0.283437
0.295462
0.307506
0.319527
0.331378
0.342731
0.353017
0.362043
0.370112
0.377952
0.386095
0.394948
-0.000009
0.000268
0.001494
0.003701
0.006721
0.010548
0.015170
0.020579
0.026615
0.033111
0.040429
0.048815
0.058722
0.070186
0.083099
0.097477
0.113295
0.130451
0.148877
0.168271
0.188276
0.208488
0.228670
0.248872
0.268963
0.288628
0.307831
0.326825
0.345926
0.365275
0.385078
0.405470
0.426054
0.446659
0.467453
0.488126
0.509363
0.531718
0.555321
0.579834
0.604835
0.630018
0.655200
0.680238
0.705037
-0.000027
-0.000338
-0.000091
0.001204
0.003343
0.006321
0.010121
0.014746
0.020065
0.025958
0.032672
0.040417
0.049678
0.060589
0.073094
0.087138
0.102628
0.119457
0.137488
0.156359
0.175529
0.194756
0.213915
0.233100
0.252105
0.270813
0.289227
0.307428
0.325642
0.344096
0.363097
0.382530
0.402148
0.421943
0.441823
0.462266
0.483786
0.506694
0.530797
0.555357
0.579973
0.604550
0.629402
0.654283
0.678216
0.701780
0.725207
0.748586
0.771854
0.795070
0.818462
0.842117
0.865633
0.888896
0.912652
0.936913
0.962284
0.989001
1.017235
1.046480
1.075737
1.103405
1.130361
1.156902
1.182168
1.207214
1.232189
1.257079
1.281861
1.306609
1.331366
1.356133
1.380474
1.404464
1.429023
1.454524
1.481484
1.510109
1.539201
1.568071
1.596738
1.624555
1.651435
1.677741
1.702832
1.727687
1.752401
1.776984
1.801374
1.825648
1.849971
1.874416
1.898800
1.923023
1.947774
1.973244
1.999843
2.027826
2.056910
2.086193
2.115187
2.142890
2.169856
2.196373
2.221617
2.246663
2.271613
2.296472
2.321210
2.345888
2.370578
2.395313
2.419402
2.443163
2.467500
2.492812
2.519653
2.548177
2.577174
2.605956
2.634583
2.662704
2.689913
2.715975
2.740870
2.765514
2.789995
2.814298
2.838395
2.862378
2.886445
2.910708
2.934813
2.958619
2.982955
3.008036
3.034347
3.062252
3.091247
3.120378
3.149256
3.177268
3.204473
3.231146
3.256544
3.281688
3.306684
3.331523
3.356164
3.380680
3.405160
3.429678
3.453737
3.477481
3.501758
3.526868
3.553315
3.581467
3.610373
3.639146
3.667702
3.695748
3.722897
3.749155
3.774192
3.798961
3.823524
3.847878
3.871981
3.895911
3.919842
3.943883
3.967644
3.991111
4.015154
4.039916
4.065869
4.093425
4.122145
4.150983
4.179588
4.207660
4.234917
4.261474
4.286789
4.311843
4.336658
4.361229
4.385509
4.409554
4.433509
4.457497
4.481019
4.504282
4.528113
4.552705
4.578594
4.606207
4.634711
4.663112
4.691285
4.719197
4.746426
4.772402
4.797169
4.821657
4.845895
4.869880
4.893578
4.917043
4.940480
4.964032
4.987138
5.009961
5.033402
5.057570
5.082998
5.110184
5.138487
5.166773
5.194806
5.222594
5.249726
5.275403
5.299919
5.324194
5.348207
5.371960
5.395428
5.418667
5.441892
5.465223
5.487867
5.510295
5.533395
5.557248
5.582432
5.609464
5.637523
5.665458
5.693146
5.720610
5.747364
5.772598
5.796762
5.820710
5.844394
5.867825
5.890992
5.913949
5.936904
5.959877
5.982060
6.004101
6.026842
6.050384
6.075344
6.102255
6.130054
6.157629
6.184960
6.211979
6.238234
6.263072
6.286923
6.310565
6.333937
6.357048
6.379894
6.402542
6.425191
6.447910
6.469857
6.491626
6.514113
6.537339
6.561941
6.588540
6.616271
6.643878
6.671217
6.698231
6.724252
6.748845
6.772479
6.795918
6.819106
6.842058
6.864779
6.887364
6.910011
6.932688
6.954519
6.976254
6.998734
7.022010
7.046733
7.073504
7.101284
7.128857
7.156164
7.183127
7.209124
7.233710
7.257354
7.280811
7.304009
7.326967
7.349693
7.372244
7.394824
7.417303
7.438951
7.460552
7.482913
7.506121
7.530869
7.557711
7.585363
7.612716
7.639812
7.666550
7.692485
7.717111
7.740780
7.764244
7.787448
7.810410
7.833140
7.855686
7.878252
7.900779
7.922455
7.944062
7.966418
7.989584
8.014224
8.040967
8.068842
8.096584
8.124040
8.150977
8.177091
8.201963
8.225863
8.249557
8.272985
8.296169
8.319097
8.341821
8.364565
8.387351
8.409319
8.431170
8.453746
8.477052
8.501718
8.528455
8.556766
8.585120
8.613153
8.640903
8.667019
8.691628
8.715246
8.738735
8.762019
8.785074
8.807928
8.830648
8.853479
8.876277
8.898210
8.920074
8.942719
8.966241
8.991217
9.018247
9.046425
9.074459
9.102192
9.129410
9.155735
9.180634
9.204544
9.228252
9.251678
9.274839
9.297727
9.320358
9.342967
9.365342
9.386996
9.408651
9.431085
9.454361
9.479156
9.506016
9.533674
9.561053
9.588190
9.615149
9.640866
9.665135
9.688461
9.711598
9.734513
9.757230
9.779764
9.802122
9.824564
9.847201
9.869580
9.891777
9.914644
9.938102
9.962749
9.989161
10.017435
10.046214
10.074644
10.101788
10.128112
10.153237
10.177320
10.201313
10.225128
10.248695
10.271995
10.295088
10.318040
10.340250
10.361949
10.383690
10.406075
10.429227
10.453893
10.480461
10.507769
10.534829
10.561609
10.587914
10.612946
10.636797
10.659844
10.682752
10.705500
10.728095
10.750548
10.772960
10.795532
10.818210
10.840057
10.861767
10.884179
10.907435
10.932129
10.958832
10.986671
11.014400
11.041815
11.068507
11.094369
11.119020
11.142738
11.166272
11.189533
11.212521
11.235254
11.257846
11.280470
11.303118
11.324965
11.346665
11.369069
11.392172
11.416648
11.443213
11.471226
11.499234
11.526918
11.553983
11.579128
11.602970
11.625953
11.648796
11.671456
11.693913
11.716253
11.738629
11.761230
11.784073
11.806483
11.828585
11.851411
11.874928
11.899689
11.926387
11.954839
11.983423
12.011621
12.038922
12.064951
12.089504
12.113132
12.136613
12.159843
12.182823
12.205544
12.228095
12.250663
12.273155
12.294851
12.316469
12.338824
12.361890
12.386345
12.412821
12.440384
12.467791
12.494906
12.521221
12.545763
12.569159
12.591834
12.614391
12.636777
12.658971
12.681044
12.703187
12.725571
12.748254
12.770651
12.792677
12.815337
12.838671
12.863201
12.889625
12.917966
12.946589
12.974744
13.001543
13.027222
13.051511
13.074924
13.098192
13.121182
13.143891
13.166337
13.188560
13.210754
13.232411
13.253492
13.274601
13.296449
13.319096
13.343184
13.369106
13.395685
13.421985
13.447990
13.472763
13.496522
13.519420
13.541715
13.563718
13.585319
13.606612
13.627789
13.649052
13.670685
13.692693
13.714562
13.736136
13.758265
13.781094
13.805137
13.831045
13.858608
13.886394
13.913692
13.939679
13.965031
13.989643
14.013374
14.036945
14.060218
14.083192
14.105892
14.128390
14.150850
14.173203
14.194788
14.216295
14.238430
14.261271
14.285464
14.311534
14.338543
14.365417
14.392000
14.418026
14.442781
14.466440
14.489293
14.512037
14.534617
14.557004
14.579280
14.601595
14.624131
14.646953
14.669495
14.691709
14.714510
14.738046
14.762729
14.789203
14.817323
14.845650
14.873409
14.899736
14.925385
14.950059
14.973822
14.997425
15.020761
15.043795
15.066556
15.089116
15.111666
15.133974
15.155571
15.177167
15.199423
15.222425
15.246844
15.273120
15.300097
15.326815
15.353267
15.379436
15.404683
15.428816
15.452040
15.474970
15.497554
15.519833
15.541928
15.564017
15.586350
15.608820
15.630795
15.652542
15.674911
15.697847
15.722073
15.748078
15.775557
15.803224
15.830601
15.857205
15.883075
15.908449
15.932846
15.957024
15.980844
16.004351
16.027559
16.050573
16.073563
16.096594
16.118891
16.141022
16.163776
16.187185
16.211899
16.238533
16.266550
16.294582
16.322283
16.349653
16.375469
16.399839
16.423225
16.446428
16.469381
16.492090
16.514595
16.536991
16.559523
16.582027
16.603703
16.625313
16.647606
16.670677
16.695158
16.721626
16.749403
16.777149
16.804613
16.831577
16.857761
16.882671
16.906586
16.930273
16.953644
16.976730
16.999527
17.022095
17.044638
17.067139
17.088848
17.110487
17.132828
17.155895
17.180391
17.206936
17.234718
17.262381
17.289749
17.316839
17.342447
17.366631
17.389912
17.413034
17.435921
17.458578
17.481052
17.503424
17.525871
17.548437
17.570267
17.591927
17.614309
17.637405
17.661869
17.688433
17.716541
17.744652
17.772408
17.799311
17.825428
17.850384
17.874357
17.898138
17.921621
17.944815
17.967716
17.990377
18.012995
18.035320
18.056944
18.078577
18.100952
18.124096
18.148745
18.175514
18.203377
18.231047
18.258427
18.285572
18.311268
18.335541
18.358900
18.382067
18.404989
18.427677
18.450169
18.472473
18.494778
18.517208
18.539249
18.561089
18.583637
18.606817
18.631260
18.657721
18.685984
18.714424
18.742434
18.769709
18.796139
18.821323
18.845459
18.869419
18.893143
18.916599
18.939758
18.962692
18.985575
19.007715
19.029362
19.050997
19.073351
19.096392
19.120899
19.147549
19.175594
19.203617
19.231272
19.258268
19.283117
19.306805
19.329826
19.352720
19.375484
19.398090
19.420593
19.443069
19.465687
19.488274
19.510166
19.532053
19.554697
19.578274
19.603447
19.630398
19.657776
19.684868
19.711739
19.738403
19.764631
19.789400
19.813089
19.836538
19.859747
19.882685
19.905359
19.927731
19.950089
19.972618
19.994904
20.017090
20.039907
20.063208
20.087746
20.114012
20.141966
20.170225
20.198017
20.224394
20.250101
20.275412
20.299807
20.324066
20.348070
20.371805
20.395296
20.418646
20.441963
20.465025
20.487274
20.509361
20.531927
20.555164
20.579710
20.606243
20.633875
20.661337
20.688522
20.715557
20.741457
20.765966
20.789406
20.812622
20.835655
20.858458
20.881086
20.903608
20.926268
20.948927
20.970860
20.992525
21.014757
21.037809
21.062181
21.088524
21.116104
21.143682
21.170986
21.197826
21.223839
21.249067
21.273113
21.296915
21.320406
21.343620
21.366550
21.389244
21.411903
21.434629
21.456676
21.478390
21.500671
21.523651
21.547871
21.574093
21.601820
21.629610
21.657099
21.684387
21.710272
21.734777
21.758247
21.781527
21.804590
21.827478
21.850197
21.872791
21.895491
21.918327
21.940498
21.962341
21.984802
22.008043
22.032557
22.059050
22.086815
22.114536
22.141979
22.168926
22.194975
22.220230
22.244333
22.268190
22.291737
22.315008
22.338007
22.360752
22.383469
22.406235
22.428421
22.450264
22.472677
22.495762
22.520041
22.546282
22.574173
22.602186
22.629898
22.657398
22.683544
22.708229
22.731829
22.755234
22.778408
22.801376
22.824160
22.846848
22.869621
22.892466
22.914566
22.936420
22.958885
22.982164
23.006737
23.033289
23.061024
23.088671
23.116041
23.143103
23.169403
23.194675
23.218750
23.242577
23.266106
23.289387
23.312399
23.335114
23.357769
23.380386
23.402317
23.424000
23.446276
23.469316
23.493647
23.519972
23.547356
23.574642
23.601662
23.628525
23.654892
23.680025
23.703987
23.727697
23.751171
23.774412
23.797419
23.820185
23.842928
23.865700
23.887743
23.909475
23.931824
23.954903
23.979240
24.005583
24.033360
24.061188
24.088692
24.115824
24.142120
24.167538
24.191732
24.215687
24.239361
24.262762
24.285900
24.308775
24.331606
24.354425
24.376528
24.398371
24.420805
24.443956
24.468348
24.494745
24.522758
24.550863
24.578661
24.606209
24.632614
24.657536
24.681343
24.704916
24.728273
24.751379
24.774263
24.796930
24.819614
24.842346
24.864334
24.886112
24.908514
24.931684
24.956133
24.982544
25.010330
25.038116
25.065607
25.092876
25.119303
25.144392
25.168322
25.192009
25.215450
25.238642
25.261591
25.284292
25.306942
25.329613
25.351562
25.373274
25.395607
25.418688
25.442999
25.469278
25.496851
25.524387
25.551643
25.578695
25.605171
25.630335
25.654329
25.678083
25.701578
25.724854
25.747869
25.770664
25.793430
25.816175
25.838099
25.859806
25.882135
25.905245
25.929628
25.956020
25.983736
26.011423
26.038799
26.065901
26.092247
26.117321
26.141251
26.164936
26.188354
26.211529
26.234463
26.257154
26.279802
26.302500
26.324511
26.346226
26.368555
26.391628
26.415934
26.442240
26.470051
26.497910
26.525459
26.552755
26.579144
26.604151
26.628023
26.651659
26.675047
26.698196
26.721119
26.743813
26.766512
26.789312
26.811634
26.833574
26.856140
26.879374
26.903788
26.930115
26.958115
26.986261
27.014063
27.041616
27.068333
27.093559
27.117584
27.141392
27.164955
27.188259
27.211325
27.234186
27.257040
27.279940
27.302094
27.323978
27.346489
27.369780
27.394289
27.420725
27.448780
27.476950
27.504765
27.532326
27.558990
27.584167
27.608183
27.631956
27.655485
27.678770
27.701815
27.724625
27.747416
27.770258
27.792414
27.814320
27.836830
27.860104
27.884619
27.911005
27.938612
27.966145
27.993397
28.020430
28.046928
28.071947
28.095755
28.119318
28.142641
28.165745
28.188654
28.211317
28.233927
28.256647
28.279146
28.301191
28.323847
28.347103
28.371391
28.397511
28.425411
28.453577
28.481356
28.508604
28.534916
28.560379
28.584583
28.608574
28.632298
28.655758
28.678944
28.701878
28.724775
28.747660
28.769796
28.791601
28.813955
28.836903
28.861008
28.887096
28.914967
28.943020
28.970699
28.998085
29.023987
29.048481
29.071901
29.095129
29.118130
29.140892
29.163452
29.185871
29.208378
29.231049
29.253023
29.274633
29.296850
29.319782
29.343916
29.369961
29.397840
29.425945
29.453703
29.481150
29.507387
29.532164
29.555819
29.579271
29.602470
29.625420
29.648140
29.670671
29.693207
29.715641
29.737324
29.758833
29.780964
29.803942
29.828260
29.854517
29.881840
29.909006
29.935884
29.962572
29.988564
30.013227
30.036812
30.060177
30.083317
30.106232
30.128956
30.151436
30.173872
30.196289
30.217936
30.239351
30.261385
30.284203
30.308249
30.334295
30.361555
30.388762
30.415653
30.442242
30.468210
30.493414
30.517448
30.541264
30.564781
30.588045
30.611053
30.633820
30.656517
30.679293
30.701384
30.723110
30.745415
30.768419
30.792559
30.818676
30.846828
30.875259
30.903301
30.931044
30.957588
30.982601
31.006468
31.030115
31.053551
31.076727
31.099695
31.122465
31.145264
31.168137
31.190292
31.212166
31.234667
31.257917
31.282352
31.308714
31.336842
31.365145
31.393072
31.420753
31.447338
31.472382
31.496264
31.519934
31.543400
31.566656
31.589695
31.612558
31.635401
31.658255
31.680304
31.702187
31.724743
31.748096
31.772696
31.799202
31.826929
31.854582
31.881931
31.909033
31.935619
31.960926
31.984970
32.008759
32.032295
32.055588
32.078629
32.101398
32.124069
32.146641
32.168484
32.189934
32.211842
32.234558
32.258430
32.284256
32.311409
32.338581
32.365433
32.392117
32.418228
32.443195
32.466934
32.490353
32.513573
32.536583
32.559376
32.581978
32.604561
32.627254
32.649330
32.670940
32.693001
32.715832
32.739784
32.765682
32.793209
32.820896
32.848240
32.875320
32.901642
32.926903
32.950882
32.974545
32.997974
33.021172
33.044151
33.066883
33.089573
33.112320
33.134418
33.156105
33.178226
33.201149
33.225189
33.251148
33.278603
33.306164
33.333408
33.360481
33.386921
33.412060
33.435955
33.459526
33.482903
33.506092
33.529079
33.551815
33.574512
33.597294
33.619804
33.641697
33.664028
33.687069
33.711159
33.737106
33.764782
33.792683
33.820229
33.847549
33.874214
33.899738
33.923882
33.947697
33.971291
33.994629
34.017742
34.040615
34.063450
34.086395
34.108921
34.130844
34.153217
34.176323
34.200489
34.226498
34.254395
34.282593
34.310425
34.338051
34.364830
34.390102
34.414066
34.437717
34.461182
34.484417
34.507442
34.530289
34.553116
34.576046
34.598381
34.620255
34.642597
34.665730
34.689964
34.716015
34.743641
34.771454
34.798954
34.826256
34.853046
34.878487
34.902565
34.926277
34.949810
34.973148
34.996281
35.019257
35.042183
35.065163
35.087761
35.109787
35.132233
35.155472
35.179764
35.205849
35.233288
35.260746
35.287888
35.314808
35.341389
35.366802
35.390881
35.414608
35.438126
35.461449
35.484562
35.507484
35.530350
35.553276
35.575855
35.597839
35.620255
35.643429
35.667603
35.693611
35.721245
35.749046
35.776474
35.803665
35.830212
35.855667
35.879784
35.903564
35.927124
35.950436
35.973541
35.996422
36.019272
36.042225
36.064854
36.086876
36.109310
36.132484
36.156673
36.182682
36.210438
36.238445
36.266075
36.293507
36.320412
36.345848
36.369934
36.393703
36.417301
36.440697
36.463928
36.487038
36.510105
36.533287
36.555927
36.578033
36.600590
36.623974
36.648441
36.674732
36.702347
36.730026
36.757366
36.784466
36.810898
36.836517
36.860821
36.884796
36.908504
36.931973
36.955219
36.978203
37.001122
37.024124
37.046951
37.069157
37.091709
37.114937
37.139114
37.165028
37.192818
37.220989
37.248821
37.276417
37.303314
37.328903
37.353081
37.376884
37.400497
37.423882
37.447033
37.469994
37.492920
37.515972
37.538670
37.560726
37.583241
37.606476
37.630726
37.656754
37.684681
37.712948
37.740852
37.768528
37.795547
37.821007
37.845093
37.868855
37.892437
37.915810
37.939018
37.962051
37.985081
38.008175
38.030624
38.052643
38.075081
38.098354
38.122753
38.148952
38.176399
38.203854
38.230957
38.257858
38.284195
38.309673
38.333843
38.357697
38.381268
38.404610
38.427715
38.450600
38.473419
38.496330
38.519123
38.541256
38.563770
38.586903
38.610958
38.636703
38.664387
38.692539
38.720310
38.747761
38.774521
38.800095
38.824272
38.848125
38.871754
38.895157
38.918285
38.941185
38.964012
38.986935
39.009190
39.030949
39.053112
39.076042
39.099991
39.125782
39.153572
39.181782
39.209602
39.237141
39.263874
39.289097
39.313042
39.336685
39.360138
39.383312
39.406258
39.428974
39.451653
39.474289
39.496197
39.517864
39.539970
39.562950
39.587090
39.613075
39.640522
39.668118
39.695427
39.722569
39.749146
39.774761
39.798969
39.822830
39.846416
39.869747
39.892818
39.915546
39.938084
39.960590
39.982967
40.004726
40.026882
40.049667
40.073368
40.098934
40.126396
40.154179
40.181595
40.208717
40.235176
40.260906
40.285263
40.309277
40.332981
40.356426
40.379608
40.402481
40.425282
40.448044
40.470131
40.491783
40.513855
40.536686
40.560551
40.586357
40.614201
40.642456
40.670307
40.697868
40.724609
40.750229
40.774448
40.798283
40.821877
40.845192
40.868225
40.890957
40.913589
40.935818
40.957371
40.978733
41.000572
41.023281
41.047192
41.073063
41.100163
41.127247
41.154072
41.180748
41.207043
41.232101
41.255913
41.279385
41.302631
41.325665
41.348476
41.371002
41.393368
41.415722
41.437489
41.458790
41.480618
41.503056
41.526539
41.551964
41.578949
41.606140
41.632992
41.659580
41.685501
41.710983
41.735325
41.759346
41.783054
41.806507
41.829700
41.852615
41.875465
41.898361
41.920643
41.942463
41.964706
41.987640
42.011627
42.037537
42.065567
42.094002
42.122066
42.149872
42.176720
42.202229
42.226376
42.250168
42.273739
42.297070
42.320164
42.342991
42.365726
42.388069
42.409733
42.431187
42.453129
42.475975
42.500084
42.526131
42.553192
42.580170
42.606895
42.633507
42.659615
42.684967
42.709030
42.732746
42.756180
42.779396
42.802357
42.824978
42.847424
42.869873
42.892113
42.913750
42.935810
42.958508
42.982204
43.007786
43.035316
43.063160
43.090633
43.117741
43.143936
43.169575
43.193913
43.217911
43.241657
43.265171
43.288422
43.311405
43.334339
43.357166
43.379303
43.401020
43.423187
43.446014
43.469902
43.495789
43.523754
43.552097
43.580044
43.607582
43.634087
43.659462
43.683468
43.707115
43.730526
43.753689
43.776588
43.799194
43.821739
43.843754
43.865299
43.886639
43.908417
43.931038
43.954865
43.980762
44.008327
44.036091
44.063545
44.090755
44.117065
44.142120
44.165916
44.189362
44.212574
44.235538
44.258278
44.280697
44.302971
44.325001
44.346367
44.367466
44.389061
44.411491
44.435074
44.460632
44.487469
44.514305
44.540859
44.567211
44.593060
44.618008
44.641830
44.665325
44.688572
44.711578
44.734341
44.756855
44.779270
44.801769
44.824120
44.845974
44.868439
44.891479
44.915558
44.941490
44.969498
44.998142
45.026428
45.053970
45.080463
45.106148
45.130531
45.154686
45.178627
45.202286
45.225662
45.248772
45.271820
45.294224
45.316116
45.337856
45.360168
45.383224
45.407578
45.433952
45.461807
45.489674
45.517197
45.544495
45.570942
45.595879
45.619701
45.643288
45.666649
45.689754
45.712616
45.735229
45.757793
45.779812
45.801327
45.822750
45.844841
45.867832
45.892212
45.918602
45.946266
45.973942
46.001305
46.028427
46.054844
46.080006
46.103992
46.127739
46.151161
46.174320
46.197243
46.219864
46.242344
46.264885
46.286774
46.308361
46.330524
46.353413
46.377487
46.403572
46.431335
46.459229
46.486801
46.514114
46.540653
46.565754
46.589684
46.613369
46.636829
46.660034
46.682999
46.705730
46.728458
46.751129
46.773026
46.794704
46.817051
46.840176
46.864578
46.891003
46.918941
46.946911
46.974545
47.001865
47.028389
47.053600
47.077606
47.101379
47.124870
47.148113
47.171108
47.193825
47.216461
47.239006
47.260807
47.282452
47.304710
47.327759
47.352085
47.378422
47.406033
47.433598
47.460876
47.487938
47.514420
47.539642
47.563675
47.587444
47.610970
47.634251
47.657318
47.680084
47.702835
47.725597
47.747639
47.769405
47.791805
47.814926
47.839302
47.865688
47.893555
47.921436
47.948994
47.976250
48.002754
48.028156
48.052326
48.076260
48.099899
48.123299
48.146427
48.169296
48.192081
48.214863
48.236942
48.258789
48.281250
48.304459
48.328888
48.355286
48.383327
48.411457
-0.000023
-0.000157
-0.000419
-0.000139
0.001004
0.002959
0.005736
0.009015
0.012694
0.017254
0.023189
0.030883
0.040349
0.051532
0.064315
0.078581
0.094232
0.111148
0.129299
0.148779
0.169401
0.190884
0.213025
0.235414
0.257784
0.280022
0.301856
0.323259
0.344272
0.365090
0.385983
0.407129
0.428868
0.451248
0.473903
0.496623
0.519094
0.542265
0.566346
0.591896
0.619111
0.647826
0.677530
0.707756
0.738516
0.769826
0.800606
0.831027
0.861143
0.890910
0.920588
0.950434
0.980490
1.010825
1.041324
1.071307
1.101338
1.131381
1.162354
1.194578
1.228249
1.263525
1.299963
1.336656
1.372589
1.408334
1.442448
1.475932
1.509149
1.542186
1.574783
1.607003
1.639186
1.671548
1.704153
1.736485
1.769208
1.802731
1.836971
1.872081
1.908300
1.945190
1.982267
2.019276
2.055972
2.092406
2.128068
2.163248
2.198091
2.232688
2.266737
2.300262
2.333631
2.367079
2.400627
2.433973
2.467609
2.501569
2.536042
2.571301
2.607620
2.644648
2.681756
2.718709
2.755581
2.792252
2.827796
2.862597
2.897100
2.931327
2.965050
2.998333
3.031505
3.064787
3.098233
3.131238
3.164278
3.197776
3.231991
3.267174
3.303503
3.340717
3.378075
3.415312
3.452169
3.488588
3.524153
3.558944
3.593360
3.627601
3.661607
3.695343
3.728906
3.762523
3.796275
3.829325
3.862373
3.895917
3.930170
3.965445
4.002026
4.039701
4.077558
4.115247
4.152008
4.188333
4.223743
4.258341
4.292596
4.326638
4.360433
4.393951
4.427253
4.460588
4.493917
4.526339
4.558802
4.591723
4.625455
4.660534
4.697096
4.734185
4.771096
4.807928
4.844844
4.881722
4.916781
4.950934
4.984663
5.018117
5.051281
5.084095
5.116667
5.149271
5.182052
5.214227
5.246499
5.278970
5.311795
5.345601
5.380980
5.417995
5.455519
5.492657
5.528459
5.564126
5.598567
5.632069
5.665133
5.697969
5.730586
5.762966
5.795142
5.826237
5.856916
5.887336
5.917815
5.948845
5.981011
6.014762
6.049448
6.084297
6.119037
6.153608
6.188292
6.222740
6.255962
6.288571
6.320850
6.352809
6.384328
6.415240
6.445922
6.476794
6.507891
6.538335
6.568872
6.599742
6.631290
6.664206
6.698885
6.734769
6.770805
6.806693
6.842060
6.877038
6.911294
6.944825
6.977971
7.010846
7.043523
7.076024
7.108397
7.140753
7.173142
7.204692
7.236308
7.268202
7.300639
7.334321
7.369761
7.406557
7.443572
7.480375
7.516642
7.552381
7.586968
7.620693
7.654033
7.687144
7.720038
7.752717
7.785203
7.817362
7.848705
7.879656
7.910758
7.942229
7.974440
8.007992
8.043303
8.079967
8.116917
8.153683
8.189689
8.225255
8.259748
8.293397
8.326598
8.359500
8.392174
8.424670
8.457025
8.488576
8.519347
8.549751
8.580346
8.611535
8.643636
8.677155
8.712440
8.748443
8.784396
8.820240
8.855268
8.889967
8.923577
8.956449
8.988800
9.020818
9.052762
9.084671
9.116590
9.148380
9.179270
9.209636
9.240194
9.271168
9.302853
9.335981
9.370868
9.406560
9.442265
9.477968
9.512959
9.547639
9.581465
9.614553
9.647139
9.679410
9.711595
9.743726
9.775806
9.807908
9.839640
9.870670
9.901829
9.933407
9.965711
9.999308
10.034611
10.071055
10.107679
10.144238
10.180133
10.215603
10.250032
10.283608
10.316685
10.349449
10.382030
10.414474
10.446808
10.479066
10.510530
10.541444
10.572512
10.603990
10.636236
10.669791
10.705092
10.741540
10.778159
10.814647
10.850331
10.885610
10.919888
10.953331
10.986298
11.018964
11.051478
11.083858
11.116112
11.148299
11.179805
11.210665
11.241710
11.273153
11.305362
11.338893
11.374209
11.410660
11.447217
11.483615
11.519272
11.554539
11.588816
11.622266
11.655239
11.687900
11.720348
11.752640
11.784804
11.816591
11.847452
11.877897
11.908509
11.939630
11.971558
12.004863
12.039950
12.075984
12.112062
12.148008
12.183135
12.217928
12.251786
12.284883
12.317472
12.349730
12.381834
12.413826
12.445732
12.477241
12.507813
12.537971
12.568307
12.599185
12.630886
12.663992
12.698889
12.734630
12.770391
12.806056
12.840952
12.875547
12.909243
12.942192
12.974645
13.006776
13.038795
13.070756
13.102675
13.134472
13.165419
13.195864
13.226487
13.257510
13.289255
13.322388
13.357277
13.393281
13.429473
13.465547
13.500988
13.536042
13.570114
13.603379
13.636160
13.668634
13.700971
13.733228
13.765413
13.797509
13.828733
13.859404
13.890279
13.921509
13.953464
13.986758
14.021750
14.057957
14.094425
14.130769
14.166517
14.201843
14.236312
14.269977
14.303154
14.335985
14.368647
14.401188
14.433616
14.465863
14.497176
14.527951
14.558915
14.590360
14.622641
14.656253
14.691602
14.727681
14.763718
14.799691
14.834923
14.869820
14.903804
14.937013
14.969720
15.002100
15.034326
15.066461
15.098521
15.130448
15.161535
15.192163
15.222909
15.254157
15.286175
15.319509
15.354596
15.390635
15.426767
15.462856
15.498261
15.533322
15.567428
15.600720
15.633511
15.665981
15.698321
15.730559
15.762711
15.794851
15.826422
15.857282
15.888306
15.919748
15.951894
15.985312
16.020472
16.056873
16.093485
16.129944
16.165810
16.201254
16.235678
16.269239
16.302324
16.335087
16.367653
16.400070
16.432350
16.464359
16.495392
16.525974
16.556730
16.587986
16.620054
16.653456
16.688612
16.724726
16.760895
16.796928
16.832121
16.866972
16.900862
16.933969
16.966599
16.998919
17.031092
17.063164
17.095163
17.126932
17.157761
17.188141
17.218689
17.249765
17.281643
17.314899
17.349939
17.385889
17.421877
17.457737
17.492785
17.527500
17.561287
17.594313
17.626886
17.659174
17.691328
17.723408
17.755428
17.787296
17.818275
17.848776
17.879457
17.910532
17.942314
17.975445
18.010326
18.046385
18.082661
18.118805
18.154297
18.189390
18.223576
18.256973
18.289919
18.322577
18.355106
18.387558
18.419918
18.452267
18.483929
18.514858
18.546017
18.577625
18.609999
18.643658
18.679041
18.715418
18.751883
18.788191
18.823721
18.858824
18.892960
18.926298
18.959229
18.991926
19.024500
19.056957
19.089329
19.121693
19.154104
19.185663
19.217344
19.249363
19.281919
19.315659
19.351109
19.387850
19.424795
19.461487
19.497826
19.533710
19.568420
19.602266
19.635704
19.668909
19.701897
19.734678
19.767246
19.799391
19.830639
19.861504
19.892511
19.923937
19.956097
19.989546
20.024742
20.061172
20.097837
20.134274
20.169821
20.204996
20.239122
20.272449
20.305355
20.338005
20.370428
20.402679
20.434845
20.466013
20.496538
20.526802
20.557173
20.588085
20.619804
20.652960
20.687687
20.723307
20.759163
20.794926
20.830069
20.864901
20.898746
20.931776
20.964249
20.996311
21.028290
21.060156
21.091974
21.123812
21.155684
21.186663
21.217798
21.249151
21.281057
21.314173
21.348961
21.385317
21.422062
21.458605
21.494497
21.529881
21.564589
21.598574
21.632143
21.665396
21.698412
21.731209
21.763813
21.796307
21.828014
21.859156
21.890421
21.922012
21.954336
21.987953
22.023268
22.059900
22.096840
22.133602
22.169857
22.205658
22.240633
22.274752
22.308374
22.341589
22.374575
22.407345
22.439957
22.472456
22.504124
22.535189
22.566406
22.597958
22.630249
22.663841
22.699139
22.735615
22.772314
22.808853
22.844721
22.880171
22.914839
22.948690
22.982006
23.014923
23.047625
23.080145
23.112501
23.144808
23.176405
23.207329
23.238396
23.269728
23.301710
23.334974
23.369890
23.406240
23.443010
23.479645
23.515879
23.551687
23.586708
23.620886
23.654522
23.687712
23.720636
23.753336
23.785852
23.818056
23.849215
23.879847
23.910656
23.942017
23.974220
24.007734
24.042976
24.079050
24.115181
24.151253
24.186651
24.221725
24.256073
24.289650
24.322657
24.355221
24.387600
24.419825
24.451925
24.483971
24.516104
24.547453
24.578850
24.610661
24.643148
24.676918
24.712452
24.749208
24.786079
24.822695
24.858780
24.894361
24.928942
24.962646
24.995852
25.028761
25.061417
25.093796
25.125982
25.158125
25.190298
25.221622
25.252979
25.284786
25.317163
25.350824
25.386339
25.423325
25.460594
25.497578
25.533670
25.569290
25.603930
25.637751
25.671165
25.704271
25.737101
25.769703
25.801893
25.832663
25.863125
25.893448
25.923878
25.954983
25.986948
26.020336
26.055450
26.091488
26.127808
26.163965
26.199348
26.234289
26.267889
26.300745
26.333187
26.365280
26.397240
26.428930
26.460466
26.491928
26.523560
26.554422
26.585400
26.616632
26.648443
26.681585
26.716545
26.752899
26.789526
26.825941
26.861849
26.897284
26.932058
26.966127
26.999792
27.033144
27.066248
27.099104
27.131735
27.164268
27.196224
27.227545
27.258974
27.290894
27.323576
27.357563
27.393322
27.430281
27.467384
27.504225
27.540342
27.575981
27.610773
27.644756
27.678303
27.711571
27.744614
27.777386
27.809942
27.842434
27.874580
27.905985
27.937471
27.969477
28.002193
28.036194
28.071955
28.108974
28.146162
28.183075
28.219225
28.254883
28.289671
28.323639
28.357216
28.390516
28.423576
28.456362
28.488916
28.521385
28.553225
28.584480
28.615791
28.647621
28.680201
28.714064
28.749731
28.786669
28.823824
28.860697
28.896814
28.932459
28.967108
29.000948
29.034349
29.067484
29.100391
29.133080
29.165556
29.197891
29.229467
29.260553
29.291740
29.323359
29.355751
29.389420
29.424845
29.461447
29.498224
29.534821
29.570824
29.606413
29.641127
29.675018
29.708427
29.741451
29.774282
29.806902
29.839314
29.871660
29.903519
29.934675
29.965948
29.997673
30.030134
30.063860
30.099335
30.136028
30.172897
30.209545
30.245567
30.281141
30.315922
30.349890
30.383369
30.416519
30.449444
30.482136
30.514633
30.547043
30.578766
30.609884
30.641094
30.672684
30.704969
30.738491
30.773705
30.810305
30.847277
30.884033
30.920143
30.955797
30.990652
31.024687
31.058245
31.091421
31.124348
31.157066
31.189592
31.221842
31.253166
31.284008
31.314974
31.346418
31.378649
31.412182
31.447420
31.483738
31.520247
31.556581
31.592299
31.627634
31.662201
31.695980
31.729250
31.762138
31.794828
31.827354
31.859718
31.892029
31.923775
31.954779
31.985735
32.016933
32.048618
32.081520
32.116009
32.152157
32.188866
32.225460
32.261688
32.297321
32.332256
32.366135
32.399555
32.432507
32.465218
32.497761
32.530197
32.562408
32.593525
32.624111
32.654701
32.685780
32.717609
32.750759
32.785599
32.821461
32.857525
32.893543
32.929222
32.964439
32.998783
33.032127
33.064934
33.097248
33.129440
33.161537
33.193615
33.225716
33.257061
33.287704
33.318287
33.349293
33.380852
33.413689
33.448170
33.484070
33.520432
33.556767
33.592739
33.628193
33.662758
33.696304
33.729343
33.761913
33.794323
33.826637
33.858898
33.891136
33.922958
33.953960
33.984882
34.016220
34.048206
34.081429
34.116283
34.152473
34.189026
34.225498
34.261490
34.296936
34.331497
34.365005
34.398006
34.430531
34.462875
34.495098
34.527218
34.559326
34.590767
34.621471
34.652138
34.683182
34.714787
34.747643
34.782101
34.818050
34.854507
34.890911
34.927055
34.962704
34.997421
35.031075
35.064228
35.096878
35.129333
35.161678
35.193947
35.226166
35.257446
35.288094
35.318661
35.349808
35.381786
35.415028
35.449989
35.485909
35.521973
35.558014
35.593597
35.628769
35.663067
35.696377
35.729145
35.761425
35.793549
35.825581
35.857552
35.889473
35.920959
35.951687
35.982330
36.013363
36.044884
36.077637
36.112003
36.147934
36.184437
36.220852
36.257004
36.292648
36.327484
36.361267
36.394531
36.427307
36.459858
36.492256
36.524563
36.556740
36.587906
36.618469
36.648983
36.679989
36.711704
36.744686
36.779320
36.815144
36.851307
36.887398
36.923130
36.958363
36.992828
37.026295
37.059227
37.091640
37.123901
37.156063
37.188187
37.220295
37.251614
37.282219
37.312767
37.343849
37.375717
37.408855
37.443714
37.479645
37.515739
37.551785
37.587517
37.622772
37.657177
37.690582
37.723461
37.755848
37.788094
37.820229
37.852283
37.884357
37.915901
37.946701
37.977436
38.008545
38.040169
38.072990
38.107422
38.143398
38.179901
38.216335
38.252380
38.287899
38.322716
38.356495
38.389767
38.422577
38.455173
38.487648
38.520027
38.552368
38.583889
38.614674
38.645428
38.676609
38.708473
38.741562
38.776222
38.812302
38.848869
38.885292
38.921303
38.956776
38.991451
39.025070
39.058186
39.090866
39.123348
39.155743
39.188030
39.220295
39.252087
39.282982
39.313847
39.345181
39.377171
39.410328
39.445057
39.481274
39.517929
39.554451
39.590485
39.625973
39.660629
39.694233
39.727337
39.760006
39.792480
39.824814
39.857059
39.889217
39.920490
39.951092
39.981628
40.012657
40.044300
40.077190
40.111671
40.147568
40.183983
40.220284
40.256260
40.291790
40.326546
40.360222
40.393417
40.426117
40.458614
40.491009
40.523342
40.555626
40.587013
40.617649
40.648235
40.679386
40.711281
40.744415
40.779213
40.815151
40.851383
40.887512
40.923180
40.958359
40.992844
41.026360
41.059376
41.091904
41.124271
41.156555
41.188755
41.220924
41.252800
41.283745
41.314651
41.346123
41.378201
41.411419
41.446297
41.482609
41.519337
41.555889
41.591938
41.627369
41.662140
41.695896
41.729187
41.762054
41.794708
41.827232
41.859661
41.892029
41.923634
41.954521
41.985386
42.016781
42.048912
42.082237
42.117199
42.153419
42.189995
42.226433
42.262409
42.297844
42.332577
42.366257
42.399452
42.432228
42.464817
42.497295
42.529667
42.561985
42.593929
42.625004
42.656063
42.687740
42.720116
42.753654
42.788883
42.825386
42.862156
42.898708
42.934620
42.969906
43.004524
43.038147
43.071377
43.104195
43.136837
43.169312
43.201633
43.233917
43.265770
43.296856
43.327873
43.359535
43.391869
43.425369
43.460590
43.497150
43.534012
43.570663
43.606670
43.642063
43.676800
43.710491
43.743782
43.776752
43.809566
43.842197
43.874649
43.907013
43.939522
43.971409
44.003063
44.035309
44.068081
44.101913
44.137344
44.174301
44.211548
44.248505
44.285149
44.320843
44.355812
44.389748
44.423355
44.456657
44.489765
44.522594
44.555210
44.587708
44.620312
44.652111
44.683659
44.715820
44.748535
44.782310
44.817783
44.854778
44.892029
44.928951
44.965595
45.001133
45.035786
45.069366
45.102608
45.135513
45.168236
45.200809
45.233223
45.265526
45.297058
45.328045
45.359039
45.390476
45.422665
45.456097
45.491150
45.527115
45.563198
45.599213
45.635250
45.671093
45.705830
45.739536
45.772766
45.805592
45.838280
45.870853
45.903259
45.935623
45.968090
45.999985
46.031708
46.063931
46.096760
46.130688
46.166229
46.202766
46.239368
46.275795
46.311806
46.347279
46.382278
46.416401
46.450058
46.483322
46.516411
46.549282
46.581966
46.614605
46.647381
46.679790
46.712051
46.744663
46.777203
46.810394
46.845093
46.881573
46.918800
46.955826
46.992172
47.027924
47.063026
47.096962
47.130573
47.163933
47.197033
47.229889
47.262539
47.293888
47.324570
47.355080
47.385567
47.416584
47.448505
47.481728
47.516747
47.552673
47.588657
47.624500
47.659847
47.694668
47.728718
47.761627
47.794102
47.826149
47.858112
47.890007
47.921883
47.953766
47.985207
48.015991
48.046589
48.077682
48.109180
48.141777
48.176033
48.211952
48.248520
48.285000
48.321026
48.356335
48.391048
48.424572
48.457687
48.490452
48.523079
48.555607
48.588070
48.620552
48.652779
48.684082
48.715157
48.746845
48.779087
48.812428
48.847351
48.883701
48.920403
48.956963
48.993183
49.028767
49.063820
49.097649
49.131031
49.164104
49.197018
49.229763
49.262371
49.294964
49.327629
49.359558
49.391090
49.423286
49.456024
49.489761
49.525089
49.561920
49.599064
49.635994
49.672565
49.708447
49.743687
49.777618
49.811157
49.844421
49.877483
49.910290
49.942898
49.975418
50.007977
50.039707
50.071011
50.102909
50.135326
50.168682
50.203682
50.240326
50.277370
50.314175
50.350613
50.385986
50.420616
50.454048
50.487129
50.519932
50.552574
50.585072
50.617447
50.649776
50.681458
50.712578
50.743515
50.774940
50.807034
50.840206
50.874981
50.911308
50.948116
50.984848
51.021332
51.057362
51.092304
51.125927
51.159111
51.191814
51.224300
51.256622
51.288876
51.320976
51.352036
51.382576
51.413036
51.444000
51.475777
51.508762
51.543461
51.579113
51.614960
51.650715
51.686085
51.720974
51.755299
51.788544
51.821259
51.853451
51.885494
51.917469
51.949425
51.981346
52.012459
52.042912
52.073212
52.104069
52.135567
52.168198
52.202572
52.238270
52.274330
52.310322
52.345875
52.380833
52.415295
52.448696
52.481586
52.513958
52.546173
52.578316
52.610439
52.642574
52.673893
52.704540
52.735043
52.766090
52.797817
52.830734
52.865303
52.901138
52.937328
52.973526
53.009441
53.044819
53.079651
53.113338
53.146496
53.179134
53.211624
53.244030
53.276386
53.308750
53.340664
53.371727
53.402611
53.433975
53.465977
53.498993
53.533508
53.569489
53.606030
53.642563
53.678909
53.714699
53.749969
53.784012
53.817551
53.850620
53.883484
53.916199
53.948795
53.981369
54.013832
54.045273
54.076454
54.108292
54.140663
54.174042
54.208900
54.245319
54.282276
54.319130
54.355679
54.391640
54.427223
54.461784
54.495808
54.529282
54.562458
54.595406
54.628120
54.660767
54.693428
54.725277
54.756718
54.788841
54.821434
54.855087
54.890331
54.927036
54.964031
55.000835
55.037231
55.072926
55.108234
55.142517
55.176315
55.209675
55.242764
55.275574
55.308144
55.340607
55.372364
55.403442
55.434349
55.465904
55.497890
55.530964
55.565620
55.602028
55.639080
55.675972
55.712391
55.748100
55.783260
55.817257
55.850811
55.883911
55.916752
55.949383
55.981865
56.014069
56.045193
56.075813
56.106312
56.137211
56.168701
56.201473
56.235847
56.271770
56.308331
56.344742
56.380856
56.416451
56.451523
56.485474
56.518890
56.551811
56.584526
56.617111
56.649521
56.681870
56.714172
56.745609
56.776714
56.808403
56.840504
56.873684
56.908504
56.944809
56.981495
57.018066
57.054272
57.089855
57.125031
57.159157
57.192837
57.226093
57.259090
57.291859
57.324486
57.357033
57.389610
57.421406
57.452839
57.484898
57.517395
57.550915
57.586071
57.622860
57.660057
57.697113
57.733765
57.769684
57.805031
57.839100
57.872726
57.905941
57.938889
57.971573
58.004097
58.036152
58.067154
58.097874
58.128483
58.159618
58.191383
58.224339
58.258873
58.295029
58.331905
58.368599
58.404858
58.440552
58.475655
58.509682
58.543251
58.576336
58.609230
58.641930
58.674450
58.706802
58.739155
58.770657
58.802029
58.833992
58.866428
58.900089
58.935406
58.971989
59.008739
59.045223
59.081413
59.117085
59.152233
59.186340
59.220047
59.253361
59.286427
59.319229
59.351803
59.384270
59.416878
59.448944
59.480694
59.513023
59.545864
59.579712
59.615150
59.652225
59.689674
59.726841
59.763451
59.798939
59.833832
59.867809
59.901436
59.934818
59.967922
60.000645
60.033169
60.065632
60.098248
60.130486
60.162407
60.194866
60.227665
60.261517
60.296944
60.334064
60.371826
60.409321
60.446156
60.481873
60.516918
60.550892
60.584518
60.617756
60.650764
60.683552
60.716152
60.748005
60.778946
60.809597
60.840191
60.871258
60.903301
60.936684
60.971851
61.007854
61.043903
61.079731
61.115574
61.151520
61.186028
61.219616
61.252823
61.285755
61.318333
61.350292
61.381832
61.413395
61.445217
61.476646
61.507900
61.539715
61.572098
61.605686
61.640747
61.676495
61.712181
61.747837
61.783325
61.818394
61.853058
61.886864
61.920223
61.953224
61.986000
62.018597
62.051071
62.083546
62.116295
62.148853
62.181286
62.214138
62.247021
62.280663
62.315849
62.352734
62.390381
62.427929
62.464314
62.500145
62.535271
62.569313
62.602993
62.636398
62.669590
62.702538
62.735245
62.766521
62.797272
62.827862
62.858402
62.889519
62.921642
62.955139
62.990269
63.026066
63.061878
63.097584
63.133289
63.168747
63.202957
63.236256
63.269192
63.301781
63.334084
63.365955
63.397614
63.429310
63.461315
63.493095
63.524658
63.556740
63.589397
63.623158
63.658356
63.694729
63.731426
63.767994
63.804325
63.840225
63.875729
63.910336
63.944477
63.978271
64.011810
64.045120
64.078209
64.111275
64.144516
64.177475
64.210258
64.243340
64.276588
64.310753
64.346367
64.383522
64.421127
64.458488
64.495102
64.531090
64.566353
64.600441
64.634171
64.667641
64.700851
64.733803
64.766594
64.798203
64.829247
64.860123
64.890900
64.922264
64.954536
64.988197
65.023659
65.059906
65.096214
65.132393
65.168221
65.203560
65.237755
65.270935
65.303711
65.336029
65.368202
65.400200
65.432114
65.464058
65.496239
65.528000
65.559448
65.591248
65.623413
65.656609
65.691254
65.727608
65.764534
65.801331
65.837433
65.872993
65.907982
65.942009
65.975670
66.009109
66.042290
66.075264
66.108109
66.140686
66.172401
66.203705
66.234901
66.266586
66.299141
66.333092
0.000047
0.000223
0.000922
0.002578
0.005070
0.008380
0.012476
0.017356
0.023009
0.029423
0.036591
0.044507
0.053167
0.062567
0.072696
0.083540
0.095079
0.107292
0.120152
0.133624
0.147662
0.162219
0.177288
0.192793
0.208541
0.224235
0.239551
0.254700
0.269666
0.284396
0.298939
0.313314
0.327047
0.339880
0.351632
0.361958
0.371140
0.379772
0.388532
0.399005
0.409954
0.000003
0.000129
0.000830
0.002524
0.005112
0.008570
0.012794
0.017624
0.023052
0.029163
0.036239
0.044443
0.053948
0.064851
0.076913
0.089298
0.101558
0.113596
0.125379
0.136204
0.146452
0.155684
0.164765
0.174112
0.183383
0.192391
0.201143
0.209767
0.218405
0.226787
0.234953
0.242795
0.251299
0.261157
0.272476
0.284478
0.296326
0.307762
0.318889
0.328931
0.338700
0.347659
0.356214
0.364839
0.373237
0.381324
0.389134
0.396781
0.404330
0.411732
0.419206
0.426567
0.434604
0.443780
0.454612
0.466817
0.479500
0.491857
0.502850
0.512117
0.521174
0.529829
0.538181
0.546666
0.555081
0.563325
0.571342
0.579229
0.587015
0.594464
0.601573
0.608771
0.616880
0.626218
0.637337
0.649849
0.662569
0.674835
0.686241
0.696041
0.705015
0.713208
0.721380
0.729643
0.737773
0.745740
0.753559
0.761333
0.769121
0.776791
0.784102
0.791441
0.799445
0.808619
0.819752
0.832514
0.845810
0.858738
0.870032
0.879376
0.888270
0.897070
0.905494
0.914172
0.922816
0.931318
0.939575
0.947637
0.955406
0.962825
0.969861
0.976870
0.984145
0.992164
1.001064
1.010559
1.020242
1.029776
1.038785
1.046854
1.054958
1.063041
1.070849
1.078879
1.086854
1.094679
1.102273
1.109685
1.116918
1.123813
1.130410
1.136962
1.144165
1.152395
1.161859
1.172124
1.182602
1.192845
1.202653
1.211375
1.219778
1.227843
1.235659
1.243628
1.251555
1.259357
1.266977
1.274496
1.281984
1.289169
1.295970
1.302710
1.310229
1.318827
1.329321
1.341613
1.354630
1.367355
1.378959
1.388747
1.397663
1.405805
1.413749
1.421874
1.429968
1.437944
1.445738
1.453420
1.461048
1.468337
1.475191
1.482007
1.489567
1.498246
1.508736
1.520796
1.533451
1.545823
1.557171
1.566711
1.575655
1.584102
1.592276
1.600655
1.609002
1.617226
1.625234
1.633097
1.640864
1.648338
1.655387
1.662364
1.670092
1.678932
1.689392
1.701102
1.713172
1.724918
1.735912
1.745313
1.754203
1.762594
1.770730
1.779056
1.787359
1.795548
1.803529
1.811370
1.819130
1.826629
1.833706
1.840703
1.848434
1.857237
1.867827
1.879942
1.892545
1.904817
1.916204
1.925848
1.934852
1.943233
1.951349
1.959659
1.967944
1.976115
1.984076
1.991896
1.999638
2.007104
2.014131
2.021075
2.028769
2.037558
2.048052
2.059948
2.072271
2.084267
2.095404
2.104877
2.113773
2.122098
2.130168
2.138425
2.146652
2.154762
2.162666
2.170430
2.178118
2.185547
2.192569
2.199505
2.207161
2.215881
2.226307
2.238137
2.250393
2.262328
2.273418
2.282863
2.291760
2.300093
2.308157
2.316407
2.324623
2.332722
2.340612
2.348358
2.356016
2.363412
2.370407
2.377313
2.384954
2.393670
2.404067
2.415832
2.427991
2.439819
2.450805
2.460161
2.468972
2.477225
2.485201
2.493352
2.501463
2.509455
2.517249
2.524911
2.532506
2.539854
2.546804
2.553669
2.561291
2.570007
2.580466
2.592417
2.604821
2.616884
2.627892
2.637211
2.645943
2.654062
2.661918
2.669945
2.677935
2.685812
2.693500
2.701068
2.708573
2.715849
2.722710
2.729495
2.736987
2.745526
2.755762
2.767408
2.779520
2.791336
2.802306
2.811650
2.820447
2.828661
2.836608
2.844743
2.852840
2.860823
2.868601
2.876235
2.883788
2.891082
2.897969
2.904777
2.912331
2.920979
2.931277
2.942917
2.954950
2.966660
2.977536
2.986803
2.995520
3.003634
3.011478
3.019500
3.027485
3.035360
3.043044
3.050605
3.058100
3.065358
3.072212
3.078993
3.086482
3.095001
3.105265
3.117038
3.129321
3.141305
3.152424
3.161883
3.170742
3.178941
3.186867
3.194981
3.203063
3.211030
3.218797
3.226418
3.233961
3.241246
3.248090
3.254852
3.262358
3.270954
3.281160
3.292670
3.304584
3.316187
3.326963
3.336170
3.344846
3.352922
3.360733
3.368723
3.376678
3.384526
3.392182
3.399709
3.407165
3.414417
3.421239
3.427978
3.435400
3.443830
3.453964
3.465556
3.477667
3.489500
3.500479
3.509834
3.518639
3.526815
3.534719
3.542815
3.550873
3.558817
3.566552
3.574135
3.581620
3.588842
3.595654
3.602397
3.609828
3.618285
3.628295
3.639529
3.651157
3.662498
3.673123
3.682263
3.690971
3.699141
3.707019
3.715071
3.723084
3.730983
3.738682
3.746236
3.753693
3.760919
3.767752
3.774497
3.781974
3.790519
3.800759
3.812452
3.824607
3.836445
3.847250
3.856415
3.864988
3.872887
3.880520
3.888322
3.896080
3.903729
3.911203
3.918564
3.925859
3.932972
3.939642
3.946246
3.953537
3.961840
3.971817
3.983212
3.995134
4.006802
4.017618
4.026831
4.035501
4.043524
4.051282
4.059233
4.067144
4.074944
4.082542
4.089998
4.097360
4.104483
4.111206
4.117866
4.125233
4.133647
4.143617
4.154821
4.166438
4.177783
4.188342
4.197362
4.205975
4.214069
4.221843
4.229797
4.237719
4.245539
4.253174
4.260693
4.268151
4.275384
4.282231
4.288981
4.296480
4.305033
4.315351
4.327267
4.339687
4.351762
4.362881
4.372330
4.381048
4.389006
4.396723
4.404609
4.412449
4.420181
4.427746
4.435206
4.442631
4.449894
4.456670
4.463381
4.470772
4.479144
4.489357
4.501314
4.513993
4.526423
4.537713
4.547225
4.556042
4.564086
4.571859
4.579837
4.587780
4.595615
4.603250
4.610735
4.618123
4.625265
4.631922
4.638533
4.645846
4.654205
4.664072
4.675145
4.686696
4.698019
4.708654
4.717810
4.726472
4.734499
4.742247
4.750197
4.758118
4.765939
4.773558
4.781025
4.788390
4.795551
4.802269
4.808921
4.816247
4.824581
4.834493
4.845714
4.857420
4.868882
4.879493
4.888522
4.897141
4.905055
4.912587
4.920292
4.927996
4.935637
4.943160
4.950619
4.958066
4.965226
4.971969
4.978608
4.986056
4.994596
5.004977
5.017056
5.029639
5.041879
5.053310
5.063158
5.072035
5.080012
5.087754
5.095649
5.103500
5.111236
5.118810
5.126287
5.133727
5.141054
5.147910
5.154669
5.162014
5.170299
5.180337
5.191931
5.204101
5.216002
5.226792
5.235860
5.244508
5.252932
5.260952
5.269204
5.277375
5.285417
5.293221
5.300833
5.308227
5.315313
5.322006
5.328679
5.335764
5.343694
5.352709
5.362492
5.372561
5.382470
5.391798
5.399990
5.408119
5.416126
5.423834
5.431727
5.439538
5.447199
5.454625
5.461861
5.468923
5.475660
5.482073
5.488470
5.495369
5.503236
5.512365
5.522410
5.532828
5.543078
5.552737
5.561183
5.569424
5.577416
5.585085
5.592912
5.600667
5.608267
5.615643
5.622844
5.629929
5.636681
5.643067
5.649412
5.656391
5.664382
5.673884
5.684633
5.695900
5.706955
5.717371
5.726465
5.735061
5.742986
5.750624
5.758433
5.766194
5.773830
5.781266
5.788561
5.795811
5.802789
5.809394
5.815931
5.823127
5.831294
5.841180
5.852657
5.864788
5.876679
5.887730
5.897232
5.906069
5.914117
5.921885
5.929840
5.937750
5.945540
5.953135
5.960591
5.967993
5.975098
5.981783
5.988420
5.995690
6.003930
6.013839
6.025256
6.037319
6.049155
6.060124
6.069509
6.078340
6.086526
6.094372
6.102409
6.110399
6.118261
6.125906
6.133394
6.140808
6.147914
6.154628
6.161285
6.168589
6.176863
6.186743
6.198040
6.209911
6.221541
6.232330
6.241522
6.250197
6.258289
6.266058
6.274010
6.281910
6.289690
6.297258
6.304675
6.312012
6.319158
6.325926
6.332606
6.339890
6.348110
6.357976
6.369333
6.381265
6.392945
6.403770
6.413042
6.421824
6.430018
6.437848
6.445868
6.453835
6.461674
6.469286
6.476729
6.484087
6.491124
6.497772
6.504346
6.511607
6.519889
6.529677
6.540760
6.552300
6.563563
6.574040
6.583085
6.591579
6.599405
6.606923
6.614607
6.622238
6.629743
6.637064
6.644275
6.651465
6.658478
6.665088
6.671639
6.678824
6.686923
6.696797
6.708488
6.721069
6.733465
6.744752
6.754336
6.763211
6.771244
6.778976
6.786895
6.794763
6.802508
6.810052
6.817451
6.824786
6.831900
6.838595
6.845241
6.852498
6.860675
6.870512
6.881870
6.893876
6.905660
6.916567
6.925885
6.934654
6.942775
6.950549
6.958527
6.966458
6.974268
6.981858
6.989275
6.996605
7.003623
7.010227
7.016781
7.023976
7.032135
7.041797
7.052751
7.064239
7.075502
7.086045
7.095159
7.103807
7.111843
7.119536
7.127410
7.135239
7.142948
7.150443
7.157779
7.165040
7.172092
7.178761
7.185358
7.192595
7.200778
7.210631
7.222055
7.234096
7.245875
7.256812
7.266201
7.274897
7.282752
7.290309
7.298055
7.305749
7.313325
7.320716
7.327982
7.335205
7.342244
7.348865
7.355440
7.362631
7.370728
7.380560
7.392126
7.404499
7.416680
7.427738
7.437095
7.445848
7.453925
7.461658
7.469588
7.477466
7.485221
7.492758
7.500126
7.507387
7.514395
7.520961
7.527497
7.534588
7.542602
7.551992
7.562508
7.573496
7.584291
7.594343
7.602995
7.611375
7.619361
7.626997
7.634840
7.642623
7.650274
7.657701
7.664926
7.672005
7.678760
7.685133
7.691468
7.698411
7.706324
7.715570
7.725863
7.736575
7.747084
7.756967
7.765617
7.773878
7.781406
7.788562
7.795878
7.803145
7.810303
7.817320
7.824259
7.831213
7.837957
7.844363
7.850688
7.857697
7.865644
7.875337
7.886808
7.899045
7.911075
7.922446
7.932380
7.941353
7.949323
7.957003
7.964865
7.972687
7.980383
7.987912
7.995331
8.002698
8.009907
8.016634
8.023312
8.030506
8.038608
8.048347
8.059604
8.071521
8.083224
8.093862
8.102921
8.111549
8.119946
8.127880
8.136028
8.144104
8.152032
8.159715
8.167171
8.174417
8.181324
8.187799
8.194245
8.201099
8.208697
8.217273
8.226576
8.236213
8.245773
8.254921
8.263056
8.270980
8.278654
8.285938
8.293364
8.300721
8.307941
8.314976
8.321868
8.328679
8.335227
8.341386
8.347428
8.354083
8.361592
8.370638
8.381314
8.392813
8.404177
8.414830
8.424057
8.432480
8.440143
8.447405
8.454811
8.462155
8.469383
8.476431
8.483342
8.490196
8.496874
8.503097
8.509205
8.515887
8.523405
8.532343
8.542731
8.553871
8.564896
8.575281
8.584332
8.592824
8.600757
8.608208
8.615814
8.623392
8.630857
8.638125
8.645226
8.652237
8.658992
8.665343
8.671569
8.678395
8.686063
8.695127
8.705602
8.716771
8.727804
8.738289
8.747531
8.756116
8.763960
8.771355
8.778894
8.786394
8.793794
8.801012
8.808084
8.815093
8.821927
8.828323
8.834602
8.841419
8.848998
8.858043
8.868656
8.880079
8.891369
8.901950
8.911092
8.919651
8.927674
8.935184
8.942861
8.950491
8.958010
8.965324
8.972450
8.979462
8.986175
8.992472
8.998669
9.005430
9.013029
9.021858
9.031785
9.042214
9.052509
9.062306
9.071012
9.079314
9.087139
9.094461
9.101908
9.109311
9.116606
9.123713
9.130658
9.137535
9.144211
9.150480
9.156594
9.163300
9.170857
9.179858
9.190418
9.201716
9.212861
9.223390
9.232619
9.241075
9.248728
9.255930
9.263273
9.270565
9.277741
9.284773
9.291710
9.298616
9.305342
9.311561
9.317684
9.324328
9.331775
9.340725
9.351318
9.362834
9.374271
9.384896
9.394044
9.402553
9.410449
9.417706
9.425122
9.432493
9.439745
9.446795
9.453658
9.460422
9.466937
9.473076
9.479096
9.485722
9.493240
9.501987
9.511858
9.522249
9.532494
9.542241
9.550908
9.559023
9.566463
9.573461
9.580594
9.587683
9.594669
9.601500
9.608212
9.614882
9.621473
9.627634
9.633672
9.640224
9.647488
9.656253
9.666759
9.678237
9.689652
9.700257
9.709309
9.717691
9.725556
9.732839
9.740284
9.747692
9.754990
9.762097
9.769031
9.775859
9.782475
9.788668
9.794786
9.801448
9.808897
9.817610
9.827529
9.838064
9.848519
9.858448
9.867149
9.875405
9.883177
9.890447
9.897876
9.905269
9.912558
9.919649
9.926557
9.933353
9.939936
9.946103
9.952153
9.958772
9.966202
9.974900
9.984838
9.995403
10.005859
10.015803
10.024597
10.032847
10.040481
10.047604
10.054868
10.062092
10.069219
10.076176
10.082976
10.089714
10.096349
10.102608
10.108737
10.115364
10.122683
10.131452
10.141963
10.153441
10.164851
10.175578
10.184854
10.193337
10.201102
10.208341
10.215749
10.223132
10.230423
10.237538
10.244488
10.251342
10.258018
10.264190
10.270265
10.276839
10.284150
10.292739
10.302594
10.313135
10.323629
10.333516
10.342074
10.350212
10.357915
10.365139
10.372545
10.379897
10.387136
10.394165
10.400994
10.407680
10.414131
10.420185
10.426161
10.432632
10.439868
10.448196
10.457479
10.467230
10.476922
10.486177
10.494380
10.502254
10.509678
10.516623
10.523692
10.530711
10.537623
10.544360
10.550949
10.557459
10.563870
10.569914
10.575823
10.582251
10.589416
10.597968
10.608118
10.619115
10.630019
10.640319
10.649314
10.657566
10.664997
10.671949
10.679059
10.686124
10.693089
10.699927
10.706643
10.713317
10.719886
10.725948
10.731902
10.738376
10.745584
10.754181
10.764277
10.775215
10.786114
10.796339
10.805160
10.813411
10.821296
10.828623
10.836132
10.843592
10.850928
10.858060
10.864980
10.871734
10.878270
10.884351
10.890376
10.896799
10.903869
10.911901
10.920791
10.930142
10.939521
10.948530
10.956506
10.964190
10.971553
10.978484
10.985579
10.992617
10.999535
11.006271
11.012831
11.019275
11.025542
11.031454
11.037281
11.043637
11.050740
11.059062
11.068567
11.078706
11.088801
11.098424
11.106970
11.114982
11.122363
11.129240
11.136245
11.143207
11.150064
11.156761
11.163314
11.169807
11.176240
11.182310
11.188235
11.194631
11.201655
11.210094
11.220255
11.231412
11.242537
11.253011
11.262071
11.270384
11.278015
11.285085
11.292316
11.299520
11.306631
11.313563
11.320327
11.326986
11.333515
11.339684
11.345756
11.352208
11.359269
11.367357
11.376397
11.385949
11.395523
11.404679
11.412707
11.420477
11.428180
11.435324
11.442636
11.449898
11.457050
11.463983
11.470696
11.477244
11.483607
11.489596
11.495502
11.501827
11.508836
11.516771
11.525537
11.534726
11.543890
11.552708
11.560660
11.568230
11.575336
11.581950
11.588683
11.595366
11.601954
11.608391
11.614697
11.620974
11.627212
11.633234
11.639110
11.645414
11.652280
11.660397
11.670177
11.681017
11.691872
11.702078
11.710890
11.718979
11.726412
11.733174
11.740086
11.746954
11.753731
11.760340
11.766795
11.773173
11.779450
11.785460
11.791353
11.797687
11.804638
11.812669
11.821878
11.831755
11.841618
11.850999
11.859217
11.867021
11.874365
11.881058
11.887895
11.894691
11.901381
11.907926
11.914313
11.920615
11.926840
11.932754
11.938366
11.944322
11.950887
11.958621
11.968103
11.978712
11.989368
11.999399
12.008170
12.016144
12.023529
12.030228
12.037053
12.043821
12.050482
12.057009
12.063383
12.069677
12.075852
12.081587
12.087055
12.092924
12.099437
12.107095
12.116203
12.126245
12.136368
12.146035
12.154671
12.162640
12.170015
12.176789
12.183662
12.190499
12.197230
12.203798
12.210183
12.216463
12.222620
12.228376
12.233889
12.239716
12.246105
12.253550
12.262223
12.271632
12.281088
12.290149
12.298331
12.306049
12.313511
12.320371
12.327341
12.334258
12.341066
12.347692
12.354140
12.360464
12.366605
12.372370
12.377895
12.383780
12.390319
12.397904
12.406753
12.416393
12.426058
12.435309
12.443712
12.451488
12.458704
12.465327
12.472034
12.478709
12.485276
12.491693
12.497970
12.504163
12.510284
12.516099
12.521605
12.527422
12.533753
12.541164
12.550134
12.560102
12.570153
12.579738
12.588310
12.596210
12.603601
12.610351
12.617196
12.624002
12.630698
12.637234
12.643588
12.649831
12.655966
12.661709
12.667196
12.672999
12.679360
12.686769
12.695546
12.705177
12.714880
12.724175
12.732610
12.740407
12.747693
12.754400
12.761216
12.767985
12.774647
12.781150
12.787480
12.793693
12.799787
12.805504
12.810978
12.816755
12.823075
12.830428
12.839094
12.848564
12.858105
12.867232
12.875400
12.883037
12.890465
12.897331
12.904292
12.911207
12.917994
12.924611
12.931026
12.937296
12.943405
12.949114
12.954608
12.960362
12.966649
12.973897
12.982216
12.991155
13.000139
13.008772
13.016648
13.024082
13.031362
13.038115
13.044973
13.051784
13.058464
13.064974
13.071289
13.077474
13.083507
13.089157
13.094584
13.100297
13.106563
13.113815
13.122238
13.131359
13.140554
13.149391
13.157463
13.165009
13.172140
13.178754
13.185470
13.192128
13.198656
13.205005
13.211182
13.217252
13.223210
13.228821
13.234247
13.239903
13.246078
13.253271
13.261743
13.270996
13.280326
13.289273
13.297362
13.304928
13.312325
13.319194
13.326172
13.333083
13.339860
13.346446
13.352825
13.359075
13.365140
13.370821
13.376337
13.382084
13.388379
13.395676
13.404116
13.413248
13.422448
13.431303
13.439414
13.447017
13.454401
13.461202
13.468093
13.474932
13.481647
13.488185
13.494542
13.500789
13.506860
13.512557
13.518080
13.523869
13.530237
13.537650
13.546374
13.555905
13.565497
13.574700
13.583010
13.590751
13.598194
13.605005
13.611880
13.618691
13.625370
13.631866
13.638186
13.644404
13.650458
13.656116
13.661584
13.667327
13.673639
13.680988
13.689597
13.698999
13.708475
13.717566
13.725845
13.733592
13.741014
13.747786
13.754620
13.761382
13.768017
13.774461
13.780750
13.786948
13.792988
13.798651
13.804102
13.809858
13.816204
13.823601
13.832361
13.841993
13.851699
13.860985
13.869428
13.877287
13.884637
13.891339
13.898108
13.904837
13.911460
13.917928
13.924231
13.930450
13.936533
13.942234
13.947715
13.953485
13.959803
13.967174
13.976070
13.985933
13.995845
14.005289
14.013832
14.021767
14.029239
14.036013
14.042846
14.049646
14.056344
14.062894
14.069281
14.075589
14.081767
14.087533
14.093054
14.098862
14.105238
14.112655
14.121653
14.131642
14.141665
14.151225
14.159858
14.167873
14.175371
14.182174
14.189040
14.195871
14.202590
14.209164
14.215595
14.221980
14.228242
14.234082
14.239654
14.245532
14.251992
14.259518
14.268701
14.278955
14.289260
14.299075
14.307862
14.316100
14.323744
14.330731
14.337832
14.344885
14.351818
14.358583
14.365192
14.371715
14.378167
14.384256
14.390170
14.396408
14.403181
14.411154
14.420741
14.431273
14.441778
14.451577
14.460127
14.468063
14.475583
14.482505
14.489552
14.496540
14.503414
14.510126
14.516693
14.523200
14.529604
14.535715
14.541686
14.547975
14.554745
14.562629
14.571815
14.581736
14.591627
14.600961
14.609169
14.616972
14.624551
14.631560
14.638721
14.645809
14.652768
14.659527
14.666077
14.672475
14.678638
14.684382
14.690077
14.696076
14.702627
14.710088
14.718416
14.727236
14.736078
14.744572
14.752210
14.759584
14.766521
14.772806
14.779173
14.785457
14.791616
14.797643
14.803599
14.809549
14.815372
14.820906
14.826292
14.832165
14.838726
14.846612
14.856164
14.866568
14.876921
14.886877
14.895826
14.904066
14.911370
14.918142
14.925034
14.931899
14.938676
14.945333
14.951899
14.958443
14.964923
14.971108
14.977133
14.983533
14.990499
14.998760
15.008589
15.019292
15.029935
15.039845
15.048489
15.056603
15.064442
15.071700
15.079096
15.086413
15.093589
15.100555
15.107289
15.113844
15.120154
15.125995
15.131783
15.137786
15.144241
15.151410
15.159255
15.167495
15.175795
15.183809
15.191055
15.198186
15.205376
15.212167
15.219095
15.225914
15.232559
15.238977
15.245188
15.251224
15.257074
15.262600
15.268063
15.273853
15.280240
15.287505
15.295584
15.304097
15.312606
15.320787
15.328217
15.335485
15.342431
15.348862
15.355369
15.361801
15.368088
15.374204
15.380169
15.386070
15.391850
15.397355
15.402735
15.408545
15.414968
15.422652
15.431820
15.441796
15.451715
15.461178
15.469670
15.477607
15.484777
15.491454
15.498250
15.504991
15.511624
15.518117
15.524502
15.530849
15.537053
15.542818
15.548478
15.554557
15.561255
15.569266
15.578813
15.589235
15.599607
15.609341
15.617874
15.625827
15.633149
15.639933
15.646842
15.653687
15.660394
15.666915
15.673255
15.679482
15.685546
15.691154
15.696694
15.702597
15.709141
15.716675
15.725109
15.734020
15.742930
15.751406
15.758941
15.766303
15.773434
15.779972
15.786620
15.793173
15.799596
15.805838
15.811935
15.817965
15.823718
15.829199
15.834536
15.840431
15.847126
15.855007
15.864150
15.873867
15.883463
15.892641
15.900960
15.908701
15.915640
15.922142
15.928742
15.935287
15.941728
15.948044
15.954286
15.960526
15.966698
15.972398
15.977964
15.983982
15.990673
15.998765
16.008507
16.019203
16.029856
16.039780
16.048428
-0.000011
0.000041
0.000318
0.001309
0.003154
0.005818
0.009275
0.013514
0.018520
0.024277
0.030775
0.038004
0.045958
0.054266
0.063032
0.072433
0.082780
0.094413
0.107355
0.121493
0.136698
0.153015
0.170291
0.188322
0.206389
0.224482
0.242611
0.260899
0.279206
0.297796
0.316234
0.334204
0.351789
0.369200
0.386598
0.404185
0.422125
0.440686
0.459355
0.478403
0.497326
0.516114
0.535523
0.555819
0.577531
0.601113
0.626389
0.653034
0.680877
0.709718
0.738953
0.768552
0.797394
0.825745
0.853718
0.881499
0.909382
0.937464
0.965879
0.994819
1.023721
1.052731
1.082008
1.112095
1.143379
1.176051
1.209691
1.243544
1.277459
1.311431
1.345396
1.379014
1.412321
1.445649
1.478581
1.511057
1.543141
1.574922
1.607059
1.639753
1.672558
1.704848
1.737031
1.769859
1.803803
1.839229
1.876083
1.914229
1.953200
1.992424
2.031845
2.070637
2.108209
2.145392
2.182202
2.218335
2.253855
2.288992
2.324216
2.359562
2.395316
2.430868
2.466373
2.502132
2.538639
2.576216
2.615237
2.655886
2.697367
2.738826
2.780104
2.821002
2.861183
2.900859
2.940105
2.978827
3.016964
3.054600
3.092036
3.129502
3.167196
3.204121
3.241075
3.278807
3.317477
3.357222
3.397854
3.438871
3.480097
3.521342
3.562837
3.604252
3.645042
3.685342
3.725060
3.763808
3.801526
3.838689
3.875734
3.912807
3.950239
3.987490
4.024754
4.061545
4.098636
4.136920
4.176642
4.217865
4.259692
4.301355
4.343169
4.384925
4.425500
4.465320
4.504614
4.543068
4.580389
4.616688
4.652793
4.688878
4.725226
4.761040
4.796705
4.832322
4.868708
4.906664
4.946541
4.987919
5.029658
5.071142
5.112365
5.153430
5.194053
5.234307
5.273965
5.313042
5.351559
5.389411
5.427021
5.464675
5.502375
5.539111
5.575535
5.611897
5.649086
5.687633
5.727842
5.768879
5.809943
5.850741
5.891705
5.932256
5.971810
6.010760
6.049240
6.087045
6.124093
6.160404
6.196419
6.232456
6.268836
6.305015
6.341205
6.377438
6.414137
6.452224
6.491797
6.532530
6.573916
6.615138
6.656469
6.697193
6.736278
6.774748
6.812807
6.850323
6.886957
6.922722
6.958251
6.993764
7.029423
7.064484
7.099689
7.135336
7.171875
7.209959
7.249886
7.291066
7.332481
7.373549
7.414454
7.454779
7.494168
7.532964
7.571286
7.609037
7.646112
7.682466
7.718511
7.754644
7.791101
7.827151
7.863282
7.899817
7.937098
7.975857
8.016397
8.058340
8.100597
8.142478
8.184292
8.225914
8.266433
8.306214
8.345488
8.383958
8.421422
8.457940
8.494049
8.530188
8.566590
8.602600
8.638573
8.675055
8.712382
8.751238
8.791976
8.833742
8.875619
8.917133
8.958513
8.999768
9.039830
9.079292
9.118325
9.156818
9.194555
9.231416
9.267982
9.304632
9.341533
9.377823
9.414127
9.450702
9.488114
9.526771
9.567086
9.608860
9.651032
9.692849
9.734630
9.776190
9.817091
9.857389
9.897172
9.936224
9.974344
10.011673
10.048703
10.085746
10.123045
10.159771
10.196479
10.233808
10.271962
10.311483
10.352677
10.394605
10.436491
10.478008
10.519531
10.560709
10.600828
10.640197
10.679044
10.717372
10.755110
10.792129
10.828746
10.865371
10.902310
10.938821
10.975283
11.012143
11.049647
11.088477
11.129029
11.171045
11.213425
11.255443
11.297466
11.339272
11.380051
11.420145
11.459745
11.498445
11.536210
11.572906
11.609014
11.645263
11.681853
11.718243
11.754672
11.791129
11.828137
11.866541
11.906561
11.947922
11.989814
12.031415
12.073016
12.114573
12.154706
12.194167
12.233158
12.271556
12.309064
12.345599
12.381807
12.418023
12.454470
12.490279
12.526177
12.562508
12.599684
12.638308
12.678730
12.720270
12.761955
12.803274
12.844517
12.885666
12.925897
12.965528
13.004686
13.043109
13.080619
13.117252
13.153500
13.189820
13.226470
13.262743
13.298989
13.335098
13.371696
13.409744
13.449431
13.490521
13.532126
13.573463
13.614752
13.655884
13.695556
13.734626
13.773260
13.811328
13.848532
13.884856
13.920927
13.957087
13.993501
14.029328
14.065267
14.101642
14.138882
14.177511
14.217877
14.259395
14.301107
14.342460
14.383754
14.424771
14.464868
14.504352
14.543365
14.581680
14.619182
14.655967
14.692495
14.729133
14.766104
14.802732
14.839383
14.876100
14.913419
14.952029
14.992221
15.033783
15.075777
15.117476
15.159201
15.200891
15.241604
15.281651
15.321196
15.359994
15.397842
15.434828
15.471477
15.508136
15.545104
15.581690
15.618264
15.655270
15.692998
15.732071
15.772878
15.814901
15.857141
15.898992
15.940728
15.982321
16.022989
16.063002
16.102516
16.141254
16.179056
16.216028
16.252661
16.289408
16.326475
16.363144
16.399778
16.436655
16.474161
16.512985
16.553524
16.595388
16.637550
16.679359
16.721069
16.762659
16.803381
16.843435
16.882986
16.921824
16.959738
16.996855
17.033684
17.070566
17.107725
17.144402
17.181093
17.218275
17.256222
17.295507
17.336464
17.378532
17.420774
17.462616
17.504313
17.545887
17.586624
17.626719
17.666298
17.705233
17.743301
17.780540
17.817593
17.854731
17.892080
17.928715
17.965368
18.002632
18.040676
18.079935
18.120716
18.162663
18.204840
18.246677
18.288437
18.330063
18.371132
18.411753
18.451782
18.490877
18.528971
18.566273
18.603409
18.640682
18.678246
18.715273
18.752260
18.789837
18.828119
18.867617
18.908699
18.950655
18.992628
19.034235
19.075787
19.117229
19.157864
19.197748
19.237093
19.275917
19.314159
19.351698
19.388832
19.425955
19.463335
19.500166
19.536907
19.574156
19.612005
19.650993
19.691545
19.733480
19.775785
19.817741
19.859692
19.901468
19.942549
19.983027
20.022972
20.062021
20.100040
20.137182
20.173958
20.210796
20.247929
20.284632
20.321278
20.358202
20.395805
20.434706
20.475330
20.517195
20.559309
20.601036
20.642673
20.684324
20.725101
20.765202
20.804785
20.843807
20.882097
20.919586
20.956718
20.993855
21.031223
21.068058
21.104872
21.142103
21.179941
21.218987
21.259710
21.301779
21.344172
21.386196
21.427929
21.469263
21.509806
21.549696
21.589142
21.627853
21.665592
21.702570
21.739296
21.776157
21.813290
21.849802
21.886362
21.923609
21.961702
22.001188
22.042290
22.084124
22.125935
22.167379
22.208624
22.249861
22.290302
22.330082
22.369341
22.407883
22.445501
22.482298
22.518770
22.555309
22.592085
22.628218
22.664234
22.700611
22.737740
22.776266
22.816576
22.858374
22.900518
22.942295
22.983944
23.025465
23.066252
23.106407
23.146074
23.184889
23.222652
23.259521
23.296078
23.332685
23.369560
23.406031
23.442389
23.479221
23.516865
23.555830
23.596560
23.638542
23.680790
23.722631
23.764387
23.806147
23.847212
23.887659
23.927578
23.966776
24.004936
24.042143
24.079052
24.115965
24.153107
24.189816
24.226357
24.263279
24.300888
24.339796
24.380457
24.422428
24.464670
24.506548
24.548349
24.590080
24.631254
24.672014
24.712179
24.751240
24.789099
24.826054
24.862640
24.899239
24.936113
24.972685
25.009089
25.045713
25.083015
25.121679
25.162189
25.204039
25.246143
25.287880
25.329487
25.370790
25.411366
25.451174
25.490465
25.529125
25.566950
25.603857
25.640549
25.677294
25.714306
25.751024
25.787640
25.824896
25.862890
25.902189
25.943130
25.985241
26.027565
26.069508
26.111389
26.153267
26.194628
26.235344
26.275436
26.314293
26.351933
26.388678
26.425158
26.461658
26.498524
26.534977
26.571255
26.606962
26.642963
26.680370
26.719448
26.760166
26.801537
26.842743
26.883762
26.924730
26.964836
27.004086
27.042858
27.081051
27.118553
27.155327
27.191996
27.228653
27.265614
27.301764
27.337780
27.374079
27.411102
27.449440
27.489466
27.530949
27.572859
27.614496
27.655977
27.697342
27.737978
27.777872
27.817324
27.855978
27.893648
27.930519
27.967196
28.003866
28.040846
28.077282
28.113550
28.149984
28.187117
28.225613
28.265821
28.307274
28.349031
28.390528
28.431849
28.473202
28.513662
28.553267
28.592474
28.631149
28.669008
28.705986
28.742620
28.779245
28.816265
28.852823
28.889261
28.925760
28.962887
29.001289
29.041172
29.082649
29.124743
29.166634
29.208416
29.250229
29.291285
29.331577
29.371378
29.410275
29.448103
29.485025
29.521732
29.558363
29.595348
29.631807
29.668108
29.704590
29.741787
29.780317
29.820601
29.862089
29.903831
29.945278
29.986557
30.027815
30.068375
30.108145
30.147463
30.186018
30.223606
30.260244
30.296404
30.332611
30.369251
30.405563
30.441734
30.478045
30.514908
30.553087
30.592943
30.634302
30.676199
30.717880
30.759487
30.801130
30.841862
30.881660
30.920996
30.959547
30.996979
31.033382
31.069605
31.105829
31.142408
31.178440
31.214306
31.250315
31.287060
31.325109
31.364851
31.406065
31.447702
31.489103
31.530346
31.571592
31.612288
31.652386
31.692020
31.730934
31.768854
31.805918
31.842791
31.879614
31.916761
31.953299
31.989630
32.026070
32.063129
32.101440
32.141388
32.182774
32.224590
32.266159
32.307568
32.348999
32.389793
32.429977
32.469650
32.508446
32.546200
32.583088
32.619671
32.656231
32.693169
32.729607
32.765835
32.802120
32.838966
32.877125
32.916981
32.958263
32.999969
33.041439
33.082771
33.124107
33.164528
33.204041
33.243107
33.281456
33.318874
33.355412
33.391632
33.427837
33.464409
33.500645
33.536697
33.572906
33.609707
33.647858
33.687740
33.729118
33.771000
33.812645
33.854176
33.895535
33.935986
33.975563
34.014668
34.052967
34.090237
34.126575
34.162704
34.198849
34.235348
34.271397
34.307247
34.343430
34.380337
34.418571
34.458500
34.499828
34.541557
34.583031
34.624306
34.665546
34.706093
34.745888
34.785213
34.823940
34.861893
34.899014
34.935982
34.972954
35.010273
35.047054
35.083649
35.120598
35.158184
35.196888
35.237095
35.278706
35.320786
35.362648
35.404400
35.446121
35.487293
35.527935
35.568081
35.607338
35.645523
35.682770
35.719673
35.756519
35.793716
35.830387
35.866837
35.903591
35.941044
35.979786
36.020287
36.061848
36.103565
36.144997
36.186253
36.227551
36.268070
36.307751
36.346985
36.385597
36.423317
36.460079
36.496544
36.533031
36.569855
36.606319
36.642574
36.679146
36.716351
36.754723
36.794704
36.836231
36.878281
36.920124
36.961754
37.003292
37.044186
37.084499
37.124363
37.163326
37.201233
37.238300
37.275135
37.311920
37.349045
37.385662
37.422043
37.458931
37.496578
37.535519
37.576130
37.617729
37.659523
37.701065
37.742355
37.783737
37.824520
37.864506
37.903999
37.942719
37.980431
38.017246
38.053818
38.090389
38.127335
38.163765
38.199963
38.236446
38.273590
38.311932
38.351925
38.393406
38.435379
38.477123
38.518669
38.560196
38.601154
38.641495
38.681343
38.720455
38.758568
38.795761
38.832741
38.869732
38.907063
38.943905
38.980499
39.017372
39.054859
39.093430
39.133568
39.175144
39.217171
39.258976
39.300613
39.342419
39.383671
39.424633
39.465076
39.504505
39.542812
39.580143
39.617104
39.654034
39.691315
39.728085
39.764587
39.801468
39.838993
39.877773
39.918293
39.959949
40.001820
40.043388
40.084702
40.125927
40.166470
40.206261
40.245609
40.284340
40.322182
40.359215
40.395985
40.432766
40.469925
40.506763
40.543392
40.580311
40.617813
40.656506
40.696747
40.738407
40.780594
40.822559
40.864281
40.905758
40.946606
40.986767
41.026474
41.065384
41.103313
41.140362
41.177170
41.213943
41.251068
41.287647
41.324009
41.361008
41.398766
41.437828
41.478523
41.520073
41.561649
41.602966
41.644032
41.685043
41.725403
41.765057
41.804291
41.842606
41.880035
41.916531
41.952446
41.988533
42.025036
42.061390
42.097584
42.133781
42.170258
42.207954
42.247234
42.288017
42.329651
42.371178
42.412560
42.454002
42.494293
42.533707
42.572670
42.610840
42.647957
42.684139
42.720074
42.755939
42.792122
42.827808
42.863396
42.899384
42.936123
42.974224
43.014038
43.055290
43.096977
43.138451
43.179699
43.220875
43.261360
43.301117
43.340446
43.379120
43.416912
43.453884
43.490685
43.527466
43.564629
43.601425
43.638020
43.675072
43.712784
43.751640
43.791985
43.833694
43.875824
43.917725
43.959469
44.001263
44.042500
44.083092
44.123207
44.162563
44.200943
44.238419
44.275639
44.312824
44.350376
44.387474
44.424332
44.461807
44.500000
44.539307
44.580074
44.621838
44.663773
44.705448
44.746918
44.788361
44.829250
44.869476
44.909218
44.948296
44.986519
45.023872
45.060963
45.098026
45.135525
45.172695
45.209656
45.247047
45.285053
45.324081
45.364586
45.406464
45.448837
45.490967
45.532990
45.575012
45.616386
45.657066
45.697258
45.736641
45.774952
45.812256
45.849319
45.886360
45.923801
45.960880
45.997734
46.035225
46.073402
46.112705
46.153446
46.195210
46.237194
46.278965
46.320522
46.362095
46.403114
46.443665
46.483746
46.523155
46.561611
46.599052
46.636250
46.673477
46.711090
46.748302
46.785316
46.822960
46.861347
46.900742
46.941414
46.983089
47.025024
47.066780
47.108406
47.149944
47.190952
47.230995
47.270599
47.309509
47.347668
47.385067
47.422279
47.459488
47.497097
47.534592
47.571697
47.609119
47.646969
47.685833
47.726109
47.767715
47.809898
47.851936
47.893814
47.935459
47.976543
48.016640
48.056297
48.095348
48.133495
48.170689
48.207554
48.244442
48.281700
48.318462
48.354794
48.391602
48.429062
48.467640
48.507683
48.549004
48.590771
48.632366
48.673824
48.715580
48.756832
48.797321
48.837364
48.876633
48.914993
48.952484
48.989548
49.026619
49.064095
49.101418
49.138359
49.175438
49.212685
49.250946
49.290768
49.332123
49.374134
49.416008
49.457664
49.499180
49.540031
49.579830
49.619198
49.657890
49.695644
49.732468
49.769051
49.805725
49.842743
49.879436
49.915733
49.952492
49.989891
50.028412
50.068371
50.109676
50.151459
50.193066
50.234512
50.275970
50.316864
50.356861
50.396435
50.435345
50.473473
50.510860
50.548008
50.585190
50.622726
50.660202
50.697315
50.734657
50.772343
50.811016
50.851112
50.892567
50.934612
50.976521
51.018230
51.059761
51.100685
51.140636
51.180134
51.218967
51.256863
51.293842
51.330639
51.367500
51.404739
51.441704
51.478275
51.515362
51.553040
51.591831
51.632015
51.673443
51.715275
51.756931
51.798397
51.839890
51.880905
51.921089
51.960842
51.999962
52.038345
52.075924
52.113304
52.150715
52.188522
52.226166
52.263393
52.301178
52.339558
52.378941
52.419693
52.461628
52.503971
52.546112
52.588089
52.630150
52.671646
52.712074
52.752037
52.791321
52.829727
52.867245
52.904438
52.941677
52.979321
53.016674
53.053619
53.091164
53.129494
53.168915
53.209705
53.251354
53.293251
53.334946
53.376480
53.418274
53.459618
53.500153
53.540203
53.579422
53.617680
53.655033
53.691998
53.728951
53.766266
53.803452
53.840244
53.877254
53.914478
53.952713
53.992470
54.033714
54.075623
54.117405
54.159000
54.200558
54.241535
54.281540
54.321117
54.359997
54.397976
54.435043
54.471863
54.508766
54.546028
54.583008
54.619595
54.656746
54.694683
54.733734
54.774162
54.815678
54.857502
54.899151
54.940639
54.982201
55.023239
55.063515
55.103367
55.142429
55.180592
55.217907
55.254753
55.291656
55.328964
55.366245
55.403233
55.440380
55.477581
55.515705
55.555298
55.596462
55.638439
55.680355
55.722069
55.763767
55.804718
55.844631
55.884121
55.923023
55.960926
55.997822
56.034328
56.070824
56.107555
56.144032
56.180119
56.216782
56.254082
56.292542
56.332535
56.373978
56.415897
56.457672
56.499214
56.540985
56.582184
56.622528
56.662437
56.701618
56.739864
56.777184
56.814091
56.851002
56.888241
56.925270
56.961906
56.999008
57.036804
57.075603
57.115883
57.157539
57.199635
57.241558
57.283215
57.324944
57.366211
57.406925
57.447186
57.486732
57.525303
57.562832
57.599995
57.637127
57.674629
57.711884
57.748711
57.785938
57.823807
57.862522
57.902493
57.943909
57.985981
58.027954
58.069725
58.111465
58.152580
58.193291
58.233517
58.273014
58.311661
58.349522
58.387039
58.424507
58.462360
58.500061
58.537331
58.575054
58.613331
58.652580
58.693268
58.735222
58.777584
58.819698
58.861595
58.903690
58.945366
58.985909
59.026001
59.065426
59.103920
59.141441
59.178452
59.215466
59.252766
59.290062
59.327103
59.364254
59.401615
59.439827
59.479435
59.520695
59.563076
59.605495
59.647484
59.689579
59.731178
59.771614
59.811562
59.850910
59.889610
59.927513
59.964989
60.002396
60.040112
60.076958
60.113056
60.149349
60.186092
60.224060
60.263718
60.304600
60.345840
60.386894
60.427711
60.468788
60.509373
60.549217
60.588680
60.627480
60.665321
60.702160
60.738533
60.775013
60.811832
60.848587
60.885014
60.921524
60.957886
60.995197
61.034168
61.074764
61.116318
61.157784
61.198921
61.240242
61.280674
61.319931
61.358814
61.397198
61.434769
61.471325
61.507439
61.543472
61.579693
61.615456
61.650799
61.686485
61.722836
61.760532
61.799862
61.840748
61.882324
61.923779
61.964874
62.005985
62.046623
62.086254
62.125504
62.164009
62.201519
62.238007
62.274231
62.310501
62.347050
62.383457
62.419533
62.455887
62.492710
62.530746
62.570389
62.611557
62.653324
62.694942
62.736221
62.777462
62.818386
62.858601
62.898354
62.937363
62.975300
63.012154
63.048782
63.085464
63.122395
63.159142
63.195518
63.232136
63.269226
63.307373
63.347054
63.388187
63.429863
63.471378
63.512592
63.553806
63.594524
63.634941
63.674862
63.713974
63.752026
63.789082
63.825882
63.862694
63.899776
63.936615
63.972992
64.009827
64.047333
64.085953
64.126190
64.167694
64.209518
64.251160
64.292465
64.333679
64.374466
64.414917
64.454887
64.493958
64.531975
64.569000
64.605713
64.642464
64.679550
64.716545
64.753220
64.790199
64.827759
64.866364
64.906509
64.948174
64.990326
65.032303
65.073990
65.115593
65.156776
65.197121
65.237015
65.276031
65.313972
65.350853
65.387451
65.424080
65.461029
65.497894
65.534462
65.571289
65.608612
65.646919
65.686691
65.728081
65.770149
65.812103
65.853783
65.895485
65.936760
65.977219
66.017181
66.056313
66.094307
66.131233
66.167755
66.204216
66.240959
66.277542
66.313751
66.350296
66.387466
66.425766
66.465790
66.507263
66.549095
66.590721
66.632004
66.673065
66.713676
66.753273
66.792427
66.831009
66.868988
66.906181
66.942917
66.979523
67.016396
67.052925
67.089005
67.125565
67.162865
67.201347
67.241539
67.283348
67.325661
67.367737
67.409561
67.451355
67.492104
67.531746
67.570961
67.609474
67.646996
67.683502
67.719673
67.755875
67.792336
67.828766
67.864960
67.901123
67.937469
67.975021
68.014236
68.055054
68.096695
68.138214
68.179489
68.220711
68.261345
68.300850
68.339912
68.378342
68.415939
68.452644
68.489059
68.525444
68.562141
68.598236
68.633888
68.669624
68.706009
68.743614
68.782921
68.823814
68.865219
68.906517
68.947479
68.988396
69.028816
69.068245
69.107277
69.145767
69.183609
69.220619
69.257317
69.294052
69.331116
69.367889
69.404274
69.440880
69.477921
69.516129
69.555916
69.597267
69.639336
69.681244
69.722839
69.764122
69.804855
69.844673
69.884087
69.922852
69.960732
69.997665
70.034531
70.071373
70.108559
70.145264
70.181572
70.218208
70.255478
70.293854
70.333740
70.374985
70.416740
70.458328
70.499687
70.541092
70.582130
70.622353
70.662125
70.701126
70.739212
70.776436
70.813385
70.850334
70.887566
70.924721
70.961502
70.998360
71.035515
71.073708
71.113449
71.154732
71.196602
71.238335
71.279785
71.321274
71.362221
71.402107
71.441582
71.480370
71.518265
71.555115
71.591789
71.628471
71.665466
71.702164
71.738457
71.775085
71.812256
71.850555
71.890366
71.931648
71.973503
72.015221
72.056702
72.098259
72.139282
72.179550
72.219376
72.258377
72.296371
72.333488
72.370193
72.406906
72.443985
72.480782
72.517159
72.553802
72.590973
72.629333
72.669403
72.710838
72.752693
72.794319
72.835709
72.877052
72.917793
72.957695
72.997131
73.035828
73.073524
73.110252
73.146721
73.183258
73.220139
73.256844
73.293365
73.330292
73.367828
73.406471
73.446686
73.488319
73.530418
73.572304
73.613930
73.655525
73.696564
73.737061
73.777039
73.816322
73.854546
73.891670
73.928619
73.965523
74.002762
74.039589
74.076187
74.113159
74.150673
74.189316
74.229431
74.270927
74.312843
74.354523
74.396027
74.437500
74.478477
74.519142
74.559288
74.598625
74.637001
74.674522
74.711800
74.749023
74.786644
74.823814
74.860733
74.898216
74.936417
74.975754
75.016708
75.058609
75.100601
75.142334
75.183952
75.225609
75.266617
75.306770
75.346466
75.385376
75.423332
75.460373
75.496948
75.533493
75.570404
75.607162
75.643784
75.680382
75.717216
75.755150
75.794769
75.836082
75.878090
75.919891
75.961441
76.003120
76.043900
76.083817
76.123238
76.161888
76.199432
76.235825
76.271889
76.307999
-0.000018
-0.000167
-0.000687
-0.000834
-0.000148
0.001365
0.003689
0.006562
0.009849
0.014077
0.019712
0.027142
0.036409
0.047421
0.060057
0.074203
0.089767
0.106640
0.124868
0.144424
0.165228
0.186909
0.209254
0.231863
0.254382
0.276721
0.298810
0.320388
0.341535
0.362449
0.383368
0.404464
0.426033
0.448275
0.470825
0.493405
0.515610
0.538141
0.561585
0.586397
0.612774
0.640657
0.669616
0.699179
0.729201
0.759813
0.790346
0.820476
0.850249
0.879746
0.909181
0.938738
0.968551
0.998611
1.028909
1.058639
1.088173
1.117570
1.147719
1.179017
1.211799
1.246108
1.282024
1.318457
1.353764
1.388863
1.422605
1.455414
1.487982
1.520587
1.552953
1.584951
1.616861
1.648858
1.681129
1.712975
1.744991
1.777823
1.811442
1.845973
1.881586
1.917714
1.953977
1.990250
2.026070
2.061465
2.096093
2.130290
2.164196
2.197966
2.231334
2.264252
2.297035
2.329920
2.362947
2.395760
2.428767
2.462299
2.496487
2.531337
2.566995
2.603261
2.639732
2.676169
2.712541
2.748806
2.784005
2.818210
2.852051
2.885741
2.919063
2.951909
2.984584
3.017346
3.050268
3.082943
3.115747
3.148946
3.182701
3.217273
3.252871
3.289465
3.326352
3.363105
3.399540
3.435605
3.470750
3.504961
3.538782
3.572444
3.605868
3.638980
3.671907
3.704830
3.737877
3.770689
3.803606
3.836887
3.870688
3.905256
3.940896
3.977807
4.015178
4.052336
4.088809
4.124837
4.159847
4.193928
4.227593
4.261025
4.294197
4.327081
4.359780
4.392461
4.424465
4.455816
4.487219
4.519278
4.552280
4.586632
4.621945
4.657432
4.692767
4.728026
4.763375
4.798814
4.832670
4.865685
4.898289
4.930532
4.962446
4.993937
5.025186
5.056499
5.088076
5.119292
5.150548
5.182314
5.214646
5.247994
5.282763
5.319038
5.355808
5.392303
5.427570
5.462584
5.496754
5.530147
5.563138
5.595883
5.628397
5.660669
5.692747
5.723929
5.754545
5.784914
5.815232
5.846163
5.878091
5.911474
5.946597
5.982337
6.017952
6.053460
6.088842
6.123584
6.156834
6.189134
6.221087
6.252656
6.284074
6.315301
6.346412
6.377605
6.408933
6.439565
6.470070
6.500939
6.532354
6.564963
6.599144
6.634479
6.670001
6.705414
6.740457
6.775030
6.809151
6.842346
6.875133
6.907591
6.939847
6.971924
7.003858
7.035794
7.067834
7.099167
7.130317
7.161794
7.193762
7.226859
7.261667
7.297855
7.334250
7.370432
7.406303
7.441539
7.475579
7.508432
7.540905
7.573050
7.604944
7.636621
7.668143
7.699622
7.730307
7.760512
7.790669
7.821363
7.852859
7.885605
7.920149
7.955936
7.991907
8.027715
8.062624
8.097004
8.130380
8.162715
8.194640
8.226178
8.257483
8.288616
8.319643
8.350492
8.380486
8.410096
8.439692
8.469767
8.500643
8.532910
8.567078
8.602228
8.637446
8.672630
8.707374
8.741613
8.774649
8.806724
8.838371
8.869610
8.900677
8.931627
8.962515
8.993444
9.023889
9.053707
9.083465
9.113660
9.144562
9.176783
9.210814
9.245995
9.281343
9.316677
9.351606
9.386053
9.419446
9.451821
9.483734
9.515242
9.546551
9.577718
9.608801
9.639915
9.670367
9.700229
9.730018
9.760271
9.791292
9.823619
9.857722
9.892911
9.928261
9.963615
9.998737
10.033391
10.066936
10.099458
10.131507
10.163093
10.194484
10.225742
10.256926
10.288074
10.318366
10.348187
10.377889
10.408079
10.439123
10.471568
10.505745
10.540570
10.575285
10.609967
10.644482
10.678590
10.711699
10.743866
10.775561
10.806865
10.838076
10.869189
10.900237
10.931355
10.962647
10.993371
11.023897
11.054931
11.086532
11.119304
11.153721
11.189367
11.225207
11.260913
11.295769
11.330090
11.363836
11.396616
11.428982
11.461007
11.492842
11.524529
11.556114
11.587713
11.619349
11.650165
11.680842
11.711974
11.743643
11.776471
11.811049
11.847013
11.883190
11.919156
11.954898
11.990095
12.024045
12.056836
12.089238
12.121313
12.153124
12.184714
12.216149
12.247457
12.277908
12.307961
12.337982
12.368524
12.399843
12.432370
12.466664
12.502310
12.538248
12.574016
12.608871
12.643228
12.676538
12.708819
12.740672
12.772162
12.803450
12.834591
12.865640
12.896619
12.926776
12.956455
12.986094
13.016201
13.047122
13.079357
13.113391
13.148539
13.183840
13.219111
13.254117
13.288576
13.321756
13.353972
13.385743
13.417085
13.448227
13.479257
13.510242
13.541101
13.571099
13.600719
13.630196
13.660200
13.691110
13.723459
13.757341
13.791689
13.825952
13.860177
13.894382
13.928312
13.961269
13.993328
14.024919
14.056144
14.087292
14.118365
14.149379
14.180471
14.211733
14.242422
14.272944
14.303983
14.335566
14.368265
14.402576
14.438142
14.473977
14.509664
14.544464
14.578793
14.612561
14.645389
14.677830
14.709935
14.741876
14.773712
14.805479
14.837295
14.869185
14.900272
14.931220
14.962598
14.994543
15.027595
15.062301
15.098297
15.134497
15.170509
15.206319
15.241621
15.275669
15.308534
15.340979
15.373121
15.405066
15.436839
15.468467
15.500143
15.531902
15.562842
15.593635
15.625010
15.656968
15.690042
15.724769
15.760915
15.797315
15.833464
15.869237
15.904351
15.938137
15.970787
16.003033
16.035015
16.066824
16.098438
16.129910
16.161396
16.192953
16.223667
16.254213
16.285242
16.316748
16.349382
16.383823
16.419876
16.456217
16.492279
16.527901
16.562494
16.595716
16.627958
16.659914
16.691538
16.722870
16.754013
16.785040
16.815428
16.845125
16.874571
16.903952
16.933863
16.964767
16.997133
17.031078
17.065552
17.099974
17.134266
17.168579
17.202642
17.235453
17.267406
17.298927
17.330120
17.361237
17.392212
17.423090
17.454071
17.485157
17.515625
17.545984
17.576748
17.607901
17.640234
17.674126
17.709263
17.744652
17.779873
17.814320
17.848349
17.881960
17.914793
17.947241
17.979322
18.011267
18.043140
18.074997
18.106894
18.138863
18.170200
18.201372
18.232811
18.264526
18.297213
18.331572
18.367371
18.403444
18.439314
18.474924
18.509977
18.543951
18.576744
18.609154
18.641270
18.673141
18.704817
18.736353
18.767931
18.798752
18.828945
18.859118
18.889906
18.921448
18.954210
18.988714
19.024391
19.060217
19.095837
19.130610
19.164808
19.198265
19.230696
19.262747
19.294550
19.326174
19.357616
19.388954
19.420300
19.451748
19.482428
19.512924
19.543938
19.575411
19.608030
19.642347
19.678373
19.714827
19.751060
19.786791
19.821447
19.855053
19.887550
19.919685
19.951494
19.983084
20.014534
20.045883
20.077198
20.107706
20.137674
20.167603
20.198036
20.229364
20.262053
20.296520
20.331806
20.367046
20.402241
20.437248
20.471796
20.505220
20.537712
20.569763
20.601402
20.632895
20.664230
20.695442
20.726679
20.758053
20.788866
20.819527
20.850592
20.882137
20.914833
20.949034
20.984365
21.019909
21.055386
21.090481
21.125032
21.159197
21.192579
21.225508
21.257980
21.290220
21.322248
21.354116
21.386002
21.418034
21.449564
21.480860
21.512613
21.544842
21.578144
21.613049
21.649496
21.686291
21.722851
21.758650
21.793758
21.828093
21.861254
21.894020
21.926447
21.958626
21.990570
22.022343
22.053699
22.084135
22.114258
22.144320
22.174921
22.206245
22.238873
22.273169
22.308983
22.345266
22.381378
22.416964
22.451902
22.485914
22.518827
22.551291
22.583315
22.615055
22.646610
22.678051
22.709429
22.739964
22.769930
22.799860
22.830330
22.861500
22.894037
22.928358
22.963806
22.999416
23.034952
23.070126
23.104759
23.138552
23.171318
23.203636
23.235493
23.267105
23.298553
23.329857
23.361147
23.392481
23.423065
23.453505
23.484552
23.516361
23.549494
23.584385
23.620008
23.655479
23.690819
23.725958
23.760599
23.794544
23.827391
23.859814
23.891874
23.923655
23.955086
23.986286
24.017447
24.048832
24.079874
24.110664
24.141937
24.173510
24.206085
24.240301
24.276316
24.313240
24.350092
24.385748
24.420801
24.455214
24.488571
24.521610
24.554356
24.586809
24.618977
24.650839
24.681374
24.711468
24.741373
24.771235
24.801687
24.833199
24.866163
24.900627
24.935614
24.970545
25.005257
25.039991
25.074844
25.108315
25.140902
25.173161
25.205093
25.236629
25.267540
25.298080
25.328712
25.359627
25.390211
25.420643
25.451626
25.483192
25.515938
25.550188
25.585358
25.620617
25.655802
25.690821
25.725353
25.759491
25.792824
25.825718
25.858196
25.890425
25.922432
25.954271
25.986122
26.018171
26.050087
26.081949
26.114155
26.146523
26.179792
26.214502
26.250792
26.287743
26.324568
26.360186
26.395292
26.429546
26.462622
26.495325
26.527758
26.559937
26.591841
26.623501
26.653965
26.683996
26.713854
26.743652
26.774073
26.805561
26.838556
26.872915
26.907671
26.942385
26.976974
27.011639
27.046246
27.079573
27.111961
27.143986
27.175604
27.206755
27.237297
27.267632
27.298113
27.328917
27.359573
27.390062
27.421099
27.452721
27.485474
27.519732
27.555326
27.591221
27.626972
27.662457
27.697483
27.732082
27.765623
27.798719
27.831486
27.864025
27.896288
27.928360
27.960367
27.992510
28.024258
28.055756
28.087633
28.119921
28.153193
28.187979
28.224375
28.261139
28.297659
28.333628
28.368937
28.403585
28.437029
28.470100
28.502890
28.535421
28.567686
28.599751
28.631149
28.661688
28.691988
28.722223
28.753149
28.784937
28.818033
28.852970
28.889027
28.925209
28.961138
28.996416
29.031101
29.064898
29.097605
29.129906
29.161766
29.193403
29.224833
29.256060
29.287226
29.318470
29.348959
29.379272
29.410191
29.441740
29.474531
29.509138
29.545040
29.581060
29.616798
29.652147
29.686850
29.720964
29.754032
29.786722
29.819111
29.851248
29.883047
29.914614
29.946060
29.977659
30.008739
30.039503
30.070801
30.102480
30.135153
30.169462
30.205589
30.242577
30.279455
30.315567
30.350842
30.385548
30.419277
30.452681
30.485779
30.518595
30.551128
30.583324
30.614027
30.644234
30.674337
30.704378
30.735121
30.766836
30.799932
30.834902
30.870777
30.906666
30.942291
30.977455
31.012121
31.045588
31.078051
31.110121
31.141672
31.173004
31.204111
31.235033
31.265875
31.296793
31.326998
31.357069
31.387690
31.418982
31.451662
31.486095
31.521128
31.555939
31.590607
31.625164
31.659033
31.692205
31.724436
31.756315
31.787928
31.819302
31.850328
31.881149
31.911957
31.943020
31.973831
32.004410
32.035549
32.067074
32.099625
32.133850
32.169876
32.206718
32.243427
32.279327
32.314457
32.348942
32.382351
32.415424
32.448223
32.480801
32.513126
32.545189
32.577015
32.607944
32.638351
32.668640
32.699596
32.731361
32.764462
32.799503
32.835510
32.871468
32.907223
32.942627
32.977070
33.010540
33.042847
33.074821
33.106419
33.137848
33.169132
33.200256
33.231373
33.262669
33.293293
33.323559
33.354439
33.385731
33.418079
33.452053
33.487724
33.523872
33.559853
33.595257
33.629860
33.663967
33.696999
33.729660
33.762012
33.794147
33.826111
33.857849
33.889477
33.920273
33.950523
33.980637
34.011372
34.042740
34.075294
34.109585
34.145466
34.181744
34.217857
34.253559
34.288559
34.322838
34.355846
34.388470
34.420704
34.452652
34.484356
34.515942
34.547470
34.578102
34.608246
34.638256
34.668880
34.700169
34.732677
34.766914
34.802597
34.838684
34.874641
34.910168
34.945065
34.979286
35.012245
35.044777
35.076843
35.108658
35.140263
35.171757
35.203217
35.234226
35.264458
35.294537
35.325264
35.356739
35.389427
35.423912
35.459606
35.495453
35.531178
35.566319
35.600773
35.634594
35.667271
35.699505
35.731285
35.762844
35.794243
35.825485
35.856678
35.887970
35.918568
35.948856
35.979794
36.011314
36.043945
36.078327
36.114193
36.150284
36.186169
36.221649
36.256451
36.290646
36.323612
36.356190
36.388390
36.420349
36.452068
36.483597
36.515041
36.545937
36.576172
36.606255
36.636993
36.668217
36.700500
36.734451
36.770203
36.806461
36.842548
36.878036
36.912735
36.946838
36.979721
37.012230
37.044376
37.076298
37.108009
37.139576
37.170975
37.201427
37.231354
37.261169
37.291592
37.322731
37.355083
37.389286
37.424942
37.460861
37.496578
37.531727
37.566196
37.600002
37.632610
37.664825
37.696617
37.728157
37.759521
37.790737
37.821804
37.851933
37.881657
37.911278
37.941479
37.972294
38.004345
38.038151
38.073475
38.109245
38.144886
38.179974
38.214439
38.248230
38.280865
38.313049
38.344822
38.376404
38.407848
38.439190
38.470486
38.501831
38.532345
38.562618
38.593544
38.625195
38.657990
38.692558
38.728340
38.764236
38.799953
38.835403
38.870262
38.904430
38.937340
38.969826
39.001957
39.033855
39.065575
39.097073
39.128532
39.160126
39.191368
39.222164
39.253567
39.285370
39.318047
39.352207
39.388058
39.424667
39.461185
39.497086
39.532230
39.566853
39.600269
39.633373
39.666138
39.698624
39.730804
39.762764
39.793602
39.823719
39.853703
39.883625
39.914150
39.945553
39.978199
40.012642
40.048206
40.083904
40.119438
40.154606
40.189285
40.222904
40.255322
40.287296
40.318764
40.350021
40.381096
40.412052
40.443035
40.473969
40.504147
40.534103
40.564667
40.595959
40.628536
40.662888
40.697845
40.732586
40.767250
40.801693
40.835655
40.869061
40.901352
40.933262
40.964825
40.996151
41.027195
41.058029
41.088814
41.119896
41.150776
41.181244
41.212376
41.243927
41.276318
41.310204
41.345829
41.382580
41.419403
41.455254
41.490349
41.524990
41.558563
41.591782
41.624691
41.657364
41.689774
41.721973
41.753593
41.784286
41.814682
41.845020
41.875965
41.907852
41.941208
41.976021
42.011253
42.046421
42.081409
42.116310
42.151501
42.185394
42.218147
42.250519
42.282494
42.314121
42.345181
42.375809
42.406528
42.437595
42.468540
42.499165
42.530426
42.562428
42.595413
42.629807
42.665462
42.701340
42.737041
42.772293
42.806976
42.841251
42.874794
42.907932
42.940788
42.973431
43.005772
43.037903
43.069962
43.102196
43.134247
43.165890
43.197964
43.230057
43.262733
43.296692
43.332310
43.368950
43.405643
43.441792
43.477238
43.512226
43.545841
43.579079
43.612053
43.644722
43.677097
43.709244
43.741108
43.772156
43.802856
43.833366
43.864494
43.896534
43.929939
43.964668
43.999763
44.034756
44.069588
44.104259
44.139263
44.173466
44.206264
44.238625
44.270527
44.302124
44.333313
44.364212
44.395142
44.426346
44.457439
44.488140
44.519531
44.551323
44.583950
44.618023
44.653782
44.690559
44.727406
44.763424
44.798698
44.833485
44.866985
44.900150
44.933006
44.965595
44.997894
45.029953
45.061543
45.092232
45.122658
45.152958
45.183849
45.215603
45.248642
45.283276
45.318527
45.353725
45.388744
45.423630
45.458893
45.493061
45.525902
45.558342
45.590305
45.621964
45.653172
45.683994
45.714878
45.746044
45.777142
45.807907
45.839348
45.871235
45.904007
45.938259
45.974083
46.010574
46.046963
46.082691
46.117722
46.152325
46.185818
46.218948
46.251747
46.284302
46.316605
46.348721
46.380566
46.411411
46.441872
46.472179
46.503109
46.534813
46.567703
46.602348
46.637989
46.673687
46.709244
46.744591
46.779621
46.813736
46.846607
46.879055
46.911079
46.942886
46.974464
47.005848
47.037197
47.068710
47.100140
47.131226
47.162991
47.195164
47.228100
47.262390
47.298233
47.334969
47.371700
47.407536
47.442680
47.477425
47.510899
47.544010
47.576786
47.609306
47.641598
47.673637
47.705616
47.736870
47.767517
47.798000
47.829079
47.860905
47.894142
47.928707
47.963806
47.998863
48.033691
48.068363
48.103195
48.136940
48.169567
48.201965
48.234043
48.265789
48.297073
48.327747
48.358212
48.388840
48.419136
48.448944
48.479294
48.509968
48.541813
48.575214
48.609398
48.643604
48.677727
48.711819
48.745869
48.779682
48.812477
48.844704
48.876495
48.908081
48.939571
48.970932
49.002235
49.033730
49.065216
49.096115
49.127537
49.159138
49.191273
49.224739
49.259911
49.296234
49.332668
49.368614
49.403595
49.438290
49.471691
49.504673
49.537384
49.569839
49.602066
49.634117
49.666115
49.697170
49.727554
49.757786
49.788467
49.819973
49.852760
49.887058
49.921848
49.956558
49.991161
50.025768
50.060387
50.094242
50.126808
50.158928
50.190651
50.222195
50.253513
50.284573
50.315685
50.347015
50.378342
50.409100
50.440418
50.471970
50.504337
50.538017
50.573280
50.609398
50.645447
50.680737
50.715126
50.749348
50.782310
50.814861
50.847088
50.879173
50.911160
50.943031
50.974945
51.006920
51.038040
51.068703
51.099850
51.131721
51.164738
51.199203
51.234238
51.269192
51.304028
51.338860
51.373913
51.408150
51.440929
51.473297
51.505322
51.537148
51.568584
51.599621
51.630711
51.662090
51.693386
51.724129
51.755398
51.787304
51.820129
51.854183
51.889702
51.925694
51.961552
51.996891
52.031425
52.065731
52.099049
52.131836
52.164337
52.196705
52.228855
52.260857
52.292820
52.324909
52.356808
52.387970
52.419651
52.451748
52.484673
52.519016
52.555061
52.591694
52.628128
52.664322
52.699589
52.734505
52.768124
52.801243
52.833969
52.866497
52.898777
52.930840
52.962627
52.993439
53.023811
53.053947
53.084648
53.115826
53.148041
53.181782
53.217396
53.253769
53.289959
53.325764
53.360580
53.394974
53.428097
53.460762
53.493015
53.525070
53.556904
53.588482
53.619858
53.651321
53.682449
53.712860
53.743893
53.775215
53.807499
53.841331
53.876968
53.913177
53.949215
53.984962
54.019890
54.054432
54.087742
54.120636
54.153202
54.185562
54.217651
54.249454
54.281036
54.311840
54.342106
54.372074
54.402626
54.433689
54.465786
54.499569
54.535236
54.571568
54.607662
54.643364
54.678062
54.712345
54.745285
54.777809
54.809982
54.841961
54.873711
54.905201
54.936481
54.967823
54.998489
55.028568
55.059238
55.090229
55.122238
55.155979
55.191620
55.227798
55.263737
55.299423
55.334278
55.368683
55.401699
55.434338
55.466629
55.498726
55.530590
55.562222
55.593555
55.623905
55.653862
55.683647
55.714130
55.745171
55.777325
55.811108
55.846756
55.883060
55.919159
55.954739
55.989548
56.023888
56.057301
56.090351
56.123043
56.155521
56.187656
56.219479
56.251041
56.282692
56.313957
56.344772
56.376232
56.408245
56.441277
56.475853
56.512074
56.548599
56.584820
56.620667
56.655346
56.689472
56.722492
56.755211
56.787575
56.819775
56.851784
56.883522
56.915073
56.946754
56.977852
57.008556
57.039928
57.071930
57.104973
57.139702
57.175846
57.212284
57.248425
57.284355
57.319805
57.354763
57.388554
57.421936
57.454937
57.487617
57.519920
57.551842
57.583534
57.615368
57.647087
57.678467
57.710327
57.742409
57.775280
57.809624
57.845646
57.882698
57.919769
57.955891
57.991234
58.026119
58.059902
58.093353
58.126492
58.159344
58.191891
58.224163
58.255699
58.286346
58.316769
58.347027
58.377968
58.409782
58.442974
58.477783
58.513245
58.548649
58.583782
58.618763
58.654064
58.688286
58.721275
58.753883
58.786064
58.817978
58.849487
58.880539
58.911480
58.942577
58.973278
59.003635
59.034550
59.065945
59.098518
59.132576
59.167500
59.202496
59.237358
59.272041
59.306286
59.340141
59.373219
59.405834
59.438118
59.469902
59.501110
59.531742
59.562115
59.592854
59.623604
59.654259
59.685001
59.715405
59.746563
59.779350
59.813950
59.849640
59.885391
59.920891
59.956490
59.991348
60.024719
60.057556
60.089924
60.122047
60.153862
60.185341
60.216599
60.247849
60.278503
60.308716
60.339622
60.370819
60.403076
60.436966
60.472534
60.508488
60.544163
60.579273
60.613682
60.647636
60.680599
60.713188
60.745487
60.777531
60.809330
60.840908
60.872013
60.902107
60.931885
60.961491
60.991741
61.022785
61.055069
61.089241
61.124809
61.160595
61.196152
61.231297
61.265865
61.299614
61.332169
61.364304
61.395958
61.427326
61.458462
61.489460
61.520218
61.550045
61.579521
61.608868
61.638763
61.669209
61.700840
61.734192
61.769192
61.804783
61.840233
61.875175
61.909477
61.943314
61.976070
62.008408
62.040314
62.072021
62.103596
62.135056
62.166431
62.197826
62.228367
62.258652
62.289581
62.321011
62.353615
62.387936
62.423691
62.459709
62.495518
62.530979
62.565826
62.600121
62.633224
62.665916
62.698227
62.730301
62.762119
62.793766
62.825321
62.856972
62.888229
62.919083
62.950489
62.982372
63.015263
63.049713
63.085831
63.122349
63.158646
63.194481
63.229233
63.263325
63.296204
63.328712
63.360909
63.392887
63.424633
63.456173
63.487595
63.518391
63.548557
63.578545
63.609230
63.640617
63.673241
63.707745
63.743626
63.779739
63.815662
63.851089
63.885857
63.919758
63.952454
63.984722
64.016579
64.048149
64.079529
64.110764
64.141907
64.172264
64.202087
64.231819
64.262161
64.292984
64.324974
64.358627
64.393982
64.429939
64.465744
64.500992
64.535484
64.569458
64.602295
64.634705
64.666710
64.698471
64.730080
64.761536
64.792969
64.823738
64.853706
64.883591
64.914101
64.945213
64.977509
0.000052
0.000859
0.002415
0.004833
0.008132
0.012293
0.017304
0.023125
0.029609
0.036965
0.045367
0.054998
0.065972
0.078252
0.091444
0.104868
0.118367
0.132000
0.145762
0.159487
0.173132
0.186694
0.200317
0.213808
0.227136
0.240367
0.253614
0.266983
0.280517
0.294214
0.307949
0.322160
0.337025
0.353278
0.371191
0.390339
0.409683
0.428516
0.445859
0.462558
0.479093
0.494875
0.510727
0.526482
0.542017
0.557321
0.572498
0.587632
0.602712
0.617405
0.631882
0.647004
0.663072
0.680732
0.700143
0.720325
0.740336
0.759793
0.777567
0.794462
0.811126
0.827080
0.843071
0.859050
0.874935
0.890721
0.906503
0.922312
0.938040
0.953569
0.968784
0.984593
1.001350
1.019686
1.039691
1.060311
1.080725
1.100571
1.118693
1.135963
1.152866
1.168983
1.185145
1.201303
1.217371
1.233329
1.249257
1.265181
1.281010
1.296506
1.311703
1.327516
1.344327
1.362732
1.382815
1.403422
1.423780
1.443582
1.461661
1.478814
1.495641
1.511701
1.527790
1.543885
1.559911
1.575855
1.591800
1.607785
1.623682
1.639394
1.654801
1.670799
1.687723
1.706258
1.726475
1.747467
1.768314
1.788502
1.806827
1.824166
1.841091
1.857131
1.873230
1.889362
1.905457
1.921497
1.937540
1.953604
1.969582
1.984978
2.000070
2.015801
2.032596
2.051013
2.071295
2.092247
2.112956
2.133190
2.151834
2.169322
2.186110
2.202123
