-0.130722
-0.034490
0.053801
0.119802
0.190510
0.259402
0.280240
0.322411
0.399029
0.496307
0.585509
0.637766
0.661934
0.682070
0.714354
0.731849
0.659177
0.551490
0.454678
0.327994
0.230665
0.120979
0.048232
-0.004123
-0.054820
-0.124777
-0.206019
-0.343210
-0.427723
-0.593583
-0.618486
-0.414703
-0.330589
-0.193339
-0.078554
-0.038667
-0.097411
-0.068479
0.060711
0.095126
0.232298
0.148869
0.074008
0.027568
-0.034801
-0.105527
-0.171825
-0.290609
-0.340818
-0.441498
-0.422084
-0.176509
-0.107733
-0.000201
0.109457
0.212762
0.148433
0.041186
0.030834
0.024318
0.078758
-0.007718
-0.056562
-0.104640
-0.171686
-0.206207
-0.235474
-0.366163
-0.443676
-0.567005
-0.553984
-0.343485
-0.262638
-0.121581
0.025391
0.144894
0.083460
-0.008194
0.153492
0.146684
0.195333
0.159999
0.138707
0.091583
0.047256
0.039692
0.033741
-0.063895
-0.149601
-0.293989
-0.283777
-0.133139
-0.069664
0.065422
0.192007
0.233126
0.174352
0.084058
0.237926
0.198307
0.220329
0.172745
0.160613
0.124516
0.073461
0.052027
0.035480
-0.065672
-0.154857
-0.254292
-0.259857
-0.145561
-0.074522
0.043489
0.150682
0.130162
0.074363
-0.006094
0.148008
0.099722
0.182315
0.122639
0.099416
0.067396
0.021661
-0.000574
-0.014262
-0.117942
-0.207981
-0.311013
-0.305032
-0.179236
-0.100441
0.018863
0.136462
0.125528
0.080949
-0.048186
0.121134
0.067580
0.143949
0.080844
0.063599
0.033336
-0.000075
0.005150
0.004473
-0.095704
-0.186739
-0.315576
-0.307262
-0.193490
-0.120920
0.010679
0.130178
0.207887
0.157258
0.083228
0.231876
0.170351
0.216408
0.158595
0.155065
0.138650
0.096544
0.048729
0.008778
-0.112626
-0.148641
-0.230918
-0.223405
-0.115679
-0.024352
0.057407
0.143763
0.093646
0.048130
-0.039284
-0.014800
-0.023617
0.122614
0.024801
-0.030381
-0.061131
-0.079618
-0.037386
0.022148
-0.047328
-0.133636
-0.296779
-0.294246
-0.201446
-0.122960
0.015407
0.124121
0.207736
0.170017
0.083720
0.238038
0.175666
0.178389
0.125098
0.138491
0.131806
0.096574
0.050470
0.011714
-0.102903
-0.124199
-0.197800
-0.195405
-0.106485
-0.014013
0.061787
0.140519
0.099658
0.044399
-0.046509
-0.121062
-0.073646
0.083346
-0.020008
-0.078156
-0.112332
-0.135796
-0.110098
-0.048654
-0.102151
-0.158018
-0.283209
-0.264187
-0.103831
-0.031317
0.094029
0.207767
0.299619
0.253307
0.155505
0.294710
0.211335
0.212621
0.142923
0.170010
0.177855
0.155434
0.107523
0.062437
-0.048628
-0.055590
-0.120201
-0.133590
-0.060411
0.024890
0.084348
0.133014
0.099336
0.038726
-0.062732
-0.123748
-0.057368
0.080132
-0.018844
-0.083534
-0.123156
-0.147663
-0.146130
-0.087612
-0.118379
-0.054355
-0.158024
-0.155905
0.074078
0.114978
0.194062
0.257545
0.206058
0.153511
0.046356
0.118700
-0.023997
0.099035
0.018370
-0.001632
-0.013233
-0.039091
-0.075342
-0.095203
-0.185016
-0.209577
-0.292063
-0.276603
-0.142704
-0.055727
0.034018
0.118668
0.100162
0.039018
-0.047235
0.000033
-0.019078
0.091361
0.001715
-0.024692
-0.038213
-0.069277
-0.096223
-0.086298
-0.158118
-0.188370
-0.277077
-0.266636
-0.137983
-0.043771
0.050441
0.135151
0.160187
0.100365
0.005130
0.105521
0.018649
0.135016
0.059621
0.050671
0.052122
0.028461
-0.009295
-0.055839
-0.193541
-0.127954
-0.220597
-0.226259
-0.073337
-0.012241
0.063421
0.141625
0.117848
0.045104
-0.054107
-0.002994
0.032046
0.169437
0.065857
0.033499
0.019206
-0.002529
-0.026822
-0.009496
-0.028749
0.070859
-0.046863
-0.043685
0.108976
0.156734
0.224228
0.226079
0.143002
0.090627
-0.023909
-0.049080
-0.147373
-0.045946
-0.147704
-0.185755
-0.213312
-0.174253
-0.041162
0.037219
-0.045061
-0.129943
-0.283620
-0.263177
-0.106701
-0.033406
0.078128
0.192066
0.281602
0.202539
0.173038
0.275891
0.195540
0.190557
0.111246
0.130750
0.145295
0.125961
0.078666
0.015614
-0.054164
-0.017446
-0.093099
-0.090625
-0.006765
0.072904
0.124714
0.139397
0.068669
0.020124
-0.079989
-0.188480
-0.131171
-0.019669
-0.107535
-0.177460
-0.221508
-0.242641
-0.180186
-0.067464
-0.083770
-0.107923
-0.215106
-0.173482
0.056843
0.107089
0.203660
0.285131
0.325438
0.263144
0.135131
0.236514
0.112937
0.124181
0.043113
0.054145
0.050833
0.023849
-0.018830
-0.041492
-0.109056
-0.152288
-0.234872
-0.245051
-0.146836
-0.070220
0.028820
0.118870
0.150475
0.080874
-0.020380
0.003996
-0.036289
0.089587
0.006724
-0.016914
-0.018729
-0.043381
-0.085363
-0.099488
-0.179200
-0.164492
-0.259725
-0.258651
-0.131501
-0.044308
0.045309
0.131600
0.141177
0.082002
-0.019494
0.050436
-0.033948
0.091937
0.015406
-0.006323
-0.003449
-0.022890
-0.062116
-0.081590
-0.124571
-0.056803
-0.174015
-0.182644
-0.064821
0.026326
0.102110
0.182901
0.149471
0.079071
-0.025091
0.078068
0.019793
0.146212
0.059178
0.044040
0.042451
0.023945
-0.004956
-0.008390
-0.052789
0.030097
-0.081638
-0.085696
0.080380
0.127807
0.194002
0.244674
0.164165
0.106460
-0.007085
-0.086195
-0.127039
-0.030499
-0.122557
-0.177343
-0.209416
-0.188097
-0.057926
0.045169
-0.021816
-0.086941
-0.221189
-0.199526
-0.017255
0.059007
0.168968
0.252720
0.325223
0.244450
0.154221
0.267431
0.152819
0.158282
0.079632
0.098981
0.111187
0.091061
0.045502
-0.018178
-0.126827
-0.024550
-0.114794
-0.123148
-0.036153
0.070255
0.134551
0.192860
0.134493
0.073030
-0.023792
-0.104717
-0.093895
0.035330
-0.064341
-0.117682
-0.154147
-0.171350
-0.102456
0.004033
-0.024035
-0.063842
-0.203196
-0.183172
0.032395
0.081051
0.175099
0.242827
0.263408
0.200022
0.074742
0.174526
0.045043
0.069910
-0.012304
0.000190
-0.007744
-0.030504
-0.039979
-0.044951
-0.089437
-0.104297
-0.245361
-0.258870
-0.228574
-0.215341
-0.069559
0.048302
0.146073
0.062939
-0.053874
0.097259
0.016331
0.198690
0.139975
0.116323
0.133764
0.131175
0.085115
0.087807
0.045439
0.017147
-0.093173
-0.129728
-0.025490
0.008269
0.079418
0.144978
0.077885
0.016194
-0.092610
-0.072927
-0.085979
0.042794
-0.012130
-0.069185
-0.111389
-0.133923
-0.128451
-0.085054
-0.126847
-0.077211
-0.185054
-0.199999
0.053198
0.093148
0.185230
0.263795
0.202893
0.135507
0.034157
0.068402
-0.032865
0.088793
0.011980
-0.018121
-0.032720
-0.065245
-0.097602
-0.093389
-0.155085
-0.194327
-0.289975
-0.309655
-0.198299
-0.143378
-0.004495
0.114953
0.190650
0.127056
-0.021660
0.095331
0.000011
0.102983
0.050215
0.044337
0.048381
0.022973
-0.028199
-0.055933
-0.123262
-0.109568
-0.184740
-0.218681
-0.133433
-0.051654
0.055906
0.143865
0.137374
0.075419
-0.017164
-0.007736
-0.065312
0.100845
0.037750
-0.004548
-0.016364
-0.040775
-0.087059
-0.099618
-0.151437
-0.074236
-0.187568
-0.221793
-0.082938
-0.019352
0.095358
0.187690
0.260608
0.179606
0.014125
0.126734
0.027611
0.145647
0.076051
0.070490
0.085200
0.076718
0.037454
-0.016103
-0.068376
-0.007100
-0.101069
-0.141034
-0.020073
0.034285
0.105264
0.173642
0.111943
0.035025
-0.066733
-0.082023
-0.104897
0.026397
-0.037727
-0.082268
-0.121186
-0.129044
-0.079978
-0.025847
-0.077426
-0.124957
-0.217379
-0.230987
-0.049774
0.005706
0.128423
0.223322
0.291204
0.208740
0.054494
0.189469
0.089054
0.142983
0.060067
0.067074
0.075554
0.063514
0.022672
-0.033669
-0.092841
-0.029570
-0.131330
-0.178311
-0.077415
-0.008478
0.075946
0.147633
0.149457
0.072419
-0.041463
0.016950
-0.077007
0.093463
0.022616
-0.001050
-0.015279
-0.030177
-0.061645
-0.063601
-0.112101
-0.010415
-0.114476
-0.155564
0.001269
0.064850
0.151038
0.215860
0.145024
0.064915
-0.043030
0.019277
-0.108970
0.036482
-0.040688
-0.061767
-0.085912
-0.105364
-0.090698
-0.053212
-0.108085
-0.124830
-0.229466
-0.246751
-0.093889
-0.029942
0.071130
0.179898
0.242379
0.162370
0.012960
0.156427
0.059629
0.117718
0.034561
0.033061
0.034719
0.017537
-0.030865
-0.066070
-0.143185
-0.079348
-0.183230
-0.216168
-0.109729
-0.053275
0.067792
0.162666
0.187637
0.120210
0.001452
0.052368
-0.046881
0.056385
-0.011569
-0.028835
-0.035734
-0.052021
-0.086330
-0.091685
-0.141233
-0.107237
-0.205994
-0.228833
-0.133569
-0.064939
0.049356
0.149058
0.193222
0.121430
0.000883
0.048894
-0.047521
0.061905
-0.017876
-0.033581
-0.038835
-0.055070
-0.070211
-0.055376
-0.096356
-0.102325
-0.193200
-0.209638
-0.132949
-0.068702
0.058185
0.178245
0.236290
0.164877
0.052053
0.103498
0.010007
0.087813
0.005059
-0.002299
0.000184
-0.013186
-0.034475
-0.034248
-0.083314
-0.086479
-0.175226
-0.201923
-0.130906
-0.067934
0.060379
0.174055
0.226056
0.155273
0.049764
0.003830
-0.053970
0.043768
-0.035766
-0.057730
-0.072436
-0.046297
0.003991
0.036487
-0.022612
-0.082190
-0.211760
-0.234170
-0.161287
-0.148727
-0.012551
0.119940
0.214176
0.155947
0.039665
0.137917
0.115436
0.158287
0.134188
0.130704
0.141992
0.140137
0.111241
0.063658
0.096679
0.100763
0.012025
-0.028762
0.039346
0.094636
0.137708
0.118141
0.025303
-0.041919
-0.148567
-0.220910
-0.253133
-0.135051
-0.203731
-0.249858
-0.286436
-0.138326
0.085458
0.124710
-0.024706
-0.113027
-0.261777
-0.266321
-0.072357
-0.028990
0.076438
0.166493
0.254494
0.174561
0.045389
0.013465
-0.046026
0.007188
-0.045245
-0.062479
-0.070566
-0.065038
-0.052451
-0.030540
-0.066388
-0.088690
-0.161899
-0.174276
-0.064299
-0.008808
0.136847
0.258112
0.324582
0.259937
0.146185
0.133447
0.079853
0.066837
0.036602
0.028799
0.034731
0.055006
0.061077
0.068393
0.001282
-0.058283
-0.146182
-0.166428
-0.108082
-0.057655
0.075550
0.186843
0.230846
0.166680
0.065384
0.013988
-0.125901
-0.050224
-0.119943
-0.134435
-0.156170
-0.013744
0.162319
0.202316
0.052923
-0.052128
-0.186459
-0.203280
-0.128971
-0.091702
0.023152
0.127550
0.171461
0.089320
-0.034167
-0.020308
-0.115559
-0.032482
-0.100882
-0.129974
-0.151363
-0.130066
-0.047992
-0.001140
-0.070319
-0.118393
-0.198928
-0.215057
-0.084217
-0.029887
0.113375
0.228503
0.290187
0.219366
0.099490
0.088285
0.004232
0.000857
-0.120777
-0.129779
-0.116924
0.032204
0.179019
0.199589
0.058587
-0.041885
-0.147500
-0.176546
-0.077542
-0.033580
0.094623
0.194710
0.240040
0.169123
0.056440
-0.039222
-0.143357
-0.112055
-0.167731
-0.182348
-0.183201
0.005589
0.198959
0.219523
0.075274
-0.025184
-0.149447
-0.174528
-0.082008
-0.052249
0.086462
0.189955
0.240077
0.162474
0.048653
-0.029376
-0.089702
-0.066673
-0.116027
-0.133071
-0.133477
0.045439
0.213447
0.225523
0.088079
-0.011745
-0.131117
-0.165010
-0.063977
-0.041663
0.089265
0.190198
0.243812
0.161540
0.049244
-0.044468
-0.130455
-0.165053
-0.195920
-0.214861
-0.158178
0.100743
0.273793
0.263339
0.128368
0.026293
-0.095456
-0.129251
-0.042299
-0.014167
0.113500
0.200575
0.236474
0.161422
0.048328
-0.049015
-0.164972
-0.128721
-0.186749
-0.214411
-0.234748
-0.063351
0.136163
0.164953
0.014631
-0.086741
-0.199312
-0.220948
-0.117451
-0.074039
0.064567
0.165447
0.212263
0.141117
0.026061
-0.055035
-0.158892
-0.167553
-0.223459
-0.241617
-0.231594
0.004347
0.238767
0.257621
0.114146
0.010762
-0.122759
-0.153151
-0.057722
-0.023213
0.104942
0.195257
0.233401
0.153124
0.038624
-0.061457
-0.187022
-0.168767
-0.222834
-0.239193
-0.188068
0.095897
0.309242
0.284913
0.149527
0.046283
-0.102834
-0.130870
-0.040915
-0.016728
0.114224
0.209023
0.248238
0.171283
0.058653
-0.052164
-0.130046
-0.184855
-0.241634
-0.278255
-0.223970
0.073997
0.316186
0.308802
0.161217
0.056848
-0.073431
-0.100776
0.017944
0.046132
0.154328
0.225339
0.253337
0.183167
0.068336
-0.012451
-0.158433
-0.161988
-0.277687
-0.289878
-0.164909
0.136066
0.319656
0.306180
0.172984
0.058552
-0.091026
-0.125634
-0.052991
-0.038428
0.076810
0.145925
0.166174
0.086562
-0.028241
-0.132767
-0.232273
-0.214766
-0.274518
-0.313150
-0.322377
-0.102978
0.166085
0.195442
0.054849
-0.037794
-0.154651
-0.210299
-0.096982
-0.085931
0.053886
0.152965
0.198027
0.134268
0.044828
-0.081805
-0.123831
-0.192557
-0.235376
-0.251387
-0.225569
0.029530
0.257420
0.250717
0.120638
0.020096
-0.104376
-0.163535
-0.035498
-0.035015
0.098599
0.196678
0.240708
0.178288
0.090665
-0.026608
-0.132998
-0.171211
-0.206637
-0.224763
-0.192160
0.072223
0.305815
0.285845
0.162593
0.060551
-0.065886
-0.121076
-0.004048
-0.002973
0.126812
0.218536
0.255346
0.194847
0.108396
-0.019386
-0.093947
-0.146774
-0.238397
-0.248611
-0.125646
0.166330
0.347541
0.328068
0.207377
0.098999
-0.033915
-0.092741
-0.010600
-0.007341
0.092160
0.150946
0.153877
0.067391
-0.001938
-0.106761
-0.207813
-0.226227
-0.231066
-0.292421
-0.333167
-0.206457
0.073178
0.158841
-0.003095
-0.098821
-0.235719
-0.285644
-0.187307
-0.155331
-0.011323
0.088493
0.139271
0.112503
0.024715
-0.100626
-0.192019
-0.277866
-0.254061
-0.273681
-0.176314
0.130177
0.349082
0.317986
0.187155
0.090496
-0.044717
-0.108027
-0.005754
-0.009823
0.103883
0.206387
0.255649
0.214541
0.128079
0.028358
-0.058358
-0.085010
-0.160636
-0.198668
-0.195032
0.025195
0.254711
0.258070
0.113840
0.006023
-0.115362
-0.169616
-0.022846
-0.000757
0.128949
0.208658
0.225452
0.155424
0.068655
-0.055658
-0.165938
-0.231989
-0.293182
-0.310666
-0.191800
0.117357
0.348948
0.316433
0.192141
0.087147
-0.055706
-0.117623
-0.033664
-0.037777
0.078577
0.175430
0.217084
0.153397
0.071244
-0.054005
-0.126845
-0.163735
-0.242949
-0.267789
-0.153400
0.135487
0.309173
0.287674
0.163656
0.054671
-0.079563
-0.136894
-0.049356
-0.011168
0.123034
0.174170
0.175803
0.108502
0.051721
-0.063042
-0.161290
-0.221514
-0.224731
-0.264511
-0.282908
-0.094686
0.171954
0.216753
0.063595
-0.030302
-0.196365
-0.243857
-0.181480
-0.188271
-0.080172
0.032217
0.077710
0.051314
-0.034930
-0.148878
-0.274584
-0.263095
-0.297146
-0.315177
-0.246739
0.059453
0.306006
0.318043
0.159626
0.068803
-0.099346
-0.152057
-0.033438
-0.037282
0.096544
0.193025
0.229752
0.204902
0.116366
0.011527
-0.108366
-0.150819
-0.204850
-0.239907
-0.226496
-0.050026
0.205509
0.245615
0.103623
0.009067
-0.119143
-0.156879
-0.006767
0.036178
0.155456
0.225259
0.243783
0.169825
0.077364
-0.039645
-0.120255
-0.169568
-0.179769
-0.207996
-0.199788
0.004967
0.243207
0.285104
0.135422
0.040796
-0.130327
-0.189966
-0.125849
-0.122341
0.007213
0.100138
0.136154
0.093811
0.004929
-0.096726
-0.186696
-0.215380
-0.179867
-0.246707
-0.286347
-0.175125
0.097986
0.264090
0.151002
0.056908
-0.084839
-0.127749
0.066622
0.105980
0.247075
0.305831
0.311657
0.224438
0.146571
0.037379
-0.054540
-0.056318
-0.071760
-0.124520
-0.167355
-0.089517
0.113841
0.170986
0.054862
-0.042773
-0.221477
-0.276620
-0.193667
-0.177814
-0.030673
0.053726
0.085255
0.046793
-0.047816
-0.166368
-0.286616
-0.269065
-0.291787
-0.333488
-0.268644
0.040835
0.292802
0.366538
0.185092
0.101040
-0.075897
-0.137738
-0.016489
-0.026433
0.097111
0.185129
0.219968
0.183370
0.096879
-0.023589
-0.126620
-0.199323
-0.207849
-0.234385
-0.205746
0.035067
0.272919
0.313713
0.149678
0.063063
-0.072678
-0.114119
0.032856
0.064951
0.173103
0.233599
0.255679
0.216609
0.122827
0.003162
-0.082386
-0.123036
-0.098066
-0.153544
-0.177081
-0.096330
0.114073
0.205129
0.096241
-0.002484
-0.148649
-0.198277
-0.082019
-0.064614
0.075743
0.142723
0.150759
0.079452
0.007710
-0.105885
-0.206140
-0.231903
-0.265308
-0.293773
-0.141114
0.108574
0.337788
0.390067
0.227281
0.138531
-0.026858
-0.133712
-0.027429
-0.028721
0.002856
0.051285
0.085948
0.055341
-0.030149
-0.161449
-0.293275
-0.354227
-0.344420
-0.381696
-0.212399
0.083042
0.311499
0.393437
0.194662
0.094133
-0.013038
-0.103945
0.001372
0.054381
0.143408
0.189285
0.168563
0.042848
-0.053143
-0.155353
-0.222392
-0.170083
-0.137249
-0.230979
-0.296269
-0.141697
0.164197
0.385173
0.256514
0.100048
0.008028
-0.090668
0.001878
0.045536
0.103939
0.131496
0.137415
0.014835
-0.096758
-0.225531
-0.306305
-0.333668
-0.352550
-0.412387
-0.267795
0.066806
0.352353
0.497155
0.305319
0.196183
0.070568
-0.045896
0.062155
0.084196
0.115847
0.130191
0.117788
0.060941
-0.036691
-0.182226
-0.277408
-0.260379
-0.266843
-0.297313
-0.175886
0.083431
0.265971
0.309130
0.111009
0.001951
-0.083206
-0.183566
-0.017148
0.018191
0.072787
0.092843
0.087579
0.049828
-0.043231
-0.174018
-0.348261
-0.283338
-0.269468
-0.331726
-0.202911
0.096558
0.318034
0.399572
0.206545
0.100433
-0.043119
-0.134746
0.029099
0.058030
0.102236
0.119855
0.108139
0.057871
-0.027051
-0.158695
-0.298945
-0.248174
-0.259998
-0.296349
-0.157087
0.131476
0.340629
0.416984
0.202064
0.094138
0.013700
-0.091758
0.015668
0.035374
0.101208
0.120646
0.092119
0.009788
-0.095864
-0.240008
-0.385988
-0.285467
-0.275991
-0.315170
-0.187099
0.100589
0.301402
0.388778
0.204525
0.092908
-0.013899
-0.115347
0.048194
0.076472
0.111630
0.121811
0.067008
0.054589
-0.016748
-0.082854
-0.165833
-0.126107
-0.137582
-0.188750
-0.070478
0.174818
0.337841
0.320771
0.111476
-0.007058
-0.018619
-0.113705
0.136432
0.128254
0.142897
0.139166
0.074913
0.064403
0.003054
0.039174
-0.053983
-0.005238
-0.032382
-0.069736
0.040798
0.233154
0.343622
0.326797
0.151723
0.072526
0.027590
-0.070977
-0.012518
-0.030219
-0.003787
0.010336
-0.004586
-0.069957
0.008576
-0.009603
-0.252261
-0.391277
-0.544193
-0.550103
0.002016
0.173989
0.378293
0.416704
0.445250
0.458222
0.461903
0.454804
0.512905
0.519226
-0.013659
-0.034043
0.044268
0.120924
0.173529
0.237872
0.302330
0.362306
0.379704
0.406758
0.423053
0.531936
0.606571
0.657830
0.679587
0.686969
0.702597
0.719721
0.687802
0.610250
0.479986
0.394099
0.235342
0.144401
0.062646
0.004571
-0.047658
-0.109195
-0.188693
-0.325645
-0.427728
-0.529658
-0.638063
-0.406564
-0.329237
-0.213657
-0.104714
-0.044658
-0.114175
-0.180226
-0.136828
-0.079405
0.114260
0.095513
0.003086
-0.047936
-0.096190
-0.195700
-0.257036
-0.400288
-0.187362
-0.161369
-0.071287
0.068729
0.157179
0.170472
0.169402
0.141505
0.118886
0.016254
0.158137
0.223538
0.353330
0.310873
0.278044
0.204285
0.127003
0.028024
-0.089655
-0.157071
-0.278605
-0.391705
-0.266209
-0.057974
0.163601
0.205220
0.203394
0.222663
0.240508
0.191644
0.130799
0.164003
0.258853
0.087619
0.086302
0.020232
-0.071185
-0.167770
-0.278417
-0.341291
-0.509699
-0.334086
-0.208974
-0.280612
-0.232002
-0.235751
-0.196722
-0.165829
-0.158208
-0.160929
-0.261089
-0.187302
-0.151711
-0.261014
-0.240747
-0.275930
-0.192590
-0.057822
0.024874
0.017152
-0.094981
-0.212245
-0.344200
-0.437195
-0.276524
-0.163572
-0.152660
-0.159212
-0.106240
-0.082316
-0.198281
-0.192368
-0.167635
-0.333967
-0.119324
-0.050522
0.078700
0.254862
0.329760
0.243485
0.125885
-0.004233
-0.112542
-0.232070
-0.116570
0.030794
0.070873
0.066723
0.084906
0.147202
0.039152
0.049533
0.109788
-0.028872
0.026297
0.016569
0.092289
0.231276
0.301044
0.240365
0.115628
-0.015688
-0.065902
-0.180008
-0.112350
-0.003809
0.022611
0.028299
0.052922
0.040753
-0.133975
-0.006892
0.033947
-0.165456
-0.062645
-0.071997
0.034106
0.198663
0.258276
0.224434
0.131824
-0.035205
-0.030488
-0.129158
-0.184891
-0.106096
-0.060042
-0.053769
-0.089072
-0.162153
-0.350432
-0.330533
-0.231593
-0.301885
-0.153318
-0.179940
0.021021
0.238477
0.303344
0.232388
0.145743
-0.032875
-0.126493
-0.272215
-0.332687
-0.154688
-0.109951
-0.083425
-0.017756
-0.109629
-0.167634
-0.073562
-0.010839
0.027117
0.110806
0.013299
0.037422
0.128004
0.242787
0.265930
0.225174
0.139843
0.025903
-0.063400
-0.194609
-0.280991
-0.333180
-0.296498
-0.390476
-0.541308
-0.741084
0.010395
-0.090201
-0.006555
0.067102
0.116022
0.173543
0.230706
0.284585
0.300911
0.387265
0.460813
0.493814
0.532454
0.578657
0.617902
0.643622
0.661278
0.676456
0.702857
0.713273
0.660896
0.551676
0.447350
0.295299
0.208010
0.138141
0.096904
0.023808
-0.056420
-0.138693
-0.223425
-0.320955
-0.412118
-0.498832
-0.576369
-0.429897
-0.290225
-0.188660
0.041588
0.134079
0.224032
0.276494
0.360388
0.367266
0.287634
0.180983
0.071659
-0.016746
-0.080533
-0.148871
-0.214965
-0.301315
-0.480717
-0.622011
-0.775666
-0.846241
-0.773315
-0.631409
-0.540760
-0.634257
-0.674733
-0.569533
-0.580534
-0.704180
-0.822513
-0.931287
-1.040978
-0.016500
-0.122430
-0.039193
0.033734
0.076836
0.142126
0.187506
0.236326
0.275070
0.306271
0.331188
0.351792
0.367165
0.375716
0.378029
0.373665
0.362226
0.343604
0.317601
0.283977
0.224263
0.179605
0.095811
0.025390
-0.045142
-0.112704
-0.168016
-0.219783
-0.275228
-0.335508
-0.397000
-0.463849
-0.606063
-0.477918
-0.374854
-0.326087
-0.323170
-0.364999
-0.389711
-0.024314
-0.004086
0.108900
0.181273
0.227184
0.282960
0.334910
0.380931
0.397562
0.473458
0.523123
0.526591
0.545857
0.570411
0.612139
0.637660
0.651854
0.666242
0.683082
0.718139
0.771835
0.754178
0.689479
0.612314
0.434191
0.271553
0.111761
0.008098
-0.086299
-0.161701
-0.244412
-0.330454
-0.419767
-0.505024
-0.590083
-0.694771
-0.789145
-0.892590
-0.903895
-0.977760
-0.905070
-0.700339
-0.520542
-0.420928
-0.018524
0.133737
0.127269
0.129618
0.108700
0.101814
-0.014463
-0.211676
-0.360789
-0.542034
-0.020781
-0.123471
-0.007466
0.074915
0.126972
0.194522
0.255196
0.312875
0.309879
0.359875
0.453306
0.529346
0.597584
0.622578
0.633261
0.648074
0.672000
0.626896
0.669236
0.713341
0.707902
0.676087
0.673473
0.600655
0.335181
0.169317
0.020412
-0.106069
-0.173360
-0.227173
-0.031358
-0.122059
-0.041978
0.041180
0.095436
0.159614
0.219198
0.275039
0.327273
0.373242
0.414658
0.450992
0.483677
0.512450
0.537961
0.560291
0.579937
0.597205
0.609545
0.611121
0.598190
0.538069
0.500812
0.426203
0.354248
0.271776
0.180014
0.082872
-0.022578
-0.142106
-0.248927
-0.361392
-0.563936
-0.656733
-0.746017
-0.817617
-0.872934
-0.872873
-0.901443
-0.016002
-0.052655
0.046561
0.120870
0.165914
0.226201
0.281077
0.333638
0.383642
0.431311
0.474248
0.513575
0.548615
0.579636
0.603541
0.619570
0.628107
0.628128
0.621022
0.603646
0.543088
0.458812
0.388938
0.313211
0.237673
0.162479
0.080071
-0.019461
-0.159765
-0.265394
-0.365183
-0.465476
-0.534863
-0.416363
-0.244128
-0.128791
-0.019684
-0.055844
-0.164391
-0.271479
-0.298772
-0.248118
-0.168785
-0.028300
-0.110916
-0.027015
0.043783
0.086711
0.139282
0.186729
0.229757
0.268446
0.303327
0.335058
0.363852
0.386829
0.403695
0.414627
0.419489
0.418413
0.410834
0.363568
0.276135
0.184365
0.080328
-0.025376
-0.112335
-0.202406
-0.252513
-0.332942
-0.405633
-0.478921
-0.554461
-0.627851
-0.695591
-0.756864
-0.814216
-0.803952
-0.794850
-0.716970
-0.740816
-0.781960
-0.823909
-0.817697
0.009387
0.039978
0.120970
0.184841
0.221004
0.254858
0.297561
0.351016
0.394346
0.498625
0.567524
0.592579
0.620447
0.648362
0.647595
0.584408
0.551163
0.519634
0.473430
0.438778
0.403484
0.315865
0.226592
0.140447
0.060391
-0.015319
-0.090766
-0.184259
-0.299820
-0.444333
-0.508371
-0.615553
-0.005890
-0.004208
0.081500
0.155214
0.204630
0.245452
0.287116
0.318913
0.347441
0.379208
0.420220
0.496646
0.610499
0.655657
0.640063
0.634134
0.658629
0.664560
0.615603
0.552602
0.487491
0.468064
0.377518
0.298588
0.196773
0.208504
0.098199
0.007450
-0.098286
-0.216397
-0.336362
-0.431442
-0.508104
-0.552707
-0.656274
-0.617095
-0.605071
-0.533792
-0.390741
-0.331577
-0.303334
-0.289065
-0.294696
-0.306592
-0.324725
-0.353747
-0.415085
-0.472768
-0.552005
-0.698534
-0.864533
-0.983920
-1.035700
-1.096146
0.051086
-0.014467
0.067553
0.141595
0.191130
0.251980
0.310960
0.366169
0.416922
0.463837
0.505540
0.541353
0.571839
0.597111
0.617566
0.633332
0.644632
0.651324
0.654270
0.623698
0.549927
0.475638
0.393868
0.322612
0.270118
0.197520
0.080310
-0.044047
-0.142660
-0.253331
-0.351314
-0.453062
-0.548900
-0.498413
-0.579721
-0.593666
-0.455448
-0.375425
-0.290285
-0.175439
-0.051840
-0.210174
-0.369131
-0.014575
-0.011100
0.085385
0.154935
0.198173
0.250389
0.307501
0.358741
0.377856
0.426540
0.513700
0.546357
0.595888
0.651811
0.692401
0.712725
0.726516
0.731518
0.743257
0.762487
0.724746
0.571232
0.509316
0.341985
0.244359
0.168433
0.120062
0.055788
-0.028748
-0.117312
-0.243524
-0.361025
-0.474254
-0.520406
-0.357171
-0.119080
0.046669
0.134254
0.111156
0.093527
0.063425
0.056192
0.028951
-0.045761
-0.124783
-0.030160
-0.120254
-0.003568
0.070819
0.121629
0.178719
0.239746
0.296661
0.311686
0.362901
0.463773
0.509270
0.556665
0.606000
0.642121
0.667658
0.682116
0.698407
0.725882
0.727441
0.640316
0.520296
0.427570
0.276736
0.182351
0.121225
0.067554
0.007458
-0.058833
-0.141306
-0.283085
-0.388800
-0.539754
-0.650947
-0.355688
-0.300075
-0.171055
-0.061743
0.015991
-0.024362
-0.110597
-0.175671
-0.137059
-0.075631
-0.090310
-0.155173
-0.199501
-0.257527
-0.290580
-0.312401
-0.406165
-0.514346
-0.596919
-0.693900
-0.474050
-0.412375
-0.265390
-0.118471
0.032627
0.069030
0.018892
0.138011
0.235514
0.312301
0.337753
0.289593
0.264325
0.202480
0.137891
0.076247
-0.031215
-0.126741
-0.164648
-0.253339
-0.101617
-0.050106
0.028269
0.117485
0.056317
0.021901
-0.026966
0.081272
0.105548
0.149434
0.133535
0.082031
0.043506
-0.009981
-0.045339
-0.062196
-0.139327
-0.239376
-0.359066
-0.444720
-0.300878
-0.236192
-0.096847
0.028702
0.105350
0.064598
-0.020379
0.120721
0.212033
0.258882
0.278407
0.241915
0.223660
0.168818
0.113412
0.059299
-0.049220
-0.170586
-0.182666
-0.262359
-0.108914
-0.060280
0.030567
0.117036
0.053360
0.020441
-0.023832
0.054988
0.035266
0.197375
0.192464
0.111544
0.075566
0.030379
-0.008793
-0.039516
-0.124365
-0.228010
-0.318086
-0.403988
-0.235102
-0.179969
-0.049871
0.057504
0.116531
0.079076
0.020885
0.095246
0.166589
0.241093
0.247827
0.202759
0.186735
0.136799
0.085517
0.032928
-0.069370
-0.166117
-0.196912
-0.280605
-0.148874
-0.078020
0.023208
0.108800
0.081250
0.043852
-0.002627
0.040549
0.040754
0.173165
0.161121
0.099216
0.071135
0.027685
-0.016066
-0.065612
-0.161653
-0.261131
-0.306824
-0.387399
-0.252292
-0.180437
-0.048544
0.057990
0.136744
0.101845
0.052180
0.062812
0.094408
0.183649
0.183148
0.139057
0.130531
0.094356
0.058959
0.020015
-0.074925
-0.173125
-0.181564
-0.256646
-0.140420
-0.079737
0.036933
0.120897
0.113295
0.070236
0.025892
-0.026459
-0.035322
0.158194
0.154185
0.086100
0.067375
0.033122
0.000700
-0.040383
-0.149351
-0.252475
-0.282315
-0.354310
-0.225107
-0.147499
-0.027703
0.062356
0.092077
0.047610
-0.000505
-0.042827
-0.002845
0.167149
0.148587
0.082778
0.062159
0.030305
0.000190
-0.041419
-0.157945
-0.266458
-0.267631
-0.334885
-0.205639
-0.131235
-0.015001
0.077204
0.091723
0.043697
-0.008183
-0.052426
0.021862
0.178416
0.141583
0.071959
0.049401
0.019196
-0.008738
-0.047020
-0.157928
-0.226204
-0.246252
-0.315274
-0.178776
-0.105240
-0.000679
0.095027
0.091503
0.040809
-0.014340
-0.040467
0.021246
0.159150
0.112063
0.043062
0.024164
-0.002606
-0.028649
-0.067349
-0.169468
-0.247646
-0.253494
-0.318857
-0.182909
-0.101075
0.008486
0.106633
0.129899
0.080604
0.023681
0.002073
0.077705
0.199314
0.150407
0.081798
0.067715
0.040143
0.008294
-0.042562
-0.166617
-0.222013
-0.243217
-0.311819
-0.178559
-0.105170
0.003330
0.106253
0.115245
0.065227
0.006581
0.021606
0.095874
0.204456
0.149316
0.081372
0.063027
0.035800
0.006865
-0.036071
-0.155082
-0.184327
-0.209780
-0.279716
-0.144857
-0.087682
0.013605
0.116656
0.101340
0.050769
-0.007934
0.019833
0.050877
0.154780
0.103933
0.028408
0.006894
-0.019439
-0.047775
-0.082365
-0.178600
-0.214869
-0.246974
-0.317864
-0.176991
-0.108825
0.003811
0.111909
0.140228
0.098067
0.045112
0.072240
0.078033
0.176378
0.133956
0.075020
0.061241
0.033596
0.000515
-0.051560
-0.174065
-0.252455
-0.281608
-0.348739
-0.219540
-0.114977
-0.016599
0.088044
0.162768
0.119833
0.071111
0.002584
0.178481
0.319061
0.262304
0.188144
0.174067
0.143509
0.098199
0.029397
-0.121604
-0.212776
-0.241359
-0.318651
-0.203267
-0.112420
-0.026869
0.095082
0.129058
0.087277
0.032255
0.087565
0.107431
0.207069
0.170029
0.108866
0.101632
0.080455
0.055122
0.015491
-0.118048
-0.161053
-0.192063
-0.263515
-0.141778
-0.073298
0.034620
0.127309
0.119942
0.071813
0.009764
-0.088070
0.012879
0.136413
0.089571
-0.010984
-0.028547
-0.068789
-0.088980
-0.084088
-0.146476
-0.210650
-0.334245
-0.406542
-0.261305
-0.197698
-0.042899
0.075878
0.201962
0.227560
0.143207
0.272046
0.213449
0.308986
0.270712
0.228103
0.243733
0.228027
0.192955
0.140133
0.014383
-0.005002
-0.039990
-0.114059
-0.038967
-0.005673
0.104333
0.167720
0.154328
0.098660
0.041767
0.014645
0.104081
0.191175
0.161028
0.075702
0.039439
0.008769
-0.032029
-0.089785
-0.198682
-0.237283
-0.268940
-0.347640
-0.215376
-0.155999
-0.047125
0.054937
0.072131
0.026673
-0.026349
0.060184
0.069693
0.157528
0.112418
0.054458
0.049602
0.026431
-0.005299
-0.062865
-0.196154
-0.278178
-0.300223
-0.369171
-0.238574
-0.155719
-0.039384
0.061495
0.114373
0.063721
0.006304
0.035607
0.151651
0.257922
0.192926
0.109995
0.104472
0.075570
0.023346
-0.050560
-0.172923
-0.244493
-0.318979
-0.392353
-0.264944
-0.173855
-0.040383
0.071832
0.178412
0.138106
0.076225
0.134365
0.198678
0.266509
0.217728
0.168291
0.176218
0.158094
0.127077
0.071176
-0.071985
-0.150684
-0.170322
-0.237881
-0.136304
-0.069397
0.045882
0.136914
0.145090
0.087715
0.027861
0.090783
0.171119
0.264098
0.204877
0.115637
0.108726
0.078680
0.025579
-0.049515
-0.167792
-0.247606
-0.337283
-0.419933
-0.311310
-0.211707
-0.072665
0.036810
0.158565
0.107747
0.061545
0.174820
0.231498
0.285288
0.234924
0.188192
0.204997
0.196840
0.172065
0.126890
-0.050898
-0.046517
-0.072994
-0.146370
-0.050410
0.009253
0.094339
0.153008
0.126779
0.080809
0.011141
0.113377
0.144339
0.150814
0.096260
0.019039
-0.008921
-0.033010
-0.067288
-0.049120
-0.100988
-0.176902
-0.306971
-0.411761
-0.237006
-0.160564
-0.038977
0.060680
0.157360
0.105928
0.131481
0.231905
0.203036
0.226484
0.182291
0.136830
0.145245
0.131860
0.101608
0.051355
-0.091139
-0.151948
-0.159264
-0.230020
-0.129136
-0.089128
0.038375
0.114858
0.106870
0.044686
-0.012007
-0.003432
0.046999
0.143523
0.110533
0.015214
-0.015561
-0.042685
-0.083477
-0.096430
-0.151206
-0.214768
-0.323206
-0.413795
-0.287173
-0.190499
-0.052050
0.056824
0.160888
0.109716
0.133705
0.225117
0.166128
0.243215
0.220376
0.170498
0.192087
0.177351
0.142408
0.089550
-0.060373
-0.093294
-0.099361
-0.169423
-0.079661
-0.021059
0.078567
0.151936
0.130651
0.082585
0.027480
-0.062742
-0.003096
0.099795
0.060408
-0.033191
-0.068023
-0.094263
-0.132599
-0.150532
-0.201858
-0.219037
-0.274444
-0.361994
-0.164087
-0.118324
0.003416
0.101198
0.176237
0.134300
0.068945
0.150618
0.136336
0.139120
0.098481
0.055679
0.058051
0.034977
0.000000
-0.058291
-0.183662
-0.287380
-0.275303
-0.345409
-0.237446
-0.164962
-0.046945
0.052956
0.103120
0.049574
-0.015814
-0.057086
0.109363
0.225779
0.170922
0.075601
0.056826
0.032743
-0.004181
-0.066948
-0.204289
-0.244888
-0.276623
-0.363987
-0.235923
-0.158387
-0.049116
0.057870
0.098781
0.048944
-0.010942
0.021027
0.037199
0.137774
0.098936
0.034795
0.027161
0.004718
-0.020621
-0.065767
-0.183843
-0.242719
-0.259342
-0.332411
-0.205409
-0.126495
-0.009759
0.085448
0.114769
0.068197
0.005868
-0.094014
0.070080
0.192103
0.129015
0.037222
0.023621
0.000542
-0.034091
-0.071833
-0.168430
-0.257361
-0.268632
-0.344088
-0.209303
-0.129726
-0.014934
0.095009
0.166542
0.121482
0.059745
0.143154
0.103779
0.191198
0.155038
0.097258
0.091777
0.069166
0.041878
-0.006917
-0.143168
-0.195233
-0.220102
-0.295741
-0.178863
-0.109710
0.003891
0.101454
0.114960
0.066984
0.010536
-0.075718
0.037388
0.152593
0.094487
0.007881
-0.009327
-0.033251
-0.062936
-0.069425
-0.133026
-0.191770
-0.266865
-0.341111
-0.211175
-0.125214
-0.001395
0.109156
0.221835
0.185136
0.124891
0.160622
0.111424
0.223722
0.191655
0.130288
0.133055
0.113703
0.081623
0.023118
-0.115296
-0.122143
-0.162982
-0.251166
-0.157314
-0.103206
0.018291
0.119228
0.169553
0.121745
0.068082
0.081738
0.214578
0.325825
0.288368
0.192619
0.188230
0.172275
0.137931
0.083894
-0.059243
-0.084598
-0.107367
-0.179788
-0.052811
0.007168
0.092593
0.169016
0.117883
0.062193
-0.001500
-0.094956
-0.098108
0.005651
-0.019749
-0.113229
-0.139938
-0.165509
-0.147677
-0.060293
-0.054397
-0.134133
-0.269977
-0.352830
-0.146827
-0.093213
0.050065
0.157608
0.262404
0.232120
0.201059
0.305346
0.289410
0.240494
0.200344
0.170234
0.184192
0.162108
0.115082
0.049977
-0.090199
-0.118254
-0.122033
-0.172600
-0.116758
-0.052812
0.028591
0.119917
0.128396
0.071831
0.006561
-0.094051
0.090191
0.182900
0.177573
0.073030
0.038327
0.011203
-0.027901
-0.077978
-0.169246
-0.200674
-0.232521
-0.316590
-0.211094
-0.125640
-0.040056
0.065703
0.099597
0.052248
-0.000661
0.052517
0.087096
0.130653
0.129988
0.063776
0.049188
0.023076
-0.003655
-0.044204
-0.153639
-0.274446
-0.271658
-0.337259
-0.241450
-0.141585
-0.048025
0.049860
0.109326
0.066067
0.007920
-0.079714
0.090780
0.183803
0.178940
0.082662
0.062668
0.036569
0.001780
-0.034699
-0.117996
-0.187677
-0.188618
-0.264189
-0.161162
-0.070062
0.020291
0.124791
0.160083
0.111213
0.054764
0.063923
0.107390
0.126234
0.119443
0.059663
0.048757
0.024484
-0.002451
-0.038894
-0.130668
-0.231695
-0.247052
-0.307372
-0.211992
-0.106041
-0.009691
0.084178
0.156716
0.109677
0.054668
-0.039634
0.131466
0.224318
0.220790
0.125938
0.109945
0.083787
0.046307
-0.006739
-0.124329
-0.183314
-0.198561
-0.272054
-0.174217
-0.084756
0.003273
0.106058
0.128347
0.080224
0.023738
0.024238
0.035352
0.139422
0.155873
0.077408
0.054290
0.027164
0.004874
-0.021366
-0.112209
-0.161457
-0.177142
-0.246567
-0.146667
-0.045651
0.033798
0.127832
0.138441
0.085854
0.033658
-0.061915
0.015619
0.119489
0.127935
0.044797
0.006770
-0.022705
-0.049304
-0.078473
-0.151325
-0.217349
-0.221672
-0.296191
-0.192814
-0.097502
-0.006684
0.095286
0.150987
0.106175
0.058437
0.061927
0.089014
0.145265
0.153600
0.080907
0.065022
0.038321
0.009465
-0.033527
-0.146293
-0.232986
-0.254364
-0.324906
-0.233479
-0.134773
-0.035096
0.061376
0.130520
0.088483
0.040342
-0.032859
0.100591
0.190375
0.200849
0.122731
0.097571
0.070734
0.038915
-0.000448
-0.107745
-0.179816
-0.203712
-0.277367
-0.184336
-0.085841
0.011667
0.104248
0.143932
0.103769
0.052164
-0.033775
0.049182
0.143425
0.159139
0.078578
0.057592
0.033244
0.008209
-0.020774
-0.106443
-0.166428
-0.171641
-0.243470
-0.148927
-0.045870
0.045017
0.136848
0.168305
0.124012
0.073348
-0.024511
0.055929
0.154154
0.166333
0.083237
0.054641
0.025872
-0.002013
-0.039707
-0.135017
-0.197990
-0.208101
-0.280149
-0.184061
-0.088843
0.001690
0.102432
0.139550
0.096021
0.044986
-0.000237
0.063174
0.148562
0.160601
0.077097
0.054571
0.028122
0.000024
-0.035044
-0.132916
-0.220917
-0.226487
-0.297705
-0.198597
-0.094493
-0.002201
0.094335
0.150116
0.107264
0.058659
-0.018151
0.061959
0.149482
0.166399
0.085474
0.065302
0.040742
0.010428
-0.024046
-0.110925
-0.193731
-0.227307
-0.291504
-0.196202
-0.086580
0.013152
0.108126
0.182657
0.139760
0.091831
0.001405
0.105228
0.198406
0.214222
0.132708
0.112823
0.087909
0.053849
0.004262
-0.119255
-0.219549
-0.237977
-0.311267
-0.222590
-0.079389
-0.022853
0.075708
0.147473
0.110914
0.064113
-0.007739
0.105899
0.200348
0.219973
0.139781
0.118014
0.093895
0.066362
0.030485
-0.083954
-0.180511
-0.183794
-0.255802
-0.166115
-0.055246
0.039886
0.123556
0.141538
0.096793
0.043633
-0.053039
0.021296
0.113423
0.110974
0.011795
-0.012620
-0.037147
-0.062434
-0.061928
-0.106170
-0.154631
-0.242292
-0.311961
-0.204189
-0.092692
0.013429
0.114848
0.214022
0.174566
0.125054
0.107309
0.148061
0.170518
0.169259
0.104628
0.104956
0.087865
0.057111
0.005640
-0.113593
-0.207992
-0.220542
-0.285471
-0.211019
-0.124371
-0.022404
0.075480
0.153260
0.106531
0.052385
-0.027778
0.137398
0.231363
0.224744
0.119621
0.109187
0.091638
0.053214
-0.007570
-0.144872
-0.261893
-0.279834
-0.354752
-0.271885
-0.166511
-0.060760
0.033840
0.125228
0.091676
0.036037
-0.016722
0.125878
0.208424
0.224003
0.137494
0.124602
0.110169
0.080690
0.035540
-0.093472
-0.153700
-0.161715
-0.238509
-0.154488
-0.059641
0.031875
0.117518
0.109236
0.059231
0.005463
-0.094634
0.019187
0.107019
0.114362
0.023260
-0.014761
-0.038245
-0.060627
-0.079472
-0.139800
-0.164022
-0.165188
-0.238439
-0.136862
-0.033268
0.053151
0.147969
0.167436
0.120389
0.073729
0.031279
0.082805
0.130409
0.128691
0.044412
0.019214
-0.006565
-0.037750
-0.081085
-0.192160
-0.311905
-0.322815
-0.396889
-0.293884
-0.180857
-0.079230
0.021445
0.133926
0.096051
0.052386
-0.026122
0.110442
0.197404
0.215457
0.135557
0.114227
0.091912
0.055395
0.004880
-0.121003
-0.222263
-0.237600
-0.307416
-0.221997
-0.114563
-0.005730
0.082394
0.159949
0.127010
0.081800
-0.020210
0.122358
0.213272
0.232664
0.146266
0.121404
0.098258
0.066276
0.023057
-0.086414
-0.149885
-0.157117
-0.231554
-0.145750
-0.037864
0.050767
0.139489
0.155665
0.109596
0.061467
-0.035540
0.038610
0.139736
0.190650
0.094600
0.066254
0.041098
0.015523
-0.014674
-0.089373
-0.142613
-0.134192
-0.206710
-0.141950
-0.037008
0.039061
0.125677
0.149086
0.101237
0.056861
-0.043269
0.050089
0.121767
0.180987
0.075034
0.050177
0.025956
-0.002533
-0.035754
-0.110111
-0.217117
-0.202082
-0.273391
-0.201065
-0.086638
-0.011691
0.082217
0.145489
0.103809
0.057537
0.003970
0.073337
0.147279
0.214092
0.107096
0.086208
0.061447
0.032580
-0.001614
-0.091490
-0.201012
-0.188273
-0.256239
-0.190239
-0.071984
0.002115
0.090719
0.139035
0.094313
0.048796
-0.037597
0.049987
0.117860
0.187046
0.076986
0.051199
0.023444
-0.003529
-0.027703
-0.084226
-0.153886
-0.200530
-0.262717
-0.192743
-0.072759
0.012502
0.102575
0.179282
0.131426
0.091236
-0.005750
0.047383
0.129739
0.204386
0.102491
0.086670
0.062486
0.030274
-0.010329
-0.108728
-0.222267
-0.247818
-0.307975
-0.243283
-0.130642
-0.039186
0.049946
0.144750
0.106756
0.061997
-0.016440
0.098430
0.171767
0.239064
0.131518
0.109576
0.088423
0.054737
0.013481
-0.084913
-0.200931
-0.180298
-0.248590
-0.189891
-0.048349
0.013525
0.098483
0.159497
0.122811
0.077790
-0.011369
0.037759
0.127140
0.217418
0.106969
0.083772
0.061182
0.033195
0.002653
-0.070098
-0.146890
-0.156308
-0.216251
-0.150836
-0.024264
0.047648
0.131519
0.161681
0.114541
0.068655
-0.030197
0.019083
0.104656
0.182846
0.072214
0.040799
0.014099
-0.015010
-0.044878
-0.110510
-0.181961
-0.204556
-0.265190
-0.194688
-0.071671
0.011435
0.098207
0.158404
0.110894
0.069022
-0.019938
0.031434
0.116048
0.193675
0.088340
0.067976
0.045281
0.015078
-0.020812
-0.107314
-0.201133
-0.231645
-0.288926
-0.220924
-0.100120
-0.008762
0.076256
0.153047
0.110544
0.066129
-0.025969
0.077977
0.148108
0.229505
0.122526
0.091239
0.065471
0.029849
-0.009569
-0.082959
-0.168721
-0.143725
-0.216644
-0.148843
-0.036218
0.047053
0.129707
0.155779
0.106229
0.064903
-0.030730
0.080373
0.099649
0.152858
0.056590
0.034584
0.011524
-0.015210
-0.045772
-0.109722
-0.187633
-0.244125
-0.308554
-0.236210
-0.115872
-0.019221
0.072798
0.166485
0.114909
0.074124
-0.001829
0.044525
0.132862
0.220681
0.111591
0.098887
0.079486
0.043467
-0.003907
-0.109062
-0.226660
-0.257269
-0.318010
-0.259772
-0.138997
-0.046817
0.039781
0.138890
0.103546
0.055541
-0.035024
0.069783
0.147727
0.233994
0.123724
0.100014
0.078781
0.045172
0.005606
-0.078377
-0.174556
-0.124253
-0.195111
-0.137125
-0.024072
0.052975
0.133212
0.144416
0.091914
0.048726
-0.031851
0.027977
0.079261
0.141255
0.032380
0.004910
-0.017344
-0.044051
-0.071308
-0.129242
-0.202091
-0.276716
-0.335503
-0.262113
-0.138550
-0.032782
0.065659
0.167015
0.121385
0.079317
-0.021401
0.056377
0.149805
0.220710
0.114844
0.103875
0.085875
0.051998
0.006811
-0.099350
-0.257411
-0.250523
-0.316046
-0.262707
-0.150612
-0.058733
0.029307
0.132784
0.095495
0.048984
-0.052495
0.113327
0.192889
0.252312
0.142340
0.127999
0.109236
0.075279
0.031565
-0.077392
-0.152175
-0.167518
-0.244538
-0.195518
-0.082491
-0.006173
0.079812
0.120424
0.074677
0.022199
-0.073033
-0.020028
0.031679
0.106079
0.001790
-0.027761
-0.047334
-0.064617
-0.057245
-0.083130
-0.142674
-0.197765
-0.258277
-0.195935
-0.084906
0.004493
0.100752
0.198083
0.153775
0.105921
0.003584
0.116115
0.132105
0.176542
0.081523
0.058818
0.039776
0.009803
-0.032188
-0.136849
-0.237556
-0.259265
-0.330779
-0.283901
-0.164781
-0.089607
0.009109
0.124136
0.096998
0.044287
-0.010828
0.052782
0.131471
0.210547
0.104680
0.089105
0.072787
0.048499
0.015675
-0.078898
-0.121181
-0.127518
-0.202275
-0.155102
-0.051685
0.030722
0.109056
0.119179
0.068425
0.021570
-0.082572
-0.033194
0.039404
0.098995
-0.003580
-0.044009
-0.064521
-0.078850
-0.065672
-0.076272
-0.110191
-0.103744
-0.178196
-0.115909
0.030072
0.098951
0.193324
0.252042
0.212026
0.167126
0.062753
0.167672
0.114813
0.150695
0.063416
0.043249
0.020965
-0.009235
-0.050549
-0.146457
-0.287731
-0.285778
-0.356937
-0.296026
-0.180951
-0.091006
0.002077
0.118369
0.086060
0.031701
-0.020193
0.068844
0.156475
0.229105
0.122187
0.102064
0.080207
0.052167
0.017437
-0.069846
-0.091384
-0.079193
-0.155118
-0.101271
-0.004006
0.063826
0.150642
0.143956
0.085503
0.039053
-0.067311
0.029566
0.058932
0.107231
-0.000327
-0.031237
-0.056573
-0.075021
-0.064776
-0.089116
-0.153369
-0.217561
-0.286718
-0.218342
-0.103120
-0.017287
0.084760
0.191627
0.146141
0.101168
0.047547
0.140598
0.124847
0.164371
0.077428
0.061691
0.039770
0.006331
-0.042295
-0.148223
-0.231956
-0.260081
-0.330702
-0.283040
-0.181822
-0.101413
0.005349
0.126892
0.091487
0.040107
-0.011865
0.038941
0.122932
0.193722
0.090316
0.080806
0.064100
0.035937
-0.003144
-0.119237
-0.166284
-0.200741
-0.273866
-0.227809
-0.130825
-0.041635
0.044756
0.111794
0.082510
0.034529
-0.071287
0.049629
0.126774
0.181521
0.068199
0.048046
0.032307
0.012657
-0.003486
-0.057329
-0.080535
-0.078422
-0.151372
-0.093628
0.015251
0.088389
0.172821
0.192718
0.144698
0.095460
0.007967
0.055099
0.102015
0.107478
0.001004
-0.022609
-0.048517
-0.078630
-0.085308
-0.135166
-0.218118
-0.306005
-0.375650
-0.274184
-0.159246
-0.047111
0.061756
0.184483
0.193100
0.138501
0.129374
0.166077
0.191876
0.205036
0.139599
0.138862
0.124638
0.094705
0.048086
-0.092498
-0.112919
-0.145504
-0.221421
-0.157614
-0.076407
0.016275
0.111854
0.157670
0.118015
0.066911
-0.031752
0.111468
0.203972
0.211764
0.122692
0.088104
0.063567
0.032402
-0.009506
-0.144635
-0.141301
-0.185451
-0.274257
-0.188639
-0.099492
-0.012969
0.082260
0.108025
0.065537
0.017646
-0.056565
0.002533
0.095049
0.120733
0.027222
0.010520
-0.009445
-0.033546
-0.056529
-0.133786
-0.218854
-0.230696
-0.305965
-0.209520
-0.099645
-0.000901
0.092620
0.164297
0.127338
0.079180
-0.020953
0.090146
0.182731
0.197914
0.110748
0.085259
0.059257
0.027569
-0.018234
-0.138886
-0.208053
-0.225071
-0.300335
-0.212068
-0.114629
-0.017327
0.079870
0.130474
0.094854
0.046070
-0.008489
0.068058
0.148050
0.164717
0.073920
0.057460
0.035477
0.010266
-0.019247
-0.111769
-0.154402
-0.168925
-0.242416
-0.151474
-0.050441
0.041493
0.135222
0.164885
0.120855
0.072875
-0.022520
0.025190
0.118983
0.140570
0.048515
0.025209
0.000525
-0.025635
-0.050337
-0.123484
-0.184293
-0.189183
-0.264628
-0.168250
-0.074584
0.024274
0.125958
0.180725
0.137373
0.091564
0.039966
0.041120
0.139130
0.164423
0.084424
0.067556
0.043375
0.014680
-0.025567
-0.133644
-0.210390
-0.230747
-0.301648
-0.210507
-0.066322
-0.004773
0.089721
0.162423
0.122709
-0.017298
-0.070482
-0.136113
-0.059295
-0.010903
0.052878
0.105610
0.144350
0.178156
0.263354
0.325020
0.379988
0.437739
0.503530
0.561573
0.612662
0.653398
0.686612
0.705917
0.704867
0.715757
0.718833
0.643543
0.506314
0.431634
0.252287
0.174542
0.131786
0.077623
0.012860
-0.047834
-0.115673
-0.248533
-0.376520
-0.413364
-0.471729
-0.285175
-0.094018
-0.008026
0.060460
0.106097
0.137605
0.102937
0.010868
0.008686
-0.085281
-0.144215
-0.221111
-0.285915
-0.360266
-0.420614
-0.435322
-0.530838
-0.642855
-0.698325
-0.779874
-0.640525
-0.445267
-0.332142
-0.198252
-0.087775
-0.014908
-0.080178
-0.249723
-0.140536
-0.190725
-0.074839
-0.091499
-0.115270
-0.087984
0.093387
0.229597
0.161007
0.029008
-0.120938
-0.217471
-0.144862
-0.041584
0.036325
0.166917
0.262412
0.238408
0.171143
0.019495
0.058592
0.022842
-0.014279
-0.054363
-0.077487
-0.049730
0.120075
0.250583
0.182008
0.066421
-0.072870
-0.175997
-0.147060
-0.126796
-0.089986
0.032157
0.154567
0.185063
0.112873
-0.023727
-0.117445
-0.152947
-0.061609
-0.104661
-0.118323
-0.078746
0.083483
0.205238
0.188391
0.046736
-0.066672
-0.188687
-0.179531
-0.123660
-0.063532
0.084795
0.199463
0.238236
0.177334
0.045910
0.093561
0.060552
0.092593
0.034644
0.041542
0.042252
0.042778
0.028264
0.028180
-0.074312
-0.180587
-0.287542
-0.263572
-0.183998
-0.117100
0.032827
0.158352
0.205994
0.151683
-0.009330
0.152747
0.094368
0.151170
0.085126
0.099570
0.106633
0.104227
0.078499
0.070475
-0.037453
-0.091205
-0.200547
-0.176938
-0.091393
-0.003242
0.105435
0.167379
0.093180
0.056901
-0.042462
-0.123719
-0.209204
-0.022642
-0.102996
-0.125623
-0.151824
-0.139645
-0.071724
-0.021379
-0.075723
-0.142735
-0.295566
-0.277230
-0.203849
-0.151255
-0.007228
0.145601
0.223077
0.149815
0.065694
0.215909
0.180841
0.241041
0.173560
0.198127
0.223117
0.216957
0.186057
0.131717
0.133367
0.103696
-0.006071
-0.001149
0.076467
0.137399
0.175697
0.107893
0.017821
-0.038432
-0.158509
-0.251966
-0.263248
-0.139914
-0.239749
-0.319251
-0.367603
-0.238481
-0.019044
0.072697
-0.040294
-0.108090
-0.210630
-0.175906
0.016875
0.079446
0.182198
0.262128
0.289772
0.214236
0.083564
0.162258
0.031047
0.074982
-0.012790
-0.000121
-0.012712
-0.026109
-0.047820
-0.036723
-0.091914
-0.099663
-0.215094
-0.208539
-0.146678
-0.078235
0.054009
0.163862
0.214393
0.134876
0.006847
0.077569
-0.051621
0.075745
-0.000333
-0.004545
-0.001066
-0.020821
-0.064105
-0.068553
-0.050521
-0.005661
-0.150198
-0.150047
-0.069384
0.008129
0.115864
0.198039
0.233063
0.150838
0.001331
0.100500
-0.030686
0.083825
0.002809
0.011744
0.017453
0.007966
-0.034692
-0.066310
0.007726
0.081317
-0.053002
-0.067280
0.022332
0.076799
0.149098
0.210079
0.140969
0.059169
-0.082973
0.042939
-0.096546
0.040389
-0.038035
-0.048161
-0.066468
-0.085728
-0.123639
-0.119853
-0.125117
-0.012756
-0.146132
-0.137693
0.062053
0.114822
0.190450
0.251596
0.194488
0.116753
-0.013429
0.103522
-0.028516
0.037586
-0.048035
-0.039131
-0.049762
-0.070752
-0.100188
-0.085496
-0.146213
-0.068812
-0.199151
-0.188458
-0.082973
-0.002112
0.102002
0.179973
0.178240
0.106527
-0.028741
0.065380
-0.073324
0.045540
-0.026488
-0.020054
-0.021564
-0.042107
-0.086104
-0.086632
-0.107118
-0.014619
-0.148730
-0.148631
-0.051288
0.020987
0.120997
0.190548
0.192758
0.115810
-0.040601
0.062918
-0.071870
0.027427
-0.051043
-0.038933
-0.041482
-0.059146
-0.088304
-0.078730
-0.119851
-0.010936
-0.138713
-0.137796
-0.042889
0.028521
0.127881
0.199159
0.199900
0.123188
-0.022801
0.075195
-0.058792
0.047147
-0.031675
-0.024545
-0.023210
-0.036444
-0.079235
-0.083054
-0.044619
0.043076
-0.091050
-0.101885
-0.009267
0.051751
0.138353
0.210299
0.175326
0.094174
-0.053029
0.068747
-0.056884
0.044078
-0.040418
-0.037254
-0.039885
-0.054150
-0.096592
-0.110155
-0.073984
0.034307
-0.096272
-0.104182
0.024842
0.095724
0.175585
0.237285
0.185083
0.101847
-0.042667
0.074758
-0.049023
0.038758
-0.049029
-0.047635
-0.056473
-0.074156
-0.118588
-0.127395
-0.131919
-0.018852
-0.150202
-0.150458
0.000205
0.064376
0.150789
0.216067
0.209687
0.125951
-0.013903
0.066188
-0.065160
0.041758
-0.039569
-0.040175
-0.046048
-0.066280
-0.112885
-0.125183
-0.133136
-0.018068
-0.151861
-0.151157
-0.003598
0.071258
0.161929
0.226904
0.242674
0.156961
0.020142
0.092602
-0.043377
0.044421
-0.040104
-0.029534
-0.029017
-0.044972
-0.088234
-0.099446
-0.090675
0.017986
-0.111680
-0.111359
-0.006097
0.066014
0.150456
0.218078
0.161661
0.090475
-0.042030
0.080203
-0.050175
0.056196
-0.024872
-0.020503
-0.024421
-0.041798
-0.084746
-0.087789
-0.086122
-0.001273
-0.139161
-0.142683
-0.036096
0.040241
0.131947
0.201116
0.169836
0.095095
-0.044343
0.052621
-0.084329
0.025894
-0.054017
-0.045591
-0.051609
-0.069586
-0.102648
-0.092816
-0.145174
-0.039913
-0.169552
-0.167309
-0.073277
0.003980
0.110174
0.185582
0.211099
0.132861
-0.002711
0.075299
-0.058588
0.046045
-0.034768
-0.027332
-0.022929
-0.037478
-0.080128
-0.088974
-0.057729
0.039291
-0.097509
-0.107588
-0.010886
0.053781
0.142154
0.211418
0.182951
0.101217
-0.048277
0.074691
-0.050195
0.053656
-0.030686
-0.029346
-0.032045
-0.047328
-0.090292
-0.112935
-0.096456
0.015901
-0.117347
-0.124425
-0.012593
0.066444
0.155662
0.220411
0.186403
0.104398
-0.041710
0.079732
-0.043626
0.053219
-0.031977
-0.037022
-0.044087
-0.063636
-0.111531
-0.127585
-0.128253
-0.015433
-0.150243
-0.149959
-0.000827
0.062998
0.154103
0.219987
0.231542
0.147125
0.004575
0.087541
-0.042116
0.039538
-0.048329
-0.045562
-0.051224
-0.071215
-0.114108
-0.115691
-0.167801
-0.038005
-0.166287
-0.158057
-0.044657
0.025339
0.124315
0.201339
0.194358
0.126020
-0.011340
0.090435
-0.043617
0.067676
-0.009699
-0.007882
-0.015835
-0.041036
-0.072965
-0.059441
-0.104396
-0.096825
-0.214421
-0.204365
-0.129326
-0.069381
0.062961
0.167603
0.215193
0.140480
0.015150
0.065577
-0.067174
0.063999
-0.014948
-0.020828
-0.014334
-0.029775
-0.077541
-0.078044
-0.037345
0.039566
-0.103977
-0.113043
-0.038900
0.017206
0.121308
0.201367
0.233827
0.152958
0.003290
0.131968
0.008860
0.120753
0.041230
0.040818
0.056745
0.044130
-0.002375
-0.086491
-0.019230
0.039957
-0.094288
-0.112616
0.031425
0.065999
0.120365
0.183090
0.124136
0.032469
-0.112752
-0.038544
-0.187745
-0.071038
-0.148145
-0.149328
-0.172803
-0.160990
-0.130658
-0.116768
-0.187947
-0.171395
-0.269429
-0.245766
-0.036632
0.021172
0.132800
0.220591
0.281444
0.197985
0.070052
0.151838
0.017216
0.045726
-0.036321
-0.023437
-0.027559
-0.042780
-0.065086
-0.070914
-0.106703
-0.029123
-0.155590
-0.146785
-0.019758
0.059267
0.154884
0.219516
0.247003
0.163988
0.033563
0.082348
-0.057501
0.036910
-0.035301
-0.030632
-0.028457
-0.045727
-0.074966
-0.080773
-0.109863
-0.019841
-0.145413
-0.136070
0.015524
0.056506
0.136339
0.192947
0.195483
0.114358
-0.021657
0.064500
-0.070451
0.012115
-0.064545
-0.056831
-0.057956
-0.075182
-0.091330
-0.086620
-0.153028
-0.058956
-0.181753
-0.170591
-0.005670
0.071226
0.160876
0.223386
0.258943
0.169559
0.041712
0.075596
-0.065677
0.025753
-0.050842
-0.038277
-0.032456
-0.043286
-0.073003
-0.079054
-0.059790
0.037556
-0.085710
-0.085619
0.040032
0.110577
0.178833
0.227788
0.174318
0.092171
-0.045694
0.052792
-0.085638
-0.002768
-0.086616
-0.071784
-0.076455
-0.083800
-0.081496
-0.065566
-0.127228
-0.121126
-0.222970
-0.214261
-0.119878
-0.029028
0.081637
0.166800
0.188547
0.119308
-0.002421
0.063641
-0.074303
0.022112
-0.049609
-0.050067
-0.054992
-0.053775
-0.051451
-0.041703
-0.105151
-0.121938
-0.234628
-0.231699
-0.161497
-0.089834
0.039056
0.146991
0.209479
0.130652
-0.001964
0.142172
0.020239
0.112793
0.032795
0.029921
0.037409
0.026554
-0.016173
-0.021720
0.006753
-0.023961
-0.160675
-0.177605
-0.082997
-0.026811
0.048901
0.139666
0.086591
-0.003757
-0.165750
-0.069321
-0.172355
-0.037352
-0.120473
-0.134179
-0.159157
-0.129914
-0.032288
0.023466
-0.054224
-0.090994
-0.195562
-0.168593
0.056820
0.107311
0.198932
0.279967
0.332642
0.251925
0.120468
0.168373
0.036692
0.073465
-0.005189
-0.000384
-0.006551
-0.023810
-0.041620
-0.029719
-0.090357
-0.036065
-0.164581
-0.158103
-0.067302
0.006394
0.110464
0.195348
0.217214
0.142537
0.002014
0.106598
-0.021659
0.053883
-0.017071
-0.019720
-0.024299
-0.033225
-0.046929
-0.038036
-0.102835
-0.072369
-0.198958
-0.189577
-0.108120
-0.032587
0.083973
0.181538
0.217416
0.142837
0.005722
0.116878
-0.012608
0.073072
-0.000812
-0.001119
-0.004627
-0.011417
-0.027804
-0.030778
-0.101782
-0.051039
-0.183706
-0.174659
-0.092697
-0.016231
0.095581
0.183667
0.215138
0.138119
-0.000873
0.109060
-0.019058
0.061629
-0.012955
-0.016527
-0.019313
-0.033752
-0.053144
-0.038172
-0.068310
-0.012716
-0.150599
-0.140943
-0.023122
0.044807
0.140457
0.209238
0.203185
0.130979
0.003942
0.091522
-0.040212
0.034411
-0.038306
-0.040978
-0.044398
-0.062999
-0.077788
-0.054923
-0.112832
-0.040452
-0.169274
-0.158959
-0.051275
0.030628
0.134088
0.209027
0.222123
0.151148
0.018289
0.107833
-0.024098
0.045571
-0.027576
-0.027530
-0.028018
-0.046743
-0.068199
-0.056064
-0.108994
-0.026919
-0.161582
-0.158629
-0.057761
0.014236
0.117931
0.193455
0.239388
0.155830
0.022734
0.104736
-0.028730
0.043348
-0.030555
-0.027625
-0.022040
-0.037602
-0.069750
-0.074747
-0.067601
0.019822
-0.111608
-0.115079
0.001869
0.079952
0.162932
0.222693
0.209874
0.126677
-0.002269
0.072564
-0.060591
0.012128
-0.065120
-0.064536
-0.066281
-0.085176
-0.099972
-0.090136
-0.141727
-0.041797
-0.137054
-0.167249
0.024001
0.062630
0.158467
0.236785
0.287627
0.194790
0.057340
0.068232
-0.037455
0.041984
-0.028229
-0.031841
-0.022632
-0.031887
-0.064997
-0.107215
-0.107022
0.026332
-0.068036
-0.105432
0.048227
0.095748
0.155240
0.207307
0.176608
0.091162
-0.022713
0.020307
-0.083516
0.039768
-0.036453
-0.043409
-0.054173
-0.064466
-0.086649
-0.098406
-0.174933
-0.039188
-0.131859
-0.166948
0.017113
0.071823
0.146190
0.205634
0.241169
0.147067
0.025335
0.036440
-0.072853
0.021940
-0.050467
-0.050599
-0.051226
-0.061621
-0.081681
-0.085626
-0.149468
-0.043263
-0.125203
-0.163507
-0.014743
0.056396
0.109511
0.164137
0.189347
0.099891
-0.021090
0.023385
-0.081055
0.014021
-0.058734
-0.060026
-0.060345
-0.069820
-0.086609
-0.088610
-0.152884
-0.031653
-0.120186
-0.159724
0.010683
0.068587
0.162237
0.224514
0.260573
0.168810
0.046538
0.037145
-0.067158
0.045684
-0.026132
-0.028454
-0.023866
-0.030822
-0.059303
-0.083900
-0.131471
0.005843
-0.083294
-0.126884
-0.000302
0.058193
0.142905
0.192410
0.157956
0.072783
-0.042119
0.012442
-0.092562
0.020819
-0.053396
-0.057219
-0.066264
-0.075569
-0.086544
-0.082636
-0.142526
-0.043967
-0.135853
-0.181622
-0.014212
0.049487
0.144088
0.213691
0.256893
0.163806
0.037244
0.031300
-0.073970
0.029292
-0.042541
-0.046704
-0.040752
-0.048317
-0.077465
-0.102743
-0.117326
0.018823
-0.076439
-0.120448
0.038778
0.096917
0.160977
0.211516
0.215201
0.125997
0.007997
0.042535
-0.062022
0.040458
-0.038807
-0.040041
-0.041266
-0.047367
-0.071996
-0.090911
-0.156386
-0.012608
-0.103276
-0.146676
-0.015984
0.045786
0.135859
0.190159
0.169772
0.082606
-0.032564
0.017263
-0.087303
0.023162
-0.053299
-0.060776
-0.069046
-0.080448
-0.094366
-0.088951
-0.148128
-0.046272
-0.140767
-0.183051
-0.005620
0.060695
0.145542
0.211768
0.258794
0.167110
0.039867
0.041318
-0.063995
0.029886
-0.038409
-0.044874
-0.040224
-0.052545
-0.086169
-0.107939
-0.170201
-0.020895
-0.112186
-0.152051
-0.000257
0.066863
0.137126
0.195054
0.235739
0.145599
0.020739
0.022388
-0.083803
0.014713
-0.050339
-0.055429
-0.052224
-0.065137
-0.088787
-0.101187
-0.161249
-0.043672
-0.122948
-0.166469
-0.038127
0.030692
0.118512
0.184821
0.236753
0.147112
0.015099
0.029430
-0.076011
0.023722
-0.041824
-0.048917
-0.042999
-0.053793
-0.086097
-0.107397
-0.154954
-0.004961
-0.096702
-0.141727
0.008723
0.072947
0.153406
0.216540
0.257273
0.165356
0.040361
0.025309
-0.079253
0.023168
-0.045691
-0.053823
-0.048431
-0.059109
-0.089172
-0.107607
-0.160584
-0.000274
-0.088389
-0.128519
0.014769
0.076699
0.150107
0.206864
0.210722
0.120642
0.003055
0.032770
-0.071241
0.017826
-0.055265
-0.062502
-0.064229
-0.078715
-0.100399
-0.107303
-0.164187
-0.070717
-0.149118
-0.190549
-0.052823
0.012840
0.131973
0.203007
0.260472
0.173922
0.042733
0.082647
-0.020884
0.047729
-0.027609
-0.034766
-0.027024
-0.040715
-0.076661
-0.094471
-0.160178
-0.020460
-0.117500
-0.159994
-0.038857
0.018780
0.120915
0.187073
0.213295
0.127891
0.009434
0.043182
-0.059121
0.040765
-0.023999
-0.036235
-0.035061
-0.051820
-0.083956
-0.100317
-0.156248
-0.062828
-0.149559
-0.192562
-0.075295
-0.002586
0.084202
0.164606
0.204231
0.123359
-0.002282
0.082846
-0.019239
0.044309
-0.031577
-0.039722
-0.039950
-0.057130
-0.084542
-0.088573
-0.139250
-0.061304
-0.158782
-0.202199
-0.088559
-0.024579
0.086545
0.176893
0.229402
0.150300
0.025343
0.078245
-0.023035
0.043049
-0.028516
-0.036466
-0.040734
-0.057307
-0.065788
-0.053513
-0.093930
-0.116175
-0.205463
-0.234752
-0.154983
-0.112586
0.030995
0.151887
0.222279
0.160033
0.050985
0.075325
-0.030636
0.075256
-0.010000
-0.016728
-0.018018
-0.023233
-0.024401
-0.015473
-0.063871
-0.107729
-0.169027
-0.203293
-0.132238
-0.076576
0.054138
0.167215
0.230379
0.166708
0.062526
0.103353
-0.008591
0.147509
0.068891
0.051865
0.049430
0.036447
-0.000905
0.002165
-0.044120
0.049776
-0.062063
-0.109015
-0.008439
0.090030
0.187539
0.247368
0.177943
0.105044
0.009815
-0.012421
-0.135571
0.048227
-0.018712
-0.046674
-0.073090
-0.087514
-0.065585
-0.006759
-0.045427
-0.055501
-0.162839
-0.197520
-0.014014
0.024728
0.145766
0.233371
0.222517
0.156889
0.048068
0.102321
-0.001433
0.020893
-0.053714
-0.049588
-0.053268
-0.059047
-0.051976
-0.032655
-0.069579
-0.085863
-0.220460
-0.261503
-0.209524
-0.229308
-0.090288
0.053862
0.175196
0.123903
0.005317
0.061595
0.016477
0.115870
0.060468
0.048759
0.072669
0.067298
0.027193
-0.056799
0.015779
0.069863
-0.040066
-0.095451
0.023989
0.052360
0.132746
0.189919
0.145644
0.071108
-0.005742
-0.005455
-0.032009
0.043069
0.002235
-0.044348
-0.064328
-0.079099
-0.098571
-0.107638
-0.167070
-0.073463
-0.137238
-0.227753
-0.013327
0.011774
0.123117
0.210639
0.286859
0.196562
0.096821
0.060018
0.035953
0.061158
0.027516
-0.010920
-0.012648
-0.029754
-0.072137
-0.127713
-0.196479
-0.123043
-0.155053
-0.233010
-0.074849
-0.024275
0.092105
0.182564
0.242283
0.173280
0.091522
0.054086
0.030654
0.039892
0.015015
-0.013945
-0.013297
-0.030902
-0.063523
-0.081565
-0.120818
-0.133364
-0.167622
-0.238701
-0.112618
-0.132738
0.020049
0.142624
0.209384
0.144457
0.061844
-0.006327
-0.014286
0.033884
0.003138
-0.030062
-0.026672
-0.039473
-0.061558
-0.075736
-0.109431
-0.101945
-0.156363
-0.229850
-0.154192
-0.136135
0.018503
0.143108
0.223807
0.159228
0.074711
0.104250
0.072680
0.170512
0.102053
0.075756
0.085257
0.075864
0.038090
0.006845
-0.091659
-0.002456
-0.081829
-0.175869
-0.086265
-0.010726
0.098008
0.170479
0.216798
0.137939
0.057438
-0.016050
-0.051031
0.058400
0.059646
0.001208
-0.001546
-0.005756
-0.030909
-0.060628
-0.054276
0.074109
-0.012840
-0.120964
-0.009339
0.033208
0.117154
0.183662
0.150199
0.065164
-0.006820
0.010846
-0.015553
0.023786
-0.006188
-0.045766
-0.052606
-0.066416
-0.085862
-0.098248
-0.150590
0.001855
-0.062849
-0.164207
-0.020106
0.022151
0.123709
0.193710
0.226042
0.133294
0.056622
0.063835
0.034677
0.048359
0.015971
-0.017657
-0.017881
-0.029079
-0.056670
-0.099876
-0.163710
-0.015340
-0.082551
-0.183230
-0.021540
-0.007925
0.105309
0.177703
0.201783
0.112565
0.042622
0.011475
-0.012868
0.008667
-0.014198
-0.045617
-0.047177
-0.058459
-0.084108
-0.099086
-0.152596
-0.041004
-0.097413
-0.194698
-0.070276
-0.012682
0.123258
0.195785
0.246132
0.157062
0.082165
-0.004782
-0.016658
-0.005566
-0.021420
-0.048153
-0.034717
-0.047334
-0.072514
-0.093509
-0.161037
-0.094395
-0.128836
-0.214678
-0.060606
0.002795
0.123816
0.190352
0.233020
0.151031
0.070059
-0.019421
-0.026466
-0.071033
-0.083812
-0.103181
-0.089652
-0.098336
-0.098776
-0.094632
-0.148586
-0.150705
-0.155287
-0.226611
-0.093581
-0.047504
0.072262
0.170811
0.229795
0.162626
0.077445
0.046456
0.024103
-0.021632
-0.040666
-0.055345
-0.047587
-0.055830
-0.059785
-0.066700
-0.131117
-0.046530
-0.118470
-0.214550
-0.068790
-0.038844
0.074204
0.171461
0.245301
0.155370
0.061133
0.015779
-0.000201
0.005006
-0.022903
-0.055155
-0.045824
-0.053240
-0.084404
-0.120610
-0.143398
-0.022391
-0.085739
-0.180357
0.041882
0.054902
0.140198
0.206594
0.253012
0.162078
0.075227
-0.028328
-0.041282
-0.024315
-0.047010
-0.084191
-0.082145
-0.097639
-0.098201
-0.084512
-0.132424
-0.100919
-0.131553
-0.203769
0.018798
0.057572
0.156242
0.234574
0.288950
0.215221
0.133649
0.054842
0.041095
0.026850
0.006084
-0.017819
-0.011089
-0.028244
-0.048204
-0.065914
-0.127362
-0.122636
-0.164146
-0.237466
-0.108117
-0.071710
0.055476
0.155470
0.219560
0.149086
0.056367
0.027948
0.011689
0.039234
0.015312
-0.018646
-0.011292
-0.018708
-0.051001
-0.095883
-0.089045
-0.019864
-0.124989
-0.211041
-0.059135
-0.003445
0.091442
0.173205
0.239454
0.143917
0.013179
-0.006798
-0.104242
-0.027779
-0.085661
-0.098759
-0.093187
-0.109979
-0.103316
-0.076500
-0.124811
-0.102679
-0.166634
-0.192321
-0.006563
0.040489
0.142967
0.230164
0.256456
0.194512
0.086265
0.080967
-0.009790
0.042424
-0.025456
-0.038597
-0.038408
-0.053357
-0.054347
-0.040453
-0.092790
-0.126326
-0.215784
-0.252697
-0.162067
-0.131259
0.012534
0.132254
0.207830
0.140518
0.030094
0.117282
-0.001898
0.058451
-0.028386
-0.033394
-0.039566
-0.002627
0.045935
0.059756
-0.026740
-0.102057
-0.224221
-0.252858
-0.167062
-0.134148
0.018289
0.145586
0.229483
0.189384
0.079739
0.168882
0.054811
0.150548
0.090880
0.098916
0.111930
0.109268
0.078115
0.026466
0.021523
0.049892
-0.053439
-0.107543
-0.017938
0.061281
0.131415
0.174968
0.091309
0.022662
-0.083229
-0.160784
-0.249810
-0.108989
-0.177997
-0.241425
-0.288548
-0.238388
-0.021355
0.140076
0.075631
-0.003782
-0.112527
-0.126742
0.108174
0.147464
0.246669
0.319265
0.264316
0.207761
0.104603
0.109182
0.005026
0.036938
-0.028119
-0.027158
-0.040622
-0.044608
-0.026886
-0.009341
-0.074417
-0.127839
-0.294643
-0.330540
-0.268284
-0.261529
-0.135403
0.016011
0.133621
0.091446
-0.069518
0.075756
0.066614
0.136685
0.115440
0.111148
0.124953
0.112000
0.067468
0.005887
0.064033
0.064212
-0.043177
-0.089777
0.029279
0.069152
0.143601
0.182890
0.091675
0.019600
-0.087827
-0.132057
-0.195170
-0.048944
-0.115566
-0.160230
-0.199855
-0.159603
0.004973
0.102441
0.016377
-0.084343
-0.219504
-0.224086
-0.019287
0.036012
0.157457
0.247924
0.292216
0.234453
0.119520
0.092725
0.025056
0.036987
-0.008013
0.006664
0.005357
0.014165
0.023901
0.027453
-0.040455
-0.105652
-0.230035
-0.264503
-0.224135
-0.219884
-0.061132
0.080005
0.172320
0.105295
-0.010164
0.073373
0.058289
0.147093
0.114442
0.110472
0.128498
0.116702
0.073709
-0.004372
0.027457
0.010924
-0.105778
-0.145696
-0.020602
0.023308
0.092775
0.153578
0.082951
0.006692
-0.100543
-0.055293
-0.165464
-0.002034
-0.065696
-0.095539
-0.122849
-0.126885
-0.077824
-0.041413
-0.107478
-0.168220
-0.282337
-0.290850
-0.100121
-0.043334
0.091129
0.204291
0.287082
0.216571
0.089048
0.136857
0.098269
0.147098
0.101170
0.112104
0.127564
0.112213
0.066897
0.011035
-0.038414
-0.003861
-0.108068
-0.145373
-0.019512
0.040707
0.110897
0.016319
-0.061199
0.014838
0.087010
0.136538
0.187539
0.240005
0.289474
0.336908
0.382093
0.426015
0.468740
0.510955
0.549280
0.578630
0.598935
0.610212
0.612992
0.605614
0.589145
0.559837
0.460540
0.395986
0.326442
0.249418
0.053945
-0.022159
-0.096252
-0.178424
-0.261280
-0.354924
-0.444436
-0.498786
-0.372559
-0.282305
-0.204232
-0.098641
-0.006993
-0.119482
-0.266521
-0.394561
-0.013497
-0.016057
0.067156
0.150111
0.205068
0.276530
0.310433
0.317196
0.308807
0.396222
0.434260
0.487916
0.565746
0.599000
0.600433
0.524118
0.466507
0.407618
0.289980
0.400087
0.325367
0.409993
0.283660
0.183569
0.144922
0.111897
0.058626
-0.006095
-0.110791
-0.176127
-0.190570
-0.246241
-0.233240
-0.176904
-0.092927
-0.088116
-0.132850
-0.158972
-0.202185
-0.040175
-0.063398
0.089873
-0.012539
-0.090345
-0.124888
-0.177512
-0.241176
-0.299523
-0.383309
-0.460202
-0.578692
-0.593986
-0.490470
-0.415887
-0.255699
-0.107006
-0.077150
-0.115438
0.054828
0.183943
0.151018
0.259388
0.170563
0.098430
0.048320
-0.017244
-0.083868
-0.148823
-0.271560
-0.275587
-0.373782
-0.387832
-0.287831
-0.177917
-0.036675
0.098480
0.054667
0.041049
0.126497
0.258624
0.214427
0.256152
0.144999
0.075793
0.037035
-0.021645
-0.092416
-0.170476
-0.283858
-0.370676
-0.482867
-0.494704
-0.358477
-0.267764
-0.122045
0.033032
0.065051
0.026501
0.224829
0.351902
0.379419
0.457214
0.361458
0.308277
0.287410
0.233196
0.166185
0.104350
0.027523
-0.006221
-0.124469
-0.189186
-0.084020
-0.066806
-0.013882
0.019648
0.007519
-0.029876
0.010512
0.144709
0.170583
0.366867
0.270260
0.217466
0.194890
0.145993
0.085481
0.025383
-0.082586
-0.102036
-0.196016
-0.261077
-0.150884
-0.118884
-0.009358
0.040075
0.021865
-0.014176
-0.022378
0.097924
0.161984
0.192703
0.123226
0.049370
0.003177
-0.060440
-0.128611
-0.199610
-0.325043
-0.346727
-0.431965
-0.480771
-0.355450
-0.283052
-0.138265
0.016424
0.051675
0.020438
0.160289
0.291376
0.273133
0.308383
0.227241
0.153621
0.109856
0.046641
-0.024399
-0.099513
-0.225159
-0.249309
-0.348516
-0.401898
-0.286496
-0.222042
-0.089993
0.048612
0.073184
0.043398
0.153045
0.288745
0.284369
0.331994
0.268622
0.193609
0.160677
0.102276
0.034844
-0.035888
-0.146993
-0.185442
-0.285395
-0.342888
-0.241345
-0.185174
-0.056245
0.059585
0.056506
0.029525
0.088781
0.215136
0.264105
0.295664
0.225445
0.157559
0.114580
0.050871
-0.018392
-0.090494
-0.205183
-0.246377
-0.340752
-0.392588
-0.279767
-0.211340
-0.072794
0.067526
0.072975
0.043441
0.136498
0.266314
0.291150
0.323997
0.250599
0.182417
0.140378
0.077943
0.009174
-0.062834
-0.179403
-0.218977
-0.313381
-0.366979
-0.271641
-0.206487
-0.071883
0.060935
0.062665
0.035062
0.127497
0.255703
0.291246
0.319857
0.245139
0.176318
0.134885
0.072985
0.004261
-0.067742
-0.181447
-0.220987
-0.319108
-0.374085
-0.268498
-0.204155
-0.069259
0.064547
0.065437
0.036853
0.126360
0.252902
0.280431
0.316256
0.244284
0.174397
0.136982
0.076153
0.008064
-0.063221
-0.176960
-0.216612
-0.312976
-0.367546
-0.273502
-0.204516
-0.077878
0.056780
0.053984
0.025060
0.120868
0.248935
0.254929
0.291887
0.222271
0.153371
0.116930
0.057086
-0.010734
-0.082736
-0.199485
-0.242629
-0.336768
-0.388051
-0.293554
-0.211244
-0.096666
0.049691
0.048444
0.016861
0.132483
0.261250
0.281850
0.313465
0.239028
0.169320
0.132342
0.072495
0.003778
-0.069939
-0.184877
-0.240632
-0.336400
-0.391673
-0.277516
-0.211884
-0.074869
0.062060
0.073660
0.044985
0.140077
0.265184
0.279961
0.314584
0.242628
0.175209
0.141471
0.082240
0.014686
-0.056917
-0.172419
-0.214844
-0.310820
-0.365343
-0.273067
-0.200021
-0.084881
0.050433
0.049704
0.020373
0.117684
0.246118
0.261644
0.295053
0.222123
0.153172
0.117324
0.057769
-0.010600
-0.083920
-0.200845
-0.249035
-0.346095
-0.398933
-0.280820
-0.212721
-0.073747
0.066450
0.078959
0.049519
0.145126
0.272758
0.290158
0.324315
0.249842
0.180366
0.145886
0.086650
0.019199
-0.052345
-0.170684
-0.212699
-0.305732
-0.360660
-0.269951
-0.200116
-0.086922
0.043347
0.046417
0.018169
0.112811
0.241516
0.277637
0.302644
0.226411
0.155912
0.119453
0.059921
-0.008526
-0.081960
-0.196268
-0.261266
-0.353167
-0.408820
-0.291272
-0.223579
-0.084850
0.055487
0.076297
0.047675
0.142034
0.268704
0.297305
0.329302
0.254855
0.187167
0.155930
0.098025
0.030728
-0.040808
-0.153101
-0.196369
-0.297354
-0.355914
-0.248028
-0.191465
-0.059439
0.057022
0.063626
0.037100
0.092741
0.219463
0.240840
0.284743
0.213262
0.145465
0.113405
0.054721
-0.012192
-0.083575
-0.197990
-0.252043
-0.345544
-0.397009
-0.304121
-0.218382
-0.102963
0.045073
0.048855
0.018325
0.139669
0.267604
0.269695
0.303087
0.225759
0.156526
0.121142
0.062474
-0.006092
-0.081051
-0.197622
-0.268050
-0.360492
-0.415486
-0.293689
-0.227516
-0.087640
0.052503
0.080852
0.053495
0.151299
0.277549
0.288600
0.320935
0.246964
0.181630
0.153161
0.096702
0.029731
-0.042579
-0.156524
-0.206099
-0.307543
-0.364341
-0.266047
-0.207224
-0.066171
0.052632
0.067430
0.042671
0.107208
0.236084
0.232155
0.281273
0.213797
0.150062
0.120295
0.062992
-0.003258
-0.074288
-0.194222
-0.241996
-0.331795
-0.377945
-0.284136
-0.194565
-0.079334
0.070142
0.066111
0.039052
0.142234
0.273394
0.236850
0.268657
0.184153
0.111240
0.069496
0.007858
-0.062635
-0.140080
-0.260940
-0.331760
-0.422739
-0.472159
-0.341514
-0.264446
-0.115273
0.042932
0.094774
0.067107
0.202984
0.331735
0.293163
0.337581
0.261301
0.195577
0.164374
0.106666
0.039331
-0.032888
-0.148768
-0.198960
-0.299314
-0.355994
-0.246364
-0.190649
-0.060155
0.053359
0.082984
0.059454
0.114010
0.243568
0.284069
0.309458
0.232439
0.165933
0.135995
0.078354
0.010524
-0.062469
-0.173807
-0.241085
-0.339206
-0.396519
-0.291639
-0.226043
-0.089186
0.044899
0.076826
0.053887
0.119736
0.247532
0.226789
0.299204
0.237975
0.177190
0.149108
0.091596
0.023434
-0.049516
-0.185877
-0.222837
-0.295088
-0.338235
-0.244921
-0.159214
-0.046981
0.099815
0.081184
0.063931
0.127344
0.271033
0.282828
0.306831
0.208591
0.133058
0.097072
0.041586
-0.027833
-0.105926
-0.219551
-0.315729
-0.402931
-0.455007
-0.316132
-0.248611
-0.108234
0.041033
0.078345
0.055481
0.190789
0.318477
0.336802
0.393904
0.298785
0.244179
0.236828
0.184868
0.118595
0.051966
-0.035148
-0.077012
-0.192400
-0.271154
-0.150159
-0.117820
-0.016207
0.044629
0.056374
0.029987
0.067278
0.177787
0.194323
0.316002
0.229503
0.161438
0.137396
0.084932
0.023509
-0.040200
-0.140603
-0.169632
-0.274850
-0.347214
-0.216080
-0.178367
-0.046645
0.037970
0.060298
0.035133
0.076080
0.193706
0.198878
0.267771
0.195768
0.125000
0.099747
0.045562
-0.014953
-0.079309
-0.195630
-0.223316
-0.318269
-0.382878
-0.259345
-0.206811
-0.070265
0.055437
0.079953
0.051045
0.109005
0.239046
0.236123
0.273186
0.195072
0.117958
0.079211
0.020454
-0.043087
-0.112278
-0.233692
-0.263696
-0.360683
-0.418633
-0.315897
-0.239963
-0.094611
0.049819
0.081253
0.051694
0.149429
0.286665
0.248024
0.291010
0.210376
0.130324
0.090427
0.028209
-0.038105
-0.109596
-0.227323
-0.258536
-0.362613
-0.423601
-0.311782
-0.240156
-0.096475
0.047725
0.091147
0.063645
0.162387
0.299643
0.249882
0.308886
0.232983
0.161312
0.129089
0.071172
0.007238
-0.062160
-0.177661
-0.208405
-0.313520
-0.373514
-0.271416
-0.201500
-0.061632
0.075707
0.103519
0.077040
0.153773
0.301278
0.252552
0.306260
0.229758
0.157368
0.124292
0.065719
0.000159
-0.071747
-0.179268
-0.244959
-0.345010
-0.404277
-0.304578
-0.228030
-0.079262
0.067574
0.098450
0.069985
0.166293
0.297157
0.260960
0.315776
0.245809
0.174822
0.143997
0.086868
0.023864
-0.043623
-0.161321
-0.186833
-0.286183
-0.345723
-0.269403
-0.190070
-0.073758
0.060384
0.063117
0.035246
0.130036
0.264804
0.188464
0.243657
0.165594
0.087741
0.047090
-0.012423
-0.077873
-0.150650
-0.271434
-0.327512
-0.420806
-0.474799
-0.350145
-0.270120
-0.116904
0.044494
0.112018
0.083294
0.189826
0.331004
0.254276
0.303662
0.226653
0.154779
0.119504
0.061130
-0.004542
-0.076986
-0.189459
-0.240029
-0.346678
-0.404511
-0.291677
-0.214941
-0.068358
0.078667
0.123250
0.096929
0.193120
0.324516
0.265530
0.320514
0.246236
0.176207
0.145413
0.088218
0.024105
-0.044876
-0.159657
-0.190008
-0.295202
-0.356696
-0.264076
-0.197574
-0.057928
0.073347
0.104604
0.080748
0.138990
0.273711
0.228878
0.282476
0.210702
0.140300
0.107309
0.049566
-0.014066
-0.083416
-0.198238
-0.247493
-0.345487
-0.401405
-0.306737
-0.230529
-0.077076
0.068056
0.093226
0.066970
0.166170
0.302832
0.217702
0.265261
0.189167
0.112472
0.072558
0.012779
-0.053476
-0.126696
-0.245380
-0.302130
-0.400327
-0.456464
-0.339626
-0.257422
-0.102044
0.056518
0.119219
0.092114
0.202022
0.343819
0.266129
0.335081
0.252609
0.180675
0.153900
0.098629
0.033992
-0.036888
-0.140677
-0.189574
-0.302989
-0.371022
-0.252996
-0.196250
-0.060406
0.051739
0.092049
0.070252
0.132686
0.261903
0.252674
0.324422
0.259507
0.192015
0.172673
0.119168
0.057009
-0.008331
-0.117723
-0.150944
-0.255232
-0.321065
-0.214100
-0.164060
-0.030271
0.064113
0.085266
0.058879
0.112939
0.242061
0.187114
0.242677
0.183063
0.114112
0.082828
0.028681
-0.035195
-0.105924
-0.239867
-0.280118
-0.357142
-0.408161
-0.304298
-0.229137
-0.078621
0.071130
0.102710
0.082049
0.132140
0.284882
0.295669
0.321587
0.226414
0.140607
0.104728
0.051271
-0.015171
-0.090769
-0.204771
-0.275432
-0.381495
-0.444620
-0.302458
-0.234596
-0.093025
0.050262
0.102797
0.077498
0.216401
0.353392
0.360599
0.389162
0.319262
0.253149
0.239121
0.191512
0.131388
0.069563
-0.024750
-0.061649
-0.169070
-0.255207
-0.142830
-0.114132
-0.033222
0.020249
0.043345
0.021118
0.035656
0.148478
0.163006
0.246489
0.197566
0.121517
0.089915
0.036110
-0.025137
-0.091468
-0.210303
-0.258727
-0.323201
-0.423005
-0.281788
-0.236097
-0.091926
0.050869
0.104727
0.068311
0.149098
0.283435
0.252935
0.286949
0.219020
0.136091
0.102677
0.050764
-0.011001
-0.080668
-0.195572
-0.252652
-0.320800
-0.428953
-0.294650
-0.253142
-0.111433
0.026598
0.088483
0.058096
0.128747
0.259392
0.264337
0.307794
0.249269
0.169541
0.137779
0.083325
0.021836
-0.044377
-0.160465
-0.198242
-0.269737
-0.372101
-0.264796
-0.219973
-0.081771
0.049892
0.093660
0.063611
0.083019
0.229122
0.258734
0.286008
0.222126
0.135234
0.097540
0.040858
-0.023010
-0.093611
-0.205351
-0.264898
-0.337161
-0.444303
-0.314708
-0.264588
-0.118129
0.028555
0.095417
0.063452
0.142370
0.274968
0.281317
0.339319
0.283459
0.204815
0.177887
0.125760
0.064597
-0.001054
-0.111688
-0.145701
-0.223600
-0.333453
-0.223405
-0.195437
-0.064331
0.037489
0.067008
0.038998
0.057871
0.199300
0.231803
0.279902
0.229013
0.147798
0.114322
0.060347
0.000457
-0.064660
-0.184291
-0.237600
-0.296227
-0.391372
-0.304087
-0.241124
-0.116602
0.028546
0.062528
0.030781
0.103310
0.244364
0.246188
0.274954
0.204916
0.113117
0.069996
0.015755
-0.049905
-0.123633
-0.242043
-0.304527
-0.372407
-0.481230
-0.321408
-0.275487
-0.129341
0.017871
0.103943
0.072216
0.188334
0.326948
0.317126
0.342844
0.286790
0.211139
0.189107
0.142306
0.084855
0.021049
-0.094302
-0.136651
-0.207773
-0.312130
-0.226382
-0.187208
-0.074592
0.031015
0.057493
0.025382
0.047347
0.194841
0.220264
0.247706
0.175849
0.086649
0.047005
-0.008287
-0.072145
-0.144209
-0.257596
-0.340971
-0.405741
-0.512933
-0.364131
-0.304749
-0.150826
0.008128
0.105042
0.071434
0.160255
0.311175
0.301294
0.316406
0.250835
0.174590
0.149101
0.100163
0.039235
-0.028526
-0.134932
-0.195015
-0.272603
-0.384747
-0.258072
-0.221847
-0.082976
0.041427
0.096935
0.076402
0.101989
0.242314
0.265752
0.323707
0.267818
0.189202
0.164762
0.114576
0.054204
-0.011273
-0.124604
-0.181000
-0.248895
-0.355415
-0.255090
-0.210764
-0.076690
0.049068
0.094167
0.065425
0.082660
0.229125
0.205360
0.247909
0.186290
0.101908
0.065660
0.012492
-0.049471
-0.118575
-0.231004
-0.310531
-0.375258
-0.477947
-0.355584
-0.288837
-0.135060
0.023266
0.113650
0.081615
0.152364
0.296085
0.241186
0.293867
0.226136
0.141844
0.107489
0.054944
-0.008206
-0.078132
-0.186281
-0.259754
-0.331079
-0.446974
-0.306940
-0.266118
-0.120321
0.016407
0.090786
0.078023
0.130937
0.272460
0.291912
0.372625
0.310499
0.236045
0.217950
0.172146
0.112555
0.047666
-0.058032
-0.114446
-0.190818
-0.305543
-0.195680
-0.168621
-0.042353
0.039524
0.074040
0.054899
0.041346
0.185936
0.207823
0.264494
0.209831
0.127303
0.098601
0.048987
-0.011168
-0.077759
-0.193844
-0.275728
-0.330821
-0.431392
-0.330376
-0.260639
-0.127153
0.022973
0.084671
0.051454
0.118399
0.265197
0.257632
0.291269
0.220223
0.126707
0.084956
0.030370
-0.034619
-0.107705
-0.222482
-0.308668
-0.371996
-0.484596
-0.327942
-0.282061
-0.133607
0.010897
0.100944
0.077769
0.159159
0.301601
0.311473
0.359879
0.283525
0.210359
0.193963
0.153360
0.095616
0.031489
-0.065510
-0.131244
-0.205796
-0.330103
-0.201855
-0.180571
-0.069612
0.007040
0.054204
0.052210
0.053354
0.190434
0.221537
0.310953
0.249520
0.170672
0.147886
0.101508
0.042207
-0.022887
-0.134078
-0.200278
-0.268048
-0.379829
-0.258387
-0.216063
-0.080619
0.040517
0.091529
0.065626
0.081402
0.227966
0.184779
0.229607
0.166179
0.079106
0.045867
-0.003761
-0.065269
-0.135423
-0.248302
-0.352587
-0.405462
-0.511623
-0.374397
-0.304805
-0.147312
0.013310
0.115192
0.083090
0.147034
0.295044
0.236072
0.319878
0.235428
0.150573
0.123359
0.077769
0.015772
-0.055534
-0.155378
-0.236561
-0.328480
-0.454806
-0.318337
-0.280803
-0.137994
-0.033011
0.033595
0.042996
0.063299
0.203137
0.265886
0.411346
0.317461
0.252032
0.238124
0.200667
0.142617
0.079074
-0.022888
-0.090025
-0.162959
-0.280543
-0.187174
-0.153024
-0.049234
0.019396
0.054727
0.040493
0.012052
0.155437
0.134924
0.237634
0.156206
0.070386
0.036478
-0.011094
-0.074019
-0.148325
-0.261046
-0.352136
-0.441772
-0.553755
-0.427940
-0.350904
-0.185579
-0.017725
0.107737
0.081014
0.149507
0.294530
0.236830
0.329302
0.243826
0.167100
0.143919
0.101838
0.040021
-0.032352
-0.139103
-0.223939
-0.317926
-0.436850
-0.323959
-0.262708
-0.113568
0.023176
0.102210
0.093283
0.110973
0.255480
0.248917
0.328621
0.249472
0.173276
0.151143
0.107076
0.045885
-0.022886
-0.137155
-0.242473
-0.300033
-0.379802
-0.306164
-0.222224
-0.110756
0.047628
0.168397
0.132014
0.190955
0.330047
0.317591
0.338606
0.291177
0.187319
0.165069
0.122603
0.062888
-0.005262
-0.114815
-0.200568
-0.248408
-0.354221
-0.270396
-0.191848
-0.075674
0.056119
0.159215
0.133521
0.109224
0.263950
0.239648
0.319889
0.273681
0.181081
0.152375
0.108986
0.051317
-0.014599
-0.114621
-0.214958
-0.254471
-0.367238
-0.282022
-0.207225
-0.097757
0.035071
0.116916
0.095409
0.069107
0.213970
0.259614
0.327895
0.285788
0.200226
0.171582
0.129261
0.072987
0.011509
-0.094135
-0.163374
-0.207690
-0.307446
-0.257053
-0.173392
-0.085377
0.043129
0.115089
0.075951
0.045583
0.199748
0.193150
0.262197
0.215868
0.116585
0.075909
0.029161
-0.029261
-0.095713
-0.198825
-0.309307
-0.351447
-0.453902
-0.359434
-0.266609
-0.141965
0.006142
0.123759
0.088960
0.095734
0.246471
0.228538
0.289505
0.248544
0.157954
0.125549
0.081847
0.024396
-0.040100
-0.141967
-0.246881
-0.276939
-0.383688
-0.294248
-0.211728
-0.098300
0.037828
0.132133
0.101252
0.071445
0.223643
0.206008
0.293805
0.246471
0.152324
0.119959
0.076441
0.018758
-0.046139
-0.146105
-0.255026
-0.287001
-0.397200
-0.310337
-0.229310
-0.115184
0.021797
0.114617
0.088317
0.067246
0.223467
0.265242
0.329587
0.275394
0.187568
0.157656
0.118408
0.063137
0.001018
-0.095320
-0.196451
-0.225012
-0.339982
-0.256011
-0.191293
-0.095481
0.026798
0.091273
0.066697
0.033628
0.181542
0.231292
0.309871
0.252500
0.161997
0.130347
0.090804
0.036047
-0.025257
-0.123834
-0.225157
-0.252693
-0.363776
-0.279283
-0.208492
-0.109936
0.020349
0.093877
0.066602
0.036544
0.189308
0.180369
0.287298
0.230264
0.137328
0.109416
0.067719
0.011311
-0.052340
-0.150227
-0.252707
-0.289687
-0.408419
-0.307167
-0.241041
-0.122557
0.020833
0.109862
0.086265
0.098671
0.239622
0.262640
0.318488
0.261168
0.168021
0.135691
0.095360
0.041211
-0.018184
-0.114646
-0.182622
-0.230246
-0.349202
-0.259296
-0.204306
-0.096473
0.033917
0.104085
0.084899
0.056217
0.199706
0.226631
0.287128
0.242733
0.149901
0.109866
0.064515
0.008300
-0.052483
-0.153619
-0.215581
-0.264091
-0.377754
-0.285703
-0.222193
-0.112133
0.024023
0.106382
0.074268
0.052361
0.213072
0.234027
0.276330
0.242053
0.142151
0.102838
0.060973
0.006406
-0.054729
-0.156584
-0.217365
-0.267893
-0.383040
-0.289875
-0.226467
-0.114182
0.019975
0.104012
0.079562
0.055800
0.209673
0.221849
0.271291
0.241097
0.142962
0.105091
0.062608
0.007841
-0.053522
-0.158693
-0.222783
-0.269834
-0.378827
-0.289354
-0.218677
-0.101509
0.033399
0.124761
0.090615
0.063906
0.221153
0.209745
0.270758
0.237332
0.140422
0.099608
0.050780
-0.006071
-0.068359
-0.173388
-0.239078
-0.284537
-0.389610
-0.308081
-0.222058
-0.097333
0.045461
0.148279
0.101911
0.106587
0.255905
0.248556
0.276623
0.241472
0.144540
0.103449
0.051899
-0.005760
-0.067791
-0.174794
-0.238486
-0.277642
-0.377599
-0.323578
-0.224018
-0.100071
0.044192
0.148823
0.103388
0.113283
0.262262
0.253631
0.277221
0.249373
0.145829
0.102017
0.051147
-0.008080
-0.071764
-0.180881
-0.255474
-0.288462
-0.385691
-0.323488
-0.227792
-0.106100
0.039875
0.156496
0.110617
0.119280
0.266180
0.216421
0.238671
0.184478
0.090092
0.050209
-0.001312
-0.058840
-0.121800
-0.228049
-0.327451
-0.362148
-0.468564
-0.365563
-0.294021
-0.160785
0.004164
0.091929
0.053091
0.132466
0.281323
0.264221
0.284496
0.208289
0.115544
0.075384
0.024773
-0.034980
-0.104184
-0.207342
-0.292820
-0.378621
-0.499008
-0.353270
-0.295989
-0.137583
0.017090
0.110417
0.088242
0.158345
0.293592
0.301420
0.347775
0.277553
0.198078
0.175323
0.132056
0.074829
0.012701
-0.085801
-0.137215
-0.213767
-0.341090
-0.209436
-0.182521
-0.053020
0.040719
0.094278
0.093864
0.109578
0.245425
0.237340
0.261905
0.217637
0.138719
0.112797
0.065121
0.004625
-0.062069
-0.195520
-0.259624
-0.298820
-0.391057
-0.296466
-0.227383
-0.084613
0.063252
0.116988
0.082341
0.058662
0.251833
0.290692
0.305635
0.236290
0.132333
0.097964
0.053172
-0.007160
-0.080813
-0.192988
-0.282680
-0.372261
-0.481268
-0.327172
-0.272145
-0.115749
0.035004
0.124017
0.088826
0.206731
0.344680
0.341459
0.381494
0.311046
0.230361
0.208185
0.166664
0.111656
0.051457
-0.038062
-0.094706
-0.164112
-0.298267
-0.157802
-0.149449
-0.061702
0.007340
0.053244
0.057506
0.067402
0.187645
0.246678
0.343514
0.263368
0.187272
0.169476
0.131089
0.079494
0.022625
-0.073952
-0.142630
-0.204579
-0.328172
-0.191126
-0.173005
-0.052810
0.029315
0.063918
0.044471
0.029271
0.159703
0.182439
0.235981
0.184583
0.099905
0.069480
0.022236
-0.033177
-0.095101
-0.213180
-0.277988
-0.332338
-0.435827
-0.315824
-0.251315
-0.104589
0.039242
0.095395
0.055167
0.073533
0.227143
0.229510
0.260853
0.191291
0.093406
0.049359
-0.003244
-0.066018
-0.135578
-0.253357
-0.314497
-0.377418
-0.491023
-0.341576
-0.289492
-0.140773
0.009621
0.095735
0.059449
0.142874
0.287167
0.239861
0.297705
0.236228
0.150859
0.124921
0.080465
0.023517
-0.041395
-0.141338
-0.213283
-0.283452
-0.409634
-0.256400
-0.235902
-0.099754
0.001644
0.058759
0.059950
0.129139
0.249763
0.286873
0.328252
0.270286
0.196990
0.178675
0.133336
0.075471
0.011468
-0.119176
-0.156984
-0.212335
-0.309699
-0.217844
-0.169803
-0.048413
0.070851
0.079628
0.044765
0.059454
0.207714
0.244880
0.262594
0.182795
0.084302
0.040687
-0.008303
-0.069639
-0.142605
-0.261778
-0.345370
-0.403706
-0.514043
-0.347077
-0.297828
-0.144321
0.010307
0.109628
0.073189
0.189067
0.330321
-0.026869
-0.049514
-0.095810
-0.019979
0.033279
0.085695
0.138415
0.187862
0.234316
0.277996
0.319826
0.359845
0.398874
0.421832
0.428016
0.469882
0.468087
0.490554
0.512771
0.529078
0.527212
0.497492
0.414790
0.282344
0.230904
0.162020
0.078223
0.001168
-0.084538
-0.026978
-0.033459
-0.093758
-0.156800
-0.229632
-0.298268
-0.377828
-0.455009
-0.529021
-0.422368
-0.278272
-0.118760
0.064907
0.275451
0.289401
0.360102
0.392263
0.419393
0.433719
0.448904
0.539552
0.590401
0.531276
0.478856
0.413546
0.307756
0.166288
0.063489
-0.016298
-0.139594
-0.327428
-0.134177
-0.113133
-0.095803
0.006397
0.043298
0.101368
0.118883
0.042005
-0.057338
-0.170839
-0.258561
-0.381790
-0.437107
-0.546538
-0.621834
-0.662681
-0.554509
-0.348994
-0.351940
-0.485600
-0.521359
-0.578476
-0.435731
-0.283230
-0.209971
-0.131046
-0.073207
-0.079913
-0.143573
-0.261941
-0.317017
-0.327325
-0.227896
-0.296620
-0.348580
-0.166422
0.089544
0.266488
0.127389
-0.010066
-0.167400
-0.272179
-0.191755
-0.079521
0.007331
0.112048
0.184481
0.194538
0.132394
-0.009815
0.039990
-0.039593
-0.057590
-0.100506
-0.110240
-0.032860
0.169226
0.265463
0.194896
0.072423
-0.036996
-0.103204
-0.030367
0.051673
0.136224
0.222450
0.219446
0.155927
0.124025
0.010393
-0.103005
-0.225162
-0.255381
-0.282065
-0.251670
0.034879
0.311034
0.373349
0.257955
0.151898
-0.002462
-0.115044
-0.109554
-0.173032
-0.133466
-0.020166
0.068464
0.076854
-0.017676
-0.154006
-0.289120
-0.387896
-0.332345
-0.387875
-0.404296
-0.271067
0.028142
0.252882
0.178360
0.078017
-0.055560
-0.113724
-0.078645
0.050896
0.120066
0.207630
0.281350
0.302957
0.222205
0.093091
0.025072
-0.019090
-0.053916
-0.140978
-0.143239
-0.143087
-0.018637
0.114803
0.084259
-0.013591
-0.122564
-0.179877
-0.105314
0.017558
0.101499
0.211343
0.251793
0.173283
0.120845
0.017026
-0.042779
-0.191177
-0.113827
-0.157134
-0.170388
-0.036074
0.225557
0.334085
0.264198
0.165641
0.014844
-0.129193
-0.104733
-0.084680
-0.057168
0.004134
0.064730
0.060431
-0.036463
-0.157978
-0.290480
-0.295452
-0.210614
-0.281870
-0.337526
-0.312526
-0.057907
0.179899
0.178860
0.053357
-0.070447
-0.138933
-0.089148
0.037655
0.112271
0.202884
0.256930
0.243487
0.155194
0.030519
-0.010055
-0.146473
-0.081010
-0.154578
-0.174979
-0.116415
0.124506
0.275497
0.190291
0.087093
-0.057977
-0.156197
-0.101931
-0.058518
0.011492
0.096852
0.176370
0.171841
0.085501
-0.037329
-0.140984
-0.248802
-0.183089
-0.253977
-0.268644
-0.148977
0.140887
0.315292
0.244857
0.144618
0.019174
-0.082595
-0.042916
-0.010254
0.081960
0.178203
0.228536
0.191069
0.103721
-0.018204
-0.117373
-0.229184
-0.125639
-0.211771
-0.236718
-0.235912
0.003044
0.222583
0.169079
0.057915
-0.102607
-0.153165
-0.115031
-0.034887
0.052103
0.167470
0.250694
0.264822
0.186365
0.059400
-0.037524
-0.136222
-0.133590
-0.184483
-0.197649
-0.090257
0.183534
0.310922
0.228617
0.126474
-0.029925
-0.088106
-0.046261
-0.002432
0.105330
0.197737
0.227304
0.155678
0.087194
-0.021240
-0.089396
-0.204604
-0.098901
-0.174640
-0.204373
-0.209729
-0.028756
0.146290
0.124177
0.027873
-0.110521
-0.203238
-0.144402
-0.112738
-0.024520
0.086884
0.160652
0.168180
0.082638
-0.042659
-0.142567
-0.242053
-0.200576
-0.270262
-0.280641
-0.123858
0.155363
0.334428
0.252226
0.153061
0.017488
-0.126193
-0.092600
-0.047691
-0.018498
0.051821
0.142580
0.150120
0.061319
-0.066901
-0.180204
-0.309225
-0.208899
-0.272093
-0.312205
-0.277081
-0.007994
0.243525
0.205994
0.094280
-0.048980
-0.107979
-0.055127
0.053974
0.129049
0.223177
0.284723
0.268785
0.186332
0.061345
-0.041649
-0.140965
-0.124751
-0.176033
-0.197711
-0.040860
0.237775
0.340211
0.237019
0.141685
0.003366
-0.097281
-0.081878
-0.067885
-0.039567
0.032188
0.136397
0.138826
0.046572
-0.081347
-0.191256
-0.284061
-0.184566
-0.263113
-0.307375
-0.266926
0.011236
0.252157
0.200584
0.083547
-0.061960
-0.130809
-0.069211
0.029477
0.102751
0.202613
0.265571
0.252637
0.170277
0.044032
-0.049553
-0.156030
-0.124132
-0.186425
-0.205722
-0.081775
0.199909
0.326965
0.214514
0.112349
-0.028536
-0.135277
-0.078989
-0.040370
0.003949
0.108976
0.190486
0.189425
0.101898
-0.025183
-0.129732
-0.238694
-0.209341
-0.279722
-0.298931
-0.196417
0.093229
0.261301
0.195269
0.097487
-0.036982
-0.135085
-0.083580
-0.048240
0.035189
0.144061
0.209722
0.204514
0.119867
-0.001014
-0.090154
-0.189275
-0.138383
-0.211046
-0.224419
-0.095953
0.189145
0.319784
0.208823
0.109967
-0.028275
-0.128071
-0.080227
-0.035316
0.021236
0.129389
0.201336
0.198790
0.115789
-0.009732
-0.104226
-0.203895
-0.155841
-0.232916
-0.244947
-0.144359
0.133244
0.276828
0.197732
0.102874
-0.044546
-0.127241
-0.080687
-0.048909
0.029606
0.137828
0.196901
0.188932
0.105335
-0.013048
-0.089665
-0.197724
-0.145786
-0.227687
-0.241438
-0.181040
0.075576
0.244333
0.161509
0.067646
-0.089345
-0.134906
-0.093513
-0.047229
0.049458
0.166891
0.242513
0.250000
0.176365
0.048331
-0.033816
-0.118382
-0.159493
-0.215061
-0.205951
-0.027577
0.245124
0.318448
0.203433
0.101616
-0.060447
-0.126427
-0.075484
-0.030288
0.067665
0.174745
0.211942
0.162806
0.096909
-0.014211
-0.103942
-0.188653
-0.120179
-0.204663
-0.223973
-0.232642
-0.072535
0.088546
0.073843
0.004187
-0.128348
-0.218999
-0.162140
-0.141056
-0.062099
0.073292
0.161469
0.179125
0.102661
-0.021220
-0.117751
-0.200734
-0.212440
-0.265852
-0.268789
-0.096875
0.190162
0.328587
0.231647
0.138816
0.000626
-0.091929
-0.049810
-0.021666
0.061590
0.168590
0.233743
0.231701
0.146206
0.025106
-0.074625
-0.172006
-0.135594
-0.210347
-0.215426
-0.186780
0.024519
0.178134
0.133598
0.045379
-0.087742
-0.177715
-0.136373
-0.120707
-0.045058
0.083587
0.175406
0.186852
0.108967
-0.016346
-0.071496
-0.154169
-0.111449
-0.163965
-0.183925
-0.012799
0.255553
0.356069
0.228200
0.130076
-0.033120
-0.094798
-0.046952
-0.006072
0.086111
0.185912
0.224854
0.164563
0.084099
-0.033230
-0.127261
-0.198097
-0.149572
-0.236969
-0.245895
-0.167683
0.086202
0.221378
0.130995
0.028527
-0.128001
-0.176486
-0.142595
-0.091499
-0.013308
0.092101
0.158567
0.170625
0.093431
-0.027925
-0.118773
-0.219614
-0.192856
-0.262983
-0.285080
-0.127198
0.164830
0.309052
0.210457
0.107699
-0.032251
-0.131111
-0.087895
-0.051736
0.051831
0.154444
0.209605
0.208116
0.123186
0.009060
-0.087273
-0.184825
-0.181599
-0.264161
-0.278170
-0.194954
0.091112
0.264008
0.194725
0.094114
-0.037566
-0.134297
-0.110418
-0.062383
0.020483
0.123073
0.190259
0.195257
0.118354
-0.001591
-0.102265
-0.198268
-0.252548
-0.309711
-0.295733
-0.062597
0.225532
0.349741
0.228800
0.137800
0.003343
-0.104557
-0.094410
-0.044161
0.025974
0.120594
0.176957
0.178913
0.095803
-0.021722
-0.100289
-0.214419
-0.142752
-0.231554
-0.252318
-0.230178
0.021826
0.240853
0.181309
0.076866
-0.056188
-0.178965
-0.120177
-0.063527
0.038028
0.140740
0.199345
0.199433
0.122738
0.006118
-0.091594
-0.212482
-0.242830
-0.297031
-0.263327
0.040592
0.307471
0.399292
0.302492
0.188030
0.078484
-0.053138
-0.084415
0.005458
0.013673
0.097847
0.204719
0.229466
0.139912
0.011184
-0.091143
-0.212734
-0.121908
-0.209441
-0.227973
-0.205041
0.016159
0.178318
0.164499
0.027937
-0.104276
-0.170511
-0.164779
-0.024747
0.027914
0.134658
0.215501
0.229277
0.146783
0.022517
-0.066487
-0.193301
-0.142926
-0.218268
-0.236358
-0.093998
0.201522
0.335633
0.286651
0.151665
0.042019
-0.069707
-0.072140
-0.020249
0.031846
0.128433
0.188961
0.183235
0.099419
-0.021973
-0.121115
-0.244106
-0.144670
-0.241644
-0.274810
-0.279168
-0.044975
0.194159
0.191756
0.053622
-0.052906
-0.187563
-0.166298
-0.043615
0.002392
0.102827
0.202359
0.219623
0.133840
0.009526
-0.100162
-0.241033
-0.218723
-0.296433
-0.310383
-0.141552
0.156042
0.337683
0.311248
0.176558
0.067776
-0.047740
-0.047775
0.002788
0.064282
0.165808
0.223222
0.210346
0.123905
0.003730
-0.094268
-0.215393
-0.152334
-0.261729
-0.283266
-0.195607
0.105570
0.284666
0.248670
0.113546
0.002236
-0.144151
-0.135660
-0.084165
-0.053649
0.033639
0.121678
0.136753
0.050069
-0.076062
-0.182698
-0.319743
-0.245910
-0.331397
-0.368593
-0.267840
0.040705
0.286633
0.257012
0.116524
0.017935
-0.095672
-0.083392
0.056171
0.108182
0.210316
0.280501
0.291667
0.207738
0.081513
-0.023325
-0.145651
-0.144333
-0.220268
-0.234374
-0.129883
0.159940
0.303543
0.261396
0.128976
0.019135
-0.084842
-0.093203
-0.005827
0.039271
0.146456
0.220931
0.236811
0.154804
0.028796
-0.077138
-0.196469
-0.181472
-0.273200
-0.281926
-0.121028
0.177673
0.313738
0.258285
0.129250
0.016415
-0.108198
-0.115065
-0.060498
-0.026119
0.079109
0.152800
0.165186
0.078210
-0.044984
-0.138516
-0.274399
-0.174763
-0.271331
-0.300621
-0.230513
0.051635
0.245990
0.229984
0.103811
-0.000172
-0.146305
-0.130996
-0.074958
-0.030064
0.062454
0.146402
0.159761
0.073526
-0.052226
-0.137052
-0.288046
-0.194308
-0.285753
-0.309021
-0.200219
0.100189
0.317774
0.286696
0.151719
0.049415
-0.081431
-0.067754
0.023720
0.082101
0.184518
0.254458
0.258713
0.175613
0.049085
-0.049193
-0.167507
-0.109720
-0.203467
-0.224932
-0.192467
0.058436
0.241728
0.216389
0.079098
-0.028008
-0.150501
-0.132792
-0.050022
0.013913
0.139857
0.225843
0.241853
0.163615
0.036708
-0.051339
-0.178706
-0.214307
-0.288812
-0.301443
-0.141261
0.154192
0.317923
0.298615
0.162434
0.049111
-0.070363
-0.067700
-0.018653
0.030021
0.128286
0.180192
0.142786
0.064548
-0.047460
-0.143376
-0.265034
-0.167000
-0.269045
-0.305046
-0.281474
-0.018246
0.209860
0.202323
0.060713
-0.038483
-0.178640
-0.163805
-0.083856
-0.018660
0.108319
0.199601
0.222767
0.143167
0.018464
-0.078810
-0.161259
-0.181915
-0.246028
-0.271162
-0.090906
0.197374
0.347929
0.301918
0.171440
0.062103
-0.061837
-0.054966
-0.003052
0.046041
0.148712
0.201589
0.181913
0.100470
-0.017335
-0.107887
-0.226201
-0.165037
-0.265881
-0.285155
-0.189684
0.109150
0.277001
0.234182
0.098987
-0.007927
-0.135645
-0.128210
-0.039122
0.022742
0.137073
0.211686
0.232392
0.156267
0.027350
-0.076200
-0.178126
-0.169710
-0.259637
-0.258864
-0.185440
0.094592
0.274766
0.242219
0.107932
0.000265
-0.126255
-0.121977
-0.041321
0.017154
0.135733
0.218897
0.240194
0.167932
0.038391
-0.059802
-0.156499
-0.223107
-0.308582
-0.303127
-0.133107
0.163611
0.307846
0.268229
0.136446
0.023699
-0.093972
-0.094527
-0.029530
0.020278
0.126662
0.182220
0.173322
0.094736
-0.021183
-0.096042
-0.205745
-0.119181
-0.230570
-0.253455
-0.200093
0.074790
0.254712
0.230599
0.099056
-0.009031
-0.159333
-0.142599
-0.079847
-0.045910
0.077061
0.169570
0.186182
0.106798
-0.021272
-0.067512
-0.174057
-0.174496
-0.254404
-0.257099
-0.161355
0.125217
0.288418
0.259448
0.118876
0.009549
-0.110332
-0.091933
-0.010677
0.060165
0.155575
0.196456
0.143281
0.075915
-0.041848
-0.128267
-0.226761
-0.167398
-0.275493
-0.291140
-0.157809
0.126773
0.304956
0.259793
0.125342
0.015430
-0.176010
-0.171794
-0.144004
-0.125210
-0.041059
0.062507
0.110326
0.014039
-0.111696
-0.230443
-0.371457
-0.279165
-0.348954
-0.377126
-0.257943
0.047155
0.295709
0.287248
0.134330
0.040198
-0.084795
-0.075587
0.047623
0.099672
0.194200
0.265536
0.274677
0.188984
0.064835
-0.034623
-0.152940
-0.105640
-0.196533
-0.215099
-0.145757
0.136875
0.321831
0.277079
0.139730
0.031347
-0.112633
-0.097356
-0.023075
0.037913
0.158346
0.240476
0.252990
0.178647
0.050328
-0.037247
-0.142371
-0.152955
-0.239721
-0.243419
-0.159989
0.123107
0.300304
0.274564
0.130427
0.017058
-0.112701
-0.092903
-0.020108
0.049386
0.163698
0.211867
0.199016
0.137602
0.019561
-0.065060
-0.175723
-0.142941
-0.249654
-0.261770
-0.213517
0.052830
0.247445
0.241515
0.097888
-0.020369
-0.177773
-0.153049
-0.102975
-0.052649
0.077485
0.163250
0.176576
0.106274
-0.019110
-0.117318
-0.236040
-0.216943
-0.313710
-0.319649
-0.220134
0.080636
0.315349
0.294261
0.151410
0.041219
-0.098464
-0.077953
0.014544
0.060355
0.173427
0.228226
0.220494
0.148270
0.030003
-0.056333
-0.164404
-0.187774
-0.271737
-0.271838
-0.232316
0.056899
0.287152
0.262646
0.113400
0.001335
-0.139608
-0.113349
-0.022571
0.047590
0.171208
0.230459
0.225823
0.167744
0.048325
-0.025935
-0.165067
-0.112845
-0.165192
-0.186535
-0.119068
0.167031
0.329972
0.285792
0.151378
0.035305
-0.117918
-0.128071
-0.068143
-0.058570
0.046943
0.142930
0.161375
0.081767
-0.046859
-0.156911
-0.231343
-0.207967
-0.266183
-0.294684
-0.279311
-0.024242
0.229076
0.224628
0.068519
-0.035786
-0.132129
-0.134604
-0.007678
0.043715
0.157710
0.244789
0.253627
0.194376
0.074825
-0.024909
-0.153694
-0.186582
-0.214781
-0.217542
-0.113775
0.170706
0.314324
0.272225
0.143970
0.030024
-0.111010
-0.130946
-0.113381
-0.111237
-0.004020
0.099553
0.136492
0.049082
-0.074478
-0.191584
-0.283154
-0.213428
-0.283579
-0.311394
-0.258283
0.046748
0.287132
0.259864
0.107648
0.002707
-0.129925
-0.128327
0.004980
0.049491
0.169918
0.258913
0.272494
0.203890
0.079659
0.002522
-0.137097
-0.101917
-0.152558
-0.175757
-0.096760
0.191899
0.345909
0.298118
0.166490
0.053172
-0.102886
-0.118542
-0.064499
-0.061791
0.044921
0.141486
0.165406
0.080186
-0.043167
-0.158084
-0.256986
-0.223460
-0.289744
-0.316567
-0.257219
0.038700
0.281676
0.253208
0.105041
-0.002468
-0.129879
-0.125823
-0.019936
0.044152
0.152492
0.239047
0.249876
0.185616
0.065103
-0.019849
-0.158035
-0.144019
-0.199105
-0.216363
-0.171944
0.099424
0.286307
0.258127
0.121759
0.005556
-0.139140
-0.141149
-0.085534
-0.060124
0.056925
0.151679
0.163913
0.086671
-0.028036
-0.110579
-0.227887
-0.200603
-0.257316
-0.255307
-0.231068
0.034437
0.269456
0.259085
0.107486
-0.003289
-0.138045
-0.127872
-0.044174
0.019228
0.135627
0.202731
0.186998
0.129003
0.021697
-0.074930
-0.205261
-0.219203
-0.255675
-0.256204
-0.153612
0.142609
0.312045
0.281434
0.145126
0.034905
-0.099734
-0.124729
-0.103024
-0.101271
0.033475
0.131329
0.164794
0.081026
-0.037711
-0.120745
-0.241200
-0.209696
-0.272155
-0.290593
-0.241196
0.051681
0.291993
0.271204
0.114691
0.005685
-0.130849
-0.124326
-0.021455
0.034747
0.144379
0.222849
0.223228
0.159699
0.046973
-0.042917
-0.166093
-0.170216
-0.201462
-0.203059
-0.088445
0.197461
0.352730
0.314148
0.179395
0.065353
-0.109562
-0.132589
-0.101301
-0.102384
-0.007388
0.094841
0.133906
0.049503
-0.079322
-0.193270
-0.337888
-0.257743
-0.326084
-0.361518
-0.361763
-0.070943
0.202148
0.266193
0.104810
0.016484
-0.112611
-0.128126
-0.015927
0.030308
0.139930
0.222295
0.251312
0.174822
0.054207
-0.046474
-0.159557
-0.165422
-0.205112
-0.221280
-0.144763
0.134230
0.313422
0.292869
0.157712
0.051137
-0.086979
-0.098610
-0.051128
-0.003065
0.106505
0.197349
0.213202
0.141842
0.022480
-0.074833
-0.163180
-0.158036
-0.247663
-0.267614
-0.224956
0.034040
0.251643
0.243030
0.109282
0.006773
-0.127207
-0.146291
-0.088256
-0.042680
0.105932
0.211465
0.240905
0.220216
0.094217
0.020167
-0.070765
-0.071117
-0.138599
-0.141386
-0.074430
0.174497
0.318341
0.312112
0.182874
0.065474
-0.079982
-0.091728
-0.003339
-0.016460
0.110883
0.182597
0.184720
0.114672
-0.003076
-0.103042
-0.243254
-0.197970
-0.267241
-0.276918
-0.254087
0.002259
0.225886
0.238876
0.100684
0.005297
-0.161211
-0.200717
-0.211069
-0.196964
-0.048766
0.069972
0.131886
0.117471
-0.005168
-0.112092
-0.184131
-0.132470
-0.175275
-0.178809
-0.184374
-0.046634
0.149246
0.187742
0.063962
-0.053236
-0.129574
-0.133744
0.020572
0.083980
0.192751
0.260399
0.249292
0.183498
0.080369
-0.004035
-0.126936
-0.166231
-0.200304
-0.214681
-0.075327
0.202308
0.337958
0.282348
0.158857
0.054346
-0.116482
-0.150232
-0.150380
-0.161873
-0.080902
0.026105
0.108781
0.032766
-0.089958
-0.199468
-0.326442
-0.216117
-0.273640
-0.315307
-0.336078
-0.099425
0.172116
0.236072
0.082710
-0.005231
-0.120001
-0.148117
0.003503
0.038721
0.134963
0.215385
0.239687
0.153299
0.034992
-0.060354
-0.187872
-0.151294
-0.225535
-0.250507
-0.169306
0.135369
0.364230
0.331773
0.191873
0.092633
-0.053151
-0.089828
0.019332
0.033584
0.146914
0.231169
0.255555
0.170917
0.050078
-0.047343
-0.166989
-0.207579
-0.257678
-0.278898
-0.209540
0.095155
0.333248
0.296390
0.160843
0.058468
-0.072488
-0.107671
-0.010644
0.010035
0.126436
0.209116
0.238279
0.165446
0.045053
-0.062443
-0.126012
-0.144881
-0.250139
-0.260845
-0.173599
0.120710
0.308787
0.267882
0.133888
0.027296
-0.098227
-0.126034
-0.060225
0.005238
0.116672
0.177214
0.186329
0.117081
0.006437
-0.095271
-0.161622
-0.186242
-0.301972
-0.318077
-0.200928
0.097391
0.306372
0.283669
0.146656
0.036837
-0.124992
-0.154055
-0.098029
-0.067635
0.056978
0.136151
0.150561
0.084941
-0.033382
-0.139467
-0.230952
-0.244991
-0.303147
-0.316186
-0.218500
0.086392
0.320804
0.297470
0.167215
0.065637
-0.104376
-0.141833
-0.102411
-0.078151
0.057949
0.148995
0.178109
0.141044
0.015061
-0.081813
-0.190772
-0.219019
-0.262074
-0.265265
-0.195397
0.095301
0.310877
0.300135
0.170825
0.068050
-0.078962
-0.106488
-0.048557
0.009371
0.121445
0.188500
0.198795
0.122599
0.010577
-0.059804
-0.187527
-0.140612
-0.171337
-0.213519
-0.245961
-0.147907
0.081016
0.145315
0.011713
-0.089313
-0.215455
-0.223440
-0.150682
-0.073651
0.034598
0.102977
0.114078
0.054499
-0.045158
-0.151726
-0.264793
-0.148493
-0.217722
-0.245845
-0.181878
0.132453
0.363319
0.347512
0.201099
0.107713
-0.077333
-0.127913
-0.020740
-0.029261
0.063259
0.173121
0.218956
0.139724
0.014970
-0.064962
-0.218094
-0.155254
-0.209311
-0.226060
-0.215294
0.004771
0.247298
0.242945
0.098839
0.003148
-0.096183
-0.115452
0.051314
0.079969
0.180005
0.261220
0.286520
0.207929
0.085193
-0.012577
-0.127320
-0.067839
-0.148138
-0.174145
-0.174557
0.053822
0.249352
0.231773
0.096557
-0.005415
-0.139195
-0.165291
-0.040653
-0.041165
0.072445
0.180385
0.214837
0.125490
0.002445
-0.112310
-0.163004
-0.162669
-0.208712
-0.227862
-0.178542
0.096583
0.310470
0.276519
0.134796
0.027506
-0.081262
-0.094269
0.050920
0.086473
0.196927
0.271464
0.286933
0.213036
0.086773
0.006163
-0.148396
-0.162720
-0.218253
-0.240709
-0.153205
0.145852
0.319058
0.281826
0.153318
0.042023
-0.095951
-0.120916
-0.064225
-0.053367
0.057382
0.141296
0.170524
0.094020
-0.038015
-0.134619
-0.265327
-0.214171
-0.287353
-0.321379
-0.290769
-0.011655
0.240647
0.224863
0.086045
-0.014777
-0.137130
-0.149833
-0.020534
0.018184
0.140155
0.223479
0.249597
0.176280
0.048149
-0.058092
-0.171169
-0.202064
-0.245661
-0.265903
-0.140058
0.162253
0.326550
0.292502
0.164997
0.055305
-0.075720
-0.102650
-0.039218
-0.017817
0.070251
0.143346
0.156960
0.072196
-0.045670
-0.138831
-0.258233
-0.203516
-0.308911
-0.342421
-0.261312
0.049530
0.278210
0.252094
0.110330
0.004378
-0.167318
-0.150773
-0.079245
-0.017247
0.103078
0.182036
0.197982
0.125008
-0.000091
-0.098970
-0.201921
-0.209905
-0.298374
-0.305603
-0.245854
0.059036
0.296462
0.264544
0.121558
0.016803
-0.118055
-0.107316
0.010658
0.073393
0.179817
0.256661
0.273616
0.209134
0.084535
-0.007568
-0.098574
-0.157059
-0.243041
-0.244078
-0.135256
0.147528
0.301093
0.279656
0.129968
0.010000
-0.120860
-0.099237
-0.023272
0.038359
0.130765
0.164841
0.103865
0.057522
-0.035894
-0.131008
-0.261824
-0.189806
-0.283933
-0.304676
-0.234291
0.050954
0.239849
0.241552
0.107919
-0.001497
-0.166295
-0.169837
-0.173886
-0.156668
-0.032471
0.066999
0.106621
0.019904
-0.109217
-0.218132
-0.329072
-0.255778
-0.339590
-0.354876
-0.262197
0.035857
0.273966
0.248665
0.117866
-0.047754
-0.144045
-0.090193
-0.029053
0.032344
0.091899
0.146951
0.186221
0.217282
0.297842
0.359442
0.420331
0.491375
0.564651
0.629416
0.684968
0.730559
0.769938
0.793946
0.807623
0.816456
0.833501
0.788512
0.632491
0.562947
0.410048
0.311095
0.234157
0.154105
0.047213
-0.036044
-0.113802
-0.213500
-0.346118
-0.446909
-0.464267
-0.396657
-0.232627
-0.215146
-0.112854
-0.030335
0.022458
0.023326
-0.037548
-0.094616
-0.148870
-0.240648
-0.320211
-0.373491
-0.450559
-0.525952
-0.551328
-0.602391
-0.746922
-0.817158
-0.908448
-0.859700
-0.585316
-0.513204
-0.367464
-0.217794
-0.096164
-0.080800
-0.209253
-0.073812
-0.099024
0.052204
0.039581
0.025996
-0.028997
0.049914
0.165988
0.182120
0.028647
-0.076709
-0.194790
-0.192477
-0.049411
-0.001275
0.141725
0.260290
0.235880
0.177390
0.039702
0.081681
0.056263
0.039192
0.008345
-0.009321
-0.000112
0.136375
0.259967
0.252959
0.108949
0.000033
-0.155411
-0.164016
-0.092556
-0.038913
0.085577
0.188312
0.210738
0.157321
0.027830
-0.060043
-0.120030
-0.001696
-0.050079
-0.052679
-0.062724
0.038868
0.174448
0.190659
0.052855
-0.052303
-0.215462
-0.202969
-0.148526
-0.112665
0.027163
0.151404
0.225273
0.165894
0.034442
0.035606
-0.006989
0.079451
0.035469
0.049857
0.046775
0.045602
0.047280
0.050628
-0.037399
-0.135508
-0.308101
-0.293611
-0.236870
-0.189549
-0.032319
0.113679
0.202492
0.163364
0.038245
0.112848
0.076162
0.216629
0.150104
0.173062
0.197828
0.185301
0.141262
0.091094
-0.026453
-0.025411
-0.123392
-0.111186
0.007574
0.057706
0.137941
0.129230
0.055255
0.016605
-0.079445
-0.166859
-0.246388
-0.067090
-0.141169
-0.183318
-0.210998
-0.177427
-0.052715
0.020083
-0.058476
-0.150847
-0.331859
-0.298178
-0.223070
-0.161196
-0.007903
0.124594
0.211340
0.162391
0.032137
0.185406
0.144411
0.204318
0.136293
0.151249
0.174843
0.160942
0.115924
0.049549
0.038687
0.007164
-0.104066
-0.127945
-0.022965
0.020554
0.078976
0.141551
0.061373
-0.004213
-0.100807
-0.088019
-0.100965
0.050572
-0.013796
-0.061023
-0.095769
-0.115416
-0.078629
-0.020905
-0.068362
-0.087916
-0.197519
-0.210240
0.005194
0.053844
0.170789
0.265372
0.292039
0.233116
0.110929
0.151266
0.074438
0.105478
0.033799
0.046030
0.046870
0.026914
-0.002394
-0.010977
-0.068119
-0.118146
-0.182737
-0.216818
-0.144214
-0.114960
0.029776
0.134796
0.185380
0.114702
-0.005745
0.004386
-0.100527
0.068876
0.018012
-0.009187
-0.006443
-0.022166
-0.065340
-0.097958
-0.129483
-0.059402
-0.172494
-0.208500
-0.101619
-0.034259
0.056396
0.137099
0.156714
0.082892
-0.062429
0.080081
-0.037402
0.101647
0.036642
0.022221
0.024198
0.013065
-0.025464
-0.064053
-0.080213
-0.011623
-0.118861
-0.163021
-0.036639
0.012588
0.100856
0.172539
0.136489
0.051880
-0.055907
0.014801
-0.071979
0.089804
0.013578
-0.007244
-0.022723
-0.036807
-0.056030
-0.045611
-0.116038
-0.031663
-0.131520
-0.174217
-0.042123
0.023112
0.119324
0.190110
0.186018
0.107039
-0.004989
0.059628
-0.074449
0.094272
0.033744
0.019235
0.011955
-0.001488
-0.031385
-0.042211
-0.110353
-0.010656
-0.111186
-0.159202
-0.042400
0.026249
0.118430
0.183998
0.165988
0.082431
-0.030203
0.034359
-0.089610
0.084051
0.012736
0.000011
-0.015067
-0.025857
-0.048851
-0.040606
-0.066074
0.037253
-0.070929
-0.120303
0.021698
0.075487
0.162309
0.218466
0.142446
0.065145
-0.049782
-0.012927
-0.139814
0.039592
-0.040966
-0.062081
-0.092021
-0.107440
-0.080304
-0.036133
-0.092652
-0.142226
-0.228284
-0.247938
-0.110927
-0.050514
0.079746
0.183222
0.225688
0.152436
0.005308
0.119025
0.026033
0.088511
0.013990
0.019715
0.021235
-0.000494
-0.041219
-0.062218
-0.116667
-0.105097
-0.182489
-0.218178
-0.140052
-0.096895
0.042298
0.145128
0.192308
0.123802
0.012426
0.014097
-0.088249
0.098984
0.045273
0.008140
0.011802
-0.003384
-0.046169
-0.086699
-0.104438
-0.038093
-0.153935
-0.200635
-0.094115
-0.030355
0.063304
0.143198
0.186980
0.107431
-0.050197
0.064788
-0.063272
0.091634
0.035266
0.022566
0.027791
0.018355
-0.018023
-0.057039
-0.088393
0.000053
-0.100515
-0.150004
-0.049130
0.021075
0.107971
0.174069
0.159078
0.078108
-0.035018
0.028159
-0.044112
0.113464
0.032623
0.012818
-0.005658
-0.017512
-0.045034
-0.040431
-0.028330
0.071707
-0.041133
-0.095157
0.047135
0.097815
0.186754
0.231258
0.144228
0.072649
-0.044024
-0.016693
-0.154995
0.033312
-0.051439
-0.078369
-0.113313
-0.127805
-0.096253
-0.046901
-0.098823
-0.145522
-0.234102
-0.252480
-0.098843
-0.035293
0.103269
0.208077
0.267337
0.186426
0.033707
0.146540
0.058755
0.118641
0.046297
0.053774
0.053947
0.030891
-0.017264
-0.050458
-0.111918
-0.119348
-0.187333
-0.220911
-0.093256
-0.092972
0.019349
0.130330
0.173599
0.110230
0.008928
-0.007685
-0.124074
0.049240
0.009505
-0.018320
-0.019091
-0.042805
-0.082370
-0.087355
-0.135490
-0.137378
-0.219663
-0.249051
-0.167928
-0.110531
0.025622
0.133524
0.191799
0.129407
0.016846
0.021066
-0.093264
0.085040
0.034199
0.012185
0.015160
-0.007435
-0.040680
-0.047843
-0.095629
-0.111937
-0.185688
-0.221045
-0.154920
-0.118148
0.032117
0.144388
0.221006
0.145003
0.025927
0.109231
0.007510
0.200607
0.121387
0.093616
0.097023
0.093311
0.052207
0.002577
0.038234
0.109673
-0.002080
-0.057681
0.010012
0.086774
0.160419
0.201388
0.112110
0.043482
-0.075063
-0.104101
-0.150522
0.014462
-0.073932
-0.114186
-0.156820
-0.168832
-0.100693
-0.031482
-0.076174
-0.097917
-0.187420
-0.207983
0.021676
0.069116
0.190514
0.280029
0.328411
0.251437
0.099684
0.203722
0.117359
0.129848
0.046526
0.060752
0.056209
0.036487
-0.004271
-0.030314
-0.088414
-0.102840
-0.177931
-0.216202
-0.150962
-0.118407
0.001660
0.103912
0.172632
0.098725
-0.022216
-0.013817
-0.112133
0.054481
-0.008780
-0.040994
-0.041702
-0.058047
-0.103950
-0.141510
-0.197274
-0.082930
-0.187522
-0.219974
-0.102382
-0.035493
0.067302
0.155071
0.178733
0.107974
-0.037529
0.081315
-0.016459
0.086376
0.006572
-0.003488
-0.002146
-0.016149
-0.035542
-0.056312
-0.137912
-0.157126
-0.237053
-0.268782
-0.151566
-0.094396
0.037738
0.138897
0.211482
0.137130
0.015420
0.112877
-0.012915
0.146369
0.077315
0.052185
0.053543
0.037283
-0.005373
-0.038867
-0.087225
0.002248
-0.098447
-0.131976
0.007743
0.056267
0.128287
0.179805
0.100937
0.027668
-0.071778
0.001054
-0.115947
0.048485
-0.031650
-0.055187
-0.086452
-0.103581
-0.065344
-0.004533
-0.051692
-0.096885
-0.188740
-0.213187
-0.002093
0.056996
0.176993
0.262554
0.279142
0.214897
0.100969
0.139855
0.036701
0.044515
-0.021273
-0.009581
-0.008356
-0.023483
-0.032617
-0.039905
-0.114664
-0.165501
-0.256932
-0.289420
-0.209203
-0.175424
-0.039715
0.078995
0.155891
0.081598
-0.045696
0.051050
-0.030152
0.078004
0.029664
0.015949
0.024812
0.009067
-0.035124
-0.080722
-0.085216
-0.046356
-0.164605
-0.206038
-0.061742
-0.002146
0.095130
0.170005
0.216951
0.132713
0.001300
0.032150
-0.065488
0.072028
0.014157
-0.005377
0.001701
-0.009892
-0.046242
-0.079136
-0.143719
-0.042929
-0.138525
-0.170252
0.026022
0.073269
0.142799
0.200071
0.182219
0.105312
-0.006322
0.042009
-0.057245
0.061889
-0.008828
-0.025594
-0.029324
-0.044095
-0.060535
-0.049319
-0.114023
-0.107684
-0.195978
-0.222479
-0.076198
-0.007555
0.082910
0.171473
0.106874
0.053185
-0.037542
-0.018254
-0.114606
-0.028829
-0.090903
-0.108413
-0.123895
-0.114261
-0.052575
-0.009696
-0.072941
-0.151144
-0.274803
-0.302513
-0.199873
-0.167041
-0.023089
0.118763
0.229050
0.206223
0.063128
0.206654
0.167521
0.200958
0.156032
0.169730
0.193037
0.187379
0.150390
0.121001
0.113135
0.081091
-0.025143
-0.064271
0.020329
0.082140
0.136653
0.169368
0.075438
0.016224
-0.091304
-0.177341
-0.261039
-0.120082
-0.188397
-0.252622
-0.295922
-0.225468
-0.002176
0.137807
0.052338
-0.046281
-0.156563
-0.163389
0.072913
0.110650
0.211146
0.293000
0.286435
0.227922
0.120029
0.118289
0.019466
0.025025
-0.037890
-0.029356
-0.036717
-0.039143
-0.023341
-0.006942
-0.070762
-0.131514
-0.298824
-0.339006
-0.289080
-0.284875
-0.122587
0.031721
0.140517
0.097096
-0.049914
0.096269
0.086912
0.188917
0.170951
0.162674
0.177174
0.169758
0.128081
0.073282
0.086440
0.056753
-0.050284
-0.091615
0.052077
0.068118
0.134858
0.149633
0.049268
-0.012886
-0.121696
-0.213196
-0.272784
-0.129757
-0.198756
-0.245157
-0.283293
-0.156017
0.078768
0.168231
0.046737
-0.055154
-0.205975
-0.216249
-0.051157
0.015093
0.140210
0.224090
0.279711
0.220491
0.102380
0.065074
-0.008002
0.047542
0.004478
0.004918
0.005975
-0.005321
-0.013639
-0.017629
-0.083052
-0.140818
-0.242020
-0.279631
-0.209622
-0.185514
-0.033273
0.095394
0.180707
0.120959
0.008301
0.058990
0.005977
0.104759
0.054980
0.053314
0.067485
0.057005
0.014721
-0.038728
-0.047160
-0.047277
-0.167706
-0.207704
-0.090943
-0.040706
0.057202
0.138054
0.124076
0.054368
-0.064013
0.001004
-0.093678
0.035257
-0.026293
-0.049398
-0.055176
-0.072150
-0.077431
-0.061341
-0.114777
-0.120354
-0.213584
-0.244490
-0.117558
-0.039591
0.069045
0.174427
0.201664
0.143397
0.039317
0.060562
-0.026542
0.035757
-0.028549
-0.040757
-0.051557
-0.051923
-0.041737
-0.024811
-0.080699
-0.146448
-0.257931
-0.294076
-0.215797
-0.174187
-0.015523
0.120984
0.230690
0.226753
0.116432
0.190219
0.104974
0.145752
0.117447
0.107797
0.128232
0.123677
0.086625
0.057242
0.065540
0.031315
-0.084912
-0.136640
-0.036625
-0.012412
0.077649
0.148979
0.094699
0.024456
-0.081946
-0.046017
-0.139979
0.017643
-0.033267
-0.070770
-0.081615
-0.102671
-0.079384
-0.028244
-0.067942
-0.060073
-0.160143
-0.184035
-0.008909
0.050347
0.137689
0.225891
0.148528
0.097139
0.013194
0.000054
-0.088189
0.000274
-0.081968
-0.106602
-0.135086
-0.096231
0.017514
0.074785
-0.005271
-0.096718
-0.237568
-0.261509
-0.145086
-0.113344
0.022379
0.145591
0.248242
0.202828
0.083884
0.142620
0.053591
0.112101
0.058663
0.051653
0.067414
0.052130
0.023667
-0.009860
-0.078445
-0.021201
-0.105049
-0.163369
-0.050070
-0.012811
0.068983
0.152116
0.122131
0.059186
-0.007225
-0.009580
-0.036241
0.074686
0.032155
-0.021092
-0.037498
-0.061412
-0.065647
-0.049086
-0.097527
-0.137466
-0.194438
-0.260325
-0.097876
-0.062539
0.071365
0.188308
0.272975
0.203984
0.114214
0.125819
0.101862
0.088865
0.052363
0.033487
0.034996
0.017410
-0.023121
-0.056942
-0.129797
-0.031904
-0.106680
-0.191919
-0.046448
0.001019
0.123727
0.199706
0.258621
0.182891
0.092366
0.050450
0.037122
0.095136
0.072019
0.026439
0.028950
0.020169
-0.016975
-0.072227
-0.141015
-0.048340
-0.127934
-0.221588
-0.048838
-0.008626
0.109080
0.179095
0.224685
0.147211
0.066926
0.022897
0.003474
0.049818
0.033728
-0.004118
0.000415
-0.009358
-0.041804
-0.067202
-0.132335
-0.045306
-0.109080
-0.197973
-0.067145
-0.012184
0.076832
0.154571
0.167395
0.089995
0.013644
0.027249
0.002811
0.015329
-0.015274
-0.045590
-0.044466
-0.061486
-0.078471
-0.073803
-0.118222
-0.120867
-0.178466
-0.255892
-0.133003
-0.085728
0.037649
0.147672
0.206735
0.136539
0.061476
0.042073
0.020661
0.043466
0.020104
-0.015377
-0.014305
-0.032100
-0.066356
-0.084850
-0.137649
-0.065632
-0.139451
-0.230062
-0.086736
-0.051626
0.064263
0.164361
0.247485
0.165980
0.072239
0.060176
0.038633
0.065288
0.035034
0.002599
0.010295
0.001491
-0.034992
-0.085627
-0.143144
-0.034119
-0.102432
-0.194598
-0.043813
0.003792
0.084868
0.157649
0.203820
0.124731
0.038480
0.046817
0.022093
0.073282
0.041660
-0.004780
-0.005641
-0.015835
-0.053619
-0.091588
-0.134342
-0.031088
-0.110207
-0.212085
-0.025783
0.002643
0.109326
0.184783
0.240076
0.155677
0.074801
0.037934
0.015007
0.054903
0.034330
-0.006418
-0.003400
-0.020392
-0.058872
-0.084082
-0.140067
-0.112538
-0.154885
-0.232687
-0.104712
-0.042863
0.065634
0.158623
0.171196
0.108129
0.053916
-0.003126
-0.013727
0.033496
0.017653
-0.025391
-0.029178
-0.057326
-0.075291
-0.063231
-0.100805
-0.124736
-0.212779
-0.285909
-0.179365
-0.192507
-0.022295
0.122133
0.233513
0.212442
0.128853
0.145950
0.138491
0.151850
0.123785
0.117948
0.141589
0.142851
0.110613
0.046082
0.072718
0.055406
-0.040456
-0.150250
-0.063227
-0.016037
0.079052
0.141514
0.116716
0.041850
-0.029072
-0.060527
-0.102461
0.016314
0.007226
-0.053384
-0.068184
-0.083685
-0.087319
-0.066902
-0.107593
-0.081461
-0.142699
-0.231632
-0.058739
-0.005881
0.082952
0.175238
0.093912
0.027248
-0.022639
-0.060774
-0.071108
-0.044030
-0.085696
-0.131486
-0.157587
-0.154571
-0.065109
0.004626
-0.059073
-0.139186
-0.267250
-0.333023
-0.214428
-0.194288
-0.047039
0.090162
0.227388
0.241034
0.160501
0.212607
0.226286
0.182462
0.197363
0.179713
0.206186
0.200895
0.163334
0.107859
0.063822
0.062670
-0.020057
-0.115343
0.003250
0.057385
0.130471
0.157996
0.048698
-0.009249
-0.066106
-0.160917
-0.240561
-0.117789
-0.138310
-0.210672
-0.258200
-0.245639
-0.044705
0.119207
0.043905
-0.050620
-0.186127
-0.251871
-0.111435
-0.056143
0.080014
0.193561
0.256045
0.207675
0.136230
0.104557
0.112648
0.090555
0.027249
0.016280
0.010319
0.029256
0.051452
0.058100
-0.011372
-0.086523
-0.210009
-0.284583
-0.227893
-0.235566
-0.093670
0.063375
0.194016
0.222129
0.143570
0.117593
0.141715
0.187084
0.203057
0.187195
0.220347
0.219568
0.186346
0.134869
0.063818
0.051056
-0.034437
-0.112689
-0.010537
0.037203
0.122477
0.146918
0.058775
0.008969
-0.042343
-0.148553
-0.262856
-0.154447
-0.161627
-0.217499
-0.258544
-0.233177
-0.072195
0.024728
-0.051052
-0.131928
-0.273351
-0.344432
-0.238509
-0.225063
-0.073711
0.070844
0.191706
0.206755
0.127727
0.161710
0.172198
0.179539
0.181710
0.170322
0.200230
0.199311
0.166114
0.112694
0.063125
0.050002
-0.041203
-0.138937
-0.035994
0.026623
0.116494
0.164021
0.081212
0.018375
-0.034978
-0.136964
-0.263873
-0.133061
-0.134761
-0.196636
-0.236584
-0.218665
-0.041013
0.084425
0.009741
-0.073117
-0.215788
-0.293408
-0.119250
-0.150207
0.003566
0.136152
0.229918
0.188742
0.105835
0.128436
0.132709
0.109836
0.091260
0.080195
0.100144
0.095931
0.060725
0.002477
-0.051798
-0.004112
-0.092682
-0.196462
-0.085322
-0.003553
0.098227
0.163558
0.119064
0.049807
0.000245
-0.106110
-0.108142
-0.011353
-0.018325
-0.077196
-0.095610
-0.119087
-0.100538
-0.045509
-0.076548
-0.104156
-0.248851
-0.329358
-0.220121
-0.204687
-0.045069
0.106427
0.220566
0.223559
0.147707
0.178908
0.204072
0.166941
0.178848
0.164163
0.193489
0.197532
0.171389
0.123673
-0.019547
0.019332
-0.043802
-0.137155
-0.032155
0.066405
0.142724
0.162593
0.054394
-0.007658
-0.057927
-0.158186
-0.232061
-0.143085
-0.150758
-0.258045
-0.319206
-0.352651
-0.193341
0.011193
0.044381
0.016493
-0.029285
-0.122989
0.069042
0.176807
0.258268
0.327820
0.280993
0.209556
0.150353
0.046955
0.050246
-0.021798
-0.002266
-0.033834
-0.044409
-0.071082
-0.084511
-0.062982
-0.087569
-0.122687
-0.235831
-0.324344
-0.235497
-0.187682
-0.086525
0.034950
0.179606
0.186443
0.101792
0.056634
0.119349
0.057115
0.114931
0.091582
0.112528
0.107422
0.070491
0.010266
-0.095428
0.021391
-0.012802
-0.105785
-0.021679
0.063788
0.130350
0.182537
0.095545
0.028920
-0.027402
-0.127714
-0.117298
-0.073683
-0.060308
-0.118270
-0.156935
-0.181846
-0.095904
0.008735
-0.019227
-0.075266
-0.205169
-0.302075
-0.143895
-0.089125
0.040218
0.161622
0.275947
0.225856
0.145165
0.141786
0.206008
0.128479
0.178025
0.155142
0.175936
0.169651
0.136732
0.075775
-0.058858
-0.098917
-0.094878
-0.178316
-0.096146
-0.006033
0.081042
0.149985
0.071181
0.005927
-0.039734
-0.122743
-0.228383
-0.120499
-0.098268
-0.175845
-0.240531
-0.266722
-0.114012
0.052264
0.023745
-0.058245
-0.184857
-0.276936
-0.158451
-0.075404
0.039591
0.158885
0.238060
0.184283
0.109463
0.097334
0.151722
0.100365
0.097851
0.068983
0.088234
0.084808
0.076717
0.047689
-0.053310
-0.133670
-0.211614
-0.289683
-0.217921
-0.165689
-0.045780
0.081683
0.172945
0.114835
0.033422
-0.039399
0.004801
-0.061959
0.009034
-0.021773
-0.022016
-0.033466
-0.066484
-0.110395
-0.169717
-0.091785
-0.162035
-0.276876
-0.175981
-0.074884
0.016888
0.113483
0.199070
0.114784
0.031716
-0.056981
-0.016295
-0.072701
-0.032691
-0.065040
-0.063466
-0.082267
-0.081749
-0.078483
-0.121436
-0.148542
-0.195125
-0.271230
-0.184462
-0.074591
0.019362
0.136847
0.240591
0.191487
0.111382
0.024248
0.067009
-0.011700
0.025481
-0.001926
-0.004206
-0.019327
-0.039558
-0.066207
-0.143079
-0.083250
-0.133063
-0.237368
-0.157091
-0.058353
0.032297
0.131960
0.223190
0.146957
0.065423
-0.013404
0.024176
-0.017437
0.004251
-0.026456
-0.029051
-0.045283
-0.051425
-0.059932
-0.111985
-0.147918
-0.169828
-0.253145
-0.167088
-0.062925
0.029136
0.138605
0.236293
0.168949
0.087461
0.002380
0.043639
0.017977
0.034752
-0.007653
-0.017963
-0.032992
-0.062426
-0.094950
-0.160516
-0.082561
-0.133959
-0.250478
-0.101647
-0.057160
0.071302
0.170308
0.260634
0.188520
0.109692
0.056426
0.047758
-0.000295
-0.024746
-0.030970
-0.033343
-0.035483
-0.023942
-0.015849
-0.071601
-0.114851
-0.193977
-0.268751
-0.153534
-0.097414
0.026262
0.148725
0.239947
0.189711
0.120122
0.097465
0.070461
0.093902
0.058588
0.042977
0.036791
0.021100
0.013316
0.011053
-0.052882
-0.115399
-0.175571
-0.247562
-0.130012
-0.044007
0.063579
0.171423
0.218374
0.163702
0.114614
0.009561
0.007079
-0.023420
-0.024102
-0.046955
-0.052229
-0.044147
-0.000857
0.045725
0.004235
-0.063102
-0.189365
-0.265263
-0.194349
-0.194676
-0.030799
0.117976
0.239529
0.264158
0.189437
0.226414
0.243850
0.217307
0.229694
0.202312
0.214760
0.222641
0.197969
0.155990
0.128409
0.102980
0.006991
-0.079800
0.005530
0.063130
0.136985
0.179845
0.092831
0.035579
-0.020950
-0.117391
-0.239636
-0.106599
-0.113911
-0.177746
-0.226274
-0.264603
-0.158694
-0.002961
-0.013593
-0.048688
-0.132793
-0.206659
0.016561
0.066505
0.168890
0.259027
0.235402
0.178069
0.134496
0.025016
0.009367
-0.072088
-0.109105
-0.108082
-0.114199
0.049894
0.241282
0.319989
0.205176
0.098342
-0.065868
-0.151662
-0.128291
-0.157275
-0.070543
-0.006478
0.102244
0.085570
-0.006461
-0.149116
-0.188562
-0.161462
-0.156149
-0.187718
-0.178229
-0.192089
-0.166300
-0.112430
-0.132573
-0.121608
-0.161735
-0.238992
-0.085597
-0.036865
0.090589
0.196113
0.284833
0.225493
0.144273
0.124732
0.102236
0.076192
0.045451
0.033814
0.043753
0.038192
0.017019
-0.014923
-0.041702
-0.002002
-0.083016
-0.182885
-0.046053
-0.037160
0.054276
0.136169
0.157988
0.079071
0.000806
-0.025902
-0.048876
0.030771
0.011131
-0.050580
-0.064580
-0.073350
-0.098527
-0.110048
-0.112364
-0.014880
-0.088067
-0.197467
0.018807
0.034778
0.147444
0.224657
0.289369
0.201064
0.112050
0.063759
0.041769
0.035763
0.001315
-0.032100
-0.025831
-0.045131
-0.076505
-0.100419
-0.157576
-0.133541
-0.165545
-0.239949
-0.066564
-0.008779
0.085524
0.179531
0.228879
0.164567
0.096951
0.030027
0.019917
0.032632
0.016692
-0.016444
-0.015491
-0.037806
-0.056837
-0.052543
-0.093884
-0.117025
-0.195246
-0.267376
-0.164962
-0.148809
0.001732
0.127843
0.211054
0.151592
0.066685
0.069700
0.038323
0.081030
0.042830
0.020544
0.024236
0.010431
-0.016862
-0.042289
-0.121671
-0.045521
-0.112693
-0.202914
-0.066608
-0.040128
0.073554
0.157096
0.180217
0.102929
0.031091
0.013495
-0.008280
0.060280
0.041265
-0.008634
-0.013082
-0.028351
-0.061376
-0.074139
-0.131608
-0.023302
-0.100052
-0.199042
-0.026969
0.001001
0.118376
0.204928
0.274196
0.185446
0.091800
0.055429
0.033629
0.044244
0.017875
-0.015665
-0.006660
-0.021497
-0.059856
-0.096070
-0.172607
-0.053726
-0.096264
-0.178405
-0.017386
0.030232
0.129869
0.018342
0.128384
0.158480
0.237888
0.296018
0.362139
0.423938
0.437011
0.467951
0.511126
0.575039
0.657367
0.688563
0.702205
0.704572
0.630003
0.560247
0.479023
0.322900
0.266973
0.133898
0.045827
-0.048476
-0.108803
-0.163087
-0.224659
-0.285196
-0.380146
-0.480169
-0.641629
-0.765617
-0.522601
-0.451745
-0.297825
-0.149773
-0.052919
-0.097781
-0.055461
0.049862
0.127307
0.259246
0.228528
0.136840
0.082260
0.021956
-0.050984
-0.124621
-0.232148
-0.321341
-0.319688
-0.421828
-0.276273
-0.226319
-0.114030
0.011824
0.027864
-0.021987
-0.001177
0.155374
0.229706
0.322508
0.292145
0.204542
0.160389
0.098444
0.021391
-0.061463
-0.169951
-0.254410
-0.312841
-0.423121
-0.286849
-0.227100
-0.101734
0.025063
0.020751
-0.034872
-0.016091
0.139666
0.217672
0.351045
0.326464
0.239122
0.196757
0.132099
0.054280
-0.025764
-0.134526
-0.220979
-0.262356
-0.367433
-0.237788
-0.185202
-0.075481
0.042406
0.016175
-0.038757
-0.004933
0.165583
0.236044
0.297743
0.266728
0.184373
0.144720
0.082091
0.004936
-0.080855
-0.192650
-0.277773
-0.342830
-0.452796
-0.306626
-0.255507
-0.147532
-0.006731
0.021370
-0.034446
0.035601
0.185344
0.257338
0.321259
0.294790
0.224573
0.185372
0.120684
0.046536
-0.026636
-0.140097
-0.242499
-0.245646
-0.336255
-0.198384
-0.146878
-0.019298
0.098474
0.078326
0.043085
0.053975
0.206849
0.198797
0.267473
0.236120
