-0.008729
0.102063
0.200178
0.291225
0.381821
0.469646
0.546107
0.614331
0.716293
0.819184
0.973526
1.127718
1.282754
1.431772
1.564706
1.625471
1.627281
1.638381
1.644104
1.643538
1.635544
1.631936
1.622158
1.604591
1.595981
1.599302
1.618581
1.651225
1.648591
1.661534
1.681562
1.746650
1.863826
2.026363
2.183252
2.225204
2.193439
2.110177
1.994087
2.029550
1.899060
1.889035
1.874052
1.860225
1.843970
1.831491
1.834283
1.840403
1.807189
1.787173
1.843110
1.928432
2.053816
2.254349
2.459342
2.601068
2.618557
2.599159
2.557985
2.584391
2.487438
2.453871
2.435346
2.437372
2.431997
2.420037
2.428203
2.456877
2.447523
2.419345
2.458801
2.501183
2.604615
2.755309
2.902394
3.042607
3.046341
2.973530
2.814421
2.842697
2.683289
2.664772
2.645496
2.644546
2.624768
2.592453
2.588553
2.589256
2.583664
2.560653
2.598187
2.643480
2.741445
2.884553
3.030473
3.073687
3.046599
2.973405
2.825322
2.843511
2.708199
2.685583
2.662346
2.656329
2.642222
2.614217
2.612131
2.614316
2.605811
2.571059
2.605276
2.681486
2.781078
2.937556
3.088178
3.085916
3.057331
2.992393
2.859079
2.869802
2.716595
2.691328
2.662267
2.652576
2.632300
2.603528
2.598996
2.607264
2.603534
2.552541
2.588015
2.661739
2.758584
2.911272
3.064265
3.064199
3.040836
2.995806
2.859369
2.866419
2.716419
2.689560
2.658876
2.646805
2.623219
2.586214
2.584473
2.592813
2.589704
2.544873
2.589807
2.663882
2.752849
2.902228
3.063441
3.135511
3.096344
3.030644
2.913180
2.919982
2.786492
2.762535
2.733586
2.718946
2.695769
2.667614
2.657522
2.661486
2.605808
2.563856
2.599334
2.676479
2.786885
2.969504
3.103073
3.077253
3.059039
3.043217
3.020203
2.906921
2.742579
2.723520
2.695508
2.675807
2.644653
2.601186
2.586334
2.605776
2.606646
2.581523
2.621204
2.696640
2.778733
2.911835
3.055859
3.126562
3.088453
3.022818
2.914136
2.925818
2.808279
2.779564
2.743989
2.726898
2.704026
2.677053
2.668191
2.665371
2.607061
2.558777
2.592189
2.670564
2.780727
2.970631
3.126636
3.098115
3.069969
3.050455
3.080931
2.924862
2.760497
2.739945
2.717870
2.692721
2.662905
2.628544
2.615784
2.631810
2.631207
2.563082
2.603577
2.651526
2.730696
2.870023
3.030460
3.122920
3.088444
3.024894
2.928900
2.941877
2.834964
2.812594
2.773525
2.742270
2.712730
2.689230
2.679842
2.671390
2.597281
2.548841
2.581669
2.657055
2.767334
2.950427
3.108231
3.089855
3.056977
3.031489
3.018418
2.889883
2.743302
2.720272
2.698531
2.669674
2.640434
2.622279
2.620443
2.640164
2.573065
2.525585
2.561383
2.615279
2.716457
2.883713
3.033676
3.031729
3.008594
2.988941
2.951730
2.945951
2.807111
2.779806
2.734488
2.701588
2.676731
2.656303
2.649716
2.658190
2.632688
2.565137
2.602424
2.673509
2.766293
2.939528
3.128342
3.136238
3.107803
3.087363
3.047054
2.941047
2.803630
2.779604
2.737126
2.708510
2.687119
2.667320
2.652751
2.663995
2.652016
2.573507
2.606171
2.679030
2.769081
2.947511
3.143131
3.196208
3.162170
3.144996
3.044395
2.976914
2.834601
2.809452
2.766621
2.735079
2.707859
2.683801
2.673996
2.678820
2.592574
2.542169
2.577450
2.665443
2.760298
2.954316
3.147466
3.165525
3.129623
3.107003
3.052166
2.911558
2.779153
2.762803
2.724233
2.695444
2.677709
2.659513
2.646543
2.595922
2.540481
2.511898
2.546600
2.650095
2.762894
2.940095
3.026377
3.005016
2.987509
2.963890
2.983630
2.939696
2.811409
2.782842
2.744400
2.714368
2.685671
2.650746
2.639819
2.662975
2.685342
2.629795
2.663858
2.698236
2.771478
2.934011
3.125901
3.264048
3.234324
3.128374
3.020139
3.036877
2.915146
2.892267
2.862788
2.836528
2.809083
2.789413
2.791239
2.716720
2.656902
2.621141
2.660268
2.744152
2.860490
3.046229
3.155295
3.128647
3.100274
3.074371
3.105085
2.984605
2.858128
2.829542
2.803262
2.774259
2.757526
2.732825
2.713776
2.730800
2.722147
2.650567
2.700492
2.730543
2.821111
2.979661
3.152326
3.232069
3.206334
3.188864
3.090947
3.076349
2.991257
2.966065
2.922878
2.891091
2.868356
2.852597
2.844716
2.843509
2.830261
2.757168
2.780833
2.814680
2.898914
3.067836
3.267287
3.327287
3.297228
3.264983
3.214389
3.124111
2.966163
2.938276
2.896737
2.869396
2.841954
2.821585
2.807537
2.818636
2.773925
2.704178
2.740777
2.815095
2.902540
3.081254
3.277247
3.333848
3.301965
3.274006
3.224713
3.152700
3.006194
2.976539
2.930523
2.900169
2.873119
2.853535
2.834951
2.785250
2.733675
2.692236
2.723832
2.806385
2.902454
3.088805
3.279952
3.307873
3.277728
3.270752
3.175828
3.092643
2.963973
2.939245
2.892571
2.859674
2.838034
2.819966
2.805376
2.766956
2.714295
2.670582
2.706859
2.800539
2.899119
3.082858
3.228192
3.221007
3.196301
3.169596
3.217935
3.120919
2.988840
2.958040
2.925634
2.896183
2.876561
2.843430
2.828662
2.843346
2.868119
2.799548
2.833642
2.865619
2.943770
3.090549
3.270504
3.398380
3.379235
3.307261
3.201188
3.204268
3.104097
3.083976
3.043341
3.006343
2.982517
2.966004
2.964629
2.950637
2.860402
2.809319
2.840869
2.916590
3.018914
3.187488
3.351447
3.352417
3.325109
3.302721
3.333805
3.220536
3.066295
3.037102
3.005119
2.979256
2.961784
2.937376
2.916101
2.930953
2.930796
2.867869
2.906584
2.942518
3.021854
3.165262
3.328968
3.396721
3.377769
3.367525
3.259215
3.244873
3.152565
3.122095
3.076653
3.047382
3.032342
3.016759
3.012628
3.015893
3.014585
2.962193
2.982844
2.987995
3.022868
3.174491
3.367945
3.510569
3.477350
3.450266
3.327519
3.296392
3.114527
3.064553
3.028214
3.013204
2.979185
2.957267
2.862206
2.807601
2.801717
2.778315
2.791148
2.879401
2.975166
3.170365
3.329558
3.335974
3.322435
3.289769
3.288366
3.212334
3.086979
3.036923
3.002385
2.973433
2.971955
2.959888
2.960189
2.979355
2.930491
2.877291
2.894246
2.925975
3.017164
3.186123
3.356260
3.363688
3.346074
3.331049
3.328912
3.301417
3.180395
3.127520
3.083921
3.056609
3.044323
3.033788
3.024363
3.042553
3.041341
2.965026
2.979619
3.055584
3.114848
3.257951
3.425190
3.557266
3.541532
3.520701
3.404445
3.370498
3.226652
3.174575
3.131250
3.113110
3.093902
3.078804
3.065267
3.071660
3.040710
2.965025
2.985768
3.062418
3.139878
3.309571
3.503357
3.553966
3.531276
3.503420
3.487178
3.413632
3.258202
3.203312
3.162763
3.135395
3.113976
3.098545
3.084901
3.071131
3.004831
2.958610
2.974374
3.041257
3.116361
3.261697
3.443531
3.585031
3.572342
3.537274
3.428196
3.394495
3.254603
3.206644
3.161067
3.134907
3.112994
3.095766
3.086323
3.027226
2.974742
2.935391
2.948939
3.035415
3.125608
3.305942
3.487075
3.494295
3.472887
3.447495
3.443806
3.339446
3.210549
3.161181
3.123919
3.098158
3.097359
3.084425
3.079139
3.088133
3.109329
3.024303
3.040167
3.083254
3.156678
3.303768
3.473942
3.598449
3.587207
3.554752
3.444941
3.414534
3.320320
3.273473
3.228156
3.199165
3.179149
3.162723
3.154913
3.115417
3.053775
3.013757
3.022906
3.093740
3.175249
3.326766
3.508639
3.587198
3.574957
3.552723
3.506875
3.456306
3.303469
3.246469
3.197365
3.163485
3.153389
3.144216
3.137413
3.122963
3.052963
3.004411
3.022861
3.092412
3.174636
3.350084
3.521961
3.531843
3.521823
3.504265
3.473747
3.457312
3.325910
3.272475
3.219830
3.192076
3.193393
3.182774
3.175968
3.181713
3.181292
3.112320
3.122066
3.186814
3.246635
3.390993
3.564897
3.674380
3.661843
3.630026
3.519664
3.485554
3.389373
3.340343
3.294622
3.274043
3.256419
3.240751
3.230676
3.239089
3.165362
3.109163
3.119351
3.201959
3.271348
3.417814
3.593826
3.681165
3.669579
3.629893
3.577669
3.547145
3.414060
3.357874
3.310087
3.289948
3.276458
3.261992
3.250968
3.250862
3.214397
3.149682
3.159442
3.244127
3.312932
3.463365
3.643887
3.743792
3.728167
3.679651
3.623674
3.589749
3.449245
3.398533
3.354500
3.333952
3.317727
3.294963
3.279758
3.276906
3.268603
3.183428
3.193229
3.276594
3.339626
3.481579
3.656756
3.765094
3.741430
3.690459
3.630518
3.590567
3.487220
3.433061
3.388751
3.371643
3.351450
3.321833
3.302959
3.298303
3.268536
3.188927
3.196503
3.276337
3.340459
3.490086
3.675240
3.786417
3.762381
3.709821
3.666089
3.618427
3.495227
3.447414
3.407318
3.397042
3.366043
3.335954
3.320308
3.324764
3.349345
3.263360
3.272653
3.315062
3.369098
3.499347
3.676645
3.828235
3.844073
3.785503
3.664643
3.670416
3.562816
3.501414
3.449544
3.424053
3.409025
3.382396
3.315427
3.171164
3.167269
3.141969
3.146776
3.232901
3.346482
3.511154
3.592760
3.594908
3.593029
3.548029
3.576487
3.514566
3.390731
3.341942
3.303031
3.274263
3.237482
3.201418
3.202025
3.219927
3.260991
3.212682
3.209937
3.250176
3.323287
3.463261
3.630062
3.799573
3.820509
3.771694
3.729893
3.719614
3.607811
3.548792
3.506501
3.487448
3.472909
3.444165
3.428887
3.413244
3.421098
3.316108
3.326686
3.378400
3.449939
3.566750
3.716526
3.844676
3.838025
3.779997
3.745794
3.731254
3.681183
3.610178
3.565123
3.548352
3.521297
3.488682
3.468351
3.462624
3.480926
3.385418
3.388006
3.458186
3.521042
3.647269
3.799307
3.898296
3.881984
3.822240
3.855180
3.765960
3.671975
3.613999
3.566083
3.551793
3.493009
3.435813
3.417867
3.428558
3.460490
3.404510
3.395133
3.476342
3.535132
3.670936
3.831857
3.961597
3.961357
3.899226
3.857348
3.804331
3.695418
3.628971
3.581787
3.549426
3.526390
3.478802
3.449624
3.444163
3.463045
3.373195
3.370217
3.414827
3.488424
3.600253
3.750003
3.904099
3.910927
3.850114
3.811386
3.783525
3.738669
3.704552
3.659839
3.631894
3.563841
3.501407
3.487481
3.481244
3.510950
3.440700
3.424534
3.478224
3.552495
3.686636
3.850911
3.982073
3.969260
3.911352
3.922358
3.857711
3.781564
3.715666
3.665439
3.625262
3.549237
3.476609
3.468406
3.472459
3.502570
3.443082
3.427921
3.483012
3.557580
3.685015
3.849030
3.986649
3.980098
3.918761
3.885008
3.840104
3.768750
3.707210
3.659473
3.625215
3.549749
3.479894
3.475151
3.477532
3.505401
3.442796
3.432152
3.463460
3.542349
3.671007
3.841791
3.981596
3.977457
3.922304
3.933660
3.893785
3.840353
3.773106
3.724949
3.662071
3.569437
3.493732
3.489030
3.490736
3.519230
3.462611
3.443642
3.485120
3.565778
3.698492
3.871705
3.996313
3.987520
3.929881
3.911249
3.914183
3.845816
3.772667
3.721935
3.680155
3.610329
3.535717
3.519764
3.530429
3.560324
3.487989
3.472688
3.527086
3.603977
3.724076
3.875687
4.026637
4.033326
3.973330
4.002174
3.925342
3.881193
3.812631
3.762202
3.709535
3.622878
3.539732
3.534800
3.533093
3.567522
3.516637
3.500004
3.558188
3.638217
3.770258
3.936678
4.062840
4.059936
3.999704
3.985099
3.973152
3.905664
3.839141
3.789006
3.720771
3.625290
3.543809
3.552450
3.552367
3.586818
3.546622
3.526500
3.567470
3.641959
3.760576
3.913347
4.038896
4.039624
3.983264
3.963646
3.971489
3.930222
3.881729
3.834169
3.775777
3.661698
3.571032
3.577919
3.582542
3.609428
3.553671
3.541776
3.603270
3.679386
3.807381
3.952764
4.060506
4.060564
4.005102
4.018559
3.999879
3.957277
3.931231
3.873857
3.775167
3.680779
3.599606
3.588960
3.590091
3.628853
3.598072
3.572913
3.617741
3.666998
3.798805
3.959615
4.080945
4.093710
4.038826
4.038346
4.076124
3.968416
3.899984
3.849546
3.795470
3.697704
3.603216
3.577389
3.590896
3.619012
3.569670
3.545384
3.594456
3.668905
3.788002
3.941638
4.101771
4.112219
4.094644
4.086569
4.060927
4.002811
3.919854
3.870789
3.803577
3.704811
3.617328
3.619728
3.626270
3.653351
3.604394
3.579769
3.609774
3.689912
3.813179
3.974936
4.130859
4.149106
4.133542
4.108957
4.119301
4.055152
3.970893
3.917743
3.847012
3.739884
3.647307
3.654039
3.657391
3.686732
3.636360
3.608676
3.630410
3.718701
3.822820
3.971124
4.110745
4.119977
4.108076
4.075189
4.123656
4.024125
3.996921
3.937782
3.831755
3.723857
3.634075
3.621061
3.623115
3.657668
3.622625
3.600283
3.658197
3.715790
3.856425
4.040920
4.145574
4.153691
4.138549
4.105437
4.124021
4.032042
3.944005
3.897544
3.850153
3.755747
3.672080
3.626015
3.654662
3.675882
3.639879
3.611187
3.663990
3.732830
3.844245
3.998462
4.178978
4.224660
4.209787
4.181574
4.198051
4.137589
4.027681
3.979286
3.885095
3.762671
3.663161
3.660925
3.670208
3.691203
3.648898
3.628719
3.610714
3.677729
3.796114
3.953961
4.118696
4.173897
4.163134
4.132109
4.134004
4.066442
4.013880
3.966147
3.915044
3.826596
3.745676
3.741277
3.754675
3.775842
3.716051
3.683795
3.730650
3.829277
3.935135
4.081521
4.208234
4.230376
4.215485
4.180308
4.227660
4.160782
4.104520
4.049406
3.946320
3.831816
3.736779
3.738482
3.746213
3.770404
3.742185
3.720081
3.728768
3.779473
3.887259
4.031346
4.167295
4.195919
4.188244
4.150136
4.204865
4.132838
4.103838
4.050135
3.946363
3.837387
3.749453
3.734278
3.743277
3.771769
3.735260
3.705555
3.785863
3.853751
3.983827
4.148427
4.252849
4.270856
4.259057
4.218143
4.239366
4.205927
4.105500
4.051333
3.995329
3.895459
3.801046
3.755685
3.780078
3.797426
3.791568
3.760749
3.796210
3.846982
3.953604
4.095709
4.271492
4.337860
4.324562
4.296996
4.302768
4.197016
4.111489
4.056754
3.966541
3.838944
3.753996
3.728798
3.750917
3.768018
3.749356
3.724335
3.729136
3.810311
3.930189
4.081758
4.259929
4.326679
4.312978
4.269990
4.279319
4.237183
4.164001
4.110147
4.046162
3.931915
3.835451
3.800638
3.823592
3.831671
3.779647
3.755291
3.706006
3.784824
3.907242
4.071127
4.247279
4.270904
4.268484
4.227162
4.239348
4.185686
4.089626
4.037217
3.975310
3.874584
3.780843
3.742464
3.769695
3.784615
3.772441
3.745926
3.785920
3.843729
3.975524
4.140449
4.321962
4.378284
4.367228
4.323236
4.334351
4.224734
4.126665
4.071595
4.018681
3.924442
3.826394
3.766454
3.782379
3.797534
3.755480
3.728183
3.693046
3.750803
3.871084
4.028681
4.205373
4.242441
4.252091
4.214447
4.218076
4.131688
4.065453
4.020828
3.976653
3.912655
3.847470
3.780998
3.815896
3.825984
3.825209
3.794873
3.861880
3.916283
4.031961
4.180909
4.356573
4.439510
4.433161
4.391648
4.412177
4.280168
4.199529
4.149848
4.059129
3.910220
3.829490
3.770142
3.790480
3.807173
3.798305
3.771793
3.791860
3.876288
4.010042
4.165003
4.335048
4.410253
4.400128
4.359594
4.375616
4.333951
4.230702
4.177932
4.098502
3.965186
3.867436
3.819850
3.853471
3.857998
3.814151
3.781448
3.721663
3.811348
3.951741
4.119731
4.306597
4.371305
4.370592
4.331766
4.308123
4.273530
4.176968
4.124788
4.071784
3.993662
3.917524
3.849534
3.872405
3.882282
3.848324
3.817231
3.880842
3.936530
4.047551
4.213263
4.379873
4.412198
4.412720
4.368642
4.404417
4.324359
4.236771
4.184842
4.065291
3.940662
3.814822
3.748488
3.785203
3.802574
3.809565
3.789724
3.755715
3.777041
3.951091
4.092322
4.205267
4.258804
4.299438
4.261169
4.305939
4.188267
4.105366
4.059359
3.947427
3.820121
3.739154
3.698148
3.722550
3.739430
3.690251
3.672036
3.770582
3.850622
3.990719
4.124238
4.249786
4.301073
4.306607
4.243617
4.196078
4.080588
3.961545
3.911718
3.872376
3.770347
3.635682
3.603369
3.627995
3.666005
3.646315
3.621243
3.729731
3.810994
3.954946
4.075257
4.175322
4.230050
4.259808
4.223766
4.215842
4.146441
4.052857
3.992773
3.876957
3.700063
3.594101
3.554309
3.583432
3.622516
3.604134
3.578892
3.663403
3.734067
3.859496
3.970770
4.047493
4.052575
4.106998
4.053629
4.100417
3.993046
3.920538
3.872334
3.781447
3.672005
3.576821
3.558217
3.590380
3.620663
3.557216
3.544089
3.619921
3.699114
3.835122
3.961962
4.065144
4.122547
4.164283
4.148519
4.133390
4.006105
3.925177
3.880490
3.786687
3.676367
3.623208
3.596940
3.618239
3.645950
3.610827
3.598799
3.681544
3.761693
3.893780
4.012052
4.107425
4.152981
4.193743
4.167878
4.164557
4.040996
3.943794
3.893624
3.797494
3.685544
3.603069
3.567433
3.603975
3.633542
3.567750
3.549978
3.664567
3.737787
3.865271
3.972012
4.066998
4.093010
4.149533
4.115327
4.093250
3.956649
3.868040
3.811710
3.723029
3.618885
3.559587
3.525704
3.546967
3.578593
3.532776
3.515654
3.603878
3.679162
3.801523
3.913981
3.992083
3.998301
4.045217
3.974758
4.011213
3.872849
3.798852
3.756822
3.676968
3.565197
3.468009
3.481698
3.529285
3.555928
3.485183
3.477741
3.509537
3.574660
3.686694
3.796250
3.839816
3.835224
3.861435
3.814401
3.801507
3.692735
3.620866
3.573597
3.497280
3.376337
3.330616
3.319356
3.367994
3.388126
3.355011
3.312089
3.500220
3.520890
3.610025
3.664565
3.633153
3.475839
3.455108
3.481318
3.394449
3.335391
3.325383
3.245110
-0.036671
-0.196676
-0.061379
0.026182
0.107067
0.182332
0.251659
0.314061
0.375675
0.424746
0.004883
0.056573
0.157474
0.249674
0.333926
0.420626
0.506624
0.590363
0.660460
0.713749
0.771811
0.849230
0.996098
1.145580
1.296091
1.443645
1.577923
1.671989
1.698758
1.710703
1.718124
1.724005
1.726639
1.707325
1.697985
1.677126
1.663373
1.665514
1.689477
1.744733
1.768105
1.772468
1.764437
1.821235
1.908997
2.083034
2.262169
2.332049
2.312334
2.291519
2.233086
2.222783
2.124061
2.065680
2.055369
2.045984
2.037635
2.092814
2.102192
2.180380
2.257059
2.289925
2.329741
2.428647
2.534344
2.615829
2.731799
2.812484
2.846815
2.880601
2.858561
2.809516
2.789450
2.822200
2.791805
2.730759
2.709127
2.692091
2.711467
2.744107
2.792301
2.854495
2.865396
2.761783
2.802255
2.856668
2.964841
3.135892
3.236451
3.292403
3.351389
3.355895
3.353374
3.296029
3.273713
3.226103
3.184257
3.159519
3.176368
3.203374
3.305639
3.302283
3.272440
3.350099
3.430830
3.504862
3.560436
3.675030
3.803777
3.840014
3.833026
3.757432
3.722153
3.692515
3.643951
3.592914
3.536620
3.471538
3.455369
3.468721
3.491899
3.533273
3.545121
3.516827
3.538996
3.597042
3.692899
3.815494
3.926702
3.941708
3.965098
3.914235
3.874012
3.832005
3.701198
3.593933
3.504585
3.444011
3.430902
3.416032
3.417097
3.464329
3.448954
3.430286
3.415758
3.508657
3.613961
3.736844
3.846131
3.892409
3.918232
3.834003
3.777287
3.758641
3.662405
3.597506
3.533373
3.483588
3.465793
3.454037
3.458319
3.503268
3.476433
3.468055
3.466506
3.570697
3.661692
3.775591
3.867044
3.858517
3.858405
3.799368
3.766332
3.748544
3.671610
3.610920
3.542949
3.485338
3.442302
3.427025
3.443513
3.480451
3.450828
3.425646
3.420124
3.543206
3.604541
3.683120
3.717239
3.726153
3.708121
3.706357
3.674274
3.623825
3.545934
3.511824
3.450349
3.397189
3.365758
3.355640
3.388994
3.428576
3.433648
3.408886
3.420285
3.484348
3.558645
3.523597
3.583344
3.601452
3.604682
3.642168
3.604937
3.579571
3.480165
3.415210
3.366942
3.296087
3.209259
3.138010
3.114837
3.118737
3.147820
3.151288
3.125691
3.119971
3.034609
2.992176
2.992018
2.970150
3.030656
-0.042225
-0.054947
0.046907
0.136538
0.217766
0.299601
0.380746
0.460299
0.519594
0.596459
0.682384
0.816379
0.984055
1.151784
1.308457
1.458463
1.600773
1.732527
1.855770
1.941583
1.971966
1.977773
1.968129
1.962598
1.938186
1.907021
1.870452
1.848513
1.869831
1.900285
1.928752
1.953639
1.980303
2.006829
2.028611
2.037041
2.132306
2.170269
2.196847
2.343710
2.455241
2.509631
2.576272
2.639126
2.681831
2.662595
2.654550
2.669963
2.683404
2.717765
2.775557
2.764344
2.738434
2.768992
2.708511
2.595865
2.575388
2.531375
2.552362
2.493527
2.451264
2.448436
2.377099
2.373659
2.373260
2.369941
2.354463
-0.013596
-0.069539
0.031587
0.120565
0.200146
0.284240
0.362065
0.437458
0.511688
0.583494
0.653047
0.723204
0.791713
0.858603
0.922865
0.985121
1.043719
1.099574
1.150628
1.197757
1.245812
1.291380
1.317034
1.339474
1.349748
1.347725
1.343319
1.339648
1.334108
1.322468
1.306403
1.316049
1.306370
1.270615
1.145003
1.006480
0.855468
0.721152
0.614139
-0.020389
-0.127790
-0.012211
0.075669
0.153637
0.233352
0.312081
0.387132
0.479274
0.562579
0.648297
0.796870
0.960945
1.116086
1.271243
1.421545
1.578116
1.738500
1.886286
1.967561
2.083366
2.126466
2.039548
2.032213
2.024072
2.014504
1.979979
1.921677
1.898650
1.879908
1.887617
1.896466
1.901370
1.900992
1.893881
1.878450
1.864678
1.864852
1.925738
1.925806
1.911832
1.905191
1.929613
1.963747
1.920644
1.995334
2.167338
2.324155
2.465747
2.563300
2.670717
2.740123
2.688342
2.591271
-0.015927
-0.018559
0.102005
0.196471
0.280663
0.368335
0.450102
0.532280
0.614468
0.689563
0.783534
0.869478
1.020416
1.174834
1.327728
1.471672
1.660611
1.716148
1.807045
1.924073
2.039732
2.093570
2.041238
1.952868
1.969339
1.977141
1.974986
1.959304
1.927717
1.902115
-0.008340
-0.029429
0.072177
0.167527
0.253110
0.338075
0.420714
0.501164
0.580614
0.658670
0.736148
0.812933
0.889314
0.965435
1.040893
1.115954
1.188240
1.259282
1.325884
1.387934
1.441589
1.493254
1.536648
1.563511
1.575184
1.572579
1.560000
1.540220
1.516196
1.483904
1.457629
1.419250
1.410520
1.394916
1.379883
1.371339
1.364869
1.393107
1.414109
-0.010646
-0.033460
0.077287
0.167353
0.247507
0.329726
0.409547
0.488354
0.565980
0.642962
0.719314
0.795065
0.870628
0.945324
1.019655
1.091934
1.163573
1.232293
1.300653
1.364789
1.429566
1.489310
1.534904
1.555021
1.546199
1.519136
1.489636
1.469305
1.448191
1.428733
1.408822
1.380062
1.290428
1.243453
1.164730
1.051444
0.978984
0.952585
0.960287
1.077825
1.100244
1.026741
0.976708
-0.053547
-0.248906
-0.150362
-0.064311
0.012688
0.088563
0.162869
0.235172
0.305559
0.374249
0.442241
0.509645
0.576469
0.642670
0.708330
0.773366
0.837800
0.901452
0.967974
1.046714
1.121057
1.172283
1.184373
1.160993
1.107802
1.076582
1.046348
1.032533
1.024502
1.017989
1.009775
0.996753
0.975143
0.940714
0.949206
0.873811
0.944681
0.977225
0.953009
0.870053
0.818976
-0.030583
-0.171377
-0.073862
0.014028
0.089058
0.161698
0.236462
0.335426
0.472148
0.586920
0.667344
0.766397
0.909956
1.070167
1.246934
1.265544
1.284128
1.301089
1.319318
1.334706
1.350059
1.360655
1.363438
1.377363
1.398769
1.417809
1.414930
1.380361
1.338218
1.244375
1.290231
1.242737
-0.018977
-0.041808
0.060066
0.150332
0.231445
0.310398
0.387608
0.462040
0.534071
0.604408
0.677315
0.767735
0.873998
0.931481
1.025879
1.160195
1.306255
1.435095
1.527397
1.587221
1.643536
1.651773
1.671724
1.669420
1.673377
1.683492
1.719334
1.650604
1.594883
1.565737
1.541588
1.553029
1.565653
1.589895
1.591335
1.571539
1.565367
1.583636
1.607764
1.709535
1.798384
1.873942
1.938243
1.985967
2.054065
2.097087
2.140815
2.172850
2.178767
2.157662
2.120932
2.069289
1.978432
1.839069
-0.046499
-0.131872
-0.032307
0.056208
0.136291
0.218608
0.299854
0.381113
0.462091
0.542513
0.622445
0.702727
0.784134
0.866547
0.949904
1.033798
1.118079
1.201851
1.282932
1.362620
1.443219
1.506182
1.534572
1.518878
1.473889
1.430249
1.407602
1.381647
1.369904
1.345525
1.306819
1.242138
1.174207
1.206698
1.200282
1.174844
1.108081
0.975188
0.855182
0.778629
0.790069
0.873538
0.858075
-0.004238
0.057618
0.167970
0.255373
0.333819
0.414342
0.494072
0.572479
0.624167
0.672673
0.768401
0.892867
1.055235
1.206970
1.346592
1.490724
1.633161
1.766365
1.892077
1.977621
2.019174
2.019452
2.018180
2.021970
1.996570
1.947614
1.906982
1.904325
1.921212
1.951489
2.009450
2.054138
2.071907
2.060102
2.090046
2.077259
2.159546
2.284621
2.406628
2.478096
2.513075
2.528450
2.519150
2.498655
2.467769
-0.013161
-0.045693
0.075236
0.165497
0.247132
0.330437
0.413768
0.495186
0.556341
0.616757
0.709006
0.827980
0.990879
1.155664
1.309775
1.460581
1.601158
1.734451
1.849301
1.912770
1.919488
1.923372
1.913865
1.918953
1.888073
1.862280
1.831377
1.818083
1.830058
1.860469
1.926226
1.950372
1.972532
1.978867
2.000740
2.077931
2.204880
2.350527
2.447520
2.458099
2.460957
2.481657
2.503266
2.450834
2.376599
2.344977
2.341582
2.337850
2.323270
2.321711
2.346238
2.371233
2.326592
2.327602
2.377209
2.463881
2.588439
2.730721
2.882713
2.937533
2.884489
2.703061
2.713138
2.571325
2.514557
2.498817
2.494272
2.486229
2.473933
2.472588
2.471771
2.475108
2.401248
2.397135
2.484324
2.591155
2.767890
2.919691
2.896501
2.875132
2.863340
2.723579
2.685687
2.560399
2.499558
2.476539
2.467846
2.454315
2.431426
2.423651
2.431312
2.447467
2.413987
2.420584
2.496851
2.582172
2.715161
2.855263
2.938588
2.913177
2.888267
2.707357
2.709916
2.573315
2.513653
2.496863
2.491416
2.482774
2.468942
2.464850
2.466452
2.474433
2.378571
2.373717
2.463015
2.573989
2.757335
2.910360
2.887365
2.866405
2.855198
2.762120
2.716062
2.537251
2.478383
2.456628
2.442954
2.424901
2.403189
2.395199
2.407453
2.430609
2.376138
2.378428
2.460842
2.543454
2.692743
2.855554
2.923518
2.899290
2.874276
2.739311
2.729246
2.587470
2.528148
2.505566
2.494062
2.478354
2.456417
2.446541
2.443985
2.452753
2.368305
2.372397
2.453808
2.549570
2.708773
2.881725
2.889561
2.864067
2.845261
2.752621
2.710840
2.551548
2.492635
2.467474
2.449656
2.428515
2.401482
2.387912
2.390672
2.407593
2.337300
2.347472
2.428431
2.509975
2.654304
2.821554
2.899823
2.867768
2.849688
2.753792
2.727389
2.579779
2.521021
2.494313
2.472917
2.448369
2.416863
2.396539
2.388581
2.401022
2.312980
2.326329
2.410101
2.495240
2.650324
2.830566
2.858016
2.824610
2.807220
2.763537
2.720294
2.524211
2.464339
2.439236
2.414951
2.390305
2.359547
2.339549
2.339742
2.358347
2.271231
2.284031
2.370979
2.450534
2.604728
2.790596
2.849854
2.809662
2.793347
2.757993
2.677888
2.498137
2.441121
2.418570
2.391679
2.367153
2.336855
2.317316
2.318064
2.335737
2.230094
2.245951
2.338999
2.420069
2.583648
2.776509
2.816899
2.773713
2.758698
2.730203
2.625362
2.458245
2.407579
2.386770
2.358599
2.335875
2.308162
2.290121
2.290854
2.273663
2.190207
2.206717
2.305656
2.391665
2.567055
2.764838
2.781246
2.737927
2.722624
2.673420
2.577373
2.423102
2.377643
2.355282
2.327019
2.303702
2.275877
2.260024
2.258907
2.266704
2.161396
2.181163
2.279047
2.355998
2.531814
2.736642
2.786508
2.739602
2.722808
2.673048
2.548612
2.401021
2.355682
2.336837
2.309392
2.288565
2.265616
2.256053
2.260484
2.240675
2.154661
2.177290
2.280306
2.365188
2.546373
2.752761
2.782907
2.736117
2.719764
2.665882
2.546002
2.401110
2.357271
2.337709
2.309855
2.289626
2.265522
2.251484
2.252909
2.212442
2.142554
2.162959
2.269989
2.359221
2.554003
2.758681
2.759150
2.715642
2.697929
2.643526
2.550996
2.404726
2.359106
2.338199
2.310574
2.290004
2.265794
2.250394
2.250213
2.222121
2.142259
2.163928
2.267065
2.355274
2.541866
2.752737
2.800215
2.752834
2.733884
2.648990
2.582889
2.428898
2.381409
2.359183
2.333116
2.310594
2.283237
2.267534
2.268243
2.253968
2.169927
2.187213
2.286491
2.367843
2.536155
2.756779
2.865089
2.811232
2.791798
2.748843
2.554476
2.401132
2.355547
2.342982
2.318495
2.298877
2.279224
2.270377
2.281586
2.245342
2.168390
2.187419
2.297978
2.395191
2.570321
2.779551
2.830525
2.780653
2.761822
2.678771
2.586501
2.430597
2.382723
2.359539
2.331491
2.307625
2.278579
2.255634
2.254706
2.203793
2.147048
2.166229
2.278952
2.366521
2.557190
2.760586
2.761700
2.718463
2.703682
2.709441
2.516585
2.366774
2.326471
2.307791
2.281357
2.267902
2.246975
2.232075
2.241373
2.264344
2.207967
2.222556
2.312393
2.374565
2.527272
2.714760
2.886797
2.865803
2.820814
2.659357
2.632639
2.448523
2.399333
2.390239
2.372777
2.346820
2.318996
2.300362
2.255062
2.201958
2.153167
2.173801
2.265537
2.355342
2.542053
2.723811
2.729700
2.688124
2.666387
2.577621
2.460886
2.335039
2.298028
2.285344
2.267307
2.255019
2.242413
2.242298
2.259772
2.241862
2.155464
2.173214
2.273526
2.362272
2.543057
2.746554
2.796309
2.752160
2.728370
2.621451
2.552052
2.408407
2.363614
2.343342
2.314543
2.291174
2.264596
2.256013
2.257859
2.238455
2.157968
2.173349
2.268896
2.343120
2.519247
2.736734
2.829502
2.777570
2.756659
2.628168
2.466384
2.330235
2.292213
2.280192
2.256496
2.241286
2.233020
2.242653
2.262013
2.285139
2.200788
2.212866
2.309848
2.383157
2.540717
2.747699
2.888993
2.832446
2.803573
2.675740
2.548223
2.399194
2.354989
2.338501
2.313414
2.289263
2.263405
2.250867
2.251973
2.217441
2.144747
2.163000
2.266035
2.340322
2.516511
2.724525
2.767279
2.720919
2.699493
2.528101
2.411561
2.293257
2.263184
2.251007
2.229865
2.214807
2.205985
2.219931
2.243737
2.271241
2.201535
2.205029
2.292739
2.361919
2.515373
2.718230
2.887697
2.837458
2.775159
2.632265
2.516306
2.375378
2.333961
2.317027
2.288198
2.261424
2.235744
2.215643
2.214488
2.139984
2.093027
2.110585
2.218876
2.301576
2.479272
2.657916
2.653099
2.612299
2.586876
2.423091
2.354831
2.254994
2.226623
2.187378
2.145250
2.121575
2.119506
2.134444
2.172938
2.207045
2.160684
2.156145
2.245357
2.311315
2.468422
2.664316
2.799011
2.758217
2.681724
2.554956
2.533774
2.407096
2.365284
2.346704
2.316153
2.287763
2.260638
2.243352
2.242678
2.207716
2.134506
2.151714
2.239844
2.318255
2.486804
2.678710
2.709111
2.670232
2.646441
2.531832
2.438584
2.314293
2.278798
2.271125
2.248697
2.233819
2.226842
2.236526
2.257514
2.285599
2.219037
2.223750
2.306934
2.382879
2.529083
2.718961
2.854230
2.810928
2.720541
2.585295
2.562510
2.411917
2.366857
2.350501
2.322530
2.293744
2.267401
2.250013
2.251714
2.200449
2.138350
2.160053
2.255880
2.335602
2.511997
2.696876
2.694312
2.654868
2.632744
2.585782
2.499507
2.359895
2.318878
2.281922
2.245670
2.219845
2.208593
2.212345
2.236846
2.242124
2.163609
2.175264
2.252916
2.330702
2.487032
2.671031
2.786623
2.748245
2.724368
2.611417
2.585768
2.479816
2.431503
2.404889
2.369421
2.340779
2.309845
2.296801
2.292517
2.294620
2.197925
2.215745
2.302572
2.371783
2.537745
2.740191
2.831208
2.780791
2.757235
2.710411
2.526787
2.376858
2.331270
2.315036
2.284502
2.264046
2.244901
2.239694
2.253343
2.214974
2.143842
2.161070
2.260839
2.343283
2.519753
2.722764
2.798499
2.754011
2.734558
2.654832
2.583769
2.428290
2.381957
2.358009
2.325613
2.299767
2.270004
2.251455
2.246856
2.221164
2.146729
2.165271
2.265047
2.339844
2.524132
2.732191
2.796067
2.744452
2.724336
2.689679
2.505785
2.359835
2.322336
2.307784
2.278826
2.259870
2.243237
2.236029
2.240662
2.249362
2.151331
2.168670
2.266585
2.344169
2.520370
2.736362
2.840440
2.785981
2.760458
2.638712
2.597353
2.436100
2.387641
2.367137
2.335952
2.310348
2.279580
2.258670
2.254824
2.197811
2.145116
2.162621
2.271569
2.352019
2.542994
2.755218
2.795039
2.744977
2.725554
2.696532
2.515614
2.368097
2.329364
2.310221
2.281323
2.262857
2.242844
2.226824
2.223542
2.241803
2.169969
2.185078
2.281778
2.348197
2.513803
2.726875
2.874677
2.817258
2.783452
2.671006
2.638861
2.456026
2.400869
2.386648
2.362449
2.335982
2.303821
2.286208
2.263182
2.190061
2.149880
2.162826
2.264630
2.340663
2.527643
2.746075
2.832135
2.780357
2.749880
2.634222
2.439482
2.322576
2.296564
2.285305
2.267825
2.257254
2.249117
2.248236
2.263225
2.225785
2.169070
2.189890
2.300644
2.402645
2.591512
2.752042
2.722679
2.692534
2.675992
2.664787
2.569417
2.411255
2.356697
2.339574
2.309324
2.286928
2.258319
2.227777
2.232952
2.252801
2.201213
2.220333
2.288460
2.367053
2.515294
2.697371
2.845108
2.805612
2.736001
2.586994
2.572584
2.481674
2.430884
2.415706
2.389759
2.364607
2.340519
2.329505
2.324953
2.271505
2.201187
2.208721
2.284760
2.362263
2.525060
2.731118
2.773661
2.726677
2.707755
2.696414
2.528950
2.393889
2.330054
2.318511
2.294283
2.274775
2.258586
2.251610
2.266399
2.231087
2.169097
2.166829
2.258717
2.347046
2.512209
2.709104
2.778364
2.739343
2.718307
2.636092
2.593948
2.459455
2.390879
2.370453
2.337265
2.313809
2.283091
2.262154
2.258471
2.266269
2.174750
2.172850
2.260310
2.333632
2.494030
2.703201
2.805340
2.756077
2.736605
2.710158
2.528488
2.394686
2.335710
2.323464
2.297888
2.282568
2.267373
2.258523
2.266516
2.279839
2.184224
2.187396
2.281149
2.363766
2.523525
2.726599
2.794965
2.751830
2.731130
2.642104
2.596320
2.463318
2.396194
2.375284
2.342772
2.318250
2.289959
2.267749
2.261510
2.276234
2.187844
2.185316
2.273487
2.342199
2.496015
2.704374
2.829127
2.778301
2.757376
2.744504
2.550820
2.410373
2.347268
2.335789
2.308462
2.291408
2.274380
2.266349
2.275140
2.256785
2.181729
2.187801
2.282029
2.368677
2.529475
2.731461
2.787275
2.745059
2.724790
2.666134
2.619163
2.463802
2.392657
2.374538
2.342236
2.321069
2.291409
2.263781
2.256206
2.234041
2.168832
2.169904
2.262569
2.343806
2.506391
2.708721
2.750965
2.709388
2.690252
2.687672
2.600266
2.452245
2.382045
2.365079
2.337187
2.318874
2.292324
2.270376
2.265005
2.265484
2.173290
2.175023
2.267882
2.346193
2.504842
2.714159
2.807185
2.760776
2.736471
2.669404
2.621941
2.477205
2.402908
2.386535
2.355954
2.333320
2.302732
2.278817
2.274081
2.253673
2.186331
2.183432
2.276597
2.351089
2.509286
2.723046
2.838374
2.787878
2.765681
2.728510
2.578124
2.432231
2.366522
2.351923
2.324416
2.304127
2.281248
2.261091
2.262183
2.243689
2.173409
2.178315
2.275954
2.355975
2.515096
2.720777
2.803347
2.757596
2.736855
2.701933
2.597017
2.446757
2.378874
2.362966
2.333085
2.312622
2.287421
2.262353
2.255704
2.247029
2.165699
2.172253
2.268057
2.345735
2.501810
2.705930
2.779538
2.733791
2.712295
2.702908
2.606074
2.454543
2.383799
2.369122
2.339518
2.320611
2.294299
2.273963
2.268783
2.242447
2.165200
2.172164
2.268232
2.351199
2.509740
2.718340
2.793734
2.747515
2.723725
2.679228
2.597106
2.446721
2.377736
2.362239
2.331072
2.310962
2.284635
2.261758
2.256217
2.256959
2.170353
2.172304
2.267450
2.345702
2.500431
2.711792
2.812031
2.763811
2.740618
2.704540
2.588015
2.440272
2.373285
2.357438
2.328316
2.308115
2.285445
2.264775
2.262632
2.279103
2.197399
2.194722
2.288934
2.359165
2.504520
2.714733
2.840961
2.790634
2.766052
2.745442
2.615678
2.459424
2.386644
2.374633
2.345275
2.324095
2.298990
2.279733
2.280775
2.263726
2.187465
2.187933
2.285086
2.373619
2.514377
2.724878
2.841857
2.792576
2.767860
2.728744
2.608940
2.454437
2.386245
2.371887
2.341316
2.321215
2.295937
2.274598
2.271002
2.271062
2.185065
2.190113
2.287133
2.367469
2.517601
2.716213
2.777664
2.733998
2.710522
2.695148
2.587856
2.439562
2.365009
2.350784
2.322657
2.305529
2.283645
2.259481
2.253843
2.268269
2.216753
2.206272
2.293594
2.356843
2.490021
2.689397
2.841764
2.794002
2.759064
2.672810
2.624303
2.478644
2.404255
2.390806
2.362394
2.337152
2.307200
2.286881
2.282459
2.260879
2.187216
2.179688
2.259291
2.329116
2.477265
2.692350
2.834311
2.782800
2.752546
2.738071
2.531562
2.392139
2.329321
2.319357
2.288494
2.268725
2.249718
2.239221
2.250408
2.250506
2.166161
2.159894
2.253699
2.327875
2.478219
2.687088
2.835808
2.787818
2.759980
2.715315
2.560832
2.417149
2.351156
2.339694
2.307641
2.286841
2.266036
2.249655
2.249113
2.206991
2.145288
2.151171
2.251295
2.341535
2.503179
2.702607
2.739634
2.698283
2.673666
2.668493
2.545260
2.408383
2.344733
2.330457
2.303621
2.287623
2.265458
2.242472
2.234419
2.215918
2.135252
2.141738
2.237173
2.319535
2.476504
2.683805
2.743722
2.701325
2.672482
2.632607
2.590444
2.459858
2.388980
2.373236
2.339482
2.319339
2.291590
2.268437
2.261989
2.269411
2.180103
2.171362
2.260340
2.335238
2.478825
2.699010
2.872116
2.818577
2.788953
2.744142
2.590242
2.440140
2.371236
2.359470
2.331244
2.311195
2.289569
2.271666
2.275231
2.265504
2.188341
2.186233
2.285143
2.362256
2.507788
2.720252
2.856369
2.804970
2.778502
2.765717
2.592461
2.442081
2.374157
2.363072
2.336408
2.318477
2.297568
2.281507
2.277906
2.251676
2.178985
2.189052
2.290956
2.378232
2.526548
2.729356
2.788263
2.745613
2.718804
2.708877
2.620447
2.466745
2.386379
2.371964
2.341427
2.322352
2.294872
2.269822
2.256826
2.221298
2.151475
2.143575
2.226818
2.310418
2.456115
2.660503
2.740110
2.698256
2.671020
2.661118
2.572644
2.440163
2.349136
2.338699
2.311053
2.295561
2.272914
2.255350
2.250847
2.264482
2.166827
2.158471
2.238873
2.322146
2.460085
2.670856
2.791779
2.747760
2.718943
2.677118
2.609217
2.468099
2.371737
2.362014
2.331781
2.313881
2.289173
2.267626
2.259792
2.260613
2.171791
2.165116
2.246751
2.330503
2.469229
2.676047
2.779764
2.735564
2.709753
2.711029
2.593338
2.454756
2.364355
2.353442
2.328453
2.313656
2.289955
2.267761
2.259798
2.276957
2.202002
2.186189
2.264634
2.340176
2.468239
2.676004
2.813895
2.768140
2.739531
2.719411
2.648061
2.489808
2.386591
2.376952
2.347534
2.328075
2.302873
2.280396
2.275759
2.295156
2.207366
2.188798
2.268947
2.346281
2.475127
2.684220
2.843718
2.795070
2.767601
2.760477
2.610578
2.463476
2.370238
2.361911
2.334779
2.317158
2.295920
2.279004
2.275454
2.290900
2.190455
2.185276
2.268528
2.354571
2.481207
2.683820
2.802041
2.762035
2.733778
2.719728
2.630524
2.479214
2.379172
2.369792
2.343694
2.328777
2.308216
2.291570
2.283244
2.295809
2.209355
2.199344
2.278331
2.361797
2.487877
2.685867
2.769818
2.727155
2.697565
2.677282
2.622263
2.479506
2.379974
2.369394
2.342118
2.327145
2.305855
2.287420
2.278080
2.290889
2.208567
2.196169
2.272768
2.351398
2.476508
2.681004
2.804298
2.759488
2.728401
2.704091
2.637611
2.485292
2.384547
2.374598
2.344143
2.325917
2.303202
2.283485
2.276906
2.294088
2.214488
2.198688
2.274537
2.352459
2.475791
2.680562
2.825615
2.778481
2.750307
2.726477
2.624073
2.480783
2.381817
2.372864
2.349246
2.335973
2.319548
2.307338
2.301267
2.315141
2.216966
2.209713
2.289415
2.378186
2.507333
2.706287
2.787559
2.748717
2.718481
2.693162
2.625098
2.501597
2.405903
2.392905
2.359950
2.341456
2.316000
2.292796
2.281709
2.299782
2.236197
2.216174
2.280603
2.354584
2.470932
2.668061
2.838310
2.797745
2.768386
2.752403
2.645617
2.492265
2.386461
2.378479
2.350615
2.330728
2.308648
2.289211
2.285796
2.307101
2.222363
2.202507
2.281147
2.358031
2.478999
2.683060
2.849510
2.805340
2.775219
2.753312
2.631384
2.480504
2.380732
2.373408
2.348319
2.332747
2.315235
2.301553
2.294489
2.303580
2.200126
2.198144
2.279354
2.369291
2.501791
2.698618
2.764926
2.726072
2.695286
2.693177
2.611858
2.486717
2.390711
2.379460
2.347075
2.328870
2.303801
2.280968
2.270177
2.288414
2.239589
2.209707
2.274745
2.343906
2.456088
2.650737
2.834875
2.793522
2.760236
2.734412
2.652026
2.493345
2.389101
2.381025
2.352333
2.331498
2.307092
2.281894
2.273433
2.291577
2.189769
2.170071
2.247484
2.326574
2.451371
2.662080
2.842855
2.798040
2.764916
2.747786
2.606761
2.461421
2.368749
2.361691
2.333102
2.310948
2.287647
2.267318
2.263142
2.223358
2.160555
2.160658
2.247091
2.337711
2.480052
2.677113
2.778380
2.741711
2.716335
2.715991
2.636569
2.498587
2.394646
2.379895
2.346989
2.325999
2.296877
2.260589
2.235461
2.246655
2.196841
2.172082
2.238161
2.306167
2.431787
2.638432
2.803160
2.757373
2.723474
2.699488
2.625771
2.510575
2.407406
2.393613
2.359487
2.336191
2.307205
2.278972
2.268335
2.245757
2.176897
2.159611
2.240093
2.317601
2.449517
2.664545
2.844587
2.804330
2.769455
2.720823
2.654662
2.496566
2.390559
2.380308
2.345873
2.322289
2.293556
2.265081
2.251153
2.179422
2.135904
2.132201
2.221255
2.313145
2.464519
2.662354
2.731353
2.690040
2.666598
2.651897
2.587007
2.450043
2.355778
2.341957
2.315039
2.297950
2.273194
2.241968
2.221718
2.225830
2.140887
2.129340
2.213994
2.275917
2.418765
2.622144
2.736785
2.699449
2.669114
2.643081
2.574900
2.506610
2.408403
2.395071
2.359589
2.338035
2.309403
2.283211
2.272840
2.287339
2.192887
2.176691
2.254588
2.326416
2.462033
2.676209
2.865949
2.820673
2.791134
2.742521
2.643500
2.486965
2.384793
2.375922
2.346712
2.326580
2.300403
2.275485
2.262959
2.190962
2.144422
2.143879
2.234814
2.329095
2.483969
2.678906
2.717935
2.681185
2.658856
2.657506
2.596524
2.476045
2.381144
2.364627
2.334755
2.315607
2.285883
2.248737
2.226713
2.242148
2.184832
2.160873
2.233099
2.299916
2.431989
2.642006
2.808774
2.763887
2.731374
2.670911
2.599390
2.510931
2.406463
2.394579
2.365342
2.343827
2.315137
2.289189
2.281334
2.245183
2.186439
2.166903
2.245241
2.316570
2.453339
2.674728
2.861065
2.811336
2.777445
2.701594
2.634292
2.473811
2.370754
2.360162
2.328918
2.306668
2.280277
2.251767
2.241501
2.168361
2.139298
2.127228
2.216394
2.303648
2.460191
2.671814
2.796546
2.756391
2.728232
2.688876
2.584846
2.444811
2.353282
2.339871
2.309232
2.288736
2.264458
2.233349
2.211965
2.161838
2.113861
2.109750
2.198355
2.280642
2.432190
2.632350
2.706862
2.665322
2.640533
2.641605
2.563754
2.441929
2.360423
2.344981
2.312932
2.293338
2.269181
2.243721
2.230945
2.248988
2.202570
2.184549
2.274019
2.334689
2.470193
2.674054
2.869324
2.850390
2.809448
2.691277
2.640386
2.498849
2.419091
2.407465
2.381654
2.356884
2.327420
2.301360
2.293869
2.210281
2.174688
2.169401
2.265277
2.347085
2.504865
2.719658
2.814289
2.765348
2.737058
2.729445
2.581871
2.437223
2.367953
2.354549
2.324760
2.303302
2.277245
2.255584
2.249756
2.169638
2.141469
2.140477
2.249060
2.345781
2.512528
2.716721
2.787231
2.747544
2.722278
2.686149
2.608443
2.454317
2.383346
2.363487
2.329690
2.307747
2.280500
2.251837
2.237714
2.243255
2.159318
2.156726
2.251281
2.323607
2.476950
2.690544
2.817334
2.767231
2.740268
2.726479
2.600027
2.447990
2.376633
2.364129
2.334230
2.313509
2.288184
2.268397
2.267393
2.229745
2.166710
2.168555
2.268414
2.353389
2.512883
2.725381
2.820712
2.773962
2.747674
2.705834
2.611578
2.456544
2.386308
2.369680
2.337692
2.317218
2.291061
2.263065
2.253271
2.219273
2.157451
2.163731
2.262807
2.343637
2.503639
2.711697
2.781687
2.736504
2.713181
2.701255
2.614509
2.460082
2.387618
2.371129
2.341569
2.322743
2.297427
2.272267
2.262720
2.258448
2.173018
2.176880
2.273531
2.350948
2.507065
2.718709
2.814938
2.767004
2.741408
2.696035
2.645621
2.475989
2.400514
2.384654
2.353776
2.331907
2.303597
2.278274
2.272302
2.250885
2.182974
2.182855
2.279004
2.363503
2.508906
2.723392
2.841937
2.791390
-0.011295
-0.015670
-0.032251
0.064454
0.145798
0.229589
0.307304
0.340850
0.392652
0.498471
0.662753
0.841729
1.016504
1.185683
1.340161
1.483250
1.617019
1.737705
1.860191
1.999442
2.107121
2.184672
2.231683
2.244712
2.233832
2.216380
2.164634
2.123796
2.090439
2.080209
2.103506
2.135043
2.210385
2.256791
2.268268
2.274459
2.242364
2.348573
2.459612
2.620931
2.789623
2.924785
2.997816
3.029250
3.099981
3.113203
3.059751
3.034081
2.996184
2.968620
2.972085
2.996168
3.016103
3.042535
3.024936
3.000711
2.993283
3.037515
3.144530
3.282058
3.428342
3.589458
3.660630
3.646102
3.572056
3.515724
3.373270
3.331131
3.316051
3.295420
3.239787
3.215792
3.206414
3.245536
3.250484
3.225434
3.289718
3.380082
3.451120
3.556839
3.667350
3.693785
3.706223
3.685451
3.644800
3.604512
3.550582
3.496406
3.475901
3.447558
3.378738
3.337715
3.320622
3.351547
3.343922
3.325788
3.360267
3.401745
3.471263
3.567198
3.678283
3.713051
3.703568
3.680532
3.672267
3.624885
3.502628
3.461740
3.440617
3.410194
3.350384
3.316914
3.316757
3.335403
3.344300
3.283570
3.300573
3.366620
3.452825
3.565869
3.681021
3.742174
3.726827
3.707955
3.636389
3.631314
3.499179
3.465845
3.425978
3.419256
3.389279
3.365479
3.350331
3.365651
3.373950
3.284408
3.308392
3.376075
3.455220
3.578938
3.710272
3.797465
3.775000
3.762992
3.628099
3.621274
3.477318
3.448226
3.408278
3.397542
3.368170
3.342508
3.322705
3.336790
3.300340
3.227460
3.252344
3.318503
3.412678
3.572196
3.704771
3.705586
3.682184
3.666614
3.705138
3.643800
3.439914
3.401350
3.354430
3.337893
3.304962
3.270576
3.249753
3.262677
3.279299
3.201267
3.231674
3.246373
3.308989
3.437244
3.598365
3.753310
3.742388
3.646826
3.536748
3.559403
3.369750
3.338723
3.285254
3.276638
3.253538
3.229597
3.188972
3.076848
3.062930
3.033694
3.062235
3.137972
3.274668
3.438619
3.479145
3.484169
3.468982
3.433771
3.475347
3.398213
3.282891
3.246134
3.214446
3.184622
3.133577
3.076883
3.062458
3.096825
3.115679
3.030351
3.069965
3.102896
3.194935
3.358071
3.530845
3.615939
3.592929
3.573702
3.501060
3.485580
3.377004
3.340591
3.297235
3.280635
3.262266
3.245549
3.233934
3.237263
3.211989
3.142445
3.163846
3.201987
3.278867
3.430740
3.609249
3.714567
3.688869
3.659578
3.580636
3.559620
3.394094
3.361032
3.315821
3.304780
3.281879
3.261209
3.242667
3.163175
3.122533
3.088900
3.118700
3.172095
3.262608
3.421456
3.593243
3.701120
3.685067
3.661860
3.556622
3.542159
3.385941
3.352855
3.299201
3.281307
3.261236
3.245197
3.232443
3.106599
3.066807
3.032330
3.073912
3.153581
3.251957
3.417813
3.585273
3.600058
3.586895
3.572010
3.464423
3.459845
3.311036
3.271545
3.214130
3.194886
3.196214
3.193735
3.191806
3.133615
3.068478
3.029433
3.076330
3.116170
3.213243
3.379085
3.549609
3.573318
3.564306
3.560030
3.465280
3.456645
3.330950
3.295499
3.237726
3.221579
3.219153
3.213857
3.206859
3.214825
3.145574
3.094142
3.125003
3.183877
3.268579
3.421532
3.592447
3.666088
3.654761
3.644425
3.548051
3.532220
3.381864
3.343178
3.286818
3.268406
3.254155
3.242850
3.229537
3.196015
3.125434
3.083425
3.113786
3.175965
3.265253
3.417162
3.592284
3.667329
3.651652
3.638685
3.528469
3.512850
3.367529
3.331432
3.275683
3.259888
3.248044
3.235270
3.221851
3.208655
3.126648
3.079541
3.112206
3.172344
3.261234
3.415500
3.594203
3.666179
3.644856
3.629391
3.527125
3.513036
3.368641
3.331868
3.276159
3.256983
3.239888
3.226534
3.211460
3.122458
3.071948
3.037603
3.070903
3.143464
3.233179
3.395988
3.568885
3.612437
3.599171
3.580555
3.476006
3.467659
3.331498
3.295069
3.238131
3.217588
3.206958
3.197827
3.188389
3.094875
3.042837
3.008051
3.047928
3.117579
3.211529
3.377809
3.549336
3.579011
3.568518
3.551686
3.454368
3.447853
3.316557
3.281220
3.224691
3.206387
3.201413
3.197041
3.190863
3.139189
3.075116
3.037261
3.075262
3.123781
3.217668
3.378433
3.549412
3.621922
3.610489
3.591001
3.502246
3.492768
3.349377
3.312294
3.258253
3.240098
3.231892
3.225636
3.216962
3.171462
3.100839
3.060760
3.100025
3.143925
3.238857
3.392628
3.559503
3.648462
3.638702
3.614757
3.529391
3.518721
3.388294
3.353140
3.296407
3.274271
3.262752
3.252216
3.239125
3.178425
3.109337
3.068810
3.106042
3.176558
3.266527
3.424783
3.594947
3.607771
3.595317
3.587852
3.487826
3.478081
3.343876
3.306993
3.249782
3.230047
3.220546
3.213202
3.203657
3.149951
3.091437
3.053581
3.083099
3.153695
3.239972
3.397167
3.569613
3.614639
3.606040
3.600363
3.502611
3.493005
3.353537
3.315627
3.258255
3.240061
3.232213
3.223510
3.212945
3.219174
3.130015
3.078166
3.110400
3.170344
3.254383
3.402676
3.578641
3.667663
3.650915
3.627159
3.543154
3.530193
3.379708
3.343642
3.287805
3.267689
3.251717
3.238817
3.224343
3.144239
3.086273
3.051021
3.085519
3.156948
3.246202
3.404109
3.576718
3.619698
3.608136
3.586545
3.480928
3.472428
3.332736
3.297791
3.243222
3.223931
3.214320
3.206337
3.198264
3.125000
3.065069
3.030784
3.067293
3.137246
3.228884
3.390965
3.565224
3.601665
3.591177
3.570922
3.467918
3.460022
3.324885
3.289955
3.238580
3.221494
3.213889
3.207726
3.200761
3.140078
3.079104
3.043708
3.081492
3.127584
3.220003
3.377119
3.550332
3.630323
3.619983
3.597921
3.506488
3.496914
3.361584
3.327356
3.275835
3.259526
3.252233
3.244673
3.233807
3.232813
3.139213
3.086855
3.129190
3.188707
3.273490
3.427608
3.601708
3.651038
3.636252
3.626482
3.512209
3.496164
3.357916
3.321461
3.275641
3.264612
3.254712
3.243941
3.234449
3.236804
3.219342
3.143066
3.173965
3.215405
3.287201
3.434166
3.608590
3.706936
3.681456
3.646427
3.591458
3.576663
3.407139
3.372884
3.325739
3.313750
3.290719
3.271341
3.250353
3.157388
3.111515
3.081491
3.108931
3.168114
3.256219
3.408134
3.583162
3.670316
3.656291
3.629153
3.514418
3.503867
3.354036
3.319174
3.271343
3.257065
3.237248
3.220771
3.217552
3.075224
3.046662
3.018859
3.050513
3.117740
3.217288
3.381465
3.523634
3.573088
3.584619
3.557916
3.469333
3.472140
3.328834
3.286411
3.224314
3.198287
3.197699
3.184786
3.182771
3.185810
3.166088
3.084361
3.129053
3.146229
3.228811
3.371047
3.543544
3.680830
3.663696
3.632633
3.539673
3.525340
3.420159
3.387146
3.337078
3.315636
3.295807
3.273283
3.255225
3.218462
3.147921
3.106487
3.134451
3.182795
3.273634
3.424385
3.591616
3.697252
3.685579
3.655191
3.577076
3.567488
3.434049
3.397782
3.338207
3.309365
3.291544
3.272275
3.255342
3.216940
3.142986
3.097749
3.129783
3.178940
3.269570
3.421327
3.591197
3.672803
3.661181
3.635268
3.542024
3.533262
3.407842
3.371027
3.308808
3.279670
3.265798
3.247116
3.231605
3.233883
3.132663
3.084294
3.116210
3.149714
3.240127
3.389544
3.550957
3.677172
3.670501
3.642497
3.575014
3.567443
3.438653
3.404072
3.339478
3.305258
3.284714
3.264653
3.246415
3.161384
3.096490
3.054876
3.091935
3.170468
3.258452
3.416785
3.582778
3.614416
3.606363
3.593279
3.500757
3.496361
3.378644
3.343017
3.276433
3.245219
3.235410
3.219351
3.207381
3.204031
3.196281
3.122299
3.140824
3.204422
3.284531
3.440901
3.618106
3.701931
3.673837
3.638811
3.561221
3.545817
3.396452
3.356425
3.300599
3.282922
3.256411
3.229780
3.213689
3.213798
3.191636
3.120660
3.137275
3.200082
3.275321
3.430717
3.618126
3.740349
3.711889
3.678981
3.568162
3.549965
3.401474
3.372151
3.322105
3.300621
3.274593
3.252054
3.141348
3.045763
3.047542
3.025370
3.063479
3.146941
3.240559
3.410197
3.565297
3.616028
3.629576
3.591483
3.493661
3.457412
3.306526
3.273321
3.225628
3.202166
3.190398
3.160948
3.151391
3.148390
3.151409
3.073361
3.110998
3.135199
3.220249
3.380205
3.559789
3.672987
3.651862
3.618841
3.545763
3.530211
3.427537
3.395140
3.346020
3.324786
3.302688
3.277401
3.256566
3.252276
3.171532
3.125191
3.145740
3.220132
3.307896
3.462758
3.640384
3.720322
3.699058
3.667476
3.567353
3.550021
3.419982
3.385720
3.334956
3.319420
3.295456
3.269284
3.249720
3.249408
3.185628
3.132026
3.152442
3.225365
3.310133
3.462776
3.640326
3.730545
3.706991
3.674662
3.570377
3.552215
3.416247
3.385623
3.337258
3.322609
3.296430
3.269325
3.249184
3.239162
3.160569
3.117335
3.136695
3.208580
3.296250
3.449623
3.632081
3.724519
3.703867
3.671677
3.567503
3.552772
3.403440
3.371902
3.321032
3.303269
3.284339
3.261606
3.241012
3.194249
3.140630
3.101101
3.127640
3.190746
3.275582
3.430196
3.605944
3.683918
3.669950
3.639194
3.556131
3.546039
3.411093
3.375894
3.319465
3.291932
3.276515
3.255456
3.235569
3.233320
3.158161
3.108239
3.132614
3.199517
3.283151
3.435072
3.612296
3.694713
3.676586
3.643709
3.557465
3.545340
3.419100
3.383876
3.328060
3.303818
3.285186
3.262759
3.242879
3.229856
3.147821
3.104615
3.125851
3.184331
3.266685
3.413961
3.583962
3.697960
3.688758
3.652781
3.562308
3.552100
3.424961
3.390805
3.333462
3.305345
3.286160
3.266210
3.246734
3.172086
3.114242
3.076603
3.103942
3.174302
3.262048
3.417502
3.583171
3.650802
3.644994
3.611631
3.525964
3.521030
3.400397
3.364670
3.304908
3.276295
3.265508
3.248051
3.232108
3.231912
3.144921
3.085265
3.105283
3.125287
3.204154
3.350948
3.509540
3.666479
3.664158
3.629987
3.574930
3.549436
3.428342
3.374486
3.317590
3.280297
3.266839
3.251492
3.241914
3.163578
3.089724
3.045769
3.066333
3.129258
3.219764
3.377110
3.544004
3.604591
3.600057
3.579782
3.524239
3.512903
3.370007
3.319291
3.256402
3.219306
3.218543
3.211065
3.205992
3.213845
3.107291
3.048510
3.066397
3.110377
3.193215
3.344287
3.507763
3.630065
3.631706
3.609682
3.551545
3.537096
3.388849
3.341378
3.279395
3.243982
3.240194
3.232205
3.223717
3.223337
3.149240
3.080337
3.097759
3.152493
3.238101
3.378049
3.546587
3.653115
3.646121
3.621127
3.550059
3.533705
3.387028
3.338029
3.275898
3.238351
3.232049
3.220305
3.210664
3.212314
3.114990
3.055572
3.072383
3.114837
3.193353
3.345894
3.504267
3.638638
3.640389
3.613662
3.572009
3.555689
3.400579
3.352584
3.290553
3.252370
3.242763
3.232429
3.225296
3.192966
3.104138
3.047352
3.064137
3.146668
3.225475
3.388030
3.554740
3.606639
3.601438
3.581474
3.517933
3.507459
3.365515
3.316710
3.252536
3.214424
3.212432
3.203108
3.195718
3.195373
3.117301
3.056751
3.069422
3.113822
3.183958
3.333776
3.496248
3.640655
3.643575
3.615553
3.573158
3.554435
3.414476
3.364630
3.303208
3.262859
3.251167
3.238363
3.229102
3.174067
3.090942
3.041196
3.058466
3.120787
3.208097
3.359511
3.522049
3.610463
3.611136
3.586437
3.525332
3.515867
3.380881
3.333869
3.269261
3.228276
3.225006
3.217455
3.211079
3.203740
3.104561
3.044634
3.059535
3.139571
3.213462
3.375965
3.545135
3.609214
3.604176
3.583336
3.529381
3.516694
3.375178
3.326494
3.263535
3.224836
3.222391
3.213699
3.206034
3.206967
3.124164
3.062919
3.078598
3.121629
3.195794
3.340564
3.505591
3.642596
3.645213
3.615895
3.560241
3.541417
3.414482
3.364216
3.305073
3.267162
3.257451
3.246861
3.237070
3.224824
3.122450
3.063506
3.082473
3.137845
3.222713
3.365721
3.525658
3.646689
3.649230
3.616809
3.552278
3.538330
3.398341
3.348197
3.289579
3.252414
3.247380
3.238058
3.228098
3.225387
3.141655
3.073187
3.093940
3.154807
3.229309
3.372564
3.534335
3.662590
3.661422
3.622414
3.552027
3.536408
3.397031
3.346138
3.288898
3.252563
3.243834
3.233105
3.223029
3.193516
3.097809
3.045841
3.061769
3.118150
3.199323
3.351024
3.506103
3.631713
3.637267
3.602023
3.557845
3.543714
3.403839
3.354217
3.295168
3.254896
3.249074
3.241119
3.231782
3.207385
3.106321
3.047141
3.067621
3.141356
3.221134
3.374706
3.538159
3.618193
3.618836
3.588467
3.520145
3.508474
3.385996
3.337375
3.277726
3.239278
3.236890
3.228591
3.219973
3.214650
3.147420
3.077690
3.098553
3.167956
3.233402
3.380112
3.551122
3.669784
3.664304
3.621835
3.552917
3.531604
3.411607
3.362711
3.307202
3.272913
3.262510
3.251557
3.239619
3.230938
3.131151
3.075011
3.093371
3.168560
3.244683
3.390068
3.558207
3.651890
3.650949
3.615021
3.549351
3.531936
3.405596
3.354094
3.298377
3.263157
3.256220
3.246218
3.236197
3.232602
3.158248
3.092110
3.111819
3.195550
3.269452
3.409859
3.589043
3.680493
3.667906
3.622575
3.537976
3.511612
3.402353
3.351095
3.299785
3.270746
3.260288
3.244589
3.230460
3.226011
3.152007
3.094214
3.107982
3.194853
3.262861
3.409719
3.588895
3.690598
3.677401
3.627167
3.550017
3.522286
3.410668
3.357151
3.309154
3.288350
3.277383
3.256760
3.242053
3.234124
3.250894
3.163789
3.168894
3.241920
3.300028
3.439805
3.608156
3.738802
3.711278
3.662065
3.628356
3.542868
3.433865
3.384428
3.339220
3.321407
3.301503
3.272955
3.253062
3.245657
3.259076
3.155603
3.157029
3.232611
3.295041
3.435570
3.615142
3.741756
3.711967
3.657053
3.615309
3.528487
3.394177
3.350147
3.305701
3.278280
3.267587
3.254152
3.235428
3.195804
3.133446
3.083448
3.100086
3.171535
3.252954
3.402690
3.564793
3.606851
3.605023
3.576338
3.587205
3.575799
3.409402
3.354848
3.303337
3.271198
3.269707
3.255161
3.237325
3.233889
3.250617
3.164203
3.174690
3.254170
3.306672
3.452823
3.617287
3.667653
3.651273
3.611129
3.554663
3.533743
3.455332
3.399396
3.342518
3.316228
3.301586
3.278633
3.265689
3.262985
3.276217
3.217134
3.224759
3.264354
3.249840
3.369840
3.538611
3.706322
3.717693
3.672331
3.576408
3.567360
3.441550
3.383914
3.342051
3.323812
3.301072
3.276719
3.259201
3.083794
3.065082
3.044255
3.050058
3.140692
3.225445
3.387919
3.567071
3.599303
3.592653
3.577932
3.493667
3.485210
3.337449
3.272738
3.226892
3.190820
3.197110
3.189818
3.186068
3.193255
3.116966
3.059038
3.060563
3.112839
3.183941
3.317841
3.490712
3.645176
3.650348
3.638636
3.554029
3.528944
3.406049
3.335434
3.293611
3.267640
3.260163
3.250099
3.246367
3.248697
3.182508
3.100051
3.107706
3.176577
3.256683
3.389008
3.557549
3.672951
3.663311
3.649110
3.581840
3.559793
3.438174
3.364346
3.319574
3.297137
3.286235
3.270897
3.258970
3.256170
3.269643
3.156071
3.156572
3.241411
3.297234
3.430885
3.596593
3.724805
3.702769
3.683818
3.619520
3.587098
3.455504
3.376437
3.335231
3.316462
3.299949
3.272722
3.254653
3.249252
3.231913
3.137688
3.132688
3.208305
3.264144
3.392637
3.564590
3.717616
3.691086
3.670457
3.613137
3.529864
3.397149
3.329808
3.287208
3.271919
3.259411
3.244059
3.232603
3.236005
3.145792
3.093638
3.091725
3.170930
3.246457
3.372702
3.544761
3.677254
3.676708
3.666837
3.622603
3.607225
3.418291
3.343792
3.298302
3.255096
3.243855
3.230938
3.222358
3.157541
3.085046
3.038496
3.040097
3.129833
3.213251
3.361013
3.531312
3.578645
3.576175
3.571503
3.497793
3.489779
3.367098
3.306156
3.249091
3.202557
3.204965
3.200705
3.194267
3.185414
3.084297
3.024936
3.028654
3.118666
3.181928
3.323766
3.504426
3.599300
3.599428
3.594822
3.507089
3.495645
3.383472
3.323123
3.267978
3.222667
3.221715
3.215770
3.211622
3.202925
3.104245
3.048182
3.048477
3.140459
3.203587
3.349405
3.521669
3.613244
3.614931
3.614054
3.553372
3.537843
3.414745
3.350137
3.294197
3.248474
3.248750
3.243533
3.234924
3.235542
3.154187
3.081681
3.087245
3.165193
3.233661
3.352866
3.512224
3.640377
3.650841
3.650905
3.601787
3.576862
3.455968
3.386873
3.332482
3.291610
3.281354
3.269070
3.257629
3.256286
3.206420
3.113779
3.120591
3.198428
3.266863
3.390123
3.548541
3.687184
3.691553
3.676573
3.620291
3.593256
3.514277
3.438338
3.379531
3.328009
3.311233
3.286543
3.266076
3.258432
3.264997
3.147134
3.148574
3.223011
3.286518
3.421747
3.586324
3.711051
3.690355
3.669462
3.594675
3.570261
3.493434
3.408956
3.357065
3.320393
3.301843
3.270468
3.248892
3.244464
3.142630
3.093027
3.088633
3.167216
3.229830
3.364693
3.531900
3.696556
3.700315
3.676788
3.593627
3.568484
3.456668
3.380851
3.334981
3.292746
3.277529
3.258491
3.242670
3.164050
3.087552
3.049754
3.046700
3.097810
3.189462
3.338048
3.498421
3.640363
3.652071
3.630338
3.579660
3.559132
3.440786
3.373510
3.322195
3.275685
3.270517
3.252422
3.236357
3.226921
3.203447
3.110315
3.115142
3.167227
3.241810
3.376421
3.547592
3.673340
3.662716
3.648256
3.581620
3.557552
3.466738
3.395465
3.346524
3.310194
3.293512
3.271634
3.257181
3.251453
3.240124
3.146130
3.143918
3.212313
3.277524
3.409822
3.580605
3.729519
3.711932
3.694413
3.621268
3.591295
3.466715
3.388828
3.343284
3.305418
3.285214
3.262589
3.246821
3.139667
3.087472
3.062373
3.061996
3.134473
3.208185
3.354745
3.517061
3.665381
3.685332
3.635938
3.576741
3.555470
3.445166
3.389725
3.335974
3.293336
3.286657
3.263984
3.244262
3.229708
3.213731
3.128488
3.142343
3.201798
3.276530
3.424292
3.598141
3.685546
3.663264
3.613499
3.582196
3.551899
3.454777
3.400125
3.349261
3.318065
3.298418
3.270592
3.251370
3.243953
3.260963
3.180686
3.177148
3.251976
3.305000
3.440593
3.609036
3.755561
3.731374
3.683281
3.616678
3.519613
3.440228
3.387356
3.342335
3.330725
3.297018
3.260831
3.245615
3.243734
3.265810
3.198815
3.194117
3.243403
3.308865
3.439534
3.607916
3.768633
3.770416
3.715093
3.625173
3.544158
3.439913
3.386317
3.338119
3.310594
3.295174
3.270228
3.254131
3.120325
3.085351
3.056158
3.060691
3.139793
3.239066
3.404819
3.575301
3.607564
3.599711
3.550517
3.590007
3.539291
3.394583
3.342374
3.309461
3.281956
3.242647
3.176471
3.143981
3.159626
3.189324
3.120180
3.130500
3.190607
3.272276
3.416356
3.561377
3.573396
3.564263
3.536539
3.515742
3.495246
3.422671
3.368944
3.316130
3.286597
3.272997
3.254960
3.246313
3.250447
3.279394
3.241578
3.241444
3.284076
3.297042
3.419024
3.580500
3.743322
3.766426
3.733546
3.579879
3.578021
3.443329
3.393258
3.348594
3.330941
3.310764
3.286870
3.242012
3.081213
3.076944
3.051953
3.059199
3.150873
3.245711
3.418922
3.565670
3.579229
3.578018
3.544788
3.556954
3.509048
3.362691
3.315371
3.277071
3.246349
3.221459
3.173152
3.162031
3.175378
3.211395
3.156385
3.157933
3.216598
3.298654
3.429579
3.578003
3.668919
3.662041
3.623916
3.594402
3.580533
3.515947
3.444751
3.391466
3.371347
3.347818
3.320048
3.304102
3.305884
3.326308
3.270464
3.270412
3.309787
3.339805
3.467295
3.621876
3.765791
3.748071
3.707722
3.601635
3.591624
3.457070
3.397212
3.352976
3.335766
3.311940
3.287282
3.272542
3.115939
3.105731
3.082655
3.086443
3.170210
3.263168
3.431592
3.610130
3.632435
3.624602
3.588261
3.539322
3.515876
3.359505
3.304131
3.256454
3.220701
3.215601
3.194615
3.189216
3.196123
3.224525
3.149312
3.148031
3.177359
3.247166
3.373927
3.526723
3.688814
3.687810
3.649756
3.555562
3.546787
3.449372
3.391098
3.347758
3.332112
3.312508
3.291791
3.278273
3.206465
3.155758
3.115904
3.121443
3.202507
3.290449
3.464703
0.024167
0.013211
0.111899
0.201314
0.282162
0.362546
0.441637
0.519373
0.596268
0.671921
0.747056
0.821560
0.895755
0.969473
1.041528
1.112406
1.180689
1.247515
1.310252
1.370417
1.424268
1.476167
1.526078
1.562984
1.576948
1.537901
1.524659
1.507575
1.487666
1.464524
1.446804
1.429809
1.332475
1.254020
1.112746
0.973682
0.880894
0.856531
0.948486
1.075202
1.088756
0.001991
0.010457
0.112676
0.207014
0.292852
0.381049
0.450111
0.505067
0.568887
0.643738
0.751029
0.872305
1.004511
1.147536
1.235952
1.233862
1.217608
1.189910
1.168382
1.026983
0.995392
0.882933
0.916009
0.937010
0.920323
0.890716
0.867687
0.858325
0.855956
0.828275
0.802792
0.784037
0.889932
1.044362
1.182833
1.208969
1.169762
1.126449
1.081965
0.951629
0.980278
0.839013
0.858553
0.858911
0.831273
0.798583
0.772304
0.758205
0.750589
0.734251
0.741533
0.747117
0.840678
0.978937
1.145829
1.265050
1.267655
1.208567
1.021709
0.870676
0.929447
0.814396
0.841830
0.850132
0.838665
0.816605
0.792857
0.781941
0.773793
0.714661
0.707888
0.742685
0.855031
0.998364
1.185149
1.290399
1.257501
1.202929
1.062875
0.930007
0.858222
0.792153
0.825549
0.825722
0.809328
0.792121
0.776754
0.773298
0.776133
0.757908
0.725569
0.745766
0.835561
0.988626
1.191553
1.325080
1.328238
1.246316
1.041808
0.873269
0.913873
0.832944
0.853523
0.870328
0.861828
0.841753
0.814435
0.796300
0.764350
0.713769
0.702044
0.694119
0.751094
0.838327
0.920812
0.965636
0.968200
0.940433
0.852242
0.778044
0.850149
0.770891
0.792007
0.804718
0.794812
0.774397
0.749413
0.732935
0.715647
0.665284
0.658736
0.663944
0.751567
0.874240
0.990069
1.047629
1.046903
1.007203
0.943117
0.831711
0.844164
0.776521
0.789362
0.799188
0.791369
0.774589
0.755125
0.746509
0.745057
0.690972
0.676114
0.689316
0.784151
0.921802
1.130710
1.287567
1.306631
1.247115
1.076015
0.923205
0.861643
0.786098
0.803549
0.815080
0.807986
0.791993
0.772060
0.761679
0.758072
0.699890
0.680662
0.694584
0.789732
0.931570
1.123517
1.254695
1.269147
1.213043
1.052184
0.898508
0.902382
0.807888
0.827214
0.840712
0.833000
0.815371
0.791401
0.778228
0.771145
0.718281
0.700445
0.708244
0.807301
0.943781
1.109538
1.206468
1.205367
1.151524
1.030539
0.888842
0.887213
0.805612
0.822849
0.835565
0.829445
0.812511
0.789021
0.776500
0.771163
0.721050
0.702826
0.711315
0.805465
0.941441
1.132782
1.257139
1.258884
1.203269
1.060595
0.909668
0.892309
0.804457
0.820920
0.833778
0.827607
0.810504
0.787045
0.774292
0.769406
0.717190
0.697509
0.705622
0.804350
0.938710
1.118661
1.230615
1.230834
1.176324
1.038274
0.895586
0.882391
0.800375
0.816239
0.828287
0.821716
0.804647
0.781369
0.768855
0.764099
0.714466
0.697703
0.704180
0.798568
0.931350
1.112018
1.223992
1.224149
1.170197
1.035229
0.893183
0.884522
0.799738
0.815647
0.827816
0.820495
0.803317
0.779905
0.766891
0.760819
0.711285
0.695163
0.701497
0.798728
0.931614
1.107496
1.216076
1.213282
1.159848
1.025674
0.884677
0.878023
0.790772
0.806609
0.817519
0.809691
0.792873
0.770696
0.759266
0.755144
0.707242
0.690280
0.698282
0.799187
0.933862
1.117676
1.239903
1.237213
1.183030
1.022312
0.880714
0.865057
0.779029
0.794463
0.805349
0.797777
0.781846
0.760722
0.749909
0.746163
0.702093
0.680848
0.689227
0.781192
0.913046
1.092900
1.205919
1.212013
1.158614
1.023481
0.884008
0.874295
0.787187
0.803962
0.815992
0.808455
0.791732
0.768742
0.755708
0.750420
0.701621
0.684207
0.691628
0.792162
0.925852
1.095780
1.203039
1.201171
1.148239
1.015057
0.876730
0.865685
0.777564
0.793469
0.804636
0.797284
0.781433
0.760163
0.749079
0.745374
0.698945
0.680588
0.689774
0.779973
0.911126
1.099317
1.222266
1.229202
1.174973
1.036733
0.894615
0.876616
0.785601
0.801601
0.814107
0.806888
0.790593
0.767595
0.754376
0.749571
0.699970
0.678765
0.687019
0.787140
0.919884
1.084786
1.189352
1.190640
1.137834
1.005896
0.872885
0.860130
0.774613
0.790061
0.801611
0.794613
0.778854
0.757157
0.745566
0.741342
0.700887
0.675842
0.684178
0.772449
0.901173
1.083979
1.202659
1.213775
1.160140
1.024143
0.885634
0.872312
0.782863
0.799744
0.812239
0.804408
0.787771
0.764332
0.750355
0.743220
0.694395
0.676730
0.683719
0.774785
0.901792
1.062590
1.158623
1.163696
1.112072
0.998105
0.866919
0.871151
0.779459
0.795930
0.807608
0.800068
0.783650
0.760814
0.747645
0.740906
0.697098
0.677994
0.685989
0.785019
0.914996
1.093866
1.213287
1.213813
1.160836
1.003798
0.867577
0.845783
0.756416
0.772155
0.782500
0.774383
0.759497
0.739792
0.729519
0.725532
0.688036
0.660170
0.671331
0.759655
0.888243
1.066820
1.181899
1.196625
1.143620
1.008559
0.872326
0.859107
0.766724
0.785115
0.797478
0.789476
0.773550
0.750996
0.737652
0.731308
0.685836
0.667398
0.675772
0.771192
0.895931
1.059331
1.155965
1.163608
1.112068
0.986617
0.855405
0.870610
0.769246
0.786112
0.797961
0.791228
0.776146
0.755528
0.745243
0.742151
0.696780
0.679139
0.688069
0.786944
0.914936
1.107267
1.240568
1.239221
1.183910
1.034799
0.894247
0.850759
0.762821
0.780856
0.791091
0.782510
0.768280
0.749111
0.740160
0.738791
0.702334
0.669064
0.683567
0.766946
0.895548
1.101345
1.251344
1.274750
1.217956
1.045265
0.898288
0.865565
0.766556
0.786960
0.800217
0.792651
0.777428
0.754665
0.740540
0.733536
0.686110
0.659234
0.671121
0.763578
0.891757
1.046426
1.143420
1.161204
1.109884
0.999554
0.868694
0.858911
0.766592
0.784443
0.797682
0.791183
0.775973
0.752620
0.738340
0.731470
0.691867
0.665348
0.674547
0.764342
0.888743
1.055401
1.160830
1.175582
1.123171
0.988072
0.855805
0.865964
0.745676
0.760760
0.773791
0.770094
0.760800
0.746797
0.741527
0.742063
0.687713
0.667983
0.680740
0.784146
0.915060
1.118036
1.261942
1.252076
1.201716
1.069418
0.935996
0.846009
0.766695
0.783087
0.792555
0.783877
0.769017
0.750589
0.741790
0.739867
0.723089
0.675781
0.684467
0.760019
0.885864
1.078199
1.206586
1.220190
1.166132
1.000545
0.854901
0.884522
0.793875
0.812183
0.827130
0.814488
0.796275
0.769381
0.751009
0.730019
0.681379
0.665834
0.671518
0.731988
0.836480
0.941335
0.999241
1.010847
0.975426
0.881474
0.784396
0.844469
0.763596
0.779568
0.790584
0.778142
0.758408
0.732496
0.714842
0.698815
0.648280
0.638583
0.646404
0.718102
0.836916
0.959567
1.030790
1.048063
1.007583
0.913916
0.806260
0.847993
0.760719
0.772533
0.784117
0.772161
0.752715
0.727862
0.711908
0.703416
0.649300
0.634682
0.644320
0.729452
0.854569
1.011107
1.112961
1.134159
1.084041
0.984357
0.867099
0.847843
0.758762
0.771604
0.783164
0.774851
0.757672
0.734822
0.722026
0.721234
0.670080
0.655676
0.663728
0.750667
0.872522
1.063115
1.198056
1.220255
1.165707
1.033463
0.903029
0.863000
0.770090
0.785182
0.798619
0.789561
0.773650
0.750887
0.738146
0.735885
0.681093
0.663189
0.672555
0.756646
0.880023
1.061794
1.189309
1.214836
1.160156
1.024122
0.890183
0.886494
0.776879
0.793168
0.806183
0.797148
0.779622
0.754760
0.740147
0.736652
0.681741
0.666329
0.674434
0.760872
0.881948
1.055744
1.174335
1.193369
1.139799
1.005161
0.871456
0.874869
0.770067
0.785167
0.797479
0.788774
0.771573
0.747265
0.733168
0.729112
0.691027
0.670729
0.675941
0.758368
0.874752
1.057757
1.181295
1.198146
1.144663
1.011676
0.879802
0.886867
0.775760
0.791287
0.804287
0.794769
0.776781
0.751472
0.735813
0.730801
0.674504
0.659622
0.666523
0.762440
0.883910
1.041478
1.148175
1.155625
1.104419
0.981326
0.861426
0.844389
0.745519
0.759934
0.770841
0.761551
0.745047
0.724400
0.715090
0.715666
0.675695
0.654922
0.666548
0.745562
0.864979
1.066280
1.231386
1.272100
1.214500
1.048154
0.907647
0.867519
0.764820
0.782093
0.794371
0.785376
0.768864
0.745275
0.731596
0.728915
0.683931
0.663538
0.672704
0.753547
0.872210
1.054851
1.184253
1.208854
1.154636
1.016862
0.883944
0.881184
0.769949
0.786373
0.800325
0.791396
0.774313
0.748923
0.732907
0.727890
0.672706
0.655200
0.663328
0.750730
0.867862
1.028971
1.135317
1.155913
1.103833
0.990739
0.867104
0.869741
0.762598
0.777559
0.789773
0.781412
0.764530
0.739897
0.725080
0.721920
0.678533
0.661715
0.668795
0.756756
0.868424
1.060146
1.191931
1.208927
1.155023
1.022004
0.892090
0.848498
0.748364
0.764809
0.777353
0.768076
0.752286
0.730820
0.719541
0.718589
0.677582
0.655772
0.667135
0.747313
0.863116
1.060801
1.213979
1.249381
1.193310
1.025314
0.886118
0.876779
0.764677
0.781516
0.795466
0.785552
0.768959
0.744010
0.727629
0.719789
0.672980
0.650986
0.659333
0.736718
0.851596
0.994589
1.084960
1.106882
1.058205
0.941563
0.823592
0.859980
0.754358
0.772319
0.786311
0.775595
0.758203
0.731951
0.713245
0.701075
0.648681
0.632355
0.640566
0.724819
0.841464
0.977074
1.059995
1.077650
1.030763
0.933153
0.826918
0.823333
0.710731
0.722781
0.733631
0.725277
0.711789
0.696012
0.689605
0.693538
0.649806
0.635093
0.645383
0.735855
0.846133
1.048067
1.207536
1.230945
1.180853
1.074660
0.946291
0.851000
0.762601
0.776118
0.790128
0.780802
0.765326
0.746134
0.735702
0.731959
0.696240
0.664580
0.674151
0.744937
0.863607
1.044973
1.172914
1.200803
1.147207
0.990103
0.858689
0.874619
0.789980
0.801013
0.816109
0.804140
0.784762
0.756575
0.735012
0.715397
0.661604
0.642533
0.648463
0.705669
0.798496
0.894051
0.951349
0.970478
0.944343
0.882092
0.776495
0.813065
0.738326
0.732587
0.744307
0.733174
0.716541
0.695615
0.682744
0.675904
0.631522
0.608905
0.609091
0.688660
0.790627
0.977743
1.122514
1.164615
1.114952
1.011701
0.874573
0.822864
0.735473
0.730632
0.742612
0.732589
0.717696
0.696884
0.684017
0.681204
0.643027
0.613050
0.615266
0.690608
0.790036
0.959963
1.086369
1.130488
1.081398
0.990657
0.859531
0.853689
0.757508
0.749308
0.763544
0.756082
0.741213
0.717384
0.701457
0.696768
0.649177
0.627461
0.626050
0.707381
0.803794
0.971381
1.093374
1.130539
1.082734
1.009445
0.878666
0.842133
0.750887
0.743563
0.756554
0.748898
0.735185
0.713544
0.699733
0.696372
0.658408
0.630792
0.631869
0.701633
0.793222
0.974366
1.113834
1.158189
1.107497
1.004527
0.865728
0.863798
0.763894
0.755024
0.770077
0.761207
0.745846
0.721277
0.703664
0.695244
0.644113
0.622342
0.623018
0.698527
0.797395
0.936712
1.026442
1.053227
1.011453
0.945100
0.829976
0.839801
0.745963
0.734938
0.746546
0.739105
0.724469
0.701796
0.687039
0.683291
0.642860
0.618693
0.615404
0.701395
0.788101
0.970684
1.108676
1.141507
1.093594
1.006040
0.877081
0.824279
0.731909
0.723791
0.737544
0.726974
0.713871
0.697259
0.688461
0.685770
0.647083
0.610552
0.616712
0.684572
0.782434
0.967022
1.115876
1.172194
1.121550
1.005103
0.866534
0.860187
0.744821
0.727165
0.743809
0.734516
0.718859
0.695022
0.678170
0.671450
0.628048
0.606133
0.605262
0.692624
0.788647
0.929294
1.022057
1.049063
1.006489
0.940631
0.826831
0.797409
0.712246
0.703395
0.716000
0.707657
0.695170
0.676363
0.665329
0.663347
0.640549
0.604536
0.608418
0.672507
0.760590
0.951164
1.109899
1.169714
1.119809
1.000075
0.855166
0.844631
0.745793
0.731082
0.747414
0.738842
0.724504
0.701577
0.684653
0.676349
0.637739
0.610578
0.615396
0.686663
0.781497
0.928225
1.030202
1.068193
1.028231
0.951849
0.827317
0.836212
0.740056
0.730826
0.745804
0.737427
0.723313
0.699757
0.682218
0.673760
0.633911
0.607386
0.608686
0.687644
0.777798
0.927788
1.034050
1.069954
1.027345
0.956919
0.838381
0.824146
0.726732
0.715628
0.729090
0.721773
0.708396
0.687226
0.672992
0.669056
0.645274
0.615276
0.616864
0.683123
0.761721
0.951243
1.111041
1.168730
1.119018
1.020559
0.877508
0.843046
0.737569
0.726994
0.744923
0.736941
0.724613
0.702962
0.686578
0.679203
0.644294
0.604530
0.611498
0.674844
0.766315
0.916954
1.026795
1.070871
1.032266
0.938741
0.813036
0.826083
0.735571
0.726364
0.742731
0.732619
0.717485
0.693352
0.673828
0.661522
0.622171
0.596534
0.600246
0.665620
0.757771
0.879706
0.957783
0.986244
0.956109
0.889148
0.784565
0.795501
0.708700
0.697357
0.709292
0.700230
0.686408
0.665682
0.651694
0.646624
0.624185
0.593864
0.594720
0.668299
0.745263
0.925931
1.069511
1.116924
1.071312
0.983067
0.854648
0.803819
0.709065
0.698487
0.714763
0.704693
0.694120
0.677292
0.666551
0.662219
0.636991
0.592590
0.599471
0.665320
0.756803
0.925810
1.059919
1.114358
1.070728
0.970922
0.835704
0.832137
0.751232
0.735588
0.753505
0.743339
0.727760
0.702901
0.681790
0.666509
0.632741
0.597160
0.605516
0.654434
0.736911
0.843900
0.915786
0.946820
0.929797
0.865499
0.762024
0.782770
0.706404
0.697270
0.711924
0.701194
0.686768
0.664972
0.648182
0.638254
0.606535
0.582784
0.586445
0.656341
0.744512
0.887444
0.989249
1.028835
0.994130
0.926589
0.816331
0.797775
0.703257
0.689864
0.703598
0.694765
0.681843
0.662204
0.648554
0.644812
0.636015
0.593751
0.596162
0.656413
0.730911
0.917060
1.076250
1.138882
1.092216
0.996142
0.858181
0.826426
0.725813
0.709518
0.727249
0.719121
0.706732
0.684842
0.667312
0.658800
0.644387
0.598990
0.609601
0.655247
0.736047
0.853332
0.933664
0.968502
0.947284
0.878127
0.763903
0.795043
0.738425
0.716962
0.733043
0.724441
0.708548
0.682888
0.660626
0.647151
0.617359
0.588464
0.592652
0.653901
0.728326
0.833375
0.902421
0.929361
0.905550
0.860770
0.762327
0.758900
0.680430
0.663574
0.675839
0.667559
0.654982
0.636209
0.623973
0.623419
0.619695
0.586101
0.590131
0.649421
0.708554
0.879769
1.038941
1.109959
1.065600
0.969940
0.834333
0.807348
0.703213
0.677585
0.694416
0.685687
0.673061
0.652644
0.636815
0.632206
0.621457
0.584476
0.591591
0.653313
0.720189
0.856461
0.960803
1.004068
0.971627
0.898374
0.783032
0.790863
0.694164
0.670557
0.686302
0.677678
0.665435
0.646192
0.630980
0.624764
0.615374
0.579857
0.563691
0.622470
0.683275
0.844822
1.011840
1.089114
1.046065
0.954168
0.828092
0.791783
0.698552
0.665875
0.685894
0.674043
0.663046
0.645202
0.631161
0.624404
0.599045
0.562853
0.552757
0.610975
0.683441
0.829146
0.961494
1.030245
0.997867
0.933401
0.819381
0.793610
0.703385
0.673692
0.690673
0.681480
0.668969
0.648238
0.630588
0.621243
0.608589
0.564302
0.556113
0.601967
0.669123
0.799287
0.908887
0.960453
0.933952
0.879255
0.778475
0.777469
0.716796
0.682001
0.699867
0.689854
0.676339
0.654989
0.637159
0.624839
0.593656
0.570148
0.557578
0.617263
0.684392
0.813893
0.929760
0.984697
0.952658
0.901514
0.800798
0.771559
0.688803
0.657724
0.674583
0.665969
0.653879
0.635246
0.620823
0.613949
0.606558
0.567656
0.555933
0.600072
0.658715
0.807224
0.952480
1.023435
0.990196
0.922947
0.814317
0.785710
0.705760
0.670443
0.688002
0.678619
0.665770
0.645245
0.627980
0.617822
0.606492
0.563079
0.553015
0.601275
0.663856
0.800376
0.924811
0.986103
0.956994
0.906001
0.802306
0.775221
0.699206
0.667102
0.685070
0.675475
0.662721
0.642561
0.625267
0.614693
0.602439
0.560852
0.552065
0.597089
0.659849
0.792913
0.911461
0.968909
0.942133
0.879487
0.776459
0.763775
0.717168
0.681405
0.699382
0.688759
0.674513
0.652453
0.632903
0.618943
0.603112
0.560243
0.553579
0.591301
0.658433
0.773832
0.866488
0.910006
0.888291
0.842045
0.752067
0.745020
0.704195
0.671116
0.689104
0.678192
0.663782
0.642393
0.623736
0.610277
0.596016
0.555273
0.547049
0.589488
0.655421
0.778037
0.881524
0.931466
0.909051
0.863234
0.771401
0.754562
0.687640
0.657221
0.675113
0.663607
0.647998
0.626782
0.609984
0.601298
0.588921
0.552278
0.546119
0.581760
0.645826
0.775320
0.890894
0.945963
0.923228
0.863100
0.772530
0.754465
0.713494
0.682321
0.699991
0.688588
0.672328
0.649373
0.629964
0.617979
0.586994
0.561987
0.554936
0.589227
0.660352
0.781293
0.882714
0.931853
0.910516
0.864529
0.776302
0.757929
0.711374
0.674957
0.691559
0.681761
0.667115
0.645798
0.628370
0.618834
0.586316
0.564623
0.556301
0.597255
0.666630
0.798846
0.917452
0.974067
0.947676
0.890989
0.793359
0.768705
0.711395
0.675780
0.688994
0.678350
0.662852
0.641355
0.624623
0.616470
0.583971
0.559496
0.551330
0.592382
0.661217
0.790891
0.904815
0.961630
0.936509
0.884367
0.790965
0.773326
0.707025
0.671915
0.684753
0.673871
0.658511
0.637501
0.621518
0.614571
0.583731
0.559854
0.549478
0.597987
0.663377
0.798989
0.924601
0.987017
0.957447
0.903675
0.806493
0.782633
0.701406
0.665086
0.679691
0.671854
0.659121
0.639029
0.623391
0.617034
0.588187
0.563863
0.552783
0.597291
0.656849
0.802127
0.944823
1.011497
0.975170
0.912088
0.815529
0.789989
0.709204
0.670639
0.686511
0.678636
0.667183
0.647482
0.632061
0.626308
0.596409
0.568815
0.556699
0.606151
0.661335
0.808786
0.957346
1.023590
0.986000
0.922975
0.824281
0.797518
0.710719
0.674502
0.690365
0.681321
0.669370
0.651269
0.637822
0.633481
0.607054
0.574357
0.562185
0.613451
0.671321
0.820393
0.979983
1.052144
1.013130
0.947484
0.841476
0.823990
0.720715
0.698635
0.713420
0.703006
0.689461
0.668629
0.653170
0.647100
0.638710
0.595117
0.594398
0.641753
0.695803
0.862514
1.017851
1.073931
1.031409
0.930707
0.814186
0.789512
0.714163
0.693420
0.707732
0.697137
0.683865
0.663318
0.649075
0.645099
0.632834
0.593874
0.599688
0.639266
0.699321
0.845148
0.962059
1.010179
0.973628
0.891455
0.784796
0.785324
0.722838
0.703341
0.717677
0.706135
0.690212
0.665897
0.645408
0.631630
0.592207
0.564969
0.572145
0.610641
0.680493
0.786612
0.860899
0.894674
0.877227
0.818606
0.735380
0.748808
0.651155
0.627967
0.637071
0.625455
0.612068
0.598311
0.591782
0.593103
0.564431
0.545715
0.543641
0.612782
0.680639
0.859223
1.015642
1.054882
1.018660
0.964546
0.859974
0.788119
0.693446
0.677949
0.692494
0.686148
0.675956
0.660683
0.652371
0.649828
0.640944
0.601777
0.606662
0.652330
0.723228
0.892734
1.036621
1.089907
1.044664
0.941980
0.824273
0.812301
0.748741
0.727276
0.740661
0.728470
0.711221
0.685611
0.664042
0.645938
0.608427
0.572947
0.581918
0.607758
0.666219
0.748584
0.806452
0.833654
0.825987
0.777137
0.697381
0.728703
0.695152
0.682019
0.693093
0.677290
0.657121
0.631739
0.611721
0.595903
0.568093
0.545569
0.548656
0.593595
0.664118
0.765996
0.833282
0.861493
0.842416
0.791381
0.717714
0.741764
0.661969
0.643960
0.651906
0.640165
0.623621
0.603694
0.590546
0.586287
0.559870
0.544911
0.541837
0.603463
0.665537
0.833856
0.968661
1.013318
0.974874
0.915624
0.814361
0.773947
0.683287
0.669720
0.682646
0.672543
0.659973
0.644028
0.633879
0.630600
0.596610
0.566782
0.570640
0.624151
0.697633
0.868028
1.008519
1.062482
1.018523
0.928705
0.813925
0.795208
0.695073
0.680917
0.692207
0.681237
0.665410
0.642926
0.625988
0.616336
0.586746
0.549786
0.558326
0.604560
0.683974
0.796213
0.872024
0.903456
0.881159
0.813110
0.723584
0.753471
0.675084
0.655140
0.664497
0.651875
0.636247
0.616661
0.604027
0.598440
0.556926
0.541553
0.538930
0.619604
0.698929
0.847300
0.956294
0.979667
0.943156
0.890687
0.801056
0.746244
0.663595
0.652191
0.662935
0.653341
0.640827
0.626797
0.620858
0.620077
0.598661
0.557458
0.562541
0.620017
0.699577
0.880453
1.031752
1.091649
1.045271
0.943270
0.823513
-0.005378
0.011050
0.040346
0.135483
0.217969
0.298496
0.377725
0.455255
0.531207
0.605887
0.679478
0.752315
0.824484
0.847750
0.899404
0.974364
1.082564
1.215813
1.342961
1.457367
1.558384
1.668697
1.760260
1.834454
1.813839
1.818620
1.832022
1.818536
1.837631
1.865625
1.825224
1.780458
1.749227
1.739186
1.746823
1.777214
1.817493
1.888267
1.871031
1.919382
1.881952
1.891092
1.978447
2.061282
2.243907
2.437350
2.591917
2.714486
2.832393
2.898186
2.938214
2.945063
2.861077
2.821875
2.786621
2.777573
2.799919
2.824424
2.863709
2.916010
2.891913
2.903014
2.951267
3.043928
3.188193
3.321136
3.395240
3.386178
3.397665
3.389698
3.385317
3.342770
3.342849
3.316620
3.275640
3.232595
3.198743
3.182572
3.238662
3.292926
3.262784
3.226620
3.224428
3.320926
3.450929
3.606986
3.740159
3.859390
3.914184
3.918597
3.934719
3.816632
3.732287
3.704243
3.664336
3.585520
3.532466
3.509559
3.518358
3.549870
3.573212
3.548990
3.549386
3.597427
3.683491
3.812378
3.966798
4.118439
4.156887
4.128078
4.107583
4.049694
3.989707
3.950032
3.908260
3.849991
3.789214
3.747782
3.731742
3.754300
3.728231
3.682204
3.711365
3.805641
3.905228
4.024446
4.088258
4.106500
4.131364
4.111788
4.156746
4.113326
4.053304
4.009772
3.945462
3.830351
3.736009
3.702933
3.697206
3.714969
3.738521
3.716805
3.711860
3.659394
3.745493
3.887591
4.027577
4.171082
4.183377
4.146039
4.186658
4.144537
4.005017
3.961234
3.907230
3.805101
3.685339
3.602691
3.599432
3.617716
3.616142
3.568213
3.554666
3.582408
3.690848
3.869665
4.061549
4.182566
4.169149
4.133879
4.109921
4.071961
4.054502
4.004228
3.938664
3.887359
3.825410
3.763767
3.752977
3.769643
3.717427
3.657060
3.650351
3.657670
3.766151
3.918010
4.085009
4.110575
4.104740
4.061821
4.093976
4.032670
3.913883
3.873924
3.828981
3.750421
3.672962
3.606943
3.596768
3.610661
3.628468
3.607495
3.617329
3.616424
3.715808
3.871365
4.003202
4.109241
4.145730
4.099029
4.139767
3.991478
3.869872
3.829905
3.788755
3.728023
3.624167
3.559375
3.537818
3.555627
3.544330
3.501242
3.538902
3.589751
3.708665
3.876304
4.054444
4.149432
4.135344
4.083726
4.068813
4.014042
3.899084
3.860813
3.812392
3.753229
3.678571
3.602950
3.601462
3.622372
3.630546
3.595631
3.626900
3.672279
3.780307
3.943762
4.115147
4.232331
4.219086
4.164136
4.168435
4.141420
4.001891
3.958432
3.905990
3.811309
3.703342
3.618011
3.602230
3.621881
3.623864
3.590371
3.605704
3.671631
3.785553
3.953101
4.140703
4.194452
4.181329
4.129698
4.114936
4.111455
3.964493
3.929100
3.883202
3.827162
3.739059
3.661023
3.646507
3.674735
3.670010
3.618916
3.648301
3.683140
3.784653
3.926254
4.095002
4.221576
4.211191
4.159291
4.162951
4.129581
4.055175
4.008270
3.955764
3.873153
3.773089
3.706977
3.694628
3.709788
3.714282
3.661168
3.683352
3.759962
3.858256
4.014616
4.179128
4.196856
4.183157
4.130112
4.146870
4.096688
3.960719
3.916016
3.862056
3.814873
3.747776
3.674971
3.653147
3.669704
3.679776
3.638763
3.654422
3.700230
3.794605
3.946430
4.119807
4.243490
4.232452
4.177993
4.194631
4.156691
4.029286
3.989076
3.938718
3.831108
3.737319
3.616891
3.608106
3.634873
3.646988
3.630501
3.645735
3.647349
3.746614
3.908618
4.054703
4.176598
4.188257
4.136559
4.154835
4.129108
3.968612
3.926283
3.878892
3.814603
3.710275
3.627163
3.604746
3.630628
3.621872
3.572204
3.607388
3.657280
3.766087
3.927991
4.105814
4.178075
4.161865
4.109088
4.120289
4.094751
3.980606
3.943036
3.896406
3.808464
3.712186
3.627655
3.619539
3.641473
3.653333
3.616674
3.622084
3.604144
3.704457
3.875833
4.021828
4.151118
4.159888
4.111224
4.121140
4.061943
3.927285
3.888872
3.845109
3.782279
3.682780
3.608537
3.597025
3.626081
3.622333
3.574570
3.612584
3.661826
3.771987
3.926447
4.098280
4.178348
4.165446
4.112324
4.106053
4.080413
3.967597
3.928371
3.881437
3.801537
3.718138
3.647071
3.650688
3.672763
3.687557
3.651768
3.670600
3.679530
3.773519
3.923114
4.076900
4.195700
4.197499
4.145511
4.180997
4.140165
4.023561
3.983913
3.932426
3.846978
3.746011
3.670183
3.655179
3.674093
3.683944
3.648292
3.663951
3.717183
3.817424
3.970583
4.144134
4.231921
4.217092
4.161529
4.173683
4.128837
4.021714
3.982060
3.930323
3.839967
3.742701
3.659941
3.660272
3.683727
3.695380
3.655575
3.667839
3.696471
3.794325
3.946136
4.117055
4.221256
4.210392
4.158020
4.168168
4.134568
4.025951
3.987073
3.934349
3.852413
3.753838
3.686380
3.675276
3.695274
3.702634
3.656841
3.680389
3.737828
3.837985
3.989900
4.157811
4.232794
4.217345
4.160970
4.175971
4.132231
4.032589
3.989459
3.935938
3.867989
3.769732
3.700240
3.699224
3.720222
3.718053
3.652690
3.682378
3.750314
3.843033
3.984744
4.136017
4.226635
4.212479
4.162466
4.166927
4.134122
4.088047
4.040751
3.976598
3.867922
3.770322
3.705621
3.712301
3.733951
3.744978
3.690318
3.714131
3.780238
3.862401
4.008484
4.167958
4.207738
4.191096
4.138380
4.143078
4.126438
4.013055
3.967403
3.911409
3.863957
3.800173
3.729096
3.703876
3.716496
3.720845
3.670921
3.684748
3.737429
3.819624
3.956068
4.116925
4.236351
4.225255
4.173829
4.188580
4.150207
4.071376
4.026718
3.971578
3.863049
3.761787
3.679934
3.671495
3.690840
3.700434
3.658395
3.668197
3.701643
3.804025
3.950642
4.127636
4.217097
4.204995
4.149746
4.156984
4.140324
4.030017
3.991008
3.934860
3.880899
3.796568
3.722370
3.702757
3.719943
3.721035
3.672940
3.690645
3.730989
3.821921
3.965104
4.133822
4.244890
4.232955
4.181089
4.141457
4.101987
4.011701
3.970625
3.925419
3.835349
3.735443
3.664474
3.671901
3.693599
3.699508
3.640058
3.674774
3.752107
3.854870
4.011789
4.164879
4.189308
4.174579
4.122715
4.112010
4.100220
4.000768
3.958576
3.903692
3.823281
3.724814
3.646586
3.647928
3.660511
3.660330
3.604598
3.609063
3.653086
3.761784
3.917294
4.099107
4.223403
4.207394
4.157049
4.158791
4.132969
4.036972
3.996439
3.946812
3.840688
3.734291
3.654454
3.652203
3.667114
3.672706
3.635959
3.641561
3.705075
3.809741
3.957089
4.138342
4.231031
4.218298
4.161001
4.170016
4.155636
4.065540
4.024381
3.969675
3.886638
3.772554
3.691021
3.683888
3.695535
3.699308
3.658652
3.651503
3.707029
3.803098
3.954021
4.132020
4.233547
4.217626
4.165352
4.180705
4.148830
4.100246
4.055463
3.987224
3.854641
3.741556
3.658736
3.654678
3.665782
3.674049
3.646433
3.633745
3.672358
3.775602
3.932308
4.120530
4.219189
4.204362
4.151937
4.156383
4.109132
4.008463
3.961427
3.904361
3.840554
3.743878
3.664129
3.665081
3.681811
3.686058
3.661473
3.667422
3.749841
3.839411
3.991661
4.156284
4.241546
4.226000
4.171942
4.192155
4.170670
4.096000
4.052532
3.975856
3.825731
3.721501
3.637583
3.653603
3.659959
3.693506
3.628287
3.615175
3.549983
3.640220
3.814564
3.965662
4.128531
4.137950
4.100025
4.090305
4.090906
3.947605
3.907660
3.855412
3.798208
3.721847
3.657748
3.670869
3.671753
3.697993
3.597667
3.615455
3.645971
3.747207
3.897718
4.064818
4.193512
4.185791
4.143069
4.153146
4.125648
4.010154
3.973085
3.924170
3.829508
3.726227
3.663126
3.671382
3.672696
3.704116
3.626594
3.626848
3.654663
3.758445
3.913442
4.083012
4.178811
4.170957
4.128522
4.123737
4.125041
3.981287
3.950161
3.899654
3.847904
3.749732
3.671819
3.656283
3.674201
3.710585
3.640391
3.647178
3.658443
3.756284
3.901433
4.045262
4.199624
4.208213
4.166205
4.182573
4.168226
4.053340
4.010870
3.958599
3.846906
3.741553
3.665439
3.673739
3.669753
3.704631
3.629422
3.626070
3.661967
3.764194
3.915485
4.092226
4.178260
4.167985
4.123815
4.118279
4.118612
3.999832
3.961429
3.910528
3.820860
3.719692
3.622499
3.618454
3.633088
3.673363
3.617709
3.613217
3.637814
3.728524
3.884484
4.044090
4.183068
4.187117
4.146571
4.157995
4.154056
4.005414
3.961230
3.912062
3.817181
3.695026
3.610869
3.627075
3.632149
3.665673
3.587513
3.587284
3.619620
3.718540
3.867153
4.037805
4.166557
4.160497
4.119579
4.119285
4.113744
4.031599
3.993769
3.942196
3.859931
3.750275
3.681888
3.689536
3.687416
3.720435
3.637044
3.627874
3.647316
3.748025
3.892303
4.058810
4.182088
4.177280
4.136291
4.134037
4.133174
4.040308
4.000288
3.945600
3.838362
3.734057
3.656126
3.661026
3.664326
3.701583
3.626902
3.617599
3.631186
3.725980
3.880385
4.047541
4.169712
4.167587
4.125559
4.131042
4.121478
3.975136
3.935777
3.884017
3.804430
3.705101
3.624750
3.623847
3.628744
3.665161
3.608012
3.603321
3.631128
3.721973
3.885589
4.048140
4.185119
4.184050
4.142953
4.159961
4.123755
3.980432
3.940701
3.888607
3.793853
3.686048
3.607004
3.618718
3.622656
3.658267
3.588220
3.585762
3.632348
3.735579
3.886152
4.056445
4.174313
4.167747
4.126203
4.117861
4.115297
4.002035
3.963059
3.911302
3.847598
3.759772
3.689045
3.698988
3.704911
3.738622
3.661969
3.660694
3.705333
3.797308
3.926533
4.079810
4.207259
4.206465
4.164653
4.161616
4.164251
4.088850
4.046180
3.991495
3.882723
3.775804
3.694980
3.692075
3.690348
3.726504
3.650301
3.640116
3.691348
3.784624
3.937104
4.114557
4.177814
4.166174
4.120800
4.115569
4.126110
3.988566
3.950715
3.901156
3.834499
3.733938
3.649280
3.642298
3.658606
3.690395
3.629820
3.623697
3.667864
3.758373
3.896945
4.060329
4.205016
4.202830
4.161902
4.155484
4.142576
4.052594
4.015037
3.967972
3.853671
3.750555
3.679285
3.685772
3.685091
3.718939
3.642987
3.635954
3.710127
3.803686
3.956749
4.118922
4.182914
4.173485
4.131163
4.120893
4.134866
4.020475
3.982174
3.929169
3.836677
3.731030
3.655366
3.658381
3.666939
3.700496
3.626451
3.617511
3.658588
3.753946
3.892972
4.063050
4.197776
4.192745
4.154395
4.145101
4.144785
4.057689
4.017309
3.961146
3.877524
3.769174
3.692476
3.703178
3.705574
3.738632
3.666709
3.655635
3.694432
3.781311
3.912701
4.074184
4.205062
4.198922
4.160702
4.160855
4.171465
4.122679
4.079657
4.017479
3.897416
3.784018
3.697522
3.697343
3.698276
3.734774
3.658922
3.644551
3.702603
3.788940
3.941152
4.114813
4.194923
4.182132
4.136199
4.116303
4.116016
3.999448
3.965251
3.913603
3.844934
3.748970
3.675209
3.676790
3.688043
3.723114
3.667168
3.661921
3.701190
3.788806
3.929504
4.083400
4.211962
4.218082
4.175156
4.140730
4.140513
4.038022
4.000945
3.946599
3.857510
3.751935
3.677397
3.681826
3.683663
3.717855
3.642275
3.640549
3.726264
3.811265
3.971411
4.128128
4.166912
4.153366
4.111440
4.094309
4.098377
3.985420
3.951621
3.900566
3.793404
3.707145
3.600528
3.590018
3.621506
3.658034
3.627071
3.612210
3.612589
3.678498
3.835188
3.981978
4.130675
4.170578
4.133085
4.141026
4.135393
3.964187
3.923645
3.877012
3.777561
3.665801
3.593402
3.589369
3.596760
3.626936
3.555746
3.557692
3.618845
3.722814
3.875221
4.043087
4.166929
4.167388
4.126599
4.114131
4.109225
3.997066
3.961329
3.912167
3.839175
3.742728
3.671390
3.683671
3.686657
3.724266
3.663345
3.659433
3.720931
3.807237
3.941232
4.093607
4.211340
4.210585
4.170059
4.158438
4.170354
4.085079
4.043649
3.986979
3.903210
3.797191
3.719610
3.722551
3.726318
3.762013
3.692538
3.685768
3.771817
3.850741
3.988408
4.133473
4.199507
4.190629
4.147371
4.125298
4.140697
4.044486
4.007679
3.950321
3.879804
3.786721
3.708283
3.708241
3.716137
3.755903
3.701730
3.692469
3.753624
3.829703
3.957491
4.107813
4.233882
4.234654
4.190962
4.196240
4.192729
4.092998
4.052295
3.994877
3.901330
3.787339
3.699601
3.708038
3.713110
3.750043
3.691261
3.684832
3.773834
3.848836
3.988862
4.129932
4.202325
4.197144
4.155394
4.134799
4.146443
4.072169
4.040570
3.985182
3.911275
3.802610
3.714821
3.722038
3.731435
3.766587
3.705630
3.703015
3.789314
3.868366
3.990082
4.118634
4.194649
4.193365
4.136992
4.167982
4.123860
4.053736
3.987430
3.937758
3.865834
3.781183
3.717339
3.721898
3.730652
3.772230
3.728024
3.706712
3.749885
3.811168
3.940284
4.085123
4.204759
4.219514
4.165816
4.182167
4.137049
4.063171
3.994697
3.942310
3.879124
3.776986
3.691444
3.680813
3.699562
3.733668
3.649155
3.635139
3.690352
3.778214
3.912715
4.065520
4.171860
4.175688
4.120379
4.145927
4.149396
4.113008
4.031869
3.980770
3.892561
3.798522
3.714012
3.707336
3.717092
3.757907
3.708727
3.687987
3.706652
3.743518
3.887523
4.043753
4.186985
4.201111
4.149743
4.139009
4.124377
4.023943
3.964066
3.915665
3.840501
3.734894
3.656710
3.658112
3.677942
3.710903
3.643696
3.634566
3.683587
3.774536
3.904723
4.055707
4.172234
4.177683
4.121944
4.155287
4.112323
4.044241
3.983792
3.936917
3.865910
3.778468
3.715414
3.717515
3.725595
3.766502
3.727484
3.707137
3.738546
3.789459
3.924259
4.066701
4.187953
4.206835
4.153491
4.170610
4.128791
4.039284
3.979413
3.928841
3.852915
3.750101
3.671083
3.680876
3.696517
3.732273
3.670487
3.658191
3.718158
3.801743
3.931284
4.076738
4.179213
4.182781
4.125749
4.157538
4.121411
4.072170
4.004440
3.952321
3.887625
3.803124
3.733543
3.741133
3.748338
3.789742
3.740573
3.721769
3.793429
3.865376
3.990078
4.130597
4.229404
4.234221
4.174159
4.195734
4.180741
4.099968
4.027014
3.969265
3.901717
3.803942
3.723579
3.714990
3.733763
3.772604
3.709158
3.694242
3.779778
3.862576
3.995317
4.131178
4.186373
4.188368
4.128234
4.150599
4.155884
4.115690
4.035098
3.981833
3.885280
3.785859
3.703818
3.693104
3.705260
3.742388
3.694344
3.672218
3.698778
3.740729
3.881427
4.038465
4.175888
4.191334
4.140133
4.157594
4.129776
4.049612
3.985556
3.933740
3.860946
3.758074
3.680774
3.679642
3.700407
3.735453
3.672636
3.660584
3.737738
3.825372
3.958010
4.099139
4.179538
4.183909
4.125939
4.154611
4.127251
4.086272
4.012269
3.962578
3.871537
3.781026
3.694474
3.686817
3.702002
3.742798
3.715713
3.690576
3.709824
3.732546
3.872620
4.019187
4.171834
4.203463
4.153418
4.147890
4.142084
4.031161
3.974641
3.927255
3.867217
3.744185
3.660316
3.645111
3.655737
3.684634
3.619873
3.608342
3.679133
3.764680
3.902674
4.061301
4.189260
4.193287
4.137575
4.143100
4.148022
4.088856
4.019127
3.969532
3.886384
3.783468
3.698241
3.688774
3.698456
3.733289
3.680738
3.661189
3.729561
3.806392
3.932992
4.089748
4.209084
4.207209
4.154679
4.142531
4.152040
4.107472
4.057206
3.999680
3.923868
3.811127
3.717893
3.712972
3.725339
3.756878
3.703887
3.678786
3.743727
3.808909
3.916167
4.053830
4.195314
4.210690
4.161637
4.180187
4.153702
4.086504
4.055539
3.996682
3.920816
3.828553
3.757440
3.750413
3.752770
3.793442
3.745658
3.725450
3.788671
3.851721
3.976632
4.127218
4.230729
4.234596
4.172648
4.177336
4.195970
4.114044
4.039780
3.983242
3.913810
3.812418
3.715716
3.693537
3.707682
3.740101
3.719221
3.695893
3.713439
3.752419
3.871462
4.023368
4.189538
4.260303
4.201309
4.185904
4.193088
4.112236
4.027159
3.966025
3.913507
3.839791
3.761528
3.737967
3.747300
3.770640
3.652195
3.608688
3.630026
3.706587
3.861710
4.035255
4.118896
4.123126
4.070819
4.083557
4.083697
4.030265
3.969871
3.926904
3.847530
3.740176
3.639085
3.634830
3.659726
3.693953
3.658911
3.638096
3.639888
3.640075
3.798320
3.963126
4.116094
4.163519
4.111432
4.102818
4.112301
3.973651
3.909854
3.867320
3.820235
3.717957
3.625928
3.598995
3.609441
3.626795
3.552021
3.540128
3.575502
3.679123
3.833532
3.994603
4.143083
4.158937
4.104928
4.081660
4.087800
4.006701
3.950260
3.903619
3.818391
3.706139
3.618141
3.623544
3.634328
3.662153
3.621907
3.600673
3.632719
3.719190
3.862869
4.027326
4.166183
4.177017
4.121875
4.096763
4.101519
4.079162
4.004728
3.952846
3.867961
3.747014
3.653013
3.668493
3.674169
3.700412
3.653995
3.628088
3.658103
3.739716
3.868092
4.032984
4.165186
4.165836
4.116820
4.088758
4.098953
4.056119
4.026697
3.968657
3.876675
3.759455
3.675596
3.683246
3.687175
3.713730
3.657832
3.630009
3.703233
3.772476
3.922666
4.086488
4.187819
4.181273
4.128037
4.097938
4.096457
4.062400
4.029883
3.972122
3.866272
3.760078
3.671807
3.673095
3.686751
3.715659
3.685706
3.657906
3.708657
3.782645
3.914274
4.079189
4.215580
4.213623
4.159562
4.133869
4.135351
4.097189
4.018734
3.963636
3.863212
3.750302
3.657283
3.660528
3.673894
3.701118
3.676903
3.647268
3.680703
3.757906
3.883478
4.041354
4.193065
4.210767
4.157803
4.140788
4.145945
4.120999
4.030039
3.969635
3.877130
3.753163
3.656427
3.647745
3.655349
3.681552
3.641312
3.612610
3.668350
3.742297
3.892892
4.075967
4.187623
4.178882
4.126090
4.115810
4.053996
4.016489
3.940520
3.885681
3.840284
3.770222
3.691980
3.654775
3.669411
3.691394
3.627787
3.606958
3.683049
3.763211
3.905750
4.090183
4.230625
4.227863
4.169315
4.150386
4.154162
4.002237
3.947961
3.899082
3.819317
3.706136
3.619352
3.612602
3.626204
3.656405
3.630693
3.608361
3.600230
3.664539
3.824540
3.980414
4.137811
4.169367
4.111972
4.134198
4.094895
3.998658
3.933426
3.879570
3.819550
3.721981
3.639540
3.638828
3.647764
3.670537
3.583723
3.572986
3.576499
3.677073
3.825095
3.996629
4.139246
4.143040
4.091672
4.063682
4.073911
3.985417
3.929858
3.882397
3.831061
3.750375
3.674619
3.671009
3.683156
3.714923
3.652771
3.637507
3.657254
3.738907
3.885615
4.037981
4.189364
4.207145
4.149796
4.146768
4.105309
4.029346
3.967833
3.918494
3.849694
3.748251
3.670530
3.690937
3.691994
3.723624
3.645719
3.632689
3.669033
3.763202
3.891397
4.050892
4.168331
4.172197
4.117781
4.132918
4.121180
4.081114
4.006610
3.953730
3.868273
3.769871
3.694284
3.697153
3.700554
3.737672
3.694081
3.670576
3.679259
3.739505
3.879811
4.038445
4.178619
4.184440
4.133621
4.123821
4.126924
4.037412
3.973326
3.923064
3.853630
3.746639
3.658469
3.661734
3.678437
3.708684
3.645913
3.629036
3.665397
3.755126
3.882350
4.043229
4.181075
4.183317
4.130516
4.121058
4.129008
4.087760
4.012073
3.960320
3.861070
3.760509
3.677614
3.674380
3.678513
3.715197
3.655503
3.633594
3.673061
3.753504
3.895424
4.072264
4.185036
4.184402
4.139229
4.112340
4.131633
4.014919
3.974504
3.924346
3.836629
3.728143
3.644228
3.649655
3.664575
3.697896
3.659882
3.648632
3.706399
3.787955
3.922619
4.082006
4.210120
4.208705
4.167857
4.156181
4.151079
4.069105
4.031239
3.975863
3.894879
3.773759
3.683062
3.696418
3.699604
3.730684
3.666368
3.657491
3.706646
3.785085
3.920382
4.070957
4.193770
4.186941
4.149230
4.127023
4.138170
4.094881
4.052299
3.992142
3.899315
3.797532
3.726852
3.725753
3.728233
3.766502
3.701377
3.690059
3.770906
3.847540
3.996379
4.157341
4.202632
4.195048
4.151315
4.156515
4.164419
4.033556
3.998868
3.944187
3.861232
3.757996
3.668508
3.653594
3.663482
3.699519
3.669940
3.650269
3.653375
3.707482
3.862996
4.025770
4.192966
4.199817
4.158728
4.164949
4.157657
4.012467
3.973901
3.920000
3.827897
3.702433
3.608353
3.616125
3.620906
-0.008821
-0.019396
-0.069517
0.019352
0.102309
0.184590
0.264678
0.301546
0.353794
0.468034
0.634181
0.816741
0.999383
1.170070
1.326839
1.473118
1.609670
1.735984
1.870300
2.007876
2.127225
2.204160
2.256233
2.257009
2.250196
2.226523
2.195754
2.135894
2.101823
2.087766
2.101083
2.126112
2.180028
2.249537
2.259866
2.257527
2.188879
2.281294
2.390113
2.543440
2.704156
2.845660
2.928167
2.967119
3.022526
3.073637
3.038736
2.997548
2.970796
2.940646
2.949813
2.966462
2.994370
3.015327
3.010235
2.961863
2.928243
2.958521
3.053501
3.188565
3.342840
3.493787
3.636586
3.593893
3.483218
3.513627
3.300742
3.266571
3.249987
3.263954
3.220460
3.190685
3.193470
3.208395
3.231324
3.170895
3.214516
3.310881
3.390324
3.501312
3.604734
3.608942
3.626259
3.612294
3.526561
3.534479
3.443325
3.403908
3.381768
3.372518
3.315669
3.279193
3.276830
3.295958
3.302281
3.277023
3.297602
3.371058
3.439728
3.520924
3.603163
3.637426
3.645343
3.628515
3.616186
3.621443
3.443682
3.405450
3.369691
3.364990
3.312623
3.270222
3.265782
3.282773
3.291844
3.260996
3.274343
3.327329
3.399796
3.499910
3.605704
3.689299
3.681123
3.658010
3.594883
3.600470
3.446014
3.405652
3.365888
3.361944
3.330213
3.301028
3.287432
3.294951
3.304355
3.274862
3.286990
3.334271
3.401036
3.498570
3.612507
3.734581
3.729355
3.694784
3.586811
3.596896
3.424119
3.397449
3.345190
3.335591
3.305602
3.278058
3.261876
3.250221
3.176953
3.122354
3.146460
3.240078
3.340686
3.501516
3.548556
3.545019
3.525877
3.509792
3.542174
3.504598
3.326747
3.287905
3.241099
3.213546
3.179175
3.136068
3.119890
3.135260
3.162652
3.109594
3.124940
3.194630
3.260284
3.388211
3.535146
3.676036
3.668025
3.605381
3.479554
3.496200
3.354654
3.329347
3.277490
3.265899
3.242149
3.217954
3.202541
3.072414
3.057347
3.026273
3.039708
3.133880
3.230356
3.408991
3.565228
3.572460
3.552327
3.520941
3.508261
3.416013
3.265384
3.216917
3.178837
3.144673
3.140537
3.118414
3.108070
3.121890
3.118910
3.042667
3.058710
3.090743
3.175945
3.319893
3.479301
3.559092
3.543536
3.511239
3.461694
3.445503
3.365485
3.306091
3.257679
3.236251
3.220632
3.202479
3.188079
3.194055
3.206989
3.109588
3.117358
3.157832
3.221265
3.370385
3.548324
3.653294
3.626466
3.588525
3.546000
3.512199
3.333457
3.272496
3.228074
3.203869
3.181160
3.162553
3.147925
3.110024
3.050142
3.008169
3.021355
3.100488
3.184841
3.337158
3.520801
3.605099
3.586898
3.552994
3.450483
3.423566
3.275131
3.220863
3.171957
3.141446
3.124774
3.110172
3.099826
3.034861
2.986642
2.949163
2.965044
3.039685
3.121703
3.296845
3.480432
3.528232
3.512892
3.492713
3.435492
3.387428
3.245605
3.193613
3.143583
3.112437
3.104586
3.094695
3.087667
3.096112
3.021880
2.966488
2.980509
3.047525
3.122740
3.289034
3.465993
3.541041
3.525670
3.509415
3.452549
3.430918
3.278054
3.223157
3.169771
3.139516
3.126929
3.115486
3.106093
3.103893
3.024963
2.969649
2.982545
3.058899
3.131451
3.297783
3.471338
3.539478
3.526505
3.513829
3.473399
3.450330
3.291603
3.238122
3.181390
3.145969
3.136138
3.125100
3.116095
3.078047
3.010131
2.968233
2.972645
3.051846
3.141778
3.312524
3.474421
3.478984
3.462806
3.448149
3.416497
3.399265
3.253011
3.202342
3.148735
3.121137
3.122588
3.111460
3.103008
3.113738
3.135448
3.049966
3.058649
3.126638
3.188802
3.337867
3.504623
3.591959
3.573406
3.550804
3.441281
3.419221
3.318052
3.264776
3.216732
3.193369
3.179058
3.165932
3.155017
3.159585
3.140826
3.058759
3.072347
3.129944
3.192089
3.343719
3.525779
3.630353
3.605098
3.566450
3.539040
3.503333
3.326096
3.265471
3.222045
3.196491
3.172424
3.153399
3.139863
3.081325
3.031238
2.994255
3.006953
3.086416
3.166836
3.313107
3.496291
3.597291
3.584494
3.553834
3.443953
3.424069
3.268815
3.214044
3.164436
3.137710
3.124151
3.111423
3.102264
3.059570
2.998477
2.955461
2.968412
3.044542
3.124558
3.287823
3.466036
3.535248
3.521987
3.502274
3.461796
3.402677
3.259228
3.207803
3.156435
3.121219
3.111749
3.103028
3.096972
3.038093
2.983753
2.950701
2.949945
3.036458
3.132981
3.302396
3.432787
3.429265
3.420616
3.401307
3.397310
3.381658
3.240145
3.191467
3.139157
3.113751
3.117570
3.107416
3.100075
3.111748
3.131242
3.047815
3.060485
3.126161
3.179770
3.329245
3.493527
3.586265
3.573483
3.549515
3.435670
3.421440
3.320610
3.270404
3.224472
3.201248
3.191160
3.181774
3.174870
3.182857
3.176520
3.083010
3.099779
3.156103
3.222395
3.360576
3.536631
3.630227
3.608511
3.571761
3.547538
3.523061
3.334061
3.270840
3.225552
3.205590
3.188803
3.173381
3.159400
3.167366
3.159460
3.070019
3.086144
3.158024
3.221642
3.365129
3.538048
3.652341
3.626595
3.581685
3.530657
3.495964
3.310945
3.250640
3.205665
3.191497
3.174898
3.156071
3.143051
3.147277
3.143365
3.047307
3.061404
3.116605
3.175344
3.325112
3.515128
3.650146
3.618490
3.574564
3.514547
3.422291
3.258517
3.216022
3.177642
3.151037
3.125841
3.110331
3.094626
2.995022
2.962540
2.933850
2.941746
3.025070
3.130496
3.303867
3.439927
3.445298
3.437919
3.404183
3.422482
3.364157
3.227088
3.179050
3.136022
3.111189
3.113094
3.097336
3.084077
3.100994
3.109096
3.024825
3.050536
3.074569
3.149199
3.289577
3.452308
3.543517
3.529993
3.499886
3.401556
3.394912
3.318583
3.272370
3.224453
3.199238
3.193918
3.186791
3.183517
3.191945
3.195751
3.103740
3.121306
3.148614
3.187155
3.324837
3.505094
3.617319
3.595308
3.558285
3.523767
3.494522
3.326630
3.265213
3.223140
3.201791
3.179488
3.163082
3.150610
3.138572
3.057445
3.007069
3.025938
3.107564
3.184307
3.337940
3.516405
3.591090
3.572209
3.538526
3.433298
3.401669
3.281561
3.230404
3.186298
3.173079
3.157838
3.139767
3.130205
3.136948
3.124132
3.046302
3.055589
3.109671
3.177912
3.321069
3.500160
3.655021
3.633180
3.593656
3.530884
3.434892
3.289077
3.238937
3.196791
3.169347
3.154669
3.142583
3.132272
3.093488
3.031345
2.981761
2.998846
3.080317
3.166793
3.336479
3.507188
3.530685
3.517623
3.496864
3.462691
3.430290
3.284324
3.235574
3.186109
3.151155
3.147912
3.131341
3.117333
3.123068
3.140766
3.058702
3.069929
3.111498
3.186646
3.324970
3.480214
3.558678
3.547760
3.519728
3.464196
3.443972
3.383093
3.326158
3.270038
3.234328
3.216731
3.196683
3.183129
3.189468
3.205248
3.125280
3.131322
3.189092
3.247039
3.385872
3.555252
3.690267
3.665906
3.627179
3.526289
3.491863
3.360041
3.303465
3.256397
3.231361
3.208952
3.187972
3.171441
3.074441
3.032502
3.002972
3.010437
3.083686
3.169327
3.324993
3.492499
3.624334
3.622275
3.576617
3.504203
3.477754
3.329459
3.278006
3.225739
3.186904
3.168422
3.151770
3.140629
3.109892
3.029595
2.983836
2.999579
3.066476
3.153792
3.319637
3.494222
3.564603
3.553616
3.526226
3.472466
3.449496
3.312668
3.265077
3.209433
3.171186
3.156611
3.140875
3.127831
3.127449
3.110904
3.037944
3.046710
3.132585
3.214117
3.378274
3.552061
3.559529
3.535442
3.504648
3.481455
3.445887
3.329744
3.272336
3.222413
3.195411
3.167693
3.131599
3.115101
3.115946
3.144595
3.081526
3.079930
3.128058
3.182494
3.315143
3.488715
3.663235
3.699226
3.652716
3.509438
3.494216
3.378054
3.326013
3.282216
3.262587
3.235201
3.207256
3.138060
3.018165
3.008653
2.981260
2.990958
3.083727
3.190791
3.365976
3.488562
3.498209
3.487986
3.440787
3.481221
3.430444
3.292663
3.243484
3.214532
3.181571
3.135999
3.071930
3.047535
3.069032
3.100328
3.035416
3.046764
3.107494
3.189909
3.331813
3.482864
3.529045
3.518034
3.491697
3.467131
3.440269
3.378738
3.321699
3.267794
3.235983
3.216131
3.193607
3.181066
3.186785
3.210226
3.182838
3.182362
3.223176
3.251906
3.380050
3.530660
3.681198
3.692957
3.646760
3.508196
3.508859
3.347721
3.294841
3.250902
3.232791
3.208047
3.181597
3.138401
3.010666
3.003733
2.978486
2.982958
3.086237
3.192423
3.367633
3.471916
3.473086
3.466447
3.431276
3.480770
3.423093
3.272504
3.225151
3.184683
3.147518
3.097687
3.036561
3.034322
3.055608
3.090441
3.047592
3.048270
3.116094
3.195451
3.330009
3.487267
3.596467
3.578903
3.543642
3.510512
3.492680
3.408619
3.339989
3.287883
3.268223
3.245181
3.217122
3.199374
3.199663
3.216431
3.148667
3.146774
3.194512
3.249644
3.381830
3.541644
3.689467
3.662946
3.621884
3.542090
3.518006
3.393585
3.333486
3.287496
3.267822
3.242422
3.217264
3.200236
3.074713
3.048625
3.021921
3.025320
3.127235
3.215382
3.375882
3.559527
3.624197
3.608063
3.554543
3.480099
3.448482
3.312271
3.258205
3.208902
3.171464
3.159144
3.135973
3.118886
3.114201
3.102409
3.030637
3.033254
3.113909
3.183603
3.343822
3.530145
3.616997
3.588247
3.541276
3.488518
3.449899
3.352321
3.295286
3.248400
3.230515
3.202948
3.169687
3.148841
3.141055
3.163227
3.083203
3.074286
3.138626
3.192195
3.323008
3.499916
3.673675
3.706893
3.654069
3.550771
3.505321
3.421274
3.362076
3.317547
3.297218
3.270952
3.242403
3.173555
3.025017
3.022591
3.004206
3.005895
3.115833
3.211071
3.376635
3.560514
3.595214
3.579810
3.522866
3.472056
3.438810
3.283481
3.233092
3.185400
3.139180
3.129205
3.104625
3.087717
3.080886
3.072937
3.002346
3.009127
3.083116
3.164490
3.335567
3.505671
3.494553
3.470790
3.437577
3.439154
3.367564
3.260002
3.213686
3.169557
3.154389
3.127602
3.090891
3.078732
3.080196
3.114174
3.060946
3.058166
3.121395
3.179557
3.313693
3.490737
3.663275
3.684862
3.634496
3.529836
3.491213
3.383042
3.330192
3.287441
3.269347
3.250802
3.221472
3.198029
3.146580
3.068387
3.028583
3.023507
3.131209
3.210057
3.380636
3.572394
3.608778
3.583595
3.566236
3.510451
3.437597
3.277750
3.217247
3.179262
3.146661
3.141176
3.122703
3.110580
3.110564
3.123158
3.031641
3.025648
3.089529
3.160649
3.290412
3.465422
3.620328
3.605138
3.589052
3.486963
3.460319
3.360378
3.288001
3.247002
3.224800
3.207319
3.186920
3.167909
3.150362
3.053672
3.009248
3.007425
3.092689
3.171058
3.314620
3.499362
3.631556
3.618076
3.602671
3.527363
3.498070
3.355141
3.284592
3.243486
3.208957
3.185965
3.165488
3.155212
3.119563
3.041544
2.999659
2.998868
3.081506
3.166666
3.312944
3.490928
3.607137
3.600366
3.588469
3.509535
3.486539
3.348131
3.280037
3.232108
3.191707
3.174452
3.157325
3.144330
3.144340
3.066528
3.001909
3.007973
3.105653
3.180252
3.330821
3.514498
3.593262
3.574224
3.564960
3.466233
3.445079
3.316524
3.251563
3.202348
3.164225
3.152413
3.135508
3.120404
3.116695
3.111516
3.029953
3.027522
3.121927
3.178180
3.323510
3.506869
3.623460
3.597471
3.580270
3.505796
3.479932
3.355505
3.280297
3.237330
3.206065
3.188169
3.165524
3.146467
3.141743
3.058696
3.007277
3.005471
3.091965
3.153821
3.284118
3.463569
3.628026
3.617891
3.600621
3.494722
3.467762
3.347472
3.272698
3.231736
3.203236
3.185369
3.165527
3.152039
3.101171
3.020065
2.980439
2.978003
3.066674
3.149138
3.298458
3.490871
3.599722
3.581680
3.564240
3.466596
3.446305
3.312221
3.243691
3.202717
3.164904
3.146462
3.129750
3.117218
3.061689
2.994222
2.960087
2.959081
3.036504
3.118715
3.266607
3.449272
3.573040
3.569273
3.556177
3.463196
3.444143
3.311368
3.246430
3.200757
3.164467
3.152710
3.141459
3.131832
3.126264
3.108325
3.022653
3.027433
3.123006
3.191481
3.341694
3.526558
3.603446
3.577157
3.565168
3.513023
3.485068
3.344508
3.273370
3.230081
3.200373
3.185241
3.162585
3.146935
3.142655
3.161238
3.085816
3.078517
3.160494
3.200041
3.318696
3.479341
3.643316
3.662914
3.640009
3.534967
3.521030
3.407490
3.328142
3.288158
3.264283
3.237048
3.208524
3.189140
3.031751
3.010740
2.990387
2.984935
3.090647
3.178228
3.327115
3.512586
3.574150
3.562096
3.546141
3.479687
3.473236
3.291285
3.221386
3.178841
3.130035
3.119684
3.104900
3.093425
3.095207
3.063565
2.991457
2.995244
3.084599
3.160538
3.325805
3.495879
3.485176
3.463513
3.461793
3.419063
3.396281
3.282332
3.214000
3.172855
3.144808
3.127252
3.094090
3.076026
3.080791
3.115793
3.057361
3.043072
3.130044
3.180246
3.288147
3.456134
3.622388
3.694890
3.670076
3.523319
3.518138
3.429600
3.340985
3.302154
3.278687
3.257805
3.231414
3.211533
3.097335
3.059621
3.025376
3.024530
3.130729
3.230837
3.406184
3.521625
3.520864
3.509678
3.492152
3.496615
3.496028
3.318471
3.254633
3.222756
3.182887
3.148617
3.088016
3.054984
3.077639
3.115288
3.069080
3.058806
3.152445
3.233481
3.349994
3.495821
3.597346
3.577483
3.561684
3.482750
3.476623
3.393459
3.335130
3.294161
3.277177
3.255281
3.224373
3.207180
3.204816
3.225534
3.173587
3.158736
3.212672
3.211537
3.310527
3.457164
3.620162
3.683454
3.656949
3.562192
3.554485
3.437909
3.343494
3.305439
3.283093
3.256140
3.227064
3.204915
3.133544
3.093566
3.053735
3.042793
3.148994
3.245598
3.407376
3.509712
3.504876
3.494192
3.476665
3.469161
3.505305
3.341802
3.258960
3.215326
3.174167
3.149703
3.106197
3.084666
3.097646
3.128286
3.082429
3.066666
3.160531
3.198627
3.314366
3.471688
3.634020
3.695571
3.670852
3.541226
3.535537
3.422063
3.335401
3.296507
3.270684
3.247044
3.218405
3.197592
3.097394
3.061853
3.028785
3.021820
3.125695
3.212948
3.370254
3.515614
3.525085
3.514781
3.494683
3.493310
3.530252
3.338830
3.263240
3.223543
3.181468
3.156117
3.104744
3.075293
3.091758
3.125356
3.085033
3.071995
3.173222
3.211173
3.329576
3.486161
3.638410
3.646543
3.626627
3.517513
3.510611
3.420465
3.331315
3.291714
3.266470
3.247495
3.222372
3.204645
3.130795
3.066370
3.031437
3.023391
3.126634
3.204943
3.350854
3.529559
3.576097
3.562385
3.549661
3.529869
3.500418
3.336411
3.266930
3.226339
3.188118
3.174481
3.150834
3.135570
3.132226
3.156938
3.116171
3.105279
3.198909
3.233747
3.344423
3.487590
3.638668
3.687540
3.661057
3.520987
3.524612
3.422621
3.329374
3.289410
3.264109
3.244472
3.217336
3.196610
3.193012
3.098753
3.044270
3.039806
3.139435
3.225951
3.385017
3.500940
3.507456
3.501836
3.473262
3.467933
3.455392
3.300386
3.251020
3.230959
3.192183
3.164697
3.109812
3.046955
3.039471
3.066224
2.995152
2.981061
3.043300
3.111133
3.245956
3.398294
3.423074
3.414146
3.406342
3.405581
3.399564
3.348203
3.256947
3.204787
3.164393
3.157428
3.145180
3.133618
3.130111
3.157491
3.117216
3.087351
3.160691
3.164370
3.255578
3.409173
3.575155
3.652962
3.630693
3.535190
3.498013
3.436733
3.313649
3.282621
3.258793
3.237294
3.214630
3.200171
3.174663
3.075648
3.014841
3.018013
3.101110
3.193491
3.340767
3.480151
3.473841
3.466450
3.454006
3.460740
3.449964
3.318907
3.236338
3.193662
3.158863
3.153708
3.123960
3.101222
3.109571
3.142347
3.105459
3.071455
3.162458
3.181610
3.279913
3.429840
3.583667
3.613225
3.594807
3.464305
3.441413
3.388465
3.272496
3.237951
3.211423
3.207017
3.193346
3.184627
3.193803
3.172156
3.075882
3.064126
3.141910
3.224830
3.358860
3.502127
3.498759
3.490051
3.476766
3.483382
3.524786
3.348668
3.252297
3.222443
3.190272
3.176863
3.130388
3.095516
3.109769
3.146607
3.104441
3.069079
3.154177
3.223765
3.321582
3.463876
3.597408
3.593460
3.579023
3.474581
3.453103
3.394295
3.301306
3.261282
3.242201
3.230780
3.209755
3.195760
3.195263
3.212916
3.148059
3.114220
3.187074
3.231606
3.341790
3.499373
3.660853
3.654010
3.634340
3.577734
3.517895
3.470181
3.334081
3.291189
3.261199
3.244323
3.218266
3.196663
3.147915
3.053678
3.025193
3.006987
3.103706
3.155164
3.275714
3.442998
3.623056
3.631869
3.608711
3.526346
3.470324
3.400533
3.286274
3.246733
3.210442
3.201922
3.173117
3.151323
3.128310
3.145726
3.074870
3.044034
3.129638
3.163301
3.280941
3.451852
3.620853
3.612265
3.589886
3.540845
3.485693
3.428537
3.307217
3.271504
3.243568
3.228194
3.197317
3.172746
3.148426
3.046195
3.013573
2.993492
3.090136
3.142219
3.268380
3.448453
3.626770
3.622636
3.598911
3.516743
3.462966
3.377012
3.271282
3.233658
3.202634
3.193408
3.163110
3.141549
3.116843
3.122544
3.035824
3.008775
3.093929
3.130568
3.258502
3.448017
3.624845
3.606305
3.583090
3.532789
3.478957
3.387362
3.281406
3.245085
3.215995
3.203352
3.177922
3.155716
3.095892
3.008650
2.988635
2.973733
3.060329
3.140347
3.271038
3.448472
3.624231
3.623104
3.597677
3.509632
3.482107
3.408055
3.326934
3.284428
3.256600
3.236154
3.199189
3.172870
3.146828
3.165639
3.090457
3.078923
3.167656
3.226326
3.356865
3.527898
3.668736
3.638686
3.611434
3.531368
3.468631
3.360101
3.291538
3.250590
3.225437
3.215309
3.188546
3.165976
3.148325
3.167187
3.081040
3.067234
3.161644
3.228969
3.360551
3.540745
3.652866
3.630905
3.604291
3.576152
3.545405
3.442977
3.362550
3.314909
3.286704
3.257367
3.212170
3.179421
3.161871
3.186455
3.146029
3.133898
3.195959
3.225485
3.338848
3.496331
3.660989
3.723251
3.692518
3.547955
3.541895
3.468181
3.360935
3.323836
3.298141
3.273951
3.242173
3.216640
3.088699
3.059140
3.030322
3.018956
3.132083
3.218043
3.389903
3.532623
3.547622
3.535299
3.505551
3.500924
3.541874
3.346415
3.280335
3.240808
3.202956
3.181113
3.137028
3.090769
3.091260
3.111509
3.039206
3.034706
3.092582
3.177661
3.316700
3.464773
3.503574
3.490894
3.480162
3.453464
3.423822
3.360073
3.286920
3.240585
3.218786
3.157348
3.093555
3.031267
3.046481
3.082025
3.066936
3.057347
3.071674
3.024432
3.178010
3.348111
3.514923
3.589400
3.560657
3.545595
3.561893
3.400796
3.314021
3.262734
3.219584
3.205251
3.168517
3.136762
3.115658
3.120910
3.024961
3.025311
3.088435
3.149125
3.282474
3.455491
3.609203
3.581272
3.558600
3.461813
3.442130
3.359968
3.281119
3.241009
3.217952
3.197849
3.168774
3.145273
3.047198
2.991816
2.966485
2.954783
3.065876
3.135377
3.294872
3.485297
3.588195
3.568572
3.547056
3.475108
3.458873
3.306312
3.236380
3.195339
3.148105
3.130294
3.110188
3.095936
3.022177
2.963306
2.934687
2.930412
2.999162
3.081768
3.225332
3.402872
3.550920
3.553308
3.534952
3.449361
3.428642
3.328359
3.260000
3.214764
3.176148
3.166905
3.154257
3.143004
3.133421
3.110711
3.024390
3.029831
3.103405
3.173562
3.320574
3.500821
3.611272
3.589152
3.574065
3.510655
3.484922
3.366030
3.294638
3.249084
3.218198
3.200312
3.176578
3.157666
3.148697
3.165392
3.089173
3.081653
3.158869
3.213772
3.344344
3.508157
3.665377
3.639254
3.620816
3.543082
3.469783
3.343557
3.273567
3.230097
3.206027
3.190445
3.166903
3.147575
3.138660
3.050040
3.000375
2.997753
3.104532
3.172603
3.325361
3.520076
3.620742
3.599295
3.581420
3.497848
3.476575
3.319078
3.252019
3.208702
3.169099
3.151578
3.133210
3.117846
3.097754
3.011236
2.969321
2.969763
3.047966
3.121046
3.259021
3.432652
3.587792
3.589329
3.572706
3.474400
3.450714
3.336692
3.267698
3.223340
3.185819
3.171167
3.156353
3.144628
3.138740
3.042417
2.977022
2.986990
3.063469
3.146345
3.288227
0.026603
0.113176
0.184867
0.278360
0.363942
0.450943
0.534859
0.612626
0.674133
0.779630
0.884289
1.014599
1.152598
1.274417
1.345918
1.342168
1.349870
1.365030
1.370151
1.373108
1.357982
1.355307
1.360893
1.342641
1.329610
1.322309
1.326648
1.341800
1.357872
1.376395
1.377333
1.430153
1.527797
1.689984
1.853640
1.949488
1.919810
1.828279
1.675390
1.687473
1.596157
1.578675
1.585657
1.570084
1.545565
1.522763
1.513244
1.508336
1.508587
1.453342
1.446513
1.540565
1.653793
1.838354
2.004130
2.022980
1.982944
1.890249
1.714107
1.694034
1.617135
1.594506
1.601184
1.596514
1.585426
1.574775
1.576486
1.575429
1.568925
1.526087
1.519397
1.613151
1.718961
1.909512
2.054962
2.061767
2.023126
1.926344
1.747195
1.735495
1.633623
1.610350
1.618709
1.614721
1.603392
1.591470
1.589975
1.586108
1.578279
1.524837
1.516986
1.616463
1.726073
1.917286
2.061916
2.055774
2.017920
1.923521
1.743062
1.718788
1.630800
1.604506
1.611271
1.608958
1.600299
1.590631
1.592951
1.592986
1.585784
1.543239
1.539108
1.633338
1.735480
1.926324
2.078658
2.107032
2.065176
1.952441
1.762785
1.739059
1.629910
1.602303
1.612434
1.613519
1.608128
1.601236
1.602378
1.600740
1.590146
1.516153
1.506305
1.608471
1.726853
1.919141
2.093911
2.090206
2.052621
1.980486
1.798628
1.742387
1.626647
1.599309
