0.000065
0.001247
0.011247
0.016865
0.021910
0.021754
0.029348
0.059709
0.068980
0.043453
0.023648
0.020214
0.019695
0.015039
0.006051
-0.008928
-0.022992
-0.031583
-0.036599
-0.040293
-0.042329
-0.035557
-0.024250
-0.014213
-0.007670
-0.004266
-0.003799
0.001362
0.001846
-0.015363
-0.045347
-0.064499
-0.051514
-0.035204
-0.018555
-0.013633
-0.001658
0.015702
0.023527
0.003688
-0.000963
0.001294
0.003901
0.004343
-0.001416
-0.014899
-0.034650
-0.046122
-0.058262
-0.065249
-0.092500
-0.106935
-0.093260
-0.083300
-0.071747
-0.060862
-0.046324
-0.024953
-0.006214
-0.008609
-0.021515
-0.026580
-0.030156
-0.037299
-0.053590
-0.072382
-0.085375
-0.083531
-0.084844
-0.094265
-0.123653
-0.132333
-0.116640
-0.114030
-0.122500
-0.110355
-0.066172
-0.010659
0.032389
0.034069
0.025792
0.019185
0.010245
-0.005948
-0.028529
-0.046088
-0.053164
-0.046593
-0.043761
-0.055185
-0.085768
-0.088385
-0.071623
-0.062018
-0.057240
-0.051102
-0.018568
0.027263
0.063523
0.063370
0.057647
0.055159
0.049107
0.035792
0.013981
-0.005450
-0.016925
-0.011144
-0.008000
-0.013442
-0.044992
-0.055724
-0.048178
-0.046540
-0.050558
-0.053198
-0.030415
0.006557
0.035588
0.037676
0.030714
0.030116
0.029131
0.022674
0.006591
-0.010046
-0.019062
-0.008513
-0.000348
0.001259
-0.031079
-0.045320
-0.042533
-0.047092
-0.061713
-0.069997
-0.049878
-0.014920
0.012739
0.025048
0.025614
0.032900
0.037457
0.035057
0.023465
0.016631
0.021903
0.045619
0.066689
0.070217
0.036468
0.020478
0.024492
0.020627
0.010922
0.003526
0.023572
0.061873
0.097880
0.104630
0.100901
0.098283
0.093747
0.082557
0.062214
0.037157
0.013625
0.015972
0.019876
0.035681
-0.002401
-0.030447
-0.046739
-0.074979
-0.111572
-0.134991
-0.136924
-0.124798
-0.107489
-0.101907
-0.096300
-0.077792
-0.059921
-0.045570
-0.043755
-0.038438
-0.014249
0.040805
0.092758
0.125942
0.084400
0.060111
0.061248
0.052421
0.037023
0.025585
0.044643
0.087904
0.132262
0.145557
0.149195
0.150389
0.148767
0.137195
0.115406
0.090423
0.068792
0.076683
0.090058
0.108860
0.067978
0.032994
0.008480
-0.031443
-0.081885
-0.120298
-0.135651
-0.133996
-0.119243
-0.106020
-0.095593
-0.073086
-0.044043
-0.022413
-0.013025
-0.001714
0.029509
0.094138
0.155158
0.205664
0.166107
0.134640
0.125963
0.099975
0.063565
0.043974
0.063328
0.110749
0.161322
0.189977
0.204808
0.211401
0.208583
0.196083
0.173740
0.147517
0.124666
0.133627
0.151378
0.177212
0.137372
0.094981
0.060381
0.009564
-0.049889
-0.100136
-0.126025
-0.129348
-0.117937
-0.097539
-0.089499
-0.074267
-0.049533
-0.029134
-0.021534
-0.017223
0.003290
0.061043
0.124894
0.218825
0.179287
0.124522
0.103678
0.056597
0.007702
-0.021395
-0.022580
0.005231
0.043742
0.077347
0.087201
0.094910
0.101785
0.105760
0.100577
0.091150
0.088727
0.120446
0.152206
0.188221
0.150105
0.107364
0.082988
0.039144
-0.016742
-0.051470
-0.056992
-0.042130
-0.013075
0.008546
0.024557
0.044628
0.061841
0.075244
0.076447
0.073848
0.085054
0.131990
0.175752
0.217654
0.180978
0.139176
0.115033
0.069913
0.015061
-0.016295
-0.015634
0.010846
0.050320
0.080808
0.101541
0.115480
0.127230
0.133850
0.128706
0.119131
0.113960
0.141226
0.180849
0.225400
0.189967
0.141835
0.112480
0.048940
-0.024059
-0.064277
-0.077775
-0.067913
-0.047918
-0.025485
-0.016614
-0.000153
0.011959
0.018097
0.011382
-0.001623
-0.004889
0.037793
0.093196
0.166463
0.127664
0.075586
0.052580
-0.010248
-0.069618
-0.102310
-0.111937
-0.090008
-0.048978
-0.013415
0.001850
0.026463
0.048383
0.063764
0.073261
0.087969
0.122694
0.186442
0.251984
0.306027
0.271292
0.242706
0.232833
0.199206
0.152968
0.136789
0.162163
0.210802
0.264808
0.287172
0.294401
0.293791
0.276224
0.246108
0.207172
0.167558
0.133592
0.141227
0.168841
0.201584
0.160722
0.115270
0.081740
0.020237
-0.047410
-0.092981
-0.121378
-0.123131
-0.109404
-0.091320
-0.080990
-0.063279
-0.036663
-0.021179
-0.017917
-0.005900
0.021073
0.082828
0.148944
0.220111
0.182459
0.138184
0.124684
0.088998
0.045345
0.023118
0.034709
0.076035
0.124876
0.171475
0.194046
0.205365
0.209447
0.203565
0.187160
0.170704
0.164394
0.190696
0.216982
0.244424
0.207976
0.171934
0.143789
0.097347
0.036847
-0.001766
-0.011790
-0.003023
0.017900
0.038403
0.055800
0.071772
0.085929
0.097666
0.097593
0.093538
0.100638
0.142014
0.183991
0.223221
0.189180
0.147346
0.122937
0.074796
0.012716
-0.019983
-0.023449
-0.002002
0.034658
0.062253
0.078734
0.090099
0.100821
0.105436
0.098577
0.088651
0.088728
0.128950
0.182298
0.235194
0.203424
0.160083
0.133245
0.075540
0.005713
-0.025302
-0.029562
-0.008629
0.017993
0.040555
0.051410
0.059127
0.066298
0.065947
0.052768
0.034850
0.025865
0.061987
0.111244
0.168380
0.132933
0.081745
0.057937
-0.000830
-0.065999
-0.101724
-0.118634
-0.108057
-0.079341
-0.055148
-0.038295
-0.011921
0.015639
0.033048
0.045726
0.062996
0.094898
0.162092
0.229029
0.296552
0.257323
0.220853
0.207854
0.170277
0.119030
0.097192
0.114255
0.158653
0.206262
0.242016
0.255519
0.256538
0.245435
0.224600
0.194858
0.163691
0.138057
0.149773
0.178356
0.214630
0.178338
0.132971
0.098757
0.046256
-0.020308
-0.064806
-0.087547
-0.088108
-0.072682
-0.057241
-0.048771
-0.033106
-0.016408
-0.006859
-0.010370
-0.004646
0.018520
0.079622
0.142933
0.220833
0.181421
0.133060
0.120455
0.091836
0.047196
0.024406
0.037001
0.081404
0.135174
0.190170
0.217482
0.231606
0.238584
0.236038
0.226406
0.222368
0.234307
0.274924
0.312463
0.337977
0.306549
0.280364
0.261464
0.219175
0.164279
0.131435
0.133945
0.158167
0.179088
0.176999
0.174550
0.174323
0.161894
0.141024
0.114456
0.087450
0.069789
0.104496
0.161207
0.226745
0.192735
0.153271
0.123828
0.073674
0.018020
-0.014643
-0.031668
-0.027312
-0.017760
-0.017026
-0.019900
-0.016537
-0.009559
-0.013698
-0.029081
-0.042876
-0.040698
-0.002329
0.052076
0.102848
0.066551
0.029213
0.018625
-0.007623
-0.038125
-0.052163
-0.045701
-0.015059
0.022276
0.055259
0.052809
0.063257
0.069698
0.071598
0.062917
0.053411
0.057423
0.090193
0.128543
0.165229
0.128597
0.104168
0.091862
0.062652
0.014477
-0.004649
0.007759
0.047892
0.084148
0.114466
0.119939
0.133937
0.140881
0.139011
0.126572
0.110945
0.103927
0.124942
0.153454
0.180984
0.146391
0.115439
0.088558
0.045383
-0.009639
-0.037250
-0.042515
-0.027615
-0.001160
0.016641
0.024424
0.042961
0.057391
0.065995
0.064362
0.059421
0.066087
0.105129
0.162857
0.210309
0.179140
0.156662
0.141460
0.104792
0.054070
0.032655
0.044374
0.082395
0.113685
0.139718
0.142303
0.151548
0.150530
0.140418
0.121315
0.099961
0.084752
0.100794
0.141304
0.189829
0.155094
0.116254
0.088101
0.037777
-0.020714
-0.053876
-0.064522
-0.054804
-0.037143
-0.026536
-0.021041
-0.000836
0.019675
0.025259
0.020149
0.023373
0.046322
0.101784
0.160819
0.217799
0.179304
0.149245
0.138508
0.105743
0.057167
0.037391
0.053208
0.097274
0.136684
0.166950
0.170998
0.177568
0.171961
0.158766
0.138048
0.115644
0.098964
0.112567
0.152188
0.202320
0.170330
0.132596
0.106135
0.061062
0.003785
-0.022579
-0.025205
-0.004891
0.015755
0.027721
0.027652
0.033257
0.039304
0.037815
0.025564
0.009522
0.002777
0.032161
0.083535
0.149403
0.116788
0.074624
0.052724
0.013332
-0.030533
-0.050162
-0.047343
-0.021006
0.008201
0.033389
0.032442
0.042187
0.049629
0.047011
0.034619
0.026900
0.035573
0.076128
0.122393
0.167514
0.130259
0.104402
0.096145
0.071467
0.029532
0.014075
0.031412
0.074122
0.111328
0.138985
0.141527
0.149244
0.146969
0.136776
0.118721
0.098549
0.086119
0.104148
0.140917
0.168379
0.136542
0.109974
0.094485
0.062037
0.012423
-0.008537
-0.003748
0.022913
0.052310
0.074642
0.074700
0.088458
0.097492
0.096308
0.086129
0.074813
0.075780
0.108809
0.149550
0.175396
0.141858
0.118476
0.103588
0.070777
0.021456
0.000491
0.007589
0.035774
0.068559
0.095757
0.099297
0.116929
0.125849
0.123547
0.112346
0.103489
0.110988
0.149582
0.192495
0.210232
0.176674
0.160310
0.147490
0.115941
0.066739
0.044641
0.051695
0.079323
0.114109
0.141335
0.146150
0.160819
0.165272
0.158373
0.143272
0.130013
0.130814
0.162371
0.202498
0.218202
0.186332
0.168579
0.152481
0.118486
0.068422
0.043084
0.042595
0.059064
0.084748
0.102328
0.116748
0.145967
0.164530
0.169372
0.170366
0.179025
0.206127
0.255416
0.309191
0.331888
0.302067
0.297938
0.294210
0.269730
0.226745
0.209138
0.232625
0.273894
0.320569
0.327036
0.299823
0.272396
0.238064
0.191947
0.138533
0.087000
0.045244
0.064070
0.113581
0.173420
0.137812
0.100350
0.068778
0.026273
-0.014543
-0.038180
-0.051376
-0.046105
-0.032263
-0.020260
-0.010989
0.015715
0.041242
0.059763
0.067121
0.072260
0.086592
0.123831
0.166198
0.205419
0.159435
0.137114
0.131712
0.109956
0.065396
0.045929
0.066872
0.106415
0.151077
0.177325
0.177186
0.179042
0.175010
0.156902
0.134792
0.122331
0.128748
0.166831
0.205631
0.206763
0.173588
0.165605
0.161188
0.140474
0.102573
0.084203
0.097323
0.130111
0.173955
0.201159
0.210186
0.203767
0.189433
0.170202
0.148153
0.133597
0.134417
0.164406
0.200378
0.214248
0.177680
0.162900
0.147534
0.122344
0.082673
0.061061
0.059892
0.073514
0.103553
0.113505
0.120031
0.142986
0.158853
0.157380
0.147392
0.140797
0.148211
0.177451
0.215457
0.246269
0.206830
0.186295
0.169964
0.139301
0.084096
0.061257
0.063953
0.083090
0.107642
0.118767
0.114441
0.118479
0.120423
0.109899
0.098304
0.096410
0.109085
0.152963
0.200336
0.217865
0.184443
0.171654
0.167221
0.143271
0.096247
0.076150
0.087647
0.117698
0.155982
0.187117
0.211550
0.200485
0.181458
0.172180
0.159131
0.149774
0.157895
0.188138
0.224447
0.249182
0.210603
0.192207
0.176217
0.148363
0.105450
0.083266
0.081074
0.093417
0.114355
0.122298
0.132072
0.151815
0.165705
0.171414
0.167842
0.166023
0.178738
0.212620
0.253805
0.281468
0.243422
0.227149
0.214929
0.187103
0.143160
0.120350
0.121334
0.137084
0.159190
0.166982
0.176548
0.192757
0.203324
0.207497
0.203223
0.201262
0.214214
0.246338
0.285382
0.311630
0.276508
0.261622
0.250227
0.222754
0.182214
0.158839
0.159326
0.173862
0.196018
0.206294
0.217917
0.223476
0.219676
0.217366
0.211303
0.209008
0.215426
0.241985
0.277085
0.299895
0.264550
0.245957
0.229473
0.200149
0.156556
0.130480
0.121891
0.128434
0.141705
0.149521
0.153804
0.166506
0.176552
0.176102
0.166347
0.159735
0.165612
0.194216
0.231291
0.257194
0.219898
0.203661
0.191829
0.166928
0.121066
0.097103
0.098198
0.115052
0.142766
0.157071
0.166341
0.178036
0.186181
0.189309
0.183274
0.178982
0.186143
0.214085
0.247953
0.271659
0.234144
0.214763
0.201831
0.173861
0.131251
0.107455
0.105069
0.115787
0.133254
0.144632
0.155413
0.173249
0.186438
0.188466
0.179980
0.174311
0.183290
0.211154
0.244041
0.264115
0.227652
0.211521
0.200877
0.179569
0.145611
0.126108
0.127185
0.141852
0.161980
0.171002
0.186729
0.193287
0.185876
0.180492
0.167798
0.159066
0.160956
0.181753
0.206914
0.223491
0.187148
0.168912
0.158031
0.143908
0.117286
0.100299
0.099614
0.112585
0.131718
0.145439
0.155557
0.156744
0.155141
0.148579
0.133321
0.123228
0.118727
0.132317
0.153963
0.169118
0.135697
0.108981
0.093345
0.068441
0.024999
0.002472
-0.002506
0.004277
0.015936
0.028456
0.035166
0.051419
0.076265
0.093848
0.094924
0.093195
0.100604
0.124022
0.156490
0.183263
0.147867
0.126386
0.116042
0.094262
0.058589
0.041496
0.045424
0.067167
0.092986
0.107916
0.116537
0.128031
0.137908
0.145609
0.141753
0.138045
0.149757
0.176222
0.214195
0.244107
0.204784
0.185388
0.178587
0.157092
0.121882
0.103698
0.106478
0.124760
0.144384
0.157784
0.162039
0.167784
0.171011
0.174082
0.166065
0.160528
0.171751
0.196711
0.231418
0.258083
0.218581
0.200661
0.192418
0.175592
0.147015
0.129567
0.130037
0.148596
0.168975
0.186651
0.189073
0.185430
0.177801
0.168703
0.151292
0.140089
0.130459
0.134175
0.154470
0.174400
0.149080
0.118457
0.096944
0.067467
0.027699
0.005319
-0.005122
-0.004816
-0.001858
0.008479
0.014328
0.027552
0.054060
0.075367
0.074268
0.071376
0.076588
0.100504
0.136111
0.162757
0.118986
0.098387
0.091670
0.072516
0.036028
0.017513
0.016514
0.034833
0.055841
0.086374
0.114296
0.133385
0.146835
0.151620
0.145470
0.141413
0.152961
0.179121
0.214894
0.238449
0.211213
0.191687
0.185236
0.164468
0.127775
0.108901
0.111885
0.130446
0.150808
0.153090
0.153201
0.154149
0.150787
0.146940
0.131910
0.120099
0.119503
0.134424
0.162615
0.189091
0.140493
0.123509
0.115880
0.102048
0.071383
0.056464
0.059032
0.075941
0.094449
0.122762
0.152724
0.160758
0.167910
0.167943
0.156044
0.146227
0.152150
0.170280
0.199123
0.221450
0.194237
0.174180
0.165441
0.149365
0.118661
0.099544
0.104778
0.125235
0.148195
0.162190
0.159600
0.148812
0.137614
0.125278
0.104657
0.089289
0.079105
0.081087
0.099936
0.119613
0.081723
0.055369
0.039310
0.022125
-0.002582
-0.017480
-0.023859
-0.020616
-0.016435
-0.000212
0.008543
0.024825
0.050102
0.068228
0.064666
0.059331
0.062168
0.081533
0.112008
0.132288
0.098286
0.071900
0.062920
0.046593
0.010569
-0.007200
-0.012076
0.001025
0.013215
0.027830
0.038758
0.067206
0.096526
0.114083
0.111875
0.108937
0.114732
0.138820
0.172567
0.195294
0.159235
0.138703
0.135081
0.115789
0.082402
0.067857
0.068624
0.084238
0.096188
0.109635
0.122515
0.121374
0.122376
0.121470
0.107004
0.097237
0.100475
0.122734
0.159508
0.181492
0.133933
0.112792
0.098315
0.073459
0.032353
0.012610
0.005804
0.015826
0.025958
0.044876
0.060416
0.080534
0.102797
0.116877
0.112165
0.108099
0.114124
0.138161
0.177726
0.204286
0.169423
0.145356
0.137190
0.113271
0.072070
0.051300
0.044508
0.053335
0.060116
0.071630
0.073125
0.076938
0.096819
0.107515
0.098053
0.085066
0.082959
0.109220
0.145783
0.166786
0.113995
0.095387
0.074850
0.041733
0.002283
-0.016777
-0.024615
-0.021992
-0.019237
-0.008068
-0.001506
0.009048
0.031865
0.048039
0.042899
0.036408
0.037531
0.061122
0.100167
0.131765
0.088272
0.061444
0.055069
0.033820
-0.007907
-0.029134
-0.033611
-0.017385
-0.003922
0.019024
0.033729
0.062150
0.099025
0.125601
0.128589
0.126347
0.131592
0.158305
0.193222
0.213084
0.177617
0.156672
0.154919
0.130329
0.090151
0.072555
0.075228
0.091054
0.100875
0.118575
0.132824
0.137340
0.144332
0.148964
0.137506
0.126202
0.125293
0.146192
0.181511
0.201138
0.164653
0.145556
0.132132
0.105374
0.064171
0.041392
0.028551
0.031495
0.033272
0.038890
0.047950
0.050854
0.067842
0.074391
0.062646
0.047952
0.041987
0.062859
0.100565
0.119854
0.072433
0.050264
0.043106
0.015108
-0.020171
-0.038359
-0.042929
-0.033036
-0.021374
0.007419
0.026806
0.051768
0.083089
0.099474
0.097307
0.090997
0.087304
0.104078
0.139521
0.175435
0.158625
0.114926
0.101815
0.076320
0.007842
-0.034031
-0.030956
-0.005130
0.032087
0.063225
0.076558
0.091651
0.117526
0.134556
0.124799
0.107082
0.092008
0.101478
0.128782
0.163859
0.140045
0.094826
0.059370
0.001202
-0.055144
-0.088237
-0.103250
-0.112424
-0.112538
-0.109899
-0.094084
-0.063806
-0.025138
0.002180
0.016474
0.006965
-0.006164
0.016245
0.073196
0.127727
0.123129
0.075408
0.043989
0.005025
-0.044299
-0.074396
-0.065901
-0.042568
-0.014257
0.021668
0.034386
0.049245
0.081944
0.106874
0.104378
0.081146
0.063460
0.070675
0.098796
0.129648
0.116727
0.068201
0.041948
-0.001267
-0.056740
-0.087319
-0.091256
-0.066434
-0.031880
0.010118
0.014788
0.024614
0.051282
0.078409
0.078429
0.062250
0.049468
0.060451
0.086247
0.118864
0.096149
0.058885
0.033000
-0.003633
-0.047665
-0.078545
-0.083369
-0.067394
-0.041507
-0.018674
-0.012762
0.003545
0.041802
0.076096
0.080913
0.068323
0.061737
0.081495
0.109598
0.141747
0.119527
0.078202
0.054285
0.015816
-0.033781
-0.062398
-0.062288
-0.041635
-0.008841
0.033941
0.036247
0.051417
0.081277
0.105641
0.100774
0.080757
0.062622
0.071288
0.099000
0.140268
0.132814
0.088588
0.048840
-0.011259
-0.072199
-0.096258
-0.099764
-0.088667
-0.065237
-0.041897
-0.029212
-0.003317
0.035048
0.072380
0.079387
0.067129
0.060181
0.083389
0.121694
0.167098
0.153977
0.113280
0.084160
0.038000
-0.022094
-0.049385
-0.050910
-0.014223
0.038446
0.091893
0.095447
0.108765
0.135408
0.157700
0.152200
0.133273
0.123371
0.141113
0.166406
0.201953
0.180179
0.146708
0.127787
0.083130
0.021383
-0.018053
-0.014866
0.039125
0.100731
0.128777
0.155133
0.179804
0.203962
0.230136
0.232737
0.222197
0.207721
0.214029
0.236388
0.305549
0.335458
0.290478
0.237314
0.133438
0.041244
-0.013458
-0.037265
0.062976
0.169976
0.201891
0.247298
0.465296
0.604216
-0.004448
-0.100979
-0.241817
-0.371502
-0.508023
-0.644185
-0.783358
-0.928918
-1.047119
-1.035291
-0.000620
-0.012614
-0.027739
-0.028360
-0.028558
-0.025954
-0.027160
-0.027117
-0.021093
0.007908
0.044919
0.030525
0.011606
0.009180
0.014819
0.018889
0.017671
0.010298
-0.001512
-0.012360
-0.024689
-0.036691
-0.041213
-0.047115
-0.045714
-0.044226
-0.045071
-0.048088
-0.052837
-0.053282
-0.049793
-0.055001
-0.081641
-0.113411
-0.113816
-0.097144
-0.079450
-0.072023
-0.063527
-0.050335
-0.035726
-0.045442
-0.059552
-0.054825
-0.039403
-0.015348
0.002689
0.003458
-0.006973
-0.000404
0.100732
0.201767
0.092737
0.039895
0.042077
0.069595
0.082114
0.086703
0.085641
0.101481
0.113946
0.090502
0.033597
0.041789
0.092303
0.123304
0.148873
0.173174
0.190754
0.209854
0.218004
0.247852
0.329826
0.273145
0.208108
0.217147
0.263777
0.302372
0.323032
0.331519
0.337751
0.320047
0.258863
0.181581
0.089564
0.006915
-0.067882
-0.146290
-0.229573
-0.297456
-0.349557
-0.309749
-0.273638
-0.295836
-0.297646
-0.284801
-0.251084
-0.202150
-0.150774
-0.109435
-0.063326
-0.050039
-0.048975
-0.081332
-0.095463
-0.095720
-0.072223
-0.056833
-0.063703
-0.039784
0.010973
0.063549
0.128179
0.098347
-0.023438
-0.067175
-0.080012
-0.094703
-0.118150
-0.119879
-0.085013
-0.052487
-0.041144
-0.078842
-0.125592
-0.120263
-0.105259
-0.106280
-0.129579
-0.153739
-0.162643
-0.152876
-0.129435
-0.168209
-0.242809
-0.281864
-0.262579
-0.239895
-0.219730
-0.198285
-0.118642
-0.059698
-0.031514
-0.055854
-0.084822
-0.078097
-0.064005
-0.068879
-0.094753
-0.121048
-0.142818
-0.153151
-0.138504
-0.177608
-0.250622
-0.296677
-0.283247
-0.262612
-0.248276
-0.220907
-0.142717
-0.082612
-0.046457
-0.061011
-0.071711
-0.066572
-0.060251
-0.065157
-0.086114
-0.108908
-0.129238
-0.136500
-0.111571
-0.122093
-0.180510
-0.241480
-0.254048
-0.261525
-0.255865
-0.228197
-0.196491
-0.182560
-0.185913
-0.218782
-0.231925
-0.227391
-0.215444
-0.211921
-0.218672
-0.219185
-0.199161
-0.148500
-0.090546
-0.077402
-0.110272
-0.139698
-0.148563
-0.167682
-0.196789
-0.193206
-0.151873
-0.089917
-0.079469
-0.092741
-0.077532
-0.070928
-0.053727
-0.035448
-0.027871
-0.017326
0.000851
0.015689
0.021668
-0.000052
-0.018059
-0.038590
-0.063384
-0.041716
-0.002957
0.023225
0.067328
0.001365
0.009883
0.020407
0.038473
0.052546
0.060166
0.067924
0.075478
0.093672
0.115108
0.103443
0.074972
0.063033
0.058573
0.057517
0.056436
0.051798
0.041814
0.026953
0.009076
-0.011526
-0.032104
-0.055832
-0.071779
-0.087336
-0.098545
-0.085992
-0.076775
-0.069739
-0.063352
-0.059078
-0.054570
-0.044630
-0.030196
-0.009487
0.048205
0.230638
0.456573
0.607664
0.628652
0.601206
0.545764
0.494011
0.448099
0.389192
0.320787
0.219076
0.087727
-0.045428
-0.125706
-0.165460
-0.144541
-0.082699
0.045792
0.148459
0.218206
0.283753
0.338338
0.459823
0.585214
0.676703
0.703470
0.667738
0.620962
0.563285
0.492061
0.417592
-0.002726
-0.033523
-0.075794
-0.102388
-0.123113
-0.157040
-0.183692
-0.220156
-0.256725
-0.293574
-0.331376
-0.371293
-0.414208
-0.461145
-0.513361
-0.571706
-0.637896
-0.713612
-0.799150
-0.896163
-1.001598
-1.026450
-1.015900
-0.964378
-0.900721
-0.829255
-0.754907
-0.682266
-0.610455
-0.536112
-0.454705
-0.359694
-0.321857
-0.215206
-0.070523
0.102340
0.311621
0.561492
0.821482
-0.000582
0.017833
0.049290
0.079104
0.098682
0.106041
0.105546
0.098356
0.094949
0.086155
0.049059
0.009664
-0.023421
-0.051100
-0.066153
-0.072035
-0.075261
-0.079516
-0.085019
-0.096167
-0.111957
-0.091140
-0.020783
0.192759
0.489475
0.752351
0.964021
1.047201
1.036424
1.020053
1.014934
0.992425
0.952393
0.893300
0.816005
0.732278
0.648183
0.575158
0.580743
0.652590
0.715643
0.852359
1.031472
1.043707
1.047763
1.046763
1.045205
1.047189
1.047159
1.047173
1.047200
1.047200
1.047200
1.044546
-0.005313
-0.035832
-0.064824
-0.078008
-0.087346
-0.097102
-0.107824
-0.115740
-0.104457
-0.069245
-0.058558
-0.090110
-0.109118
-0.110339
-0.111572
-0.114656
-0.116872
-0.122140
-0.127208
-0.152888
-0.181863
-0.131140
-0.021752
0.071951
0.283024
0.459917
0.613068
0.732986
0.838169
0.848010
-0.000948
-0.030040
-0.071842
-0.100093
-0.131016
-0.162874
-0.193754
-0.222596
-0.249499
-0.274327
-0.297013
-0.317417
-0.335435
-0.350832
-0.363138
-0.371980
-0.377425
-0.379284
-0.377430
-0.372667
-0.365946
-0.352598
-0.338767
-0.324002
-0.303099
-0.262623
-0.188253
-0.071233
0.081572
0.258235
0.423063
0.552060
0.583348
0.562770
0.521054
0.476663
0.445297
0.389305
0.331824
0.000959
0.018879
0.044487
0.072463
0.094543
0.105555
0.113710
0.119473
0.123757
0.127089
0.129391
0.130342
0.129927
0.128115
0.124866
0.120625
0.116018
0.111318
0.106370
0.101074
0.091826
0.082029
0.071490
0.057384
0.037219
0.006701
-0.036895
-0.088556
-0.142207
-0.193590
-0.245269
-0.287774
-0.321862
-0.340285
-0.344695
-0.335951
-0.314951
-0.291980
-0.264206
-0.234267
-0.223111
-0.237115
-0.268008
-0.000800
-0.017710
-0.038509
-0.043802
-0.057001
-0.065384
-0.071030
-0.075228
-0.078633
-0.081389
-0.083330
-0.084001
-0.083253
-0.081307
-0.078356
-0.074746
-0.070552
-0.065884
-0.059594
-0.048461
-0.040202
-0.032595
-0.025714
-0.019296
-0.011698
-0.000456
0.015251
0.031516
0.048498
0.065376
0.082341
0.099921
0.118872
0.140574
0.161593
0.186561
0.215382
0.249332
0.271867
0.287838
0.339597
-0.000889
0.041486
0.110501
0.173893
0.224250
0.264477
0.291921
0.304739
0.297353
0.281526
0.248229
0.170452
0.095837
0.046177
0.007223
-0.037702
-0.081451
-0.122047
-0.160712
-0.198693
-0.234806
-0.267424
-0.295326
-0.314694
-0.323823
-0.324426
-0.331168
-0.361621
-0.403232
-0.416254
-0.399442
-0.380401
0.001120
0.039654
0.101479
0.166112
0.224754
0.274462
0.322346
0.367838
0.411182
0.451699
0.486791
0.503296
0.507588
0.500049
0.456144
0.401289
0.372851
0.363292
0.358362
0.349887
0.331600
0.301743
0.260993
0.208378
0.145407
0.079876
0.206077
0.390486
0.552820
0.595641
0.525427
0.378325
0.162404
0.089467
0.011815
-0.042538
-0.103092
-0.148636
-0.178279
-0.110231
-0.007468
0.027171
0.038209
0.031117
0.030587
0.010166
-0.012719
-0.045727
-0.082151
-0.123235
-0.157398
-0.170877
-0.196077
-0.220592
-0.002414
-0.016696
-0.030369
-0.031104
-0.027806
-0.029079
-0.029868
-0.029227
-0.027067
-0.023491
-0.018391
-0.012237
-0.005226
0.002564
0.011032
0.019775
0.028855
0.038248
0.047663
0.055595
0.061437
0.071228
0.080356
0.087826
0.092777
0.089833
0.016375
-0.044539
-0.071350
-0.092249
-0.105353
-0.113682
-0.111437
-0.111121
-0.092428
-0.060651
-0.022758
0.029337
0.091717
0.155966
0.217799
0.284591
0.317176
0.001962
0.030297
0.062996
0.095615
0.120342
0.133703
0.141683
0.146831
0.155588
0.175370
0.177043
0.151071
0.132518
0.120965
0.113505
0.107688
0.098680
0.085909
0.069536
0.048447
0.027406
0.008905
-0.010631
-0.026849
-0.042126
-0.060862
-0.068352
-0.065533
-0.058952
-0.041246
-0.013676
0.034954
0.086525
0.107771
0.016342
-0.026431
-0.093262
-0.174026
-0.224716
-0.281883
-0.351231
-0.409657
-0.447796
-0.525387
-0.592943
0.000204
-0.001460
-0.003032
0.006577
0.016001
0.017704
0.020003
0.022713
0.036490
0.066749
0.074049
0.049847
0.035117
0.030104
0.030147
0.030001
0.027099
0.019460
0.006932
-0.009218
-0.019734
-0.033892
-0.049533
-0.054789
-0.059829
-0.059043
-0.049295
-0.040484
-0.033853
-0.030036
-0.027154
-0.020526
-0.022443
-0.048369
-0.089133
-0.088389
-0.070693
-0.052039
-0.041666
-0.035276
-0.018862
0.000489
-0.011455
-0.024892
-0.026894
-0.026519
-0.016584
-0.014357
-0.017957
-0.020447
-0.018620
-0.013400
-0.013888
-0.055770
-0.074180
-0.058425
-0.045531
-0.040140
-0.038156
-0.018152
0.034136
0.071068
0.065490
0.045524
0.038445
0.029898
0.020368
0.002501
-0.021528
-0.048798
-0.070125
-0.084967
-0.089070
-0.118935
-0.138867
-0.131853
-0.120508
-0.115975
-0.113608
-0.099503
-0.068949
-0.046568
-0.032336
-0.033523
-0.025040
-0.013717
-0.005912
-0.009191
-0.019466
-0.026390
-0.023863
-0.015363
-0.015663
-0.049892
-0.071136
-0.058398
-0.041534
-0.029258
-0.024863
-0.006206
0.037797
0.076362
0.079558
0.061252
0.052193
0.043171
0.030785
0.010065
-0.016147
-0.044732
-0.065147
-0.076506
-0.072909
-0.105131
-0.127630
-0.124865
-0.122846
-0.128528
-0.136200
-0.129277
-0.107628
-0.090909
-0.090955
-0.095381
-0.087306
-0.073532
-0.056248
-0.049543
-0.053751
-0.060442
-0.058145
-0.047428
-0.041895
-0.073646
-0.098291
-0.091862
-0.080854
-0.072783
-0.072655
-0.057087
-0.017098
0.023447
0.036813
0.033704
0.038900
0.042093
0.043988
0.035634
0.019448
-0.000632
-0.012617
-0.014101
-0.007021
-0.032529
-0.062387
-0.067678
-0.067921
-0.075540
-0.086555
-0.082283
-0.059073
-0.031998
-0.015592
-0.011522
0.003772
0.019523
0.032150
0.034818
0.028077
0.016173
0.013883
0.020713
0.031352
0.004180
-0.028639
-0.036824
-0.041997
-0.055708
-0.072368
-0.071732
-0.044726
-0.010736
0.010548
0.022023
0.036950
0.048403
0.056689
0.054375
0.043327
0.027879
0.022447
0.028742
0.043841
0.023046
-0.015317
-0.031552
-0.046588
-0.069402
-0.091742
-0.099368
-0.085600
-0.061682
-0.046395
-0.029475
-0.009971
0.010159
0.028444
0.036583
0.036128
0.030823
0.034516
0.048667
0.069683
0.045125
0.005164
-0.013932
-0.034739
-0.068809
-0.098257
-0.109471
-0.094505
-0.066304
-0.048779
-0.030467
-0.009004
0.012987
0.031644
0.040109
0.040229
0.036031
0.042125
0.061106
0.089814
0.064952
0.023314
0.003130
-0.026310
-0.074005
-0.110802
-0.125752
-0.111836
-0.083310
-0.064930
-0.047215
-0.025792
-0.003735
0.013935
0.021187
0.020396
0.016442
0.026543
0.053649
0.088934
0.062243
0.019591
0.000123
-0.032720
-0.085921
-0.122331
-0.135938
-0.119409
-0.087036
-0.063750
-0.044009
-0.020516
0.003083
0.021892
0.029756
0.028658
0.025233
0.038626
0.069208
0.102478
0.076313
0.035045
0.014532
-0.019207
-0.075006
-0.115688
-0.129345
-0.111358
-0.076443
-0.054000
-0.033231
-0.009884
0.012002
0.029668
0.036045
0.034445
0.031257
0.044577
0.075328
0.111005
0.082819
0.042490
0.022701
-0.015033
-0.075778
-0.116026
-0.128154
-0.108504
-0.074077
-0.055169
-0.039061
-0.020375
-0.002097
0.011844
0.015435
0.011682
0.006138
0.018201
0.051267
0.086046
0.057574
0.018373
0.003707
-0.033033
-0.088431
-0.125775
-0.136127
-0.116629
-0.081389
-0.060904
-0.047868
-0.030018
-0.013022
0.000894
0.004793
0.000386
-0.004144
0.012163
0.047968
0.080818
0.052435
0.017586
0.005342
-0.025339
-0.074790
-0.108640
-0.114130
-0.087894
-0.045536
-0.013972
0.008317
0.033608
0.050209
0.061324
0.061719
0.053741
0.045884
0.053887
0.077013
0.104283
0.076743
0.038781
0.018244
-0.011605
-0.068442
-0.111816
-0.126854
-0.110825
-0.081150
-0.058145
-0.038274
-0.008268
0.012976
0.032157
0.041918
0.044632
0.045732
0.060781
0.089723
0.127888
0.097058
0.061646
0.042466
0.008550
-0.050772
-0.089597
-0.098504
-0.076045
-0.042740
-0.024599
-0.008623
0.008067
0.020032
0.026514
0.024108
0.015058
0.003524
0.006396
0.031114
0.061043
0.034777
-0.009300
-0.030420
-0.067391
-0.126467
-0.170795
-0.190576
-0.183073
-0.159821
-0.133397
-0.112801
-0.073943
-0.033642
0.003300
0.011206
0.025139
0.050240
0.098642
0.155728
0.208549
0.179514
0.146509
0.135361
0.108310
0.069521
0.036643
0.032595
0.068867
0.115320
0.149988
0.171613
0.195382
0.202168
0.196241
0.179794
0.157723
0.134701
0.130679
0.156808
0.184354
0.164904
0.118008
0.087524
0.041869
-0.017007
-0.066498
-0.096254
-0.102402
-0.089110
-0.068050
-0.051930
-0.031923
-0.007491
0.023197
0.034054
0.040187
0.044944
0.071260
0.115715
0.162514
0.140677
0.102205
0.085864
0.051693
-0.001075
-0.038442
-0.046099
-0.020139
0.023182
0.052131
0.075632
0.097842
0.115934
0.125247
0.123326
0.112957
0.101988
0.107185
0.128876
0.160955
0.132280
0.091277
0.065773
0.026480
-0.038895
-0.089862
-0.112573
-0.104758
-0.077921
-0.049818
-0.028533
0.004792
0.035463
0.060861
0.077231
0.085950
0.097268
0.130026
0.174989
0.222768
0.194686
0.158754
0.133717
0.095283
0.032964
-0.014239
-0.025181
0.001320
0.042195
0.063918
0.095544
0.123791
0.142050
0.150229
0.146585
0.134833
0.121391
0.124127
0.144795
0.177018
0.154449
0.106282
0.073122
0.027831
-0.038295
-0.089021
-0.116883
-0.116955
-0.088694
-0.054204
-0.024929
0.011446
0.052734
0.088842
0.114149
0.131914
0.152495
0.193196
0.245089
0.307062
0.287765
0.251887
0.220389
0.177910
0.107726
0.053991
0.042511
0.069159
0.103124
0.116626
0.141773
0.160551
0.168665
0.166507
0.153053
0.132461
0.110068
0.105748
0.132467
0.169221
0.153963
0.097901
0.057819
0.006946
-0.061450
-0.124566
-0.164288
-0.178132
-0.159437
-0.130976
-0.105993
-0.073291
-0.034114
0.006528
0.038660
0.061724
0.088639
0.135652
0.200261
0.292149
0.298910
0.250494
0.221054
0.181638
0.121058
0.074653
0.069264
0.104873
0.152568
0.193443
0.208475
0.224468
0.230000
0.227240
0.214799
0.195697
0.174973
0.172178
0.189913
0.224230
0.209241
0.157329
0.122848
0.075615
0.013575
-0.040275
-0.075660
-0.085197
-0.070292
-0.045219
-0.025251
0.001365
0.038601
0.073583
0.099840
0.118404
0.141465
0.183383
0.239922
0.309689
0.294956
0.258249
0.232187
0.200104
0.146043
0.101425
0.097269
0.129995
0.172965
0.199157
0.219349
0.231496
0.232806
0.221859
0.200369
0.172576
0.143705
0.132696
0.146637
0.174677
0.161409
0.109914
0.073707
0.028372
-0.035521
-0.094212
-0.132183
-0.146646
-0.137313
-0.118192
-0.104578
-0.085069
-0.058344
-0.029418
-0.008562
0.005302
0.023926
0.066751
0.125272
0.193210
0.191203
0.140192
0.124025
0.093230
0.045433
0.009394
0.002800
0.035388
0.082820
0.128593
0.151713
0.170992
0.181488
0.186378
0.182175
0.170534
0.157725
0.159006
0.174901
0.202109
0.185526
0.139134
0.109021
0.067539
0.000061
-0.055275
-0.087017
-0.088038
-0.069011
-0.046479
-0.028291
-0.006316
0.014279
0.035710
0.047679
0.051762
0.054778
0.074423
0.111985
0.163532
0.150457
0.104801
0.082629
0.044952
-0.021380
-0.065333
-0.077625
-0.056464
-0.019462
0.007614
0.027886
0.047051
0.064653
0.075675
0.076939
0.070242
0.062767
0.071763
0.099106
0.132609
0.114110
0.068038
0.044892
0.006387
-0.061750
-0.112512
-0.135497
-0.125854
-0.098371
-0.073105
-0.053020
-0.023507
0.004571
0.029023
0.042299
0.046093
0.053323
0.082610
0.125618
0.171009
0.152318
0.112826
0.094078
0.056924
-0.007587
-0.053180
-0.062433
-0.034294
0.007805
0.041629
0.061860
0.078110
0.087716
0.090180
0.083543
0.071040
0.058786
0.062966
0.088378
0.119651
0.101789
0.055141
0.032404
-0.007106
-0.074151
-0.122455
-0.145018
-0.138106
-0.112051
-0.089183
-0.069566
-0.036232
-0.006925
0.017750
0.030299
0.031791
0.041890
0.077620
0.126481
0.170438
0.152884
0.111944
0.093916
0.061672
0.007146
-0.035033
-0.044282
-0.014571
0.033717
0.076826
0.107672
0.133354
0.145932
0.147694
0.139644
0.126752
0.115720
0.121573
0.154982
0.188489
0.175533
0.130436
0.108063
0.069258
0.012420
-0.032750
-0.054606
-0.048178
-0.031530
-0.027551
-0.018788
-0.002950
0.012179
0.017131
0.011604
0.000343
-0.011606
-0.002619
0.029122
0.058323
0.034742
-0.006539
-0.022227
-0.056589
-0.114373
-0.154621
-0.168564
-0.160182
-0.130218
-0.107137
-0.089098
-0.068944
-0.040091
-0.011783
0.009194
0.028216
0.052937
0.095258
0.156009
0.212109
0.193677
0.154013
0.145252
0.127736
0.096572
0.069341
0.072848
0.113821
0.167536
0.214634
0.241186
0.257766
0.256886
0.244276
0.220727
0.190083
0.157766
0.142738
0.148205
0.168052
0.156169
0.106461
0.076020
0.031083
-0.038350
-0.092448
-0.125339
-0.131386
-0.118912
-0.103391
-0.089112
-0.074469
-0.050292
-0.027835
-0.010195
-0.002211
0.002324
0.020788
0.065773
0.116381
0.116663
0.072565
0.054817
0.021756
-0.029903
-0.065817
-0.074735
-0.051071
-0.011726
0.023776
0.032799
0.045122
0.057958
0.066341
0.066089
0.057839
0.047054
0.044536
0.063069
0.090132
0.080901
0.037322
0.014263
-0.017394
-0.074262
-0.120360
-0.143051
-0.134742
-0.108755
-0.097692
-0.083430
-0.066046
-0.041582
-0.021106
-0.011187
-0.011110
-0.012140
0.002612
0.041998
0.079958
0.073013
0.031635
0.014774
-0.013550
-0.064158
-0.098948
-0.105356
-0.079763
-0.040099
0.000595
0.016995
0.035246
0.051449
0.061439
0.061354
0.051797
0.040605
0.040456
0.062975
0.088773
0.078924
0.035341
0.011623
-0.017621
-0.070491
-0.114474
-0.135144
-0.124236
-0.094954
-0.079936
-0.061675
-0.043809
-0.021414
-0.003668
0.003628
0.002448
-0.000982
0.006843
0.039007
0.073604
0.064084
0.022913
0.005463
-0.023584
-0.077736
-0.114505
-0.124403
-0.103911
-0.067738
-0.040866
-0.029505
-0.019824
-0.003835
0.004854
0.004197
-0.004301
-0.016267
-0.017401
0.008877
0.037425
0.033172
-0.012759
-0.033094
-0.059715
-0.110517
-0.148266
-0.163843
-0.151598
-0.119434
-0.095638
-0.079649
-0.064186
-0.040621
-0.020013
-0.011890
-0.012875
-0.016519
-0.005616
0.030347
0.063750
0.060063
0.018773
0.002784
-0.020664
-0.065193
-0.100262
-0.110010
-0.087676
-0.047203
-0.008517
0.004841
0.020866
0.036018
0.045309
0.045400
0.037654
0.027530
0.026213
0.046439
0.074748
0.067902
0.024100
0.003135
-0.023985
-0.076440
-0.119978
-0.139321
-0.128032
-0.099388
-0.083767
-0.064948
-0.046143
-0.023571
-0.003729
0.002618
-0.000584
-0.006722
-0.002275
0.026312
0.056472
0.051915
0.007189
-0.013373
-0.039647
-0.092667
-0.133647
-0.149935
-0.135369
-0.103078
-0.080100
-0.060887
-0.043084
-0.020601
-0.005670
-0.001671
-0.007228
-0.015599
-0.010916
0.020641
0.047820
0.046674
0.001219
-0.019425
-0.044657
-0.095854
-0.136144
-0.152663
-0.138191
-0.103619
-0.077325
-0.058466
-0.041941
-0.019771
-0.004614
0.001184
-0.001421
-0.007158
-0.000929
0.031435
0.062049
0.058223
0.016179
-0.002726
-0.028991
-0.080984
-0.120585
-0.134994
-0.118322
-0.082730
-0.058098
-0.041264
-0.025983
-0.004912
0.008998
0.013126
0.008135
0.000088
0.003491
0.031574
0.059505
0.054717
0.011827
-0.008399
-0.032250
-0.083011
-0.124426
-0.141265
-0.127006
-0.093522
-0.069542
-0.048070
-0.027611
-0.002644
0.015005
0.021891
0.018069
0.011978
0.019492
0.051083
0.079585
0.074586
0.030768
0.008792
-0.015288
-0.066112
-0.109084
-0.126590
-0.111687
-0.076964
-0.052612
-0.028891
-0.008319
0.014060
0.029186
0.035763
0.034168
0.029520
0.033757
0.059181
0.090935
0.086218
0.042677
0.017987
-0.002063
-0.058240
-0.105025
-0.126189
-0.114844
-0.085664
-0.066315
-0.046327
-0.028073
-0.004886
0.010081
0.016001
0.013164
0.006458
0.007248
0.031717
0.059300
0.059887
0.011459
-0.014950
-0.039947
-0.096429
-0.142981
-0.165896
-0.159902
-0.132992
-0.109832
-0.089028
-0.070381
-0.041224
-0.014522
0.002118
0.007223
0.014809
0.041778
0.091906
0.134989
0.137713
0.091952
0.069961
0.048516
0.005357
-0.034771
-0.049511
-0.026933
0.019496
0.070630
0.094952
0.120033
0.135625
0.143290
0.140628
0.130088
0.117678
0.115715
0.136232
0.164945
0.164017
0.117182
0.087477
0.054031
-0.005665
-0.059308
-0.091245
-0.092281
-0.074045
-0.050231
-0.026916
-0.001923
0.025240
0.049658
0.064834
0.070370
0.072665
0.085351
0.119434
0.161562
0.164193
0.121195
0.090710
0.058444
-0.006183
-0.061236
-0.086365
-0.075431
-0.046488
-0.030135
-0.010450
0.004072
0.023179
0.034795
0.037279
0.031342
0.022935
0.023877
0.053377
0.087018
0.093737
0.045733
0.017325
-0.013849
-0.076388
-0.123098
-0.145764
-0.141749
-0.113363
-0.094110
-0.078747
-0.066203
-0.044996
-0.023330
-0.014552
-0.015654
-0.020015
-0.006567
0.037922
0.071316
0.080945
0.036404
0.015486
-0.007479
-0.055075
-0.094119
-0.109974
-0.094738
-0.054722
-0.009985
0.004306
0.021140
0.038282
0.050452
0.055441
0.052473
0.046436
0.050576
0.076942
0.108496
0.104800
0.063620
0.041024
0.018770
-0.033855
-0.082797
-0.106567
-0.095941
-0.066824
-0.048040
-0.024217
-0.001682
0.020593
0.037228
0.042886
0.039201
0.032550
0.035584
0.061432
0.089507
0.087795
0.043845
0.017289
-0.006874
-0.062255
-0.112036
-0.135311
-0.126066
-0.098330
-0.081681
-0.062415
-0.045364
-0.023972
-0.005902
-0.000373
-0.003704
-0.010077
-0.005940
0.024793
0.052132
0.057250
0.011838
-0.012949
-0.034604
-0.087831
-0.130568
-0.148449
-0.138369
-0.106822
-0.081105
-0.063050
-0.053899
-0.034465
-0.022305
-0.018824
-0.024016
-0.033127
-0.037290
-0.005760
0.029128
0.039441
-0.003736
-0.026306
-0.048712
-0.093241
-0.130315
-0.147417
-0.135952
-0.100103
-0.074387
-0.058243
-0.048746
-0.025434
-0.008800
-0.000602
-0.002734
-0.009680
-0.009437
0.022200
0.057244
0.064600
0.023379
0.000588
-0.019578
-0.064429
-0.103472
-0.121123
-0.107044
-0.071953
-0.045255
-0.033416
-0.025579
-0.006089
0.005516
0.008744
0.002744
-0.007692
-0.015461
0.007549
0.037283
0.045855
0.001533
-0.024247
-0.045438
-0.093320
-0.135265
-0.156399
-0.148542
-0.119564
-0.098895
-0.082565
-0.070524
-0.042937
-0.017684
-0.007410
-0.006242
-0.011075
-0.007398
0.027557
0.059648
0.070254
0.025914
0.002004
-0.017193
-0.058337
-0.097036
-0.115835
-0.103156
-0.066937
-0.034768
-0.016674
-0.002802
0.021743
0.038672
0.046425
0.044092
0.036265
0.032421
0.055089
0.081684
0.090680
0.046073
0.017623
-0.006162
-0.055095
-0.101994
-0.128343
-0.122139
-0.096923
-0.079386
-0.059429
-0.044799
-0.017928
0.000859
0.011211
0.011066
0.006310
0.004325
0.031548
0.061863
0.078244
0.032086
0.001065
-0.018043
-0.069109
-0.115512
-0.139893
-0.132866
-0.104243
-0.080593
-0.061082
-0.051278
-0.024343
-0.006003
0.003703
0.003153
-0.002559
-0.003617
0.027594
0.057804
0.072741
0.025976
-0.003131
-0.023520
-0.072679
-0.116733
-0.140163
-0.134379
-0.104244
-0.075990
-0.056994
-0.045906
-0.019452
0.002434
0.013890
0.015500
0.011568
0.014202
0.048482
0.080881
0.095604
0.050879
0.023638
0.004653
-0.037906
-0.078907
-0.100851
-0.091295
-0.057429
-0.027119
-0.010697
0.000646
0.024590
0.040362
0.047015
0.043373
0.034307
0.029910
0.055406
0.081535
0.092126
0.047074
0.017105
-0.004622
-0.050838
-0.096827
-0.124412
-0.120826
-0.096646
-0.078097
-0.062312
-0.054502
-0.032515
-0.017416
-0.008525
-0.009144
-0.013844
-0.012963
0.021070
0.055887
0.073144
0.029081
0.002217
-0.015830
-0.056264
-0.092464
-0.109495
-0.098781
-0.063870
-0.028347
-0.014688
-0.000280
0.021728
0.037608
0.045236
0.042549
0.033406
0.032168
0.060304
0.087790
0.096558
0.052881
0.024838
0.007436
-0.028579
-0.067030
-0.090980
-0.084023
-0.055329
-0.028584
-0.006257
0.008247
0.035377
0.054712
0.065011
0.065019
0.059414
0.058075
0.081309
0.107171
0.122639
0.077116
0.042611
0.018918
-0.031222
-0.082000
-0.112881
-0.110710
-0.089593
-0.073395
-0.056699
-0.047715
-0.024782
-0.009283
-0.001380
-0.003167
-0.008730
-0.010721
0.019466
0.053066
0.074491
0.028986
-0.000658
-0.020265
-0.066114
-0.107139
-0.127910
-0.122195
-0.090692
-0.059354
-0.041869
-0.026217
0.001948
0.023246
0.036765
0.039352
0.035931
0.042001
0.077197
0.109357
0.119703
0.076690
0.047692
0.029903
-0.006951
-0.047083
-0.072338
-0.064168
-0.032316
-0.001899
0.018831
0.036873
0.060353
0.076222
0.083964
0.082410
0.075872
0.073901
0.095850
0.128456
0.144282
0.099836
0.065168
0.040607
-0.009667
-0.061025
-0.093490
-0.092743
-0.072747
-0.059449
-0.043212
-0.031304
-0.010638
0.005438
0.012810
0.010189
0.003867
0.000192
0.027748
0.064764
0.091820
0.045790
0.013153
-0.009138
-0.064034
-0.109539
-0.132047
-0.127639
-0.102206
-0.074488
-0.061326
-0.050390
-0.026725
-0.007659
0.002188
0.000352
-0.002086
0.008836
0.051220
0.087787
0.103188
0.059107
0.033785
0.014527
-0.028363
-0.070184
-0.093572
-0.082315
-0.047840
-0.005833
0.014587
0.031080
0.045544
0.056749
0.061611
0.059124
0.054243
0.054567
0.078579
0.114362
0.130488
0.088040
0.059342
0.037684
-0.016707
-0.067447
-0.094551
-0.086203
-0.060526
-0.036071
-0.024410
-0.017004
-0.003583
0.002685
0.001985
-0.006805
-0.018801
-0.028329
0.000107
0.033834
0.051751
0.005685
-0.023602
-0.045871
-0.102318
-0.149235
-0.174007
-0.174220
-0.149549
-0.128183
-0.113623
-0.106866
-0.087941
-0.071252
-0.060682
-0.062040
-0.063563
-0.048198
0.003525
0.045892
0.066969
0.025390
0.001313
-0.018064
-0.058277
-0.092375
-0.107286
-0.091709
-0.051964
-0.007685
0.018596
0.034818
0.049288
0.059594
0.062150
0.056062
0.046583
0.042141
0.060767
0.090075
0.099959
0.057579
0.031403
0.009414
-0.041026
-0.088811
-0.113390
-0.102279
-0.075791
-0.057944
-0.047765
-0.044123
-0.031824
-0.026449
-0.028711
-0.038986
-0.052582
-0.063612
-0.033517
-0.001262
0.013257
-0.031232
-0.054483
-0.077058
-0.125966
-0.161622
-0.176707
-0.169478
-0.138440
-0.104548
-0.094982
-0.083826
-0.062351
-0.043735
-0.033765
-0.035698
-0.037944
-0.026328
0.015813
0.054198
0.063500
0.022335
0.002693
-0.012501
-0.047221
-0.080807
-0.095051
-0.075284
-0.032551
0.014291
0.037883
0.056168
0.070540
0.078169
0.076933
0.067996
0.057580
0.052997
0.072878
0.103697
0.110643
0.069834
0.046510
0.024022
-0.025149
-0.069591
-0.091918
-0.079622
-0.051224
-0.023604
-0.008600
0.004485
0.019038
0.024202
0.020829
0.009476
-0.003712
-0.011990
0.015573
0.050249
0.061600
0.017238
-0.007560
-0.032228
-0.087308
-0.134600
-0.157412
-0.149783
-0.124100
-0.107333
-0.091916
-0.079344
-0.058769
-0.048230
-0.046470
-0.054993
-0.067473
-0.069933
-0.033586
0.000046
0.011435
-0.032776
-0.054497
-0.076086
-0.124236
-0.161842
-0.177433
-0.164478
-0.128607
-0.090462
-0.070220
-0.046210
-0.015838
0.007509
0.022562
0.025991
0.032212
0.056602
0.100681
0.139463
0.139147
0.096276
0.075621
0.056006
0.013570
-0.027277
-0.044165
-0.022942
0.016758
0.063600
0.087494
0.108229
0.117128
0.115774
0.104738
0.087392
0.069112
0.061639
0.086497
0.115097
0.112969
0.066940
0.040542
0.010155
-0.048487
-0.097064
-0.124650
-0.123993
-0.104846
-0.089709
-0.074349
-0.060318
-0.042934
-0.027362
-0.019700
-0.020318
-0.024039
-0.019901
0.019022
0.060125
0.069175
0.022884
0.001392
-0.025268
-0.077886
-0.116840
-0.133062
-0.121736
-0.090363
-0.066719
-0.050431
-0.035577
-0.013468
0.002518
0.008691
0.004144
-0.002996
0.004122
0.036268
0.066343
0.066890
0.022679
-0.000103
-0.022390
-0.073502
-0.117629
-0.137854
-0.125296
-0.092661
-0.069973
-0.049860
-0.032024
-0.010763
0.005503
0.011702
0.009790
0.005185
0.010251
0.040082
0.071559
0.071874
0.029100
0.008723
-0.016132
-0.071024
-0.114730
-0.132009
-0.117899
-0.085258
-0.063531
-0.048394
-0.034062
-0.017260
-0.007908
-0.007603
-0.015847
-0.026728
-0.024521
0.006224
0.032593
0.031880
-0.011452
-0.030225
-0.052404
-0.102551
-0.141953
-0.157232
-0.143129
-0.108749
-0.081252
-0.063770
-0.048146
-0.027370
-0.013627
-0.010075
-0.016025
-0.023142
-0.013929
0.021648
0.049663
0.050008
0.008045
-0.007689
-0.030207
-0.076438
-0.113269
-0.124582
-0.104643
-0.064936
-0.029273
-0.011583
0.004266
0.020945
0.029701
0.028965
0.019975
0.008595
0.007442
0.029885
0.055950
0.051051
0.007728
-0.014352
-0.030726
-0.083104
-0.127733
-0.147707
-0.000183
-0.006766
-0.017536
-0.020351
-0.017609
-0.018832
-0.019082
-0.010397
0.016338
0.008708
-0.013478
-0.028347
-0.034787
-0.032811
-0.026010
-0.018714
-0.012567
-0.009755
-0.008956
-0.009135
-0.014789
-0.024444
-0.033052
-0.044758
-0.057153
-0.065452
-0.080894
-0.084234
-0.078575
-0.073874
-0.068820
-0.060377
-0.052411
-0.028278
0.007281
0.015495
-0.017486
-0.062718
-0.045294
-0.027034
-0.009700
0.004764
0.019202
0.037428
0.041539
0.024187
0.010580
0.005981
0.007118
0.005288
-0.004674
-0.016418
-0.027671
-0.033767
-0.044835
-0.107325
-0.131545
-0.138419
-0.129475
-0.136396
-0.139935
-0.125330
-0.088202
-0.045950
-0.028861
-0.048263
-0.057657
-0.060711
-0.060906
-0.073462
-0.092080
-0.107744
-0.110499
-0.099322
-0.092151
-0.129877
-0.166984
-0.164805
-0.143977
-0.134932
-0.129077
-0.110352
-0.069941
-0.019454
0.021823
0.035648
0.045358
0.051355
0.047950
0.039222
0.024586
0.012881
0.010598
0.022964
0.032118
0.010261
-0.027129
-0.032544
-0.022826
-0.023951
-0.032825
-0.039516
-0.023182
-0.000373
0.020433
0.018073
0.023619
0.035919
0.048137
0.050269
0.044472
0.040431
0.045432
0.063004
0.079746
0.080355
0.047003
0.038893
0.036637
0.028683
0.014021
0.014487
0.036697
0.075801
0.110408
0.103113
0.095564
0.092396
0.085117
0.070637
0.059112
0.058384
0.070090
0.099025
0.128936
0.139626
0.109213
0.098837
0.091490
0.075980
0.050402
0.049622
0.070621
0.112899
0.146542
0.147201
0.142077
0.136656
0.125568
0.104221
0.081622
0.064634
0.057404
0.076041
0.101141
0.119851
0.082947
0.058072
0.033696
-0.003621
-0.042083
-0.060300
-0.066894
-0.054553
-0.030074
-0.009766
0.008767
0.034938
0.053224
0.062421
0.070532
0.088362
0.126980
0.188181
0.249980
0.273059
0.246010
0.240374
0.232866
0.204204
0.160963
0.163331
0.201647
0.261078
0.319957
0.304351
0.275405
0.250194
0.218118
0.170838
0.118527
0.068701
0.027604
0.047283
0.086108
0.131394
0.090425
0.050138
0.009440
-0.045766
-0.090158
-0.119574
-0.139934
-0.136616
-0.116793
-0.097498
-0.071024
-0.036985
-0.004677
0.014317
0.021413
0.029612
0.049377
0.110128
0.168005
0.212054
0.171389
0.139755
0.124163
0.084719
0.043048
0.027826
0.039571
0.076381
0.116383
0.151597
0.161520
0.168579
0.166143
0.153700
0.135984
0.123155
0.125381
0.158209
0.193291
0.215793
0.182993
0.161453
0.140006
0.096884
0.044611
0.026660
0.033064
0.060182
0.088614
0.113703
0.121357
0.134103
0.137501
0.131667
0.118436
0.105345
0.105096
0.143430
0.198643
0.243364
0.210335
0.183055
0.161916
0.120138
0.069962
0.055786
0.066683
0.097786
0.123932
0.144507
0.145913
0.149469
0.142934
0.126747
0.103589
0.079668
0.065307
0.105028
0.160951
0.219268
0.187057
0.151292
0.123922
0.076471
0.029683
0.012110
0.018675
0.047389
0.071483
0.088327
0.087826
0.084571
0.077017
0.061553
0.038793
0.016184
0.007245
0.045659
0.100592
0.154107
0.119774
0.082997
0.063334
0.030567
-0.001778
-0.008929
0.006728
0.045598
0.080945
0.113433
0.114757
0.117946
0.112644
0.098730
0.078602
0.060551
0.056614
0.089230
0.128191
0.160180
0.127511
0.095210
0.075028
0.034889
-0.011349
-0.021896
-0.008908
0.026087
0.059297
0.091747
0.096841
0.102261
0.103343
0.097185
0.083338
0.069114
0.067437
0.102223
0.148767
0.195783
0.160582
0.127049
0.104390
0.062641
0.015853
0.002695
0.014877
0.050348
0.083649
0.117662
0.124694
0.133452
0.134376
0.125957
0.109584
0.094846
0.094834
0.130061
0.174920
0.207981
0.176593
0.144796
0.122014
0.077083
0.027600
0.011473
0.020386
0.052842
0.085384
0.117898
0.122669
0.128704
0.127486
0.117831
0.100585
0.082100
0.075533
0.113818
0.168281
0.224807
0.191952
0.156232
0.131539
0.084061
0.032504
0.016204
0.027153
0.063084
0.096604
0.127982
0.129342
0.131543
0.125382
0.111034
0.089549
0.067153
0.055852
0.093843
0.149330
0.210552
0.177016
0.141155
0.116181
0.070903
0.024887
0.012196
0.024264
0.061113
0.095498
0.128030
0.130581
0.134630
0.129455
0.115685
0.095218
0.073936
0.065125
0.098467
0.147036
0.193800
0.161483
0.128002
0.106735
0.067292
0.022830
0.010245
0.023299
0.058846
0.093163
0.124716
0.127362
0.131072
0.127018
0.115109
0.096296
0.076794
0.070601
0.104012
0.152224
0.190949
0.160402
0.129078
0.109396
0.072722
0.028931
0.016632
0.030818
0.066610
0.100280
0.129561
0.132101
0.133480
0.126768
0.111770
0.090383
0.068582
0.058987
0.090913
0.137440
0.185989
0.150939
0.116679
0.094818
0.055419
0.011507
-0.004789
0.005170
0.039708
0.071353
0.101888
0.102748
0.105413
0.101414
0.089230
0.070171
0.050138
0.040863
0.073830
0.122249
0.178570
0.143923
0.106447
0.083920
0.043146
-0.002462
-0.016115
-0.004257
0.031405
0.066073
0.102670
0.108158
0.116430
0.118040
0.110517
0.095543
0.081561
0.081771
0.118491
0.162210
0.188555
0.159949
0.128760
0.108867
0.068287
0.019289
0.002569
0.013266
0.047253
0.081146
0.112754
0.118467
0.125303
0.124714
0.116152
0.099624
0.081760
0.075394
0.112881
0.167150
0.224254
0.191776
0.156051
0.133195
0.090180
0.041135
0.024406
0.036406
0.073608
0.107920
0.139480
0.142745
0.147071
0.141894
0.128261
0.107392
0.085570
0.074233
0.107920
0.160079
0.216417
0.184023
0.149649
0.127124
0.086836
0.041983
0.027001
0.039757
0.077438
0.112284
0.142963
0.143517
0.146133
0.139317
0.124170
0.101977
0.078828
0.067664
0.100304
0.150340
0.194209
0.163503
0.132299
0.114268
0.080936
0.039877
0.027066
0.041483
0.078305
0.113026
0.143245
0.146386
0.150444
0.144373
0.128816
0.106483
0.084190
0.076770
0.107462
0.148986
0.158935
0.133599
0.106861
0.092316
0.059232
0.017083
0.003464
0.015973
0.052516
0.086205
0.123952
0.133071
0.145561
0.149384
0.142745
0.127028
0.112874
0.114622
0.151264
0.186036
0.194583
0.165762
0.144084
0.125674
0.087375
0.038224
0.018907
0.025472
0.053000
0.086071
0.113710
0.122602
0.135762
0.140130
0.134385
0.120517
0.105288
0.103470
0.145487
0.204591
0.253909
0.223654
0.193847
0.174893
0.139537
0.093277
0.075419
0.087993
0.123104
0.152895
0.175238
0.177545
0.181818
0.174967
0.155526
0.128956
0.101839
0.081038
0.119446
0.177085
0.241327
0.213681
0.173146
0.145866
0.104035
0.048958
0.033018
0.040485
0.067946
0.095782
0.122274
0.122419
0.121539
0.116366
0.102052
0.087684
0.086238
0.103685
0.154320
0.200173
0.210339
0.184888
0.162426
0.153567
0.121133
0.077325
0.063187
0.077369
0.112096
0.147662
0.175333
0.181041
0.179322
0.169157
0.150474
0.127065
0.108257
0.104789
0.137219
0.181764
0.220965
0.185741
0.156009
0.134872
0.094880
0.044931
0.027376
0.032881
0.057805
0.083829
0.108709
0.110997
0.108310
0.103523
0.093054
0.075977
0.060977
0.060069
0.097406
0.145622
0.188797
0.152887
0.119942
0.100584
0.064868
0.021114
0.005636
0.014402
0.044340
0.074268
0.103733
0.107474
0.106549
0.103406
0.094349
0.078575
0.066957
0.071024
0.111594
0.159005
0.192675
0.160554
0.127946
0.108471
0.068054
0.018349
0.001603
0.008654
0.034310
0.062370
0.089985
0.093514
0.091179
0.086322
0.077163
0.061448
0.045819
0.042911
0.083368
0.136675
0.188024
0.152847
0.115845
0.093379
0.049381
0.003117
-0.013732
-0.007740
0.020582
0.050597
0.086341
0.093455
0.098377
0.099847
0.094238
0.083186
0.078525
0.089580
0.135028
0.176154
0.211192
0.173037
0.143006
0.121918
0.081612
0.032691
0.012117
0.016218
0.042363
0.072326
0.106008
0.116469
0.126490
0.134455
0.134383
0.129244
0.130882
0.148284
0.195648
0.243317
0.269146
0.239504
0.217412
0.197525
0.154757
0.099444
0.076865
0.082052
0.107711
0.132943
0.149422
0.148815
0.147090
0.137452
0.119245
0.095615
0.072865
0.061263
0.113424
0.183096
0.262825
0.231865
0.192676
0.167274
0.112609
0.043493
0.022368
0.025183
0.044771
0.063705
0.075087
0.077059
0.083728
0.082281
0.065632
0.051012
0.046502
0.060269
0.110787
0.156926
0.184415
0.149749
0.120540
0.108926
0.072737
0.029227
0.014432
0.025804
0.056941
0.092086
0.124289
0.134019
0.136972
0.134057
0.121152
0.101827
0.087871
0.091077
0.128443
0.172855
0.206306
0.171208
0.144870
0.127630
0.093013
0.046932
0.030698
0.039365
0.068197
0.098055
0.124067
0.129485
0.133717
0.133923
0.124311
0.109023
0.099211
0.105967
0.145719
0.191060
0.216860
0.185747
0.163666
0.147943
0.114303
0.067481
0.050548
0.059508
0.087485
0.118254
0.144343
0.151711
0.157082
0.155993
0.144712
0.127816
0.115412
0.117989
0.154254
0.202325
0.232123
0.200566
0.176377
0.159159
0.123115
0.073540
0.054662
0.060738
0.086126
0.112641
0.134438
0.135890
0.139141
0.135318
0.120347
0.097697
0.078354
0.075279
0.111948
0.161514
0.205840
0.170208
0.137312
0.119783
0.079408
0.028150
0.011868
0.017159
0.044928
0.075755
0.103951
0.107295
0.107156
0.105034
0.094647
0.076514
0.062630
0.066497
0.109308
0.157347
0.188450
0.156626
0.128589
0.112592
0.077316
0.029568
0.012546
0.019772
0.049252
0.081797
0.111953
0.117019
0.118592
0.117854
0.109293
0.092608
0.078942
0.081561
0.121995
0.171836
0.210209
0.178204
0.148337
0.132085
0.096750
0.045670
0.025950
0.034766
0.064477
0.095048
0.121858
0.125138
0.123994
0.119690
0.108340
0.089471
0.070744
0.065914
0.104484
0.157281
0.205823
0.173567
0.139277
0.120088
0.083152
0.034218
0.015445
0.023273
0.053144
0.085670
0.117403
0.122328
0.122971
0.120048
0.110137
0.092638
0.078683
0.081954
0.118002
0.167361
0.201018
0.172070
0.144366
0.129328
0.093967
0.041792
0.024900
0.034734
0.066400
0.098491
0.125702
0.128563
0.131424
0.125616
0.113311
0.094228
0.073817
0.061190
0.086703
0.137546
0.193825
0.161258
0.124969
0.099343
0.056955
0.008007
-0.013756
-0.012430
0.011429
0.037447
0.063770
0.064606
0.073221
0.076603
0.072280
0.059958
0.046638
0.043530
0.074213
0.123244
0.168570
0.139161
0.103519
0.082203
0.044585
-0.002567
-0.022766
-0.016239
0.010552
0.038882
0.068204
0.073286
0.083528
0.087154
0.083526
0.071508
0.058994
0.057551
0.088970
0.132349
0.176752
0.146455
0.110060
0.085163
0.047325
-0.001024
-0.023491
-0.018211
0.009302
0.038820
0.068922
0.074328
0.084935
0.089471
0.087517
0.076941
0.066182
0.066645
0.100391
0.148916
0.193694
0.164965
0.128359
0.106137
0.064253
0.010773
-0.013892
-0.011927
0.011019
0.037701
0.063573
0.069498
0.079520
0.082773
0.080465
0.069521
0.055812
0.049404
0.077581
0.126684
0.186989
0.156765
0.115534
0.089544
0.044355
-0.008988
-0.033101
-0.032862
-0.008406
0.019169
0.051067
0.055974
0.068439
0.075681
0.075357
0.066130
0.056974
0.059101
0.095009
0.143775
0.196428
0.168476
0.129029
0.107904
0.066876
0.012178
-0.013132
-0.009987
0.015865
0.045224
0.072875
0.079029
0.087036
0.087759
0.084352
0.072638
0.058216
0.051693
0.082070
0.135858
0.199546
0.170054
0.129569
0.104542
0.063865
0.012690
-0.012503
-0.010562
0.013452
0.040779
0.068075
0.072779
0.081448
0.082893
0.078008
0.065052
0.049586
0.041855
0.069246
0.116847
0.170026
0.142098
0.101629
0.078199
0.036628
-0.014840
-0.037733
-0.035965
-0.010740
0.017819
0.047683
0.051573
0.061911
0.066567
0.065083
0.054635
0.043790
0.044591
0.080524
0.130575
0.179994
0.152566
0.114353
0.096651
0.061854
0.010961
-0.011931
-0.005624
0.023118
0.053955
0.084199
0.090926
0.099508
0.100473
0.096671
0.084649
0.070231
0.065441
0.094651
0.143305
0.183059
0.156616
0.122628
0.102316
0.069293
0.020203
-0.003786
0.002524
0.030034
0.061206
0.093730
0.103009
0.115043
0.119225
0.116506
0.104958
0.092494
0.091431
0.123240
0.166740
0.198178
0.173729
0.142284
0.122496
0.087315
0.033518
0.006795
0.012201
0.040145
0.071454
0.103155
0.110941
0.121096
0.123391
0.119215
0.106282
0.090683
0.085005
0.114278
0.163774
0.207699
0.183096
0.147537
0.126091
0.089196
0.033215
0.005695
0.009331
0.033821
0.064165
0.093026
0.099968
0.108896
0.109345
0.103555
0.088989
0.071653
0.064218
0.093547
0.143318
0.185091
0.160632
0.125336
0.105267
0.069715
0.019348
-0.005656
-0.000093
0.027825
0.061524
0.095281
0.103313
0.113553
0.115545
0.111179
0.098362
0.085236
0.084363
0.117330
0.159585
0.187597
0.163012
0.134560
0.119515
0.087693
0.037263
0.010983
0.017522
0.046831
0.079278
0.107395
0.111180
0.118800
0.118471
0.111667
0.096262
0.077786
0.069357
0.095864
0.142510
0.178706
0.153619
0.119748
0.103590
0.071423
0.021655
-0.002438
0.004206
0.032725
0.066362
0.097105
0.103281
0.111926
0.114117
0.109873
0.096862
0.081915
0.078294
0.108710
0.150266
0.176765
0.151843
0.122424
0.108411
0.081250
0.035335
0.011384
0.019796
0.050886
0.085061
0.114147
0.117937
0.126162
0.126777
0.119373
0.102919
0.085860
0.081564
0.112093
0.155329
0.183001
0.157604
0.129767
0.118280
0.091734
0.045475
0.021214
0.029133
0.058427
0.092338
0.124032
0.131156
0.144768
0.150290
0.145328
0.130935
0.119423
0.123911
0.160240
0.199375
0.218113
0.185538
0.165263
0.152463
0.123440
0.077360
0.050961
0.052162
0.074161
0.107171
0.122511
0.129767
0.153302
0.164784
0.160332
0.146249
0.135680
0.140076
0.175279
0.214974
0.233209
0.202658
0.181872
0.165988
0.134149
0.082239
0.052102
0.048213
0.062987
0.091845
0.092092
0.089070
0.104369
0.107241
0.091339
0.064380
0.033876
0.013524
0.035372
0.083671
0.137566
0.108013
0.068455
0.045100
0.009090
-0.039810
-0.057551
-0.061733
-0.045614
-0.019733
0.004475
0.008103
0.016590
0.024106
0.022406
0.008548
-0.002322
0.005952
0.054801
0.108365
0.162434
0.130927
0.092902
0.083020
0.059523
0.019279
0.000388
0.008668
0.041355
0.086286
0.128970
0.147803
0.162837
0.168579
0.167162
0.158896
0.155991
0.170143
0.214415
0.262355
0.283617
0.256610
0.238304
0.230066
0.205627
0.157018
0.124152
0.132086
0.162712
0.194837
0.208369
0.205410
0.201248
0.188321
0.164199
0.132301
0.099329
0.072725
0.099858
0.156399
0.217769
0.193048
0.155250
0.136310
0.105448
0.062266
0.038016
0.035142
0.053897
0.077331
0.094537
0.091141
0.096225
0.099844
0.090706
0.072023
0.052033
0.042914
0.064107
0.111452
0.154974
0.130507
0.104292
0.096576
0.079604
0.042397
0.023263
0.038074
0.075769
0.112736
0.139406
0.145791
0.152871
0.151851
0.142563
0.124395
0.103190
0.088544
0.101491
0.134109
0.155496
0.126114
0.104488
0.091404
0.072006
0.031575
0.007504
0.013239
0.042527
0.078902
0.107142
0.118925
0.132706
0.139324
0.136846
0.123785
0.108312
0.103822
0.127094
0.162121
0.185307
0.154460
0.132018
0.121534
0.093367
0.048729
0.022409
0.022945
0.045836
0.075458
0.101584
0.113683
0.133180
0.146957
0.149437
0.141367
0.131472
0.133197
0.161786
0.202790
0.229827
0.200209
0.181827
0.167974
0.138488
0.091551
0.061405
0.059644
0.081340
0.110988
0.104655
0.108176
0.130348
0.143249
0.139136
0.120367
0.095806
0.076910
0.086414
0.129576
0.171532
0.150853
0.118715
0.095356
0.067490
0.015152
-0.011704
-0.011991
0.009456
0.037387
0.058078
0.068351
0.073512
0.078163
0.073819
0.058683
0.038250
0.022949
0.043306
0.100993
0.179265
0.175527
0.128848
0.099262
0.064160
0.015638
-0.010978
-0.011799
0.012785
0.043358
0.071817
0.079266
0.083125
0.081492
0.073462
0.055456
0.034303
0.019537
0.036681
0.088530
0.148206
0.142817
0.098659
0.077764
0.049862
0.008870
-0.015458
-0.010794
0.018043
0.050910
0.079661
0.090527
0.093983
0.090371
0.081308
0.063912
0.043134
0.025247
0.036558
0.083677
0.140138
0.134379
0.089073
0.069209
0.040349
-0.000571
-0.024455
-0.020760
0.004731
0.035297
0.061745
0.073546
0.079775
0.080446
0.075394
0.061492
0.044209
0.033429
0.052551
0.097139
0.145669
0.135766
0.093722
0.073416
0.047968
-0.000171
-0.027590
-0.021918
0.005830
0.038280
0.066509
0.084505
0.095797
0.099573
0.096572
0.085170
0.072054
0.068722
0.093475
0.134624
0.172762
0.157662
0.123327
0.101350
0.074409
0.023879
-0.003950
-0.003967
0.018669
0.047298
0.073535
0.093736
0.101748
0.101296
0.099881
0.091012
0.084339
0.091667
0.126211
0.171145
0.205317
0.182964
0.155048
0.139055
0.112090
0.066187
0.035816
0.033486
0.055488
0.085099
0.110357
0.124608
0.134217
0.136106
0.132748
0.121667
0.112826
0.116211
0.145421
0.197775
0.248669
0.233027
0.202306
0.185537
0.156436
0.100352
0.068302
0.071965
0.095281
0.120541
0.136349
0.137877
0.138680
0.133952
0.122688
0.104536
0.083967
0.071659
0.091855
0.146775
0.204411
0.183790
0.149111
0.130877
0.101302
0.050802
0.022936
0.024391
0.043110
0.067652
0.087220
0.093886
0.096816
0.094823
0.086546
0.069417
0.055122
0.057180
0.089987
0.134872
0.170374
0.142065
0.111743
0.098001
0.073753
0.027249
0.001887
0.004045
0.029419
0.061312
0.091726
0.109630
0.120563
0.123685
0.122350
0.112265
0.102565
0.104728
0.132128
0.170083
0.203621
0.178183
0.151176
0.133182
0.101909
0.051098
0.023090
0.021441
0.044367
0.071710
0.090956
0.096295
0.103144
0.105911
0.103124
0.093499
0.081864
0.076587
0.102707
0.163404
0.231198
0.214155
0.181100
0.163892
0.132036
0.074503
0.044107
0.050143
0.071695
0.094417
0.113053
0.113232
0.114134
0.110741
0.099038
0.078839
0.063916
0.068137
0.108385
0.151448
0.174573
0.143268
0.111792
0.102447
0.076970
0.028785
0.003877
0.004329
0.026065
0.060128
0.092585
0.102847
0.114838
0.121227
0.120660
0.111684
0.107534
0.120603
0.163365
0.208611
0.237052
0.205897
0.183824
0.172454
0.143734
0.095727
0.068883
0.072930
0.098847
0.132359
0.135876
0.141463
0.161091
0.172394
0.166812
0.161153
0.167593
0.191637
0.235950
0.284074
0.313386
0.277800
0.264583
0.254790
0.225279
0.179749
0.155513
0.159850
0.181883
0.207744
0.203949
0.198060
0.197557
0.185890
0.159370
0.124568
0.089125
0.060211
0.076140
0.120869
0.168818
0.141524
0.100700
0.070423
0.023307
-0.035876
-0.068359
-0.089463
-0.093558
-0.084753
-0.071241
-0.057340
-0.034388
-0.010211
0.002665
0.007231
0.013355
0.026078
0.071335
0.122701
0.188229
0.146200
0.100623
0.089736
0.058338
0.012530
-0.009256
-0.007176
0.021003
0.060944
0.100420
0.117853
0.129083
0.133650
0.130724
0.124942
0.127687
0.146565
0.189698
0.235070
0.267297
0.232300
0.214207
0.206966
0.186196
0.142295
0.119281
0.138686
0.179288
0.216631
0.217342
0.203257
0.182113
0.154690
0.117847
0.075199
0.033179
-0.001873
0.018370
0.066648
0.123473
0.091616
0.050942
0.027800
-0.008517
-0.049215
-0.068799
-0.077981
-0.071338
-0.060350
-0.055184
-0.055133
-0.041426
-0.024780
-0.021014
-0.025469
-0.025954
-0.016634
0.024496
0.070261
0.116179
0.070734
0.038863
0.034324
0.019138
-0.011136
-0.023750
-0.009924
0.025782
0.070084
0.103579
0.120497
0.128775
0.130966
0.124037
0.115631
0.117051
0.133527
0.172095
0.213158
0.244557
0.209865
0.190047
0.179738
0.155278
0.115901
0.094594
0.106901
0.140174
0.171851
0.170307
0.158699
0.145771
0.128580
0.104256
0.074830
0.045701
0.022158
0.045088
0.095626
0.150568
0.116833
0.082235
0.062990
0.032470
-0.004346
-0.019518
-0.020787
-0.005969
0.007912
0.013532
0.009004
0.013834
0.021119
0.017105
0.006944
0.008911
0.031067
0.080855
0.133744
0.176665
0.135892
0.115131
0.113513
0.099167
0.065650
0.054484
0.077700
0.124909
0.170247
0.191323
0.193797
0.191015
0.177222
0.153563
0.122596
0.090567
0.063958
0.069435
0.102795
0.143590
0.107738
0.071000
0.046791
0.008952
0.000711
-0.000623
-0.003582
0.004413
0.010400
0.017662
0.020798
0.024409
0.028412
0.032741
0.037278
0.041966
0.046892
0.052036
0.057360
0.062818
0.068151
0.073360
0.078423
0.083391
0.088216
0.090055
0.094906
0.099534
0.102598
0.102165
0.093784
0.077650
0.056442
0.035399
0.013356
-0.004643
-0.018972
-0.026819
-0.030896
-0.031201
-0.029628
-0.034050
-0.041145
-0.007814
0.038854
0.000099
0.001779
0.005114
0.015837
0.022311
0.022004
0.021393
0.020356
0.035867
0.059488
0.058322
0.031128
0.005635
-0.009068
-0.025659
-0.045417
-0.062108
-0.075456
-0.083681
-0.099909
-0.116429
-0.121542
-0.117318
-0.105832
-0.099746
-0.097105
-0.095556
-0.096623
-0.088544
-0.086640
-0.090608
-0.107515
-0.105405
-0.095621
-0.089634
-0.091206
-0.098146
-0.104548
-0.101693
-0.103023
-0.108976
-0.104894
-0.091006
-0.068269
-0.052297
-0.039609
-0.033128
-0.031775
-0.026226
-0.026886
-0.041108
-0.069468
-0.072611
-0.057328
-0.046017
-0.033912
-0.031213
-0.024838
-0.010400
0.001346
-0.008477
-0.015720
-0.019357
-0.025122
-0.037553
-0.056130
-0.078633
-0.104454
-0.119536
-0.135787
-0.141469
-0.168769
-0.169837
-0.157680
-0.147893
-0.138734
-0.136465
-0.134579
-0.125468
-0.116603
-0.125017
-0.123782
-0.118994
-0.106188
-0.096250
-0.087147
-0.080588
-0.078958
-0.076983
-0.081191
-0.097533
-0.127341
-0.123574
-0.096363
-0.070441
-0.042630
-0.019241
0.012071
0.059667
0.104442
0.095476
0.081758
0.088160
0.091668
0.091002
0.085490
0.075574
0.060838
0.050084
0.042827
0.035562
0.007582
-0.002711
0.017018
0.035996
0.058435
0.077734
0.103000
0.141786
0.162964
0.124405
0.096439
0.093829
0.086879
0.073912
0.055881
0.034466
0.010904
-0.005089
-0.016101
-0.018565
-0.046827
-0.056466
-0.044298
-0.033056
-0.017426
-0.006722
0.005201
0.027486
0.046287
0.024532
0.015781
0.011745
0.004138
-0.008658
-0.027295
-0.048003
-0.069676
-0.083935
-0.094305
-0.094909
-0.124562
-0.127375
-0.113662
-0.100458
-0.084766
-0.073874
-0.059952
-0.037489
-0.019336
-0.031567
-0.036383
-0.038096
-0.040733
-0.047911
-0.059396
-0.072856
-0.087877
-0.098374
-0.106179
-0.106495
-0.134585
-0.132841
-0.112996
-0.094853
-0.072532
-0.053394
-0.031734
0.000199
0.029852
0.019825
0.014553
0.013077
0.008319
-0.001284
-0.016109
-0.033898
-0.054311
-0.069488
-0.082089
-0.088185
-0.116374
-0.118455
-0.100668
-0.083330
-0.062528
-0.046324
-0.029531
-0.000384
0.025947
0.009949
0.006621
0.007635
0.005351
-0.003301
-0.017228
-0.034191
-0.053695
-0.067954
-0.080327
-0.084478
-0.114022
-0.116376
-0.100815
-0.085884
-0.067455
-0.053250
-0.036472
-0.008349
0.017210
0.003843
0.000969
0.001259
-0.001539
-0.012103
-0.026205
-0.043066
-0.062216
-0.075955
-0.087587
-0.091554
-0.120535
-0.120965
-0.104458
-0.089177
-0.069893
-0.054782
-0.037775
-0.008810
0.017491
0.004148
0.002231
0.004744
0.004593
-0.002103
-0.013788
-0.028544
-0.046093
-0.058846
-0.069712
-0.073632
-0.103379
-0.106183
-0.090195
-0.075084
-0.056373
-0.041571
-0.024541
0.004672
0.031286
0.016939
0.013626
0.014895
0.013349
0.006119
-0.006706
-0.022467
-0.040707
-0.053547
-0.064407
-0.067627
-0.097598
-0.099389
-0.084103
-0.069690
-0.052067
-0.037693
-0.020839
0.007832
0.034126
0.020354
0.015304
0.015900
0.013445
0.004631
-0.009724
-0.026921
-0.046203
-0.059523
-0.070831
-0.073887
-0.104827
-0.106873
-0.092185
-0.077583
-0.061549
-0.048358
-0.031627
-0.002611
0.023463
0.012490
0.010805
0.012868
0.012554
0.006749
-0.004364
-0.018384
-0.034974
-0.046758
-0.056771
-0.061407
-0.092116
-0.096865
-0.080672
-0.065325
-0.046741
-0.031909
-0.014520
0.015348
0.043028
0.029146
0.024681
0.024591
0.021848
0.013271
-0.000763
-0.017582
-0.036513
-0.049588
-0.060621
-0.063702
-0.094123
-0.096895
-0.082049
-0.067725
-0.051374
-0.037719
-0.021382
0.006804
0.033418
0.020698
0.016859
0.017197
0.015081
0.006934
-0.006235
-0.022137
-0.040071
-0.052389
-0.062508
-0.066007
-0.097175
-0.101363
-0.086163
-0.071889
-0.054267
-0.040364
-0.023546
0.005187
0.032365
0.020534
0.017288
0.016074
0.011896
0.001888
-0.013147
-0.030403
-0.049038
-0.061530
-0.072468
-0.075336
-0.104842
-0.106881
-0.091501
-0.076607
-0.059564
-0.045470
-0.029261
-0.000824
0.026158
0.014264
0.012722
0.015263
0.014849
0.009148
-0.001873
-0.015717
-0.031907
-0.043074
-0.052944
-0.057691
-0.088511
-0.093703
-0.078282
-0.063823
-0.046214
-0.032260
-0.015324
0.014356
0.042582
0.029931
0.027651
0.029250
0.028244
0.021616
0.009728
-0.004848
-0.021561
-0.032825
-0.042041
-0.045224
-0.075704
-0.081572
-0.066607
-0.052989
-0.035775
-0.022137
-0.006414
0.023117
0.052170
0.039107
0.034636
0.034571
0.031500
0.021838
0.006599
-0.011203
-0.030522
-0.043195
-0.053552
-0.056921
-0.088858
-0.093564
-0.079679
-0.065893
-0.051608
-0.040464
-0.025354
0.002618
0.028578
0.020020
0.018354
0.019696
0.019053
0.013008
0.002026
-0.011346
-0.026491
-0.036452
-0.045532
-0.049934
-0.081255
-0.087148
-0.071052
-0.056192
-0.038451
-0.024198
-0.006858
0.023738
0.053751
0.042427
0.038753
0.039731
0.037267
0.028856
0.015158
-0.001228
-0.019490
-0.031605
-0.041381
-0.045052
-0.076676
-0.081005
-0.066063
-0.053511
-0.036641
-0.023451
-0.007540
0.022816
0.054137
0.045120
0.037561
0.033503
0.025746
0.011325
-0.009309
-0.032473
-0.055847
-0.070478
-0.082833
-0.086533
-0.118858
-0.122798
-0.111026
-0.098963
-0.086455
-0.077623
-0.065398
-0.041912
-0.017562
-0.020369
-0.020360
-0.017365
-0.016632
-0.022119
-0.032429
-0.044678
-0.058065
-0.066300
-0.075074
-0.079245
-0.110929
-0.114897
-0.098475
-0.083617
-0.066060
-0.052088
-0.033390
-0.002134
0.027834
0.021782
0.017451
0.016641
0.013033
0.004037
-0.009559
-0.025127
-0.041770
-0.052825
-0.063054
-0.066689
-0.096919
-0.101904
-0.084899
-0.070192
-0.051631
-0.036967
-0.020840
0.008618
0.039924
0.028659
0.027410
0.029524
0.028383
0.021558
0.009439
-0.005429
-0.022306
-0.033651
-0.043716
-0.049734
-0.081225
-0.085318
-0.069273
-0.055170
-0.037584
-0.023348
-0.005996
0.028813
0.064627
0.054636
0.039645
0.024825
0.006529
-0.019545
-0.051080
-0.083164
-0.113008
-0.130363
-0.143090
-0.146641
-0.177297
-0.178206
-0.168103
-0.159352
-0.151168
-0.145632
-0.137438
-0.116741
-0.094550
-0.098935
-0.090320
-0.080180
-0.067079
-0.059998
-0.057144
-0.055817
-0.056060
-0.054537
-0.056781
-0.063843
-0.094811
-0.096655
-0.074753
-0.053724
-0.029605
-0.008465
0.019200
0.064277
0.109232
0.105822
0.092277
0.096406
0.097334
0.093181
0.084411
0.071899
0.056044
0.045174
0.037796
0.032788
0.004111
-0.008233
0.006938
0.020697
0.038885
0.054490
0.071800
0.104174
0.131641
0.113745
0.100756
0.102404
0.101368
0.094206
0.082484
0.068325
0.052749
0.043050
0.038079
0.038475
0.010627
-0.003079
0.009243
0.019604
0.034397
0.047064
0.059980
0.085586
0.109641
0.095011
0.086069
0.078320
0.069192
0.053508
0.033497
0.012364
-0.008484
-0.021663
-0.028185
-0.027989
-0.055851
-0.065921
-0.054138
-0.043377
-0.028647
-0.016959
-0.006478
0.014056
0.035223
0.025328
0.023110
0.020037
0.013947
0.001446
-0.015760
-0.034372
-0.053385
-0.065698
-0.074082
-0.074500
-0.103306
-0.108122
-0.096315
-0.085808
-0.071522
-0.060423
-0.048254
-0.025362
-0.002634
-0.005832
-0.004575
-0.003453
-0.004120
-0.010894
-0.022373
-0.035624
-0.049986
-0.059827
-0.066421
-0.066894
-0.095247
-0.100509
-0.085467
-0.072176
-0.054926
-0.040156
-0.024511
0.002703
0.030355
0.025920
0.022536
0.020832
0.016183
0.005314
-0.010361
-0.027979
-0.046572
-0.059249
-0.068061
-0.069642
-0.098598
-0.103748
-0.090485
-0.079081
-0.063116
-0.049957
-0.036734
-0.014441
0.011291
0.013828
0.016639
0.022032
0.023925
0.018547
0.007535
-0.006573
-0.023010
-0.034624
-0.044270
-0.050558
-0.081349
-0.086651
-0.073480
-0.061113
-0.044441
-0.030698
-0.015136
0.013285
0.041529
0.036345
0.031827
0.029289
0.023573
0.011237
-0.006138
-0.025276
-0.044842
-0.057201
-0.065672
-0.065598
-0.094374
-0.100196
-0.088562
-0.078019
-0.065131
-0.054702
-0.044175
-0.022858
-0.000970
-0.002805
-0.005833
-0.006985
-0.009600
-0.018814
-0.032301
-0.047528
-0.063384
-0.073329
-0.082042
-0.083578
-0.113801
-0.119094
-0.107289
-0.097703
-0.083795
-0.072495
-0.058287
-0.032078
-0.004708
-0.002103
-0.000071
0.003873
0.005069
-0.000799
-0.011586
-0.024820
-0.039811
-0.050305
-0.059393
-0.063621
-0.094385
-0.100479
-0.086555
-0.074698
-0.058480
-0.044606
-0.029206
-0.001359
0.027774
0.025947
0.023043
0.022562
0.018745
0.008273
-0.007019
-0.024260
-0.042396
-0.054443
-0.062999
-0.064469
-0.093442
-0.097958
-0.084643
-0.073994
-0.058141
-0.044810
-0.031813
-0.005975
0.022790
0.020622
0.018985
0.018486
0.014494
0.003779
-0.012321
-0.030672
-0.049848
-0.062273
-0.072832
-0.076121
-0.106449
-0.112822
-0.101526
-0.092842
-0.080273
-0.071181
-0.060069
-0.037178
-0.012507
-0.012184
-0.012732
-0.010775
-0.010413
-0.016934
-0.028098
-0.041148
-0.055107
-0.063762
-0.071527
-0.073207
-0.103916
-0.108385
-0.095629
-0.085683
-0.071222
-0.058494
-0.042841
-0.015004
0.016185
0.022792
0.025320
0.029294
0.030572
0.025623
0.016092
0.004196
-0.009567
-0.018998
-0.026856
-0.032733
-0.063125
-0.070498
-0.054331
-0.039584
-0.019825
-0.002916
0.015019
0.048243
0.085015
0.080725
0.074070
0.069380
0.062789
0.049759
0.032028
0.012574
-0.006645
-0.018146
-0.025561
-0.026312
-0.055196
-0.065283
-0.052753
-0.042302
-0.026774
-0.014492
-0.003265
0.018821
0.043753
0.036819
0.027121
0.017103
0.003158
-0.019049
-0.046470
-0.074643
-0.101220
-0.116473
-0.127120
-0.129478
-0.159827
-0.165387
-0.158095
-0.154899
-0.148353
-0.144451
-0.138652
-0.121567
-0.100498
-0.103180
-0.095205
-0.087758
-0.076124
-0.069080
-0.065075
-0.061906
-0.059159
-0.054661
-0.053475
-0.054959
-0.084100
-0.090580
-0.070337
-0.051252
-0.027911
-0.006668
0.017158
0.053823
0.091322
0.092658
0.085822
0.084574
0.081694
0.073636
0.061839
0.048118
0.033608
0.024936
0.018577
0.015978
-0.010685
-0.024118
-0.009448
0.003239
0.019481
0.032915
0.042828
0.065484
0.086198
0.068352
0.054609
0.048584
0.040091
0.025435
0.006436
-0.013552
-0.032133
-0.044724
-0.048500
-0.040594
-0.071610
-0.081710
-0.071443
-0.061627
-0.048552
-0.036622
-0.024000
-0.002222
0.020210
0.017650
0.015886
0.017992
0.017254
0.009733
-0.002211
-0.015610
-0.029193
-0.039311
-0.045646
-0.041820
-0.069198
-0.080460
-0.069459
-0.057565
-0.041525
-0.026921
-0.012048
0.014965
0.044310
0.039545
0.031843
0.030375
0.025365
0.012713
-0.004930
-0.024221
-0.043340
-0.057500
-0.064555
-0.059898
-0.087945
-0.097994
-0.089531
-0.082096
-0.070136
-0.060058
-0.050409
-0.028795
-0.004117
-0.007094
-0.005848
0.000209
0.004572
0.001058
-0.007651
-0.018400
-0.029986
-0.038797
-0.043821
-0.039601
-0.067872
-0.078360
-0.068144
-0.057686
-0.043143
-0.029561
-0.014164
0.014655
0.045428
0.044404
0.038387
0.038714
0.035504
0.026124
0.011979
-0.003949
-0.019908
-0.031585
-0.036369
-0.031059
-0.057715
-0.069089
-0.059051
-0.049461
-0.034738
-0.021745
-0.009710
0.014051
0.040786
0.032743
0.023093
0.019494
0.012633
-0.002269
-0.022472
-0.044025
-0.064642
-0.078943
-0.085639
-0.081091
-0.110878
-0.119609
-0.111732
-0.104751
-0.096723
-0.090482
-0.083606
-0.066047
-0.046594
-0.049981
-0.051118
-0.047524
-0.043475
-0.044901
-0.049374
-0.054444
-0.058935
-0.060925
-0.060748
-0.051287
-0.078973
-0.089528
-0.074544
-0.060696
-0.042253
-0.024291
-0.004878
0.026161
0.058153
0.061657
0.051099
0.046327
0.037540
0.021178
0.000506
-0.021464
-0.042482
-0.057390
-0.064860
-0.061109
-0.088788
-0.098555
-0.088309
-0.079108
-0.065719
-0.054467
-0.044823
-0.024983
-0.001174
-0.003656
-0.004394
0.000814
0.004994
0.001512
-0.006451
-0.016191
-0.026321
-0.033366
-0.038933
-0.035313
-0.064772
-0.078395
-0.068022
-0.057412
-0.043754
-0.031325
-0.016540
0.010351
0.041346
0.051885
0.045817
0.047438
0.045694
0.037412
0.024697
0.009909
-0.005293
-0.016474
-0.023327
-0.020194
-0.048311
-0.061403
-0.051047
-0.041063
-0.025942
-0.012052
0.000234
0.026649
0.058126
0.055583
0.047510
0.045500
0.039584
0.026385
0.008258
-0.011507
-0.030404
-0.043200
-0.049887
-0.045940
-0.073726
-0.084834
-0.075347
-0.068222
-0.055784
-0.044815
-0.035050
-0.013838
0.012906
0.015349
0.012936
0.016436
0.017496
0.009990
-0.002766
-0.017601
-0.032573
-0.043143
-0.050703
-0.048212
-0.078185
-0.089986
-0.082072
-0.075361
-0.064957
-0.056024
-0.044708
-0.019857
0.009125
0.015408
0.013962
0.019928
0.023009
0.019153
0.011101
0.001393
-0.008543
-0.015691
-0.020504
-0.016810
-0.044037
-0.059523
-0.047732
-0.036042
-0.019651
-0.004774
0.007870
0.037415
0.072008
0.070937
0.062111
0.062733
0.060256
0.050899
0.037160
0.021423
0.005929
-0.004545
-0.010602
-0.006089
-0.032984
-0.049377
-0.040372
-0.032243
-0.019183
-0.008043
-0.000346
0.020312
0.046520
0.042425
0.034946
0.034024
0.030138
0.018012
0.000400
-0.019352
-0.038388
-0.050645
-0.057649
-0.054009
-0.084502
-0.097739
-0.091294
-0.084833
-0.077480
-0.071536
-0.064539
-0.045587
-0.022572
-0.021615
-0.021132
-0.015634
-0.010256
-0.011802
-0.016882
-0.023061
-0.028592
-0.030996
-0.033377
-0.026741
-0.055145
-0.067922
-0.054380
-0.041060
-0.023129
-0.006166
0.010776
0.041474
0.077303
0.086281
0.077342
0.081655
0.081456
0.074723
0.064108
0.051402
0.038284
0.029145
0.022840
0.025229
0.000216
-0.019654
-0.009754
0.000288
0.014158
0.025980
0.034284
0.056754
0.083705
0.076379
0.065158
0.064395
0.061039
0.050562
0.035469
0.018383
0.002001
-0.008073
-0.012761
-0.006817
-0.035617
-0.053071
-0.045758
-0.038775
-0.027603
-0.018130
-0.011293
0.006753
0.030471
0.033488
0.031442
0.035619
0.037579
0.031277
0.019980
0.006411
-0.007363
-0.016930
-0.024448
-0.023235
-0.053352
-0.069745
-0.063597
-0.056932
-0.047716
-0.040226
-0.030740
-0.006991
0.022458
0.030819
0.031055
0.045493
0.057411
0.061741
0.061326
0.057760
0.051646
0.045946
0.041795
0.039541
0.011838
-0.009105
0.000529
0.010171
0.024340
0.036244
0.045404
0.074844
0.112651
0.108928
0.085921
0.089894
0.088830
0.081626
0.068995
0.052602
0.034287
0.020487
0.010683
0.011869
-0.014231
-0.036436
-0.032676
-0.029959
-0.024038
-0.019754
-0.019060
-0.005192
0.015419
0.014652
0.008365
0.018476
0.029573
0.032332
0.029463
0.022810
0.013656
0.006019
0.000319
0.000179
-0.031394
-0.051805
-0.048592
-0.045814
-0.040806
-0.037837
-0.031387
-0.007663
0.023963
0.037010
0.030704
0.041050
0.049840
0.051886
0.048417
0.040918
0.030345
0.021071
0.014198
0.011436
-0.018292
-0.040081
-0.035187
-0.030933
-0.023312
-0.017642
-0.013625
0.008572
0.040734
0.048768
0.036495
0.037892
0.038890
0.031621
0.019433
0.003833
-0.012671
-0.024058
-0.032813
-0.030879
-0.059206
-0.078171
-0.074861
-0.071804
-0.069037
-0.065306
-0.057079
-0.034294
-0.003102
0.012588
0.003350
0.005589
0.006331
-0.000973
-0.013031
-0.026483
-0.038405
-0.046893
-0.048395
-0.038759
-0.061081
-0.077115
-0.071983
-0.065233
-0.055933
-0.045216
-0.035434
-0.014080
0.015933
0.029156
0.025743
0.034291
0.041781
0.040177
0.033712
0.024968
0.016154
0.008762
0.005836
0.012272
-0.006784
-0.027832
-0.024354
-0.016845
-0.006888
0.003579
0.012434
0.034325
0.065526
0.072752
0.054390
0.052822
0.050011
0.039013
0.023113
0.005306
-0.010834
-0.022191
-0.023827
-0.013949
-0.035872
-0.054346
-0.052722
-0.048503
-0.043867
-0.038103
-0.032303
-0.017848
0.003952
0.011954
0.008246
0.016579
0.024238
0.023001
0.016838
0.008641
0.000804
-0.005138
-0.006720
-0.001383
-0.022355
-0.042974
-0.041435
-0.035412
-0.027869
-0.020583
-0.012298
0.008375
0.037036
0.047327
0.038625
0.042875
0.046328
0.041972
0.032796
0.021479
0.010632
0.002435
-0.000789
0.006252
-0.012019
-0.033220
-0.032526
-0.028594
-0.022770
-0.016132
-0.009945
0.007197
0.033579
0.042475
0.035489
0.042835
0.049224
0.048050
0.042202
0.034146
0.026415
0.020595
0.019135
0.027085
0.008822
-0.013963
-0.012594
-0.007042
0.000095
0.007631
0.014318
0.032797
0.059037
0.071358
0.059678
0.066732
0.071884
0.069744
0.063102
0.054156
0.045611
0.039213
0.037528
0.046052
0.030290
0.005579
0.006738
0.013098
0.020832
0.029104
0.035188
0.052226
0.077931
0.084782
0.067479
0.071917
0.075591
0.071827
0.063741
0.053536
0.044109
0.037487
0.035899
0.044645
0.028784
0.003888
0.003525
0.008144
0.013399
0.019439
0.023405
0.037330
0.059386
0.064129
0.054080
0.061778
0.069852
0.070301
0.066340
0.059715
0.052774
0.047282
0.045881
0.054429
0.041012
0.013633
0.013142
0.018036
0.024965
0.033838
0.039648
0.056132
0.078992
0.085029
0.070964
0.075248
0.079083
0.075393
0.067781
0.058186
0.048941
0.041919
0.041472
0.052360
0.041456
0.014518
0.013762
0.016902
0.021507
0.028414
0.031217
0.043025
0.061139
0.065107
0.052465
0.055698
0.057049
0.051802
0.042408
0.031254
0.020814
0.012859
0.012413
0.023233
0.009380
-0.014482
-0.014472
-0.010202
-0.004330
0.003372
0.007604
0.020306
0.037044
0.044490
0.035548
0.038552
0.039521
0.034374
0.025114
0.014608
0.005301
-0.001530
-0.001298
0.009324
-0.005400
-0.028147
-0.026137
-0.019523
-0.010767
-0.000470
0.005074
0.019553
0.039671
0.045666
0.034954
0.036228
0.036454
0.029200
0.017658
0.004803
-0.006811
-0.015402
-0.016416
-0.006317
-0.022387
-0.041675
-0.041281
-0.037666
-0.031537
-0.023703
-0.018272
-0.004139
0.016040
0.022253
0.015869
0.018588
0.020007
0.013732
0.002424
-0.010498
-0.022550
-0.031788
-0.032969
-0.023439
-0.041282
-0.060440
-0.060193
-0.057168
-0.052051
-0.045861
-0.038849
-0.022556
-0.000155
0.009267
0.001771
0.003787
0.004383
-0.002786
-0.015443
-0.029707
-0.042943
-0.053171
-0.055008
-0.045591
-0.063718
-0.079921
-0.079395
-0.078549
-0.075735
-0.072362
-0.067119
-0.051657
-0.030591
-0.021191
-0.027569
-0.025468
-0.023842
-0.029518
-0.040134
-0.052171
-0.062879
-0.070740
-0.070572
-0.060008
-0.078917
-0.092117
-0.090102
-0.089276
-0.086093
-0.082432
-0.075810
-0.058991
-0.038743
-0.027132
-0.025273
-0.019521
-0.014529
-0.018088
-0.027077
-0.037740
-0.047619
-0.052527
-0.055707
-0.050860
-0.074430
-0.089443
-0.086363
-0.082684
-0.078309
-0.075450
-0.069953
-0.052605
-0.030929
-0.014139
-0.013037
0.000628
0.015070
0.021496
0.022966
0.022079
0.019958
0.018377
0.017242
0.018385
-0.006924
-0.027549
-0.022245
-0.015519
-0.005563
0.003673
0.011566
0.034023
0.062197
0.069959
0.063117
0.069215
0.072322
0.069121
0.061989
0.052923
0.043648
0.037933
0.035566
0.043937
0.022076
-0.000664
0.005135
0.009970
0.018932
0.027827
0.032328
0.048837
0.069318
0.066888
0.051810
0.038589
0.022553
-0.002165
-0.032293
-0.063284
-0.091316
-0.108711
-0.114624
-0.110353
-0.141552
-0.152013
-0.149089
-0.151772
-0.154598
-0.156622
-0.156940
-0.146277
-0.134546
-0.133287
-0.122830
-0.111183
-0.095079
-0.086151
-0.076768
-0.067720
-0.057846
-0.046615
-0.037684
-0.032836
-0.059855
-0.074476
-0.062698
-0.050169
-0.033020
-0.016638
0.001163
0.030285
0.062261
0.074267
0.070822
0.079343
0.084949
0.084719
0.081113
0.075896
0.070399
0.067402
0.066294
0.074091
0.054924
0.032816
0.041425
0.050100
0.062720
0.074678
0.084660
0.107901
0.131692
0.122456
0.105721
0.108703
0.109024
0.103561
0.094241
0.083152
0.072391
0.066738
0.064411
0.072446
0.050572
0.028084
0.031450
0.035218
0.042723
0.049465
0.052517
0.067511
0.085557
0.076863
0.068777
0.065644
0.059354
0.045138
0.025958
0.005517
-0.013391
-0.024456
-0.028340
-0.020344
-0.049171
-0.064452
-0.062268
-0.061215
-0.057474
-0.054271
-0.050659
-0.036267
-0.017396
-0.017532
-0.015438
-0.010896
-0.006924
-0.009757
-0.016198
-0.023208
-0.028747
-0.030345
-0.029132
-0.018240
-0.043873
-0.059358
-0.050972
-0.042189
-0.030628
-0.019444
-0.007088
0.016162
0.042954
0.049084
0.050008
0.056632
0.060040
0.057709
0.051716
0.044585
0.037629
0.033662
0.032193
0.038875
0.015187
-0.003268
0.007368
0.018309
0.035000
0.050303
0.062895
0.092403
0.123860
0.116482
0.095016
0.081467
0.063839
0.038588
0.008895
-0.021402
-0.048543
-0.065590
-0.069090
-0.060661
-0.090966
-0.102490
-0.097787
-0.096088
-0.091651
-0.087852
-0.085671
-0.072423
-0.055156
-0.058895
-0.056118
-0.051454
-0.045997
-0.045086
-0.046290
-0.047176
-0.046607
-0.043179
-0.039862
-0.029275
-0.055860
-0.069159
-0.056993
-0.045294
-0.029948
-0.014770
0.002591
0.030743
0.060714
-0.000170
-0.012204
-0.028793
-0.031259
-0.029622
-0.026015
-0.025078
-0.022763
-0.019578
-0.015869
-0.012005
-0.008158
-0.004326
0.011049
0.046670
0.056935
0.033668
0.007165
-0.010468
-0.021834
-0.029966
-0.034369
-0.038706
-0.049049
-0.074390
-0.091896
-0.098740
-0.107231
-0.114159
-0.095946
-0.079022
-0.066976
-0.046760
-0.022605
0.007904
0.043666
0.083232
0.115102
0.172793
0.310402
0.329917
0.263415
0.237323
0.251758
0.267962
0.287345
0.306548
0.327398
0.374296
0.447302
0.516153
0.493748
0.478445
0.465895
0.400374
0.283242
0.132381
-0.025681
-0.177895
-0.283030
-0.322252
-0.304090
-0.294938
-0.305081
-0.255300
-0.183378
-0.113062
-0.058468
-0.016986
0.012482
0.029426
0.037139
0.046063
0.029860
0.025778
0.009300
-0.021278
-0.045856
-0.060715
-0.054722
-0.037196
-0.079861
-0.102085
-0.136802
-0.135099
-0.148484
-0.163858
-0.163053
-0.153155
-0.142086
-0.135695
-0.152980
-0.150018
-0.123127
-0.091817
-0.080677
-0.089087
-0.094856
-0.092563
-0.072539
-0.055777
-0.076217
-0.109559
-0.109130
-0.099662
-0.100697
-0.095783
-0.067967
-0.024678
0.023719
0.045999
0.026702
0.006516
-0.012572
-0.031019
-0.060222
-0.093608
-0.120353
-0.139413
-0.136981
-0.116689
-0.128789
-0.163178
-0.167166
-0.170094
-0.173625
-0.169655
-0.155118
-0.133778
-0.109715
-0.077126
-0.046939
-0.015965
0.008151
0.031489
0.037431
0.033764
0.034265
0.038772
0.061184
0.080389
0.068009
0.027624
0.008591
-0.003762
-0.035307
-0.069312
-0.067139
-0.054459
-0.040513
-0.025754
-0.023342
-0.012882
0.012422
0.034749
0.040107
0.036127
0.039012
0.062624
0.105588
0.145613
0.131754
0.104275
0.086474
0.080235
0.059676
0.040738
0.040142
0.052342
0.069639
0.085445
0.081810
0.073054
0.075743
0.072830
0.057500
0.042566
0.038796
0.057612
0.101267
0.145065
0.091945
0.103271
0.084852
0.061143
0.020216
-0.003174
-0.009401
-0.004918
0.009320
0.045699
0.073496
0.083957
0.106444
0.118973
0.113167
0.103237
0.098432
0.096930
0.120840
0.151505
0.159724
0.110973
0.074790
0.048423
-0.012020
-0.064692
-0.084618
-0.082826
-0.073869
-0.047891
-0.023398
0.003407
0.041942
0.080030
0.106933
0.117155
0.124729
0.148329
0.203123
0.245836
0.229089
0.199723
0.178876
0.153089
0.093809
0.049670
0.038130
0.043425
0.059730
0.086926
0.108478
0.113051
0.141090
0.161628
0.164724
0.158325
0.156820
0.172812
0.211350
0.246201
0.241890
0.204908
0.186920
0.165937
0.113638
0.062386
0.052422
0.058886
0.075806
0.105254
0.133456
0.139777
0.165274
0.181795
0.178740
0.166952
0.162485
0.175281
0.209694
0.239582
0.230794
0.195525
0.174934
0.147960
0.096644
0.056655
0.041744
0.040038
0.046946
0.066675
0.085288
0.096893
0.128080
0.151873
0.158638
0.155860
0.156355
0.176496
0.219178
0.255495
0.234885
0.211241
0.202250
0.188627
0.151909
0.115196
0.108117
0.116771
0.135524
0.167033
0.180671
0.178330
0.181795
0.175687
0.160571
0.143873
0.136238
0.139381
0.165005
0.187660
0.176982
0.143002
0.122269
0.095956
0.055114
0.023632
0.008368
0.005463
0.009522
0.030845
0.043760
0.043372
0.064061
0.083496
0.084783
0.076359
0.074126
0.092279
0.134645
0.173588
0.168036
0.133129
0.118527
0.102124
0.058747
0.017223
0.009818
0.018358
0.035444
0.065059
0.090758
0.103494
0.132786
0.152361
0.152924
0.145418
0.142795
0.155422
0.191511
0.226791
0.226491
0.183516
0.160594
0.142203
0.084644
0.018282
0.001871
0.007886
0.025551
0.054423
0.077672
0.090714
0.118016
0.142483
0.153400
0.152608
0.154383
0.175699
0.219983
0.255320
0.226715
0.199363
0.183876
0.163816
0.115042
0.073741
0.061715
0.064046
0.076794
0.102169
0.133284
0.147914
0.172754
0.188424
0.185982
0.177500
0.174120
0.179965
0.207491
0.233429
0.230989
0.193389
0.167940
0.145812
0.085998
0.016427
0.000604
0.003948
0.018142
0.042170
0.059102
0.073802
0.106275
0.134707
0.146028
0.144846
0.144699
0.163415
0.205979
0.239223
0.213465
0.184054
0.172685
0.155401
0.111219
0.072624
0.063997
0.069697
0.085721
0.114113
0.137294
0.142827
0.165715
0.179922
0.174298
0.161574
0.155237
0.160733
0.188467
0.213859
0.210689
0.170567
0.150464
0.132128
0.080185
0.024654
0.014082
0.020287
0.036179
0.064250
0.090997
0.100855
0.127659
0.148732
0.150500
0.143248
0.140328
0.156002
0.191968
0.222450
0.217229
0.179899
0.160768
0.139736
0.095272
0.055243
0.043519
0.046178
0.056954
0.074528
0.096384
0.106187
0.132907
0.152959
0.153661
0.146718
0.144541
0.155643
0.189480
0.217747
0.212033
0.176897
0.160154
0.143303
0.099073
0.055398
0.045661
0.050132
0.064804
0.085765
0.110394
0.119145
0.143661
0.161261
0.160840
0.153319
0.150554
0.165829
0.201173
0.229913
0.219666
0.186922
0.171107
0.151828
0.113968
0.078551
0.067422
0.070464
0.082324
0.101938
0.121448
0.131359
0.154108
0.169888
0.169381
0.162242
0.159331
0.179971
0.219553
0.252062
0.226870
0.205069
0.198601
0.186776
0.160951
0.132633
0.126235
0.134573
0.156186
0.186665
0.200082
0.199489
0.197390
0.192442
0.179030
0.163276
0.156606
0.155932
0.180124
0.203377
0.191541
0.157844
0.136741
0.114674
0.080604
0.048976
0.030852
0.024867
0.026552
0.041329
0.056501
0.055419
0.068875
0.082624
0.080197
0.072513
0.070890
0.089389
0.136059
0.181224
0.165041
0.136936
0.128984
0.115566
0.083472
0.048649
0.040994
0.049727
0.069662
0.105212
0.130139
0.141992
0.157321
0.163218
0.159227
0.150729
0.148919
0.160710
0.193544
0.220881
0.213131
0.178983
0.162741
0.142489
0.100271
0.059039
0.046283
0.047045
0.056152
0.077861
0.102905
0.114398
0.137889
0.155177
0.162050
0.163023
0.166563
0.194011
0.241238
0.284304
0.265986
0.240683
0.235049
0.219131
0.178212
0.135927
0.126142
0.132998
0.153015
0.170885
0.187841
0.195911
0.210387
0.215500
0.206927
0.193564
0.188164
0.194549
0.223133
0.248647
0.226926
0.198735
0.183349
0.164438
0.130093
0.099080
0.085934
0.085871
0.096969
0.118366
0.146656
0.153518
0.168524
0.176904
0.170916
0.160711
0.155951
0.166083
0.202921
0.238739
0.234649
0.207213
0.193679
0.175520
0.136408
0.097081
0.084356
0.085387
0.099131
0.122156
0.148797
0.159679
0.178413
0.188422
0.181886
0.170603
0.166048
0.172873
0.203908
0.231002
0.224078
0.190250
0.173455
0.151437
0.109557
0.069852
0.054520
0.052496
0.058637
0.078579
0.103913
0.117075
0.137444
0.153182
0.154307
0.149352
0.148199
0.163369
0.201493
0.237011
0.230444
0.197904
0.180641
0.162111
0.123373
0.084698
0.071191
0.071103
0.081758
0.105124
0.130502
0.146740
0.160242
0.174140
0.175631
0.170380
0.170936
0.178492
0.208098
0.235767
0.226494
0.191776
0.172920
0.152039
0.108256
0.067510
0.050264
0.044876
0.047626
0.059496
0.068525
0.070527
0.091038
0.110071
0.116995
0.113339
0.113202
0.133689
0.177714
0.217676
0.213940
0.179087
0.161487
0.147102
0.116921
0.085854
0.075464
0.078309
0.090326
0.115704
0.142870
0.168280
0.185162
0.201745
0.206038
0.202512
0.203750
0.210752
0.236847
0.261952
0.265968
0.237559
0.218960
0.203695
0.160130
0.104718
0.091693
0.095964
0.111342
0.127681
0.133561
0.133716
0.149530
0.157922
0.157459
0.152220
0.150938
0.165186
0.203522
0.239448
0.239188
0.216983
0.201408
0.186543
0.149225
0.106852
0.096503
0.100748
0.117852
0.136684
0.154471
0.167389
0.188063
0.197812
0.192287
0.180177
0.174848
0.175687
0.199173
0.220374
0.228507
0.197182
0.178942
0.156109
0.112855
0.069221
0.056056
0.056183
0.069073
0.087649
0.106581
0.114687
0.137187
0.156968
0.160391
0.154271
0.151613
0.163228
0.196097
0.223682
0.237240
0.204806
0.188639
0.175683
0.138657
0.088473
0.080395
0.091800
0.115902
0.146006
0.170512
0.179177
0.195113
0.200513
0.192469
0.177321
0.169837
0.171404
0.195445
0.217464
0.225794
0.189833
0.171166
0.146982
0.098663
0.053273
0.038420
0.036428
0.045370
0.059758
0.075096
0.084101
0.110740
0.132896
0.138166
0.132600
0.129905
0.135790
0.164161
0.189848
0.202492
0.165649
0.143461
0.124685
0.078439
0.020371
0.005608
0.009613
0.026841
0.052683
0.077657
0.088200
0.113582
0.136624
0.142575
0.134525
0.130605
0.144043
0.180270
0.211720
0.220326
0.188128
0.170153
0.154026
0.117843
0.079560
0.069511
0.073372
0.088707
0.110723
0.133337
0.150661
0.167619
0.172298
0.169714
0.160501
0.156548
0.161271
0.188400
0.212950
0.219678
0.189063
0.174328
0.155660
0.118885
0.077685
0.065180
0.066827
0.080946
0.099901
0.117503
0.128527
0.148072
0.159714
0.158188
0.149632
0.145885
0.147134
0.172143
0.196964
0.205689
0.172810
0.152268
0.132603
0.087806
0.038447
0.022772
0.022622
0.034859
0.054748
0.072513
0.081605
0.108466
0.133569
0.144006
0.141638
0.141469
0.155538
0.191529
0.223563
0.237069
0.201176
0.182348
0.164595
0.121128
0.068335
0.054179
0.057826
0.076130
0.103235
0.125255
0.131627
0.158332
0.178725
0.180406
0.169217
0.162748
0.172039
0.203840
0.231280
0.242184
0.208155
0.190270
0.171737
0.131291
0.087475
0.073813
0.073787
0.086489
0.102199
0.118139
0.124329
0.143082
0.156547
0.157036
0.148627
0.143200
0.155547
0.189998
0.218901
0.229604
0.198413
0.185756
0.171073
0.140520
0.102152
0.093095
0.099658
0.120492
0.149731
0.167504
0.174091
0.181133
0.176019
0.164847
0.148783
0.140555
0.138314
0.160083
0.181656
0.187237
0.151241
0.131128
0.107914
0.066554
0.025956
0.010797
0.006428
0.012143
0.027631
0.047224
0.055769
0.081486
0.106896
0.120471
0.120767
0.121563
0.138120
0.178970
0.215157
0.225327
0.194340
0.182445
0.170287
0.141062
0.105197
0.097791
0.105968
0.128413
0.153195
0.163687
0.173786
0.184670
0.188180
0.179137
0.165205
0.158106
0.159755
0.183221
0.203917
0.209474
0.176880
0.161283
0.142690
0.111250
0.078656
0.067097
0.067063
0.079414
0.098278
0.120624
0.128166
0.146710
0.157479
0.152653
0.139465
0.131575
0.136205
0.163727
0.188465
0.193717
0.164203
0.151144
0.136740
0.108935
0.074909
0.063471
0.064890
0.080325
0.100593
0.117761
0.127597
0.141896
0.148822
0.144997
0.134794
0.128991
0.138270
0.171082
0.200173
0.206517
0.176369
0.165005
0.150872
0.125113
0.091606
0.081330
0.084267
0.102712
0.128049
0.144686
0.154696
0.157659
0.157247
0.149926
0.138348
0.133356
0.133413
0.159470
0.185644
0.190368
0.157496
0.138450
0.118927
0.084058
0.047368
0.031216
0.026515
0.032448
0.041420
0.055627
0.065895
0.096044
0.120314
0.129820
0.128201
0.127475
0.143483
0.180717
0.211740
0.222488
0.191280
0.181197
0.170869
0.144466
0.107244
0.099608
0.109347
0.133105
0.161829
0.173458
0.173621
0.181335
0.179522
0.168848
0.151778
0.141288
0.140224
0.164216
0.187073
0.192721
0.159501
0.137688
0.118495
0.087749
0.055969
0.040550
0.035274
0.043268
0.056813
0.079063
0.091337
0.117255
0.134627
0.134470
0.124621
0.117747
0.121144
0.149164
0.175969
0.185552
0.150162
0.128769
0.117743
0.085625
0.027047
0.006674
0.018974
0.041515
0.069624
0.094570
0.103590
0.132559
0.155539
0.160055
0.149860
0.143194
0.149497
0.179341
0.199552
0.207489
0.174285
0.156369
0.142617
0.108421
0.068799
0.058396
0.062451
0.078641
0.096163
0.115635
0.125100
0.147173
0.162345
0.161025
0.149594
0.141616
0.150449
0.180492
0.203991
0.211323
0.178915
0.167185
0.155084
0.130879
0.098557
0.090106
0.095238
0.114584
0.141083
0.149210
0.148118
0.150711
0.143178
0.130209
0.110679
0.098896
0.098573
0.123076
0.144494
0.147832
0.115708
0.097585
0.084385
0.064239
0.040073
0.028179
0.026293
0.037074
0.057147
0.070791
0.074277
0.088994
0.096042
0.094398
0.082939
0.075430
0.083813
0.116367
0.142886
0.149317
0.115013
0.102633
0.093542
0.071684
0.040092
0.031731
0.036612
0.054042
0.080503
0.091392
0.092717
0.106162
0.112039
0.108299
0.093341
0.084571
0.092233
0.123615
0.148823
0.154404
0.121304
0.104659
0.098879
0.081411
0.059233
0.052085
0.056990
0.074372
0.099959
0.108765
0.111530
0.119192
0.121413
0.111948
0.094524
0.083483
0.086654
0.113290
0.133984
0.137277
0.104785
0.087336
0.081269
0.067212
0.045732
0.037080
0.039535
0.058746
0.081659
0.087423
0.086719
0.105055
0.116569
0.113811
0.100579
0.090873
0.090955
0.106293
0.125984
0.137391
0.096429
0.083172
0.073361
0.053663
0.018916
0.012255
0.023072
0.048002
0.074623
0.081788
0.075051
0.084125
0.091576
0.087359
0.069465
0.055646
0.053683
0.071392
0.092343
0.105069
0.062186
0.051312
0.044067
0.029540
0.005918
0.002557
0.011039
0.035009
0.063694
0.087287
0.098216
0.109727
0.111182
0.107895
0.096086
0.088101
0.088256
0.104289
0.125473
0.137666
0.100698
0.084979
0.073495
0.050768
0.010241
-0.000515
0.007629
0.028647
0.049378
0.049332
0.047832
0.067598
0.086354
0.089502
0.077799
0.068884
0.073020
0.095827
0.120218
0.135090
0.090208
0.079995
0.075609
0.062886
0.039919
0.037621
0.048389
0.074766
0.104413
0.111842
0.114935
0.134457
0.150914
0.149228
0.136516
0.126281
0.126059
0.140454
0.159415
0.171470
0.130975
0.114801
0.103570
0.082164
0.042023
0.030714
0.040248
0.062720
0.087643
0.095242
0.091193
0.105285
0.117292
0.114176
0.097035
0.083369
0.083028
0.101612
0.122425
0.136597
0.090623
0.080382
0.072185
0.057920
0.033384
0.027800
0.035442
0.058445
0.085658
0.096379
0.097175
0.108879
0.115849
0.112707
0.098640
0.087192
0.089916
0.108801
0.129586
0.142253
0.097959
0.086155
0.077670
0.063268
0.038509
0.033290
0.042231
0.063282
0.089320
0.094356
0.085124
0.092273
0.091258
0.089510
0.068016
0.052271
0.048715
0.064866
0.084794
0.096279
0.050144
0.039758
0.034835
0.024382
0.006314
0.000653
0.007817
0.027043
0.051771
0.082211
0.097039
0.104892
0.105294
0.099845
0.084979
0.074887
0.075308
0.092187
0.112779
0.122170
0.087304
0.073089
0.064365
0.044747
0.011194
0.000724
0.008640
0.028261
0.052537
0.056547
0.052079
0.068359
0.081885
0.079542
0.062582
0.050023
0.049223
0.067958
0.089846
0.102304
0.055965
0.045287
0.042109
0.031441
0.012283
0.010175
0.020128
0.043296
0.072767
0.095470
0.106798
0.114176
0.112934
0.105611
0.088919
0.076336
0.071271
0.082787
0.102029
0.114770
0.076300
0.053696
0.042253
0.019901
-0.027256
-0.043907
-0.037072
-0.017697
0.002336
0.013960
0.019444
0.048413
0.078351
0.094956
0.092405
0.088820
0.093670
0.119318
0.141436
0.152775
0.109693
0.096721
0.089974
0.071088
0.043381
0.033778
0.041940
0.063696
0.088659
0.106346
0.110640
0.119837
0.124414
0.119984
0.105253
0.095065
0.097723
0.117676
0.139618
0.149149
0.107004
0.094089
0.084042
0.067402
0.041757
0.033390
0.035426
0.051393
0.070586
0.087819
0.094982
0.100649
0.105222
0.105899
0.095636
0.089042
0.099928
0.129552
0.161656
0.173925
0.134288
0.119421
0.113102
0.099229
0.077044
0.067754
0.068547
0.088062
0.110579
0.109441
0.111549
0.112285
0.112379
0.109778
0.101100
0.095989
0.098465
0.118065
0.143633
0.157619
0.114269
0.095806
0.082693
0.058179
0.022843
0.007918
0.004572
0.014290
0.027556
0.049541
0.059346
0.089251
0.111495
0.132813
0.139722
0.143040
0.160220
0.198850
0.235863
0.253507
0.215959
0.202286
0.192546
0.169462
0.132775
0.114722
0.115483
0.130371
0.143219
0.141905
0.126282
0.126484
0.122269
0.108298
0.088617
0.076194
0.079171
0.110978
0.150386
0.138252
0.127056
0.103368
0.089833
0.064738
0.031248
0.020535
0.023449
0.043762
0.077680
0.129228
0.170773
0.190805
0.200700
0.200837
0.191395
0.183385
0.185954
0.210069
0.240021
0.260903
0.228379
0.204449
0.188493
0.160750
0.099370
0.064124
0.067265
0.083034
0.102280
0.123654
0.126506
0.147554
0.167986
0.174977
0.167075
0.159970
0.165095
0.194028
0.225820
0.244555
0.207864
0.187477
0.177242
0.145815
0.095661
0.075340
0.076048
0.090485
0.109605
0.131200
0.143630
0.166076
0.183260
0.184452
0.172402
0.162746
0.168454
0.192736
0.220616
0.235328
0.202197
0.183614
0.174244
0.147200
0.105821
0.087893
0.089025
0.103990
0.121668
0.139279
0.154385
0.166460
0.173312
0.171141
0.157844
0.147743
0.153761
0.178638
0.207832
0.221796
0.189115
0.172350
0.162391
0.142892
0.113494
0.098748
0.099083
0.116128
0.135884
0.146928
0.156505
0.161488
0.159393
0.152173
0.137604
0.128481
0.126357
0.144099
0.169904
0.181846
0.146007
0.126428
0.111557
0.093310
0.066560
0.051453
0.044908
0.052028
0.061405
0.071300
0.083052
0.089037
0.098272
0.096717
0.084153
0.075506
0.078581
0.099822
0.127239
0.139505
0.103649
0.086806
0.075958
0.057487
0.030984
0.019776
0.017791
0.030282
0.043891
0.055528
0.064617
0.087205
0.103258
0.110447
0.104044
0.100039
0.112722
0.142502
0.175789
0.190301
0.157149
0.142267
0.134044
0.115933
0.090523
0.080705
0.082003
0.098463
0.113542
0.117622
0.112319
0.114386
0.114329
0.113889
0.102613
0.097996
0.102931
0.127155
0.159249
0.172132
0.137212
0.117449
0.102156
0.076694
0.042947
0.025002
0.015041
0.016704
0.022019
0.030394
0.028541
0.042514
0.061661
0.066772
0.057609
0.053035
0.058801
0.088885
0.124245
0.139402
0.096280
0.076950
0.062313
0.028076
-0.012709
-0.028974
-0.033769
-0.024316
-0.005758
0.019914
0.039402
0.084789
0.125060
0.149607
0.157671
0.162167
0.178431
0.216012
0.252081
0.268668
0.238055
0.219107
0.212221
0.180437
0.127278
0.109282
0.119410
0.141371
0.167260
0.177574
0.168656
0.175310
0.179569
0.175796
0.161170
0.152372
0.159484
0.188224
0.221459
0.236760
0.196463
0.176030
0.166726
0.137627
0.092571
0.074609
0.071914
0.085954
0.102082
0.117346
0.126103
0.148663
0.165440
0.171285
0.166253
0.162128
0.173233
0.202713
0.234620
0.253984
0.218358
0.205699
0.199569
0.172444
0.127504
0.114251
0.125570
0.150317
0.176873
0.177961
0.175342
0.182982
0.183622
0.172766
0.152974
0.138962
0.140301
0.162089
0.187864
0.205814
0.165138
0.151183
0.140571
0.119986
0.086355
0.074685
0.076937
0.095885
0.117458
0.136165
0.145480
0.158466
0.164647
0.160254
0.147019
0.137626
0.136942
0.153434
0.174398
0.187396
0.151353
0.137237
0.121896
0.093608
0.051674
0.036078
0.036174
0.052272
0.069181
0.077804
0.079072
0.099187
0.117761
0.125066
0.118824
0.113535
0.123290
0.151679
0.183281
0.202339
0.162056
0.148699
0.139297
0.118351
0.086576
0.076039
0.080675
0.102914
0.126407
0.140097
0.145985
0.157637
0.158102
0.152670
0.139189
0.130472
0.128139
0.143385
0.164905
0.178060
0.141543
0.124027
0.107086
0.076661
0.037478
0.023169
0.022730
0.033291
0.050142
0.065650
0.074704
0.097703
0.119882
0.126105
0.118223
0.112303
0.122156
0.155154
0.181163
0.190410
0.155108
0.140748
0.130628
0.108510
0.077095
0.066989
0.069791
0.086280
0.105935
0.117046
0.124704
0.136311
0.138642
0.132631
0.118428
0.109188
0.116285
0.147470
0.174340
0.179676
0.149891
0.132867
0.124263
0.109765
0.084001
0.075843
0.078927
0.097523
0.122748
0.127955
0.130248
0.125908
0.121953
0.108819
0.091001
0.079554
0.072382
0.092486
0.113539
0.118246
0.080397
0.059723
0.041410
0.013229
-0.017017
-0.030340
-0.036887
-0.034012
-0.018105
0.007536
0.025342
0.055937
0.085556
0.100958
0.103216
0.105292
0.121273
0.159589
0.192341
0.203357
0.167115
0.148165
0.134855
0.097785
0.047350
0.032121
0.035048
0.049965
0.069312
0.084198
0.093133
0.119229
0.138396
0.143719
0.138624
0.137984
0.157471
0.198972
0.000282
0.002312
0.003780
0.004101
0.004169
0.004538
0.005293
0.013208
0.038875
0.026796
-0.005705
-0.026073
-0.028642
-0.020948
-0.008962
0.003325
0.014012
0.021177
0.027436
0.031057
0.031966
0.026132
0.017375
0.008017
-0.006263
-0.022910
-0.042429
-0.060537
-0.059234
-0.040127
-0.005972
0.038552
0.089048
0.153820
0.227946
0.275019
0.253886
0.175513
0.165823
0.148394
0.122314
0.098031
0.078968
0.074415
0.067228
0.052693
0.039858
0.027864
0.023711
0.022825
0.019241
0.014716
0.007572
0.006147
0.002330
-0.030076
-0.060246
-0.075792
-0.061285
-0.062077
-0.075017
-0.075328
-0.041567
0.001421
0.032081
0.009136
-0.013193
-0.023380
-0.035196
-0.053175
-0.077664
-0.100278
-0.112786
-0.110551
-0.112986
-0.138548
-0.172864
-0.174996
-0.155762
-0.151106
-0.152052
-0.134958
-0.092899
-0.038387
0.012861
0.029247
0.042081
0.025877
0.003374
-0.009194
-0.030555
-0.050069
-0.055029
-0.045907
-0.038474
-0.056157
-0.093847
-0.101896
-0.089795
-0.083264
-0.087555
-0.087777
-0.065864
-0.033857
-0.003848
-0.002963
0.001192
0.014066
0.025806
0.031759
0.028505
0.024413
0.032342
0.053017
0.071250
0.066753
0.028560
0.014848
0.018100
0.015379
-0.000258
-0.006801
0.012566
0.047379
0.081412
0.079600
0.077866
0.078212
0.075145
0.070063
0.066527
0.073776
0.094959
0.131317
0.166236
0.178136
0.141178
0.127280
0.125752
0.116689
0.095531
0.087646
0.107154
0.142452
0.174704
0.165313
0.148210
0.137000
0.125559
0.108693
0.087205
0.066441
0.049924
0.062091
0.085027
0.103538
0.064555
0.033740
0.016848
-0.019988
-0.058245
-0.079860
-0.094185
-0.088780
-0.072741
-0.058320
-0.047572
-0.025134
-0.002755
0.008533
0.016404
0.029474
0.059845
0.117503
0.176228
0.207639
0.170683
0.157314
0.156515
0.141720
0.113606
0.105452
0.131978
0.178902
0.228782
0.235591
0.222680
0.208901
0.190870
0.164271
0.131059
0.098188
0.071961
0.094457
0.135289
0.181855
0.140543
0.108187
0.082522
0.038619
-0.011113
-0.034506
-0.044592
-0.036365
-0.024888
-0.023311
-0.024285
-0.014587
-0.004764
-0.008334
-0.023096
-0.029886
-0.015598
0.033115
0.087757
0.137263
0.097591
0.069911
0.062244
0.040643
0.007011
-0.004430
0.010940
0.053194
0.099753
0.133581
0.144004
0.157381
0.160160
0.152384
0.136026
0.121094
0.118357
0.142898
0.173803
0.204328
0.169533
0.144545
0.122518
0.084053
0.031451
0.005330
0.003843
0.023378
0.045470
0.060268
0.064410
0.076998
0.086796
0.089271
0.082669
0.073281
0.071611
0.100755
0.152710
0.207459
0.173250
0.142387
0.120739
0.083212
0.033814
0.012446
0.018577
0.050727
0.077062
0.094738
0.092829
0.097349
0.097372
0.089206
0.072052
0.052100
0.036837
0.059101
0.107966
0.169342
0.136099
0.097350
0.073417
0.025971
-0.026215
-0.046239
-0.045398
-0.021620
0.002965
0.022235
0.026201
0.038813
0.049358
0.050357
0.039973
0.026798
0.024394
0.056428
0.104039
0.162131
0.129561
0.088556
0.065327
0.021521
-0.030267
-0.050442
-0.046933
-0.018756
0.010696
0.035772
0.041057
0.049810
0.057513
0.058982
0.049245
0.035727
0.029138
0.056298
0.104011
0.168486
0.137009
0.093245
0.066391
0.019142
-0.035463
-0.058085
-0.058103
-0.034110
-0.009723
0.010124
0.011863
0.018402
0.023989
0.023448
0.012241
-0.003046
-0.010402
0.018373
0.071324
0.150875
0.119629
0.072326
0.047211
0.002757
-0.043122
-0.067817
-0.071115
-0.049190
-0.026090
-0.003960
-0.001188
0.013186
0.025720
0.028508
0.019983
0.015828
0.027769
0.071778
0.120883
0.179575
0.141076
0.107065
0.095263
0.067090
0.023029
0.004977
0.019312
0.061367
0.101672
0.139287
0.149322
0.162318
0.165646
0.160763
0.146453
0.130229
0.124122
0.147690
0.178705
0.203184
0.171260
0.144637
0.122510
0.081151
0.024609
-0.004447
-0.007760
0.010251
0.036180
0.052943
0.059040
0.072661
0.083133
0.087891
0.083102
0.075049
0.073156
0.104864
0.161342
0.222408
0.192121
0.158451
0.136901
0.098914
0.047408
0.022473
0.028492
0.060131
0.089039
0.112557
0.117883
0.127340
0.131037
0.124462
0.107823
0.088087
0.073490
0.093011
0.137378
0.193852
0.163344
0.123124
0.094583
0.045033
-0.015011
-0.041616
-0.045631
-0.025555
-0.003940
0.010679
0.011726
0.019083
0.024623
0.022560
0.009395
-0.008520
-0.018821
0.010884
0.066388
0.152741
0.124940
0.076022
0.049991
0.004603
-0.041653
-0.066433
-0.071786
-0.051098
-0.024818
-0.002432
-0.000022
0.013736
0.024733
0.025120
0.014946
0.010372
0.023282
0.068917
0.120065
0.175886
0.139030
0.107246
0.101170
0.078661
0.038600
0.021569
0.039857
0.084724
0.130128
0.166904
0.176069
0.185821
0.184654
0.174947
0.156526
0.135746
0.123797
0.142064
0.168020
0.187934
0.156628
0.129646
0.111537
0.073834
0.020007
-0.008182
-0.010694
0.006782
0.033663
0.055053
0.066441
0.084690
0.101216
0.109924
0.107249
0.101297
0.107624
0.142927
0.182069
0.204702
0.172871
0.147310
0.127176
0.089622
0.034823
0.006697
0.005959
0.028426
0.053035
0.075343
0.093599
0.120740
0.141751
0.152530
0.151861
0.148252
0.156230
0.192185
0.232267
0.252283
0.222888
0.202525
0.182471
0.138580
0.078985
0.046588
0.044115
0.064574
0.090052
0.091134
0.092643
0.105595
0.104605
0.088902
0.064104
0.036112
0.012276
0.041017
0.097549
0.178075
0.150197
0.106116
0.070941
0.021340
-0.031955
-0.060679
-0.073712
-0.062405
-0.040831
-0.026098
-0.022069
-0.005647
0.008800
0.010359
-0.000320
-0.001555
0.017536
0.075041
0.138053
0.194803
0.161016
0.128242
0.125771
0.106841
0.074120
0.058972
0.077336
0.124425
0.173629
0.212988
0.227514
0.236790
0.231298
0.215836
0.192241
0.167209
0.152526
0.170031
0.196003
0.212167
0.182701
0.158060
0.136654
0.102969
0.050698
0.019383
0.017315
0.037232
0.062961
0.080420
0.080218
0.090994
0.097653
0.097337
0.088564
0.076436
0.072811
0.101487
0.153100
0.186257
0.157993
0.131343
0.117857
0.093668
0.053543
0.033118
0.042795
0.077207
0.109786
0.141587
0.148001
0.165755
0.173268
0.167749
0.154786
0.144807
0.147554
0.177644
0.214073
0.241157
0.209576
0.188485
0.169974
0.134760
0.083190
0.057943
0.059078
0.083510
0.109390
0.103765
0.098309
0.104017
0.100569
0.084884
0.060257
0.033164
0.014024
0.033432
0.080017
0.130561
0.097522
0.060021
0.037740
-0.001347
-0.047747
-0.067708
-0.071114
-0.052945
-0.029901
-0.012058
-0.015131
-0.010309
-0.003472
-0.004583
-0.017207
-0.022953
-0.009580
0.039274
0.094944
0.156390
0.119908
0.080945
0.071878
0.048469
0.008853
-0.007603
0.002183
0.037330
0.079098
0.115785
0.131861
0.140131
0.141378
0.137621
0.127896
0.123552
0.133258
0.167540
0.204493
0.234742
0.200791
0.176009
0.159714
0.127610
0.078863
0.052876
0.056554
0.082444
0.105828
0.119051
0.118406
0.122266
0.122522
0.116038
0.102504
0.087756
0.080101
0.106182
0.157355
0.211834
0.180126
0.150142
0.130207
0.094436
0.041417
0.017646
0.021038
0.043174
0.063760
0.078191
0.075429
0.076719
0.076236
0.071911
0.059290
0.043604
0.035865
0.061300
0.107446
0.157863
0.123215
0.083871
0.064240
0.027829
-0.018024
-0.037137
-0.036354
-0.014056
0.010316
0.033259
0.032646
0.037950
0.042331
0.042589
0.032668
0.022244
0.024766
0.060374
0.101054
0.145843
0.108033
0.070355
0.055357
0.024015
-0.022181
-0.042914
-0.042835
-0.019629
0.016222
0.050590
0.058475
0.075610
0.090825
0.098730
0.104576
0.115165
0.142549
0.193116
0.246377
0.286201
0.249938
0.234218
0.227079
0.198323
0.150534
0.129608
0.148430
0.188915
0.223784
0.228110
0.220209
0.209003
0.186559
0.154521
0.116986
0.080356
0.051692
0.075884
0.123171
0.176866
0.144348
0.102294
0.072477
0.023141
-0.034732
-0.068462
-0.093547
-0.101193
-0.096815
-0.086875
-0.075406
-0.052331
-0.025481
-0.010695
-0.007330
-0.002971
0.008652
0.052593
0.101476
0.160367
0.116363
0.075588
0.066792
0.038956
-0.002380
-0.021787
-0.016149
0.013788
0.053277
0.089759
0.108062
0.119870
0.125514
0.124219
0.119902
0.125057
0.147788
0.191554
0.236198
0.272865
0.235547
0.213565
0.205514
0.181604
0.140558
0.117936
0.132514
0.167952
0.194990
0.182260
0.162230
0.140528
0.115996
0.084926
0.048350
0.011798
-0.018890
0.001332
0.046594
0.100022
0.066971
0.023690
0.001512
-0.033080
-0.070294
-0.090246
-0.102751
-0.098362
-0.087117
-0.077684
-0.071796
-0.046787
-0.018607
-0.003179
0.000562
0.003924
0.015385
0.051866
0.093587
0.132929
0.088672
0.058148
0.048545
0.031039
0.001914
-0.015636
-0.007833
0.023204
0.062614
0.096761
0.112328
0.124708
0.132757
0.133026
0.126217
0.124349
0.136404
0.172379
0.210939
0.240443
0.206842
0.184499
0.170450
0.141547
0.097557
0.070763
0.073596
0.098324
0.125626
0.136864
0.135661
0.139591
0.137659
0.127355
0.111085
0.094404
0.084175
0.109950
0.161439
0.213534
0.181155
0.149312
0.132214
0.097017
0.044911
0.020574
0.018502
0.035640
0.054498
0.070553
0.066125
0.072213
0.078405
0.074228
0.060731
0.050216
0.055862
0.095117
0.139223
0.174193
0.139936
0.112473
0.100394
0.072648
0.023978
0.001027
0.004174
0.027767
0.064709
0.099842
0.112315
0.130447
0.141845
0.141168
0.134774
0.136921
0.157143
0.202829
0.252506
0.284668
0.251386
0.236305
0.227223
0.196889
0.148135
0.120206
0.127975
0.154761
0.184070
0.202975
0.208280
0.202865
0.191581
0.173832
0.149893
0.126628
0.111480
0.145187
0.202062
0.258054
0.231334
0.196187
0.173313
0.127014
0.065051
0.033381
0.019823
0.022743
0.032026
0.036561
0.033590
0.033376
0.038371
0.031573
0.011563
-0.003635
0.000945
0.045462
0.095768
0.139451
0.103370
0.068940
0.060043
0.032790
-0.011066
-0.032934
-0.033058
-0.011081
0.028957
0.061530
0.071655
0.097453
0.115908
0.118470
0.113818
0.111848
0.125976
0.166073
0.211071
0.246382
0.208464
0.192434
0.186291
0.161358
0.115711
0.092564
0.105986
0.139706
0.173740
0.197421
0.204472
0.205996
0.200425
0.183802
0.159122
0.135244
0.120752
0.137212
0.175018
0.212562
0.180007
0.146293
0.125950
0.091587
0.036569
0.008643
0.002104
0.016076
0.041846
0.048797
0.050270
0.066891
0.081541
0.079417
0.065256
0.053842
0.059400
0.094437
0.139805
0.178253
0.140779
0.121349
0.115302
0.091658
0.043879
0.020108
0.030614
0.066168
0.105446
0.134884
0.146119
0.154436
0.153117
0.140935
0.119346
0.095823
0.081545
0.094991
0.136485
0.176759
0.151001
0.123889
0.106808
0.076855
0.029195
0.002302
0.003362
0.025963
0.051270
0.068266
0.070193
0.076080
0.080867
0.079288
0.069146
0.055419
0.046905
0.064322
0.112501
0.168369
0.144059
0.111272
0.093520
0.063898
0.017398
-0.007742
-0.006195
0.016425
0.041927
0.061683
0.067647
0.074346
0.079339
0.079629
0.070047
0.056472
0.050249
0.071181
0.114062
0.160180
0.139073
0.103110
0.082548
0.054737
0.008500
-0.016856
-0.014349
0.011675
0.041930
0.069168
0.076845
0.085288
0.092077
0.092713
0.082665
0.071747
0.072990
0.102844
0.144451
0.186326
0.157768
0.126456
0.111242
0.082603
0.030310
0.000450
0.000781
0.023466
0.056226
0.084790
0.094708
0.106224
0.114938
0.114705
0.104576
0.091570
0.088776
0.114463
0.162706
0.207694
0.187046
0.160160
0.147374
0.119509
0.069165
0.039050
0.045220
0.074886
0.105391
0.130234
0.137404
0.146439
0.149273
0.141637
0.124786
0.104870
0.091227
0.106092
0.153115
0.201708
0.179725
0.148504
0.128741
0.099382
0.050385
0.019863
0.019931
0.041676
0.068029
0.088469
0.088049
0.090420
0.091512
0.084739
0.069228
0.049375
0.036147
0.055296
0.108739
0.172987
0.152621
0.116877
0.101247
0.073502
0.029398
0.003635
0.008430
0.033781
0.063377
0.089697
0.097462
0.104422
0.108450
0.105894
0.092580
0.074891
0.065982
0.086656
0.120659
0.150807
0.123889
0.091500
0.073968
0.048029
-0.001066
-0.028180
-0.030075
-0.011524
0.020854
0.052281
0.065930
0.083065
0.099999
0.109614
0.107289
0.104612
0.117290
0.157507
0.205571
0.241820
0.211510
0.191474
0.185001
0.158327
0.112171
0.081997
0.087328
0.116917
0.150477
0.170541
0.174712
0.179618
0.173501
0.158418
0.135221
0.110405
0.091057
0.111197
0.163967
0.225575
0.216802
0.175888
0.145084
0.107874
0.053727
0.020225
0.006721
0.012986
0.025699
0.033069
0.034274
0.034810
0.043757
0.043161
0.029064
0.013179
0.009899
0.039799
0.086857
0.134968
0.113245
0.072697
0.057211
0.033252
-0.012639
-0.038918
-0.041117
-0.021452
0.012075
0.045052
0.054073
0.068979
0.085281
0.092219
0.094406
0.095926
0.109174
0.148157
0.195887
0.243312
0.203444
0.187452
0.186508
0.173466
0.136456
0.109221
0.128582
0.171794
0.215884
0.234235
0.230960
0.214234
0.192227
0.161294
0.121548
0.080711
0.045831
0.043060
0.076530
0.122762
0.107341
0.059870
0.030754
-0.005830
-0.054404
-0.083602
-0.103721
-0.108142
-0.100870
-0.087560
-0.078624
-0.057194
-0.026013
-0.003971
0.005586
0.011531
0.023089
0.065816
0.118498
0.172620
0.135297
0.104896
0.095730
0.084805
0.056696
0.035412
0.044226
0.079517
0.128578
0.169759
0.199956
0.199379
0.191138
0.181137
0.167953
0.164326
0.175916
0.207834
0.248943
0.285919
0.259006
0.236707
0.227563
0.207393
0.165635
0.131381
0.134111
0.159904
0.187363
0.194739
0.184955
0.179661
0.168770
0.150611
0.124932
0.098109
0.076462
0.079757
0.118026
0.161275
0.141869
0.101923
0.076292
0.052599
0.014656
-0.013077
-0.031098
-0.031851
-0.018864
0.002639
0.008995
0.024953
0.052071
0.071453
0.081823
0.087220
0.099660
0.138276
0.187150
0.234171
0.200853
0.178844
0.174056
0.163377
0.130167
0.104655
0.117251
0.153417
0.192164
0.212551
0.213248
0.206994
0.193384
0.170853
0.139772
0.106922
0.079296
0.082378
0.122324
0.172121
0.163276
0.117868
0.086962
0.056413
0.007988
-0.027087
-0.048371
-0.054042
-0.046340
-0.031488
-0.021969
-0.003704
0.026505
0.047920
0.060825
0.069834
0.083819
0.127216
0.181388
0.237168
0.206863
0.175274
0.170705
0.154035
0.118379
0.092464
0.099544
0.133436
0.173671
0.199550
0.206221
0.205710
0.197358
0.179436
0.152145
0.122064
0.096080
0.097836
0.136465
0.187370
0.175511
0.132146
0.100978
0.072652
0.020755
-0.010409
-0.024150
-0.020125
-0.002958
0.014675
0.021358
0.036178
0.057054
0.068579
0.066841
0.068578
0.090453
0.141772
0.200106
0.250792
0.220837
0.196192
0.193576
0.182827
0.149473
0.124550
0.137738
0.177201
0.220708
0.243452
0.240891
0.234160
0.219692
0.197888
0.164287
0.126787
0.092457
0.081312
0.103850
0.146002
0.136795
0.084564
0.044129
0.002140
-0.059461
-0.103549
-0.136198
-0.156225
-0.153480
-0.141921
-0.128476
-0.105062
-0.067955
-0.034738
-0.025654
-0.022615
-0.014778
0.018460
0.078413
0.150435
0.151700
0.098514
0.076543
0.039729
-0.005227
-0.034700
-0.044165
-0.030675
0.001604
0.039719
0.066770
0.078656
0.087583
0.093704
0.088216
0.081547
0.087790
0.117204
0.162338
0.209490
0.195407
0.165231
0.155138
0.140295
0.100276
0.057170
0.067094
0.105006
0.152693
0.180537
0.185259
0.181733
0.169748
0.148833
0.117040
0.081095
0.048888
0.034904
0.068421
0.109946
0.110581
0.065782
0.038793
0.009846
-0.035165
-0.067187
-0.079756
-0.074573
-0.054518
-0.032072
-0.029334
-0.016824
0.002633
0.013577
0.011672
0.012809
0.028005
0.069836
0.128211
0.194909
0.177100
0.142768
0.144047
0.137152
0.111822
0.089709
0.109023
0.158361
0.216305
0.252405
0.251010
0.246840
0.232836
0.209165
0.175167
0.137654
0.102221
0.081547
0.086924
0.110826
0.101107
0.061704
0.033235
0.003202
-0.047947
-0.087469
-0.107451
-0.113781
-0.104216
-0.089138
-0.083743
-0.065615
-0.032796
-0.008157
0.004377
0.010135
0.019753
0.052678
0.105136
0.166565
0.150570
0.111640
0.100155
0.091510
0.061344
0.036653
0.046801
0.087475
0.141914
0.185201
0.209874
0.210229
0.207053
0.194099
0.174606
0.159416
0.153342
0.163977
0.191733
0.222911
0.207694
0.178021
0.161305
0.138266
0.093658
0.058906
0.054575
0.070782
0.097645
0.116346
0.123631
0.125544
0.123188
0.116488
0.101619
0.085257
0.075667
0.086774
0.136277
0.194499
0.193274
0.159859
0.141399
0.121975
0.077914
0.045975
0.051763
0.073249
0.101906
0.123739
0.133222
0.136719
0.137641
0.129564
0.110916
0.095928
0.095746
0.120463
0.160598
0.195500
0.174943
0.147313
0.134299
0.114643
0.068416
0.033228
0.032589
0.053778
0.088254
0.115998
0.129155
0.137600
0.138295
0.129599
0.111798
0.094861
0.088162
0.104018
0.150115
0.200343
0.192599
0.161826
0.146344
0.123510
0.075964
0.042838
0.047510
0.069664
0.101355
0.128897
0.140668
0.148503
0.151782
0.144242
0.125874
0.109325
0.105777
0.126993
0.164607
0.201015
0.180664
0.154135
0.140948
0.113849
0.059768
0.023089
0.021899
0.041486
0.074508
0.102766
0.113980
0.123258
0.127871
0.120681
0.104122
0.086747
0.079565
0.097352
0.150944
0.208711
0.193142
0.165886
0.153378
0.131304
0.084484
0.053061
0.061521
0.086840
0.121303
0.149780
0.164119
0.170818
0.170443
0.158190
0.138355
0.125261
0.128846
0.160376
0.200436
0.231262
0.203685
0.175887
0.164094
0.143703
0.095416
0.059393
0.056834
0.074439
0.108985
0.121378
0.128013
0.139733
0.143091
0.128588
0.103708
0.082790
0.076114
0.099165
0.134686
0.163434
0.133280
0.106307
0.089941
0.069666
0.013931
-0.016283
-0.020545
-0.007423
0.025394
0.062352
0.087438
0.107593
0.120777
0.120178
0.114188
0.117453
0.141347
0.190279
0.246413
0.288758
0.266859
0.245739
0.244283
0.223056
0.180702
0.150621
0.161518
0.195614
0.231678
0.254239
0.249399
0.233972
0.213012
0.192743
0.164416
0.135173
0.111061
0.119376
0.161775
0.209678
0.201665
0.154994
0.119196
0.079007
0.019852
-0.021667
-0.053887
-0.072998
-0.077125
-0.069591
-0.062661
-0.048271
-0.024849
-0.009322
-0.012743
-0.013162
-0.005081
0.036649
0.095109
0.160125
0.135746
0.094865
0.078040
0.058527
0.020453
-0.002203
-0.002609
0.020879
0.064266
0.113277
0.163557
0.192259
0.209221
0.211674
0.203552
0.195937
0.192738
0.206037
0.232602
0.268196
0.255220
0.213081
0.182700
0.148591
0.086629
0.033351
0.030590
0.044359
0.069679
0.091634
0.106958
0.116372
0.119355
0.118416
0.108023
0.103105
0.119696
0.168426
0.226163
0.263430
0.240492
0.212700
0.199792
0.173360
0.125518
0.089313
0.087844
0.114024
0.150302
0.188276
0.212556
0.225173
0.224091
0.211648
0.189462
0.166206
0.150413
0.164341
0.212308
0.267960
0.256014
0.216487
0.191557
0.149526
0.082630
0.041160
0.027788
0.034594
0.052450
0.068456
0.066597
0.066483
0.070873
0.066984
0.054460
0.037659
0.031986
0.063749
0.129321
0.205515
0.191429
0.156744
0.142684
0.115882
0.072243
0.044969
0.052014
0.079018
0.111012
0.136601
0.144053
0.147552
0.145389
0.135020
0.114850
0.092828
0.081803
0.101927
0.135921
0.160586
0.131793
0.104893
0.091471
0.068501
0.018759
-0.010080
-0.011448
0.008861
0.041142
0.072850
0.088074
0.102077
0.112192
0.115029
0.106856
0.098802
0.105476
0.139758
0.182712
0.218012
0.190756
0.163871
0.150372
0.121459
0.072664
0.041851
0.040880
0.065187
0.096577
0.110184
0.118655
0.136231
0.145792
0.140250
0.123536
0.104705
0.094655
0.112292
0.155819
0.196065
0.175135
0.141436
0.123481
0.087148
0.029710
-0.000615
-0.004689
0.011521
0.037115
0.062005
0.065627
0.073233
0.082063
0.082357
0.072534
0.058312
0.055069
0.083465
0.140184
0.197977
0.181128
0.147495
0.133227
0.104034
0.053206
0.025123
0.033240
0.063414
0.096084
0.123664
0.132613
0.138098
0.137493
0.130026
0.112898
0.091890
0.079418
0.096668
0.139557
0.172852
0.151130
0.121546
0.103098
0.073751
0.000993
0.007883
0.014541
0.029927
0.045863
0.056291
0.065418
0.081923
0.120578
0.137060
0.122815
0.096824
0.091385
0.081096
0.067435
0.050568
0.033833
0.024628
0.015129
0.003680
0.001580
0.002911
0.013131
0.020686
0.021450
0.019761
0.016285
0.014216
0.012061
-0.002139
-0.041907
-0.069223
-0.064501
-0.046080
-0.024718
-0.010447
0.002229
0.023444
0.039517
0.029888
0.015554
0.015698
0.016083
0.011805
0.003554
-0.011088
-0.031846
-0.051329
-0.069803
-0.077379
-0.106363
-0.120659
-0.103260
-0.086071
-0.068120
-0.058386
-0.044434
-0.025185
-0.012148
-0.013395
-0.022402
-0.014884
-0.006106
-0.002089
-0.004373
-0.014654
-0.032772
-0.052908
-0.071479
-0.088151
-0.122552
-0.136101
-0.113957
-0.088225
-0.062834
-0.045669
-0.025112
0.003429
0.025709
0.021673
0.007082
0.011441
0.016338
0.016845
0.009857
-0.005158
-0.026789
-0.048558
-0.068422
-0.080060
-0.109787
-0.123756
-0.104856
-0.082541
-0.060594
-0.046304
-0.028026
-0.004731
0.012807
0.013270
0.002884
0.009449
0.015852
0.019056
0.015731
0.005221
-0.012096
-0.031375
-0.048764
-0.064541
-0.100984
-0.116302
-0.096479
-0.069889
-0.045011
-0.026778
-0.004449
0.026000
0.051471
0.049516
0.027275
0.018413
0.009019
-0.005618
-0.026807
-0.053318
-0.082418
-0.108035
-0.131468
-0.140263
-0.173095
-0.181717
-0.163593
-0.147586
-0.129109
-0.121038
-0.106582
-0.082515
-0.065958
-0.060550
-0.066741
-0.059281
