0.940998
0.968962
0.974532
0.979588
0.983628
0.985785
0.985593
0.982122
0.974573
0.960072
0.954154
0.955611
0.961548
0.969279
0.978015
0.980273
0.977440
0.975097
0.969786
0.987283
1.009677
1.085943
1.141327
1.137977
1.068971
0.964770
0.854216
0.744255
0.638377
0.579428
0.572507
0.653779
0.731277
0.812760
0.898939
0.982577
1.056566
1.121268
1.166633
1.194679
1.229363
1.258192
1.282675
1.261049
1.196316
1.098715
0.989101
0.877209
0.765420
0.696257
0.718275
0.786450
0.855085
0.936261
1.032348
1.133820
1.227263
1.309765
1.374939
1.418438
1.415148
1.416944
1.383783
1.305449
1.182161
1.027607
0.884841
0.766996
0.655237
0.604494
0.631321
0.740945
0.855314
0.963739
1.070497
1.181906
1.287621
1.377599
1.437305
1.464468
1.509974
1.497458
1.442545
1.345517
1.209250
1.042898
0.882894
0.744888
0.611989
0.547352
0.573253
0.674485
0.795302
0.911242
1.024643
1.134700
1.232852
1.314428
1.366919
1.394548
1.447210
1.446291
1.397933
1.303283
1.169240
1.006224
0.852579
0.717860
0.585341
0.518830
0.543069
0.625833
0.754121
0.869319
0.984166
1.095292
1.193170
1.274610
1.328011
1.355133
1.398205
1.401340
1.368416
1.288617
1.164142
1.002371
0.848019
0.716828
0.588089
0.523270
0.542602
0.613601
0.734976
0.849335
0.962295
1.071989
1.168624
1.247835
1.304122
1.339665
1.384654
1.394138
1.359655
1.275825
1.143275
0.973642
0.820479
0.693507
0.571219
0.492186
0.519020
0.613360
0.747854
0.870669
0.991010
1.106858
1.207784
1.290944
1.344306
1.375818
1.412569
1.406597
1.359632
1.270778
1.144225
0.988092
0.841709
0.718709
0.593939
0.528999
0.542662
0.567833
0.670299
0.770540
0.871567
0.964196
1.042658
1.102677
1.141138
1.175306
1.183954
1.219277
1.237118
1.197456
1.088062
0.922597
0.766265
0.641216
0.520519
0.446016
0.454613
0.551507
0.693160
0.818565
0.936242
1.046986
1.143356
1.222283
1.271359
1.306813
1.355518
1.351937
1.302340
1.206475
1.072687
0.919206
0.784923
0.674214
0.559987
0.485611
0.494066
0.529563
0.610725
0.709440
0.813308
0.907292
0.985139
1.045791
1.085618
1.129016
1.131735
1.161365
1.182129
1.144667
1.029535
0.866722
0.717193
0.602364
0.491823
0.406839
0.401260
0.492096
0.609870
0.718431
0.823117
0.926970
1.019446
1.095311
1.143162
1.187891
1.245912
1.263128
1.227253
1.139925
1.014069
0.870244
0.742544
0.633088
0.514083
0.431401
0.435974
0.465384
0.530954
0.616732
0.708534
0.791510
0.856129
0.905030
0.933998
0.973479
0.978498
1.007558
1.037360
1.017158
0.922861
0.782082
0.648096
0.547700
0.448065
0.375011
0.351736
0.439050
0.535878
0.626806
0.721772
0.813901
0.894720
0.960595
1.006530
1.052632
1.088163
1.108028
1.108348
1.056371
0.951892
0.816674
0.687112
0.582286
0.477668
0.389151
0.379019
0.404786
0.512774
0.611905
0.716753
0.818621
0.905716
0.973740
1.016585
1.064191
1.088790
1.119467
1.120016
1.064078
0.949794
0.807898
0.674876
0.573081
0.479462
0.399038
0.388650
0.440680
0.556630
0.662517
0.774236
0.884169
0.978185
1.052281
1.095898
1.142325
1.181014
1.192488
1.171348
1.098222
0.974492
0.829991
0.697109
0.595829
0.496452
0.414046
0.406734
0.434064
0.527542
0.620485
0.721466
0.818742
0.900627
0.963470
1.000116
1.037908
1.038643
1.061220
1.068979
1.025123
0.925410
0.792800
0.663795
0.560504
0.445915
0.368087
0.350451
0.377312
0.483873
0.580408
0.677823
0.766639
0.843723
0.906753
0.953259
0.996851
1.013000
1.057432
1.068620
1.014292
0.891315
0.741548
0.612065
0.521767
0.446240
0.383227
0.369209
0.462887
0.578388
0.688139
0.803171
0.924005
1.033252
1.122647
1.179123
1.219449
1.251314
1.240741
1.177987
1.068861
0.935085
0.806267
0.699313
0.606911
0.501807
0.422719
0.423119
0.440262
0.513440
0.605231
0.700352
0.785307
0.853717
0.906166
0.938752
0.977382
0.983797
1.005988
1.023648
0.985590
0.883010
0.743223
0.612438
0.520338
0.432622
0.356155
0.348522
0.463735
0.577463
0.679048
0.782610
0.887151
0.980289
1.056985
1.106493
1.158310
1.202300
1.225756
1.193919
1.099199
0.958545
0.812289
0.688350
0.594019
0.502019
0.428045
0.424990
0.463988
0.572005
0.676254
0.786486
0.896328
0.989928
1.062239
1.107322
1.153257
1.174688
1.181571
1.164173
1.093510
0.969564
0.826761
0.694939
0.596376
0.503650
0.425298
0.420817
0.471328
0.589544
0.696846
0.809578
0.921730
1.017971
1.091939
1.138314
1.182619
1.200958
1.196573
1.170134
1.089784
0.961220
0.818730
0.688912
0.592950
0.497972
0.425173
0.414580
0.443989
0.547407
0.646264
0.751660
0.855442
0.945056
1.013890
1.050497
1.088100
1.101336
1.107216
1.097023
1.034735
0.922849
0.789035
0.662781
0.567838
0.466567
0.384613
0.370622
0.379056
0.483328
0.577566
0.674709
0.763992
0.838081
0.895618
0.932905
0.974208
0.983238
1.017540
1.029304
0.977043
0.862881
0.716424
0.586315
0.496101
0.420127
0.359820
0.335779
0.431540
0.547707
0.654887
0.763612
0.876132
0.977814
1.060866
1.113083
1.162053
1.199048
1.203479
1.155745
1.051838
0.918173
0.784580
0.669832
0.578295
0.477947
0.390484
0.377514
0.381730
0.461365
0.555286
0.652077
0.743212
0.818581
0.874638
0.905820
0.948734
0.952662
0.987052
1.007164
0.973526
0.875460
0.738710
0.606521
0.505877
0.406883
0.327531
0.319562
0.403789
0.528319
0.636026
0.742590
0.847953
0.942542
1.020325
1.068839
1.124525
1.169586
1.189878
1.151038
1.047525
0.910911
0.769399
0.650300
0.561772
0.475197
0.404941
0.397133
0.464752
0.606801
0.726124
0.849683
0.977199
1.091507
1.184603
1.244832
1.280474
1.278281
1.254484
1.200668
1.106779
0.987476
0.864322
0.757075
0.663442
0.568188
0.493971
0.477206
0.506450
0.615761
0.705847
0.806027
0.899396
0.978150
1.037739
1.072220
1.096306
1.099346
1.093531
1.095809
1.048769
0.940252
0.794642
0.664959
0.577138
0.486649
0.410390
0.390808
0.475040
0.588557
0.692316
0.800862
0.905722
0.997778
1.070775
1.117947
1.161226
1.167221
1.190541
1.174088
1.094883
0.962969
0.813554
0.682188
0.590176
0.507684
0.441355
0.425382
0.481248
0.615350
0.731368
0.845200
0.960152
1.063367
1.145014
1.192566
1.233476
1.261752
1.269294
1.223444
1.118559
0.977367
0.827780
0.697330
0.603070
0.517850
0.447271
0.438943
0.489185
0.619566
0.735547
0.855517
0.971769
1.069692
1.142594
1.185460
1.222444
1.219199
1.225202
1.204909
1.121941
0.988440
0.834512
0.697065
0.604520
0.516786
0.448349
0.432764
0.494969
0.610611
0.714478
0.820182
0.929609
1.029353
1.108217
1.153069
1.189913
1.202258
1.206089
1.163408
1.066280
0.938518
0.804622
0.687241
0.597735
0.502482
0.428178
0.413938
0.436139
0.547912
0.648042
0.755798
0.858675
0.945750
1.010835
1.046029
1.076448
1.076705
1.096674
1.093677
1.031010
0.910942
0.762394
0.631608
0.540701
0.460581
0.402018
0.374977
0.450958
0.574504
0.688524
0.801396
0.915097
1.018399
1.101758
1.152978
1.195281
1.207148
1.224117
1.176552
1.074578
0.942012
0.803992
0.685166
0.597435
0.506286
0.433365
0.418109
0.427416
0.545631
0.645729
0.747805
0.850835
0.941011
1.008586
1.045309
1.077066
1.078754
1.092369
1.083641
1.023985
0.912616
0.777086
0.652558
0.562397
0.464490
0.380182
0.367991
0.412229
0.542616
0.642554
0.749993
0.854300
0.945715
1.016183
1.057170
1.094018
1.100408
1.125957
1.112471
1.037881
0.914578
0.769965
0.642816
0.554821
0.474544
0.412993
0.389367
0.453855
0.599716
0.723727
0.844157
0.963621
1.068538
1.152419
1.203374
1.243917
1.248982
1.260704
1.215008
1.112772
0.975257
0.827566
0.700708
0.612059
0.528660
0.460448
0.440494
0.484975
0.616101
0.729280
0.842805
0.954255
1.050394
1.122592
1.165389
1.201787
1.207950
1.215130
1.177478
1.084492
0.954875
0.809504
0.680794
0.593261
0.516057
0.457384
0.432578
0.496103
0.640582
0.764118
0.885924
1.005184
1.106037
1.182431
1.227552
1.263696
1.260872
1.264567
1.223542
1.126429
0.988576
0.832442
0.696096
0.604604
0.526867
0.463583
0.428657
0.502579
0.662500
0.798845
0.930430
1.058711
1.168729
1.254552
1.307571
1.347388
1.332403
1.319602
1.265660
1.159185
1.016101
0.860811
0.730965
0.643046
0.566352
0.500476
0.469807
0.543849
0.703439
0.838677
0.972470
1.102322
1.213252
1.298509
1.353372
1.390671
1.378091
1.353785
1.294791
1.182437
1.027268
0.862260
0.729319
0.638416
0.562387
0.494428
0.455079
0.555163
0.704557
0.842673
0.978507
1.118446
1.246874
1.350402
1.417016
1.451209
1.446019
1.393723
1.313337
1.194364
1.055740
0.921766
0.811089
0.714010
0.620991
0.540682
0.511661
0.481750
0.605111
0.712583
0.816233
0.908556
0.986897
1.044172
1.073419
1.102214
1.100542
1.120156
1.112022
1.058364
0.941588
0.781935
0.648085
0.567979
0.509822
0.475173
0.446988
0.545110
0.681088
0.798949
0.913708
1.032853
1.144048
1.231894
1.287824
1.330090
1.341780
1.326053
1.277331
1.172197
1.027271
0.866883
0.728199
0.631046
0.547708
0.475571
0.427341
0.527864
0.683663
0.824272
0.953945
1.080536
1.194011
1.282724
1.340808
1.382764
1.384974
1.347873
1.273531
1.158885
1.017139
0.872221
0.752164
0.661626
0.578404
0.502730
0.459379
0.512205
0.692279
0.837671
0.973519
1.101483
1.210046
1.292625
1.344406
1.375885
1.355478
1.335056
1.283789
1.177359
1.027662
0.867091
0.742483
0.648880
0.568344
0.498771
0.436891
0.492464
0.656576
0.784967
0.908021
1.029447
1.136294
1.216747
1.263377
1.296060
1.278408
1.265483
1.227982
1.142906
1.013039
0.858281
0.722160
0.628919
0.547253
0.477967
0.422266
0.522822
0.674152
0.809186
0.933981
1.059633
1.175396
1.266065
1.324705
1.371227
1.376342
1.346265
1.281171
1.168903
1.018859
0.865134
0.745908
0.657932
0.584602
0.524285
0.476739
0.574822
0.728326
0.869081
1.003439
1.133660
1.246776
1.331802
1.382667
1.408952
1.405119
1.393625
1.346526
1.238979
1.073610
0.895144
0.760913
0.667383
0.590593
0.525374
0.469623
0.566599
0.719532
0.859343
0.992175
1.122378
1.237535
1.325140
1.379551
1.416350
1.416459
1.397385
1.343477
1.231540
1.067228
0.891931
0.763071
0.671654
0.596075
0.531594
0.490084
0.598700
0.750282
0.890727
1.026909
1.161361
1.280201
1.371878
1.429336
1.456716
1.468116
1.445540
1.381902
1.258453
1.086234
0.909928
0.790036
0.701212
0.627391
0.565835
0.516729
0.609020
0.756390
0.892084
1.023826
1.151283
1.261156
1.343421
1.391580
1.422238
1.408769
1.400636
1.361949
1.264058
1.098432
0.913368
0.775265
0.682067
0.607465
0.544110
0.490830
0.582637
0.733431
0.869729
0.995968
1.120375
1.232441
1.317527
1.369532
1.407792
1.401071
1.388797
1.344177
1.238534
1.072403
0.890123
0.754681
0.663152
0.592583
0.537488
0.495104
0.596822
0.754385
0.898549
1.035436
1.166156
1.279102
1.363309
1.412860
1.444230
1.446268
1.442583
1.402016
1.290264
1.109559
0.914840
0.774995
0.679912
0.606172
0.548565
0.503894
0.609837
0.771447
0.920349
1.059994
1.193570
1.311050
1.400434
1.456529
1.486350
1.505997
1.486614
1.426188
1.298739
1.114631
0.923283
0.783905
0.689184
0.612678
0.549405
0.510993
0.609725
0.767294
0.911492
1.045454
1.170515
1.278253
1.358724
1.405889
1.438678
1.435221
1.429729
1.393264
1.287117
1.110276
0.928009
0.808976
0.715896
0.641813
0.590027
0.547064
0.604989
0.738451
0.860743
0.977786
1.089085
1.185221
1.253978
1.288350
1.298284
1.325740
1.343058
1.347360
1.289249
1.137694
0.935605
0.772028
0.676815
0.605673
0.560655
0.528072
0.614821
0.771443
0.911297
1.042376
1.171977
1.285798
1.370198
1.422450
1.437187
1.460257
1.461821
1.432728
1.332348
1.150920
0.945521
0.793917
0.695126
0.625032
0.575194
0.541050
0.648812
0.812576
0.956467
1.093148
1.228095
1.345085
1.431151
1.484936
1.499255
1.517295
1.513325
1.474673
1.361857
1.171669
0.962344
0.810936
0.709772
0.634333
0.575354
0.532161
0.634851
0.802830
0.948893
1.085869
1.219305
1.335142
1.421607
1.476257
1.495576
1.523978
1.515257
1.467041
1.345559
1.156264
0.969648
0.843610
0.745889
0.669996
0.614640
0.577877
0.626739
0.781165
0.902583
1.028480
1.145395
1.241702
1.306969
1.336268
1.339870
1.367404
1.366286
1.367164
1.320436
1.178612
0.975480
0.810381
0.713409
0.646221
0.608127
0.585856
0.653282
0.834979
0.974899
1.110763
1.243599
1.360177
1.445006
1.495606
1.512384
1.559897
1.564062
1.519582
1.393254
1.191183
0.974839
0.819325
0.722930
0.659019
0.618377
0.598879
0.709281
0.871523
1.017750
1.156369
1.294618
1.416046
1.507075
1.565845
1.579955
1.580986
1.563323
1.518255
1.401201
1.205130
0.991376
0.833736
0.732364
0.658410
0.600873
0.557105
0.632535
0.793417
0.932580
1.060638
1.181730
1.286354
1.362556
1.406161
1.424194
1.473938
1.487016
1.462401
1.359632
1.173196
0.963108
0.807630
0.706148
0.636781
0.592025
0.567253
0.661970
0.827248
0.975662
1.114072
1.247889
1.364558
1.452840
1.509756
1.525302
1.547308
1.543582
1.511154
1.402216
1.209205
1.011105
0.879439
0.778401
0.702813
0.648771
0.616683
0.650040
0.824996
0.955092
1.085752
1.205427
1.302564
1.366300
1.392488
1.392946
1.412813
1.434250
1.441392
1.379357
1.218232
1.003236
0.835556
0.742749
0.678128
0.642611
0.625149
0.667674
0.827289
0.975330
1.114365
1.245576
1.360539
1.443778
1.491372
1.507602
1.521139
1.541468
1.524491
1.423075
1.226073
0.999290
0.821381
0.717076
0.652112
0.615308
0.601483
0.699671
0.866257
1.017581
1.157947
1.294796
1.412877
1.497972
1.550917
1.562679
1.572836
1.569304
1.535176
1.427038
1.232693
1.011756
0.839560
0.742249
0.680114
0.643400
0.624288
0.719290
0.879770
1.014490
1.141792
1.267732
1.379954
1.462123
1.507920
1.525182
1.540707
1.548975
1.528560
1.432460
1.242511
1.023965
0.862112
0.758971
0.695150
0.660081
0.643843
0.705787
0.891559
1.033606
1.174003
1.309613
1.425613
1.508720
1.558916
1.578219
1.588669
1.557424
1.535885
1.453118
1.268180
1.038121
0.844703
0.749624
0.683624
0.639514
0.624117
0.719497
0.884626
1.003566
1.120405
1.234771
1.336338
1.404960
1.434966
1.437508
1.450535
1.430207
1.413952
1.349897
1.193844
0.989763
0.841627
0.750691
0.689130
0.659482
0.650651
0.684399
0.872574
1.009502
1.139329
1.261623
1.368348
1.441885
1.479437
1.493499
1.519351
1.527951
1.520849
1.441859
1.256095
1.022914
0.852447
0.737167
0.676781
0.651082
0.649639
0.736908
0.906852
1.059959
1.202538
1.337704
1.450867
1.530730
1.580414
1.590130
1.602568
1.611585
1.588858
1.484782
1.282216
1.048805
0.870334
0.768843
0.711118
0.685394
0.684191
0.808921
0.958524
1.095381
1.224759
1.351289
1.458779
1.534103
1.574275
1.585432
1.598956
1.575077
1.555077
1.475470
1.292505
1.065148
0.892672
0.800201
0.738065
0.701743
0.684354
0.701978
0.868587
1.010010
1.141468
1.266264
1.372045
1.443233
1.473890
1.478927
1.499813
1.514935
1.507121
1.427033
1.248584
1.073069
0.913742
0.798043
0.737990
0.708733
0.714505
0.746888
0.856759
0.939870
1.014218
1.077415
1.123005
1.156293
1.169146
1.155089
1.246790
1.286453
1.325173
1.311055
1.185623
0.996683
0.845149
0.723344
0.656375
0.612237
0.587452
0.596675
0.713157
0.817262
0.912240
0.992478
1.054790
1.099388
1.122201
1.147578
1.183957
1.209347
1.277322
1.290790
1.267766
1.124102
0.906517
0.754918
0.701685
0.656229
0.639253
0.673114
0.816669
0.925408
1.016398
1.086584
1.136262
1.167165
1.172148
1.178300
1.219470
1.284928
1.354485
1.356955
1.323985
1.138328
0.942757
0.823340
0.776406
0.746772
0.743706
0.761422
0.843669
0.906918
0.953206
0.981447
0.988596
0.997605
1.019934
1.072327
1.141459
1.173889
1.217966
1.223649
1.124420
0.984248
0.842608
0.741693
0.702700
0.692391
0.704852
0.781232
0.890177
0.975556
1.046180
1.097382
1.125642
1.137618
1.136074
1.131171
1.173777
1.194685
1.232137
1.232795
1.131898
0.954755
0.801600
0.712816
0.680374
0.665596
0.677868
0.754761
0.864335
0.949052
1.016572
1.063994
1.087575
1.093139
1.081549
1.093363
1.140667
1.205436
1.248688
1.245885
1.140274
0.984660
0.838945
0.730669
0.693376
0.675951
0.675174
0.697613
0.796705
0.872728
0.933091
0.974248
0.994047
1.012731
1.038818
1.092986
1.127721
1.177831
1.234404
1.237764
1.131198
0.956678
0.827477
0.749670
0.734997
0.724852
0.730443
0.788774
0.879911
0.942954
0.988316
1.015439
1.016875
1.010256
0.996992
1.041652
1.108230
1.145016
1.191276
1.196481
1.105358
0.974147
0.804503
0.708510
0.685621
0.686108
0.701274
0.783336
0.846823
0.881376
0.895079
0.894339
0.882794
0.873173
0.885361
0.921096
1.011361
1.060044
1.095131
1.087862
1.009743
0.893409
0.757610
0.671679
0.618229
0.588216
0.544625
0.646468
0.770501
0.872262
0.996850
1.125907
1.167381
1.172601
1.178766
1.153598
1.183040
1.268363
1.385684
0.905383
0.919460
0.907800
0.874171
0.845435
0.821692
0.803850
0.791192
0.786792
0.792807
0.906636
0.945032
0.971876
0.980361
0.989429
0.997772
1.005002
1.010291
1.012830
1.009362
1.002230
0.984135
0.970729
0.965402
0.964476
0.964575
0.964381
0.960348
0.950096
0.935525
0.921180
0.900675
0.956977
1.014012
1.079926
1.106795
1.071007
0.982005
0.882067
0.795111
0.710380
0.652317
0.626887
0.680410
0.757526
0.835041
0.924938
1.012595
1.089487
1.158195
1.213462
1.245448
1.258775
1.263503
1.306163
1.315959
1.260829
1.147374
0.996844
0.938973
0.968820
1.027357
1.061231
1.076456
1.081650
1.080036
1.070956
1.054891
1.029320
0.994773
0.955440
0.943877
0.951451
1.028842
1.103416
1.153372
1.146652
1.080903
0.943087
0.791912
0.715088
0.728900
0.842220
0.970773
1.051664
1.109463
1.167173
1.234653
1.306264
1.369880
1.418852
1.448318
1.447796
1.440031
1.481117
1.471998
1.423263
1.306195
1.139155
0.975096
0.877640
0.834761
0.818127
0.804274
0.881110
0.962274
1.039021
1.108240
1.167200
1.206305
1.217698
1.206276
1.184427
1.243961
1.347078
1.431305
1.471464
1.380636
1.173608
0.950002
0.823577
0.779431
0.813401
0.915019
1.017676
1.085970
1.143724
1.197790
1.241468
1.267130
1.270029
1.262116
1.247934
1.305733
1.496539
1.663531
1.709472
1.561948
1.293844
1.076842
0.917310
0.877755
0.898858
0.945715
1.046655
1.113641
1.173400
1.224110
1.259559
1.270717
1.264763
1.244043
1.204471
1.240100
1.404372
1.543511
1.588578
1.475885
1.256249
1.043042
0.877424
0.824458
0.832596
0.860870
0.920497
0.971008
1.011810
1.042761
1.057449
1.051668
1.031971
1.003476
1.015702
1.083968
1.228812
1.341003
1.377820
1.285774
1.132301
0.962848
0.814128
0.754479
0.740187
0.739246
0.718044
0.755194
0.783295
0.798254
0.797603
0.784670
0.779629
0.795615
0.806911
0.832755
0.919219
1.012664
1.056849
0.992355
0.872796
0.730300
0.601657
0.552030
0.541558
0.565266
0.614603
0.680818
0.727161
0.746750
0.723495
0.691763
0.659421
0.672956
0.683246
0.703314
0.776760
0.840627
0.863677
0.853995
0.807446
0.709711
0.576883
0.432607
0.300738
0.185280
0.083296
-0.008649
-0.123674
-0.273814
-0.383900
-0.453960
-0.504542
0.903619
0.925130
0.938430
0.930515
0.922320
0.913534
0.903852
0.893336
0.878601
0.859179
0.831210
0.805228
0.790912
0.789984
0.797129
0.809284
0.822448
0.834363
0.844223
0.848803
0.843740
0.831932
0.847239
0.927451
0.993344
1.046038
1.049997
0.979160
0.883622
0.796931
0.725166
0.664390
0.610789
0.563829
0.530223
0.525028
0.586783
0.709946
0.794234
0.847595
0.891358
0.918473
0.934010
0.944093
0.948637
0.944117
0.914439
0.870307
0.839421
0.853218
0.869246
0.876048
0.860419
0.934746
1.018396
1.077222
1.150797
1.235394
1.300699
1.292246
1.175466
0.978421
0.767056
0.586655
0.433141
0.293197
0.163067
0.904771
0.925427
0.931772
0.916264
0.901215
0.885019
0.868696
0.850610
0.832126
0.812730
0.792929
0.772106
0.750731
0.728117
0.704555
0.679275
0.652304
0.622828
0.590555
0.554517
0.545759
0.603724
0.699647
0.818034
0.948383
1.070312
1.158201
1.191243
1.157997
1.057937
0.898536
0.703312
0.735496
0.724520
0.659278
0.534743
0.356692
0.209452
0.113847
0.905498
0.903426
0.895942
0.856732
0.816902
0.776095
0.734731
0.692891
0.651345
0.608783
0.563044
0.525989
0.503104
0.493632
0.496462
0.508677
0.526689
0.549339
0.574717
0.593404
0.642430
0.707067
0.751454
0.784273
0.831881
0.984365
1.127464
1.204089
1.215674
1.194534
1.157140
1.112606
1.069562
1.026438
0.982500
0.936734
0.890364
0.846233
0.809586
0.776536
0.766889
0.822357
0.941183
1.015430
1.010489
0.966396
0.916956
0.884058
0.870634
0.849549
0.824276
0.810703
0.840626
0.757099
0.902413
0.919648
0.927543
0.916356
0.904117
0.891875
0.878822
0.864552
0.849018
0.832606
0.810391
0.781908
0.762070
0.751276
0.745546
0.744434
0.754297
0.755641
0.753167
0.762058
0.778629
0.836344
0.873091
0.873196
0.862531
0.874390
0.939727
1.031455
1.106914
1.145858
0.905994
0.934027
0.951554
0.947771
0.943498
0.938670
0.932848
0.925629
0.917008
0.906392
0.894355
0.880281
0.864587
0.846517
0.826291
0.802968
0.775916
0.743448
0.704141
0.656357
0.598504
0.623423
0.682300
0.763902
0.852105
0.923087
0.958390
0.948613
0.894316
0.795298
0.661549
0.509770
0.511509
0.522969
0.532003
0.539318
0.541732
0.538143
0.528374
0.905722
0.931826
0.947015
0.940648
0.933528
0.925487
0.916386
0.906300
0.894485
0.880946
0.864952
0.846591
0.825154
0.800644
0.772641
0.741714
0.707901
0.671585
0.632759
0.591513
0.550656
0.568802
0.639344
0.743319
0.865530
0.985005
1.080064
1.135832
1.132673
1.096517
1.036000
0.962082
0.863957
0.730623
0.559441
0.346917
0.099827
-0.166339
-0.432345
-0.521632
-0.523226
-0.523501
-0.523510
0.903928
0.897860
0.868748
0.818964
0.770142
0.722359
0.675260
0.628965
0.582758
0.536823
0.490466
0.443925
0.396721
0.349363
0.301482
0.253499
0.205032
0.156412
0.119375
0.162651
0.264067
0.419341
0.613660
0.819535
1.005154
1.146490
1.235489
1.307975
1.345456
1.352528
1.331023
1.279880
1.195933
1.073474
0.907322
0.747005
0.654384
0.540620
0.388641
0.169055
0.077255
0.904692
0.892338
0.875772
0.826488
0.778064
0.730820
0.683708
0.638396
0.598602
0.563373
0.530999
0.492963
0.464742
0.450354
0.449522
0.447487
0.436575
0.414314
0.382796
0.370761
0.345482
0.310063
0.268293
0.221604
0.171912
0.120192
0.066101
0.012169
-0.034749
-0.069036
-0.098225
-0.107722
0.905191
0.927301
0.940294
0.928671
0.917082
0.905277
0.894017
0.884027
0.874803
0.865712
0.854731
0.840607
0.824165
0.801571
0.770091
0.745390
0.732384
0.728288
0.725350
0.720708
0.709446
0.688370
0.679803
0.682171
0.677041
0.664733
0.748521
0.805624
0.840894
0.842544
0.802708
0.723221
0.638241
0.588478
0.546629
0.509655
0.474850
0.446725
0.431338
0.471216
0.509733
0.521879
0.525982
0.520584
0.513297
0.498234
0.475856
0.445238
0.404434
0.355348
0.302882
0.287535
0.250533
0.165989
0.902062
0.908750
0.903425
0.876312
0.849776
0.823347
0.795983
0.768596
0.740780
0.713078
0.684974
0.657217
0.629667
0.603270
0.577884
0.554223
0.532058
0.511866
0.492681
0.474484
0.500696
0.599042
0.742209
0.916608
1.090840
1.232789
1.308473
1.291442
1.214130
1.112008
0.985252
0.831889
0.658826
0.622087
0.583432
0.566326
0.509128
0.408165
0.264904
0.083401
-0.123141
-0.328859
-0.422155
0.907245
0.946541
0.963249
0.966334
0.969213
0.971081
0.971332
0.970182
0.963421
0.950045
0.933253
0.913591
0.902761
0.902127
0.905627
0.910876
0.915887
0.918421
0.917567
0.909205
0.890049
0.889117
0.909331
0.982627
1.048308
1.078140
1.060098
0.990003
0.881533
0.769539
0.683433
0.618388
0.595010
0.592499
0.666623
0.709652
0.717748
0.702727
0.689997
0.672603
0.648142
0.665033
0.670286
0.659355
0.637422
0.905798
0.933511
0.950659
0.946750
0.942764
0.938374
0.932934
0.926107
0.915812
0.901319
0.882724
0.860244
0.848346
0.847547
0.854215
0.864123
0.874716
0.883408
0.889441
0.888375
0.879128
0.866758
0.873355
0.949520
1.018563
1.069012
1.071538
1.004320
0.886563
0.770110
0.672833
0.593001
0.555432
0.586330
0.674841
0.755745
0.835729
0.918711
1.001996
1.078410
1.149499
1.208361
1.247839
1.278659
1.310322
1.323494
1.296953
1.211345
1.071952
0.918111
0.786519
0.666745
0.578710
0.571772
0.647857
0.759706
0.863376
0.964879
1.068596
1.171110
1.261572
1.328413
1.362747
1.414397
1.410276
1.387586
1.325650
1.236328
1.125372
1.008551
0.894649
0.781316
0.690524
0.663566
0.648116
0.766585
0.864789
0.968927
1.066736
1.151125
1.218846
1.265970
1.287963
1.324596
1.355477
1.374759
1.339718
1.247058
1.098038
0.930059
0.782101
0.651691
0.557546
0.549020
0.595651
0.740875
0.850551
0.964596
1.073895
1.175011
1.263030
1.328871
1.361881
1.400158
1.394050
1.368065
1.305600
1.217655
1.108614
0.992812
0.882255
0.774135
0.679080
0.648997
0.632794
0.714925
0.805994
0.905312
0.999972
1.082008
1.146626
1.190289
1.209364
1.241705
1.265176
1.309945
1.307690
1.240562
1.111047
0.954303
0.813010
0.692955
0.600904
0.580443
0.600858
0.713710
0.817705
0.922098
1.021394
1.109374
1.184270
1.240163
1.265537
1.326523
1.345565
1.345677
1.299298
1.213139
1.089111
0.945611
0.809909
0.685209
0.585506
0.560465
0.564302
0.641636
0.735071
0.832214
0.927291
1.009791
1.076785
1.126525
1.153259
1.205854
1.238401
1.267899
1.246021
1.171054
1.042029
0.881664
0.736811
0.605196
0.508123
0.491990
0.521244
0.614310
0.709961
0.808287
0.902487
0.984712
1.053453
1.106122
1.133083
1.206530
1.244543
1.262743
1.228840
1.150169
1.026221
0.872682
0.727403
0.597451
0.496825
0.474463
0.494177
0.548306
0.638139
0.732623
0.825123
0.905084
0.970192
1.019541
1.048781
1.111720
1.141343
1.178988
1.166878
1.103039
0.988214
0.839129
0.699438
0.572604
0.470611
0.443857
0.469006
0.534683
0.626736
0.723035
0.819166
0.903752
0.973494
1.025986
1.057977
1.108605
1.136885
1.171050
1.156175
1.090403
0.974820
0.828394
0.692130
0.570737
0.465648
0.437571
0.465261
0.525573
0.617931
0.715953
0.813485
0.899215
0.970584
1.024416
1.058441
1.093839
1.119852
1.153342
1.137327
1.071232
0.958097
0.815559
0.683400
0.565427
0.462248
0.437765
0.464585
0.531568
0.627582
0.729471
0.829070
0.916105
0.989236
1.042786
1.074885
1.107679
1.135110
1.163400
1.140571
1.067178
0.943851
0.798572
0.668870
0.559163
0.453512
0.428120
0.463737
0.541190
0.637891
0.741412
0.844812
0.936679
1.013808
1.070149
1.104019
1.131572
1.149045
1.164332
1.132248
1.055890
0.936511
0.797362
0.671163
0.561386
0.451357
0.425995
0.458845
0.535595
0.633647
0.738476
0.842112
0.933996
1.011544
1.069128
1.103699
1.124097
1.138941
1.155441
1.126253
1.055022
0.942663
0.804801
0.679219
0.569758
0.468508
0.450110
0.483457
0.566654
0.670695
0.782358
0.889311
0.983707
1.063699
1.122616
1.158585
1.173012
1.183458
1.197399
1.161745
1.080790
0.955007
0.809250
0.682803
0.577444
0.475654
0.457812
0.493807
0.596335
0.703197
0.817509
0.930492
1.031886
1.118105
1.178754
1.213746
1.249262
1.264430
1.254988
1.200231
1.107017
0.968256
0.817774
0.690587
0.589467
0.494573
0.474059
0.522407
0.595015
0.700037
0.811169
0.925666
1.029205
1.116011
1.179142
1.222420
1.225464
1.227004
1.220188
1.171273
1.092685
0.978983
0.842793
0.717069
0.605699
0.498880
0.473961
0.516259
0.593698
0.700430
0.812669
0.924547
1.025155
1.110834
1.172383
1.206481
1.236860
1.245261
1.241503
1.195029
1.116271
1.001506
0.858919
0.730317
0.620601
0.521740
0.507962
0.554580
0.614726
0.713457
0.818695
0.918399
1.004097
1.075851
1.128837
1.167066
1.177448
1.195175
1.220022
1.182908
1.087323
0.935094
0.776816
0.648161
0.545466
0.450645
0.419253
0.460225
0.587913
0.705195
0.823937
0.947397
1.062226
1.160422
1.228657
1.265832
1.287601
1.275567
1.234409
1.162790
1.074002
0.964926
0.841533
0.731310
0.625862
0.530540
0.516649
0.562333
0.618585
0.713933
0.816043
0.911824
0.992440
1.059349
1.103535
1.135412
1.147085
1.135859
1.156536
1.133981
1.066548
0.958345
0.824754
0.700963
0.586478
0.471978
0.442766
0.458216
0.555608
0.655351
0.763040
0.869656
0.965585
1.046624
1.102297
1.133256
1.170781
1.183527
1.182607
1.134492
1.049151
0.920491
0.782851
0.663651
0.563416
0.465462
0.441455
0.482565
0.551325
0.648081
0.751003
0.856797
0.951688
1.030982
1.086303
1.123265
1.130155
1.143689
1.152238
1.112431
1.032043
0.907952
0.771779
0.648417
0.541934
0.438213
0.395800
0.427126
0.525373
0.630542
0.738544
0.851237
0.954092
1.041458
1.102166
1.134303
1.178771
1.191714
1.178221
1.122833
1.039739
0.922439
0.792050
0.676345
0.574376
0.476197
0.451126
0.495798
0.553163
0.647531
0.748117
0.847221
0.933554
1.005132
1.054425
1.088178
1.097118
1.106008
1.126718
1.097624
1.019889
0.893993
0.758630
0.635757
0.527814
0.422970
0.372448
0.392145
0.485128
0.580914
0.681772
0.791148
0.893405
0.979988
1.037183
1.065778
1.113465
1.128002
1.123729
1.076193
1.004924
0.909947
0.794033
0.683474
0.574746
0.471654
0.448011
0.479856
0.518983
0.600107
0.691277
0.776713
0.845654
0.898970
0.938232
0.970216
0.985356
0.987783
1.068514
1.070787
1.006496
0.876835
0.730983
0.608420
0.501688
0.401106
0.365030
0.375535
0.483613
0.581520
0.682756
0.789191
0.887747
0.971912
1.029397
1.062934
1.117507
1.139736
1.141017
1.092016
1.010676
0.900070
0.774943
0.663108
0.559140
0.451157
0.425932
0.456599
0.502489
0.593923
0.689869
0.782665
0.862477
0.929271
0.971762
1.002624
1.014389
1.010181
1.044793
1.036976
0.972343
0.854997
0.725473
0.607328
0.499220
0.389498
0.346604
0.353189
0.472075
0.568292
0.670727
0.777828
0.877495
0.961455
1.017819
1.048715
1.119664
1.132950
1.133813
1.077404
0.994359
0.886606
0.767586
0.659549
0.550926
0.441984
0.413046
0.436737
0.478404
0.562336
0.653735
0.740359
0.810572
0.866538
0.907288
0.941601
0.960557
0.965139
1.044899
1.056287
0.997732
0.871854
0.733307
0.615244
0.505126
0.406232
0.377799
0.409935
0.512227
0.600034
0.695904
0.794902
0.885652
0.964102
1.023329
1.059340
1.116364
1.152870
1.164992
1.124871
1.041579
0.912493
0.777128
0.658122
0.550441
0.440597
0.411266
0.446333
0.510604
0.602498
0.700422
0.801634
0.891510
0.967051
1.022865
1.065042
1.080008
1.089345
1.122842
1.108677
1.042040
0.929173
0.798797
0.679414
0.568564
0.452874
0.419794
0.439751
0.529941
0.623661
0.725045
0.828905
0.922715
1.002418
1.059543
1.091696
1.130803
1.147144
1.163514
1.129672
1.051595
0.926346
0.787928
0.664762
0.559047
0.453206
0.426216
0.463477
0.531949
0.629373
0.733164
0.837990
0.930826
1.009256
1.067341
1.106682
1.117641
1.131043
1.151446
1.115627
1.027951
0.894922
0.757515
0.637939
0.535768
0.430411
0.394601
0.424718
0.537124
0.644843
0.757576
0.874084
0.980768
1.072381
1.137874
1.175125
1.218558
1.227387
1.223194
1.173850
1.089116
0.965109
0.826322
0.703032
0.596394
0.496292
0.473427
0.518988
0.591141
0.692449
0.800364
0.906904
1.000552
1.079417
1.136922
1.171902
1.181147
1.198302
1.215194
1.169895
1.072390
0.924984
0.776066
0.651912
0.551853
0.457346
0.423410
0.462950
0.578035
0.690778
0.807060
0.927785
1.038258
1.132955
1.202963
1.243934
1.285582
1.284082
1.262322
1.197366
1.103887
0.976029
0.841126
0.724708
0.619066
0.525976
0.501263
0.548271
0.634296
0.737964
0.850307
0.963916
1.064598
1.148757
1.203960
1.229905
1.221169
1.194081
1.195591
1.146699
1.063955
0.955864
0.829706
0.708998
0.590201
0.484296
0.455988
0.458841
0.502494
0.596751
0.696035
0.788401
0.868100
0.935617
0.987509
1.025888
1.055679
1.072393
1.111995
1.094729
1.010397
0.866184
0.716275
0.594185
0.493552
0.395895
0.369017
0.425929
0.543616
0.653295
0.764500
0.879215
0.985718
1.077336
1.141955
1.180131
1.237068
1.260367
1.241080
1.172138
1.071428
0.944249
0.813511
0.700122
0.592588
0.485382
0.462477
0.502361
0.535354
0.619712
0.710986
0.802866
0.881940
0.947881
0.997492
1.032286
1.052857
1.056382
1.102276
1.106174
1.055820
0.950675
0.814338
0.688597
0.573824
0.468993
0.439875
0.455771
0.562230
0.660723
0.764593
0.868301
0.962510
1.043586
1.104850
1.139662
1.174011
1.196701
1.216687
1.187094
1.111056
0.987377
0.841323
0.711075
0.603104
0.494465
0.466982
0.508086
0.569789
0.663895
0.763460
0.865685
0.957388
1.035009
1.093514
1.126334
1.143773
1.152095
1.180678
1.157385
1.080412
0.959599
0.816872
0.687649
0.575859
0.466524
0.431672
0.454799
0.545703
0.645609
0.751274
0.857657
0.954607
1.037934
1.099485
1.135085
1.175225
1.207388
1.224908
1.189657
1.107548
0.976679
0.826595
0.693765
0.585531
0.478115
0.447742
0.489845
0.552755
0.648461
0.749071
0.853368
0.947935
1.027820
1.088349
1.124727
1.146654
1.152824
1.175389
1.149455
1.077083
0.964701
0.827083
0.698743
0.585039
0.471043
0.436427
0.458858
0.526917
0.624730
0.728170
0.831779
0.925488
1.005842
1.067490
1.102512
1.137658
1.151096
1.182215
1.164014
1.099571
0.989950
0.845430
0.711439
0.600005
0.498388
0.475286
0.508071
0.567769
0.665332
0.767409
0.867882
0.957010
1.032612
1.090720
1.128578
1.152970
1.164345
1.197895
1.179513
1.108329
0.987586
0.838417
0.703977
0.593240
0.483541
0.452167
0.484047
0.577888
0.681783
0.791329
0.902193
1.003309
1.090071
1.156416
1.195859
1.231928
1.248262
1.258943
1.220149
1.140642
1.016722
0.867239
0.732545
0.622880
0.515495
0.485087
0.528938
0.591516
0.690231
0.794215
0.901197
0.998290
1.080480
1.141759
1.175900
1.201502
1.208432
1.226433
1.194934
1.122046
1.006299
0.859801
0.724976
0.612549
0.499819
0.467986
0.504770
0.563556
0.661613
0.764670
0.868726
0.962503
1.042223
1.102445
1.136533
1.167698
1.180750
1.204666
1.177189
1.104604
0.988037
0.841092
0.705910
0.594478
0.483320
0.451921
0.486391
0.547805
0.647274
0.750533
0.853997
0.946915
1.026006
1.087090
1.126356
1.155518
1.163750
1.188869
1.164199
1.095462
0.983489
0.840384
0.706924
0.594595
0.479983
0.446529
0.477869
0.550119
0.651454
0.757296
0.863665
0.959824
1.042223
1.105437
1.143127
1.173687
1.181617
1.204989
1.177280
1.106942
0.992739
0.847396
0.713565
0.604526
0.495095
0.462217
0.498957
0.566371
0.669244
0.774650
0.881891
0.979136
1.062141
1.124880
1.160118
1.191990
1.202276
1.221500
1.188203
1.111746
0.990256
0.841604
0.706265
0.596170
0.488186
0.448985
0.485370
0.550370
0.652631
0.757452
0.865798
0.965011
1.049421
1.113874
1.153722
1.187678
1.193430
1.207221
1.173717
1.104487
0.995722
0.855556
0.722842
0.609890
0.496754
0.456704
0.491524
0.546832
0.647039
0.752957
0.862229
0.961923
1.047206
1.112445
1.150822
1.185079
1.192974
1.214956
1.185740
1.116998
1.008875
0.868196
0.732658
0.617457
0.500266
0.462748
0.493334
0.533704
0.629509
0.727392
0.825292
0.912296
0.986078
1.042836
1.080685
1.110031
1.113792
1.155310
1.142223
1.075112
0.955945
0.808561
0.674536
0.564309
0.457021
0.412085
0.437923
0.533727
0.642556
0.751781
0.864490
0.969303
1.059845
1.130540
1.174131
1.220428
1.239612
1.236575
1.185395
1.102215
0.981657
0.842674
0.717693
0.612530
0.508216
0.465401
0.502139
0.556923
0.652847
0.752880
0.858637
0.954965
1.036253
1.097636
1.137174
1.156092
1.156070
1.176908
1.150770
1.087509
0.984489
0.851083
0.723654
0.613922
0.502753
0.451083
0.479291
0.536195
0.631297
0.729748
0.833608
0.929254
1.010470
1.072208
1.106721
1.134755
1.130069
1.147549
1.120441
1.061278
0.969338
0.848343
0.724106
0.611671
0.493064
0.454732
0.477489
0.509009
0.601963
0.699127
0.794933
0.879414
0.951844
1.009009
1.045989
1.067847
1.069272
1.107765
1.101411
1.047840
0.948599
0.811665
0.682320
0.575612
0.469449
0.434965
0.456068
0.539666
0.644625
0.755224
0.865057
0.964701
1.051403
1.120259
1.166192
1.195916
1.204269
1.221013
1.186430
1.115469
1.002373
0.858095
0.724600
0.618701
0.514209
0.469310
0.500902
0.567396
0.672017
0.778049
0.890169
0.994469
1.083755
1.151459
1.190769
1.221324
1.221098
1.225975
1.182720
1.110680
1.002531
0.862514
0.729502
0.619349
0.512145
0.465963
0.501171
0.554267
0.655575
0.757620
0.863717
0.960464
1.042428
1.104825
1.142377
1.168033
1.163379
1.180982
1.153238
1.093339
0.997993
0.868989
0.735817
0.619612
0.500344
0.460087
0.486957
0.533398
0.636475
0.739251
0.841553
0.933443
1.012085
1.073190
1.113239
1.147086
1.147396
1.180662
1.168704
1.116972
1.023597
0.892951
0.755529
0.639520
0.529746
0.489668
0.513640
0.562839
0.657739
0.758351
0.860273
0.951693
1.029888
1.091483
1.130230
1.157723
1.152303
1.180895
1.164336
1.105069
1.003147
0.865992
0.731675
0.620829
0.507418
0.463116
0.487421
0.548452
0.650785
0.754573
0.862402
0.960510
1.044905
1.111323
1.150889
1.184110
1.179172
1.207821
1.188085
1.129354
1.030194
0.896532
0.759564
0.645630
0.532461
0.489883
0.517780
0.561807
0.658079
0.757147
0.859318
0.951079
1.029210
1.090205
1.126231
1.156053
1.154178
1.192654
1.182856
1.124972
1.019130
0.872307
0.730462
0.615338
0.504596
0.458088
0.483400
0.545670
0.648422
0.752315
0.860796
0.959884
1.045125
1.112544
1.155620
1.195102
1.196338
1.221636
1.196976
1.132566
1.025530
0.879369
0.739477
0.625633
0.513905
0.462433
0.491967
0.535599
0.632109
0.730726
0.835306
0.930345
1.011038
1.073880
1.110013
1.144333
1.144271
1.176662
1.163508
1.110116
1.015431
0.883543
0.745810
0.628037
0.506951
0.455647
0.478829
0.517101
0.612009
0.710401
0.812671
0.905206
0.984213
1.046361
1.085013
1.122911
1.116510
1.155438
1.146580
1.092622
0.997303
0.866716
0.729433
0.610069
0.497954
0.447140
0.460544
0.495889
0.597448
0.694669
0.793875
0.882417
0.957800
1.017322
1.056767
1.094811
1.092696
1.136974
1.134513
1.083711
0.987771
0.853109
0.715792
0.598992
0.484604
0.433214
0.447737
0.498733
0.599540
0.701054
0.806848
0.903056
0.985648
1.051251
1.093002
1.133232
1.133255
1.169791
1.155842
1.099699
1.001713
0.864667
0.727040
0.611850
0.496937
0.444319
0.465531
0.502733
0.599375
0.696964
0.799985
0.893235
0.972382
1.034209
1.073570
1.108682
1.103408
1.137296
1.133080
1.087506
1.002774
0.883295
0.748818
0.630459
0.517410
0.465459
0.471845
0.516054
0.618413
0.717567
0.818479
0.909130
0.986795
1.048354
1.087092
1.122576
1.136193
1.175169
1.164488
1.109990
1.009955
0.865395
0.723424
0.607799
0.494681
0.442572
0.463816
0.510069
0.608686
0.707792
0.812909
0.911065
0.995639
1.062365
1.103528
1.148042
1.144349
1.174250
1.156605
1.101471
1.006949
0.872315
0.736235
0.620784
0.506118
0.445759
0.468310
0.504952
0.603291
0.699373
0.801925
0.895803
0.975650
1.038158
1.076864
1.112595
1.104345
1.137667
1.131255
1.086808
1.005512
0.890649
0.758533
0.639007
0.522266
0.467974
0.475711
0.504688
0.600993
0.699006
0.797879
0.886258
0.962419
1.023639
1.063058
1.099023
1.102453
1.148367
1.143982
1.093032
0.994470
0.850162
0.709652
0.596174
0.487683
0.430385
0.448548
0.503286
0.610033
0.712421
0.821524
0.924541
1.014178
1.086100
1.133791
1.178542
1.180388
1.200164
1.172523
1.113805
1.019488
0.885546
0.750725
0.639394
0.527822
0.466808
0.491683
0.533731
0.632019
0.729213
0.833939
0.930732
1.013169
1.077961
1.118232
1.148847
1.140664
1.164959
1.151085
1.101992
1.013748
0.892334
0.764872
0.649747
0.526388
0.473745
0.491906
0.534030
0.629600
0.725468
0.824635
0.913871
0.990831
1.052252
1.089038
1.121093
1.123628
1.168836
1.168592
1.111881
1.000480
0.851300
0.712090
0.600713
0.492193
0.439938
0.462504
0.536783
0.638509
0.744893
0.857880
0.962728
1.053694
1.127113
1.176205
1.214376
1.226676
1.242494
1.216517
1.150359
1.041126
0.897711
0.762873
0.650971
0.539171
0.481143
0.509391
0.570805
0.670350
0.773810
0.885421
0.990069
1.080287
1.151265
1.193384
1.227102
1.220318
1.237581
1.211419
1.147900
1.045862
0.913326
0.779953
0.663553
0.546138
0.502045
0.528335
0.563692
0.659476
0.755541
0.852348
0.938393
1.012581
1.071971
1.110799
1.135709
1.135272
1.167740
1.164270
1.102457
0.985723
0.835815
0.699714
0.592609
0.490915
0.444486
0.462037
0.559307
0.658337
0.764366
0.873805
0.974210
1.061892
1.133262
1.180825
1.215753
1.238218
1.256483
1.224775
1.151519
1.034316
0.887002
0.751203
0.641981
0.532203
0.480773
0.514386
0.575283
0.673417
0.774206
0.883814
0.986977
1.075490
1.144192
1.183301
1.214362
1.202595
1.221289
1.199746
1.139488
1.039661
0.909305
0.774367
0.656545
0.546131
0.507905
0.532976
0.580034
0.679654
0.779296
0.877490
0.964537
1.039964
1.100487
1.138507
1.163632
1.170339
1.214829
1.211098
1.149695
1.030423
0.872259
0.729546
0.619753
0.514378
0.470038
0.499857
0.597030
0.706455
0.818057
0.935680
1.045907
1.142389
1.219450
1.268494
1.304491
1.320295
1.322097
1.273956
1.188835
1.063144
0.912534
0.778278
0.669706
0.566190
0.516041
0.554810
0.627457
0.733374
0.840706
0.956862
1.065855
1.159980
1.232056
1.273030
1.305453
1.301682
1.304119
1.256627
1.176408
1.061319
0.918276
0.786133
0.675181
0.572582
0.531747
0.570697
0.622122
0.717963
0.819267
0.923635
1.017878
1.098255
1.159557
1.192472
1.217788
1.217231
1.244390
1.219925
1.148932
1.033271
0.882854
0.742753
0.631597
0.526697
0.492854
0.525672
0.585118
0.682703
0.784067
0.886166
0.977902
1.056751
1.118946
1.160582
1.188335
1.194459
1.223919
1.194112
1.112854
0.978931
0.825686
0.691820
0.587334
0.490219
0.438481
0.472208
0.575686
0.688266
0.801537
0.921911
1.036906
1.136063
1.210905
1.254156
1.297054
1.304506
1.289872
1.229852
1.144383
1.030115
0.891442
0.764902
0.653463
0.550488
0.511700
0.551709
0.604528
0.703550
0.806397
0.911245
1.004664
1.083154
1.142778
1.180446
1.200066
1.193865
1.213716
1.195529
1.140115
1.043189
0.913284
0.781509
0.662518
0.547095
0.511129
0.538417
0.594647
0.693429
0.796923
0.899701
0.991635
1.070345
1.130259
1.164745
1.191394
1.193172
1.221117
1.195318
1.123616
1.004829
0.855759
0.720480
0.613484
0.508006
0.470115
0.505932
0.574309
0.676688
0.782106
0.890982
0.990128
1.074601
1.139431
1.180499
1.205861
1.201763
1.214895
1.179506
1.108684
0.998362
0.858253
0.726824
0.615443
0.504285
0.465580
0.498318
0.563386
0.667340
0.774178
0.882713
0.981438
1.066102
1.131151
1.169694
1.197212
1.200990
1.219079
1.185769
1.114078
1.002585
0.857970
0.723671
0.613600
0.503972
0.473264
0.508869
0.572752
0.676375
0.783332
0.890214
0.986728
1.069399
1.133085
1.173621
1.200662
1.202395
1.222418
1.188822
1.112131
0.992561
0.845251
0.711038
0.601776
0.491311
0.456268
0.489589
0.565883
0.670287
0.780569
0.892416
0.994813
1.082918
1.151049
1.193124
1.229916
1.235247
1.244152
1.203687
1.126952
1.009703
0.864008
0.729948
0.620843
0.513730
0.480601
0.521555
0.578143
0.679063
0.787521
0.899532
1.001866
0.905854
0.933037
0.954646
0.953854
0.947957
0.941238
0.934650
0.921236
0.903425
0.884747
0.869037
0.864099
0.867901
0.880593
0.897376
0.915547
0.930963
0.941266
0.944186
0.940122
0.927362
0.900063
0.870033
0.900411
0.928240
1.031602
1.113861
1.152783
1.140034
1.061436
0.924353
0.781270
0.677184
0.595197
0.571564
0.576917
0.650890
0.707510
0.768612
0.836600
0.915160
0.997942
1.075622
1.140949
1.183164
1.214453
1.213751
1.228257
1.223223
1.148152
1.006954
0.855636
0.739517
0.649522
0.588653
0.550470
0.659282
0.765208
0.861939
0.953382
1.044923
1.137358
1.226054
1.298220
1.336760
1.384822
1.434975
1.427670
1.354728
1.210066
1.021058
0.840756
0.704995
0.602869
0.514705
0.446929
0.484682
0.633101
0.798230
0.940980
1.072818
1.194505
1.299465
1.382571
1.431678
1.479360
1.503518
1.476013
1.396095
1.238430
1.040040
0.859718
0.729474
0.630646
0.537206
0.465924
0.498010
0.616764
0.784794
0.934907
1.072631
1.197422
1.304406
1.389608
1.444686
1.492440
1.494689
1.443123
1.343126
1.188721
1.007420
0.845627
0.730503
0.642385
0.562159
0.497438
0.515083
0.630791
0.793610
0.943390
1.080962
1.207316
1.315649
1.399816
1.452348
1.472721
1.486188
1.441014
1.344406
1.200819
1.039743
0.887822
0.767902
0.670863
0.579276
0.499525
0.490202
0.602291
0.778015
0.923036
1.057514
1.184308
1.292432
1.375170
1.421432
1.444434
1.452400
1.404260
1.307666
1.168601
1.014820
0.871025
0.756065
0.661460
0.569941
0.493620
0.483255
0.524282
0.661456
0.782194
0.900285
1.009020
1.097906
1.160203
1.193519
1.231798
1.253763
1.256267
1.215249
1.110772
0.960438
0.797444
0.665491
0.576728
0.499389
0.437015
0.432853
0.545860
0.689515
0.821381
0.950266
1.084754
1.207700
1.304300
1.359544
1.383270
1.389026
1.327159
1.228627
1.096030
0.958361
0.835309
0.737574
0.642334
0.545843
0.475784
0.463054
0.451701
0.540114
0.626582
0.709574
0.778580
0.830999
0.863403
0.869521
0.901250
0.910811
0.947188
0.964767
0.935892
0.841025
0.705538
0.581626
0.514024
0.445514
0.401085
0.394558
0.503655
0.627349
0.742104
0.858366
0.971638
1.067061
1.140527
1.184729
1.231519
1.257245
1.258909
1.199282
1.086736
0.940913
0.791392
0.672768
0.588752
0.513662
0.457218
0.453792
0.524161
0.654796
0.773932
0.894154
1.012804
1.113229
1.189943
1.232917
1.273077
1.285779
1.265991
1.200546
1.089652
0.952398
0.809362
0.690297
0.602015
0.515415
0.453815
0.452367
0.533390
0.655366
0.758179
0.863671
0.968701
1.057712
1.124560
1.158721
1.193443
1.209979
1.197120
1.140235
1.038512
0.911385
0.778750
0.663347
0.568986
0.470592
0.386438
0.377360
0.438433
0.546207
0.644638
0.748267
0.849461
0.936438
1.001125
1.034309
1.065197
1.090786
1.086362
1.055146
0.975678
0.860637
0.732947
0.622220
0.537555
0.439174
0.357219
0.346164
0.436030
0.538004
0.638522
0.744295
0.848409
0.938105
1.006651
1.045271
1.091556
1.127166
1.135629
1.091506
0.994845
0.869075
0.735697
0.620898
0.536659
0.452541
0.388314
0.384808
0.441744
0.556933
0.663636
0.772729
0.881445
0.973672
1.042471
1.079420
1.126951
1.166122
1.166834
1.122409
1.023643
0.894774
0.756319
0.635908
0.549110
0.460031
0.391567
0.389762
0.459694
0.580340
0.684830
0.792368
0.899428
0.990010
1.058615
1.094119
1.138909
1.172324
1.172418
1.121487
1.020641
0.891402
0.753479
0.633477
0.547304
0.461653
0.395290
0.392359
0.455595
0.579299
0.685680
0.795629
0.904761
0.996485
1.065507
1.101553
1.144007
1.174066
1.171977
1.124022
1.026045
0.898612
0.761690
0.642576
0.554153
0.460766
0.386483
0.379979
0.441818
0.556884
0.657810
0.763416
0.868117
0.957668
1.025925
1.064027
1.104530
1.130782
1.128218
1.083689
0.992357
0.872750
0.744298
0.632035
0.546740
0.453393
0.376851
0.367727
0.445916
0.558179
0.655557
0.758558
0.860150
0.947687
1.014396
1.052258
1.093362
1.121104
1.123353
1.079319
0.988345
0.868019
0.738594
0.626041
0.543392
0.453133
0.382654
0.377557
0.457295
0.567429
0.665943
0.769791
0.872543
0.961449
1.029621
1.068748
1.112959
1.141326
1.138300
1.091943
0.998475
0.876997
0.746449
0.631648
0.548399
0.459394
0.388912
0.386459
0.468356
0.576000
0.673809
0.775388
0.875856
0.962843
1.029900
1.068873
1.114164
1.141091
1.141836
1.094793
0.999362
0.877821
0.748235
0.632871
0.545510
0.448257
0.368957
0.363639
0.420011
0.536699
0.642550
0.751172
0.857470
0.948477
1.017080
1.054402
1.098406
1.132563
1.137352
1.097590
1.004525
0.881073
0.747711
0.631249
0.546067
0.451981
0.376910
0.369671
0.424857
0.532816
0.634224
0.739543
0.844360
0.934264
1.001943
1.037094
1.084522
1.123378
1.132011
1.091227
0.997116
0.872869
0.737841
0.618666
0.534565
0.452266
0.387777
0.383771
0.442100
0.560238
0.666092
0.774039
0.881807
0.973328
1.042845
1.083045
1.128498
1.156105
1.152855
1.104883
1.009007
0.886455
0.754625
0.636899
0.550932
0.456656
0.380926
0.373652
0.435330
0.552818
0.655330
0.761319
0.866403
0.956904
1.027007
1.067565
1.109789
1.135528
1.131651
1.084463
0.992361
0.873187
0.745456
0.633183
0.550646
0.458575
0.385139
0.377398
0.457745
0.577422
0.678955
0.784838
0.888999
0.978708
1.048265
1.088779
1.129150
1.152092
1.146776
1.100172
1.008300
0.887337
0.756567
0.642193
0.558233
0.467126
0.395234
0.388292
0.468780
0.581557
0.681580
0.785953
0.889260
0.979320
1.049606
1.091002
1.134491
1.156392
1.154232
1.104479
1.009279
0.887112
0.755625
0.639214
0.555025
0.468811
0.397632
0.392569
0.458356
0.589863
0.699492
0.810744
0.919780
1.011531
1.080275
1.118002
1.164082
1.195921
1.194382
1.141221
1.039206
0.906719
0.764150
0.642493
0.557165
0.480108
0.420343
0.413036
0.468841
0.606626
0.726555
0.845362
0.961803
1.059864
1.134526
1.180760
1.223727
1.236389
1.218837
1.162022
1.061035
0.933726
0.795815
0.674916
0.586572
0.498105
0.430555
0.423883
0.495263
0.622418
0.729211
0.838260
0.944738
1.036564
1.107072
1.146569
1.181080
1.191806
1.172614
1.118926
1.018265
0.900253
0.780797
0.677541
0.583149
0.482622
0.401189
0.386223
0.452873
0.539032
0.624030
0.712918
0.800793
0.879066
0.938966
0.970664
1.013904
1.044968
1.045893
1.015113
0.937691
0.828232
0.707715
0.601611
0.520342
0.442019
0.380894
0.366470
0.492579
0.621039
0.733428
0.846341
0.962776
1.066061
1.147710
1.198077
1.245048
1.262611
1.250410
1.186496
1.075272
0.939930
0.802858
0.685881
0.595142
0.502128
0.433310
0.421797
0.503784
0.624078
0.725701
0.829261
0.932660
1.020996
1.088077
1.124269
1.167052
1.193411
1.185062
1.143069
1.045561
0.918020
0.782067
0.661883
0.569579
0.471395
0.395161
0.385356
0.465192
0.581675
0.683728
0.788863
0.892524
0.981584
1.048996
1.085761
1.129571
1.158879
1.157481
1.119783
1.026418
0.901316
0.766075
0.646926
0.558334
0.468172
0.399860
0.388627
0.472522
0.577184
0.672821
0.770487
0.869453
0.955777
1.021181
1.057647
1.104051
1.137409
1.138503
1.104027
1.015658
0.893837
0.761556
0.642846
0.550045
0.443125
0.356084
0.344851
0.417242
0.532485
0.630218
0.732206
0.832304
0.918347
0.982642
1.013550
1.059437
1.097664
1.114171
1.085501
0.996750
0.872941
0.738040
0.619519
0.532847
0.451325
0.392656
0.378610
0.454451
0.592410
0.715364
0.838754
0.959420
1.060469
1.137281
1.183122
1.231434
1.257219
1.246872
1.196382
1.090806
0.951269
0.802695
0.678009
0.589923
0.512208
0.452858
0.432257
0.526570
0.674027
0.801554
0.931751
1.060491
1.171524
1.256568
1.304236
1.336664
1.331241
1.300217
1.234451
1.125833
0.993102
0.857731
0.739884
0.641309
0.549626
0.480778
0.461336
0.529772
0.642410
0.737938
0.835246
0.930391
1.014395
1.077596
1.109069
1.139637
1.146408
1.148909
1.117630
1.027667
0.900067
0.756690
0.633690
0.546852
0.469130
0.412100
0.394672
0.521652
0.653927
0.771648
0.891652
1.010736
1.111995
1.190123
1.236173
1.280243
1.300345
1.294819
1.238975
1.125254
0.979603
0.828549
0.700960
0.609096
0.522210
0.457680
0.443456
0.531645
0.674395
0.795522
0.917526
1.034908
1.134306
1.210078
1.251769
1.289911
1.304674
1.288672
1.232192
1.123053
0.982074
0.832999
0.706370
0.614915
0.529326
0.464096
0.443193
0.536084
0.683584
0.809479
0.935603
1.056947
1.160167
1.239214
1.282437
1.320157
1.330390
1.308705
1.243935
1.131251
0.989586
0.842580
0.719036
0.628981
0.542155
0.477415
0.455047
0.539921
0.680874
0.800293
0.921485
1.039484
1.140271
1.216987
1.258094
1.293042
1.300557
1.278333
1.219360
1.112362
0.976369
0.832617
0.708225
0.615808
0.522303
0.451223
0.427532
0.492696
0.629381
0.737538
0.848265
0.958812
1.053214
1.123885
1.163365
1.203588
1.224401
1.215409
1.174775
1.077223
0.945611
0.801851
0.674852
0.583597
0.494353
0.425852
0.404382
0.485722
0.622362
0.735694
0.851140
0.964418
1.060824
1.133789
1.175288
1.217464
1.239480
1.231804
1.188268
1.088170
0.954446
0.809371
0.681371
0.589565
0.499667
0.431522
0.410634
0.483478
0.615677
0.723075
0.831529
0.938929
1.033030
1.105770
1.147453
1.189632
1.209790
1.199480
1.156691
1.060167
0.933597
0.796608
0.673217
0.579874
0.481054
0.402716
0.385062
0.460915
0.585665
0.687350
0.791677
0.894173
0.983875
1.052469
1.091710
1.135591
1.160340
1.157850
1.121949
1.031850
0.909098
0.773622
0.651170
0.561151
0.471996
0.399798
0.378703
0.453899
0.560569
0.652796
0.747512
0.847932
0.940232
1.012679
1.056758
1.095925
1.114492
1.123181
1.084885
0.996184
0.880110
0.756684
0.644656
0.554962
0.450899
0.362743
0.342136
0.390773
0.497610
0.590748
0.688756
0.786667
0.873272
0.938638
0.973582
1.006373
1.032773
1.061333
1.046995
0.977261
0.865350
0.736692
0.619505
0.533162
0.442056
0.364053
0.342650
0.402429
0.499579
0.592593
0.687683
0.784349
0.870749
0.936741
0.972033
1.005718
1.048792
1.077134
1.056444
0.978870
0.862547
0.733415
0.615731
0.526215
0.434530
0.354942
0.332234
0.379340
0.502780
0.601037
0.703093
0.804198
0.892958
0.959974
0.995575
1.029004
1.067744
1.094766
1.075062
0.997706
0.880201
0.747224
0.625957
0.536875
0.447227
0.371437
0.348753
0.404487
0.507140
0.595043
0.687964
0.782307
0.868017
0.933156
0.969709
1.003965
1.043366
1.069012
1.050503
0.976808
0.863317
0.736533
0.620188
0.530526
0.430634
0.343438
0.317166
0.352646
0.476589
0.570690
0.672500
0.772530
0.861183
0.928714
0.962817
0.995385
1.034182
1.069336
1.058596
0.989126
0.873970
0.739938
0.617494
0.529016
0.441939
0.369174
0.347117
0.398441
0.506604
0.595078
0.688303
0.785876
0.874988
0.943741
0.984249
1.021977
1.056519
1.078719
1.058147
0.983818
0.871407
0.745366
0.628839
0.538936
0.437362
0.350017
0.323261
0.371243
0.479963
0.572772
0.668896
0.765299
0.851116
0.916683
0.952872
0.986562
1.021141
1.052026
1.038099
0.968942
0.858452
0.732391
0.615816
0.528461
0.433975
0.349393
0.321111
0.356629
0.479998
0.575335
0.677704
0.778684
0.868610
0.937342
0.974817
1.009614
1.041522
1.073316
1.062290
0.993898
0.880420
0.747374
0.625237
0.536575
0.447695
0.371498
0.349771
0.400263
0.512962
0.606215
0.702400
0.802532
0.893826
0.964759
1.006457
1.044933
1.080200
1.102191
1.079812
1.000946
0.885267
0.756023
0.636116
0.546019
0.452277
0.371312
0.346792
0.395217
0.509328
0.604199
0.699922
0.796950
0.883967
0.950810
0.988524
1.023991
1.065761
1.088602
1.066976
0.987160
0.871883
0.743249
0.623694
0.533835
0.445738
0.367930
0.343550
0.390001
0.523464
0.620970
0.720077
0.821094
0.911765
0.982115
1.022862
1.060044
1.093595
1.110044
1.084048
1.002482
0.886663
0.757303
0.636861
0.546545
0.453342
0.375291
0.348516
0.396640
0.505791
0.596592
0.689680
0.784451
0.870228
0.936178
0.975761
1.012559
1.046197
1.066684
1.046498
0.971094
0.860488
0.736876
0.621101
0.531911
0.436418
0.352209
0.323407
0.367693
0.498608
0.595003
0.694769
0.794111
0.882630
0.950885
0.990066
1.026667
1.061351
1.088269
1.069069
0.992883
0.878488
0.748487
0.627093
0.537534
0.452687
0.378158
0.354983
0.412596
0.550867
0.652946
0.758947
0.865030
0.960229
1.034685
1.080406
1.120148
1.137334
1.151700
1.121061
1.035569
0.916544
0.783902
0.660280
0.568279
0.474918
0.393665
0.368851
0.398798
0.525331
0.630186
0.734637
0.837963
0.930449
1.002097
1.045359
1.084047
1.110428
1.126735
1.103766
1.023387
0.906275
0.773091
0.648151
0.557020
0.470278
0.394413
0.372329
0.424917
0.566866
0.686254
0.802008
0.916446
1.015867
1.094036
1.141564
1.181255
1.189537
1.204689
1.170954
1.082027
0.956296
0.813805
0.683145
0.590677
0.505130
0.433227
0.409315
0.464818
0.607102
0.726804
0.845016
0.960314
1.060955
1.140319
1.186625
1.225536
1.233793
1.245272
1.205487
1.110412
0.977764
0.828350
0.694087
0.599936
0.519448
0.453275
0.415168
0.470567
0.624065
0.761707
0.893231
1.022537
1.136074
1.225732
1.285048
1.330233
1.310870
1.307109
1.257120
1.152150
1.012964
0.862101
0.731406
0.638806
0.558545
0.487345
0.442119
0.487469
0.643875
0.776709
0.905663
1.032972
1.143539
1.229370
1.284470
1.317434
1.283569
1.276877
1.232053
1.131360
1.000725
0.859067
0.728261
0.629423
0.525482
0.428705
0.396467
0.366174
0.423481
0.522052
0.621733
0.719820
0.805830
0.871031
0.907348
0.942185
0.963277
0.985419
0.994785
0.953646
0.860258
0.734444
0.608803
0.515602
0.426723
0.356873
0.333635
0.344379
0.500330
0.624961
0.746042
0.862167
0.962814
1.041888
1.092487
1.138181
1.167481
1.199382
1.168582
1.078579
0.948952
0.801222
0.668781
0.575686
0.495262
0.426832
0.392162
0.450264
0.614322
0.746510
0.875981
1.011452
1.137478
1.241224
1.311295
1.354158
1.352092
1.311940
1.244194
1.138347
1.013279
0.885723
0.774339
0.678833
0.584186
0.507207
0.483014
0.496468
0.625311
0.729121
0.835694
0.938407
1.027403
1.093955
1.134480
1.147735
1.162742
1.162034
1.147987
1.082703
0.968358
0.826535
0.693100
0.599242
0.511695
0.434701
0.410274
0.456941
0.570770
0.669476
0.770267
0.878200
0.979998
1.062305
1.120013
1.149093
1.180828
1.182725
1.147370
1.063215
0.946116
0.814755
0.692285
0.601150
0.517668
0.439526
0.410146
0.462393
0.593221
0.702593
0.812544
0.921888
1.018588
1.093583
1.144067
1.167172
1.213656
1.223952
1.189754
1.100602
0.974650
0.830656
0.696955
0.601359
0.520331
0.449900
0.411846
0.447468
0.592529
0.716983
0.840975
0.963812
1.071295
1.155784
1.212250
1.239833
1.269400
1.268820
1.228578
1.136865
1.007698
0.858519
0.722983
0.630478
0.554359
0.486535
0.441700
0.479977
0.635420
0.762359
0.889365
1.019194
1.135847
1.229210
1.293575
1.346257
1.340238
1.329012
1.278797
1.175958
1.037939
0.889095
0.756771
0.660897
0.566701
0.481637
0.445040
0.413134
0.512023
0.609067
0.705144
0.804237
0.893206
0.959726
0.999097
1.009439
1.065984
1.051264
1.051937
1.000485
0.902749
0.779726
0.656801
0.560616
0.455430
0.355465
0.317812
0.302341
0.427597
0.527660
0.633263
0.736489
0.829615
0.902639
0.948492
0.964602
1.023855
1.038264
1.038624
0.982444
0.881339
0.756687
0.635285
0.545980
0.454131
0.363036
0.327666
0.327895
0.451794
0.550409
0.654709
0.759876
0.854629
0.929126
0.976188
0.993527
1.058303
1.075768
1.067886
1.002853
0.896528
0.771321
0.650631
0.559665
0.464992
0.372426
0.337497
0.326977
0.437750
0.533633
0.637009
0.740058
0.832886
0.905788
0.953219
0.971614
1.043197
1.063104
1.058461
0.997586
0.892532
0.766189
0.642627
0.549175
0.459465
0.368721
0.334824
0.315206
0.453008
0.543135
0.638615
0.737787
0.830551
0.903475
0.952106
0.972049
1.051493
1.074357
1.063579
0.991947
0.884683
0.762738
0.646090
0.551739
0.462113
0.372480
0.329829
0.363983
0.496576
0.587950
0.686512
0.789127
0.883656
0.956800
1.005313
1.024471
1.096277
1.121432
1.105961
1.034662
0.921154
0.789705
0.664687
0.566132
0.479244
0.399823
0.352210
0.405896
0.552517
0.670203
0.790956
0.911004
1.017526
1.102358
1.159925
1.187994
1.232756
1.248439
1.214245
1.122230
0.993306
0.849789
0.719461
0.622791
0.533245
0.455254
0.416938
0.467993
0.588822
0.692092
0.796350
0.907949
1.012285
1.095053
1.151999
1.178002
1.200593
1.195077
1.160438
1.076439
0.959880
0.829664
0.708189
0.611644
0.512906
0.433060
0.405190
0.450063
0.559773
0.651559
0.746210
0.844208
0.934449
1.003364
1.049962
1.068212
1.115778
1.119134
1.103789
1.030604
0.917080
0.786085
0.662789
0.566836
0.480595
0.401755
0.364052
0.435233
0.569319
0.680204
0.791080
0.903841
1.004577
1.082582
1.133440
1.155655
1.212780
1.229385
1.201304
1.109167
0.978192
0.833038
0.701320
0.602596
0.516587
0.442151
0.399380
0.455684
0.590696
0.704990
0.820622
0.939596
1.046857
1.131340
1.187550
1.213696
1.246466
1.244293
1.213091
1.125146
0.999906
0.858965
0.729889
0.630628
0.532355
0.456939
0.428466
0.471097
0.582539
0.675831
0.769614
0.868951
0.962516
1.036567
1.084336
1.123477
1.131648
1.134508
1.108679
1.027109
0.911781
0.782669
0.661896
0.567558
0.480779
0.404399
0.366219
0.447240
0.582039
0.706020
0.827699
0.947566
1.051967
1.133014
1.184985
1.229637
1.242696
1.254700
1.221006
1.124874
0.989769
0.840122
0.706303
0.610517
0.528225
0.459868
0.413459
0.486799
0.660270
0.798427
0.931693
1.065827
1.186522
1.282937
1.345033
1.393418
1.372094
1.360896
1.306227
1.191766
1.042691
0.886726
0.755262
0.656092
0.568190
0.490176
0.430488
0.519663
0.667340
0.805473
0.938912
1.075536
1.199259
1.296562
1.357131
1.391563
1.373942
1.341430
1.268343
1.154069
1.019445
0.885842
0.771707
0.676361
0.574788
0.491368
0.464216
0.433579
0.515503
0.606960
0.703912
0.796666
0.873971
0.929685
0.956932
0.984370
0.985151
1.001746
1.008807
0.973137
0.879180
0.737536
0.595285
0.497432
0.412003
0.344868
0.317611
0.400880
0.534278
0.658070
0.776947
0.888744
0.986768
1.064508
1.114815
1.162170
1.198102
1.231271
1.201557
1.101748
0.961702
0.809227
0.676633
0.581439
0.500434
0.436631
0.402498
0.496157
0.659159
0.804753
0.942881
1.084021
1.214365
1.321137
1.386652
1.419137
1.437351
1.387883
1.308112
1.184786
1.044588
0.906866
0.790733
0.690856
0.590762
0.504769
0.483016
0.481909
0.602131
0.696432
0.795904
0.887995
0.966814
1.024172
1.053768
1.079832
1.079951
1.099577
1.107584
1.057284
0.942867
0.783357
0.638294
0.542535
0.457334
0.400718
0.376787
0.466623
0.608811
0.738350
0.859673
0.974163
1.074087
1.152077
1.202554
1.247388
1.285607
1.306344
1.260447
1.147536
1.000444
0.845908
0.713513
0.613874
0.525315
0.452414
0.417741
0.504321
0.663061
0.806890
0.943287
1.080148
1.204706
1.305738
1.371569
1.405297
1.413623
1.366705
1.288676
1.169706
1.033869
0.899756
0.787569
0.688271
0.589959
0.511370
0.488281
0.520599
0.649662
0.749863
0.855748
0.958064
1.046130
1.110218
1.143286
1.170061
1.167760
1.174018
1.166542
1.099742
0.975545
0.821601
0.685789
0.591360
0.509917
0.450321
0.412376
0.522646
0.664608
0.789155
0.907251
1.029151
1.143611
1.236312
1.294972
1.334075
1.346240
1.320689
1.246406
1.128303
0.991313
0.856056
0.741719
0.649080
0.548717
0.467829
0.446562
0.457799
0.570040
0.674573
0.907613
0.938143
0.961734
0.962435
0.963643
0.964679
0.964828
0.963798
0.961532
0.956958
0.949877
0.939031
0.923981
0.903539
0.878205
0.848029
0.813532
0.774740
0.731904
0.685013
0.633969
0.600970
0.638555
0.707231
0.797819
0.899916
1.005876
1.090493
1.143255
1.158353
1.144818
1.111505
1.056684
0.958192
0.801873
0.588072
0.335694
0.052474
-0.240568
-0.374952
-0.325832
0.906661
0.933991
0.944339
0.935730
0.926160
0.915212
0.903839
0.892696
0.880566
0.865460
0.843317
0.821162
0.806928
0.798355
0.792069
0.783431
0.772189
0.756940
0.737291
0.707222
0.709783
0.749954
0.842041
0.971177
1.062684
1.087009
1.058385
0.997824
0.897669
0.758165
0.615295
0.469809
0.338800
0.336127
0.380186
0.425279
0.465164
0.500453
0.535047
0.559762
0.593813
0.683661
0.797654
0.917527
0.981378
0.985473
0.943297
0.869011
0.764114
0.645891
0.570710
0.512033
0.524309
0.587030
0.654135
0.724989
0.789953
0.847917
0.893400
0.921770
0.940818
0.968710
1.004714
1.048562
1.057647
1.042616
1.008160
0.958796
0.887699
0.797055
0.727937
0.677167
0.668545
0.724482
0.784671
0.847410
0.902563
0.949344
0.986667
1.005780
1.019893
1.042286
1.096109
1.152235
1.166786
1.146845
1.096042
1.020528
0.919802
0.812872
0.742087
0.707323
0.733839
0.780925
0.842225
0.911972
0.978601
1.038039
1.081521
1.104584
1.115487
1.127172
1.160142
1.180770
1.182091
1.167394
1.129881
1.062465
0.964839
0.866883
0.808960
0.799801
0.819960
0.845652
0.874423
0.903770
0.931779
0.958760
0.982178
0.996675
1.006323
1.013777
1.053149
1.077165
1.079801
1.069503
1.044437
1.000828
0.931409
0.845655
0.787762
0.750253
0.765061
0.797836
0.838423
0.876691
0.909876
0.938302
0.962530
0.977551
0.981922
1.008508
1.045588
1.082475
1.087895
1.074483
1.041116
0.988023
0.911633
0.821179
0.753917
0.711970
0.719208
0.760680
0.815663
0.881841
0.945644
1.001219
1.045372
1.068512
1.077263
1.090562
1.122604
1.158360
1.166253
1.154787
1.122103
1.068654
0.989281
0.893996
0.820666
0.776405
0.788728
0.828421
0.881045
0.940688
0.996980
1.046002
1.084270
1.103002
1.106062
1.129448
1.154898
1.177145
1.178293
1.162702
1.125780
1.065861
0.979224
0.881168
0.811490
0.767696
0.772385
0.813403
0.864537
0.917327
0.964376
1.004514
1.037070
1.053129
1.055600
1.080008
1.111626
1.140423
1.142680
1.126845
1.088791
1.027721
0.939956
0.841219
0.770471
0.726483
0.727502
0.765256
0.818995
0.878977
0.934788
0.983268
1.022943
1.043631
1.048657
1.077239
1.111701
1.144706
1.150728
1.138807
1.104774
1.047183
0.961745
0.863234
0.790823
0.744355
0.743274
0.782344
0.836620
0.894443
0.946929
0.992206
1.028909
1.047536
1.051299
1.075762
1.110566
1.143620
1.148477
1.134255
1.097162
1.036082
0.947602
0.847188
0.775899
0.731589
0.731884
0.770072
0.823237
0.880496
0.932706
0.977859
1.014601
1.033485
1.037586
1.062516
1.095747
1.128220
1.132749
1.119127
1.083782
1.024988
0.938373
0.838828
0.767922
0.722836
0.722585
0.764067
0.820245
0.879267
0.932410
0.978384
1.016283
1.036586
1.041190
1.063953
1.092600
1.120624
1.121239
1.104767
1.067836
1.009506
0.924672
0.827369
0.757758
0.714107
0.712648
0.764724
0.826364
0.891321
0.950603
1.002672
1.043000
1.064471
1.069747
1.090458
1.116953
1.142499
1.141014
1.122411
1.082813
1.021299
0.933812
0.836159
0.768215
0.730532
0.737411
0.776904
0.830860
0.888743
0.941674
0.987586
1.025316
1.045202
1.049684
1.071666
1.099091
1.126114
1.127937
1.114132
1.079847
1.022838
0.938423
0.841182
0.772107
0.730214
0.730083
0.780727
0.840369
0.900951
0.955103
1.001940
1.040683
1.061863
1.067018
1.085240
1.108627
1.131549
1.129009
1.110690
1.072308
1.012754
0.927285
0.830455
0.762099
0.723262
0.727035
0.765752
0.819922
0.879747
0.935340
0.983719
1.023446
1.044485
1.049673
1.075931
1.103884
1.132401
1.135949
1.124709
1.093661
1.039934
0.958033
0.861763
0.791038
0.747503
0.746700
0.797317
0.856516
0.915983
0.968859
1.014367
1.051534
1.071204
1.075540
1.094078
1.119582
1.143349
1.141691
1.123513
1.084069
1.022022
0.933547
0.835153
0.766572
0.730356
0.736205
0.775526
0.829585
0.888508
0.943071
0.990582
1.029501
1.050032
1.055094
1.076196
1.102369
1.128487
1.130818
1.118554
1.085739
1.028937
0.943445
0.845250
0.776507
0.737775
0.741378
0.780951
0.833328
0.886940
0.934990
0.976325
1.010262
1.028077
1.032023
1.055800
1.077521
1.100962
1.099727
1.084842
1.050669
0.994566
0.910546
0.813693
0.745223
0.705556
0.705106
0.764484
0.828136
0.894420
0.954866
1.008271
1.050291
1.073442
1.081048
1.093631
1.111466
1.129631
1.123856
1.104173
1.065626
1.006630
0.922131
0.827950
0.762541
0.731389
0.744918
0.790487
0.846378
0.906026
0.960861
1.008673
1.048135
1.069404
1.074506
1.091372
1.109806
1.128008
1.125593
1.111069
1.077178
1.020483
0.936250
0.840261
0.773701
0.738989
0.743359
0.791946
0.845412
0.901050
0.950741
0.993696
1.028233
1.046000
1.049813
1.068810
1.084787
1.100394
1.095447
1.078313
1.043918
0.990217
0.909621
0.814103
0.743916
0.699935
0.675417
0.734365
0.796682
0.864336
0.927595
0.982609
1.026672
1.051000
1.062104
1.069123
1.092795
1.116354
1.114658
1.096644
1.058340
0.999086
0.913948
0.818845
0.749476
0.718279
0.729465
0.771846
0.830549
0.899007
0.964900
1.023856
1.070825
1.096112
1.104310
1.111963
1.124818
1.138493
1.136972
1.126647
1.098585
1.048574
0.970887
0.880161
0.814543
0.783056
0.792680
0.835078
0.888722
0.943034
0.992056
1.034478
1.069936
1.088729
1.092629
1.107631
1.124374
1.138317
1.135847
1.122241
1.087816
1.028470
0.941101
0.844082
0.777307
0.747890
0.755339
0.798498
0.854470
0.912395
0.965104
1.011165
1.047546
1.065652
1.069137
1.088848
1.087519
1.091916
1.083286
1.068743
1.043054
1.003370
0.937073
0.846390
0.769968
0.715434
0.663756
0.713932
0.773294
0.839813
0.902001
0.955789
0.997496
1.018023
1.029215
1.041232
1.081564
1.125558
1.134956
1.120817
1.082729
1.019979
0.927835
0.824811
0.752572
0.719187
0.735402
0.779564
0.836594
0.900997
0.961991
1.016934
1.060850
1.084845
1.094318
1.102626
1.121765
1.131361
1.122636
1.105303
1.067480
1.002958
0.909606
0.811661
0.751564
0.729699
0.758117
0.794980
0.836583
0.877108
0.913968
0.946889
0.973863
0.989071
0.996547
1.010962
1.029078
1.049055
1.043869
1.028980
0.996791
0.943228
0.863117
0.773040
0.716824
0.697035
0.727828
0.766628
0.813692
0.859421
0.900197
0.935404
0.964320
0.980160
0.985665
1.011824
1.022916
1.052016
1.049961
1.039613
1.012987
0.967188
0.896832
0.810196
0.749865
0.721235
0.742315
0.781271
0.832307
0.884726
0.931381
0.970607
1.003061
1.019926
1.024827
1.050310
1.078376
1.111542
1.114626
1.101088
1.065891
1.008553
0.926222
0.829395
0.757702
0.720273
0.724324
0.763790
0.818960
0.881456
0.940542
0.991595
1.033340
1.055160
1.064482
1.077443
1.102924
1.134681
1.137405
1.122079
1.083755
1.022581
0.935952
0.836923
0.764268
0.730509
0.743821
0.788362
0.844190
0.906212
0.964446
1.015061
1.056270
1.077737
1.083595
1.101415
1.119387
1.142686
1.140793
1.124684
1.086708
1.026247
0.939956
0.840509
0.768302
0.732495
0.737621
0.777772
0.831865
0.890502
0.944566
0.991006
1.028445
1.046672
1.052410
1.075672
1.101144
1.127079
1.125325
1.105688
1.061381
0.991879
0.895620
0.791122
0.719259
0.686720
0.692701
0.734364
0.790990
0.853585
0.912133
0.963275
1.005364
1.027997
1.034440
1.059847
1.082737
1.111592
1.113243
1.100512
1.067321
1.011963
0.929839
0.831219
0.757766
0.716977
0.716009
0.776280
0.837916
0.900276
0.956158
1.004165
1.043490
1.064923
1.072918
1.079659
1.097445
1.120988
1.115882
1.091962
1.046022
0.981009
0.893358
0.795522
0.722038
0.690496
0.699143
0.740110
0.797020
0.865579
0.933341
0.993624
1.039526
1.063022
1.073127
1.081776
1.101591
1.122477
1.119638
1.102247
1.062047
0.998259
0.908876
0.809954
0.740130
0.713186
0.723547
0.765128
0.821444
0.884344
0.943870
0.995965
1.038515
1.060867
1.068083
1.084066
1.102849
1.125753
1.125989
1.114004
1.080899
1.024201
0.940639
0.843130
0.772186
0.739227
0.745024
0.787883
0.843309
0.900723
0.952559
0.996931
1.033319
1.052038
1.056745
1.077863
1.098778
1.121240
1.118795
1.101290
1.061499
0.998895
0.910228
0.809253
0.735486
0.699959
0.698249
0.760557
0.819227
0.885644
0.948313
1.003065
1.048363
1.073046
1.083506
1.083541
1.099528
1.119899
1.114069
1.091317
1.046718
0.981845
0.893246
0.794493
0.721319
0.693035
0.702396
0.745805
0.804849
0.873922
0.941189
1.001339
1.047109
1.070962
1.080890
1.092249
1.104739
1.123190
1.119970
1.106723
1.071886
1.011242
0.922998
0.825521
0.759216
0.737500
0.758523
0.804368
0.857423
0.911201
0.960159
1.002933
1.037692
1.055563
1.060148
1.071551
1.070731
1.082866
1.076501
1.065639
1.038778
0.990929
0.915703
0.824529
0.760115
0.732187
0.746559
0.794091
0.847521
0.900070
0.946536
0.985908
1.018415
1.035702
1.039625
1.057858
1.069906
1.086226
1.079381
1.061197
1.027289
0.977465
0.904450
0.810807
0.733582
0.690663
0.654230
0.700746
0.755425
0.820782
0.884627
0.939818
0.985520
1.010276
1.023604
1.030854
1.062878
1.111331
1.124349
1.113090
1.077298
1.017155
0.927247
0.822673
0.743990
0.710271
0.731086
0.775526
0.831829
0.895357
0.956041
1.009702
1.051542
1.073392
1.079745
1.092656
1.104263
1.126077
1.125451
1.117714
1.092831
1.044144
0.964215
0.867833
0.802215
0.772715
0.792053
0.826931
0.868013
0.907752
0.943372
0.974904
1.001864
1.017215
1.020645
1.024932
1.040258
1.059751
1.053629
1.038157
1.009524
0.966147
0.898845
0.813917
0.744960
0.708625
0.717781
0.758977
0.805672
0.864388
0.920693
0.969289
1.008777
1.029647
1.035885
1.050945
1.078905
1.108533
1.107888
1.093910
1.062057
1.009496
0.931641
0.841074
0.772393
0.741412
0.753883
0.795750
0.842598
0.898005
0.949844
0.994437
1.031597
1.051346
1.054263
1.077924
1.108473
1.138215
1.138821
1.126615
1.095623
1.043225
0.964696
0.869541
0.793012
0.751137
0.741521
0.782325
0.827832
0.882427
0.932698
0.975437
1.011297
1.031126
1.035967
1.056732
1.088175
1.121971
1.124809
1.110307
1.074153
1.014525
0.928116
0.828774
0.752914
0.717643
0.722778
0.766437
0.814245
0.874206
0.931937
0.982475
1.024211
1.046768
1.051698
1.074865
1.102186
1.130204
1.130973
1.120407
1.092387
1.042748
0.965133
0.868946
0.794291
0.754190
0.752672
0.797738
0.843339
0.892906
0.936536
0.973803
1.005388
1.023173
1.023892
1.051792
1.083336
1.116157
1.117464
1.104560
1.074140
1.024568
0.949565
0.855141
0.773493
0.724673
0.697832
0.756543
0.811612
0.876069
0.937043
0.989698
1.034118
1.060229
1.071555
1.073400
1.094761
1.131087
1.135674
1.119961
1.084147
1.029528
0.950011
0.854753
0.774178
0.738963
0.756569
0.796387
0.844658
0.905492
0.965341
1.018277
1.061389
1.084077
1.090201
1.106511
1.127790
1.144849
1.139198
1.126656
1.099550
1.054470
0.983940
0.894062
0.819401
0.778544
0.763424
0.819863
0.872113
0.926479
0.974477
1.014635
1.048652
1.068614
1.074919
1.082931
1.103606
1.128886
1.122137
1.099682
1.057258
0.994934
0.909657
0.813969
0.741027
0.713974
0.727689
0.772067
0.822442
0.886868
0.951510
1.008798
1.055910
1.082004
1.092349
1.100249
1.116898
1.126412
1.116258
1.100224
1.067964
1.014256
0.934340
0.840828
0.770913
0.745409
0.755377
0.801862
0.850041
0.902806
0.950590
0.992227
1.027552
1.046799
1.048868
1.069366
1.089691
1.110393
1.107270
1.097533
1.072631
1.027445
0.954464
0.862298
0.786609
0.749011
0.740629
0.786172
0.833907
0.888050
0.936352
0.977542
1.012302
1.031810
1.036829
1.053990
1.078973
1.104922
1.100856
1.083097
1.045901
0.987068
0.902736
0.804619
0.727955
0.695922
0.692714
0.737167
0.787298
0.853197
0.919215
0.977557
1.027402
1.056606
1.069511
1.075940
1.093920
1.111857
1.106024
1.092584
1.062302
1.008898
0.927991
0.833247
0.760865
0.736285
0.754063
0.801194
0.852218
0.908554
0.960676
1.006880
1.045483
1.065802
1.068563
1.073037
1.086895
1.100393
1.096852
1.090298
1.069751
1.028012
0.956915
0.865979
0.795077
0.764039
0.763614
0.806362
0.852463
0.900980
0.943719
0.980676
1.011900
1.028144
1.028886
1.047324
1.068170
1.091161
1.085713
1.070236
1.039150
0.989605
0.915107
0.822899
0.744977
0.708113
0.692194
0.752728
0.809245
0.876177
0.941077
0.997800
1.046224
1.075444
1.089231
1.087211
1.098543
1.122050
1.115794
1.097889
1.063524
1.010769
0.932710
0.839873
0.762458
0.731527
0.748986
0.792923
0.843485
0.903590
0.961650
1.013247
1.056354
1.080111
1.087302
1.088691
1.105561
1.112426
1.103934
1.094278
1.070982
1.024530
0.948144
0.855552
0.787490
0.766141
0.779942
0.823483
0.866766
0.911960
0.952611
0.989113
1.020911
1.038717
1.041292
1.042819
1.056677
1.072867
1.066499
1.055780
1.032648
0.991924
0.924645
0.836800
0.764990
0.733872
0.734353
0.778944
0.827156
0.880267
0.927573
0.968181
1.002609
1.022163
1.028736
1.042926
1.063928
1.086445
1.078434
1.059814
1.023769
0.966707
0.884707
0.787981
0.712632
0.682947
0.686003
0.730267
0.781309
0.847128
0.913229
0.971933
1.022225
1.052277
1.066348
1.078210
1.103726
1.118234
1.109357
1.093906
1.058765
0.994988
0.902136
0.798669
0.729563
0.714176
0.734166
0.783485
0.834185
0.886700
0.935444
0.980142
1.020437
1.046342
1.058278
1.061850
1.085529
1.088775
1.088528
1.084798
1.065078
1.020185
0.945745
0.852805
0.781918
0.757103
0.739433
0.793712
0.845703
0.897624
0.943541
0.983157
1.017950
1.040832
1.050511
1.057366
1.082739
1.101214
1.091114
1.067139
1.021710
0.952768
0.860432
0.756302
0.682657
0.656113
0.656544
0.709921
0.768669
0.838704
0.909591
0.973922
1.029794
1.064927
1.083303
1.089506
1.106136
1.105066
1.090602
1.071111
1.033114
0.969657
0.880245
0.779318
0.710093
0.691858
0.696863
0.754545
0.812663
0.873585
0.930484
0.981027
1.025492
1.053156
1.064797
1.059812
1.063218
1.059572
1.045079
1.028729
0.999284
0.950751
0.877255
0.786022
0.712040
0.679037
0.663451
0.712736
0.766377
0.830665
0.896648
0.955348
1.005274
1.036010
1.048587
1.051950
1.067837
1.086892
1.085148
1.073956
1.052382
1.013816
0.948776
0.865542
0.787459
0.747313
0.745072
0.783826
0.822183
0.870757
0.918656
0.960057
0.995157
1.014983
1.019645
1.030530
1.053665
1.081737
1.080636
1.069951
1.044379
0.997123
0.921291
0.828093
0.752162
0.716830
0.720381
0.758787
0.797887
0.844105
0.888220
0.927040
0.960814
0.981805
0.986614
0.986844
1.012216
1.043282
1.048112
1.043315
1.027143
0.995187
0.935155
0.850877
0.769606
0.719561
0.695229
0.730921
0.773427
0.822023
0.867748
0.906613
0.939569
0.960321
0.966491
0.979372
1.011057
1.054452
1.062949
1.053306
1.026105
0.977889
0.901935
0.807008
0.726669
0.683668
0.681535
0.719846
0.758645
0.810954
0.864468
0.911594
0.952091
0.977043
0.985646
0.995077
1.021408
1.053786
1.056874
1.047926
1.024705
0.981970
0.910836
0.819938
0.740519
0.697981
0.692784
0.731042
0.769804
0.818013
0.865332
0.906581
0.942262
0.965487
0.973321
0.979008
1.006081
1.041230
1.046665
1.039306
1.017329
0.974874
0.902831
0.809990
0.729785
0.689878
0.691083
0.730177
0.769948
0.818631
0.866044
0.907699
0.943408
0.964741
0.971284
0.975694
1.006215
1.039339
1.045156
1.039779
1.021308
0.983195
0.914095
0.821851
0.741267
0.701142
0.700050
0.733370
0.771926
0.816794
0.858116
0.894325
0.925970
0.947198
0.954060
0.958060
0.987747
1.023900
1.031128
1.026419
1.009109
0.973824
0.908771
0.819500
0.739266
0.696477
0.693276
0.726502
0.764535
0.810631
0.853722
0.891209
0.923790
0.945449
0.953212
0.958745
0.986393
1.024661
1.028262
1.016711
0.987932
0.938015
0.861324
0.765581
0.685666
0.650832
0.663038
0.695086
0.733763
0.783158
0.830819
0.872502
0.908173
0.930639
0.938313
0.943209
0.972650
1.012907
1.023981
1.019649
0.999798
0.959671
0.891342
0.800557
0.722423
0.685489
0.693236
0.727296
0.764855
0.809584
0.851302
0.886677
0.916647
0.936086
0.941898
0.947328
0.979060
1.022121
1.035361
1.030622
1.009122
0.967601
0.899018
0.807869
0.726553
0.684301
0.687569
0.720715
0.758162
0.806155
0.852171
0.891991
0.925527
0.945365
0.951164
0.963034
0.994437
1.034307
1.047207
1.042185
1.020859
0.979555
0.910988
0.821036
0.740376
0.698832
0.706720
0.736919
0.772740
0.818921
0.863392
0.901345
0.933512
0.952975
0.958089
0.970232
1.000017
1.038814
1.048786
1.041813
1.018601
0.976033
0.907320
0.817888
0.736061
0.691590
0.691721
0.724996
0.761235
0.808312
0.854742
0.894390
0.927842
0.947876
0.952662
0.970109
1.002916
1.049445
1.061828
1.054137
1.027679
0.980023
0.906144
0.812181
0.726928
0.679210
0.670608
0.704853
0.740613
0.790375
0.841230
0.884922
0.921653
0.943228
0.948667
0.968071
1.007277
1.058440
1.075307
1.068934
1.042261
0.993483
0.918099
0.822327
0.731524
0.677165
0.654730
0.691326
0.727893
0.779337
0.832222
0.877545
0.915712
0.938539
0.944688
0.961141
0.998989
1.051048
1.072193
1.067263
1.040666
0.992207
0.916859
0.820139
0.725526
0.666988
0.642748
0.676961
0.711771
0.763126
0.817193
0.863677
0.902708
0.925303
0.932633
0.959697
0.996510
1.048941
1.064173
1.052303
1.016376
0.957118
0.870094
0.762377
0.669620
0.621046
0.595981
0.658154
0.713291
0.783082
0.853696
0.916258
0.967090
0.997274
1.011831
1.022909
1.056856
1.094696
1.096142
1.075368
1.030726
0.961609
0.866104
0.756272
0.675965
0.646588
0.660124
0.708602
0.760199
0.820588
0.878700
0.930028
0.973690
0.999212
1.008707
1.015196
1.037627
1.059173
1.058781
1.051594
1.029469
0.984033
0.908416
0.813517
0.739845
0.716175
0.730740
0.770905
0.815119
0.861381
0.902665
0.938880
0.969774
0.987374
0.991351
1.009270
1.023412
1.042489
1.035331
1.020261
0.994405
0.955742
0.895011
0.808036
0.721467
0.673003
0.634141
0.663741
0.709399
0.769291
0.828543
0.880001
0.923716
0.948742
0.956330
0.972509
1.004106
1.061780
1.081272
1.073221
1.038940
0.980272
0.891859
0.782924
0.696495
0.655330
0.662864
0.708209
0.757236
0.820862
0.884619
0.940988
0.987228
1.012773
1.021247
1.031230
1.060727
1.090010
1.092046
1.083588
1.059070
1.010886
0.929951
0.830840
0.757510
0.731089
0.752573
0.784889
0.820752
0.857941
0.891638
0.922602
0.949816
0.966424
0.970887
0.974701
1.004647
1.031618
1.031589
1.021440
0.997311
0.954408
0.882448
0.790382
0.720224
0.689381
0.700495
0.739334
0.778792
0.819714
0.855806
0.886768
0.913041
0.927359
0.928309
0.957106
0.989745
1.027987
1.030209
1.016949
0.988280
0.942141
0.871992
0.780810
0.704440
0.661736
0.650436
0.693640
0.736916
0.794240
0.849828
0.897580
0.938461
0.963459
0.974145
0.987169
1.014947
1.060443
1.072973
1.065029
1.036968
0.987345
0.910076
0.814248
0.732903
0.695569
0.706398
0.748857
0.796910
0.858108
0.918494
0.971206
1.014721
1.038851
1.047607
1.061336
1.080999
1.097988
1.091418
1.076431
1.045360
0.991365
0.909112
0.814205
0.745030
0.725561
0.751244
0.791510
0.836362
0.882679
0.925036
0.962766
0.995307
1.013077
1.016236
1.026422
1.040206
1.052115
1.042564
1.031407
1.012692
0.982465
0.928508
0.847859
0.772826
0.728421
0.701272
0.768781
0.818193
0.873013
0.922216
0.963657
0.998886
1.020385
1.029063
1.031241
1.053071
1.095376
1.103195
1.088213
1.051697
0.995818
0.915327
0.820152
0.740797
0.706969
0.726709
0.766097
0.814034
0.876640
0.939820
0.995647
1.041660
1.066910
0.906012
0.934182
0.962109
0.964573
0.965700
0.966656
0.966725
0.966074
0.964289
0.960477
0.954489
0.945182
0.932210
0.906408
0.877121
0.839554
0.795775
0.755084
0.718280
0.681893
0.642054
0.596680
0.575502
0.614113
0.653070
0.679300
0.692040
0.697070
0.717569
0.837029
0.956013
1.029311
1.040448
0.991762
0.894855
0.773633
0.661814
0.609593
0.620751
0.725183
0.827031
0.887672
0.928952
0.971773
1.028690
1.103193
1.189103
1.275206
1.357182
1.430174
1.483866
1.506860
1.496104
1.453335
1.372953
1.235710
1.071156
0.928341
0.808792
0.761797
0.750119
0.770139
0.835138
0.909230
0.994487
1.083895
1.163314
1.221192
1.258101
1.276212
1.272471
1.300904
1.320670
1.338521
1.349024
1.284085
1.133103
0.951185
0.823296
0.744897
0.720668
0.723852
0.818910
0.913806
1.010220
1.101106
1.187366
1.259744
1.315182
1.344365
1.347188
1.371596
1.393130
1.438251
1.432340
1.304439
1.083947
0.865953
0.725044
0.650287
0.626602
0.634850
0.672679
0.837406
0.998760
1.144363
1.280843
1.408859
1.514599
1.587109
1.611428
1.626326
1.635893
1.623251
1.544381
1.366640
1.137710
0.943568
0.829472
0.741234
0.675778
0.627091
0.618798
0.737912
0.910081
1.052944
1.179880
1.284415
1.360653
1.402583
1.415269
1.463825
1.508914
1.514093
1.443653
1.276067
1.056146
0.862492
0.740929
0.658236
0.600460
0.572544
0.604361
0.715768
0.854366
0.980333
1.099594
1.210896
1.302918
1.364131
1.390071
1.426373
1.449398
1.456088
1.410155
1.268324
1.058097
0.855976
0.724441
0.653437
0.622030
0.613668
0.668101
0.835225
0.997118
1.148300
1.299109
1.436994
1.546110
1.622459
1.660596
1.664995
1.616964
1.583226
1.501882
1.342682
1.133044
0.937636
0.818248
0.731528
0.652552
0.590843
0.551084
0.702309
0.847034
0.981134
1.113282
1.234328
1.328744
1.388772
1.414389
1.450816
1.440819
1.403673
1.319650
1.170178
0.984256
0.840347
0.743918
0.673812
0.617747
0.592508
0.597059
0.640631
0.737873
0.826575
0.910399
0.981584
1.036020
1.060809
1.064425
1.113499
1.125078
1.145921
1.154056
1.093740
0.948266
0.767518
0.633725
0.569922
0.524072
0.509684
0.515965
0.666604
0.810917
0.944446
1.078354
1.198439
1.291212
1.351220
1.374792
1.398257
1.372473
1.361379
1.319908
1.201248
1.013257
0.842267
0.716699
0.640481
0.584073
0.554948
0.550817
0.668088
0.817772
0.951103
1.084456
1.207047
1.303768
1.367203
1.396093
1.426024
1.416903
1.409898
1.365726
1.235548
1.036355
0.855971
0.744939
0.670686
0.613605
0.584933
0.579854
0.690375
0.848537
0.987037
1.124480
1.246735
1.339615
1.398721
1.422268
1.449509
1.432715
1.425479
1.382850
1.256166
1.058023
0.858756
0.718276
0.641309
0.586201
0.550240
0.549625
0.715030
0.876015
1.019686
1.157874
1.286821
1.391960
1.464719
1.503442
1.527631
1.509797
1.477414
1.394790
1.236562
1.035593
0.858200
0.754463
0.679939
0.618791
0.577660
0.568265
0.650789
0.802443
0.939547
1.073135
1.191930
1.282216
1.338185
1.357991
1.381440
1.356078
1.346071
1.309054
1.202915
1.024245
0.843599
0.728620
0.654954
0.599735
0.574304
0.566931
0.668909
0.819041
0.950366
1.079403
1.199599
1.295323
1.357675
1.385635
1.413557
1.411739
1.402045
1.353493
1.220598
1.025712
0.873706
0.746702
0.670724
0.613935
0.587911
0.590715
0.644634
0.784652
0.899899
1.012085
1.115057
1.199169
1.252711
1.274596
1.305807
1.303389
1.298730
1.271392
1.173720
0.997913
0.809470
0.675199
0.600173
0.544384
0.510113
0.499157
0.659685
0.813283
0.953342
1.091974
1.216133
1.312062
1.375118
1.403866
1.430273
1.429119
1.410985
1.349483
1.208460
1.014265
0.856540
0.743128
0.671474
0.619652
0.595495
0.606593
0.662535
0.792524
0.905091
1.016563
1.119558
1.203091
1.255918
1.275893
1.304093
1.290770
1.290626
1.270340
1.176966
1.002503
0.812485
0.674035
0.597613
0.540389
0.507041
0.497789
0.644291
0.791927
0.930334
1.064863
1.186726
1.282089
1.345485
1.374167
1.401582
1.389416
1.375705
1.325884
1.196898
1.007711
0.840726
0.717742
0.641725
0.583009
0.552993
0.553267
0.606185
0.757349
0.880602
0.999732
1.111676
1.202551
1.262592
1.289880
1.323382
1.325033
1.325417
1.293823
1.184511
1.002925
0.825077
0.709619
0.633477
0.574859
0.546135
0.540633
0.652714
0.818181
0.960413
1.097608
1.221295
1.317073
1.379046
1.406846
1.435610
1.425534
1.414834
1.365445
1.233973
1.038009
0.866512
0.736546
0.659106
0.600415
0.569989
0.567024
0.669327
0.830541
0.963183
1.094035
1.214254
1.309408
1.371873
1.400026
1.428900
1.418668
1.411260
1.365586
1.237187
1.042148
0.856301
0.737810
0.658082
0.595352
0.557222
0.548276
0.661764
0.831472
0.975553
1.114259
1.238315
1.334093
1.396280
1.424264
1.446719
1.439130
1.428220
1.378064
1.246509
1.050919
0.858018
0.727198
0.645779
0.582745
0.538676
0.522668
0.686634
0.859843
1.013986
1.159987
1.292270
1.398830
1.473115
1.513017
1.537554
1.522395
1.489125
1.405812
1.247901
1.046811
0.874406
0.754425
0.677498
0.612790
0.568054
0.548289
0.628701
0.790038
0.929034
1.061936
1.182985
1.276597
1.336873
1.361112
1.385130
1.364612
1.354230
1.314654
1.208483
1.032349
0.850309
0.729928
0.654887
0.596219
0.566290
0.548570
0.668226
0.840983
0.987742
1.125027
1.252730
1.357158
1.430202
1.467559
1.495371
1.488260
1.462612
1.387891
1.236269
1.036827
0.864142
0.742940
0.666968
0.608461
0.575198
0.569058
0.649373
0.794096
0.926767
1.056524
1.173980
1.265625
1.324701
1.349354
1.376022
1.377496
1.370234
1.326784
1.211233
1.030102
0.846610
0.723422
0.644749
0.584391
0.548362
0.536663
0.682190
0.859288
1.010112
1.156195
1.291233
1.401265
1.479978
1.520934
1.542899
1.529689
1.502036
1.423233
1.263889
1.057354
0.883257
0.756381
0.676379
0.611139
0.561712
0.545256
0.656840
0.819378
0.963053
1.101482
1.224861
1.321036
1.385269
1.414434
1.442396
1.434118
1.424025
1.374246
1.247493
1.055835
0.877103
0.760954
0.687552
0.633758
0.601671
0.585220
0.725810
0.878623
1.014928
1.150155
1.277868
1.380865
1.451538
1.486302
1.511785
1.503405
1.486335
1.423876
1.275009
1.068890
0.886901
0.768689
0.690684
0.630278
0.593754
0.573024
0.678610
0.828019
0.964300
1.097675
1.218062
1.312029
1.372597
1.397920
1.427182
1.421832
1.413402
1.366858
1.240739
1.048200
0.858497
0.742363
0.665577
0.607542
0.576259
0.563441
0.709469
0.879537
1.023851
1.165168
1.294168
1.396601
1.465322
1.499977
1.524677
1.526199
1.507667
1.438757
1.283684
1.073424
0.891974
0.770627
0.692976
0.636093
0.607062
0.600385
0.725039
0.882867
1.018211
1.154033
1.277268
1.373113
1.434770
1.459796
1.483363
1.450473
1.443565
1.402493
1.280636
1.082716
0.879679
0.747479
0.663971
0.599351
0.563696
0.538244
0.697457
0.876578
1.029782
1.176011
1.307952
1.412202
1.483566
1.521665
1.543715
1.558314
1.541314
1.461717
1.295195
1.078922
0.899128
0.765430
0.685365
0.635632
0.604714
0.611177
0.723858
0.842863
0.956004
1.070273
1.183516
1.280362
1.348350
1.379866
1.398760
1.402479
1.395021
1.353107
1.238991
1.054639
0.863946
0.737604
0.652963
0.591862
0.547482
0.524088
0.674222
0.822963
0.954873
1.084560
1.209082
1.311980
1.384333
1.421908
1.448592
1.460959
1.450513
1.394959
1.256923
1.057310
0.869486
0.755601
0.673057
0.610623
0.570689
0.558192
0.653089
0.809394
0.933772
1.058468
1.171873
1.261595
1.320215
1.344291
1.367456
1.369884
1.370714
1.346105
1.245752
1.062803
0.864917
0.725199
0.639091
0.576397
0.541265
0.524387
0.644119
0.782541
0.907291
1.026510
1.144064
1.245115
1.316261
1.353550
1.387422
1.401547
1.394602
1.346637
1.220235
1.029663
0.843883
0.728379
0.645721
0.582749
0.546219
0.534032
0.631053
0.784216
0.911942
1.039864
1.156662
1.248698
1.309201
1.334771
1.358116
1.349024
1.350664
1.327406
1.226878
1.045422
0.878184
0.755106
0.671996
0.611550
0.584176
0.573030
0.638228
0.771903
0.890535
1.009001
1.121358
1.214919
1.278055
1.306794
1.336257
1.346327
1.350519
1.328827
1.229632
1.046442
0.847483
0.708466
0.624720
0.568424
0.536349
0.521739
0.669477
0.821521
0.955999
1.087007
1.211959
1.315016
1.387115
1.424559
1.446703
1.460574
1.450047
1.395032
1.259205
1.061742
0.870658
0.752637
0.672290
0.615210
0.581439
0.569954
0.679761
0.821057
0.950192
1.076027
1.196153
1.295007
1.362498
1.395319
1.419498
1.428847
1.426374
1.382162
1.257020
1.063073
0.882155
0.758620
0.676169
0.616767
0.585176
0.573149
0.643122
0.778418
0.899555
1.020150
1.134575
1.228042
1.290828
1.318313
1.344029
1.339173
1.340492
1.318503
1.223535
1.046921
0.860465
0.740959
0.663506
0.604219
0.574111
0.553779
0.650198
0.808620
0.934519
1.060198
1.178524
1.276319
1.343122
1.375375
1.403689
1.399643
1.402048
1.373841
1.263572
1.071434
0.872166
0.741156
0.655575
0.593556
0.559058
0.537416
0.652942
0.797674
0.929610
1.058718
1.180284
1.279384
1.346857
1.380260
1.411135
1.408681
1.404324
1.368705
1.257994
1.071339
0.875131
0.741601
0.654161
0.590182
0.549938
0.522059
0.645404
0.801792
0.941847
1.073067
1.197829
1.303317
1.379331
1.420020
1.449399
1.459582
1.445024
1.387017
1.252539
1.059227
0.876004
0.766033
0.684503
0.621459
0.582811
0.559283
0.628804
0.786406
0.917673
1.048749
1.168548
1.262710
1.324371
1.350119
1.374648
1.366815
1.366165
1.344043
1.249729
1.072142
0.874790
0.737354
0.655676
0.598535
0.570671
0.556154
0.689260
0.849798
0.995650
1.134602
1.268229
1.381951
1.465156
1.512673
1.527395
1.540717
1.522801
1.452449
1.299145
1.091922
0.896812
0.776202
0.692153
0.628781
0.586808
0.560266
0.670614
0.843697
0.988293
1.130336
1.257399
1.358309
1.427429
1.461892
1.485179
1.482041
1.478454
1.436663
1.310450
1.109562
0.909716
0.783353
0.700988
0.643423
0.610050
0.592428
0.711760
0.862633
0.998988
1.129656
1.254448
1.358278
1.430748
1.467039
1.487305
1.491499
1.482956
1.429942
1.296830
1.097668
0.896849
0.763620
0.678667
0.617971
0.580632
0.557182
0.679643
0.836012
0.977627
1.111248
1.238472
1.345284
1.420892
1.462094
1.481324
1.491943
1.477479
1.415727
1.278361
1.082459
0.900363
0.778127
0.696821
0.636355
0.598574
0.572942
0.669300
0.831385
0.971531
1.109663
1.236669
1.337211
1.404978
1.437502
1.463002
1.444542
1.441240
1.406336
1.291641
1.099226
0.900685
0.768680
0.681608
0.618199
0.580664
0.552874
0.664390
0.825906
0.967036
1.101985
1.229209
1.337724
1.415614
1.459746
1.475958
1.485030
1.476311
1.428882
1.299986
1.102237
0.907262
0.785936
0.700337
0.634192
0.589603
0.557183
0.670053
0.852793
1.000405
1.143896
1.273186
1.375415
1.445398
1.480681
1.506834
1.497708
1.492375
1.447889
1.317758
1.115392
0.946782
0.810648
0.729861
0.674849
0.652076
0.640755
0.717304
0.845992
0.964336
1.077422
1.186030
1.281731
1.349276
1.383300
1.407899
1.427214
1.431910
1.403365
1.291204
1.095483
0.887706
0.736715
0.653087
0.597837
0.569801
0.560752
0.690943
0.844883
0.985278
1.120328
1.246332
1.350263
1.422917
1.462620
1.491799
1.487078
1.478828
1.434930
1.307178
1.107265
0.903059
0.762030
0.673418
0.610644
0.571966
0.547677
0.674154
0.845545
0.996987
1.138469
1.270266
1.380863
1.460899
1.506469
1.522824
1.524065
1.514297
1.458881
1.321536
1.119381
0.920786
0.796465
0.710104
0.642665
0.596210
0.561729
0.651920
0.825717
0.977858
1.121109
1.250007
1.352674
1.423597
1.458216
1.479400
1.466931
1.461440
1.419401
1.300214
1.108493
0.910022
0.781962
0.696119
0.632280
0.593797
0.564684
0.668735
0.839120
0.986628
1.122292
1.248863
1.355600
1.431738
1.472531
1.491999
1.486725
1.484337
1.442625
1.317150
1.117296
0.910585
0.771511
0.681686
0.613646
0.570035
0.538478
0.664904
0.868141
1.027162
1.176890
1.311736
1.421476
1.500493
1.545906
1.561415
1.556862
1.544907
1.492555
1.352737
1.144190
0.933288
0.791623
0.700982
0.631712
0.584495
0.549010
0.643460
0.827266
0.984818
1.128988
1.259078
1.365325
1.440474
1.481224
1.508701
1.489004
1.483808
1.437343
1.310254
1.112918
0.915474
0.785574
0.693644
0.624151
0.581115
0.546210
0.623357
0.787577
0.927337
1.055897
1.176900
1.280790
1.355869
1.396719
1.421664
1.413062
1.431048
1.418927
1.324184
1.138569
0.926772
0.771618
0.677843
0.610970
0.569249
0.543340
0.647194
0.805870
0.949849
1.083978
1.206623
1.307752
1.377742
1.414091
1.443371
1.455374
1.454895
1.413694
1.294768
1.103980
0.923519
0.788519
0.698374
0.633781
0.597761
0.572708
0.657705
0.815446
0.951075
1.080157
1.205492
1.314503
1.393105
1.438533
1.461428
1.451610
1.456091
1.433532
1.330042
1.137479
0.924430
0.767136
0.672915
0.605875
0.563072
0.535403
0.646105
0.807380
0.953779
1.089646
1.215247
1.321365
1.397317
1.439329
1.468415
1.457008
1.452846
1.412661
1.293866
1.102780
0.909127
0.777988
0.684224
0.612651
0.567112
0.530640
0.602608
0.770265
0.906760
1.032505
1.151763
1.255149
1.330727
1.373247
1.394230
1.390406
1.407151
1.396306
1.304238
1.122639
0.914688
0.760081
0.663262
0.591841
0.547651
0.516822
0.617878
0.779496
0.928060
1.065225
1.190325
1.294550
1.368750
1.409744
1.437858
1.429538
1.433033
1.402830
1.295964
1.111080
0.911661
0.772509
0.676509
0.603006
0.554741
0.515496
0.606295
0.787869
0.945790
1.089285
1.220126
1.330236
1.408913
1.454276
1.476722
1.465184
1.478530
1.456708
1.352381
1.158824
0.946043
0.796590
0.699322
0.624351
0.574620
0.535676
0.625931
0.822641
0.980443
1.127925
1.260273
1.366755
1.440508
1.479488
1.511789
1.519924
1.519184
1.473608
1.345936
1.145524
0.947042
0.813796
0.725020
0.663143
0.628473
0.608931
0.704624
0.867230
1.007595
1.141358
1.268353
1.378824
1.459833
1.506506
1.526454
1.512298
1.522517
1.497413
1.382470
1.178554
0.957766
0.796091
0.699030
0.628885
0.583895
0.552538
0.647085
0.830549
0.989109
1.136605
1.268542
1.376288
1.452702
1.494987
1.522654
1.525004
1.519874
1.471546
1.342234
1.142324
0.959544
0.819190
0.726105
0.659540
0.621068
0.593789
0.659686
0.800672
0.926861
1.043709
1.157976
1.258197
1.329716
1.365764
1.391236
1.388703
1.408094
1.403321
1.318775
1.139531
0.927159
0.757077
0.668383
0.605645
0.572186
0.560464
0.670172
0.841368
0.993361
1.134558
1.265317
1.375690
1.454809
1.500301
1.522074
1.524817
1.518804
1.476852
1.354338
1.155597
0.953176
0.816641
0.725204
0.659839
0.618821
0.594576
0.665003
0.852127
1.014086
1.163040
1.300759
1.415738
1.498367
1.546763
1.568626
1.557469
1.545336
1.494599
1.368266
1.169332
0.958244
0.810173
0.718921
0.654265
0.610531
0.583030
0.652798
0.835531
1.002115
1.152606
1.293947
1.414274
1.500668
1.553421
1.575412
1.574873
1.543727
1.464593
1.319685
1.126529
0.938255
0.817146
0.727615
0.657651
0.605454
0.561590
0.611357
0.774632
0.911673
1.038969
1.154539
1.249826
1.314506
1.344789
1.369894
1.370357
1.391816
1.380731
1.297415
1.128756
0.928032
0.779135
0.684588
0.618254
0.578633
0.556534
0.635646
0.825874
0.985515
1.132791
1.275551
1.400045
1.493444
1.552949
1.572441
1.554442
1.548680
1.497957
1.375880
1.185857
0.981748
0.832105
0.737107
0.659889
0.593123
0.552723
0.632870
0.790085
0.929407
1.067239
1.196003
1.303052
1.380202
1.422939
1.458613
1.480150
1.464991
1.406339
1.278939
1.094073
0.923255
0.777258
0.692375
0.633951
0.597824
0.572521
0.641168
0.788040
0.914476
1.036973
1.158572
1.265639
1.345219
1.390377
1.418353
1.411338
1.407032
1.385799
1.303480
1.132696
0.926681
0.769476
0.684899
0.626203
0.588117
0.568971
0.693454
0.847925
0.985122
1.117215
1.243170
1.351846
1.431191
1.474879
1.506877
1.497416
1.497004
1.463235
1.348012
1.151051
0.939997
0.793237
0.698862
0.634104
0.593922
0.569310
0.678224
0.831925
0.973598
1.109605
1.238984
1.350839
1.432073
1.478560
1.502095
1.500286
1.500937
1.464243
1.347981
1.153273
0.942379
0.791409
0.697502
0.632622
0.591720
0.568347
0.683750
0.848242
0.999810
1.144351
1.281581
1.400168
1.489306
1.542840
1.565514
1.561470
1.547294
1.493424
1.361208
1.161038
0.956124
0.823812
0.734567
0.669874
0.625384
0.597435
0.689106
0.875597
1.024116
1.171903
1.307134
1.418391
1.497266
1.540139
1.569088
1.553262
1.546349
1.502005
1.376316
1.174482
0.964177
0.829814
0.739683
0.675735
0.638359
0.615062
0.701002
0.871162
1.018428
1.156906
1.285890
1.394781
1.471310
1.512533
1.534048
1.520145
1.524293
1.488197
1.369331
1.168375
0.953565
0.804577
0.710772
0.647382
0.611931
0.593823
0.700559
0.874304
1.029327
1.173180
1.309093
1.422696
1.502496
1.549402
1.568626
1.552418
1.548822
1.496865
1.366309
1.163794
0.960157
0.834699
0.747362
0.684193
0.646040
0.624565
0.715074
0.894322
1.033757
1.175877
1.306580
1.411976
1.483875
1.518269
1.538688
1.517919
1.504819
1.471777
1.374575
1.187657
0.972888
0.816238
0.732074
0.669442
0.631392
0.604344
0.664118
0.832461
0.975115
1.112015
1.241750
1.346177
1.414999
1.445646
1.470552
1.469928
1.470552
1.437296
1.324945
1.129325
0.918166
0.768509
0.678807
0.621021
0.592695
0.580287
0.702607
0.851729
0.985100
1.114856
1.239834
1.346316
1.424223
1.469768
1.494602
1.479820
1.472605
1.435937
1.326854
1.137341
0.930196
0.776474
0.683428
0.616657
0.570304
0.542588
0.683595
0.836795
0.972469
1.104748
1.232111
1.341045
1.419010
1.460982
1.488796
1.469800
1.465358
1.425903
1.310411
1.119790
0.916706
0.772340
0.680984
0.617450
0.576199
0.549245
0.668928
0.822584
0.959814
1.092283
1.221041
1.333720
1.416450
1.464844
1.482600
1.486077
1.483409
1.443231
1.323754
1.128848
0.923528
0.778636
0.683211
0.611208
0.558079
0.521068
0.641685
0.798550
0.934227
1.062705
1.183644
1.286623
1.359938
1.399168
1.428255
1.424321
1.428724
1.396093
1.286640
1.101302
0.907286
0.780114
0.689038
0.620950
0.580697
0.549936
0.628845
0.774674
0.901608
1.024395
1.144114
1.247476
1.321395
1.359076
1.383406
1.377192
1.389543
1.376051
1.288059
1.112685
0.907809
0.754533
0.659958
0.592964
0.552834
0.527062
0.651686
0.809739
0.947860
1.078682
1.203751
1.311703
1.389287
1.433636
1.456062
1.459794
1.460715
1.419941
1.300333
1.107863
0.917971
0.795247
0.705852
0.638983
0.598437
0.568580
0.637736
0.795418
0.927000
1.055894
1.177254
1.277114
1.345535
1.377424
1.404152
1.390999
1.395227
1.377833
1.284374
1.103748
0.902844
0.765789
0.676828
0.611206
0.576674
0.552908
0.673133
0.840540
0.987820
1.125770
1.255187
1.364350
1.441975
1.484032
1.501329
1.511539
1.507130
1.460286
1.329308
1.126575
0.918298
0.773077
0.684203
0.620382
0.579208
0.553780
0.686136
0.854289
1.003189
1.141861
1.272113
1.381481
1.461197
1.505330
1.519612
1.514945
1.498297
1.436139
1.298404
1.103414
0.916993
0.802033
0.716275
0.647182
0.600279
0.561122
0.623549
0.793673
0.928681
1.058482
1.176978
1.268375
1.323743
1.341777
1.369729
1.382711
1.388339
1.363631
1.264317
1.083593
0.893547
0.768537
0.684144
0.625603
0.601461
0.588248
0.686717
0.836474
0.971775
1.103250
1.232265
1.343850
1.424009
1.469612
1.489352
1.497781
1.493456
1.448922
1.318972
1.114820
0.904781
0.758671
0.674936
0.905852
0.938409
0.959720
0.950445
0.944464
0.938491
0.932731
0.921230
0.906062
0.891172
0.880919
0.881983
0.895867
0.919181
0.948924
0.980254
1.010476
1.036222
1.056789
1.071093
1.077245
1.069543
1.047709
1.030839
1.051654
1.111034
1.150518
1.154001
1.136915
1.081913
0.978200
0.851352
0.750221
0.674250
0.640436
0.644713
0.711149
0.765067
0.825604
0.890591
0.960634
1.040476
1.120465
1.190155
1.241697
1.278591
1.304248
1.307558
1.288470
1.205089
1.057796
0.894683
0.775480
0.686926
0.633709
0.609511
0.666558
0.784125
0.901088
1.010081
1.116390
1.224569
1.329329
1.420938
1.480623
1.501576
1.544317
1.510742
1.409882
1.271520
1.089864
0.908831
0.766387
0.656852
0.560391
0.479614
0.500374
0.631891
0.802233
0.951342
1.088363
1.215839
1.327014
1.415851
1.475460
1.508211
1.552939
1.518461
1.432905
1.290110
1.103274
0.921802
0.782648
0.673083
0.569525
0.486149
0.502672
0.593548
0.766135
0.916067
1.050108
1.173108
1.280435
1.365513
1.423256
1.464354
1.497101
1.467346
1.379300
1.241473
1.066980
0.893453
0.761324
0.660010
0.566328
0.489917
0.492635
0.581596
0.749332
0.897205
1.028767
1.151339
1.259558
1.346822
1.403894
1.437784
1.463073
1.418183
1.329917
1.201556
1.047518
0.892661
0.764008
0.661427
0.563218
0.481104
0.465319
0.549615
0.719959
0.873140
1.009684
1.141748
1.260935
1.356959
1.416898
1.443010
1.442809
1.376076
1.277454
1.158059
1.022651
0.892200
0.784196
0.693730
0.597842
0.522012
0.514784
0.553085
0.688502
0.806226
0.917443
1.015679
1.098612
1.159300
1.193205
1.228158
1.234740
1.246190
1.230753
1.143169
0.994931
0.825014
0.686944
0.597347
0.519691
0.459873
0.438982
0.551997
0.715434
0.859887
0.994530
1.128757
1.249096
1.344503
1.400250
1.424422
1.423261
1.362151
1.269290
1.143051
1.005638
0.875248
0.768676
0.675173
0.578974
0.504549
0.486521
0.500673
0.619526
0.725812
0.833964
0.935114
1.020237
1.080931
1.112290
1.137030
1.135198
1.141213
1.139565
1.081180
0.961426
0.806373
0.668238
0.572529
0.482651
0.408501
0.388919
0.474090
0.600948
0.718304
0.832726
0.943791
1.041764
1.119567
1.171472
1.216499
1.236545
1.259682
1.213458
1.103449
0.960719
0.813845
0.690604
0.599059
0.514814
0.446025
0.427112
0.474952
0.609123
0.722026
0.837174
0.951481
1.049528
1.124656
1.170857
1.209716
1.217699
1.214790
1.183475
1.095771
0.969062
0.827701
0.700228
0.607821
0.514073
0.441301
0.426217
0.476066
0.605564
0.715545
0.825922
0.936106
1.031232
1.104443
1.145620
1.178918
1.184941
1.189408
1.160459
1.074988
0.949729
0.810113
0.685311
0.594304
0.495788
0.415159
0.399823
0.426275
0.540250
0.637768
0.743568
0.848266
0.940188
1.009467
1.043097
1.073634
1.081073
1.106762
1.100840
1.036522
0.917130
0.774080
0.644874
0.555797
0.466922
0.392397
0.377960
0.405612
0.521864
0.622246
0.727864
0.832709
0.924441
0.993606
1.028667
1.061404
1.090303
1.109346
1.099314
1.032870
0.914083
0.774346
0.646500
0.555114
0.460421
0.377287
0.355289
0.364341
0.479600
0.574174
0.675697
0.776479
0.865696
0.933492
0.970351
1.003613
1.024426
1.051264
1.049395
0.997196
0.889337
0.755152
0.630087
0.537531
0.431426
0.348271
0.322216
0.346741
0.460406
0.561282
0.668031
0.770768
0.860693
0.930934
0.969827
1.006024
1.019991
1.062147
1.065554
1.009324
0.893700
0.749881
0.620474
0.527802
0.442311
0.379285
0.357869
0.407728
0.548649
0.669094
0.787553
0.903213
1.004812
1.086286
1.135756
1.179627
1.205766
1.228902
1.186586
1.083551
0.945981
0.799233
0.672324
0.582226
0.501350
0.434043
0.413901
0.457234
0.591704
0.704809
0.819647
0.933532
1.030708
1.103566
1.148332
1.187345
1.194577
1.194232
1.170814
1.090811
0.967293
0.825819
0.696366
0.603342
0.509488
0.435871
0.422299
0.463799
0.590010
0.697065
0.803684
0.910502
1.003812
1.076126
1.113779
1.146821
1.167259
1.171404
1.141154
1.052376
0.927992
0.790836
0.667430
0.578206
0.483961
0.406548
0.387337
0.391974
0.506928
0.600104
0.698490
0.797423
0.884258
0.949269
0.982677
1.011795
1.015332
1.040210
1.039783
0.991216
0.888581
0.756594
0.633207
0.541821
0.436297
0.356770
0.328547
0.345968
0.451788
0.553484
0.656958
0.752961
0.837266
0.904073
0.944760
0.982595
0.992600
1.037867
1.045250
0.992684
0.881690
0.740867
0.613086
0.521595
0.436911
0.372477
0.353249
0.412434
0.565133
0.678919
0.795091
0.908289
1.008895
1.090780
1.138851
1.181480
1.212281
1.232960
1.186554
1.081822
0.944413
0.799609
0.674146
0.582405
0.498077
0.425240
0.404238
0.435031
0.571442
0.692144
0.809196
0.924523
1.022133
1.095396
1.139623
1.180166
1.207630
1.207572
1.178167
1.088774
0.959482
0.812207
0.677444
0.583397
0.501520
0.433431
0.410360
0.455821
0.596760
0.717346
0.834517
0.949084
1.047452
1.122126
1.170204
1.215460
1.237595
1.238327
1.198214
1.098373
0.962276
0.810739
0.678010
0.587952
0.511113
0.445953
0.420092
0.470922
0.604583
0.722020
0.841588
0.963010
1.069646
1.152585
1.203816
1.235747
1.212494
1.205840
1.167200
1.077373
0.955848
0.825361
0.707105
0.611444
0.499986
0.409458
0.377825
0.356415
0.435237
0.528658
0.624491
0.712397
0.787233
0.844457
0.877482
0.908831
0.911044
0.955220
0.974696
0.941270
0.851820
0.724583
0.599030
0.507884
0.419318
0.347042
0.329137
0.408752
0.531831
0.645796
0.757380
0.867075
0.965899
1.047197
1.098263
1.143633
1.169286
1.197235
1.152509
1.052559
0.919347
0.780723
0.663133
0.574608
0.489615
0.413851
0.394816
0.418608
0.545909
0.657293
0.768303
0.880968
0.979199
1.056234
1.106992
1.151861
1.149281
1.150388
1.123505
1.045799
0.933100
0.804387
0.684383
0.597552
0.508668
0.435572
0.422930
0.478417
0.613598
0.727990
0.842324
0.953580
1.050536
1.127453
1.173389
1.212414
1.218244
1.231774
1.190710
1.089851
0.959036
0.820156
0.699831
0.609648
0.528102
0.459566
0.428529
0.500204
0.622415
0.736395
0.850838
0.969972
1.077939
1.163135
1.216073
1.251717
1.237841
1.231781
1.192259
1.095633
0.966170
0.829337
0.707442
0.610988
0.503392
0.408694
0.378988
0.389328
0.498775
0.595911
0.699885
0.800802
0.888354
0.954394
0.989008
1.019000
1.022072
1.047704
1.052427
1.003440
0.897094
0.756073
0.624565
0.526909
0.432920
0.356598
0.332068
0.403001
0.529338
0.645920
0.758369
0.867850
0.965280
1.043134
1.093991
1.142054
1.173704
1.209748
1.179551
1.084362
0.949997
0.806344
0.679962
0.583551
0.495325
0.422455
0.391565
0.463464
0.609873
0.739050
0.863521
0.989239
1.101044
1.190682
1.246290
1.287436
1.302463
1.296129
1.252238
1.149137
1.011777
0.865811
0.738704
0.640946
0.543690
0.472483
0.450812
0.502799
0.611143
0.707684
0.807107
0.907717
0.998012
1.068021
1.109913
1.144334
1.154680
1.154943
1.135847
1.061962
0.943483
0.807992
0.683733
0.588995
0.489671
0.411264
0.395011
0.450806
0.553884
0.652781
0.756542
0.859297
0.950007
1.019065
1.058349
1.092655
1.107499
1.125403
1.118882
1.054591
0.936123
0.795415
0.666126
0.570066
0.480522
0.409316
0.385248
0.447895
0.592076
0.718884
0.844259
0.964561
1.067352
1.146441
1.195981
1.239786
1.256308
1.274289
1.247490
1.148248
1.001234
0.835453
0.694677
0.603853
0.527768
0.466940
0.428998
0.528518
0.672831
0.806335
0.937120
1.073023
1.199592
1.300947
1.363584
1.396499
1.395353
1.351057
1.267606
1.149005
1.015000
0.885826
0.777098
0.678141
0.577512
0.495013
0.473088
0.455963
0.552728
0.648654
0.744609
0.830117
0.900201
0.950751
0.976597
1.003312
1.003106
1.025593
1.040392
1.003089
0.899694
0.750201
0.606825
0.508259
0.421456
0.356304
0.336854
0.423472
0.553242
0.673094
0.788236
0.897179
0.992566
1.068293
1.118203
1.164917
1.200576
1.241999
1.216829
1.119521
0.977484
0.822991
0.688269
0.588412
0.500775
0.431688
0.403017
0.492394
0.650131
0.794957
0.931319
1.067086
1.192812
1.294942
1.359349
1.390828
1.403443
1.349841
1.277232
1.170415
1.039950
0.905959
0.791027
0.688189
0.583657
0.497632
0.479161
0.481812
0.592204
0.693925
0.794285
0.883343
0.958713
1.014910
1.046055
1.076646
1.076368
1.108060
1.125983
1.078006
0.955727
0.787517
0.640993
0.546005
0.467157
0.416550
0.396195
0.478621
0.615508
0.741827
0.860815
0.974902
1.074440
1.152475
1.202834
1.247638
1.284947
1.303561
1.265794
1.160286
1.015222
0.858424
0.722705
0.623540
0.537177
0.465963
0.430789
0.504973
0.657530
0.794624
0.925347
1.056872
1.175680
1.271303
1.333563
1.373928
1.372682
1.350075
1.283662
1.171946
1.035826
0.896474
0.776659
0.680227
0.586481
0.517399
0.489462
0.531862
0.658992
0.770767
0.884763
0.996340
1.093206
1.167995
1.210458
1.243794
1.237645
1.237728
1.218944
1.134526
1.003663
0.851937
0.714907
0.618244
0.534763
0.466947
0.431303
0.501935
0.653690
0.785589
0.917388
1.046891
1.158429
1.246493
1.302685
1.346909
1.351800
1.355098
1.304045
1.190728
1.038885
0.876465
0.740231
0.645733
0.566963
0.498896
0.449438
0.536487
0.691280
0.830544
0.965866
1.105365
1.233466
1.335321
1.398876
1.438510
1.423725
1.362911
1.274256
1.159171
1.028754
0.900211
0.791004
0.696733
0.610660
0.544912
0.516656
0.525091
0.635613
0.741164
0.849028
0.953554
1.042095
1.107419
1.143573
1.170380
1.165036
1.149527
1.150297
1.092095
0.977791
0.831717
0.693268
0.596998
0.510787
0.441535
0.410874
0.476629
0.630089
0.764822
0.899110
1.027908
1.139740
1.228621
1.287736
1.333021
1.319281
1.329704
1.290494
1.181089
1.026279
0.857279
0.719350
0.630235
0.555490
0.493356
0.448444
0.529275
0.667570
0.796177
0.921583
1.051771
1.172707
1.269557
1.330369
1.373109
1.371923
1.338932
1.269743
1.157900
1.022907
0.883673
0.762655
0.671165
0.582721
0.512716
0.482204
0.525176
0.673550
0.791698
0.917656
1.039990
1.143656
1.222434
1.273180
1.295656
1.299209
1.292646
1.271504
1.182840
1.045332
0.884986
0.740369
0.637479
0.552051
0.476926
0.431575
0.490590
0.626003
0.747466
0.866717
0.990868
1.104507
1.196792
1.260607
1.293661
1.322313
1.326524
1.276656
1.168332
1.027096
0.878162
0.747761
0.653422
0.565614
0.491589
0.464803
0.508885
0.637999
0.736272
0.843080
0.952492
1.049400
1.123711
1.171962
1.190839
1.219143
1.214997
1.199121
1.126119
1.005467
0.863407
0.730084
0.630275
0.533208
0.453093
0.432069
0.468664
0.593036
0.686878
0.789463
0.892898
0.984397
1.053842
1.097635
1.112372
1.161442
1.167456
1.160521
1.093975
0.975665
0.833340
0.697842
0.596681
0.504188
0.419588
0.393583
0.427281
0.568471
0.678270
0.793504
0.907286
1.006763
1.083481
1.131182
1.149956
1.193784
1.203389
1.189669
1.113387
0.988281
0.839747
0.700777
0.600469
0.516265
0.444373
0.407282
0.447973
0.605837
0.726097
0.851172
0.975946
1.084031
1.168795
1.225248
1.252494
1.286700
1.289921
1.262372
1.169058
1.032408
0.876913
0.735099
0.636209
0.549832
0.474720
0.441381
0.486618
0.617961
0.724523
0.834985
0.950855
1.058851
1.145430
1.202964
1.229836
1.254639
1.253389
1.218310
1.127344
1.001398
0.861613
0.733114
0.636850
0.545462
0.470254
0.443106
0.478380
0.616155
0.723073
0.836577
0.949828
1.049066
1.126629
1.176723
1.196853
1.216265
1.209420
1.194214
1.119385
0.999621
0.858243
0.725044
0.627057
0.531689
0.452967
0.429701
0.463507
0.579684
0.678353
0.783450
0.890444
0.986946
1.062404
1.111050
1.131060
1.176413
1.179186
1.166774
1.092347
0.971771
0.830401
0.696667
0.597227
0.513408
0.437407
0.406179
0.443839
0.590556
0.713968
0.837753
0.960085
1.064828
1.144843
1.195880
1.219183
1.264442
1.268900
1.251237
1.164569
1.028120
0.866766
0.718939
0.615384
0.533758
0.464141
0.413700
0.455771
0.608733
0.743307
0.873007
1.004151
1.124286
1.221611
1.288741
1.322381
1.335182
1.316363
1.252697
1.152440
1.026444
0.895703
0.781151
0.683673
0.586703
0.507497
0.480795
0.477568
0.582620
0.682594
0.785213
0.887335
0.976080
1.042054
1.080922
1.090291
1.117168
1.095560
1.109551
1.071584
0.971523
0.831746
0.691195
0.589985
0.502591
0.422841
0.397211
0.427301
0.585763
0.712620
0.843549
0.969052
1.079924
1.169252
1.229547
1.263846
1.276368
1.279524
1.259703
1.175869
1.035906
0.867663
0.719597
0.622619
0.549263
0.485678
0.437075
0.497902
0.666796
0.802674
0.936718
1.073110
1.199907
1.303046
1.373092
1.405794
1.421363
1.373855
1.294744
1.182282
1.049147
0.915436
0.799809
0.705261
0.604523
0.515847
0.495613
0.507491
0.586999
0.692014
0.797334
0.892270
0.971906
1.030457
1.062506
1.074243
1.096478
1.092652
1.119767
1.093970
0.994365
0.839191
0.679160
0.570034
0.489244
0.424866
0.390590
0.440663
0.628857
0.769948
0.906325
1.034863
1.148723
1.242221
1.309335
1.345727
1.385160
1.371635
1.306663
1.193043
1.046693
0.893993
0.765633
0.670118
0.586956
0.507607
0.445230
0.493178
0.659918
0.796751
0.931339
1.066726
1.193542
1.297764
1.371563
1.410431
1.418371
1.370396
1.290071
1.180515
1.053272
0.925671
0.815780
0.725597
0.629056
0.547285
0.514925
0.528878
0.638793
0.750478
0.861138
0.960472
1.045105
1.109457
1.148038
1.168877
1.189593
1.179669
1.188482
1.144347
1.029702
0.866924
0.713521
0.618512
0.543607
0.478509
0.429804
0.483861
0.654594
0.790445
0.923122
1.056204
1.178536
1.277546
1.343026
1.373319
1.395213
1.358254
1.289096
1.182568
1.053847
0.921638
0.806046
0.712021
0.614049
0.528955
0.498081
0.503278
0.583378
0.685529
0.788397
0.883783
0.964306
1.024118
1.058198
1.072291
1.099660
1.091043
1.116082
1.088299
0.990407
0.840091
0.685406
0.583420
0.505117
0.437348
0.390758
0.424488
0.598751
0.732945
0.862442
0.992087
1.111646
1.209977
1.279882
1.316135
1.336289
1.315717
1.258230
1.160098
1.034499
0.900650
0.779626
0.685644
0.592134
0.510678
0.476307
0.487384
0.593434
0.696713
0.804299
0.910464
1.002551
1.071586
1.113309
1.128455
1.163688
1.157467
1.169083
1.119100
1.005751
0.852465
0.703084
0.596039
0.513049
0.442089
0.390613
0.427347
0.600090
0.739916
0.875147
1.008818
1.133278
1.236077
1.304665
1.337777
1.361912
1.322963
1.248355
1.141105
1.012812
0.883269
0.770344
0.681650
0.590327
0.497481
0.463454
0.474260
0.507180
0.605997
0.700386
0.784992
0.853960
0.902157
0.926311
0.928964
0.956047
0.951534
0.998001
1.003748
0.938826
0.812806
0.669873
0.552410
0.470404
0.393982
0.350041
0.395177
0.525504
0.637182
0.747851
0.852421
0.944194
1.019021
1.071905
1.102131
1.154269
1.194968
1.197318
1.131045
1.005540
0.850978
0.703207
0.595432
0.512896
0.443645
0.393480
0.427526
0.558111
0.684229
0.801584
0.921520
1.040242
1.140672
1.216322
1.256896
1.292119
1.283664
1.229064
1.132257
1.006667
0.874296
0.753173
0.655078
0.555211
0.454062
0.413305
0.419962
0.496028
0.601911
0.708386
0.806897
0.892292
0.959387
1.002889
1.020383
1.053573
1.073396
1.099406
1.070701
0.976363
0.830284
0.678099
0.566677
0.481663
0.409255
0.360531
0.390740
0.543672
0.666554
0.786031
0.905760
1.023563
1.124569
1.198744
1.238891
1.276849
1.271041
1.218341
1.118980
0.991309
0.859057
0.741950
0.648665
0.563453
0.469557
0.426342
0.442156
0.516995
0.630754
0.738494
0.839091
0.925542
0.993279
1.035328
1.054208
1.079961
1.084790
1.113795
1.092746
1.000472
0.851968
0.694103
0.583023
0.500824
0.426821
0.384002
0.408119
0.560846
0.699553
0.823625
0.944683
1.058771
1.154771
1.225652
1.264279
1.315139
1.321600
1.276605
1.171494
1.036101
0.893572
0.766925
0.666022
0.578357
0.493409
0.427744
0.459763
0.595025
0.729448
0.852942
0.978974
1.097467
1.195208
1.266437
1.305322
1.342975
1.346905
1.306540
1.216513
1.085478
0.938685
0.803216
0.699298
0.604746
0.523036
0.471680
0.512528
0.632795
0.742104
0.848958
0.962098
1.071740
1.162207
1.226880
1.258701
1.291828
1.298393
1.266104
1.175605
1.044512
0.897452
0.761405
0.655395
0.569396
0.490937
0.435071
0.485754
0.628046
0.760345
0.887364
1.018304
1.141065
1.242291
1.317226
1.359451
1.385974
1.387430
1.337893
1.232548
1.090894
0.938237
0.801842
0.700504
0.613380
0.537506
0.489334
0.536190
0.663814
0.782805
0.899465
1.022184
1.137633
1.232021
1.298404
1.330511
1.356066
1.353515
1.307961
1.209446
1.072532
0.920566
0.782392
0.677562
0.594839
0.518972
0.467829
0.514752
0.650288
0.777986
0.903262
1.035202
1.158584
1.260430
1.334886
1.375906
1.394310
1.385606
1.337458
1.234802
1.094499
0.940248
0.800255
0.696498
0.609121
0.538560
0.493404
0.549748
0.681556
0.803471
0.921311
1.044958
1.159344
1.251781
1.317426
1.350891
1.365172
1.356019
1.300102
1.195928
1.058933
0.910938
0.777951
0.675116
0.589762
0.511699
0.454475
0.502977
0.688333
0.833663
0.977959
1.122501
1.251504
1.356770
1.429877
1.462437
1.452493
1.429623
1.363413
1.245003
1.097633
0.944270
0.808328
0.703414
0.614313
0.529171
0.464918
0.480325
0.659399
0.795632
0.926683
1.056588
1.169500
1.256505
1.313189
1.340369
1.388368
1.398061
1.359689
1.248604
1.093747
0.923921
0.773993
0.664733
0.577567
0.501105
0.440129
0.492195
0.673572
0.826152
0.971074
1.117467
1.252608
1.362085
1.432476
1.463032
1.467323
1.402665
1.307641
1.190802
1.056931
0.926010
0.816150
0.723950
0.629607
0.552021
0.512973
0.522535
0.602123
0.701301
0.803965
0.897667
0.973742
1.028187
1.056022
1.062060
1.084383
1.069422
1.087564
1.063525
0.977693
0.837806
0.687363
0.579612
0.487743
0.402410
0.362760
0.407953
0.554287
0.678204
0.802273
0.918915
1.022367
1.106658
1.166923
1.202321
1.276635
1.319548
1.283215
1.171029
1.011993
0.850095
0.744567
0.653768
0.572033
0.504559
0.466447
0.483996
0.569914
0.650359
0.734927
0.827050
0.915555
0.985389
1.031833
1.051949
1.128096
1.135059
1.119363
1.050669
0.941180
0.808096
0.676955
0.574973
0.492020
0.416716
0.366263
0.433811
0.578977
0.710604
0.838442
0.969897
1.089256
1.187054
1.253900
1.290145
1.322452
1.319896
1.260072
1.153144
1.018553
0.879813
0.759909
0.667831
0.579356
0.511367
0.472812
0.487011
0.611273
0.716799
0.828992
0.941716
1.040807
1.117353
1.166533
1.186766
1.201911
1.174403
1.170394
1.113433
1.002450
0.860137
0.722515
0.622261
0.527078
0.448321
0.417186
0.463061
0.574130
0.675845
0.778952
0.887396
0.988450
1.070672
1.129407
1.159563
1.185043
1.189417
1.165070
1.081117
0.960660
0.826346
0.701352
0.604513
0.519499
0.439694
0.403470
0.452392
0.590253
0.703844
0.822756
0.941355
1.045713
1.126800
1.179235
1.203190
1.253727
1.265278
1.244631
1.156638
1.021945
0.867387
0.724980
0.622090
0.537632
0.466270
0.418761
0.458762
0.612666
0.743292
0.871636
1.002426
1.120757
1.216729
1.282274
1.314862
1.330059
1.328927
1.282236
1.175820
1.036525
0.887639
0.755063
0.657541
0.567552
0.488015
0.451482
0.476465
0.600747
0.715168
0.831581
0.949217
1.051503
1.129946
1.177694
1.195463
1.228280
1.218853
1.208504
1.134403
1.010072
0.860415
0.719393
0.617935
0.525528
0.446929
0.418044
0.457659
0.574642
0.674846
0.777029
0.885342
0.986336
1.067518
1.122753
1.148248
1.186032
1.190104
1.165996
1.083228
0.962037
0.825472
0.697940
0.600485
0.509891
0.426242
0.396320
0.438610
0.558996
0.659304
0.907818
0.941910
0.956997
0.955212
0.952683
0.948621
0.942454
0.934236
0.923258
0.908757
0.889422
0.877951
0.873237
0.872457
0.868177
0.859195
0.849610
0.840338
0.836207
0.828376
0.883327
0.941986
1.022107
1.054116
1.005793
0.911267
0.801802
0.685736
0.566388
0.483004
0.444148
0.474350
0.549335
0.616728
0.694461
0.774299
0.847722
0.912408
0.963123
0.995044
1.015906
1.047749
1.102449
1.121003
1.102838
1.052891
0.984523
0.898868
0.798275
0.713981
0.673000
0.673925
0.758268
0.833090
0.922656
1.008405
1.084344
1.150115
1.197334
1.221481
1.236642
1.258395
1.294316
1.288121
1.244414
1.169315
1.077363
0.966831
0.844895
0.750897
0.703458
0.688144
0.789811
0.870334
0.959984
1.044621
1.121099
1.186811
1.233298
1.256127
1.275512
1.285556
1.311281
1.298920
1.255063
1.183269
1.096699
0.991196
0.873157
0.778617
0.727332
0.702952
0.811311
0.892012
0.981465
1.064781
1.139368
1.204921
1.251662
1.274098
1.289327
1.308561
1.333456
1.316615
1.263295
1.177269
1.072424
0.949077
0.817181
0.718378
0.673554
0.654789
0.738258
0.824781
0.920448
1.013537
1.097888
1.172152
1.226676
1.256174
1.268850
1.273995
1.283410
1.261689
1.217819
1.155233
1.083688
0.993661
0.886923
0.787926
0.725236
0.672488
0.754931
0.819867
0.902069
0.982211
1.052493
1.110917
1.151369
1.170962
1.203801
1.239056
