-1.876691
-1.932906
-1.935889
-1.936108
-1.914606
-1.903396
-1.889408
-1.870363
-1.956174
-2.057019
-2.025868
-1.985144
-1.981697
-1.973667
-1.955473
-1.905344
-1.796570
-1.676117
-1.580552
-1.477077
-1.389789
-1.369354
-1.345970
-1.329418
-1.317461
-1.306726
-1.293680
-1.278051
-1.262948
-1.441608
-1.508641
-1.483302
-1.613546
-1.719408
-1.784882
-1.785388
-1.739412
-1.646047
-1.549845
-1.482496
-1.466896
-1.451317
-1.414121
-1.383459
-1.359409
-1.338144
-1.314436
-1.287172
-1.261280
-1.436498
-1.485263
-1.456540
-1.607619
-1.741089
-1.798634
-1.772583
-1.699252
-1.623484
-1.547473
-1.476089
-1.448436
-1.444321
-1.416881
-1.395526
-1.370178
-1.335714
-1.284990
-1.217214
-1.139498
-1.317209
-1.389291
-1.424729
-1.592419
-1.760678
-1.921009
-1.983332
-1.903967
-1.801849
-1.728130
-1.627858
-1.635510
-1.661233
-1.651592
-1.649788
-1.638215
-1.610956
-1.562538
-1.496459
-1.422214
-1.586596
-1.579347
-1.584163
-1.744458
-1.898740
-1.998747
-1.982134
-1.880379
-1.764915
-1.688412
-1.583224
-1.594628
-1.618891
-1.610078
-1.608447
-1.597449
-1.571985
-1.526438
-1.462641
-1.390436
-1.556823
-1.566356
-1.575468
-1.736761
-1.887275
-1.969687
-1.945088
-1.850906
-1.741870
-1.670993
-1.582374
-1.597366
-1.616050
-1.598633
-1.588938
-1.571963
-1.542697
-1.494171
-1.426486
-1.349324
-1.515419
-1.522300
-1.534485
-1.697774
-1.857311
-1.958073
-1.939399
-1.843935
-1.740842
-1.675037
-1.595586
-1.612760
-1.637571
-1.625564
-1.622357
-1.610826
-1.584229
-1.535057
-1.465932
-1.387205
-1.551391
-1.546836
-1.542937
-1.703617
-1.852841
-1.949774
-1.935428
-1.851941
-1.734224
-1.667111
-1.576746
-1.583593
-1.612151
-1.601632
-1.597108
-1.583381
-1.559046
-1.519285
-1.461556
-1.396823
-1.559038
-1.551278
-1.579712
-1.746697
-1.907927
-1.975788
-1.939243
-1.836393
-1.734220
-1.682572
-1.706033
-1.731322
-1.753999
-1.739098
-1.734039
-1.723255
-1.697245
-1.644675
-1.564147
-1.470688
-1.633659
-1.599272
-1.578599
-1.730652
-1.863304
-1.956574
-1.949704
-1.850849
-1.732657
-1.671151
-1.582402
-1.592694
-1.630783
-1.634197
-1.640602
-1.636799
-1.621097
-1.588449
-1.536596
-1.477308
-1.628044
-1.609237
-1.633104
-1.797873
-1.955543
-1.998050
-1.937110
-1.849271
-1.749631
-1.709676
-1.756468
-1.777533
-1.794751
-1.775376
-1.764075
-1.748557
-1.718943
-1.662779
-1.578152
-1.478446
-1.637075
-1.604203
-1.606075
-1.767598
-1.923055
-2.017139
-1.987347
-1.859899
-1.738289
-1.685218
-1.614290
-1.616433
-1.660747
-1.663354
-1.671023
-1.668093
-1.652957
-1.621241
-1.570238
-1.513833
-1.660664
-1.649566
-1.677710
-1.840925
-1.989324
-2.013073
-1.934631
-1.841115
-1.737418
-1.741526
-1.782710
-1.796328
-1.805766
-1.781631
-1.764776
-1.744509
-1.712614
-1.655460
-1.568361
-1.466937
-1.624307
-1.616091
-1.631150
-1.796629
-1.951547
-2.009921
-1.962180
-1.831332
-1.731887
-1.687268
-1.636811
-1.677655
-1.706443
-1.702050
-1.703286
-1.696954
-1.679323
-1.643011
-1.582512
-1.508231
-1.654611
-1.642269
-1.664159
-1.828899
-1.986289
-2.050378
-1.988790
-1.881589
-1.773640
-1.732475
-1.762490
-1.785546
-1.805767
-1.795516
-1.790508
-1.778640
-1.754576
-1.709705
-1.638286
-1.550753
-1.685331
-1.678372
-1.713780
-1.875705
-2.026174
-2.084452
-2.021524
-1.900683
-1.791129
-1.757772
-1.761845
-1.785056
-1.808458
-1.798568
-1.792398
-1.777540
-1.750945
-1.708416
-1.645330
-1.575123
-1.693510
-1.698053
-1.750475
-1.915761
-2.068211
-2.116419
-2.063307
-1.937791
-1.830723
-1.826955
-1.869191
-1.885417
-1.896783
-1.877734
-1.863323
-1.841856
-1.808979
-1.756434
-1.678601
-1.590180
-1.700573
-1.703261
-1.741723
-1.906808
-2.051087
-2.085456
-2.058761
-1.932498
-1.846177
-1.814765
-1.816564
-1.845354
-1.868591
-1.865481
-1.867307
-1.856225
-1.821246
-1.757099
-1.665695
-1.558282
-1.675491
-1.625446
-1.630842
-1.792539
-1.950382
-2.055238
-2.035445
-1.914569
-1.788098
-1.735828
-1.682471
-1.692234
-1.724766
-1.724619
-1.723137
-1.708701
-1.679836
-1.633658
-1.571704
-1.504606
-1.633028
-1.624174
-1.659606
-1.823885
-1.980078
-2.010216
-1.977373
-1.859223
-1.757539
-1.749955
-1.804710
-1.828836
-1.846198
-1.836604
-1.828990
-1.814089
-1.779400
-1.717166
-1.623569
-1.510009
-1.654162
-1.629492
-1.634092
-1.796170
-1.952089
-2.032104
-1.991080
-1.843948
-1.737268
-1.698910
-1.654674
-1.657880
-1.692480
-1.691579
-1.692965
-1.683188
-1.658219
-1.612534
-1.542456
-1.456776
-1.594285
-1.576993
-1.610944
-1.777280
-1.936934
-2.013911
-1.948749
-1.831666
-1.717079
-1.674762
-1.698263
-1.722819
-1.745090
-1.731755
-1.721763
-1.702555
-1.670589
-1.618989
-1.542033
-1.449745
-1.592014
-1.595082
-1.630634
-1.794989
-1.954775
-2.032021
-1.985591
-1.858737
-1.753866
-1.720768
-1.739736
-1.770747
-1.798519
-1.793307
-1.787916
-1.771499
-1.740852
-1.691228
-1.617834
-1.533704
-1.643835
-1.644038
-1.689632
-1.854120
-2.013860
-2.075923
-2.049757
-1.908912
-1.801405
-1.778310
-1.806917
-1.830771
-1.849625
-1.838418
-1.827272
-1.805756
-1.770356
-1.715321
-1.634589
-1.542696
-1.660702
-1.668299
-1.707806
-1.874503
-2.027408
-2.081364
-2.067722
-1.941299
-1.833956
-1.806945
-1.849200
-1.881509
-1.906291
-1.903133
-1.900083
-1.882390
-1.839921
-1.767774
-1.665896
-1.544966
-1.679583
-1.634190
-1.642032
-1.805933
-1.966912
-2.078894
-2.058675
-1.904342
-1.778451
-1.734774
-1.692556
-1.700952
-1.738252
-1.737706
-1.735989
-1.719582
-1.686826
-1.635371
-1.561785
-1.477941
-1.616984
-1.620562
-1.650776
-1.814256
-1.974505
-2.039473
-2.005051
-1.873433
-1.755594
-1.722289
-1.783925
-1.811597
-1.832295
-1.818673
-1.808873
-1.788404
-1.745655
-1.673235
-1.568172
-1.442217
-1.605736
-1.592793
-1.578179
-1.743137
-1.904986
-2.016020
-1.988181
-1.839246
-1.726448
-1.689574
-1.648118
-1.650314
-1.686989
-1.688162
-1.689814
-1.676303
-1.641813
-1.581259
-1.493391
-1.385352
-1.527252
-1.487373
-1.507710
-1.671376
-1.831172
-1.931862
-1.907626
-1.794595
-1.663284
-1.612859
-1.576428
-1.621184
-1.647210
-1.637286
-1.621944
-1.591129
-1.544891
-1.483893
-1.415918
-1.334039
-1.440468
-1.491588
-1.549885
-1.715284
-1.866390
-1.915574
-1.916453
-1.800075
-1.678140
-1.645119
-1.675163
-1.709420
-1.728331
-1.727414
-1.721126
-1.700906
-1.662080
-1.595989
-1.498595
-1.380980
-1.488427
-1.547721
-1.558433
-1.723531
-1.879971
-1.946478
-1.912785
-1.780779
-1.683509
-1.650467
-1.614934
-1.654116
-1.678003
-1.672852
-1.667151
-1.648623
-1.612769
-1.552839
-1.463734
-1.352457
-1.459064
-1.497560
-1.510437
-1.673813
-1.835777
-1.964840
-1.980508
-1.834314
-1.715732
-1.681849
-1.637943
-1.681108
-1.714326
-1.716146
-1.713777
-1.695789
-1.660882
-1.604917
-1.522346
-1.419397
-1.514890
-1.554324
-1.579668
-1.744190
-1.903499
-1.983769
-1.942721
-1.820774
-1.706771
-1.675658
-1.681880
-1.721070
-1.747699
-1.736489
-1.724825
-1.699575
-1.658251
-1.594911
-1.503478
-1.397057
-1.488686
-1.530755
-1.559007
-1.722588
-1.884011
-1.994604
-2.003862
-1.845987
-1.717579
-1.681222
-1.644596
-1.690255
-1.724081
-1.728106
-1.724553
-1.703368
-1.664243
-1.605398
-1.525252
-1.434049
-1.534151
-1.584681
-1.632281
-1.797752
-1.957510
-2.023023
-2.000664
-1.870355
-1.751034
-1.722058
-1.765295
-1.800602
-1.817695
-1.814776
-1.806034
-1.780737
-1.730843
-1.650886
-1.540773
-1.407126
-1.509619
-1.549927
-1.562762
-1.727473
-1.888994
-2.009349
-2.006957
-1.851284
-1.726562
-1.690418
-1.652636
-1.667598
-1.699157
-1.703387
-1.699266
-1.676988
-1.636293
-1.575450
-1.491364
-1.394700
-1.501739
-1.549446
-1.577173
-1.742297
-1.904788
-2.005655
-2.000369
-1.842545
-1.717401
-1.682758
-1.685731
-1.727730
-1.752171
-1.749405
-1.740443
-1.715401
-1.672356
-1.605494
-1.509229
-1.397653
-1.507534
-1.576651
-1.603831
-1.768915
-1.928701
-2.007518
-1.995520
-1.853845
-1.738414
-1.706599
-1.676558
-1.727529
-1.751575
-1.753205
-1.748110
-1.725229
-1.678884
-1.602922
-1.496809
-1.366408
-1.472505
-1.522979
-1.517159
-1.680830
-1.843272
-1.963612
-1.962723
-1.822745
-1.696611
-1.659980
-1.621067
-1.635301
-1.669312
-1.673240
-1.668768
-1.645929
-1.604256
-1.540085
-1.448340
-1.338271
-1.444501
-1.505508
-1.514081
-1.677722
-1.839362
-1.950038
-1.956178
-1.814076
-1.676424
-1.638995
-1.605058
-1.658750
-1.696383
-1.704472
-1.703574
-1.683809
-1.643685
-1.577979
-1.482437
-1.364077
-1.466130
-1.520532
-1.535277
-1.697822
-1.858906
-1.963431
-1.959892
-1.828158
-1.687212
-1.652845
-1.624651
-1.676423
-1.717610
-1.723818
-1.721871
-1.700911
-1.657921
-1.586858
-1.485244
-1.358446
-1.443647
-1.490747
-1.515093
-1.676348
-1.835938
-1.933423
-1.929836
-1.814416
-1.664872
-1.620975
-1.588967
-1.616352
-1.666573
-1.677005
-1.679920
-1.663015
-1.624414
-1.559122
-1.463995
-1.344555
-1.415384
-1.455543
-1.481849
-1.643681
-1.801562
-1.887375
-1.880612
-1.771569
-1.615726
-1.571038
-1.552371
-1.606426
-1.657366
-1.668466
-1.672670
-1.654070
-1.607133
-1.527452
-1.417471
-1.280573
-1.351909
-1.387334
-1.428669
-1.589104
-1.747730
-1.860348
-1.907684
-1.842483
-1.681500
-1.604245
-1.545742
-1.539872
-1.608460
-1.625913
-1.633494
-1.616832
-1.576862
-1.514034
-1.440667
-1.347706
-1.459390
-1.536703
-1.603795
-1.766955
-1.914221
-1.961933
-1.969524
-1.821940
-1.669431
-1.644669
-1.689042
-1.745197
-1.776333
-1.787684
-1.785520
-1.758693
-1.700192
-1.609147
-1.493363
-1.355148
-1.457204
-1.473175
-1.477252
-1.641364
-1.804481
-1.953156
-2.001514
-1.877834
-1.725831
-1.679994
-1.651214
-1.677351
-1.726781
-1.741033
-1.744703
-1.723860
-1.675107
-1.594744
-1.482662
-1.343542
-1.419791
-1.482720
-1.513650
-1.674995
-1.831000
-1.936970
-1.944275
-1.820722
-1.660814
-1.600947
-1.562830
-1.537250
-1.634002
-1.638810
-1.649599
-1.634255
-1.590492
-1.515980
-1.409769
-1.275661
-1.354223
-1.383862
-1.407072
-1.570882
-1.726048
-1.824918
-1.839955
-1.734518
-1.574439
-1.511998
-1.487430
-1.522619
-1.604995
-1.642434
-1.671041
-1.669787
-1.630979
-1.555920
-1.453060
-1.324961
-1.415785
-1.436952
-1.461489
-1.623862
-1.787338
-1.909547
-1.966938
-1.830474
-1.669379
-1.614192
-1.589686
-1.635526
-1.705564
-1.740177
-1.761438
-1.755013
-1.717285
-1.646190
-1.543942
-1.415702
-1.476275
-1.510936
-1.524937
-1.686622
-1.847208
-1.966058
-2.002892
-1.868661
-1.707506
-1.645661
-1.610712
-1.582999
-1.695037
-1.697588
-1.715432
-1.699811
-1.648063
-1.560246
-1.445820
-1.307525
-1.378654
-1.398838
-1.435284
-1.599354
-1.759559
-1.869797
-1.898143
-1.773272
-1.612155
-1.543509
-1.517555
-1.541299
-1.630759
-1.669581
-1.697184
-1.692499
-1.649199
-1.568429
-1.460218
-1.327622
-1.391516
-1.396154
-1.426353
-1.589409
-1.749889
-1.864304
-1.906099
-1.786556
-1.625113
-1.549487
-1.519537
-1.531177
-1.612944
-1.644025
-1.663403
-1.650651
-1.599840
-1.512171
-1.397364
-1.257662
-1.319731
-1.326651
-1.360654
-1.526280
-1.686588
-1.797486
-1.837843
-1.739144
-1.580150
-1.488813
-1.462007
-1.469248
-1.571562
-1.611927
-1.640652
-1.628501
-1.574088
-1.486513
-1.372249
-1.232223
-1.290005
-1.305140
-1.346648
-1.512497
-1.673382
-1.782346
-1.828905
-1.716395
-1.558082
-1.469679
-1.445524
-1.470086
-1.562622
-1.599510
-1.628879
-1.625999
-1.583305
-1.502322
-1.392928
-1.256909
-1.322142
-1.350229
-1.384946
-1.549825
-1.713161
-1.850739
-1.922430
-1.805016
-1.643345
-1.563238
-1.536853
-1.550170
-1.646108
-1.691772
-1.724297
-1.720123
-1.673363
-1.588215
-1.475720
-1.338172
-1.399039
-1.407150
-1.424226
-1.588179
-1.748614
-1.858857
-1.895507
-1.783715
-1.623255
-1.533228
-1.515471
-1.540396
-1.626004
-1.663791
-1.688455
-1.674434
-1.616528
-1.520922
-1.397825
-1.249116
-1.318927
-1.319062
-1.343396
-1.508712
-1.669367
-1.791594
-1.843606
-1.746438
-1.587399
-1.499179
-1.466532
-1.437957
-1.572177
-1.603786
-1.625449
-1.613562
-1.554394
-1.455555
-1.327306
-1.174486
-1.261272
-1.292334
-1.317601
-1.482883
-1.644163
-1.773072
-1.823269
-1.716614
-1.561116
-1.470709
-1.440049
-1.411396
-1.537606
-1.570532
-1.606320
-1.596365
-1.541763
-1.454923
-1.342172
-1.197985
-1.298075
-1.338705
-1.331388
-1.499658
-1.666810
-1.813769
-1.891453
-1.767658
-1.606718
-1.522885
-1.507469
-1.531346
-1.616768
-1.650308
-1.671692
-1.662993
-1.613960
-1.525546
-1.408726
-1.266768
-1.296252
-1.367639
-1.380839
-1.545642
-1.707112
-1.838702
-1.903230
-1.782227
-1.622252
-1.542126
-1.522929
-1.504061
-1.605613
-1.656495
-1.687401
-1.681733
-1.631944
-1.541706
-1.421971
-1.276301
-1.290577
-1.341139
-1.367080
-1.531299
-1.691461
-1.804294
-1.857795
-1.749101
-1.590099
-1.482536
-1.459377
-1.436840
-1.555101
-1.603740
-1.642173
-1.639018
-1.589212
-1.497046
-1.374949
-1.227219
-1.239826
-1.275605
-1.315315
-1.481001
-1.639301
-1.759137
-1.817496
-1.715959
-1.564490
-1.465051
-1.427321
-1.394075
-1.483172
-1.550751
-1.602714
-1.606334
-1.562566
-1.487283
-1.385340
-1.253701
-1.283461
-1.352796
-1.344495
-1.510886
-1.673009
-1.777075
-1.825290
-1.699363
-1.540210
-1.422359
-1.425610
-1.472566
-1.559136
-1.606320
-1.635146
-1.639196
-1.600915
-1.520652
-1.409968
-1.274733
-1.295660
-1.349624
-1.366551
-1.531302
-1.693265
-1.829050
-1.909596
-1.795315
-1.636179
-1.542185
-1.537789
-1.537822
-1.634465
-1.676208
-1.700320
-1.681622
-1.618349
-1.516019
-1.384266
-1.229819
-1.231665
-1.268105
-1.295752
-1.464724
-1.629075
-1.763695
-1.823021
-1.745037
-1.593178
-1.481886
-1.446485
-1.422991
-1.524881
-1.569220
-1.586838
-1.579504
-1.524121
-1.425664
-1.294404
-1.138626
-1.172804
-1.265128
-1.331482
-1.498766
-1.662598
-1.803811
-1.885966
-1.788618
-1.627850
-1.502931
-1.488169
-1.474884
-1.585948
-1.640403
-1.650501
-1.636563
-1.575182
-1.472342
-1.338882
-1.182677
-1.204087
-1.249332
-1.253945
-1.422153
-1.587938
-1.738960
-1.814411
-1.747926
-1.594633
-1.484143
-1.441959
-1.404747
-1.465159
-1.534415
-1.568489
-1.557006
-1.498512
-1.406561
-1.285575
-1.134793
-1.174273
-1.275653
-1.294210
-1.459232
-1.621008
-1.754265
-1.818250
-1.707076
-1.547507
-1.413695
-1.411184
-1.423965
-1.536639
-1.582931
-1.615029
-1.616677
-1.572811
-1.487844
-1.372062
-1.230717
-1.258368
-1.311720
-1.326485
-1.491044
-1.652720
-1.783838
-1.882945
-1.780390
-1.621466
-1.506840
-1.507132
-1.549277
-1.636861
-1.686326
-1.714187
-1.703275
-1.644455
-1.545298
-1.413485
-1.258914
-1.272307
-1.309651
-1.331776
-1.498902
-1.661631
-1.784921
-1.860445
-1.754053
-1.596042
-1.460079
-1.444448
-1.448587
-1.579756
-1.629149
-1.668482
-1.672426
-1.626613
-1.536613
-1.412876
-1.265828
-1.255890
-1.281927
-1.326100
-1.496612
-1.662667
-1.805798
-1.883892
-1.764543
-1.608423
-1.477185
-1.469796
-1.491344
-1.591662
-1.643780
-1.674373
-1.670962
-1.621359
-1.531860
-1.410460
-1.263164
-1.273220
-1.325385
-1.338932
-1.502633
-1.664127
-1.777915
-1.855512
-1.752471
-1.595080
-1.458948
-1.446590
-1.515708
-1.619609
-1.679297
-1.717750
-1.726784
-1.688947
-1.603743
-1.479199
-1.330186
-1.329198
-1.357214
-1.381557
-1.550650
-1.712742
-1.843441
-1.913331
-1.810654
-1.659682
-1.537870
-1.527369
-1.592507
-1.662886
-1.694489
-1.702845
-1.684469
-1.626205
-1.530643
-1.402518
-1.248616
-1.285054
-1.365414
-1.384692
-1.546454
-1.708430
-1.849677
-1.948468
-1.834700
-1.680123
-1.549977
-1.565546
-1.653367
-1.736530
-1.776968
-1.793213
-1.772620
-1.704949
-1.597608
-1.458524
-1.301165
-1.305413
-1.344054
-1.378060
-1.544091
-1.707354
-1.824461
-1.895712
-1.806080
-1.650855
-1.512935
-1.493658
-1.534580
-1.632823
-1.684788
-1.712670
-1.701769
-1.642075
-1.541043
-1.405471
-1.249223
-1.225608
-1.240268
-1.295984
-1.467121
-1.633203
-1.775312
-1.854398
-1.748993
-1.594660
-1.470785
-1.434144
-1.482142
-1.584949
-1.638536
-1.668389
-1.668844
-1.624270
-1.538658
-1.415983
-1.266061
-1.277944
-1.350475
-1.383328
-1.549102
-1.710322
-1.843083
-1.914639
-1.813339
-1.661152
-1.534987
-1.532692
-1.593405
-1.679542
-1.723426
-1.738795
-1.719221
-1.658536
-1.567232
-1.444148
-1.292718
-1.330370
-1.463268
-1.452278
-1.615407
-1.782821
-1.931905
-2.015336
-2.078526
-1.920380
-1.796394
-1.784310
-1.846677
-1.902685
-1.919763
-1.908271
-1.862175
-1.778024
-1.661966
-1.515937
-1.356336
-1.392147
-1.543445
-1.593702
-1.755319
-1.916560
-2.012300
-2.078110
-2.051413
-1.912130
-1.820477
-1.870969
-1.934552
-1.962660
-1.958104
-1.901318
-1.846237
-1.772395
-1.664573
-1.517161
-1.358628
-1.398654
-1.561769
-1.624396
-1.781063
-1.933786
-2.028129
-2.092279
-2.056972
-1.913531
-1.815307
-1.807254
-1.841515
-1.887798
-1.895405
-1.881911
-1.842785
-1.779639
-1.681636
-1.552480
-1.399084
-1.435117
-1.594391
-1.630765
-1.789084
-1.949555
-2.060347
-2.110212
-2.159506
-2.032006
-1.941330
-1.911301
-1.939332
-1.959855
-1.943090
-1.902633
-1.834366
-1.737148
-1.615142
-1.463957
-1.304508
-1.342704
-1.505999
-1.591403
-1.737424
-1.885719
-1.980447
-2.053294
-2.090611
-1.956703
-1.873722
-1.862571
-1.928530
-1.960580
-1.957012
-1.928095
-1.869280
-1.776454
-1.651784
-1.497213
-1.338606
-1.375352
-1.531049
-1.594661
-1.751488
-1.907847
-2.011631
-2.077545
-2.117291
-1.986648
-1.907569
-1.890239
-1.953684
-1.983120
-1.977717
-1.947324
-1.887108
-1.794809
-1.675384
-1.526983
-1.367219
-1.404945
-1.567902
-1.657719
-1.817184
-1.967394
-2.045670
-2.104141
-2.160956
-2.041294
-1.971892
-1.998086
-2.048475
-2.061489
-2.041445
-1.997056
-1.924954
-1.822574
-1.692358
-1.533990
-1.375580
-1.413173
-1.572574
-1.654650
-1.807385
-1.962217
-2.064681
-2.112231
-2.168974
-2.069612
-1.999429
-1.965864
-1.994555
-1.998260
-1.965728
-1.913918
-1.837580
-1.736817
-1.611405
-1.455527
-1.296356
-1.331601
-1.497535
-1.617316
-1.772736
-1.926432
-2.031929
-2.076732
-2.149305
-2.068270
-2.010480
-1.992659
-1.995651
-1.973453
-1.922943
-1.857231
-1.772065
-1.668809
-1.548882
-1.400623
-1.240281
-1.281749
-1.402049
-1.492417
-1.660236
-1.825029
-1.966929
-2.068537
-2.133720
-2.290438
-2.212106
-2.032763
-1.851500
-1.686024
-1.521616
-1.811940
-1.888559
-1.939609
-1.938068
-1.930526
-1.917691
-1.899301
-1.875572
-1.858235
-1.852511
-1.811591
-1.874838
-1.928710
-1.928773
-1.924216
-1.898810
-1.882045
-1.861597
-1.838345
-1.812156
-1.858512
-1.952329
-1.966714
-1.903058
-1.873384
-1.865058
-1.856024
-1.838500
-1.766104
-1.650247
-1.565922
-1.437204
-1.322621
-1.241932
-1.214133
-1.188828
-1.168129
-1.149085
-1.126636
-1.097101
-1.063388
-1.164749
-1.332437
-1.280123
-1.383080
-1.516293
-1.602186
-1.624779
-1.620801
-1.558332
-1.467252
-1.384739
-1.383672
-1.367979
-1.337059
-1.306905
-1.278392
-1.246002
-1.207400
-1.152488
-1.048798
-1.047254
-1.232602
-1.399545
-1.542150
-1.676446
-1.824556
-1.934427
-1.974557
-1.975235
-1.827368
-1.653442
-1.600777
-1.509784
-1.389289
-1.266283
-1.113052
-0.954913
-0.837760
-0.837760
-0.837760
-0.837760
-0.882919
-1.056805
-1.211736
-1.361393
-1.477806
-1.553942
-1.588726
-1.581825
-1.574381
-1.459732
-1.286446
-1.101771
-1.032720
-1.002576
-0.950342
-0.895430
-0.837760
-0.837760
-0.837760
-0.844025
-0.847175
-1.040282
-1.236972
-1.405429
-1.538797
-1.664322
-1.769968
-1.781735
-1.751255
-1.621158
-1.478130
-1.390585
-1.345089
-1.287937
-1.192625
-1.073131
-0.932163
-0.837760
-0.837829
-0.837760
-0.880934
-1.061639
-1.239449
-1.406999
-1.572218
-1.739069
-1.898196
-1.991455
-2.100721
-2.018476
-1.898743
-1.774358
-1.755398
-1.703125
-1.614578
-1.516059
-1.393994
-1.241321
-1.084348
-0.929156
-0.881461
-1.074053
-1.258165
-1.434961
-1.605840
-1.773283
-1.933227
-2.020079
-2.059510
-1.951043
-1.837725
-1.684272
-1.639389
-1.593895
-1.512309
-1.425667
-1.314397
-1.171945
-1.010720
-0.847723
-0.882078
-1.074701
-1.259112
-1.433764
-1.601544
-1.767551
-1.925164
-2.011383
-2.052774
-1.956161
-1.848006
-1.728972
-1.691273
-1.637589
-1.546101
-1.445973
-1.322492
-1.174010
-1.011307
-0.846283
-0.838426
-1.041759
-1.226083
-1.399357
-1.570258
-1.736532
-1.878079
-1.987226
-2.115633
-2.190474
-2.073131
-2.017370
-1.961292
-1.891174
-1.779809
-1.656128
-1.511738
-1.356316
-1.198671
-1.043993
-0.888857
-1.086596
-1.269085
-1.444439
-1.610788
-1.776156
-1.935334
-2.023548
-2.150094
-2.182527
-2.152288
-2.107803
-2.029006
-1.953241
-1.833382
-1.711308
-1.579649
-1.439491
-1.287998
-1.129574
-0.995406
-0.914088
-0.847863
-0.840346
-0.844115
-0.837760
-0.858214
-0.842720
-0.849135
-1.812574
-1.883474
-1.946392
-1.956705
-1.952627
-1.951822
-1.950356
-1.946042
-1.940601
-1.931216
-1.994731
-2.097346
-2.168730
-2.133142
-2.072808
-2.032987
-2.011985
-2.006486
-2.005177
-1.949712
-1.860354
-1.787058
-1.638745
-1.476276
-1.326189
-1.175332
-1.115262
-1.067310
-1.014846
-0.952207
-0.878392
-0.837760
-0.837760
-0.837760
-0.837760
-0.837760
-0.837760
-0.837760
-0.884961
-1.081747
-1.249092
-1.352249
-1.390013
-1.426468
-1.525132
-1.682306
-1.843618
-1.965298
-2.028797
-2.130694
-2.030617
-1.856610
-1.676699
-1.495062
-1.333048
-1.268137
-1.243150
-1.207236
-1.093458
-0.996234
-0.911486
-0.847007
-0.837782
-0.838108
-0.838423
-0.843561
-0.908216
-1.812367
-1.902909
-1.985844
-2.009089
-2.005149
-2.034841
-2.014815
-2.019151
-2.020642
-2.019701
-2.016541
-2.011294
-2.003968
-1.994662
-1.983449
-1.970318
-1.955306
-1.938343
-1.919101
-1.897298
-1.871907
-1.837489
-1.798139
-1.752610
-1.703833
-1.653435
-1.604038
-1.558175
-1.516737
-1.479383
-1.444935
-1.410831
-1.374397
-1.327940
-1.303359
-1.299073
-1.316210
-1.354117
-1.419275
-1.811587
-1.879115
-1.940022
-1.949310
-1.946257
-1.948531
-1.951493
-1.952981
-1.952228
-1.948053
-2.013222
-2.111539
-2.180835
-2.215426
-2.164839
-2.095291
-2.053244
-2.047203
-2.034113
-1.987032
-1.891780
-1.921239
-1.749099
-1.567911
-1.381139
-1.191887
-1.006832
-0.848127
-0.837760
-0.875420
-0.972845
-1.021739
-1.020325
-0.969317
-0.866318
-0.837760
-0.863251
-0.899855
-0.892495
-0.854757
-0.837760
-0.844389
-0.874013
-0.837760
-0.836047
-0.836764
-0.837594
-0.913444
-1.074166
-1.235232
-1.337102
-1.439196
-1.549341
-1.591115
-1.816651
-1.893641
-1.959764
-1.971905
-1.973830
-1.966638
-1.961547
-1.952817
-1.940904
-1.922928
-1.998872
-2.075093
-2.036756
-2.028852
-2.039999
-2.030159
-2.003610
-2.112392
-2.102400
-2.031128
-1.963964
-1.857422
-1.703735
-1.518818
-1.335456
-1.148697
-0.965409
-0.837760
-0.840372
-0.837760
-1.811780
-1.881018
-1.946522
-1.957979
-1.960566
-1.952900
-1.948952
-1.941867
-1.931715
-1.918515
-1.902203
-1.882692
-1.859836
-1.833464
-1.803307
-1.769147
-1.730971
-1.688773
-1.642580
-1.592552
-1.538807
-1.479470
-1.416665
-1.350046
-1.277734
-1.197190
-1.104048
-0.993729
-0.863268
-0.837760
-0.837760
-0.838093
-0.837760
-0.837760
-0.837760
-0.837760
-0.837760
-0.837760
-0.837760
-1.811525
-1.873628
-1.927523
-1.929247
-1.916041
-1.910019
-1.902466
-1.892487
-1.879823
-1.864310
-1.845839
-1.824383
-1.799751
-1.771778
-1.740207
-1.704607
-1.664429
-1.619195
-1.568408
-1.511472
-1.447893
-1.375130
-1.293518
-1.204581
-1.111796
-1.021828
-0.940320
-0.866437
-0.837760
-0.838403
-0.837967
-0.837344
-0.836819
-0.841286
-0.855228
-0.893497
-0.954939
-1.028442
-1.102956
-1.158294
-1.225177
-1.316532
-1.436240
-1.810793
-1.909057
-1.993435
-2.019016
-2.050599
-2.070311
-2.090763
-2.108261
-2.123111
-2.135458
-2.145319
-2.152587
-2.157180
-2.159031
-2.158053
-2.154157
-2.147179
-2.136909
-2.122826
-2.103850
-2.080410
-2.051635
-2.018075
-1.982069
-1.946515
-1.914811
-1.888733
-1.867462
-1.851628
-1.840571
-1.833911
-1.831747
-1.834332
-1.841800
-1.850755
-1.865162
-1.893899
-1.918672
-1.946874
-1.984122
-2.010441
-1.811675
-1.873338
-1.928130
-1.931673
-1.936174
-1.920486
-1.919932
-1.917869
-1.914173
-1.904510
-1.931468
-2.040219
-2.139583
-2.207378
-2.279065
-2.333521
-2.371588
-2.398532
-2.416981
-2.430331
-2.439087
-2.445812
-2.448055
-2.448924
-2.449748
-2.449425
-2.445278
-2.435934
-2.415029
-2.387877
-2.380511
-2.385606
-1.811725
-1.873045
-1.921809
-1.918189
-1.907928
-1.887310
-1.871437
-1.853861
-1.833393
-1.810568
-1.786545
-1.761943
-1.731167
-1.829067
-1.981151
-2.122624
-2.205646
-2.224802
-2.218088
-2.212781
-2.210473
-2.219695
-2.170746
-2.013820
-1.839089
-1.658617
-1.478328
-1.302888
-1.140591
-0.966267
-0.837760
-0.837760
-0.837760
-0.837760
-0.837760
-0.837760
-0.838511
-0.837514
-0.837811
-0.838030
-0.838230
-0.838075
-0.837759
-0.838273
-0.838456
-0.839533
-0.841686
-0.839450
-0.839842
-0.835999
-0.840083
-0.830491
-0.833692
-0.834246
-1.811862
-1.877895
-1.953676
-1.982382
-1.986139
-1.987093
-1.990461
-1.990065
-1.986042
-1.978273
-1.966583
-1.950784
-1.930468
-1.905117
-1.874168
-1.837101
-1.793234
-1.741861
-1.682524
-1.614999
-1.537354
-1.446926
-1.345222
-1.234885
-1.122820
-1.018406
-0.959418
-0.905630
-0.846974
-0.837760
-0.837191
-0.837754
-0.838756
-0.856068
-0.870723
-0.885173
-0.911491
-0.964419
-1.050589
-1.163427
-1.286678
-1.404041
-1.497617
-1.811124
-1.866208
-1.912123
-1.905761
-1.893098
-1.874583
-1.855477
-1.838797
-1.821801
-1.801247
-1.864714
-2.004280
-2.074190
-2.019666
-1.944887
-1.902707
-1.864776
-1.832835
-1.820508
-1.786654
-1.696180
-1.639672
-1.546957
-1.388908
-1.262398
-1.146706
-1.008043
-0.879837
-0.837759
-0.837760
-0.837760
-0.837760
-0.881416
-1.068580
-1.129651
-1.312837
-1.487019
-1.655253
-1.816679
-1.959498
-2.046300
-2.085075
-2.077353
-2.062115
-2.049019
-1.811882
-1.881699
-1.943850
-1.952415
-1.947055
-1.942261
-1.937220
-1.929029
-1.919082
-1.903963
-1.958893
-2.060242
-2.117145
-2.068315
-2.009083
-1.967290
-1.946726
-1.942119
-1.932876
-1.849456
-1.765308
-1.683777
-1.525180
-1.371344
-1.263768
-1.167505
-1.120663
-1.076643
-1.030444
-0.976779
-0.911576
-0.837528
-0.959682
-1.135970
-1.089951
-1.212959
-1.368749
-1.512877
-1.585626
-1.561975
-1.473708
-1.404569
-1.344955
-1.310151
-1.314827
-1.302186
-1.293554
-1.284160
-1.268757
-1.239396
-1.194123
-1.136655
-1.223702
-1.385235
-1.362597
-1.524936
-1.690631
-1.852113
-1.963584
-1.925953
-1.823698
-1.731103
-1.611720
-1.581097
-1.579486
-1.553249
-1.530406
-1.501231
-1.464329
-1.416427
-1.356601
-1.288437
-1.364691
-1.491870
-1.463302
-1.624348
-1.781899
-1.864440
-1.865183
-1.806088
-1.689987
-1.620543
-1.537208
-1.525797
-1.530739
-1.510739
-1.498611
-1.484064
-1.463122
-1.426676
-1.372153
-1.305321
-1.381617
-1.511579
-1.459988
-1.607718
-1.756718
-1.882637
-1.935898
-1.886759
-1.769313
-1.684984
-1.580883
-1.557373
-1.563474
-1.545608
-1.529315
-1.506186
-1.474292
-1.430713
-1.374123
-1.308007
-1.384478
-1.498452
-1.473488
-1.635909
-1.796588
-1.886018
-1.882514
-1.819509
-1.698826
-1.629195
-1.576174
-1.595008
-1.593775
-1.568871
-1.544860
-1.522936
-1.497498
-1.460428
-1.406347
-1.338858
-1.413916
-1.540301
-1.498784
-1.651782
-1.801181
-1.906748
-1.933403
-1.878563
-1.746028
-1.673041
-1.585188
-1.573948
-1.582123
-1.566011
-1.554403
-1.538044
-1.515078
-1.481373
-1.434277
-1.376649
-1.454537
-1.567477
-1.524906
-1.681002
-1.839446
-1.927910
-1.919841
-1.857722
-1.724475
-1.651408
-1.577570
-1.598783
-1.606476
-1.589071
-1.578135
-1.564789
-1.547124
-1.520224
-1.478578
-1.425373
-1.503734
-1.613973
-1.569588
-1.724081
-1.877349
-1.978176
-1.987233
-1.920400
-1.779043
-1.704830
-1.630161
-1.646007
-1.664215
-1.658515
-1.657562
-1.652090
-1.639932
-1.616887
-1.579185
-1.529968
-1.607594
-1.694986
-1.652792
-1.798055
-1.944831
-2.010151
-1.984005
-1.912454
-1.777537
-1.707712
-1.648722
-1.685833
-1.696244
-1.682247
-1.674974
-1.665074
-1.650418
-1.626604
-1.588681
-1.539160
-1.616547
-1.703210
-1.667794
-1.817384
-1.966629
-2.042935
-2.019130
-1.939775
-1.808821
-1.740221
-1.727975
-1.749815
-1.760119
-1.744892
-1.735562
-1.724234
-1.708288
-1.683235
-1.644098
-1.592841
-1.666340
-1.737132
-1.708413
-1.858624
-2.008593
-2.080692
-2.046812
-1.969332
-1.844465
-1.780050
-1.788278
-1.808060
-1.815034
-1.799226
-1.789422
-1.778116
-1.762118
-1.736632
-1.695545
-1.641200
-1.702688
-1.756974
-1.725633
-1.876401
-2.025023
-2.087830
-2.049203
-1.981665
-1.865801
-1.808482
-1.816805
-1.836998
-1.845154
-1.832241
-1.825624
-1.817426
-1.804401
-1.781202
-1.741111
-1.686017
-1.739960
-1.792774
-1.765513
-1.911303
-2.053918
-2.118212
-2.079949
-2.004591
-1.889513
-1.828377
-1.851600
-1.863112
-1.864992
-1.843828
-1.829964
-1.814203
-1.793654
-1.763426
-1.717863
-1.659421
-1.711530
-1.764946
-1.745737
-1.896917
-2.045388
-2.114439
-2.080038
-2.012676
-1.898970
-1.841111
-1.862134
-1.875023
-1.878523
-1.859740
-1.847100
-1.832523
-1.812912
-1.783652
-1.738583
-1.680794
-1.722240
-1.764321
-1.733508
-1.882160
-2.020181
-2.077616
-2.039683
-1.986662
-1.885564
-1.833189
-1.845174
-1.861855
-1.868309
-1.853654
-1.845163
-1.834959
-1.819598
-1.793616
-1.749519
-1.690509
-1.726328
-1.764883
-1.730014
-1.872216
-2.006585
-2.073949
-2.048354
-1.989409
-1.883619
-1.827396
-1.825465
-1.843465
-1.852374
-1.840110
-1.832932
-1.822602
-1.806744
-1.780914
-1.740173
-1.687764
-1.735322
-1.782374
-1.763999
-1.908500
-2.051324
-2.133617
-2.105739
-2.021861
-1.902479
-1.847364
-1.874266
-1.871781
-1.859440
-1.821752
-1.790144
-1.757241
-1.719990
-1.675170
-1.618044
-1.553630
-1.610488
-1.669015
-1.663032
-1.818451
-1.975795
-2.058745
-2.042805
-1.987195
-1.872094
-1.811880
-1.818644
-1.837316
-1.845905
-1.834181
-1.825772
-1.813450
-1.794805
-1.767036
-1.725607
-1.675560
-1.716893
-1.754659
-1.718803
-1.866933
-2.018316
-2.078737
-2.039952
-1.987544
-1.885748
-1.855043
-1.886311
-1.894897
-1.893620
-1.875094
-1.873531
-1.840683
-1.816782
-1.782030
-1.725214
-1.652539
-1.703535
-1.759446
-1.746374
-1.886258
-1.996307
-2.087127
-2.100456
-2.029071
-1.895686
-1.816223
-1.762717
-1.795663
-1.805448
-1.795155
-1.784588
-1.766749
-1.740838
-1.705476
-1.658670
-1.610217
-1.660357
-1.699430
-1.650704
-1.784584
-1.906464
-1.934947
-1.887711
-1.846048
-1.740982
-1.729844
-1.743931
-1.740975
-1.731469
-1.702327
-1.703280
-1.671579
-1.646791
-1.613006
-1.561756
-1.495194
-1.552081
-1.621693
-1.606228
-1.764121
-1.913168
-2.004383
-1.991139
-1.938462
-1.822553
-1.760635
-1.766067
-1.783796
-1.793459
-1.784353
-1.778223
-1.769123
-1.754741
-1.730279
-1.691494
-1.642064
-1.698957
-1.752491
-1.737125
-1.881910
-2.032478
-2.108205
-2.074631
-1.995927
-1.877516
-1.879110
-1.880805
-1.869397
-1.849972
-1.809009
-1.769588
-1.735473
-1.697576
-1.649949
-1.585766
-1.507486
-1.569677
-1.659807
-1.688894
-1.845217
-1.999065
-2.104491
-2.102634
-2.026287
-1.890445
-1.817348
-1.840382
-1.845586
-1.843942
-1.823014
-1.805402
-1.783603
-1.755677
-1.718502
-1.668314
-1.610655
-1.670210
-1.735213
-1.709140
-1.850187
-1.996996
-2.052903
-2.004510
-1.937398
-1.825892
-1.829671
-1.829093
-1.816023
-1.795680
-1.754562
-1.720474
-1.687480
-1.651482
-1.605586
-1.542753
-1.465334
-1.530508
-1.628772
-1.681893
-1.841230
-2.000283
-2.119426
-2.125257
-2.034990
-1.890065
-1.816209
-1.836241
-1.839740
-1.837208
-1.815823
-1.796713
-1.772778
-1.742084
-1.702998
-1.651945
-1.598730
-1.653956
-1.714746
-1.675765
-1.811456
-1.952312
-1.994254
-1.950372
-1.908678
-1.806449
-1.830521
-1.816995
-1.792622
-1.762859
-1.719059
-1.681135
-1.649622
-1.615932
-1.568830
-1.498315
-1.408224
-1.469909
-1.578984
-1.604017
-1.765980
-1.925281
-2.044943
-2.060118
-1.986378
-1.850199
-1.783864
-1.737789
-1.751853
-1.757928
-1.745779
-1.735247
-1.720009
-1.698397
-1.668081
-1.625217
-1.574945
-1.641401
-1.698798
-1.642360
-1.781049
-1.906088
-1.953514
-1.911305
-1.857833
-1.744655
-1.731526
-1.749324
-1.745588
-1.734762
-1.704397
-1.672727
-1.646451
-1.616731
-1.573479
-1.508647
-1.425186
-1.488650
-1.586038
-1.614267
-1.773829
-1.930664
-2.050376
-2.064669
-1.990126
-1.843888
-1.772058
-1.737393
-1.757001
-1.762810
-1.750922
-1.740927
-1.725640
-1.703588
-1.672859
-1.629571
-1.580494
-1.647145
-1.714153
-1.661096
-1.803262
-1.949017
-1.992305
-1.942058
-1.892270
-1.782548
-1.756337
-1.789064
-1.794877
-1.790278
-1.770651
-1.763309
-1.741590
-1.727494
-1.700736
-1.650675
-1.581155
-1.645130
-1.729342
-1.666727
-1.824089
-1.972519
-2.059399
-2.047668
-1.957051
-1.820167
-1.749438
-1.702150
-1.709924
-1.733005
-1.736091
-1.741663
-1.743350
-1.739532
-1.725841
-1.698266
-1.660393
-1.728622
-1.789235
-1.747817
-1.891108
-2.041817
-2.107179
-2.061530
-1.971776
-1.843101
-1.809801
-1.831012
-1.828153
-1.817321
-1.785061
-1.755920
-1.729438
-1.700299
-1.663350
-1.612316
-1.550597
-1.612268
-1.686937
-1.663975
-1.822629
-1.982537
-2.082443
-2.067512
-1.998803
-1.873899
-1.807179
-1.812003
-1.837739
-1.854454
-1.850308
-1.849811
-1.846672
-1.838230
-1.819801
-1.785978
-1.739438
-1.786401
-1.831981
-1.795063
-1.940569
-2.084524
-2.162405
-2.124263
-2.045534
-1.923217
-1.870292
-1.909653
-1.919280
-1.918732
-1.896158
-1.880873
-1.864915
-1.844569
-1.812722
-1.762425
-1.697037
-1.742774
-1.798371
-1.776123
-1.920666
-2.063172
-2.152029
-2.130553
-2.053962
-1.928291
-1.861254
-1.845009
-1.869912
-1.883615
-1.878500
-1.875288
-1.868226
-1.854886
-1.832083
-1.795393
-1.751503
-1.788626
-1.826690
-1.781034
-1.923213
-2.067685
-2.135681
-2.095091
-2.028637
-1.912944
-1.854457
-1.900274
-1.915217
-1.918982
-1.902423
-1.892255
-1.881521
-1.865951
-1.836411
-1.786243
-1.719576
-1.762344
-1.812217
-1.784616
-1.922544
-2.058728
-2.142395
-2.125110
-2.044128
-1.912884
-1.836096
-1.809414
-1.836952
-1.848491
-1.841599
-1.835958
-1.825045
-1.807310
-1.780072
-1.740052
-1.697402
-1.736876
-1.770939
-1.714978
-1.848716
-1.981771
-2.040677
-1.997763
-1.930272
-1.811945
-1.747880
-1.793113
-1.804460
-1.805972
-1.788799
-1.773177
-1.754111
-1.728249
-1.692402
-1.640609
-1.575708
-1.615682
-1.677550
-1.640655
-1.799386
-1.959836
-2.029141
-2.009661
-1.966973
-1.857240
-1.806497
-1.845955
-1.871621
-1.888498
-1.886909
-1.884285
-1.883878
-1.875407
-1.847809
-1.793511
-1.719593
-1.763807
-1.808250
-1.753340
-1.886128
-2.003227
-2.090502
-2.097005
-2.020639
-1.880527
-1.802684
-1.753976
-1.737959
-1.754069
-1.753530
-1.754398
-1.749506
-1.737812
-1.716637
-1.682451
-1.641864
-1.706243
-1.764190
-1.717971
-1.859251
-2.017954
-2.083412
-2.029492
-1.955642
-1.836825
-1.787885
-1.822050
-1.825947
-1.818403
-1.800925
-1.767032
-1.743069
-1.717359
-1.684104
-1.634092
-1.568897
-1.586064
-1.683449
-1.651789
-1.799854
-1.953672
-2.037565
-2.026495
-1.969972
-1.849279
-1.786124
-1.742230
-1.768874
-1.781999
-1.778708
-1.777433
-1.773392
-1.764563
-1.746427
-1.714130
-1.669134
-1.694563
-1.766040
-1.728270
-1.862492
-2.018180
-2.110206
-2.084813
-2.007510
-1.885698
-1.821394
-1.862121
-1.871802
-1.868097
-1.847360
-1.827256
-1.808963
-1.786392
-1.753739
-1.703004
-1.634469
-1.645356
-1.735906
-1.707420
-1.845513
-2.000148
-2.088702
-2.070103
-2.006615
-1.886889
-1.824454
-1.783535
-1.808858
-1.823098
-1.821541
-1.822456
-1.820489
-1.812999
-1.795314
-1.761493
-1.712429
-1.733337
-1.806834
-1.774505
-1.901876
-2.053219
-2.141621
-2.115830
-2.028642
-1.901691
-1.830445
-1.866473
-1.871871
-1.864395
-1.840087
-1.815948
-1.792840
-1.765751
-1.730170
-1.680007
-1.615616
-1.629625
-1.719161
-1.694695
-1.834842
-1.993054
-2.089136
-2.072207
-2.011899
-1.891763
-1.828671
-1.802865
-1.835923
-1.848685
-1.843882
-1.840416
-1.835119
-1.824696
-1.804979
-1.769251
-1.717460
-1.727877
-1.790437
-1.737957
-1.861282
-2.015938
-2.088777
-2.057146
-1.996916
-1.883224
-1.823761
-1.822120
-1.844266
-1.852872
-1.845012
-1.838785
-1.831452
-1.820388
-1.799690
-1.760929
-1.704082
-1.711705
-1.779916
-1.728716
-1.850257
-1.996032
-2.079690
-2.061237
-1.998711
-1.881053
-1.814854
-1.774741
-1.806743
-1.818618
-1.812838
-1.809421
-1.802743
-1.791027
-1.770465
-1.736105
-1.689587
-1.709198
-1.774487
-1.732335
-1.857834
-2.012944
-2.113646
-2.096182
-2.022268
-1.897756
-1.828596
-1.855437
-1.868335
-1.868487
-1.852133
-1.839281
-1.823426
-1.803003
-1.774059
-1.730305
-1.672050
-1.686761
-1.762861
-1.727230
-1.855813
-2.011697
-2.114742
-2.099935
-2.032556
-1.910872
-1.845978
-1.851899
-1.875363
-1.885251
-1.877474
-1.871605
-1.864220
-1.851454
-1.829179
-1.790129
-1.733890
-1.739870
-1.811149
-1.764021
-1.881671
-2.033760
-2.119743
-2.096469
-2.028582
-1.909258
-1.843751
-1.843886
-1.864341
-1.871713
-1.861866
-1.852220
-1.842063
-1.827491
-1.803920
-1.764544
-1.709318
-1.716855
-1.784533
-1.738624
-1.857307
-2.011110
-2.099029
-2.080085
-2.019118
-1.900103
-1.835425
-1.830441
-1.852452
-1.860525
-1.851116
-1.843567
-1.834303
-1.820383
-1.797572
-1.759269
-1.705159
-1.715900
-1.784537
-1.738990
-1.855153
-2.009485
-2.106097
-2.090732
-2.024165
-1.903142
-1.835875
-1.847584
-1.866656
-1.872231
-1.860534
-1.849968
-1.838495
-1.822164
-1.796460
-1.754076
-1.694816
-1.707551
-1.787210
-1.749488
-1.864496
-2.019001
-2.121991
-2.108712
-2.033123
-1.905477
-1.830613
-1.842260
-1.856112
-1.856976
-1.840306
-1.822222
-1.803507
-1.780412
-1.749650
-1.705976
-1.650482
-1.669863
-1.748890
-1.714593
-1.835355
-1.993605
-2.107558
-2.104846
-2.037439
-1.911103
-1.837397
-1.846798
-1.863501
-1.866728
-1.852142
-1.837411
-1.821487
-1.800638
-1.771239
-1.728312
-1.671362
-1.688251
-1.768531
-1.725225
-1.841287
-1.999610
-2.107364
-2.092867
-2.030016
-1.904931
-1.838912
-1.861974
-1.881837
-1.890659
-1.879703
-1.870239
-1.861384
-1.848498
-1.823395
-1.777080
-1.710766
-1.718384
-1.800468
-1.750596
-1.853012
-1.993871
-2.088922
-2.089671
-2.018217
-1.886117
-1.804178
-1.766152
-1.789284
-1.800356
-1.794649
-1.790526
-1.781546
-1.766830
-1.743315
-1.706711
-1.659591
-1.682867
-1.759435
-1.711928
-1.823519
-1.979873
-2.072300
-2.052167
-1.974186
-1.862154
-1.801491
-1.825625
-1.820359
-1.805143
-1.773513
-1.739671
-1.707962
-1.673434
-1.632524
-1.579260
-1.513988
-1.535267
-1.639302
-1.634360
-1.762485
-1.923785
-2.064084
-2.078456
-2.016571
-1.899851
-1.817412
-1.847721
-1.857761
-1.856599
-1.837420
-1.819595
-1.799067
-1.773787
-1.740555
-1.694919
-1.638004
-1.649180
-1.728223
-1.690067
-1.804872
-1.965006
-2.070533
-2.060628
-2.013542
-1.891635
-1.831027
-1.854735
-1.875061
-1.883105
-1.874917
-1.869573
-1.861358
-1.849183
-1.827580
-1.786969
-1.725954
-1.720563
-1.789306
-1.726164
-1.818968
-1.963568
-2.044056
-2.028970
-1.982389
-1.871003
-1.807047
-1.772814
-1.797753
-1.806848
-1.798074
-1.791370
-1.782130
-1.768903
-1.747956
-1.713423
-1.665088
-1.683207
-1.751676
-1.710914
-1.810674
-1.968781
-2.088013
-2.093414
-2.026383
-1.913221
-1.832293
-1.856524
-1.866095
-1.863637
-1.844638
-1.826618
-1.805821
-1.780398
-1.747351
-1.701541
-1.642997
-1.659619
-1.745578
-1.715292
-1.823239
-1.981748
-2.112569
-2.116685
-2.049931
-1.924915
-1.847027
-1.877114
-1.887676
-1.886387
-1.867620
-1.851359
-1.831408
-1.806797
-1.773811
-1.726997
-1.665370
-1.673003
-1.756682
-1.708935
-1.810112
-1.969678
-2.078301
-2.071298
-2.020286
-1.897722
-1.830309
-1.827215
-1.848956
-1.857966
-1.846884
-1.836897
-1.825197
-1.809500
-1.785599
-1.747402
-1.692709
-1.668278
-1.743806
-1.704311
-1.795332
-1.950648
-2.044079
-2.035603
-1.985316
-1.870770
-1.808095
-1.798894
-1.821656
-1.827067
-1.821416
-1.805935
-1.793928
-1.778167
-1.753937
-1.714254
-1.656302
-1.635701
-1.721204
-1.690508
-1.783234
-1.941311
-2.047636
-2.049667
-1.997178
-1.888392
-1.817060
-1.798529
-1.822084
-1.827181
-1.820307
-1.805745
-1.792805
-1.775770
-1.750634
-1.712373
-1.658537
-1.643417
-1.728081
-1.692762
-1.784106
-1.944437
-2.055216
-2.054453
-2.000538
-1.888957
-1.820613
-1.824336
-1.843438
-1.848553
-1.842459
-1.840477
-1.822138
-1.808763
-1.786692
-1.747495
-1.688474
-1.666990
-1.761949
-1.724000
-1.806006
-1.960677
-2.063204
-2.062060
-2.000764
-1.883157
-1.806402
-1.763316
-1.802727
-1.808317
-1.802366
-1.787542
-1.774745
-1.757919
-1.733605
-1.696032
-1.643521
-1.631146
-1.733245
-1.708815
-1.797970
-1.958035
-2.078091
-2.084199
-2.017904
-1.909146
-1.826653
-1.836785
-1.851556
-1.851071
-1.840415
-1.818733
-1.800501
-1.778845
-1.749453
-1.707371
-1.649305
-1.632639
-1.739564
-1.714837
-1.802647
-1.963068
-2.081447
-2.087869
-2.028145
-1.909582
-1.830721
-1.816060
-1.844725
-1.851957
-1.847453
-1.830563
-1.817759
-1.800610
-1.774505
-1.733470
-1.674062
-1.653013
-1.757983
-1.723680
-1.802165
-1.962149
-2.066727
-2.063422
-2.010609
-1.892216
-1.816864
-1.800745
-1.826015
-1.832866
-1.828911
-1.816195
-1.806621
-1.793354
-1.771560
-1.734082
-1.677355
-1.657800
-1.758380
-1.717296
-1.790052
-1.945536
-2.049116
-2.049751
-1.993286
-1.880018
-1.799352
-1.755930
-1.796485
-1.803177
-1.797998
-1.783992
-1.772575
-1.757163
-1.733734
-1.696343
-1.642103
-1.626094
-1.733639
-1.702162
-1.780930
-1.940980
-2.058218
-2.065017
-2.003511
-1.897209
-1.813673
-1.819336
-1.833616
-1.833484
-1.823999
-1.797503
-1.777841
-1.754469
-1.722879
-1.676994
-1.612277
-1.588067
-1.702033
-1.666273
-1.740053
-1.899160
-2.009522
-2.014035
-1.970276
-1.852121
-1.776798
-1.737662
-1.762075
-1.772942
-1.772191
-1.762196
-1.754728
-1.743158
-1.723513
-1.687822
-1.633388
-1.616484
-1.728772
-1.694043
-1.766623
-1.925030
-2.037834
-2.056240
-1.990757
-1.875477
-1.787502
-1.769953
-1.792064
-1.793527
-1.784508
-1.762665
-1.744305
-1.722104
-1.693223
-1.652144
-1.597288
-1.583712
-1.709476
-1.690934
-1.769023
-1.930444
-2.060975
-2.078269
-2.013612
-1.908246
-1.818901
-1.826687
-1.842604
-1.842973
-1.833170
-1.809554
-1.790283
-1.766968
-1.735415
-1.690886
-1.629046
-1.607887
-1.719245
-1.686504
-1.756064
-1.916296
-2.026774
-2.029300
-1.987487
-1.867686
-1.794230
-1.759946
-1.789031
-1.799124
-1.797408
-1.784856
-1.776186
-1.764084
-1.743968
-1.707120
-1.650823
-1.631251
-1.739176
-1.704664
-1.771059
-1.925979
-2.038838
-2.063662
-1.999618
-1.887863
-1.798867
-1.771201
-1.793349
-1.793108
-1.783118
-1.760619
-1.740881
-1.716924
-1.686717
-1.645084
-1.591103
-1.581488
-1.693624
-1.673598
-1.747183
-1.908049
-2.036584
-2.056378
-1.995177
-1.898228
-1.810127
-1.816885
-1.826919
-1.822195
-1.808133
-1.781667
-1.758389
-1.732004
-1.699064
-1.654954
-1.599049
-1.585649
-1.690792
-1.662135
-1.751031
-1.913797
-2.048528
-2.059311
-2.009430
-1.900495
-1.824152
-1.788321
-1.832563
-1.854054
-1.861780
-1.861968
-1.864208
-1.862244
-1.849053
-1.816313
-1.762043
-1.737054
-1.826018
-1.774806
-1.838598
-1.986895
-2.085020
-2.080631
-2.008464
-1.904798
-1.819905
-1.780178
-1.791188
-1.801514
-1.801547
-1.792210
-1.783947
-1.771665
-1.752507
-1.721237
-1.678079
-1.672492
-1.757840
-1.720389
-1.798900
-1.959129
-2.084439
-2.092368
-2.022151
-1.924844
-1.835616
-1.795359
-1.838398
-1.852781
-1.854811
-1.846534
-1.838870
-1.826409
-1.806078
-1.773544
-1.730052
-1.710224
-1.781975
-1.742825
-1.830753
-1.990331
-2.100129
-2.092857
-2.038785
-1.920059
-1.857151
-1.854303
-1.890615
-1.907766
-1.912830
-1.909977
-1.909169
-1.904131
-1.886838
-1.848018
-1.785417
-1.745200
-1.815564
-1.758210
-1.823820
-1.964499
-2.052611
-2.046202
-1.989600
-1.878843
-1.809099
-1.771303
-1.761423
-1.775062
-1.777903
-1.774203
-1.771104
-1.763695
-1.748512
-1.719990
-1.677594
-1.673373
-1.760862
-1.730159
-1.817881
-1.977580
-2.110211
-2.118231
-2.040248
-1.936473
-1.849098
-1.837690
-1.868032
-1.878461
-1.876560
-1.865263
-1.854957
-1.840128
-1.817097
-1.781148
-1.732617
-1.704891
-1.780489
-1.735577
-1.830050
-1.988486
-2.073454
-2.056851
-2.009430
-1.890591
-1.832360
-1.800270
-1.834636
-1.851712
-1.855983
-1.853645
-1.853445
-1.849412
-1.834085
-1.799058
-1.742749
-1.718193
-1.794946
-1.741117
-1.814775
-1.957434
-2.056241
-2.056988
-1.993765
-1.885781
-1.809783
-1.772403
-1.768756
-1.780024
-1.781778
-1.774465
-1.767430
-1.755474
-1.735877
-1.703786
-1.661115
-1.654816
-1.737762
-1.698493
-1.791691
-1.950835
-2.066694
-2.069631
-1.999662
-1.903145
-1.821360
-1.781753
-1.825003
-1.836874
-1.837376
-1.828994
-1.820456
-1.806256
-1.784276
-1.750080
-1.709063
-1.695161
-1.762625
-1.734738
-1.841712
-1.998742
-2.119195
-2.121187
-2.058875
-1.942466
-1.875333
-1.879268
-1.906644
-1.918702
-1.918412
-1.910867
-1.904541
-1.892668
-1.871520
-1.834483
-1.780612
-1.746503
-1.812511
-1.773329
-1.870859
-2.022961
-2.111590
-2.096246
-2.037526
-1.924111
-1.865758
-1.837220
-1.866406
-1.877934
-1.879405
-1.872063
-1.868619
-1.861328
-1.842115
-1.803661
-1.747722
-1.756835
-1.821715
-1.772334
-1.861992
-2.003720
-2.110896
-2.125556
-2.053079
-1.935340
-1.847747
-1.807451
-1.826642
-1.840346
-1.836601
-1.833431
-1.823821
-1.807119
-1.781674
-1.743630
-1.700753
-1.714232
-1.778469
-1.720558
-1.824384
-1.982379
-2.070260
-2.045144
-1.981553
-1.874114
-1.801345
-1.823289
-1.833756
-1.832590
-1.813977
-1.796310
-1.776635
-1.753877
-1.724031
-1.682039
-1.632755
-1.638673
-1.712137
-1.663962
-1.780384
-1.940782
-2.041687
-2.038785
-1.992440
-1.871420
-1.807737
-1.805304
-1.836318
-1.851942
-1.848603
-1.847235
-1.843814
-1.835519
-1.817740
-1.783334
-1.731647
-1.738778
-1.803109
-1.753540
-1.856346
-2.010669
-2.115666
-2.103756
-2.033396
-1.913857
-1.841790
-1.856179
-1.871809
-1.874686
-1.860507
-1.848023
-1.832481
-1.812811
-1.785186
-1.744235
-1.690825
-1.698852
-1.767353
-1.723941
-1.839879
-1.996651
-2.107405
-2.100693
-2.041543
-1.917396
-1.848467
-1.853864
-1.877902
-1.889076
-1.882160
-1.877196
-1.869461
-1.856231
-1.833990
-1.795960
-1.742083
-1.741934
-1.803796
-1.749388
-1.858730
-2.012359
-2.104664
-2.085921
-2.026597
-1.909830
-1.845825
-1.837916
-1.868036
-1.880440
-1.874689
-1.870719
-1.865085
-1.854192
-1.833156
-1.794112
-1.736678
-1.735633
-1.801362
-1.745251
-1.853717
-2.004084
-2.095856
-2.080016
-2.018958
-1.899225
-1.829917
-1.792188
-1.835253
-1.847965
-1.842964
-1.838933
-1.831714
-1.819106
-1.797648
-1.761924
-1.712464
-1.724808
-1.788565
-1.743383
-1.861330
-2.016479
-2.127287
-2.118804
-2.047189
-1.811634
-1.879555
-1.946488
-1.967887
-1.960455
-1.967015
-1.970344
-1.973446
-1.971505
-2.020048
-2.105209
-2.180193
-2.222782
-2.196465
-2.135890
-2.066533
-2.013218
-1.970247
-1.947175
-1.946642
-1.937804
-1.929200
-1.876251
-1.789414
-1.638332
-1.468840
-1.302702
-1.228534
-1.177458
-1.128030
-1.071077
-1.000552
-0.910245
-0.837760
-0.880439
-1.073211
-1.233378
-1.235248
-1.363038
-1.503330
-1.628485
-1.648999
-1.560946
-1.474123
-1.410342
-1.317382
-1.229893
-1.182900
-1.172406
-1.159851
-1.134957
-1.086641
-1.014020
-0.920160
-0.878687
-1.071557
-1.239790
-1.398543
-1.571069
-1.737980
-1.891258
-1.986648
-1.868233
-1.778613
-1.723480
-1.698294
-1.742298
-1.761381
-1.764970
-1.752712
-1.710641
-1.634057
-1.527839
-1.398438
-1.317859
-1.487464
-1.514352
-1.552348
-1.715153
-1.874677
-1.979409
-1.956967
-1.810755
-1.714983
-1.664320
-1.588578
-1.574322
-1.709699
-1.674909
-1.661761
-1.654826
-1.610467
-1.534006
-1.434180
-1.377071
-1.534921
-1.488638
-1.477063
-1.640707
-1.798971
-1.905404
-1.889100
-1.777087
-1.656726
-1.590497
-1.506949
-1.547260
-1.612546
-1.599565
-1.595656
-1.560683
-1.490317
-1.388686
-1.260074
-1.109336
-1.282273
-1.294533
-1.382369
-1.548933
-1.710904
-1.843224
-1.863902
-1.728976
-1.610664
-1.553659
-1.465985
-1.471455
-1.542219
-1.546560
-1.550282
-1.527908
-1.477828
-1.398918
-1.291230
-1.160261
-1.324204
-1.324789
-1.408030
-1.574148
-1.735610
-1.860101
-1.891954
-1.747052
-1.615036
-1.559965
-1.478601
-1.500493
-1.571356
-1.582154
-1.588890
-1.571425
-1.528817
-1.459686
-1.362946
-1.246700
-1.409724
-1.410049
-1.485871
-1.654660
-1.816155
-1.903892
-1.897193
-1.735894
-1.623267
-1.595237
-1.599125
-1.656127
-1.704414
-1.706424
-1.706631
-1.685261
-1.635821
-1.553520
-1.441014
-1.304607
-1.447769
-1.419051
-1.482600
-1.646706
-1.806605
-1.919802
-1.958673
-1.830043
-1.690231
-1.632498
-1.547952
-1.591628
-1.648052
-1.657354
-1.657571
-1.635486
-1.591285
-1.525154
-1.447616
-1.356264
-1.522194
-1.567129
-1.671363
-1.836161
-1.970813
-2.014205
-1.994325
-1.835250
-1.710061
-1.701435
-1.783071
-1.825980
-1.851393
-1.856045
-1.852037
-1.827261
-1.773801
-1.687739
-1.570032
-1.433181
-1.590127
-1.562387
-1.604306
-1.768731
-1.924108
-1.997326
-1.952760
-1.792844
-1.690292
-1.661933
-1.625567
-1.642997
-1.685880
-1.688926
-1.687042
-1.665669
-1.621465
-1.549767
-1.449543
-1.327199
-1.471862
-1.455373
-1.518055
-1.683461
-1.844367
-1.941450
-1.928206
-1.769307
-1.653632
-1.621626
-1.583194
-1.632937
-1.678325
-1.681162
-1.677271
-1.654109
-1.610804
-1.542790
-1.449465
-1.340656
-1.490633
-1.487515
-1.550047
-1.714593
-1.875891
-1.975618
-1.970524
-1.810008
-1.683676
-1.647562
-1.608395
-1.662592
-1.709701
-1.715413
-1.713486
-1.691170
-1.648514
-1.582595
-1.496536
-1.394599
-1.553050
-1.575248
-1.644072
-1.808293
-1.965439
-2.026047
-1.992888
-1.834267
-1.720353
-1.689471
-1.670713
-1.711168
-1.739475
-1.737754
-1.729171
-1.701500
-1.653742
-1.579952
-1.477630
-1.361138
-1.527180
-1.557691
-1.613834
-1.778363
-1.936056
-2.010556
-1.976058
-1.815677
-1.712051
-1.681400
-1.645490
-1.681276
-1.715123
-1.717984
-1.714334
-1.690933
-1.645683
-1.573271
-1.470782
-1.350882
-1.515718
-1.542809
-1.586839
-1.752450
-1.913968
-2.012595
-1.992207
-1.831550
-1.722921
-1.693414
-1.655306
-1.698120
-1.737274
-1.738211
-1.733763
-1.710135
-1.666031
-1.596542
-1.498735
-1.386946
-1.546995
-1.553708
-1.605105
-1.769726
-1.930490
-2.021919
-1.995437
-1.834577
-1.721724
-1.692935
-1.656512
-1.700517
-1.742622
-1.747795
-1.746438
-1.725286
-1.682266
-1.612441
-1.513477
-1.399294
-1.553061
-1.565182
-1.615483
-1.780604
-1.940781
-2.024309
-1.987569
-1.826753
-1.713302
-1.686293
-1.652617
-1.701174
-1.742150
-1.744621
-1.740895
-1.717780
-1.674778
-1.607209
-1.514221
-1.407158
-1.559310
-1.569055
-1.626809
-1.791137
-1.951031
-2.028934
-1.998115
-1.838683
-1.724129
-1.695976
-1.664041
-1.707331
-1.742321
-1.742665
-1.736185
-1.710544
-1.665283
-1.596056
-1.502252
-1.394127
-1.553129
-1.568304
-1.625189
-1.789626
-1.949177
-2.024647
-1.993974
-1.834548
-1.722628
-1.692557
-1.659622
-1.694925
-1.727234
-1.727401
-1.720841
-1.695100
-1.649580
-1.579238
-1.481237
-1.368596
-1.530590
-1.546976
-1.594605
-1.759754
-1.921076
-2.016887
-1.990011
-1.829961
-1.717085
-1.686148
-1.652480
-1.691904
-1.727140
-1.727559
-1.721316
-1.695804
-1.650331
-1.579955
-1.481385
-1.368033
-1.528839
-1.546816
-1.591719
-1.756770
-1.918442
-2.019785
-1.996025
-1.835142
-1.716228
-1.681540
-1.643929
-1.678771
-1.721215
-1.728245
-1.728153
-1.707747
-1.666660
-1.600581
-1.506730
-1.398825
-1.558680
-1.565923
-1.613211
-1.778179
-1.938115
-2.015693
-1.982769
-1.822312
-1.712701
-1.682494
-1.647963
-1.688307
-1.721872
-1.720587
-1.713618
-1.687475
-1.641454
-1.570613
-1.472225
-1.360099
-1.525050
-1.546985
-1.594142
-1.758847
-1.919859
-2.011458
-1.992562
-1.832368
-1.721404
-1.692228
-1.658409
-1.701739
-1.738343
-1.739052
-1.734864
-1.711237
-1.666299
-1.594741
-1.493217
-1.375932
-1.535642
-1.559850
-1.595978
-1.760451
-1.921333
-2.019816
-1.992649
-1.832037
-1.715430
-1.684626
-1.649395
-1.694319
-1.736218
-1.739218
-1.735712
-1.712712
-1.669546
-1.601793
-1.507382
-1.399195
-1.554768
-1.563689
-1.613353
-1.777702
-1.937879
-2.021802
-1.992931
-1.833961
-1.716224
-1.685940
-1.653399
-1.691915
-1.725742
-1.725003
-1.717331
-1.690409
-1.643772
-1.573554
-1.477205
-1.366532
-1.526799
-1.539355
-1.586136
-1.750410
-1.910839
-1.997427
-1.973360
-1.815206
-1.700136
-1.670009
-1.638201
-1.676292
-1.707837
-1.705947
-1.697010
-1.669182
-1.621911
-1.550417
-1.451661
-1.337771
-1.500211
-1.517753
-1.557599
-1.722652
-1.884232
-1.987083
-1.966379
-1.807071
-1.689865
-1.656495
-1.622100
-1.659472
-1.698519
-1.703110
-1.700884
-1.678731
-1.635916
-1.566911
-1.467587
-1.351565
-1.510471
-1.544746
-1.573882
-1.739113
-1.899392
-1.987915
-1.958336
-1.799224
-1.683945
-1.659419
-1.627165
-1.667335
-1.700762
-1.697092
-1.688078
-1.660562
-1.611636
-1.535042
-1.428021
-1.297208
-1.457613
-1.470380
-1.513508
-1.679201
-1.839907
-1.943503
-1.924434
-1.767485
-1.645958
-1.615208
-1.581545
-1.637845
-1.683858
-1.684887
-1.680287
-1.656265
-1.612559
-1.543985
-1.449755
-1.338857
-1.485370
-1.485049
-1.533638
-1.697306
-1.857683
-1.956264
-1.942581
-1.785203
-1.653066
-1.617192
-1.582916
-1.626380
-1.664783
-1.664099
-1.655843
-1.627828
-1.580234
-1.511742
-1.429832
-1.332001
-1.496645
-1.548496
-1.615743
-1.779263
-1.940620
-2.038185
-2.039218
-1.883521
-1.741375
-1.705387
-1.676057
-1.731612
-1.773676
-1.784112
-1.789007
-1.770409
-1.724255
-1.648588
-1.544053
-1.418138
-1.571210
-1.574393
-1.598729
-1.763241
-1.923896
-2.025909
-2.003123
-1.842944
-1.713140
-1.671518
-1.632797
-1.645964
-1.702975
-1.715271
-1.721936
-1.707677
-1.670494
-1.607188
-1.515931
-1.410380
-1.559522
-1.549277
-1.596913
-1.761710
-1.923481
-2.018856
-2.008452
-1.846732
-1.708497
-1.667931
-1.630449
-1.668682
-1.722408
-1.736580
-1.743813
-1.730785
-1.695743
-1.634671
-1.544863
-1.441430
-1.596503
-1.595725
-1.638493
-1.802216
-1.962760
-2.046012
-2.016378
-1.855555
-1.726491
-1.691489
-1.656851
-1.692685
-1.742309
-1.754722
-1.760626
-1.746521
-1.709492
-1.645349
-1.551721
-1.444903
-1.597288
-1.599508
-1.633938
-1.798593
-1.960008
-2.055926
-2.042162
-1.880289
-1.742451
-1.702708
-1.666740
-1.706853
-1.760601
-1.775712
-1.783704
-1.771389
-1.737666
-1.678182
-1.592156
-1.494146
-1.643384
-1.652004
-1.697857
-1.860869
-2.018323
-2.080207
-2.047948
-1.888113
-1.757996
-1.724433
-1.692153
-1.728513
-1.773209
-1.785151
-1.791013
-1.776191
-1.736787
-1.668988
-1.571980
-1.453232
-1.600953
-1.577607
-1.612115
-1.776088
-1.934333
-2.016573
-1.976355
-1.818608
-1.696496
-1.667332
-1.636555
-1.685330
-1.733157
-1.739298
-1.739817
-1.719994
-1.676056
-1.604900
-1.505895
-1.385986
-1.513071
-1.499920
-1.549114
-1.711213
-1.870881
-1.960422
-1.951744
-1.805384
-1.671994
-1.633139
-1.597700
-1.646306
-1.697060
-1.705188
-1.704361
-1.683455
-1.642528
-1.583194
-1.513483
-1.426404
-1.577006
-1.602331
-1.659621
-1.822814
-1.982916
-2.059684
-2.087508
-1.941087
-1.797199
-1.765572
-1.782151
-1.832530
-1.871997
-1.880405
-1.881549
-1.858070
-1.805569
-1.721936
-1.610066
-1.477386
-1.625248
-1.615448
-1.649526
-1.813293
-1.972452
-2.054442
-2.013646
-1.854236
-1.733383
-1.698060
-1.665376
-1.683987
-1.735774
-1.743826
-1.746332
-1.729013
-1.688734
-1.621285
-1.524871
-1.413530
-1.556979
-1.541685
-1.581597
-1.744780
-1.904786
-1.990537
-1.974980
-1.822623
-1.692730
-1.656830
-1.621219
-1.657513
-1.707984
-1.717071
-1.719476
-1.701358
-1.659935
-1.591393
-1.494035
-1.379129
-1.519552
-1.508656
-1.547210
-1.710280
-1.870263
-1.959510
-1.954753
-1.815215
-1.677835
-1.639065
-1.603082
-1.639056
-1.690195
-1.700189
-1.702697
-1.684622
-1.643762
-1.576753
-1.481907
-1.372324
-1.510940
-1.500983
-1.540999
-1.704393
-1.865260
-1.957133
-1.958090
-1.809074
-1.670313
-1.631977
-1.598506
-1.651795
-1.703700
-1.713998
-1.716665
-1.699231
-1.659445
-1.592649
-1.497143
-1.386842
-1.540054
-1.536689
-1.575345
-1.741495
-1.903761
-1.996292
-2.002209
-1.842327
-1.712045
-1.677037
-1.645181
-1.690397
-1.740642
-1.752362
-1.757530
-1.743135
-1.705929
-1.640595
-1.544727
-1.432088
-1.578307
-1.572569
-1.595671
-1.759019
-1.919595
-2.009215
-1.994351
-1.836073
-1.705250
-1.670795
-1.638892
-1.677533
-1.726737
-1.736374
-1.739548
-1.723388
-1.685103
-1.619736
-1.524756
-1.414885
-1.562760
-1.556754
-1.581484
-1.745069
-1.906907
-2.014032
-2.012111
-1.853157
-1.714324
-1.675238
-1.641954
-1.680562
-1.731603
-1.742732
-1.746689
-1.730726
-1.693724
-1.631330
-1.541523
-1.437680
-1.586501
-1.590965
-1.619897
-1.783033
-1.944219
-2.035758
-2.022610
-1.864119
-1.726662
-1.689389
-1.659237
-1.695518
-1.742555
-1.753214
-1.757330
-1.741748
-1.703426
-1.637496
-1.541045
-1.427066
-1.522658
-1.576489
-1.601246
-1.766550
-1.928823
-2.039625
-2.040378
-1.878555
-1.735568
-1.692074
-1.655671
-1.687013
-1.733906
-1.753141
-1.762215
-1.750550
-1.718100
-1.662745
-1.581731
-1.486774
-1.585668
-1.632819
-1.679634
-1.843642
-2.003587
-2.076539
-2.049436
-1.891172
-1.750661
-1.714503
-1.685007
-1.735524
-1.766699
-1.775304
-1.775765
-1.756854
-1.716980
-1.652007
-1.557589
-1.448708
-1.555015
-1.625096
-1.651276
-1.815279
-1.976148
-2.075735
-2.060534
-1.902327
-1.757840
-1.718589
-1.688509
-1.740236
-1.776240
-1.789490
-1.794183
-1.779163
-1.742106
-1.678905
-1.586023
-1.474796
-1.580727
-1.646899
-1.672034
-1.835844
-1.996015
-2.092876
-2.059747
-1.901599
-1.762082
-1.727129
-1.697752
-1.749519
-1.785868
-1.798337
-1.802384
-1.787025
-1.749850
-1.686708
-1.594015
-1.485956
-1.585943
-1.643453
-1.664356
-1.828404
-1.989204
-2.083960
-2.079725
-1.921811
-1.769656
-1.727291
-1.697070
-1.750250
-1.786484
-1.797925
-1.800364
-1.783428
-1.745805
-1.684331
-1.594859
-1.491895
-1.598025
-1.657706
-1.691603
-1.855368
-2.014535
-2.092554
-2.075116
-1.919762
-1.779351
-1.744588
-1.716400
-1.766361
-1.796508
-1.805289
-1.805900
-1.787557
-1.747463
-1.681092
-1.585204
-1.472271
-1.576694
-1.631779
-1.640984
-1.804820
-1.966541
-2.066916
-2.074430
-1.916153
-1.768590
-1.725533
-1.694717
-1.740126
-1.780403
-1.791613
-1.794723
-1.778419
-1.741659
-1.681148
-1.592930
-1.491138
-1.593916
-1.646285
-1.677253
-1.840861
-2.001403
-2.090775
-2.070093
-1.917409
-1.766586
-1.726322
-1.697279
-1.741988
-1.777221
-1.786764
-1.788845
-1.771285
-1.733031
-1.670521
-1.579080
-1.473026
-1.580090
-1.647753
-1.666880
-1.830225
-1.990528
-2.077081
-2.062476
-1.909859
-1.770655
-1.733218
-1.704689
-1.752689
-1.784065
-1.791566
-1.791796
-1.773234
-1.733123
-1.666626
-1.570051
-1.456379
-1.561939
-1.623218
-1.621899
-1.785668
-1.948286
-2.057801
-2.058649
-1.900825
-1.755311
-1.712241
-1.682019
-1.720077
-1.759525
-1.769495
-1.771877
-1.755106
-1.717721
-1.656126
-1.565556
-1.459970
-1.561737
-1.629375
-1.643550
-1.806737
-1.968607
-2.076929
-2.061138
-1.910324
-1.755759
-1.713614
-1.685359
-1.730644
-1.770269
-1.781208
-1.784942
-1.769214
-1.731899
-1.669110
-1.576867
-1.466639
-1.565537
-1.633958
-1.641086
-1.803959
-1.965743
-2.076747
-2.061445
-1.906283
-1.753492
-1.711888
-1.684469
-1.730563
-1.770104
-1.780422
-1.782849
-1.765752
-1.728191
-1.666496
-1.576464
-1.472092
-1.567116
-1.630082
-1.646532
-1.809764
-1.971914
-2.081263
-2.073949
-1.927951
-1.770403
-1.723792
-1.695353
-1.741189
-1.780888
-1.791533
-1.794624
-1.778042
-1.740680
-1.678721
-1.587652
-1.482070
-1.580182
-1.650815
-1.665345
-1.828177
-1.989143
-2.084062
-2.065727
-1.926679
-1.772047
-1.729751
-1.701862
-1.736646
-1.772649
-1.781288
-1.782833
-1.765315
-1.726263
-1.661519
-1.567217
-1.453176
-1.552929
-1.616922
-1.603949
-1.766210
-1.927328
-2.040084
-2.030864
-1.882250
-1.731750
-1.687314
-1.657121
-1.691340
-1.731526
-1.743109
-1.745707
-1.728776
-1.691572
-1.630052
-1.539122
-1.432475
-1.535105
-1.605069
-1.604087
-1.766910
-1.928468
-2.036929
-2.037074
-1.901739
-1.747029
-1.703159
-1.673516
-1.708492
-1.746968
-1.754861
-1.755629
-1.737403
-1.698516
-1.634653
-1.541250
-1.428772
-1.530529
-1.597293
-1.580631
-1.742277
-1.903799
-2.011912
-1.998002
-1.872715
-1.726217
-1.684622
-1.653209
-1.681585
-1.720307
-1.731209
-1.733353
-1.716548
-1.678939
-1.615790
-1.522682
-1.410670
-1.507846
-1.566265
-1.543998
-1.705254
-1.866375
-1.978055
-1.977007
-1.860384
-1.709750
-1.665680
-1.634980
-1.665495
-1.708144
-1.719963
-1.723697
-1.708325
-1.670233
-1.604120
-1.507769
-1.386312
-1.470676
-1.507761
-1.502792
-1.663901
-1.821523
-1.926519
-1.925429
-1.814876
-1.664652
-1.612127
-1.581096
-1.615710
-1.670138
-1.687150
-1.697540
-1.687678
-1.654339
-1.593288
-1.502024
-1.385900
-1.451887
-1.490878
-1.499117
-1.661001
-1.820517
-1.920811
-1.917867
-1.810757
-1.653062
-1.597621
-1.570307
-1.635160
-1.691647
-1.711685
-1.723926
-1.715662
-1.686717
-1.632349
-1.546928
-1.444012
-1.551071
-1.603025
-1.598274
-1.759717
-1.922435
-2.013430
-2.041301
-1.905837
-1.754563
-1.716142
-1.712415
-1.770432
-1.805889
-1.813334
-1.814211
-1.796651
-1.754959
-1.682560
-1.576609
-1.444893
-1.549203
-1.598239
-1.557423
-1.720899
-1.881099
-1.987135
-1.978359
-1.865639
-1.717958
-1.672120
-1.639495
-1.643701
-1.692572
-1.706278
-1.714782
-1.703090
-1.666676
-1.600343
-1.502401
-1.378629
-1.464363
-1.481385
-1.442602
-1.599415
-1.759849
-1.895578
-1.918606
-1.821789
-1.684187
-1.615690
-1.569120
-1.583296
-1.630798
-1.639825
-1.638232
-1.615402
-1.572427
-1.508540
-1.433376
-1.339557
-1.445861
-1.513283
-1.524663
-1.687438
-1.846413
-1.929014
-1.939557
-1.833211
-1.676072
-1.628842
-1.601517
-1.649585
-1.682099
-1.691818
-1.691838
-1.673072
-1.633944
-1.569852
-1.475418
-1.360798
-1.410105
-1.528314
-1.511767
-1.674201
-1.835692
-1.963065
-1.980366
-1.843950
-1.695534
-1.643804
-1.611999
-1.625135
-1.659363
-1.668114
-1.666109
-1.645398
-1.605182
-1.543265
-1.453309
-1.340430
-1.387522
-1.507201
-1.501928
-1.665221
-1.826800
-1.952019
-1.958947
-1.846053
-1.688525
-1.634078
-1.603032
-1.619348
-1.660998
-1.675620
-1.679843
-1.665466
-1.630702
-1.570969
-1.480520
-1.363248
-1.401486
-1.495045
-1.479890
-1.642029
-1.798815
-1.910586
-1.918522
-1.815266
-1.661221
-1.607400
-1.577709
-1.601881
-1.646422
-1.660514
-1.664173
-1.649389
-1.614471
-1.554676
-1.464907
-1.348820
-1.373914
-1.453035
-1.456191
-1.616000
-1.772171
-1.882307
-1.892439
-1.789807
-1.636037
-1.574903
-1.548686
-1.575686
-1.616069
-1.627389
-1.628331
-1.611044
-1.574329
-1.514563
-1.425921
-1.319527
-1.370581
-1.486187
-1.490856
-1.650544
-1.815826
-1.948938
-1.986230
-1.858739
-1.700576
-1.644803
-1.627003
-1.694193
-1.731907
-1.740169
-1.739491
-1.720758
-1.682846
-1.622686
-1.534429
-1.430798
-1.485651
-1.590788
-1.598571
-1.759660
-1.918980
-2.013043
-2.018188
-1.913795
-1.758925
-1.708118
-1.682738
-1.716232
-1.746508
-1.754394
-1.755095
-1.737323
-1.699429
-1.637873
-1.546523
-1.438431
-1.491005
-1.615635
-1.594915
-1.753945
-1.912152
-2.011243
-2.013748
-1.899861
-1.746156
-1.691728
-1.665143
-1.685963
-1.716372
-1.722234
-1.721047
-1.701409
-1.661881
-1.600904
-1.511492
-1.406044
-1.461150
-1.593539
-1.576335
-1.737966
-1.897292
-2.004360
-2.012975
-1.908499
-1.751446
-1.693658
-1.664430
-1.690135
-1.725349
-1.735276
-1.738226
-1.722178
-1.685331
-1.624497
-1.533090
-1.421468
-1.474341
-1.599366
-1.567625
-1.726580
-1.887892
-2.017627
-2.042126
-1.924684
-1.767074
-1.704269
-1.671417
-1.686598
-1.728664
-1.742955
-1.750070
-1.738120
-1.704639
-1.646440
-1.558476
-1.447237
-1.497381
-1.617104
-1.600107
-1.761013
-1.922042
-2.039371
-2.057667
-1.928997
-1.769038
-1.700148
-1.668740
-1.662518
-1.724766
-1.756992
-1.779340
-1.781617
-1.759752
-1.710183
-1.629561
-1.523183
-1.554069
-1.632520
-1.595830
-1.755448
-1.907707
-2.006480
-1.993045
-1.877180
-1.718974
-1.659120
-1.625828
-1.616610
-1.675926
-1.704240
-1.721257
-1.718115
-1.692042
-1.640178
-1.559715
-1.462943
-1.499756
-1.575298
-1.553188
-1.712022
-1.872952
-1.998500
-2.019181
-1.893742
-1.733811
-1.667570
-1.633914
-1.648481
-1.700932
-1.727133
-1.740649
-1.733479
-1.705836
-1.655561
-1.579897
-1.489327
-1.529663
-1.614645
-1.623544
-1.786916
-1.948253
-2.057881
-2.064099
-1.943730
-1.783115
-1.719630
-1.691778
-1.719702
-1.769072
-1.792181
-1.805071
-1.798100
-1.767408
-1.708827
-1.619302
-1.505197
-1.543399
-1.634726
-1.612882
-1.775278
-1.935922
-2.041482
-2.027308
-1.889557
-1.731893
-1.675452
-1.647968
-1.652958
-1.699456
-1.721082
-1.732179
-1.724355
-1.694749
-1.639764
-1.556159
-1.447980
-1.484507
-1.565044
-1.555726
-1.717735
-1.877956
-1.989870
-1.995293
-1.855573
-1.698454
-1.644448
-1.612899
-1.634968
-1.683932
-1.703203
-1.710776
-1.698663
-1.666609
-1.613012
-1.538064
-1.449223
-1.497811
-1.576329
-1.582358
-1.742981
-1.904894
-2.023939
-2.058321
-1.938667
-1.778443
-1.716127
-1.680677
-1.713306
-1.767427
-1.791329
-1.805514
-1.798790
-1.767104
-1.706127
-1.614034
-1.498129
-1.588026
-1.639567
-1.618525
-1.779924
-1.939840
-2.031827
-2.004103
-1.875300
-1.720097
-1.670429
-1.641501
-1.661793
-1.711274
-1.728221
-1.736846
-1.726560
-1.692782
-1.630775
-1.539099
-1.423312
-1.498953
-1.524215
-1.517308
-1.678019
-1.836708
-1.948031
-1.958768
-1.845839
-1.691776
-1.635113
-1.601938
-1.612555
-1.672073
-1.692577
-1.705594
-1.693697
-1.652673
-1.581387
-1.483097
-1.362270
-1.434627
-1.443344
-1.464558
-1.626190
-1.785702
-1.896751
-1.925581
-1.819258
-1.659540
-1.583406
-1.534158
-1.569391
-1.635156
-1.661104
-1.677625
-1.671510
-1.644017
-1.594317
-1.526958
-1.446691
-1.543061
-1.606964
-1.631910
-1.795135
-1.955987
-2.031156
-2.055748
-1.932357
-1.773252
-1.738774
-1.794150
-1.854869
-1.893354
-1.907895
-1.912564
-1.895206
-1.848147
-1.768409
-1.655838
-1.520630
-1.620948
-1.650060
-1.627025
-1.790453
-1.950766
-2.036154
-2.027355
-1.899647
-1.758879
-1.713369
-1.678217
-1.675040
-1.714553
-1.725866
-1.731252
-1.715756
-1.673773
-1.602101
-1.501070
-1.375382
-1.474503
-1.479315
-1.452641
-1.611209
-1.772431
-1.908050
-1.947390
-1.870582
-1.729750
-1.664364
-1.600374
-1.611173
-1.661174
-1.672421
-1.673059
-1.651753
-1.609559
-1.546441
-1.474229
-1.385179
-1.498156
-1.592533
-1.640294
-1.804860
-1.959685
-2.018048
-2.031668
-1.898920
-1.745646
-1.710128
-1.730993
-1.784899
-1.816504
-1.827759
-1.828660
-1.808245
-1.758373
-1.676660
-1.564388
-1.429725
-1.534529
-1.569793
-1.550187
-1.712598
-1.873231
-1.986392
-1.985365
-1.861501
-1.714884
-1.669674
-1.627344
-1.610640
-1.672911
-1.692418
-1.707458
-1.698405
-1.661723
-1.595745
-1.500521
-1.381487
-1.477772
-1.476823
-1.471903
-1.632497
-1.791893
-1.913516
-1.932796
-1.828569
-1.677571
-1.616809
-1.551460
-1.559684
-1.609117
-1.618465
-1.616715
-1.592929
-1.548314
-1.482201
-1.406512
-1.315535
-1.429669
-1.516470
-1.562868
-1.726785
-1.886237
-1.955028
-1.962954
-1.826335
-1.681638
-1.643786
-1.637953
-1.692564
-1.727246
-1.734894
-1.734807
-1.714670
-1.667566
-1.589200
-1.481461
-1.349312
-1.451786
-1.479479
-1.479894
-1.643528
-1.805736
-1.949867
-1.976681
-1.829736
-1.693257
-1.644796
-1.594963
-1.584244
-1.636958
-1.648700
-1.650205
-1.630321
-1.589797
-1.527818
-1.443645
-1.347340
-1.458840
-1.533561
-1.571937
-1.738123
-1.900147
-1.811070
-1.875925
-1.933850
-1.938646
-1.940665
-1.921574
-1.912992
-1.901400
-1.887032
-1.869909
-1.850097
-1.827584
-1.802358
-1.774353
-1.743366
-1.709092
-1.671300
-1.629650
-1.583792
-1.533303
-1.477743
-1.416147
-1.345782
-1.267704
-1.182861
-1.093474
-1.002723
-0.916653
-0.837654
-0.837760
-0.843291
-0.837816
-0.837981
-0.852127
-0.899960
-0.989585
-1.109074
-1.245630
-1.382787
-1.469274
-1.552330
-1.811483
-1.875123
-1.932298
-1.936588
-1.926147
-1.917825
-1.909353
-1.899356
-1.888234
-1.871236
-2.020652
-2.072238
-2.055729
-2.129482
-2.141245
-2.095880
-2.010785
-1.859493
-1.703081
-1.594931
-1.582980
-1.579064
-1.581151
-1.560498
-1.545272
-1.536520
-1.534954
-1.538972
-1.550395
-1.569761
-1.707217
-1.656577
-1.643011
-1.792606
-1.881919
-1.911240
-1.927310
-1.885630
-1.770504
-1.676993
-1.624256
-1.623666
-1.629375
-1.612587
-1.604645
-1.604871
-1.613486
-1.626753
-1.643767
-1.666778
-1.830987
-1.861867
-1.862983
-1.977483
-2.029437
-2.038328
-2.037760
-2.011140
-1.930085
-1.824829
-1.702737
-1.707201
-1.699644
-1.671548
-1.656983
-1.649442
-1.648054
-1.650617
-1.658571
-1.675035
-1.819885
-1.809246
-1.800249
-1.895718
-1.953019
-1.956350
-1.964779
-1.934494
-1.826219
-1.745842
-1.719764
-1.706221
-1.694990
-1.668863
-1.653568
-1.644669
-1.641906
-1.643756
-1.650403
-1.663300
-1.824904
-1.844753
-1.839099
-1.946805
-2.024226
-2.036199
-2.029807
-1.993144
-1.917179
-1.825959
-1.694981
-1.672845
-1.648760
-1.605081
-1.570802
-1.540288
-1.515207
-1.494519
-1.479483
-1.471383
-1.607820
-1.692251
-1.701030
-1.812723
-1.888374
-1.916309
-1.923184
-1.887879
-1.828146
-1.732872
-1.602352
-1.603796
-1.587366
-1.553606
-1.528767
-1.507770
-1.491731
-1.479596
-1.472795
-1.474395
-1.610088
-1.658403
-1.653421
-1.758066
-1.809135
-1.826757
-1.846222
-1.818892
-1.744926
-1.659895
-1.613490
-1.607658
-1.597865
-1.573272
-1.562955
-1.559624
-1.562712
-1.570077
-1.581829
-1.601590
-1.735072
-1.752128
-1.763736
-1.879238
-1.952208
-1.959847
-1.944758
-1.910303
-1.817617
-1.736382
-1.687589
-1.672134
-1.655736
-1.623123
-1.603303
-1.590348
-1.583965
-1.582733
-1.587257
-1.600536
-1.732405
-1.750171
-1.755507
-1.866094
-1.938698
-1.946460
-1.943027
-1.909089
-1.822857
-1.741059
-1.658859
-1.651911
-1.637096
-1.607006
-1.588685
-1.575816
-1.568644
-1.566040
-1.568187
-1.578134
-1.711501
-1.747893
-1.755308
-1.865399
-1.931165
-1.938088
-1.944776
-1.915826
-1.831911
-1.749196
-1.688196
-1.676467
-1.662107
-1.632382
-1.614738
-1.604502
-1.600596
-1.601335
-1.606753
-1.619575
-1.752359
-1.779826
-1.788075
-1.902124
-1.971082
-1.973760
-1.968165
-1.935595
-1.845068
-1.762038
-1.697698
-1.683423
-1.667531
-1.635641
-1.615185
-1.602816
-1.596577
-1.595130
-1.598590
-1.609913
-1.742521
-1.770439
-1.776175
-1.887875
-1.952538
-1.955756
-1.957021
-1.928137
-1.840581
-1.758268
-1.691527
-1.677979
-1.662040
-1.630548
-1.611306
-1.599318
-1.593629
-1.592671
-1.596480
-1.607736
-1.741016
-1.775615
-1.781579
-1.894966
-1.962441
-1.965093
-1.964120
-1.933478
-1.846519
-1.762303
-1.691079
-1.680285
-1.664885
-1.633288
-1.615428
-1.603476
-1.597576
-1.596234
-1.599655
-1.610547
-1.743718
-1.777266
-1.781538
-1.892285
-1.955540
-1.954909
-1.954036
-1.926638
-1.841775
-1.758187
-1.684671
-1.678044
-1.665383
-1.636966
-1.621340
-1.611590
-1.607656
-1.607981
-1.612721
-1.624757
-1.757354
-1.785200
-1.790157
-1.897829
-1.962463
-1.958737
-1.950519
-1.923663
-1.839326
-1.760029
-1.692249
-1.679794
-1.663470
-1.632614
-1.614311
-1.601897
-1.595425
-1.593482
-1.596149
-1.605878
-1.739289
-1.778156
-1.781328
-1.889698
-1.957665
-1.962901
-1.962464
-1.933511
-1.848956
-1.765869
-1.693142
-1.684180
-1.669479
-1.639648
-1.622001
-1.610083
-1.603820
-1.602044
-1.604792
-1.615013
-1.747897
-1.781036
-1.782148
-1.887733
-1.948985
-1.946684
-1.945915
-1.921618
-1.839213
-1.758400
-1.688656
-1.679920
-1.666031
-1.637698
-1.621194
-1.610808
-1.606201
-1.605922
-1.610110
-1.621365
-1.754165
-1.786575
-1.789145
-1.899195
-1.967765
-1.971469
-1.966348
-1.935569
-1.847624
-1.766130
-1.700881
-1.686874
-1.671191
-1.640506
-1.621845
-1.608996
-1.601847
-1.599104
-1.601177
-1.610994
-1.743584
-1.774671
-1.772667
-1.876651
-1.937087
-1.936610
-1.938725
-1.915723
-1.833947
-1.755016
-1.690803
-1.678027
-1.662888
-1.633001
-1.615900
-1.604766
-1.599605
-1.598973
-1.602875
-1.613620
-1.747251
-1.787334
-1.788395
-1.897426
-1.967374
-1.973215
-1.970148
-1.940400
-1.855192
-1.772640
-1.703036
-1.690340
-1.673857
-1.642455
-1.622673
-1.608418
-1.599742
-1.595670
-1.596278
-1.604328
-1.737790
-1.780277
-1.777297
-1.883594
-1.946685
-1.952237
-1.956408
-1.928838
-1.846524
-1.763465
-1.693344
-1.687487
-1.675381
-1.648818
-1.633964
-1.624740
-1.620896
-1.621181
-1.625625
-1.636992
-1.769598
-1.801092
-1.800800
-1.900670
-1.962662
-1.960199
-1.953307
-1.929320
-1.847393
-1.769537
-1.704841
-1.691560
-1.675594
-1.646471
-1.628497
-1.616195
-1.609412
-1.607063
-1.609187
-1.618013
-1.751089
-1.789987
-1.786196
-1.886900
-1.953962
-1.961892
-1.962046
-1.936185
-1.854056
-1.773200
-1.702136
-1.693843
-1.679331
-1.650348
-1.632179
-1.619113
-1.611333
-1.607912
-1.608902
-1.616950
-1.749856
-1.790092
-1.785125
-1.886702
-1.947117
-1.955139
-1.961382
-1.936028
-1.855446
-1.774297
-1.701487
-1.701765
-1.693255
-1.671698
-1.660826
-1.655116
-1.654147
-1.656293
-1.661824
-1.674341
-1.802699
-1.819003
-1.818221
-1.923509
-1.986787
-1.983669
-1.970224
-1.942096
-1.850262
-1.776100
-1.729526
-1.717018
-1.703775
-1.676097
-1.661259
-1.652653
-1.650001
-1.651826
-1.658127
-1.670997
-1.802924
-1.829540
-1.827909
-1.929116
-2.001262
-2.008971
-1.995980
-1.964007
-1.875213
-1.797027
-1.724598
-1.715548
-1.700109
-1.669729
-1.649902
-1.634950
-1.625137
-1.619668
-1.618928
-1.625693
-1.757468
-1.789938
-1.777394
-1.870838
-1.932722
-1.945191
-1.954219
-1.929564
-1.846985
-1.768720
-1.710292
-1.699061
-1.685000
-1.656958
-1.640044
-1.628478
-1.622437
-1.620913
-1.623710
-1.633196
-1.766371
-1.809494
-1.803200
-1.904009
-1.970321
-1.979717
-1.983386
-1.957422
-1.876460
-1.795540
-1.720492
-1.727932
-1.723792
-1.707545
-1.700161
-1.696605
-1.696575
-1.698845
-1.704422
-1.717907
-1.824141
-1.818839
-1.815132
-1.929677
-1.998180
-1.997367
-1.982900
-1.950225
-1.848617
-1.777450
-1.759093
-1.741691
-1.724594
-1.693012
-1.672856
-1.659287
-1.651798
-1.648951
-1.650905
-1.659174
-1.791770
-1.834800
-1.828673
-1.933681
-2.011318
-2.020736
-2.013277
-1.982382
-1.900915
-1.817065
-1.701327
-1.697870
-1.680275
-1.646220
-1.621094
-1.599381
-1.582623
-1.569861
-1.561226
-1.558911
-1.693398
-1.761082
-1.753430
-1.856049
-1.920648
-1.937414
-1.950132
-1.924196
-1.854486
-1.766882
-1.651834
-1.656884
-1.641842
-1.613142
-1.592821
-1.576799
-1.565827
-1.558778
-1.556150
-1.560387
-1.695821
-1.752012
-1.737888
-1.836185
-1.892489
-1.904970
-1.920354
-1.898902
-1.825678
-1.735043
-1.640102
-1.640688
-1.629505
-1.605628
-1.591200
-1.581424
-1.576486
-1.575197
-1.578045
-1.588263
-1.722111
-1.758454
-1.746270
-1.846003
-1.904017
-1.911272
-1.923490
-1.902881
-1.819589
-1.731382
-1.673470
-1.664310
-1.654032
-1.631360
-1.620477
-1.616046
-1.617342
-1.622769
-1.631953
-1.648247
-1.780652
-1.803407
-1.799113
-1.909348
-1.975173
-1.977519
-1.971550
-1.945052
-1.853362
-1.769001
-1.707930
-1.695858
-1.682954
-1.656293
-1.641990
-1.633963
-1.632205
-1.634987
-1.642083
-1.656426
-1.788805
-1.816511
-1.809991
-1.913243
-1.979789
-1.983950
-1.982641
-1.958297
-1.871583
-1.784796
-1.705897
-1.701842
-1.692056
-1.667989
-1.654862
-1.647223
-1.644926
-1.646697
-1.652162
-1.664875
-1.796495
-1.822097
-1.815211
-1.919895
-1.982387
-1.984344
-1.985097
-1.960224
-1.873944
-1.788083
-1.695320
-1.696225
-1.685525
-1.662468
-1.649888
-1.643308
-1.642504
-1.645958
-1.652717
-1.665504
-1.798523
-1.838132
-1.836791
-1.946626
-2.014081
-2.015208
-2.009999
-1.983338
-1.895019
-1.806728
-1.720226
-1.717149
-1.705992
-1.680337
-1.665430
-1.655953
-1.651645
-1.651334
-1.654859
-1.666053
-1.797377
-1.820051
-1.808679
-1.905209
-1.955978
-1.950631
-1.952971
-1.936674
-1.853289
-1.770505
-1.702478
-1.700670
-1.693438
-1.673764
-1.665557
-1.664235
-1.668739
-1.676961
-1.688489
-1.706048
-1.834879
-1.852363
-1.849447
-1.956963
-2.029068
-2.036456
-2.019049
-1.986407
-1.892169
-1.808819
-1.740851
-1.737215
-1.726547
-1.702707
-1.689612
-1.682299
-1.680511
-1.682852
-1.688653
-1.700836
-1.832137
-1.860261
-1.852792
-1.954753
-2.021127
-2.023911
-2.018230
-1.991417
-1.901852
-1.815657
-1.732350
-1.729441
-1.718543
-1.693373
-1.678583
-1.669016
-1.664633
-1.664353
-1.667876
-1.678754
-1.809975
-1.836581
-1.823018
-1.920810
-1.976834
-1.978901
-1.984927
-1.964298
-1.877814
-1.793185
-1.719950
-1.717793
-1.710131
-1.689462
-1.679966
-1.676273
-1.677899
-1.683292
-1.691793
-1.706674
-1.836373
-1.858686
-1.851377
-1.954372
-2.015478
-2.016455
-2.008107
-1.982913
-1.890201
-1.807683
-1.741629
-1.739281
-1.730733
-1.708993
-1.698500
-1.694220
-1.695749
-1.701243
-1.710303
-1.725491
-1.853851
-1.873666
-1.865074
-1.966645
-2.034124
-2.038087
-2.024224
-1.995242
-1.905387
-1.821547
-1.734464
-1.731395
-1.718050
-1.690967
-1.673801
-1.661396
-1.654038
-1.650939
-1.651533
-1.658625
-1.791061
-1.837915
-1.821164
-1.916814
-1.981674
-1.992225
-2.002060
-1.981170
-1.902192
-1.813781
-1.709982
-1.716427
-1.705109
-1.679599
-1.662995
-1.650250
-1.641930
-1.637034
-1.635992
-1.642064
-1.773655
-1.808215
-1.782867
-1.870930
-1.919992
-1.926579
-1.940438
-1.925620
-1.847921
-1.762231
-1.693864
-1.701477
-1.700489
-1.688514
-1.686188
-1.688968
-1.695895
-1.705312
-1.717222
-1.735688
-1.846307
-1.847392
-1.838427
-1.956163
-2.024940
-2.034806
-2.020460
-1.989691
-1.880023
-1.800315
-1.777474
-1.760912
-1.744715
-1.714079
-1.694019
-1.680338
-1.672801
-1.669985
-1.671937
-1.680561
-1.812351
-1.847821
-1.828178
-1.926547
-2.001550
-2.008721
-2.004708
-1.982298
-1.900784
-1.808460
-1.695395
-1.679740
-1.663719
-1.631361
-1.607316
-1.586289
-1.569410
-1.556020
-1.546999
-1.545765
-1.680171
-1.746668
-1.712379
-1.805673
-1.867331
-1.884917
-1.902048
-1.886585
-1.819927
-1.737497
-1.650389
-1.656245
-1.644473
-1.623484
-1.610864
-1.603342
-1.600533
-1.601300
-1.605773
-1.617316
-1.720521
-1.760831
-1.753247
-1.857357
-1.927784
-1.935583
-1.926246
-1.903384
-1.818848
-1.731577
-1.671639
-1.666378
-1.651622
-1.628276
-1.614165
-1.605587
-1.602252
-1.602973
-1.607581
-1.618792
-1.723526
-1.785184
-1.778293
-1.878488
-1.949379
-1.958001
-1.956697
-1.935438
-1.852705
-1.764872
-1.694255
-1.691441
-1.678438
-1.654602
-1.641079
-1.632964
-1.630219
-1.631461
-1.636361
-1.648643
-1.752162
-1.798662
-1.786695
-1.889510
-1.951582
-1.956516
-1.955038
-1.935070
-1.846991
-1.761341
-1.707352
-1.698236
-1.683725
-1.660361
-1.645360
-1.637600
-1.635758
-1.638529
-1.645099
-1.658109
-1.763075
-1.823103
-1.817784
-1.922968
-1.997529
-2.003217
-1.991421
-1.965430
-1.879889
-1.790609
-1.703136
-1.702211
-1.685249
-1.657526
-1.639061
-1.625476
-1.616883
-1.612279
-1.611679
-1.618710
-1.721609
-1.785682
-1.766252
-1.861673
-1.919271
-1.925201
-1.934352
-1.919261
-1.839652
-1.751126
-1.683242
-1.684505
-1.674609
-1.653986
-1.644099
-1.640023
-1.641151
-1.645917
-1.653877
-1.668923
-1.772548
-1.804248
-1.791783
-1.895179
-1.954244
-1.958014
-1.945009
-1.927236
-1.840987
-1.760779
-1.714861
-1.702958
-1.687154
-1.662430
-1.644451
-1.634314
-1.630265
-1.630989
-1.636261
-1.648528
-1.752638
-1.803302
-1.787363
-1.883508
-1.962334
-1.974752
-1.966283
-1.943196
-1.860379
-1.770492
-1.663825
-1.678052
-1.668006
-1.647498
-1.634197
-1.625023
-1.619878
-1.618092
-1.619563
-1.628301
-1.730443
-1.779828
-1.753954
-1.843480
-1.891718
-1.896523
-1.904474
-1.895750
-1.821280
-1.740185
-1.690160
-1.682698
-1.669912
-1.649412
-1.637266
-1.632381
-1.633568
-1.639158
-1.648220
-1.662809
-1.768111
-1.827449
-1.816175
-1.913883
-1.993238
-2.006559
-1.992798
-1.967322
-1.886906
-1.799430
-1.705805
-1.713123
-1.700300
-1.677440
-1.662662
-1.652367
-1.646662
-1.644924
-1.646524
-1.654380
-1.757171
-1.823144
-1.801739
-1.892597
-1.958043
-1.969493
-1.976953
-1.962375
-1.882654
-1.792603
-1.714546
-1.716019
-1.702592
-1.678395
-1.663637
-1.653532
-1.648099
-1.646303
-1.648035
-1.656644
-1.759051
-1.813080
-1.787993
-1.878888
-1.936522
-1.942922
-1.948989
-1.937196
-1.856845
-1.770641
-1.709324
-1.709924
-1.701054
-1.682314
-1.673783
-1.671412
-1.674555
-1.681623
-1.691684
-1.707106
-1.811561
-1.862570
-1.851813
-1.950567
-2.023358
-2.033486
-2.015362
-1.988428
-1.900178
-1.814361
-1.742683
-1.739890
-1.724317
-1.698526
-1.682368
-1.671149
-1.665170
-1.663592
-1.665995
-1.674717
-1.778350
-1.850129
-1.827690
-1.910962
-1.979087
-1.992818
-1.999694
-1.987186
-1.910067
-1.818690
-1.723213
-1.729688
-1.713556
-1.686620
-1.667248
-1.651735
-1.640273
-1.632549
-1.628382
-1.631086
-1.732379
-1.804192
-1.769408
-1.851746
-1.906684
-1.918327
-1.930119
-1.920743
-1.847919
-1.761555
-1.699839
-1.702271
-1.693692
-1.674971
-1.665908
-1.662359
-1.663743
-1.668626
-1.676338
-1.689666
-1.792993
-1.838177
-1.818316
-1.909087
-1.971402
-1.979837
-1.965716
-1.947666
-1.866403
-1.785684
-1.732947
-1.720673
-1.703833
-1.677713
-1.659655
-1.648409
-1.642931
-1.642142
-1.645637
-1.655368
-1.758954
-1.822264
-1.796028
-1.882827
-1.959925
-1.977760
-1.977941
-1.963254
-1.886373
-1.795443
-1.697804
-1.704399
-1.689558
-1.663826
-1.644885
-1.629099
-1.617059
-1.608778
-1.603961
-1.605310
-1.707671
-1.801590
-1.764276
-1.845840
-1.910348
-1.930141
-1.943520
-1.933664
-1.865352
-1.781682
-1.689489
-1.697386
-1.683846
-1.660444
-1.644756
-1.633492
-1.626582
-1.623495
-1.623853
-1.630610
-1.733053
-1.798965
-1.763173
-1.846268
-1.906834
-1.920084
-1.930501
-1.923567
-1.849643
-1.760223
-1.700271
-1.701199
-1.692680
-1.674553
-1.666280
-1.663713
-1.666464
-1.673266
-1.683072
-1.697838
-1.802803
-1.867392
-1.850799
-1.941410
-2.016482
-2.031096
-2.016068
-1.992713
-1.910318
-1.823047
-1.748939
-1.747427
-1.730019
-1.702668
-1.684572
-1.671108
-1.662977
-1.659689
-1.660315
-1.665937
-1.769631
-1.874923
-1.850935
-1.930752
-1.997826
-2.022340
-2.037091
-2.025462
-1.955907
-1.869641
-1.766675
-1.764122
-1.749917
-1.723069
-1.703204
-1.686711
-1.674407
-1.666242
-1.661435
-1.662737
-1.763853
-1.848496
-1.806710
-1.879974
-1.929121
-1.936863
-1.942011
-1.934993
-1.868772
-1.784862
-1.727130
-1.729859
-1.721226
-1.703269
-1.694526
-1.692485
-1.696497
-1.705162
-1.716873
-1.732795
-1.837151
-1.911436
-1.899777
-1.981502
-2.051997
-2.070495
-2.057083
-2.033141
-1.952686
-1.866359
-1.775132
-1.790314
-1.779671
-1.757806
-1.744251
-1.735098
-1.730952
-1.731200
-1.734662
-1.742734
-1.844854
-1.930543
-1.908032
-1.978563
-2.037598
-2.049517
-2.051023
-2.038603
-1.962060
-1.873236
-1.777710
-1.798106
-1.791301
-1.773342
-1.762748
-1.756857
-1.755431
-1.757559
-1.762476
-1.772457
-1.872318
-1.919814
-1.896790
-1.975936
-2.047471
-2.065924
-2.043353
-2.016054
-1.932281
-1.846603
-1.764513
-1.772186
-1.757541
-1.734972
-1.718918
-1.707917
-1.701211
-1.698215
-1.698704
-1.705491
-1.777840
-1.854524
-1.835418
-1.908283
-1.980128
-2.000058
-1.992068
-1.972002
-1.889735
-1.796110
-1.716789
-1.724332
-1.708692
-1.685976
-1.668944
-1.657365
-1.650290
-1.647220
-1.647426
-1.653099
-1.726427
-1.839312
-1.819234
-1.893921
-1.972239
-1.993905
-1.991457
-1.973386
-1.895864
-1.800761
-1.708814
-1.723029
-1.710069
-1.687461
-1.671603
-1.660296
-1.653337
-1.649738
-1.649513
-1.656030
-1.728553
-1.810828
-1.782769
-1.855526
-1.922876
-1.938074
-1.933453
-1.921474
-1.845317
-1.752082
-1.685459
-1.689028
-1.675076
-1.656116
-1.640394
-1.633214
-1.631508
-1.634131
-1.640220
-1.651617
-1.727947
-1.832585
-1.820247
-1.900485
-1.987226
-2.013229
-2.000024
-1.974829
-1.894975
-1.798116
-1.708851
-1.723885
-1.710246
-1.688259
-1.672341
-1.662050
-1.656426
-1.654850
-1.656705
-1.664374
-1.738648
-1.842595
-1.819912
-1.894739
-1.972764
-1.992307
-1.983789
-1.964097
-1.885203
-1.788454
-1.704204
-1.715240
-1.700221
-1.676558
-1.659666
-1.648231
-1.641610
-1.639185
-1.640350
-1.647301
-1.721609
-1.835799
-1.814425
-1.886235
-1.966241
-1.988281
-1.982077
-1.964102
-1.890373
-1.794857
-1.710450
-1.707017
-1.690375
-1.664778
-1.644856
-1.629465
-1.618471
-1.611228
-1.607746
-1.610344
-1.682892
-1.809872
-1.778676
-1.849623
-1.925850
-1.945323
-1.946906
-1.936003
-1.866590
-1.774907
-1.686218
-1.687876
-1.673101
-1.648760
-1.630466
-1.616802
-1.607712
-1.602431
-1.600891
-1.605584
-1.679410
-1.801852
-1.770161
-1.840981
-1.918636
-1.938324
-1.938021
-1.926715
-1.855568
-1.758402
-1.669763
-1.683578
-1.668853
-1.645461
-1.628316
-1.616601
-1.610092
-1.607854
-1.608973
-1.615241
-1.689752
-1.819537
-1.791286
-1.871672
-1.955751
-1.974232
-1.970687
-1.958295
-1.888905
-1.791030
-1.697781
-1.687925
-1.673842
-1.650930
-1.633128
-1.620058
-1.611790
-1.607487
-1.606839
-1.612362
-1.686433
-1.815230
-1.776267
-1.852171
-1.927220
-1.939939
-1.941096
-1.931928
-1.862977
-1.766039
-1.673373
-1.669412
-1.656371
-1.634505
-1.619144
-1.609360
-1.604877
-1.604596
-1.607877
-1.617550
-1.693344
-1.810294
-1.776601
-1.857483
-1.936294
-1.949963
-1.944601
-1.931298
-1.859739
-1.757483
-1.670873
-1.669307
-1.656079
-1.634630
-1.619801
-1.610153
-1.605397
-1.604533
-1.607306
-1.616304
-1.691763
-1.809218
-1.779423
-1.858208
-1.935950
-1.951206
-1.948805
-1.935726
-1.862764
-1.761603
-1.670798
-1.682388
-1.671270
-1.652870
-1.639693
-1.632306
-1.629792
-1.631091
-1.635690
-1.646585
-1.722368
-1.823967
-1.798386
-1.882184
-1.958420
-1.972707
-1.963218
-1.945478
-1.866652
-1.762331
-1.675741
-1.691435
-1.680525
-1.661563
-1.649706
-1.644898
-1.645598
-1.650484
-1.658428
-1.672253
-1.749132
-1.838476
-1.819225
-1.907591
-1.988839
-2.006748
-1.989817
-1.966154
-1.882278
-1.780284
-1.694064
-1.706951
-1.696964
-1.680551
-1.667839
-1.664312
-1.666597
-1.673116
-1.682699
-1.698412
-1.775886
-1.850888
-1.834599
-1.924587
-2.003335
-2.022888
-2.002837
-1.977502
-1.889828
-1.789794
-1.704829
-1.718406
-1.708387
-1.693681
-1.679561
-1.676082
-1.678615
-1.685451
-1.695518
-1.711873
-1.789624
-1.853335
-1.842438
-1.938502
-2.021733
-2.044255
-2.019817
-1.988734
-1.895748
-1.795993
-1.708400
-1.725595
-1.721903
-1.707447
-1.700465
-1.701540
-1.708540
-1.719366
-1.732836
-1.751234
-1.856817
-1.908352
-1.894573
-1.991933
-2.060274
-2.070365
-2.041781
-2.016970
-1.934529
-1.840499
-1.760886
-1.753449
-1.741053
-1.719424
-1.702797
-1.694895
-1.693076
-1.696034
-1.702347
-1.713696
-1.818520
-1.904391
-1.882676
-1.969082
-2.039632
-2.047412
-2.041066
-2.026059
-1.948361
-1.849279
-1.754654
-1.749472
-1.735363
-1.708238
-1.689045
-1.673659
-1.662604
-1.655398
-1.651922
-1.654887
-1.757183
-1.844425
-1.802358
-1.880149
-1.938518
-1.948447
-1.959143
-1.951862
-1.881149
-1.786227
-1.683351
-1.706771
-1.706670
-1.696833
-1.694970
-1.698153
-1.705474
-1.715468
-1.727681
-1.746134
-1.834351
-1.844269
-1.825216
-1.930967
-2.006667
-2.021459
-2.005797
-1.983206
-1.885696
-1.793005
-1.774939
-1.763387
-1.749424
-1.726341
-1.707506
-1.697694
-1.693618
-1.694105
-1.698431
-1.708324
-1.810902
-1.870454
-1.851607
-1.947162
-2.026232
-2.036628
-2.020988
-1.998047
-1.913635
-1.816057
-1.718813
-1.701580
-1.683286
-1.652367
-1.628199
-1.607662
-1.591006
-1.578121
-1.569182
-1.566904
-1.669926
-1.782447
-1.739913
-1.827829
-1.895632
-1.914068
-1.927011
-1.914503
-1.848332
-1.766198
-1.655145
-1.642429
-1.628251
-1.603094
-1.584218
-1.568923
-1.557523
-1.549502
-1.545018
-1.546887
-1.651382
-1.751283
-1.711061
-1.803524
-1.864270
-1.877361
-1.892107
-1.882401
-1.813667
-1.729309
-1.634422
-1.645363
-1.637893
-1.621444
-1.613738
-1.611858
-1.614750
-1.621125
-1.630331
-1.645505
-1.750670
-1.804154
-1.782566
-1.883316
-1.948865
-1.956660
-1.944433
-1.926026
-1.839254
-1.749221
-1.703252
-1.692944
-1.679002
-1.656777
-1.640360
-1.632510
-1.630875
-1.634034
-1.641540
-1.655793
-1.761407
-1.823186
-1.803955
-1.899766
-1.973866
-1.980733
-1.967433
-1.946569
-1.865332
-1.772914
-1.687274
-1.688735
-1.673667
-1.649375
-1.632619
-1.620125
-1.611844
-1.607438
-1.606554
-1.611448
-1.715724
-1.809931
-1.786931
-1.876238
-1.941779
-1.958052
-1.970532
-1.956634
-1.883783
-1.788415
-1.679250
-1.693643
-1.686274
-1.668451
-1.657694
-1.650701
-1.647351
-1.647124
-1.650294
-1.661446
-1.759842
-1.783791
-1.754546
-1.845562
-1.891589
-1.892572
-1.896443
-1.888893
-1.805192
-1.725649
-1.696583
-1.686164
-1.671362
-1.648435
-1.634521
-1.627350
-1.626298
-1.629758
-1.637281
-1.650745
-1.755866
-1.810614
-1.794978
-1.891137
-1.969918
-1.980738
-1.965698
-1.940953
-1.858274
-1.768205
-1.811716
-1.879659
-1.942938
-1.953928
-1.957589
-1.947700
-1.944063
-1.937659
-1.928725
-1.917429
-1.903895
-1.888235
-1.870448
-1.854144
-1.831099
-1.907921
-2.060650
-2.176576
-2.235456
-2.240054
-2.232734
-2.250453
-2.262126
-2.267344
-2.283446
-2.235834
-2.075465
-1.898620
-1.764478
-1.716771
-1.649705
-1.583701
-1.520202
-1.454039
-1.382240
-1.301924
-1.210330
-1.106288
-0.991118
-0.838231
-1.048193
-1.219700
-1.378517
-1.517628
-1.641859
-1.725964
-1.766838
-1.730846
-1.673033
-1.571547
-1.507716
-1.342282
-1.158896
-1.001004
-0.837759
-0.837760
-0.837760
-0.837760
-0.837760
-0.837760
-0.875586
-0.843295
-0.887075
-0.923144
-0.983598
-1.019113
-1.056532
-1.076778
-1.109239
-1.136682
-1.145452
-1.131829
-1.038416
-1.111621
-1.149716
-1.184795
-1.196760
-1.163865
-1.081310
-0.964474
-0.890861
-1.074144
-1.244827
-1.404219
-1.570733
-1.731716
-1.869076
-1.942175
-1.813381
-1.703836
-1.687508
-1.763035
-1.791336
-1.789481
-1.767275
-1.725367
-1.649717
-1.535521
-1.389195
-1.231802
-1.146044
-1.314441
-1.347799
-1.478650
-1.643517
-1.803042
-1.920567
-1.909789
-1.752029
-1.649116
-1.613867
-1.556870
-1.591110
-1.654287
-1.674108
-1.674741
-1.633112
-1.549822
-1.434218
-1.291181
-1.204448
-1.370808
-1.418682
-1.564257
-1.728949
-1.860142
-1.919658
-1.876634
-1.717836
-1.589839
-1.572894
-1.557298
-1.609205
-1.676805
-1.707627
-1.710015
-1.667038
-1.582888
-1.468204
-1.327330
-1.237521
-1.396207
-1.374655
-1.486675
-1.656065
-1.818654
-1.929455
-1.943153
-1.783192
-1.647672
-1.617375
-1.597231
-1.686450
-1.744033
-1.775804
-1.780871
-1.744260
-1.664104
-1.544652
-1.400484
-1.307127
-1.374726
-1.411026
-1.515662
-1.676905
-1.810574
-1.838238
-1.783214
-1.628421
-1.507284
-1.448616
-1.430133
-1.461206
-1.569286
-1.617681
-1.651746
-1.645184
-1.594740
-1.503054
-1.380667
-1.294158
-1.352635
-1.346403
-1.511607
-1.681224
-1.832571
-1.929454
-1.899142
-1.739133
-1.584097
-1.554128
-1.557027
-1.651867
-1.717065
-1.759374
-1.771169
-1.740741
-1.673453
-1.579201
-1.459759
-1.374778
-1.532238
-1.532360
-1.608721
-1.778018
-1.935973
-2.011576
-2.076945
-1.955269
-1.801411
-1.788369
-1.880886
-1.930014
-1.949801
-1.943788
-1.914050
-1.854743
-1.759849
-1.628931
-1.471443
-1.377843
-1.505492
-1.545470
-1.675781
-1.839498
-1.977520
-2.017471
-1.968252
-1.810555
-1.670174
-1.646148
-1.651594
-1.742053
-1.795190
-1.825253
-1.828059
-1.793542
-1.720387
-1.614293
-1.482294
-1.391035
-1.480286
-1.456318
-1.558242
-1.724067
-1.880623
-1.965286
-1.954998
-1.795672
-1.641022
-1.609994
-1.613503
-1.713309
-1.776710
-1.814610
-1.824838
-1.793679
-1.720360
-1.613905
-1.483098
-1.391844
-1.453564
-1.448318
-1.552000
-1.716398
-1.861450
-1.922297
-1.877451
-1.719033
-1.571970
-1.538751
-1.554351
-1.655782
-1.713993
-1.746675
-1.757428
-1.731671
-1.662608
-1.553995
-1.416622
-1.323521
-1.377566
-1.384648
-1.516414
-1.680689
-1.832378
-1.902433
-1.897009
-1.736350
-1.577840
-1.527461
-1.516210
-1.580763
-1.690299
-1.710764
-1.730967
-1.704546
-1.633642
-1.529979
-1.400964
-1.310936
-1.384801
-1.391637
-1.500210
-1.665250
-1.812313
-1.890156
-1.840047
-1.680581
-1.524670
-1.494949
-1.501651
-1.607402
-1.675969
-1.718912
-1.737036
-1.720075
-1.661924
-1.566256
-1.443149
-1.357132
-1.445070
-1.425197
-1.524361
-1.690347
-1.849929
-1.943607
-1.930595
-1.770705
-1.613218
-1.589317
-1.585076
-1.676445
-1.747735
-1.788244
-1.800785
-1.770479
-1.702961
-1.604337
-1.478288
-1.389406
-1.498014
-1.466196
-1.549429
-1.718419
-1.880045
-1.975604
-2.021632
-1.861864
-1.705668
-1.679382
-1.702354
-1.791319
-1.847482
-1.874071
-1.875688
-1.840608
-1.764157
-1.648776
-1.506645
-1.412836
-1.491556
-1.506630
-1.635171
-1.798147
-1.934809
-1.972621
-1.928255
-1.769425
-1.620343
-1.582943
-1.587230
-1.666694
-1.725520
-1.757194
-1.760373
-1.721128
-1.644458
-1.539859
-1.409342
-1.317404
-1.421586
-1.415399
-1.515428
-1.685760
-1.848520
-1.951738
-1.986288
-1.826573
-1.673103
-1.647454
-1.689464
-1.770678
-1.818200
-1.841501
-1.839817
-1.802557
-1.724466
-1.607867
-1.463848
-1.370960
-1.468387
-1.480554
-1.599803
-1.762646
-1.908250
-1.959342
-1.927846
-1.768681
-1.617889
-1.582035
-1.583439
-1.664750
-1.725343
-1.758293
-1.764737
-1.728552
-1.652449
-1.544598
-1.410164
-1.318978
-1.430169
-1.394494
-1.496370
-1.666550
-1.829436
-1.940909
-1.962264
-1.801899
-1.643672
-1.614306
-1.605208
-1.684871
-1.751344
-1.787920
-1.798234
-1.768128
-1.696317
-1.588934
-1.456290
-1.365290
-1.452298
-1.432071
-1.521618
-1.687514
-1.842000
-1.915512
-1.891101
-1.731411
-1.574923
-1.541385
-1.539688
-1.619610
-1.683675
-1.718800
-1.726352
-1.691186
-1.616101
-1.508769
-1.373663
-1.281673
-1.374749
-1.355720
-1.461086
-1.630687
-1.791719
-1.889704
-1.890899
-1.730475
-1.572463
-1.534546
-1.530614
-1.606847
-1.672279
-1.709430
-1.719183
-1.686819
-1.612268
-1.501869
-1.364406
-1.271940
-1.358041
-1.349213
-1.457116
-1.623658
-1.778273
-1.859656
-1.845727
-1.685605
-1.528573
-1.486577
-1.487500
-1.567771
-1.636213
-1.672746
-1.685446
-1.656753
-1.584727
-1.471843
-1.330241
-1.237363
-1.301721
-1.318689
-1.447357
-1.610064
-1.753481
-1.823595
-1.821706
-1.661478
-1.515209
-1.449483
-1.433858
-1.479879
-1.596074
-1.632442
-1.657939
-1.634335
-1.567819
-1.469720
-1.343666
-1.255505
-1.333059
-1.328907
-1.416670
-1.582640
-1.736378
-1.835557
-1.806038
-1.645123
-1.488215
-1.442338
-1.443168
-1.534672
-1.618313
-1.654158
-1.673900
-1.657812
-1.600738
-1.504597
-1.377032
-1.286575
-1.368865
-1.359562
-1.466762
-1.631145
-1.785085
-1.870967
-1.875170
-1.714541
-1.556222
-1.518098
-1.510190
-1.575708
-1.690644
-1.709207
-1.730595
-1.704388
-1.635620
-1.533195
-1.403917
-1.313097
-1.391881
-1.376939
-1.472266
-1.640161
-1.800288
-1.886490
-1.876336
-1.715773
-1.557332
-1.511464
-1.509476
-1.587645
-1.659647
-1.694823
-1.706747
-1.680822
-1.614271
-1.508033
-1.373308
-1.280089
-1.350545
-1.344612
-1.460572
-1.626563
-1.780850
-1.849024
-1.860249
-1.701439
-1.545146
-1.486328
-1.483884
-1.554551
-1.621132
-1.655332
-1.659943
-1.618933
-1.536821
-1.422148
-1.278578
-1.186872
-1.275609
-1.297416
-1.414282
-1.580160
-1.730352
-1.813689
-1.798972
-1.638906
-1.494646
-1.435831
-1.445711
-1.531147
-1.602423
-1.645119
-1.661540
-1.636678
-1.570916
-1.471085
-1.344801
-1.255772
-1.308446
-1.326298
-1.446721
-1.612852
-1.769672
-1.855688
-1.866022
-1.705267
-1.547980
-1.496272
-1.497272
-1.574153
-1.654658
-1.697303
-1.715700
-1.688377
-1.618414
-1.515685
-1.386932
-1.295602
-1.370467
-1.367794
-1.471445
-1.637657
-1.795543
-1.890681
-1.890405
-1.729628
-1.570890
-1.522525
-1.519625
-1.591805
-1.678899
-1.715715
-1.736892
-1.715646
-1.651451
-1.550129
-1.422716
-1.332475
-1.396606
-1.391923
-1.491437
-1.656889
-1.811184
-1.883217
-1.880955
-1.720071
-1.561631
-1.511161
-1.504853
-1.552490
-1.668229
-1.697426
-1.721370
-1.698210
-1.631939
-1.535370
-1.414654
-1.330207
-1.394964
-1.389961
-1.482176
-1.649490
-1.806127
-1.878248
-1.866447
-1.705921
-1.547769
-1.495793
-1.497130
-1.587135
-1.669112
-1.711947
-1.733137
-1.715861
-1.654742
-1.552675
-1.422950
-1.333254
-1.418611
-1.412063
-1.483988
-1.646045
-1.796479
-1.871865
-1.868181
-1.707641
-1.550022
-1.499021
-1.493561
-1.530249
-1.650009
-1.678512
-1.697158
-1.666998
-1.597213
-1.496821
-1.369942
-1.218960
-1.314068
-1.307214
-1.415033
-1.588250
-1.751233
-1.858765
-1.902340
-1.741955
-1.583145
-1.521318
-1.508778
-1.577949
-1.652128
-1.680470
-1.691984
-1.665579
-1.597736
-1.491082
-1.356218
-1.200650
-1.313909
-1.367563
-1.469359
-1.636341
-1.795940
-1.884025
-1.897164
-1.735945
-1.577299
-1.519862
-1.510555
-1.558374
-1.641140
-1.673471
-1.687932
-1.657546
-1.583540
-1.476207
-1.341978
-1.187519
-1.312372
-1.330338
-1.435050
-1.604968
-1.766544
-1.867213
-1.883380
-1.722379
-1.565390
-1.514731
-1.510817
-1.579787
-1.654065
-1.682938
-1.699213
-1.679629
-1.617720
-1.516445
-1.386229
-1.231686
-1.368662
-1.361063
-1.454639
-1.623997
-1.786653
-1.902941
-1.955130
-1.793638
-1.634076
-1.581888
-1.566604
-1.606558
-1.714288
-1.750994
-1.776667
-1.755952
-1.690482
-1.589244
-1.462017
-1.310874
-1.424919
-1.412642
-1.505998
-1.674238
-1.834001
-1.913711
-1.905904
-1.745264
-1.588599
-1.539917
-1.533846
-1.595097
-1.677024
-1.707642
-1.721628
-1.696935
-1.631884
-1.535903
-1.414162
-1.262879
-1.407028
-1.409166
-1.488029
-1.656860
-1.819319
-1.930835
-1.973128
-1.812751
-1.656099
-1.616441
-1.611615
-1.687225
-1.765306
-1.799058
-1.814694
-1.791328
-1.723595
-1.616189
-1.482488
-1.327929
-1.428539
-1.425274
-1.519450
-1.684919
-1.841144
-1.913312
-1.912078
-1.751691
-1.595804
-1.539760
-1.529551
-1.552067
-1.663072
-1.673791
-1.690532
-1.664546
-1.594348
-1.489164
-1.357065
-1.203729
-1.315180
-1.322745
-1.429815
-1.599469
-1.760567
-1.856497
-1.876023
-1.714374
-1.555716
-1.495471
-1.482136
-1.511337
-1.626665
-1.649220
-1.672314
-1.650413
-1.586210
-1.489831
-1.367044
-1.218964
-1.345647
-1.356743
-1.444167
-1.614836
-1.777304
-1.883166
-1.907391
-1.746467
-1.589250
-1.539511
-1.536808
-1.612173
-1.691210
-1.724630
-1.740443
-1.718337
-1.654576
-1.554745
-1.429465
-1.278052
-1.405224
-1.392397
-1.473271
-1.640926
-1.802578
-1.904279
-1.935188
-1.775040
-1.620045
-1.570456
-1.571222
-1.648228
-1.727895
-1.762599
-1.780338
-1.757952
-1.691385
-1.586657
-1.456098
-1.302307
-1.409765
-1.397491
-1.484172
-1.651036
-1.810727
-1.894992
-1.905584
-1.745100
-1.589043
-1.530636
-1.523918
-1.574535
-1.652982
-1.680156
-1.692966
-1.667488
-1.599268
-1.490994
-1.354508
-1.198018
-1.321470
-1.314798
-1.411481
-1.579413
-1.740691
-1.848757
-1.894009
-1.732306
-1.572920
-1.508954
-1.493537
-1.504923
-1.641930
-1.671340
-1.703379
-1.687707
-1.626155
-1.530792
-1.409035
-1.260526
-1.379315
-1.375176
-1.459509
-1.628643
-1.788469
-1.875905
-1.867950
-1.707743
-1.552972
-1.502828
-1.505923
-1.578066
-1.658420
-1.688136
-1.704265
-1.684574
-1.622113
-1.520719
-1.390636
-1.237316
-1.349188
-1.334011
-1.419722
-1.586000
-1.745552
-1.837701
-1.875422
-1.715640
-1.560728
-1.498254
-1.486498
-1.517624
-1.624526
-1.653250
-1.682710
-1.659390
-1.590895
-1.487071
-1.356163
-1.202949
-1.318618
-1.318180
-1.412305
-1.579183
-1.736389
-1.817221
-1.829396
-1.669266
-1.522474
-1.453490
-1.454681
-1.503374
-1.594674
-1.625985
-1.646387
-1.623770
-1.556987
-1.454151
-1.324296
-1.171798
-1.279781
-1.284695
-1.379730
-1.548010
-1.708966
-1.812484
-1.847269
-1.686010
-1.534568
-1.464225
-1.455587
-1.484900
-1.616737
-1.631678
-1.656141
-1.640221
-1.578632
-1.476959
-1.346750
-1.193565
-1.300492
-1.297988
-1.383664
-1.551252
-1.711712
-1.809896
-1.846099
-1.684797
-1.534677
-1.460894
-1.444962
-1.441077
-1.577129
-1.620166
-1.657578
-1.645599
-1.588890
-1.498252
-1.380531
-1.239406
-1.339499
-1.337570
-1.414314
-1.583003
-1.740955
-1.825556
-1.825637
-1.666221
-1.514382
-1.447638
-1.447933
-1.508624
-1.590512
-1.618003
-1.631957
-1.607350
-1.539728
-1.432994
-1.297377
-1.140294
-1.278705
-1.274439
-1.355618
-1.524298
-1.687136
-1.801729
-1.865297
-1.711807
-1.554989
-1.483042
-1.472357
-1.514525
-1.617464
-1.649733
-1.673536
-1.652642
-1.587263
-1.485793
-1.357099
-1.205259
-1.319141
-1.325141
-1.400496
-1.568067
-1.724773
-1.814084
-1.820115
-1.660197
-1.515293
-1.448538
-1.455761
-1.520169
-1.600394
-1.631815
-1.646103
-1.619835
-1.553936
-1.457487
-1.331898
-1.175960
-1.332494
-1.340597
-1.398872
-1.567393
-1.733486
-1.862175
-1.961240
-1.832836
-1.677418
-1.628503
-1.625661
-1.711189
-1.779955
-1.806084
-1.815625
-1.785561
-1.711548
-1.598793
-1.459464
-1.302765
-1.423831
-1.431402
-1.508325
-1.674198
-1.834143
-1.912627
-1.926795
-1.767714
-1.617921
-1.558723
-1.557348
-1.610885
-1.682412
-1.703965
-1.712053
-1.680085
-1.604686
-1.490384
-1.348627
-1.191160
-1.320110
-1.314712
-1.384237
-1.551268
-1.711974
-1.813263
-1.857604
-1.698449
-1.546477
-1.467765
-1.454658
-1.475722
-1.612282
-1.625864
-1.653135
-1.635391
-1.570961
-1.469031
-1.338947
-1.186339
-1.309280
-1.316888
-1.369534
-1.535833
-1.694277
-1.799020
-1.815664
-1.657983
-1.510858
-1.437249
-1.433547
-1.474414
-1.599484
-1.619972
-1.647161
-1.634273
-1.575977
-1.478282
-1.352141
-1.198622
-1.337633
-1.322032
-1.370822
-1.538851
-1.700469
-1.819964
-1.875307
-1.716248
-1.557584
-1.495058
-1.484231
-1.521619
-1.655907
-1.674833
-1.705168
-1.691979
-1.630827
-1.528643
-1.397996
-1.243485
-1.371537
-1.368313
-1.399204
-1.565245
-1.720323
-1.806013
-1.824551
-1.669583
-1.526638
-1.453298
-1.442823
-1.461521
-1.596412
-1.619613
-1.651345
-1.641617
-1.582916
-1.482958
-1.353777
-1.200098
-1.330549
-1.331976
-1.365154
-1.531606
-1.692311
-1.805957
-1.842386
-1.688922
-1.534802
-1.457757
-1.445857
-1.467614
-1.561945
-1.596153
-1.617957
-1.596719
-1.530072
-1.426989
-1.295187
-1.138560
-1.241091
-1.277799
-1.337645
-1.507146
-1.673736
-1.810328
-1.885110
-1.737025
-1.577476
-1.514021
-1.497358
-1.526736
-1.614250
-1.653470
-1.678772
-1.666926
-1.609007
-1.510548
-1.383033
-1.230928
-1.314561
-1.349516
-1.422064
-1.588677
-1.748930
-1.848323
-1.878100
-1.724928
-1.566142
-1.501220
-1.487926
-1.477723
-1.602046
-1.618209
-1.635595
-1.612292
-1.546556
-1.447863
-1.321253
-1.167106
-1.266474
-1.298012
-1.349078
-1.517203
-1.683977
-1.814629
-1.876544
-1.734625
-1.575997
-1.513802
-1.500722
-1.557421
-1.633909
-1.667844
-1.685827
-1.664605
-1.598086
-1.491600
-1.355450
-1.198898
-1.293222
-1.319093
-1.390880
-1.558153
-1.719284
-1.827980
-1.871433
-1.719401
-1.561075
-1.486256
-1.478749
-1.498102
-1.578887
-1.609673
-1.628083
-1.602605
-1.533024
-1.427727
-1.293540
-1.136335
-1.238954
-1.273616
-1.322802
-1.492136
-1.660413
-1.805834
-1.883818
-1.749230
-1.589406
-1.515453
-1.503069
-1.544627
-1.627351
-1.667833
-1.692233
-1.676652
-1.615252
-1.513087
-1.381594
-1.226993
-1.325998
-1.340696
-1.390621
-1.557054
-1.718055
-1.826718
-1.862205
-1.713250
-1.554424
-1.479684
-1.466975
-1.476194
-1.576602
-1.611141
-1.637153
-1.621884
-1.560885
-1.460273
-1.330029
-1.173972
-1.275751
-1.294535
-1.339113
-1.506500
-1.668264
-1.785772
-1.841311
-1.709456
-1.550453
-1.472063
-1.455031
-1.473512
-1.600611
-1.620630
-1.649104
-1.638435
-1.580453
-1.482336
-1.354325
-1.200252
-1.300006
-1.313570
-1.367663
-1.534810
-1.695918
-1.800923
-1.837897
-1.707633
-1.550227
-1.471029
-1.464853
-1.474800
-1.588831
-1.613425
-1.634766
-1.614167
-1.549197
-1.449262
-1.321607
-1.167541
-1.255661
-1.281944
-1.325503
-1.493878
-1.659465
-1.795104
-1.857435
-1.732766
-1.573985
-1.497257
-1.483735
-1.520021
-1.608757
-1.648738
-1.673986
-1.659051
-1.597005
-1.494640
-1.362345
-1.206793
-1.306460
-1.328163
-1.383326
-1.550261
-1.711016
-1.810494
-1.848057
-1.721664
-1.564492
-1.487161
-1.478840
-1.481414
-1.600952
-1.621382
-1.643893
-1.622228
-1.558097
-1.461827
-1.337520
-1.183437
-1.286220
-1.325341
-1.348535
-1.516990
-1.686508
-1.832908
-1.923034
-1.784754
-1.626006
-1.563193
-1.556293
-1.618716
-1.691590
-1.725141
-1.745019
-1.729906
-1.669466
-1.566988
-1.433978
-1.279187
-1.363807
-1.397516
-1.447750
-1.612763
-1.771824
-1.874185
-1.892898
-1.752920
-1.596500
-1.515715
-1.510790
-1.524544
-1.621089
-1.653979
-1.675489
-1.655167
-1.590588
-1.489904
-1.361143
-1.208138
-1.285947
-1.299291
-1.347793
-1.514413
-1.672760
-1.768755
-1.807503
-1.673623
-1.530210
-1.443838
-1.430876
-1.412166
-1.549210
-1.597995
-1.642976
-1.645985
-1.600785
-1.513655
-1.396707
-1.254533
-1.301536
-1.314994
-1.343188
-1.507913
-1.658613
-1.768223
-1.813934
-1.672597
-1.535514
-1.450570
-1.418224
-1.381501
-1.492572
-1.558178
-1.595659
-1.586821
-1.531930
-1.440339
-1.319237
-1.166181
-1.263282
-1.286610
-1.319061
-1.490710
-1.654257
-1.788744
-1.849673
-1.703181
-1.542786
-1.450825
-1.445896
-1.468702
-1.594374
-1.609674
-1.635046
-1.622283
-1.566918
-1.471123
-1.343663
-1.190076
-1.257843
-1.247908
-1.295219
-1.460688
-1.623654
-1.741692
-1.805691
-1.704047
-1.554655
-1.452995
-1.417219
-1.438900
-1.572920
-1.610621
-1.646867
-1.645027
-1.597411
-1.508110
-1.384803
-1.231909
-1.270610
-1.327530
-1.395579
-1.566396
-1.731283
-1.845565
-1.887925
-1.759505
-1.602066
-1.511226
-1.510458
-1.528539
-1.616196
-1.651428
-1.667167
-1.641230
-1.577224
-1.480596
-1.353693
-1.198665
-1.278966
-1.305051
-1.327309
-1.492677
-1.661231
-1.806830
-1.889834
-1.809725
-1.650886
-1.546619
-1.547332
-1.638135
-1.703633
-1.724481
-1.733052
-1.708929
-1.642860
-1.536063
-1.399628
-1.244177
-1.293479
-1.364340
-1.438834
-1.606592
-1.770229
-1.881346
-1.940083
-1.819458
-1.662938
-1.564635
-1.565819
-1.625511
-1.698080
-1.733074
-1.751300
-1.729803
-1.664696
-1.561253
-1.430452
-1.277135
-1.331216
-1.356692
-1.388019
-1.554716
-1.716884
-1.824394
-1.881665
-1.756023
-1.597361
-1.490254
-1.482102
-1.500293
-1.608110
-1.647856
-1.679613
-1.669415
-1.612017
-1.513128
-1.384990
-1.234325
-1.283385
-1.292000
-1.340252
-1.506713
-1.665895
-1.767285
-1.812286
-1.689994
-1.549172
-1.461278
-1.427358
-1.404648
-1.505966
-1.558507
-1.601612
-1.598537
-1.546902
-1.458320
-1.341187
-1.198177
-1.249963
-1.269153
-1.320016
-1.485540
-1.644364
-1.739765
-1.778429
-1.650472
-1.514898
-1.434859
-1.404790
-1.387480
-1.488111
-1.552536
-1.589791
-1.582174
-1.527127
-1.433324
-1.310747
-1.164002
-1.243097
-1.264994
-1.308693
-1.477264
-1.638289
-1.759163
-1.819811
-1.677322
-1.525813
-1.442735
-1.431284
-1.450603
-1.575999
-1.606596
-1.642445
-1.634501
-1.579905
-1.483808
-1.358356
-1.207929
-1.271318
-1.276643
-1.325838
-1.491768
-1.648146
-1.751438
-1.809576
-1.677095
-1.534184
-1.444507
-1.418680
-1.414263
-1.549692
-1.600759
-1.645928
-1.647704
-1.600962
-1.517307
-1.405875
-1.269130
-1.315551
-1.332144
-1.371860
-1.537927
-1.694341
-1.776410
-1.795856
-1.652187
-1.505261
-1.402934
-1.407615
-1.452174
-1.589872
-1.627122
-1.667449
-1.677782
-1.644714
-1.569470
-1.464225
-1.333636
-1.389589
-1.423387
-1.473661
-1.640420
-1.801647
-1.904907
-1.934811
-1.788974
-1.631903
-1.561649
-1.575644
-1.674836
-1.740565
-1.767422
-1.777170
-1.749625
-1.680821
-1.574839
-1.439922
-1.283937
-1.340812
-1.353902
-1.401407
-1.569752
-1.733960
-1.851939
-1.923652
-1.828414
-1.669505
-1.570210
-1.561594
-1.610462
-1.687512
-1.723690
-1.742036
-1.723819
-1.661030
-1.557210
-1.424300
-1.269297
-1.309179
-1.352008
-1.450336
-1.617380
-1.778818
-1.867285
-1.902848
-1.747117
-1.590768
-1.495992
-1.496803
-1.556723
-1.629666
-1.661192
-1.678719
-1.660040
-1.599092
-1.498725
-1.369299
-1.215449
-1.279049
-1.315036
-1.377330
-1.545443
-1.708570
-1.825732
-1.893428
-1.773096
-1.613428
-1.521612
-1.504876
-1.538430
-1.621385
-1.662300
-1.684624
-1.665083
-1.599605
-1.492728
-1.356612
-1.200011
-1.272054
-1.310602
-1.391964
-1.559255
-1.721251
-1.827973
-1.875241
-1.716855
-1.557992
-1.466509
-1.455564
-1.465242
-1.570413
-1.603545
-1.630198
-1.613010
-1.550765
-1.452648
-1.326560
-1.174873
-1.262238
-1.288228
-1.346524
-1.516905
-1.682344
-1.804540
-1.867519
-1.710309
-1.550798
-1.470253
-1.461136
-1.508295
-1.594095
-1.636042
-1.662142
-1.650366
-1.593866
-1.495510
-1.367123
-1.214251
-1.289625
-1.311909
-1.383832
-1.550889
-1.711793
-1.819113
-1.865548
-1.706838
-1.549570
-1.463530
-1.451825
-1.461465
-1.578336
-1.610339
-1.639964
-1.623376
-1.562577
-1.467911
-1.346064
-1.197571
-1.279485
-1.322630
-1.380129
-1.549314
-1.712661
-1.816193
-1.855294
-1.697942
-1.541183
-1.469511
-1.472100
-1.539397
-1.626888
-1.660307
-1.679664
-1.659811
-1.595711
-1.492529
-1.361385
-1.207079
-1.345560
-1.327823
-1.365243
-1.532197
-1.693228
-1.802490
-1.854089
-1.695292
-1.541960
-1.470853
-1.464153
-1.494151
-1.614586
-1.634192
-1.661495
-1.645491
-1.581824
-1.475669
-1.340451
-1.184743
-1.297023
-1.306617
-1.365204
-1.530669
-1.691073
-1.794298
-1.832198
-1.672104
-1.529753
-1.456840
-1.432152
-1.418655
-1.536602
-1.599358
-1.635234
-1.623181
-1.565263
-1.473163
-1.353262
-1.204805
-1.349284
-1.349931
-1.404882
-1.574219
-1.735097
-1.850304
-1.853992
-1.693586
-1.535197
-1.482136
-1.484541
-1.554242
-1.647513
-1.683702
-1.705176
-1.688434
-1.629724
-1.535035
-1.413630
-1.264820
-1.392815
-1.371872
-1.429425
-1.596654
-1.759545
-1.865682
-1.915268
-1.757811
-1.603776
-1.547357
-1.548790
-1.627269
-1.709177
-1.744904
-1.762418
-1.739225
-1.671120
-1.562350
-1.426543
-1.811852
-1.876806
-1.927760
-1.935119
-1.939817
-1.941663
-1.940749
-1.939302
-1.932548
-1.975870
-2.061697
-2.136246
-2.157663
-2.107656
-2.029529
-1.949232
-1.892629
-1.842283
-1.814241
-1.776379
-1.761176
-1.742808
-1.691351
-1.650528
-1.560759
-1.396503
-1.226620
-1.073831
-0.915573
-0.837760
-0.837760
-0.837760
-0.837760
-0.837760
-0.837760
-1.026308
-1.152402
-1.135231
-1.286886
-1.429023
-1.547730
-1.589619
-1.494831
-1.421373
-1.364390
-1.289069
-1.207095
-1.141294
-1.081561
-1.091479
-1.088708
-1.064391
-1.017011
-0.952426
-0.869218
-1.061922
-1.221786
-1.299903
-1.473731
-1.646083
-1.808148
-1.929440
-1.963457
-1.850682
-1.778922
-1.684917
-1.723357
-1.759559
-1.755214
-1.745863
-1.712569
-1.647877
-1.552801
-1.433698
-1.295618
-1.469434
-1.543355
-1.543497
-1.707557
-1.868973
-1.983732
-1.982132
-1.859106
-1.753597
-1.704005
-1.632474
-1.586147
-1.684316
-1.645565
-1.642028
-1.611352
-1.546017
-1.448208
-1.323540
-1.178367
-1.356721
-1.388219
-1.394872
-1.560136
-1.722930
-1.868649
-1.900233
-1.781347
-1.658878
-1.596086
-1.510539
-1.530021
-1.594069
-1.596817
-1.600760
-1.578787
-1.523333
-1.434148
-1.318412
-1.181974
-1.355697
-1.363098
-1.375393
-1.542771
-1.706495
-1.861050
-1.905840
-1.797142
-1.665014
-1.601392
-1.509044
-1.508124
-1.606338
-1.579809
-1.582921
-1.561786
-1.512855
-1.434760
-1.328778
-1.200698
-1.369679
-1.353834
-1.370782
-1.535698
-1.697639
-1.848987
-1.900073
-1.793743
-1.640176
-1.568050
-1.475830
-1.487231
-1.564869
-1.566050
-1.566172
-1.544145
-1.500752
-1.435184
-1.346690
-1.248675
-1.414197
-1.423815
-1.455680
-1.627470
-1.790680
-1.882445
-1.898687
-1.738840
-1.621881
-1.585427
-1.589350
-1.647863
-1.696337
-1.701824
-1.706664
-1.691357
-1.647601
-1.570709
-1.464051
-1.335114
-1.495367
-1.446172
-1.455378
-1.615820
-1.775433
-1.904212
-1.926384
-1.813645
-1.680920
-1.622622
-1.557623
-1.569266
-1.631523
-1.637154
-1.637110
-1.616588
-1.575952
-1.514543
-1.440652
-1.354784
-1.466305
-1.520949
-1.582481
-1.748893
-1.908604
-1.958194
-1.960816
-1.812837
-1.684311
-1.654671
-1.692432
-1.735461
-1.761873
-1.761525
-1.756284
-1.734734
-1.689613
-1.613956
-1.506446
-1.375108
-1.479936
-1.522358
-1.534271
-1.699197
-1.859686
-1.961077
-1.950316
-1.806889
-1.680621
-1.641979
-1.597823
-1.597519
-1.644119
-1.654672
-1.660536
-1.648077
-1.614710
-1.556049
-1.468188
-1.357064
-1.452466
-1.477972
-1.505998
-1.671645
-1.832468
-1.942171
-1.929735
-1.786872
-1.655458
-1.615183
-1.575051
-1.640124
-1.678365
-1.678970
-1.675265
-1.654777
-1.616491
-1.556964
-1.471287
-1.371058
-1.477072
-1.521173
-1.560305
-1.724353
-1.885768
-1.981117
-1.977597
-1.830780
-1.702452
-1.671160
-1.636511
-1.692840
-1.725001
-1.727432
-1.723383
-1.702208
-1.663334
-1.604222
-1.521042
-1.425127
-1.533866
-1.585419
-1.625918
-1.791196
-1.951362
-2.025338
-2.012310
-1.856519
-1.741821
-1.716053
-1.725929
-1.762907
-1.783821
-1.781099
-1.772569
-1.748468
-1.705789
-1.638449
-1.542157
-1.430236
-1.537646
-1.596546
-1.621613
-1.786423
-1.947198
-2.040175
-2.025823
-1.868069
-1.753782
-1.724583
-1.711629
-1.754861
-1.779947
-1.777983
-1.770512
-1.747307
-1.706043
-1.642074
-1.549901
-1.443591
-1.552376
-1.610344
-1.640106
-1.804902
-1.965535
-2.054301
-2.044116
-1.885967
-1.767668
-1.735386
-1.723976
-1.768574
-1.794261
-1.793939
-1.788069
-1.765952
-1.725553
-1.660939
-1.567623
-1.460951
-1.570741
-1.634299
-1.667700
-1.832095
-1.987141
-2.054042
-2.024018
-1.878850
-1.764342
-1.732552
-1.717800
-1.760967
-1.781468
-1.781461
-1.776392
-1.754936
-1.710284
-1.636455
-1.531995
-1.404113
-1.510171
-1.548978
-1.540129
-1.703709
-1.865274
-1.983012
-1.973101
-1.837670
-1.715654
-1.682673
-1.642966
-1.658971
-1.691832
-1.696628
-1.695449
-1.677180
-1.640058
-1.579508
-1.490447
-1.378250
-1.473759
-1.513360
-1.532088
-1.696389
-1.856596
-1.960611
-1.942491
-1.802858
-1.672344
-1.634034
-1.617947
-1.667819
-1.701221
-1.693944
-1.684254
-1.658899
-1.616356
-1.553665
-1.466566
-1.365446
-1.470242
-1.515486
-1.546770
-1.710427
-1.872146
-1.976146
-1.981243
-1.837584
-1.702317
-1.670215
-1.639215
-1.697570
-1.729517
-1.733160
-1.729895
-1.708981
-1.669770
-1.610026
-1.524711
-1.426100
-1.531377
-1.584292
-1.618913
-1.783864
-1.945537
-2.037061
-2.032495
-1.875494
-1.753128
-1.721365
-1.739155
-1.775208
-1.794737
-1.789768
-1.778851
-1.752443
-1.708780
-1.641786
-1.547286
-1.438863
-1.548342
-1.625486
-1.664097
-1.828616
-1.980186
-2.042049
-2.029647
-1.896016
-1.772544
-1.737546
-1.714106
-1.760960
-1.780202
-1.780877
-1.775934
-1.754355
-1.709042
-1.634002
-1.528006
-1.398126
-1.504432
-1.548945
-1.523066
-1.685969
-1.847506
-1.970527
-1.967261
-1.838402
-1.709739
-1.671945
-1.630868
-1.641136
-1.673117
-1.677313
-1.675383
-1.655760
-1.617240
-1.555866
-1.465782
-1.351670
-1.456136
-1.502047
-1.508384
-1.675486
-1.836724
-1.941922
-1.927062
-1.801937
-1.666654
-1.625190
-1.588571
-1.654018
-1.690482
-1.689205
-1.684782
-1.664215
-1.625420
-1.562043
-1.468924
-1.351757
-1.449764
-1.504052
-1.526478
-1.690269
-1.850692
-1.962374
-1.959158
-1.826835
-1.686004
-1.648405
-1.623302
-1.677271
-1.710140
-1.705141
-1.696970
-1.672558
-1.629905
-1.563251
-1.467820
-1.348780
-1.430813
-1.481623
-1.520280
-1.682885
-1.842802
-1.947021
-1.935645
-1.798077
-1.663379
-1.620551
-1.624677
-1.680095
-1.715822
-1.718585
-1.714512
-1.693492
-1.654885
-1.596171
-1.517254
-1.422072
-1.532336
-1.598261
-1.649406
-1.811913
-1.964712
-2.020512
-2.027098
-1.896418
-1.756539
-1.728159
-1.758042
-1.800146
-1.820057
-1.822502
-1.817934
-1.796143
-1.749047
-1.670914
-1.559268
-1.423661
-1.527404
-1.574275
-1.535874
-1.699988
-1.860419
-1.973696
-1.958871
-1.819239
-1.685223
-1.642656
-1.602756
-1.600122
-1.635058
-1.639662
-1.639017
-1.620369
-1.582191
-1.519562
-1.426890
-1.309188
-1.413353
-1.460056
-1.462653
-1.627778
-1.791459
-1.915786
-1.904293
-1.770083
-1.636282
-1.591636
-1.554131
-1.611863
-1.646617
-1.644436
-1.638178
-1.615719
-1.576101
-1.515374
-1.426654
-1.321575
-1.426729
-1.493077
-1.501545
-1.664316
-1.824693
-1.927973
-1.924243
-1.809377
-1.672230
-1.635705
-1.600014
-1.629966
-1.662098
-1.664181
-1.661018
-1.639965
-1.598312
-1.532611
-1.440287
-1.325840
-1.421475
-1.470842
-1.500651
-1.664578
-1.826762
-1.948280
-1.963212
-1.808404
-1.668514
-1.621098
-1.590124
-1.649015
-1.692520
-1.706499
-1.712742
-1.700812
-1.670170
-1.617784
-1.537941
-1.442983
-1.549412
-1.610458
-1.647809
-1.813389
-1.973589
-2.048501
-2.045994
-1.905609
-1.772256
-1.740923
-1.744217
-1.793961
-1.822723
-1.830350
-1.831357
-1.815476
-1.775311
-1.704602
-1.602268
-1.476127
-1.579537
-1.612273
-1.575950
-1.739403
-1.900261
-2.007895
-2.001410
-1.865675
-1.725183
-1.679516
-1.638312
-1.625000
-1.675195
-1.692181
-1.704937
-1.699016
-1.669839
-1.614080
-1.530198
-1.423988
-1.519096
-1.536391
-1.537809
-1.699163
-1.859122
-1.970922
-1.973018
-1.843161
-1.702039
-1.653036
-1.604524
-1.638341
-1.682747
-1.689336
-1.689163
-1.670595
-1.633493
-1.575983
-1.498558
-1.409032
-1.512875
-1.561667
-1.586886
-1.750219
-1.912438
-2.022555
-2.033155
-1.889479
-1.732168
-1.685482
-1.650275
-1.706353
-1.746042
-1.755668
-1.756967
-1.740617
-1.705904
-1.649478
-1.567217
-1.472263
-1.576993
-1.632449
-1.652781
-1.816992
-1.978036
-2.063971
-2.046994
-1.895201
-1.758183
-1.719222
-1.687804
-1.737838
-1.772562
-1.781458
-1.783090
-1.768382
-1.733637
-1.673322
-1.583903
-1.472639
-1.576941
-1.614456
-1.603506
-1.766697
-1.927368
-2.006583
-1.986191
-1.866894
-1.744148
-1.708578
-1.675178
-1.715745
-1.759816
-1.767768
-1.773432
-1.759489
-1.720612
-1.651840
-1.555605
-1.438457
-1.515677
-1.513009
-1.520561
-1.680197
-1.839013
-1.958028
-1.985928
-1.879158
-1.736227
-1.669135
-1.607455
-1.613542
-1.670310
-1.684526
-1.688673
-1.671436
-1.633851
-1.576382
-1.510732
-1.431916
-1.537064
-1.600606
-1.639442
-1.803627
-1.961224
-2.020440
-2.039573
-1.916162
-1.757582
-1.724312
-1.767399
-1.825591
-1.861885
-1.877086
-1.883630
-1.869944
-1.826878
-1.751379
-1.644454
-1.516986
-1.619705
-1.648884
-1.622345
-1.785546
-1.945169
-2.033814
-2.015986
-1.890277
-1.751818
-1.705741
-1.664931
-1.652654
-1.701179
-1.716653
-1.728997
-1.721315
-1.687668
-1.624561
-1.532901
-1.418812
-1.518583
-1.512088
-1.496183
-1.649759
-1.808806
-1.929970
-1.954644
-1.864898
-1.727159
-1.659646
-1.584141
-1.612388
-1.656494
-1.659735
-1.653042
-1.625866
-1.579540
-1.513652
-1.439430
-1.351824
-1.467167
-1.568200
-1.614132
-1.781120
-1.935983
-1.993485
-1.999547
-1.871654
-1.727199
-1.694888
-1.711977
-1.768091
-1.803320
-1.818045
-1.824398
-1.809477
-1.763663
-1.685862
-1.580502
-1.455079
-1.559040
-1.576681
-1.549538
-1.710598
-1.868720
-1.983140
-1.969498
-1.846516
-1.715038
-1.669441
-1.627089
-1.620823
-1.675179
-1.686522
-1.694829
-1.684251
-1.650687
-1.590832
-1.503217
-1.393242
-1.481789
-1.493128
-1.492601
-1.654370
-1.812002
-1.928532
-1.940028
-1.828883
-1.684100
-1.625077
-1.570532
-1.585261
-1.637482
-1.649155
-1.653026
-1.636684
-1.600957
-1.544894
-1.472957
-1.389235
-1.490386
-1.533905
-1.548058
-1.711430
-1.872782
-1.962877
-1.981938
-1.869514
-1.714254
-1.670209
-1.636960
-1.696693
-1.739648
-1.749616
-1.753476
-1.740049
-1.705661
-1.645192
-1.555588
-1.443708
-1.529707
-1.562030
-1.552408
-1.714571
-1.875255
-1.972200
-1.959809
-1.864181
-1.723391
-1.678612
-1.646882
-1.668725
-1.717792
-1.729883
-1.737542
-1.726278
-1.691483
-1.629318
-1.539978
-1.428599
-1.490555
-1.496307
-1.502958
-1.659468
-1.818459
-1.933409
-1.952808
-1.859233
-1.708874
-1.633535
-1.584391
-1.582405
-1.653254
-1.669548
-1.677505
-1.664259
-1.630946
-1.577887
-1.517776
-1.443110
-1.526172
-1.568352
-1.586060
-1.749873
-1.909804
-1.979947
-2.000176
-1.894154
-1.735441
-1.688529
-1.690596
-1.748373
-1.790387
-1.801008
-1.804629
-1.791911
-1.756947
-1.693155
-1.598381
-1.480354
-1.569683
-1.595736
-1.573599
-1.735770
-1.895937
-1.959337
-1.942482
-1.847955
-1.728267
-1.688074
-1.663293
-1.700041
-1.742952
-1.755919
-1.764230
-1.752700
-1.713786
-1.643246
-1.545545
-1.426724
-1.510778
-1.513591
-1.501152
-1.661851
-1.822298
-1.951208
-1.986950
-1.874171
-1.726427
-1.665827
-1.624061
-1.642289
-1.694336
-1.709319
-1.715520
-1.702117
-1.668525
-1.612945
-1.533689
-1.442029
-1.524056
-1.561019
-1.561897
-1.724717
-1.884533
-1.957921
-1.949985
-1.853470
-1.705241
-1.659981
-1.636832
-1.694007
-1.732419
-1.745707
-1.751045
-1.740235
-1.708250
-1.649500
-1.560675
-1.447604
-1.478924
-1.545214
-1.539159
-1.701051
-1.862160
-1.983288
-1.997912
-1.882988
-1.733747
-1.682331
-1.649309
-1.653479
-1.695321
-1.712679
-1.719725
-1.708780
-1.679052
-1.627724
-1.549971
-1.456698
-1.495155
-1.568434
-1.561021
-1.722945
-1.883157
-1.993314
-1.994330
-1.864947
-1.711061
-1.658214
-1.627007
-1.663620
-1.700508
-1.710027
-1.709518
-1.692486
-1.657824
-1.603445
-1.524736
-1.432401
-1.486834
-1.570109
-1.567126
-1.729856
-1.890292
-1.997868
-2.008635
-1.891592
-1.733909
-1.679557
-1.648901
-1.687340
-1.726734
-1.739512
-1.743582
-1.730911
-1.699867
-1.646809
-1.565826
-1.466276
-1.518120
-1.607258
-1.591500
-1.752405
-1.912106
-2.010921
-1.993208
-1.886750
-1.744300
-1.697649
-1.668065
-1.699462
-1.735932
-1.748826
-1.753523
-1.741900
-1.710328
-1.653916
-1.568055
-1.458140
-1.499655
-1.573330
-1.543287
-1.703862
-1.863698
-1.973781
-1.966520
-1.872365
-1.725710
-1.675379
-1.645986
-1.672055
-1.713358
-1.725907
-1.729791
-1.717151
-1.686360
-1.633099
-1.551727
-1.452326
-1.488738
-1.561494
-1.535912
-1.696248
-1.856539
-1.982246
-1.994936
-1.874079
-1.722883
-1.668371
-1.637568
-1.659730
-1.701809
-1.715755
-1.719364
-1.704823
-1.671920
-1.619004
-1.541774
-1.450233
-1.490646
-1.569234
-1.566653
-1.728612
-1.888992
-1.990991
-1.979176
-1.879487
-1.726777
-1.676303
-1.648849
-1.686713
-1.721877
-1.729598
-1.728596
-1.711392
-1.677110
-1.622762
-1.542762
-1.448309
-1.500515
-1.577786
-1.568343
-1.730087
-1.890306
-1.996926
-2.006108
-1.903904
-1.746872
-1.693780
-1.666821
-1.699296
-1.733462
-1.742211
-1.742800
-1.727169
-1.693523
-1.637666
-1.553701
-1.445426
-1.491466
-1.584921
-1.555850
-1.717464
-1.877821
-1.979993
-1.965549
-1.878415
-1.732903
-1.683396
-1.656367
-1.690162
-1.725404
-1.733738
-1.734246
-1.719787
-1.685986
-1.626154
-1.536439
-1.421900
-1.450622
-1.510143
-1.487865
-1.641953
-1.799498
-1.923348
-1.952863
-1.865991
-1.708670
-1.639619
-1.597339
-1.597006
-1.644544
-1.661673
-1.666669
-1.651510
-1.616727
-1.561702
-1.496035
-1.418187
-1.471109
-1.553819
-1.546584
-1.701766
-1.861986
-1.951791
-1.966868
-1.872833
-1.714449
-1.658132
-1.636586
-1.704195
-1.740392
-1.750328
-1.751662
-1.737748
-1.704639
-1.646302
-1.557159
-1.444117
-1.493681
-1.587162
-1.545746
-1.706658
-1.866489
-1.945480
-1.939892
-1.866700
-1.739185
-1.696268
-1.669478
-1.696373
-1.731285
-1.740757
-1.743187
-1.728122
-1.689137
-1.620666
-1.523077
-1.402409
-1.437883
-1.481712
-1.451365
-1.593263
-1.752064
-1.895852
-1.948419
-1.895201
-1.748076
-1.668483
-1.616936
-1.584750
-1.645498
-1.665619
-1.672033
-1.657853
-1.623379
-1.568461
-1.496341
-1.414764
-1.475942
-1.567807
-1.547137
-1.707058
-1.868445
-1.939147
-1.968516
-1.868502
-1.711090
-1.668444
-1.696492
-1.756518
-1.794854
-1.806690
-1.810470
-1.798610
-1.760301
-1.690142
-1.586176
-1.459546
-1.502837
-1.557855
-1.519599
-1.657598
-1.802825
-1.918875
-1.929924
-1.872867
-1.722233
-1.662318
-1.622620
-1.575800
-1.639190
-1.653257
-1.666570
-1.656937
-1.620872
-1.556555
-1.464274
-1.348466
-1.383921
-1.420992
-1.376485
-1.523379
-1.685331
-1.834596
-1.886699
-1.835166
-1.691722
-1.592780
-1.528960
-1.496949
-1.552840
-1.565516
-1.565313
-1.543725
-1.501532
-1.438481
-1.355506
-1.262374
-1.320100
-1.421582
-1.395945
-1.549383
-1.709878
-1.797943
-1.837967
-1.756924
-1.598959
-1.541990
-1.517883
-1.591909
-1.641769
-1.659416
-1.670264
-1.663511
-1.631049
-1.567241
-1.472171
-1.353936
-1.399301
-1.450310
-1.402951
-1.540388
-1.699947
-1.847409
-1.902352
-1.844325
-1.693137
-1.611393
-1.564204
-1.545817
-1.599977
-1.616309
-1.620336
-1.603839
-1.567323
-1.510365
-1.435939
-1.352345
-1.412208
-1.505900
-1.470460
-1.620010
-1.781221
-1.878908
-1.912919
-1.839174
-1.680092
-1.622767
-1.623122
-1.690734
-1.734404
-1.749355
-1.756700
-1.746537
-1.710102
-1.642975
-1.542968
-1.419885
-1.464612
-1.515276
-1.448060
-1.598575
-1.754822
-1.891270
-1.933824
-1.849742
-1.697661
-1.628818
-1.588360
-1.566191
-1.618621
-1.635397
-1.640923
-1.626814
-1.593424
-1.540227
-1.465334
-1.378837
-1.435974
-1.520856
-1.487520
-1.637129
-1.800012
-1.918177
-1.944119
-1.861627
-1.703721
-1.644535
-1.618560
-1.675729
-1.715270
-1.724090
-1.725417
-1.712832
-1.678484
-1.614148
-1.517915
-1.396051
-1.439281
-1.499403
-1.432229
-1.564611
-1.724320
-1.871865
-1.927699
-1.866369
-1.710054
-1.625075
-1.576474
-1.542878
-1.611832
-1.631379
-1.639337
-1.626930
-1.594397
-1.541301
-1.465069
-1.378327
-1.439781
-1.537748
-1.508990
-1.661944
-1.827505
-1.939410
-1.988060
-1.910108
-1.750621
-1.694964
-1.739098
-1.806189
-1.846894
-1.867209
-1.872024
-1.869967
-1.844712
-1.787610
-1.693922
-1.570338
-1.555459
-1.683217
-1.644749
-1.800555
-1.948260
-2.004998
-1.987104
-1.908635
-1.759710
-1.700229
-1.668833
-1.656772
-1.690974
-1.704152
-1.710210
-1.701765
-1.673265
-1.617825
-1.531852
-1.418708
-1.408128
-1.512012
-1.460308
-1.579515
-1.742421
-1.901004
-1.979720
-1.930912
-1.773262
-1.696006
-1.650231
-1.617006
-1.664401
-1.683522
-1.690643
-1.677678
-1.645186
-1.592591
-1.516342
-1.425012
-1.429658
-1.563314
-1.544282
-1.693173
-1.855613
-1.960535
-1.982590
-1.915297
-1.758265
-1.701075
-1.677518
-1.734788
-1.767167
-1.779099
-1.782445
-1.771436
-1.735801
-1.669248
-1.569372
-1.442641
-1.426570
-1.540233
-1.470355
-1.603487
-1.762721
-1.915913
-1.983309
-1.906218
-1.749718
-1.677183
-1.629856
-1.572234
-1.614001
-1.624210
-1.623037
-1.601852
-1.560746
-1.499554
-1.415121
-1.309128
-1.310503
-1.465677
-1.444658
-1.597768
-1.763522
-1.893678
-1.930984
-1.874248
-1.717192
-1.658066
-1.663352
-1.723948
-1.755588
-1.763967
-1.764539
-1.751637
-1.715301
-1.647669
-1.545615
-1.416675
-1.400943
-1.528965
-1.482066
-1.606581
-1.768132
-1.917582
-1.964383
-1.899035
-1.742537
-1.675399
-1.634805
-1.583229
-1.621472
-1.638299
-1.646468
-1.633939
-1.598192
-1.538343
-1.453254
-1.345586
-1.337403
-1.453615
-1.426939
-1.563210
-1.727298
-1.877584
-1.930518
-1.863680
-1.704931
-1.625049
-1.582021
-1.549566
-1.609399
-1.636497
-1.652519
-1.649184
-1.626719
-1.583360
-1.516717
-1.436264
-1.438916
-1.548170
-1.524920
-1.653716
-1.815860
-1.964417
-2.001773
-1.937367
-1.777031
-1.700073
-1.661790
-1.650024
-1.704453
-1.734181
-1.752611
-1.752487
-1.729887
-1.681176
-1.604834
-1.503853
-1.486104
-1.587261
-1.560193
-1.701631
-1.861978
-1.992912
-2.000364
-1.919241
-1.761080
-1.687893
-1.654986
-1.628785
-1.683377
-1.708098
-1.721415
-1.716209
-1.690895
-1.643283
-1.571304
-1.484078
-1.472427
-1.569228
-1.546159
-1.683509
-1.845079
-1.982660
-2.005247
-1.937727
-1.778515
-1.706068
-1.675039
-1.672896
-1.722165
-1.747130
-1.760089
-1.754899
-1.728746
-1.678193
-1.601678
-1.501231
-1.479947
-1.580236
-1.569569
-1.723378
-1.884500
-2.009596
-2.013663
-1.930362
-1.772518
-1.703696
-1.676999
-1.678620
-1.724033
-1.744025
-1.752576
-1.743016
-1.714528
-1.664658
-1.591514
-1.504212
-1.488370
-1.576001
-1.559992
-1.710929
-1.871070
-2.000422
-2.020988
-1.958671
-1.798700
-1.725854
-1.691094
-1.672278
-1.733308
-1.760160
-1.776167
-1.772052
-1.743759
-1.688905
-1.606961
-1.502258
-1.522602
-1.579848
-1.550628
-1.697218
-1.851778
-1.964846
-1.961097
-1.908983
-1.750038
-1.672366
-1.639076
-1.638808
-1.697226
-1.726193
-1.745121
-1.744506
-1.720795
-1.671455
-1.594177
-1.492816
-1.513824
-1.576464
-1.548733
-1.704261
-1.867075
-1.984220
-2.000073
-1.931116
-1.770720
-1.699852
-1.671939
-1.682164
-1.742711
-1.772408
-1.794316
-1.795726
-1.770504
-1.714693
-1.629110
-1.520776
-1.533999
-1.552142
-1.500463
-1.639680
-1.796463
-1.913047
-1.939412
-1.890664
-1.743212
-1.642002
-1.585637
-1.515813
-1.624516
-1.633378
-1.646318
-1.635557
-1.604235
-1.551704
-1.483852
-1.406994
-1.455424
-1.547561
-1.522153
-1.674725
-1.834577
-1.909183
-1.941200
-1.865521
-1.704399
-1.636697
-1.650218
-1.723819
-1.771841
-1.794508
-1.808228
-1.808521
-1.784030
-1.728669
-1.637328
-1.519381
-1.560438
-1.632744
-1.594032
-1.737467
-1.884532
-1.964163
-1.961643
-1.889550
-1.733209
-1.676023
-1.643973
-1.606491
-1.668052
-1.695149
-1.716775
-1.715333
-1.681405
-1.620836
-1.539897
-1.438485
-1.491979
-1.561277
-1.538966
-1.685262
-1.848583
-1.996878
-2.037132
-1.973992
-1.811699
-1.737502
-1.702009
-1.746701
-1.797755
-1.821205
-1.836554
-1.833900
-1.807398
-1.751295
-1.663745
-1.551511
-1.573779
-1.647341
-1.618544
-1.771829
-1.918967
-2.013260
-1.996713
-1.887465
-1.732385
-1.668013
-1.640787
-1.630342
-1.678556
-1.698584
-1.707633
-1.698330
-1.669623
-1.619965
-1.549345
-1.467442
-1.502782
-1.571762
-1.564318
-1.725947
-1.886261
-1.984977
-1.986030
-1.898032
-1.739692
-1.681754
-1.660262
-1.717182
-1.755410
-1.764061
-1.763626
-1.747635
-1.714729
-1.659765
-1.577968
-1.480938
-1.520283
-1.589657
-1.577536
-1.738242
-1.896448
-2.001529
-2.013073
-1.916858
-1.758633
-1.698624
-1.666779
-1.675926
-1.717598
-1.735260
-1.743366
-1.733881
-1.704863
-1.652773
-1.572514
-1.467787
-1.507790
-1.599481
-1.570968
-1.733197
-1.894145
-2.005750
-1.993353
-1.889315
-1.734030
-1.678033
-1.651714
-1.677305
-1.720034
-1.734327
-1.740305
-1.730441
-1.700646
-1.645372
-1.560774
-1.451657
-1.481996
-1.542500
-1.518504
-1.678498
-1.835478
-1.951035
-1.963868
-1.862310
-1.713374
-1.653161
-1.621124
-1.641655
-1.690530
-1.711900
-1.723131
-1.716089
-1.689464
-1.640441
-1.564577
-1.471950
-1.506940
-1.583380
-1.573358
-1.735428
-1.896546
-1.995506
-1.999319
-1.899565
-1.743658
-1.692784
-1.670572
-1.724603
-1.760860
-1.768787
-1.768100
-1.751785
-1.718200
-1.662161
-1.577689
-1.477677
-1.516619
-1.592453
-1.577279
-1.738079
-1.898858
-2.018450
-2.035876
-1.919888
-1.762487
-1.707858
-1.678896
-1.699975
-1.740655
-1.755448
-1.760490
-1.748072
-1.717264
-1.664839
-1.585110
-1.488103
-1.526623
-1.620006
-1.614864
-1.776920
-1.937542
-1.810842
-1.868498
-1.918258
-1.915602
-1.898488
-1.880987
-1.863327
-1.842715
-1.816610
-1.903809
-2.003340
-1.952048
-1.990451
-2.001462
-1.989811
-1.968963
-1.884144
-1.776614
-1.672236
-1.558826
-1.447803
-1.387758
-1.382404
-1.374348
-1.376313
-1.381763
-1.386668
-1.389539
-1.393036
-1.499242
-1.648498
-1.612246
-1.740675
-1.861762
-1.928694
-1.944787
-1.909789
-1.834590
-1.737264
-1.632213
-1.620424
-1.597914
-1.566674
-1.524154
-1.496551
-1.474494
-1.455437
-1.437573
-1.423162
-1.522468
-1.629860
-1.578977
-1.702556
-1.806547
-1.852027
-1.856584
-1.842679
-1.774721
-1.676098
-1.568199
-1.529494
-1.505759
-1.469687
-1.430967
-1.402856
-1.378505
-1.355600
-1.332956
-1.312978
-1.410799
-1.543170
-1.507784
-1.640769
-1.767061
-1.832268
-1.851385
-1.841689
-1.776586
-1.678930
-1.564016
-1.549250
-1.524926
-1.486607
-1.449272
-1.419500
-1.393486
-1.368763
-1.344310
-1.322818
-1.419599
-1.538749
-1.499882
-1.635078
-1.756919
-1.807811
-1.825683
-1.817669
-1.752140
-1.654731
-1.546014
-1.518599
-1.499045
-1.464632
-1.434711
-1.411236
-1.390989
-1.371800
-1.352509
-1.335439
-1.433362
-1.562863
-1.536078
-1.673474
-1.797016
-1.864713
-1.876859
-1.867987
-1.802062
-1.705009
-1.586659
-1.566760
-1.554194
-1.522543
-1.499848
-1.478619
-1.458365
-1.436701
-1.413781
-1.394031
-1.488528
-1.565136
-1.537129
-1.686450
-1.823594
-1.891165
-1.903343
-1.879990
-1.789509
-1.693121
-1.593237
-1.598174
-1.585752
