0.000068
-0.000887
-0.010666
-0.016012
-0.020918
-0.020851
-0.018871
0.022119
0.044061
0.051973
0.061539
0.063067
0.056353
0.049067
0.046298
0.048147
0.050429
0.046300
0.038318
0.033371
0.032258
0.037614
0.047832
0.057761
0.064409
0.068035
0.068782
0.063214
0.079081
0.093086
0.109582
0.118462
0.111943
0.103663
0.111450
0.128481
0.151909
0.168195
0.155263
0.120303
0.116727
0.117164
0.119427
0.120839
0.115602
0.102894
0.084199
0.071490
0.091054
0.115122
0.125635
0.123478
0.104950
0.080834
0.071573
0.076373
0.081685
0.094039
0.105875
0.088512
0.070598
0.065277
0.063674
0.057723
0.042881
0.025790
0.014592
0.006252
0.030958
0.067583
0.094014
0.106124
0.096508
0.089192
0.109861
0.126958
0.148557
0.171834
0.173039
0.141758
0.133100
0.129095
0.123263
0.107792
0.086178
0.069758
0.063700
0.059247
0.087689
0.116958
0.144881
0.148208
0.130012
0.117622
0.133259
0.152392
0.177469
0.199750
0.198937
0.169494
0.163388
0.163545
0.161212
0.148427
0.127227
0.108615
0.097958
0.094735
0.123949
0.156234
0.178925
0.175419
0.146106
0.117092
0.121029
0.137017
0.161932
0.185979
0.186002
0.160956
0.155813
0.156053
0.157792
0.151907
0.136436
0.120619
0.112498
0.117407
0.151855
0.186421
0.205868
0.194232
0.153677
0.115544
0.116732
0.133827
0.159583
0.184398
0.193141
0.181657
0.184435
0.192993
0.201188
0.199707
0.188885
0.182848
0.188902
0.205505
0.248167
0.282489
0.304783
0.285020
0.235243
0.191093
0.184758
0.196691
0.223844
0.251123
0.256479
0.236477
0.230881
0.230313
0.227702
0.216312
0.195572
0.170153
0.146457
0.157757
0.204758
0.239569
0.244034
0.209274
0.142644
0.072398
0.045777
0.050494
0.066533
0.074571
0.074342
0.075380
0.080971
0.095988
0.115132
0.128969
0.130279
0.134847
0.157978
0.210236
0.278758
0.319588
0.337725
0.310200
0.249945
0.200687
0.197058
0.216339
0.251536
0.283597
0.296377
0.279282
0.278491
0.282914
0.282972
0.270379
0.247096
0.220435
0.197233
0.216352
0.277428
0.318550
0.321981
0.275279
0.190690
0.100672
0.050294
0.039922
0.046544
0.047777
0.044671
0.053131
0.059720
0.084655
0.110151
0.131179
0.138835
0.148242
0.177625
0.242618
0.322061
0.372200
0.388089
0.352205
0.278304
0.220314
0.213188
0.231117
0.267597
0.304033
0.321747
0.315780
0.321943
0.328219
0.325773
0.310886
0.285509
0.256004
0.230056
0.251022
0.319934
0.365439
0.367929
0.318206
0.223757
0.122264
0.058530
0.036904
0.036458
0.038535
0.036398
0.053044
0.057449
0.067413
0.086514
0.103465
0.107686
0.108474
0.125429
0.183786
0.274122
0.337481
0.340330
0.291217
0.206090
0.134982
0.121378
0.142905
0.179220
0.214635
0.234143
0.242146
0.250255
0.255922
0.263298
0.264870
0.256941
0.244652
0.239649
0.280836
0.352525
0.418474
0.440538
0.396749
0.299056
0.199453
0.144260
0.139315
0.160717
0.184527
0.199754
0.213780
0.225671
0.243722
0.260936
0.271567
0.269462
0.263266
0.271109
0.324940
0.401295
0.471861
0.494275
0.445759
0.342389
0.241307
0.189266
0.185976
0.211427
0.242211
0.264525
0.279226
0.297988
0.309713
0.320735
0.323581
0.313802
0.299155
0.288946
0.330178
0.417768
0.484355
0.498201
0.441893
0.332085
0.213322
0.138730
0.119399
0.132760
0.152524
0.164202
0.180182
0.180929
0.188843
0.197545
0.198060
0.185413
0.166383
0.157183
0.215267
0.315860
0.391907
0.400215
0.336252
0.224980
0.118753
0.079553
0.091768
0.124052
0.156810
0.181210
0.202457
0.215227
0.239002
0.259800
0.272296
0.278815
0.290183
0.322198
0.379083
0.456657
0.514213
0.527709
0.491318
0.415726
0.354167
0.331232
0.329246
0.355631
0.391282
0.404280
0.391012
0.391284
0.388916
0.369604
0.334179
0.289706
0.244900
0.206511
0.237514
0.321610
0.367349
0.361702
0.303939
0.204432
0.102506
0.050777
0.040198
0.048152
0.055523
0.053702
0.068496
0.076299
0.090515
0.113693
0.127467
0.127941
0.137106
0.161260
0.212837
0.299588
0.376417
0.399285
0.354888
0.271566
0.205785
0.189634
0.201307
0.234593
0.268717
0.291042
0.304087
0.315287
0.326685
0.331783
0.324186
0.305393
0.286312
0.277754
0.307133
0.366043
0.424874
0.445054
0.415822
0.330813
0.237977
0.180154
0.164775
0.172555
0.187867
0.205125
0.220984
0.236220
0.251316
0.267627
0.277357
0.274449
0.267051
0.270913
0.319575
0.396816
0.463853
0.479830
0.429061
0.328599
0.228099
0.175786
0.171495
0.194801
0.222512
0.245012
0.263240
0.278055
0.287490
0.297132
0.298040
0.286607
0.271584
0.266647
0.320047
0.413201
0.483342
0.502627
0.455793
0.353502
0.246520
0.185419
0.173005
0.189083
0.211879
0.230330
0.245283
0.250607
0.253474
0.257812
0.252285
0.233423
0.209648
0.194982
0.247311
0.345195
0.422990
0.446768
0.395599
0.284907
0.169423
0.103253
0.083906
0.093586
0.109646
0.118454
0.134619
0.145987
0.166845
0.192694
0.206473
0.215593
0.229209
0.257902
0.323741
0.409385
0.478653
0.499922
0.475056
0.402907
0.334715
0.303066
0.297138
0.318399
0.350532
0.362111
0.359772
0.361278
0.359779
0.347254
0.322130
0.287800
0.252205
0.222691
0.250728
0.332580
0.396472
0.412534
0.368973
0.272470
0.172827
0.111667
0.089250
0.091306
0.096363
0.095222
0.104300
0.107890
0.118569
0.134318
0.140889
0.134506
0.137342
0.157617
0.213431
0.300019
0.382303
0.421948
0.391061
0.308538
0.236948
0.212002
0.220681
0.251980
0.286901
0.311942
0.327511
0.340165
0.354715
0.362847
0.358608
0.346774
0.340733
0.351482
0.382158
0.429588
0.471488
0.488130
0.467281
0.406264
0.344126
0.308272
0.293051
0.300959
0.321805
0.327829
0.310520
0.308303
0.306385
0.293109
0.268573
0.238055
0.206738
0.175481
0.205198
0.283933
0.353553
0.378209
0.349812
0.272152
0.186619
0.139006
0.121777
0.121549
0.130295
0.130877
0.123743
0.117603
0.120474
0.126615
0.119748
0.102037
0.086205
0.085461
0.118414
0.195982
0.274136
0.319818
0.294852
0.224157
0.157170
0.132838
0.140668
0.165047
0.192887
0.210581
0.212302
0.210074
0.220414
0.229082
0.230149
0.220456
0.209805
0.210845
0.235164
0.296033
0.363867
0.400958
0.391683
0.331335
0.266046
0.233654
0.219260
0.228516
0.251147
0.265971
0.265392
0.272814
0.286892
0.295309
0.291709
0.276855
0.258535
0.248798
0.268080
0.330649
0.396857
0.424875
0.399645
0.313680
0.219922
0.163065
0.148356
0.158743
0.178122
0.193005
0.198194
0.205289
0.222411
0.238836
0.245691
0.241844
0.234241
0.236881
0.270927
0.354015
0.425618
0.459564
0.447862
0.378181
0.306747
0.266818
0.245190
0.247550
0.264856
0.279251
0.278728
0.280750
0.288421
0.287231
0.274021
0.251256
0.226102
0.206778
0.227373
0.308758
0.377021
0.406098
0.378357
0.294319
0.201007
0.143680
0.120996
0.121389
0.132468
0.138172
0.141004
0.143355
0.161347
0.180734
0.182969
0.174546
0.174607
0.194347
0.242560
0.318528
0.397219
0.435278
0.421269
0.356318
0.288489
0.257040
0.246583
0.259142
0.285482
0.299009
0.295363
0.288744
0.293594
0.287958
0.272241
0.248692
0.223346
0.196025
0.202911
0.278836
0.343922
0.377687
0.369725
0.302954
0.232273
0.186141
0.166922
0.167664
0.179314
0.189155
0.185160
0.181384
0.184436
0.189425
0.184835
0.169443
0.150241
0.137964
0.162358
0.245912
0.324950
0.368181
0.358848
0.283948
0.201008
0.156974
0.146402
0.156233
0.177260
0.191141
0.189008
0.185147
0.192865
0.199917
0.194670
0.179833
0.169663
0.168885
0.198180
0.263648
0.335806
0.378615
0.377345
0.325025
0.266266
0.235745
0.225330
0.236229
0.261889
0.273776
0.267972
0.260857
0.268000
0.266565
0.255035
0.235331
0.213268
0.187438
0.192901
0.258305
0.321122
0.359656
0.356413
0.298711
0.235260
0.199057
0.184512
0.190447
0.207574
0.221616
0.218490
0.219338
0.232814
0.242883
0.240367
0.228452
0.215265
0.211975
0.235915
0.301452
0.368456
0.403844
0.391016
0.324519
0.255191
0.215968
0.199981
0.207244
0.227686
0.244111
0.243261
0.246012
0.262579
0.271855
0.268001
0.254808
0.243752
0.244728
0.268880
0.327796
0.392952
0.426644
0.410418
0.344432
0.277339
0.242369
0.229800
0.240730
0.261534
0.279529
0.279683
0.277008
0.291924
0.297753
0.289898
0.273280
0.257990
0.245801
0.260356
0.317690
0.381247
0.415103
0.400922
0.333951
0.264408
0.225672
0.210883
0.220571
0.240748
0.258540
0.268846
0.289934
0.322141
0.340604
0.343691
0.344025
0.352042
0.372470
0.395723
0.438508
0.484278
0.505605
0.487901
0.428264
0.375636
0.360321
0.358970
0.370858
0.392292
0.413143
0.389706
0.353215
0.321898
0.284420
0.233074
0.175042
0.115976
0.051009
0.063016
0.134459
0.201305
0.243836
0.240074
0.182039
0.117746
0.091091
0.085388
0.093351
0.109417
0.113548
0.118135
0.128659
0.160513
0.186965
0.205238
0.212095
0.215849
0.227395
0.247997
0.301109
0.352958
0.388136
0.385614
0.335530
0.287061
0.271695
0.263621
0.269924
0.286978
0.303363
0.293578
0.278646
0.279884
0.276172
0.256047
0.232033
0.218175
0.223905
0.251143
0.302226
0.362628
0.395447
0.383413
0.330713
0.280318
0.262300
0.260231
0.275223
0.294482
0.313712
0.310595
0.299736
0.293380
0.283426
0.262997
0.239459
0.223092
0.210265
0.217880
0.264941
0.323012
0.362498
0.361266
0.305758
0.247005
0.218578
0.209519
0.220642
0.238613
0.253597
0.256244
0.261951
0.288940
0.305646
0.302021
0.290806
0.281898
0.277797
0.284739
0.333814
0.384404
0.415829
0.409762
0.359255
0.307006
0.274893
0.252906
0.248922
0.258277
0.267123
0.257513
0.247360
0.250852
0.252463
0.239810
0.226322
0.222697
0.232760
0.265650
0.326456
0.390106
0.424357
0.414781
0.358359
0.304082
0.278948
0.263927
0.266684
0.277660
0.293558
0.297694
0.295516
0.290540
0.285372
0.275981
0.262134
0.251305
0.249304
0.255446
0.302572
0.352916
0.384933
0.380972
0.328120
0.273083
0.244174
0.229133
0.232866
0.242690
0.251191
0.254008
0.260089
0.283795
0.299146
0.304890
0.300739
0.297199
0.298220
0.306652
0.353311
0.400921
0.430137
0.422515
0.371953
0.320309
0.290338
0.273532
0.274304
0.283079
0.293085
0.293091
0.299906
0.319073
0.331717
0.334646
0.329906
0.326560
0.325796
0.328981
0.369522
0.413362
0.441533
0.440533
0.392109
0.341545
0.312272
0.296483
0.297671
0.306824
0.316996
0.319665
0.322973
0.331138
0.332629
0.330694
0.323735
0.319703
0.310891
0.310280
0.350647
0.395908
0.426326
0.425739
0.375371
0.320639
0.284578
0.265028
0.263501
0.270281
0.275482
0.276140
0.277653
0.292991
0.306146
0.306287
0.296440
0.288889
0.287487
0.296497
0.346585
0.402320
0.433792
0.427849
0.373981
0.319476
0.288282
0.268552
0.267963
0.276160
0.287046
0.287331
0.286578
0.300099
0.311002
0.314716
0.307876
0.301548
0.299771
0.305300
0.350341
0.397075
0.425026
0.419871
0.367349
0.311376
0.276028
0.256392
0.253738
0.259976
0.265342
0.266459
0.271339
0.292992
0.309903
0.313066
0.304158
0.296975
0.291625
0.290789
0.328991
0.370671
0.402722
0.406936
0.363331
0.314692
0.286555
0.271604
0.271908
0.278804
0.283724
0.295733
0.318537
0.332623
0.338195
0.335059
0.322693
0.312631
0.309324
0.310875
0.354490
0.406711
0.438061
0.423791
0.363511
0.302273
0.268258
0.250797
0.248581
0.251408
0.253654
0.254694
0.253331
0.256926
0.262948
0.257771
0.242697
0.231930
0.214576
0.206701
0.242189
0.287019
0.326876
0.341776
0.300851
0.246742
0.203620
0.174505
0.160667
0.159019
0.156377
0.153239
0.151763
0.170521
0.197841
0.217423
0.219895
0.218258
0.222750
0.226246
0.269559
0.323174
0.364134
0.369716
0.323387
0.269839
0.238433
0.217956
0.216369
0.226539
0.232967
0.235975
0.236188
0.257193
0.269883
0.276727
0.273258
0.268491
0.265322
0.257690
0.296067
0.344891
0.384621
0.387274
0.348172
0.302442
0.274871
0.256698
0.254558
0.263261
0.267823
0.269731
0.265509
0.282553
0.289496
0.293555
0.285527
0.278789
0.276103
0.266225
0.300246
0.347558
0.387626
0.392865
0.352661
0.309107
0.284169
0.269595
0.269956
0.278154
0.281450
0.285473
0.278072
0.279838
0.276557
0.268064
0.249878
0.237171
0.211824
0.187619
0.217149
0.264134
0.307190
0.324594
0.283901
0.227975
0.177047
0.146240
0.133783
0.140375
0.141964
0.135028
0.132908
0.152388
0.181622
0.204919
0.205385
0.203330
0.207668
0.214283
0.264916
0.322547
0.367669
0.372821
0.324654
0.268507
0.231564
0.206726
0.199452
0.208512
0.214722
0.228419
0.237389
0.262105
0.282458
0.290348
0.285566
0.281382
0.279341
0.271266
0.307770
0.352753
0.390669
0.399049
0.360455
0.313416
0.286504
0.267944
0.261811
0.268945
0.274007
0.273308
0.271410
0.275317
0.281120
0.278847
0.264250
0.251765
0.243659
0.232250
0.272721
0.329668
0.371614
0.372541
0.327623
0.279925
0.249376
0.231214
0.228328
0.236198
0.241012
0.245030
0.244512
0.256719
0.271314
0.273702
0.262549
0.252492
0.244820
0.228114
0.257344
0.300421
0.342832
0.361154
0.330962
0.290885
0.266678
0.251779
0.247495
0.252482
0.253365
0.253685
0.240783
0.232443
0.222460
0.210511
0.189668
0.173846
0.153148
0.130107
0.157040
0.204089
0.253153
0.272029
0.238165
0.187417
0.149258
0.128184
0.123672
0.134498
0.137567
0.135550
0.129860
0.151380
0.180785
0.201964
0.200900
0.196987
0.193340
0.195866
0.243283
0.295840
0.338768
0.348910
0.308253
0.257002
0.216421
0.185437
0.167614
0.169248
0.168603
0.166972
0.169276
0.202118
0.238420
0.259544
0.258807
0.255731
0.252701
0.247422
0.286341
0.331367
0.370709
0.376786
0.339011
0.290998
0.261561
0.240654
0.234713
0.243198
0.248504
0.243701
0.237188
0.239529
0.248897
0.241520
0.224147
0.214412
0.211009
0.209011
0.263474
0.323950
0.369057
0.356111
0.301186
0.243910
0.203898
0.175481
0.169959
0.177551
0.185874
0.189334
0.192650
0.217751
0.242713
0.251885
0.248263
0.244095
0.234927
0.228686
0.275239
0.327547
0.370400
0.379958
0.345034
0.292669
0.254066
0.222973
0.208993
0.213797
0.218044
0.213199
0.207808
0.216012
0.238425
0.251205
0.242641
0.229541
0.226747
0.242959
0.302737
0.365292
0.409458
0.392341
0.339205
0.274267
0.222099
0.178357
0.157134
0.149834
0.146037
0.139234
0.136129
0.149503
0.173747
0.190973
0.186846
0.181004
0.175385
0.171141
0.228380
0.289432
0.337886
0.347281
0.311325
0.257591
0.217974
0.186660
0.166798
0.170176
0.175363
0.174501
0.183302
0.216804
0.258401
0.288584
0.292717
0.289916
0.292120
0.295900
0.339419
0.380574
0.413372
0.412495
0.374506
0.318839
0.282282
0.257201
0.248886
0.259123
0.265474
0.266469
0.259813
0.271144
0.293436
0.301596
0.290928
0.279392
0.267012
0.263781
0.315699
0.371290
0.412572
0.401069
0.347705
0.285370
0.239758
0.206465
0.190458
0.189989
0.190281
0.186630
0.181280
0.188217
0.207413
0.210323
0.199444
0.185125
0.173365
0.175921
0.237249
0.303872
0.353985
0.355807
0.303229
0.238857
0.186218
0.149867
0.140289
0.149398
0.160286
0.170435
0.173312
0.207477
0.249950
0.220715
0.219698
0.213021
0.187510
0.161158
0.199588
0.245941
0.291584
0.319314
0.298796
0.247031
0.231656
0.250828
0.262079
0.274553
0.284206
0.275182
0.279939
0.299662
0.326200
0.340409
0.325223
0.301174
0.266716
0.254184
0.315628
0.380151
0.418264
0.413179
0.355922
0.272985
0.198854
0.132676
0.082788
0.053224
0.030790
0.006697
0.013264
0.043344
0.085009
0.123888
0.138492
0.128750
0.114447
0.127637
0.210386
0.287474
0.336998
0.348358
0.313022
0.248856
0.201749
0.171741
0.160801
0.173710
0.190078
0.189044
0.179842
0.195669
0.231181
0.257410
0.254282
0.228675
0.207439
0.201167
0.254747
0.304901
0.338644
0.349844
0.319578
0.258361
0.227337
0.219567
0.221236
0.227631
0.231490
0.226761
0.214485
0.221455
0.247066
0.271617
0.268025
0.247417
0.215874
0.203201
0.258068
0.323073
0.365592
0.374045
0.337526
0.271977
0.233011
0.218049
0.207881
0.208075
0.203907
0.204676
0.210975
0.229618
0.268067
0.301817
0.303394
0.285710
0.268690
0.271342
0.332199
0.389371
0.423472
0.420850
0.372571
0.300334
0.261843
0.252245
0.249772
0.258395
0.261549
0.260374
0.256668
0.270192
0.299577
0.321419
0.311596
0.285149
0.247433
0.234973
0.298085
0.366916
0.405264
0.403906
0.356884
0.281278
0.234721
0.210723
0.194346
0.181345
0.169622
0.162700
0.168918
0.192580
0.231418
0.266378
0.269693
0.253047
0.235609
0.250238
0.321407
0.385031
0.422748
0.421418
0.375104
0.303060
0.269873
0.293968
0.315391
0.336786
0.353254
0.347314
0.339849
0.347803
0.372238
0.389760
0.377683
0.349440
0.317087
0.306381
0.356477
0.421096
0.454375
0.440679
0.389466
0.319452
0.290717
0.317926
0.353682
0.388077
0.400123
0.384079
0.399938
0.416869
0.436156
0.452637
0.443079
0.416612
0.377156
0.356070
0.397133
0.458216
0.484214
0.420577
0.366226
0.296510
0.251076
0.185734
0.117711
-0.053434
-0.344787
-0.444492
-0.514834
-0.525006
-0.588520
-0.004440
-0.099345
-0.234509
-0.361337
-0.484608
-0.601380
-0.716037
-0.833770
-0.944628
-0.983448
-0.000611
-0.012566
-0.029517
-0.048159
-0.060943
-0.063495
-0.064354
-0.063911
-0.061053
-0.015654
0.031508
0.040306
0.045187
0.048966
0.048053
0.045240
0.045480
0.048368
0.051927
0.050086
0.035965
0.024579
0.021393
0.017882
0.019092
0.020563
0.019831
0.017004
0.012511
0.005443
0.011821
0.029719
0.047217
0.061898
0.059917
0.047027
0.042037
0.052977
0.071280
0.095193
0.107579
0.082824
0.067768
0.072652
0.088522
0.111397
0.130617
0.132933
0.124330
0.127586
0.216658
0.280412
0.250186
0.251582
0.267410
0.290157
0.284655
0.279759
0.284957
0.284518
0.269827
0.211798
0.146757
0.144932
0.186791
0.225385
0.265358
0.301435
0.314649
0.306712
0.278579
0.282921
0.352721
0.376234
0.360229
0.378428
0.406211
0.410661
0.412474
0.400008
0.378392
0.345852
0.285403
0.253251
0.248300
0.259498
0.277257
0.290429
0.289733
0.272625
0.233706
0.276335
0.345185
0.353749
0.301256
0.222042
0.173804
0.139644
0.105578
0.075363
0.057012
0.038309
-0.004925
-0.056964
-0.076109
-0.081701
-0.073179
-0.072243
-0.091137
-0.104412
-0.129438
-0.292784
-0.375666
-0.340813
-0.273383
-0.154690
-0.056444
0.001541
0.042163
0.068647
0.052109
0.043514
-0.003969
-0.071736
-0.121084
-0.129195
-0.123254
-0.127453
-0.151550
-0.175585
-0.218021
-0.330123
-0.367727
-0.319746
-0.223139
-0.125341
-0.043730
-0.006027
0.013161
0.032224
0.016312
0.035460
0.003518
-0.061076
-0.092486
-0.089599
-0.081251
-0.086325
-0.110198
-0.136755
-0.187211
-0.304279
-0.348638
-0.303709
-0.203324
-0.115874
-0.039803
-0.000896
0.024481
0.052893
0.056828
0.070860
0.046398
0.001447
-0.011593
-0.009063
-0.004794
-0.010261
-0.030399
-0.059946
-0.101317
-0.181692
-0.203290
-0.163864
-0.085420
-0.038852
0.019787
0.044164
0.055199
0.048699
0.031676
0.012447
-0.027204
-0.073171
-0.086111
-0.091571
-0.086963
-0.088587
-0.099180
-0.107053
-0.116034
-0.138281
-0.121189
-0.077061
-0.001117
0.072869
0.113957
0.122806
0.157885
0.191688
0.221556
0.233946
0.193761
0.158071
0.159294
0.161322
0.167585
0.166026
0.138161
0.115037
0.090719
0.061272
0.036990
0.004863
-0.023954
-0.060237
-0.101553
-0.087783
-0.056620
-0.052021
-0.052424
0.001386
0.009915
0.018492
0.017919
0.019160
0.024026
0.031883
0.039605
0.052352
0.091529
0.104400
0.110332
0.118180
0.121852
0.119274
0.111680
0.102273
0.091076
0.077153
0.060843
0.040605
0.018021
0.000781
-0.005223
-0.006394
-0.004403
0.007202
0.016022
0.022767
0.028959
0.033193
0.034020
0.031319
0.025490
0.016538
0.030714
0.088253
0.133791
0.162572
0.177730
0.171463
0.215012
0.274479
0.291710
0.267584
0.239481
0.185408
0.101700
-0.029725
-0.238821
-0.532106
-0.833707
-1.047213
-1.046305
-1.038722
-0.947806
-0.744850
-0.638814
-0.514675
-0.393298
-0.304638
-0.283196
-0.321229
-0.363858
-0.418178
-0.487923
-0.561813
-0.002723
-0.033097
-0.079475
-0.128119
-0.169002
-0.204691
-0.238397
-0.272151
-0.305393
-0.338440
-0.371917
-0.406828
-0.443929
-0.484041
-0.528172
-0.576931
-0.631623
-0.693442
-0.762431
-0.839697
-0.922650
-0.942836
-0.935564
-0.896064
-0.846325
-0.789501
-0.729410
-0.669772
-0.609923
-0.547001
-0.476911
-0.393363
-0.292935
-0.178306
-0.039285
0.134574
0.357366
0.641603
0.957341
-0.000577
0.017861
0.047484
0.058305
0.065140
0.072255
0.071178
0.063186
0.047856
0.056622
0.051490
0.048754
0.047299
0.045653
0.047665
0.048136
0.045720
0.038065
0.034511
0.042354
-0.006652
-0.268509
-0.502657
-0.657444
-0.803029
-0.961399
-1.047210
-1.038390
-1.008776
-0.981886
-0.959867
-0.935661
-0.907726
-0.873780
-0.833445
-0.788246
-0.755940
-0.727213
-0.737941
-0.760891
-0.774890
-0.729021
-0.769882
-0.803841
-0.876041
-0.767156
-0.670693
-0.686328
-0.792589
-0.876494
-0.896274
-0.922703
-1.002207
-1.029360
-0.005295
-0.035629
-0.067437
-0.102088
-0.112052
-0.120292
-0.130776
-0.139572
-0.129095
-0.080291
-0.058264
-0.046574
-0.035262
-0.035593
-0.042489
-0.045493
-0.037235
-0.027504
-0.023739
-0.068586
-0.204645
-0.411827
-0.662269
-0.970717
-1.047212
-1.044957
-1.033051
-1.007033
-0.982204
-1.043943
-0.000959
-0.029936
-0.072757
-0.118643
-0.158808
-0.190250
-0.219108
-0.245794
-0.270462
-0.293044
-0.313534
-0.331844
-0.347923
-0.361591
-0.372461
-0.380212
-0.384929
-0.386434
-0.384613
-0.380161
-0.373919
-0.361575
-0.348678
-0.334828
-0.315289
-0.277454
-0.207196
-0.094126
0.058498
0.232553
0.403510
0.552844
0.683602
0.786882
0.870542
0.948933
1.033422
1.047207
1.047196
0.000967
0.018958
0.042855
0.052229
0.062997
0.073458
0.082016
0.088170
0.092857
0.096610
0.099342
0.100712
0.100706
0.099289
0.096421
0.092567
0.088373
0.084115
0.079633
0.074812
0.065957
0.056548
0.046379
0.032571
0.012647
-0.017599
-0.060618
-0.111118
-0.173920
-0.237019
-0.300836
-0.354915
-0.389372
-0.406752
-0.410976
-0.403151
-0.384206
-0.363663
-0.338961
-0.309964
-0.293799
-0.310276
-0.344700
-0.000794
-0.017317
-0.040981
-0.066701
-0.086247
-0.095235
-0.101289
-0.105914
-0.109748
-0.112913
-0.115245
-0.116299
-0.115926
-0.114319
-0.111643
-0.108211
-0.104092
-0.099363
-0.092903
-0.081431
-0.072529
-0.064083
-0.056293
-0.049020
-0.040770
-0.029094
-0.013115
0.003356
0.020512
0.037554
0.054694
0.072489
0.091757
0.113977
0.135574
0.159828
0.190808
0.227270
0.251597
0.268522
0.333218
-0.000886
0.041704
0.110442
0.158177
0.198924
0.229898
0.258778
0.271584
0.234005
0.185862
0.160259
0.139525
0.126196
0.108967
0.082561
0.070834
0.068136
0.064810
0.057841
0.045606
0.027833
0.000612
-0.033914
-0.076714
-0.130253
-0.186001
-0.242855
-0.313018
-0.397502
-0.468827
-0.562395
-0.659979
0.001107
0.039895
0.101248
0.150001
0.197373
0.252226
0.304897
0.356041
0.405522
0.452381
0.493373
0.465695
0.422885
0.391156
0.364291
0.346227
0.328468
0.303288
0.285893
0.287435
0.298878
0.310203
0.294403
0.262046
0.206893
0.137819
0.133548
0.128921
0.107121
0.053165
-0.021064
-0.107522
-0.207521
-0.300560
-0.405546
-0.502141
-0.575472
-0.626629
-0.655856
-0.605566
-0.526603
-0.500238
-0.496486
-0.509427
-0.520776
-0.546420
-0.575558
-0.613473
-0.651605
-0.694475
-0.720218
-0.720101
-0.726589
-0.712426
-0.002396
-0.016672
-0.031326
-0.048392
-0.057930
-0.064968
-0.065879
-0.065256
-0.063051
-0.059377
-0.054111
-0.047705
-0.040364
-0.032138
-0.023147
-0.013775
-0.003985
0.006206
0.016471
0.025305
0.032111
0.042932
0.053017
0.061274
0.066763
0.064037
-0.018458
-0.094252
-0.128492
-0.159265
-0.182196
-0.190906
-0.184531
-0.184803
-0.167572
-0.137660
-0.101370
-0.050475
0.011258
0.075326
0.137032
0.203978
0.234540
0.001958
0.030447
0.061770
0.076646
0.091406
0.104754
0.114430
0.120051
0.122473
0.161106
0.169189
0.163463
0.164390
0.163296
0.156806
0.145273
0.132238
0.119334
0.106926
0.097095
0.085915
0.069375
0.055436
0.042127
0.024981
0.007258
0.005871
0.008427
0.012236
0.010309
-0.003830
-0.009982
0.007750
0.036616
-0.010875
-0.011661
-0.056126
-0.139829
-0.206095
-0.288546
-0.390759
-0.492899
-0.570198
-0.686198
-0.793413
0.000199
-0.001469
-0.005362
-0.015648
-0.019902
-0.022864
-0.020463
-0.017546
-0.005648
0.043539
0.062302
0.064255
0.071097
0.075498
0.075082
0.071273
0.066273
0.060516
0.054621
0.047713
0.041588
0.029079
0.019780
0.021736
0.021723
0.026039
0.035499
0.044181
0.050755
0.054590
0.047055
0.050036
0.067004
0.085339
0.092180
0.091861
0.090712
0.093793
0.103350
0.111457
0.122294
0.129578
0.108884
0.087185
0.086593
0.092624
0.104106
0.108232
0.106790
0.106650
0.100631
0.112902
0.145349
0.182616
0.206023
0.197453
0.176130
0.175005
0.186018
0.195564
0.220191
0.218346
0.179010
0.153432
0.146306
0.140133
0.130002
0.111651
0.087454
0.060406
0.033121
0.040324
0.074236
0.098314
0.107770
0.089987
0.057684
0.048416
0.066135
0.094145
0.125844
0.137502
0.127207
0.122709
0.132994
0.146898
0.155709
0.153640
0.144826
0.139525
0.133620
0.152559
0.185006
0.221618
0.234122
0.210022
0.174863
0.167637
0.178508
0.202574
0.233409
0.242060
0.213390
0.189368
0.180406
0.172196
0.159081
0.137748
0.111225
0.082800
0.058045
0.071933
0.111991
0.135326
0.136152
0.104665
0.057094
0.036677
0.047580
0.071313
0.096150
0.098522
0.079253
0.077844
0.086205
0.102207
0.119799
0.127274
0.124069
0.118580
0.114472
0.139293
0.174781
0.206954
0.213610
0.182425
0.136007
0.120561
0.134412
0.164782
0.200346
0.216395
0.195863
0.187093
0.192558
0.198689
0.200424
0.191867
0.175615
0.155732
0.139528
0.161764
0.201628
0.226518
0.223109
0.178878
0.123735
0.093524
0.099594
0.123393
0.153208
0.166683
0.158671
0.164752
0.179284
0.196008
0.208863
0.211794
0.205305
0.193781
0.187399
0.216135
0.257215
0.284206
0.275545
0.220552
0.156522
0.122627
0.127175
0.153404
0.184773
0.203102
0.198757
0.206958
0.221227
0.234322
0.241794
0.238440
0.226256
0.209726
0.201054
0.234846
0.280544
0.302803
0.284073
0.217239
0.140708
0.090221
0.087524
0.111987
0.143329
0.161389
0.165114
0.179518
0.197138
0.217372
0.234239
0.240929
0.238915
0.231990
0.231917
0.271062
0.318783
0.340917
0.316394
0.239517
0.152531
0.094756
0.091303
0.118265
0.151695
0.171791
0.178206
0.192358
0.210222
0.230568
0.246936
0.253000
0.250532
0.243626
0.247207
0.296394
0.353381
0.373683
0.338155
0.249285
0.149669
0.082037
0.079563
0.107872
0.142708
0.163904
0.174650
0.187182
0.204413
0.224075
0.238668
0.242740
0.238579
0.231154
0.240305
0.303149
0.367696
0.385872
0.342457
0.245584
0.138330
0.068211
0.072804
0.105504
0.144419
0.169451
0.183741
0.198602
0.218205
0.240113
0.256068
0.260815
0.256291
0.249287
0.261559
0.328746
0.397191
0.422308
0.379368
0.277090
0.165620
0.091522
0.088395
0.119787
0.157955
0.184466
0.201013
0.215621
0.234573
0.255201
0.269605
0.272428
0.266933
0.259778
0.272691
0.342239
0.410260
0.428016
0.379032
0.275066
0.162148
0.089111
0.091551
0.123892
0.162213
0.185653
0.194901
0.203938
0.217988
0.234030
0.244477
0.244320
0.236590
0.227041
0.240371
0.317944
0.388410
0.403782
0.352075
0.250006
0.138407
0.068351
0.075535
0.110194
0.149420
0.173807
0.182223
0.192296
0.207544
0.224175
0.235807
0.237113
0.229823
0.222358
0.239593
0.316453
0.388616
0.410111
0.363616
0.263636
0.156931
0.095606
0.107147
0.145491
0.186108
0.213788
0.226239
0.249860
0.273804
0.291710
0.301328
0.299554
0.288929
0.278297
0.286966
0.351659
0.419346
0.439179
0.395144
0.290123
0.182493
0.107636
0.096650
0.124168
0.155167
0.175719
0.196899
0.211303
0.237768
0.260515
0.276947
0.283653
0.282948
0.280500
0.293981
0.355135
0.409637
0.416498
0.367729
0.271328
0.169424
0.108342
0.114403
0.146006
0.180384
0.201398
0.209229
0.225373
0.239732
0.250372
0.254007
0.248223
0.235355
0.219894
0.224969
0.299717
0.363139
0.369727
0.314698
0.210515
0.097908
0.017676
0.012167
0.036207
0.061939
0.075762
0.100779
0.117247
0.155640
0.193385
0.228919
0.251808
0.263994
0.287310
0.329189
0.398078
0.466128
0.505250
0.482282
0.396579
0.303263
0.254522
0.251604
0.282055
0.320743
0.343322
0.346176
0.372774
0.395062
0.400937
0.390465
0.368498
0.340525
0.311768
0.310629
0.382758
0.429295
0.422250
0.363526
0.263256
0.158761
0.080733
0.063712
0.078788
0.101514
0.114258
0.135793
0.149328
0.168523
0.193120
0.215839
0.228174
0.232109
0.234450
0.260172
0.334032
0.405243
0.428760
0.387860
0.297422
0.197583
0.139970
0.151446
0.191420
0.238253
0.266995
0.279359
0.303409
0.323794
0.341058
0.348259
0.343439
0.329612
0.315184
0.320644
0.383459
0.455372
0.477642
0.434233
0.327324
0.211374
0.125556
0.103203
0.120631
0.146671
0.167820
0.197068
0.215661
0.247545
0.278616
0.304502
0.318764
0.324824
0.333402
0.362899
0.428502
0.492461
0.525271
0.488316
0.388728
0.282050
0.214592
0.201883
0.227529
0.262230
0.288618
0.302161
0.330345
0.355495
0.372431
0.376672
0.368123
0.350849
0.331861
0.334434
0.398671
0.458154
0.464321
0.408542
0.299450
0.184249
0.093743
0.072000
0.089435
0.116677
0.139146
0.174754
0.202516
0.236712
0.277795
0.314616
0.338597
0.354498
0.373186
0.408554
0.470876
0.534436
0.567367
0.542124
0.450991
0.348198
0.280987
0.257307
0.274388
0.311914
0.327191
0.330022
0.350144
0.363930
0.368858
0.360843
0.340834
0.313444
0.284508
0.283032
0.364377
0.427771
0.427014
0.366301
0.256392
0.136531
0.039679
0.001216
-0.000819
0.004941
0.014107
0.032692
0.056418
0.084708
0.116790
0.155921
0.187857
0.210541
0.237026
0.275621
0.344208
0.427006
0.477016
0.466662
0.394087
0.303279
0.251571
0.247935
0.283027
0.332318
0.350328
0.350702
0.366144
0.379236
0.383094
0.376259
0.359175
0.335246
0.310007
0.308624
0.370945
0.438439
0.452496
0.405500
0.305665
0.197124
0.108178
0.083326
0.096264
0.123463
0.143902
0.158925
0.165044
0.194369
0.230490
0.265988
0.291960
0.309860
0.332329
0.363485
0.419679
0.490520
0.532948
0.520005
0.442001
0.352150
0.298123
0.286265
0.310936
0.354589
0.367613
0.362322
0.383769
0.393082
0.392666
0.376791
0.349838
0.316594
0.282729
0.272750
0.332358
0.384015
0.384737
0.336667
0.242132
0.136647
0.052533
0.024214
0.026720
0.036961
0.043631
0.054964
0.066911
0.084025
0.107301
0.135455
0.157245
0.169342
0.186085
0.225425
0.296709
0.363400
0.389202
0.358766
0.283147
0.200060
0.159347
0.172262
0.215172
0.266706
0.294513
0.302056
0.316778
0.334187
0.344005
0.346561
0.339421
0.324474
0.308378
0.306814
0.354071
0.408996
0.427479
0.391318
0.298696
0.196321
0.116878
0.092248
0.104319
0.128458
0.146276
0.166775
0.178621
0.197583
0.218728
0.237544
0.246780
0.247799
0.247590
0.266005
0.332354
0.394161
0.408044
0.367497
0.278156
0.176681
0.115646
0.121604
0.155379
0.196915
0.223269
0.232143
0.249940
0.265707
0.280723
0.288576
0.286163
0.275383
0.263671
0.271702
0.336032
0.398862
0.415879
0.371393
0.270375
0.158667
0.077329
0.067369
0.093341
0.126145
0.148351
0.170094
0.183679
0.209680
0.236210
0.257663
0.267686
0.267747
0.271211
0.297957
0.366874
0.433354
0.458009
0.419928
0.322655
0.217072
0.152439
0.153110
0.185983
0.227044
0.252143
0.257996
0.277217
0.290802
0.298482
0.297394
0.286648
0.269707
0.253029
0.257604
0.325470
0.383235
0.390409
0.340877
0.240213
0.131079
0.051895
0.047721
0.075034
0.105555
0.125034
0.149788
0.167789
0.200573
0.229386
0.252063
0.262114
0.260432
0.267192
0.298886
0.369236
0.431714
0.461323
0.428129
0.334682
0.233857
0.174971
0.174259
0.209778
0.251794
0.283678
0.298154
0.331896
0.356817
0.369118
0.367566
0.355348
0.337810
0.322113
0.326945
0.391678
0.437252
0.436957
0.390416
0.296476
0.196341
0.127777
0.120403
0.144312
0.174568
0.192593
0.196512
0.203592
0.217214
0.229885
0.231921
0.222992
0.207967
0.192174
0.204894
0.281619
0.342397
0.348409
0.297508
0.204735
0.098834
0.032522
0.033981
0.058778
0.085277
0.103222
0.121872
0.133659
0.153907
0.180228
0.208427
0.228587
0.246600
0.269943
0.295811
0.359431
0.431872
0.483044
0.468792
0.391691
0.309392
0.264287
0.263754
0.297596
0.343895
0.364623
0.366289
0.379298
0.395383
0.394938
0.378886
0.351091
0.315939
0.279404
0.266166
0.319071
0.367158
0.373449
0.330679
0.241749
0.142057
0.059125
0.037384
0.046284
0.066394
0.079322
0.091364
0.098356
0.109145
0.128329
0.149554
0.164540
0.169744
0.171372
0.186149
0.258161
0.331379
0.357098
0.324371
0.245836
0.151531
0.098752
0.111134
0.147736
0.192291
0.219406
0.221011
0.230063
0.240338
0.251765
0.258209
0.255675
0.244876
0.231483
0.224638
0.276735
0.345159
0.375011
0.345953
0.258660
0.155947
0.078115
0.062850
0.081838
0.108910
0.126697
0.137378
0.146333
0.159797
0.180936
0.199058
0.206098
0.202984
0.198596
0.209054
0.277397
0.345892
0.373359
0.340697
0.256885
0.158097
0.097719
0.104910
0.138769
0.180322
0.211188
0.221136
0.240970
0.256974
0.271863
0.279851
0.277296
0.264921
0.250782
0.246014
0.301094
0.370662
0.404667
0.377105
0.286577
0.181345
0.100828
0.081101
0.101379
0.131152
0.152140
0.166219
0.178561
0.191860
0.211129
0.225730
0.229813
0.225179
0.218219
0.222026
0.285410
0.352846
0.374636
0.337465
0.251885
0.150659
0.083779
0.088305
0.119175
0.157629
0.182044
0.183109
0.193560
0.199463
0.211075
0.216827
0.213088
0.201326
0.186077
0.181591
0.246584
0.319016
0.344491
0.308086
0.219023
0.114785
0.040209
0.040330
0.071268
0.109034
0.135049
0.146297
0.159074
0.171114
0.191079
0.207104
0.213099
0.209405
0.202971
0.209732
0.275551
0.346447
0.377831
0.346727
0.260866
0.160986
0.096600
0.100166
0.135040
0.176965
0.205988
0.212898
0.228830
0.243199
0.257284
0.264868
0.262851
0.252658
0.239936
0.234663
0.289107
0.356489
0.381647
0.349372
0.261295
0.159599
0.083078
0.071571
0.095893
0.126204
0.145801
0.157168
0.169735
0.185491
0.205376
0.219383
0.222924
0.216491
0.206945
0.207217
0.269455
0.336218
0.358690
0.323470
0.237025
0.136412
0.063028
0.061162
0.091033
0.126282
0.150338
0.163436
0.179150
0.193488
0.212266
0.224366
0.225225
0.216128
0.204073
0.204652
0.271624
0.341031
0.366770
0.331287
0.241787
0.137889
0.062176
0.059638
0.091175
0.129528
0.156102
0.169312
0.184467
0.197131
0.215218
0.227761
0.230456
0.224462
0.215272
0.217418
0.283470
0.355583
0.382295
0.346558
0.257189
0.152316
0.079290
0.078775
0.109226
0.146862
0.173204
0.179832
0.194257
0.206704
0.224463
0.235990
0.237470
0.229502
0.218351
0.217636
0.279787
0.349752
0.378945
0.346854
0.258340
0.155581
0.079858
0.073439
0.101700
0.136734
0.160367
0.175142
0.191035
0.208548
0.230819
0.246509
0.250870
0.244023
0.234726
0.237536
0.299404
0.366683
0.397935
0.368930
0.281298
0.179525
0.103009
0.091947
0.119741
0.155031
0.180446
0.195690
0.214619
0.231550
0.250957
0.263907
0.267491
0.262526
0.254383
0.254058
0.309325
0.373873
0.395895
0.361530
0.272696
0.172928
0.094681
0.082219
0.106603
0.139242
0.160125
0.169607
0.182284
0.196592
0.215549
0.227808
0.230324
0.223700
0.213055
0.209310
0.268918
0.334597
0.356630
0.320811
0.232650
0.129568
0.045864
0.036369
0.062945
0.096149
0.118940
0.135048
0.148850
0.165447
0.188995
0.212186
0.226229
0.228300
0.232692
0.253307
0.322794
0.392775
0.432680
0.411926
0.329596
0.232553
0.166556
0.159509
0.192496
0.236518
0.271375
0.287268
0.316251
0.339846
0.355267
0.360470
0.354515
0.340127
0.323722
0.316855
0.369983
0.433111
0.452501
0.416744
0.324305
0.217897
0.130838
0.099660
0.110377
0.133297
0.147966
0.171571
0.188916
0.211943
0.238377
0.260669
0.273396
0.275866
0.274751
0.282221
0.341327
0.409111
0.434805
0.403189
0.318597
0.215654
0.135669
0.119652
0.141061
0.172626
0.195231
0.207059
0.218972
0.229299
0.244082
0.251850
0.250169
0.239682
0.226625
0.223482
0.292143
0.364990
0.384417
0.342538
0.252262
0.143585
0.056407
0.050399
0.078306
0.113006
0.135093
0.148968
0.158034
0.166227
0.182577
0.196375
0.201557
0.196538
0.188152
0.197418
0.276391
0.356021
0.388735
0.352261
0.263628
0.158005
0.084189
0.088056
0.124396
0.169887
0.202994
0.214738
0.228660
0.244061
0.259694
0.270521
0.273860
0.268867
0.260658
0.260548
0.318286
0.393162
0.428145
0.406172
0.319836
0.215632
0.133522
0.112042
0.132436
0.161664
0.181890
0.196963
0.216740
0.236970
0.257603
0.270413
0.273393
0.266478
0.256337
0.255333
0.312983
0.377597
0.400210
0.366972
0.279242
0.177806
0.094955
0.078288
0.101616
0.131663
0.148573
0.163843
0.178327
0.191660
0.209399
0.220965
0.223084
0.215979
0.205701
0.205767
0.271227
0.339122
0.360857
0.323565
0.237457
0.136313
0.057282
0.054780
0.085696
0.123278
0.147449
0.160694
0.176271
0.182269
0.196637
0.205890
0.206390
0.197973
0.185557
0.176401
0.242345
0.326420
0.362640
0.334193
0.250931
0.146532
0.065303
0.058953
0.089629
0.130836
0.160912
0.171207
0.182868
0.189388
0.207761
0.222669
0.228321
0.223288
0.213314
0.208476
0.267847
0.349849
0.392708
0.371971
0.291814
0.189023
0.107833
0.094347
0.118721
0.155336
0.182319
0.185203
0.197130
0.202170
0.216982
0.226199
0.226834
0.217931
0.204522
0.191882
0.248096
0.327603
0.364690
0.340796
0.259456
0.156468
0.070519
0.053642
0.075947
0.109060
0.131084
0.141331
0.151113
0.160072
0.182173
0.202261
0.212544
0.210989
0.203273
0.201604
0.261339
0.336500
0.381127
0.365606
0.289446
0.189781
0.109662
0.093692
0.119999
0.159142
0.189419
0.199533
0.218027
0.229540
0.250257
0.265325
0.270888
0.265901
0.255253
0.246150
0.295441
0.369018
0.408976
0.390487
0.310258
0.206146
0.116299
0.087342
0.102464
0.130142
0.147698
0.159191
0.173565
0.184387
0.205672
0.222223
0.229635
0.226182
0.217920
0.210346
0.264505
0.338460
0.373568
0.350263
0.270689
0.170521
0.084063
0.064871
0.087035
0.122148
0.147478
0.159785
0.174674
0.180119
0.199983
0.215657
0.221982
0.217750
0.208209
0.201338
0.260374
0.335528
0.373845
0.350682
0.270961
0.168131
0.080991
0.064494
0.088134
0.124932
0.154221
0.165360
0.180294
0.187186
0.207668
0.224833
0.233694
0.232138
0.224965
0.222211
0.280828
0.356851
0.402202
0.385637
0.308666
0.206927
0.122796
0.103851
0.127063
0.165478
0.196060
0.203889
0.219943
0.228407
0.247737
0.261270
0.265426
0.258911
0.246883
0.237256
0.289889
0.365162
0.409966
0.394688
0.316130
0.211897
0.119130
0.087456
0.101468
0.130251
0.152618
0.159776
0.168819
0.172346
0.188165
0.201671
0.207639
0.203912
0.196057
0.191839
0.251549
0.327467
0.365406
0.343221
0.269268
0.172001
0.094127
0.086389
0.114111
0.154926
0.186130
0.195889
0.210641
0.222626
0.241050
0.255405
0.261318
0.256524
0.245223
0.239015
0.289285
0.361966
0.413724
0.410469
0.339941
0.242017
0.155796
0.123668
0.137159
0.167896
0.192182
0.206784
0.225820
0.237142
0.259843
0.277125
0.285091
0.282271
0.273626
0.266754
0.312192
0.379712
0.416940
0.399209
0.322187
0.220827
0.129123
0.094751
0.104434
0.129219
0.147413
0.156070
0.166034
0.170843
0.187744
0.200622
0.205282
0.200006
0.190866
0.183373
0.241020
0.316881
0.352063
0.327727
0.253269
0.155397
0.072314
0.062689
0.090820
0.131508
0.160267
0.178306
0.195500
0.208253
0.231523
0.251573
0.263246
0.263580
0.257731
0.258489
0.312580
0.384440
0.437259
0.434465
0.361974
0.261938
0.175871
0.144351
0.159062
0.191119
0.218635
0.229517
0.248406
0.263884
0.284210
0.298188
0.303502
0.299007
0.289335
0.281750
0.327920
0.403875
0.440349
0.420294
0.340915
0.237720
0.145011
0.107832
0.115705
0.139881
0.157062
0.164100
0.173577
0.181698
0.197319
0.208974
0.213183
0.207034
0.197037
0.187677
0.242703
0.315293
0.343384
0.316941
0.244453
0.149480
0.067738
0.054023
0.077011
0.109388
0.131480
0.141844
0.153641
0.161850
0.180332
0.196996
0.204268
0.199476
0.193853
0.198411
0.259453
0.328793
0.369164
0.356863
0.286713
0.191637
0.115677
0.099425
0.125127
0.164948
0.197432
0.211747
0.226756
0.240858
0.253427
0.262827
0.265552
0.260532
0.252889
0.247695
0.291034
0.357332
0.387935
0.368925
0.295654
0.199966
0.120047
0.099309
0.117505
0.147660
0.171179
0.174432
0.187695
0.191975
0.200467
0.203642
0.199516
0.186867
0.170856
0.155757
0.220308
0.297429
0.323830
0.291008
0.208800
0.107588
0.020112
0.009003
0.037509
0.070598
0.091864
0.101291
0.111688
0.114751
0.128061
0.141634
0.148691
0.143533
0.137968
0.147050
0.223675
0.303873
0.343528
0.319000
0.241887
0.145395
0.078959
0.079761
0.114158
0.158782
0.193391
0.209127
0.221893
0.236673
0.250777
0.260212
0.261495
0.253672
0.242303
0.233097
0.273739
0.342813
0.380402
0.370083
0.299214
0.203084
0.121800
0.098304
0.113507
0.140223
0.161007
0.160862
0.167951
0.167793
0.174656
0.176827
0.171204
0.157345
0.140142
0.124265
0.192621
0.270579
0.297153
0.263172
0.183080
0.084173
0.007463
0.009326
0.044183
0.084481
0.109273
0.119250
0.129038
0.138180
0.155365
0.172274
0.180493
0.176525
0.172038
0.178016
0.239948
0.311699
0.354075
0.342942
0.272914
0.181493
0.114351
0.107187
0.137878
0.179894
0.214684
0.229007
0.244466
0.261880
0.276240
0.283155
0.280657
0.269993
0.257654
0.248270
0.290846
0.352456
0.378192
0.357088
0.283344
0.191884
0.120493
0.104752
0.124973
0.154071
0.179207
0.185061
0.203827
0.215394
0.227816
0.231057
0.225207
0.210843
0.194377
0.180681
0.240604
0.310605
0.333789
0.304213
0.224916
0.129063
0.049142
0.037803
0.063408
0.095318
0.116783
0.123887
0.134636
0.143922
0.159279
0.166969
0.165576
0.153506
0.137255
0.129086
0.202087
0.284675
0.316267
0.284471
0.200995
0.100476
0.023733
0.024563
0.061111
0.104290
0.134498
0.155490
0.175841
0.199514
0.225702
0.248239
0.261433
0.262504
0.266133
0.284061
0.345292
0.412621
0.454148
0.439620
0.358377
0.259884
0.190332
0.176411
0.198816
0.231958
0.262335
0.273911
0.297648
0.316707
0.324928
0.320547
0.305690
0.284097
0.261504
0.249745
0.309932
0.364810
0.375556
0.336579
0.250189
0.151242
0.071662
0.056067
0.074350
0.099592
0.114144
0.126763
0.137389
0.148544
0.162995
0.174523
0.179454
0.175778
0.168701
0.169270
0.243277
0.312193
0.332479
0.297762
0.219420
0.122437
0.052779
0.057168
0.089927
0.127855
0.152553
0.162282
0.177561
0.190790
0.210439
0.224610
0.228559
0.221264
0.211044
0.213363
0.276037
0.344729
0.375795
0.348061
0.262057
0.160599
0.083338
0.073843
0.101816
0.136870
0.160767
0.174985
0.190741
0.205183
0.222780
0.234431
0.237663
0.232441
0.224374
0.225463
0.287904
0.354213
0.375462
0.339749
0.253750
0.153088
0.078711
0.076479
0.105923
0.141088
0.163960
0.170024
0.183515
0.195120
0.208644
0.215375
0.212750
0.201253
0.186970
0.185698
0.254227
0.323369
0.346504
0.310090
0.222993
0.122150
0.048548
0.050386
0.083973
0.122190
0.148229
0.161364
0.179735
0.192925
0.210596
0.222193
0.223278
0.214481
0.204321
0.209510
0.276804
0.345375
0.373795
0.341759
0.256485
0.156087
0.087645
0.089775
0.124245
0.164363
0.192767
0.201345
0.220521
0.234554
0.248982
0.255860
0.252825
0.241158
0.226933
0.222305
0.279651
0.346005
0.370238
0.337573
0.248400
0.150099
0.072459
0.061689
0.088847
-0.000180
-0.006757
-0.017135
-0.029701
-0.039288
-0.037035
-0.038747
-0.014297
0.041211
0.052225
0.053395
0.060330
0.069323
0.079270
0.088072
0.094025
0.096943
0.097708
0.095844
0.089517
0.082308
0.073157
0.060942
0.042972
0.030624
0.023448
0.020066
0.018144
0.023140
0.027673
0.032686
0.041209
0.045347
0.057144
0.089391
0.126972
0.157511
0.153163
0.157013
0.140623
0.127309
0.121628
0.118579
0.115811
0.104737
0.094916
0.064723
0.047288
0.039516
0.030510
0.018161
0.006793
-0.007675
-0.016922
-0.000717
0.035269
0.060053
0.068185
0.082660
0.094555
0.109903
0.112527
0.107824
0.104121
0.086141
0.044217
0.035742
0.036313
0.036922
0.025525
0.007808
-0.007826
-0.020146
-0.021100
0.012435
0.054516
0.090357
0.095425
0.081639
0.076564
0.092346
0.104255
0.119609
0.127282
0.139626
0.123563
0.118551
0.126430
0.135962
0.133552
0.121190
0.110754
0.091505
0.088623
0.120934
0.159473
0.189872
0.186970
0.159264
0.139116
0.139626
0.136591
0.132960
0.120713
0.124791
0.118566
0.124601
0.140479
0.158859
0.163963
0.160189
0.157172
0.157063
0.149023
0.187543
0.230740
0.264708
0.258184
0.219132
0.190559
0.189456
0.193941
0.204207
0.207224
0.220620
0.199213
0.190385
0.188843
0.184975
0.172101
0.162098
0.162690
0.169125
0.175920
0.220463
0.273540
0.310424
0.306944
0.261660
0.226740
0.222269
0.226566
0.242672
0.258936
0.270649
0.251941
0.245313
0.241535
0.231662
0.209926
0.187103
0.168138
0.142525
0.149315
0.204359
0.261856
0.292149
0.274466
0.207186
0.144823
0.117373
0.110464
0.122872
0.131511
0.138678
0.147030
0.165155
0.199523
0.221727
0.228970
0.237237
0.254905
0.292109
0.334646
0.396916
0.447338
0.467872
0.450716
0.389559
0.352368
0.343288
0.340380
0.354874
0.385374
0.404358
0.357164
0.325141
0.299835
0.264224
0.206172
0.148716
0.090435
0.023727
0.043722
0.112259
0.169657
0.202651
0.184940
0.113781
0.044050
0.016590
0.008370
0.015689
0.025857
0.026336
0.041098
0.064735
0.094706
0.124475
0.140233
0.144583
0.149900
0.167103
0.227436
0.308714
0.383250
0.414678
0.384804
0.307890
0.241714
0.215128
0.212019
0.230653
0.255105
0.271728
0.275089
0.276364
0.283493
0.282390
0.268828
0.249846
0.235562
0.225590
0.251522
0.309480
0.367193
0.393220
0.377744
0.315139
0.256575
0.226305
0.212995
0.219839
0.233443
0.248067
0.249275
0.258561
0.271596
0.276252
0.269093
0.254010
0.238637
0.229122
0.266804
0.346095
0.402528
0.426385
0.409330
0.347393
0.290770
0.260719
0.245925
0.251673
0.264766
0.273250
0.269416
0.271230
0.272920
0.265982
0.246675
0.220189
0.192891
0.170441
0.218512
0.303847
0.364773
0.392456
0.377241
0.310282
0.244137
0.207841
0.195131
0.201001
0.218263
0.225586
0.222040
0.218402
0.213042
0.204620
0.186110
0.160620
0.135645
0.120722
0.164289
0.252227
0.321167
0.356189
0.340715
0.277759
0.217828
0.190279
0.187604
0.202534
0.226003
0.237430
0.239306
0.238608
0.240297
0.235112
0.218932
0.196616
0.176550
0.167084
0.198384
0.271830
0.333709
0.364010
0.350740
0.288586
0.229026
0.198673
0.188836
0.197895
0.216626
0.229517
0.230801
0.233790
0.238306
0.239632
0.231386
0.215267
0.198684
0.192401
0.229980
0.311157
0.371411
0.398153
0.381174
0.314262
0.252020
0.217988
0.206794
0.215219
0.234424
0.248811
0.252065
0.256772
0.264087
0.265027
0.253921
0.234615
0.217008
0.212749
0.249697
0.328531
0.387980
0.411704
0.390351
0.319657
0.255074
0.220089
0.209801
0.219732
0.239795
0.253957
0.256410
0.259652
0.264035
0.262550
0.249975
0.229578
0.207754
0.193633
0.238038
0.324478
0.385524
0.411412
0.392829
0.325627
0.260597
0.224716
0.214050
0.224447
0.247182
0.260548
0.264128
0.262158
0.261817
0.254836
0.237154
0.212328
0.186776
0.167942
0.214422
0.302588
0.366163
0.394420
0.380330
0.313363
0.247501
0.212216
0.205378
0.216827
0.239896
0.253952
0.258164
0.257581
0.259208
0.253468
0.236796
0.213498
0.189596
0.175409
0.213738
0.296812
0.358374
0.386739
0.374556
0.312298
0.252879
0.220452
0.210756
0.220242
0.238249
0.251612
0.251960
0.252218
0.254126
0.249811
0.235371
0.214011
0.192111
0.182821
0.221363
0.302064
0.362766
0.390767
0.377022
0.314446
0.257491
0.228240
0.218687
0.227952
0.244187
0.256996
0.256629
0.252415
0.252018
0.244980
0.227284
0.203194
0.178835
0.165414
0.205152
0.288493
0.350797
0.379618
0.361999
0.293421
0.226913
0.194614
0.189215
0.201545
0.223735
0.235251
0.237457
0.235759
0.236761
0.232627
0.218023
0.196559
0.174132
0.155164
0.191067
0.274353
0.337164
0.369076
0.358665
0.296783
0.233987
0.199791
0.189894
0.199487
0.219876
0.235192
0.238859
0.241801
0.248783
0.250572
0.240646
0.223139
0.206651
0.202387
0.238463
0.315516
0.376687
0.403602
0.384409
0.316899
0.254832
0.221645
0.210321
0.219194
0.236729
0.251871
0.254265
0.258023
0.262745
0.261701
0.250174
0.230439
0.209277
0.195868
0.237516
0.322665
0.384703
0.411953
0.395490
0.328709
0.264075
0.229068
0.220488
0.231733
0.254770
0.268142
0.271641
0.272880
0.274869
0.269024
0.252234
0.228190
0.203359
0.185262
0.224355
0.308689
0.370325
0.398561
0.386113
0.321552
0.258243
0.224943
0.218986
0.232150
0.255781
0.267411
0.268639
0.267532
0.268166
0.260967
0.243128
0.218310
0.192821
0.174951
0.212964
0.295856
0.357054
0.386996
0.378031
0.318648
0.261510
0.230740
0.222879
0.233343
0.251087
0.263739
0.262641
0.261860
0.264626
0.258650
0.240703
0.215989
0.191514
0.181177
0.215277
0.292184
0.352947
0.381964
0.364127
0.297950
0.235997
0.207194
0.204575
0.219724
0.243978
0.260813
0.269206
0.277513
0.290121
0.295010
0.286572
0.268725
0.252437
0.247221
0.277885
0.336723
0.395459
0.420350
0.400273
0.330816
0.264378
0.229200
0.216534
0.226444
0.243533
0.259056
0.265095
0.275540
0.288325
0.293522
0.285883
0.269565
0.251447
0.240243
0.283996
0.366597
0.424914
0.449835
0.432564
0.368439
0.307199
0.272671
0.261948
0.270900
0.289962
0.299456
0.298142
0.301551
0.304303
0.297119
0.274294
0.244196
0.213494
0.178656
0.224327
0.306892
0.368279
0.398488
0.388722
0.332697
0.273528
0.240427
0.227120
0.227397
0.238356
0.251555
0.250172
0.246201
0.242670
0.236443
0.218706
0.201317
0.197408
0.213169
0.258772
0.325117
0.389677
0.414490
0.389009
0.326458
0.278490
0.259132
0.251560
0.263695
0.281073
0.293061
0.291172
0.286692
0.283464
0.273207
0.252167
0.226319
0.205260
0.198806
0.233335
0.310579
0.371037
0.397646
0.378367
0.311814
0.253040
0.223713
0.209658
0.213841
0.225830
0.237551
0.239723
0.236240
0.232838
0.228037
0.215387
0.195971
0.178601
0.174965
0.216504
0.298933
0.365149
0.395494
0.373360
0.304157
0.241880
0.208791
0.196885
0.203657
0.220140
0.234810
0.236664
0.233597
0.231500
0.228154
0.216741
0.198518
0.184509
0.185520
0.226252
0.305561
0.370887
0.400056
0.379918
0.312702
0.252496
0.221958
0.203096
0.204525
0.216453
0.229374
0.234677
0.230489
0.225955
0.220112
0.207899
0.188996
0.170148
0.163796
0.215342
0.304773
0.373837
0.404046
0.377777
0.301077
0.227967
0.189561
0.178189
0.184576
0.203382
0.221025
0.227201
0.226084
0.228876
0.229750
0.221283
0.207367
0.199964
0.207604
0.250385
0.317880
0.383807
0.410623
0.388557
0.313862
0.240419
0.204806
0.195595
0.210966
0.233699
0.254264
0.262930
0.273175
0.283189
0.291903
0.289942
0.282471
0.281465
0.289922
0.326315
0.390787
0.449461
0.469679
0.442585
0.372485
0.306453
0.271568
0.255901
0.263776
0.283028
0.292052
0.289277
0.287862
0.284548
0.274333
0.253034
0.225971
0.195323
0.159834
0.215226
0.305953
0.372281
0.401624
0.392451
0.332849
0.269276
0.234659
0.212515
0.203672
0.208920
0.216994
0.212942
0.211513
0.214054
0.211034
0.190993
0.173265
0.165765
0.176919
0.227048
0.299514
0.367990
0.395122
0.362287
0.290588
0.231549
0.207339
0.199763
0.211841
0.230301
0.245668
0.251551
0.251896
0.254498
0.252390
0.238127
0.217192
0.201542
0.201757
0.237529
0.312544
0.373192
0.400228
0.380505
0.313297
0.249624
0.217905
0.209713
0.220671
0.238540
0.251749
0.251718
0.253702
0.258667
0.259995
0.249074
0.232205
0.220740
0.221864
0.255366
0.326774
0.386522
0.412915
0.397015
0.332243
0.269232
0.238148
0.229175
0.240527
0.259273
0.272586
0.272334
0.276378
0.282593
0.282658
0.269907
0.251180
0.236732
0.230231
0.261529
0.337029
0.395133
0.420711
0.405104
0.340664
0.278018
0.243549
0.231236
0.238703
0.254947
0.265779
0.262428
0.264815
0.267288
0.263685
0.246428
0.221203
0.199186
0.188375
0.225684
0.306999
0.370376
0.399857
0.384032
0.317552
0.251945
0.215972
0.203003
0.210275
0.227343
0.241115
0.241196
0.241333
0.240673
0.238628
0.226065
0.205593
0.189408
0.188564
0.230279
0.308962
0.375539
0.406328
0.389947
0.320743
0.252760
0.217233
0.205971
0.215547
0.234120
0.249058
0.250472
0.251000
0.252439
0.252145
0.241689
0.222834
0.206996
0.203379
0.242019
0.321925
0.385613
0.415194
0.401690
0.337636
0.274946
0.241647
0.225875
0.230770
0.244968
0.258832
0.258596
0.256995
0.254753
0.250165
0.236254
0.214603
0.193029
0.183234
0.226975
0.312599
0.378129
0.409248
0.393531
0.325133
0.257311
0.221360
0.209099
0.216017
0.232810
0.249628
0.252507
0.250798
0.249987
0.246679
0.234199
0.214034
0.197576
0.197937
0.226940
0.301363
0.369348
0.404290
0.392122
0.335349
0.283621
0.257106
0.236410
0.237215
0.251666
0.265125
0.266312
0.258124
0.258342
0.250777
0.234917
0.212122
0.188101
0.171990
0.204797
0.292022
0.366569
0.400623
0.380800
0.306060
0.232607
0.191114
0.175328
0.178085
0.193175
0.208444
0.208308
0.204917
0.210834
0.212773
0.205197
0.189687
0.173323
0.166624
0.193719
0.275326
0.349474
0.388017
0.380002
0.317397
0.252917
0.214881
0.190829
0.187906
0.199854
0.214549
0.217633
0.218478
0.225922
0.227947
0.220826
0.205199
0.189126
0.184394
0.216057
0.293428
0.368898
0.404035
0.391673
0.318996
0.248639
0.204631
0.182843
0.184972
0.202077
0.219527
0.221226
0.221866
0.229526
0.232482
0.226960
0.212681
0.198342
0.195053
0.225065
0.305207
0.378658
0.414019
0.401250
0.333887
0.264588
0.224950
0.197524
0.191975
0.201975
0.214640
0.218342
0.218874
0.225327
0.226460
0.220224
0.205208
0.187464
0.177144
0.208433
0.295725
0.374172
0.409095
0.392875
0.315398
0.232436
0.183965
0.167197
0.170022
0.187071
0.205367
0.207498
0.207546
0.216720
0.221874
0.217850
0.204985
0.192318
0.189518
0.218982
0.297356
0.372419
0.410060
0.399654
0.337558
0.271480
0.232529
0.204119
0.198639
0.210232
0.224656
0.229280
0.227578
0.231966
0.231176
0.223896
0.208173
0.189806
0.179462
0.212726
0.302175
0.380940
0.416752
0.401298
0.327148
0.251021
0.207123
0.186289
0.185745
0.199799
0.215865
0.217236
0.214518
0.219719
0.219735
0.211037
0.194300
0.175152
0.163155
0.189058
0.272982
0.350246
0.388768
0.380769
0.310320
0.231170
0.184015
0.167285
0.169679
0.186554
0.203433
0.204704
0.203535
0.210584
0.214122
0.209078
0.195162
0.181018
0.177126
0.207234
0.287103
0.363418
0.404019
0.396836
0.334520
0.268552
0.230006
0.205162
0.201973
0.214572
0.230133
0.234492
0.232572
0.238539
0.238842
0.231976
0.216727
0.199130
0.191369
0.222310
0.305383
0.379035
0.414757
0.404957
0.336255
0.266717
0.227649
0.206067
0.205668
0.219989
0.236901
0.242235
0.244145
0.253717
0.257337
0.251381
0.236339
0.220421
0.216333
0.247008
0.321963
0.392993
0.426124
0.414530
0.344891
0.275390
0.237148
0.215947
0.216087
0.231141
0.248212
0.250745
0.250791
0.258295
0.259742
0.252120
0.235482
0.216247
0.207217
0.237755
0.321111
0.393009
0.426531
0.415574
0.348154
0.277627
0.238224
0.214708
0.211701
0.224539
0.239137
0.243756
0.243176
0.248693
0.247797
0.238181
0.219634
0.198473
0.187548
0.219542
0.305463
0.381623
0.417970
0.406469
0.334552
0.258695
0.215774
0.198691
0.201472
0.219602
0.238752
0.241905
0.240287
0.247801
0.249041
0.241456
0.225369
0.209181
0.205565
0.235463
0.307551
0.378626
0.415019
0.405632
0.338778
0.269352
0.231514
0.214196
0.217356
0.234066
0.250312
0.249708
0.246370
0.251640
0.250719
0.241064
0.222553
0.200969
0.188961
0.213281
0.293968
0.365495
0.403794
0.396927
0.331533
0.260626
0.219992
0.203316
0.206566
0.223839
0.241256
0.242493
0.239926
0.246622
0.248542
0.241723
0.225957
0.208347
0.202116
0.229447
0.301548
0.371251
0.408611
0.399210
0.332714
0.264507
0.223539
0.210011
0.217616
0.238545
0.256180
0.255904
0.252213
0.258899
0.259627
0.250126
0.231362
0.212073
0.203665
0.227044
0.298608
0.366415
0.405112
0.397110
0.334937
0.268011
0.228859
0.214750
0.221823
0.241203
0.259915
0.259592
0.258400
0.271683
0.278382
0.271946
0.255673
0.242335
0.244084
0.269018
0.324169
0.385185
0.419393
0.407950
0.343644
0.273723
0.237661
0.224665
0.236731
0.256286
0.274902
0.276097
0.281091
0.307179
0.318461
0.311461
0.295359
0.282425
0.281314
0.303458
0.359972
0.423348
0.454294
0.437106
0.364658
0.288371
0.243385
0.224270
0.232356
0.249796
0.266860
0.255498
0.253875
0.268638
0.270748
0.251513
0.220786
0.186393
0.153163
0.171274
0.257114
0.334231
0.378477
0.378239
0.307579
0.223422
0.171033
0.155720
0.159342
0.174907
0.183780
0.181155
0.179434
0.185167
0.191396
0.185919
0.168567
0.154480
0.157148
0.198590
0.274296
0.356389
0.405360
0.401198
0.331935
0.253821
0.212253
0.207189
0.225313
0.254825
0.278056
0.283856
0.283168
0.298246
0.305838
0.303241
0.293523
0.289100
0.295647
0.318788
0.367002
0.416934
0.451616
0.447373
0.398372
0.343832
0.316672
0.302715
0.301518
0.311912
0.329779
0.318936
0.309783
0.304805
0.291860
0.264708
0.229642
0.193614
0.156915
0.183912
0.263808
0.334783
0.374909
0.367408
0.308015
0.238808
0.196148
0.187987
0.194242
0.213035
0.226748
0.220993
0.219215
0.223850
0.226318
0.215013
0.194335
0.172679
0.159090
0.165206
0.231794
0.303543
0.353694
0.365249
0.324167
0.275079
0.247551
0.231818
0.234415
0.251830
0.265400
0.261101
0.256934
0.263793
0.263647
0.252752
0.232775
0.209861
0.193851
0.201048
0.260743
0.329662
0.372787
0.371605
0.312138
0.246494
0.212089
0.201771
0.212192
0.235218
0.252256
0.251146
0.251821
0.266326
0.275012
0.271492
0.256959
0.239829
0.232750
0.241828
0.292442
0.358506
0.401241
0.397325
0.337617
0.266369
0.225768
0.207955
0.215515
0.236705
0.254890
0.260857
0.266404
0.287725
0.304170
0.306259
0.297085
0.285561
0.283927
0.295649
0.348114
0.413275
0.451592
0.442937
0.376820
0.302306
0.259025
0.238598
0.245258
0.263289
0.280495
0.280500
0.288213
0.316160
0.331990
0.324090
0.302605
0.274116
0.238322
0.222769
0.291957
0.361287
0.403668
0.406382
0.350124
0.282138
0.234830
0.208304
0.204772
0.218869
0.231217
0.229319
0.237525
0.240233
0.243265
0.235210
0.216215
0.191884
0.170986
0.182466
0.265627
0.352750
0.399533
0.405353
0.342830
0.261604
0.206649
0.190644
0.193038
0.214792
0.232692
0.231616
0.229042
0.230301
0.227918
0.216166
0.194692
0.170302
0.147144
0.149429
0.227236
0.308448
0.358639
0.370586
0.324208
0.257849
0.212589
0.195159
0.195990
0.216799
0.233906
0.232189
0.229613
0.230810
0.226854
0.214745
0.194433
0.170845
0.147160
0.145714
0.221691
0.300935
0.349601
0.361743
0.317119
0.248042
0.201022
0.183245
0.183990
0.202310
0.217409
0.214889
0.213233
0.217319
0.217851
0.209955
0.193307
0.173406
0.159010
0.166414
0.238221
0.316301
0.364071
0.373086
0.323232
0.257621
0.217063
0.194977
0.192135
0.206931
0.221639
0.224625
0.227792
0.236878
0.240492
0.234547
0.220077
0.203923
0.197853
0.216558
0.282404
0.361453
0.406000
0.405449
0.341372
0.267872
0.224626
0.200872
0.197821
0.212629
0.227696
0.232137
0.232161
0.237889
0.237078
0.232828
0.220932
0.211259
0.215767
0.243022
0.305400
0.382277
0.425709
0.419143
0.349940
0.270214
0.226208
0.210544
0.218690
0.238633
0.257011
0.259889
0.258533
0.268379
0.271718
0.266757
0.253570
0.242300
0.239662
0.250801
0.319024
0.388362
0.428624
0.427153
0.376077
0.317298
0.282501
0.255650
0.248715
0.258029
0.268946
0.264758
0.257087
0.256596
0.250620
0.236546
0.215347
0.191694
0.176603
0.195548
0.277612
0.355835
0.398798
0.397668
0.339899
0.274120
0.236361
0.211636
0.205146
0.215991
0.225513
0.225010
0.220643
0.221393
0.218561
0.207349
0.187212
0.170106
0.169695
0.196636
0.262235
0.341871
0.387758
0.374172
0.305134
0.235442
0.199571
0.187213
0.194889
0.215596
0.233694
0.239316
0.240382
0.251186
0.256110
0.253380
0.241491
0.229791
0.229873
0.246341
0.301741
0.371808
0.411564
0.405297
0.340582
0.268621
0.227301
0.206974
0.210769
0.227563
0.242729
0.241495
0.238607
0.245344
0.248387
0.243850
0.232088
0.217888
0.205909
0.219994
0.298234
0.371373
0.412684
0.415974
0.365863
0.306015
0.271828
0.244910
0.231779
0.233075
0.241544
0.241685
0.233185
0.232109
0.227288
0.212671
0.189345
0.171583
0.173314
0.209952
0.276196
0.350072
0.385220
0.358339
0.283135
0.213463
0.180898
0.178060
0.193792
0.216602
0.235965
0.243024
0.243934
0.256010
0.263543
0.261834
0.251207
0.245355
0.255405
0.286650
0.345844
0.407318
0.440431
0.428569
0.364848
0.295973
0.260585
0.245110
0.254312
0.271630
0.291833
0.294502
0.303323
0.326402
0.338200
0.328529
0.319670
0.324571
0.345586
0.370894
0.420118
0.465077
0.487349
0.472404
0.415585
0.357063
0.327764
0.312911
0.316581
0.329254
0.343897
0.327224
0.320425
0.319741
0.308448
0.278739
0.240313
0.201154
0.158969
0.174237
0.253541
0.323571
0.361649
0.352580
0.278837
0.193424
0.129710
0.095504
0.079691
0.077393
0.066781
0.071051
0.082363
0.103080
0.125533
0.134803
0.136070
0.138767
0.148003
0.189311
0.268997
0.352952
0.398353
0.369590
0.287053
0.209437
0.176774
0.179893
0.198538
0.222236
0.242116
0.249952
0.246959
0.258775
0.265495
0.261980
0.255581
0.257833
0.274289
0.296790
0.342445
0.387824
0.419566
0.419090
0.373496
0.328002
0.310680
0.302497
0.303615
0.320745
0.336114
0.309690
0.288716
0.267996
0.238808
0.198305
0.153431
0.109091
0.060437
0.080128
0.153880
0.223065
0.269510
0.272870
0.217738
0.147472
0.105802
0.088064
0.083106
0.086605
0.084116
0.074987
0.074056
0.086646
0.101823
0.103796
0.097927
0.095852
0.103154
0.136382
0.205571
0.278564
0.327364
0.319717
0.256664
0.197172
0.175905
0.176966
0.195491
0.218227
0.239078
0.241715
0.235750
0.245407
0.250368
0.243327
0.234646
0.235636
0.248663
0.266432
0.313425
0.362511
0.396582
0.397453
0.352337
0.298772
0.274681
0.263475
0.265665
0.272312
0.292519
0.274844
0.261382
0.249448
0.233083
0.207372
0.176417
0.144938
0.104934
0.120057
0.190672
0.257004
0.301691
0.304565
0.253617
0.191280
0.151970
0.137984
0.136960
0.144376
0.149501
0.139164
0.135520
0.140184
0.147963
0.142888
0.131914
0.133170
0.154094
0.189244
0.251646
0.318447
0.361672
0.363718
0.318577
0.271828
0.255633
0.249737
0.261299
0.276747
0.298794
0.287482
0.273862
0.270331
0.256998
0.231416
0.198321
0.164213
0.129023
0.129209
0.197792
0.260435
0.298884
0.291785
0.230665
0.158571
0.000699
-0.000637
-0.005503
-0.015596
-0.022382
-0.021296
-0.018016
-0.014165
-0.009859
-0.005184
-0.000244
0.004884
0.010300
0.015969
0.021865
0.027930
0.033910
0.039791
0.045557
0.051245
0.056809
0.059337
0.064941
0.070288
0.073988
0.074008
0.065724
0.049456
0.024146
-0.009872
-0.043697
-0.068869
-0.084804
-0.092687
-0.096578
-0.096831
-0.095618
-0.101010
-0.110178
-0.099260
-0.064554
0.000095
0.001775
0.003150
-0.004919
-0.011501
-0.011309
-0.011737
-0.012565
-0.000996
0.040608
0.042491
0.048185
0.061993
0.058000
0.050150
0.046467
0.046218
0.043397
0.036330
0.011281
-0.012797
-0.019286
-0.021983
-0.018526
-0.014410
-0.013061
-0.012310
-0.013847
-0.008754
0.009213
0.029982
0.046064
0.048439
0.032970
0.013115
0.015484
0.035780
0.058970
0.074479
0.060896
0.039085
0.042268
0.049089
0.062714
0.077450
0.089739
0.096398
0.098318
0.101268
0.118892
0.131469
0.147181
0.153613
0.138366
0.114809
0.115369
0.132150
0.160165
0.172662
0.159042
0.125366
0.119364
0.109739
0.101171
0.087798
0.068573
0.045952
0.020548
0.015018
0.043468
0.061428
0.061920
0.054039
0.034000
0.007958
0.008499
0.026618
0.057635
0.073351
0.057650
0.044349
0.040758
0.041610
0.049561
0.059001
0.068170
0.075293
0.077923
0.080284
0.100885
0.119526
0.138460
0.146888
0.137527
0.123055
0.140464
0.174004
0.214229
0.240285
0.240499
0.201850
0.184634
0.188742
0.190058
0.188304
0.181750
0.170906
0.155354
0.145948
0.165134
0.186553
0.198601
0.204611
0.209065
0.211381
0.230165
0.256648
0.285658
0.304663
0.292691
0.235216
0.201623
0.194594
0.184862
0.170480
0.151145
0.128692
0.104413
0.087790
0.110410
0.134620
0.142566
0.141582
0.131846
0.122262
0.133762
0.158571
0.192875
0.215993
0.206824
0.170470
0.156447
0.151023
0.142540
0.128485
0.109610
0.089169
0.068261
0.059146
0.086675
0.112176
0.119857
0.114051
0.096709
0.074400
0.079822
0.102591
0.140237
0.153209
0.140897
0.116848
0.107686
0.103476
0.098775
0.090747
0.078877
0.065514
0.051054
0.044367
0.071601
0.096178
0.106118
0.106837
0.097032
0.082313
0.096809
0.128195
0.171231
0.195392
0.191534
0.161671
0.155576
0.140623
0.134343
0.123733
0.108204
0.090107
0.069787
0.057048
0.078252
0.102145
0.113944
0.115418
0.107716
0.094962
0.109414
0.140429
0.182931
0.207019
0.199348
0.162580
0.154075
0.153313
0.149330
0.140126
0.125574
0.108458
0.089262
0.078796
0.100751
0.124920
0.135186
0.132972
0.118777
0.098361
0.107052
0.133519
0.173566
0.194346
0.185304
0.153560
0.146231
0.144807
0.140253
0.130463
0.115646
0.098547
0.079627
0.069194
0.091858
0.115842
0.125804
0.125112
0.111978
0.092558
0.103067
0.131776
0.173534
0.194734
0.186344
0.154233
0.147734
0.148514
0.146536
0.139423
0.127076
0.112103
0.094753
0.084963
0.106633
0.130327
0.141021
0.140307
0.127204
0.107674
0.117665
0.145430
0.186164
0.206799
0.198171
0.164777
0.157151
0.156620
0.153479
0.145160
0.131575
0.115494
0.097352
0.087497
0.109522
0.133433
0.143462
0.143288
0.129242
0.109196
0.118623
0.145972
0.186689
0.207758
0.199432
0.166980
0.159218
0.157207
0.152735
0.142914
0.127879
0.110449
0.091363
0.081664
0.104441
0.128738
0.138691
0.137003
0.121741
0.100759
0.108551
0.134106
0.174240
0.193955
0.187003
0.157992
0.153348
0.153843
0.152087
0.145311
0.133537
0.119269
0.102820
0.093961
0.115942
0.139659
0.150907
0.149484
0.136127
0.117023
0.127645
0.155908
0.197235
0.217708
0.209261
0.176481
0.168328
0.166503
0.162065
0.152357
0.137510
0.120303
0.101421
0.091764
0.114248
0.138100
0.147474
0.145659
0.130360
0.110094
0.118920
0.145967
0.187020
0.208439
0.200609
0.169348
0.162760
0.161514
0.157864
0.149045
0.135225
0.119113
0.101395
0.092823
0.116009
0.139979
0.150282
0.147911
0.132602
0.111239
0.119843
0.146843
0.187737
0.208662
0.200437
0.170132
0.162330
0.159513
0.153626
0.142563
0.126694
0.109078
0.090538
0.081305
0.104122
0.128561
0.137643
0.135613
0.120351
0.100847
0.110735
0.139276
0.181745
0.203690
0.196581
0.166210
0.160827
0.161869
0.160327
0.153720
0.142103
0.128090
0.112135
0.104319
0.126079
0.149599
0.160527
0.158361
0.142956
0.121475
0.130587
0.158050
0.199050
0.220006
0.212215
0.180581
0.174127
0.173987
0.171204
0.163386
0.150605
0.135546
0.118766
0.110428
0.132891
0.156000
0.165374
0.162650
0.147068
0.127071
0.136932
0.165468
0.206858
0.232697
0.227698
0.193262
0.183895
0.176685
0.171786
0.161049
0.145037
0.126891
0.107677
0.099040
0.122586
0.146709
0.156842
0.153319
0.136204
0.113121
0.119644
0.144314
0.184140
0.202924
0.195656
0.169180
0.165179
0.164955
0.162784
0.155781
0.144152
0.130545
0.115579
0.109045
0.131302
0.155325
0.166080
0.162950
0.147157
0.126389
0.136631
0.165599
0.208049
0.229667
0.222867
0.192289
0.185736
0.184294
0.180068
0.170492
0.155892
0.139009
0.120675
0.112357
0.135335
0.158219
0.167494
0.165589
0.149215
0.127158
0.137073
0.166706
0.209390
0.236104
0.233749
0.203928
0.199265
0.193448
0.184227
0.168566
0.147050
0.123525
0.100345
0.091833
0.116800
0.140878
0.149038
0.141151
0.118681
0.089232
0.090242
0.111286
0.149085
0.170472
0.163578
0.144585
0.142749
0.143230
0.141598
0.135353
0.124729
0.112688
0.099992
0.096779
0.120097
0.144584
0.156110
0.151814
0.133572
0.108384
0.115624
0.143546
0.185578
0.204248
0.198217
0.172373
0.164584
0.160759
0.155125
0.144951
0.130515
0.114538
0.097946
0.090444
0.113162
0.136840
0.145989
0.142249
0.127591
0.109340
0.121955
0.153906
0.197763
0.225054
0.220428
0.188167
0.181077
0.181860
0.179340
0.171531
0.158709
0.143559
0.126838
0.119831
0.141456
0.163896
0.174394
0.172923
0.156277
0.133712
0.144124
0.174613
0.217790
0.244557
0.243199
0.213049
0.208201
0.190766
0.170260
0.142680
0.110172
0.077843
0.048442
0.040701
0.073549
0.099265
0.103109
0.090059
0.062232
0.027322
0.023252
0.043237
0.080091
0.105334
0.101138
0.089998
0.091940
0.099354
0.107850
0.114014
0.116514
0.118048
0.118496
0.120995
0.140942
0.164807
0.181977
0.184765
0.169923
0.148634
0.161348
0.194058
0.238282
0.264423
0.265500
0.230537
0.215591
0.217564
0.216431
0.210989
0.200986
0.187455
0.170799
0.162426
0.181267
0.201024
0.209948
0.209812
0.200679
0.191825
0.205801
0.233838
0.269826
0.292232
0.286200
0.245281
0.229095
0.227273
0.223729
0.215267
0.202367
0.187321
0.171187
0.163192
0.186462
0.207479
0.213285
0.208080
0.191905
0.177685
0.186571
0.211152
0.246593
0.268878
0.263568
0.226571
0.214486
0.192932
0.182724
0.165803
0.144798
0.123075
0.102061
0.090874
0.117611
0.141586
0.148510
0.143451
0.128573
0.112887
0.121785
0.147309
0.187576
0.210518
0.201922
0.173710
0.165797
0.161580
0.153966
0.140641
0.123011
0.104453
0.085958
0.077402
0.102060
0.125196
0.133246
0.128919
0.111386
0.087327
0.091992
0.116320
0.157269
0.178190
0.170225
0.150340
0.149360
0.148836
0.145846
0.138243
0.126353
0.113189
0.099367
0.093046
0.117148
0.139462
0.148366
0.144165
0.128091
0.106418
0.113881
0.141279
0.183675
0.206727
0.200904
0.175525
0.171769
0.164132
0.157631
0.145770
0.129456
0.111650
0.093324
0.084678
0.108488
0.130349
0.138835
0.134921
0.119093
0.097325
0.104173
0.130838
0.172906
0.199716
0.200178
0.179077
0.179923
0.182738
0.182306
0.176035
0.164459
0.150206
0.134067
0.126727
0.146036
0.166586
0.177694
0.176420
0.158884
0.132812
0.136753
0.160794
0.200864
0.223220
0.216659
0.188357
0.183452
0.178286
0.170128
0.156428
0.138074
0.118451
0.098897
0.090376
0.115233
0.137373
0.143538
0.136067
0.116482
0.092401
0.095730
0.118899
0.158931
0.180568
0.173458
0.152506
0.150691
0.145436
0.141211
0.131861
0.118231
0.103365
0.088326
0.083295
0.106606
0.130407
0.140406
0.135142
0.115156
0.087904
0.089700
0.112410
0.152678
0.175836
0.172939
0.158064
0.163024
0.164428
0.163019
0.156244
0.144928
0.131623
0.117016
0.111122
0.132080
0.153005
0.163296
0.159051
0.140982
0.115481
0.120086
0.145710
0.186844
0.210000
0.204690
0.180306
0.177163
0.174173
0.167932
0.156256
0.140119
0.122507
0.104481
0.096725
0.120541
0.141744
0.149113
0.144877
0.127039
0.103389
0.109726
0.137279
0.180078
0.208038
0.204793
0.178855
0.175892
0.173952
0.168427
0.156774
0.140115
0.121686
0.102928
0.095569
0.117518
0.139453
0.148548
0.142054
0.121593
0.091473
0.092232
0.114959
0.155235
0.177591
0.170820
0.153433
0.156567
0.155826
0.153298
0.146002
0.134510
0.121664
0.108387
0.104975
0.128055
0.150491
0.160075
0.155331
0.133904
0.104050
0.105120
0.128965
0.169797
0.195591
0.195858
0.179474
0.182462
0.180104
0.179494
0.173471
0.163145
0.150847
0.137090
0.131302
0.151240
0.171464
0.181491
0.179954
0.164782
0.146355
0.157841
0.189720
0.234403
0.263968
0.265279
0.232865
0.224059
0.217474
0.208654
0.193966
0.174825
0.154417
0.134745
0.126927
0.151394
0.172862
0.178297
0.170501
0.151163
0.129872
0.135330
0.160983
0.201545
0.226397
0.221430
0.197094
0.197166
0.184797
0.168916
0.145730
0.117833
0.089839
0.064053
0.056976
0.086710
0.111012
0.115661
0.102198
0.072908
0.033022
0.023407
0.041080
0.077688
0.105440
0.101373
0.091470
0.093979
0.097780
0.104281
0.110146
0.113611
0.116844
0.120186
0.124746
0.146242
0.169105
0.182349
0.180874
0.164444
0.142167
0.150157
0.179206
0.221533
0.247403
0.248319
0.220902
0.211549
0.208843
0.204030
0.194522
0.181428
0.166706
0.151527
0.143634
0.164356
0.185496
0.192002
0.190794
0.180555
0.169066
0.179554
0.205810
0.237131
0.261526
0.254530
0.216283
0.200545
0.193091
0.182494
0.166588
0.146678
0.126246
0.107727
0.095837
0.121821
0.153248
0.160379
0.152124
0.132771
0.109163
0.109989
0.131151
0.170208
0.197113
0.194543
0.173796
0.170672
0.172714
0.169060
0.160574
0.147998
0.134416
0.121088
0.111556
0.130391
0.158649
0.167514
0.161955
0.144494
0.122727
0.127531
0.153704
0.198135
0.227425
0.225296
0.196823
0.186098
0.182779
0.175215
0.161352
0.142848
0.123181
0.104163
0.091048
0.112948
0.140992
0.147676
0.139862
0.119750
0.092558
0.092797
0.115110
0.156616
0.190256
0.188390
0.165005
0.161753
0.165245
0.164468
0.160014
0.150790
0.139989
0.128814
0.120988
0.140401
0.167676
0.177412
0.173412
0.154629
0.128297
0.129623
0.153499
0.196494
0.227610
0.228192
0.201784
0.194388
0.193129
0.187794
0.176901
0.161553
0.144872
0.128629
0.117010
0.138514
0.165616
0.171845
0.165942
0.147444
0.124690
0.128724
0.155084
0.197640
0.230592
0.228641
0.196523
0.182952
0.177427
0.168045
0.151951
0.130967
0.109159
0.088798
0.075922
0.099837
0.129487
0.136225
0.126268
0.102378
0.068925
0.062871
0.079826
0.117084
0.145790
0.142682
0.121603
0.118725
0.119449
0.119884
0.117540
0.112707
0.107787
0.103928
0.102003
0.124683
0.155640
0.165515
0.160364
0.143232
0.120438
0.124908
0.152010
0.196271
0.224987
0.226238
0.202944
0.199912
0.194681
0.183047
0.165222
0.143403
0.120734
0.099506
0.084819
0.106253
0.134541
0.140655
0.134145
0.116219
0.091633
0.093967
0.118556
0.159868
0.192999
0.191121
0.168420
0.163870
0.166968
0.168412
0.164393
0.156255
0.146802
0.137426
0.131848
0.149643
0.178309
0.189105
0.183072
0.162431
0.133861
0.132697
0.155521
0.197486
0.228105
0.233157
0.214301
0.212876
0.213411
0.209506
0.199948
0.186229
0.170852
0.155548
0.145815
0.164576
0.190897
0.198180
0.191876
0.171393
0.145870
0.148758
0.175785
0.218478
0.252534
0.253697
0.223636
0.212127
0.208652
0.200537
0.185758
0.166375
0.145855
0.126741
0.115079
0.136841
0.164667
0.170567
0.162861
0.141329
0.111557
0.110496
0.133917
0.175663
0.209383
0.209373
0.186810
0.182117
0.183765
0.182221
0.173948
0.160779
0.146003
0.131589
0.123344
0.141847
0.169847
0.180484
0.174972
0.152197
0.117676
0.111481
0.130914
0.171372
0.202870
0.203624
0.184033
0.183556
0.188161
0.188650
0.183691
0.174888
0.164898
0.155183
0.149536
0.168323
0.195044
0.203656
0.196761
0.176631
0.151171
0.155059
0.184329
0.227980
0.260387
0.263545
0.233895
0.222340
0.221324
0.216145
0.205057
0.189816
0.172960
0.156840
0.146535
0.165655
0.192059
0.197378
0.189629
0.169238
0.144519
0.145709
0.171290
0.208709
0.239411
0.240780
0.213592
0.204481
0.201878
0.195801
0.182556
0.164146
0.144077
0.125259
0.115190
0.137108
0.166042
0.173569
0.163300
0.136669
0.099434
0.089919
0.106576
0.143950
0.173453
0.172705
0.154316
0.154083
0.157183
0.159100
0.156643
0.151133
0.145023
0.140081
0.138531
0.157825
0.187719
0.197170
0.192337
0.172353
0.146310
0.148820
0.177047
0.220978
0.254526
0.259259
0.238419
0.231951
0.235130
0.232736
0.224559
0.212664
0.198978
0.185310
0.176425
0.192343
0.217424
0.223466
0.217680
0.199724
0.179205
0.182972
0.210205
0.245182
0.274481
0.273823
0.242394
0.229076
0.226753
0.220928
0.208952
0.192611
0.174676
0.157966
0.148683
0.170350
0.198246
0.203145
0.193033
0.168654
0.138422
0.134863
0.156763
0.194795
0.225886
0.224974
0.203835
0.199811
0.200852
0.200717
0.193781
0.182118
0.168614
0.155392
0.148417
0.165366
0.192860
0.203867
0.197449
0.172887
0.137059
0.128707
0.147919
0.187662
0.219037
0.221034
0.202679
0.204704
0.218046
0.227746
0.231334
0.230368
0.226598
0.220638
0.216449
0.230875
0.250604
0.259843
0.255819
0.234236
0.207100
0.209875
0.239659
0.278970
0.313338
0.316401
0.281122
0.253647
0.255072
0.250979
0.241884
0.227448
0.209526
0.190108
0.177353
0.193088
0.215817
0.218527
0.207738
0.181318
0.148471
0.141730
0.161495
0.192208
0.222344
0.221862
0.198456
0.193314
0.202149
0.210815
0.213397
0.210596
0.204370
0.196043
0.191680
0.208039
0.229649
0.240506
0.233627
0.204897
0.160917
0.145297
0.160773
0.197642
0.230216
0.234321
0.217514
0.222843
0.231592
0.237928
0.239029
0.234762
0.226786
0.216101
0.209497
0.224337
0.242898
0.250778
0.241780
0.213609
0.173725
0.164141
0.185881
0.223170
0.256633
0.260293
0.236555
0.237841
0.236917
0.234493
0.226285
0.212865
0.196462
0.179685
0.171824
0.190242
0.215391
0.226410
0.215201
0.181405
0.135889
0.115116
0.126313
0.161517
0.195658
0.202212
0.185391
0.179401
0.177733
0.164329
0.155705
0.142494
0.128332
0.116195
0.106607
0.126445
0.159648
0.170263
0.164755
0.142676
0.112370
0.107194
0.130892
0.171642
0.209634
0.217238
0.202202
0.197622
0.204303
0.208055
0.205094
0.197544
0.188089
0.179006
0.170233
0.183551
0.213216
0.224964
0.221392
0.198752
0.168153
0.164291
0.187726
0.225205
0.260844
0.265375
0.240441
0.221330
0.217698
0.211111
0.198105
0.180509
0.161479
0.144631
0.131580
0.152121
0.185949
0.193671
0.184504
0.157792
0.121749
0.110934
0.126621
0.161535
0.197155
0.202452
0.184418
0.177207
0.182986
0.186883
0.184561
0.177745
0.169315
0.161704
0.154716
0.169310
0.199396
0.212910
0.208860
0.184548
0.150668
0.140916
0.159654
0.196175
0.230283
0.234739
0.215912
0.208271
0.210713
0.210828
0.204971
0.194588
0.182463
0.171299
0.161848
0.176615
0.207939
0.218387
0.212132
0.185740
0.150472
0.140334
0.158455
0.193667
0.229242
0.233397
0.213490
0.204371
0.210003
0.213259
0.210723
0.203807
0.195057
0.187102
0.179894
0.194480
0.225238
0.236347
0.230745
0.205665
0.171900
0.163641
0.183372
0.218160
0.252077
0.258768
0.240548
0.226351
0.231794
0.233613
0.229821
0.221774
0.211784
0.202640
0.194245
0.208194
0.238756
0.248234
0.242839
0.218253
0.187202
0.181073
0.200757
0.233530
0.266580
0.268464
0.244126
0.222384
0.225244
0.225590
0.220340
0.210991
0.199859
0.189937
0.181293
0.195724
0.227427
0.237134
0.231065
0.206083
0.174022
0.166259
0.184380
0.216626
0.249024
0.249900
0.227549
0.214778
0.219747
0.224633
0.223944
0.219071
0.211867
0.204739
0.197751
0.209569
0.237791
0.246659
0.242673
0.218910
0.189626
0.181341
0.198621
0.229302
0.258243
0.257754
0.235763
0.220752
0.219860
0.219395
0.214215
0.205355
0.194815
0.185021
0.175722
0.190760
0.220011
0.226329
0.221178
0.198326
0.170924
0.163348
0.179728
0.208979
0.239760
0.239473
0.216557
0.201031
0.202702
0.200846
0.194186
0.183691
0.171810
0.161053
0.151079
0.167246
0.198012
0.205391
0.200680
0.177649
0.149453
0.141063
0.157284
0.188405
0.219748
0.223036
0.204722
0.194717
0.184463
0.171687
0.165247
0.155070
0.144002
0.134529
0.125488
0.141466
0.172556
0.181915
0.179474
0.160740
0.137364
0.134242
0.155628
0.190347
0.223823
0.225076
0.203405
0.191015
0.180916
0.171809
0.163246
0.150727
0.137275
0.125494
0.115031
0.131590
0.163354
0.172335
0.169326
0.147504
0.120043
0.113107
0.131762
0.167119
0.201926
0.205405
0.185611
0.178377
0.179486
0.177754
0.170122
0.157876
0.144476
0.132393
0.121757
0.138928
0.170495
0.179914
0.174124
0.149289
0.116141
0.103689
0.118271
0.153216
0.187159
0.191052
0.172384
0.166279
0.166972
0.164063
0.155404
0.141798
0.127074
0.113856
0.102439
0.120225
0.153063
0.162734
0.156034
0.129725
0.092330
0.077384
0.090620
0.124915
0.160042
0.164363
0.145898
0.142528
0.137558
0.132780
0.125630
0.114125
0.101713
0.091090
0.081890
0.101226
0.135366
0.146665
0.141793
0.117040
0.081180
0.066401
0.079741
0.114308
0.150630
0.153837
0.137766
0.143529
0.145881
0.146706
0.142083
0.132562
0.121871
0.112433
0.108365
0.125589
0.153706
0.165907
0.160351
0.135020
0.097630
0.082788
0.094521
0.129263
0.161043
0.165941
0.152702
0.158209
0.169601
0.179611
0.185151
0.186204
0.185348
0.183680
0.182689
0.197619
0.218309
0.228513
0.224581
0.201651
0.170338
0.165131
0.186799
0.224883
0.254788
0.255751
0.234280
0.227707
0.231379
0.231212
0.226379
0.217819
0.207690
0.197777
0.191893
0.209746
0.233808
0.236816
0.227687
0.204242
0.177555
0.174818
0.197305
0.229988
0.257964
0.254887
0.227827
0.225729
0.210289
0.191491
0.165185
0.133955
0.102561
0.074759
0.061602
0.092888
0.125186
0.127962
0.110021
0.074196
0.026535
0.003217
0.013879
0.047081
0.081324
0.089755
0.084007
0.091551
0.098472
0.107963
0.117391
0.126106
0.135150
0.145612
0.155196
0.175588
0.199412
0.213419
0.209896
0.187409
0.154807
0.148672
0.169572
0.209823
0.239468
0.241676
0.222535
0.217465
0.223817
0.226143
0.224466
0.219619
0.213439
0.207349
0.202571
0.218139
0.243023
0.247668
0.244283
0.228445
0.212412
0.217342
0.241591
0.271249
0.299536
0.297083
0.264287
0.242572
0.243774
0.241716
0.234808
0.224157
0.211979
0.200496
0.192893
0.209287
0.235991
0.239694
0.232799
0.210869
0.188960
0.188519
0.208589
0.238009
0.263636
0.259907
0.230591
0.219684
0.214792
0.206040
0.190524
0.170360
0.149384
0.130443
0.120231
0.143394
0.173433
0.178232
0.167973
0.140391
0.103350
0.092461
0.107327
0.142438
0.174773
0.173941
0.154442
0.152253
0.153049
0.153194
0.149324
0.142368
0.135366
0.130329
0.128941
0.151682
0.181719
0.189554
0.181659
0.158895
0.130248
0.127555
0.149883
0.191465
0.222762
0.224634
0.206410
0.207676
0.209687
0.206436
0.203079
0.196278
0.188681
0.181672
0.177342
0.194561
0.221199
0.229409
0.225095
0.206841
0.189451
0.198527
0.230326
0.271342
0.299318
0.298727
0.266024
0.250125
0.233794
0.212900
0.185406
0.153886
0.122362
0.094675
0.079414
0.110551
0.141689
0.142658
0.126845
0.098502
0.063878
0.054661
0.071303
0.106847
0.139616
0.139042
0.122887
0.120522
0.121974
0.124490
0.124681
0.123282
0.122706
0.124046
0.126914
0.148213
0.179444
0.190119
0.183274
0.162215
0.135599
0.135873
0.160172
0.202496
0.230209
0.230995
-0.000161
-0.012170
-0.029521
-0.046233
-0.057328
-0.058339
-0.057351
-0.054962
-0.051674
-0.047825
-0.043792
-0.039740
-0.035680
-0.004769
0.050262
0.060109
0.064256
0.074146
0.082913
0.089915
0.095073
0.097457
0.101504
0.100397
0.096531
0.082990
0.065642
0.021302
-0.002611
0.011634
0.026097
0.039152
0.057896
0.081369
0.112011
0.148889
0.190719
0.225691
0.271303
0.377114
0.393313
0.373142
0.374475
0.391571
0.386268
0.378149
0.387453
0.415223
0.455366
0.487346
0.484306
0.428130
0.398400
0.370727
0.329090
0.254720
0.151866
0.027197
-0.114036
-0.158755
-0.099130
-0.050740
-0.016720
-0.003812
0.036214
0.064308
0.086802
0.105282
0.121067
0.132312
0.139241
0.143319
0.148965
0.137791
0.136068
0.123353
0.096589
0.075407
0.059215
0.080678
0.135185
0.190817
0.221383
0.181024
0.147049
0.108928
0.080618
0.046420
0.021011
-0.001852
-0.029464
-0.045431
-0.040953
-0.015164
0.017423
0.030153
0.023230
0.018159
0.009084
0.026829
0.070032
0.120961
0.170492
0.181188
0.161392
0.140424
0.135100
0.131055
0.138583
0.142356
0.141812
0.099949
0.068009
0.049877
0.032016
0.004367
-0.026750
-0.051449
-0.084796
-0.084921
-0.048562
0.002279
0.041430
0.038851
0.015375
0.003400
0.007796
0.021826
0.044299
0.059339
0.071123
0.085515
0.118597
0.150139
0.178271
0.187949
0.185871
0.186400
0.168052
0.182816
0.221358
0.262817
0.294230
0.289921
0.245156
0.201223
0.172034
0.139389
0.118668
0.101160
0.096901
0.100552
0.116880
0.144335
0.170147
0.178340
0.175706
0.178346
0.182598
0.219288
0.279144
0.326238
0.334299
0.296611
0.240514
0.198929
0.180682
0.177531
0.190437
0.202168
0.208780
0.197043
0.184473
0.184607
0.183324
0.168597
0.154259
0.150514
0.153096
0.196591
0.259765
0.313391
0.313285
0.274085
0.216099
0.173984
0.154300
0.154588
0.172682
0.192052
0.214051
0.223683
0.238903
0.266893
0.270505
0.265024
0.253810
0.241796
0.220158
0.250302
0.302163
0.344590
0.365944
0.348173
0.286121
0.233076
0.207755
0.175083
0.152144
0.142997
0.135092
0.146740
0.170250
0.205324
0.240975
0.265593
0.272598
0.276077
0.287382
0.342319
0.410190
0.464671
0.469520
0.415249
0.332920
0.267591
0.226963
0.209981
0.218986
0.235783
0.252215
0.256534
0.265340
0.291639
0.311602
0.312860
0.303686
0.298153
0.293081
0.329751
0.380937
0.426171
0.437016
0.405156
0.340248
0.290512
0.259794
0.240747
0.246928
0.260531
0.273965
0.279942
0.291096
0.325535
0.342777
0.338565
0.324135
0.316502
0.312679
0.350409
0.400747
0.443399
0.451312
0.415352
0.342849
0.274500
0.225498
0.206610
0.209469
0.219628
0.229397
0.230958
0.243613
0.281256
0.303212
0.306016
0.303307
0.302894
0.308865
0.346245
0.397447
0.445576
0.454570
0.417279
0.355580
0.310750
0.286324
0.274418
0.282555
0.293171
0.308340
0.308526
0.300038
0.305615
0.297088
0.281532
0.263510
0.254154
0.239586
0.271310
0.321089
0.370149
0.384530
0.348279
0.279994
0.215542
0.176853
0.166895
0.175581
0.187962
0.198136
0.193260
0.198285
0.219729
0.240913
0.242994
0.234939
0.231976
0.232373
0.275573
0.338007
0.393695
0.412449
0.385668
0.325091
0.269742
0.233070
0.210483
0.211166
0.219575
0.231570
0.235933
0.242983
0.281984
0.302553
0.296946
0.287540
0.280647
0.270494
0.300431
0.347535
0.387853
0.405059
0.386302
0.326468
0.279380
0.255775
0.232147
0.226275
0.229386
0.232858
0.236461
0.248803
0.274930
0.299350
0.309106
0.305773
0.303997
0.312444
0.357381
0.415293
0.464108
0.468771
0.417060
0.340011
0.277858
0.240645
0.227554
0.234489
0.246447
0.259642
0.270100
0.286386
0.313535
0.330971
0.328476
0.318500
0.309884
0.296464
0.323016
0.367137
0.408582
0.422947
0.401652
0.339268
0.286511
0.252838
0.220798
0.210345
0.210606
0.211785
0.217697
0.232652
0.263713
0.292418
0.302976
0.299731
0.296376
0.300781
0.343017
0.400946
0.451238
0.458506
0.417492
0.344847
0.284824
0.248983
0.235251
0.241357
0.252472
0.266363
0.266000
0.272250
0.295505
0.311364
0.305074
0.290591
0.281090
0.263773
0.289974
0.335204
0.378925
0.396765
0.377248
0.322095
0.272836
0.241246
0.217544
0.213974
0.218796
0.225190
0.225766
0.232061
0.258479
0.280540
0.281998
0.273378
0.268285
0.266076
0.302322
0.354234
0.400882
0.415247
0.388555
0.323976
0.264329
0.225536
0.208841
0.212812
0.223366
0.231320
0.242017
0.251636
0.279767
0.301955
0.303377
0.295653
0.290259
0.277423
0.306621
0.353486
0.399073
0.416045
0.394315
0.336132
0.283185
0.247375
0.228009
0.229399
0.237073
0.246330
0.258640
0.266658
0.292423
0.311982
0.312120
0.303737
0.299250
0.297629
0.331459
0.380549
0.426713
0.438864
0.409252
0.344524
0.284904
0.247362
0.234168
0.240806
0.254078
0.263280
0.275856
0.287414
0.312716
0.331329
0.332326
0.325284
0.321432
0.326281
0.360788
0.409286
0.457751
0.467024
0.428214
0.364829
0.314527
0.290182
0.283390
0.292977
0.303821
0.319458
0.314892
0.305869
0.304335
0.302453
0.288464
0.271204
0.257893
0.230685
0.252858
0.298009
0.348858
0.370153
0.346399
0.289132
0.230445
0.195248
0.181719
0.187004
0.194975
0.199422
0.196062
0.193950
0.208138
0.224260
0.223173
0.216743
0.215469
0.216395
0.259150
0.321609
0.382377
0.404199
0.380924
0.320195
0.266785
0.236300
0.222644
0.230251
0.242076
0.260602
0.266912
0.273310
0.292576
0.304113
0.300881
0.291568
0.287209
0.276676
0.306398
0.353066
0.398271
0.413997
0.393454
0.331099
0.274490
0.235627
0.218353
0.219403
0.227187
0.234725
0.247893
0.259690
0.284839
0.304096
0.312075
0.313142
0.315775
0.326811
0.367332
0.419008
0.465363
0.475228
0.446488
0.382862
0.331091
0.300827
0.286946
0.294186
0.305227
0.323507
0.328173
0.335662
0.353262
0.359885
0.351003
0.335722
0.326273
0.306995
0.328921
0.369004
0.414470
0.428258
0.398704
0.339150
0.281646
0.248667
0.243225
0.256393
0.274353
0.289071
0.297870
0.302339
0.320677
0.330238
0.325501
0.315503
0.309470
0.300756
0.338900
0.394196
0.447042
0.460984
0.433142
0.367385
0.310307
0.275022
0.255862
0.259579
0.269593
0.280292
0.295306
0.303169
0.325143
0.335963
0.329525
0.316905
0.310077
0.295664
0.327994
0.378116
0.423252
0.436899
0.410288
0.344368
0.283873
0.242455
0.223008
0.223495
0.232433
0.240140
0.246157
0.254024
0.276508
0.295292
0.297771
0.292854
0.290571
0.287926
0.326158
0.381504
0.429484
0.443271
0.408926
0.340706
0.281791
0.245849
0.227788
0.228616
0.234758
0.245813
0.262073
0.271492
0.293486
0.312993
0.315720
0.309765
0.308014
0.293438
0.321628
0.366683
0.407653
0.422686
0.396711
0.331258
0.270284
0.227398
0.204600
0.200317
0.203219
0.203768
0.202753
0.202962
0.223810
0.244810
0.252737
0.248914
0.247437
0.249426
0.289988
0.349123
0.399088
0.416420
0.384685
0.321808
0.266454
0.236122
0.225320
0.231568
0.242153
0.253527
0.267344
0.285575
0.307956
0.329279
0.335227
0.331381
0.329164
0.314896
0.316752
0.350800
0.388345
0.411657
0.405258
0.357258
0.315373
0.295324
0.270941
0.265138
0.265287
0.266936
0.264251
0.264383
0.279781
0.290145
0.289626
0.283607
0.280898
0.281230
0.303842
0.358099
0.413016
0.432022
0.407493
0.349494
0.303556
0.278887
0.262116
0.263878
0.271333
0.279143
0.292926
0.306152
0.328411
0.342120
0.336991
0.323590
0.316246
0.301487
0.312178
0.357166
0.402444
0.420779
0.405940
0.344809
0.289516
0.252757
0.232532
0.230819
0.237810
0.243607
0.246126
0.243195
0.260013
0.276365
0.254800
0.223299
0.219781
0.223262
0.235078
0.278592
0.328367
0.357475
0.351710
0.308565
0.280236
0.271681
0.258999
0.264972
0.276082
0.287761
0.288384
0.286548
0.302596
0.312215
0.303445
0.286334
0.276316
0.261763
0.273254
0.319862
0.367168
0.388053
0.374079
0.312888
0.256846
0.218441
0.198625
0.195867
0.201956
0.205637
0.209780
0.216072
0.252214
0.283251
0.281042
0.274627
0.269467
0.258416
0.275167
0.323780
0.371052
0.396168
0.384571
0.329349
0.280101
0.248680
0.218604
0.208877
0.210577
0.215735
0.224562
0.233988
0.260343
0.285550
0.291718
0.282340
0.275964
0.277106
0.302464
0.358187
0.407991
0.426629
0.398920
0.335551
0.283019
0.252121
0.232496
0.231481
0.236692
0.243604
0.254754
0.266906
0.286273
0.300163
0.298949
0.289732
0.284912
0.274688
0.287575
0.333934
0.381932
0.403837
0.388538
0.329715
0.279533
0.250616
0.230932
0.226891
0.228990
0.232220
0.241753
0.247293
0.269191
0.283771
0.283344
0.274628
0.269005
0.250859
0.262375
0.308404
0.357499
0.383021
0.374478
0.319876
0.265681
0.230949
0.205995
0.199429
0.203320
0.207783
0.209920
0.216734
0.242980
0.270005
0.280511
0.277060
0.274868
0.275327
0.299784
0.351593
0.398590
0.420946
0.405605
0.348324
0.295499
0.264836
0.241214
0.240107
0.248722
0.260655
0.261761
0.265584
0.291622
0.314222
0.315470
0.302319
0.293072
0.288208
0.306796
0.356081
0.404328
0.424130
0.405368
0.346523
0.292353
0.258509
0.237728
0.236480
0.242473
0.248541
0.254172
0.257422
0.275731
0.291792
0.293187
0.284693
0.278265
0.278213
0.297262
0.347618
0.397587
0.420195
0.406470
0.351795
0.305518
0.279551
0.263567
0.264165
0.269308
0.281201
0.280093
0.276901
0.285640
0.287275
0.276292
0.259292
0.249515
0.232171
0.243770
0.292151
0.342117
0.367692
0.352599
0.290966
0.228421
0.184351
0.165223
0.164967
0.174642
0.180606
0.188536
0.197492
0.223727
0.252346
0.267945
0.269197
0.269593
0.273468
0.296023
0.349097
0.398471
0.423369
0.409451
0.355593
0.307212
0.280031
0.263022
0.265952
0.273817
0.286349
0.288453
0.292340
0.307210
0.311690
0.303297
0.288548
0.279933
0.266945
0.275568
0.318353
0.365129
0.388729
0.371858
0.316155
0.261586
0.227928
0.215870
0.219337
0.230664
0.240048
0.245045
0.246850
0.265913
0.280834
0.277607
0.264993
0.256925
0.249984
0.264672
0.311949
0.362608
0.389990
0.378558
0.324662
0.275445
0.245465
0.227771
0.227944
0.233563
0.240607
0.245428
0.248846
0.269528
0.281695
0.280159
0.270823
0.264734
0.260125
0.277304
0.328381
0.378765
0.404078
0.389605
0.332118
0.282541
0.255492
0.240179
0.241934
0.246779
0.255107
0.257222
0.256437
0.264465
0.268341
0.262422
0.250982
0.244760
0.223850
0.236028
0.284740
0.336358
0.364981
0.350229
0.291810
0.231499
0.192963
0.176412
0.178688
0.189015
0.194375
0.209185
0.221924
0.252143
0.280648
0.292867
0.292358
0.291262
0.295311
0.314578
0.362880
0.408654
0.433227
0.424685
0.373591
0.324807
0.296501
0.278149
0.278051
0.284306
0.296142
0.292336
0.288313
0.298787
0.298528
0.287848
0.269709
0.257628
0.242933
0.256547
0.306417
0.357856
0.383269
0.358625
0.297466
0.234135
0.197089
0.185283
0.193597
0.207878
0.217950
0.228398
0.240299
0.272287
0.291457
0.270078
0.261365
0.253851
0.235785
0.246084
0.288412
0.330460
0.362527
0.364920
0.325176
0.283065
0.262794
0.239351
0.228020
0.228044
0.232207
0.239177
0.252829
0.283167
0.310012
0.315778
0.304676
0.295718
0.297927
0.320564
0.369992
0.414071
0.429524
0.404179
0.341056
0.283097
0.248751
0.228954
0.229113
0.236720
0.245154
0.252713
0.259781
0.284465
0.300757
0.299383
0.287785
0.278643
0.275452
0.290010
0.334971
0.379552
0.403294
0.392920
0.340023
0.289919
0.262091
0.248138
0.250940
0.257621
0.268818
0.262785
0.255174
0.259578
0.256084
0.244153
0.224777
0.212540
0.199756
0.212625
0.262308
0.315234
0.346009
0.328853
0.271767
0.216986
0.188859
0.178915
0.186676
0.197851
0.207996
0.205717
0.203649
0.220315
0.234349
0.235354
0.225482
0.218293
0.213192
0.232199
0.284928
0.337064
0.369296
0.365656
0.314097
0.261462
0.229815
0.210079
0.208796
0.212273
0.220568
0.221989
0.218355
0.234738
0.248349
0.246542
0.232024
0.222417
0.214991
0.231365
0.283086
0.334553
0.364792
0.348371
0.292804
0.240275
0.214599
0.205423
0.211714
0.221536
0.233059
0.235261
0.245265
0.259984
0.266387
0.256679
0.240096
0.228737
0.220020
0.236274
0.288208
0.340825
0.371382
0.352017
0.291703
0.239040
0.213747
0.202073
0.206580
0.216588
0.222275
0.217586
0.213517
0.235037
0.252415
0.251919
0.239680
0.229913
0.217649
0.209904
0.242384
0.286774
0.325537
0.336367
0.301546
0.260660
0.233427
0.212909
0.205747
0.208227
0.211997
0.203204
0.191604
0.209609
0.217591
0.214875
0.197809
0.183872
0.176231
0.179459
0.227231
0.287059
0.325974
0.317323
0.265721
0.213995
0.189353
0.178462
0.184211
0.197169
0.205575
0.205668
0.199815
0.216327
0.228727
0.227932
0.217681
0.209952
0.194111
0.185864
0.218004
0.264483
0.305594
0.320255
0.289598
0.246350
0.218364
0.194243
0.184075
0.185372
0.185815
0.183394
0.182797
0.210339
0.233705
0.238881
0.227851
0.218250
0.213287
0.216443
0.261015
0.315081
0.352248
0.347478
0.300250
0.252605
0.228607
0.217617
0.223223
0.235179
0.244919
0.240593
0.236937
0.259142
0.277142
0.276999
0.264538
0.253672
0.241664
0.230552
0.258907
0.299354
0.336390
0.347821
0.315795
0.274325
0.248132
0.228014
0.220094
0.221910
0.225534
0.216907
0.203438
0.218267
0.232403
0.230120
0.212916
0.198329
0.186005
0.183862
0.226339
0.280102
0.320731
0.323416
0.277495
0.228635
0.204885
0.194894
0.200444
0.212709
0.220962
0.220967
0.213368
0.227023
0.239698
0.238204
0.224860
0.213169
0.203735
0.198744
0.234848
0.282579
0.323156
0.331180
0.290347
0.245127
0.219440
0.205043
0.204835
0.213319
0.219460
0.209037
0.193254
0.202883
0.209492
0.203224
0.182203
0.166301
0.151056
0.146564
0.186624
0.241435
0.286239
0.289394
0.244337
0.198266
0.177431
0.169530
0.177866
0.194091
0.204452
0.210636
0.207427
0.218833
0.229480
0.226829
0.214034
0.205141
0.195529
0.192222
0.228001
0.275594
0.316288
0.328229
0.291827
0.244071
0.212644
0.189699
0.180844
0.182466
0.184836
0.175985
0.167283
0.184429
0.200451
0.199792
0.183573
0.170780
0.160044
0.158812
0.202457
0.257332
0.300202
0.299849
0.253767
0.206426
0.184926
0.179112
0.188580
0.206233
0.218770
0.217272
0.210913
0.221454
0.228956
0.223407
0.207852
0.195369
0.174765
0.163576
0.194077
0.236727
0.279617
0.299452
0.273093
0.231564
0.202851
0.173277
0.155923
0.152240
0.148929
0.154583
0.170134
0.200877
0.235463
0.255530
0.254702
0.250907
0.254961
0.270920
0.320092
0.370350
0.399079
0.380947
0.320597
0.259485
0.225960
0.208867
0.209560
0.217835
0.224510
0.224123
0.216121
0.227204
0.235240
0.232286
0.218198
0.207993
0.199939
0.197972
0.236048
0.284276
0.324074
0.328647
0.283614
0.232462
0.201457
0.186156
0.190263
0.202042
0.211208
0.217571
0.214366
0.222769
0.225252
0.229115
0.220634
0.214702
0.211979
0.218171
0.265194
0.317919
0.357310
0.351086
0.302400
0.249541
0.224984
0.213056
0.218747
0.226145
0.232348
0.235507
0.245849
0.249651
0.251418
0.251639
0.244118
0.238821
0.227197
0.225168
0.265571
0.312937
0.350270
0.354783
0.304604
0.246394
0.205580
0.180829
0.175027
0.179722
0.179947
0.185129
0.189965
0.225028
0.256578
0.281490
0.290763
0.294664
0.297429
0.308128
0.349785
0.392407
0.423854
0.425553
0.381994
0.330746
0.298894
0.277407
0.266982
0.267494
0.265589
0.260075
0.244041
0.245637
0.244445
0.230090
0.210289
0.197281
0.189157
0.203334
0.261903
0.326255
0.343335
0.327925
0.272277
0.214921
0.185980
0.182401
0.200013
0.229632
0.257141
0.278421
0.296228
0.320613
0.335846
0.337898
0.328497
0.317317
0.298366
0.296250
0.334222
0.377527
0.409042
0.414260
0.375886
0.324292
0.293718
0.270530
0.257115
0.259825
0.264093
0.266408
0.269057
0.292627
0.316551
0.324796
0.316716
0.308261
0.312013
0.330586
0.384987
0.439587
0.462432
0.441585
0.377907
0.314359
0.278320
0.252853
0.249309
0.259992
0.272414
0.272532
0.276468
0.301604
0.322320
0.324371
0.311417
0.299721
0.292106
0.296731
0.340029
0.384117
0.413673
0.409818
0.360916
0.306844
0.273241
0.250700
0.246928
0.254606
0.262591
0.264431
0.266658
0.281462
0.294233
0.293874
0.280954
0.270116
0.262673
0.262721
0.307421
0.356854
0.391521
0.384898
0.333982
0.283133
0.254534
0.239547
0.241843
0.250538
0.258583
0.265557
0.266752
0.269950
0.270805
0.265195
0.251188
0.241834
0.225201
0.220996
0.264881
0.317642
0.355121
0.344304
0.291596
0.232119
0.198042
0.181792
0.184378
0.195290
0.200474
0.206867
0.211665
0.227479
0.243326
0.245498
0.235167
0.227276
0.218388
0.219599
0.264884
0.314288
0.352370
0.353100
0.302587
0.244912
0.206886
0.183102
0.181375
0.187794
0.190280
0.195884
0.202410
0.229873
0.256720
0.267879
0.263628
0.259952
0.259274
0.262009
0.306090
0.351559
0.386175
0.386063
0.339057
0.287061
0.256251
0.236165
0.234060
0.237775
0.239064
0.237472
0.229880
0.240175
0.240182
0.241013
0.230796
0.226058
0.217346
0.219364
0.266118
0.316423
0.353332
0.347920
0.293962
0.235763
0.193145
0.169606
0.166550
0.174139
0.177723
0.170770
0.166874
0.186030
0.212237
0.219422
0.211416
0.207142
0.210095
0.236701
0.303687
0.368031
0.401692
0.386941
0.315141
0.239727
0.186334
0.155822
0.155451
0.170909
0.182341
0.191240
0.213356
0.265831
0.311872
0.340121
0.349357
0.352505
0.354383
0.365447
0.404913
0.439339
0.459691
0.447885
0.395365
0.344382
0.320593
0.298745
0.291712
0.298621
0.308668
0.301826
0.288235
0.297375
0.303693
0.299064
0.282919
0.272059
0.269818
0.280966
0.332736
0.389114
0.418237
0.394124
0.334449
0.281133
0.251690
0.232841
0.233267
0.243772
0.253913
0.251510
0.254703
0.279735
0.300241
0.307543
0.302945
0.298198
0.297254
0.303832
0.345690
0.394050
0.423317
0.417450
0.371776
0.327554
0.307675
0.289439
0.287983
0.296852
0.308113
0.301560
0.295920
0.307183
0.309925
0.299317
0.278517
0.262765
0.249551
0.248857
0.293370
0.348272
0.380870
0.371137
0.319558
0.274863
0.249666
0.235846
0.236551
0.243965
0.251294
0.250095
0.245694
0.260882
0.272975
0.269920
0.257073
0.247278
0.233260
0.227344
0.263812
0.310524
0.347037
0.358612
0.314778
0.265185
0.235404
0.211674
0.203647
0.204453
0.204369
0.202292
0.201761
0.223821
0.245507
0.254537
0.248932
0.243006
0.241430
0.246263
0.292314
0.345664
0.381540
0.376339
0.326999
0.281609
0.256456
0.240740
0.241570
0.248847
0.254727
0.254573
0.251475
0.269215
0.278981
0.274767
0.261335
0.251763
0.234813
0.228600
0.265971
0.314961
0.350120
0.355188
0.307219
0.255976
0.217900
0.193784
0.187453
0.192164
0.197308
0.196632
0.202929
0.225623
0.250650
0.258425
0.250894
0.244189
0.241368
0.258094
0.308827
0.357421
0.387810
0.384364
0.332894
0.279881
0.248379
0.230372
0.231384
0.237475
0.244478
0.251083
0.261383
0.278132
0.288818
0.284874
0.271761
0.262131
0.258420
0.276174
0.329201
0.381800
0.405514
0.382328
0.321790
0.268631
0.243451
0.231145
0.235915
0.241486
0.249991
0.244135
0.238134
0.240699
0.238957
0.227103
0.209556
0.197494
0.176252
0.188846
0.241424
0.295424
0.327368
0.311449
0.251861
0.185263
0.143420
0.127495
0.132791
0.143502
0.149881
0.155543
0.170052
0.202214
0.236017
0.254290
0.258008
0.259891
0.262259
0.284838
0.338623
0.386077
0.413118
0.404197
0.352140
0.292641
0.255764
0.222669
0.209810
0.206925
0.210581
0.221337
0.232587
0.261274
0.283855
0.290786
0.285499
0.283362
0.289614
0.314481
0.000287
0.002314
0.003803
0.004119
0.004192
0.004559
0.005321
0.025396
0.075580
0.082284
0.081518
0.087577
0.096318
0.104399
0.109786
0.112874
0.113883
0.113515
0.110814
0.106413
0.101841
0.099450
0.092382
0.080582
0.070929
0.061912
0.045348
0.027194
0.027603
0.044286
0.069890
0.097915
0.115026
0.117009
0.135663
0.170538
0.196477
0.164176
0.160809
0.150491
0.140288
0.135456
0.129139
0.122510
0.109039
0.082053
0.077698
0.068909
0.068081
0.068219
0.065865
0.062713
0.056970
0.042496
0.060386
0.101391
0.136062
0.148741
0.149917
0.146374
0.154962
0.163024
0.151828
0.154399
0.144413
0.089732
0.067551
0.057826
0.048305
0.031061
0.007494
-0.014517
-0.027097
-0.044975
-0.015821
0.023778
0.056586
0.070284
0.060280
0.053139
0.073851
0.091701
0.109291
0.121706
0.137345
0.121413
0.111293
0.104027
0.100386
0.089780
0.070216
0.051720
0.044894
0.026963
0.057265
0.092821
0.126760
0.133669
0.115077
0.098826
0.108396
0.111506
0.114823
0.112840
0.116901
0.106038
0.111779
0.127234
0.143773
0.152685
0.151738
0.148873
0.157450
0.158137
0.197551
0.232480
0.260557
0.256820
0.220732
0.187221
0.183957
0.186324
0.191852
0.189792
0.200583
0.181502
0.178852
0.182111
0.186912
0.183481
0.181487
0.190077
0.212407
0.224421
0.270020
0.313168
0.345353
0.346767
0.302826
0.264859
0.258219
0.258333
0.263509
0.261532
0.279558
0.253572
0.235756
0.224501
0.214350
0.197533
0.175715
0.153832
0.120840
0.124967
0.179437
0.218387
0.232491
0.203427
0.142504
0.083141
0.064298
0.064654
0.075424
0.078514
0.077696
0.085463
0.097762
0.127688
0.143449
0.155628
0.164272
0.177421
0.207619
0.252042
0.321238
0.378069
0.410501
0.402386
0.349591
0.301491
0.287923
0.290009
0.307463
0.332996
0.351456
0.326819
0.307745
0.292796
0.274754
0.245808
0.210019
0.173585
0.129506
0.156552
0.229658
0.289353
0.318685
0.303298
0.238681
0.166466
0.127428
0.112810
0.116505
0.125702
0.126101
0.119444
0.117585
0.126372
0.135797
0.130148
0.113590
0.105129
0.116419
0.155758
0.229362
0.309114
0.356981
0.343967
0.274715
0.211583
0.191042
0.193566
0.216622
0.242687
0.265079
0.266534
0.262391
0.276714
0.281710
0.273203
0.255606
0.239222
0.229761
0.239984
0.290915
0.351685
0.384880
0.379591
0.315014
0.245776
0.205290
0.185988
0.188826
0.201461
0.214215
0.214675
0.220157
0.232290
0.242873
0.243846
0.235201
0.223438
0.217790
0.243838
0.325065
0.394933
0.428306
0.415510
0.343019
0.268899
0.225947
0.209517
0.216574
0.239582
0.250232
0.243190
0.241867
0.244551
0.244201
0.233187
0.212925
0.189727
0.164131
0.184306
0.267130
0.338199
0.375226
0.368141
0.299119
0.219108
0.169839
0.153142
0.157211
0.174052
0.188427
0.190635
0.190807
0.200724
0.210336
0.208117
0.194428
0.177905
0.169787
0.199101
0.280698
0.356521
0.394646
0.384209
0.311072
0.228548
0.180807
0.163307
0.169601
0.188415
0.204841
0.204310
0.204900
0.211149
0.218028
0.216068
0.202753
0.185563
0.172176
0.195342
0.279168
0.355923
0.393137
0.383978
0.310368
0.226244
0.174724
0.154004
0.156608
0.172113
0.184318
0.181427
0.177325
0.180078
0.183759
0.178949
0.163627
0.144307
0.128361
0.151454
0.235750
0.316836
0.361183
0.358422
0.281405
0.193234
0.143886
0.128187
0.133578
0.150891
0.164171
0.162836
0.161097
0.173018
0.184599
0.184069
0.172561
0.165622
0.172202
0.204957
0.273833
0.351085
0.393309
0.387543
0.323926
0.256726
0.225021
0.218445
0.234557
0.263023
0.283226
0.286869
0.285572
0.298113
0.302770
0.296179
0.279670
0.261049
0.248154
0.261345
0.317880
0.381555
0.413292
0.399662
0.327474
0.250344
0.203748
0.182534
0.186537
0.202352
0.216584
0.218531
0.224780
0.237290
0.249267
0.252184
0.245059
0.234259
0.226064
0.254149
0.337959
0.408714
0.443150
0.430775
0.359338
0.286269
0.241871
0.222418
0.226373
0.247773
0.262625
0.260286
0.264638
0.272753
0.276557
0.266843
0.246619
0.223181
0.202615
0.220841
0.302643
0.372548
0.405029
0.392668
0.318018
0.236168
0.182691
0.161635
0.161934
0.174776
0.184442
0.182067
0.176959
0.179981
0.183258
0.176758
0.159290
0.137187
0.119685
0.145161
0.229626
0.310159
0.356878
0.354933
0.276939
0.187229
0.139878
0.128552
0.136100
0.154783
0.165881
0.165375
0.163787
0.174781
0.184569
0.181560
0.168463
0.161300
0.169052
0.204425
0.273792
0.351056
0.395465
0.392702
0.335191
0.273442
0.245570
0.240443
0.254848
0.282328
0.299408
0.295551
0.290393
0.299986
0.300139
0.288624
0.268103
0.245230
0.226275
0.233977
0.285815
0.348426
0.383275
0.375644
0.309595
0.238733
0.194461
0.175999
0.181719
0.199264
0.214766
0.220205
0.233505
0.252199
0.270842
0.278326
0.273733
0.265433
0.268911
0.297004
0.358343
0.424594
0.455736
0.434317
0.355004
0.273160
0.226104
0.206034
0.214265
0.233875
0.254197
0.263234
0.281407
0.313209
0.337277
0.346514
0.343381
0.336637
0.338505
0.361942
0.417612
0.477288
0.501570
0.476547
0.398896
0.318071
0.267773
0.242179
0.244022
0.257824
0.272725
0.260904
0.262375
0.271932
0.268782
0.248421
0.218624
0.185248
0.144165
0.167112
0.249396
0.326421
0.367895
0.365519
0.285271
0.191840
0.138716
0.121103
0.123629
0.139911
0.146410
0.145923
0.143778
0.156883
0.169098
0.166250
0.151805
0.147211
0.162138
0.209446
0.286738
0.369655
0.418017
0.415500
0.353456
0.289382
0.262331
0.260656
0.279400
0.307771
0.326419
0.324796
0.320201
0.329054
0.324720
0.307244
0.281415
0.254175
0.232604
0.237383
0.283405
0.340469
0.377243
0.377270
0.321116
0.257719
0.216271
0.198570
0.201333
0.214920
0.228159
0.227265
0.228236
0.238345
0.245810
0.244223
0.233796
0.219838
0.213728
0.241048
0.321336
0.391600
0.430242
0.415471
0.345451
0.271910
0.232947
0.224121
0.237510
0.263193
0.281887
0.284612
0.287838
0.305398
0.314436
0.307511
0.292678
0.280802
0.280213
0.298240
0.352108
0.412152
0.441428
0.427476
0.363929
0.300076
0.263568
0.242674
0.246381
0.260115
0.272666
0.263508
0.262709
0.267967
0.264076
0.245339
0.217360
0.186972
0.164261
0.188082
0.275160
0.353116
0.392049
0.375727
0.297776
0.209356
0.155370
0.136762
0.141625
0.158729
0.164885
0.156925
0.148799
0.150454
0.155389
0.150120
0.133841
0.124719
0.132202
0.170634
0.247863
0.332302
0.383171
0.378830
0.307829
0.235739
0.203044
0.198886
0.213837
0.235598
0.256502
0.260619
0.254470
0.262512
0.265216
0.260320
0.249186
0.243392
0.250593
0.271248
0.323146
0.379776
0.412956
0.405405
0.347154
0.284575
0.249885
0.231972
0.234987
0.247147
0.260140
0.254913
0.253066
0.256428
0.257393
0.249543
0.234224
0.217406
0.205709
0.230444
0.308997
0.375236
0.409178
0.405807
0.343744
0.275008
0.235151
0.208735
0.202271
0.208370
0.218388
0.213277
0.208934
0.208462
0.207305
0.200502
0.185222
0.166806
0.156400
0.184807
0.267478
0.342958
0.377351
0.354785
0.280933
0.205068
0.162442
0.149265
0.154143
0.169446
0.183109
0.181991
0.178414
0.181510
0.185148
0.182795
0.170204
0.157127
0.156814
0.189816
0.259948
0.337810
0.378782
0.357802
0.273766
0.190043
0.146949
0.145742
0.166529
0.193134
0.214096
0.222136
0.226478
0.244197
0.261681
0.269168
0.274335
0.283843
0.309940
0.345265
0.401651
0.452374
0.477429
0.461826
0.402143
0.347864
0.325968
0.313528
0.317341
0.338247
0.351440
0.333281
0.321119
0.307641
0.284117
0.248575
0.207369
0.166592
0.120914
0.140552
0.216803
0.287821
0.323465
0.308058
0.236016
0.148502
0.093999
0.066176
0.054624
0.051210
0.036171
0.038471
0.048092
0.071417
0.096361
0.108257
0.109009
0.110521
0.119066
0.161639
0.241055
0.320822
0.363127
0.337629
0.260925
0.190300
0.163096
0.167806
0.186620
0.208896
0.228277
0.236194
0.233921
0.246167
0.253922
0.252198
0.247320
0.251924
0.274143
0.300029
0.347343
0.391846
0.420492
0.417111
0.377113
0.325795
0.304857
0.294386
0.292798
0.306794
0.316853
0.286558
0.266387
0.243382
0.218390
0.184864
0.146036
0.106672
0.059365
0.073633
0.144905
0.212389
0.255626
0.251389
0.189156
0.113997
0.071398
0.056899
0.057561
0.063874
0.060183
0.062344
0.071965
0.101438
0.128758
0.143313
0.146227
0.147862
0.156849
0.185054
0.252002
0.319038
0.361194
0.355544
0.287777
0.219966
0.187915
0.182065
0.197607
0.218145
0.238891
0.246237
0.244387
0.257828
0.268796
0.268933
0.261563
0.258914
0.269186
0.290756
0.342532
0.395895
0.427078
0.421670
0.361031
0.292488
0.257536
0.240597
0.245464
0.254988
0.272580
0.267653
0.264095
0.268607
0.268168
0.256893
0.239101
0.220501
0.200954
0.221818
0.298023
0.363405
0.398538
0.390565
0.326901
0.252932
0.205899
0.188292
0.189190
0.199732
0.214102
0.210872
0.208673
0.214162
0.220715
0.214976
0.199624
0.187228
0.190568
0.223322
0.289968
0.361659
0.399731
0.385139
0.312605
0.233712
0.192356
0.185408
0.202211
0.226845
0.248421
0.254680
0.257987
0.277562
0.291612
0.290795
0.283700
0.284988
0.302909
0.332739
0.387683
0.441766
0.468758
0.456197
0.400149
0.338215
0.307110
0.291736
0.295404
0.308729
0.327135
0.327144
0.327103
0.321457
0.310880
0.291256
0.264675
0.238284
0.210730
0.239545
0.318271
0.384626
0.416955
0.407377
0.339750
0.259473
0.202958
0.180266
0.174014
0.178045
0.184744
0.176832
0.173435
0.171849
0.175080
0.165514
0.142710
0.124873
0.126329
0.167350
0.243593
0.325468
0.366397
0.341259
0.257220
0.176288
0.139509
0.144575
0.169795
0.198490
0.223752
0.228870
0.235628
0.262528
0.283091
0.285489
0.280135
0.276862
0.289463
0.317109
0.372827
0.423715
0.452302
0.444494
0.388330
0.332614
0.305014
0.290508
0.293347
0.308594
0.322483
0.317453
0.316936
0.318637
0.314119
0.295458
0.268120
0.241478
0.224108
0.242315
0.317414
0.383582
0.409829
0.383953
0.307680
0.221468
0.171012
0.162700
0.174718
0.198548
0.214816
0.207210
0.211675
0.228445
0.242637
0.238886
0.222772
0.209462
0.213026
0.237025
0.297775
0.370846
0.414279
0.407702
0.347491
0.279293
0.243999
0.228746
0.237478
0.259448
0.277845
0.277729
0.276128
0.285075
0.285726
0.272294
0.248941
0.223455
0.207213
0.214105
0.285063
0.354512
0.394069
0.393131
0.330339
0.256219
0.211179
0.189243
0.189667
0.203878
0.216090
0.212511
0.210728
0.216255
0.221271
0.218190
0.206238
0.190445
0.179832
0.192185
0.269704
0.346249
0.389830
0.391329
0.328801
0.251493
0.205267
0.184627
0.183967
0.198115
0.211030
0.208403
0.209318
0.215170
0.220524
0.218859
0.207046
0.191039
0.182292
0.197072
0.267958
0.344416
0.387775
0.386303
0.319141
0.239071
0.188988
0.174910
0.182808
0.206313
0.225690
0.226069
0.229746
0.237460
0.244490
0.242986
0.230478
0.217035
0.215281
0.233094
0.293039
0.367049
0.411033
0.405068
0.337658
0.256985
0.208690
0.192107
0.201816
0.226584
0.246145
0.247206
0.248064
0.260126
0.269776
0.268264
0.256340
0.241163
0.234560
0.247070
0.317261
0.388927
0.430553
0.429524
0.373397
0.306027
0.262338
0.236563
0.236139
0.251186
0.268867
0.269438
0.269756
0.278288
0.281425
0.271808
0.252438
0.229749
0.213419
0.225702
0.303191
0.376436
0.415835
0.410599
0.344010
0.266999
0.215894
0.197476
0.201539
0.221138
0.236911
0.233482
0.230218
0.231759
0.232568
0.223664
0.205828
0.183560
0.167010
0.178988
0.259980
0.339288
0.386305
0.390681
0.334797
0.263446
0.218316
0.198814
0.199007
0.215808
0.231642
0.229829
0.231693
0.237974
0.242619
0.238209
0.222747
0.202798
0.191853
0.208478
0.268437
0.342534
0.386255
0.379912
0.307500
0.221415
0.169293
0.160062
0.175637
0.204517
0.225612
0.232251
0.241858
0.259893
0.278763
0.287715
0.284153
0.279962
0.290580
0.316127
0.370723
0.431610
0.469901
0.461555
0.407169
0.337131
0.298037
0.279594
0.282377
0.299724
0.317033
0.313377
0.310683
0.315771
0.310800
0.293409
0.267268
0.238763
0.202704
0.205623
0.276954
0.350170
0.393082
0.397181
0.336187
0.258886
0.199633
0.176637
0.169610
0.177715
0.186272
0.179041
0.179062
0.178722
0.185445
0.182102
0.165261
0.146807
0.140289
0.160040
0.229724
0.314136
0.368626
0.361206
0.284314
0.196900
0.148268
0.144592
0.164240
0.194560
0.217257
0.224925
0.227740
0.244467
0.262483
0.269214
0.271121
0.271945
0.283726
0.308821
0.360420
0.418176
0.455001
0.451489
0.400585
0.342414
0.317699
0.311285
0.316702
0.339588
0.357592
0.341495
0.323487
0.306217
0.284122
0.250565
0.208030
0.164473
0.116252
0.099497
0.164985
0.234647
0.277736
0.274849
0.208719
0.122815
0.068714
0.050996
0.055474
0.068468
0.063863
0.064284
0.069543
0.099141
0.130084
0.151128
0.159963
0.164721
0.174349
0.208338
0.275886
0.349935
0.399956
0.401970
0.336219
0.263520
0.226545
0.225013
0.246964
0.276437
0.300600
0.304621
0.302578
0.306247
0.304950
0.295144
0.281876
0.278183
0.284872
0.291879
0.328543
0.373110
0.410846
0.419782
0.387833
0.335163
0.305729
0.291701
0.288405
0.296452
0.309862
0.298743
0.283974
0.279759
0.270539
0.251036
0.223492
0.194635
0.161594
0.147864
0.208880
0.272391
0.301034
0.290762
0.228310
0.155155
0.117601
0.113443
0.124794
0.142093
0.147597
0.148249
0.146521
0.167624
0.197321
0.217689
0.229210
0.235080
0.247433
0.270943
0.321171
0.377062
0.419216
0.423728
0.381905
0.327792
0.302324
0.294966
0.303782
0.328407
0.346572
0.334726
0.323424
0.318044
0.304425
0.279631
0.245943
0.209503
0.164165
0.149604
0.214628
0.283817
0.326454
0.324388
0.264138
0.182276
0.127175
0.108605
0.108955
0.120534
0.118921
0.118116
0.122674
0.142036
0.172457
0.193001
0.205324
0.213317
0.225747
0.254723
0.314186
0.376236
0.421547
0.424477
0.381454
0.320655
0.287988
0.277489
0.288154
0.312668
0.331839
0.326513
0.316781
0.316343
0.308760
0.288806
0.259023
0.226196
0.187954
0.174172
0.242849
0.313319
0.358197
0.361561
0.299938
0.218941
0.159732
0.143397
0.145878
0.162216
0.172628
0.175184
0.180525
0.199073
0.220493
0.231272
0.228589
0.229425
0.250373
0.288887
0.346889
0.405657
0.448083
0.447802
0.404107
0.343233
0.315748
0.309033
0.318942
0.342460
0.366788
0.353420
0.337483
0.330792
0.317227
0.292551
0.255360
0.213312
0.160779
0.128744
0.190106
0.258401
0.296307
0.293255
0.222197
0.131195
0.058555
0.021050
0.009050
0.006598
-0.010809
-0.029072
-0.021507
-0.000097
0.032258
0.061930
0.067207
0.066719
0.070954
0.092714
0.160323
0.252203
0.322042
0.316343
0.247939
0.163932
0.120059
0.124629
0.146345
0.180403
0.205599
0.218141
0.221526
0.233470
0.245254
0.250544
0.244096
0.236480
0.239170
0.245184
0.288369
0.346955
0.398120
0.410813
0.377899
0.320358
0.293327
0.284263
0.282380
0.297944
0.317094
0.310586
0.294173
0.289064
0.277726
0.253799
0.218646
0.179551
0.144602
0.120743
0.188799
0.267105
0.316989
0.318201
0.253418
0.167718
0.112877
0.101497
0.109048
0.128422
0.137405
0.134010
0.134904
0.146759
0.164650
0.173597
0.169978
0.169667
0.183085
0.209470
0.266304
0.338020
0.393989
0.409163
0.377069
0.320772
0.295484
0.290855
0.300004
0.320632
0.346321
0.337297
0.309546
0.304884
0.292416
0.266171
0.229403
0.189412
0.148984
0.106815
0.135419
0.202441
0.248312
0.258976
0.204611
0.131841
0.078350
0.060767
0.062558
0.073703
0.070807
0.061893
0.059147
0.078466
0.110545
0.134210
0.146163
0.151210
0.159530
0.183066
0.242481
0.320701
0.380930
0.396430
0.347520
0.280498
0.243273
0.237822
0.254740
0.282692
0.311289
0.312013
0.298613
0.299611
0.299659
0.285748
0.265062
0.248810
0.239363
0.227399
0.256966
0.307908
0.354877
0.370388
0.337222
0.280143
0.240681
0.224075
0.225530
0.238211
0.252834
0.252132
0.245645
0.248427
0.249317
0.242523
0.227182
0.210162
0.199559
0.198729
0.264407
0.337746
0.385911
0.398280
0.357121
0.296224
0.256210
0.231263
0.224608
0.231887
0.244722
0.244746
0.240426
0.243993
0.245938
0.236756
0.216502
0.199956
0.198447
0.214928
0.263349
0.328314
0.377473
0.376016
0.319389
0.251069
0.215277
0.206498
0.215223
0.234015
0.251415
0.255822
0.255461
0.265265
0.269341
0.260308
0.241594
0.223510
0.215516
0.223608
0.288943
0.360642
0.404878
0.409090
0.358591
0.290908
0.248432
0.226920
0.225991
0.239263
0.255821
0.259371
0.261216
0.269288
0.274074
0.265489
0.245342
0.226949
0.221720
0.235633
0.286764
0.357022
0.402280
0.397124
0.336667
0.261901
0.217889
0.202348
0.208634
0.227034
0.245013
0.249491
0.249441
0.260000
0.266483
0.258585
0.240738
0.221851
0.213173
0.225519
0.299593
0.374357
0.415560
0.417779
0.365956
0.299597
0.258939
0.238389
0.238535
0.253296
0.268549
0.271121
0.269940
0.276846
0.277528
0.264099
0.242484
0.227636
0.229820
0.252738
0.305548
0.367866
0.407364
0.394262
0.329934
0.258193
0.221742
0.215820
0.231737
0.254481
0.275417
0.270418
0.272080
0.284950
0.289132
0.273285
0.246401
0.223475
0.214949
0.230986
0.289560
0.359568
0.401828
0.392753
0.322194
0.238157
0.186554
0.175343
0.188876
0.214174
0.232715
0.242526
0.249978
0.276721
0.291718
0.291958
0.285571
0.287989
0.311003
0.342969
0.398118
0.450125
0.482027
0.477106
0.430405
0.364920
0.331854
0.319049
0.322339
0.340819
0.365664
0.360528
0.345766
0.329382
0.310054
0.287573
0.256318
0.222378
0.177708
0.163905
0.226800
0.295703
0.332360
0.325592
0.263797
0.176412
0.114235
0.085728
0.076450
0.076989
0.061977
0.048768
0.053388
0.067949
0.089314
0.101637
0.095177
0.091917
0.096920
0.128874
0.202880
0.294003
0.350988
0.337636
0.267577
0.189137
0.154262
0.167029
0.196406
0.233740
0.260204
0.283548
0.304114
0.335523
0.353354
0.337575
0.320207
0.311206
0.294719
0.271191
0.296719
0.335632
0.368699
0.384943
0.357035
0.297670
0.268721
0.252476
0.242883
0.248933
0.253155
0.257132
0.269001
0.276780
0.279457
0.275256
0.261052
0.252358
0.265773
0.307033
0.374628
0.449001
0.489998
0.467176
0.390454
0.308729
0.265823
0.253354
0.268007
0.293388
0.317963
0.326361
0.331674
0.344680
0.345024
0.330047
0.304406
0.277266
0.254363
0.257209
0.330728
0.401552
0.437668
0.430540
0.365069
0.284647
0.224332
0.198025
0.194439
0.207991
0.221205
0.217087
0.213598
0.212404
0.215074
0.208327
0.192854
0.173008
0.163892
0.189254
0.277282
0.363796
0.413898
0.419421
0.365452
0.296345
0.253550
0.231370
0.230224
0.245747
0.260342
0.259603
0.254936
0.257738
0.255385
0.242898
0.220295
0.195889
0.182898
0.198443
0.256652
0.329761
0.373935
0.365297
0.298953
0.222080
0.179348
0.170665
0.183576
0.208227
0.227579
0.232933
0.238830
0.253391
0.265506
0.267503
0.257914
0.248193
0.253138
0.278589
0.335004
0.399031
0.438462
0.431280
0.365199
0.286872
0.243363
0.224930
0.234107
0.254179
0.273798
0.270988
0.275708
0.294003
0.304656
0.297240
0.277825
0.255903
0.242090
0.250311
0.322394
0.393953
0.433148
0.424569
0.354364
0.270245
0.211791
0.189604
0.191588
0.210704
0.226824
0.224544
0.227399
0.234412
0.242390
0.240408
0.227945
0.210841
0.204283
0.223327
0.304037
0.382413
0.427124
0.425998
0.371325
0.302325
0.260145
0.234033
0.231445
0.247240
0.262872
0.261818
0.259691
0.263789
0.262876
0.252936
0.232952
0.209007
0.193965
0.209161
0.283677
0.358414
0.399429
0.392597
0.325130
0.249876
0.000980
0.007886
0.013036
0.011957
0.012451
0.021986
0.031488
0.038510
0.084493
0.110224
0.115079
0.126722
0.127841
0.119929
0.115607
0.115132
0.111321
0.101565
0.084353
0.073963
0.071940
0.074455
0.083426
0.091644
0.092544
0.091054
0.087754
0.085274
0.092669
0.102553
0.116183
0.138828
0.143174
0.137438
0.137450
0.148249
0.170454
0.188768
0.177973
0.140058
0.122776
0.120064
0.116597
0.111456
0.102606
0.087718
0.067078
0.045132
0.051598
0.081518
0.096732
0.106798
0.100944
0.080132
0.076644
0.090990
0.115814
0.142973
0.141440
0.116781
0.104531
0.111124
0.119158
0.123515
0.121020
0.110746
0.092892
0.070840
0.075984
0.098244
0.116401
0.131585
0.132778
0.114563
0.117144
0.134775
0.162994
0.189404
0.182308
0.148128
0.133044
0.135683
0.138992
0.138522
0.131128
0.115925
0.094402
0.070861
0.076527
0.103169
0.119792
0.130298
0.127108
0.107408
0.107214
0.124308
0.153721
0.181055
0.178670
0.151706
0.143237
0.149264
0.156137
0.159344
0.156004
0.145674
0.128786
0.109020
0.116307
0.138216
0.156919
0.169501
0.165889
0.143420
0.143648
0.158279
0.186428
0.213619
0.207421
0.175878
0.167102
0.156306
0.145566
0.130046
0.108263
0.081588
0.052806
0.026503
0.034323
0.067571
0.083797
0.090259
0.081092
0.053570
0.046668
0.059783
0.085235
0.112700
0.104165
0.078402
0.075482
0.081497
