0.941011
0.976659
1.012321
1.027269
1.030767
1.036827
1.066488
1.079384
1.004271
0.875323
0.756439
0.654843
0.572354
0.518784
0.492548
0.479435
0.494146
0.532518
0.567325
0.605229
0.648227
0.693389
0.738596
0.781503
0.821709
0.860961
0.900737
1.020158
1.096955
1.115020
1.119640
1.100147
1.078089
1.061898
1.025060
0.938407
0.824037
0.811790
0.871287
0.929103
0.963759
0.999043
1.031881
1.060443
1.084481
1.104715
1.121797
1.221599
1.287938
1.302130
1.301735
1.257646
1.187961
1.110776
1.044326
0.964542
0.902984
0.846379
0.888518
0.973694
1.026639
1.079042
1.125405
1.164139
1.195032
1.218729
1.236343
1.363613
1.465435
1.489352
1.468365
1.393437
1.291237
1.172824
1.034195
0.909938
0.799213
0.778253
0.886711
0.994995
1.067802
1.133417
1.188015
1.231087
1.263979
1.287852
1.303981
1.405049
1.458738
1.446346
1.387991
1.296482
1.200364
1.116155
1.016386
0.916995
0.811519
0.780996
0.883624
0.985066
1.050687
1.111073
1.159960
1.196553
1.222522
1.239308
1.248016
1.360226
1.438167
1.434810
1.380523
1.281080
1.164121
1.080617
1.002375
0.921574
0.818303
0.784427
0.884509
0.982713
1.042303
1.097118
1.141577
1.174111
1.195328
1.206565
1.209091
1.326535
1.420284
1.440000
1.397506
1.303182
1.188388
1.110440
1.039423
0.963629
0.853292
0.781175
0.881969
0.973539
1.032599
1.087693
1.132191
1.164522
1.185556
1.196978
1.200253
1.313177
1.402103
1.415233
1.352143
1.242891
1.122929
1.047167
0.988034
0.932312
0.835924
0.802123
0.897893
0.991846
1.047177
1.096068
1.132652
1.155618
1.165913
1.164537
1.152240
1.271908
1.376610
1.410730
1.368245
1.269748
1.143905
1.079652
1.049563
0.998672
0.883764
0.736600
0.730968
0.854071
0.899829
0.958022
1.008140
1.047090
1.073446
1.088814
1.095365
1.220563
1.330009
1.363987
1.320319
1.227727
1.129842
1.073635
1.027982
0.971795
0.863233
0.818001
0.911319
1.001998
1.055678
1.101693
1.133719
1.150758
1.154327
1.145983
1.126305
1.242909
1.352130
1.385386
1.325520
1.206162
1.066380
1.001321
0.996684
0.970622
0.867900
0.728042
0.634528
0.767179
0.832630
0.898068
0.952780
0.996590
1.027426
1.047345
1.058338
1.182217
1.290996
1.326351
1.268538
1.153228
1.042033
0.968465
0.915910
0.874634
0.790013
0.757957
0.851874
0.945534
1.003592
1.053837
1.087624
1.105332
1.108696
1.099678
1.079229
1.194870
1.304575
1.336878
1.272166
1.137213
0.982069
0.902285
0.896867
0.880165
0.796951
0.670717
0.530606
0.614152
0.680859
0.746441
0.805299
0.853851
0.889561
0.914085
0.929263
1.059279
1.182732
1.248829
1.223255
1.131320
1.048823
0.992915
0.957520
0.916015
0.821674
0.695427
0.737531
0.829848
0.887187
0.939507
0.980795
1.008733
1.023560
1.026702
1.019235
1.139588
1.249394
1.292962
1.246828
1.115904
0.955582
0.868489
0.848132
0.828378
0.748718
0.622937
0.656447
0.780594
0.840637
0.901353
0.950080
0.985697
1.008220
1.019673
1.021959
1.136620
1.236326
1.270092
1.214730
1.076446
0.915971
0.822766
0.800514
0.789546
0.723323
0.630105
0.737617
0.844333
0.907075
0.961028
1.002567
1.029520
1.042211
1.042732
1.032376
1.141130
1.236365
1.266402
1.212178
1.079184
0.903329
0.794257
0.779706
0.778540
0.720128
0.609532
0.660251
0.761607
0.822290
0.879691
0.926279
0.958871
0.977175
0.982670
0.976981
1.092585
1.201852
1.261188
1.230163
1.129408
1.018313
0.966210
0.965969
0.952423
0.877128
0.759682
0.723286
0.837716
0.889394
0.952476
1.000655
1.034774
1.055432
1.061162
1.053461
1.162768
1.248658
1.278487
1.234985
1.105186
0.917431
0.756328
0.668781
0.647858
0.613111
0.664467
0.774159
0.878795
0.951430
1.015110
1.062402
1.092141
1.106295
1.107448
1.096870
1.210570
1.310414
1.332411
1.256101
1.114609
0.973888
0.914407
0.929302
0.928839
0.859083
0.741566
0.614053
0.686287
0.761572
0.831913
0.895085
0.946453
0.984697
1.011826
1.026001
1.148188
1.257604
1.305470
1.250088
1.119969
1.004336
0.917871
0.863571
0.830263
0.769355
0.706129
0.814128
0.911581
0.975712
1.033233
1.075719
1.101556
1.112205
1.110130
1.095684
1.208786
1.303139
1.334066
1.284228
1.147115
0.959503
0.840321
0.802159
0.786847
0.729144
0.623513
0.666606
0.800084
0.860450
0.923223
0.974567
1.011418
1.033423
1.042850
1.041216
1.156384
1.254382
1.282571
1.229237
1.098373
0.938164
0.845193
0.824424
0.821607
0.762769
0.654845
0.722289
0.828920
0.895536
0.953774
0.999368
1.029177
1.043100
1.043129
1.030014
1.139883
1.231681
1.266642
1.224481
1.103896
0.931303
0.803086
0.766105
0.759746
0.712511
0.640454
0.753272
0.854243
0.914404
0.968173
1.008958
1.033459
1.041674
1.035210
1.014622
1.129136
1.235317
1.282464
1.243635
1.117246
0.957323
0.864921
0.853642
0.854082
0.794702
0.690089
0.611615
0.760827
0.829529
0.900205
0.960599
1.006852
1.039308
1.055947
1.056546
1.170381
1.262115
1.288199
1.234264
1.092869
0.908083
0.746587
0.654036
0.619318
0.590100
0.608416
0.725782
0.846254
0.925628
0.994049
1.045265
1.077727
1.093431
1.094526
1.081899
1.197839
1.295798
1.329679
1.273986
1.131008
0.957421
0.851992
0.825543
0.815558
0.756087
0.654439
0.538022
0.679347
0.761237
0.834946
0.898200
0.947357
0.981261
1.001599
1.006683
1.133417
1.250404
1.310667
1.268256
1.141894
1.001406
0.893524
0.820795
0.772974
0.710351
0.648620
0.771045
0.879354
0.950253
1.014220
1.061856
1.091825
1.106119
1.106081
1.091304
1.202549
1.285202
1.315200
1.274199
1.146337
0.962995
0.799250
0.717027
0.696045
0.659462
0.618530
0.740303
0.850040
0.920931
0.976770
1.017691
1.040469
1.044964
1.032442
1.013198
1.112720
1.237289
1.305652
1.282844
1.171275
1.003899
0.889868
0.853294
0.838657
0.792167
0.703745
0.725844
0.826670
0.895782
0.954323
1.001893
1.034271
1.050578
1.051162
1.036234
1.136315
1.270958
1.365528
1.368668
1.278220
1.139223
1.025305
0.957154
0.914614
0.852511
0.763361
0.785922
0.885253
0.951043
1.007912
1.050815
1.077213
1.086914
1.080919
1.060269
1.154552
1.264048
1.326997
1.315213
1.205234
1.017603
0.856769
0.764936
0.725950
0.679639
0.622013
0.749226
0.860988
0.941189
1.009043
1.060943
1.094872
1.111905
1.113728
1.100830
1.189200
1.284480
1.324581
1.288942
1.165132
0.981402
0.870045
0.840045
0.837581
0.793432
0.700390
0.721925
0.833399
0.909167
0.972262
1.021662
1.053531
1.067588
1.064683
1.046669
1.137048
1.240074
1.298627
1.283571
1.176118
0.999310
0.818651
0.711616
0.665679
0.635836
0.593318
0.722837
0.838399
0.921586
0.992743
1.047389
1.083089
1.100888
1.102467
1.089007
1.179843
1.282238
1.328325
1.287552
1.159077
0.973317
0.837995
0.790594
0.775370
0.736071
0.655952
0.670108
0.791912
0.873729
0.943236
0.999772
1.039595
1.062880
1.070412
1.061699
1.158137
1.267609
1.319009
1.289524
1.165910
0.975686
0.815528
0.721406
0.677523
0.648152
0.625328
0.754399
0.872191
0.954112
1.022176
1.071781
1.101602
1.112680
1.106123
1.089108
1.182915
1.284994
1.342417
1.318420
1.197247
1.006258
0.824981
0.727188
0.684289
0.648838
0.587379
0.670222
0.791568
0.874432
0.943417
0.997294
1.033164
1.050812
1.050938
1.036022
1.136013
1.257929
1.326253
1.304665
1.186062
1.009545
0.865907
0.794873
0.760630
0.727121
0.667790
0.746581
0.861153
0.938520
1.003914
1.053258
1.084032
1.096722
1.091810
1.075044
1.168951
1.280738
1.346862
1.335465
1.221351
1.024351
0.849998
0.751279
0.706059
0.671893
0.645212
0.776071
0.895086
0.976521
1.044555
1.094552
1.124588
1.135398
1.127870
1.111814
1.203015
1.307153
1.370208
1.354955
1.237772
1.044962
0.874415
0.781218
0.741747
0.703564
0.635682
0.718261
0.842699
0.930591
1.003219
1.059551
1.096759
1.115315
1.116067
1.101746
1.195597
1.293922
1.343945
1.320452
1.202811
1.015184
0.854921
0.774481
0.747770
0.716373
0.648792
0.741278
0.868053
0.956640
1.030646
1.087517
1.124378
1.141679
1.140650
1.125794
1.216007
1.309645
1.356573
1.334617
1.220034
1.035449
0.887750
0.818275
0.801768
0.765794
0.689850
0.779419
0.903857
0.989388
1.061367
1.115540
1.148670
1.161284
1.154591
1.138587
1.225477
1.319711
1.372555
1.357785
1.248427
1.067916
0.923122
0.860528
0.852180
0.818285
0.740452
0.762018
0.898063
0.970125
1.052136
1.112205
1.150013
1.165674
1.160339
1.141153
1.222245
1.308955
1.355622
1.337226
1.228393
1.040846
0.845329
0.720152
0.671105
0.651837
0.602652
0.750413
0.885662
0.983831
1.066645
1.129199
1.168020
1.183967
1.182567
1.177421
1.277803
1.409672
1.479844
1.443487
1.306691
1.109864
0.972499
0.914186
0.875457
0.830597
0.763262
0.754018
0.897671
0.979661
1.061523
1.127014
1.176520
1.203418
1.202278
1.178970
1.266489
1.368942
1.425424
1.398484
1.265827
1.053511
0.845227
0.699383
0.631247
0.620772
0.596426
0.664708
0.809468
0.922310
1.021682
1.103155
1.163244
1.203118
1.224493
1.227958
1.318100
1.395209
1.413905
1.361571
1.228196
1.048919
0.907743
0.820981
0.781957
0.751706
0.702138
0.754610
0.886013
0.982787
1.064656
1.128246
1.170187
1.190402
1.189923
1.179500
1.271231
1.369308
1.418866
1.394518
1.275198
1.086244
0.962416
0.905716
0.888799
0.851166
0.776088
0.716402
0.860004
0.952736
1.044888
1.116766
1.163193
1.181711
1.171818
1.146315
1.231402
1.331911
1.390013
1.370457
1.254867
1.056244
0.857875
0.737763
0.684316
0.654613
0.597726
0.658462
0.798695
0.904851
0.997115
1.072582
1.127506
1.162026
1.174588
1.165584
1.255649
1.346366
1.387078
1.356936
1.233651
1.044304
0.867525
0.749212
0.697394
0.678531
0.643386
0.707514
0.850508
0.962642
1.059559
1.138838
1.197145
1.229531
1.234499
1.224126
1.313715
1.401901
1.435757
1.390723
1.254662
1.063432
0.915300
0.836932
0.813887
0.784679
0.728833
0.683299
0.847342
0.958269
1.052461
1.130571
1.186765
1.214252
1.212024
1.194638
1.279459
1.369193
1.412946
1.381873
1.258099
1.066955
0.891383
0.792470
0.756220
0.733257
0.684698
0.694543
0.853488
0.958219
1.053819
1.130806
1.187829
1.215194
1.213497
1.199014
1.286063
1.375048
1.416857
1.385269
1.261829
1.075352
0.904076
0.805351
0.768635
0.751293
0.713337
0.682639
0.855964
0.978874
1.072339
1.146676
1.198968
1.221187
1.211372
1.190555
1.275736
1.370843
1.422830
1.400478
1.284796
1.098518
0.926975
0.837149
0.807199
0.781705
0.732027
0.667065
0.790524
0.901405
1.000698
1.082260
1.143109
1.176924
1.180112
1.163122
1.251851
1.347665
1.397856
1.375878
1.261916
1.078262
0.902766
0.789937
0.741954
0.716689
0.673688
0.651019
0.813431
0.924550
1.030065
1.118224
1.185213
1.223067
1.228319
1.213994
1.296951
1.380844
1.417387
1.379152
1.249823
1.060190
0.893879
0.804302
0.772829
0.756090
0.718418
0.667269
0.839807
0.962886
1.071055
1.157603
1.219754
1.249535
1.245556
1.229954
1.316237
1.407111
1.452899
1.421258
1.297106
1.107350
0.943951
0.849107
0.808409
0.784813
0.746095
0.695859
0.824577
0.883547
0.965118
1.070057
1.148936
1.197870
1.213934
1.207826
1.299002
1.384827
1.410593
1.362578
1.226565
1.051255
0.927934
0.862677
0.833323
0.810248
0.772523
0.723146
0.856264
0.991715
1.088639
1.166845
1.217501
1.232341
1.211847
1.181679
1.263485
1.375873
1.451012
1.443646
1.330431
1.135357
0.942235
0.826983
0.772513
0.750138
0.709444
0.656995
0.736592
0.872429
0.984555
1.081132
1.156168
1.199979
1.208143
1.190518
1.256219
1.362034
1.422929
1.405832
1.292847
1.104584
0.929784
0.822063
0.774442
0.751016
0.716645
0.673109
0.832096
0.931018
1.047267
1.138587
1.205086
1.237975
1.235888
1.220605
1.285194
1.384806
1.443430
1.426244
1.313242
1.122870
0.937323
0.820481
0.770985
0.757324
0.733157
0.692801
0.818414
0.932472
1.043319
1.136045
1.203705
1.238669
1.238256
1.225792
1.292246
1.392485
1.449985
1.431874
1.319283
1.132993
0.964473
0.859361
0.810503
0.787882
0.759532
0.718031
0.855182
0.991601
1.088616
1.166096
1.215872
1.229734
1.207825
1.176005
1.227717
1.342476
1.429178
1.438302
1.341513
1.156427
0.965595
0.869530
0.834417
0.831805
0.788706
0.735660
0.685707
0.823008
0.936568
1.033025
1.109767
1.157143
1.169478
1.150592
1.215351
1.326981
1.399009
1.397446
1.301673
1.127014
0.944663
0.827878
0.778844
0.760260
0.731394
0.685658
0.831044
0.964992
1.075425
1.170806
1.238593
1.269952
1.264728
1.248631
1.311417
1.406347
1.462272
1.445868
1.335365
1.151712
0.973059
0.837963
0.775651
0.762515
0.745676
0.712485
0.765295
0.883153
0.998597
1.096397
1.172413
1.218036
1.229567
1.218721
1.287118
1.389161
1.445805
1.426545
1.314262
1.128646
0.955058
0.840333
0.780910
0.757262
0.734436
0.699922
0.845261
0.992902
1.040869
1.143488
1.216963
1.253119
1.251465
1.238340
1.304106
1.407582
1.471200
1.455791
1.341305
1.150943
0.969658
0.839080
0.767146
0.747845
0.736202
0.713177
0.850265
0.977681
1.086446
1.175446
1.233840
1.254749
1.238522
1.211198
1.265095
1.385081
1.477712
1.490997
1.395272
1.206782
1.037312
0.942955
0.900743
0.884316
0.837029
0.782806
0.729355
0.860589
0.970924
1.066510
1.137661
1.175034
1.173352
1.146881
1.217308
1.333569
1.415401
1.422514
1.330679
1.154772
0.963013
0.836270
0.779143
0.764739
0.741127
0.701668
0.797490
0.956098
1.053821
1.165933
1.242376
1.281111
1.281487
1.260380
1.321349
1.417304
1.475242
1.459333
1.344241
1.152252
0.964828
0.833793
0.775249
0.766333
0.752182
0.721849
0.692606
0.840914
0.971446
1.083232
1.173809
1.220635
1.235113
1.224844
1.293519
1.392205
1.447830
1.433854
1.329246
1.158657
0.992807
0.872375
0.826259
0.811324
0.797256
0.771279
0.770056
0.917415
1.027127
1.122089
1.192688
1.220054
1.208897
1.182458
1.240257
1.345764
1.423284
1.431507
1.341898
1.160772
0.958397
0.814496
0.756481
0.748704
0.733300
0.701433
0.668482
0.789829
0.912698
1.029080
1.124225
1.190441
1.222347
1.220622
1.286102
1.384813
1.434210
1.411209
1.329709
1.189898
1.019242
0.877995
0.817904
0.808426
0.810883
0.805144
0.792085
0.882639
0.984041
1.068561
1.131486
1.162464
1.157880
1.131341
1.209662
1.316913
1.395670
1.403675
1.314698
1.134362
0.926699
0.773754
0.698030
0.692883
0.688247
0.665135
0.719712
0.888344
1.027164
1.142080
1.229991
1.278341
1.286536
1.264843
1.319891
1.404726
1.453434
1.433961
1.321801
1.130023
0.940400
0.803707
0.734350
0.734763
0.735596
0.719203
0.724691
0.895959
1.018390
1.121256
1.199982
1.242221
1.245543
1.228294
1.290392
1.383089
1.440524
1.435529
1.339159
1.170284
0.999659
0.868835
0.810624
0.803477
0.805308
0.795538
0.777371
0.843760
0.955920
1.052741
1.128545
1.167691
1.170035
1.143843
1.212571
1.323632
1.404089
1.416669
1.334969
1.167959
0.980507
0.853238
0.803616
0.790699
0.774306
0.744856
0.793539
0.942189
1.099845
1.231251
1.281636
1.289312
1.254298
1.216401
1.285837
1.398855
1.489004
1.503302
1.403674
1.198524
0.963861
0.777281
0.656453
0.574420
0.586485
0.621981
0.747300
0.856587
0.992331
1.095562
1.164137
1.190464
1.176552
1.147082
1.202986
1.297719
1.362662
1.365866
1.274756
1.087985
0.871094
0.703892
0.625510
0.629695
0.658192
0.678470
0.694695
0.726431
0.876345
0.992544
1.087909
1.152752
1.176711
1.164620
1.219090
1.331561
1.393413
1.370233
1.252716
1.055063
0.846354
0.689396
0.567973
0.531143
0.564105
0.625692
0.804223
0.954330
1.081090
1.188894
1.266602
1.301613
1.291855
1.250045
1.291972
1.390457
1.457325
1.449499
1.336481
1.128391
0.899969
0.725935
0.628533
0.572173
0.609902
0.712188
0.862526
0.987872
1.088322
1.166987
1.217232
1.227086
1.198387
1.161942
1.215072
1.323566
1.409717
1.433230
1.348847
1.156595
0.926265
0.744875
0.640682
0.590032
0.631013
0.701185
0.832174
0.943356
1.053525
1.144073
1.208948
1.233992
1.219577
1.182134
1.228616
1.321140
1.386795
1.389921
1.293975
1.100996
0.882998
0.716834
0.622665
0.579055
0.621777
0.692111
0.843603
0.970989
1.073516
1.154486
1.206717
1.218069
1.190316
1.150788
1.202666
1.301740
1.375532
1.388857
1.301574
1.113131
0.888250
0.711965
0.610962
0.561531
0.603574
0.673680
0.803590
0.937130
1.043542
1.129754
1.189355
1.209295
1.189974
1.151442
1.199848
1.296570
1.368557
1.379398
1.290259
1.101698
0.881764
0.715937
0.640701
0.598023
0.639203
0.772463
0.911759
1.023542
1.108874
1.172049
1.206614
1.202070
1.164136
1.127447
1.182605
1.281306
1.359905
1.383216
1.295760
1.107452
0.887006
0.728177
0.691852
0.670275
0.734745
0.857522
0.962662
1.040635
1.095636
1.128907
1.128735
1.096199
1.048210
1.027057
1.080693
1.173234
1.255615
1.284709
1.213499
1.039733
0.828745
0.661476
0.531137
0.491385
0.461140
0.380745
0.507751
0.635562
0.706254
0.785644
0.904817
0.900881
0.897816
0.894024
0.882414
0.853054
0.821669
0.793235
0.766303
0.747176
0.906101
0.939597
0.973733
1.007965
1.027884
1.032617
1.037958
1.042923
1.063068
1.062753
0.987925
0.868324
0.760636
0.670270
0.590357
0.530605
0.493136
0.475518
0.471909
0.496417
0.537150
0.573571
0.615570
0.657568
0.699633
0.739729
0.777071
0.812755
0.848611
0.942723
1.082745
1.157455
1.182748
1.179359
1.153934
1.136327
1.111935
1.041037
0.941699
0.823625
0.822731
0.886818
0.931226
0.970204
1.007909
1.043321
1.073925
1.098860
1.118204
1.181715
1.309033
1.382193
1.332585
1.198991
1.025871
0.854088
0.716793
0.660503
0.661961
0.711690
0.788597
0.858520
0.913837
0.973204
1.016955
1.040011
1.051116
1.047711
1.068093
1.097935
1.149738
1.285113
1.378145
1.378510
1.293557
1.139316
0.963920
0.822000
0.729519
0.718933
0.754405
0.830408
0.903165
0.910172
0.852990
0.774169
0.690963
0.618702
0.522104
0.407434
0.309552
0.348893
0.428843
0.548468
0.657103
0.752204
0.770326
0.717795
0.666307
0.635178
0.697938
0.844359
0.975998
1.092586
1.198890
1.286562
1.352876
1.389235
1.393701
1.374539
1.379333
1.568713
1.741205
1.799987
1.672894
1.413337
1.134314
0.912689
0.794871
0.740169
0.765357
0.937210
1.100425
1.210714
1.326396
1.411505
1.465815
1.484262
1.468969
1.433203
1.429250
1.600927
1.755762
1.807977
1.694580
1.438235
1.157151
0.929523
0.818345
0.778504
0.818754
0.982466
1.123825
1.225618
1.318044
1.386133
1.426006
1.432289
1.406036
1.361840
1.349738
1.522005
1.692201
1.767397
1.677385
1.431703
1.144955
0.910332
0.801508
0.760519
0.823385
0.979050
1.110577
1.213090
1.295622
1.350901
1.377062
1.369538
1.330287
1.280058
1.227706
1.370338
1.547174
1.656014
1.612934
1.408720
1.128394
0.889665
0.778975
0.736008
0.815561
0.966462
1.095748
1.208020
1.274349
1.325299
1.347559
1.334866
1.292401
1.241760
1.188709
1.330580
1.507309
1.626444
1.613124
1.438373
1.177075
1.171811
1.135977
1.215244
1.245348
1.300487
1.317961
1.321538
1.291418
1.254652
1.212353
1.151193
1.112389
1.087251
1.100328
1.097504
1.072103
1.025157
0.992952
0.979920
0.954265
0.920235
0.882513
0.881587
0.951042
0.905398
0.936166
0.967160
0.998444
1.011702
1.014622
1.017630
1.020999
1.037660
0.963615
0.825484
0.698235
0.602870
0.531858
0.476901
0.432294
0.396439
0.379878
0.398248
0.441117
0.493414
0.544345
0.588805
0.637191
0.686318
0.731808
0.773999
0.812374
0.849561
0.886581
0.922749
0.957321
0.989883
1.019524
1.045009
1.069450
1.220009
1.384307
1.462402
1.470634
1.481634
1.439889
1.313216
1.172526
1.029953
0.879888
0.746775
0.677314
0.687026
0.713844
0.756896
0.893502
1.016408
1.074921
1.133007
1.099070
0.971653
1.024993
1.058601
1.089091
1.111527
1.116351
1.105285
1.087463
1.071438
1.057418
1.041659
0.905450
0.931575
0.955283
0.979061
0.984968
0.978158
0.974795
0.971711
0.969072
0.966821
0.964801
0.962829
0.960668
0.958083
0.954754
0.950415
0.944701
0.937296
0.928061
0.916812
0.904945
0.903159
0.906704
0.917189
0.930347
0.945684
0.962180
0.978854
0.996031
1.014667
1.035913
1.061310
1.094947
1.126679
1.156429
1.186119
1.215451
1.239049
1.245572
0.905813
0.930288
0.948700
0.966316
0.966371
0.952989
0.939761
0.926675
0.939571
0.857277
0.716690
0.591572
0.501104
0.437551
0.393181
0.368218
0.372456
0.412746
0.507598
0.588813
0.695316
0.897766
1.062490
1.189409
1.296486
1.378804
1.409903
1.417421
1.412316
1.404812
1.397255
1.381553
1.356133
1.312999
1.245050
1.147419
1.048168
0.948528
0.987556
1.057086
1.121268
1.205063
1.370168
1.490055
1.546778
1.518800
1.486300
1.502536
1.539705
1.563402
1.567184
1.571903
1.591834
1.595952
0.905518
0.935043
0.962248
0.989583
0.977342
0.958524
0.941097
0.947044
0.994457
1.034368
0.967530
0.821429
0.684181
0.575740
0.497822
0.453972
0.518402
0.605493
0.637189
0.667239
0.701261
0.790842
0.930755
1.094930
1.220882
1.315355
1.396600
1.458111
1.502333
1.553807
0.905978
0.934844
0.963151
0.991375
1.003306
1.003197
1.003430
1.003794
1.004072
1.004164
1.004003
1.003452
1.002368
1.000558
0.997861
0.994047
0.988739
0.981586
0.972273
0.960607
0.946570
0.933553
0.918660
0.902210
0.886256
0.873757
0.869460
0.877244
0.896411
0.921536
0.944723
0.962846
0.981205
0.995157
1.005975
1.014934
1.027736
1.050189
1.068209
0.906025
0.938133
0.970370
1.002510
1.014566
1.013338
1.015622
1.018067
1.020520
1.022774
1.024631
1.025824
1.026133
1.025290
1.023173
1.019819
1.015316
1.009686
1.002898
0.994924
0.986139
0.978583
0.970874
0.961308
0.948342
0.930108
0.905765
0.876603
0.883949
0.888543
0.888382
0.896010
0.908109
0.918461
0.923126
0.924977
0.923627
0.917829
0.911873
0.906579
0.894324
0.867525
0.822079
0.904155
0.923741
0.934127
0.944658
0.940287
0.923497
0.907740
0.892868
0.878942
0.866062
0.854334
0.843898
0.834961
0.827779
0.822607
0.819682
0.819243
0.821515
0.827475
0.842490
0.866319
0.897970
0.935625
0.975820
1.016268
1.054852
1.091728
1.129726
1.168078
1.207439
1.248055
1.289842
1.332610
1.376350
1.419031
1.459872
1.490887
1.519055
1.544804
1.568856
1.598436
0.905071
0.930082
0.945472
0.959354
0.951342
0.931489
0.913837
0.897075
0.933771
0.966899
0.893956
0.775716
0.646041
0.540257
0.469726
0.416720
0.375397
0.340308
0.310316
0.283950
0.258755
0.234953
0.210642
0.194360
0.189830
0.200454
0.217094
0.227390
0.214522
0.173964
0.123947
0.097933
0.905845
0.939435
0.972738
1.006066
1.023298
1.027454
1.032240
1.038167
1.045170
1.052748
1.059914
1.081657
1.034391
0.906300
0.774675
0.674711
0.601906
0.544547
0.491493
0.441358
0.426458
0.449067
0.527519
0.584372
0.612720
0.652598
0.698416
0.743498
0.780957
0.810035
0.834653
0.856719
0.875449
0.881441
0.873716
0.872105
0.893484
0.920936
0.943571
0.978392
1.012726
1.026706
1.033261
1.040616
1.046128
1.046827
1.046029
1.043232
1.039361
1.052438
1.146772
1.280283
1.366979
1.436148
0.904319
0.926347
0.946086
0.966136
0.966393
0.955376
0.949063
0.943303
0.938436
0.934454
0.931345
0.929106
0.927753
0.927291
0.927606
0.928465
0.929577
0.930554
0.930726
0.929489
0.928757
0.929573
0.929287
0.925819
0.916597
0.900306
0.871175
0.883220
0.891467
0.896056
0.895830
0.912667
0.930179
0.951485
0.978395
1.008203
1.033842
1.057062
1.075456
1.082400
1.072162
1.052068
1.029694
0.905329
0.941253
0.977609
1.013687
1.030198
1.032873
1.037883
1.042453
1.052118
0.968404
0.843238
0.731163
0.651346
0.591009
0.539114
0.493804
0.457310
0.442959
0.469369
0.494148
0.520800
0.555505
0.598196
0.643391
0.676316
0.682901
0.700565
0.720803
0.745174
0.788583
0.859528
1.032770
1.169032
1.210157
1.191904
1.121384
0.997762
0.895266
0.863975
0.874907
0.891457
0.894901
0.869223
0.802271
0.700705
0.906089
0.938705
0.970286
1.002100
1.013833
1.014329
1.018319
1.022362
1.040492
0.990590
0.863075
0.734805
0.638717
0.567134
0.509499
0.461625
0.425142
0.412804
0.426136
0.458639
0.502133
0.549588
0.589476
0.636402
0.682385
0.725432
0.765511
0.802492
0.837430
0.871644
0.968496
1.110024
1.188014
1.209340
1.201949
1.189574
1.175770
1.140109
1.049468
0.934605
0.836296
0.770763
0.855448
0.907593
0.955286
0.998205
1.036459
1.067735
1.091772
1.109013
1.186454
1.311966
1.394662
1.412505
1.369847
1.270006
1.150084
1.025127
0.897157
0.789382
0.761948
0.866177
0.955948
1.023103
1.076468
1.120609
1.154310
1.178343
1.193774
1.201200
1.264613
1.360913
1.403570
1.399498
1.345422
1.242899
1.165078
1.099428
1.017829
0.903787
0.766997
0.863324
0.944441
1.002629
1.053323
1.097113
1.131436
1.156080
1.171712
1.179933
1.245263
1.350707
1.409894
1.398306
1.332067
1.225631
1.143109
1.063317
0.969132
0.859725
0.772116
0.876263
0.958916
1.018687
1.068501
1.108741
1.138239
1.157936
1.168790
1.171185
1.234791
1.341689
1.399075
1.395768
1.334836
1.226065
1.145162
1.090894
1.026832
0.914155
0.766122
0.815364
0.892902
0.949029
0.996595
1.038995
1.073623
1.098289
1.113202
1.120024
1.186258
1.299327
1.371698
1.380298
1.329491
1.220729
1.136487
1.068411
0.987709
0.878207
0.738461
0.832968
0.917977
0.980786
1.030537
1.071381
1.101455
1.121097
1.131313
1.132912
1.194083
1.300540
1.361002
1.350988
1.277233
1.159423
1.068918
1.015139
0.960762
0.862882
0.724436
0.769010
0.851592
0.913502
0.965900
1.011248
1.046893
1.072509
1.088702
1.096783
1.160783
1.267679
1.332307
1.322417
1.249595
1.135958
1.051840
0.999603
0.949991
0.857355
0.721691
0.762509
0.846057
0.910056
0.963887
1.008151
1.041183
1.063416
1.075798
1.079491
1.140290
1.247718
1.311622
1.296349
1.216656
1.103915
1.020108
0.985531
0.956622
0.870176
0.730152
0.681381
0.770681
0.835807
0.890046
0.937178
0.974453
1.001361
1.018761
1.027979
1.092061
1.200492
1.269638
1.261488
1.188485
1.080356
1.002433
0.972779
0.949927
0.864484
0.722427
0.665872
0.755668
0.820237
0.874538
0.922140
0.959727
0.986805
1.004333
1.013829
1.078142
1.186360
1.254680
1.239023
1.160239
1.054625
0.982598
0.966105
0.952842
0.871587
0.729907
0.666192
0.755988
0.818776
0.872447
0.919862
0.957215
0.984028
1.001385
1.010924
1.076130
1.184997
1.250118
1.227710
1.149355
1.048601
0.985709
0.983078
0.975314
0.895539
0.752964
0.713112
0.798940
0.859723
0.912329
0.958535
0.994682
1.020359
1.036634
1.045730
1.108970
1.213934
1.276739
1.244641
1.150503
1.036782
0.961698
0.951092
0.948518
0.874010
0.737521
0.695685
0.782383
0.845100
0.898756
0.946269
0.983742
1.010822
1.028875
1.040259
1.104745
1.206761
1.258497
1.216046
1.123015
1.015769
0.949235
0.949930
0.953116
0.881055
0.744954
0.735946
0.824268
0.889206
0.939787
0.984340
1.018750
1.042638
1.057277
1.064597
1.127488
1.230310
1.282250
1.241479
1.154001
1.053187
1.000186
1.012070
1.012110
0.932050
0.789746
0.783179
0.868954
0.932309
0.982028
1.026083
1.060459
1.084504
1.099256
1.107006
1.169272
1.268227
1.316253
1.274215
1.178508
1.070946
1.012923
1.015414
1.014305
0.935585
0.795197
0.830294
0.911539
0.972112
1.023674
1.067555
1.100903
1.123831
1.137480
1.144675
1.202882
1.294096
1.333253
1.282383
1.166654
1.044679
0.960530
0.947681
0.957925
0.892272
0.759714
0.701116
0.793267
0.857870
0.914037
0.964367
1.004830
1.035264
1.057053
1.072440
1.136658
1.231260
1.263999
1.207555
1.115634
1.018365
0.966798
0.974229
0.984561
0.913915
0.778682
0.818860
0.897062
0.954530
1.001969
1.042041
1.071433
1.090271
1.099638
1.101104
1.159232
1.260253
1.310603
1.271456
1.192910
1.103891
1.049335
1.068522
1.073011
0.990425
0.844803
0.710501
0.821003
0.885540
0.946057
0.996892
1.039312
1.071874
1.095623
1.114704
1.180647
1.270548
1.304588
1.246643
1.128648
0.998411
0.915786
0.886791
0.895626
0.829233
0.745605
0.845185
0.924641
0.982366
1.031154
1.069567
1.095424
1.109607
1.113763
1.109502
1.164568
1.259113
1.287767
1.225976
1.136384
1.039873
0.986087
1.012132
1.028326
0.963361
0.831501
0.673119
0.759505
0.808816
0.858296
0.902190
0.939053
0.966876
0.986516
1.000013
1.070728
1.181528
1.239138
1.205802
1.115592
1.003199
0.941502
0.933356
0.930549
0.855353
0.714795
0.784819
0.863925
0.923222
0.974053
1.017612
1.050400
1.072674
1.085664
1.092224
1.152255
1.246738
1.290355
1.247547
1.131479
0.999698
0.905249
0.890668
0.902552
0.843516
0.717238
0.649721
0.749356
0.808081
0.870724
0.922013
0.964167
0.996766
1.021733
1.042440
1.109657
1.204231
1.244178
1.186704
1.072029
0.944684
0.855672
0.829951
0.845872
0.790014
0.666748
0.757629
0.844620
0.912888
0.965257
1.008833
1.040669
1.061485
1.072809
1.077070
1.135949
1.233010
1.277338
1.224585
1.124962
1.016600
0.942208
0.948683
0.962567
0.900639
0.771100
0.623257
0.713758
0.765372
0.820687
0.869587
0.910795
0.942700
0.967359
0.988360
1.055944
1.151599
1.191886
1.139537
1.019034
0.872494
0.752750
0.697933
0.705620
0.658510
0.638515
0.733593
0.816405
0.880717
0.929318
0.968862
0.995930
1.011357
1.016759
1.013810
1.073675
1.181503
1.238994
1.204371
1.122283
1.021248
0.957871
0.974423
0.985937
0.921481
0.790486
0.642872
0.564764
0.661134
0.743274
0.812630
0.858359
0.895368
0.925218
0.949788
1.022564
1.131854
1.200943
1.173336
1.065046
0.909952
0.794342
0.739391
0.728360
0.670963
0.694845
0.781687
0.855899
0.911050
0.959068
0.996396
1.021501
1.035163
1.038799
1.034063
1.094372
1.203294
1.263805
1.235583
1.144510
1.023774
0.940073
0.939056
0.943588
0.883197
0.754995
0.594953
0.646645
0.726101
0.783594
0.835275
0.880626
0.917413
0.946787
0.971177
1.042821
1.143000
1.191031
1.149454
1.034861
0.886037
0.769115
0.709001
0.698761
0.648421
0.681579
0.771217
0.848129
0.908420
0.956675
0.995802
1.021613
1.035754
1.040060
1.036321
1.096623
1.208899
1.270959
1.239600
1.156600
1.046506
0.975621
0.978160
0.975728
0.907152
0.771495
0.613096
0.525838
0.603994
0.665338
0.723701
0.775264
0.818389
0.853682
0.884759
0.969338
1.092004
1.163089
1.137581
1.061097
0.966807
0.903772
0.874269
0.861136
0.794213
0.674590
0.762724
0.846258
0.911036
0.963635
1.006845
1.038392
1.058992
1.069971
1.073990
1.133302
1.234116
1.288137
1.247260
1.139054
1.008498
0.911277
0.887958
0.890197
0.828083
0.700273
0.585921
0.695435
0.762830
0.819395
0.869818
0.911604
0.943336
0.966298
0.983301
1.054296
1.162356
1.219487
1.183252
1.098526
0.992292
0.922401
0.908008
0.911764
0.847478
0.714427
0.730302
0.819466
0.888526
0.941752
0.988256
1.023972
1.049007
1.064527
1.073192
1.133631
1.233004
1.283281
1.234945
1.134692
1.021608
0.943532
0.938165
0.950043
0.885533
0.752044
0.665679
0.768760
0.840861
0.898045
0.950495
0.993586
1.026342
1.050319
1.068995
1.135146
1.231835
1.272924
1.216370
1.100719
0.974118
0.890390
0.871182
0.881966
0.825543
0.702548
0.797270
0.885122
0.952944
1.005170
1.049361
1.082107
1.103874
1.116053
1.121088
1.178491
1.273323
1.312206
1.254697
1.157353
1.055876
0.991118
1.002164
1.017154
0.951197
0.815193
0.744731
0.844615
0.902796
0.965151
1.015268
1.055833
1.085980
1.107053
1.123125
1.185361
1.279237
1.318830
1.259515
1.143516
1.020447
0.938785
0.916093
0.925477
0.864369
0.735379
0.785142
0.872393
0.940108
0.995625
1.042740
1.077919
1.101824
1.116052
1.123391
1.179204
1.266312
1.283788
1.220479
1.117250
1.014420
0.956959
0.967315
0.984073
0.925147
0.795416
0.751418
0.828050
0.880810
0.925805
0.967274
0.999241
1.021150
1.034777
1.041868
1.108262
1.219236
1.275754
1.242598
1.172384
1.081913
1.029740
1.046300
1.045075
0.963676
0.814124
0.640618
0.713675
0.792830
0.858035
0.918796
0.972166
1.016209
1.052082
1.080057
1.148275
1.240299
1.273617
1.213102
1.084619
0.952322
0.859147
0.819215
0.817107
0.766670
0.753505
0.846911
0.929631
0.995278
1.047880
1.088917
1.116488
1.132179
1.138060
1.136380
1.194162
1.294587
1.336023
1.277132
1.170346
1.046479
0.946690
0.926565
0.929191
0.874826
0.754697
0.608831
0.698301
0.770777
0.822798
0.871588
0.913189
0.945418
0.968578
0.984913
1.037694
1.157178
1.235605
1.225165
1.158667
1.060702
0.999045
0.980440
0.973824
0.906852
0.774196
0.814457
0.892382
0.956013
1.003669
1.043980
1.073902
1.093287
1.103022
1.105050
1.142608
1.249346
1.322086
1.304337
1.215364
1.095255
0.999835
0.968506
0.967248
0.904756
0.777111
0.692962
0.780415
0.845930
0.898481
0.947177
0.987133
1.016755
1.037448
1.051488
1.099939
1.211233
1.283749
1.265630
1.189679
1.086890
1.013339
0.988913
0.981889
0.913982
0.782550
0.806320
0.885699
0.948202
0.999555
1.043354
1.076315
1.098530
1.111122
1.116406
1.154947
1.258151
1.327231
1.301808
1.202519
1.077533
0.976254
0.939805
0.942136
0.884249
0.760054
0.658570
0.749529
0.818498
0.873387
0.923966
0.965195
0.995983
1.017842
1.032903
1.081612
1.190965
1.258209
1.236781
1.166185
1.071638
1.002389
0.986439
0.985475
0.920802
0.788668
0.778790
0.859060
0.922385
0.971393
1.014613
1.047467
1.069516
1.081768
1.085546
1.124915
1.234603
1.309710
1.300583
1.231883
1.136550
1.065582
1.053575
1.048034
0.978035
0.840778
0.725207
0.813801
0.879455
0.931589
0.979390
1.017931
1.046119
1.064735
1.075613
1.120404
1.227298
1.297249
1.278963
1.200095
1.097596
1.027589
1.008187
1.006267
0.941240
0.808763
0.802006
0.883136
0.947434
0.999178
1.043852
1.078115
1.101696
1.115650
1.121935
1.161095
1.261161
1.321384
1.289880
1.198507
1.089758
1.005243
0.981637
0.989753
0.932849
0.805270
0.739437
0.831555
0.903564
0.956251
1.003988
1.041783
1.069042
1.086894
1.097237
1.140497
1.245382
1.309668
1.284313
1.207182
1.110936
1.035238
1.016526
1.020285
0.957108
0.823717
0.738194
0.828101
0.895445
0.949087
0.997510
1.035772
1.063165
1.080965
1.090938
1.133746
1.239481
1.307386
1.285596
1.208685
1.112229
1.037315
1.020609
1.022952
0.959602
0.826275
0.712305
0.803593
0.871613
0.925607
0.974669
1.013916
1.042585
1.061715
1.073050
1.117465
1.221901
1.285715
1.261120
1.182987
1.086100
1.015901
1.003139
1.008889
0.949162
0.818220
0.766731
0.854232
0.926479
0.978010
1.024246
1.060431
1.085975
1.101916
1.110007
1.151355
1.254140
1.320699
1.296985
1.212298
1.107806
1.026196
1.004255
1.009595
0.951113
0.821633
0.753719
0.847413
0.919448
0.972804
1.021016
1.059173
1.086678
1.104631
1.115224
1.157020
1.259164
1.324391
1.297495
1.207806
1.098769
1.009053
0.977835
0.984095
0.927321
0.799218
0.693667
0.787416
0.859527
0.916179
0.967504
1.008713
1.039379
1.060598
1.074304
1.118375
1.219530
1.278133
1.244186
1.158628
1.057701
0.976379
0.955877
0.972646
0.922662
0.796146
0.730285
0.822641
0.895280
0.947250
0.993913
1.030228
1.055788
1.071681
1.079418
1.120582
1.226548
1.298621
1.285178
1.217973
1.128826
1.051530
1.035388
1.040029
0.977225
0.841095
0.677240
0.772688
0.850106
0.911445
0.962897
1.005671
1.038359
1.061444
1.077543
1.125050
1.229078
1.294588
1.271448
1.184401
1.073109
0.985526
0.949387
0.949214
0.892323
0.767905
0.761404
0.847080
0.914978
0.970029
1.016938
1.052553
1.076966
1.091523
1.098485
1.136976
1.235134
1.290229
1.251494
1.152500
1.036170
0.941071
0.917494
0.936930
0.896673
0.780653
0.655941
0.755760
0.829907
0.884124
0.933360
0.973807
1.004130
1.025404
1.039975
1.086976
1.192974
1.258751
1.230784
1.140593
1.027776
0.935503
0.903534
0.919091
0.874994
0.753790
0.693469
0.785116
0.857688
0.909233
0.956036
0.992637
1.018399
1.034539
1.042962
1.085740
1.192793
1.260798
1.239919
1.170023
1.081211
1.009748
1.007741
1.022515
0.970329
0.839353
0.719152
0.808950
0.873677
0.923841
0.970298
1.008019
1.035492
1.053132
1.062479
1.106642
1.214842
1.287896
1.276319
1.206400
1.114391
1.055216
1.052420
1.056931
0.996307
0.861435
0.796010
0.882294
0.950252
1.000504
1.044368
1.078514
1.102477
1.116856
1.123332
1.162885
1.261497
1.326292
1.309797
1.209680
1.084751
0.982788
0.944798
0.959585
0.917857
0.798563
0.726463
0.819168
0.890631
0.947607
0.999284
1.040873
1.072088
1.093990
1.108584
1.151781
1.251136
1.308709
1.270984
1.179217
1.078579
0.992446
0.965997
0.986557
0.942300
0.818675
0.703036
0.799428
0.869681
0.924950
0.975591
1.016288
1.046442
1.067031
1.079875
1.124616
1.229376
1.294548
1.271161
1.202559
1.119707
1.051547
1.043797
1.054317
0.997635
0.863526
0.741882
0.834477
0.901652
0.952423
0.997695
1.033316
1.058219
1.073102
1.079417
1.099699
1.208447
1.291322
1.295534
1.233025
1.140802
1.064117
1.046590
1.051018
0.997913
0.868213
0.753674
0.839492
0.912491
0.958992
1.002349
1.037049
1.061563
1.076366
1.082982
1.104174
1.212001
1.295572
1.299221
1.229869
1.124693
1.033478
1.001416
1.006015
0.957166
0.832802
0.774415
0.855961
0.922510
0.969975
1.013237
1.046967
1.070226
1.083683
1.088743
1.107808
1.216626
1.302717
1.310282
1.247365
1.150348
1.060104
1.031489
1.036331
0.985771
0.858772
0.735105
0.827820
0.903481
0.952236
0.998187
1.035702
1.062966
1.080374
1.089307
1.112323
1.220598
1.305214
1.311326
1.244120
1.140433
1.046437
1.009078
1.009316
0.958081
0.832766
0.725361
0.815874
0.894368
0.945950
0.992979
1.030445
1.057437
1.074762
1.083848
1.106605
1.211872
1.291996
1.288729
1.208358
1.097177
0.993317
0.953815
0.963484
0.922269
0.803537
0.670726
0.764120
0.837655
0.891871
0.942280
0.983575
1.014498
1.035780
1.049221
1.075843
1.185610
1.269346
1.270848
1.204818
1.110020
1.018052
0.987081
0.995056
0.948913
0.823526
0.672433
0.761442
0.834822
0.887203
0.936299
0.976368
1.005976
1.025836
1.037337
1.062120
1.173946
1.262998
1.275453
1.219193
1.129572
1.042835
1.015535
1.018176
0.966621
0.837004
0.677387
0.761887
0.834269
0.886247
0.935174
0.975416
1.005511
1.025925
1.037891
1.063388
1.173792
1.260707
1.270617
1.207376
1.106507
1.013540
0.979038
0.983091
0.936387
0.812250
0.709841
0.798806
0.876071
0.926879
0.973519
1.010584
1.037233
1.054131
1.062630
1.084841
1.193139
1.279582
1.288425
1.221136
1.113286
1.005882
0.964968
0.972225
0.929459
0.807748
0.651154
0.735930
0.810684
0.864120
0.913776
0.955039
0.986263
1.007991
1.021668
1.048829
1.163205
1.253615
1.267890
1.215077
1.129442
1.052233
1.029946
1.031800
0.980195
0.849602
0.746527
0.833082
0.906866
0.957056
1.002414
1.038352
1.063930
1.079606
1.086504
1.107383
1.215194
1.302616
1.312751
1.243454
1.125726
1.004692
0.950152
0.942941
0.897471
0.782716
0.648786
0.742667
0.818992
0.874604
0.926783
0.969777
1.002377
1.025500
1.040640
1.068893
1.175374
1.255442
1.252999
1.177810
1.072652
0.967011
0.926294
0.934699
0.897554
0.782992
0.636002
0.726912
0.803737
0.858676
0.910121
0.952773
0.985096
1.007788
1.022503
1.050223
1.164223
1.254191
1.265818
1.212875
1.130980
1.053882
1.036131
1.041888
0.993341
0.863015
0.726394
0.818556
0.887248
0.937900
0.985454
1.024117
1.052529
1.070991
1.080835
1.104458
1.210159
1.293592
1.302108
1.232514
1.117496
1.002139
0.949942
0.944594
0.901018
0.788781
0.685088
0.779319
0.862061
0.916548
0.966010
1.005787
1.035059
1.054610
1.065832
1.090489
1.194997
1.272499
1.261109
1.173268
1.060379
0.952964
0.913378
0.927264
0.898415
0.790336
0.683754
0.777938
0.857218
0.907385
0.954121
0.991688
1.018672
1.035655
1.044544
1.067624
1.178421
1.266942
1.273567
1.220718
1.137487
1.055552
1.030453
1.040766
0.996535
0.869006
0.738714
0.837230
0.914313
0.965253
1.012048
1.050094
1.077274
1.094052
1.102349
1.124531
1.232576
1.319430
1.324451
1.256293
1.150863
1.055916
1.013611
1.009802
0.961464
0.839015
0.728876
0.821258
0.902457
0.955604
1.002712
1.040458
1.067707
1.085089
1.094349
1.117349
1.217902
1.289342
1.272275
1.187063
1.078380
0.983781
0.946808
0.955937
0.919445
0.804424
0.748796
0.835895
0.906656
0.957451
1.002912
1.038629
1.063522
1.078267
1.084534
1.104468
1.211500
1.295430
1.294221
1.237180
1.159870
1.088047
1.078810
1.094521
1.047624
0.917893
0.759075
0.839918
0.909256
0.959505
1.005577
1.043964
1.072245
1.090037
1.099523
1.123765
1.232727
1.317991
1.321723
1.258090
1.165463
1.107098
1.089918
1.090734
1.038308
0.910540
0.807757
0.891421
0.964787
1.013792
1.057853
1.092208
1.116017
1.130044
1.136079
1.156029
1.257223
1.333480
1.324482
1.229418
1.102037
0.986679
0.930930
0.930038
0.888488
0.776558
0.725787
0.815039
0.888820
0.941484
0.989764
1.028551
1.056490
1.074485
1.084202
1.107290
1.217447
1.303272
1.304301
1.253193
1.180738
1.120728
1.118398
1.123733
1.067984
0.933411
0.808686
0.895945
0.965859
1.012804
1.055532
1.089831
1.113580
1.126879
1.131667
1.151199
1.259364
1.345867
1.352076
1.284440
1.179093
1.091091
1.049393
1.037909
0.980588
0.856097
0.809514
0.893566
0.963216
1.016790
1.063297
1.099726
1.125408
1.141408
1.149771
1.171965
1.269248
1.331827
1.304988
1.212958
1.102185
1.010782
0.973661
0.979055
0.936815
0.822147
0.795254
0.880551
0.950742
1.002878
1.049453
1.085956
1.111757
1.127949
1.136362
1.158696
1.259881
1.327745
1.301247
1.219841
1.126382
1.046064
1.024904
1.041700
0.999568
0.877280
0.796676
0.885622
0.960966
1.009830
1.055436
1.091230
1.116025
1.130762
1.137012
1.157391
1.262555
1.342551
1.337746
1.273033
1.185543
1.113058
1.096098
1.098881
1.042681
0.912363
0.779805
0.869194
0.935865
0.993801
1.042009
1.080664
1.109048
1.127782
1.139802
1.180751
1.276623
1.335430
1.303192
1.196026
1.071169
0.974732
0.930669
0.930725
0.882980
0.767061
0.792436
0.879191
0.949094
1.005874
1.053955
1.090270
1.115023
1.129795
1.136426
1.173896
1.269226
1.316148
1.265600
1.177592
1.085281
1.013761
1.009374
1.029774
0.984353
0.860413
0.744726
0.835862
0.900386
0.949634
0.994167
1.029788
1.055253
1.071000
1.078804
1.121447
1.228299
1.299605
1.280974
1.215968
1.131754
1.068040
1.063175
1.071368
1.012670
0.875531
0.803681
0.892306
0.962105
1.011476
1.056039
1.090741
1.114556
1.128363
1.134158
1.172669
1.274321
1.342509
1.318665
1.230181
1.123305
1.036288
1.008095
1.016397
0.962818
0.834415
0.721952
0.815330
0.885879
0.941010
0.991390
1.031897
1.061976
1.082576
1.095606
1.139666
1.239772
1.296749
1.260965
1.178172
1.084084
1.013240
1.001447
1.016704
0.963866
0.834037
0.775277
0.866720
0.941571
0.994491
1.041718
1.078575
1.104543
1.120758
1.128858
1.169796
1.272050
1.335048
1.307856
1.231387
1.140245
1.071570
1.061707
1.067453
1.005440
0.870678
0.758102
0.848802
0.917217
0.971296
1.020442
1.059782
1.088393
1.107354
1.118664
1.162088
1.263883
1.326007
1.296400
1.212223
1.113671
1.043297
1.027126
1.032695
0.973000
0.841507
0.783526
0.874109
0.947733
1.001507
1.048587
1.085192
1.111066
1.127289
1.135754
1.175431
1.274342
1.332768
1.298652
1.208822
1.104871
1.020289
0.997305
1.010002
0.955490
0.905903
0.937046
0.964779
0.988768
1.002919
0.994545
0.986678
0.951270
0.826282
0.693141
0.589022
0.516031
0.463516
0.426629
0.400923
0.385824
0.378512
0.374931
0.373804
0.396303
0.452376
0.508290
0.570213
0.629168
0.679757
0.721949
0.743784
0.778089
0.807244
0.831878
0.852310
0.869350
0.906952
1.078578
1.251897
1.355738
1.350280
1.252428
1.097054
0.935131
0.787746
0.664988
0.593459
0.575516
0.586441
0.711554
0.799005
0.865762
0.914290
0.941851
0.928248
0.984002
1.075853
1.217878
1.316983
1.331819
1.297217
1.213873
1.080759
0.925567
0.787706
0.665767
0.631023
0.656410
0.803665
0.937945
1.052656
1.149606
1.229865
1.290350
1.326549
1.338665
1.360405
1.492983
1.593029
1.588287
1.515055
1.403562
1.273981
1.138332
0.978576
0.851792
0.782245
0.718928
0.836146
0.965378
1.073136
1.167458
1.243549
1.294527
1.319232
1.318071
1.329283
1.444315
1.521120
1.507758
1.420693
1.301177
1.179171
1.085202
0.991139
0.906992
0.838962
0.766805
0.814414
0.951400
1.057289
1.146471
1.220102
1.273172
1.301626
1.305294
1.292606
1.411085
1.499110
1.506296
1.419343
1.272321
1.133630
1.046712
0.976003
0.909037
0.837591
0.750851
0.838774
0.962409
1.047179
1.121204
1.177591
1.213838
1.232252
1.233694
1.220612
1.341285
1.436648
1.466973
1.407876
1.253617
1.078986
0.968573
0.898646
0.848060
0.778575
0.717942
0.851188
0.968619
1.044744
1.109871
1.156984
1.182064
1.187066
1.174283
1.155360
1.272912
1.378249
1.428046
1.386452
1.244059
1.073989
0.981866
0.953387
0.927749
0.852938
0.743849
0.675898
0.833761
0.920550
1.000031
1.059846
1.100804
1.122614
1.125319
1.109775
1.221635
1.305733
1.336372
1.293044
1.159136
0.965759
0.786804
0.682496
0.651511
0.627401
0.670718
0.804445
0.935084
1.021952
1.098128
1.148787
1.178087
1.182933
1.171039
1.156139
1.287853
1.418362
1.468487
1.400218
1.234987
1.050560
0.940536
0.897995
0.868049
0.805895
0.718060
0.629741
0.730355
0.823495
0.905554
0.976098
1.031279
1.065197
1.073391
1.057634
1.182400
1.294510
1.339687
1.294698
1.151978
0.981070
0.859018
0.803100
0.777345
0.743742
0.686133
0.805753
0.925269
0.999467
1.063936
1.109791
1.135983
1.143442
1.133020
1.113934
1.223608
1.316155
1.360641
1.324923
1.189878
0.994660
0.837095
0.763676
0.736257
0.701450
0.625381
0.743405
0.870401
0.951554
1.020934
1.072864
1.105375
1.118931
1.114495
1.098136
1.211175
1.298780
1.336849
1.294358
1.160789
0.967899
0.791917
0.690152
0.644248
0.609650
0.558015
0.689821
0.822246
0.909441
0.983928
1.040247
1.076900
1.094581
1.094439
1.080855
1.199587
1.295105
1.329068
1.274573
1.128954
0.932887
0.760328
0.666835
0.619194
0.586109
0.563142
0.694600
0.816501
0.898381
0.970816
1.026394
1.063855
1.083653
1.086360
1.075422
1.205348
1.316315
1.363507
1.314584
1.163785
0.961630
0.794929
0.705121
0.657511
0.629416
0.615680
0.741051
0.858328
0.936969
1.006911
1.058673
1.091754
1.107519
1.106656
1.091719
1.215229
1.311342
1.350300
1.302400
1.156720
0.954536
0.788202
0.698138
0.653864
0.618192
0.569304
0.699832
0.831172
0.915637
0.989305
1.044909
1.081385
1.099713
1.100975
1.087413
1.206180
1.294402
1.328079
1.278565
1.136952
0.941902
0.769166
0.675847
0.632147
0.600289
0.565260
0.699189
0.831056
0.916658
0.992257
1.049597
1.087816
1.108047
1.111483
1.099536
1.215112
1.297075
1.323949
1.270743
1.126767
0.934575
0.770261
0.687550
0.652435
0.618966
0.573888
0.704405
0.833548
0.916174
0.987591
1.040922
1.074799
1.089977
1.087359
1.071437
1.188569
1.278063
1.314822
1.269636
1.133165
0.938263
0.761727
0.663837
0.619667
0.590847
0.573305
0.703900
0.825873
0.907740
0.980151
1.034618
1.070039
1.087161
1.086747
1.073197
1.194435
1.290488
1.329783
1.282474
1.139588
0.941588
0.765300
0.668872
0.623320
0.598445
0.588861
0.716833
0.837884
0.919373
0.992086
1.046979
1.083240
1.101799
1.103352
1.090891
1.212613
1.304747
1.341913
1.294142
1.148056
0.947815
0.771312
0.669967
0.622414
0.595051
0.553297
0.684529
0.817863
0.904834
0.981973
1.041420
1.082220
1.105310
1.111683
1.102775
1.222393
1.308620
1.339134
1.286391
1.138305
0.941946
0.770408
0.665710
0.612872
0.584815
0.538599
0.668575
0.803939
0.892604
0.971529
1.032017
1.073072
1.095982
1.101751
1.092096
1.213480
1.305899
1.338602
1.283836
1.137716
0.943824
0.789456
0.709126
0.661886
0.627335
0.604070
0.730847
0.848603
0.926362
0.994631
1.044888
1.075948
1.088789
1.083924
1.067777
1.190076
1.289954
1.336998
1.296835
1.159632
0.959452
0.780144
0.682177
0.631988
0.600520
0.566286
0.696491
0.825540
0.909354
0.983579
1.039742
1.076961
1.096467
1.099250
1.087022
1.205896
1.292295
1.323660
1.275329
1.134845
0.940528
0.770643
0.678542
0.635850
0.603210
0.548143
0.677223
0.810443
0.896546
0.971272
1.027940
1.065179
1.083797
1.084756
1.071752
1.188484
1.275445
1.310301
1.264294
1.128355
0.936875
0.764486
0.667225
0.619052
0.589629
0.574948
0.705397
0.828477
0.911057
0.984369
1.039770
1.076195
1.094348
1.095022
1.082136
1.201251
1.291734
1.329505
1.283971
1.145407
0.950840
0.776750
0.681956
0.634853
0.605851
0.592106
0.720749
0.842369
0.923595
0.995888
1.050709
1.086860
1.104937
1.105638
1.093285
1.215293
1.309703
1.350802
1.307474
1.165377
0.966869
0.789691
0.687209
0.635353
0.605969
0.562649
0.693638
0.826529
0.913448
0.990864
1.050489
1.091234
1.114176
1.120294
1.111040
1.231809
1.319844
1.351248
1.301171
1.157107
0.963732
0.812247
0.733315
0.690233
0.653026
0.611714
0.744937
0.864173
0.942883
1.012845
1.065013
1.098165
1.113030
1.110629
1.095224
1.210032
1.297975
1.332830
1.293327
1.160537
0.972098
0.829570
0.763858
0.741728
0.706096
0.627859
0.708022
0.831303
0.913391
0.984873
1.039141
1.073715
1.088912
1.085594
1.070029
1.182880
1.270047
1.309769
1.273963
1.150246
0.966527
0.795375
0.698753
0.649465
0.614812
0.590547
0.720015
0.840729
0.920948
0.990410
1.042297
1.073617
1.085567
1.079218
1.064483
1.185964
1.297398
1.348290
1.304537
1.161661
0.955921
0.765021
0.616662
0.534827
0.510157
0.483760
0.620866
0.761901
0.858789
0.946162
1.016415
1.068764
1.105183
1.126301
1.132348
1.254563
1.339550
1.352785
1.285469
1.123512
0.936584
0.776100
0.679412
0.643039
0.620338
0.570372
0.700602
0.837555
0.929719
1.009619
1.071158
1.113157
1.136972
1.143875
1.134834
1.252302
1.340264
1.369950
1.313556
1.165125
0.973183
0.803870
0.698748
0.644925
0.611973
0.556626
0.660918
0.792061
0.884221
0.965313
1.028856
1.073113
1.099186
1.108459
1.101549
1.224702
1.323627
1.356951
1.299144
1.148943
0.957200
0.787069
0.683207
0.628416
0.595944
0.547457
0.680395
0.816852
0.907145
0.986231
1.047396
1.089287
1.113105
1.120285
1.111565
1.233500
1.328137
1.360974
1.306314
1.155434
0.957812
0.782780
0.663499
0.604235
0.576499
0.529859
0.621689
0.754101
0.849083
0.932781
0.998135
1.043890
1.071128
1.081110
1.074687
1.197775
1.300728
1.334415
1.274642
1.126222
0.933923
0.762693
0.662898
0.609086
0.581811
0.550597
0.682006
0.814172
0.901472
0.979217
1.038474
1.078418
1.100802
1.106815
1.096925
1.217781
1.311793
1.341086
1.287732
1.142579
0.953328
0.828293
0.775768
0.760050
0.720270
0.639637
0.755726
0.884964
0.963336
1.029931
1.079312
1.109335
1.120516
1.113655
1.094960
1.207799
1.293887
1.330897
1.296925
1.172677
0.985733
0.827465
0.756301
0.734771
0.694831
0.656105
0.782094
0.898902
0.972662
1.035007
1.079456
1.103171
1.106260
1.093300
1.080402
1.194435
1.302325
1.360205
1.330492
1.203460
1.003472
0.801995
0.659526
0.586863
0.564020
0.539209
0.680169
0.822622
0.920128
1.009482
1.082506
1.136817
1.174849
1.195090
1.198725
1.313193
1.396888
1.403151
1.320756
1.148804
0.965111
0.823208
0.749548
0.725073
0.701195
0.647303
0.750737
0.877864
0.966635
1.044291
1.103867
1.143493
1.164451
1.168515
1.156840
1.271392
1.356604
1.386120
1.332267
1.188095
0.995726
0.843274
0.769117
0.738202
0.700958
0.636915
0.767466
0.898772
0.983188
1.055643
1.110663
1.145959
1.162385
1.161205
1.145867
1.261092
1.346840
1.381668
1.338405
1.202012
1.009549
0.857654
0.786096
0.760024
0.721181
0.654314
0.783788
0.912827
0.994358
1.064335
1.116538
1.148795
1.161771
1.156592
1.139671
1.254835
1.341821
1.381461
1.342601
1.210079
1.017352
0.848310
0.765714
0.732476
0.695435
0.632126
0.761738
0.891300
0.973259
1.043505
1.096461
1.129651
1.143705
1.139869
1.122675
1.240229
1.334675
1.378800
1.339774
1.205890
1.011294
0.833916
0.740470
0.696247
0.658663
0.595045
0.722554
0.854957
0.941451
1.014788
1.070936
1.107525
1.125484
1.126149
1.111668
1.230667
1.324433
1.364408
1.323300
1.188036
0.993539
0.828921
0.743682
0.706226
0.668609
0.604877
0.732752
0.864233
0.949359
1.021513
1.076188
1.111101
1.127014
1.125170
1.109381
1.227731
1.319457
1.360971
1.322535
1.189898
0.994336
0.814285
0.702463
0.646332
0.612745
0.554951
0.685079
0.821872
0.913212
0.990501
1.050155
1.089917
1.110740
1.113826
1.101679
1.220711
1.316086
1.355416
1.310097
1.172952
0.978825
0.802029
0.691310
0.632774
0.600720
0.549955
0.680597
0.817509
0.908467
0.987822
1.049577
1.092035
1.116289
1.123687
1.115158
1.209803
1.303551
1.345068
1.308424
1.172249
0.970548
0.782451
0.642348
0.576130
0.552931
0.511379
0.580002
0.712061
0.812513
0.901067
0.971617
1.022763
1.055685
1.071537
1.071329
1.169140
1.275580
1.317277
1.268070
1.129086
0.940371
0.770255
0.663899
0.611618
0.586841
0.546627
0.643850
0.772078
0.864807
0.944476
1.006135
1.048635
1.073296
1.080877
1.072381
1.171933
1.281813
1.333307
1.296845
1.161997
0.960448
0.772279
0.637994
0.571620
0.549337
0.513911
0.594114
0.722563
0.820984
0.907369
0.975681
1.024780
1.056198
1.071183
1.070269
1.168566
1.275742
1.316002
1.267852
1.126863
0.932490
0.759983
0.646483
0.594797
0.569709
0.526209
0.629899
0.761711
0.857918
0.940226
1.004241
1.048771
1.075165
1.084567
1.077695
1.173699
1.275642
1.319756
1.280639
1.146802
0.949845
0.766120
0.631782
0.569130
0.548825
0.513945
0.571094
0.700722
0.800882
0.888218
0.957393
1.007116
1.038566
1.053011
1.051200
1.150119
1.260584
1.305180
1.258304
1.122557
0.932214
0.760431
0.663468
0.616425
0.590344
0.546734
0.654240
0.780393
0.871750
0.949450
1.008845
1.048912
1.070843
1.075528
1.064492
1.161308
1.266867
1.318269
1.288013
1.161624
0.962011
0.768923
0.629350
0.563706
0.542783
0.506048
0.565294
0.697427
0.798645
0.887049
0.957237
1.007905
1.040146
1.055128
1.053706
1.152238
1.260821
1.306218
1.262320
1.127956
0.938215
0.764492
0.645238
0.586538
0.564012
0.528893
0.621056
0.751135
0.846000
0.927494
0.990550
1.034000
1.059187
1.066951
1.058413
1.157880
1.270841
1.324353
1.288485
1.158168
0.962487
0.781412
0.676336
0.625380
0.597475
0.552052
0.647304
0.774987
0.867038
0.945318
1.005602
1.046547
1.069263
1.074562
1.063956
1.161970
1.271191
1.326443
1.299549
1.174947
0.977475
0.786231
0.649326
0.582215
0.558914
0.520830
0.592092
0.722968
0.823505
0.911710
0.981937
1.032680
1.065301
1.081053
1.080930
1.178617
1.281910
1.323175
1.279318
1.143416
0.951150
0.776001
0.643839
0.577683
0.553612
0.516970
0.598274
0.728938
0.830032
0.918695
0.989377
1.040666
1.074113
1.091072
1.092463
1.188276
1.284482
1.317821
1.271113
1.134833
0.944763
0.772023
0.645607
0.583901
0.559768
0.519024
0.609903
0.746428
0.846861
0.932746
1.000706
1.049131
1.079249
1.092263
1.089234
1.184028
1.281146
1.321363
1.280534
1.147951
0.955435
0.775991
0.636819
0.568582
0.546924
0.513335
0.574430
0.707199
0.809329
0.899232
0.971280
1.023587
1.057706
1.074820
1.076016
1.173753
1.277351
1.317774
1.272981
1.137528
0.946617
0.772352
0.653195
0.593653
0.570177
0.533614
0.634778
0.767912
0.866120
0.950800
1.017207
1.064136
1.092977
1.104995
1.100933
1.196543
1.293568
1.334132
1.298641
1.169967
0.978058
0.799668
0.685382
0.630926
0.604370
0.557964
0.650112
0.782241
0.878471
0.959856
1.023523
1.067534
1.092962
1.100878
1.092552
1.188896
1.291269
1.340956
1.310685
1.187224
0.995914
0.813607
0.696048
0.637238
0.607209
0.561265
0.655740
0.788350
0.884752
0.967140
1.031979
1.077216
1.104144
1.113908
1.107550
1.202572
1.300260
1.344036
1.312152
1.187761
0.997078
0.825208
0.726635
0.683610
0.651539
0.595472
0.724210
0.846150
0.934780
1.010760
1.069141
1.107912
1.127914
1.130212
1.117008
1.210189
1.306728
1.357652
1.336981
1.221277
1.031415
0.855662
0.756699
0.716208
0.682646
0.622937
0.734668
0.861746
0.953218
1.030121
1.089816
1.130032
1.151626
1.155966
1.144234
1.234385
1.326532
1.369106
1.342199
1.224650
1.039353
0.901650
0.838288
0.829954
0.789841
0.709086
0.749949
0.873061
0.955460
1.032933
1.092590
1.130586
1.147865
1.147020
1.130931
1.218540
1.308253
1.351529
1.331468
1.224469
1.047641
0.907244
0.844577
0.842626
0.804427
0.718913
0.746320
0.863738
0.938461
1.005776
1.055432
1.084348
1.093675
1.083813
1.063552
1.155853
1.270751
1.344354
1.339327
1.235439
1.048914
0.870576
0.774002
0.733300
0.696256
0.631119
0.630036
0.760896
0.851258
0.927263
0.987136
1.028299
1.050594
1.054644
1.042376
1.142369
1.261735
1.325976
1.310768
1.200900
1.027202
0.890751
0.817939
0.785049
0.737306
0.661221
0.740697
0.863268
0.949084
1.021161
1.074512
1.107808
1.121981
1.117717
1.100922
1.189284
1.287267
1.344044
1.333705
1.231711
1.045798
0.852399
0.723616
0.669991
0.647440
0.594220
0.705081
0.839590
0.935982
1.014129
1.075497
1.115739
1.135298
1.135801
1.124823
1.218693
1.335663
1.399836
1.375176
1.257298
1.069733
0.896482
0.804146
0.758694
0.720313
0.663134
0.752098
0.863925
0.949249
1.018391
1.072953
1.109210
1.127419
1.127797
1.113388
1.181117
1.295053
1.370540
1.371038
1.266229
1.070649
0.860860
0.710409
0.635016
0.610660
0.573270
0.640252
0.772640
0.880640
0.966825
1.036746
1.088250
1.121692
1.138320
1.139399
1.212106
1.317103
1.368331
1.343914
1.225337
1.036253
0.880445
0.784684
0.743533
0.705329
0.647736
0.695754
0.818672
0.917217
0.994466
1.054742
1.096004
1.118428
1.123128
1.111686
1.179371
1.283140
1.340824
1.331795
1.231287
1.053515
0.903871
0.826878
0.809521
0.771137
0.694080
0.710885
0.832886
0.924243
0.999591
1.058759
1.098421
1.118586
1.120142
1.105662
1.169446
1.266646
1.322262
1.317958
1.228872
1.064088
0.913461
0.834793
0.822454
0.782871
0.706046
0.738297
0.858421
0.939275
1.016130
1.069147
1.096795
1.102602
1.088953
1.068231
1.143056
1.250618
1.325485
1.331493
1.243063
1.067821
0.869393
0.736241
0.676377
0.636511
0.574903
0.582323
0.705660
0.804462
0.881357
0.943573
0.987000
1.011129
1.016417
1.005036
1.075020
1.195852
1.271830
1.267340
1.172121
0.998874
0.818763
0.712653
0.663069
0.630821
0.582604
0.672819
0.786919
0.876111
0.948131
1.002972
1.038532
1.055336
1.053451
1.038181
1.107076
1.228545
1.312559
1.319686
1.226439
1.041667
0.834627
0.700755
0.632475
0.603758
0.562956
0.650622
0.767449
0.860653
0.936595
0.994802
1.033597
1.053849
1.055963
1.043071
1.114275
1.236176
1.317674
1.319544
1.221790
1.035333
0.836042
0.709029
0.645689
0.614284
0.571987
0.631359
0.756094
0.855870
0.935190
0.997061
1.039607
1.063718
1.069994
1.059602
1.132012
1.250199
1.322082
1.317258
1.215574
1.030104
0.830745
0.685415
0.609057
0.578075
0.538883
0.566309
0.695983
0.803222
0.893145
0.965105
1.016974
1.050570
1.067271
1.067936
1.140951
1.258322
1.315832
1.293218
1.178796
0.991675
0.811420
0.678547
0.614677
0.582674
0.535767
0.558633
0.691507
0.801511
0.894925
0.969953
1.025429
1.062311
1.082168
1.085886
1.158150
1.268725
1.317769
1.290724
1.176770
0.994427
0.857184
0.781131
0.761545
0.724797
0.659053
0.706935
0.829859
0.927445
1.003485
1.061140
1.098874
1.117151
1.117007
1.101693
1.167773
1.270725
1.335489
1.331135
1.233020
1.047611
0.846172
0.686941
0.615004
0.590693
0.547011
0.606094
0.743176
0.855855
0.945207
1.017949
1.071567
1.106632
1.124185
1.125630
1.195478
1.303917
1.359252
1.329937
1.205734
1.014098
0.829982
0.682066
0.608720
0.585850
0.553232
0.582524
0.716566
0.828107
0.922752
1.001008
1.060045
1.101128
1.125847
1.135450
1.210185
1.319628
1.361501
1.320412
1.187395
0.999497
0.848512
0.751558
0.714517
0.684915
0.632928
0.665062
0.789339
0.889603
0.972599
1.037985
1.083992
1.111431
1.121756
1.115907
1.183944
1.287559
1.338685
1.317422
1.205937
1.022772
0.862117
0.767705
0.738807
0.703000
0.636708
0.680157
0.806009
0.905430
0.981127
1.040038
1.079472
1.099560
1.101045
1.087906
1.154343
1.263972
1.334053
1.326763
1.223674
1.038303
0.834598
0.673731
0.582112
0.558207
0.524833
0.595599
0.734918
0.844198
0.941447
1.021908
1.082744
1.125503
1.152046
1.163518
1.262569
1.363183
1.387925
1.326565
1.176270
1.006951
0.886896
0.821955
0.803785
0.764357
0.694736
0.732966
0.855083
0.944545
1.020538
1.079819
1.119261
1.139652
1.142563
1.129335
1.219988
1.313713
1.358697
1.335315
1.223630
1.041341
0.891686
0.811446
0.791933
0.752258
0.674730
0.766530
0.884910
0.960462
1.045510
1.110784
1.154217
1.176654
1.179789
1.166737
1.252491
1.336054
1.371402
1.338805
1.221186
1.038675
0.875481
0.785778
0.762330
0.732583
0.660708
0.761802
0.886187
0.973001
1.044200
1.097072
1.128519
1.139719
1.131832
1.114491
1.206351
1.322587
1.389217
1.365950
1.245816
1.051654
0.867977
0.781977
0.754107
0.718127
0.648657
0.564473
0.676088
0.777466
0.872389
0.955843
1.023670
1.073670
1.100112
1.102155
1.196030
1.309571
1.371227
1.333098
1.205461
1.059255
0.954347
0.894230
0.856431
0.805750
0.741093
0.779568
0.894153
0.977955
1.050272
1.104409
1.138978
1.156015
1.155915
1.139758
1.229574
1.328791
1.382520
1.359219
1.240892
1.042346
0.847182
0.722043
0.671208
0.650408
0.627485
0.778189
0.912468
1.007231
1.083216
1.140659
1.175437
1.188464
1.183008
1.169155
1.262938
1.394066
1.467670
1.435326
1.297717
1.089920
0.913429
0.823994
0.777409
0.735179
0.677402
0.686639
0.819707
0.915862
0.999577
1.069651
1.122352
1.156722
1.169561
1.160825
1.258544
1.379125
1.439257
1.399334
1.266431
1.103716
0.984929
0.902674
0.849825
0.793742
0.725615
0.764605
0.887338
0.977040
1.054792
1.113396
1.151199
1.170514
1.172441
1.158945
1.250561
1.346816
1.392000
1.358688
1.232733
1.040606
0.879966
0.783521
0.742326
0.707616
0.644526
0.781583
0.906642
0.995177
1.066609
1.119960
1.151993
1.164004
1.157754
1.144797
1.240271
1.369397
1.443993
1.417331
1.288686
1.087821
0.903895
0.807429
0.759440
0.721159
0.660709
0.746914
0.870572
0.959480
1.033720
1.093638
1.135318
1.159708
1.167778
1.159483
1.258868
1.368377
1.419614
1.385170
1.249162
1.047967
0.880692
0.766750
0.711364
0.684013
0.637487
0.758663
0.889483
0.981167
1.058451
1.116596
1.153500
1.170812
1.169984
1.156500
1.254185
1.369279
1.429109
1.391076
1.253552
1.052552
0.903603
0.906245
0.939468
0.972782
1.006345
1.023703
1.028668
1.034182
1.039918
1.045624
1.050988
1.055694
1.059352
1.061607
1.062104
1.060842
1.057873
1.053218
1.046937
1.039083
1.029767
1.019104
1.008410
0.999316
0.989449
0.978050
0.965446
0.953883
0.937647
0.933138
0.938461
0.948322
0.960128
0.968655
0.972561
0.974096
0.974385
0.967373
0.946539
0.914600
0.886821
0.854269
0.906038
0.937027
0.966481
0.995828
1.009634
1.008842
1.008841
1.009770
1.051938
1.022334
0.904609
0.772054
0.649865
0.558523
0.518764
0.499344
0.463133
0.410665
0.345477
0.371657
0.401722
0.419340
0.445684
0.478007
0.509431
0.536929
0.562010
0.586851
0.685053
0.748491
0.770749
0.797468
0.827946
0.845641
0.880354
0.879422
0.810099
0.683935
0.609809
0.645207
0.685203
0.710606
0.741630
0.775738
0.808263
0.838674
0.867970
0.897593
0.969581
1.003652
1.003276
0.996821
0.992634
0.982197
0.995639
0.983515
0.906796
0.801076
0.851866
0.880047
0.914038
0.931668
0.952574
0.974979
0.995836
1.015575
1.035062
1.055040
1.123980
1.135044
1.107469
1.089587
1.087533
1.082078
1.101879
1.100101
1.037106
0.894731
0.886156
0.908853
0.937117
0.962440
0.982749
1.006212
1.028985
1.051476
1.074541
1.098872
1.158170
1.172323
1.152620
1.126781
1.111601
1.111820
1.134319
1.120142
1.030317
0.933293
0.981079
1.006223
1.028754
1.044304
1.060829
1.078546
1.094453
1.108989
1.122901
1.136556
1.168340
1.155975
1.116176
1.090312
1.088597
1.103339
1.123288
1.107671
1.038125
0.945131
0.945645
0.966522
0.986695
0.997865
1.011456
1.026461
1.039825
1.052107
1.064134
1.076592
1.131491
1.138606
1.104170
1.083390
1.071478
1.066293
1.086515
1.091063
1.039709
0.935106
0.869104
0.892314
0.912158
0.931303
0.950475
0.971675
0.991716
1.011306
1.031437
1.053021
1.115009
1.135606
1.111301
1.088600
1.074816
1.062661
1.075137
1.066477
1.003032
0.864716
0.901743
0.926736
0.949814
0.974066
0.991396
1.010905
1.029434
1.047395
1.065750
1.085330
1.140850
1.153505
1.127533
1.106254
1.096574
1.096706
1.122588
1.121918
1.056338
0.920030
0.932264
0.956805
0.976409
0.993295
0.987338
1.008512
1.026653
1.043837
1.060948
1.078788
1.130337
1.140468
1.111422
1.086288
1.074539
1.071405
1.098506
1.103777
1.047646
0.923127
0.893033
0.918160
0.941827
0.964090
0.983184
1.003754
1.022845
1.041161
1.059540
1.078804
1.132139
1.146624
1.119027
1.090150
1.073136
1.062612
1.081263
1.078885
1.018042
0.886308
0.886091
0.911964
0.933194
0.953960
0.972496
0.992691
1.011347
1.029123
1.046912
1.065517
1.119819
1.135001
1.108694
1.083403
1.071117
1.063813
1.087678
1.090662
1.032430
0.902976
0.897296
0.922054
0.942362
0.961684
0.980148
1.000138
1.018617
1.036228
1.053873
1.072336
1.125196
1.140681
1.114774
1.087726
1.072138
1.062408
1.083274
1.083253
1.023916
0.895815
0.892020
0.916775
0.937387
0.956335
0.974819
0.994848
1.013295
1.030838
1.048403
1.066766
1.120072
1.135338
1.108226
1.080288
1.064568
1.053642
1.074684
1.074882
1.017148
0.890579
0.889473
0.914805
0.935589
0.954362
0.973129
0.993357
1.012045
1.029885
1.047834
1.066761
1.121367
1.138286
1.110982
1.081555
1.064449
1.049712
1.066081
1.060758
1.000830
0.870750
0.902656
0.928076
0.948642
0.967047
0.985275
1.005067
1.023459
1.041089
1.058889
1.077681
1.129654
1.144301
1.117420
1.089172
1.072188
1.064436
1.087517
1.088560
1.029614
0.902326
0.899969
0.924742
0.944849
0.963107
0.980908
1.000476
1.018457
1.035562
1.052727
1.070758
1.123738
1.138640
1.110739
1.082354
1.067150
1.056361
1.078123
1.079232
1.023144
0.897432
0.896953
0.922459
0.943149
0.961538
0.979919
1.000032
1.018734
1.036685
1.054831
1.074034
1.127068
1.142673
1.114882
1.085108
1.067341
1.057910
1.078946
1.079578
1.021732
0.892863
0.892233
0.917719
0.938486
0.958221
0.976159
0.995747
1.013757
1.030892
1.048126
1.066274
1.120652
1.135926
1.108271
1.082039
1.070024
1.063082
1.089088
1.094433
1.040149
0.914283
0.908097
0.932857
0.952897
0.971291
0.989358
1.009155
1.027603
1.045307
1.063204
1.082122
1.133802
1.149572
1.123712
1.094920
1.077397
1.069433
1.092466
1.093780
1.034460
0.905425
0.902636
0.927726
0.948053
0.966383
0.984183
1.003731
1.021676
1.038711
1.055769
1.073616
1.124336
1.137031
1.108833
1.081186
1.066863
1.062739
1.091524
1.100705
1.048241
0.926478
0.895432
0.920777
0.944385
0.965896
0.992941
1.012798
1.031214
1.048802
1.066540
1.085275
1.138131
1.154186
1.125382
1.091999
1.071288
1.052449
1.066842
1.060523
1.000540
0.870680
0.904323
0.929946
0.951278
0.969875
0.988250
1.008363
1.027193
1.045375
1.063857
1.083514
1.134472
1.147834
1.119127
1.089035
1.072191
1.068943
1.097809
1.103514
1.046026
0.918072
0.916861
0.941734
0.961617
0.978937
0.996339
1.015361
1.032845
1.049474
1.066189
1.083808
1.134079
1.147402
1.118986
1.089862
1.075063
1.069453
1.099046
1.110119
1.057241
0.933608
0.911404
0.936163
0.955820
0.971254
0.988352
1.007293
1.024575
1.040972
1.057552
1.075449
1.130363
1.150837
1.123595
1.089952
1.069580
1.044476
1.054492
1.049101
0.994756
0.862946
0.876329
0.903276
0.927052
0.950919
0.971052
0.993655
1.015049
1.035766
1.056870
1.079318
1.132285
1.149307
1.122239
1.088937
1.070905
1.067410
1.095194
1.099019
1.036724
0.898079
0.936672
0.962743
0.986936
1.010107
1.023362
1.042069
1.059414
1.076039
1.092805
1.110540
1.159634
1.168039
1.135784
1.106579
1.094846
1.098863
1.137272
1.154216
1.100842
0.974538
0.932064
0.956841
0.979488
1.000669
1.018096
1.037377
1.055254
1.072345
1.089561
1.107694
1.155565
1.168623
1.141161
1.109663
1.093304
1.090442
1.122301
1.132188
1.074504
0.945787
0.934492
0.959584
0.980840
0.994010
1.007634
1.023189
1.037163
1.050531
1.064605
1.080480
1.140798
1.166806
1.140589
1.110053
1.092445
1.063368
1.066555
1.061026
1.009958
0.874222
0.866715
0.893708
0.920625
0.949781
0.968312
0.991471
1.013467
1.034428
1.055716
1.078334
1.129116
1.147833
1.126719
1.094888
1.075043
1.075602
1.108104
1.112585
1.046439
0.912310
0.955274
0.981638
1.006502
1.023004
1.040652
1.058949
1.074981
1.089808
1.104287
1.119036
1.153935
1.150445
1.113006
1.084135
1.072832
1.083964
1.113731
1.119220
1.064770
0.960208
0.938661
0.959950
0.979127
0.993331
1.009860
1.028426
1.045343
1.061412
1.077382
1.093982
1.138032
1.137392
1.096826
1.066078
1.051018
1.060306
1.093260
1.107234
1.062234
0.956342
0.927099
0.948806
0.969335
0.978485
1.008769
1.026026
1.042879
1.058996
1.075252
1.092472
1.146184
1.154601
1.116624
1.085902
1.070552
1.070901
1.097698
1.108996
1.065237
0.947797
0.904688
0.927481
0.949232
0.971349
0.988234
1.007143
1.024623
1.041386
1.058380
1.076529
1.132773
1.153898
1.127314
1.097769
1.084532
1.075379
1.092968
1.094973
1.043249
0.911319
0.905555
0.930277
0.951980
0.973730
0.991291
1.011761
1.030956
1.049381
1.067974
1.087591
1.139026
1.153251
1.123886
1.092054
1.079184
1.080057
1.108258
1.115893
1.061240
0.928732
0.927050
0.951875
0.972517
0.990048
1.000974
1.020345
1.038138
1.055041
1.071909
1.089652
1.139992
1.153632
1.122788
1.089061
1.075409
1.072294
1.098273
1.108074
1.059156
0.931068
0.915061
0.939590
0.962849
0.984657
1.004032
1.023040
1.040828
1.057707
1.074492
1.092180
1.137872
1.154930
1.129182
1.093760
1.073620
1.060953
1.077567
1.078053
1.022946
0.893831
0.896018
0.921781
0.942990
0.962440
0.979492
0.998814
1.016270
1.032668
1.048912
1.065930
1.118977
1.134465
1.103455
1.071248
1.060132
1.051356
1.074784
1.083607
1.038617
0.914377
0.907842
0.932116
0.953173
0.971904
0.984791
1.005633
1.025293
1.044232
1.063455
1.084073
1.138155
1.159951
1.131876
1.093154
1.073021
1.063382
1.080699
1.082672
1.030014
0.892219
0.928989
0.954815
0.976892
0.996002
1.013467
1.033528
1.052056
1.069715
1.087355
1.105929
1.152135
1.166252
1.135958
1.096423
1.077537
1.073514
1.099191
1.107319
1.054605
0.923488
0.922334
0.947411
0.968377
0.986118
1.003726
1.023035
1.040652
1.057303
1.073844
1.091133
1.140033
1.152216
1.120062
1.085327
1.073005
1.072529
1.104851
1.122499
1.077471
0.952411
0.915198
0.940071
0.963553
0.985266
1.002444
1.021833
1.039531
1.056314
1.073046
1.090767
1.141574
1.161509
1.133470
1.094700
1.075842
1.058329
1.074752
1.080426
1.032014
0.900156
0.899529
0.925858
0.948709
0.968800
0.987057
1.008284
1.028254
1.047429
1.066770
1.087293
1.137926
1.156784
1.127071
1.085673
1.066102
1.060801
1.085732
1.094876
1.043812
0.907943
0.943926
0.969622
0.991650
1.009723
1.021162
1.041388
1.059961
1.077610
1.095133
1.113329
1.154701
1.160955
1.127016
1.090009
1.075500
1.086309
1.128657
1.151201
1.103484
0.982835
0.954791
0.978760
1.001043
1.016694
1.032290
1.050174
1.066109
1.081082
1.095966
1.111592
1.156798
1.160137
1.119396
1.081648
1.066175
1.066590
1.100014
1.123996
1.086797
0.974030
0.929539
0.951997
0.971665
0.983140
0.996182
1.012165
1.026560
1.040189
1.054425
1.070413
1.131525
1.166192
1.143924
1.109451
1.093132
1.064976
1.068118
1.072009
1.029717
0.897373
0.854419
0.883327
0.911776
0.941710
0.962761
0.985869
1.007970
1.028945
1.050015
1.072295
1.121936
1.136917
1.107636
1.070475
1.053180
1.063331
1.103120
1.120469
1.067315
0.937640
0.973622
0.997603
1.019303
1.037179
1.051596
1.067932
1.082258
1.095375
1.108183
1.121352
1.160803
1.156836
1.115559
1.084945
1.076284
1.086499
1.118270
1.131691
1.082200
0.979250
0.916724
0.938687
0.956950
0.970633
0.986350
1.004497
1.021256
1.037346
1.053784
1.071536
1.119644
1.144898
1.112577
1.076494
1.056691
1.047764
1.067819
1.077419
1.038873
0.921563
0.893263
0.918273
0.935859
0.955755
0.957412
0.969228
0.987551
1.005092
1.022784
1.041604
1.087074
1.112446
1.087214
1.058026
1.046148
1.051318
1.087985
1.111311
1.076977
0.961821
0.917677
0.942327
0.958395
0.976587
0.990700
1.007658
1.022919
1.037196
1.051496
1.066731
1.112915
1.143543
1.120129
1.088725
1.075502
1.065975
1.091526
1.110473
1.078183
0.961850
0.879856
0.907085
0.928337
0.953573
0.959895
0.973337
0.992455
1.010614
1.028818
1.047999
1.092459
1.120550
1.098534
1.064990
1.048372
1.046524
1.076736
1.094484
1.056484
0.936794
0.905180
0.932066
0.949937
0.967736
0.982986
1.000567
1.016358
1.031033
1.045576
1.060836
1.103910
1.126404
1.098433
1.067583
1.057130
1.057810
1.095014
1.125485
1.096172
0.987845
0.906935
0.931977
0.949751
0.968323
0.982291
0.998581
1.013127
1.026658
1.040303
1.055069
1.104064
1.143687
1.124488
1.091747
1.075815
1.052617
1.067920
1.074947
1.039068
0.917879
0.875455
0.903110
0.923234
0.944936
0.962348
0.983000
1.002909
1.022082
1.041670
1.062727
1.110521
1.137865
1.111518
1.076024
1.059413
1.068315
1.107029
1.129504
1.089120
0.965507
0.960433
0.984764
1.003172
1.017123
1.028323
1.041954
1.053937
1.064931
1.075927
1.087901
1.131931
1.160025
1.132994
1.100269
1.087931
1.076006
1.105859
1.130111
1.098595
0.988318
0.905207
0.931244
0.951540
0.974669
0.991694
1.011497
1.030254
1.048350
1.066797
1.086622
1.130903
1.160521
1.138557
1.100702
1.078807
1.075080
1.101447
1.115532
1.072410
0.948013
0.936893
0.964049
0.985619
1.003516
1.018122
1.035743
1.051973
1.067331
1.082667
1.098861
1.137647
1.156957
1.127494
1.089128
1.072485
1.076874
1.118253
1.150805
1.119922
1.007472
0.932027
0.957230
0.975768
0.993796
1.007688
1.024171
1.038814
1.052392
1.065931
1.080372
1.123701
1.150970
1.124477
1.088626
1.073449
1.066119
1.097476
1.125609
1.097666
0.986776
0.899911
0.927233
0.947927
0.971949
0.988474
1.008091
1.026247
1.043483
1.060823
1.079303
1.123110
1.156446
1.137135
1.095948
1.071228
1.056191
1.074420
1.087670
1.050830
0.928191
0.889768
0.919663
0.941473
0.964027
0.982740
1.004124
1.024199
1.043424
1.062673
1.082739
1.122964
1.141164
1.111647
1.070892
1.054578
1.069032
1.121567
1.161822
1.131588
1.016521
0.966503
0.991757
1.009482
1.024118
1.036716
1.051952
1.065403
1.077737
1.089926
1.102819
1.140913
1.159081
1.128151
1.091898
1.078309
1.077089
1.112398
1.145813
1.116925
1.012761
0.921333
0.948819
0.964127
0.978483
0.992557
1.009530
1.024878
1.039233
1.053701
1.069373
1.114884
1.152651
1.133914
1.096365
1.075850
1.054294
1.070682
1.082257
1.048370
0.929981
0.887528
0.916579
0.937751
0.959565
0.977304
0.998070
1.017932
1.037137
1.056689
1.077578
1.121392
1.145146
1.117517
1.077752
1.060413
1.073226
1.120744
1.155023
1.120064
1.001024
0.964441
0.990617
1.008115
1.019645
1.034206
1.051100
1.066467
1.080736
1.094765
1.109347
1.144512
1.156744
1.124568
1.088487
1.076696
1.088584
1.130959
1.163170
1.127458
1.024908
0.941004
0.967012
0.981829
0.992967
1.006169
1.022287
1.036917
1.050606
1.064385
1.079142
1.121626
1.148349
1.121422
1.085599
1.070282
1.065870
1.097411
1.127680
1.100746
0.994748
0.906884
0.933503
0.953989
0.977961
0.988354
1.008720
1.027594
1.045612
1.063812
1.083181
1.125746
1.158023
1.139662
1.096483
1.070103
1.057774
1.078192
1.095328
1.060402
0.942325
0.898645
0.928795
0.950682
0.971701
0.988723
1.009814
1.029619
1.048381
1.066931
1.085985
1.121225
1.140029
1.120830
1.085849
1.075692
1.097190
1.152937
1.194435
1.159036
1.048981
0.971127
0.998791
1.019928
1.032261
1.043180
1.056444
1.068474
1.079024
1.089039
1.099267
1.134411
1.158931
1.137743
1.104906
1.094338
1.087726
1.119254
1.151893
1.124356
1.023520
0.899624
0.930984
0.949737
0.964569
0.980676
1.000321
1.018893
1.036482
1.054059
1.072704
1.111922
1.147965
1.140630
1.105047
1.084213
1.068972
1.087607
1.107658
1.069972
0.948008
0.907734
0.939597
0.962769
0.970687
0.986591
1.004672
1.021816
1.037796
1.053506
1.069793
1.104943
1.132485
1.118951
1.081461
1.067834
1.070238
1.112722
1.155345
1.129873
1.018680
0.930812
0.960887
0.983167
0.990368
1.003370
1.019368
1.034195
1.047966
1.061644
1.076172
1.114388
1.147535
1.129578
1.084574
1.055124
1.027978
1.039404
1.053973
1.026667
0.917648
0.878437
0.909237
0.929741
0.948653
0.957249
0.958923
0.976915
0.992888
1.008754
1.025591
1.061349
1.097742
1.074564
1.035535
1.017863
1.011526
1.050025
1.090608
1.078153
0.981924
0.875160
0.906116
0.923444
0.941547
0.955976
0.974550
0.991669
1.007526
1.023220
1.039628
1.072909
1.106659
1.088983
1.052891
1.033178
1.026630
1.065084
1.101729
1.081937
0.986181
0.878271
0.908097
0.925472
0.938970
0.952347
0.968584
0.983267
0.996480
1.009454
1.023179
1.058605
1.100770
1.080795
1.044238
1.026018
1.003148
1.028768
1.056914
1.040453
0.947703
0.837365
0.867852
0.887100
0.910871
0.927135
0.946985
0.965806
0.983444
1.001092
1.019711
1.056560
1.098993
1.087355
1.052676
1.030515
1.016246
1.038876
1.061823
1.034917
0.934121
0.849798
0.881007
0.899516
0.917572
0.931771
0.950825
0.968612
0.985092
1.001400
1.018425
1.053756
1.092347
1.075896
1.039467
1.018945
1.007813
1.038025
1.070721
1.053336
0.959419
0.843595
0.875677
0.895442
0.917967
0.932450
0.952008
0.970389
0.987504
1.004474
1.022186
1.057188
1.093233
1.076142
1.039212
1.018471
1.009882
1.044465
1.079275
1.059427
0.964755
0.866678
0.897590
0.914612
0.928767
0.944506
0.962909
0.980065
0.995851
1.011321
1.027358
1.061046
1.093957
1.074840
1.040205
1.022863
1.015768
1.051939
1.086704
1.066628
0.976675
0.864843
0.894917
0.912659
0.929371
0.944035
0.962166
0.979200
0.994932
1.010440
1.026636
1.061748
1.098785
1.080596
1.045805
1.026998
1.016263
1.047863
1.079623
1.060364
0.969711
0.853650
0.884524
0.902895
0.923566
0.934995
0.953940
0.971760
0.988279
1.004596
1.021605
1.055232
1.090956
1.073323
1.040153
1.020766
1.019276
1.048174
1.074100
1.049264
0.957329
0.879080
0.905249
0.920462
0.932882
0.941403
0.958914
0.975549
0.990806
1.005708
1.021090
1.055122
1.089498
1.065801
1.032100
1.016207
1.015045
1.045984
1.077204
1.059142
0.972234
0.863124
0.891176
0.907879
0.923807
0.938175
0.955666
0.972280
0.987692
1.002944
1.018880
1.054766
1.094417
1.073511
1.039538
1.021971
1.017527
1.044329
1.071424
1.051412
0.959368
0.858962
0.888282
0.904303
0.919102
0.915029
0.922016
0.941145
0.958632
0.975856
0.993773
1.031399
1.070797
1.049085
1.017145
1.003527
1.006563
1.042668
1.076936
1.059932
0.968126
0.861139
0.889779
0.906904
0.924296
0.912755
0.919422
0.937488
0.954213
0.970674
0.987846
1.025622
1.068578
1.048710
1.015371
0.999858
0.996856
1.026888
1.057657
1.042309
0.950150
0.841704
0.871595
0.889612
0.910211
0.924195
0.941968
0.958578
0.973872
0.989015
1.004948
1.041741
1.088647
1.074322
1.039776
1.019688
1.004252
1.018666
1.035427
1.011577
0.914702
0.830153
0.859557
0.876471
0.894041
0.906862
0.924816
0.941528
0.956790
0.971794
0.987558
1.025208
1.076622
1.065315
1.030710
1.010992
0.988644
1.000550
1.016055
0.992216
0.893573
0.810039
0.840333
0.858134
0.875982
0.879803
0.896032
0.914125
0.930691
0.946945
0.964037
1.003123
1.056307
1.045221
1.009504
0.988757
0.966788
0.976653
0.990754
0.966635
0.868348
0.790842
0.821672
0.846969
0.872903
0.889168
0.911830
0.932947
0.952403
0.971500
0.991339
1.037224
1.079761
1.066850
1.024945
0.998989
0.976829
0.987183
0.994395
0.962394
0.848724
0.847184
0.878399
0.901727
0.922778
0.941289
0.964196
0.985927
1.006328
1.026387
1.047091
1.085839
1.111903
1.092480
1.052487
1.032856
1.042273
1.083226
1.114033
1.080450
0.966107
0.922031
0.948082
0.965996
0.979583
0.994554
1.012403
1.028738
1.043859
1.058637
1.073776
1.109873
1.124913
1.092567
1.054734
1.042116
1.054694
1.098034
1.135499
1.108105
1.007948
0.925553
0.948121
0.964567
0.973475
0.983063
0.995799
1.006894
1.016916
1.027351
1.039405
1.089418
1.141709
1.127305
1.090226
1.071153
1.044451
1.043158
1.053268
1.027021
0.913972
0.812913
0.849100
0.870418
0.893671
0.912182
0.933780
0.954786
0.974631
0.994434
1.015503
1.060134
1.093579
1.075334
1.037634
1.016781
1.019370
1.050918
1.073925
1.037160
0.917241
0.917287
0.943279
0.963749
0.982820
0.997734
1.015241
1.031190
1.045847
1.060076
1.074604
1.108921
1.117173
1.082081
1.049523
1.040971
1.061990
1.103103
1.126548
1.084671
0.988778
0.922501
0.943417
0.959509
0.970506
0.982364
0.997547
1.011276
1.023857
1.036197
1.049129
1.088866
1.109560
1.079084
1.049272
1.037865
1.041459
1.069431
1.090338
1.055555
0.959982
0.876553
0.900311
0.914245
0.928761
0.942367
0.958742
0.973584
0.987438
1.001455
1.016681
1.066073
1.109142
1.090686
1.058710
1.041510
1.023263
1.034512
1.043790
1.013256
0.903328
0.823587
0.852431
0.875806
0.903213
0.922452
0.943059
0.963364
0.982738
1.002324
1.023176
1.071249
1.102447
1.078072
1.043035
1.026577
1.031353
1.065126
1.087329
1.052147
0.933876
0.902260
0.928639
0.947279
0.967328
0.970396
0.980356
0.999202
1.017144
1.035044
1.053712
1.092514
1.107769
1.077435
1.044558
1.033217
1.058486
1.113361
1.151964
1.119201
1.012594
0.967932
0.988740
1.001329
1.008401
1.017829
1.029481
1.039252
1.047979
1.056858
1.067012
1.114868
1.149981
1.120006
1.084201
1.068822
1.043813
1.054947
1.071833
1.047417
0.940630
0.858368
0.884748
0.905813
0.930171
0.947199
0.967098
0.986564
1.005350
1.024604
1.045544
1.093944
1.125773
1.101879
1.065925
1.046293
1.052216
1.085799
1.103709
1.061330
0.937346
0.937169
0.961941
0.906078
0.937067
0.967908
0.999991
1.018769
1.024058
1.029928
1.036317
1.042978
1.049643
1.055995
1.061730
1.066493
1.024012
0.922668
0.803540
0.692874
0.610655
0.550142
0.499020
0.451308
0.406895
0.375433
0.419449
0.492159
0.570503
0.619894
0.682973
0.734167
0.792713
0.845538
0.891307
0.932446
0.970847
1.007734
1.043557
1.078327
1.108498
1.240186
1.347808
1.360406
1.268069
1.112402
0.947799
0.810010
0.718363
0.667017
0.662517
0.689161
0.761509
0.832254
0.883558
0.911851
0.928942
0.930728
0.962104
1.000855
1.043110
1.102481
1.189141
1.188466
1.244566
1.252413
1.183945
1.071762
0.947471
0.821887
0.720423
0.654640
0.626038
0.623721
0.620958
0.615366
0.735617
0.834999
0.920905
0.985921
1.027395
1.070990
1.218845
1.365504
1.420767
1.357804
1.189775
0.995516
0.841784
0.723376
0.645865
0.639283
0.671313
0.794135
0.934109
1.053869
1.161439
1.253313
1.315865
1.342065
1.336561
1.342279
1.459551
1.557219
1.574868
1.477442
1.272880
1.048751
0.878291
0.752946
0.691842
0.700562
0.714412
0.857376
0.968545
1.094992
1.200626
1.284069
1.338432
1.360008
1.350964
1.359317
1.490266
1.609685
1.636347
1.550027
1.399499
1.251929
1.130858
1.015426
0.916868
0.849248
0.798262
0.821612
0.947184
1.021672
1.137137
1.225656
1.279229
1.293655
1.277869
1.283561
1.390585
1.471618
1.481318
1.390824
1.204712
0.993094
0.829554
0.713148
0.662528
0.663229
0.661120
0.714728
0.833220
0.942609
1.070724
1.178572
1.257441
1.300787
1.310760
1.333759
1.435603
1.492090
1.472358
1.366275
1.191946
1.033988
0.920826
0.875197
0.866854
0.855128
0.818570
0.773738
0.844567
0.959777
1.062859
1.145659
1.203950
1.235027
1.236838
1.253612
1.370216
1.455523
1.470010
1.399680
1.235171
1.073025
0.961721
0.915338
0.896374
0.868985
0.820813
0.821382
0.960561
1.060207
1.151148
1.222617
1.244428
1.230621
1.190396
1.177457
1.280180
1.378736
1.426620
1.377092
1.218596
0.994804
0.789597
0.638252
0.558966
0.551718
0.544442
0.527720
0.667724
0.802186
0.922044
1.024922
1.104760
1.152117
1.165871
1.180318
1.275029
1.324894
1.311592
1.229390
1.071327
0.901460
0.766407
0.723122
0.730428
0.729856
0.700556
0.770028
0.918529
1.016964
1.107159
1.176307
1.218495
1.227315
1.203993
1.204778
1.298540
1.373075
1.397767
1.338715
1.182241
0.971512
0.792744
0.704261
0.690890
0.677713
0.635924
0.633505
0.813081
0.949947
1.074146
1.163314
1.215989
1.232253
1.213978
1.214126
1.303044
1.368735
1.386308
1.324847
1.172999
0.979561
0.839374
0.800479
0.792891
0.777737
0.731821
0.677378
0.866492
0.954185
1.013666
1.105423
1.181281
1.218355
1.222173
1.233935
1.323350
1.380840
1.383001
1.311386
1.156847
0.981664
0.836115
0.763781
0.741547
0.730211
0.696735
0.706190
0.855717
0.976907
1.086411
1.174823
1.229569
1.250665
1.239195
1.245788
1.341404
1.411440
1.425583
1.355767
1.199305
1.015998
0.911620
0.887142
0.877033
0.851773
0.790276
0.723397
0.831331
0.937434
1.029911
1.103768
1.153044
1.171890
1.157333
1.161793
1.265913
1.349155
1.380109
1.328924
1.184090
0.980937
0.808724
0.725181
0.702066
0.684876
0.642331
0.680912
0.864089
0.979032
1.114309
1.223970
1.261799
1.257486
1.218431
1.210056
1.307572
1.394147
1.432062
1.380242
1.225077
1.007103
0.810051
0.679110
0.623482
0.611522
0.586893
0.550055
0.729183
0.861755
0.981396
1.082886
1.160064
1.204365
1.214187
1.228387
1.317857
1.366684
1.355425
1.273702
1.114641
0.944790
0.819125
0.779790
0.777883
0.767550
0.730158
0.760431
0.946095
1.051902
1.141909
1.208885
1.244378
1.242723
1.211596
1.208926
1.308753
1.391952
1.424437
1.370507
1.216464
1.002760
0.814213
0.683956
0.636392
0.627579
0.606397
0.575391
0.748501
0.872399
0.986708
1.083639
1.156044
1.195434
1.200241
1.211825
1.304835
1.361935
1.359853
1.284293
1.126278
0.949283
0.813739
0.762096
0.751085
0.740473
0.706582
0.753563
0.921522
1.028268
1.124389
1.198505
1.242629
1.250828
1.226991
1.228217
1.328953
1.409989
1.436509
1.373729
1.211246
0.995946
0.816490
0.708371
0.666338
0.651501
0.621319
0.610707
0.827332
0.951233
1.060034
1.147740
1.206209
1.228731
1.216664
1.221794
1.316259
1.385306
1.401676
1.335642
1.178056
0.983662
0.843727
0.790219
0.774718
0.760163
0.710881
0.687649
0.896682
1.004907
1.103223
1.179637
1.225510
1.234634
1.211163
1.213694
1.311766
1.389848
1.416563
1.359810
1.207384
1.006541
0.838608
0.755739
0.727711
0.706699
0.662522
0.654047
0.830071
0.937734
1.044074
1.129962
1.187518
1.210270
1.199335
1.206633
1.303025
1.372149
1.388819
1.327243
1.178347
0.992392
0.864040
0.816188
0.795315
0.777646
0.719164
0.682430
0.809031
0.883456
1.001755
1.094843
1.161909
1.196657
1.198218
1.215362
1.313094
1.374780
1.380084
1.313664
1.166455
0.997095
0.882113
0.831141
0.802277
0.777157
0.726840
0.761119
0.913779
1.022375
1.116881
1.189685
1.231055
1.235237
1.211884
1.215788
1.322825
1.413628
1.450766
1.400579
1.252465
1.055977
0.938487
0.897913
0.881908
0.853196
0.789106
0.719742
0.776252
0.891416
0.989539
1.069683
1.125635
1.152313
1.146352
1.155598
1.262392
1.346249
1.377065
1.329942
1.192217
1.006564
0.863466
0.793401
0.761290
0.736242
0.685725
0.719195
0.882509
1.000548
1.106147
1.189373
1.238824
1.252202
1.232409
1.235306
1.331977
1.405630
1.426788
1.365155
1.210200
1.013759
0.853442
0.784936
0.759735
0.744580
0.697010
0.639943
0.788946
0.895731
1.001314
1.086084
1.145953
1.174576
1.170058
1.182348
1.279404
1.345134
1.359456
1.301816
1.160125
0.979770
0.830340
0.760004
0.733893
0.711310
0.661316
0.728990
0.890835
1.009740
1.109093
1.186106
1.233154
1.244256
1.224762
1.230712
1.327223
1.401731
1.422895
1.364637
1.215025
1.026441
0.908224
0.869933
0.846698
0.821907
0.757683
0.689673
0.803652
0.921686
1.022226
1.101612
1.152032
1.168784
1.151983
1.158749
1.265373
1.349138
1.381060
1.336091
1.201667
1.016617
0.855667
0.779277
0.756855
0.735829
0.687376
0.695367
0.845585
0.962711
1.068000
1.152848
1.205074
1.220916
1.202633
1.205613
1.302052
1.378045
1.405028
1.351258
1.207049
1.016197
0.864037
0.805091
0.786249
0.777691
0.726667
0.665953
0.785226
0.910215
1.020238
1.109996
1.172462
1.200356
1.193548
1.203507
1.303285
1.373439
1.388911
1.326682
1.182389
1.003692
0.863916
0.806077
0.786544
0.769453
0.721194
0.716949
0.881692
0.998654
1.098600
1.182766
1.234030
1.246867
1.226960
1.229032
1.324741
1.398425
1.421080
1.361861
1.214383
1.027164
0.873632
0.815257
0.797585
0.785698
0.739429
0.683061
0.796252
0.919211
1.026913
1.114605
1.178258
1.209656
1.206379
1.218331
1.323164
1.397218
1.412625
1.345796
1.196427
1.018825
0.896646
0.849266
0.827604
0.810133
0.754840
0.727954
0.926492
1.054905
1.158540
1.236692
1.278552
1.280403
1.252116
1.222050
1.324451
1.412207
1.450173
1.403609
1.250545
1.040744
0.860708
0.725781
0.673722
0.669824
0.658718
0.636613
0.773938
0.900014
1.005855
1.092606
1.155958
1.189403
1.191176
1.180353
1.288351
1.365963
1.387319
1.331563
1.183974
0.997062
0.838994
0.749605
0.718806
0.706224
0.673709
0.657931
0.841490
0.946400
1.053539
1.139969
1.197523
1.219644
1.208901
1.188693
1.289923
1.367128
1.393464
1.339297
1.194117
1.002896
0.840740
0.761445
0.731654
0.718274
0.678930
0.630536
0.816275
0.893205
0.929760
1.087974
1.222700
1.254912
1.252106
1.230922
1.333719
1.419641
1.451544
1.392988
1.228252
1.012683
0.830795
0.699310
0.645064
0.635925
0.614575
0.613045
0.825529
0.957440
1.070832
1.163098
1.225021
1.250387
1.241753
1.222536
1.320808
1.394434
1.415116
1.351574
1.195480
0.999330
0.836329
0.767576
0.747567
0.740708
0.704378
0.659000
0.789330
0.918512
1.045708
1.147250
1.194283
1.202818
1.174882
1.143113
1.243508
1.337948
1.389371
1.356217
1.221165
1.016267
0.824466
0.703976
0.659354
0.646992
0.619197
0.589469
0.768636
0.899582
1.016411
1.116354
1.189034
1.225641
1.226467
1.213126
1.313600
1.382463
1.397280
1.334002
1.180641
0.996545
0.841164
0.762501
0.738929
0.734155
0.711040
0.675548
0.838152
0.942918
1.053384
1.142647
1.204282
1.231102
1.224797
1.208182
1.310850
1.387210
1.411042
1.354956
1.208231
1.021845
0.864345
0.775772
0.735989
0.721368
0.689805
0.648148
0.843593
0.972376
1.076864
1.159791
1.208670
1.221598
1.200906
1.174018
1.278283
1.369130
1.411168
1.368946
1.227999
1.028243
0.853463
0.755953
0.715555
0.702653
0.667747
0.621652
0.814686
0.941843
1.042453
1.124605
1.180135
1.200414
1.184746
1.158077
1.260096
1.346778
1.387848
1.347325
1.211179
1.008484
0.828017
0.721492
0.685651
0.673541
0.642288
0.635807
0.826879
0.951853
1.061208
1.151091
1.212634
1.238160
1.228341
1.207478
1.305518
1.379964
1.407057
1.354316
1.205545
1.008554
0.842157
0.759295
0.733841
0.724558
0.695822
0.657034
0.792095
0.913092
1.021574
1.111060
1.175469
1.207517
1.205628
1.190888
1.296104
1.374421
1.401553
1.349699
1.205776
1.016520
0.855620
0.764234
0.719622
0.704336
0.673977
0.680993
0.848516
0.962989
1.072290
1.160556
1.218600
1.240235
1.227482
1.204217
1.307714
1.392150
1.426447
1.376913
1.233566
1.039809
0.895520
0.841346
0.827455
0.818894
0.767416
0.707731
0.797099
0.913612
1.020005
1.109211
1.174133
1.205548
1.200690
1.183351
1.288378
1.370678
1.403292
1.357776
1.219872
1.030198
0.866566
0.776186
0.739842
0.727978
0.696985
0.698662
0.871867
0.980786
1.092894
1.184202
1.243579
1.267342
1.257833
1.238451
1.340229
1.418358
1.445572
1.390711
1.244793
1.054636
0.916240
0.862102
0.836612
0.826345
0.775362
0.715067
0.840654
0.962841
1.069652
1.156814
1.216020
1.239678
1.228298
1.205798
1.311584
1.399729
1.439693
1.399193
1.262947
1.073039
0.907171
0.817699
0.777958
0.760798
0.724469
0.678078
0.801075
0.923592
1.027759
1.120240
1.185922
1.217897
1.215765
1.202719
1.311752
1.392515
1.420533
1.370209
1.231931
1.050970
0.899789
0.816603
0.777460
0.756686
0.718919
0.669418
0.839264
0.960611
1.071527
1.161424
1.216918
1.235090
1.218995
1.194943
1.300321
1.390853
1.433454
1.394666
1.261344
1.072084
0.934480
0.881096
0.864013
0.850318
0.791098
0.730944
0.814619
0.927460
1.029750
1.114351
1.173175
1.197840
1.186916
1.164391
1.269993
1.357090
1.397563
1.360348
1.230153
1.039765
0.868306
0.764190
0.713292
0.694343
0.659097
0.688435
0.840995
0.946403
1.058527
1.150448
1.211318
1.237343
1.229278
1.209988
1.317503
1.403128
1.438571
1.393447
1.255445
1.070579
0.955918
0.919595
0.908635
0.890843
0.830812
0.769041
0.846060
0.974390
1.106010
1.216000
1.251238
1.251388
1.214648
1.192816
1.295462
1.396778
1.456150
1.428766
1.295683
1.085804
0.879899
0.730310
0.641102
0.628635
0.616274
0.601987
0.781675
0.913501
1.038604
1.145661
1.225209
1.269368
1.279090
1.266003
1.360047
1.417983
1.422151
1.350833
1.194756
1.011950
0.856896
0.774267
0.745909
0.742216
0.720473
0.687155
0.821912
0.955698
1.074059
1.169226
1.231687
1.262263
1.258573
1.242564
1.342905
1.417096
1.442370
1.388702
1.245183
1.057533
0.910094
0.830249
0.789209
0.770339
0.733840
0.687215
0.847389
0.958380
1.070625
1.163795
1.226514
1.254398
1.247530
1.228656
1.339796
1.430112
1.468875
1.424518
1.285791
1.111546
1.003391
0.955919
0.929681
0.898384
0.834527
0.763688
0.832165
0.946264
1.048217
1.133422
1.192492
1.217751
1.207230
1.184129
1.292041
1.386071
1.433398
1.399482
1.268626
1.076895
0.920047
0.830468
0.785232
0.759521
0.716495
0.673344
0.831209
0.944704
1.058790
1.156117
1.225367
1.258641
1.255616
1.239244
1.346721
1.429157
1.459011
1.407478
1.265147
1.095690
0.984632
0.929904
0.892407
0.862393
0.806043
0.740824
0.864868
0.904732
1.009537
1.132424
1.203866
1.239351
1.238812
1.222243
1.333170
1.419805
1.454738
1.410358
1.273216
1.116237
1.013456
0.954514
0.911879
0.872920
0.816467
0.754970
0.869796
0.986344
1.090150
1.174078
1.230686
1.252087
1.238396
1.214445
1.297088
1.399994
1.458981
1.430199
1.298078
1.091864
0.901490
0.781057
0.714794
0.691942
0.660948
0.658017
0.809960
0.906396
1.018120
1.120130
1.195479
1.238358
1.245464
1.230369
1.318712
1.413651
1.455814
1.415140
1.277691
1.086670
0.949163
0.871884
0.831648
0.806939
0.769554
0.724782
0.897350
1.015247
1.116320
1.196890
1.247983
1.261800
1.240565
1.210645
1.289935
1.397350
1.464390
1.444598
1.317595
1.110095
0.914656
0.783865
0.718654
0.700148
0.673244
0.638466
0.803942
0.920973
1.051028
1.152084
1.224472
1.261526
1.262272
1.245102
1.330516
1.422388
1.464663
1.424592
1.286718
1.092766
0.942071
0.855545
0.810518
0.787076
0.754056
0.711385
0.879878
0.991837
1.098237
1.182918
1.239935
1.261306
1.247731
1.224120
1.308368
1.410214
1.466898
1.435642
1.301710
1.093228
0.901492
0.772083
0.700350
0.678461
0.651389
0.636877
0.799668
0.926275
1.043090
1.141159
1.212886
1.249386
1.249532
1.233560
1.322176
1.419316
1.466205
1.427509
1.289653
1.092545
0.950927
0.872506
0.830488
0.805841
0.766831
0.719583
0.844963
0.950080
1.058742
1.147863
1.211095
1.240236
1.233992
1.215420
1.302344
1.403650
1.458764
1.427628
1.295649
1.096366
0.945445
0.861009
0.812825
0.786506
0.738645
0.681344
0.841591
0.949876
1.070798
1.166748
1.233828
1.266088
1.261835
1.241451
1.329361
1.433434
1.490132
1.460289
1.328693
1.147100
1.022120
0.955489
0.911503
0.875488
0.817495
0.755137
0.878762
0.997995
1.104231
1.190111
1.247029
1.266734
1.250312
1.222829
1.302019
1.405333
1.469926
1.452690
1.331474
1.133862
0.945174
0.821148
0.758099
0.737831
0.711430
0.673807
0.841597
0.958090
1.073906
1.171128
1.242196
1.278232
1.278205
1.260231
1.347399
1.445405
1.494161
1.458026
1.322649
1.140032
1.012599
0.942781
0.898539
0.865614
0.814860
0.757621
0.935579
1.054609
1.152524
1.229402
1.274848
1.282908
1.255156
1.219818
1.296888
1.409149
1.485790
1.474414
1.350999
1.139432
0.927906
0.769776
0.683542
0.665790
0.647844
0.617414
0.761540
0.837273
0.958798
1.075963
1.170806
1.232571
1.258855
1.257083
1.343820
1.416179
1.428296
1.365794
1.222678
1.044887
0.913923
0.839396
0.803181
0.787511
0.759422
0.718797
0.898828
1.020803
1.128562
1.216959
1.275101
1.297567
1.284429
1.259557
1.340339
1.436960
1.493274
1.469613
1.345268
1.149836
1.006209
0.932763
0.899501
0.870367
0.818229
0.756997
0.834869
0.947709
1.058547
1.153019
1.216272
1.248165
1.243728
1.225890
1.311816
1.407826
1.461362
1.440393
1.327778
1.146719
1.024743
0.951248
0.912579
0.873652
0.824427
0.767388
0.874927
0.972061
1.072944
1.155060
1.209253
1.230019
1.216546
1.192382
1.273322
1.373876
1.434789
1.417519
1.303033
1.116216
0.960680
0.874834
0.833982
0.807434
0.752167
0.688022
0.766167
0.913283
1.008312
1.098782
1.164371
1.195652
1.189134
1.169548
1.254843
1.348372
1.400582
1.380154
1.270507
1.093877
0.922918
0.813803
0.762450
0.746785
0.712641
0.662347
0.783863
0.907431
1.016548
1.109397
1.178021
1.215814
1.222677
1.210398
1.301084
1.402160
1.450554
1.432316
1.311146
1.132127
0.987176
0.914834
0.884865
0.858344
0.802166
0.739840
0.906222
1.018425
1.109352
1.178454
1.218184
1.220108
1.188129
1.160257
1.247950
1.348951
1.416290
1.408958
1.302497
1.109832
0.905362
0.752055
0.657842
0.641818
0.625722
0.595526
0.723035
0.854342
0.976535
1.082257
1.166235
1.219496
1.238158
1.228755
1.309490
1.382458
1.407311
1.364086
1.234048
1.054878
0.893614
0.782629
0.741193
0.736740
0.717298
0.681476
0.827756
0.981473
1.091321
1.181483
1.243442
1.269509
1.259065
1.236269
1.314726
1.400642
1.447844
1.420323
1.294391
1.098917
0.917479
0.805748
0.759887
0.750289
0.727743
0.690869
0.786384
0.921304
1.037570
1.135107
1.206926
1.244029
1.244945
1.232757
1.320870
1.409389
1.450263
1.414976
1.287024
1.104307
0.951806
0.868451
0.834422
0.814735
0.781752
0.738981
0.826307
0.939494
1.049285
1.141764
1.205104
1.234929
1.229630
1.213254
1.302608
1.403147
1.458787
1.437407
1.318693
1.134654
1.007395
0.952758
0.935794
0.914472
0.856116
0.794966
0.816901
0.949301
1.055154
1.142917
1.201821
1.224429
1.209746
1.183787
1.266938
1.372656
1.439162
1.427627
1.319593
1.137061
0.987452
0.907739
0.877397
0.849584
0.798069
0.740433
0.817341
0.950419
1.062041
1.153504
1.217130
1.244389
1.234463
1.212085
1.297376
1.392915
1.445111
1.419577
1.301791
1.117833
0.965205
0.878235
0.841318
0.818215
0.780945
0.732872
0.854399
0.982500
1.077017
1.180289
1.238242
1.258137
1.241274
1.213408
1.294755
1.395213
1.455754
1.438537
1.325622
1.139288
1.006727
0.944794
0.928493
0.913269
0.858034
0.796257
0.734088
0.850259
0.952468
1.044728
1.113047
1.151305
1.158869
1.138424
1.228091
1.331904
1.388931
1.370340
1.259577
1.081629
0.924346
0.853604
0.846819
0.833735
0.776688
0.708939
0.838383
0.960419
1.075318
1.164116
1.225857
1.251488
1.239931
1.216503
1.292083
1.370732
1.410244
1.376811
1.247853
1.049334
0.863744
0.729230
0.667868
0.668217
0.661904
0.645323
0.809079
0.918966
1.037168
1.133777
1.207043
1.249371
1.258277
1.248750
1.331819
1.408663
1.435379
1.389196
1.248606
1.069131
0.907687
0.812084
0.778479
0.770558
0.745829
0.707814
0.798675
0.945709
1.049732
1.134583
1.195802
1.225584
1.220877
1.203081
1.284654
1.372827
1.419183
1.389570
1.261697
1.062951
0.878093
0.744031
0.683341
0.675657
0.656946
0.651306
0.808382
0.914908
1.032496
1.129824
1.202194
1.241678
1.247128
1.239390
1.327863
1.413617
1.447018
1.400125
1.257668
1.069365
0.903423
0.809035
0.764259
0.747974
0.719336
0.679231
0.811492
0.947186
1.054026
1.140785
1.200293
1.224264
1.212747
1.190812
1.274176
1.375076
1.432512
1.405375
1.276772
1.081956
0.902967
0.791965
0.739750
0.718777
0.687847
0.646018
0.769318
0.893395
1.007285
1.103736
1.175926
1.214449
1.216446
1.202202
1.291134
1.384686
1.427774
1.390266
1.256773
1.066145
0.898304
0.801861
0.757805
0.741479
0.713093
0.672416
0.852071
0.978437
1.080327
1.164053
1.218999
1.237325
1.220101
1.192701
1.271717
1.371795
1.430787
1.406765
1.281028
1.084906
0.902651
0.809183
0.770127
0.759981
0.718760
0.665677
0.795182
0.933817
1.042231
1.132917
1.196644
1.223873
1.213642
1.190486
1.301428
1.393868
1.438454
1.400765
1.267084
1.074110
0.917275
0.833984
0.795561
0.775611
0.735959
0.687158
0.813311
0.851642
0.987841
1.110718
1.185020
1.228781
1.237213
1.229071
1.339188
1.414640
1.433044
1.376446
1.228969
1.057562
0.935883
0.869782
0.838079
0.814648
0.774448
0.723647
0.838675
0.953895
1.055682
1.141423
1.199336
1.222384
1.210981
1.188111
1.301497
1.401124
1.448857
1.410607
1.275583
1.082025
0.963305
0.918207
0.907170
0.881942
0.814413
0.741472
0.812232
0.934906
1.036543
1.119062
1.174440
1.193768
1.176024
1.147591
1.251770
1.342905
1.391074
1.360461
1.234990
1.040122
0.861191
0.748469
0.704574
0.696981
0.673604
0.661566
0.837355
0.936816
1.057683
1.157664
1.230359
1.268239
1.271091
1.261285
1.363267
0.906486
0.941584
0.963011
0.962272
0.962528
0.963789
0.966068
0.926227
0.800120
0.671481
0.575911
0.513900
0.472146
0.444518
0.428418
0.420524
0.415678
0.411788
0.410381
0.425608
0.472675
0.507638
0.548411
0.598930
0.651284
0.699034
0.734837
0.776241
0.818322
0.844741
0.858647
0.866519
0.879611
1.016382
1.163373
1.215104
1.176127
1.086577
0.984482
0.886984
0.801333
0.714020
0.654768
0.630311
0.635878
0.652068
0.742156
0.826188
0.904211
0.974471
1.036858
1.089552
1.130568
1.286624
1.415754
1.449488
1.399756
1.263963
1.089378
0.924113
0.792680
0.672054
0.624994
0.677199
0.822789
0.969843
1.076125
1.171660
1.250311
1.312650
1.355107
1.375972
1.379240
1.510874
1.606609
1.596975
1.533451
1.434298
1.314629
1.193228
1.042433
0.911583
0.833736
0.761773
0.862197
0.998335
1.093821
1.181505
1.252285
1.303961
1.331927
1.335788
1.322988
1.451678
1.555311
1.565984
1.506597
1.403507
1.283851
1.192954
1.084697
0.970928
0.881178
0.794626
0.783812
0.930446
1.024344
1.113204
1.186285
1.241709
1.276037
1.287054
1.279135
1.400501
1.493136
1.497517
1.421683
1.297837
1.159613
1.066031
0.981829
0.901238
0.825028
0.738664
0.795605
0.940112
1.026460
1.105627
1.167585
1.210558
1.236601
1.246771
1.240383
1.360530
1.446618
1.463064
1.394500
1.248013
1.092854
0.990609
0.915146
0.858443
0.794178
0.705812
0.832976
0.963963
1.041711
1.110618
1.160366
1.189563
1.199026
1.190539
1.175490
1.303954
1.419579
1.460048
1.401297
1.282511
1.160287
1.103921
1.080955
1.039853
0.952046
0.837553
0.721972
0.861004
0.943340
1.016397
1.080608
1.123692
1.149803
1.156260
1.143098
1.263432
1.360945
1.399708
1.356159
1.220711
1.043040
0.907567
0.824758
0.783015
0.736694
0.725002
0.854324
0.972858
1.049374
1.114098
1.160505
1.185924
1.191442
1.179588
1.162514
1.282148
1.393111
1.447337
1.403510
1.262492
1.062437
0.916573
0.861617
0.837404
0.787808
0.698266
0.727880
0.842768
0.922736
0.991240
1.046622
1.084630
1.105264
1.109754
1.098380
1.199540
1.322739
1.387640
1.361421
1.236213
1.072308
0.954088
0.881386
0.840980
0.785257
0.711106
0.787611
0.902332
0.981756
1.048402
1.096667
1.125045
1.135099
1.128076
1.108061
1.198200
1.299714
1.351936
1.327787
1.206714
1.018797
0.867616
0.791503
0.768098
0.726470
0.641651
0.686304
0.804458
0.887908
0.957817
1.013114
1.050336
1.069526
1.071706
1.058239
1.153661
1.259940
1.315328
1.289291
1.173107
0.992716
0.829197
0.744864
0.709051
0.668882
0.632044
0.757319
0.871138
0.948460
1.010274
1.056136
1.083112
1.091628
1.082512
1.062353
1.155121
1.267894
1.335021
1.316617
1.198354
1.007318
0.829269
0.743875
0.709683
0.679373
0.615777
0.727827
0.836954
0.913156
0.977789
1.027123
1.058390
1.071836
1.068239
1.049885
1.145735
1.259242
1.321044
1.298038
1.177878
0.986836
0.821894
0.735914
0.699776
0.664233
0.600157
0.700708
0.816499
0.896299
0.961299
1.010324
1.041050
1.053502
1.048602
1.029319
1.125385
1.240334
1.304468
1.282790
1.164988
0.974979
0.803330
0.711322
0.670393
0.634806
0.572805
0.655709
0.775043
0.856804
0.924550
0.975881
1.008875
1.023408
1.019902
1.002687
1.101113
1.224025
1.300398
1.283975
1.167011
0.998956
0.862520
0.795288
0.759660
0.712852
0.640044
0.706998
0.820076
0.897931
0.964031
1.014482
1.047286
1.062654
1.061200
1.044493
1.142552
1.259740
1.324250
1.306396
1.190365
1.013738
0.867219
0.782724
0.741226
0.693451
0.638823
0.765955
0.877115
0.954592
1.021300
1.070126
1.099694
1.111148
1.105514
1.086859
1.177200
1.275252
1.326318
1.306045
1.191184
1.007356
0.860665
0.791620
0.775704
0.737489
0.652674
0.683353
0.799562
0.881706
0.948912
1.001681
1.036256
1.052307
1.050673
1.034564
1.127483
1.234242
1.294434
1.276950
1.169760
0.994727
0.820280
0.723794
0.679254
0.642744
0.603936
0.735304
0.851513
0.931925
0.997571
1.047167
1.077876
1.090543
1.086220
1.067308
1.159204
1.262823
1.318452
1.292022
1.172464
0.984644
0.804076
0.710501
0.671648
0.637320
0.575911
0.654344
0.772149
0.851306
0.917497
0.968059
1.000443
1.014351
1.010059
0.991621
1.088499
1.213544
1.299160
1.290458
1.182327
1.023691
0.896742
0.836274
0.799097
0.748845
0.675712
0.709029
0.817470
0.893147
0.959483
1.010340
1.043843
1.060120
1.059601
1.043753
1.141871
1.260803
1.328298
1.314275
1.200584
1.022182
0.867931
0.770370
0.715787
0.672014
0.632192
0.763934
0.880054
0.960361
1.027653
1.076795
1.106522
1.118222
1.112816
1.094818
1.186392
1.288995
1.343314
1.323473
1.205400
1.017856
0.871723
0.802868
0.786445
0.748255
0.661741
0.684845
0.803977
0.887220
0.956697
1.011857
1.049092
1.068648
1.071601
1.058656
1.150713
1.247651
1.292405
1.269309
1.160011
0.986141
0.856077
0.795926
0.784674
0.743186
0.655010
0.714313
0.845938
0.925044
0.997215
1.046906
1.077407
1.089687
1.084572
1.065136
1.151770
1.240008
1.282129
1.263426
1.160818
0.990466
0.834371
0.761347
0.747999
0.710179
0.625493
0.703316
0.817761
0.890969
0.950770
0.994924
1.019439
1.024472
1.010938
0.992163
1.091407
1.213816
1.289199
1.275784
1.168676
0.998540
0.861949
0.805580
0.778305
0.734981
0.658342
0.650545
0.769863
0.849500
0.919698
0.975685
1.014727
1.036449
1.041067
1.028433
1.130080
1.253781
1.321582
1.307297
1.192442
1.023703
0.879645
0.785524
0.730464
0.688963
0.644781
0.768591
0.878630
0.957243
1.026038
1.075487
1.105436
1.117301
1.111945
1.094193
1.185970
1.291196
1.347304
1.327758
1.209625
1.020919
0.852607
0.761275
0.726515
0.687470
0.612281
0.649294
0.770368
0.856144
0.929577
0.988766
1.030382
1.054268
1.061222
1.052195
1.149469
1.259604
1.318132
1.297841
1.188286
1.010139
0.864747
0.787606
0.753326
0.708819
0.652134
0.777887
0.888373
0.965771
1.032901
1.083848
1.115690
1.130059
1.128073
1.111175
1.202829
1.300386
1.348365
1.324889
1.207185
1.020049
0.848278
0.752044
0.721041
0.684205
0.610181
0.698268
0.822841
0.889039
0.958974
1.012711
1.047982
1.065710
1.066991
1.052391
1.148386
1.268049
1.330926
1.302742
1.180847
0.991181
0.828916
0.749142
0.718276
0.676799
0.605011
0.679202
0.798106
0.878834
0.947580
1.001067
1.036893
1.054974
1.056168
1.041800
1.141803
1.268245
1.342125
1.328801
1.211910
1.045269
0.912830
0.827999
0.781336
0.730562
0.663288
0.739730
0.858958
0.941717
1.013672
1.067501
1.102024
1.118956
1.119849
1.105196
1.199060
1.300034
1.348684
1.321729
1.201561
1.011287
0.849316
0.759862
0.728341
0.688162
0.615735
0.746452
0.865921
0.951308
1.021825
1.076081
1.111113
1.127757
1.127213
1.111655
1.202784
1.308596
1.365992
1.338804
1.215762
1.024897
0.840183
0.707589
0.645813
0.614371
0.562588
0.653675
0.786389
0.883580
0.964439
1.029781
1.076510
1.105374
1.118029
1.115817
1.213192
1.325508
1.372242
1.323734
1.180998
0.990012
0.826136
0.733031
0.694038
0.661556
0.605558
0.691147
0.815688
0.903746
0.978171
1.036648
1.076851
1.099112
1.105094
1.095411
1.192572
1.309181
1.366066
1.333854
1.204929
1.044080
0.941931
0.904251
0.893272
0.841757
0.748431
0.782492
0.896598
0.977760
1.047060
1.101071
1.136951
1.156034
1.156929
1.139935
1.224452
1.313504
1.357394
1.331493
1.216444
1.024654
0.838579
0.724337
0.687913
0.667387
0.645998
0.782199
0.907990
0.996991
1.065980
1.116038
1.144666
1.153286
1.143866
1.127775
1.220009
1.344535
1.411402
1.379306
1.250651
1.054739
0.917215
0.865041
0.845678
0.798506
0.717752
0.627494
0.732239
0.827327
0.916999
0.995216
1.058188
1.102799
1.124432
1.123623
1.221548
1.342845
1.406995
1.363307
1.232649
1.084485
0.975108
0.903736
0.857255
0.800522
0.730200
0.766706
0.881089
0.964978
1.038881
1.095027
1.132031
1.152105
1.156500
1.144992
1.236185
1.332009
1.376987
1.343059
1.217609
1.021264
0.854665
0.752379
0.709539
0.682070
0.666393
0.802480
0.927831
1.014049
1.078770
1.126096
1.153051
1.160192
1.149666
1.132847
1.229968
1.370185
1.453642
1.427581
1.298297
1.116402
0.983947
0.926449
0.892013
0.836503
0.756917
0.704659
0.844119
0.924734
1.008879
1.076956
1.128936
1.160666
1.167638
1.153018
1.245670
1.360743
1.415990
1.377523
1.245118
1.079446
0.964599
0.894549
0.857530
0.802507
0.727400
0.759071
0.879161
0.964028
1.037381
1.093407
1.129948
1.148355
1.150217
1.136209
1.226886
1.320908
1.364212
1.335577
1.218896
1.036571
0.899226
0.825662
0.805678
0.761832
0.682413
0.772740
0.897560
0.984507
1.053880
1.106224
1.138532
1.151758
1.146999
1.130735
1.222075
1.330388
1.392224
1.370229
1.254959
1.067659
0.895361
0.808395
0.777255
0.735248
0.661197
0.780792
0.896611
0.979665
1.049446
1.104815
1.141333
1.160050
1.162497
1.149377
1.240751
1.343431
1.393471
1.366568
1.247061
1.065476
0.937873
0.883678
0.880693
0.836906
0.748601
0.818743
0.937261
1.020057
1.088429
1.140556
1.173317
1.187941
1.185783
1.168146
1.252646
1.340204
1.383554
1.360510
1.249945
1.065075
0.892574
0.795201
0.772785
0.743690
0.665749
0.791274
0.910550
0.996429
1.065690
1.118179
1.150800
1.163353
1.157281
1.141390
1.227527
1.330232
1.384060
1.356350
1.241259
1.057520
0.882016
0.800495
0.775178
0.737815
0.666440
0.746724
0.869152
0.956005
1.025369
1.081969
1.120136
1.140125
1.143685
1.131444
1.225769
1.341588
1.402824
1.379756
1.257861
1.112909
1.023612
0.998744
0.992850
0.936713
0.840585
0.832402
0.948715
1.024743
1.091961
1.145118
1.180391
1.197981
1.195566
1.174120
1.255836
1.346625
1.396219
1.375119
1.260274
1.063511
0.863444
0.742682
0.699801
0.678362
0.617766
0.737377
0.870153
0.968471
1.048406
1.111813
1.155139
1.179574
1.187009
1.178412
1.265914
1.359373
1.401322
1.361912
1.234938
1.049490
0.921212
0.879421
0.876374
0.837457
0.748355
0.780063
0.893396
0.978463
1.046161
1.100978
1.137350
1.156222
1.159079
1.146455
1.210283
1.312836
1.370718
1.359693
1.254620
1.069725
0.899974
0.798464
0.767384
0.734682
0.672372
0.757143
0.873459
0.966115
1.042145
1.101164
1.140925
1.162402
1.167222
1.156350
1.219226
1.318478
1.374747
1.354922
1.241029
1.055678
0.877517
0.769004
0.731005
0.698595
0.637415
0.680584
0.805084
0.904441
0.979929
1.040835
1.083491
1.107751
1.115008
1.106330
1.173913
1.287215
1.353214
1.337005
1.225877
1.042185
0.866289
0.755952
0.709229
0.674859
0.618507
0.673388
0.796244
0.896007
0.972943
1.034558
1.077904
1.103065
1.111592
1.104735
1.172253
1.284290
1.344263
1.323504
1.209528
1.022329
0.864231
0.777893
0.748913
0.711968
0.643201
0.734696
0.846738
0.934414
1.004378
1.059025
1.095298
1.113585
1.115239
1.100962
1.165637
1.272710
1.335130
1.328498
1.229683
1.051180
0.904769
0.830938
0.820180
0.784596
0.703868
0.748067
0.864048
0.954206
1.022658
1.075692
1.109787
1.125370
1.123384
1.106049
1.169345
1.271514
1.336656
1.335695
1.241926
1.064966
0.871914
0.741287
0.693982
0.665382
0.608386
0.694240
0.815578
0.913280
0.992987
1.057170
1.102511
1.129668
1.140063
1.135101
1.200008
1.302583
1.357125
1.333375
1.220511
1.037570
0.865941
0.769119
0.739678
0.708135
0.645468
0.732601
0.846706
0.935390
1.005688
1.061700
1.099272
1.118530
1.120446
1.106681
1.173276
1.286958
1.360412
1.355650
1.252151
1.067675
0.874612
0.750003
0.697186
0.668117
0.619172
0.691775
0.814569
0.914401
0.992302
1.055290
1.100061
1.127157
1.138202
1.134604
1.201908
1.309650
1.362355
1.339695
1.225097
1.040749
0.914771
0.862505
0.862292
0.827322
0.739003
0.739705
0.853055
0.940272
1.009217
1.063843
1.100302
1.118672
1.120317
1.105995
1.169237
1.266817
1.323390
1.318823
1.230618
1.058879
0.890449
0.793619
0.768030
0.737858
0.669295
0.752859
0.866973
0.954681
1.024413
1.075636
1.106184
1.116270
1.107365
1.091861
1.154309
1.269432
1.346001
1.345524
1.251236
1.076890
0.891776
0.792735
0.756525
0.719397
0.652957
0.698175
0.815204
0.906838
0.975054
1.031468
1.070469
1.091212
1.094793
1.082239
1.151433
1.276809
1.353861
1.353768
1.256838
1.103411
0.999096
0.960207
0.953918
0.907546
0.813288
0.811456
0.919382
0.998955
1.063936
1.116407
1.151842
1.170559
1.169275
1.147721
1.206355
1.308176
1.376871
1.381097
1.293652
1.111459
0.911848
0.782013
0.729228
0.709224
0.652608
0.788355
0.911945
1.006868
1.079578
1.133144
1.164860
1.175916
1.168255
1.152162
1.219181
1.343219
1.426001
1.421105
1.314071
1.139835
1.016341
0.978076
0.972404
0.927520
0.830441
0.722776
0.765457
0.867543
0.951246
1.024045
1.081761
1.122203
1.140140
1.134089
1.199541
1.316471
1.382050
1.365806
1.259232
1.108984
1.009467
0.955184
0.930523
0.873425
0.792112
0.836823
0.952424
1.038754
1.108918
1.159834
1.192103
1.205655
1.201388
1.183151
1.244872
1.347233
1.412390
1.408092
1.313055
1.132412
0.948357
0.825344
0.776413
0.747559
0.688056
0.745085
0.868891
0.962681
1.035210
1.090230
1.124967
1.139520
1.135252
1.121320
1.190674
1.320331
1.403799
1.393950
1.287653
1.137163
1.054697
1.031518
1.019258
0.963056
0.858878
0.744711
0.840268
0.950782
1.021850
1.082047
1.126557
1.153409
1.157170
1.136690
1.196423
1.305617
1.379568
1.385518
1.299564
1.119531
0.936785
0.818916
0.770910
0.738002
0.668712
0.772429
0.887984
0.975664
1.045315
1.096985
1.126127
1.134169
1.123392
1.107153
1.171635
1.295484
1.384038
1.392247
1.302614
1.126943
0.995348
0.940582
0.926101
0.884803
0.793384
0.688317
0.794089
0.919642
0.991976
1.053740
1.099542
1.128006
1.133504
1.114130
1.176321
1.288492
1.362242
1.365849
1.277633
1.096876
0.923824
0.818961
0.777251
0.740093
0.672227
0.758809
0.875877
0.964500
1.036334
1.090244
1.123659
1.136820
1.130936
1.115480
1.180777
1.294875
1.376851
1.385406
1.296272
1.117897
0.962719
0.884386
0.863510
0.826082
0.741593
0.699907
0.828293
0.920030
0.992549
1.051713
1.093577
1.117552
1.125238
1.116699
1.182619
1.286272
1.347789
1.343620
1.254481
1.078390
0.915735
0.810559
0.765751
0.734488
0.669224
0.794868
0.913269
1.000887
1.068393
1.115732
1.142602
1.148133
1.134529
1.115034
1.180882
1.302699
1.390266
1.399222
1.306261
1.141733
1.011919
0.968754
0.968288
0.930388
0.828883
0.715835
0.604358
0.713851
0.802773
0.884433
0.953882
1.005605
1.036683
1.044079
1.086596
1.214572
1.322503
1.366130
1.324230
1.208866
1.111852
1.048334
1.005956
0.947380
0.857017
0.758853
0.859499
0.944869
1.009268
1.057274
1.087428
1.099620
1.094725
1.074312
1.117614
1.231132
1.317949
1.340893
1.272721
1.105564
0.896358
0.732672
0.642936
0.618102
0.576264
0.642405
0.769731
0.875648
0.960811
1.028574
1.076691
1.105293
1.116210
1.110747
1.153789
1.276638
1.356956
1.354025
1.255375
1.098839
0.981084
0.927828
0.903511
0.856490
0.771795
0.675068
0.789544
0.885838
0.960211
1.021080
1.065770
1.093486
1.103502
1.093742
1.133443
1.254088
1.339145
1.352506
1.274178
1.097340
0.901682
0.757522
0.675726
0.652942
0.619844
0.737972
0.861296
0.961979
1.040632
1.100924
1.140821
1.161291
1.164079
1.152190
1.197001
1.325371
1.410603
1.415491
1.316025
1.153135
1.031293
0.979772
0.964807
0.923807
0.829731
0.720523
0.647791
0.802432
0.888318
0.961561
1.020926
1.064642
1.087524
1.086467
1.125617
1.250736
1.336072
1.343583
1.260780
1.113861
0.976937
0.880319
0.822364
0.770303
0.709087
0.793029
0.907989
1.001796
1.074274
1.129191
1.163784
1.179768
1.178784
1.162602
1.200676
1.315289
1.395105
1.405075
1.320115
1.141457
0.953774
0.839490
0.796745
0.754718
0.688857
0.697438
0.821331
0.924958
1.004452
1.067175
1.111797
1.137961
1.146962
1.139638
1.179519
1.293740
1.373837
1.380444
1.294164
1.119004
0.925336
0.762020
0.686896
0.657569
0.616705
0.661321
0.794677
0.910201
1.003134
1.080397
1.139514
1.181141
1.207448
1.219935
1.269205
1.373357
1.416605
1.381100
1.262628
1.083265
0.941303
0.850165
0.823942
0.791739
0.733142
0.733686
0.859675
0.966760
1.048945
1.114187
1.160457
1.188427
1.199810
1.195801
1.233291
1.336248
1.399844
1.390842
1.292916
1.113020
0.928845
0.789888
0.739378
0.713142
0.665086
0.712422
0.840069
0.947769
1.035783
1.108132
1.162210
1.198485
1.218995
1.225373
1.268897
1.367464
1.410845
1.381907
1.270264
1.086493
0.926606
0.828578
0.809699
0.783666
0.725867
0.730791
0.857019
0.964398
1.047506
1.114503
1.163075
1.193602
1.207766
1.207117
1.245689
1.344850
1.403713
1.388659
1.285129
1.106248
0.922550
0.784040
0.733226
0.710437
0.666011
0.720715
0.857356
0.970023
1.062140
1.137418
1.193296
1.230857
1.252290
1.259223
1.326038
1.415057
1.443801
1.399673
1.274155
1.104353
0.988495
0.928171
0.926567
0.883648
0.802262
0.810422
0.927580
1.016216
1.091802
1.151374
1.191211
1.212958
1.218550
1.208538
1.268798
1.367529
1.420606
1.405394
1.302218
1.117677
0.984734
0.922878
0.922490
0.884143
0.795158
0.749621
0.881485
0.980050
1.062811
1.125410
1.165479
1.187155
1.191366
1.178436
1.237018
1.323688
1.369959
1.354805
1.259253
1.087078
0.924413
0.823372
0.793980
0.768247
0.696968
0.824642
0.943446
1.030475
1.097024
1.143380
1.170568
1.176260
1.163286
1.145763
1.209675
1.330539
1.413561
1.412868
1.314753
1.126345
0.990548
0.944057
0.942127
0.903916
0.807246
0.696541
0.678225
0.811505
0.892911
0.963684
1.019320
1.057571
1.077412
1.074799
1.142138
1.270178
1.362669
1.367818
1.280400
1.141499
1.051407
1.002655
0.978611
0.925752
0.835001
0.804234
0.928605
1.005563
1.103621
1.178141
1.229486
1.220078
1.181251
1.133006
1.197624
1.310252
1.400698
1.417308
1.324819
1.130155
0.904507
0.717068
0.620146
0.590553
0.552823
0.490243
0.636713
0.753781
0.856619
0.940594
1.006718
1.055717
1.089272
1.108716
1.184208
1.281458
1.306223
1.257151
1.135983
0.968264
0.844776
0.782844
0.779976
0.754438
0.692154
0.758789
0.876650
0.967705
1.039531
1.093475
1.127582
1.142316
1.139012
1.121004
1.181125
1.282422
1.347146
1.339707
1.242201
1.066716
0.884330
0.778853
0.754654
0.723471
0.655833
0.700819
0.820326
0.913903
0.983354
1.040354
1.079703
1.100782
1.104094
1.091284
1.156669
1.271722
1.347507
1.347268
1.249322
1.069154
0.873866
0.731336
0.670258
0.647882
0.609428
0.673323
0.802432
0.908748
0.993568
1.062885
1.113750
1.147233
1.165126
1.169083
1.239936
1.345749
1.390471
1.356817
1.231247
1.041406
0.902220
0.827209
0.812719
0.777259
0.704225
0.722167
0.839478
0.932374
1.007060
1.066239
1.106958
1.129626
1.136008
1.126933
1.190109
1.290036
1.342971
1.327913
1.227287
1.053017
0.912019
0.839015
0.829101
0.786912
0.706433
0.752382
0.868622
0.957496
1.028439
1.083141
1.118379
1.135223
1.134918
1.118510
1.179625
1.281168
1.342236
1.333251
1.233490
1.056665
0.882453
0.795341
0.777960
0.745998
0.669660
0.723498
0.840844
0.933571
1.002265
1.056815
1.093021
1.110901
1.111380
1.095898
1.159317
1.266236
1.334085
1.330266
1.232146
1.049000
0.850557
0.704497
0.642235
0.617899
0.573783
0.646357
0.776299
0.883782
0.968558
1.037475
1.087812
1.120378
1.136889
1.139150
1.208284
1.312358
1.359033
1.324957
1.200241
1.011111
0.837767
0.906332
0.939138
0.971785
1.004495
1.022537
1.023899
1.026048
1.061518
1.081429
0.997411
0.867522
0.744517
0.626695
0.534760
0.465385
0.401233
0.377614
0.398028
0.427432
0.470915
0.516570
0.562452
0.611562
0.660047
0.705820
0.750995
0.797282
0.860722
0.929929
0.964134
0.984100
0.977218
0.942291
0.904553
0.866922
0.809494
0.727991
0.730660
0.793313
0.847504
0.888898
0.928621
0.967667
1.003165
1.034816
1.063419
1.090138
1.153552
1.214216
1.220945
1.210230
1.186513
1.139573
1.110846
1.078941
1.000414
0.882361
0.850409
0.912573
0.959532
0.992069
1.024846
1.057663
1.087268
1.113437
1.137096
1.159233
1.213559
1.264103
1.271692
1.264466
1.242474
1.190110
1.156574
1.107129
1.013534
0.887421
0.856770
0.918984
0.966896
0.999677
1.031664
1.063223
1.091274
1.115780
1.137599
1.157773
1.212283
1.262594
1.266730
1.255850
1.231030
1.175060
1.139441
1.098453
1.015224
0.894245
0.853352
0.915366
0.964829
0.998819
1.031964
1.064704
1.094227
1.120577
1.144669
1.167525
1.220098
1.268471
1.275602
1.261246
1.228447
1.164135
1.131851
1.081271
0.993488
0.871077
0.858668
0.920304
0.970365
0.991500
1.023955
1.055544
1.083330
1.107842
1.130219
1.151444
1.210885
1.267341
1.272405
1.260088
1.235075
1.174311
1.123566
1.073901
0.987950
0.861688
0.790952
0.853100
0.905644
0.944754
0.983720
