-1.876718
-1.920309
-1.919294
-1.912961
-1.900541
-1.882324
-1.856022
-1.816255
-1.777030
-1.733963
-1.684837
-1.632892
-1.580243
-1.522014
-1.457023
-1.380364
-1.294332
-1.281269
-1.312215
-1.435115
-1.562933
-1.664838
-1.732258
-1.756306
-1.711468
-1.628334
-1.521763
-1.438432
-1.372710
-1.394712
-1.447176
-1.483545
-1.505123
-1.511979
-1.502700
-1.481304
-1.447464
-1.444283
-1.536465
-1.680303
-1.833393
-1.925204
-1.974984
-1.945832
-1.892889
-1.826160
-1.744316
-1.662489
-1.647260
-1.685388
-1.717012
-1.730065
-1.732476
-1.729876
-1.716275
-1.688665
-1.645977
-1.618139
-1.611032
-1.736366
-1.897241
-2.025388
-2.094114
-2.070717
-2.019648
-1.948379
-1.853202
-1.798997
-1.802933
-1.865154
-1.916457
-1.943119
-1.950547
-1.937750
-1.898266
-1.837445
-1.759330
-1.745120
-1.846792
-1.979322
-2.124817
-2.205060
-2.209848
-2.145132
-2.072750
-1.991486
-1.911187
-1.848785
-1.799070
-1.841041
-1.887089
-1.913264
-1.921071
-1.904575
-1.861192
-1.797465
-1.716156
-1.701173
-1.803311
-1.940067
-2.082462
-2.165153
-2.168959
-2.099478
-2.017335
-1.924243
-1.836616
-1.769984
-1.719867
-1.772357
-1.813533
-1.840423
-1.852605
-1.840848
-1.801824
-1.743611
-1.668575
-1.648247
-1.740426
-1.876699
-2.028537
-2.134753
-2.165235
-2.110323
-2.034128
-1.946597
-1.848205
-1.788346
-1.751831
-1.814599
-1.858289
-1.888224
-1.902978
-1.892675
-1.853541
-1.794291
-1.719176
-1.689804
-1.793015
-1.924344
-2.072233
-2.171209
-2.186652
-2.119746
-2.043751
-1.947937
-1.851719
-1.796696
-1.760277
-1.796012
-1.846285
-1.884381
-1.907664
-1.903916
-1.870175
-1.811576
-1.733077
-1.700641
-1.778517
-1.918384
-2.071194
-2.177568
-2.197151
-2.122293
-2.026265
-1.925325
-1.826699
-1.774770
-1.806531
-1.849832
-1.883876
-1.906556
-1.914651
-1.902490
-1.862998
-1.802902
-1.728949
-1.710307
-1.804544
-1.941641
-2.081205
-2.195750
-2.234424
-2.184145
-2.109406
-1.997057
-1.860201
-1.808915
-1.778823
-1.792821
-1.834349
-1.875162
-1.896780
-1.887674
-1.845939
-1.778654
-1.691745
-1.656175
-1.743977
-1.898855
-2.058653
-2.172233
-2.187215
-2.113820
-2.006986
-1.884924
-1.786692
-1.740131
-1.783134
-1.825806
-1.861135
-1.888520
-1.902601
-1.898564
-1.868512
-1.815518
-1.747036
-1.730110
-1.803047
-1.951379
-2.089928
-2.207592
-2.250453
-2.208541
-2.130409
-2.018232
-1.889670
-1.847054
-1.828573
-1.864800
-1.903934
-1.927997
-1.935759
-1.914941
-1.863701
-1.789244
-1.696319
-1.662201
-1.752936
-1.905216
-2.060270
-2.173328
-2.175561
-2.093288
-1.978184
-1.846645
-1.731995
-1.681459
-1.726610
-1.757072
-1.780699
-1.800234
-1.809962
-1.803724
-1.774999
-1.724093
-1.655538
-1.645808
-1.715222
-1.859340
-2.001068
-2.116065
-2.167734
-2.146470
-2.066845
-1.948537
-1.838258
-1.803345
-1.836770
-1.854910
-1.867884
-1.859342
-1.837203
-1.797199
-1.733663
-1.653497
-1.560221
-1.529923
-1.611830
-1.762543
-1.924326
-2.064589
-2.118094
-2.094752
-2.015950
-1.906437
-1.772801
-1.712699
-1.723156
-1.767733
-1.802135
-1.830010
-1.845049
-1.836567
-1.801746
-1.742306
-1.664321
-1.638407
-1.729880
-1.884861
-2.040152
-2.161541
-2.200543
-2.147898
-2.069409
-1.959317
-1.812649
-1.756812
-1.769477
-1.818607
-1.855482
-1.886202
-1.903668
-1.896931
-1.862600
-1.802424
-1.721406
-1.685757
-1.773269
-1.921336
-2.083208
-2.211806
-2.236178
-2.164509
-2.070787
-1.947274
-1.816236
-1.782853
-1.836995
-1.866691
-1.891784
-1.910570
-1.918330
-1.906235
-1.868115
-1.804635
-1.722105
-1.699637
-1.806590
-1.964924
-2.113223
-2.220426
-2.253348
-2.205205
-2.121079
-1.997820
-1.870989
-1.874475
-1.887532
-1.890862
-1.891956
-1.884735
-1.866991
-1.831439
-1.768259
-1.686260
-1.592471
-1.579614
-1.680058
-1.834121
-1.994442
-2.130829
-2.185975
-2.171830
-2.116529
-2.000305
-1.853552
-1.795048
-1.758326
-1.793498
-1.832263
-1.854686
-1.861364
-1.842372
-1.796723
-1.729179
-1.639791
-1.603689
-1.687336
-1.848154
-2.010914
-2.151459
-2.187060
-2.115786
-1.998366
-1.863767
-1.767085
-1.802863
-1.835815
-1.855808
-1.872103
-1.880851
-1.877259
-1.855558
-1.808169
-1.740469
-1.657629
-1.649427
-1.744538
-1.898958
-2.048951
-2.166547
-2.218110
-2.211200
-2.144572
-2.026016
-1.902296
-1.862305
-1.866956
-1.900931
-1.925676
-1.927549
-1.912974
-1.873975
-1.809276
-1.724485
-1.621052
-1.579360
-1.658720
-1.808289
-1.968313
-2.110982
-2.143373
-2.097605
-1.998783
-1.870339
-1.761072
-1.707433
-1.721274
-1.779490
-1.825577
-1.860302
-1.883317
-1.881902
-1.852997
-1.797295
-1.719547
-1.680710
-1.742495
-1.898032
-2.058867
-2.198669
-2.245731
-2.173380
-2.076611
-1.962072
-1.827764
-1.780102
-1.831059
-1.875282
-1.910964
-1.938484
-1.951316
-1.939183
-1.898175
-1.831240
-1.743564
-1.700110
-1.769094
-1.923755
-2.086357
-2.219212
-2.271782
-2.213095
-2.114961
-1.997082
-1.866994
-1.873798
-1.907347
-1.926811
-1.940417
-1.945086
-1.938441
-1.910263
-1.854100
-1.773863
-1.674773
-1.641860
-1.755035
-1.907326
-2.070619
-2.208936
-2.251099
-2.205786
-2.116896
-1.993397
-1.860905
-1.852563
-1.876492
-1.886520
-1.891588
-1.888188
-1.872963
-1.837827
-1.775405
-1.691825
-1.592315
-1.579086
-1.687214
-1.843647
-2.003534
-2.137099
-2.194259
-2.190383
-2.123846
-1.998969
-1.859714
-1.801393
-1.767936
-1.808262
-1.839099
-1.849425
-1.842843
-1.810244
-1.749774
-1.667045
-1.561617
-1.525894
-1.621970
-1.778124
-1.939888
-2.089916
-2.140984
-2.098047
-1.996949
-1.860974
-1.742753
-1.725044
-1.772047
-1.796511
-1.813370
-1.822929
-1.818902
-1.790844
-1.736143
-1.659433
-1.564016
-1.546289
-1.641231
-1.796235
-1.955676
-2.094979
-2.162316
-2.156178
-2.086848
-1.958094
-1.821844
-1.774139
-1.749375
-1.791655
-1.819391
-1.824767
-1.812670
-1.775123
-1.709569
-1.621246
-1.511951
-1.470241
-1.555359
-1.711827
-1.874902
-2.029991
-2.089137
-2.060525
-1.967396
-1.847225
-1.739550
-1.681357
-1.663521
-1.712689
-1.768535
-1.811330
-1.838816
-1.840251
-1.810287
-1.754169
-1.673317
-1.597606
-1.642177
-1.803382
-1.969599
-2.114537
-2.211050
-2.159244
-2.009900
-1.872819
-1.867777
-1.891984
-1.888776
-1.875366
-1.857959
-1.831884
-1.802346
-1.754382
-1.680978
-1.586182
-1.473680
-1.402751
-1.515282
-1.680568
-1.846834
-2.005025
-2.104617
-2.158021
-2.100380
-1.953782
-1.838223
-1.798929
-1.853883
-1.883306
-1.902181
-1.899037
-1.879152
-1.837961
-1.771226
-1.683100
-1.577551
-1.506181
-1.554061
-1.716194
-1.880644
-2.040021
-2.134938
-2.125993
-2.043858
-1.924715
-1.785587
-1.727725
-1.751730
-1.803465
-1.839600
-1.864955
-1.875835
-1.855345
-1.800217
-1.718534
-1.613201
-1.537717
-1.624237
-1.787177
-1.951907
-2.101896
-2.183554
-2.142870
-2.033911
-1.908014
-1.783712
-1.729723
-1.781007
-1.831748
-1.869947
-1.899531
-1.916181
-1.903309
-1.859934
-1.787439
-1.691738
-1.617178
-1.667264
-1.829906
-1.994339
-2.137526
-2.220233
-2.196410
-2.096736
-1.980725
-1.858559
-1.842977
-1.888253
-1.911728
-1.925349
-1.923819
-1.908374
-1.865520
-1.792515
-1.697003
-1.578692
-1.499155
-1.602017
-1.766881
-1.933722
-2.087506
-2.182982
-2.156651
-2.042128
-1.902793
-1.773535
-1.793517
-1.827600
-1.842369
-1.849276
-1.843562
-1.827941
-1.791081
-1.727590
-1.640833
-1.533873
-1.465568
-1.566908
-1.734072
-1.901029
-2.052333
-2.135554
-2.168920
-2.099902
-1.961122
-1.833670
-1.776284
-1.776552
-1.821874
-1.851904
-1.863851
-1.856805
-1.820562
-1.752902
-1.660510
-1.544418
-1.465921
-1.547060
-1.709473
-1.875026
-2.035067
-2.135206
-2.120532
-2.014047
-1.877378
-1.746274
-1.750429
-1.791827
-1.811569
-1.821351
-1.817301
-1.802103
-1.762708
-1.695467
-1.604351
-1.490196
-1.414011
-1.505583
-1.673053
-1.843912
-2.004475
-2.111953
-2.138105
-2.062139
-1.920708
-1.789708
-1.768025
-1.806597
-1.821423
-1.827199
-1.815014
-1.790857
-1.743225
-1.668333
-1.571077
-1.453329
-1.375428
-1.469992
-1.637451
-1.807602
-1.969159
-2.078019
-2.123013
-2.056734
-1.920334
-1.786949
-1.725237
-1.749866
-1.799730
-1.832963
-1.848490
-1.845918
-1.814970
-1.751292
-1.660025
-1.543249
-1.462680
-1.538677
-1.700790
-1.866888
-2.025867
-2.135091
-2.125206
-2.019641
-1.894288
-1.775652
-1.724062
-1.794990
-1.832038
-1.856209
-1.866420
-1.863390
-1.830252
-1.764856
-1.672822
-1.556220
-1.476111
-1.550484
-1.716130
-1.883810
-2.039912
-2.139916
-2.149163
-2.050516
-1.925656
-1.801908
-1.736089
-1.794973
-1.841700
-1.873734
-1.892483
-1.896113
-1.868600
-1.807059
-1.716734
-1.600453
-1.516983
-1.586421
-1.751848
-1.919345
-2.071726
-2.168548
-2.173364
-2.074724
-1.957487
-1.842409
-1.784906
-1.828182
-1.885132
-1.924225
-1.952067
-1.964377
-1.942693
-1.883445
-1.793634
-1.678518
-1.588012
-1.638046
-1.801005
-1.967360
-2.113888
-2.200852
-2.193647
-2.083738
-1.966773
-1.861214
-1.808876
-1.870645
-1.927344
-1.966698
-1.995104
-2.008982
-1.989535
-1.933777
-1.847385
-1.735675
-1.641892
-1.680848
-1.840697
-2.005330
-2.145242
-2.225607
-2.213522
-2.112744
-2.003309
-1.900947
-1.850558
-1.844298
-1.892192
-1.926029
-1.947603
-1.951253
-1.921436
-1.854016
-1.759246
-1.638381
-1.537349
-1.604442
-1.773142
-1.941101
-2.097415
-2.197644
-2.231803
-2.130708
-1.978962
-1.922393
-1.967600
-1.970798
-1.955995
-1.929804
-1.892164
-1.847913
-1.783350
-1.690552
-1.577668
-1.445196
-1.357973
-1.494389
-1.667736
-1.837702
-1.996123
-2.100718
-2.158890
-2.149142
-2.006580
-1.888034
-1.808456
-1.785923
-1.821489
-1.861549
-1.876441
-1.870302
-1.832798
-1.761117
-1.664447
-1.543116
-1.456657
-1.530097
-1.703031
-1.872450
-2.030769
-2.138532
-2.184756
-2.112005
-1.990367
-1.885488
-1.826213
-1.850833
-1.915385
-1.959347
-1.986586
-1.992119
-1.959512
-1.886473
-1.783820
-1.656230
-1.557130
-1.610053
-1.775587
-1.943635
-2.097512
-2.194570
-2.199823
-2.097599
-1.970587
-1.857119
-1.795404
-1.799298
-1.867621
-1.914427
-1.947446
-1.965470
-1.945154
-1.883476
-1.789387
-1.669056
-1.573205
-1.590616
-1.753753
-1.920832
-2.074905
-2.174145
-2.200357
-2.123570
-1.992139
-1.859204
-1.787676
-1.770598
-1.806656
-1.838476
-1.854831
-1.854073
-1.819981
-1.748865
-1.649214
-1.523369
-1.431594
-1.477212
-1.644532
-1.816331
-1.977430
-2.094851
-2.162747
-2.134830
-2.002356
-1.883662
-1.819242
-1.828008
-1.894979
-1.937351
-1.960151
-1.961037
-1.924874
-1.848554
-1.744813
-1.616481
-1.523040
-1.588742
-1.753135
-1.919281
-2.075769
-2.177459
-2.198342
-2.117459
-1.981706
-1.854085
-1.785164
-1.785655
-1.848247
-1.899172
-1.931342
-1.943060
-1.918491
-1.854989
-1.761192
-1.641492
-1.549382
-1.569278
-1.731687
-1.900141
-2.056607
-2.160992
-2.213722
-2.151233
-2.007259
-1.887007
-1.823436
-1.815693
-1.858969
-1.898628
-1.921358
-1.924055
-1.891522
-1.820081
-1.719234
-1.592942
-1.498558
-1.557360
-1.717162
-1.886142
-2.045590
-2.157544
-2.201092
-2.132178
-1.992069
-1.871896
-1.810554
-1.803780
-1.847812
-1.889607
-1.911366
-1.914330
-1.884334
-1.817139
-1.720606
-1.598224
-1.506461
-1.533641
-1.693467
-1.865075
-2.025959
-2.145745
-2.208802
-2.153643
-2.006957
-1.894030
-1.830290
-1.819219
-1.856977
-1.891455
-1.907873
-1.906499
-1.872359
-1.801606
-1.701111
-1.574804
-1.483843
-1.518624
-1.658777
-1.830348
-1.991594
-2.114912
-2.189170
-2.144600
-1.998167
-1.884283
-1.818061
-1.816382
-1.874297
-1.912164
-1.932224
-1.931904
-1.894953
-1.818005
-1.712051
-1.581094
-1.484793
-1.510807
-1.675572
-1.846368
-2.007012
-2.125287
-2.192845
-2.164709
-2.020342
-1.901676
-1.825687
-1.813670
-1.848677
-1.889817
-1.910227
-1.910956
-1.876122
-1.802288
-1.697216
-1.566099
-1.474753
-1.515537
-1.674002
-1.844921
-2.005616
-2.125730
-2.196823
-2.161651
-2.018014
-1.902591
-1.830137
-1.820051
-1.851411
-1.893717
-1.915049
-1.916399
-1.881542
-1.806488
-1.700380
-1.568764
-1.476413
-1.539529
-1.666547
-1.837353
-1.999142
-2.126461
-2.193426
-2.151302
-2.009972
-1.888238
-1.821270
-1.806695
-1.839260
-1.874089
-1.889711
-1.883168
-1.839068
-1.756078
-1.642381
-1.503130
-1.410258
-1.449184
-1.596603
-1.770338
-1.933836
-2.071919
-2.157076
-2.137761
-1.992790
-1.863089
-1.769144
-1.751009
-1.767606
-1.805007
-1.817638
-1.812479
-1.775331
-1.701683
-1.597856
-1.467870
-1.381392
-1.446900
-1.605147
-1.777487
-1.939401
-2.066146
-2.143408
-2.133969
-1.983510
-1.869415
-1.794314
-1.787434
-1.821250
-1.874860
-1.899665
-1.904922
-1.876236
-1.805146
-1.703709
-1.576297
-1.432724
-1.507218
-1.664830
-1.835302
-1.995980
-2.115976
-2.184726
-2.171306
-2.026766
-1.919156
-1.850731
-1.840659
-1.868903
-1.915673
-1.932426
-1.928495
-1.892418
-1.815740
-1.708872
-1.575368
-1.426631
-1.501499
-1.626051
-1.798836
-1.960945
-2.093191
-2.171791
-2.183360
-2.043273
-1.931970
-1.859507
-1.848917
-1.870414
-1.912762
-1.926378
-1.919924
-1.879635
-1.797884
-1.685901
-1.548161
-1.395101
-1.485373
-1.595235
-1.769600
-1.932654
-2.072775
-2.158510
-2.170449
-2.037776
-1.907662
-1.814964
-1.790491
-1.796818
-1.831665
-1.835283
-1.825850
-1.788802
-1.717830
-1.615232
-1.484367
-1.338254
-1.392415
-1.504623
-1.679905
-1.844663
-1.988467
-2.083583
-2.157908
-2.041940
-1.936851
-1.868255
-1.850303
-1.870201
-1.924613
-1.953977
-1.961103
-1.931230
-1.857803
-1.752167
-1.619582
-1.470924
-1.559310
-1.712589
-1.881461
-2.039051
-2.149168
-2.212342
-2.191217
-2.049549
-1.951473
-1.889195
-1.880634
-1.900940
-1.950441
-1.974773
-1.975023
-1.942030
-1.870518
-1.767916
-1.635179
-1.481696
-1.537983
-1.651916
-1.822872
-1.984474
-2.112934
-2.188789
-2.190710
-2.057957
-1.951830
-1.883616
-1.869176
-1.902475
-1.935477
-1.938942
-1.919239
-1.864685
-1.769036
-1.642433
-1.490540
-1.333353
-1.431788
-1.589479
-1.764163
-1.927582
-2.067294
-2.153283
-2.155535
-2.013378
-1.895589
-1.817197
-1.801127
-1.811094
-1.860351
-1.885559
-1.884804
-1.849988
-1.773899
-1.665259
-1.529465
-1.376718
-1.467283
-1.610706
-1.783687
-1.946951
-2.083670
-2.165775
-2.174787
-2.039230
-1.924685
-1.845156
-1.826340
-1.849596
-1.888890
-1.898400
-1.890279
-1.845979
-1.763551
-1.647882
-1.503758
-1.347087
-1.446669
-1.539118
-1.713005
-1.876006
-2.016423
-2.106278
-2.158001
-2.021188
-1.910790
-1.838299
-1.814044
-1.819811
-1.897817
-1.909784
-1.918738
-1.889732
-1.815940
-1.706684
-1.569756
-1.417257
-1.494341
-1.652708
-1.820828
-1.980714
-2.100902
-2.171285
-2.211487
-2.091501
-1.989767
-1.925513
-1.903696
-1.911863
-1.974091
-1.989048
-1.986215
-1.948596
-1.867784
-1.754732
-1.608835
-1.451628
-1.514760
-1.633530
-1.805382
-1.966404
-2.093457
-2.166343
-2.224129
-2.117779
-2.018723
-1.960783
-1.942906
-1.981403
-2.038607
-2.064223
-2.056919
-2.014439
-1.933499
-1.822991
-1.687272
-1.536337
-1.623492
-1.649862
-1.820515
-1.980756
-2.101669
-2.171461
-2.214768
-2.086811
-1.987968
-1.925859
-1.897981
-1.900516
-1.959320
-1.967383
-1.966549
-1.929150
-1.851614
-1.740841
-1.600987
-1.446529
-1.509094
-1.598375
-1.769022
-1.930357
-2.059656
-2.136826
-2.196506
-2.192555
-2.094932
-2.036564
-2.009773
-2.019553
-2.057547
-2.065374
-2.039099
-1.979294
-1.884157
-1.760826
-1.613892
-1.456879
-1.555156
-1.625429
-1.795785
-1.957170
-2.078659
-2.147658
-2.202083
-2.082685
-1.983521
-1.916149
-1.878697
-1.879205
-1.944998
-1.950930
-1.949751
-1.906697
-1.820618
-1.701053
-1.554531
-1.397381
-1.491153
-1.652493
-1.820554
-1.981178
-2.099505
-2.166392
-2.221864
-2.136354
-2.046011
-1.986807
-1.954084
-1.945743
-2.021064
-2.005086
-1.990657
-1.940904
-1.850153
-1.725488
-1.570389
-1.413222
-1.493272
-1.625474
-1.796790
-1.958136
-2.087329
-2.160108
-2.215737
-2.149320
-2.061603
-2.013528
-1.988952
-2.018803
-2.070090
-2.084221
-2.067543
-2.018859
-1.933246
-1.817016
-1.673193
-1.516459
-1.614881
-1.635700
-1.805401
-1.965923
-2.087366
-2.156640
-2.209210
-2.154462
-2.060620
-2.000489
-1.967237
-1.978551
-2.016437
-2.030094
-2.017933
-1.967277
-1.875308
-1.750528
-1.600187
-1.442981
-1.546560
-1.677233
-1.845120
-2.004925
-2.118844
-2.181895
-2.227940
-2.129387
-2.023980
-1.951767
-1.900378
-1.864323
-1.880186
-1.869712
-1.834497
-1.777276
-1.680982
-1.545543
-1.383387
-1.226121
-1.326651
-1.512136
-1.687224
-1.852607
-1.994293
-2.079823
-2.147677
-2.110225
-2.003252
-1.930408
-1.877498
-1.876778
-1.895095
-1.880922
-1.847915
-1.786159
-1.688385
-1.560054
-1.409856
-1.255729
-1.343973
-1.504658
-1.679081
-1.843496
-1.980723
-2.062930
-2.118920
-2.194809
-2.083525
-1.996492
-1.926383
-1.853479
-1.841630
-1.806576
-1.759728
-1.684959
-1.573899
-1.430435
-1.273149
-1.116075
-1.194528
-1.375469
-1.555168
-1.724272
-1.881557
-1.995845
-2.066974
-2.143931
-2.046273
-1.963177
-1.894418
-1.817367
-1.804271
-1.755298
-1.692693
-1.604598
-1.475590
-1.308805
-1.147332
-0.990489
-1.116631
-1.313797
-1.497042
-1.668518
-1.828999
-1.948982
-2.048127
-2.100787
-1.998378
-1.925075
-1.872105
-1.872033
-1.879181
-1.853015
-1.805847
-1.733218
-1.621199
-1.473513
-1.301672
-1.144573
-1.230518
-1.418633
-1.595891
-1.763666
-1.915096
-2.015468
-2.099098
-2.147632
-2.043305
-1.966099
-1.905273
-1.862726
-1.870161
-1.846189
-1.799424
-1.726182
-1.611874
-1.461146
-1.288732
-1.135815
-1.238978
-1.426211
-1.604250
-1.772143
-1.923046
-2.021606
-2.103902
-2.145515
-2.043586
-1.967456
-1.905577
-1.887414
-1.877639
-1.838079
-1.783897
-1.702084
-1.579606
-1.423193
-1.262901
-1.110622
-1.185604
-1.374550
-1.554649
-1.723708
-1.878042
-1.983261
-2.074132
-2.178440
-2.077276
-1.997113
-1.925539
-1.873243
-1.865052
-1.827138
-1.767074
-1.681377
-1.554050
-1.386608
-1.213458
-1.062592
-1.203464
-1.397711
-1.578160
-1.747135
-1.900925
-2.004853
-2.092406
-2.110293
-2.003126
-1.924929
-1.865293
-1.856298
-1.831976
-1.766390
-1.680986
-1.571576
-1.420270
-1.237456
-1.069340
-0.910306
-1.072279
-1.265244
-1.451603
-1.626235
-1.788285
-1.909372
-2.004231
-2.031509
-1.881032
-1.754462
-1.636738
-1.590578
-1.546529
-1.495662
-1.440052
-1.354898
-1.223840
-1.063023
-0.877017
-0.837743
-1.013474
-1.201952
-1.382961
-1.554784
-1.719366
-1.812681
-1.897842
-1.954733
-1.963298
-1.968281
-1.970867
-1.971956
-1.971543
-1.968216
-1.985142
-1.811739
-1.877900
-1.923404
-1.923952
-1.919081
-1.907956
-1.891177
-1.868766
-1.838364
-1.794673
-1.744395
-1.692066
-1.632831
-1.570975
-1.507382
-1.440533
-1.366505
-1.283614
-1.189507
-1.087415
-1.171592
-1.230092
-1.389481
-1.542018
-1.658820
-1.733662
-1.726441
-1.640668
-1.526792
-1.428438
-1.353252
-1.330627
-1.405700
-1.441035
-1.463339
-1.475963
-1.476250
-1.462327
-1.435201
-1.397861
-1.375996
-1.507713
-1.671776
-1.825895
-1.938197
-1.964630
-1.921121
-1.900986
-1.737020
-1.588527
-1.565682
-1.510810
-1.455588
-1.380602
-1.282163
-1.154414
-1.002590
-0.837749
-0.837760
-0.837756
-0.837753
-1.003173
-1.180315
-1.367455
-1.539545
-1.699893
-1.822918
-1.929658
-1.954922
-1.804332
-1.629335
-1.463362
-1.478232
-1.450208
-1.397011
-1.312869
-1.210644
-1.096570
-0.957897
-0.837760
-0.837760
-0.893051
-0.948812
-1.146803
-1.330443
-1.502722
-1.665553
-1.821370
-1.917537
-1.808597
-1.755539
-1.813907
-1.789603
-1.724043
-1.651658
-1.565556
-1.458486
-1.322035
-1.158017
-1.000051
-0.844398
-0.938282
-1.099668
-1.292550
-1.471707
-1.640056
-1.797513
-1.926973
-2.051292
-1.950782
-1.791336
-1.629237
-1.480617
-1.484513
-1.446926
-1.367232
-1.253938
-1.107871
-0.945438
-0.837910
-0.846638
-0.955188
-1.130796
-1.318232
-1.496351
-1.664105
-1.822665
-1.956076
-2.080457
-2.037333
-1.873561
-1.702832
-1.549293
-1.560711
-1.530339
-1.465447
-1.369272
-1.241948
-1.077255
-0.914446
-0.838640
-0.936453
-1.109797
-1.301712
-1.481870
-1.650982
-1.810002
-1.940939
-2.055130
-1.988261
-1.824481
-1.655428
-1.547167
-1.531285
-1.481991
-1.407369
-1.303685
-1.164297
-0.992628
-0.837759
-0.837764
-0.937195
-1.105232
-1.297295
-1.476826
-1.644636
-1.798618
-1.917951
-2.017691
-1.937661
-1.774251
-1.606385
-1.511675
-1.464571
-1.390531
-1.315183
-1.202514
-1.047596
-0.889937
-0.840889
-0.865040
-0.973291
-1.146618
-1.333818
-1.508479
-1.672689
-1.813759
-1.918034
-1.999163
-1.917110
-1.754425
-1.587948
-1.419788
-1.394951
-1.355070
-1.278199
-1.162443
-1.007819
-0.843677
-0.837760
-0.843664
-0.931490
-1.100136
-1.292001
-1.470473
-1.635535
-1.772919
-1.844363
-1.883337
-1.880289
-1.814888
-1.761228
-1.720420
-1.699016
-1.700738
-1.699861
-1.717687
-1.535343
-1.349512
-1.161159
-1.016197
-1.807797
-1.857905
-1.887707
-1.872744
-1.853522
-1.829988
-1.801569
-1.768574
-1.725773
-1.674869
-1.621915
-1.567235
-1.510710
-1.455771
-1.400530
-1.344602
-1.283519
-1.214729
-1.135638
-1.041376
-0.931368
-0.985761
-1.053865
-1.217143
-1.381236
-1.530510
-1.626739
-1.729387
-1.751342
-1.719290
-1.680264
-1.643141
-1.596001
-1.506305
-1.348234
-1.402230
-1.400852
-1.372693
-1.311011
-1.243688
-1.171906
-1.092183
-0.993366
-0.881674
-0.837833
-0.837760
-0.837719
-0.837581
-0.837755
-0.837784
-0.839237
-0.951949
-1.079847
-1.248762
-1.367340
-1.490018
-1.629984
-1.771719
-1.892273
-1.982452
-2.036565
-2.000162
-1.922268
-1.861175
-1.850752
-1.878663
-1.933259
-1.812546
-1.878160
-1.923820
-1.925166
-1.921214
-1.912605
-1.899288
-1.882095
-1.861564
-1.837710
-1.811434
-1.782676
-1.752086
-1.719648
-1.686007
-1.651044
-1.615205
-1.578446
-1.540472
-1.500903
-1.461443
-1.434945
-1.391703
-1.351501
-1.311548
-1.270357
-1.224376
-1.170435
-1.106906
-1.032760
-0.945889
-0.841134
-0.837760
-0.837759
-0.837765
-0.837767
-0.837779
-0.837806
-0.840515
-1.811318
-1.854341
-1.862770
-1.827601
-1.789174
-1.747165
-1.702968
-1.655498
-1.603180
-1.546161
-1.490557
-1.435916
-1.386224
-1.338722
-1.292551
-1.245311
-1.197823
-1.148558
-1.093361
-1.024750
-0.949110
-0.891928
-0.965071
-1.128255
-1.306633
-1.486734
-1.654362
-1.814772
-1.947191
-2.022352
-2.015089
-1.985868
-1.949682
-1.915563
-1.888388
-1.868829
-1.856724
-1.865220
-1.892426
-1.906210
-1.954313
-2.000760
-1.996396
-1.955326
-1.901953
-1.820060
-1.726947
-1.642563
-1.558167
-1.406802
-1.217776
-1.034116
-0.856289
-0.837760
-1.811561
-1.879714
-1.920638
-1.917905
-1.908221
-1.892610
-1.870963
-1.843548
-1.805065
-1.754408
-1.704487
-1.652284
-1.593390
-1.535240
-1.475499
-1.411609
-1.344987
-1.268620
-1.182547
-1.117709
-1.091524
-1.102762
-1.171793
-1.330934
-1.505043
-1.673374
-1.833843
-1.968094
-2.050267
-2.078629
-1.811960
-1.883146
-1.935673
-1.942563
-1.944259
-1.940341
-1.931140
-1.916576
-1.896932
-1.871798
-1.841861
-1.806563
-1.766295
-1.720347
-1.668729
-1.610512
-1.545203
-1.471366
-1.387802
-1.293659
-1.188707
-1.076365
-0.950840
-0.837720
-0.837761
-0.837762
-0.837763
-0.837763
-0.837764
-0.837760
-0.837760
-0.837760
-0.837760
-0.837760
-0.837760
-0.837760
-0.837760
-0.837807
-0.837808
-1.810870
-1.859829
-1.888390
-1.870248
-1.848668
-1.823489
-1.793887
-1.760266
-1.721253
-1.677172
-1.627074
-1.571676
-1.509955
-1.442270
-1.367695
-1.286597
-1.197931
-1.101521
-0.996193
-0.880910
-0.837760
-0.837760
-0.837760
-0.837760
-0.837760
-0.837760
-0.837760
-0.837760
-0.837760
-0.837765
-0.837760
-0.837760
-0.844936
-0.853398
-0.842302
-0.837771
-0.837803
-0.837777
-0.837763
-0.837764
-0.854801
-0.993803
-1.091718
-1.810565
-1.856701
-1.874258
-1.846945
-1.814285
-1.776112
-1.733666
-1.686833
-1.636491
-1.581900
-1.523494
-1.460149
-1.392398
-1.319642
-1.242592
-1.160547
-1.073977
-0.981960
-0.885516
-0.837760
-0.837760
-0.837760
-0.837760
-0.837760
-0.837760
-0.837762
-0.837758
-0.837762
-0.837762
-0.837762
-0.837762
-0.837762
-0.837761
-0.837762
-0.837763
-0.876105
-1.008136
-1.093674
-1.156063
-1.184957
-1.168095
-1.811115
-1.842527
-1.835908
-1.785530
-1.733800
-1.680710
-1.626879
-1.573894
-1.526065
-1.476359
-1.426486
-1.374725
-1.327326
-1.282957
-1.247163
-1.208569
-1.161948
-1.106298
-1.041164
-0.966243
-0.877316
-0.837760
-0.837760
-0.837760
-0.837760
-0.837760
-0.837760
-0.837760
-0.837760
-0.837759
-0.821075
-0.840810
-1.809909
-1.839170
-1.855948
-1.816346
-1.773789
-1.727607
-1.677830
-1.625708
-1.570239
-1.511726
-1.448639
-1.384663
-1.314897
-1.239879
-1.158880
-1.077058
-0.993083
-0.907793
-0.837731
-0.837760
-0.837760
-0.837759
-0.837756
-0.837752
-0.946852
-1.039250
-1.205981
-1.379677
-1.541157
-1.672198
-1.747603
-1.734926
-1.662312
-1.657446
-1.638452
-1.728952
-1.787749
-1.818172
-1.812041
-1.774995
-1.722456
-1.670112
-1.612618
-1.546222
-1.467549
-1.380457
-1.283820
-1.177699
-1.049431
-0.874906
-0.837788
-0.837776
-0.837761
-0.837766
-1.809396
-1.856224
-1.878500
-1.855814
-1.827721
-1.794376
-1.756150
-1.712596
-1.664465
-1.610981
-1.552768
-1.489340
-1.421677
-1.349182
-1.272631
-1.191256
-1.105393
-1.013767
-0.915622
-0.837749
-0.837760
-0.837760
-0.837760
-0.837760
-0.837760
-0.837758
-0.837756
-0.837759
-0.837760
-0.837760
-0.837760
-0.837760
-0.837763
-0.837722
-0.952443
-1.071668
-1.155430
-1.178931
-1.129062
-1.001229
-0.843033
-0.865503
-0.949518
-1.810860
-1.863911
-1.892790
-1.878931
-1.862058
-1.841850
-1.817415
-1.789106
-1.752156
-1.704382
-1.654557
-1.603529
-1.548691
-1.492756
-1.433871
-1.372449
-1.305064
-1.228704
-1.141299
-1.039577
-0.918241
-0.944845
-0.926585
-1.097849
-1.273523
-1.443859
-1.595545
-1.688074
-1.635758
-1.499386
-1.402809
-1.315708
-1.235827
-1.299181
-1.359636
-1.378026
-1.373753
-1.353119
-1.317155
-1.267353
-1.201645
-1.123839
-1.032199
-0.913218
-0.837750
-1.811024
-1.869133
-1.908815
-1.900769
-1.887582
-1.869916
-1.846906
-1.818447
-1.780908
-1.731578
-1.682167
-1.629283
-1.574157
-1.517572
-1.461305
-1.402321
-1.338406
-1.265784
-1.183150
-1.084185
-0.970881
-1.056202
-1.125072
-1.290344
-1.451229
-1.588184
-1.668386
-1.674969
-1.577755
-1.451145
-1.387669
-1.329274
-1.277263
-1.347823
-1.394354
-1.419452
-1.426355
-1.414297
-1.387797
-1.348861
-1.298925
-1.300956
-1.437872
-1.605125
-1.766034
-1.904802
-1.940891
-1.908428
-1.839020
-1.748434
-1.657068
-1.612016
-1.652059
-1.713336
-1.750456
-1.770913
-1.774973
-1.752514
-1.705914
-1.639698
-1.558021
-1.683547
-1.820500
-1.974461
-2.069621
-2.119789
-2.074261
-2.010275
-1.939282
-1.863007
-1.767746
-1.705619
-1.740933
-1.768702
-1.772893
-1.769368
-1.755046
-1.720321
-1.667512
-1.599095
-1.514291
-1.612190
-1.732968
-1.875419
-2.010302
-2.079683
-2.054450
-1.995534
-1.920131
-1.835442
-1.735669
-1.677482
-1.670515
-1.731734
-1.764107
-1.790625
-1.796392
-1.774092
-1.728362
-1.663547
-1.583724
-1.690801
-1.823149
-1.979893
-2.095350
-2.149833
-2.096480
-2.025841
-1.954077
-1.874583
-1.785487
-1.734792
-1.775565
-1.798475
-1.802354
-1.799527
-1.785685
-1.750142
-1.696312
-1.628577
-1.545225
-1.642149
-1.771605
-1.926704
-2.039547
-2.109547
-2.090995
-2.028910
-1.943926
-1.840354
-1.742633
-1.689614
-1.693996
-1.743909
-1.767814
-1.785073
-1.783534
-1.755698
-1.704880
-1.635537
-1.550959
-1.652574
-1.795474
-1.953718
-2.068238
-2.125020
-2.068307
-1.992386
-1.910520
-1.825837
-1.726959
-1.669172
-1.701185
-1.735378
-1.749133
-1.757534
-1.750968
-1.721581
-1.672206
-1.606689
-1.525182
-1.629814
-1.767715
-1.919430
-2.034575
-2.096536
-2.057763
-1.990174
-1.908669
-1.814317
-1.713133
-1.662311
-1.695759
-1.745694
-1.775868
-1.800725
-1.805830
-1.784006
-1.735893
-1.668224
-1.585924
-1.701085
-1.844242
-1.994783
-2.100069
-2.142710
-2.077528
-1.997828
-1.909317
-1.808167
-1.708472
-1.654942
-1.692753
-1.731825
-1.753790
-1.772663
-1.775321
-1.754548
-1.710864
-1.649907
-1.574066
-1.672647
-1.825912
-1.980950
-2.083481
-2.134935
-2.087294
-2.016317
-1.930298
-1.822151
-1.725110
-1.680632
-1.721224
-1.767922
-1.797816
-1.823048
-1.830881
-1.814831
-1.774297
-1.715825
-1.643267
-1.733928
-1.887439
-2.039675
-2.143872
-2.188462
-2.139099
-2.066274
-1.978726
-1.866314
-1.778601
-1.747204
-1.798326
-1.838449
-1.868676
-1.892585
-1.900165
-1.884424
-1.843010
-1.784467
-1.713171
-1.801754
-1.953935
-2.100321
-2.201954
-2.240176
-2.194536
-2.119035
-2.029681
-1.910957
-1.829665
-1.826526
-1.864728
-1.901272
-1.928748
-1.949542
-1.955629
-1.938260
-1.893823
-1.833284
-1.761195
-1.846094
-1.999323
-2.148668
-2.253069
-2.285268
-2.237296
-2.157795
-2.066490
-1.946031
-1.862836
-1.852842
-1.895861
-1.937067
-1.971133
-1.998736
-2.010589
-1.999276
-1.961362
-1.905889
-1.838178
-1.906357
-2.055194
-2.202534
-2.300692
-2.322624
-2.262724
-2.176876
-2.083447
-1.968858
-1.891035
-1.897367
-1.934233
-1.970686
-2.002127
-2.025546
-2.033777
-2.017697
-1.974041
-1.914188
-1.843122
-1.923275
-2.065441
-2.213572
-2.316501
-2.343736
-2.293295
-2.208481
-2.115016
-1.997480
-1.923266
-1.943961
-1.975440
-2.006743
-2.034887
-2.054445
-2.060551
-2.042950
-1.998194
-1.938528
-1.867989
-1.934441
-2.072684
-2.221621
-2.323953
-2.368715
-2.329565
-2.245078
-2.155887
-2.038915
-1.964499
-1.980948
-2.018834
-2.055651
-2.088981
-2.112579
-2.120372
-2.103142
-2.058513
-1.997337
-1.924741
-1.980106
-2.121120
-2.264387
-2.356280
-2.384917
-2.315657
-2.222023
-2.127491
-2.016635
-1.945964
-1.963681
-2.012684
-2.059279
-2.102983
-2.135408
-2.150961
-2.142102
-2.105986
-2.049934
-1.980971
-2.038738
-2.195984
-2.314965
-2.393650
-2.416448
-2.335049
-2.228679
-2.130328
-2.021523
-1.954711
-1.978253
-2.013701
-2.047948
-2.078896
-2.097988
-2.104000
-2.083531
-2.035285
-1.971030
-1.895653
-1.964042
-2.099714
-2.248193
-2.345565
-2.385107
-2.326831
-2.230218
-2.125687
-2.005765
-1.939671
-1.980754
-2.014618
-2.049387
-2.081545
-2.104349
-2.112300
-2.096845
-2.054399
-1.996134
-1.927733
-1.995081
-2.144967
-2.267992
-2.354573
-2.403213
-2.357608
-2.264746
-2.174812
-2.048247
-1.965164
-1.939967
-1.949351
-2.005622
-2.052486
-2.091616
-2.109609
-2.098181
-2.060229
-2.000783
-1.925983
-1.992274
-2.112706
-2.255319
-2.337017
-2.353612
-2.251531
-2.128378
-2.017110
-1.921388
-1.916488
-1.951843
-1.975069
-2.000151
-2.024046
-2.042888
-2.049272
-2.034162
-1.994948
-1.939304
-1.872586
-1.857279
-2.004134
-2.157413
-2.273723
-2.327895
-2.288192
-2.191254
-2.096466
-1.985362
-1.909937
-1.912971
-1.938203
-1.963810
-1.983671
-1.997977
-1.997890
-1.974224
-1.924665
-1.859383
-1.781864
-1.847044
-1.987008
-2.147895
-2.273571
-2.305171
-2.246261
-2.156715
-2.064523
-1.964003
-1.887591
-1.895924
-1.941297
-1.984955
-2.025708
-2.058991
-2.075769
-2.069331
-2.036530
-1.984095
-1.918868
-1.973652
-2.129593
-2.260170
-2.353724
-2.374921
-2.297281
-2.192253
-2.098736
-1.995739
-1.908382
-1.877240
-1.913857
-1.961682
-2.002326
-2.035341
-2.049340
-2.035907
-1.995305
-1.934668
-1.860748
-1.931807
-2.066344
-2.221683
-2.326167
-2.332745
-2.239245
-2.133176
-2.031267
-1.924322
-1.856873
-1.880295
-1.919281
-1.957981
-1.996228
-2.027673
-2.044338
-2.038886
-2.007123
-1.956725
-1.894042
-1.904453
-2.041874
-2.192528
-2.298588
-2.322958
-2.246068
-2.138332
-2.041618
-1.942355
-1.846915
-1.805160
-1.812765
-1.860190
-1.892916
-1.923191
-1.935851
-1.921680
-1.882792
-1.824034
-1.750765
-1.837688
-1.969359
-2.128717
-2.247129
-2.267456
-2.190001
-2.089077
-1.985971
-1.865208
-1.807098
-1.847193
-1.863681
-1.884426
-1.906543
-1.923608
-1.930946
-1.919184
-1.885387
-1.834526
-1.771460
-1.858412
-1.927463
-2.049890
-2.158614
-2.208391
-2.199204
-2.112473
-2.022229
-1.898331
-1.806615
-1.757839
-1.739941
-1.775023
-1.796238
-1.813910
-1.817479
-1.795805
-1.750225
-1.685636
-1.607051
-1.682370
-1.813586
-1.971230
-2.109530
-2.158260
-2.109308
-2.022733
-1.928998
-1.825456
-1.752144
-1.768350
-1.798670
-1.829805
-1.858457
-1.884664
-1.898095
-1.890610
-1.858418
-1.808395
-1.746040
-1.723570
-1.881259
-2.041273
-2.168148
-2.225443
-2.192322
-2.100721
-2.011708
-1.914622
-1.812710
-1.758935
-1.749524
-1.788961
-1.809674
-1.830075
-1.833431
-1.810082
-1.762005
-1.694551
-1.613016
-1.705314
-1.839851
-2.001405
-2.125444
-2.162270
-2.101957
-2.006065
-1.903419
-1.784938
-1.717464
-1.754980
-1.778726
-1.804250
-1.827876
-1.846593
-1.854102
-1.843425
-1.810710
-1.760463
-1.698542
-1.752897
-1.866322
-1.987070
-2.096680
-2.168885
-2.172604
-2.104257
-2.014740
-1.883616
-1.809683
-1.779559
-1.810011
-1.841451
-1.858497
-1.864915
-1.857008
-1.825648
-1.772249
-1.702698
-1.620487
-1.699757
-1.828193
-1.981945
-2.114593
-2.165303
-2.122024
-2.043683
-1.950778
-1.844406
-1.762455
-1.757628
-1.805943
-1.851762
-1.891321
-1.925819
-1.944881
-1.941625
-1.913919
-1.866885
-1.806534
-1.849552
-1.995565
-2.109021
-2.217343
-2.263333
-2.229064
-2.141645
-2.046402
-1.928452
-1.853380
-1.875350
-1.905378
-1.936561
-1.963342
-1.980967
-1.985041
-1.965188
-1.919467
-1.858231
-1.785692
-1.861899
-2.000252
-2.156734
-2.268947
-2.306409
-2.263175
-2.179314
-2.086185
-1.963097
-1.881949
-1.895389
-1.937827
-1.979515
-2.017804
-2.046607
-2.060595
-2.052149
-2.016692
-1.963106
-1.898000
-1.966205
-2.123308
-2.241105
-2.336056
-2.368615
-2.319851
-2.228270
-2.139864
-2.018771
-1.934011
-1.914893
-1.961959
-2.004035
-2.039551
-2.065609
-2.076809
-2.063110
-2.022334
-1.963207
-1.891945
-1.960323
-2.073060
-2.226610
-2.331096
-2.358260
-2.301566
-2.211049
-2.111624
-1.990255
-1.923686
-1.972826
-2.011900
-2.051894
-2.088951
-2.116363
-2.128544
-2.117664
-2.078928
-2.022919
-1.956222
-2.015458
-2.168781
-2.296808
-2.379375
-2.424556
-2.370856
-2.276251
-2.185362
-2.061261
-1.969279
-1.947063
-1.986668
-2.037170
-2.082024
-2.116216
-2.133130
-2.123946
-2.087607
-2.030658
-1.960504
-2.001236
-2.112939
-2.259406
-2.348272
-2.365288
-2.285660
-2.177574
-2.071222
-1.962865
-1.945043
-1.993954
-2.030183
-2.068013
-2.104069
-2.132098
-2.144953
-2.135255
-2.100004
-2.045841
-1.979080
-1.939475
-2.098570
-2.245265
-2.342771
-2.395878
-2.349684
-2.240830
-2.136176
-2.012100
-1.937848
-1.946182
-1.960223
-1.974889
-1.985385
-1.987762
-1.979511
-1.947381
-1.891986
-1.825196
-1.750021
-1.835295
-1.968772
-2.125904
-2.244932
-2.310263
-2.304644
-2.229353
-2.151097
-2.030813
-1.941274
-1.897575
-1.884514
-1.923970
-1.957995
-1.977643
-1.979814
-1.955215
-1.906359
-1.838184
-1.756093
-1.829630
-1.947098
-2.097072
-2.211727
-2.244464
-2.172357
-2.065523
-1.954060
-1.853973
-1.786189
-1.830138
-1.866539
-1.903046
-1.924426
-1.947263
-1.957486
-1.951038
-1.918239
-1.868159
-1.806548
-1.838112
-1.976041
-2.099751
-2.207759
-2.260709
-2.241001
-2.155236
-2.060171
-1.937609
-1.862959
-1.874864
-1.898614
-1.926840
-1.937859
-1.946141
-1.941218
-1.915278
-1.862983
-1.796549
-1.719089
-1.768322
-1.898107
-2.054010
-2.194110
-2.255337
-2.230870
-2.155461
-2.064156
-1.950460
-1.867040
-1.859600
-1.905467
-1.951297
-1.980201
-2.008037
-2.020613
-2.013879
-1.980024
-1.928407
-1.864831
-1.904217
-2.055032
-2.193191
-2.293636
-2.334775
-2.296694
-2.206616
-2.116840
-1.991759
-1.907008
-1.891542
-1.925928
-1.960838
-1.980038
-1.995859
-1.997045
-1.976968
-1.929507
-1.867266
-1.793778
-1.835587
-1.968733
-2.116408
-2.249387
-2.292885
-2.248598
-2.165654
-2.077851
-1.958091
-1.868809
-1.840988
-1.894933
-1.943179
-1.975475
-2.006259
-2.021268
-2.016734
-1.985362
-1.935566
-1.872814
-1.905129
-2.051817
-2.190345
-2.290099
-2.326082
-2.283492
-2.191154
-2.098569
-1.982339
-1.899487
-1.899853
-1.931076
-1.965045
-1.982774
-1.998092
-1.999031
-1.978890
-1.930909
-1.868408
-1.795283
-1.847102
-1.980316
-2.137691
-2.255563
-2.305832
-2.282218
-2.203148
-2.112941
-1.987935
-1.903046
-1.905686
-1.941383
-1.979679
-2.001406
-2.021132
-2.026535
-2.012693
-1.970998
-1.913815
-1.845929
-1.879745
-2.022432
-2.170244
-2.282537
-2.332746
-2.305391
-2.223124
-2.136256
-2.015117
-1.927972
-1.918657
-1.958734
-1.999800
-2.023988
-2.045757
-2.051969
-2.037624
-1.995648
-1.937194
-1.866839
-1.894933
-2.015488
-2.166882
-2.286200
-2.337221
-2.294804
-2.206653
-2.113855
-2.001126
-1.920455
-1.928736
-1.973406
-2.018899
-2.050160
-2.077864
-2.089386
-2.080749
-2.044328
-1.990172
-1.923907
-1.958137
-2.104217
-2.248456
-2.344052
-2.385300
-2.335500
-2.237812
-2.145322
-2.020207
-1.934395
-1.935373
-1.974892
-2.014972
-2.041026
-2.062666
-2.068650
-2.054425
-2.012185
-1.953727
-1.884153
-1.924949
-2.074399
-2.224335
-2.326746
-2.370120
-2.328339
-2.237282
-2.147697
-2.018368
-1.927738
-1.920295
-1.959465
-2.000325
-2.026843
-2.049376
-2.056491
-2.043782
-2.003144
-1.946041
-1.877708
-1.911744
-2.052656
-2.200854
-2.308427
-2.352442
-2.317918
-2.230324
-2.140037
-2.024416
-1.936808
-1.935168
-1.972843
-2.010415
-2.034373
-2.055238
-2.060687
-2.045384
-2.001753
-1.942091
-1.871431
-1.909912
-2.045992
-2.199582
-2.309143
-2.356787
-2.324822
-2.236329
-2.147930
-2.030041
-1.940385
-1.931661
-1.974592
-2.017481
-2.046658
-2.071600
-2.080678
-2.069560
-2.030260
-1.973728
-1.905617
-1.938136
-2.083135
-2.232266
-2.333317
-2.376847
-2.331521
-2.236185
-2.148259
-2.025740
-1.930893
-1.898532
-1.950545
-1.998613
-2.031044
-2.059943
-2.072151
-2.063672
-2.027386
-1.972980
-1.905985
-1.932275
-2.069735
-2.218850
-2.322797
-2.361730
-2.312940
-2.216494
-2.124237
-2.013005
-1.926578
-1.925600
-1.966090
-2.007598
-2.035045
-2.056174
-2.062501
-2.049504
-2.007877
-1.948260
-1.876690
-1.920545
-2.065277
-2.213567
-2.316556
-2.357942
-2.317808
-2.223027
-2.127446
-2.006184
-1.915546
-1.903097
-1.942772
-1.983340
-2.009304
-2.031261
-2.037246
-2.023950
-1.982666
-1.924940
-1.856630
-1.898208
-2.033128
-2.186616
-2.293295
-2.346824
-2.323026
-2.234379
-2.151621
-2.028818
-1.926193
-1.888196
-1.901776
-1.958084
-1.989143
-2.019821
-2.033332
-2.024146
-1.987860
-1.932849
-1.864084
-1.879776
-1.988473
-2.133311
-2.263972
-2.310990
-2.249280
-2.149852
-2.055815
-1.953199
-1.876184
-1.890389
-1.937365
-1.982509
-2.017262
-2.049273
-2.066676
-2.064189
-2.035912
-1.988452
-1.927760
-1.940301
-2.070845
-2.201797
-2.313301
-2.360040
-2.315368
-2.206315
-2.108871
-1.998676
-1.911007
-1.904197
-1.944560
-1.985368
-2.014339
-2.039057
-2.048866
-2.038536
-2.000423
-1.944172
-1.875753
-1.910738
-2.045717
-2.199821
-2.307157
-2.352773
-2.318573
-2.220658
-2.126529
-2.009405
-1.924107
-1.938445
-1.963644
-1.993336
-2.010252
-2.024732
-2.025634
-2.007241
-1.960105
-1.897745
-1.826468
-1.870652
-2.012745
-2.164855
-2.276455
-2.340479
-2.335103
-2.253838
-2.169691
-2.048642
-1.953284
-1.943947
-1.977112
-2.012245
-2.034782
-2.053269
-2.057480
-2.042047
-1.998697
-1.939625
-1.869777
-1.886987
-1.997073
-2.140099
-2.270386
-2.337272
-2.318580
-2.231666
-2.145986
-2.044435
-1.954034
-1.945174
-1.994884
-2.042202
-2.077737
-2.108519
-2.122910
-2.116386
-2.081571
-2.027012
-1.959706
-1.988965
-2.128590
-2.272214
-2.364564
-2.413170
-2.361284
-2.255161
-2.160818
-2.048017
-1.957109
-1.954010
-1.999213
-2.044423
-2.077899
-2.105292
-2.115245
-2.105145
-2.066611
-2.009321
-1.940065
-1.977889
-2.118989
-2.261546
-2.355669
-2.403615
-2.362896
-2.260804
-2.166816
-2.052407
-1.959790
-1.955158
-1.989590
-2.024580
-2.047726
-2.065811
-2.068122
-2.050257
-2.003849
-1.941702
-1.869394
-1.904963
-2.042913
-2.193254
-2.303752
-2.357065
-2.339365
-2.249426
-2.158439
-2.042394
-1.951989
-1.955999
-1.985968
-2.012675
-2.033675
-2.048913
-2.052114
-2.035782
-1.994166
-1.935376
-1.866101
-1.868482
-2.001455
-2.159042
-2.278137
-2.341348
-2.330562
-2.240560
-2.152258
-2.042725
-1.945516
-1.912432
-1.954855
-1.986506
-2.011457
-2.030034
-2.036973
-2.023650
-1.984703
-1.927074
-1.857938
-1.863140
-1.988377
-2.145696
-2.268227
-2.330355
-2.319093
-2.228647
-2.139728
-2.028605
-1.935016
-1.918435
-1.955669
-1.986745
-2.012560
-2.031702
-2.038572
-2.025768
-1.987237
-1.930178
-1.862220
-1.871211
-2.005141
-2.159719
-2.276638
-2.339068
-2.324089
-2.234527
-2.148482
-2.033456
-1.928648
-1.883273
-1.913592
-1.952604
-1.981751
-2.005172
-2.015722
-2.005892
-1.971169
-1.916861
-1.850155
-1.847304
-1.971428
-2.129143
-2.255902
-2.315989
-2.291105
-2.197032
-2.108971
-2.004982
-1.904832
-1.861516
-1.912510
-1.953356
-1.984479
-2.010778
-2.024101
-2.016593
-1.983776
-1.929980
-1.863704
-1.873497
-2.005192
-2.158244
-2.276104
-2.330850
-2.305312
-2.209243
-2.118448
-2.007716
-1.907595
-1.867341
-1.911901
-1.944858
-1.970414
-1.988645
-1.993811
-1.980175
-1.940752
-1.881925
-1.811370
-1.825859
-1.957641
-2.117962
-2.232814
-2.294768
-2.287059
-2.199992
-2.113288
-2.002885
-1.896678
-1.844714
-1.879805
-1.912413
-1.936742
-1.955076
-1.960983
-1.947482
-1.908444
-1.850923
-1.782168
-1.794270
-1.919390
-2.077965
-2.194161
-2.260161
-2.263815
-2.184705
-2.104345
-2.001616
-1.893408
-1.841797
-1.870524
-1.905613
-1.931408
-1.952379
-1.960430
-1.948333
-1.911549
-1.855443
-1.786975
-1.790533
-1.917711
-2.075419
-2.202465
-2.266406
-2.260233
-2.174704
-2.092134
-1.992370
-1.884642
-1.833423
-1.870213
-1.909113
-1.939021
-1.964333
-1.977103
-1.969443
-1.937114
-1.884064
-1.818412
-1.826759
-1.949502
-2.106857
-2.220075
-2.286086
-2.281921
-2.194947
-2.111156
-2.006412
-1.905250
-1.858751
-1.896503
-1.922377
-1.939545
-1.951089
-1.950065
-1.928404
-1.881666
-1.817958
-1.743179
-1.749042
-1.881004
-2.026803
-2.172294
-2.247708
-2.247245
-2.165579
-2.083977
-1.986480
-1.871161
-1.818285
-1.836686
-1.881518
-1.914347
-1.942913
-1.959862
-1.954454
-1.925362
-1.876118
-1.813271
-1.811708
-1.928248
-2.089549
-2.213787
-2.281394
-2.258784
-2.162583
-2.076513
-1.977333
-1.870090
-1.819665
-1.864852
-1.905787
-1.938614
-1.965956
-1.980134
-1.973658
-1.942568
-1.890255
-1.825051
-1.837010
-1.964279
-2.121753
-2.235327
-2.300288
-2.292559
-2.201240
-2.115419
-2.008815
-1.906955
-1.872036
-1.905630
-1.929731
-1.947609
-1.959151
-1.959245
-1.939690
-1.894632
-1.832524
-1.760188
-1.769641
-1.890875
-2.043662
-2.184856
-2.261475
-2.267816
-2.187179
-2.105890
-2.008622
-1.893461
-1.840004
-1.853053
-1.903157
-1.940524
-1.974149
-1.994697
-1.992081
-1.965653
-1.918566
-1.857540
-1.852045
-1.969259
-2.122166
-2.245779
-2.311897
-2.282820
-2.182209
-2.095155
-1.995647
-1.897534
-1.863950
-1.916726
-1.953919
-1.986086
-2.012840
-2.026946
-2.020751
-1.990570
-1.939094
-1.874742
-1.880211
-2.011815
-2.155708
-2.275864
-2.341546
-2.316320
-2.214834
-2.121792
-2.005505
-1.913359
-1.925714
-1.949326
-1.972270
-1.990153
-2.000973
-2.000884
-1.981912
-1.937694
-1.876402
-1.806095
-1.819710
-1.946452
-2.099694
-2.234229
-2.311275
-2.319965
-2.243763
-2.164181
-2.043799
-1.925995
-1.881784
-1.907068
-1.953798
-1.987442
-2.015758
-2.031837
-2.028540
-2.001466
-1.953854
-1.893602
-1.884523
-1.983586
-2.109373
-2.242888
-2.315866
-2.302140
-2.215768
-2.124830
-2.013147
-1.922043
-1.929610
-1.972628
-2.010824
-2.042862
-2.067391
-2.079648
-2.072644
-2.040539
-1.987538
-1.922308
-1.926466
-2.044062
-2.196770
-2.310249
-2.378269
-2.365424
-2.269988
-2.169979
-2.044085
-1.957566
-1.992994
-2.016371
-2.040018
-2.059684
-2.072963
-2.073458
-2.055530
-2.012011
-1.951930
-1.883974
-1.899872
-2.026652
-2.178082
-2.288782
-2.362194
-2.380216
-2.307676
-2.225989
-2.098235
-1.995892
-1.965189
-2.003870
-2.034713
-2.060037
-2.073044
-2.072877
-2.054212
-2.012308
-1.953143
-1.883449
-1.875622
-1.971772
-2.103933
-2.243292
-2.316164
-2.300522
-2.213095
-2.122943
-2.015743
-1.920216
-1.898116
-1.951594
-1.991452
-2.027507
-2.055685
-2.070317
-2.065557
-2.036097
-1.985915
-1.923009
-1.932377
-2.058624
-2.210321
-2.316766
-2.377042
-2.360703
-2.267541
-2.170587
-2.047072
-1.962471
-1.994941
-2.014426
-2.033858
-2.049042
-2.057244
-2.054023
-2.031163
-1.982590
-1.919181
-1.847703
-1.857401
-1.989331
-2.131529
-2.260268
-2.340646
-2.343757
-2.265463
-2.185903
-2.062946
-1.954706
-1.917983
-1.951644
-1.997825
-2.032009
-2.059963
-2.074106
-2.068351
-2.038446
-1.988846
-1.926736
-1.913894
-2.005753
-2.141934
-2.267542
-2.334871
-2.304311
-2.210448
-2.117359
-2.007904
-1.926976
-1.957613
-2.005987
-2.049533
-2.086629
-2.116331
-2.132395
-2.128490
-2.099650
-2.050087
-1.988163
-1.985005
-2.097854
-2.246574
-2.343898
-2.406444
-2.380579
-2.277170
-2.176788
-2.051762
-1.976012
-2.027295
-2.059438
-2.091722
-2.118866
-2.138938
-2.145153
-2.132274
-2.093043
-2.034846
-1.966346
-1.979147
-2.130219
-2.270091
-2.363345
-2.419976
-2.410058
-2.315897
-2.224466
-2.090397
-1.989994
-2.009315
-2.037630
-2.064512
-2.088417
-2.104224
-2.107102
-2.091349
-2.050238
-1.992616
-1.925588
-1.956349
-2.070985
-2.208266
-2.319521
-2.380600
-2.357542
-2.264432
-2.181861
-2.070683
-1.965658
-1.932802
-1.959112
-2.014763
-2.058238
-2.095610
-2.114781
-2.111029
-2.080062
-2.028149
-1.961024
-1.982860
-2.080335
-2.221752
-2.324235
-2.370567
-2.312683
-2.204524
-2.101941
-1.991298
-1.931333
-1.986045
-2.021510
-2.061390
-2.087746
-2.111303
-2.120756
-2.110854
-2.073714
-2.018701
-1.952289
-1.974577
-2.098771
-2.233650
-2.334857
-2.395139
-2.368101
-2.267444
-2.167101
-2.047476
-1.973819
-2.013078
-2.032447
-2.058130
-2.072055
-2.081548
-2.078543
-2.055173
-2.003982
-1.937816
-1.862025
-1.897811
-2.040004
-2.195470
-2.307224
-2.378568
-2.362056
-2.270596
-2.183786
-2.060967
-1.961312
-1.951295
-1.997246
-2.042892
-2.075961
-2.103916
-2.115795
-2.108375
-2.073004
-2.019217
-1.953394
-1.979789
-2.112319
-2.256805
-2.352557
-2.400109
-2.363014
-2.265167
-2.172049
-2.058078
-1.971995
-1.987082
-2.023699
-2.062258
-2.088527
-2.109611
-2.115127
-2.100173
-2.056471
-1.996194
-1.925017
-1.965652
-2.100394
-2.247254
-2.345613
-2.403605
-2.375530
-2.281209
-2.190566
-2.065043
-1.975647
-1.988129
-2.025097
-2.064328
-2.091015
-2.112793
-2.118923
-2.105070
-2.062778
-2.004493
-1.935649
-1.965053
-2.100997
-2.246690
-2.343700
-2.402161
-2.372516
-2.279708
-2.191811
-2.069666
-1.977583
-1.970083
-2.011360
-2.052755
-2.081248
-2.104778
-2.112157
-2.098511
-2.056538
-1.997988
-1.927924
-1.952084
-2.074810
-2.227539
-2.331096
-2.384897
-2.344569
-2.249721
-2.157146
-2.041238
-1.956038
-1.965104
-2.008812
-2.053100
-2.084022
-2.108123
-2.116582
-2.106350
-2.067494
-2.010435
-1.811404
-1.871297
-1.928766
-1.917783
-1.914127
-1.905000
-1.891547
-1.868324
-1.834114
-1.798308
-1.759286
-1.719829
-1.678379
-1.635405
-1.587694
-1.535018
-1.474486
-1.404751
-1.323426
-1.229734
-1.121058
-0.992501
-0.840678
-0.952920
-0.995080
-1.175669
-1.355872
-1.520362
-1.665542
-1.775299
-1.751872
-1.596719
-1.468601
-1.338675
-1.271089
-1.290371
-1.289397
-1.267746
-1.230110
-1.177774
-1.111957
-1.026342
-0.914523
-0.906468
-0.907930
-1.092844
-1.278477
-1.451749
-1.615241
-1.771163
-1.850293
-1.777108
-1.651422
-1.593853
-1.633970
-1.705243
-1.757366
-1.765444
-1.750348
-1.704841
-1.630637
-1.535125
-1.415738
-1.455979
-1.613259
-1.779109
-1.940197
-2.064780
-2.118977
-2.128801
-2.074243
-1.947014
-1.795610
-1.729930
-1.694228
-1.761746
-1.810395
-1.833359
-1.830988
-1.791119
-1.716487
-1.615968
-1.489233
-1.495253
-1.597160
-1.761887
-1.924783
-2.062638
-2.125041
-2.117058
-2.046179
-1.925753
-1.796586
-1.728829
-1.681383
-1.727155
-1.784051
-1.822717
-1.840229
-1.820790
-1.761780
-1.673254
-1.560601
-1.556411
-1.652075
-1.818035
-1.979216
-2.113347
-2.161933
-2.134858
-2.058465
-1.937122
-1.809039
-1.769272
-1.744550
-1.801653
-1.859823
-1.899934
-1.917261
-1.894380
-1.830955
-1.738923
-1.623036
-1.558607
-1.636808
-1.801291
-1.964795
-2.106899
-2.188139
-2.142389
-2.031089
-1.918389
-1.804627
-1.777228
-1.770766
-1.846607
-1.899443
-1.936784
-1.952737
-1.928327
-1.862734
-1.768000
-1.648961
-1.583640
-1.687785
-1.850357
-2.013511
-2.149230
-2.212808
-2.154838
-2.029009
-1.901900
-1.771824
-1.741805
-1.795932
-1.852470
-1.891901
-1.917180
-1.922455
-1.893662
-1.830761
-1.744834
-1.636620
-1.588179
-1.671521
-1.837832
-2.000350
-2.135571
-2.200999
-2.175214
-2.072957
-1.951980
-1.826688
-1.797868
-1.797529
-1.851139
-1.897293
-1.925233
-1.933503
-1.903767
-1.836414
-1.744441
-1.626118
-1.562081
-1.622928
-1.797981
-1.963165
-2.111954
-2.199361
-2.187935
-2.046681
-1.893703
-1.825115
-1.869706
-1.875957
-1.869213
-1.851492
-1.822704
-1.782418
-1.723562
-1.639927
-1.537906
-1.416944
-1.397600
-1.540885
-1.707642
-1.875193
-2.025388
-2.103433
-2.151919
-2.115893
-1.965150
-1.858682
-1.817570
-1.805371
-1.848515
-1.875032
-1.880475
-1.866054
-1.821463
-1.746955
-1.648408
-1.525502
-1.468004
-1.557689
-1.722412
-1.888410
-2.043617
-2.123214
-2.106589
-1.992642
-1.870216
-1.745672
-1.707423
-1.766116
-1.823098
-1.864523
-1.891248
-1.900901
-1.877609
-1.820217
-1.736248
-1.626876
-1.568927
-1.654029
-1.819571
-1.984078
-2.121391
-2.198481
-2.144190
-2.011575
-1.895369
-1.773494
-1.815280
-1.850616
-1.869657
-1.877536
-1.869087
-1.845985
-1.793881
-1.713605
-1.610182
-1.481606
-1.433263
-1.570062
-1.738333
-1.906382
-2.061102
-2.152282
-2.135953
-2.007999
-1.870036
-1.748897
-1.808492
-1.815509
-1.808425
-1.792535
-1.762932
-1.723347
-1.661316
-1.573006
-1.463574
-1.330451
-1.291127
-1.449412
-1.617414
-1.788756
-1.951628
-2.062183
-2.101828
-2.018757
-1.874161
-1.754127
-1.775857
-1.807545
-1.820158
-1.822557
-1.801117
-1.764064
-1.704255
-1.619084
-1.513615
-1.385089
-1.338433
-1.475508
-1.642124
-1.810340
-1.972258
-2.072815
-2.087519
-1.989013
-1.850606
-1.711555
-1.662995
-1.728488
-1.764592
-1.787379
-1.792739
-1.782020
-1.740840
-1.669824
-1.575579
-1.456379
-1.412947
-1.541845
-1.708449
-1.876305
-2.034943
-2.126374
-2.112451
-1.999830
-1.866292
-1.729768
-1.725529
-1.770913
-1.795794
-1.809148
-1.805178
-1.786463
-1.739460
-1.663541
-1.564362
-1.440361
-1.396226
-1.534963
-1.702696
-1.871233
-2.030173
-2.122577
-2.115428
-2.005768
-1.874051
-1.738068
-1.721584
-1.774229
-1.802911
-1.820337
-1.821232
-1.807573
-1.765279
-1.693773
-1.598485
-1.478387
-1.432281
-1.559253
-1.725555
-1.893831
-2.050772
-2.141417
-2.127648
-2.010143
-1.877326
-1.749669
-1.782550
-1.806870
-1.815172
-1.813762
-1.797563
-1.768910
-1.715416
-1.634783
-1.531553
-1.404293
-1.359173
-1.503439
-1.670873
-1.840304
-2.001688
-2.106707
-2.114650
-2.009552
-1.873158
-1.752030
-1.792239
-1.813669
-1.818328
-1.813976
-1.791876
-1.756970
-1.698230
-1.613945
-1.507293
-1.376900
-1.331051
-1.475809
-1.643275
-1.812505
-1.974675
-2.082502
-2.098079
-2.001396
-1.866959
-1.740366
-1.749155
-1.787419
-1.806165
-1.814275
-1.800987
-1.772377
-1.719373
-1.640526
-1.539353
-1.413549
-1.368668
-1.500333
-1.668272
-1.837057
-1.998476
-2.103551
-2.106071
-2.005550
-1.875343
-1.744610
-1.750022
-1.791137
-1.811460
-1.821051
-1.808968
-1.780961
-1.725930
-1.644495
-1.540657
-1.412195
-1.367005
-1.498110
-1.666758
-1.835573
-1.996937
-2.100775
-2.106877
-2.003466
-1.865280
-1.728700
-1.743096
-1.779024
-1.795617
-1.801049
-1.790318
-1.766308
-1.714943
-1.634863
-1.533224
-1.408347
-1.364179
-1.501611
-1.667551
-1.836004
-1.997341
-2.098229
-2.101567
-1.994995
-1.856603
-1.724429
-1.732508
-1.766805
-1.783937
-1.789748
-1.778989
-1.754314
-1.702962
-1.623773
-1.522509
-1.396233
-1.352176
-1.492382
-1.660518
-1.829907
-1.991204
-2.089838
-2.098237
-1.996677
-1.860175
-1.720355
-1.679317
-1.744314
-1.777128
-1.797921
-1.802962
-1.792903
-1.752714
-1.682552
-1.588239
-1.468664
-1.423652
-1.544327
-1.711254
-1.879650
-2.038423
-2.135435
-2.121156
-2.009412
-1.877170
-1.746007
-1.771296
-1.798001
-1.807486
-1.806879
-1.790904
-1.762509
-1.708499
-1.626895
-1.522393
-1.393671
-1.348185
-1.490819
-1.658080
-1.827361
-1.989084
-2.097476
-2.103369
-2.000345
-1.866507
-1.741457
-1.769296
-1.798803
-1.809639
-1.810559
-1.794639
-1.765572
-1.711068
-1.629821
-1.525704
-1.397698
-1.350571
-1.487689
-1.654166
-1.822896
-1.984667
-2.095398
-2.101662
-2.001388
-1.872836
-1.748055
-1.766939
-1.803584
-1.820879
-1.827397
-1.812581
-1.782842
-1.728327
-1.647652
-1.544288
-1.416296
-1.368621
-1.496572
-1.664000
-1.832710
-1.993934
-2.099921
-2.104266
-2.003726
-1.875762
-1.744244
-1.723389
-1.781838
-1.811240
-1.829631
-1.830983
-1.817097
-1.773581
-1.699749
-1.601489
-1.477594
-1.429844
-1.554456
-1.719926
-1.887216
-2.043561
-2.127193
-2.101260
-1.988632
-1.865211
-1.737943
-1.686491
-1.727148
-1.788252
-1.832787
-1.862322
-1.875241
-1.854859
-1.799568
-1.716324
-1.607138
-1.551623
-1.631469
-1.796301
-1.962257
-2.106246
-2.186846
-2.140916
-2.011289
-1.894345
-1.770780
-1.818571
-1.847098
-1.859221
-1.860710
-1.847480
-1.821440
-1.769224
-1.688135
-1.582490
-1.451706
-1.399299
-1.533289
-1.699653
-1.868349
-2.025201
-2.126098
-2.103860
-1.970895
-1.829331
-1.727925
-1.784978
-1.785035
-1.771496
-1.749917
-1.709601
-1.658987
-1.590151
-1.498268
-1.383645
-1.245207
-1.210933
-1.370941
-1.543198
-1.715162
-1.879711
-2.001296
-2.074669
-2.028907
-1.887228
-1.754978
-1.702788
-1.735294
-1.792958
-1.834922
-1.851253
-1.846368
-1.810355
-1.743864
-1.654736
-1.541022
-1.490272
-1.581630
-1.744285
-1.908489
-2.065544
-2.150012
-2.134305
-2.028277
-1.898459
-1.766068
-1.767448
-1.817010
-1.845573
-1.861680
-1.857240
-1.836389
-1.786156
-1.707996
-1.607904
-1.483692
-1.437661
-1.550902
-1.716327
-1.882492
-2.042521
-2.140215
-2.139769
-2.037039
-1.896711
-1.758426
-1.753036
-1.796883
-1.819611
-1.830421
-1.819288
-1.792102
-1.740196
-1.661231
-1.560341
-1.434690
-1.391481
-1.519738
-1.685253
-1.852277
-2.013723
-2.116064
-2.129595
-2.036378
-1.897593
-1.760369
-1.721846
-1.787132
-1.817731
-1.836583
-1.831984
-1.809489
-1.758459
-1.680521
-1.581654
-1.458315
-1.415747
-1.532531
-1.697912
-1.864199
-2.025576
-2.125804
-2.132676
-2.034898
-1.888090
-1.750006
-1.767579
-1.792652
-1.800058
-1.797625
-1.778256
-1.745169
-1.686294
-1.600892
-1.493732
-1.362802
-1.322442
-1.468074
-1.634554
-1.802302
-1.965406
-2.071337
-2.103557
-2.020937
-1.874192
-1.730256
-1.665517
-1.703053
-1.764471
-1.808050
-1.837148
-1.848916
-1.827889
-1.773471
-1.692047
-1.584590
-1.531699
-1.602204
-1.766251
-1.931924
-2.084549
-2.168045
-2.150490
-2.038965
-1.913707
-1.788950
-1.741973
-1.794687
-1.853594
-1.896207
-1.926674
-1.939194
-1.920505
-1.867418
-1.787319
-1.682217
-1.619002
-1.693717
-1.851220
-2.014920
-2.150079
-2.226725
-2.191795
-2.061779
-1.934645
-1.915294
-1.943677
-1.941292
-1.928270
-1.907626
-1.873380
-1.829477
-1.762721
-1.668446
-1.552848
-1.415816
-1.389942
-1.552602
-1.722077
-1.890371
-2.047213
-2.138426
-2.185024
-2.140038
-2.008471
-1.884672
-1.827162
-1.843560
-1.900259
-1.940623
-1.954306
-1.945754
-1.907422
-1.839192
-1.746893
-1.630765
-1.580462
-1.663669
-1.823775
-1.986907
-2.131378
-2.198283
-2.172992
-2.062659
-1.938599
-1.806105
-1.776850
-1.841265
-1.879552
-1.904849
-1.914739
-1.908549
-1.872152
-1.803214
-1.708162
-1.588325
-1.537351
-1.639207
-1.801115
-1.966119
-2.111141
-2.192957
-2.171370
-2.058973
-1.937468
-1.809576
-1.767705
-1.839941
-1.884149
-1.914518
-1.930231
-1.929708
-1.898173
-1.832453
-1.739531
-1.622180
-1.566827
-1.658289
-1.819688
-1.984208
-2.126601
-2.206581
-2.176750
-2.059226
-1.938711
-1.815675
-1.801569
-1.860619
-1.896615
-1.919784
-1.927831
-1.920569
-1.884140
-1.815439
-1.721090
-1.602365
-1.547283
-1.643367
-1.804802
-1.969939
-2.115867
-2.198734
-2.183392
-2.072089
-1.951205
-1.825323
-1.825851
-1.869487
-1.894236
-1.906799
-1.900860
-1.880112
-1.832234
-1.754556
-1.654568
-1.530743
-1.484075
-1.593631
-1.756164
-1.922344
-2.078331
-2.168611
-2.170245
-2.073081
-1.944430
-1.809465
-1.761516
-1.824041
-1.858740
-1.880386
-1.885233
-1.874416
-1.833914
-1.762287
-1.666329
-1.545408
-1.497497
-1.598129
-1.759609
-1.924962
-2.080021
-2.170536
-2.159787
-2.055183
-1.928660
-1.793557
-1.766269
-1.819657
-1.849023
-1.866303
-1.865689
-1.850062
-1.806012
-1.731687
-1.633484
-1.510397
-1.465202
-1.575115
-1.737832
-1.903875
-2.061827
-2.159640
-2.154821
-2.052844
-1.921753
-1.787037
-1.794269
-1.827397
-1.842355
-1.846010
-1.831860
-1.803995
-1.750059
-1.668378
-1.564087
-1.436162
-1.391798
-1.514934
-1.679299
-1.846571
-2.008382
-2.118896
-2.134221
-2.048129
-1.917847
-1.778790
-1.725346
-1.789331
-1.817946
-1.834101
-1.827610
-1.803838
-1.753294
-1.676890
-1.581233
-1.461830
-1.381337
-1.466201
-1.636914
-1.805932
-1.969458
-2.096091
-2.123146
-2.039793
-1.892108
-1.756068
-1.774096
-1.800849
-1.804488
-1.799188
-1.776035
-1.740399
-1.682428
-1.598993
-1.493590
-1.364885
-1.277521
-1.397316
-1.569065
-1.739612
-1.905094
-2.033608
-2.094203
-2.031432
-1.880429
-1.740002
-1.685002
-1.745750
-1.766005
-1.775626
-1.764519
-1.736804
-1.685582
-1.609522
-1.511642
-1.389228
-1.306307
-1.411950
-1.582706
-1.751295
-1.916279
-2.042557
-2.087367
-2.020800
-1.874945
-1.726693
-1.651913
-1.714388
-1.741435
-1.756707
-1.753757
-1.735085
-1.691724
-1.622272
-1.528949
-1.410074
-1.329356
-1.430869
-1.600918
-1.770104
-1.934786
-2.060764
-2.106287
-2.038916
-1.894308
-1.752346
-1.689086
-1.750749
-1.774280
-1.787386
-1.780670
-1.757349
-1.707580
-1.631645
-1.534303
-1.413068
-1.331311
-1.432516
-1.602526
-1.770742
-1.935667
-2.063751
-2.099132
-2.026198
-1.877763
-1.734426
-1.703174
-1.744840
-1.756339
-1.758213
-1.745284
-1.720469
-1.671188
-1.594422
-1.494052
-1.370560
-1.286512
-1.399915
-1.570645
-1.740703
-1.906204
-2.034310
-2.094135
-2.034047
-1.884702
-1.742255
-1.666914
-1.729954
-1.758140
-1.775126
-1.773041
-1.753759
-1.707484
-1.634871
-1.541437
-1.423942
-1.344382
-1.435035
-1.604372
-1.772790
-1.937659
-2.068993
-2.105691
-2.035859
-1.890512
-1.751322
-1.742423
-1.774608
-1.782136
-1.780481
-1.760927
-1.727898
-1.671755
-1.589725
-1.484879
-1.356128
-1.269622
-1.387334
-1.557490
-1.727368
-1.893353
-2.026923
-2.086138
-2.026178
-1.875118
-1.731449
-1.684165
-1.733636
-1.749976
-1.756327
-1.747237
-1.725639
-1.679942
-1.607010
-1.510201
-1.390254
-1.309039
-1.410075
-1.579118
-1.748358
-1.913699
-2.043115
-2.098772
-2.040216
-1.895176
-1.754303
-1.682470
-1.744711
-1.771122
-1.786508
-1.781441
-1.759556
-1.711792
-1.637316
-1.541159
-1.420992
-1.339350
-1.432272
-1.600756
-1.769018
-1.933913
-2.066306
-2.101327
-2.031517
-1.891651
-1.747020
-1.704534
-1.755325
-1.772762
-1.779951
-1.768969
-1.743389
-1.692626
-1.615209
-1.514264
-1.388828
-1.303850
-1.412706
-1.583383
-1.752983
-1.917881
-2.049415
-2.093095
-2.028257
-1.888631
-1.739862
-1.661847
-1.727245
-1.755180
-1.771909
-1.772322
-1.758089
-1.716054
-1.645685
-1.551114
-1.431842
-1.351074
-1.445901
-1.615282
-1.784396
-1.948696
-2.078763
-2.113122
-2.041633
-1.903240
-1.761098
-1.723024
-1.770024
-1.785754
-1.791505
-1.779498
-1.753110
-1.701698
-1.624024
-1.523096
-1.398481
-1.314168
-1.420751
-1.590233
-1.759369
-1.924584
-2.059025
-2.101071
-2.038458
-1.899137
-1.754607
-1.713381
-1.759470
-1.772559
-1.776042
-1.762740
-1.736481
-1.686426
-1.609403
-1.507903
-1.382681
-1.297510
-1.407484
-1.576206
-1.745619
-1.911054
-2.045665
-2.095126
-2.036325
-1.899871
-1.753694
-1.674299
-1.737154
-1.772846
-1.796245
-1.804058
-1.796543
-1.759251
-1.691643
-1.598580
-1.480917
-1.401590
-1.479378
-1.644511
-1.811778
-1.975141
-2.103640
-2.125540
-2.047862
-1.916028
-1.775788
-1.730569
-1.782027
-1.800449
-1.808372
-1.800532
-1.780752
-1.734715
-1.659005
-1.558043
-1.433111
-1.348146
-1.449147
-1.616347
-1.785283
-1.949374
-2.080862
-2.115590
-2.045244
-1.912614
-1.772751
-1.693081
-1.758538
-1.791761
-1.813071
-1.820258
-1.814080
-1.780711
-1.715842
-1.623075
-1.505122
-1.425935
-1.505352
-1.669095
-1.836528
-1.998292
-2.120244
-2.142145
-2.061882
-1.937352
-1.810666
-1.735483
-1.803368
-1.838179
-1.860553
-1.869432
-1.864942
-1.831874
-1.766503
-1.672685
-1.554150
-1.474136
-1.544849
-1.708645
-1.875920
-2.034958
-2.145171
-2.156046
-2.066078
-1.944561
-1.827417
-1.750930
-1.758414
-1.830586
-1.881554
-1.919863
-1.944291
-1.935149
-1.887132
-1.807761
-1.703193
-1.616762
-1.644167
-1.803535
-1.969457
-2.117027
-2.205447
-2.202189
-2.100714
-1.978787
-1.868234
-1.802193
-1.825964
-1.887794
-1.930678
-1.963468
-1.982835
-1.969493
-1.918948
-1.837460
-1.731194
-1.642671
-1.651393
-1.809377
-1.974573
-2.119455
-2.210114
-2.220979
-2.124941
-1.992740
-1.860975
-1.841435
-1.871873
-1.879432
-1.876322
-1.858732
-1.829985
-1.774726
-1.690339
-1.582454
-1.454497
-1.368632
-1.476988
-1.643487
-1.812590
-1.974810
-2.086753
-2.133934
-2.076416
-1.933213
-1.783489
-1.704916
-1.699181
-1.754115
-1.787200
-1.805271
-1.806345
-1.776764
-1.713712
-1.621762
-1.505759
-1.426972
-1.477262
-1.640220
-1.807071
-1.969991
-2.093373
-2.108976
-2.024103
-1.898336
-1.777551
-1.697928
-1.695220
-1.732892
-1.792199
-1.838734
-1.867235
-1.865623
-1.826854
-1.758285
-1.663958
-1.584774
-1.623795
-1.785283
-1.952814
-2.105636
-2.201633
-2.189353
-2.072696
-1.940881
-1.853371
-1.912020
-1.918834
-1.909448
-1.892030
-1.859998
-1.821967
-1.763584
-1.678039
-1.568090
-1.436648
-1.285061
-1.415967
-1.583536
-1.756261
-1.920185
-2.058435
-2.134458
-2.082199
-1.942947
-1.811544
-1.743651
-1.807970
-1.834342
-1.848787
-1.845122
-1.821596
-1.776543
-1.702733
-1.607419
-1.489227
-1.348071
-1.452600
-1.616817
-1.785918
-1.949394
-2.084711
-2.117369
-2.039020
-1.910838
-1.793391
-1.713906
-1.780694
-1.822718
-1.850100
-1.864916
-1.861369
-1.831252
-1.767320
-1.675621
-1.560214
-1.422011
-1.509195
-1.672396
-1.840253
-2.001362
-2.122019
-2.136698
-2.044995
-1.917010
-1.797413
-1.710501
-1.724909
-1.790941
-1.835738
-1.866782
-1.887523
-1.879130
-1.831861
-1.753867
-1.650438
-1.524243
-1.570144
-1.734157
-1.902204
-2.058656
-2.163043
-2.171082
-2.069904
-1.945336
-1.837806
-1.760627
-1.801050
-1.862789
-1.907107
-1.941287
-1.963635
-1.957179
-1.911822
-1.836783
-1.736993
-1.615819
-1.624138
-1.787565
-1.954432
-2.105889
-2.200449
-2.196808
-2.088211
-1.956924
-1.839161
-1.784837
-1.836296
-1.850947
-1.855855
-1.847847
-1.826502
-1.782675
-1.709032
-1.611360
-1.490542
-1.345431
-1.452182
-1.618972
-1.790741
-1.954046
-2.087678
-2.139548
-2.064172
-1.920188
-1.781000
-1.773083
-1.790701
-1.782398
-1.770309
-1.743130
-1.707033
-1.655447
-1.575716
-1.470016
-1.342391
-1.191084
-1.333093
-1.500874
-1.673507
-1.841670
-1.989784
-2.071521
-2.045280
-1.899371
-1.757382
-1.701371
-1.747887
-1.756701
-1.758898
-1.745154
-1.718119
-1.673088
-1.600868
-1.503932
-1.382867
-1.235772
-1.358735
-1.523007
-1.692933
-1.860365
-2.007150
-2.076532
-2.026655
-1.881529
-1.736779
-1.684521
-1.730966
-1.739943
-1.742294
-1.728668
-1.702228
-1.657032
-1.582932
-1.482732
-1.358769
-1.208991
-1.341509
-1.508623
-1.680076
-1.847485
-1.994972
-2.072136
-2.033426
-1.891256
-1.738860
-1.645249
-1.707026
-1.728038
-1.741315
-1.737030
-1.718779
-1.674914
-1.599631
-1.500344
-1.378082
-1.229887
-1.361390
-1.529159
-1.699591
-1.866177
-2.011827
-2.068567
-2.016268
-1.877355
-1.722581
-1.627842
-1.676211
-1.713453
-1.740755
-1.748947
-1.741095
-1.706090
-1.639192
-1.548846
-1.435637
-1.296224
-1.410496
-1.574021
-1.740549
-1.906140
-2.051353
-2.102664
-2.055380
-1.920359
-1.766664
-1.678461
-1.694350
-1.754454
-1.798619
-1.826033
-1.838757
-1.823430
-1.771631
-1.690471
-1.585090
-1.456352
-1.518042
-1.678441
-1.844167
-2.006211
-2.127794
-2.156741
-2.074904
-1.938254
-1.805361
-1.736655
-1.800153
-1.826658
-1.842712
-1.846703
-1.832791
-1.795644
-1.728065
-1.637764
-1.524282
-1.387625
-1.495122
-1.658505
-1.826424
-1.989190
-2.122830
-2.166947
-2.098654
-1.964306
-1.834323
-1.828131
-1.863645
-1.872469
-1.871838
-1.852287
-1.815200
-1.761034
-1.680563
-1.578034
-1.453568
-1.305270
-1.451384
-1.617876
-1.786757
-1.951370
-2.088071
-2.142543
-2.096040
-1.966743
-1.820503
-1.737399
-1.773327
-1.822640
-1.857782
-1.874735
-1.869626
-1.838466
-1.775383
-1.686897
-1.575230
-1.439964
-1.526845
-1.688610
-1.853414
-2.015323
-2.134469
-2.146012
-2.061719
-1.927199
-1.788576
-1.701288
-1.731525
-1.788901
-1.831971
-1.858387
-1.869411
-1.852944
-1.800650
-1.721571
-1.618336
-1.492175
-1.548900
-1.710333
-1.876330
-2.036716
-2.152593
-2.173830
-2.084718
-1.946342
-1.817241
-1.837776
-1.862463
-1.866907
-1.864003
-1.843928
-1.811301
-1.753762
-1.668068
-1.561104
-1.431744
-1.345135
-1.478928
-1.646240
-1.815178
-1.978355
-2.108814
-2.154090
-2.101954
-1.978620
-1.837009
-1.757301
-1.786403
-1.844015
-1.887190
-1.912871
-1.917573
-1.891066
-1.832198
-1.745485
-1.635669
-1.556923
-1.603631
-1.761652
-1.924604
-2.082269
-2.184173
-2.178455
-2.086439
-1.963563
-1.835810
-1.757977
-1.763200
-1.831765
-1.882026
-1.920227
-1.943096
-1.933742
-1.885603
-1.807359
-1.704445
-1.617957
-1.634362
-1.791621
-1.957498
-2.107599
-2.200232
-2.201198
-2.108942
-1.987445
-1.872538
-1.815983
-1.812001
-1.862376
-1.911651
-1.946825
-1.963785
-1.947856
-1.893572
-1.811067
-1.702850
-1.607511
-1.620010
-1.779673
-1.947746
-2.101548
-2.197893
-2.225149
-2.121371
-1.967038
-1.835248
-1.886200
-1.899973
-1.896948
-1.885675
-1.861068
-1.827526
-1.774084
-1.695114
-1.595206
-1.475210
-1.396552
-1.532495
-1.696212
-1.864473
-2.021939
-2.114556
-2.160409
-2.165787
-2.031318
-1.900587
-1.834857
-1.804899
-1.841106
-1.868659
-1.874957
-1.859556
-1.815185
-1.738075
-1.635830
-1.513672
-1.431824
-1.496298
-1.659105
-1.823740
-1.985632
-2.090599
-2.108605
-2.033876
-1.908504
-1.774785
-1.691051
-1.684207
-1.715480
-1.779150
-1.829740
-1.858354
-1.856120
-1.813226
-1.739375
-1.638827
-1.556624
-1.628286
-1.791232
-1.957969
-2.108835
-2.200046
-2.201391
-2.091454
-1.951308
-1.876569
-1.924289
-1.927509
-1.916607
-1.897291
-1.862410
-1.821312
-1.759637
-1.670528
-1.560804
-1.432306
-1.347093
-1.500281
-1.668607
-1.836938
-1.996074
-2.096032
-2.149703
-2.140242
-2.004786
-1.866271
-1.792585
-1.772369
-1.815195
-1.858045
-1.878277
-1.876465
-1.841310
-1.771326
-1.672863
-1.550414
-1.467062
-1.523552
-1.688947
-1.855237
-2.015322
-2.122911
-2.131688
-2.038097
-1.902408
-1.771364
-1.701246
-1.694014
-1.730016
-1.792540
-1.839782
-1.868986
-1.865795
-1.821884
-1.746595
-1.645986
-1.561875
-1.613462
-1.775368
-1.942751
-2.093770
-2.187539
-2.176197
-2.057215
-1.919223
-1.823924
-1.883349
-1.894495
-1.891294
-1.878234
-1.848576
-1.811383
-1.753642
-1.669076
-1.562337
-1.434084
-1.347073
-1.476144
-1.644468
-1.815970
-1.976845
-2.089209
-2.150959
-2.113410
-1.973975
-1.839474
-1.773868
-1.772545
-1.832538
-1.880318
-1.904818
-1.908120
-1.877852
-1.812168
-1.721296
-1.606982
-1.521134
-1.584042
-1.748475
-1.916621
-2.071827
-2.171930
-2.156492
-2.038255
-1.897268
-1.766806
-1.787140
-1.827442
-1.846724
-1.854522
-1.845279
-1.824200
-1.779421
-1.811561
-1.868909
-1.907239
-1.900933
-1.889673
-1.873895
-1.853296
-1.827810
-1.797738
-1.762006
-1.720821
-1.672861
-1.617883
-1.554417
-1.482917
-1.402895
-1.314658
-1.217372
-1.110534
-0.992610
-0.861637
-0.837760
-0.837760
-0.837760
-0.837760
-0.837759
-0.837760
-0.837760
-0.837760
-0.837760
-0.837765
-0.837760
-0.838140
-0.837777
-0.837761
-0.837779
-0.837809
-0.837793
-0.847585
-0.992603
-1.077661
-1.811437
-1.868967
-1.900809
-1.888605
-1.871337
-1.848626
-1.821456
-1.792651
-1.755113
-1.709084
-1.668061
-1.621549
-1.567104
-1.514147
-1.455597
-1.393317
-1.329378
-1.261412
-1.286575
-1.448520
-1.578533
-1.685900
-1.761662
-1.783528
-1.759098
-1.707244
-1.625295
-1.505451
-1.345928
-1.194777
-1.183321
-1.175070
-1.176557
-1.187024
-1.195652
-1.197678
-1.194850
-1.186762
-1.247125
-1.408575
-1.547787
-1.686566
-1.767036
-1.796899
-1.784337
-1.753010
-1.703978
-1.635350
-1.514984
-1.410098
-1.445178
-1.488274
-1.525475
-1.561138
-1.591481
-1.608031
-1.614479
-1.612175
-1.653146
-1.736375
-1.839436
-1.944987
-2.029044
-2.040277
-2.001013
-1.962623
-1.920999
-1.866531
-1.787417
-1.791794
-1.814002
-1.836024
-1.854884
-1.871470
-1.884164
-1.884710
-1.878028
-1.866119
-1.887383
-1.959018
-2.042722
-2.143595
-2.214750
-2.200076
-2.134959
-2.065024
-1.993055
-1.921959
-1.844924
-1.789030
-1.817552
-1.840318
-1.856945
-1.870101
-1.880592
-1.882079
-1.874172
-1.858653
-1.851209
-1.885252
-1.988684
-2.076594
-2.148089
-2.149247
-2.061651
-1.987336
-1.930279
-1.881704
-1.796907
-1.765413
-1.768709
-1.771277
-1.767809
-1.762826
-1.755127
-1.743724
-1.730695
-1.714446
-1.710717
-1.750378
-1.883581
-2.013192
-2.080697
-2.083502
-2.002670
-1.935325
-1.879953
-1.822487
-1.748504
-1.742289
-1.747927
-1.753861
-1.760668
-1.768466
-1.772000
-1.765460
-1.755420
-1.741824
-1.736349
-1.805009
-1.918465
-2.037026
-2.114236
-2.113212
-2.047569
-1.986835
-1.930969
-1.871201
-1.802187
-1.808249
-1.826364
-1.844972
-1.863120
-1.877123
-1.890796
-1.897697
-1.895253
-1.886047
-1.884320
-1.930749
-2.028434
-2.132636
-2.208447
-2.202670
-2.129474
-2.060292
-1.995676
-1.928996
-1.863696
-1.863299
-1.874435
-1.886610
-1.897592
-1.906710
-1.914318
-1.913733
-1.904778
-1.889891
-1.880591
-1.924953
-2.022509
-2.125471
-2.196360
-2.187893
-2.101924
-2.029412
-1.966524
-1.909176
-1.835846
-1.820492
-1.830857
-1.841700
-1.853883
-1.865266
-1.874886
-1.873272
-1.864805
-1.850790
-1.844692
-1.905194
-2.010869
-2.113907
-2.181779
-2.171127
-2.085448
-2.016638
-1.958358
-1.904396
-1.832183
-1.817164
-1.831362
-1.845836
-1.860163
-1.872114
-1.883108
-1.883609
-1.876452
-1.863107
-1.859167
-1.913910
-2.016637
-2.115617
-2.186113
-2.176365
-2.091655
-2.021278
-1.960659
-1.903413
-1.831106
-1.817380
-1.829575
-1.842198
-1.855808
-1.868333
-1.879485
-1.879062
-1.870919
-1.856848
-1.852471
-1.909358
-2.013912
-2.115403
-2.184026
-2.172810
-2.086295
-2.014474
-1.953245
-1.897336
-1.823764
-1.801083
-1.813638
-1.826932
-1.840605
-1.852667
-1.863617
-1.863193
-1.855070
-1.840988
-1.836984
-1.894777
-2.000823
-2.105793
-2.175086
-2.163912
-2.078542
-2.007445
-1.947887
-1.893206
-1.819260
-1.796970
-1.809430
-1.822461
-1.836399
-1.849598
-1.861722
-1.861885
-1.854006
-1.840207
-1.837034
-1.894723
-2.000515
-2.109548
-2.180388
-2.168876
-2.087553
-2.017669
-1.959089
-1.904897
-1.832030
-1.810688
-1.824847
-1.839622
-1.854722
-1.869717
-1.883734
-1.887527
-1.881839
-1.870295
-1.867058
-1.922512
-2.023810
-2.124617
-2.194952
-2.183229
-2.102076
-2.029758
-1.968792
-1.914322
-1.842841
-1.817526
-1.832059
-1.846646
-1.861819
-1.874637
-1.886118
-1.886096
-1.878016
-1.863722
-1.858813
-1.912307
-2.015742
-2.121050
-2.191231
-2.179866
-2.094647
-2.022088
-1.962571
-1.908708
-1.837343
-1.817206
-1.829770
-1.842898
-1.857553
-1.872117
-1.885119
-1.886919
-1.879368
-1.866073
-1.862536
-1.918355
-2.022195
-2.127256
-2.198148
-2.187425
-2.106212
-2.034471
-1.975037
-1.921589
-1.850811
-1.828691
-1.843479
-1.858720
-1.873645
-1.886334
-1.897938
-1.898745
-1.891557
-1.878078
-1.873573
-1.926117
-2.027622
-2.125545
-2.198110
-2.189188
-2.105575
-2.032816
-1.972265
-1.916128
-1.846433
-1.832088
-1.844358
-1.857011
-1.871636
-1.886561
-1.899601
-1.901366
-1.893924
-1.880786
-1.876304
-1.931969
-2.035332
-2.135852
-2.205704
-2.195395
-2.111212
-2.037246
-1.976055
-1.922523
-1.851089
-1.826159
-1.842322
-1.858425
-1.874787
-1.888513
-1.901081
-1.902423
-1.895492
-1.882052
-1.877136
-1.929281
-2.031090
-2.131882
-2.201933
-2.191468
-2.103623
-2.028301
-1.967792
-1.914734
-1.843668
-1.819918
-1.831903
-1.844577
-1.858358
-1.871641
-1.882343
-1.881031
-1.872181
-1.857565
-1.851617
-1.911913
-2.016894
-2.124558
-2.194566
-2.182231
-2.098524
-2.027162
-1.971073
-1.921382
-1.848489
-1.823925
-1.839760
-1.855943
-1.873306
-1.890723
-1.906747
-1.911780
-1.906834
-1.895863
-1.893576
-1.948236
-2.046904
-2.144850
-2.217243
-2.207621
-2.129591
-2.056719
-1.997114
-1.944526
-1.876013
-1.853283
-1.870370
-1.887265
-1.904357
-1.919127
-1.931916
-1.932981
-1.925415
-1.911226
-1.905007
-1.953470
-2.051542
-2.152085
-2.222520
-2.210714
-2.124149
-2.048130
-1.987924
-1.936420
-1.866494
-1.842889
-1.855938
-1.869864
-1.885031
-1.900549
-1.912218
-1.912409
-1.903630
-1.889076
-1.882053
-1.939347
-2.036889
-2.141482
-2.214330
-2.201813
-2.117524
-2.045226
-1.988576
-1.938047
-1.864895
-1.843579
-1.858811
-1.874858
-1.891596
-1.908483
-1.924511
-1.930593
-1.926808
-1.917112
-1.916407
-1.972049
-2.067405
-2.163260
-2.240164
-2.233979
-2.159859
-2.088700
-2.028624
-1.974201
-1.904630
-1.884819
-1.906291
-1.927604
-1.947815
-1.963668
-1.978316
-1.984736
-1.980885
-1.970001
-1.964920
-2.005220
-2.094630
-2.188859
-2.263206
-2.256283
-2.173186
-2.097959
-2.037112
-1.982647
-1.917740
-1.906506
-1.919729
-1.933438
-1.948644
-1.963110
-1.974112
-1.973094
-1.964438
-1.949760
-1.940993
-1.989282
-2.086349
-2.181296
-2.251636
-2.241264
-2.150866
-2.073183
-2.012146
-1.961903
-1.892089
-1.868538
-1.884919
-1.901733
-1.919062
-1.935752
-1.949275
-1.951417
-1.943808
-1.929880
-1.921851
-1.974571
-2.065029
-2.158899
-2.242565
-2.234946
-2.156346
-2.087011
-2.033300
-1.980757
-1.910968
-1.902188
-1.913885
-1.926392
-1.940389
-1.954861
-1.969538
-1.975006
-1.970374
-1.960175
-1.960086
-2.029011
-2.117671
-2.211786
-2.280668
-2.264179
-2.184698
-2.102840
-2.030735
-1.965820
-1.891267
-1.836693
-1.860166
-1.878510
-1.895377
-1.908657
-1.921012
-1.922866
-1.916080
-1.902048
-1.894453
-1.930568
-2.025833
-2.116554
-2.191643
-2.193695
-2.090203
-2.006090
-1.947107
-1.901092
-1.828992
-1.805985
-1.814979
-1.824913
-1.832604
-1.839610
-1.843087
-1.837281
-1.826795
-1.811740
-1.805509
-1.862036
-1.962654
-2.065705
-2.129277
-2.126743
-2.047740
-1.978946
-1.926877
-1.877538
-1.812116
-1.805514
-1.818019
-1.831112
-1.842561
-1.854682
-1.861124
-1.857058
-1.845891
-1.829746
-1.822942
-1.878811
-1.975828
-2.077869
-2.149822
-2.145551
-2.076608
-2.009585
-1.956063
-1.900101
-1.838700
-1.846865
-1.860316
-1.874810
-1.889433
-1.903503
-1.913788
-1.913281
-1.903573
-1.888250
-1.882073
-1.933967
-2.027317
-2.121613
-2.193065
-2.189693
-2.113478
-2.040964
-1.976684
-1.913743
-1.849330
-1.850276
-1.865735
-1.882735
-1.899759
-1.915879
-1.930744
-1.935380
-1.931301
-1.920493
-1.917563
-1.964360
-2.052186
-2.142486
-2.214007
-2.212973
-2.136748
-2.064128
-1.999771
-1.938207
-1.875646
-1.876559
-1.892443
-1.909555
-1.926468
-1.941930
-1.954758
-1.958097
-1.951411
-1.938137
-1.932832
-1.977177
-2.063514
-2.155070
-2.222610
-2.217824
-2.137653
-2.064350
-2.001764
-1.943857
-1.880278
-1.876793
-1.890388
-1.905576
-1.920818
-1.936038
-1.948068
-1.949878
-1.942003
-1.928041
-1.921574
-1.973259
-2.057304
-2.145513
-2.207837
-2.196594
-2.109149
-2.032756
-1.970267
-1.917268
-1.846247
-1.820553
-1.838113
-1.856504
-1.874066
-1.891546
-1.907285
-1.911717
-1.906810
-1.894823
-1.892162
-1.940492
-2.029159
-2.120393
-2.190078
-2.186321
-2.106881
-2.036139
-1.976659
-1.918864
-1.854155
-1.852441
-1.864885
-1.878830
-1.894784
-1.913224
-1.929026
-1.931598
-1.925329
-1.913252
-1.911772
-1.965443
-2.054538
-2.153650
-2.225015
-2.222261
-2.151841
-2.081426
-2.019381
-1.961040
-1.895939
-1.887987
-1.909266
-1.931734
-1.952657
-1.969678
-1.985291
-1.993402
-1.990811
-1.981039
-1.977020
-2.022063
-2.099555
-2.191527
-2.258962
-2.250140
-2.166684
-2.089670
-2.025000
-1.968392
-1.902674
-1.888487
-1.906236
-1.925551
-1.943665
-1.959980
-1.973635
-1.977605
-1.971268
-1.958231
-1.953311
-1.995969
-2.078539
-2.165334
-2.233192
-2.228510
-2.146330
-2.071860
-2.010008
-1.953314
-1.890233
-1.888895
-1.902561
-1.917876
-1.933612
-1.950527
-1.963805
-1.964367
-1.955874
-1.940978
-1.934932
-1.985997
-2.072004
-2.164306
-2.229851
-2.221367
-2.138016
-2.063896
-2.002462
-1.947173
-1.879609
-1.866968
-1.884760
-1.904126
-1.923656
-1.942811
-1.960138
-1.966089
-1.962662
-1.952519
-1.951547
-1.999783
-2.082720
-2.180131
-2.252037
-2.249012
-2.173816
-2.100493
-2.037876
-1.980746
-1.915859
-1.905113
-1.925953
-1.948366
-1.968918
-1.986781
-2.002160
-2.008990
-2.004956
-1.993921
-1.988505
-2.030065
-2.104895
-2.188177
-2.252726
-2.246163
-2.163476
-2.084949
-2.021958
-1.969445
-1.904021
-1.887722
-1.903660
-1.921131
-1.937987
-1.954229
-1.966673
-1.966894
-1.958924
-1.944522
-1.935658
-1.977118
-2.060488
-2.151703
-2.219791
-2.213992
-2.131421
-2.057155
-2.002893
-1.953304
-1.891984
-1.890227
-1.902095
-1.915199
-1.930133
-1.945692
-1.956880
-1.955349
-1.946060
-1.931101
-1.924541
-1.974202
-2.056601
-2.158112
-2.235953
-2.232014
-2.157801
-2.085162
-2.025030
-1.965176
-1.897929
-1.894730
-1.911520
-1.930297
-1.949635
-1.969077
-1.987165
-1.995188
-1.993238
-1.984273
-1.985376
-2.043841
-2.117398
-2.211913
-2.281891
-2.275289
-2.201616
-2.119787
-2.046280
-1.975991
-1.908815
-1.877350
-1.895592
-1.914497
-1.931110
-1.943423
-1.953982
-1.953951
-1.945025
-1.928940
-1.920771
-1.954460
-2.035698
-2.122390
-2.191969
-2.197618
-2.118473
-2.036313
-1.974945
-1.920909
-1.853336
-1.839180
-1.846645
-1.855561
-1.863994
-1.871177
-1.875202
-1.870565
-1.861031
-1.847902
-1.830868
-1.892089
-1.998940
-2.109020
-2.182588
-2.185279
-2.117110
-2.047301
-1.993176
-1.937073
-1.874472
-1.872520
-1.883504
-1.900579
-1.913403
-1.925488
-1.935706
-1.938033
-1.931768
-1.918677
-1.899739
-1.937479
-2.029858
-2.137401
-2.210626
-2.210909
-2.140252
-2.061258
-1.993787
-1.930029
-1.864247
-1.856331
-1.869603
-1.888754
-1.904211
-1.920099
-1.933473
-1.937045
-1.931651
-1.919139
-1.901622
-1.933886
-2.030439
-2.135503
-2.208880
-2.210857
-2.131896
-2.054296
-1.989725
-1.927464
-1.861585
-1.858857
-1.868734
-1.883951
-1.899422
-1.916141
-1.929967
-1.933036
-1.926976
-1.914450
-1.896847
-1.946412
-2.042263
-2.142599
-2.212665
-2.212168
-2.136171
-2.057524
-1.990955
-1.929470
-1.860065
-1.841357
-1.856394
-1.875847
-1.893678
-1.910459
-1.924757
-1.930446
-1.926928
-1.915889
-1.898627
-1.933817
-2.027482
-2.127219
-2.199606
-2.202998
-2.123236
-2.043686
-1.980165
-1.920641
-1.854875
-1.846325
-1.853632
-1.867455
-1.879840
-1.895054
-1.907569
-1.907673
-1.899574
-1.886020
-1.868278
-1.916195
-2.016586
-2.127548
-2.201542
-2.202486
-2.126761
-2.050762
-1.987555
-1.923713
-1.854577
-1.847198
-1.858744
-1.875534
-1.892231
-1.911991
-1.929660
-1.939146
-1.937624
-1.929992
-1.916508
-1.964280
-2.054039
-2.157258
-2.235113
-2.245881
-2.188508
-2.112706
-2.044786
-1.976024
-1.912415
-1.903769
-1.918397
-1.939093
-1.953628
-1.966423
-1.977106
-1.980176
-1.974427
-1.961122
-1.942303
-1.962628
-2.047784
-2.133295
-2.215753
-2.229850
-2.158705
-2.078942
-2.012801
-1.949269
-1.884567
-1.878182
-1.884656
-1.896769
-1.909846
-1.928492
-1.943204
-1.946998
-1.941118
-1.930001
-1.914345
-1.959867
-2.053525
-2.157434
-2.231650
-2.238304
-2.172462
-2.093232
-2.027104
-1.966636
-1.898996
-1.880960
-1.901436
-1.927350
-1.948632
-1.967327
-1.984032
-1.994233
-1.993321
-1.984831
-1.968341
-1.992584
-2.073195
-2.156530
-2.237202
-2.249079
-2.175467
-2.095345
-2.031922
-1.977195
-1.912556
-1.897484
-1.909928
-1.928369
-1.944429
-1.961876
-1.976315
-1.978367
-1.971024
-1.957555
-1.938949
-1.976322
-2.067120
-2.163485
-2.235167
-2.237712
-2.158118
-2.075985
-2.012901
-1.954940
-1.888863
-1.880709
-1.891078
-1.907460
-1.922763
-1.941438
-1.956060
-1.959110
-1.951410
-1.937969
-1.919693
-1.968107
-2.058994
-2.165289
-2.237487
-2.240358
-2.166443
-2.086518
-2.022252
-1.964638
-1.897435
-1.868675
-1.888587
-1.913936
-1.936245
-1.957473
-1.975793
-1.987490
-1.987436
-1.979819
-1.965842
-1.998333
-2.080662
-2.177975
-2.250368
-2.261820
-2.192754
-2.112180
-2.048529
-1.992689
-1.932227
-1.916775
-1.934180
-1.956473
-1.976331
-1.995762
-2.011722
-2.015689
-2.009800
-1.997320
-1.978649
-2.010311
-2.094932
-2.181503
-2.252782
-2.258302
-2.176854
-2.088879
-2.024071
-1.968288
-1.903503
-1.886635
-1.894163
-1.908168
-1.920395
-1.936435
-1.948886
-1.948968
-1.941105
-1.928641
-1.911320
-1.963887
-2.054354
-2.158667
-2.231652
-2.233858
-2.160734
-2.079812
-2.016855
-1.958697
-1.887723
-1.869315
-1.885901
-1.906839
-1.927758
-1.950134
-1.970247
-1.982225
-1.982313
-1.975733
-1.962993
-2.002812
-2.082828
-2.185892
-2.261542
-2.275797
-2.218527
-2.137138
-2.070858
-2.008770
-1.944078
-1.929427
-1.946847
-1.970256
-1.986982
-2.003456
-2.016853
-2.020885
-2.015329
-2.002455
-1.983684
-2.004516
-2.082432
-2.167081
-2.242739
-2.257934
-2.183002
-2.094551
-2.028023
-1.973894
-1.913151
-1.886081
-1.896680
-1.915559
-1.926798
-1.941146
-1.952201
-1.952597
-1.945837
-1.934366
-1.917938
-1.963719
-2.054383
-2.154388
-2.225372
-2.233446
-2.160450
-2.075591
-2.013689
-1.958427
-1.892037
-1.875063
-1.886714
-1.905064
-1.921610
-1.940865
-1.955321
-1.958296
-1.950419
-1.937200
-1.919214
-1.966002
-2.051216
-2.159403
-2.233635
-2.242138
-2.175725
-2.094042
-2.030411
-1.975574
-1.916081
-1.874440
-1.898638
-1.926175
-1.951073
-1.973767
-1.993591
-2.006653
-2.007500
-2.000566
-1.986963
-2.017114
-2.093059
-2.187184
-2.254273
-2.265401
-2.191019
-2.102429
-2.033458
-1.980938
-1.930400
-1.871904
-1.891421
-1.919446
-1.942071
-1.966662
-1.985971
-1.993073
-1.991391
-1.983688
-1.970190
-2.003646
-2.090837
-2.179863
-2.245224
-2.259148
-2.175691
-2.085826
-2.017049
-1.962724
-1.900642
-1.867062
-1.877396
-1.895154
-1.910635
-1.932641
-1.949870
-1.955628
-1.952958
-1.945619
-1.933799
-1.985272
-2.072631
-2.176878
-2.250240
-2.259817
-2.188796
-2.102347
-2.032477
-1.976197
-1.922079
-1.866457
-1.886117
-1.921579
-1.951125
-1.981738
-2.007897
-2.024508
-2.029138
-2.024550
-2.013231
-2.041236
-2.112561
-2.192943
-2.270479
-2.285954
-2.212499
-2.124921
-2.053443
-1.998639
-1.946566
-1.889264
-1.907498
-1.937253
-1.963523
-1.992497
-2.016678
-2.027145
-2.026229
-2.018501
-2.004735
-2.041830
-2.119966
-2.193775
-2.277244
-2.294225
-2.222902
-2.137656
-2.071251
-2.016271
-1.956828
-1.918174
-1.937742
-1.962566
-1.972647
-1.990265
-2.006536
-2.018003
-2.016377
-2.006582
-1.990470
-2.015326
-2.083797
-2.174190
-2.256594
-2.275500
-2.218398
-2.135843
-2.066522
-2.001952
-1.934206
-1.918538
-1.929823
-1.949718
-1.956105
-1.967813
-1.978001
-1.979767
-1.971660
-1.956791
-1.937204
-1.969730
-2.049835
-2.153601
-2.227939
-2.237472
-2.167114
-2.074843
-2.003773
-1.942857
-1.880161
-1.834199
-1.849367
-1.872115
-1.880279
-1.894561
-1.908174
-1.912268
-1.905436
-1.893443
-1.876845
-1.912505
-1.994926
-2.099053
-2.187884
-2.207536
-2.142777
-2.055602
-1.989832
-1.928608
-1.855490
-1.833912
-1.841373
-1.858818
-1.862419
-1.874617
-1.887600
-1.890186
-1.882353
-1.868268
-1.849899
-1.895981
-1.980664
-2.093923
-2.172862
-2.191692
-2.135772
-2.050551
-1.982155
-1.919676
-1.852057
-1.794426
-1.819916
-1.849117
-1.861293
-1.877905
-1.892930
-1.902323
-1.899941
-1.890472
-1.875377
-1.908788
-1.990475
-2.097833
-2.182750
-2.202490
-2.141466
-2.055533
-1.989408
-1.930580
-1.865616
-1.825307
-1.841596
-1.865573
-1.874992
-1.889438
-1.902678
-1.907894
-1.901689
-1.889632
-1.873049
-1.911346
-1.994718
-2.105254
-2.185366
-2.204064
-2.142034
-2.052693
-1.984905
-1.926170
-1.863590
-1.810067
-1.829400
-1.854590
-1.864097
-1.879486
-1.893623
-1.899114
-1.893249
-1.881708
-1.865020
-1.904138
-1.983978
-2.082725
-2.166583
-2.190132
-2.127468
-2.036797
-1.968791
-1.911101
-1.848474
-1.796218
-1.810449
-1.831641
-1.837669
-1.850235
-1.863055
-1.865532
-1.857291
-1.844601
-1.827909
-1.871438
-1.956013
-2.062075
-2.148977
-2.175880
-2.119375
-2.030764
-1.963878
-1.905402
-1.839909
-1.792560
-1.806718
-1.829270
-1.836577
-1.850195
-1.864094
-1.868092
-1.860883
-1.848885
-1.832903
-1.874672
-1.960061
-2.074323
-2.157629
-2.181263
-2.111694
-2.016566
-1.946822
-1.885612
-1.821246
-1.779988
-1.797220
-1.824370
-1.832706
-1.847038
-1.861324
-1.866569
-1.861673
-1.850366
-1.834420
-1.869590
-1.945832
-2.040394
-2.125291
-2.155734
-2.102081
-2.016684
-1.949759
-1.886017
-1.815048
-1.795271
-1.806937
-1.830313
-1.833921
-1.845421
-1.857329
-1.859453
-1.850792
-1.836928
-1.818891
-1.863351
-1.943925
-2.042503
-2.124078
-2.152950
-2.101256
-2.019270
-1.952642
-1.886639
-1.814530
-1.797035
-1.809132
-1.832719
-1.837608
-1.849523
-1.861983
-1.866553
-1.860193
-1.848518
-1.832247
-1.872984
-1.951287
-2.047810
-2.130131
-2.155064
-2.106315
-2.028315
-1.961041
-1.893287
-1.821761
-1.805290
-1.818008
-1.841984
-1.847216
-1.859298
-1.871541
-1.875536
-1.868826
-1.856888
-1.840618
-1.880804
-1.961859
-2.063603
-2.146083
-2.167190
-2.114986
-2.036073
-1.968710
-1.900476
-1.828877
-1.814177
-1.826710
-1.849401
-1.855299
-1.867238
-1.879249
-1.882876
-1.876814
-1.864374
-1.847644
-1.887328
-1.966451
-2.072564
-2.154361
-2.173209
-2.115870
-2.034748
-1.965818
-1.896305
-1.822034
-1.803561
-1.816296
-1.839101
-1.846612
-1.859597
-1.870814
-1.877381
-1.872442
-1.860521
-1.843503
-1.881560
-1.956745
-2.058342
-2.141433
-2.163801
-2.108216
-2.030995
-1.962756
-1.891647
-1.816494
-1.801041
-1.812651
-1.833348
-1.841394
-1.855243
-1.867260
-1.874572
-1.869945
-1.857962
-1.840545
-1.885140
-1.959978
-2.062701
-2.145838
-2.166920
-2.113070
-2.038964
-1.970640
-1.897505
-1.821137
-1.800007
-1.811386
-1.830569
-1.837784
-1.849328
-1.859313
-1.865795
-1.860435
-1.847272
-1.828534
-1.895221
-1.966644
-2.066112
-2.146751
-2.165643
-2.109493
-2.036344
-1.971543
-1.906391
-1.828364
-1.780420
-1.801881
-1.828100
-1.849421
-1.873032
-1.895254
-1.911883
-1.915720
-1.911581
-1.898595
-1.956941
-2.025857
-2.109231
-2.187514
-2.205486
-2.147075
-2.069092
-2.001292
-1.940969
-1.881523
-1.822638
-1.850460
-1.884420
-1.908780
-1.933551
-1.953860
-1.964229
-1.962637
-1.953954
-1.939050
-1.975859
-2.050562
-2.131267
-2.203710
-2.221245
-2.152365
-2.067897
-2.003966
-1.948119
-1.886003
-1.871294
-1.882844
-1.902237
-1.916409
-1.933003
-1.944467
-1.945049
-1.936504
-1.923099
-1.904905
-1.953630
-2.035104
-2.121176
-2.207699
-2.222627
-2.163692
-2.089608
-2.030208
-1.968218
-1.900791
-1.896516
-1.908038
-1.924754
-1.942535
-1.962279
-1.979660
-1.990271
-1.987833
-1.978775
-1.962888
-2.037046
-2.106703
-2.213516
-2.280490
-2.281012
-2.216069
-2.126401
-2.044365
-1.964624
-1.888599
-1.832625
-1.848837
-1.874799
-1.891686
-1.908271
-1.922060
-1.927832
-1.923695
-1.911569
-1.893456
-1.925689
-2.002692
-2.090290
-2.164905
-2.184276
-2.116581
-2.030096
-1.963423
-1.905468
-1.840440
-1.814420
-1.823047
-1.840943
-1.846056
-1.853789
-1.858941
-1.855162
-1.845370
-1.831104
-1.812441
-1.867488
-1.960492
-2.057313
-2.125627
-2.141898
-2.071185
-1.987323
-1.924733
-1.867524
-1.797882
-1.771288
-1.780471
-1.798110
-1.807504
-1.821153
-1.830769
-1.829476
-1.820079
-1.806826
-1.789431
-1.855668
-1.948076
-2.053410
-2.128961
-2.138572
-2.077317
-2.002112
-1.941089
-1.879025
-1.807391
-1.791440
-1.806772
-1.828084
-1.847779
-1.867656
-1.884891
-1.894430
-1.892427
-1.884135
-1.870459
-1.919585
-1.999941
-2.103582
-2.183613
-2.200164
-2.146511
-2.070628
-2.003788
-1.935703
-1.869007
-1.859987
-1.876225
-1.898965
-1.917149
-1.933712
-1.948178
-1.955850
-1.952589
-1.942286
-1.925676
-1.958190
-2.040713
-2.136692
-2.208272
-2.216446
-2.147845
-2.065701
-1.999948
-1.943256
-1.882144
-1.863768
-1.877849
-1.898862
-1.910915
-1.926946
-1.939811
-1.940676
-1.933502
-1.920909
-1.903325
-1.937179
-2.028566
-2.118257
-2.200066
-2.211563
-2.144261
-2.068204
-2.010249
-1.948480
-1.888991
-1.897749
-1.902588
-1.913440
-1.925840
-1.943042
-1.957511
-1.960849
-1.953625
-1.941674
-1.925021
-1.981072
-2.060532
-2.161762
-2.238943
-2.248688
-2.196739
-2.117322
-2.042874
-1.968276
-1.903739
-1.888352
-1.905502
-1.928780
-1.944318
-1.958773
-1.971612
-1.977793
-1.974700
-1.963605
-1.946947
-1.967168
-1.811575
-1.874964
-1.923344
-1.926379
-1.925561
-1.919471
-1.908538
-1.892896
-1.872151
-1.846764
-1.815789
-1.779439
-1.736473
-1.679254
-1.609008
-1.537239
-1.461097
-1.379361
-1.291256
-1.196062
-1.091377
-0.977535
-0.853054
-0.837760
-0.837757
-0.837752
-0.876322
-0.982643
-1.127728
-1.310439
-1.481132
-1.641843
-1.771145
-1.841453
-1.826431
-1.759683
-1.620780
-1.461268
-1.487037
-1.506957
-1.508771
-1.499278
-1.465841
-1.415233
-1.360735
-1.300484
-1.229403
-1.137243
-1.019113
-0.940551
-1.017121
-1.209851
-1.388588
-1.557193
-1.717238
-1.853382
-1.876431
-1.747450
-1.648882
-1.600344
-1.629906
-1.608841
-1.579520
-1.539299
-1.488869
-1.422386
-1.333882
-1.219726
-1.080138
-1.086949
-1.129914
-1.302323
-1.485136
-1.653684
-1.810785
-1.942714
-2.032507
-1.898651
-1.809372
-1.749810
-1.781957
-1.797437
-1.794440
-1.770063
-1.723910
-1.645489
-1.536942
-1.400283
-1.244947
-1.281899
-1.450048
-1.622121
-1.787242
-1.938521
-2.039836
-2.112399
-2.130273
-1.991672
-1.888751
-1.812737
-1.780014
-1.840799
-1.877638
-1.887335
-1.866895
-1.804897
-1.706993
-1.579175
-1.426870
-1.421005
-1.551286
-1.720997
-1.884365
-2.029483
-2.120384
-2.179504
-2.151928
-2.012629
-1.905802
-1.851211
-1.895985
-1.954415
-1.984581
-1.985279
-1.954360
-1.881996
-1.776800
-1.645225
-1.493679
-1.495863
-1.642063
-1.811223
-1.972981
-2.104457
-2.179213
-2.181415
-2.072332
-1.929339
-1.801412
-1.722175
-1.694978
-1.761106
-1.816827
-1.818504
-1.813781
-1.769531
-1.686603
-1.572813
-1.433757
-1.430487
-1.585442
-1.757139
-1.920004
-2.060668
-2.142520
-2.194919
-2.174479
-2.047241
-1.964597
-1.918575
-1.922207
-2.002076
-2.061566
-2.087256
-2.082148
-2.038329
-1.960502
-1.851315
-1.717323
-1.703353
-1.727634
-1.890785
-2.046225
-2.159033
-2.218977
-2.256313
-2.220520
-2.099463
-2.020478
-1.995915
-2.034616
-2.092861
-2.125257
-2.123061
-2.091538
-2.020018
-1.916419
-1.788883
-1.643350
-1.630317
-1.663741
-1.833126
-1.994462
-2.124982
-2.195310
-2.236318
-2.145348
-2.005500
-1.894835
-1.815651
-1.787033
-1.825545
-1.832374
-1.826629
-1.800469
-1.739762
-1.643160
-1.519752
-1.373510
-1.372372
-1.532985
-1.710117
-1.876019
-2.020165
-2.102814
-2.156768
-2.152290
-2.024743
-1.943606
-1.889638
-1.886072
-1.945956
-1.978700
-1.986301
-1.967460
-1.911404
-1.821879
-1.702038
-1.559373
-1.549071
-1.556747
-1.731229
-1.896162
-2.042359
-2.130712
-2.188161
-2.155637
-2.027377
-1.934178
-1.872839
-1.858383
-1.915124
-1.942106
-1.948192
-1.931111
-1.875265
-1.785002
-1.663519
-1.518685
-1.512179
-1.549510
-1.724845
-1.889865
-2.038908
-2.130406
-2.189413
-2.179870
-2.057851
-1.973022
-1.920440
-1.904503
-1.956326
-1.982133
-1.988384
-1.970144
-1.914090
-1.823737
-1.701602
-1.557301
-1.550992
-1.586870
-1.755283
-1.919891
-2.063650
-2.149064
-2.205230
-2.173142
-2.047016
-1.965152
-1.924292
-1.922112
-1.983187
-2.014771
-2.021212
-2.001003
-1.937884
-1.837992
-1.708901
-1.558077
-1.549055
-1.588563
-1.761637
-1.925831
-2.073163
-2.162046
-2.217693
-2.169080
-2.031967
-1.933916
-1.883330
-1.877346
-1.938404
-1.966931
-1.977790
-1.960822
-1.901007
-1.806065
-1.683645
-1.541717
-1.535603
-1.545220
-1.716021
-1.880404
-2.029083
-2.119547
-2.179014
-2.152426
-2.017469
-1.922882
-1.865044
-1.860344
-1.918601
-1.951622
-1.964195
-1.950517
-1.896205
-1.805940
-1.685333
-1.541327
-1.531796
-1.589063
-1.763010
-1.927012
-2.070298
-2.154668
-2.207431
-2.165172
-2.036096
-1.935417
-1.872913
-1.854815
-1.905577
-1.917569
-1.916807
-1.892301
-1.832435
-1.736318
-1.611290
-1.463890
-1.459101
-1.556331
-1.732075
-1.897026
-2.043404
-2.129163
-2.183771
-2.182788
-2.052091
-1.967792
-1.918368
-1.920515
-1.977144
-2.004631
-2.008504
-1.985281
-1.922492
-1.824925
-1.696723
-1.546855
-1.537936
-1.602770
-1.774433
-1.939324
-2.083830
-2.168766
-2.218284
-2.130549
-1.996866
-1.900409
-1.838220
-1.826279
-1.873089
-1.902023
-1.906258
-1.889085
-1.838427
-1.754194
-1.639679
-1.501004
-1.492067
-1.563361
-1.738434
-1.903393
-2.047825
-2.132655
-2.187265
-2.160779
-2.028632
-1.942823
-1.891162
-1.890573
-1.943569
-1.967892
-1.967324
-1.941159
-1.876353
-1.776458
-1.646128
-1.493991
-1.487507
-1.531079
-1.706041
-1.872738
-2.025817
-2.124604
-2.189183
-2.130061
-1.990954
-1.886708
-1.823774
-1.810257
-1.869389
-1.899757
-1.904794
-1.885569
-1.828297
-1.735737
-1.613276
-1.467283
-1.458864
-1.551603
-1.728064
-1.893270
-2.041808
-2.132301
-2.190394
-2.133355
-1.997113
-1.901442
-1.846260
-1.838383
-1.904143
-1.939234
-1.953494
-1.942162
-1.890193
-1.801133
-1.679686
-1.534692
-1.525863
-1.585021
-1.758800
-1.923024
-2.068738
-2.156423
-2.214182
-2.132752
-2.001307
-1.904312
-1.849563
-1.843437
-1.903700
-1.935317
-1.943665
-1.927863
-1.873916
-1.784268
-1.663434
-1.518987
-1.509748
-1.568727
-1.743450
-1.908230
-2.056823
-2.148284
-2.206459
-2.127936
-1.994048
-1.901129
-1.851837
-1.845080
-1.907967
-1.937791
-1.949115
-1.935477
-1.881179
-1.789940
-1.666254
-1.519304
-1.512044
-1.573359
-1.744190
-1.909700
-2.059185
-2.152333
-2.209063
-2.135229
-2.001908
-1.914511
-1.875436
-1.885990
-1.946518
-1.974220
-1.985470
-1.969082
-1.907885
-1.808002
-1.677369
-1.525017
-1.517499
-1.560663
-1.732154
-1.898712
-2.052451
-2.151357
-2.215547
-2.145779
-2.002835
-1.899635
-1.848403
-1.842166
-1.906293
-1.936937
-1.949821
-1.935163
-1.876398
-1.781302
-1.658121
-1.514005
-1.507779
-1.549685
-1.718380
-1.884125
-2.034371
-2.126950
-2.186873
-2.129860
-1.992062
-1.896614
-1.844297
-1.853863
-1.925238
-1.966619
-1.989031
-1.985264
-1.937328
-1.849056
-1.729625
-1.586800
-1.574192
-1.619914
-1.792990
-1.955720
-2.097758
-2.180642
-2.234606
-2.158770
-2.026369
-1.927759
-1.874468
-1.866845
-1.922850
-1.953889
-1.961733
-1.945719
-1.890251
-1.798747
-1.675804
-1.529508
-1.519671
-1.584557
-1.755557
-1.920581
-2.067911
-2.156537
-2.204288
-2.115189
-1.979838
-1.888468
-1.845866
-1.849067
-1.920177
-1.958817
-1.978231
-1.972966
-1.925055
-1.837824
-1.719051
-1.576053
-1.564666
-1.619160
-1.792193
-1.955803
-2.102321
-2.190939
-2.225242
-2.141500
-2.011992
-1.918314
-1.868303
-1.874673
-1.925919
-1.944449
-1.947915
-1.926644
-1.864817
-1.767112
-1.641429
-1.496711
-1.493935
-1.559440
-1.723409
-1.890698
-2.043628
-2.141758
-2.202144
-2.120993
-1.997098
-1.911571
-1.859727
-1.876001
-1.937216
-1.964820
-1.973622
-1.960018
-1.909142
-1.823416
-1.707509
-1.567354
-1.557152
-1.594256
-1.764040
-1.929470
-2.076902
-2.166584
-2.225693
-2.155780
-2.028900
-1.938750
-1.884872
-1.875244
-1.931785
-1.958797
-1.965925
-1.949094
-1.891813
-1.798901
-1.674671
-1.527223
-1.518977
-1.587739
-1.754046
-1.920021
-2.067302
-2.155829
-2.214102
-2.133675
-1.997340
-1.905203
-1.852098
-1.851071
-1.908538
-1.949666
-1.966506
-1.958091
-1.908857
-1.822626
-1.705429
-1.564427
-1.553512
-1.614761
-1.782643
-1.947425
-2.091596
-2.176529
-2.227694
-2.143724
-2.012343
-1.915915
-1.856987
-1.850272
-1.908958
-1.940619
-1.954638
-1.943986
-1.896673
-1.813702
-1.699355
-1.560203
-1.551142
-1.568077
-1.735098
-1.899412
-2.046684
-2.136465
-2.193386
-2.176638
-2.039360
-1.947229
-1.891073
-1.881644
-1.938505
-1.969699
-1.984492
-1.971407
-1.915161
-1.821481
-1.696553
-1.549115
-1.541204
-1.610717
-1.777649
-1.942754
-2.089682
-2.178267
-2.227420
-2.141705
-2.009033
-1.912517
-1.854805
-1.846328
-1.879200
-1.914208
-1.915596
-1.895007
-1.844199
-1.761388
-1.651463
-1.515973
-1.459426
-1.502158
-1.675181
-1.843235
-2.000606
-2.108118
-2.177178
-2.122584
-1.984325
-1.894948
-1.842648
-1.850616
-1.910010
-1.942923
-1.949610
-1.931283
-1.876657
-1.786952
-1.669028
-1.525684
-1.468565
-1.523540
-1.696108
-1.864317
-2.021233
-2.128455
-2.191866
-2.119693
-1.978152
-1.879249
-1.820679
-1.808029
-1.860147
-1.884365
-1.885835
-1.866477
-1.813781
-1.727193
-1.610023
-1.465336
-1.409358
-1.465268
-1.637708
-1.807354
-1.967137
-2.081584
-2.157774
-2.131439
-1.990490
-1.895408
-1.836248
-1.826767
-1.885647
-1.916515
-1.918350
-1.895564
-1.834707
-1.738452
-1.615563
-1.467453
-1.410153
-1.477133
-1.655550
-1.824705
-1.984141
-2.097100
-2.168783
-2.141024
-1.993083
-1.887694
-1.823129
-1.808611
-1.859393
-1.888997
-1.895549
-1.880555
-1.830214
-1.745124
-1.629681
-1.487539
-1.431523
-1.484716
-1.656196
-1.825416
-1.983092
-2.091456
-2.161876
-2.125904
-1.993279
-1.889527
-1.818096
-1.802354
-1.835424
-1.864531
-1.869972
-1.854304
-1.804663
-1.720408
-1.607388
-1.468612
-1.414623
-1.453744
-1.631739
-1.800242
-1.959029
-2.070366
-2.143590
-2.163508
-2.027944
-1.939073
-1.881082
-1.870874
-1.927479
-1.960006
-1.964856
-1.944415
-1.887594
-1.795495
-1.675581
-1.531016
-1.473484
-1.541151
-1.708570
-1.877018
-2.032485
-2.135609
-2.195531
-2.120323
-1.977759
-1.878943
-1.819419
-1.816769
-1.876259
-1.911003
-1.920462
-1.906873
-1.857211
-1.771469
-1.657313
-1.517428
-1.460495
-1.522498
-1.691565
-1.859784
-2.016495
-2.123251
-2.186799
-2.109306
-1.968456
-1.862792
-1.794097
-1.787819
-1.839707
-1.873124
-1.881545
-1.869639
-1.824489
-1.744566
-1.635200
-1.499394
-1.444514
-1.479352
-1.652864
-1.821033
-1.978952
-2.087696
-2.158080
-2.138475
-2.001338
-1.906084
-1.840200
-1.825932
-1.861678
-1.893407
-1.901020
-1.886611
-1.838680
-1.755919
-1.643567
-1.504757
-1.450050
-1.475197
-1.650597
-1.818551
-1.977179
-2.088595
-2.160592
-2.166950
-2.030337
-1.938572
-1.875025
-1.859664
-1.906069
-1.931146
-1.933207
-1.912040
-1.855870
-1.764247
-1.643458
-1.495790
-1.439006
-1.501152
-1.669735
-1.839159
-1.997419
-2.107126
-2.176728
-2.131999
-1.988326
-1.889770
-1.831634
-1.827812
-1.885781
-1.920089
-1.931164
-1.917543
-1.863476
-1.770004
-1.647753
-1.500264
-1.442242
-1.492184
-1.664749
-1.834653
-1.994561
-2.109016
-2.179484
-2.146668
-2.000277
-1.892884
-1.825909
-1.815710
-1.866550
-1.899121
-1.910209
-1.899632
-1.853649
-1.772539
-1.660664
-1.521257
-1.465691
-1.511602
-1.680074
-1.848584
-2.004888
-2.108633
-2.174145
-2.151830
-2.014464
-1.922953
-1.864860
-1.860697
-1.906747
-1.948280
-1.966461
-1.959066
-1.912222
-1.826193
-1.710908
-1.570362
-1.513455
-1.576637
-1.743446
-1.909906
-2.063496
-2.163137
-2.224045
-2.164631
-2.023558
-1.925569
-1.865153
-1.856349
-1.906328
-1.934701
-1.943558
-1.929845
-1.879728
-1.792869
-1.674896
-1.533090
-1.479067
-1.528603
-1.693714
-1.862353
-2.019410
-2.126938
-2.194008
-2.156444
-2.022646
-1.931840
-1.872379
-1.870399
-1.923640
-1.958841
-1.970666
-1.958442
-1.908367
-1.820881
-1.704332
-1.562516
-1.505671
-1.569395
-1.731930
-1.899001
-2.052398
-2.151767
-2.212999
-2.149012
-2.005351
-1.907079
-1.846248
-1.846626
-1.902167
-1.943257
-1.960169
-1.952358
-1.904474
-1.817364
-1.701027
-1.559586
-1.501498
-1.573636
-1.736986
-1.904821
-2.058482
-2.158285
-2.219180
-2.153975
-2.011803
-1.905826
-1.838800
-1.837050
-1.893086
-1.931116
-1.948985
-1.944682
-1.903093
-1.824792
-1.714757
-1.577854
-1.521665
-1.575392
-1.737539
-1.904451
-2.056330
-2.153014
-2.207993
-2.136301
-1.997359
-1.901450
-1.838381
-1.831711
-1.870613
-1.904208
-1.913375
-1.900206
-1.850653
-1.762416
-1.644183
-1.499050
-1.441633
-1.512527
-1.680680
-1.850074
-2.009425
-2.122264
-2.190498
-2.162376
-2.021444
-1.924244
-1.861025
-1.856356
-1.919531
-1.953072
-1.967809
-1.957230
-1.908097
-1.822176
-1.705183
-1.562680
-1.507383
-1.572359
-1.730310
-1.897942
-2.051303
-2.150648
-2.212782
-2.165945
-2.036778
-1.934214
-1.864826
-1.849848
-1.867357
-1.899309
-1.902662
-1.884863
-1.833566
-1.745179
-1.628041
-1.485848
-1.432174
-1.511159
-1.687614
-1.854123
-2.010604
-2.115029
-2.178666
-2.194029
-2.058139
-1.969050
-1.911004
-1.898837
-1.953032
-1.984673
-1.990136
-1.970632
-1.916402
-1.825592
-1.705127
-1.559480
-1.502713
-1.566190
-1.731321
-1.898612
-2.052283
-2.151438
-2.213003
-2.170524
-2.029050
-1.932001
-1.868164
-1.863797
-1.914755
-1.952945
-1.967228
-1.956662
-1.905716
-1.814618
-1.693125
-1.544588
-1.486510
-1.532076
-1.695730
-1.863869
-2.021614
-2.130743
-2.195857
-2.182574
-2.038448
-1.935211
-1.869534
-1.867424
-1.921874
-1.962003
-1.982023
-1.975601
-1.926044
-1.837444
-1.717971
-1.574973
-1.517903
-1.558846
-1.718905
-1.886178
-2.040249
-2.140834
-2.200579
-2.165819
-2.020002
-1.915045
-1.843567
-1.840153
-1.881128
-1.923121
-1.940958
-1.936322
-1.890167
-1.802403
-1.683504
-1.538638
-1.481120
-1.524997
-1.693768
-1.860858
-2.017510
-2.123792
-2.187652
-2.192800
-2.046831
-1.943905
-1.877697
-1.871639
-1.915590
-1.955656
-1.973829
-1.965767
-1.915768
-1.826268
-1.706075
-1.562345
-1.505415
-1.548266
-1.708002
-1.876223
-2.032679
-2.138381
-2.201314
-2.191833
-2.045849
-1.943517
-1.880114
-1.874732
-1.925035
-1.964464
-1.982158
-1.971386
-1.915640
-1.819275
-1.692780
-1.543441
-1.448133
-1.497850
-1.661989
-1.830984
-1.990888
-2.107869
-2.182857
-2.139336
-1.992135
-1.874691
-1.790298
-1.779729
-1.809229
-1.845419
-1.856871
-1.846289
-1.801436
-1.716096
-1.599143
-1.456532
-1.363914
-1.439455
-1.611571
-1.781705
-1.942753
-2.066357
-2.144150
-2.166439
-2.018439
-1.914386
-1.845744
-1.843613
-1.905719
-1.943572
-1.957885
-1.946152
-1.894673
-1.803646
-1.681832
-1.535818
-1.439218
-1.515725
-1.681410
-1.850835
-2.009571
-2.122185
-2.188721
-2.127929
-1.982557
-1.861521
-1.775206
-1.770682
-1.810733
-1.855960
-1.879510
-1.880333
-1.848441
-1.778042
-1.676108
-1.546693
-1.456883
-1.512164
-1.679037
-1.846020
-2.003481
-2.112480
-2.179315
-2.182105
-2.039501
-1.942003
-1.877812
-1.870414
-1.919655
-1.954387
-1.963725
-1.947430
-1.892058
-1.797083
-1.671744
-1.522844
-1.427848
-1.478114
-1.644305
-1.814872
-1.975945
-2.099635
-2.173605
-2.125685
-1.985300
-1.862991
-1.775146
-1.762842
-1.790254
-1.828027
-1.840194
-1.829534
-1.785888
-1.702803
-1.587819
-1.446745
-1.354886
-1.427473
-1.598390
-1.769581
-1.931506
-2.060122
-2.141072
-2.154589
-2.005250
-1.895500
-1.821462
-1.813636
-1.865668
-1.905412
-1.921069
-1.911484
-1.861745
-1.771214
-1.648935
-1.501815
-1.407215
-1.466317
-1.631240
-1.802279
-1.963273
-2.087618
-2.164618
-2.135536
-1.984175
-1.861090
-1.774281
-1.766937
-1.806795
-1.849939
-1.870898
-1.871493
-1.833053
-1.751245
-1.635690
-1.494686
-1.402807
-1.437840
-1.605426
-1.775856
-1.937248
-2.065817
-2.145983
-2.178278
-2.034822
-1.924939
-1.849087
-1.845301
-1.896351
-1.936705
-1.954191
-1.947693
-1.899492
-1.810514
-1.688475
-1.537228
-1.441260
-1.524039
-1.686039
-1.855471
-2.013757
-2.125802
-2.192590
-2.163808
-2.018691
-1.906347
-1.825764
-1.818917
-1.850662
-1.896242
-1.919222
-1.920791
-1.887210
-1.813914
-1.708315
-1.575884
-1.483316
-1.520711
-1.685600
-1.852059
-2.008938
-2.117631
-2.183351
-2.197886
-2.054992
-1.952107
-1.883163
-1.877235
-1.924839
-1.963024
-1.976986
-1.966155
-1.915178
-1.823604
-1.700056
-1.552987
-1.456736
-1.527513
-1.685994
-1.854738
-2.013162
-2.126093
-2.193461
-2.164678
-2.028384
-1.903854
-1.812031
-1.796909
-1.815924
-1.858911
-1.873719
-1.866901
-1.827418
-1.749529
-1.641162
-1.506050
-1.416377
-1.483930
-1.653119
-1.821137
-1.980360
-2.093673
-2.162807
-2.183994
-2.045313
-1.941726
-1.875884
-1.865993
-1.907411
-1.951522
-1.971340
-1.965239
-1.919492
-1.833794
-1.716397
-1.574637
-1.479131
-1.553929
-1.714674
-1.882506
-2.039410
-2.145793
-2.206362
-2.197167
-2.056392
-1.952679
-1.882260
-1.878412
-1.919588
-1.964281
-1.987641
-1.990433
-1.953555
-1.874387
-1.762092
-1.624615
-1.528914
-1.604081
-1.727231
-1.894813
-2.049190
-2.151410
-2.208876
-2.214238
-2.071659
-1.970104
-1.905149
-1.905530
-1.947002
-1.997885
-2.027157
-2.034361
-1.996156
-1.912822
-1.797309
-1.656735
-1.556224
-1.613156
-1.748462
-1.915545
-2.070190
-2.172513
-2.231679
-2.184860
-2.038028
-1.916231
-1.827458
-1.817217
-1.839408
-1.877294
-1.891377
-1.886350
-1.842904
-1.758742
-1.641744
-1.498816
-1.405769
-1.481627
-1.643525
-1.814511
-1.975192
-2.096751
-2.169461
-2.136669
-1.986357
-1.875697
-1.802769
-1.800732
-1.833039
-1.913975
-1.930414
-1.942868
-1.916533
-1.845811
-1.741137
-1.603265
-1.503849
-1.563833
-1.723230
-1.889815
-2.045889
-2.150835
-2.209263
-2.233864
-2.102808
-2.002225
-1.940271
-1.953959
-2.024615
-2.050155
-2.068670
-2.059239
-2.016191
-1.937827
-1.829292
-1.694716
-1.592747
-1.658215
-1.792021
-1.957500
-2.109340
-2.206865
-2.221047
-2.134818
-2.010379
-1.895228
-1.814307
-1.803320
-1.829333
-1.876144
-1.892416
-1.887028
-1.853033
-1.783400
-1.682203
-1.552409
-1.462371
-1.525380
-1.694827
-1.863363
-2.022567
-2.132356
-2.195212
-2.214927
-2.085616
-1.999426
-1.945292
-1.931736
-1.985999
-2.017266
-2.023277
-2.006208
-1.956936
-1.871912
-1.757366
-1.616814
-1.520170
-1.568267
-1.725922
-1.894110
-2.050656
-2.154904
-2.213141
-2.206427
-2.070334
-1.971495
-1.905566
-1.888975
-1.908897
-1.942880
-1.951878
-1.939727
-1.894075
-1.810846
-1.697060
-1.557950
-1.464251
-1.515675
-1.656871
-1.828471
-1.989012
-2.110717
-2.183056
-2.179521
-2.032574
-1.927879
-1.860370
-1.852100
-1.883466
-1.929173
-1.951731
-1.952081
-1.915243
-1.838850
-1.731273
-1.596668
-1.501362
-1.570577
-1.667688
-1.839052
-1.999474
-2.120470
-2.192434
-2.177734
-2.030668
-1.926903
-1.857725
-1.851147
-1.893454
-1.936080
-1.961347
-1.965185
-1.928203
-1.852857
-1.744791
-1.610348
-1.516339
-1.583327
-1.676029
-1.845876
-2.005071
-2.120045
-2.188768
-2.177556
-2.033379
-1.928113
-1.855425
-1.844927
-1.868658
-1.916746
-1.934104
-1.935861
-1.899109
-1.821646
-1.712204
-1.576767
-1.484654
-1.548262
-1.676731
-1.846206
-2.004531
-2.118095
-2.186283
-2.180168
-2.036563
-1.934260
-1.866540
-1.856949
-1.875926
-1.942982
-1.944511
-1.943807
-1.903256
-1.820825
-1.706842
-1.567664
-1.474721
-1.530412
-1.670927
-1.840911
-1.999820
-2.115159
-2.182552
-2.213490
-2.074626
-1.974088
-1.906646
-1.895004
-1.918855
-1.964177
-1.983744
-1.985967
-1.951405
-1.880667
-1.777010
-1.647554
-1.556093
-1.591248
-1.680092
-1.846210
-2.002215
-2.107799
-2.171661
-2.215310
-2.088284
-1.990106
-1.928090
-1.918893
-1.959124
-2.001253
-2.023487
-2.023277
-1.984409
-1.906911
-1.797116
-1.662067
-1.566962
-1.637935
-1.797220
-1.960551
-2.104287
-2.187284
-2.235977
-2.192938
-2.055005
-1.960098
-1.894867
-1.880658
-1.890838
-1.945346
-1.935575
-1.918318
-1.868874
-1.782364
-1.665719
-1.518563
-1.423740
-1.471840
-1.641441
-1.811569
-1.972824
-2.093859
-2.165977
-2.211296
-2.079232
-1.986780
-1.930547
-1.923676
-1.985922
-2.021867
-2.030460
-2.014096
-1.963803
-1.878085
-1.764018
-1.626071
-1.529984
-1.575565
-1.726287
-1.894580
-2.050275
-2.152913
-2.215350
-2.168438
-2.023465
-1.923332
-1.856404
-1.849374
-1.887065
-1.922117
-1.930848
-1.917355
-1.869654
-1.784329
-1.669694
-1.528785
-1.434528
-1.497354
-1.662474
-1.832675
-1.993474
-2.113303
-2.184897
-2.176096
-2.029053
-1.925086
-1.856750
-1.849345
-1.902249
-1.932747
-1.938535
-1.919930
-1.864284
-1.771327
-1.649380
-1.503717
-1.409411
-1.448897
-1.612246
-1.785385
-1.947303
-2.077665
-2.159647
-2.121780
-1.969040
-1.851014
-1.765603
-1.757114
-1.791317
-1.833813
-1.851557
-1.847036
-1.809479
-1.734351
-1.629468
-1.497965
-1.409030
-1.451452
-1.615697
-1.787292
-1.948702
-2.072966
-2.151346
-2.146178
-1.997986
-1.895523
-1.829312
-1.822506
-1.866354
-1.904542
-1.918544
-1.908670
-1.860612
-1.773572
-1.657413
-1.515530
-1.421395
-1.490584
-1.648824
-1.820281
-1.980880
-2.102953
-2.177688
-2.137946
-1.991244
-1.879558
-1.799758
-1.790106
-1.825884
-1.860128
-1.870294
-1.862183
-1.822877
-1.747740
-1.641469
-1.508321
-1.453606
-1.468460
-1.633020
-1.803450
-1.964179
-2.082519
-2.157516
-2.150460
-2.008810
-1.910314
-1.844178
-1.833811
-1.872302
-1.910809
-1.927021
-1.921051
-1.874442
-1.788274
-1.671147
-1.530069
-1.474921
-1.541063
-1.701362
-1.869855
-2.026976
-2.134769
-2.199505
-2.176295
-2.032577
-1.934027
-1.872211
-1.871205
-1.925933
-1.970110
-1.989280
-1.979611
-1.928146
-1.837296
-1.716920
-1.571937
-1.512536
-1.557538
-1.716582
-1.885044
-2.040784
-2.144988
-2.205883
-2.165554
-2.016286
-1.903821
-1.827666
-1.819888
-1.869632
-1.905067
-1.920449
-1.911509
-1.862763
-1.777687
-1.662059
-1.521951
-1.466602
-1.540128
-1.704847
-1.872420
-2.027133
-2.126773
-2.187653
-2.132096
-1.988811
-1.883251
-1.810098
-1.802435
-1.827308
-1.876313
-1.904513
-1.910284
-1.880479
-1.811944
-1.712731
-1.586331
-1.533429
-1.594522
-1.764601
-1.928777
-2.076315
-2.165289
-2.216578
-2.218849
-2.092309
-2.012894
-1.968168
-1.811527
-1.874924
-1.923657
-1.915027
-1.908861
-1.898545
-1.883598
-1.859986
-1.826450
-1.791494
-1.755809
-1.718295
-1.680943
-1.641080
-1.598807
-1.550854
-1.496640
-1.432676
-1.358474
-1.271027
-1.168656
-1.046638
-0.900692
-0.932282
-0.942833
-1.112822
-1.299612
-1.467045
-1.621652
-1.741422
-1.738307
-1.600708
-1.489858
-1.370936
-1.216386
-1.235260
-1.237676
-1.225921
-1.200669
-1.156754
-1.091864
-1.007445
-0.897195
-0.857747
-0.926630
-1.074854
-1.261002
-1.436531
-1.601664
-1.760067
-1.847355
-1.773577
-1.644297
-1.573820
-1.620899
-1.713754
-1.788673
-1.823226
-1.833173
-1.813979
-1.760998
-1.681277
-1.577047
-1.566707
-1.698094
-1.860208
-2.019181
-2.125875
-2.171375
-2.159444
-2.119830
-2.026984
-1.887493
-1.824717
-1.791587
-1.853148
-1.903839
-1.926424
-1.923847
-1.887847
-1.815269
-1.717080
-1.595824
-1.559625
-1.661526
-1.818550
-1.981268
-2.115875
-2.174655
-2.152798
-2.092507
-1.976834
-1.835256
-1.778364
-1.734578
-1.764464
-1.834125
-1.870101
-1.883658
-1.859715
-1.796980
-1.707898
-1.595809
-1.551220
-1.633662
-1.797825
-1.960862
-2.099148
-2.178294
-2.144022
-2.068915
-1.952665
-1.820415
-1.765024
-1.731105
-1.750941
-1.817153
-1.857259
-1.879271
-1.864012
-1.806734
-1.717905
-1.605253
-1.556271
-1.635938
-1.799120
-1.963584
-2.105850
-2.188678
-2.143186
-2.044277
-1.933200
-1.821833
-1.772285
-1.751586
-1.773145
-1.849838
-1.895854
-1.922584
-1.909529
-1.852037
-1.762875
-1.649776
-1.588169
-1.660986
-1.825093
-1.989335
-2.134275
-2.219001
-2.173655
-2.043557
-1.905251
-1.785581
-1.784327
-1.848265
-1.890458
-1.918741
-1.930729
-1.922715
-1.886412
-1.818865
-1.730452
-1.624363
-1.592229
-1.690179
-1.850145
-2.012755
-2.145047
-2.213819
-2.203316
-2.124700
-2.001297
-1.868162
-1.820730
-1.811403
-1.848032
-1.898326
-1.932148
-1.947320
-1.926072
-1.865211
-1.775753
-1.662566
-1.599646
-1.681347
-1.845738
-2.009980
-2.153019
-2.233382
-2.194792
-2.067792
-1.931291
-1.812647
-1.876365
-1.897047
-1.903163
-1.899266
-1.882389
-1.856288
-1.808590
-1.732022
-1.633655
-1.515364
-1.437336
-1.560452
-1.727679
-1.895005
-2.049338
-2.142913
-2.186275
-2.127011
-1.984121
-1.856491
-1.810181
-1.832330
-1.878053
-1.909334
-1.919215
-1.910074
-1.870908
-1.799828
-1.703650
-1.585699
-1.501924
-1.558358
-1.722925
-1.889142
-2.045923
-2.136112
-2.119173
-2.007446
-1.873130
-1.745970
-1.687552
-1.699520
-1.763282
-1.807597
-1.838280
-1.856428
-1.844115
-1.798940
-1.725778
-1.627553
-1.551530
-1.599662
-1.764043
-1.930471
-2.082706
-2.178231
-2.156852
-2.048255
-1.921841
-1.791009
-1.795864
-1.836331
-1.856195
-1.866424
-1.862711
-1.848208
-1.808179
-1.738207
-1.643570
-1.525219
-1.445786
-1.548789
-1.713233
-1.882686
-2.040836
-2.146254
-2.157169
-2.061138
-1.922132
-1.796481
-1.812984
-1.841083
-1.850806
-1.852739
-1.838711
-1.815007
-1.770575
-1.699730
-1.605701
-1.490124
-1.413767
-1.516575
-1.685338
-1.855313
-2.015730
-2.118178
-2.144704
-2.068035
-1.926383
-1.789928
-1.731447
-1.786503
-1.810109
-1.824260
-1.822352
-1.808188
-1.769403
-1.703170
-1.613245
-1.500589
-1.426052
-1.514589
-1.681885
-1.851665
-2.012362
-2.116297
-2.130115
-2.046175
-1.902411
-1.762890
-1.724911
-1.767950
-1.784261
-1.791369
-1.785208
-1.767107
-1.724831
-1.655588
-1.563222
-1.448514
-1.372615
-1.470333
-1.638444
-1.808672
-1.970828
-2.082254
-2.119215
-2.049401
-1.897724
-1.762207
-1.748750
-1.780132
-1.787782
-1.786739
-1.769836
-1.742929
-1.694810
-1.620127
-1.524047
-1.408435
-1.333100
-1.436051
-1.605280
-1.775025
-1.937614
-2.048783
-2.101600
-2.041438
-1.895785
-1.751617
-1.687890
-1.690485
-1.744767
-1.781496
-1.802578
-1.807501
-1.782205
-1.724401
-1.638908
-1.529008
-1.454141
-1.523645
-1.687338
-1.853322
-2.014051
-2.115242
-2.102868
-2.002898
-1.874385
-1.748913
-1.685577
-1.728254
-1.784039
-1.824531
-1.854308
-1.871669
-1.858105
-1.811773
-1.737141
-1.637266
-1.561071
-1.608718
-1.772477
-1.939392
-2.090787
-2.185673
-2.163054
-2.051948
-1.926254
-1.798153
-1.814464
-1.846969
-1.860500
-1.865264
-1.856654
-1.837956
-1.794154
-1.720629
-1.622435
-1.500206
-1.417862
-1.526865
-1.693879
-1.864786
-2.024044
-2.132035
-2.143395
-2.044485
-1.904045
-1.769999
-1.766412
-1.800803
-1.814212
-1.819350
-1.811720
-1.793728
-1.752837
-1.685248
-1.594051
-1.480947
-1.406412
-1.501324
-1.668593
-1.838019
-1.999276
-2.106673
-2.135194
-2.059896
-1.910615
-1.783929
-1.790038
-1.809187
-1.809184
-1.801081
-1.777476
-1.746258
-1.694401
-1.614132
-1.511985
-1.391950
-1.314339
-1.429450
-1.596888
-1.766157
-1.928008
-2.040656
-2.096858
-2.038512
-1.894122
-1.752163
-1.691642
-1.690355
-1.742780
-1.777588
-1.795191
-1.795791
-1.766019
-1.704240
-1.614663
-1.500535
-1.424892
-1.496961
-1.660963
-1.827053
-1.988273
-2.091969
-2.085892
-1.988639
-1.857885
-1.731922
-1.664932
-1.689322
-1.748610
-1.791042
-1.821194
-1.838363
-1.827972
-1.782930
-1.707972
-1.607234
-1.532860
-1.581173
-1.747116
-1.914809
-2.068201
-2.163465
-2.141869
-2.038121
-1.913944
-1.783852
-1.720972
-1.751217
-1.808035
-1.849535
-1.881406
-1.899852
-1.885187
-1.834693
-1.754598
-1.649521
-1.569888
-1.621542
-1.788630
-1.955233
-2.101210
-2.187464
-2.154657
-2.038332
-1.916512
-1.800686
-1.742294
-1.772712
-1.831796
-1.874815
-1.907957
-1.928284
-1.918421
-1.874920
-1.802986
-1.706044
-1.624442
-1.628691
-1.790124
-1.955823
-2.105662
-2.206341
-2.201906
-2.079300
-1.945625
-1.829701
-1.875681
-1.871697
-1.852216
-1.825432
-1.789461
-1.749052
-1.688825
-1.600780
-1.491171
-1.362533
-1.278683
-1.416358
-1.585837
-1.756311
-1.918995
-2.029937
-2.097461
-2.072693
-1.923141
-1.790029
-1.740574
-1.737118
-1.779098
-1.806238
-1.811241
-1.797068
-1.755451
-1.683997
-1.587319
-1.467123
-1.386902
-1.452890
-1.616706
-1.783209
-1.944827
-2.051007
-2.058490
-1.963960
-1.829433
-1.711341
-1.641789
-1.631327
-1.699967
-1.746171
-1.779262
-1.795751
-1.785629
-1.744143
-1.674454
-1.579601
-1.508135
-1.546874
-1.711613
-1.878575
-2.037281
-2.151263
-2.138617
-2.032171
-1.916209
-1.789026
-1.774458
-1.823491
-1.846272
-1.858772
-1.859019
-1.848177
-1.809803
-1.740647
-1.644756
-1.525578
-1.445739
-1.528844
-1.693479
-1.861392
-2.020718
-2.127988
-2.115919
-2.009745
-1.884108
-1.764265
-1.706931
-1.745581
-1.801978
-1.843059
-1.871357
-1.883437
-1.865794
-1.815870
-1.741187
-1.642422
-1.560402
-1.564681
-1.729578
-1.896191
-2.053567
-2.163831
-2.170990
-2.074106
-1.936776
-1.803966
-1.798752
-1.825961
-1.831467
-1.828318
-1.810040
-1.782054
-1.733570
-1.659256
-1.563128
-1.446701
-1.369852
-1.486866
-1.651802
-1.818811
-1.980462
-2.083981
-2.135040
-2.088685
-1.941719
-1.801440
-1.737751
-1.741387
-1.788505
-1.819974
-1.831128
-1.823683
-1.786553
-1.717467
-1.622595
-1.505731
-1.427493
-1.488605
-1.650980
-1.814489
-1.976699
-2.083914
-2.092977
-2.012526
-1.879019
-1.733075
-1.661176
-1.653851
-1.716085
-1.765593
-1.803035
-1.825966
-1.818342
-1.773993
-1.700562
-1.602022
-1.525837
-1.586216
-1.747435
-1.912037
-2.067554
-2.169242
-2.158723
-2.053645
-1.921034
-1.792026
-1.822579
-1.853929
-1.869182
-1.875399
-1.864271
-1.840574
-1.792270
-1.716570
-1.617836
-1.496337
-1.415358
-1.528726
-1.694245
-1.861081
-2.022524
-2.139151
-2.158203
-2.081305
-1.944480
-1.805988
-1.781212
-1.825330
-1.845087
-1.856001
-1.847624
-1.823768
-1.777540
-1.705461
-1.610446
-1.494373
-1.417207
-1.519805
-1.683668
-1.849101
-2.011005
-2.123190
-2.145411
-2.077263
-1.943664
-1.799078
-1.723968
-1.761887
-1.811847
-1.848058
-1.870664
-1.878051
-1.857247
-1.804121
-1.723908
-1.622860
-1.551826
-1.610979
-1.772627
-1.936816
-2.090082
-2.181540
-2.183942
-2.106609
-1.991167
-1.857283
-1.796075
-1.796143
-1.844889
-1.896597
-1.934680
-1.954502
-1.941444
-1.891259
-1.813885
-1.710748
-1.624697
-1.691182
-1.851190
-2.016797
-2.159331
-2.239746
-2.212417
-2.081821
-1.931691
-1.871457
-1.909896
-1.910524
-1.898515
-1.879920
-1.850025
-1.813764
-1.758868
-1.676442
-1.572593
-1.450740
-1.372716
-1.526652
-1.691037
-1.858693
-2.015715
-2.109416
-2.156249
-2.159068
-2.024084
-1.888688
-1.822263
-1.789963
-1.824062
-1.855485
-1.864659
-1.852938
-1.812497
-1.740178
-1.641440
-1.521819
-1.442023
-1.508421
-1.670833
-1.834560
-1.996364
-2.097535
-2.108821
-2.033988
-1.906466
-1.766564
-1.691209
-1.677783
-1.704270
-1.795539
-1.816373
-1.846216
-1.843945
-1.800100
-1.724344
-1.623449
-1.544530
-1.621937
-1.784701
-1.951806
-2.101755
-2.192028
-2.187097
-2.070541
-1.923705
-1.847227
-1.891457
-1.894977
-1.886007
-1.869922
-1.839751
-1.803192
-1.748455
-1.666144
-1.562406
-1.441366
-1.363543
-1.507251
-1.675799
-1.842755
-2.001260
-2.103106
-2.155498
-2.142653
-2.000494
-1.858727
-1.781865
-1.755482
-1.777542
-1.823165
-1.850201
-1.858609
-1.833787
-1.774843
-1.687421
-1.576359
-1.497411
-1.537041
-1.701835
-1.867731
-2.026975
-2.132430
-2.132764
-2.035636
-1.904733
-1.779299
-1.712590
-1.712318
-1.775145
-1.834890
-1.880024
-1.910590
-1.908803
-1.867320
-1.795393
-1.699214
-1.617673
-1.654669
-1.814879
-1.980334
-2.125204
-2.212042
-2.191605
-2.075608
-1.944507
-1.823154
-1.878260
-1.907406
-1.921827
-1.927264
-1.918703
-1.900703
-1.858944
-1.786916
-1.689276
-1.570159
-1.490778
-1.591757
-1.754937
-1.922388
-2.076902
-2.178353
-2.208870
-2.135984
-2.010516
-1.878191
-1.808235
-1.850782
-1.906815
-1.948896
-1.977215
-1.990422
-1.974098
-1.924175
-1.844434
-1.741814
-1.661790
-1.703321
-1.859729
-2.022811
-2.158177
-2.235287
-2.221346
-2.122690
-2.009403
-1.904529
-1.845511
-1.853017
-1.917918
-1.971220
-2.012700
-2.037460
-2.029967
-1.984436
-1.909445
-1.808372
-1.720150
-1.761064
-1.912613
-2.076370
-2.206971
-2.277571
-2.247602
-2.124305
-1.984746
-1.915821
-1.958523
-1.964751
-1.959250
-1.946158
-1.922826
-1.893795
-1.843504
-1.764030
-1.659565
-1.534835
-1.451563
-1.580683
-1.745306
-1.913893
-2.069343
-2.171011
-2.210969
-2.178747
-2.050251
-1.919672
-1.848346
-1.881482
-1.931286
-1.968684
-1.990183
-1.994772
-1.973285
-1.919408
-1.839858
-1.742177
-1.669408
-1.696792
-1.844118
-2.007810
-2.145417
-2.229892
-2.225394
-2.151786
-2.045293
-1.919409
-1.850797
-1.840762
-1.879785
-1.922377
-1.949517
-1.960217
-1.940139
-1.884467
-1.802222
-1.695109
-1.610911
-1.670203
-1.831367
-1.997733
-2.145120
-2.230730
-2.224622
-2.119756
-1.987421
-1.871821
-1.858292
-1.913337
-1.945486
-1.966346
-1.977253
-1.974537
-1.949315
-1.892312
-1.807631
-1.701297
-1.574183
-1.625951
-1.787709
-1.953838
-2.101861
-2.200110
-2.233419
-2.162711
-2.043167
-1.920618
-1.851931
-1.872643
-1.924344
-1.960473
-1.982310
-1.985798
-1.962854
-1.904076
-1.818692
-1.710834
-1.582773
-1.654056
-1.809841
-1.974385
-2.122497
-2.212549
-2.205561
-2.104083
-1.978019
-1.866909
-1.825272
-1.882500
-1.910498
-1.928420
-1.934662
-1.924095
-1.889758
-1.825119
-1.735701
-1.623633
-1.490052
-1.582722
-1.744332
-1.910565
-2.068409
-2.179773
-2.192536
-2.101078
-1.969362
-1.837482
-1.811661
-1.855201
-1.872527
-1.881278
-1.876495
-1.855527
-1.813215
-1.741322
-1.644520
-1.525451
-1.382931
-1.505587
-1.669142
-1.837338
-1.999392
-2.125142
-2.156760
-2.084886
-1.947842
-1.806864
-1.723581
-1.785154
-1.811467
-1.829592
-1.834134
-1.826639
-1.797651
-1.738884
-1.652903
-1.544026
-1.411988
-1.514950
-1.676571
-1.843928
-2.005721
-2.127636
-2.160152
-2.093083
-1.968760
-1.833281
-1.747996
-1.775412
-1.828827
-1.868541
-1.896828
-1.911470
-1.899900
-1.853824
-1.777774
-1.677666
-1.555908
-1.612868
-1.769318
-1.934392
-2.088400
-2.189800
-2.196362
-2.107309
-1.985889
-1.870294
-1.798564
-1.863302
-1.894943
-1.915831
-1.926016
-1.918853
-1.888628
-1.826823
-1.740404
-1.631501
-1.501885
-1.589671
-1.750984
-1.918185
-2.074314
-2.181206
-2.192037
-2.098737
-1.968192
-1.853734
-1.832573
-1.879689
-1.900933
-1.913401
-1.914330
-1.899773
-1.866525
-1.805284
-1.717509
-1.607104
-1.475275
-1.569581
-1.729913
-1.896751
-2.055684
-2.172640
-2.203373
-2.120858
-1.997521
-1.871656
-1.852415
-1.888393
-1.899934
-1.903791
-1.892716
-1.866475
-1.822593
-1.750365
-1.653430
-1.534730
-1.393236
-1.514735
-1.677213
-1.845253
-2.007159
-2.133874
-2.161047
-2.089137
-1.962918
-1.836238
-1.743419
-1.776626
-1.828040
-1.866930
-1.892977
-1.906396
-1.894029
-1.848109
-1.772075
-1.672357
-1.550859
-1.613052
-1.772312
-1.936816
-2.091318
-2.193082
-2.188995
-2.101746
-1.988515
-1.872152
-1.786791
-1.787321
-1.838024
-1.890359
-1.930488
-1.957637
-1.955787
-1.912881
-1.838722
-1.739354
-1.617805
-1.661585
-1.817602
-1.983682
-2.132673
-2.222907
-2.207008
-2.088909
-1.946769
-1.829432
-1.886359
-1.892174
-1.882957
-1.867697
-1.845090
-1.814153
-1.766929
-1.691523
-1.590691
-1.468849
-1.323330
-1.455244
-1.620406
-1.792953
-1.955330
-2.086700
-2.154074
-2.128560
-1.999356
-1.859721
-1.776191
-1.818605
-1.859797
-1.889193
-1.906724
-1.909395
-1.890979
-1.840578
-1.763780
-1.668616
-1.553363
-1.613764
-1.770472
-1.934752
-2.088203
-2.193080
-2.212066
-2.150737
-2.051957
-1.928523
-1.848828
-1.841847
-1.881717
-1.931323
-1.963382
-1.981572
-1.970767
-1.919974
-1.838711
-1.730312
-1.598368
-1.661808
-1.819351
-1.986518
-2.137927
-2.230080
-2.233420
-2.128229
-1.982669
-1.847248
-1.890165
-1.913503
-1.918176
-1.914852
-1.901027
-1.876949
-1.835092
-1.763315
-1.668396
-1.555732
-1.422818
-1.554781
-1.715947
-1.884158
-2.040033
-2.145928
-2.191851
-2.188410
-2.077890
-1.936000
-1.858311
-1.834885
-1.842904
-1.887915
-1.916182
-1.928239
-1.909586
-1.852170
-1.762218
-1.649234
-1.515163
-1.570260
-1.725721
-1.892991
-2.052935
-2.167288
-2.178530
-2.098744
-1.980801
-1.872524
-1.794840
-1.786100
-1.805030
-1.870101
-1.920420
-1.952626
-1.956665
-1.920556
-1.850890
-1.754132
-1.634118
-1.664191
-1.820346
-1.987260
-2.137532
-2.231325
-2.211965
-2.091612
-1.947320
-1.810519
-1.838596
-1.871302
-1.883764
-1.887580
-1.881762
-1.864200
-1.825031
-1.754776
-1.661185
-1.550457
-1.419655
-1.503533
-1.663288
-1.834546
-1.994567
-2.115441
-2.180367
-2.141101
-2.024744
-1.884271
-1.807060
-1.794484
-1.818731
-1.869495
-1.907794
-1.931598
-1.926226
-1.880986
-1.804257
-1.699873
-1.571257
-1.614326
-1.772635
-1.941478
-2.098266
-2.202737
-2.208202
-2.099223
-1.953081
-1.817234
-1.856581
-1.880424
-1.885360
-1.882204
-1.870430
-1.848897
-1.806948
-1.735358
-1.639494
-1.525269
-1.389960
-1.509555
-1.670314
-1.840807
-2.000297
-2.117576
-2.176553
-2.151625
-2.037407
-1.889777
-1.806720
-1.782733
-1.782354
-1.828443
-1.861412
-1.879691
-1.870169
-1.821175
-1.741584
-1.637454
-1.510676
-1.556325
-1.712500
-1.881267
-2.041865
-2.159822
-2.181156
-2.087770
-1.949772
-1.829175
-1.825807
-1.866897
-1.885062
-1.894800
-1.894073
-1.881621
-1.846929
-1.783054
-1.692236
-1.581299
-1.448277
-1.549422
-1.711685
-1.877425
-2.036874
-2.154998
-2.191085
-2.119903
-2.011484
-1.881278
-1.785851
-1.773563
-1.782339
-1.836523
-1.879005
-1.907537
-1.904295
-1.860507
-1.783308
-1.679725
-1.552466
-1.598599
-1.758022
-1.927777
-2.086795
-2.196778
-2.202625
-2.100042
-1.952365
-1.814043
-1.772153
-1.825927
-1.847641
-1.860171
-1.862350
-1.852508
-1.821795
-1.762323
-1.680019
-1.579741
-1.460315
-1.599852
-1.741262
-1.903662
-2.057721
-2.152698
-2.188171
-2.192293
-2.079641
-1.943897
-1.878760
-1.848737
-1.876054
-1.898096
-1.899588
-1.880071
-1.841037
-1.773718
-1.680271
-1.568871
-1.437938
-1.472508
-1.615050
-1.780954
-1.945297
-2.079069
-2.118308
-2.061590
-1.947303
-1.816386
-1.705168
-1.690562
-1.708489
-1.770324
-1.805140
-1.827993
-1.826757
-1.787233
-1.716701
-1.621400
-1.502522
-1.546063
-1.704648
-1.872829
-2.033379
-2.155781
-2.166241
-2.076229
-1.942780
-1.812914
-1.778882
-1.827242
-1.839491
-1.844563
-1.835405
-1.817716
-1.780753
-1.714970
-1.623950
-1.515490
-1.386262
-1.467261
-1.628399
-1.795033
-1.957740
-2.086036
-2.147829
-2.117274
-2.005500
-1.852434
-1.759573
-1.738335
-1.739032
-1.787993
-1.808055
-1.813289
-1.792942
-1.735176
-1.648287
-1.538243
-1.406304
-1.454531
-1.612641
-1.784633
-1.948248
-2.078475
-2.120949
-2.046748
-1.904489
-1.771506
-1.685687
-1.714912
-1.766919
-1.802560
-1.822325
-1.833163
-1.819517
-1.775401
-1.705057
-1.615977
-1.507408
-1.567455
-1.708456
-1.874206
-2.029210
-2.134975
-2.183255
-2.146437
-2.035654
-1.888136
-1.807480
-1.783085
-1.782272
-1.827307
-1.841855
-1.846881
-1.825823
-1.766614
-1.675740
-1.561951
-1.425317
-1.465084
-1.621845
-1.791569
-1.955310
-2.089624
-2.123527
-2.050695
-1.922101
-1.795426
-1.698899
-1.684186
-1.733659
-1.793965
-1.829928
-1.857054
-1.860465
-1.826252
-1.760246
-1.671270
-1.560316
-1.561849
-1.704339
-1.868770
-2.029791
-2.146263
-2.182584
-2.105675
-1.975836
-1.861010
-1.814224
-1.868136
-1.893723
-1.911541
-1.915532
-1.902914
-1.869855
-1.807596
-1.719637
-1.611503
-1.482391
-1.547214
-1.708408
-1.876057
-2.036907
-2.156849
-2.202421
-2.145666
-2.027452
-1.915094
-1.815591
-1.811114
-1.878713
-1.939541
-1.978009
-2.000842
-1.996770
-1.956927
-1.886156
-1.793387
-1.680019
-1.688910
-1.826035
-1.988785
-2.137953
-2.229168
-2.245557
-2.161108
-2.037663
-1.931894
-1.861195
-1.926458
-1.961912
-1.988082
-1.999598
-1.996087
-1.970731
-1.914855
-1.831532
-1.727172
-1.602771
-1.646537
-1.804313
-1.970564
-2.122960
-2.217239
-2.249696
-2.178693
-2.056712
-1.951885
-1.857632
-1.883414
-1.949338
-1.999723
-2.033044
-2.049966
-2.041726
-2.000043
-1.928604
-1.835992
-1.723499
-1.732213
-1.872119
-2.035287
-2.175377
-2.253644
-2.275022
-2.192777
-2.072051
-1.972509
-1.931797
-1.986591
-2.016542
-2.038164
-2.048140
-2.039882
-2.009011
-1.945715
-1.855874
-1.744702
-1.613744
-1.714191
-1.867301
-2.031584
-2.176312
-2.258904
-2.272345
-2.195354
-2.076940
-1.971965
-1.885052
-1.887126
-1.954552
-2.014759
-2.062551
-2.093587
-2.091516
-2.051587
-1.977400
-1.879905
-1.765881
-1.773330
-1.908698
-2.071755
-2.201834
-2.272422
-2.290206
-2.210566
-2.091252
-1.984566
-1.902601
-1.908469
-1.973315
-2.019262
-2.052495
-2.068337
-2.056129
-2.006970
-1.925891
-1.821713
-1.698743
-1.756265
-1.906791
-2.068893
-2.200002
-2.269638
-2.273980
-2.186838
-2.065540
-1.948518
-1.868361
-1.867747
-1.890699
-1.953783
-1.999407
-2.030077
-2.031755
-1.991764
-1.919007
-1.818891
-1.695477
-1.732739
-1.868525
-2.034796
-2.180585
-2.265269
-2.255376
-2.142141
-1.991881
-1.848362
-1.896097
-1.914062
-1.915123
-1.908413
-1.894152
-1.871353
-1.830544
-1.761073
-1.667700
-1.555321
-1.422475
-1.545169
-1.700485
-1.867483
-2.025460
-2.132604
-2.182148
-2.192707
-2.078982
-1.942818
-1.873462
-1.855517
-1.892585
-1.924391
-1.938172
-1.930084
-1.898343
-1.833112
-1.739653
-1.627252
-1.494506
-1.559904
-1.716570
-1.880086
-2.038881
-2.130713
-2.143740
-2.082515
-1.971484
-1.845708
-1.724862
-1.684548
-1.641875
-1.680507
-1.696411
-1.705605
-1.697528
-1.663374
-1.603774
-1.520985
-1.414155
-1.491772
-1.656810
-1.827613
-1.990652
-2.122117
-2.161380
-2.114534
-2.001534
-1.866591
-1.781708
-1.781122
-1.847647
-1.899454
-1.938230
-1.958252
-1.950424
-1.905921
-1.832893
-1.735939
-1.618609
-1.655659
-1.801955
-1.966054
-2.119926
-2.216104
-2.205229
-2.097816
-1.964237
-1.845975
-1.853204
-1.888228
-1.902877
-1.909594
-1.908819
-1.896990
-1.867880
-1.810807
-1.726600
-1.620469
-1.493155
-1.579931
-1.740318
-1.907189
-2.065782
-2.180420
-2.233339
-2.165125
-2.043349
-1.919708
-1.905871
-1.934872
-1.940934
-1.938941
-1.921756
-1.888572
-1.838734
-1.761540
-1.662062
-1.542037
-1.400587
-1.521144
-1.682365
-1.849516
-2.011821
-2.142019
-2.171207
-2.102889
-1.981348
-1.862596
-1.773309
-1.804279
-1.857661
-1.896700
-1.922383
-1.928869
-1.910286
-1.859577
-1.780297
-1.678093
-1.554776
-1.621981
-1.779609
-1.943167
-2.099105
-2.199669
-2.193377
-2.102572
-1.980946
-1.858962
-1.770691
-1.770085
-1.829197
-1.883115
-1.922908
-1.950787
-1.949673
-1.908747
-1.837426
-1.741890
-1.625663
-1.651778
-1.800966
-1.967233
-2.115440
-2.204781
-2.214855
-2.119956
-1.991309
-1.876589
-1.813622
-1.873354
-1.900893
-1.918996
-1.927110
-1.923311
-1.898030
-1.841559
-1.757956
-1.651666
-1.523805
-1.609412
-1.769328
-1.935248
-2.091219
-2.195846
-2.217806
-2.137289
-2.015416
-1.886169
-1.838723
-1.881831
-1.896758
-1.903601
-1.897768
-1.874805
-1.831707
-1.759058
-1.663629
-1.546591
-1.407769
-1.527892
-1.690316
-1.857984
-2.019668
-2.145829
-2.167655
-2.093911
-1.966807
-1.842725
-1.767185
-1.830649
-1.855405
-1.870716
-1.873623
-1.860073
-1.824986
-1.811939
-1.855618
-1.881939
-1.859131
-1.832491
-1.800086
-1.761355
-1.714858
-1.655010
-1.599322
-1.544493
-1.482576
-1.420489
-1.356434
-1.282952
-1.203416
-1.118945
-1.031439
-1.168061
-1.283854
-1.419823
-1.525376
-1.587459
-1.625058
-1.626779
-1.585739
-1.528960
-1.441683
-1.385311
-1.335182
-1.341039
-1.390502
-1.422985
-1.447102
-1.456948
-1.452844
-1.435143
-1.408032
-1.535064
-1.663597
-1.799762
-1.882087
-1.923692
-1.915182
-1.881683
-1.835864
-1.772491
-1.676564
-1.610544
-1.641499
-1.668245
-1.681775
-1.690201
-1.695246
-1.688303
-1.670684
-1.642675
-1.605879
-1.708382
-1.814127
-1.944298
-2.020914
-2.047923
-2.001667
-1.938554
-1.879354
-1.816992
-1.733356
-1.640352
-1.651466
-1.683194
-1.696069
-1.707946
-1.715157
-1.710374
-1.694660
-1.668943
-1.633087
-1.729479
-1.842740
-1.974025
-2.049400
-2.075335
-2.020703
-1.955006
-1.898696
-1.838924
-1.754683
-1.671084
-1.695258
-1.719229
-1.726877
-1.733836
-1.737767
-1.729289
-1.710301
-1.682024
-1.644108
-1.734114
-1.842427
-1.971006
-2.052146
-2.080059
-2.022850
-1.954055
-1.895532
-1.838627
-1.764769
-1.671975
-1.675885
-1.709265
-1.723178
-1.737212
-1.747017
-1.744747
-1.729664
-1.703031
-1.666876
-1.752821
-1.865104
-1.978495
-2.076287
-2.112879
-2.060904
-1.999850
-1.948229
-1.886857
-1.798083
-1.742161
-1.760394
-1.775754
-1.777900
-1.777990
-1.774654
-1.760886
-1.737534
-1.703749
-1.659007
-1.775513
-1.869435
-1.989497
-2.067676
