1.953312
0.000000
0.000000
0.000000
57.533253
13.129717
0.000000
0.000000
0.000000
0.000000
0.000000
0.000000
0.000000
0.000000
0.000000
0.000000
0.000000
0.000000
0.000000
0.000000
12.284302
10.018430
11.777659
10.895432
12.210093
10.079505
12.279715
0.000000
0.000000
0.000000
0.000000
0.000000
0.000000
0.000000
0.000000
0.000000
0.000000
327.159302
248.770264
0.000000
84.685898
11.727711
11.147532
10.719860
11.646518
10.134859
11.625971
0.000000
0.000000
0.000000
0.000000
0.000000
0.000000
0.000000
0.000000
0.000000
0.000000
0.000000
212.291550
0.000000
107.557861
10.062561
8.585046
9.930355
8.193441
14.251918
14.755664
0.000000
0.000000
0.000000
0.000000
0.000000
0.000000
0.000000
0.000000
0.000000
0.000000
371.803986
282.418579
0.000000
76.343590
12.562091
9.531337
6.973876
9.348949
9.563887
8.612955
0.000000
0.000000
0.000000
0.000000
0.000000
0.000000
0.000000
0.000000
0.000000
0.000000
354.195190
275.983521
0.000000
25.817514
7.123067
9.649394
7.135991
9.409613
7.856076
8.530129
0.000000
0.000000
0.000000
0.000000
0.000000
0.000000
0.000000
0.000000
0.000000
0.000000
351.183899
273.297150
0.000000
5.366652
9.349780
7.329304
9.404194
7.475203
8.913773
7.364914
0.000000
0.000000
0.000000
0.000000
0.000000
0.000000
0.000000
0.000000
0.000000
0.000000
420.492859
261.916351
0.000000
6.418378
9.872530
7.579635
9.636613
7.755388
9.231671
7.433943
0.000000
0.000000
0.000000
0.000000
0.000000
0.000000
0.000000
0.000000
0.000000
0.000000
357.408234
265.373993
0.000000
1.851991
8.434515
9.299403
7.120199
8.822114
6.819147
7.062218
0.000000
0.000000
0.000000
0.000000
0.000000
0.000000
0.000000
0.000000
0.000000
0.000000
0.000000
375.978943
0.000000
3.997263
8.572001
9.967756
7.236521
9.772292
7.824632
9.102702
0.000000
0.000000
0.000000
0.000000
0.000000
0.000000
0.000000
0.000000
0.000000
0.000000
299.298706
271.053864
0.000000
0.000000
4.333409
9.572601
7.205450
8.836174
6.476070
6.326041
0.000000
0.000000
0.000000
0.000000
0.000000
0.000000
0.000000
0.000000
0.000000
0.000000
0.000000
458.278564
0.000000
0.000000
1.221742
7.809333
9.813988
7.238107
9.807511
6.535241
0.000000
0.000000
0.000000
0.000000
0.000000
0.000000
0.000000
0.000000
0.000000
0.000000
279.499146
264.708466
0.000000
6.873651
12.224273
9.600379
7.074798
9.074237
6.321862
6.603258
0.000000
0.000000
0.000000
0.000000
0.000000
0.000000
0.000000
0.000000
0.000000
0.000000
0.000000
0.000000
0.000000
0.000000
8.979467
9.197769
9.151117
9.674816
6.628869
9.165785
0.000000
0.000000
0.000000
0.000000
0.000000
0.000000
0.000000
0.000000
0.000000
0.000000
0.000000
259.320404
0.000000
9.754089
9.089401
7.243605
9.418099
6.923303
8.450490
5.257351
0.000000
0.000000
0.000000
0.000000
0.000000
0.000000
0.000000
0.000000
0.000000
0.000000
0.000000
348.163544
0.000000
0.000000
12.200001
7.118358
10.070877
7.156665
9.373248
6.190225
0.000000
0.000000
0.000000
0.000000
0.000000
0.000000
0.000000
0.000000
0.000000
0.000000
347.823334
276.194336
0.000000
12.498046
9.361611
7.418853
9.849360
6.866204
8.836371
5.321000
0.000000
0.000000
0.000000
0.000000
0.000000
0.000000
0.000000
0.000000
0.000000
0.000000
0.000000
259.552612
0.000000
18.217785
8.461078
6.346698
9.380058
6.835897
8.807930
5.329879
0.000000
0.000000
0.000000
0.000000
0.000000
0.000000
0.000000
0.000000
0.000000
0.000000
0.000000
316.107361
0.000000
0.000000
1.220693
11.177242
7.085781
16.253744
36.801437
19.299910
0.000000
0.000000
0.000000
0.000000
0.000000
0.000000
0.000000
0.000000
0.000000
0.000000
300.084717
234.944153
0.000000
0.000000
5.814848
9.725711
6.356587
8.682080
5.673297
6.305390
0.000000
0.000000
0.000000
0.000000
0.000000
0.000000
0.000000
0.000000
0.000000
0.000000
0.000000
0.000000
0.000000
0.000000
9.090351
9.228543
7.136464
9.664765
7.048644
42.006844
0.000000
0.000000
0.000000
0.000000
0.000000
0.000000
0.000000
0.000000
0.000000
0.000000
473.375763
243.509644
0.000000
0.000000
5.548924
9.407736
6.615664
8.769323
5.517424
6.400627
0.000000
0.000000
0.000000
0.000000
0.000000
0.000000
0.000000
0.000000
0.000000
0.000000
0.000000
357.966187
0.000000
22.512053
9.151080
6.840034
9.781962
6.408125
8.351985
4.718571
0.000000
0.000000
0.000000
0.000000
0.000000
0.000000
0.000000
0.000000
0.000000
0.000000
0.000000
271.255737
0.000000
12.341718
8.260941
6.412162
9.080523
5.987036
7.426770
3.512634
0.000000
0.000000
0.000000
0.000000
0.000000
0.000000
0.000000
0.000000
0.000000
0.000000
370.504974
245.560364
0.000000
14.969424
6.736491
8.494226
6.086013
8.342799
4.983745
3.822111
0.000000
0.000000
0.000000
0.000000
0.000000
0.000000
0.000000
0.000000
0.000000
0.000000
0.000000
618.120361
0.000000
7.475000
9.513120
7.412656
9.390699
6.634087
40.364017
28.760040
0.000000
0.000000
0.000000
0.000000
0.000000
0.000000
0.000000
0.000000
0.000000
0.000000
327.229828
255.255203
0.000000
1.660552
4.145324
8.660131
5.650918
8.012633
4.675893
5.584935
0.000000
0.000000
0.000000
0.000000
0.000000
0.000000
0.000000
0.000000
0.000000
0.000000
0.000000
0.000000
0.000000
0.000000
7.710973
8.742066
6.010883
8.648989
5.452175
29.729708
0.000000
0.000000
0.000000
0.000000
0.000000
0.000000
0.000000
0.000000
0.000000
0.000000
410.764709
262.413147
0.000000
5.660308
7.660192
5.949123
8.404830
5.488356
5.988848
5.409102
0.000000
0.000000
0.000000
0.000000
0.000000
0.000000
0.000000
0.000000
0.000000
0.000000
590.911865
251.976929
0.000000
0.000000
7.822451
5.497869
8.297812
4.172223
4.942198
0.000000
0.000000
0.000000
0.000000
0.000000
0.000000
0.000000
0.000000
0.000000
0.000000
0.000000
0.000000
318.614777
0.000000
0.000000
7.330184
5.302404
8.002780
5.141313
5.180094
0.000000
0.000000
0.000000
0.000000
0.000000
0.000000
0.000000
0.000000
0.000000
0.000000
0.000000
0.000000
263.278900
0.000000
1.229970
6.878436
8.803878
5.587922
6.936785
2.061769
0.000000
0.000000
0.000000
0.000000
0.000000
0.000000
0.000000
0.000000
0.000000
0.000000
0.000000
366.193054
281.564087
0.000000
0.000000
6.030513
9.019797
5.215248
7.760992
3.575962
1.591259
0.000000
0.000000
0.000000
0.000000
0.000000
0.000000
0.000000
0.000000
0.000000
0.000000
0.000000
359.817444
0.000000
0.000000
7.500267
8.131327
4.905586
7.052975
5.491542
0.000000
0.000000
0.000000
0.000000
0.000000
0.000000
0.000000
0.000000
0.000000
0.000000
0.000000
314.462982
272.245392
0.000000
5.599448
7.473991
8.462126
5.566259
7.867940
3.907535
5.214978
0.000000
0.000000
0.000000
0.000000
0.000000
0.000000
0.000000
0.000000
0.000000
0.000000
0.000000
359.298065
0.000000
2.635539
9.113365
8.178710
4.932936
7.663643
4.349072
4.861204
0.000000
0.000000
0.000000
0.000000
0.000000
0.000000
0.000000
0.000000
0.000000
0.000000
568.554810
244.024368
0.000000
0.000000
5.266690
7.795753
5.117567
6.601550
1.742749
0.000000
0.000000
0.000000
0.000000
0.000000
0.000000
0.000000
0.000000
0.000000
0.000000
0.000000
0.000000
268.088379
0.000000
4.374193
9.443436
7.428213
5.000676
7.302041
2.009966
0.000000
0.000000
0.000000
0.000000
0.000000
0.000000
0.000000
0.000000
0.000000
0.000000
0.000000
0.000000
254.670044
0.000000
0.000000
7.661623
6.887540
4.731838
6.061770
2.433785
0.467265
0.000000
0.000000
0.000000
0.000000
0.000000
0.000000
0.000000
0.000000
0.000000
0.000000
594.932678
248.613434
0.000000
2.258798
6.669875
4.864050
6.855279
2.699761
3.543934
0.505827
0.000000
0.000000
0.000000
0.000000
0.000000
0.000000
0.000000
0.000000
0.000000
0.000000
0.000000
267.327332
0.000000
4.833168
7.384664
7.701990
4.874558
6.351166
3.917641
0.000000
0.000000
0.000000
0.000000
0.000000
0.000000
0.000000
0.000000
0.000000
0.000000
0.000000
0.000000
275.922302
0.000000
2.193367
6.559662
7.279479
4.321377
6.150383
3.617004
0.000000
0.000000
0.000000
0.000000
0.000000
0.000000
0.000000
0.000000
0.000000
0.000000
0.000000
0.000000
276.701538
0.000000
0.000000
6.903707
7.232528
4.175540
5.425572
5.760139
0.000000
0.000000
0.000000
0.000000
0.000000
0.000000
0.000000
0.000000
0.000000
0.000000
0.000000
0.000000
399.009094
0.000000
287.641571
0.000000
0.000000
0.000000
1.515796
11.374429
0.000000
0.000000
0.000000
0.000000
0.000000
0.000000
0.000000
0.000000
0.000000
0.000000
0.000000
96.451561
299.323181
0.000000
119.012138
0.000000
5.231659
13.014193
10.182091
0.000000
0.000000
0.000000
0.000000
0.000000
0.000000
0.000000
0.000000
0.000000
0.000000
0.000000
0.000000
0.000000
247.550888
0.000000
0.000000
1.859374
5.510641
7.758183
101.817719
126.371437
13.442053
0.000000
0.000000
0.000000
0.000000
0.000000
0.000000
0.000000
0.000000
0.000000
0.000000
0.000000
328.190460
0.000000
31.728790
12.722211
7.000341
5.385454
5.735760
2.755662
3.369668
0.000000
0.000000
0.000000
0.000000
0.000000
0.000000
0.000000
0.000000
0.000000
0.000000
0.000000
350.449463
0.000000
46.560413
6.900775
4.824318
3.346138
4.196980
5.348869
0.000000
0.000000
0.000000
0.000000
0.000000
0.000000
0.000000
0.000000
0.000000
0.000000
0.000000
0.000000
530.677063
0.000000
0.000000
0.000000
0.000000
16.319347
63.503036
73.384148
0.000000
0.000000
0.000000
0.000000
0.000000
0.000000
0.000000
0.000000
0.000000
0.000000
0.000000
0.000000
340.261108
0.000000
3.404688
9.458241
6.624671
4.143512
3.365426
27.730440
19.885689
0.000000
0.000000
0.000000
0.000000
0.000000
0.000000
0.000000
0.000000
0.000000
0.000000
0.000000
352.268066
0.000000
20.012699
10.354342
4.498643
7.190970
61.672207
70.150902
0.564399
0.000000
0.000000
0.000000
0.000000
0.000000
0.000000
0.000000
0.000000
0.000000
0.000000
0.000000
444.083740
0.000000
0.000000
0.000000
0.000000
0.000000
93.586098
92.454674
0.000000
0.000000
0.000000
0.000000
0.000000
0.000000
0.000000
0.000000
0.000000
0.000000
0.000000
0.000000
322.313477
0.000000
113.160393
13.636876
17.782776
12.773260
85.990776
78.476776
0.000000
0.000000
0.000000
0.000000
0.000000
0.000000
0.000000
0.000000
0.000000
0.000000
0.000000
0.000000
401.118866
0.000000
0.000000
3.875058
3.495183
17.457325
138.673676
59.753319
0.000000
0.000000
0.000000
0.000000
0.000000
0.000000
0.000000
0.000000
0.000000
0.000000
0.000000
0.000000
0.000000
0.000000
83.742416
7.126855
7.316592
3.791427
84.678993
97.383217
0.000000
0.000000
0.000000
0.000000
0.000000
0.000000
0.000000
0.000000
0.000000
0.000000
0.000000
0.000000
544.496643
0.000000
17.693592
9.420537
4.875838
6.024510
131.814011
125.445030
0.000000
0.000000
0.000000
0.000000
0.000000
0.000000
0.000000
0.000000
0.000000
0.000000
0.000000
0.000000
83.010117
0.000000
151.281357
4.877725
5.245027
33.700249
177.310516
112.557701
0.000000
0.000000
0.000000
0.000000
0.000000
0.000000
0.000000
0.000000
0.000000
0.000000
0.000000
0.000000
0.000000
0.000000
0.000000
0.000000
25.911106
27.129051
178.186676
149.254715
3.099310
0.000000
0.000000
0.000000
0.000000
0.000000
0.000000
0.000000
0.000000
0.000000
0.000000
0.000000
0.000000
0.000000
32.657269
5.203640
3.021948
82.127754
184.156174
55.153404
0.000000
0.000000
0.000000
0.000000
0.000000
0.000000
0.000000
0.000000
0.000000
0.000000
0.000000
0.000000
0.000000
0.000000
153.279419
8.340186
7.983908
3.005083
138.801422
150.106522
32.302273
0.000000
0.000000
0.000000
0.000000
0.000000
0.000000
0.000000
0.000000
0.000000
0.000000
0.000000
145.885727
0.000000
359.567993
0.000000
0.000000
2.308147
153.617203
112.401955
0.000000
0.000000
0.000000
0.000000
0.000000
0.000000
0.000000
0.000000
0.000000
0.000000
0.000000
0.000000
0.000000
0.000000
332.390594
11.731011
0.000000
10.509007
167.978455
116.546257
0.000000
0.000000
0.000000
0.000000
0.000000
0.000000
0.000000
0.000000
0.000000
0.000000
0.000000
0.000000
0.000000
0.000000
278.203247
20.444948
14.501517
70.355072
191.570206
35.515251
0.000000
0.000000
0.000000
0.000000
0.000000
0.000000
0.000000
0.000000
0.000000
0.000000
0.000000
0.000000
0.000000
0.000000
200.598541
2.029799
9.227628
2.071916
93.465721
151.125122
17.172970
0.000000
0.000000
0.000000
0.000000
0.000000
0.000000
0.000000
0.000000
0.000000
0.000000
0.000000
0.000000
0.000000
320.545441
39.224575
4.394655
69.969467
187.981979
108.283531
0.000000
0.000000
0.000000
0.000000
0.000000
0.000000
0.000000
0.000000
0.000000
0.000000
0.000000
0.000000
0.000000
0.000000
143.944473
5.522872
7.094050
2.993064
137.137497
128.343475
5.571541
0.000000
0.000000
0.000000
0.000000
0.000000
0.000000
0.000000
0.000000
0.000000
0.000000
0.000000
0.000000
0.000000
0.000000
192.632370
3.703068
82.866913
196.682556
123.668991
0.000000
0.000000
0.000000
0.000000
0.000000
0.000000
0.000000
0.000000
0.000000
0.000000
0.000000
0.000000
0.000000
0.000000
224.906082
15.468174
5.819758
75.388916
176.515045
45.293514
0.000000
0.000000
0.000000
0.000000
0.000000
0.000000
0.000000
0.000000
0.000000
0.000000
0.000000
0.000000
0.000000
0.000000
133.562103
3.930154
4.863571
3.292721
129.004440
120.345200
0.000000
0.000000
0.000000
0.000000
0.000000
0.000000
0.000000
0.000000
0.000000
0.000000
0.000000
0.000000
0.000000
0.000000
0.000000
0.000000
7.576382
51.089268
204.136871
142.438354
15.994407
0.000000
0.000000
0.000000
0.000000
0.000000
0.000000
0.000000
0.000000
0.000000
0.000000
0.000000
0.000000
45.523540
149.497147
13.020757
23.167721
0.000000
102.273590
133.822906
18.627085
0.000000
0.000000
0.000000
0.000000
0.000000
0.000000
0.000000
0.000000
0.000000
0.000000
0.000000
0.000000
528.236328
190.902161
12.966860
0.000000
0.000000
126.598160
75.668076
1.830401
0.000000
0.000000
0.000000
0.000000
0.000000
0.000000
0.000000
0.000000
0.000000
0.000000
0.000000
0.000000
0.000000
203.858856
0.000000
2.685014
5.655163
70.148804
175.184219
67.590805
0.000000
0.000000
0.000000
0.000000
0.000000
0.000000
0.000000
0.000000
0.000000
0.000000
0.000000
0.000000
0.000000
116.042809
6.714357
7.292819
0.000000
47.628410
52.553829
0.000000
0.000000
0.000000
0.000000
0.000000
0.000000
0.000000
0.000000
0.000000
0.000000
0.000000
0.000000
0.000000
0.000000
232.603943
10.665483
7.770096
51.292721
205.225998
147.941055
20.555571
0.000000
0.000000
0.000000
0.000000
0.000000
0.000000
0.000000
0.000000
0.000000
0.000000
0.000000
0.000000
420.169922
174.503784
0.000000
0.000000
6.579398
150.724411
102.175797
22.404612
0.000000
0.000000
0.000000
0.000000
0.000000
0.000000
0.000000
0.000000
0.000000
0.000000
0.000000
0.000000
0.000000
157.543747
0.000000
0.000000
0.000000
39.327698
69.402695
4.712837
0.000000
0.000000
0.000000
0.000000
0.000000
0.000000
0.000000
0.000000
0.000000
0.000000
0.000000
0.000000
0.000000
374.340729
0.000000
0.000000
16.024502
169.379166
32.126167
9.679032
0.000000
0.000000
0.000000
0.000000
0.000000
0.000000
0.000000
0.000000
0.000000
0.000000
0.000000
0.000000
0.000000
443.517181
0.000000
0.000000
75.446701
151.335571
47.988590
0.000000
0.000000
0.000000
0.000000
0.000000
0.000000
0.000000
0.000000
0.000000
0.000000
0.000000
0.000000
0.000000
0.000000
476.953857
0.000000
21.794460
9.706210
83.955788
171.375870
108.795128
0.000000
0.000000
0.000000
0.000000
0.000000
0.000000
0.000000
0.000000
0.000000
0.000000
0.000000
304.764435
0.000000
102.596817
13.186192
7.457383
108.301544
210.680862
170.610474
14.557806
0.000000
0.000000
0.000000
0.000000
0.000000
0.000000
0.000000
0.000000
0.000000
0.000000
0.000000
201.982452
0.000000
191.079193
10.906299
0.382818
72.196342
137.389145
35.630333
0.000000
0.000000
0.000000
0.000000
0.000000
0.000000
0.000000
0.000000
0.000000
0.000000
0.000000
0.000000
0.000000
0.000000
64.534821
0.000000
8.865215
81.185608
184.199783
90.219673
0.000000
0.000000
0.000000
0.000000
0.000000
0.000000
0.000000
0.000000
0.000000
0.000000
0.000000
0.000000
0.000000
0.000000
156.892227
9.928656
4.910002
72.865387
156.861877
27.859339
0.000000
0.000000
0.000000
0.000000
0.000000
0.000000
0.000000
0.000000
0.000000
0.000000
0.000000
0.000000
0.000000
0.000000
167.115219
9.358020
7.046416
82.847961
169.809692
65.693367
30.151302
0.000000
0.000000
0.000000
0.000000
0.000000
0.000000
0.000000
0.000000
0.000000
0.000000
0.000000
193.239258
0.000000
187.814911
9.903412
5.856262
60.540398
99.772797
18.351913
0.000000
0.000000
0.000000
0.000000
0.000000
0.000000
0.000000
0.000000
0.000000
0.000000
0.000000
262.576416
196.160751
0.000000
117.530380
2.276582
0.000000
10.252884
32.160942
0.000000
0.000000
0.000000
0.000000
0.000000
0.000000
0.000000
0.000000
0.000000
0.000000
0.000000
0.000000
0.000000
0.000000
0.000000
0.000000
0.000000
180.446884
67.642387
366.755768
13.011648
0.000000
0.000000
19.403625
11.604640
11.135921
12.030090
10.943814
8.211637
10.188104
0.000000
0.000000
19.749414
12.077539
13.192407
12.069249
0.000000
0.000000
0.000000
0.000000
0.000000
0.000000
0.000000
0.000000
0.000000
0.000000
0.000000
0.000000
0.000000
16.349567
9.157397
11.263994
10.719609
12.354303
10.019216
12.078473
10.463204
0.000000
0.000000
0.000000
0.000000
0.000000
0.000000
0.000000
0.000000
0.000000
0.000000
0.000000
297.656097
0.000000
238.707733
11.538611
10.100186
12.464379
9.304942
11.020403
9.081069
0.000000
0.000000
0.000000
0.000000
0.000000
0.000000
0.000000
0.000000
0.000000
0.000000
0.000000
340.181366
265.095154
0.000000
0.000000
0.000000
4.465091
5.383494
0.673434
0.000000
0.000000
0.000000
0.000000
0.000000
0.000000
0.000000
0.000000
0.000000
0.000000
0.000000
0.000000
0.000000
243.395325
0.000000
0.000000
0.000000
0.000000
0.000000
0.000000
0.000000
0.000000
0.000000
0.000000
0.000000
0.000000
0.000000
0.000000
0.000000
0.000000
0.000000
0.000000
230.239410
229.393448
0.000000
207.061188
4.806939
89.855797
160.405121
253.297470
251.477859
81.173790
0.000000
0.000000
0.000000
0.000000
0.000000
0.000000
0.000000
0.000000
0.000000
0.000000
0.000000
269.139160
0.000000
263.664978
238.727921
155.393295
210.809616
252.216293
174.000946
3.434912
0.000000
0.000000
0.000000
0.000000
0.000000
0.000000
0.000000
0.000000
0.000000
0.000000
0.000000
298.208801
0.000000
0.000000
175.291702
38.852036
114.469620
178.016190
113.367104
0.000000
0.000000
0.000000
0.000000
0.000000
0.000000
0.000000
0.000000
0.000000
0.000000
0.000000
401.159241
298.202454
0.000000
47.661579
112.998604
12.452170
118.054344
151.556381
51.567806
3.447845
0.000000
0.000000
0.000000
0.000000
0.000000
0.000000
0.000000
0.000000
0.000000
0.000000
187.151321
221.821426
190.950455
0.000000
69.574814
58.062351
186.859772
193.174637
56.846619
4.503372
0.246996
0.000000
0.000000
0.000000
0.000000
0.000000
0.000000
0.000000
0.000000
0.000000
108.558052
239.528992
129.917755
0.000000
25.271793
0.000000
5.399104
88.182037
0.000000
0.000000
0.000000
2.561726
0.000000
0.000000
0.000000
0.000000
13.108021
0.068383
0.000000
0.000000
0.000000
0.000000
0.946810
0.000000
0.000000
0.000000
11.760301
12.983640
12.497414
0.000000
0.000000
0.000000
0.000000
0.000000
0.000000
0.000000
0.000000
0.000000
0.000000
0.000000
0.000000
0.000000
0.000000
0.000000
9.111637
11.743407
12.971291
11.482766
9.219335
11.272508
8.839642
10.962490
9.112785
10.077346
8.803163
9.164388
0.000000
0.000000
0.000000
0.000000
0.000000
0.000000
0.000000
0.000000
0.000000
0.000000
0.000000
0.000000
0.000000
0.000000
0.000000
0.000000
0.000000
0.000000
0.000000
0.000000
0.000000
972.784729
346.442719
208.349060
0.000000
0.000000
5.953799
2.339570
12.720871
0.000000
0.000000
0.000000
12.945339
6.543015
0.000000
0.000000
0.000000
6.553817
12.060296
13.037549
13.146697
12.120807
13.140049
12.025483
13.098239
11.781761
13.041065
11.466350
12.881029
11.091746
12.436197
10.631186
11.114090
10.990339
13.740514
11.486197
12.452319
12.401491
12.251698
12.855996
11.962778
13.614296
12.225427
12.940942
11.110221
69.059906
139.288239
98.104424
65.402313
14.933532
48.700089
14.152647
6.861196
0.000000
0.000000
14.287678
12.596723
12.993690
12.918447
0.000000
0.000000
0.000000
0.000000
0.000000
0.000000
0.000000
0.000000
0.000000
0.000000
0.000000
0.000000
0.000000
0.000000
0.000000
0.000000
0.000000
0.000000
0.000000
0.000000
0.000000
0.000000
0.000000
0.000000
0.000000
0.000000
0.000000
0.000000
0.000000
0.000000
56.722454
0.000000
63.323383
0.000000
0.000000
0.000000
0.000000
0.000000
0.000000
0.000000
0.000000
0.000000
0.000000
0.000000
0.000000
0.000000
0.000000
0.000000
0.000000
0.000000
0.000000
0.000000
123.829826
14.563594
0.000000
0.000000
0.000000
0.000000
0.000000
0.000000
0.000000
0.000000
0.000000
0.000000
216.623825
44.593128
0.000000
0.000000
0.000000
0.000000
0.000000
0.000000
0.000000
0.000000
0.000000
0.000000
15.061794
4.875291
0.000000
0.000000
1.747006
12.881450
12.238513
12.947351
12.041319
13.019563
11.834703
12.946140
11.563290
12.820643
11.257020
12.695948
10.983870
12.443945
10.723371
12.203839
10.570757
11.640565
10.209852
11.034712
11.515503
12.706914
16.009659
15.027768
16.168510
11.680578
11.518836
14.015877
9.762235
12.706887
12.012078
11.782082
0.000000
9.774372
9.846460
11.923756
6.469573
0.000000
0.000000
0.000000
16.790398
12.524122
13.166326
12.349039
13.217070
12.172038
13.213730
11.905448
13.215796
11.658083
13.125367
11.313118
12.999429
11.158365
12.660686
10.843247
12.134024
10.522625
11.411971
10.597395
10.716987
11.152446
11.565892
0.000000
0.000000
0.000000
0.000000
40.821781
164.575134
169.101089
155.589279
185.876602
108.088692
12.723520
87.253777
119.693130
140.182739
165.513687
27.764650
0.000000
0.000000
0.000000
12.547453
12.975698
12.615793
12.458831
12.865243
12.815392
12.888520
13.147285
12.558036
13.196040
13.083316
12.757616
13.512392
12.766069
14.906405
13.103695
13.900207
12.075304
12.753634
9.935964
11.851438
10.030314
12.742932
11.104603
12.964632
11.588443
12.909701
11.719153
12.566609
11.688360
130.428970
154.156784
127.362648
70.269424
24.218126
51.765732
114.772728
50.824978
0.000000
0.000000
0.000000
0.000000
52.523693
13.063431
13.378730
0.000000
0.000000
0.000000
0.000000
0.000000
0.000000
0.000000
0.000000
0.000000
0.000000
0.000000
0.000000
0.000000
0.000000
0.000000
0.000000
0.000000
0.000000
0.000000
0.000000
0.000000
0.000000
0.000000
0.000000
9.693398
0.000000
0.000000
0.000000
0.000000
13.734904
12.856249
13.369683
13.200992
12.753775
13.683304
0.000000
0.000000
0.000000
0.000000
0.000000
0.000000
0.000000
0.000000
0.000000
0.000000
0.000000
0.000000
0.000000
103.869652
0.000000
17.784128
10.324623
11.395612
11.644541
12.574507
11.871895
10.738987
0.000000
0.000000
0.000000
13.490976
0.000000
11.431275
11.377111
24.719801
45.416004
0.000000
0.000000
0.000000
8.276195
7.258367
6.256460
0.000000
0.000000
0.000000
0.000000
0.000000
0.000000
12.084826
0.000000
0.000000
0.000000
0.000000
57.430965
13.050977
13.156240
13.013720
12.425781
13.347745
12.316734
13.375412
12.117016
13.407860
11.731263
13.184062
11.124166
12.667963
10.737803
12.057582
9.856535
11.164118
9.829255
11.200520
9.878025
0.000000
0.000000
0.000000
0.000000
0.000000
0.000000
32.551376
13.818466
53.056538
99.459595
161.689438
135.899109
160.555847
179.827072
151.316681
13.147485
3.705003
30.446926
0.073723
0.000000
0.000000
0.000000
12.695157
12.411964
13.260871
0.000000
0.000000
0.000000
0.000000
0.000000
0.000000
0.000000
0.000000
0.000000
0.000000
0.000000
0.000000
0.000000
0.000000
0.000000
0.000000
0.000000
0.000000
12.428260
6.537132
0.000000
0.000000
0.000000
0.000000
0.000000
0.000000
0.000000
0.000000
0.000000
0.000000
0.000000
0.000000
0.000000
0.000000
0.000000
0.000000
0.000000
5.830312
0.905628
0.000000
0.000000
0.000000
57.224903
13.223393
12.826356
0.000000
0.000000
0.000000
0.000000
0.000000
0.000000
0.000000
0.000000
0.000000
0.000000
0.000000
0.000000
0.000000
0.000000
0.000000
9.303899
11.888882
13.152082
11.961740
9.517700
11.613264
8.737418
0.000000
0.000000
0.000000
0.000000
0.000000
0.000000
0.000000
0.000000
0.000000
0.000000
0.000000
362.942291
0.000000
221.275879
11.128211
10.799694
10.131065
10.296470
8.714716
9.276412
0.000000
0.000000
0.000000
0.000000
0.000000
0.000000
0.000000
0.000000
0.000000
0.000000
318.430817
294.187469
0.000000
183.788330
11.166216
9.608621
7.597122
9.506536
7.828043
8.923545
0.000000
0.000000
0.000000
0.000000
0.000000
0.000000
0.000000
0.000000
0.000000
0.000000
150.532318
319.345673
0.000000
230.360672
16.450117
10.145096
8.025390
9.989927
8.489367
9.369256
0.000000
0.000000
0.000000
0.000000
0.000000
0.000000
0.000000
0.000000
0.000000
0.000000
647.165710
289.485077
0.000000
205.571716
8.874453
7.729950
9.688288
7.650547
9.261905
7.664341
0.000000
0.000000
0.000000
0.000000
0.000000
0.000000
0.000000
0.000000
0.000000
0.000000
0.000000
304.007294
0.000000
169.478043
11.338843
7.956097
9.668668
8.208262
10.076880
8.198134
0.000000
0.000000
0.000000
0.000000
0.000000
0.000000
0.000000
0.000000
0.000000
0.000000
0.000000
321.700134
0.000000
181.237274
9.354281
8.020117
9.852941
7.863540
9.592105
7.883906
0.000000
0.000000
0.000000
0.000000
0.000000
0.000000
0.000000
0.000000
0.000000
0.000000
0.000000
303.512970
0.000000
164.977188
9.483569
8.563877
10.290243
8.220016
10.350283
8.315000
0.000000
0.000000
0.000000
0.000000
0.000000
0.000000
0.000000
0.000000
0.000000
0.000000
0.000000
310.077148
0.000000
179.639923
9.710591
8.224778
10.267144
8.234924
10.270279
8.375621
0.000000
0.000000
0.000000
0.000000
0.000000
0.000000
0.000000
0.000000
0.000000
0.000000
0.000000
386.455872
0.000000
177.636429
12.157617
8.337800
10.575298
8.234865
10.722157
8.488361
0.000000
0.000000
0.000000
0.000000
0.000000
0.000000
0.000000
0.000000
0.000000
0.000000
0.000000
381.272919
0.000000
169.314407
11.771582
8.694433
10.737412
8.269647
10.830067
8.450548
0.000000
0.000000
0.000000
0.000000
0.000000
0.000000
0.000000
0.000000
0.000000
0.000000
0.000000
375.955292
0.000000
166.197922
10.650032
8.509364
10.425111
8.402090
10.612702
8.543748
0.000000
0.000000
0.000000
0.000000
0.000000
0.000000
0.000000
0.000000
0.000000
0.000000
0.000000
388.119324
0.000000
163.209061
10.066531
8.598851
10.621580
8.579381
10.954055
8.745591
0.000000
0.000000
0.000000
0.000000
0.000000
0.000000
0.000000
0.000000
0.000000
0.000000
0.000000
373.394562
0.000000
147.221893
10.731211
9.018963
10.694981
8.443417
10.900805
8.572499
0.000000
0.000000
0.000000
0.000000
0.000000
0.000000
0.000000
0.000000
0.000000
0.000000
0.000000
354.010193
0.000000
133.247986
9.611249
8.654307
10.457933
8.473267
10.631205
8.715738
0.000000
0.000000
0.000000
0.000000
0.000000
0.000000
0.000000
0.000000
0.000000
0.000000
0.000000
315.202484
0.000000
155.674271
9.789692
8.718752
10.516577
8.423383
10.703773
8.767894
0.000000
0.000000
0.000000
0.000000
0.000000
0.000000
0.000000
0.000000
0.000000
0.000000
0.000000
331.350952
0.000000
144.410172
11.669232
8.805894
11.086230
8.503151
10.975335
8.663460
0.000000
0.000000
0.000000
0.000000
0.000000
0.000000
0.000000
0.000000
0.000000
0.000000
0.000000
342.407928
0.000000
128.414139
12.216783
8.063660
10.997663
8.109432
10.866594
8.335810
0.000000
0.000000
0.000000
0.000000
0.000000
0.000000
0.000000
0.000000
0.000000
0.000000
0.000000
264.854950
0.000000
140.031418
10.071450
7.788699
10.933532
8.541417
10.910706
8.411942
0.000000
0.000000
0.000000
0.000000
0.000000
0.000000
0.000000
0.000000
0.000000
0.000000
0.000000
541.109802
0.000000
333.367249
25.959806
9.067223
11.307086
8.520030
11.314815
9.001068
0.000000
0.000000
0.000000
0.000000
0.000000
0.000000
0.000000
0.000000
0.000000
0.000000
605.702332
253.482330
0.000000
138.679123
10.334897
8.083674
11.165865
8.092106
10.621399
7.904487
0.000000
0.000000
0.000000
0.000000
0.000000
0.000000
0.000000
0.000000
0.000000
0.000000
0.000000
0.000000
0.000000
154.014587
0.000000
8.393591
11.168138
7.841569
10.964085
8.213654
0.000000
0.000000
0.000000
0.000000
0.000000
0.000000
0.000000
0.000000
0.000000
0.000000
0.000000
287.345367
0.000000
135.641815
9.793160
7.834891
10.898565
8.541920
10.893639
8.526029
0.000000
0.000000
0.000000
0.000000
0.000000
0.000000
0.000000
0.000000
0.000000
0.000000
0.000000
257.283875
0.000000
342.371887
26.327259
9.122259
11.397847
8.545113
10.895161
8.426064
0.000000
0.000000
0.000000
0.000000
0.000000
0.000000
0.000000
0.000000
0.000000
0.000000
0.000000
293.491089
0.000000
137.117874
11.232513
7.979186
11.264281
8.333880
11.233386
8.480903
0.000000
0.000000
0.000000
0.000000
0.000000
0.000000
0.000000
0.000000
0.000000
0.000000
0.000000
9.217952
0.000000
111.794067
0.000000
8.410399
12.527143
8.636092
11.175272
8.461516
0.000000
0.000000
0.000000
0.000000
0.000000
0.000000
0.000000
0.000000
0.000000
0.000000
307.306824
268.940063
0.000000
120.155022
10.150276
8.290024
11.128559
8.331821
10.951317
8.097684
0.000000
0.000000
0.000000
0.000000
0.000000
0.000000
0.000000
0.000000
0.000000
0.000000
0.000000
0.000000
349.427765
0.000000
0.000000
0.000000
17.569563
8.942696
11.699161
37.111488
0.000000
0.000000
0.000000
0.000000
0.000000
0.000000
0.000000
0.000000
0.000000
0.000000
338.268005
258.618622
0.000000
161.469070
14.653108
8.051800
10.796295
8.046015
10.567144
7.988905
0.000000
0.000000
0.000000
0.000000
0.000000
0.000000
0.000000
0.000000
0.000000
0.000000
0.000000
0.000000
0.000000
275.955902
0.000000
11.400973
8.592860
11.326651
8.596387
22.116323
0.000000
0.000000
0.000000
0.000000
0.000000
0.000000
0.000000
0.000000
0.000000
0.000000
315.189545
256.782166
0.000000
138.095779
6.769756
10.646097
8.757129
10.637777
8.451300
10.196842
0.000000
0.000000
0.000000
0.000000
0.000000
0.000000
0.000000
0.000000
0.000000
0.000000
0.000000
0.000000
329.726959
150.839676
9.238675
10.844414
12.251020
11.422011
8.581585
11.614061
0.000000
0.000000
0.000000
0.000000
0.000000
0.000000
0.000000
0.000000
0.000000
0.000000
0.000000
306.525024
0.000000
146.463806
7.059347
10.729536
8.067023
10.910058
8.546568
10.360157
0.000000
0.000000
0.000000
0.000000
0.000000
0.000000
0.000000
0.000000
0.000000
0.000000
0.000000
658.009033
0.000000
285.833160
12.310533
7.918185
10.878612
8.379783
11.037457
8.389081
0.000000
0.000000
0.000000
0.000000
0.000000
0.000000
0.000000
0.000000
0.000000
0.000000
0.000000
337.465759
0.000000
168.092148
10.384559
7.608354
10.463909
8.538693
10.788054
8.778442
0.000000
0.000000
0.000000
0.000000
0.000000
0.000000
0.000000
0.000000
0.000000
0.000000
0.000000
389.266968
0.000000
185.142227
9.051262
12.011110
8.677968
10.760830
8.641265
10.934293
0.000000
0.000000
0.000000
0.000000
0.000000
0.000000
0.000000
0.000000
0.000000
0.000000
0.000000
287.796661
0.000000
143.971878
9.855402
8.559875
10.709165
8.326655
10.905305
8.586962
0.000000
0.000000
0.000000
0.000000
0.000000
0.000000
0.000000
0.000000
0.000000
0.000000
0.000000
195.237091
0.000000
353.603424
14.112873
11.588781
8.428164
11.392223
8.950943
11.519723
0.000000
0.000000
0.000000
0.000000
0.000000
0.000000
0.000000
0.000000
0.000000
0.000000
0.000000
271.170685
0.000000
142.068787
10.217347
9.153875
11.292459
8.412506
11.079124
8.357803
0.000000
0.000000
0.000000
0.000000
0.000000
0.000000
0.000000
0.000000
0.000000
0.000000
0.000000
362.068481
0.000000
124.261497
10.686427
8.130883
11.187827
8.260162
10.731114
7.980504
0.000000
0.000000
0.000000
0.000000
0.000000
0.000000
0.000000
0.000000
0.000000
0.000000
0.000000
0.000000
0.000000
269.019958
13.230890
10.575112
8.649492
11.089879
9.164110
51.675957
0.000000
0.000000
0.000000
0.000000
0.000000
0.000000
0.000000
0.000000
0.000000
0.000000
338.114655
263.836487
0.000000
166.451538
6.966695
10.298209
7.745722
10.610271
8.533231
10.023463
0.000000
0.000000
0.000000
0.000000
0.000000
0.000000
0.000000
0.000000
0.000000
0.000000
0.000000
57.787876
0.000000
312.118378
10.176773
8.332085
10.396030
7.960157
10.786247
8.387477
0.000000
0.000000
0.000000
0.000000
0.000000
0.000000
0.000000
0.000000
0.000000
0.000000
0.000000
278.108612
0.000000
244.211929
8.392163
10.658148
8.350163
10.779526
8.862868
10.654950
0.000000
0.000000
0.000000
0.000000
0.000000
0.000000
0.000000
0.000000
0.000000
0.000000
0.000000
378.629639
0.000000
278.458221
8.737307
10.527892
8.078550
10.731219
8.421212
11.031233
0.000000
0.000000
0.000000
0.000000
0.000000
0.000000
0.000000
0.000000
0.000000
0.000000
0.000000
355.991028
0.000000
272.217987
10.388142
8.701519
11.003685
9.006463
11.118689
9.060210
0.000000
0.000000
0.000000
0.000000
0.000000
0.000000
0.000000
0.000000
0.000000
0.000000
0.000000
571.508911
0.000000
298.133667
11.536732
10.264511
8.367984
10.766002
8.512950
10.948525
0.000000
0.000000
0.000000
0.000000
0.000000
0.000000
0.000000
0.000000
0.000000
0.000000
0.000000
361.519409
0.000000
311.313232
9.466440
10.666566
8.050171
10.622580
8.858231
10.832117
0.000000
0.000000
0.000000
0.000000
0.000000
0.000000
0.000000
0.000000
0.000000
0.000000
0.000000
619.948853
0.000000
333.747864
10.044990
10.254386
9.083750
10.597569
8.660650
10.907560
0.000000
0.000000
0.000000
0.000000
0.000000
0.000000
0.000000
0.000000
0.000000
0.000000
0.000000
361.604980
0.000000
264.723022
8.576947
10.739724
8.041394
11.064015
8.487311
10.773273
0.000000
0.000000
0.000000
0.000000
0.000000
0.000000
0.000000
0.000000
0.000000
0.000000
0.000000
218.947800
0.000000
317.806000
12.395731
10.486762
8.423154
10.951892
8.882759
11.204909
0.000000
0.000000
0.000000
0.000000
0.000000
0.000000
0.000000
0.000000
0.000000
0.000000
0.000000
341.009674
0.000000
316.984985
12.465294
11.565306
8.361018
10.405323
8.668590
10.868184
0.000000
0.000000
0.000000
0.000000
0.000000
0.000000
0.000000
0.000000
0.000000
0.000000
0.000000
638.474609
0.000000
342.221649
11.841670
10.584602
8.135055
10.107993
8.481005
10.691824
0.000000
0.000000
0.000000
0.000000
0.000000
0.000000
0.000000
0.000000
0.000000
0.000000
0.000000
354.536407
0.000000
282.489136
10.374722
11.149427
8.155558
10.813706
8.703065
11.128654
0.000000
0.000000
0.000000
0.000000
0.000000
0.000000
0.000000
0.000000
0.000000
0.000000
0.000000
189.511230
0.000000
338.862152
12.562367
11.106616
8.315493
10.743118
9.011146
10.954240
0.000000
0.000000
0.000000
0.000000
0.000000
0.000000
0.000000
0.000000
0.000000
0.000000
0.000000
578.490173
0.000000
317.108093
14.129755
10.343237
8.267720
10.542417
8.516968
10.704476
0.000000
0.000000
0.000000
0.000000
0.000000
0.000000
0.000000
0.000000
0.000000
0.000000
0.000000
232.344208
0.000000
326.946838
11.703975
10.311167
8.200305
10.812722
8.774202
10.531114
0.000000
0.000000
0.000000
0.000000
0.000000
0.000000
0.000000
0.000000
0.000000
0.000000
0.000000
0.000000
0.000000
0.000000
0.000000
0.000000
10.777157
7.484318
11.164538
8.820262
0.000000
0.000000
0.000000
0.000000
0.000000
0.000000
0.000000
0.000000
0.000000
0.000000
0.000000
364.647095
0.000000
285.344147
7.776335
11.470578
8.099071
11.002527
8.316696
10.666214
0.000000
0.000000
0.000000
0.000000
0.000000
0.000000
0.000000
0.000000
0.000000
0.000000
0.000000
413.110962
0.000000
212.258652
11.923498
8.297771
10.973888
8.518643
10.949050
8.385032
0.000000
0.000000
0.000000
0.000000
0.000000
0.000000
0.000000
0.000000
0.000000
0.000000
0.000000
285.160797
0.000000
337.128723
10.596842
10.988713
8.276617
11.062258
8.541472
10.640683
0.000000
0.000000
0.000000
0.000000
0.000000
0.000000
0.000000
0.000000
0.000000
0.000000
0.000000
709.395447
0.000000
309.290710
8.561018
10.419341
8.185650
10.421254
8.657243
11.081092
0.000000
0.000000
0.000000
0.000000
0.000000
0.000000
0.000000
0.000000
0.000000
0.000000
0.000000
323.708588
0.000000
234.441269
8.838648
10.742677
8.158405
10.544425
8.410571
10.620207
0.000000
0.000000
0.000000
0.000000
0.000000
0.000000
0.000000
0.000000
0.000000
0.000000
0.000000
294.387207
0.000000
304.496399
14.605518
10.586552
8.296711
11.326946
8.200320
11.055770
0.000000
0.000000
0.000000
0.000000
0.000000
0.000000
0.000000
0.000000
0.000000
0.000000
0.000000
686.247375
0.000000
341.460480
14.954851
8.115175
10.849068
8.587631
10.590292
8.508368
0.000000
0.000000
0.000000
0.000000
0.000000
0.000000
0.000000
0.000000
0.000000
0.000000
0.000000
706.837585
0.000000
335.598541
10.813233
10.803123
8.679265
10.684267
8.489616
10.819845
0.000000
0.000000
0.000000
0.000000
0.000000
0.000000
0.000000
0.000000
0.000000
0.000000
0.000000
664.052551
0.000000
25.749748
13.579938
7.703324
9.670301
8.367753
11.013551
8.485602
0.000000
0.000000
0.000000
0.000000
0.000000
0.000000
0.000000
0.000000
0.000000
0.000000
0.000000
337.179962
0.000000
11.306181
14.549018
8.498111
10.976091
8.519932
10.782403
8.728005
0.000000
0.000000
0.000000
0.000000
0.000000
0.000000
0.000000
0.000000
0.000000
0.000000
0.000000
558.229614
0.000000
69.138016
13.324255
7.897421
10.077033
8.380933
10.855701
9.170229
0.000000
0.000000
0.000000
0.000000
0.000000
0.000000
0.000000
0.000000
0.000000
0.000000
0.000000
622.926514
0.000000
0.000000
17.109226
8.817142
10.659770
8.688740
11.252434
8.570023
0.000000
0.000000
0.000000
0.000000
0.000000
0.000000
0.000000
0.000000
0.000000
0.000000
0.000000
343.819550
0.000000
91.852463
18.857023
7.956044
10.283233
7.772583
11.043935
8.512292
0.000000
0.000000
0.000000
0.000000
0.000000
0.000000
0.000000
0.000000
0.000000
0.000000
0.000000
137.509399
0.000000
84.780060
22.288242
8.464204
10.633632
7.848372
10.417698
8.926796
0.000000
0.000000
0.000000
0.000000
0.000000
0.000000
0.000000
0.000000
0.000000
0.000000
0.000000
3.367834
0.000000
54.266930
19.998425
8.222969
9.841205
8.680044
11.051740
8.557165
0.000000
0.000000
0.000000
0.000000
0.000000
0.000000
0.000000
0.000000
0.000000
0.000000
0.000000
587.170654
0.000000
4.441699
16.417665
8.033526
9.793063
7.906397
11.271304
8.697456
0.000000
0.000000
0.000000
0.000000
0.000000
0.000000
0.000000
0.000000
0.000000
0.000000
0.000000
0.000000
0.000000
84.195107
18.894476
7.837800
9.890642
8.054581
10.235717
8.150983
0.000000
0.000000
0.000000
0.000000
0.000000
0.000000
0.000000
0.000000
0.000000
0.000000
0.000000
553.718811
0.000000
0.000000
4.980461
8.776524
9.821373
7.979434
11.222930
8.422956
0.000000
0.000000
0.000000
0.000000
0.000000
0.000000
0.000000
0.000000
0.000000
0.000000
0.000000
277.722168
0.000000
60.669739
19.223799
8.542446
10.575030
8.375414
10.619732
8.121846
0.000000
0.000000
0.000000
0.000000
0.000000
0.000000
0.000000
0.000000
0.000000
0.000000
0.000000
84.120522
0.000000
83.108917
19.616131
8.248456
10.966297
8.459531
10.082791
8.386971
0.000000
0.000000
0.000000
0.000000
0.000000
0.000000
0.000000
0.000000
0.000000
0.000000
0.000000
416.303101
0.000000
37.440361
12.859715
8.930189
10.771213
8.710501
10.749298
8.722046
0.000000
0.000000
0.000000
0.000000
0.000000
0.000000
0.000000
0.000000
0.000000
0.000000
0.000000
648.772034
0.000000
10.689755
13.137105
9.185418
10.074563
7.919770
11.037767
8.504101
0.000000
0.000000
0.000000
0.000000
0.000000
0.000000
0.000000
0.000000
0.000000
0.000000
0.000000
664.232178
0.000000
38.954865
11.095886
8.561300
11.206903
8.335994
10.854956
8.164307
0.000000
0.000000
0.000000
0.000000
0.000000
0.000000
0.000000
0.000000
0.000000
0.000000
0.000000
494.479919
0.000000
1.409531
16.487587
8.240090
10.566357
8.391500
11.139551
8.933645
0.000000
0.000000
0.000000
0.000000
0.000000
0.000000
0.000000
0.000000
0.000000
0.000000
0.000000
650.388916
0.000000
0.000000
13.253824
6.780865
10.118855
7.788874
10.258880
8.322394
0.000000
0.000000
0.000000
0.000000
0.000000
0.000000
0.000000
0.000000
0.000000
0.000000
0.000000
284.374664
0.000000
10.950440
15.581159
7.942495
10.276608
8.154816
10.892948
9.009514
0.000000
0.000000
0.000000
0.000000
0.000000
0.000000
0.000000
0.000000
0.000000
0.000000
0.000000
0.000000
0.000000
51.841881
9.483514
7.638670
9.145463
8.350002
10.564726
9.210186
0.000000
0.000000
0.000000
0.000000
0.000000
0.000000
0.000000
0.000000
0.000000
0.000000
0.000000
551.595520
0.000000
0.000000
10.199823
7.797375
10.586340
8.142060
11.049379
8.256822
0.000000
0.000000
0.000000
0.000000
0.000000
0.000000
0.000000
0.000000
0.000000
0.000000
0.000000
301.178741
0.000000
55.102047
19.648903
7.367916
11.225910
8.640758
10.689870
8.253782
0.000000
0.000000
0.000000
0.000000
0.000000
0.000000
0.000000
0.000000
0.000000
0.000000
0.000000
647.916931
0.000000
3.037886
8.955248
9.683309
8.510360
10.619400
9.169629
11.014565
0.000000
0.000000
0.000000
0.000000
0.000000
0.000000
0.000000
0.000000
0.000000
0.000000
0.000000
353.837860
0.000000
14.090903
11.137831
8.492601
9.689851
8.383790
11.211072
8.829891
0.000000
0.000000
0.000000
0.000000
0.000000
0.000000
0.000000
0.000000
0.000000
0.000000
0.000000
364.385071
0.000000
19.359316
15.491888
8.182645
11.261323
8.326390
10.750010
8.316384
0.000000
0.000000
0.000000
0.000000
0.000000
0.000000
0.000000
0.000000
0.000000
0.000000
0.000000
342.404236
0.000000
53.203228
18.721918
9.127319
11.135463
8.718616
11.655453
9.492322
0.000000
0.000000
0.000000
0.000000
0.000000
0.000000
0.000000
0.000000
0.000000
0.000000
0.000000
392.176025
0.000000
61.222092
0.000000
11.951215
7.868188
10.982030
8.413338
11.119287
0.000000
0.000000
0.000000
0.000000
0.000000
0.000000
0.000000
0.000000
0.000000
0.000000
0.000000
323.751892
0.000000
343.230316
11.206944
9.232228
10.466271
8.695174
10.119343
8.589331
0.000000
0.000000
0.000000
0.000000
0.000000
0.000000
0.000000
0.000000
0.000000
0.000000
0.000000
666.791931
0.000000
316.047699
8.306868
10.845177
8.918410
10.777172
7.928462
10.834692
0.000000
0.000000
0.000000
0.000000
0.000000
0.000000
0.000000
0.000000
0.000000
0.000000
0.000000
250.916733
0.000000
278.770752
9.317806
10.624469
7.885077
10.057626
8.915609
11.113663
0.000000
0.000000
0.000000
0.000000
0.000000
0.000000
0.000000
0.000000
0.000000
0.000000
0.000000
639.513428
0.000000
296.576385
12.101871
10.421543
8.748813
10.694454
9.054899
10.910767
0.000000
0.000000
0.000000
0.000000
0.000000
0.000000
0.000000
0.000000
0.000000
0.000000
0.000000
351.789856
0.000000
261.539215
10.626803
10.977514
8.231560
10.576446
8.233263
10.980160
0.000000
0.000000
0.000000
0.000000
0.000000
0.000000
0.000000
0.000000
0.000000
0.000000
0.000000
617.847961
0.000000
304.829041
13.076222
11.828482
8.632899
10.599352
8.383474
10.919492
0.000000
0.000000
0.000000
0.000000
0.000000
0.000000
0.000000
0.000000
0.000000
0.000000
0.000000
352.221069
0.000000
256.923706
12.464764
11.740439
8.235339
11.060165
8.893883
10.822746
0.000000
0.000000
0.000000
0.000000
0.000000
0.000000
0.000000
0.000000
0.000000
0.000000
18.508385
2.024707
0.000000
0.000000
0.000000
0.000000
69.731972
0.000000
0.000000
0.000000
0.000000
0.000000
0.000000
0.000000
0.000000
0.000000
0.000000
0.000000
0.000000
0.000000
0.000000
0.000000
0.000000
0.000000
0.000000
0.000000
8.509205
18.407425
20.892544
21.117239
16.036459
13.388650
0.000000
0.000000
0.000000
0.000000
0.000000
0.000000
0.000000
0.000000
0.000000
0.000000
0.000000
0.000000
0.000000
0.000000
0.000000
0.000000
0.000000
0.000000
0.000000
67.445190
0.000000
0.000000
0.000000
0.000000
0.000000
0.000000
0.000000
0.000000
0.000000
0.000000
0.000000
353.564514
0.000000
234.534546
24.284536
2.809373
4.233221
57.708488
154.338760
112.444870
0.000000
0.000000
0.000000
0.000000
0.000000
0.000000
0.000000
0.000000
0.000000
0.000000
0.000000
0.000000
0.000000
127.622940
52.029312
0.000000
17.729223
40.416031
173.301468
115.507538
0.000000
0.000000
0.000000
0.000000
0.000000
0.000000
0.000000
0.000000
0.000000
0.000000
0.000000
0.000000
0.000000
165.554489
44.086048
4.041286
7.353981
41.459091
136.324768
93.301544
0.000000
0.000000
0.000000
0.000000
0.000000
0.000000
0.000000
0.000000
0.000000
0.000000
0.000000
0.000000
282.132355
0.000000
11.262214
3.897575
7.275163
4.226847
6.830331
3.030222
0.000000
0.000000
0.000000
0.000000
0.000000
0.000000
0.000000
0.000000
0.000000
0.000000
0.000000
609.093201
273.155823
0.000000
17.798439
12.439903
15.001369
3.909731
2.321484
0.000000
0.000000
0.000000
0.000000
0.000000
0.000000
0.000000
0.000000
0.000000
0.000000
0.000000
0.000000
0.000000
576.354248
0.000000
0.000000
0.000000
0.000000
4.980587
7.254898
20.821115
0.000000
0.000000
0.000000
0.000000
0.000000
0.000000
0.000000
0.000000
0.000000
0.000000
0.000000
350.815674
267.065216
0.000000
0.000000
0.000000
0.000000
2.886864
13.330732
0.000000
0.000000
0.000000
0.000000
0.000000
0.000000
0.000000
0.000000
0.000000
0.000000
0.000000
0.000000
0.000000
0.000000
0.000000
0.000000
9.459767
10.116991
7.048635
58.005398
110.614326
33.918736
0.000000
0.000000
0.000000
0.000000
0.000000
0.000000
0.000000
0.000000
0.000000
0.000000
92.692261
254.698792
0.000000
8.304472
6.103974
4.971672
7.241114
3.588880
2.727164
6.169291
0.000000
0.000000
0.000000
0.000000
0.000000
0.000000
0.000000
0.000000
0.000000
0.000000
0.000000
273.220154
0.000000
6.134295
6.341816
4.775572
7.661164
3.154819
3.257091
0.000000
0.000000
0.000000
0.000000
0.000000
0.000000
0.000000
0.000000
0.000000
0.000000
0.000000
209.834259
276.899414
0.000000
14.772002
6.186897
4.994148
7.741086
4.186087
4.265961
0.237314
0.000000
0.000000
0.000000
0.000000
0.000000
0.000000
0.000000
0.000000
0.000000
0.000000
557.758850
247.897934
0.000000
20.591745
5.876278
7.151938
4.994984
6.286974
3.895564
0.000000
0.000000
0.000000
0.000000
0.000000
0.000000
0.000000
0.000000
0.000000
0.000000
0.000000
520.151733
239.178848
0.000000
12.611807
6.297868
4.812485
7.639264
4.485060
4.870294
0.000000
0.000000
0.000000
0.000000
0.000000
0.000000
0.000000
0.000000
0.000000
0.000000
0.000000
189.201782
272.264008
0.000000
21.810144
5.014794
7.750814
4.890069
6.409905
5.239671
0.000000
0.000000
0.000000
0.000000
0.000000
0.000000
0.000000
0.000000
0.000000
0.000000
0.000000
339.663727
272.685669
0.000000
22.053473
4.039246
7.703794
5.138355
6.814113
3.220514
0.000000
0.000000
0.000000
0.000000
0.000000
0.000000
0.000000
0.000000
0.000000
0.000000
0.000000
287.568329
269.960083
0.000000
18.187534
4.371800
7.846389
4.896274
6.227180
4.217172
0.000000
0.000000
0.000000
0.000000
0.000000
0.000000
0.000000
0.000000
0.000000
0.000000
0.000000
547.363281
246.394409
0.000000
19.315622
6.425894
4.819376
7.957203
4.219867
4.378616
1.726065
0.000000
0.000000
0.000000
0.000000
0.000000
0.000000
0.000000
0.000000
0.000000
0.000000
518.503723
244.041458
0.000000
19.121862
5.796296
4.772560
7.771587
4.328846
4.768363
0.000000
0.000000
0.000000
0.000000
0.000000
0.000000
0.000000
0.000000
0.000000
0.000000
0.000000
103.291351
271.546051
0.000000
22.012514
4.923458
7.702019
5.037280
6.721508
2.400681
0.000000
0.000000
0.000000
0.000000
0.000000
0.000000
0.000000
0.000000
0.000000
0.000000
0.000000
0.000000
276.000275
0.000000
22.636791
4.454535
7.536363
4.953916
6.829538
2.944317
0.000000
0.000000
0.000000
0.000000
0.000000
0.000000
0.000000
0.000000
0.000000
0.000000
0.000000
552.907410
243.594955
0.000000
13.012908
6.021164
4.917771
7.550886
4.223270
1.601713
0.000000
0.000000
0.000000
0.000000
0.000000
0.000000
0.000000
0.000000
0.000000
0.000000
0.000000
278.618073
268.564819
0.000000
18.286894
6.101528
5.014995
7.944881
4.440662
6.018710
0.697932
0.000000
0.000000
0.000000
0.000000
0.000000
0.000000
0.000000
0.000000
0.000000
0.000000
32.791172
275.908447
0.000000
21.492851
4.663238
7.834097
4.739784
6.570587
4.292408
0.436661
0.000000
0.000000
0.000000
0.000000
0.000000
0.000000
0.000000
0.000000
0.000000
0.000000
534.248108
250.611771
0.000000
20.626465
3.911963
7.814595
4.993875
6.402869
2.233518
0.000000
0.000000
0.000000
0.000000
0.000000
0.000000
0.000000
0.000000
0.000000
0.000000
0.000000
527.340393
248.772095
0.000000
19.705996
4.091711
7.412347
4.826972
6.140432
3.537918
1.207577
0.000000
0.000000
0.000000
0.000000
0.000000
0.000000
0.000000
0.000000
0.000000
0.000000
107.053513
275.160370
0.000000
21.455894
3.576286
7.367922
4.650056
6.403994
2.337236
0.000000
0.000000
0.000000
0.000000
0.000000
0.000000
0.000000
0.000000
0.000000
0.000000
0.000000
335.124207
256.844116
0.000000
14.214441
6.362128
4.878561
7.642557
4.245263
4.356939
0.000000
0.000000
0.000000
0.000000
0.000000
0.000000
0.000000
0.000000
0.000000
0.000000
0.000000
0.000000
268.770416
0.000000
10.236535
6.037764
4.929664
7.957256
2.820708
5.417013
0.000000
0.000000
0.000000
0.000000
0.000000
0.000000
0.000000
0.000000
0.000000
0.000000
0.000000
564.119812
254.404327
0.000000
12.123987
6.113615
4.803703
7.479610
3.673373
3.892733
0.000000
0.000000
0.000000
0.000000
0.000000
0.000000
0.000000
0.000000
0.000000
0.000000
0.000000
105.192093
281.150635
0.000000
28.929857
9.527525
7.113967
5.163417
7.137741
4.688096
4.729855
0.000000
0.000000
0.000000
0.000000
0.000000
0.000000
0.000000
0.000000
0.000000
0.000000
0.000000
273.819366
0.000000
15.506031
6.415850
4.622202
7.660525
4.288222
5.376587
0.230570
0.000000
0.000000
0.000000
0.000000
0.000000
0.000000
0.000000
0.000000
0.000000
0.000000
0.000000
274.238373
0.000000
22.614201
6.350729
7.575284
4.503076
6.755775
5.697779
3.076823
0.000000
0.000000
0.000000
0.000000
0.000000
0.000000
0.000000
0.000000
0.000000
0.000000
86.853157
279.137207
0.000000
22.497131
5.806356
7.322368
4.807256
6.843490
2.953450
3.001577
0.000000
0.000000
0.000000
0.000000
0.000000
0.000000
0.000000
0.000000
0.000000
0.000000
0.000000
262.043610
0.000000
25.478014
7.392980
7.774830
4.897807
6.939199
3.801366
6.838573
0.000000
0.000000
0.000000
0.000000
0.000000
0.000000
0.000000
0.000000
0.000000
0.000000
241.799713
269.225830
0.000000
25.683599
6.483531
4.461771
7.984838
4.861837
4.821918
5.322708
0.000000
0.000000
0.000000
0.000000
0.000000
0.000000
0.000000
0.000000
0.000000
0.000000
0.000000
273.580048
0.000000
9.006246
7.055254
7.395630
5.159533
5.469162
3.940408
0.000000
0.000000
0.000000
0.000000
0.000000
0.000000
0.000000
0.000000
0.000000
0.000000
0.000000
548.111938
246.892471
0.000000
0.000000
5.470902
8.188349
3.727947
2.230443
0.000000
0.000000
0.000000
0.000000
0.000000
0.000000
0.000000
0.000000
0.000000
0.000000
0.000000
0.000000
250.035812
270.507690
0.000000
24.776781
16.247009
7.611888
5.138618
7.176219
31.844410
18.578180
0.000000
0.000000
0.000000
0.000000
0.000000
0.000000
0.000000
0.000000
0.000000
0.000000
0.000000
255.442154
0.000000
17.614920
5.675687
8.311663
4.475029
6.020915
5.079265
0.471730
0.000000
0.000000
0.000000
0.000000
0.000000
0.000000
0.000000
0.000000
0.000000
0.000000
177.176086
279.673187
0.000000
9.156450
6.456225
5.014199
7.528741
4.285852
4.708917
0.794421
0.000000
0.000000
0.000000
0.000000
0.000000
0.000000
0.000000
0.000000
0.000000
0.000000
236.412796
280.929352
0.000000
3.655262
6.432010
4.606102
7.284093
4.140173
4.241139
4.852792
0.000000
0.000000
0.000000
0.000000
0.000000
0.000000
0.000000
0.000000
0.000000
0.000000
232.304245
279.945465
0.000000
6.157134
6.263056
4.656094
7.478797
4.136268
4.289288
0.285896
0.000000
0.000000
0.000000
0.000000
0.000000
0.000000
0.000000
0.000000
0.000000
0.000000
25.838068
280.663940
0.000000
16.176714
7.738221
7.325930
4.920428
6.397017
4.004915
0.000000
0.000000
0.000000
0.000000
0.000000
0.000000
0.000000
0.000000
0.000000
0.000000
0.000000
60.972084
278.594879
0.000000
12.249849
6.378453
7.833101
4.739393
5.999023
3.670477
0.000000
0.000000
0.000000
0.000000
0.000000
0.000000
0.000000
0.000000
0.000000
0.000000
0.000000
0.000000
281.840332
0.000000
20.673054
7.141250
7.673874
4.689659
6.347922
2.057768
0.126117
0.000000
0.000000
0.000000
0.000000
0.000000
0.000000
0.000000
0.000000
0.000000
0.000000
0.000000
281.837708
0.000000
22.850853
6.936411
7.093693
4.751102
6.532540
2.796054
4.767033
0.000000
0.000000
0.000000
0.000000
0.000000
0.000000
0.000000
0.000000
0.000000
0.000000
0.000000
292.404816
0.000000
9.594973
7.985431
8.357536
4.252506
7.677953
6.304488
3.915877
0.000000
0.000000
0.000000
0.000000
0.000000
0.000000
0.000000
0.000000
0.000000
0.000000
0.000000
269.004761
0.000000
0.000000
7.560673
7.498674
5.601625
7.245870
3.136884
2.992224
0.000000
0.000000
0.000000
0.000000
0.000000
0.000000
0.000000
0.000000
0.000000
0.000000
0.000000
276.483307
0.000000
9.975568
7.976230
7.355925
4.874850
8.033458
3.100203
3.751006
0.000000
0.000000
0.000000
0.000000
0.000000
0.000000
0.000000
0.000000
0.000000
0.000000
0.000000
270.593628
0.000000
5.457410
8.063551
7.271185
5.108678
7.147631
4.194067
3.604197
0.000000
0.000000
0.000000
0.000000
0.000000
0.000000
0.000000
0.000000
0.000000
0.000000
0.000000
304.616608
0.000000
9.559658
9.700502
6.568172
4.952924
7.661242
3.668388
1.819157
0.000000
0.000000
0.000000
0.000000
0.000000
0.000000
0.000000
0.000000
0.000000
0.000000
0.000000
263.980042
0.000000
0.000000
7.759869
6.047694
5.250400
6.807212
3.027728
1.435159
0.000000
0.000000
0.000000
0.000000
0.000000
0.000000
0.000000
0.000000
0.000000
0.000000
0.000000
290.277649
0.000000
6.246144
9.998260
8.306004
6.004942
7.880570
3.931627
1.888280
0.000000
0.000000
0.000000
0.000000
0.000000
0.000000
0.000000
0.000000
0.000000
0.000000
0.000000
260.509766
0.000000
7.813207
7.023572
7.689359
4.873022
7.023561
2.978606
3.508388
0.000000
0.000000
0.000000
0.000000
0.000000
0.000000
0.000000
0.000000
0.000000
0.000000
0.000000
268.581635
0.000000
0.000000
9.013262
7.578856
4.914342
7.227222
3.176457
0.000000
0.000000
0.000000
0.000000
0.000000
0.000000
0.000000
0.000000
0.000000
0.000000
0.000000
0.000000
287.856445
0.000000
5.820168
9.605522
7.113576
4.838693
7.332534
4.081682
1.796946
0.000000
0.000000
0.000000
0.000000
0.000000
0.000000
0.000000
0.000000
0.000000
0.000000
0.000000
284.486694
0.000000
8.991055
10.484756
7.392810
4.223683
7.539172
2.785362
3.933421
0.000000
0.000000
0.000000
0.000000
0.000000
0.000000
0.000000
0.000000
0.000000
0.000000
0.000000
269.037140
0.000000
7.739406
10.519197
6.944946
5.169287
7.632325
3.915023
4.143231
0.000000
0.000000
0.000000
0.000000
0.000000
0.000000
0.000000
0.000000
0.000000
0.000000
0.000000
289.691315
0.000000
6.938790
12.481952
5.048970
8.033943
4.935183
5.963112
3.967760
0.000000
0.000000
0.000000
0.000000
0.000000
0.000000
0.000000
0.000000
0.000000
0.000000
0.000000
271.808716
0.000000
4.914452
10.154943
7.885876
8.187369
4.891011
6.195518
4.063441
0.000000
0.000000
0.000000
0.000000
0.000000
0.000000
0.000000
0.000000
0.000000
0.000000
0.000000
265.106079
0.000000
8.884222
8.834485
3.640420
6.681310
4.247459
2.620837
0.599436
0.000000
0.000000
0.000000
0.000000
0.000000
0.000000
0.000000
0.000000
0.000000
0.000000
0.000000
275.468475
0.000000
4.901000
11.263278
3.952971
8.057038
4.870154
6.055490
5.250689
0.000000
0.000000
0.000000
0.000000
0.000000
0.000000
0.000000
0.000000
0.000000
0.000000
0.000000
282.608246
0.000000
1.603897
7.691284
7.073846
4.869183
6.391216
3.862749
1.023496
0.000000
0.000000
0.000000
0.000000
0.000000
0.000000
0.000000
0.000000
0.000000
0.000000
0.000000
274.260071
0.000000
0.000000
8.803132
7.797464
5.210405
6.865307
2.366517
0.000000
0.000000
0.000000
0.000000
0.000000
0.000000
0.000000
0.000000
0.000000
0.000000
0.000000
0.000000
318.555145
0.000000
0.000000
0.000000
0.000000
5.402446
6.872844
4.344555
0.000000
0.000000
0.000000
0.000000
0.000000
0.000000
0.000000
0.000000
0.000000
0.000000
0.000000
0.000000
364.292145
0.000000
0.000000
10.368794
6.430226
4.050640
3.572524
5.550810
2.924011
0.000000
0.000000
0.000000
0.000000
0.000000
0.000000
0.000000
0.000000
0.000000
0.000000
0.000000
332.720642
0.000000
5.640659
12.705414
6.405156
4.741630
6.369675
4.449458
0.309167
0.000000
0.000000
0.000000
0.000000
0.000000
0.000000
0.000000
0.000000
0.000000
0.000000
0.000000
268.775208
0.000000
3.311587
6.485900
7.646645
4.757181
6.782762
3.895510
0.000000
0.000000
0.000000
0.000000
0.000000
0.000000
0.000000
0.000000
0.000000
0.000000
0.000000
0.000000
285.470184
0.000000
82.369354
7.801609
6.791494
6.165416
5.943978
4.751057
0.000000
0.000000
0.000000
0.000000
0.000000
0.000000
0.000000
0.000000
0.000000
0.000000
0.000000
0.000000
275.866058
0.000000
156.980209
9.503040
4.973678
6.855502
4.470603
4.053492
0.000000
0.000000
0.000000
0.000000
0.000000
0.000000
0.000000
0.000000
0.000000
0.000000
0.000000
0.000000
300.149658
0.000000
172.422623
12.770298
3.946806
7.315812
4.745268
5.758056
3.128220
0.000000
0.000000
0.000000
0.000000
0.000000
0.000000
0.000000
0.000000
0.000000
0.000000
0.000000
308.041260
0.000000
174.453171
11.040405
5.290476
8.024448
4.271795
2.720776
0.000000
0.000000
0.000000
0.000000
0.000000
0.000000
0.000000
0.000000
0.000000
0.000000
0.000000
0.000000
377.460907
0.000000
153.518509
7.187499
8.195153
5.143071
6.855202
4.179622
0.000000
0.000000
0.000000
0.000000
0.000000
0.000000
0.000000
0.000000
0.000000
0.000000
0.000000
0.000000
362.158081
0.000000
328.726715
0.000000
20.477274
7.795377
4.268165
2.290854
0.000000
0.000000
0.000000
0.000000
0.000000
0.000000
0.000000
0.000000
0.000000
0.000000
0.000000
0.000000
362.822632
0.000000
163.255661
13.199166
7.002835
5.915363
7.370122
5.382139
0.000000
0.000000
0.000000
0.000000
0.000000
0.000000
0.000000
0.000000
0.000000
0.000000
0.000000
0.000000
272.211029
0.000000
173.615494
11.034912
4.757199
8.133598
3.953117
2.226682
0.000000
0.000000
0.000000
0.000000
0.000000
0.000000
0.000000
0.000000
0.000000
0.000000
0.000000
0.000000
261.975342
0.000000
174.193726
9.703978
6.644193
4.301650
6.677411
4.320939
0.000000
0.000000
0.000000
0.000000
0.000000
0.000000
0.000000
0.000000
0.000000
0.000000
0.000000
0.000000
293.229065
0.000000
169.289841
12.514965
7.090151
5.225143
6.901038
4.763422
0.000000
0.000000
0.000000
0.000000
0.000000
0.000000
0.000000
0.000000
0.000000
0.000000
0.000000
0.000000
346.439545
0.000000
174.227341
14.820736
8.147143
4.509056
7.595162
6.173199
3.600811
0.000000
0.000000
0.000000
0.000000
0.000000
0.000000
0.000000
0.000000
0.000000
0.000000
0.000000
355.697845
0.000000
147.400070
15.561216
3.402887
6.818843
5.015007
6.008351
3.915881
0.000000
0.000000
0.000000
0.000000
0.000000
0.000000
0.000000
0.000000
0.000000
0.000000
0.000000
304.455322
0.000000
169.258209
7.901158
5.086843
7.656873
4.669966
5.646841
0.000000
0.000000
0.000000
0.000000
0.000000
0.000000
0.000000
0.000000
0.000000
0.000000
0.000000
0.000000
335.304260
0.000000
166.074310
13.164081
5.599566
8.316394
4.629807
6.051620
3.886091
0.000000
0.000000
0.000000
0.000000
0.000000
0.000000
0.000000
0.000000
0.000000
0.000000
0.000000
322.684875
0.000000
144.865067
17.070868
4.388882
7.269252
4.676784
6.239095
3.425890
0.000000
0.000000
0.000000
0.000000
0.000000
0.000000
0.000000
0.000000
0.000000
0.000000
0.000000
352.449280
0.000000
135.977859
11.290612
8.216372
5.456273
7.472082
5.158005
3.269376
0.000000
0.000000
0.000000
0.000000
0.000000
0.000000
0.000000
0.000000
0.000000
0.000000
0.000000
349.939423
0.000000
165.399719
6.841860
7.446318
4.950882
6.382843
4.026522
0.000000
0.000000
0.000000
0.000000
0.000000
0.000000
0.000000
0.000000
0.000000
0.000000
0.000000
0.000000
302.431915
0.000000
14.615923
16.081474
7.045499
5.392632
7.147730
4.313486
6.123860
0.000000
0.000000
0.000000
0.000000
0.000000
0.000000
0.000000
0.000000
0.000000
0.000000
0.000000
347.554596
0.000000
5.930955
8.914579
4.694436
8.442501
6.592978
4.797122
0.000000
0.000000
0.000000
0.000000
0.000000
0.000000
0.000000
0.000000
0.000000
0.000000
0.000000
0.000000
281.851257
0.000000
0.000000
0.000000
0.000000
2.647604
8.124335
8.707905
0.346732
0.000000
0.000000
0.000000
0.000000
0.000000
0.000000
0.000000
0.000000
0.000000
0.000000
0.000000
277.699493
0.000000
3.612935
6.187353
7.900346
6.775194
4.055713
2.651410
0.000000
0.000000
0.000000
0.000000
0.000000
0.000000
0.000000
0.000000
0.000000
0.000000
0.000000
0.000000
0.000000
0.000000
0.000000
6.475844
6.398902
9.062679
21.410339
97.542694
82.462631
0.000000
0.000000
0.000000
0.000000
0.000000
0.000000
0.000000
0.000000
0.000000
0.000000
0.000000
285.276733
0.000000
0.000000
7.543297
7.756252
4.834950
5.654388
5.987421
0.000000
0.000000
0.000000
0.000000
0.000000
0.000000
0.000000
0.000000
0.000000
0.000000
0.000000
435.690918
274.428986
0.000000
158.604233
0.000000
0.000000
10.053791
6.732136
3.473621
0.000000
0.000000
0.000000
0.000000
0.000000
0.000000
0.000000
0.000000
0.000000
0.000000
0.000000
0.000000
333.006256
0.000000
1.564532
10.834517
7.417347
4.920992
22.991446
72.428841
37.679615
0.000000
0.000000
0.000000
0.000000
0.000000
0.000000
0.000000
0.000000
0.000000
0.000000
0.000000
350.325623
0.000000
45.242447
8.509765
6.428507
4.834834
7.445808
4.062305
0.434099
0.000000
0.000000
0.000000
0.000000
0.000000
0.000000
0.000000
0.000000
0.000000
0.000000
1.064427
292.348236
0.000000
110.132263
0.000000
0.000000
4.743038
5.894953
2.435683
0.000000
0.000000
0.000000
0.000000
0.000000
0.000000
0.000000
0.000000
0.000000
0.000000
0.000000
0.000000
272.452698
0.000000
0.693711
7.871402
6.797103
5.278738
7.457083
3.742390
3.110088
0.000000
0.000000
0.000000
0.000000
0.000000
0.000000
0.000000
0.000000
0.000000
0.000000
0.000000
272.272827
0.000000
84.971962
5.686471
5.493545
6.151664
6.829819
4.716673
0.000000
0.000000
0.000000
0.000000
0.000000
0.000000
0.000000
0.000000
4.997042
2.101116
0.000000
0.000000
0.000000
13.161790
13.178239
13.196639
12.195342
13.203771
11.953787
13.137550
11.708633
13.120811
11.460664
13.076459
11.197968
12.895811
11.150264
12.598105
10.990940
11.956354
10.800477
11.445212
10.913984
8.664750
11.056178
10.128972
0.000000
1.587783
0.000000
0.000000
19.295689
172.122955
135.062546
140.188263
165.014160
195.316406
19.804041
0.000000
31.508053
15.241130
0.525909
0.000000
0.000000
18.150862
13.159320
12.775957
12.124608
0.000000
0.000000
0.000000
0.000000
0.000000
0.000000
0.000000
0.000000
0.000000
0.000000
402.797394
249.562119
0.000000
0.000000
10.421088
17.796896
28.972988
18.283934
12.145638
12.495823
0.000000
0.000000
0.000000
0.000000
0.000000
0.000000
0.000000
0.000000
0.000000
0.000000
393.951019
300.608124
0.000000
120.398956
12.898839
22.558714
28.416216
12.232457
11.620368
13.123267
0.000000
0.000000
0.000000
0.000000
0.000000
0.000000
0.000000
0.000000
0.000000
564.325623
297.296478
261.778656
0.000000
164.180161
13.018678
11.412320
12.574578
11.623372
12.769112
12.567819
0.000000
0.000000
0.000000
0.000000
0.000000
0.000000
0.000000
0.000000
0.000000
0.000000
297.375458
256.487061
0.000000
0.000000
11.132236
12.522472
15.112871
12.390454
11.433910
13.010384
0.000000
0.000000
0.000000
0.000000
0.000000
0.000000
0.000000
0.000000
0.000000
455.266418
304.570862
253.321869
0.000000
162.483276
12.631310
11.353330
12.470375
11.290713
12.598531
11.647729
0.000000
0.000000
0.000000
0.000000
0.000000
0.000000
0.000000
0.000000
0.000000
0.000000
247.526230
226.740524
0.000000
183.782059
12.731274
11.543410
12.757436
11.525800
12.811906
11.800825
0.000000
0.000000
0.000000
0.000000
0.000000
0.000000
0.000000
0.000000
0.000000
0.000000
306.890472
250.888596
0.000000
77.956696
12.753248
11.432284
12.740544
11.442582
12.822177
11.815285
0.000000
0.000000
0.000000
0.000000
0.000000
0.000000
0.000000
0.000000
0.000000
0.000000
329.860168
249.173904
0.000000
0.000000
13.022919
11.221005
12.653280
11.308476
12.750447
11.972790
0.000000
0.000000
0.000000
0.000000
0.000000
0.000000
0.000000
0.000000
0.000000
0.000000
315.586212
263.507416
0.000000
42.690937
0.000000
9.300046
11.299218
12.541096
11.390095
12.705673
0.000000
0.000000
0.000000
0.000000
0.000000
0.000000
0.000000
0.000000
0.000000
0.000000
309.250031
252.433884
0.000000
76.808426
12.781405
11.273342
12.605283
11.321757
12.621177
11.449080
0.000000
0.000000
0.000000
0.000000
0.000000
0.000000
0.000000
0.000000
0.000000
0.000000
311.750275
262.982971
0.000000
12.051023
11.272641
12.471351
11.402992
12.640583
11.267097
12.749229
0.000000
0.000000
0.000000
0.000000
0.000000
0.000000
0.000000
0.000000
0.000000
0.000000
305.392151
262.147217
0.000000
0.000000
11.209047
12.556646
11.239326
12.698518
11.281047
12.808210
0.000000
0.000000
0.000000
0.000000
0.000000
0.000000
0.000000
0.000000
0.000000
0.000000
304.541321
262.279175
0.000000
11.835945
11.369702
12.598567
11.311831
12.642984
11.358618
12.855576
0.000000
0.000000
0.000000
0.000000
0.000000
0.000000
0.000000
0.000000
0.000000
0.000000
308.815643
261.885803
0.000000
6.825254
11.266800
12.590622
11.340822
12.688653
11.385262
12.789747
0.000000
0.000000
0.000000
0.000000
0.000000
0.000000
0.000000
0.000000
0.000000
0.000000
310.653900
260.913025
0.000000
4.578006
11.282965
12.611712
11.310049
12.690602
11.327362
12.871442
0.000000
0.000000
0.000000
0.000000
0.000000
0.000000
0.000000
0.000000
0.000000
0.000000
304.543732
259.345520
0.000000
16.301287
11.390781
12.462685
11.316748
12.565409
11.387547
12.724044
0.000000
0.000000
0.000000
0.000000
0.000000
0.000000
0.000000
0.000000
0.000000
0.000000
309.107422
261.205383
0.000000
12.437214
11.382506
12.617582
11.370899
12.675818
11.308330
12.756255
0.000000
0.000000
0.000000
0.000000
0.000000
0.000000
0.000000
0.000000
0.000000
0.000000
308.122437
260.845703
0.000000
0.000000
11.258497
12.554689
11.292644
12.724255
11.335891
12.776213
0.000000
0.000000
0.000000
0.000000
0.000000
0.000000
0.000000
0.000000
0.000000
0.000000
305.819550
261.411163
0.000000
10.414225
11.269839
12.720298
11.410224
12.737939
11.390594
12.835873
0.000000
0.000000
0.000000
0.000000
0.000000
0.000000
0.000000
0.000000
0.000000
0.000000
304.474792
260.299194
0.000000
13.731850
11.454426
12.554843
11.310903
12.623837
11.340961
12.808999
0.000000
0.000000
0.000000
0.000000
0.000000
0.000000
0.000000
0.000000
0.000000
0.000000
308.405060
252.093597
0.000000
107.975121
15.626887
12.678742
11.385658
12.722132
11.319351
12.762338
0.000000
0.000000
0.000000
0.000000
0.000000
0.000000
0.000000
0.000000
0.000000
0.000000
309.361786
259.088318
0.000000
0.000000
11.259621
12.620608
11.219203
12.686908
11.368635
12.661103
0.000000
0.000000
0.000000
0.000000
0.000000
0.000000
0.000000
0.000000
0.000000
0.000000
305.674927
258.464020
0.000000
17.344013
10.692421
12.528309
11.433853
12.639216
11.435996
12.704601
0.000000
0.000000
0.000000
0.000000
0.000000
0.000000
0.000000
0.000000
0.000000
0.000000
292.562744
260.237274
0.000000
102.737434
12.619838
11.384471
12.757399
11.319115
12.651556
11.375339
0.000000
0.000000
0.000000
0.000000
0.000000
0.000000
0.000000
0.000000
0.000000
0.000000
311.706146
260.121002
0.000000
3.089694
11.015798
12.518260
11.495691
12.656106
11.458096
12.594071
0.000000
0.000000
0.000000
0.000000
0.000000
0.000000
0.000000
0.000000
0.000000
0.000000
325.153198
245.972855
0.000000
29.930464
15.202667
11.269445
12.745487
11.222038
12.527951
11.424880
0.000000
0.000000
0.000000
0.000000
0.000000
0.000000
0.000000
0.000000
0.000000
0.000000
312.092285
250.127426
0.000000
18.151512
11.707722
12.446889
11.466341
12.772872
11.313099
12.613607
0.000000
0.000000
0.000000
0.000000
0.000000
0.000000
0.000000
0.000000
0.000000
0.000000
309.446289
251.255234
0.000000
127.194115
12.610037
11.531422
12.877392
11.230210
12.590730
11.162467
0.000000
0.000000
0.000000
0.000000
0.000000
0.000000
0.000000
0.000000
0.000000
0.000000
341.695404
255.874237
0.000000
0.000000
11.966973
12.357497
11.153178
12.534505
11.196948
12.795085
0.000000
0.000000
0.000000
0.000000
0.000000
0.000000
0.000000
0.000000
0.000000
0.000000
320.288940
250.188538
0.000000
117.341934
10.315052
12.638330
11.370594
12.700387
11.398642
12.837829
0.000000
0.000000
0.000000
0.000000
0.000000
0.000000
0.000000
0.000000
0.000000
0.000000
279.268799
238.364838
0.000000
165.877304
12.780971
11.560419
12.842920
11.519466
12.691534
11.825060
0.000000
0.000000
0.000000
0.000000
0.000000
0.000000
0.000000
0.000000
0.000000
0.000000
303.494965
240.352325
0.000000
182.412888
26.324289
4.699890
12.792701
11.573309
12.748155
11.747181
0.000000
0.000000
0.000000
0.000000
0.000000
0.000000
0.000000
0.000000
0.000000
0.000000
305.510345
251.652466
0.000000
0.000000
11.252929
12.581836
11.468559
12.851065
11.423898
12.879786
0.000000
0.000000
0.000000
0.000000
0.000000
0.000000
0.000000
0.000000
0.000000
0.000000
309.151672
266.545013
0.000000
7.034614
11.250360
12.802824
11.319606
12.733547
11.269962
12.786839
0.000000
0.000000
0.000000
0.000000
0.000000
0.000000
0.000000
0.000000
0.000000
0.000000
313.507538
265.779694
0.000000
39.254406
6.461729
12.495523
11.257460
12.718715
11.172367
12.796763
0.000000
0.000000
0.000000
0.000000
0.000000
0.000000
0.000000
0.000000
0.000000
0.000000
350.371857
253.647842
0.000000
29.750027
0.000000
11.355979
12.763491
11.307608
12.687874
11.507749
0.000000
0.000000
0.000000
0.000000
0.000000
0.000000
0.000000
0.000000
0.000000
0.000000
307.700806
262.641266
0.000000
97.526558
12.503330
11.292614
12.692560
11.351452
12.705434
11.448409
0.000000
0.000000
0.000000
0.000000
0.000000
0.000000
0.000000
0.000000
0.000000
0.000000
305.883270
263.003571
0.000000
29.544359
5.846034
12.642454
11.477536
12.666333
11.390443
12.867981
0.000000
0.000000
0.000000
0.000000
0.000000
0.000000
0.000000
0.000000
0.000000
0.000000
310.416229
266.554932
0.000000
7.014881
11.367482
12.606491
11.494872
12.580941
11.323652
12.708782
0.000000
0.000000
0.000000
0.000000
0.000000
0.000000
0.000000
0.000000
0.000000
0.000000
304.234650
259.794708
0.000000
12.969029
10.966660
12.452333
11.363526
12.545944
11.319015
12.635245
0.000000
0.000000
0.000000
0.000000
0.000000
0.000000
0.000000
0.000000
0.000000
0.000000
313.376343
253.811401
0.000000
79.256844
12.728106
11.321619
12.713149
11.462451
12.608150
11.431006
0.000000
0.000000
0.000000
0.000000
0.000000
0.000000
0.000000
0.000000
0.000000
0.000000
309.756927
264.704102
0.000000
0.000000
11.122575
12.456919
11.347639
12.687304
11.168489
12.786195
0.000000
0.000000
0.000000
0.000000
0.000000
0.000000
0.000000
0.000000
0.000000
0.000000
305.248566
264.396118
0.000000
44.598633
11.593133
12.556884
11.413706
12.592047
11.279687
12.675626
0.000000
0.000000
0.000000
0.000000
0.000000
0.000000
0.000000
0.000000
0.000000
0.000000
297.940033
247.985519
0.000000
144.865509
12.859470
11.635985
12.630872
11.312247
12.743074
11.556498
0.000000
0.000000
0.000000
0.000000
0.000000
0.000000
0.000000
0.000000
0.000000
0.000000
302.116180
248.245956
0.000000
0.000000
11.396541
12.885373
11.548946
12.851571
11.308418
12.781043
0.000000
0.000000
0.000000
0.000000
0.000000
0.000000
0.000000
0.000000
0.000000
0.000000
357.409302
259.736877
0.000000
0.000000
13.198158
11.216616
12.544176
11.227608
12.577950
11.379578
0.000000
0.000000
0.000000
0.000000
0.000000
0.000000
0.000000
0.000000
0.000000
0.000000
322.670380
253.600754
0.000000
169.615753
12.199879
11.513062
12.629977
11.189331
12.659217
11.477646
0.000000
0.000000
0.000000
0.000000
0.000000
0.000000
0.000000
0.000000
0.000000
0.000000
272.132812
253.735168
0.000000
48.543728
12.570251
11.186250
12.833637
11.576904
12.839226
11.391529
0.000000
0.000000
0.000000
0.000000
0.000000
0.000000
0.000000
0.000000
0.000000
0.000000
317.628235
257.521912
0.000000
0.000000
0.000000
7.605977
12.408210
11.283275
12.588075
11.315065
0.000000
0.000000
0.000000
0.000000
0.000000
0.000000
0.000000
0.000000
0.000000
0.000000
316.813904
257.577209
0.000000
0.000000
11.131847
12.652463
11.298730
12.947148
11.395291
12.953866
0.000000
0.000000
0.000000
0.000000
0.000000
0.000000
0.000000
0.000000
0.000000
0.000000
377.724457
276.075928
0.000000
0.000000
0.000000
6.504076
12.621243
11.385433
12.500780
11.313906
0.000000
0.000000
0.000000
0.000000
0.000000
0.000000
0.000000
0.000000
0.000000
0.000000
318.504486
260.456177
0.000000
54.863857
12.658658
11.347338
12.438904
11.357367
12.655862
11.446147
0.000000
0.000000
0.000000
0.000000
0.000000
0.000000
0.000000
0.000000
0.000000
0.000000
362.228882
270.616058
0.000000
41.982479
12.822157
11.252834
13.085926
11.638871
12.598186
11.440566
0.000000
0.000000
0.000000
0.000000
0.000000
0.000000
0.000000
0.000000
0.000000
0.000000
341.115051
263.502869
0.000000
0.000000
12.806954
11.318699
12.330372
11.183550
12.805652
11.293289
0.000000
0.000000
0.000000
0.000000
0.000000
0.000000
0.000000
0.000000
0.000000
0.000000
308.851532
270.738800
0.000000
0.000000
11.748466
11.346258
12.718786
11.344813
12.799712
11.515778
0.000000
0.000000
0.000000
0.000000
0.000000
0.000000
0.000000
0.000000
0.000000
0.000000
360.862030
272.164124
0.000000
0.000000
12.875049
11.644580
12.816443
11.391630
12.916349
11.450376
0.000000
0.000000
0.000000
0.000000
0.000000
0.000000
0.000000
0.000000
0.000000
0.000000
349.352234
272.682465
0.000000
0.000000
12.856773
11.418900
12.921709
11.202419
12.754242
11.332081
0.000000
0.000000
0.000000
0.000000
0.000000
0.000000
0.000000
0.000000
0.000000
0.000000
337.480011
269.773499
0.000000
85.150101
12.605859
11.580570
12.856126
11.222769
12.670995
11.522593
0.000000
0.000000
0.000000
0.000000
0.000000
0.000000
0.000000
0.000000
0.000000
0.000000
359.879333
275.178101
0.000000
0.000000
13.194880
11.533131
12.715145
11.324292
12.888287
11.335834
0.000000
0.000000
0.000000
0.000000
0.000000
0.000000
0.000000
0.000000
0.000000
0.000000
343.298218
262.844086
0.000000
0.000000
13.133958
11.524570
12.552607
11.342084
12.594904
11.301497
0.000000
0.000000
0.000000
0.000000
0.000000
0.000000
0.000000
0.000000
0.000000
0.000000
370.681183
268.372925
0.000000
112.055138
12.768790
11.443921
12.689584
11.539052
12.786190
11.250969
0.000000
0.000000
0.000000
0.000000
0.000000
0.000000
0.000000
0.000000
0.000000
0.000000
304.170807
258.682922
0.000000
89.826759
12.491531
11.539275
12.726535
11.670698
12.680500
11.291314
0.000000
0.000000
0.000000
0.000000
0.000000
0.000000
0.000000
0.000000
0.000000
0.000000
354.218475
263.650482
0.000000
0.000000
13.375022
11.577937
12.473522
11.340439
12.578952
11.428364
0.000000
0.000000
0.000000
0.000000
0.000000
0.000000
0.000000
0.000000
0.000000
0.000000
319.172394
262.628937
0.000000
64.474045
12.861146
11.358508
12.594931
11.396905
12.704888
11.456864
0.000000
0.000000
0.000000
0.000000
0.000000
0.000000
0.000000
0.000000
0.000000
0.000000
312.658813
253.986816
0.000000
65.496246
11.396468
12.728653
11.562359
12.690750
11.341748
12.610392
0.000000
0.000000
0.000000
0.000000
0.000000
0.000000
0.000000
0.000000
0.000000
0.000000
324.556641
273.927551
0.000000
0.000000
40.447914
13.049773
11.369363
12.745288
11.519208
12.858121
0.000000
0.000000
0.000000
0.000000
0.000000
0.000000
0.000000
0.000000
0.000000
0.000000
364.959412
262.014496
0.000000
0.000000
11.887672
12.789628
11.339126
13.042672
11.443114
12.817464
0.000000
0.000000
0.000000
0.000000
0.000000
0.000000
0.000000
0.000000
0.000000
0.000000
355.048309
266.406708
0.000000
87.337105
11.172523
12.813146
11.646803
12.891726
11.450852
12.899363
0.000000
0.000000
0.000000
0.000000
0.000000
0.000000
0.000000
0.000000
0.000000
0.000000
569.925598
256.841858
0.000000
48.984940
13.095131
11.617904
13.081644
11.590315
12.883559
12.763896
0.000000
0.000000
0.000000
0.000000
0.000000
0.000000
0.000000
0.000000
0.000000
0.000000
347.865387
259.939362
0.000000
0.000000
11.417789
12.922784
11.620920
12.913937
11.494774
12.794147
0.000000
0.000000
0.000000
0.000000
0.000000
0.000000
0.000000
0.000000
0.000000
0.000000
317.298218
267.522583
0.000000
97.572906
12.823548
11.626012
12.796134
11.650799
12.726930
11.496967
0.000000
0.000000
0.000000
0.000000
0.000000
0.000000
0.000000
0.000000
0.000000
0.000000
346.328186
255.489746
0.000000
0.000000
0.000000
31.420237
12.523615
11.224127
12.372685
11.154816
0.000000
0.000000
0.000000
0.000000
0.000000
0.000000
0.000000
0.000000
0.000000
0.000000
430.578918
276.047150
0.000000
0.000000
11.306277
12.852632
11.258271
12.985789
11.369919
12.747379
0.000000
0.000000
0.000000
0.000000
0.000000
0.000000
0.000000
0.000000
0.000000
0.000000
495.133545
262.693726
0.000000
0.000000
11.551601
12.899337
11.376367
12.704807
11.125524
12.696429
0.000000
0.000000
0.000000
0.000000
0.000000
0.000000
0.000000
0.000000
0.000000
0.000000
518.585266
270.723267
0.000000
0.000000
10.616496
12.760046
11.540462
12.744809
11.377679
12.833692
0.000000
0.000000
0.000000
0.000000
0.000000
0.000000
0.000000
0.000000
0.000000
0.000000
316.439362
280.152130
0.000000
0.000000
11.235830
12.723219
11.120435
12.720366
11.537235
12.567406
0.000000
0.000000
0.000000
0.000000
0.000000
0.000000
0.000000
0.000000
0.000000
0.000000
549.953369
267.825775
0.000000
0.000000
11.160836
12.870225
11.312973
12.562435
11.316183
12.863907
0.000000
0.000000
0.000000
0.000000
0.000000
0.000000
0.000000
0.000000
0.000000
0.000000
378.249908
277.233826
0.000000
0.000000
11.440714
12.771258
11.217422
12.671223
11.222260
12.770680
0.000000
0.000000
0.000000
0.000000
0.000000
0.000000
0.000000
0.000000
0.000000
0.000000
538.846313
266.639069
0.000000
0.000000
11.300648
12.770156
11.239109
13.050138
11.286250
12.886146
0.000000
0.000000
0.000000
0.000000
0.000000
0.000000
0.000000
0.000000
0.000000
0.000000
570.593811
267.972260
0.000000
0.000000
18.990221
13.063216
11.395697
12.911116
11.325376
12.872810
0.000000
0.000000
0.000000
0.000000
0.000000
0.000000
0.000000
0.000000
0.000000
0.000000
326.106232
271.959167
0.000000
36.431969
11.195597
12.774187
11.221702
12.710374
11.552155
12.599442
0.000000
0.000000
0.000000
0.000000
0.000000
0.000000
0.000000
0.000000
0.000000
0.000000
536.955261
265.910461
0.000000
0.000000
11.081427
13.016007
11.369238
12.797243
11.241473
12.765635
0.000000
0.000000
0.000000
0.000000
0.000000
0.000000
0.000000
0.000000
0.000000
0.000000
398.199677
279.783569
0.000000
57.530174
0.000000
2.243991
12.830301
11.219546
12.627958
11.549049
0.000000
0.000000
0.000000
0.000000
0.000000
0.000000
0.000000
0.000000
0.000000
0.000000
469.875244
269.105316
0.000000
58.263348
0.000000
0.000000
11.120958
12.778690
11.416108
12.568506
0.000000
0.000000
0.000000
0.000000
0.000000
0.000000
0.000000
0.000000
0.000000
0.000000
471.050903
270.118744
0.000000
0.000000
11.050280
12.562997
11.343188
12.778670
11.424706
13.044382
0.000000
0.000000
0.000000
0.000000
0.000000
0.000000
0.000000
0.000000
0.000000
0.000000
322.720001
280.572815
0.000000
0.000000
12.931636
11.323069
12.766500
11.379647
12.708664
11.132833
0.000000
0.000000
0.000000
0.000000
0.000000
0.000000
0.000000
0.000000
0.000000
0.000000
342.428223
283.275635
0.000000
0.000000
0.000000
14.901147
12.353013
11.271046
12.519070
11.549098
0.000000
0.000000
0.000000
0.000000
0.000000
0.000000
0.000000
0.000000
0.000000
0.000000
375.932953
286.243835
0.000000
0.000000
42.552914
12.739882
11.407792
12.436360
11.462627
12.469269
0.000000
0.000000
0.000000
0.000000
0.000000
0.000000
0.000000
0.000000
0.000000
0.000000
360.231659
271.135040
0.000000
0.000000
11.081099
12.582769
11.314697
12.690063
11.285701
12.568680
0.000000
0.000000
0.000000
0.000000
0.000000
0.000000
0.000000
0.000000
0.000000
0.000000
330.261444
258.908905
0.000000
127.034714
12.482999
11.417678
12.530521
11.159787
12.493192
11.240266
0.000000
0.000000
0.000000
0.000000
0.000000
0.000000
0.000000
0.000000
0.000000
0.000000
329.254364
263.575897
0.000000
12.814780
11.274590
12.745394
11.578743
12.833912
11.411068
12.873835
0.000000
0.000000
0.000000
0.000000
0.000000
0.000000
0.000000
0.000000
0.000000
0.000000
296.373322
276.315338
0.000000
0.000000
10.181900
12.797958
11.332029
12.518551
10.953768
12.804420
0.000000
0.000000
0.000000
0.000000
0.000000
0.000000
0.000000
0.000000
0.000000
0.000000
308.558319
275.757446
0.000000
50.622124
12.800924
11.410697
12.794337
11.342275
12.569853
11.601676
0.000000
0.000000
0.000000
0.000000
0.000000
0.000000
0.000000
0.000000
0.000000
0.000000
305.472260
261.335358
0.000000
78.479088
11.305425
12.663825
11.418025
12.801044
11.499514
13.267698
0.000000
0.000000
0.000000
0.000000
0.000000
0.000000
0.000000
0.000000
0.000000
0.000000
316.436584
256.947998
0.000000
39.155869
12.717150
11.649513
13.184997
11.561414
13.023417
11.743167
0.000000
0.000000
0.000000
0.000000
0.000000
0.000000
0.000000
0.000000
0.000000
0.000000
384.459198
281.822479
0.000000
0.000000
0.000000
11.019428
12.778836
11.517290
12.760878
11.150018
0.000000
0.000000
0.000000
0.000000
0.000000
0.000000
0.000000
0.000000
0.000000
0.000000
328.495514
265.469635
0.000000
0.000000
0.000000
7.253386
12.606131
11.198508
12.416767
11.638951
0.000000
0.000000
0.000000
0.000000
0.000000
0.000000
0.000000
0.000000
0.000000
0.000000
293.102905
251.248367
0.000000
58.632149
12.824081
11.746370
13.046593
11.569930
12.790631
11.417132
0.000000
0.000000
0.000000
0.000000
0.000000
0.000000
0.000000
0.000000
0.000000
0.000000
381.341095
275.842682
0.000000
0.000000
13.163068
11.149248
13.137695
11.327131
12.940605
11.501303
0.000000
0.000000
0.000000
0.000000
0.000000
0.000000
0.000000
0.000000
0.000000
0.000000
315.332520
271.953522
9.063995
12.140991
0.000000
0.000000
0.729021
12.605795
13.127111
12.866577
12.301004
12.231179
13.197978
12.053538
13.202852
0.000000
0.000000
0.000000
0.000000
0.000000
0.000000
0.000000
0.000000
0.000000
0.000000
0.000000
0.000000
0.000000
0.000000
121.887718
0.000000
14.987457
12.198488
42.243565
40.806744
31.787495
27.207533
16.075848
10.827651
10.981503
0.000000
0.000000
0.000000
0.000000
0.000000
0.000000
0.000000
0.000000
0.000000
0.000000
0.000000
161.489395
0.000000
0.000000
59.837418
3.504198
4.892471
0.000000
0.000000
0.000000
0.000000
0.000000
0.000000
0.000000
0.000000
0.000000
0.000000
0.000000
0.000000
0.000000
0.000000
0.000000
0.000000
0.000000
204.938416
0.000000
24.867107
49.280476
140.350204
189.780930
0.000000
0.000000
0.000000
0.000000
0.000000
0.000000
0.000000
0.000000
0.000000
0.000000
0.000000
0.000000
0.000000
60.846413
19.226608
5.896019
11.783010
201.391907
234.910309
161.744675
0.000000
0.000000
0.000000
0.000000
0.000000
0.000000
0.000000
0.000000
0.000000
0.000000
0.000000
0.000000
0.000000
260.125946
21.631001
3.434663
0.000000
77.398590
155.450760
37.762852
0.000000
0.000000
0.000000
0.000000
0.000000
0.000000
0.000000
0.000000
0.000000
0.000000
0.000000
0.000000
226.448013
0.000000
0.000000
4.996549
13.503922
212.308212
209.006805
23.242159
0.000000
0.000000
0.000000
0.000000
0.000000
0.000000
0.000000
0.000000
0.000000
0.000000
0.000000
0.000000
213.191788
0.000000
11.509261
4.572562
3.894247
80.393333
195.981964
132.043671
0.000000
0.000000
0.000000
0.000000
0.000000
0.000000
0.000000
0.000000
0.000000
0.000000
0.000000
0.000000
0.000000
195.745148
26.490891
2.848090
3.976543
4.478983
55.104832
36.763222
0.000000
0.000000
0.000000
0.000000
0.000000
0.000000
0.000000
0.000000
0.000000
0.000000
0.000000
0.000000
280.381897
0.000000
10.628100
0.000000
5.085273
79.341110
110.954994
0.000000
0.000000
0.000000
0.000000
0.000000
0.000000
0.000000
0.000000
0.000000
0.000000
0.000000
0.000000
0.000000
0.000000
32.896675
24.995838
5.027071
5.819879
6.759770
116.523613
119.198914
0.000000
0.000000
0.000000
0.000000
0.000000
0.000000
0.000000
0.000000
0.000000
0.000000
0.000000
0.000000
0.000000
0.000000
6.183273
4.513627
2.717706
22.366381
116.200798
21.300776
0.000000
0.000000
0.000000
0.000000
0.000000
0.000000
0.000000
0.000000
0.000000
0.000000
0.000000
0.000000
342.068848
0.000000
0.000000
0.000000
0.000000
66.738838
156.479630
39.825344
0.000000
0.000000
0.000000
0.000000
0.000000
0.000000
0.000000
0.000000
0.000000
0.000000
0.000000
0.000000
0.000000
0.000000
0.000000
0.000000
0.000000
0.000000
131.484253
116.697990
0.000000
0.000000
0.000000
0.000000
0.000000
0.000000
0.000000
0.000000
0.000000
0.000000
0.000000
0.000000
259.910278
0.000000
0.000000
0.000000
0.000000
57.967087
153.768814
28.808273
0.000000
0.000000
0.000000
0.000000
0.000000
0.000000
0.000000
0.000000
0.000000
0.000000
0.000000
0.000000
0.000000
0.000000
0.000000
4.582187
4.804878
2.900866
81.202148
35.144264
0.000000
0.000000
0.000000
0.000000
0.000000
0.000000
0.000000
0.000000
0.000000
0.000000
0.000000
0.000000
0.000000
0.000000
0.000000
0.000000
0.000000
92.272789
133.984467
6.277617
0.000000
0.000000
0.000000
0.000000
0.000000
0.000000
0.000000
0.000000
0.000000
0.000000
0.000000
0.000000
12.536204
0.000000
19.388943
3.904761
3.974981
11.012670
133.773727
126.171211
0.000000
0.000000
0.000000
0.000000
0.000000
0.000000
0.000000
0.000000
0.000000
0.000000
0.000000
0.000000
75.071083
0.000000
10.045017
3.628574
6.331874
84.848198
134.958664
56.793911
0.000000
0.000000
0.000000
0.000000
0.000000
0.000000
0.000000
0.000000
0.000000
0.000000
0.000000
0.000000
63.185799
0.000000
15.561971
5.810853
4.358808
19.903856
143.107498
121.929443
0.000000
0.000000
0.000000
0.000000
0.000000
0.000000
0.000000
0.000000
0.000000
0.000000
0.000000
0.000000
0.000000
0.000000
19.641495
7.960405
6.670217
74.278290
148.331863
26.740110
0.000000
0.000000
0.000000
0.000000
0.000000
0.000000
0.000000
0.000000
0.000000
0.000000
0.000000
0.000000
551.809875
42.999046
13.365505
6.726893
4.316014
52.221577
160.522324
45.858345
0.000000
0.000000
0.000000
0.000000
0.000000
0.000000
0.000000
0.000000
0.000000
0.000000
0.000000
0.000000
570.580383
77.371101
18.098206
7.722894
3.778184
73.213402
144.508270
21.897533
0.000000
0.000000
0.000000
0.000000
0.000000
0.000000
0.000000
0.000000
0.000000
0.000000
0.000000
0.000000
455.341949
0.000000
0.000000
4.253799
2.450869
52.390640
146.961716
38.559811
0.000000
0.000000
0.000000
0.000000
0.000000
0.000000
0.000000
0.000000
0.000000
0.000000
0.000000
0.000000
433.944092
0.000000
0.000000
15.197755
3.544167
31.594017
131.599182
79.065865
0.000000
0.000000
0.000000
0.000000
0.000000
0.000000
0.000000
0.000000
0.000000
0.000000
0.000000
0.000000
0.000000
0.000000
29.471270
3.836480
0.000000
111.919502
140.470657
27.253902
0.000000
0.000000
0.000000
0.000000
0.000000
0.000000
0.000000
0.000000
0.000000
0.000000
0.000000
0.000000
0.000000
51.001686
0.000000
14.291620
3.489051
5.550908
60.911892
39.193600
0.000000
0.000000
0.000000
0.000000
0.000000
0.000000
0.000000
0.000000
0.000000
0.000000
0.000000
0.000000
0.000000
0.000000
0.000000
0.000000
0.000000
102.720291
156.181152
15.745711
0.000000
0.000000
0.000000
0.000000
0.000000
0.000000
0.000000
0.000000
0.000000
0.000000
0.000000
0.000000
0.000000
0.000000
2.482356
4.749987
2.834657
4.461655
87.115387
42.306427
0.000000
0.000000
0.000000
0.000000
0.000000
0.000000
0.000000
0.000000
0.000000
0.000000
0.000000
0.000000
3.420849
232.909576
7.940719
4.403395
5.548381
96.707527
143.919083
7.289753
0.000000
0.000000
0.000000
0.000000
0.000000
0.000000
0.000000
0.000000
0.000000
0.000000
0.000000
0.000000
0.000000
11.745548
0.000000
10.772963
1.570089
38.837532
124.139381
12.261308
0.000000
0.000000
0.000000
0.000000
0.000000
0.000000
0.000000
0.000000
0.000000
0.000000
0.000000
0.000000
161.015015
0.000000
0.000000
0.000000
0.000000
96.893471
162.660583
28.388178
0.000000
0.000000
0.000000
0.000000
0.000000
0.000000
0.000000
0.000000
0.000000
0.000000
0.000000
0.000000
0.000000
0.000000
3.598968
3.324886
6.955322
42.428032
145.404297
66.709778
0.000000
0.000000
0.000000
0.000000
0.000000
0.000000
0.000000
0.000000
0.000000
0.000000
0.000000
0.000000
312.024414
0.000000
0.000000
3.022169
5.925963
151.438782
163.626205
15.496572
0.000000
0.000000
0.000000
0.000000
0.000000
0.000000
0.000000
0.000000
0.000000
0.000000
0.000000
0.000000
0.000000
36.840141
0.000000
5.078601
6.688102
6.203444
133.749557
102.455597
0.000000
0.000000
0.000000
0.000000
0.000000
0.000000
0.000000
0.000000
0.000000
0.000000
0.000000
0.000000
574.074524
0.000000
127.315155
0.000000
11.169456
215.642822
156.489975
33.427742
9.001912
0.000000
0.000000
0.000000
0.000000
0.000000
0.000000
0.000000
0.000000
0.000000
0.000000
0.000000
0.000000
0.000000
6.600131
7.392575
4.354118
4.378354
97.797722
67.921059
0.000000
0.000000
0.000000
0.000000
0.000000
0.000000
0.000000
0.000000
0.000000
0.000000
0.000000
0.000000
433.005646
0.000000
14.840157
4.836944
6.619666
83.738304
169.747147
41.494526
0.000000
0.000000
0.000000
0.000000
0.000000
0.000000
0.000000
0.000000
0.000000
0.000000
0.000000
0.000000
0.000000
0.000000
0.000000
406.969238
0.000000
0.000000
145.676590
131.672211
0.000000
0.000000
0.000000
0.000000
0.000000
0.000000
0.000000
0.000000
0.000000
0.000000
0.000000
0.000000
495.450653
0.000000
28.943989
10.568347
4.385801
101.870453
175.048950
71.087372
0.000000
0.000000
0.000000
0.000000
0.000000
0.000000
0.000000
0.000000
0.000000
0.000000
0.000000
0.000000
0.000000
0.000000
0.000000
0.000000
0.000000
38.401184
169.902679
19.628555
0.000000
0.000000
0.000000
0.000000
0.000000
0.000000
0.000000
0.000000
0.000000
0.000000
0.000000
0.000000
216.749847
0.000000
0.000000
8.523523
4.211802
63.527126
191.968887
129.264130
0.000000
0.000000
0.000000
0.000000
0.000000
0.000000
0.000000
0.000000
0.000000
0.000000
0.000000
0.000000
0.000000
0.000000
103.088341
6.172012
6.007944
56.749874
173.630737
55.251621
0.000000
0.000000
0.000000
0.000000
0.000000
0.000000
0.000000
0.000000
0.000000
0.000000
0.000000
0.000000
0.000000
0.000000
56.080231
0.000000
0.000000
95.615349
164.745895
12.737763
0.000000
0.000000
0.000000
0.000000
0.000000
0.000000
0.000000
0.000000
0.000000
0.000000
0.000000
0.000000
0.000000
0.000000
8.254838
7.988302
6.534113
37.004246
153.623962
57.632866
7.379644
0.000000
0.000000
0.000000
0.000000
0.000000
0.000000
0.000000
0.000000
0.000000
0.000000
0.000000
477.119598
0.000000
5.821927
10.033868
6.493381
69.741951
177.701523
93.635628
0.000000
0.000000
0.000000
0.000000
0.000000
0.000000
0.000000
0.000000
0.000000
0.000000
0.000000
0.000000
0.000000
0.000000
14.375860
10.116889
4.694501
17.015409
138.876678
80.822983
0.000000
0.000000
0.000000
0.000000
0.000000
0.000000
0.000000
0.000000
0.000000
0.000000
0.000000
0.000000
373.188202
0.000000
0.000000
5.418855
4.021162
94.887627
170.459427
47.208717
0.000000
0.000000
0.000000
0.000000
0.000000
0.000000
0.000000
0.000000
0.000000
0.000000
0.000000
0.000000
0.000000
0.000000
8.174900
9.933156
6.391020
15.131385
145.688248
106.224350
2.124882
0.000000
0.000000
0.000000
0.000000
0.000000
0.000000
0.000000
0.000000
0.000000
0.000000
0.000000
427.562042
0.000000
0.000000
0.000000
0.000000
112.239677
176.164581
59.797836
0.000000
0.000000
0.000000
0.000000
0.000000
0.000000
0.000000
0.000000
0.000000
0.000000
0.000000
0.000000
0.000000
0.000000
0.000000
5.593822
4.300159
64.313896
188.556503
60.607231
0.000000
0.000000
0.000000
0.000000
0.000000
0.000000
0.000000
0.000000
0.000000
0.000000
0.000000
0.000000
0.000000
0.000000
0.000000
5.321695
2.998380
52.185173
157.309723
86.141708
0.000000
0.000000
0.000000
0.000000
0.000000
0.000000
0.000000
0.000000
0.000000
0.000000
0.000000
0.000000
0.000000
0.000000
4.956650
4.993513
0.000000
104.215553
165.864288
22.823040
3.189621
0.000000
0.000000
0.000000
0.000000
0.000000
0.000000
0.000000
0.000000
0.000000
0.000000
0.000000
0.000000
0.000000
0.000000
6.605195
3.738847
30.582956
158.756409
67.714706
0.000000
0.000000
0.000000
0.000000
0.000000
0.000000
0.000000
0.000000
0.000000
0.000000
0.000000
0.000000
326.942139
0.000000
0.000000
0.000000
0.000000
53.995010
163.463486
58.684132
0.000000
0.000000
0.000000
0.000000
0.000000
0.000000
0.000000
0.000000
0.000000
0.000000
0.000000
0.000000
0.000000
0.000000
0.000000
0.000000
0.000000
111.428825
170.584381
24.959007
0.000000
0.000000
0.000000
0.000000
0.000000
0.000000
0.000000
0.000000
0.000000
0.000000
0.000000
0.000000
216.722214
0.000000
2.926053
16.005283
5.415877
79.986832
196.775726
151.153381
23.798483
0.000000
0.000000
0.000000
0.000000
0.000000
0.000000
0.000000
0.000000
0.000000
0.000000
0.000000
0.000000
0.000000
0.000000
0.000000
0.000000
46.098503
179.253693
93.879143
0.000000
0.000000
0.000000
0.000000
0.000000
0.000000
0.000000
0.000000
0.000000
0.000000
0.000000
0.000000
66.733322
0.000000
0.000000
0.000000
9.923196
51.879883
171.791733
75.504158
0.000000
0.000000
0.000000
0.000000
0.000000
0.000000
0.000000
0.000000
0.000000
0.000000
0.000000
0.000000
0.000000
0.000000
0.000000
0.666814
7.891067
23.834173
155.905685
78.816566
0.000000
0.000000
0.000000
0.000000
0.000000
0.000000
0.000000
0.000000
0.000000
0.000000
0.000000
0.000000
253.884842
0.000000
0.000000
0.000000
2.703254
66.088165
191.386688
126.675987
0.813164
0.000000
0.000000
0.000000
0.000000
0.000000
0.000000
0.000000
0.000000
0.000000
0.000000
0.000000
0.000000
0.000000
0.000000
0.000000
0.000000
22.131001
196.021347
126.262581
5.233273
0.000000
0.000000
0.000000
0.000000
0.000000
0.000000
0.000000
0.000000
0.000000
0.000000
0.000000
0.000000
0.000000
0.000000
11.473246
3.501107
57.421478
184.921783
73.028755
0.000000
0.000000
0.000000
0.000000
0.000000
0.000000
0.000000
0.000000
0.000000
0.000000
0.000000
0.000000
500.432159
0.000000
0.000000
33.905964
9.344330
12.323688
177.678192
150.375702
9.884657
0.000000
0.000000
0.000000
0.000000
0.000000
0.000000
0.000000
0.000000
0.000000
0.000000
0.000000
0.000000
0.000000
0.000000
7.661015
3.528985
75.955627
179.604248
20.899221
0.000000
0.000000
0.000000
0.000000
0.000000
0.000000
0.000000
0.000000
0.000000
0.000000
0.000000
0.000000
52.628635
0.000000
0.000000
0.000000
9.955348
46.286339
211.819290
149.049683
9.588001
0.000000
0.000000
0.000000
0.000000
0.000000
0.000000
0.000000
0.000000
0.000000
0.000000
0.000000
0.319625
0.000000
0.000000
5.860856
4.971756
64.480881
185.377121
67.864891
0.000000
0.000000
0.000000
0.000000
0.000000
0.000000
0.000000
0.000000
0.000000
0.000000
0.000000
0.000000
417.275696
0.000000
28.305784
9.879235
6.308535
46.103138
191.974594
145.855392
0.335432
0.000000
0.000000
0.000000
0.000000
0.000000
0.000000
0.000000
0.000000
0.000000
0.000000
0.000000
0.000000
0.000000
26.949965
9.280216
3.849542
31.268892
179.539505
89.611992
0.000000
0.000000
0.000000
0.000000
0.000000
0.000000
0.000000
0.000000
0.000000
0.000000
0.000000
0.000000
12.608841
0.000000
0.000000
0.000000
0.000000
32.972122
178.720276
131.110367
5.659808
0.000000
0.000000
0.000000
0.000000
0.000000
0.000000
0.000000
0.000000
0.000000
0.000000
0.000000
0.000000
0.000000
0.094639
5.406748
3.818414
88.939934
201.977951
60.446529
0.000000
0.000000
0.000000
0.000000
0.000000
0.000000
0.000000
0.000000
0.000000
0.000000
0.000000
0.000000
0.000000
0.000000
30.017265
7.098350
6.054928
45.044518
196.900620
158.411591
5.404554
0.000000
0.000000
0.000000
0.000000
0.000000
0.000000
0.000000
0.000000
0.000000
0.000000
0.000000
0.000000
0.000000
52.763451
11.513675
0.000000
99.758972
182.081375
30.750179
0.000000
0.000000
0.000000
0.000000
0.000000
0.000000
0.000000
0.000000
0.000000
0.000000
0.000000
0.000000
0.000000
0.000000
0.000000
15.393702
8.008910
13.595802
181.754990
185.686447
50.422188
0.000000
0.000000
0.000000
0.000000
0.000000
0.000000
0.000000
0.000000
0.000000
0.000000
0.000000
0.000000
0.000000
43.887062
7.484760
0.000000
48.492985
169.923035
69.038239
0.000000
0.000000
0.000000
0.000000
0.000000
0.000000
0.000000
0.000000
0.000000
0.000000
0.000000
0.000000
0.000000
0.000000
100.043404
16.373676
27.195240
15.915205
161.052597
101.535210
0.000000
0.000000
0.000000
0.000000
0.000000
0.000000
0.000000
0.000000
0.000000
0.000000
0.000000
0.000000
0.000000
0.000000
74.626419
0.000000
1.412494
29.984369
144.438583
33.133892
0.000000
0.000000
0.000000
0.000000
0.000000
0.000000
0.000000
0.000000
0.000000
0.000000
0.000000
0.000000
0.000000
0.000000
0.000000
41.038204
7.377554
3.412457
138.494263
90.335152
11.070853
0.000000
0.000000
0.000000
0.000000
0.000000
0.000000
0.000000
0.000000
0.000000
0.000000
0.000000
0.000000
0.000000
128.685867
0.000000
0.000000
0.000000
59.883034
75.288536
5.682112
0.000000
0.000000
0.000000
0.000000
0.000000
0.000000
0.000000
0.000000
0.000000
0.000000
0.000000
78.473640
0.000000
24.257732
4.166746
3.406955
74.382881
140.235748
16.282608
0.000000
0.000000
0.000000
0.000000
0.000000
0.000000
0.000000
0.000000
0.000000
0.000000
0.000000
0.000000
0.000000
0.000000
0.000000
11.495172
4.795612
6.861193
119.931259
160.384521
19.605877
0.000000
0.000000
0.000000
0.000000
0.000000
0.000000
0.000000
0.000000
0.000000
0.000000
0.000000
0.000000
0.000000
0.000000
9.684623
4.193170
60.683655
191.724335
114.666275
0.000000
0.000000
0.000000
0.000000
0.000000
0.000000
0.000000
0.000000
0.000000
0.000000
0.000000
0.000000
0.000000
0.000000
0.671374
8.649066
4.571378
47.912460
201.336868
133.399307
0.000000
0.000000
0.000000
0.000000
0.000000
0.000000
0.000000
0.000000
0.000000
0.000000
0.000000
0.000000
0.000000
0.000000
51.222046
0.000000
0.000000
56.088570
183.901855
88.969154
0.000000
0.000000
0.000000
0.000000
0.000000
0.000000
0.000000
0.000000
0.000000
0.000000
0.000000
0.000000
0.000000
0.000000
3.961544
4.447794
8.258084
82.020447
204.340912
85.592125
0.000000
0.000000
0.000000
0.000000
0.000000
0.000000
0.000000
0.000000
0.000000
0.000000
0.000000
0.000000
0.000000
0.000000
2.119462
6.518060
6.929835
71.844070
211.930115
121.380722
0.000000
0.000000
0.000000
0.000000
0.000000
0.000000
0.000000
0.000000
0.000000
0.000000
0.000000
0.000000
0.000000
0.000000
0.000000
0.000000
0.000000
34.885475
194.671112
72.615669
0.000000
0.000000
0.000000
0.000000
0.000000
0.000000
0.000000
0.000000
0.000000
0.000000
0.000000
0.000000
0.000000
0.000000
0.000000
0.000000
24.200771
0.000000
46.187187
111.762703
32.545425
0.000000
0.000000
0.000000
0.000000
0.000000
0.000000
0.000000
0.000000
0.000000
0.000000
0.000000
0.000000
0.000000
0.000000
14.762129
8.338747
43.629322
190.597015
122.973557
2.779404
0.000000
0.000000
0.000000
0.000000
0.000000
0.000000
0.000000
0.000000
0.000000
0.000000
0.000000
128.780075
0.000000
0.000000
0.000000
6.642421
4.890148
114.093651
133.492264
1.891026
0.000000
0.000000
0.000000
0.000000
0.000000
0.000000
0.000000
0.000000
0.000000
0.000000
0.000000
0.000000
0.000000
0.000000
5.817830
3.048629
3.220309
134.919693
92.207428
5.937567
0.000000
0.000000
0.000000
0.000000
0.000000
0.000000
0.000000
0.000000
0.000000
0.000000
0.000000
430.726379
0.000000
0.000000
11.498685
4.761346
29.271280
160.245102
129.081772
0.000000
0.000000
0.000000
0.000000
0.000000
0.000000
0.000000
0.000000
0.000000
0.000000
0.000000
0.000000
0.000000
0.000000
9.018290
6.193624
5.441186
58.956322
179.256531
66.134560
0.000000
0.000000
0.000000
0.000000
0.000000
0.000000
0.000000
0.000000
0.000000
0.000000
0.000000
0.000000
0.000000
0.000000
0.000000
7.902359
5.369980
19.819220
164.416046
143.910706
3.974497
0.000000
0.000000
0.000000
0.000000
0.000000
0.000000
0.000000
0.000000
0.000000
0.000000
0.000000
0.000000
0.000000
0.000000
5.141369
6.445977
77.090874
192.087601
41.727627
0.000000
0.000000
0.000000
0.000000
0.000000
0.000000
0.000000
0.000000
0.000000
0.000000
0.000000
0.000000
0.000000
0.000000
82.404480
10.341432
6.871391
63.041355
192.166901
107.368629
0.000000
0.000000
0.000000
0.000000
0.000000
0.000000
0.000000
0.000000
0.000000
0.000000
0.000000
0.000000
0.000000
0.000000
0.000000
0.000000
0.000000
52.314167
181.626602
149.361130
3.410102
0.000000
0.000000
0.000000
0.000000
0.000000
0.000000
0.000000
0.000000
0.000000
0.000000
0.000000
0.000000
0.000000
0.000000
5.371824
0.000000
66.205338
166.564941
43.570660
0.000000
0.000000
0.000000
0.000000
0.000000
0.000000
0.000000
0.000000
0.000000
0.000000
0.000000
0.000000
0.000000
0.000000
45.134521
7.458353
3.240684
37.598179
155.612656
52.221764
0.000000
0.000000
0.000000
0.000000
0.000000
0.000000
0.000000
0.000000
0.000000
0.000000
0.000000
0.000000
419.427155
0.000000
0.000000
12.175635
3.526207
50.021801
167.755188
128.697205
7.700333
0.000000
0.000000
0.615667
24.408600
13.119990
12.761895
12.809630
12.730824
0.000000
0.000000
0.000000
0.000000
0.000000
0.000000
0.000000
0.000000
0.000000
0.000000
0.000000
0.000000
0.000000
0.000000
0.000000
0.000000
0.000000
0.000000
0.000000
0.000000
0.000000
0.000000
0.000000
0.000000
0.000000
0.000000
0.000000
0.000000
0.000000
0.000000
0.000000
0.000000
0.000000
0.000000
0.000000
0.000000
0.000000
0.000000
0.000000
86.981010
11.338019
9.297203
9.396267
15.430788
60.770813
40.877426
0.000000
0.000000
0.000000
0.000000
0.000000
0.000000
0.000000
0.000000
0.000000
0.000000
303.088287
251.018097
0.000000
169.361389
18.249611
7.008440
3.942184
86.644577
110.781563
23.849621
0.000000
0.000000
0.000000
0.000000
0.000000
0.000000
0.000000
0.000000
0.000000
0.000000
0.000000
284.701050
0.000000
168.468552
12.706303
4.019598
16.604197
129.170441
95.739822
0.000000
0.000000
0.000000
0.000000
0.000000
0.000000
0.000000
0.000000
0.000000
0.000000
0.000000
0.000000
224.883942
0.000000
117.596825
8.387066
7.825113
4.665892
95.576256
104.710907
10.603271
0.000000
0.000000
0.000000
0.000000
0.000000
0.000000
0.000000
0.000000
0.000000
0.000000
0.000000
340.632233
0.000000
129.492569
7.400502
4.291462
7.066115
3.618429
9.636831
2.300703
0.000000
0.000000
0.000000
0.000000
0.000000
0.000000
0.000000
0.000000
0.000000
0.000000
0.000000
297.027863
0.000000
139.973404
7.890170
7.422487
4.140693
5.648610
0.000000
0.000000
0.000000
0.000000
0.000000
0.000000
0.000000
0.000000
0.000000
0.000000
0.000000
0.000000
0.000000
34.092079
0.000000
0.000000
24.490496
5.480903
8.089849
9.925573
50.059948
9.646909
0.000000
0.000000
0.000000
0.000000
0.000000
0.000000
0.000000
0.000000
0.000000
0.000000
313.099915
260.765228
0.000000
97.450668
6.477975
6.204734
4.612079
1.959271
0.000000
0.000000
0.000000
0.000000
0.000000
0.000000
0.000000
0.000000
0.000000
0.000000
0.000000
0.000000
0.000000
355.535339
0.000000
2.502334
6.554147
7.649390
4.999085
7.099914
3.604454
1.375777
0.000000
0.000000
0.000000
0.000000
0.000000
0.000000
0.000000
0.000000
0.000000
0.000000
0.000000
266.122650
0.000000
0.000000
5.042905
8.400946
5.012399
6.334289
3.958458
0.484010
0.000000
0.000000
0.000000
0.000000
0.000000
0.000000
0.000000
0.000000
0.000000
0.000000
0.000000
323.919983
0.000000
1.840253
6.565730
8.197917
4.867277
7.169750
5.180179
1.498493
0.000000
0.000000
0.000000
0.000000
0.000000
0.000000
0.000000
0.000000
0.000000
0.000000
611.975952
248.775024
0.000000
0.968067
5.572343
7.808674
5.358470
6.751944
1.482058
0.646106
0.000000
0.000000
0.000000
0.000000
0.000000
0.000000
0.000000
0.000000
0.000000
0.000000
0.000000
273.119904
0.000000
0.000000
8.075306
7.556271
5.248638
7.384205
2.810793
0.681198
0.000000
0.000000
0.000000
0.000000
0.000000
0.000000
0.000000
0.000000
0.000000
0.000000
0.000000
259.874359
0.000000
0.000000
8.231765
7.648605
5.152554
7.123090
2.337645
0.000000
0.000000
0.000000
0.000000
0.000000
0.000000
0.000000
0.000000
0.000000
0.000000
0.000000
0.000000
264.808380
0.000000
0.000000
8.932757
7.208730
4.803812
7.190686
2.276780
0.182643
0.000000
0.000000
0.000000
0.000000
0.000000
0.000000
0.000000
0.000000
0.000000
0.000000
0.000000
289.787720
0.000000
0.000000
10.157993
7.949551
4.975674
6.961411
2.356202
0.000000
0.000000
0.000000
0.000000
0.000000
0.000000
0.000000
0.000000
0.000000
0.000000
0.000000
341.938721
276.016052
0.000000
1.380465
5.655704
8.132520
5.239704
6.760496
1.837834
0.698025
0.000000
0.000000
0.000000
0.000000
0.000000
0.000000
0.000000
0.000000
0.000000
0.000000
0.000000
356.430115
0.000000
1.637247
6.607898
8.798270
4.738730
6.796033
5.453642
0.000000
0.000000
0.000000
0.000000
0.000000
0.000000
0.000000
0.000000
0.000000
0.000000
0.000000
445.146210
259.451660
0.000000
3.322603
6.473559
8.097054
5.310201
7.361162
2.967278
0.000000
0.000000
0.000000
0.000000
0.000000
0.000000
0.000000
0.000000
0.000000
0.000000
0.000000
0.000000
252.908813
0.000000
0.000000
7.695303
7.451177
4.810579
6.968992
3.012844
0.000000
0.000000
0.000000
0.000000
0.000000
0.000000
0.000000
0.000000
0.000000
0.000000
0.000000
0.000000
269.487823
0.000000
0.000000
10.435956
4.788229
7.241632
4.695189
5.520648
0.424280
0.000000
0.000000
0.000000
0.000000
0.000000
0.000000
0.000000
0.000000
0.000000
0.000000
433.231689
261.136932
0.000000
10.641651
6.965660
5.189628
7.669121
4.446110
3.781235
0.000000
0.000000
0.000000
0.000000
0.000000
0.000000
0.000000
0.000000
0.000000
0.000000
0.000000
0.000000
376.923492
0.000000
5.030488
7.909366
8.962181
5.081503
7.136016
1.249005
0.000000
0.000000
0.000000
0.000000
0.000000
0.000000
0.000000
0.000000
0.000000
0.000000
0.000000
0.000000
348.795624
0.000000
0.000000
0.000000
5.283806
8.373611
4.270014
5.147921
0.452130
0.000000
0.000000
0.000000
0.000000
0.000000
0.000000
0.000000
0.000000
0.000000
0.000000
0.000000
269.910400
0.000000
0.000000
8.241467
7.790216
4.389508
6.200747
2.965698
0.000000
0.000000
0.000000
0.000000
0.000000
0.000000
0.000000
0.000000
0.000000
0.000000
0.000000
0.000000
328.670288
0.000000
0.000000
8.646102
8.249544
5.055335
6.786880
2.097391
3.189600
0.000000
0.000000
0.000000
0.000000
0.000000
0.000000
0.000000
0.000000
0.000000
0.000000
257.935089
269.779083
0.000000
0.000000
5.891817
4.431456
7.644390
4.342235
5.698570
0.000000
0.000000
0.000000
0.000000
0.000000
0.000000
0.000000
0.000000
0.000000
0.000000
0.000000
0.000000
359.498047
0.000000
1.658882
7.039071
8.290172
4.848389
7.099466
5.270051
2.106156
0.000000
0.000000
0.000000
0.000000
0.000000
0.000000
0.000000
0.000000
0.000000
0.000000
317.513123
283.097290
0.000000
0.000000
5.742332
8.101620
5.168110
6.881976
4.610404
0.712472
0.000000
0.000000
0.000000
0.000000
0.000000
0.000000
0.000000
0.000000
0.000000
0.000000
0.000000
278.239746
0.000000
0.000000
7.890202
7.725331
5.224145
7.402995
3.418336
0.000000
0.000000
0.000000
0.000000
0.000000
0.000000
0.000000
0.000000
0.000000
0.000000
0.000000
0.000000
257.875183
0.000000
4.469698
10.575198
7.100375
4.472306
6.762172
2.326691
0.307124
0.000000
0.000000
0.000000
0.000000
0.000000
0.000000
0.000000
0.000000
0.000000
0.000000
0.000000
257.076050
0.000000
0.000000
5.704182
7.511698
5.610422
6.672126
2.777525
1.048079
0.000000
0.000000
0.000000
0.000000
0.000000
0.000000
0.000000
0.000000
0.000000
0.000000
72.803551
291.510468
0.000000
2.444631
6.433271
8.248520
4.854378
6.759881
4.973822
0.000000
0.000000
0.000000
0.000000
0.000000
0.000000
0.000000
0.000000
0.000000
0.000000
0.000000
0.000000
270.347839
0.000000
9.398237
12.101319
6.232642
7.795753
5.205439
6.446990
5.002564
0.000000
0.000000
0.000000
0.000000
0.000000
0.000000
0.000000
0.000000
0.000000
0.000000
0.000000
266.724457
0.000000
7.620310
10.829851
6.828526
5.160549
7.200916
4.506104
3.931438
0.000000
0.000000
0.000000
0.000000
0.000000
0.000000
0.000000
0.000000
0.000000
0.000000
0.000000
291.561462
0.000000
1.111853
6.743956
8.773032
5.338811
6.853809
28.229416
12.884205
0.000000
0.000000
0.000000
0.000000
0.000000
0.000000
0.000000
0.000000
0.000000
0.000000
508.567352
258.703186
0.000000
54.748486
6.754483
4.516402
7.288263
3.796131
0.948244
0.000000
0.000000
0.000000
0.000000
0.000000
0.000000
0.000000
0.000000
0.000000
0.000000
0.000000
0.000000
0.000000
0.000000
0.000000
11.517335
8.621191
5.940822
39.746326
103.038841
72.252548
0.000000
0.000000
0.000000
0.000000
0.000000
0.000000
0.000000
0.000000
0.000000
0.000000
0.000000
302.848267
0.000000
0.000000
6.782647
8.155463
5.533874
6.752140
5.272727
2.069619
0.000000
0.000000
0.000000
0.000000
0.000000
0.000000
0.000000
0.000000
0.000000
0.000000
491.602112
262.356049
0.000000
115.934288
8.224574
6.939081
7.124548
6.003862
1.922069
0.000000
0.000000
0.000000
0.000000
0.000000
0.000000
0.000000
0.000000
0.000000
0.000000
0.000000
0.000000
623.131165
0.000000
0.000000
5.756627
9.201413
6.025054
80.796066
120.020485
36.623894
0.000000
0.000000
0.000000
0.000000
0.000000
0.000000
0.000000
0.000000
0.000000
0.000000
0.000000
324.888794
0.000000
53.841663
7.330307
8.414521
5.004994
6.724460
5.106331
0.000000
0.000000
0.000000
0.000000
0.000000
0.000000
0.000000
0.000000
0.000000
0.000000
0.000000
0.000000
280.940918
0.000000
58.355335
7.327575
5.089650
7.430963
4.287623
5.098904
0.000000
0.000000
0.000000
0.000000
0.000000
0.000000
0.000000
0.000000
0.000000
0.000000
0.000000
0.000000
288.323517
0.000000
1.619812
5.844066
7.557831
5.238302
7.320355
3.903672
1.991521
0.000000
0.000000
0.000000
0.000000
0.000000
0.000000
0.000000
0.000000
0.000000
0.000000
0.000000
303.211365
0.000000
0.000000
7.469331
8.369801
5.319484
6.828144
4.612734
0.000000
0.000000
0.000000
0.000000
0.000000
0.000000
0.000000
0.000000
0.000000
0.000000
0.000000
0.000000
285.956818
0.000000
48.095291
7.349680
5.333323
8.061973
3.971655
2.773984
0.000000
0.000000
0.000000
0.000000
0.000000
0.000000
0.000000
0.000000
0.000000
0.000000
0.000000
0.000000
263.933136
0.000000
2.014548
6.875527
7.625968
5.315726
7.101225
4.150980
3.841595
0.000000
0.000000
0.000000
0.000000
0.000000
0.000000
0.000000
0.000000
0.000000
0.000000
0.000000
353.186249
0.000000
0.000000
7.870402
5.526874
8.029810
19.419495
58.344078
10.908454
0.000000
0.000000
0.000000
0.000000
0.000000
0.000000
0.000000
0.000000
0.000000
0.000000
0.000000
273.755554
0.000000
42.051796
7.075593
5.363503
8.216148
4.201459
6.124747
2.019829
0.000000
0.000000
0.000000
0.000000
0.000000
0.000000
0.000000
0.000000
0.000000
0.000000
0.000000
344.924255
0.000000
148.924179
15.808924
5.463034
7.869693
5.286402
6.166942
4.091943
0.000000
0.000000
0.000000
0.000000
0.000000
0.000000
0.000000
0.000000
0.000000
0.000000
0.000000
266.131714
0.000000
149.718048
9.481359
5.316767
8.767346
4.893128
5.443624
4.003073
0.000000
0.000000
0.000000
0.000000
0.000000
0.000000
0.000000
0.000000
0.000000
0.000000
0.000000
351.034393
0.000000
163.737930
9.882124
7.965825
5.126372
7.525538
3.132442
3.861873
0.000000
0.000000
0.000000
0.000000
0.000000
0.000000
0.000000
0.000000
0.000000
0.000000
0.000000
297.754486
0.000000
160.765884
11.838834
8.211103
5.138935
7.754982
3.694680
2.001649
0.000000
0.000000
0.000000
0.000000
0.000000
0.000000
0.000000
0.000000
0.000000
0.000000
0.000000
275.988525
0.000000
165.806564
10.478192
5.235607
7.936109
5.264625
5.410800
5.014875
0.000000
0.000000
0.000000
0.000000
0.000000
0.000000
0.000000
0.000000
0.000000
0.000000
0.000000
304.157440
0.000000
163.418930
5.632742
7.829908
5.010497
7.004832
5.325461
0.000000
0.000000
0.000000
0.000000
0.000000
0.000000
0.000000
0.000000
0.000000
0.000000
0.000000
0.000000
286.989929
0.000000
151.503159
11.259146
8.834803
4.136930
7.164487
4.569135
5.507460
0.000000
0.000000
0.000000
0.000000
0.000000
0.000000
0.000000
0.000000
0.000000
0.000000
0.000000
275.982574
0.000000
153.067276
8.653385
5.549973
7.505591
4.444749
5.632167
0.882706
0.000000
0.000000
0.000000
0.000000
0.000000
0.000000
0.000000
0.000000
0.000000
0.000000
0.000000
289.012695
0.000000
158.108826
13.068140
5.998403
8.741677
5.069331
6.509307
4.926813
0.000000
0.000000
0.000000
0.000000
0.000000
0.000000
0.000000
0.000000
0.000000
0.000000
0.000000
367.511810
0.000000
158.440628
8.183947
4.900592
8.029081
4.259128
5.979858
1.113182
0.000000
0.000000
0.000000
0.000000
0.000000
0.000000
0.000000
0.000000
0.000000
0.000000
0.000000
273.453491
0.000000
169.918060
1.344399
4.728412
7.994973
3.643378
2.641311
0.000000
0.000000
0.000000
0.000000
0.000000
0.000000
0.000000
0.000000
0.000000
0.000000
0.000000
0.000000
299.433899
0.000000
168.552338
8.834796
5.637121
7.734581
5.319453
5.591269
4.821084
0.000000
0.000000
0.000000
0.000000
0.000000
0.000000
0.000000
0.000000
0.000000
0.000000
0.000000
365.520721
0.000000
148.605209
6.527769
7.827697
5.145913
6.906912
46.674225
9.437146
0.000000
0.000000
0.000000
0.000000
0.000000
0.000000
0.000000
0.000000
0.000000
0.000000
3.450447
290.204651
0.000000
181.076370
0.000000
9.466055
4.948145
6.151856
3.570808
0.000000
0.000000
0.000000
0.000000
0.000000
0.000000
0.000000
0.000000
0.000000
0.000000
0.000000
0.000000
0.000000
0.000000
311.256348
3.291371
7.530626
8.442104
16.833200
98.960098
85.223465
0.000000
0.000000
0.000000
0.000000
0.000000
0.000000
0.000000
0.000000
0.000000
0.000000
0.000000
300.298340
0.000000
203.300201
14.495543
8.177515
4.688084
7.400042
3.961472
0.070688
0.000000
0.000000
0.000000
0.000000
0.000000
0.000000
0.000000
0.000000
0.000000
0.000000
0.000000
325.109039
0.000000
179.394669
4.344955
4.519441
6.179094
5.139543
3.286408
0.000000
0.000000
0.000000
0.000000
0.000000
0.000000
0.000000
0.000000
0.000000
0.000000
0.000000
0.000000
0.000000
0.000000
137.668854
4.168496
5.962429
8.291252
18.772646
91.573814
24.077057
0.000000
0.000000
0.000000
0.000000
0.000000
0.000000
0.000000
0.000000
0.000000
0.000000
0.000000
284.771606
0.000000
185.358459
0.000000
0.451347
7.739031
3.753811
0.000000
0.000000
0.000000
0.000000
0.000000
0.000000
0.000000
0.000000
0.000000
0.000000
0.000000
0.000000
0.000000
0.000000
0.000000
175.151794
7.101198
9.155369
6.228239
12.768849
82.722992
39.663948
0.000000
0.000000
0.000000
0.000000
0.000000
0.000000
0.000000
0.000000
0.000000
0.000000
0.000000
280.264282
0.000000
176.882278
4.710649
6.847548
4.405297
6.639488
3.361127
0.000000
0.000000
0.000000
0.000000
0.000000
0.000000
0.000000
0.000000
0.000000
0.000000
0.000000
0.000000
374.996063
0.000000
252.590317
6.344953
4.809318
7.755630
5.070500
5.622318
3.137610
0.000000
0.000000
0.000000
0.000000
0.000000
0.000000
0.000000
0.000000
0.000000
0.000000
0.000000
291.747833
0.000000
203.897018
6.643531
3.582144
4.289028
5.561376
0.000000
0.000000
0.000000
0.000000
0.000000
0.000000
0.000000
0.000000
0.000000
0.000000
0.000000
0.000000
0.000000
0.000000
0.000000
197.484634
8.728855
11.471341
9.811404
6.238177
43.493237
72.769333
0.000000
0.000000
0.000000
0.000000
0.000000
0.000000
0.000000
0.000000
0.000000
0.000000
0.000000
0.000000
0.000000
355.388306
0.000000
5.227104
7.664704
4.145696
5.557950
0.787649
0.000000
0.000000
0.000000
0.000000
0.000000
0.000000
0.000000
0.000000
0.000000
0.000000
0.000000
323.083252
0.000000
377.056427
12.697922
8.084097
4.209079
7.521727
5.825509
4.250884
0.000000
0.000000
0.000000
0.000000
0.000000
0.000000
0.000000
0.000000
0.000000
0.000000
0.000000
0.000000
0.000000
275.879578
11.827134
6.839250
7.209414
4.624332
20.547491
25.296167
0.000000
0.000000
0.000000
0.000000
0.000000
0.000000
0.000000
0.000000
0.000000
0.000000
0.000000
281.793671
0.000000
413.255554
0.000000
7.275074
4.504668
7.080952
2.870016
0.000000
0.000000
0.000000
0.000000
0.000000
0.000000
0.000000
0.000000
0.000000
0.000000
0.000000
0.000000
0.000000
689.559814
27.470598
0.000000
7.239184
9.090117
5.692894
72.221123
78.547142
0.000000
0.000000
0.000000
0.000000
0.000000
0.000000
0.000000
0.000000
0.000000
0.000000
0.000000
278.164612
0.000000
431.122406
12.240901
5.299962
6.865885
4.255106
6.370953
0.000000
0.000000
0.000000
0.000000
0.000000
0.000000
0.000000
0.000000
0.000000
0.000000
0.000000
0.000000
372.341339
0.000000
371.605835
6.917743
4.945947
7.689618
4.424661
6.209189
3.797929
0.000000
0.000000
0.000000
0.000000
0.000000
0.000000
0.000000
0.000000
0.000000
0.000000
0.000000
362.037842
0.000000
356.593689
14.649852
4.975296
7.541244
4.466513
6.887145
3.948225
0.000000
0.000000
0.000000
0.000000
0.000000
0.000000
0.000000
0.000000
0.000000
0.000000
0.000000
332.001923
0.000000
258.909576
8.026750
8.892276
5.441162
7.391607
3.452136
2.969591
0.000000
0.000000
0.000000
0.000000
0.000000
0.000000
0.000000
0.000000
0.000000
0.000000
0.000000
357.679077
0.000000
292.748932
12.297565
5.757233
8.293007
5.320035
7.364663
3.581178
0.000000
0.000000
0.000000
0.000000
0.000000
0.000000
0.000000
0.000000
0.000000
0.000000
0.000000
348.404266
0.000000
214.345901
9.226445
4.950075
8.575647
5.250473
6.489323
4.119910
0.000000
0.000000
0.000000
0.000000
0.000000
0.000000
0.000000
0.000000
0.000000
0.000000
0.000000
348.433716
0.000000
168.357544
11.427751
4.371177
8.393257
4.853742
6.287670
4.265710
0.000000
0.000000
0.000000
0.000000
0.000000
0.000000
0.000000
0.000000
0.000000
0.000000
0.000000
364.103516
0.000000
152.045074
11.548504
5.303651
8.105826
4.379642
5.854022
3.199049
0.000000
0.000000
0.000000
0.000000
0.000000
0.000000
0.000000
0.000000
0.000000
0.000000
0.000000
369.859436
0.000000
282.543091
6.714255
19.729574
5.338620
7.206654
11.188791
4.021330
0.000000
0.000000
0.000000
0.000000
0.000000
0.000000
0.000000
0.000000
0.000000
0.000000
0.000000
293.537445
0.000000
201.292313
9.189812
6.007926
7.003279
3.591543
0.000000
0.000000
0.000000
0.000000
0.000000
0.000000
0.000000
0.000000
0.000000
0.000000
0.000000
0.000000
0.000000
0.000000
26.021524
194.352646
6.853138
9.474581
5.777197
7.056574
32.553692
59.862289
0.000000
0.000000
0.000000
0.000000
0.000000
0.000000
0.000000
0.000000
0.000000
0.000000
0.000000
245.904587
0.000000
493.217316
0.000000
0.000000
0.000000
114.840096
63.395473
0.000000
0.000000
0.000000
0.000000
0.000000
0.000000
0.000000
0.000000
0.000000
0.000000
0.000000
0.000000
1.169307
0.000000
367.878601
17.418964
8.340937
6.500821
9.042558
5.658502
7.090690
0.000000
0.000000
0.000000
0.000000
0.000000
0.000000
0.000000
0.000000
0.000000
0.000000
0.000000
299.544678
0.000000
162.965591
5.730314
8.676278
5.929854
6.586693
2.786526
0.000000
0.000000
0.000000
0.000000
0.000000
0.000000
0.000000
0.000000
0.000000
0.000000
0.000000
0.000000
302.430786
0.000000
156.658844
6.369180
7.864543
5.954552
7.363033
3.900872
0.000000
0.000000
0.000000
0.000000
0.000000
0.000000
0.000000
0.000000
0.000000
0.000000
0.000000
0.000000
291.177765
0.000000
168.029404
13.445656
4.975034
7.980802
5.465134
6.266869
3.874538
0.000000
0.000000
0.000000
0.000000
0.000000
0.000000
0.000000
0.000000
0.000000
0.000000
0.000000
364.419739
0.000000
153.386154
10.918993
5.794778
9.151525
4.610375
6.441010
3.715630
0.000000
0.000000
0.000000
0.000000
0.000000
0.000000
0.000000
0.000000
0.000000
0.000000
0.000000
322.362396
0.000000
166.410706
5.710691
7.416159
5.032612
7.156244
3.875306
5.191746
0.000000
0.000000
0.000000
0.000000
0.000000
0.000000
0.000000
0.000000
0.000000
0.000000
0.000000
301.137421
0.000000
164.928925
6.256382
8.509676
6.724294
7.539298
4.069776
0.000000
0.000000
0.000000
0.000000
0.000000
0.000000
0.000000
0.000000
0.000000
0.000000
0.000000
0.000000
293.556702
0.000000
164.844604
14.117981
6.788649
6.591353
8.673069
4.741318
4.303442
0.000000
0.000000
0.000000
0.000000
0.000000
0.000000
0.000000
3.404351
3.188262
0.000000
0.000000
15.518475
13.716684
12.233789
0.000000
0.000000
0.000000
0.000000
0.000000
0.000000
0.000000
0.000000
0.000000
0.000000
0.000000
55.114090
0.000000
16.118326
10.154655
11.924215
10.690885
12.204326
14.083616
36.043209
0.000000
0.000000
0.000000
0.000000
0.000000
0.000000
0.000000
0.000000
0.000000
0.000000
302.321808
265.622742
0.000000
147.449265
11.546382
11.672684
11.370245
12.471650
11.744398
11.856340
0.000000
0.000000
0.000000
0.000000
0.000000
0.000000
0.000000
0.000000
0.000000
0.000000
419.774872
281.948486
0.000000
122.234787
10.310966
10.429534
11.777614
10.489362
12.094608
10.710820
0.000000
0.000000
0.000000
0.000000
0.000000
0.000000
0.000000
0.000000
0.000000
0.000000
419.826874
290.487915
0.000000
146.307114
10.662508
10.390008
11.808650
10.505599
12.043010
10.782242
0.000000
0.000000
0.000000
0.000000
0.000000
0.000000
0.000000
0.000000
0.000000
0.000000
414.857025
305.768555
0.000000
151.812393
11.550406
10.257569
11.938452
10.374595
12.126928
10.598451
0.000000
0.000000
0.000000
0.000000
0.000000
0.000000
0.000000
0.000000
0.000000
0.000000
371.941467
290.992706
0.000000
142.044876
9.862152
11.880782
10.294513
11.841194
10.539268
12.020466
0.000000
0.000000
0.000000
0.000000
0.000000
0.000000
0.000000
0.000000
0.000000
0.000000
386.367828
306.404205
0.000000
184.202942
10.170067
