0.000000
1.518479
1.443398
1.359092
1.303865
1.284433
1.257644
1.174051
-2.269116
-9.230344
0.326689
1.222322
1.868834
0.254323
-0.900471
-1.479096
-2.045540
-0.723557
4.709559
2.386831
0.048085
0.000000
1.956580
1.827929
1.661415
1.527761
1.358774
-0.281516
-1.882314
3.987025
-12.486406
-7.714168
-2.195483
-1.265276
-0.264740
-1.751036
-3.787304
-2.301630
2.317492
-46.562977
-31.869385
0.000000
-1.961095
-2.231090
-1.821057
-3.697470
-5.965380
-8.694200
-2.409211
4.599051
-13.342608
-7.122350
-3.127742
-2.856145
-1.149582
0.793705
1.303347
2.570591
3.267764
-2.258075
-24.623169
0.000000
-2.530627
0.470706
-0.352790
-11.041134
-14.846818
-10.290513
-2.037903
4.000033
-13.857344
-8.672611
-1.340514
-7.066318
-7.983360
-1.257240
2.213749
2.070343
4.542336
-2.313694
-33.307541
0.000000
-4.260531
0.015453
-5.990717
-17.279543
-21.201843
-15.906919
-2.515989
-1.227083
-10.555941
-5.137353
-1.292390
-3.215333
-2.910650
-3.416763
-1.997246
0.360277
4.993485
-1.075657
-30.242050
0.000000
-5.034619
-2.043585
-4.290090
-14.971888
-20.121250
-18.082031
-2.601093
-0.860255
-11.102008
-6.850850
-0.975334
-3.173301
-3.056561
-2.191265
-0.816856
0.718708
4.836806
-1.065268
-31.335388
0.000000
-5.657875
-3.627759
-5.453163
-15.182114
-21.290838
-20.038700
-2.622608
-0.734030
-11.014071
-6.992287
-1.103358
-4.759111
-4.147751
-1.432976
0.499374
1.218248
2.828567
-1.386918
-31.380566
0.000000
-5.384779
-3.128348
-7.705350
-20.206299
-23.978659
-19.008787
-2.021372
0.323328
-11.433695
-6.682234
-1.502666
-3.276178
-2.490818
-2.772285
-1.346561
1.124720
6.052725
-0.511026
-34.654499
0.000000
-7.784136
-7.134464
-7.235573
-11.254218
-18.225840
-23.448341
-2.962546
0.059723
-11.309897
-7.718351
-3.862862
-6.934006
-2.501995
1.435688
1.731087
2.213236
2.509327
-41.293392
-31.550251
0.000000
0.340797
0.743867
-6.423633
-24.510748
-35.736023
-29.840200
-1.535291
2.066986
-13.251732
-7.656694
-1.327640
-2.054710
-1.462576
-2.253342
-1.318413
1.147495
6.280501
-0.417122
-32.491959
0.000000
-8.928594
-7.814444
-7.259914
-11.061192
-19.384146
-26.699432
-2.935007
0.699325
-10.425975
-7.644198
-4.676582
-5.972547
-1.924587
0.705418
1.013397
3.274160
1.857123
-39.856079
-33.435589
0.000000
1.476429
0.688828
-4.097076
-22.127712
-37.780937
-34.942543
-10.601223
2.302530
-10.701498
-6.872642
-3.954209
-5.169166
-2.423820
-1.833031
-0.302544
2.110352
7.662928
1.548786
-32.943245
0.000000
-9.500525
-9.599391
-8.967056
-9.882774
-17.650585
-28.245140
-2.844066
2.546402
-10.626370
-8.270969
-6.060130
-4.278260
-0.838951
0.377567
0.516087
3.545282
-52.120636
-34.509315
-30.193916
0.000000
1.449064
1.176191
-1.482709
-14.000663
-36.915230
-44.682713
-29.321800
5.939178
-12.103662
-9.419079
-8.526352
-7.308672
0.266781
2.742428
2.195877
3.544067
6.120074
0.876003
-27.429688
0.000000
-6.230613
-5.951351
-4.650137
-9.011438
-19.011740
-28.418417
-12.049000
2.128325
-9.996588
-9.065603
-5.739683
-6.530578
-2.034077
1.181656
0.906570
2.715639
5.408178
-36.030949
-26.062826
0.000000
-3.996758
-3.893436
-4.022584
-11.516452
-24.981918
-30.676579
-15.443155
2.634270
-8.911030
-8.730532
-5.433116
-5.855878
-1.957840
0.497105
0.314945
2.544827
7.613493
-36.167553
-28.257372
0.000000
-6.772336
-7.396877
-7.910954
-11.424123
-15.532535
-26.185493
-15.045902
4.511176
-9.234046
-9.596601
-7.492270
-8.039370
-1.717136
2.406300
1.044914
3.733150
-24.139885
-31.871120
-26.555487
0.000000
-2.903540
-2.309873
-3.403644
-9.751470
-26.700752
-43.147221
-30.487211
6.614901
-10.806762
-9.543097
-8.222608
-7.837748
0.816780
4.562233
3.543530
5.532167
4.592159
-30.185862
-22.934526
0.000000
0.099205
0.055940
-14.491776
-35.081608
-36.202221
-20.943077
-1.226363
5.350070
-8.695015
-6.105820
-4.820262
-9.534073
-4.250103
0.221523
1.246647
3.939041
9.985056
3.446083
-27.958529
0.000000
-10.021298
-10.809725
-10.457698
-11.609749
-13.550639
-26.865915
-14.955984
3.201860
-11.054771
-8.669865
-6.022749
-7.986345
-1.031635
3.983002
2.126144
4.797071
3.562604
-30.348154
-20.486181
0.000000
1.456661
1.002799
-3.542178
-26.853752
-45.232590
-42.935234
-22.671345
4.698832
-10.110982
-8.291382
-6.891932
-6.933734
-1.451542
1.115849
1.452560
4.040079
8.720640
3.363568
-27.711082
0.000000
-8.118117
-8.554460
-7.667159
-10.775718
-21.182407
-31.766035
-12.800263
0.115314
-8.375091
-6.728843
-5.960421
-7.467394
-3.270037
0.498592
1.014721
3.138048
5.452219
-34.414749
-31.241102
0.000000
-6.699445
-7.168545
-7.990872
-11.681570
-23.030767
-30.779413
-18.114466
3.108018
-8.395266
-8.373554
-5.427498
-8.260894
-3.302578
1.734535
1.621014
3.862141
7.050217
-38.657772
-29.166519
0.000000
-7.263992
-7.820853
-9.171709
-11.809830
-22.260096
-34.119789
-21.938393
5.179231
-8.679142
-9.011895
-6.752897
-9.767588
-3.061199
3.366455
2.314564
4.387707
6.181365
-27.280901
-26.229179
0.000000
-6.787232
-6.772722
-6.761415
-11.579957
-23.671589
-38.463047
-25.057850
5.754718
-10.163445
-10.537310
-9.119022
-9.313656
-0.302422
5.597725
3.195881
4.577045
5.088332
-31.224867
-21.381031
0.000000
1.443740
0.521794
-11.875137
-34.307487
-41.896091
-29.325113
-5.901368
5.284287
-9.901942
-7.442108
-6.787773
-9.422527
-2.844685
1.462654
1.565876
2.996054
10.509965
4.820970
-26.720539
0.000000
-9.342671
-10.675837
-9.499683
-10.529620
-12.996205
-29.742340
-23.961800
3.756102
-10.037128
-9.818469
-6.836680
-7.696755
-1.479435
4.057201
2.024738
3.851614
4.804658
-32.259834
-29.210236
0.000000
0.911540
0.955482
-3.840390
-27.208138
-47.491707
-44.954365
-21.044636
5.260470
-12.519131
-9.827818
-6.689004
-6.874215
-2.033909
2.073639
1.859226
4.273481
9.834185
3.760637
-28.666565
0.000000
-7.745903
-7.103705
-7.922886
-15.810103
-22.164028
-28.375196
-20.572281
-0.367343
-6.038307
-4.713473
-3.293269
-10.157925
-6.737991
-0.967869
2.220097
2.878922
9.687978
2.645827
-28.721493
0.000000
-11.563148
-13.190505
-13.700094
-13.639052
-13.587438
-18.736265
-0.372038
8.515014
-7.558751
-9.637056
-8.572090
-9.682177
-3.386555
4.428066
3.927311
4.252548
8.387926
-26.010708
-19.219429
0.000000
-2.696263
-1.810152
-3.570513
-14.919115
-32.575539
-42.519485
-25.174700
6.988931
-5.187335
-7.333608
-8.578193
-9.578708
-2.067104
3.535442
3.233845
4.591728
7.502036
0.991150
-25.330307
0.000000
-5.862336
-6.140389
-5.385856
-11.531218
-24.629234
-31.531889
-10.650433
1.212366
-2.466345
-6.227544
-4.125132
-10.626084
-6.857937
2.118313
2.879242
3.194372
9.624523
0.895411
-28.574343
0.000000
-7.489101
-8.758170
-9.004098
-10.265525
-20.350327
-32.421799
-17.286165
0.096417
-2.254827
-6.769899
-6.274852
-9.757463
-3.994987
2.979900
2.470181
3.060101
7.179674
-47.244686
-29.025986
0.000000
-6.183264
-7.002996
-9.104588
-11.176470
-24.558491
-35.325397
-22.438667
5.815261
-2.664293
-7.028021
-6.709969
-11.066892
-5.783089
2.131180
2.848263
2.927959
10.042608
2.485241
-26.483545
0.000000
-9.150359
-11.264629
-11.480857
-12.531823
-15.320448
-27.400625
-16.819304
6.600569
-6.285590
-9.201992
-8.563089
-10.391286
-2.690086
4.544727
3.353397
3.289179
7.408257
-28.409159
-20.111881
0.000000
-1.514341
-1.364495
-6.241102
-23.488605
-36.918415
-36.268139
-16.933304
4.519848
-2.748066
-6.296852
-6.459259
-11.465094
-5.061779
2.400852
3.045448
3.305473
11.025641
3.219845
-26.889000
0.000000
-9.139999
-11.383566
-11.338119
-12.358746
-13.727750
-28.376787
-18.160547
6.504536
-6.359250
-9.120823
-7.841441
-11.290965
-4.040565
4.400543
3.367355
3.014589
9.063392
-48.304413
-26.079542
0.000000
-7.243727
-6.708485
-7.213764
-9.896091
-24.054636
-39.577564
-27.380419
11.008965
-8.978846
-10.300648
-8.549513
-10.625027
-2.053078
5.363022
4.136192
4.014046
9.591169
2.258270
-22.400911
0.000000
-5.887504
-4.577113
-5.199901
-17.667845
-31.296278
-36.301945
-16.340231
3.249118
-3.457774
-6.823505
-4.453567
-11.137546
-6.200756
2.366928
3.181774
3.504145
10.986946
3.206483
-28.297493
0.000000
-8.730013
-10.272475
-10.361555
-11.590919
-18.184368
-32.591084
-18.568207
3.128832
-2.654658
-7.221520
-5.711532
-10.650917
-6.573181
3.608250
3.315880
2.633293
9.325130
2.452067
-24.567518
0.000000
-7.657249
-8.820511
-9.503703
-12.840435
-24.491894
-35.971756
-21.429497
0.475642
-0.324742
-6.330741
-5.065767
-11.040823
-6.321682
3.045719
3.235844
2.471584
9.742798
3.134927
-29.123058
0.000000
-7.568392
-9.078029
-9.973997
-17.544189
-28.970966
-36.554962
-21.953781
-6.884399
2.884477
-3.883478
-3.948142
-10.776948
-6.994244
1.849247
3.011852
2.303856
9.044029
3.811271
-33.477169
0.000000
-8.556239
-10.041426
-10.709616
-18.494057
-26.237181
-34.961967
-19.125179
-6.770844
2.201610
-3.517344
-3.887108
-10.546875
-7.109570
2.096237
3.341473
2.231312
2.096094
4.983535
-27.913952
0.000000
-6.511166
-5.954975
-17.954084
-27.095839
-29.122971
-22.811569
-9.640691
-6.203420
4.356827
-0.979177
-2.613615
-11.337314
-11.692623
-1.402191
3.688862
1.223568
11.197329
3.252299
-43.770435
0.000000
-12.228434
-12.603179
-12.798802
-14.317863
-15.109652
-30.558491
-0.838117
6.468354
-9.912800
-10.841545
-9.722845
-8.574738
0.516445
6.996464
4.823122
2.282793
7.818512
-18.423935
-12.721354
0.000000
-2.922303
-4.299365
-22.040930
-37.470383
-25.467875
-5.829344
-0.820013
5.934185
-5.525040
-6.044788
-3.935922
-10.642982
-8.729832
1.956188
5.131378
3.132473
9.225919
3.434080
-30.801689
0.000000
-7.581815
-7.739069
-12.983735
-22.320700
-30.574768
-35.180126
-30.222414
-11.623947
6.221281
-1.464510
-3.968673
-9.474364
-7.072538
0.128418
2.654297
0.707291
8.719461
3.985649
-0.653913
0.000000
-10.298809
-10.124046
-16.339602
-22.117117
-26.007788
-29.635540
-14.575268
-8.931934
0.431242
-3.126616
-3.909796
-9.803629
-6.380104
2.618618
3.528728
1.533474
7.725911
6.636186
-35.647285
0.000000
-7.431711
-4.201404
-27.668066
-37.515160
-26.532614
-9.113196
-1.492851
0.653489
-3.484731
-5.935054
-4.789700
-11.222443
-9.407459
5.028248
5.091583
0.423847
9.700021
6.310391
-31.117697
0.000000
-7.389936
-7.790472
-17.181009
-29.280964
-31.106073
-25.476109
-17.957911
-7.984057
2.929015
-2.396593
-3.687680
-10.086261
-8.075466
2.170609
3.950954
0.425785
9.405916
5.057696
0.383828
0.000000
-8.402281
-12.922958
-32.971558
-38.730686
-28.807619
-10.784861
-2.773625
-3.150832
-3.610552
-3.632629
-4.253848
-9.847086
-6.761074
3.138126
4.045906
0.711407
9.746246
6.786673
-41.506153
0.000000
-7.617471
-11.963346
-33.264763
-41.484474
-26.230043
-8.338480
-2.497576
-2.414396
-2.926858
-3.391815
-3.836724
-10.264079
-8.060261
2.511105
4.347721
0.832996
6.323428
6.811527
-46.185680
0.000000
-7.199900
-12.020098
-34.303505
-41.062908
-25.538712
-8.252027
-2.780774
-3.185165
-3.374546
-2.565917
-3.136609
-11.111750
-8.617401
1.485260
4.767673
3.063324
8.003613
8.037309
-33.110878
0.000000
-6.525074
-20.753584
-42.426262
-43.033722
-19.008469
-10.884116
-2.634177
-3.962117
-4.189157
-3.323027
-3.972968
-10.912487
-8.448084
3.076790
4.819561
2.728699
6.934002
8.600477
-41.557770
0.000000
-7.585314
-8.866986
-32.530205
-43.095276
-28.526289
-7.661740
-2.602154
-3.356572
-2.749393
-3.888044
-3.850484
-10.576602
-9.408558
3.400558
5.298988
0.863930
7.010011
7.169754
-24.157160
0.000000
-6.174295
-13.233930
-36.750134
-45.734776
-25.044146
-8.294160
-2.389018
-2.525729
-3.913015
-4.187755
-4.167814
-10.087923
-7.164049
3.137062
4.789154
1.738724
6.794888
8.744380
-40.319530
0.000000
-5.746294
-16.611660
-40.701565
-44.904949
-18.787603
-8.526776
-2.625443
-2.929459
-5.368863
-3.871843
-3.349306
-10.114326
-7.527643
2.511070
5.078114
3.014999
5.694180
5.783610
-0.131099
0.000000
-3.854640
-16.703136
-49.115902
-52.812382
-21.660219
-8.468931
-2.866948
-2.672281
-6.361711
-5.815348
-4.536962
-8.241554
-6.145731
3.445770
5.017406
3.262014
5.677677
8.741549
0.349420
0.000000
-6.621564
-22.284672
-39.809189
-39.989655
-15.408566
-12.657003
-1.020462
-1.986192
-8.971718
-8.606138
-4.310339
-10.297373
-9.437336
6.256111
6.503744
1.923782
6.843113
8.064173
-39.423721
0.000000
-7.808733
-9.436026
-34.425640
-48.488968
-31.094994
-8.832437
-2.647384
-1.962507
-1.196657
-5.648265
-3.354885
-10.465801
-7.793720
3.950981
5.632038
2.036972
6.608521
7.858035
1.214334
0.000000
-6.243556
-16.747345
-38.389755
-46.025043
-24.015804
-9.209381
-2.683262
-0.405267
1.021435
-3.163029
-2.505210
-11.051934
-8.546818
2.561123
5.311752
3.306046
4.563295
8.011835
1.536234
0.000000
-6.273060
-16.663792
-40.039562
-46.945305
-21.221834
-9.663234
-2.778097
-0.539952
-0.165274
-2.552620
-2.597138
-10.388731
-7.639978
2.082092
5.058960
3.182339
4.027802
7.155540
2.705014
0.000000
-7.110859
-23.588928
-38.920067
-38.621815
-13.577248
-14.635666
-0.700762
-2.103501
-7.580131
-8.992287
-5.901661
-10.262522
-6.961437
6.568569
6.280661
2.903990
4.207811
10.680378
-31.710407
0.000000
-7.958647
-4.212971
-26.019674
-46.291901
-36.689358
-7.230868
-2.625973
-3.475973
-0.839003
-4.903770
-2.476655
-9.737871
-8.375202
4.620228
6.001549
2.268965
4.847256
7.997036
-0.011190
0.000000
-4.493805
-22.465328
-46.890400
-49.269306
-21.900988
-9.435050
-2.950994
-1.640034
-3.344291
-3.231715
-0.621675
-11.348200
-10.231991
1.788380
5.607143
4.128544
3.582190
4.856932
3.042315
0.000000
-6.687919
-8.609328
-37.109119
-47.470592
-25.087400
-7.907739
-2.667612
-2.505522
2.964206
-3.601481
-3.782073
-11.158141
-9.138887
4.761456
6.269245
2.398682
4.114576
8.378797
1.720518
0.000000
-5.744707
-21.459822
-41.959732
-46.630817
-19.731878
-10.244610
-2.831464
-2.015398
-4.952027
-5.655826
-1.516047
-9.690397
-10.272726
1.624386
6.425211
4.652515
4.265051
6.706634
3.261288
0.000000
-6.646548
-22.410913
-39.300167
-38.544346
-15.185724
-12.843704
-1.276844
-2.877187
-5.737402
-8.625067
-6.162460
-9.143398
-5.326979
7.078049
6.194794
2.721687
2.732296
9.641727
2.651146
0.000000
-7.953382
-6.499455
-30.294827
-46.690491
-32.236340
-9.398101
-2.141851
-3.743005
-6.906484
-7.454033
-2.832501
-8.766548
-8.515270
5.545166
6.830063
2.769728
3.638802
9.157906
-38.343197
0.000000
-5.564713
-17.551985
-42.209213
-47.904354
-28.331858
-8.361298
-2.791252
-2.222525
-2.965665
-4.391271
-1.437616
-11.458272
-8.948853
4.175060
5.916815
3.427458
1.821238
8.745159
4.383425
0.000000
-6.522698
-10.534203
-39.436920
-52.860542
-37.647396
-10.169819
-2.953708
-2.900166
1.555470
-10.390011
-6.221887
-12.316476
-7.840076
6.896351
7.087275
3.830109
2.752237
8.572124
4.826322
0.000000
-7.806542
-11.143558
-35.006660
-48.169365
-30.461657
-9.976703
-2.197718
-1.345958
-3.351073
-6.079180
-2.703769
-10.437078
-9.666500
4.912224
6.583488
3.526678
2.104307
8.080397
-31.449287
0.000000
-6.746133
-3.216057
-27.371851
-53.691036
-51.546429
-17.185625
-2.692931
-2.423727
1.132183
-33.065826
-12.937984
-13.815145
-5.551586
7.460188
7.571398
3.887985
2.980734
8.947372
-17.442171
0.000000
-9.463885
-4.388929
-21.149719
-41.123310
-35.769054
-13.999371
-1.336266
-2.010453
-4.407022
-7.482758
-4.235508
-9.581653
-8.564472
6.914341
7.528271
2.954067
2.076807
9.259598
-24.275244
0.000000
-5.803464
-16.270977
-44.981510
-49.649902
-37.316158
-5.254339
-2.602565
-0.509494
-3.198313
-5.601061
-1.345279
-12.055089
-9.103569
4.915432
6.732195
3.578314
1.768837
7.473685
0.588633
0.000000
-4.641021
-15.265505
-43.113472
-54.660164
-36.800850
-8.398922
-3.021741
-2.417711
1.822579
-11.271050
-5.094042
-12.575133
-7.900543
6.471500
7.023422
4.013565
2.829712
8.787977
-6.811676
0.000000
-8.943704
-5.184968
-24.576996
-45.390118
-42.781059
-19.444775
-2.087182
-5.039418
0.411548
-5.327866
-9.005608
-13.270598
-5.126808
7.237305
6.986067
3.165121
2.119320
7.774451
-31.292803
0.000000
-7.021102
-21.887238
-37.557575
-42.864933
-26.933367
-8.819127
-0.256276
2.419259
-5.754927
-10.419585
-2.619986
-7.929953
-17.372257
1.021492
5.581749
5.613651
5.516764
8.027877
-17.415236
0.000000
-7.992282
-27.370964
-50.340908
-54.827076
-34.326229
-5.893523
-0.639776
4.694118
0.208549
-11.963505
-10.920302
-14.819635
-2.580753
8.377262
9.196943
5.222599
4.255366
-32.685097
-6.211018
0.000000
1.312304
0.430831
-24.028250
-53.367802
-57.439041
-27.550791
-0.614512
10.851322
-3.176157
-16.378433
-12.369404
-9.775898
-3.394836
7.852909
9.655270
5.558111
5.609894
10.030710
-8.941730
0.000000
-5.701554
-18.934732
-38.847599
-44.270020
-39.997238
-2.946454
-0.428499
7.648880
-3.148544
-13.653505
-8.493342
-10.821828
-6.985554
0.406059
1.811939
7.006914
8.047437
5.798944
-10.701309
0.000000
-9.534779
-20.192545
-42.281639
-46.651585
-24.494400
-4.870189
-0.793680
7.055246
4.634878
-12.063879
-8.137477
-10.471841
-6.143402
4.802021
1.918688
5.314289
6.768861
6.701027
-10.126097
0.000000
-7.720514
-20.997589
-46.842281
-51.341038
-37.399059
-3.277205
-0.786885
7.212832
1.003536
-11.945490
-8.478181
-11.938538
-6.303917
5.830322
1.447128
5.216984
7.009910
8.629355
-9.446774
0.000000
-8.510853
-22.789549
-48.169838
-52.849632
-32.853207
-5.387599
-0.694495
9.480166
4.242052
-14.186760
-11.738080
-12.677675
-4.796272
8.032467
7.768196
8.772923
8.632501
-31.200016
-11.208632
0.000000
-8.434912
-20.943951
-47.529888
-51.260906
-35.009674
-6.982465
-0.787624
10.298315
5.132635
-12.116207
-8.558701
-12.109643
-7.117641
0.776402
-2.441360
5.607395
10.517718
7.059623
-8.981642
0.000000
-6.210132
-20.932318
-46.476799
-44.744923
-20.067574
-3.762969
-0.838729
7.666340
17.676687
-9.774588
-5.523943
-13.669080
-11.596947
-12.154861
2.143681
9.075581
14.815188
-36.244289
-14.542946
0.000000
-6.402354
-30.700781
-52.595776
-43.064651
-9.268431
-7.913676
-0.888261
21.364519
10.543612
-6.229696
-15.222516
-24.737038
-10.966434
5.766502
-34.502872
21.587770
-10.134995
-11.981140
8.951204
0.000000
-1.966418
-0.829413
-0.074260
2.558704
1.410967
1.323645
1.286453
1.262547
1.256394
1.263351
1.290823
1.270421
1.262443
1.518381
1.442296
1.356885
1.301777
1.282251
1.258246
1.229386
1.129931
3.582459
-19.072227
0.963701
2.341629
2.584745
1.281158
-0.895468
-1.337056
-1.119169
-0.390787
2.716069
5.123806
1.612158
0.000000
1.452504
1.364721
1.413136
1.368029
1.131926
0.794072
-0.553736
13.972739
-5.364189
-14.993671
-4.915420
-1.512631
-1.425941
1.345397
-0.466799
-1.530964
0.894630
-0.597429
-31.190582
0.000000
-1.637740
1.479833
1.215139
0.662090
-4.687878
0.710062
0.364569
18.470890
13.754186
-9.439583
-11.243815
-6.686954
-4.758842
-6.787278
2.199429
15.954929
15.303444
-7.953142
3.440876
31.288086
0.000000
0.713226
0.572739
0.331663
-0.908524
-2.173440
-3.251505
-2.766485
34.711567
19.628384
0.048178
-0.038970
-3.011676
-6.684034
-7.038907
1.661846
14.187846
13.152119
-2.465199
6.953054
0.000000
1.199094
1.125167
0.704228
0.174582
-0.418974
-1.050977
-26.245852
-35.246826
54.522835
4.528872
-20.212547
-15.330644
-2.938541
0.797163
2.195879
10.503012
9.684440
9.157643
-19.705730
0.000000
1.233531
0.942721
0.418228
-0.091388
-0.733832
-1.519043
-0.189068
37.547516
12.419279
-1.937437
-9.003971
-7.331533
-14.570681
-14.748768
1.566124
18.147575
14.719390
10.909410
7.537516
0.000000
-4.676971
-2.817339
-3.724579
-3.051984
-0.137354
-1.267261
-0.292539
29.778496
6.221680
-6.559730
-16.494562
-6.540740
-9.934510
-11.638134
-0.131840
13.244322
13.471926
11.629402
7.207027
0.000000
-1.850502
-3.423428
-5.884857
-10.527877
-7.698712
-7.404749
-0.276507
34.050915
8.619921
-6.969337
-9.036613
-7.306170
-13.619402
-16.675297
2.461205
15.583179
15.398190
12.646140
-1.905624
0.000000
-5.402508
-9.970106
-15.868873
-18.145689
-9.701953
-6.990632
-7.562649
-0.910897
13.268211
-1.114895
-10.930244
-19.780380
-20.056293
-8.419163
12.034733
25.630363
20.660536
6.845264
-23.367512
-24.444025
0.000000
-19.620905
-28.537010
-20.090984
-0.888536
-1.788848
-2.273481
-1.590865
14.525604
-2.760893
-12.810753
-7.309004
-13.470248
-14.403139
1.791885
20.423410
20.468613
-25.016277
-22.254189
-19.451908
0.000000
-23.293020
-41.898888
-41.851452
-28.840302
-8.536559
-3.109501
-3.706863
-3.826389
-4.803545
-7.421627
-9.309975
-10.064832
-5.459386
-4.221719
-4.257299
-4.238681
-4.189432
1.519414
1.444469
1.361828
1.297029
1.281475
1.255570
1.225376
1.152279
-4.473937
-2.405384
3.583124
3.675141
1.373913
0.575855
-0.660572
-2.165814
-1.873413
0.523445
1.552239
1.654440
2.205266
0.443447
0.000000
1.377935
1.506016
1.384394
1.203095
1.043179
0.869717
0.689071
0.511729
0.426271
-0.313907
-1.430488
-0.074064
-0.311667
51.508102
18.224941
-6.619308
-14.000296
-11.723796
-7.379880
-4.421315
-5.047164
-5.235508
-2.799187
6.256962
28.492474
10.434034
-20.899590
42.008610
13.608957
0.000000
-0.949883
-0.413978
-0.201370
-0.916867
-4.703149
-9.566078
-47.134159
-48.218018
-2.318758
-2.577401
-2.849072
-3.140326
-3.167647
-19.558105
1.500777
1.377845
1.245742
1.107813
1.082688
1.044662
1.002565
0.950575
0.892249
0.817143
0.741562
0.673511
0.586586
0.495818
0.403382
0.308575
0.230136
0.134279
0.064477
0.025575
-0.069757
-0.173670
-0.316862
-0.491043
-0.598006
-0.684024
-0.783174
-0.884901
-0.990568
-1.114320
-1.276473
-51.463989
-55.845764
-52.983570
-52.223961
-50.604080
-51.664680
-18.131702
-3.553704
1.517476
1.436900
1.346920
1.272774
1.245673
1.209305
1.167816
1.071672
-4.843197
0.165188
2.354153
1.619727
1.759838
0.763422
0.441907
0.284956
-1.436796
0.347539
10.769537
10.204563
-15.847542
8.345112
3.834118
5.141157
10.011619
0.000000
0.768838
0.508448
0.601102
1.170871
1.468371
1.561516
1.564001
1.502263
1.380114
1.466322
1.730177
1.873827
1.741706
1.720786
1.746966
1.688453
-51.755394
-53.954762
-22.921560
25.005760
15.347015
19.415562
28.471060
31.934515
27.575516
30.729160
41.074795
0.000000
1.497656
1.405316
1.305037
1.230345
1.191621
1.152225
1.108745
1.016247
-1.614967
-8.357144
0.688292
1.702675
1.664310
0.535977
2.648093
6.205388
10.079396
4.579473
-0.470434
-4.550831
-6.588140
6.556941
19.328400
9.009918
6.865779
-4.591097
0.000000
-8.030926
-3.159807
-3.540003
1.513793
1.423855
1.325163
1.250402
1.224607
1.174136
1.126139
1.072927
1.009893
0.943096
0.871339
0.804107
0.714253
0.628672
0.537333
0.445079
0.338598
0.218636
0.111894
0.002965
-0.083779
-0.214795
-0.387415
-0.655833
-1.045915
-1.320411
-0.965955
-0.746402
-1.097551
-6.464967
-1.377529
-1.134044
-0.917897
-0.776404
-0.712307
-0.659610
-0.613348
-0.562212
-0.535185
1.522382
1.451448
1.370915
1.305296
1.284918
1.259262
1.227358
1.193350
1.152206
1.106535
1.057010
1.001990
0.937181
0.875670
0.800147
0.726042
0.642388
0.555351
0.463751
0.365892
0.254383
0.141223
0.021556
-0.097456
-0.218393
-0.344376
-0.482238
-0.599969
-1.571254
-7.348297
-24.741390
-45.315151
-59.278671
-57.988171
-47.929058
-4.043087
-4.222915
-4.177389
-21.804596
-53.404446
-54.814610
-48.558937
-34.244587
1.505085
1.412532
1.315861
1.270700
1.246276
1.215166
1.181383
1.146117
1.110168
1.070236
1.029251
0.985270
0.938768
0.889100
0.837327
0.780274
0.719790
0.653860
0.582947
0.499458
0.405784
0.303242
0.195777
0.085857
-0.022401
-0.132099
-0.246868
-0.365594
-0.489445
-0.617111
-0.749206
-0.884588
-1.022524
-1.177608
-1.304130
-1.746837
-1.541315
-1.798896
-1.981952
-1.996809
-2.092448
1.520414
1.446368
1.360395
1.303876
1.281560
1.250554
1.211262
5.903256
-16.134315
-4.504618
2.322550
1.623002
3.979896
1.596399
0.381701
0.332374
0.133675
-0.087658
-0.646791
-1.522420
-2.108510
-2.166266
-1.799897
-0.874306
0.197445
0.042024
-1.931669
-1.815300
-4.866247
-2.695875
-2.115541
0.000000
1.523245
1.458895
1.384178
1.333719
1.325163
1.310605
1.297428
1.288257
1.270387
1.235116
8.821383
-8.090634
-5.096585
3.104279
2.910196
3.112810
0.295744
-1.810675
-3.490603
-2.949260
8.576001
10.228861
-8.637911
23.438011
11.896229
0.000000
-10.925108
-2.517685
-11.666961
-15.497133
-12.365628
-5.594832
-3.646441
-4.683441
-8.563416
-5.708009
-5.693551
-5.509568
-1.520083
-1.632936
-1.783159
-1.943646
-2.111961
-2.312855
-2.395083
-2.635157
-3.395550
-3.101844
-11.593496
-29.174400
-55.799694
-57.513462
-51.178093
-30.709728
1.527624
1.452132
1.369885
1.298524
1.288439
1.268752
1.242980
1.215381
1.184324
1.150227
1.113620
1.073595
1.029385
0.982322
0.930825
0.874958
0.814340
0.748893
0.677911
0.596651
0.509452
0.410524
0.304464
0.194907
0.111949
0.029601
-0.092814
-0.210816
-0.321765
-0.426205
-0.573224
-0.807631
-2.527173
-4.035518
-47.960999
-58.512772
-57.213528
-56.572483
-36.818180
-3.981718
-3.808834
-3.652758
-3.466544
1.523658
1.453823
1.371934
1.310458
1.294077
1.286777
1.260333
1.172976
-9.114648
-4.377243
4.171803
3.001997
0.942430
1.593613
1.043401
-1.462330
-2.120601
0.998994
2.451571
3.199161
3.454690
-0.763285
0.000000
-2.269259
0.666450
1.323404
1.234706
1.043506
-0.671526
-1.719221
41.563068
6.745493
-19.914917
-7.391958
-4.010324
-2.128198
-0.009014
2.275846
2.521214
2.053594
5.473474
2.720342
1.378093
1.692885
0.000000
1.517265
1.439580
1.354022
1.290248
1.268315
1.240689
1.208569
1.127956
-5.006129
-5.924747
3.409218
3.672521
1.777126
0.849963
-0.573130
-1.973411
-1.311842
0.136241
1.257507
2.252544
3.026509
2.006384
0.000000
0.779360
1.460334
1.323151
1.197663
1.047454
0.870933
-2.919194
17.337769
-2.728067
-17.414375
-8.115459
-4.948124
-1.420979
2.941048
2.211766
1.759928
3.265283
-2.629142
-38.218719
0.000000
-4.742596
1.654760
0.904759
-7.975264
-14.294659
-11.578915
-0.250045
14.150842
1.055538
-11.466191
-2.680312
-2.055269
-7.262985
-5.083509
-2.933384
0.125198
5.028952
-1.622667
-40.112465
0.000000
-5.874498
-3.120587
-1.200712
-4.418847
-7.838522
-10.911050
-1.882313
6.022922
-3.308229
-9.846989
-3.366473
-2.216224
-3.616914
-0.802940
-1.480146
-1.545845
0.741870
-1.734988
-41.061928
0.000000
-4.797476
-0.124917
-0.367108
-7.877437
-16.251656
-15.785102
-0.542616
8.183710
-3.969436
-10.739629
-1.967102
-0.091944
-3.220333
-2.726358
-3.491144
-1.667156
4.136505
-1.641325
-42.592503
0.000000
-7.358866
-3.659451
-1.875251
-5.642569
-9.435573
-12.684930
-1.539351
6.045929
-1.938652
-9.742641
-3.545819
-3.420831
-4.682890
-0.644920
-0.069742
-0.766331
0.411892
-10.985370
-35.940437
0.000000
-2.765849
1.592189
-0.857124
-6.089622
-13.124012
-16.405800
0.008972
8.568641
-4.564017
-11.541275
-3.643828
-0.649671
-2.288955
-1.794910
-2.690020
-1.290947
4.128269
-1.305193
-40.324863
0.000000
-5.754914
-3.784054
-2.809850
-6.506875
-10.416327
-14.512970
-0.773116
5.606256
-3.748721
-11.258297
-4.454706
-1.728181
-3.157060
-0.901388
-1.317707
-1.369110
3.020367
0.072648
-34.800377
0.000000
-4.403728
-2.587169
-3.330481
-6.831940
-10.571752
-15.919825
0.101913
6.341281
-2.383674
-11.028032
-3.833543
-0.980842
-2.914594
-1.943874
-2.619286
-0.880550
3.882214
-0.036236
-37.629910
0.000000
-5.285414
-4.242107
-4.915960
-8.914976
-12.651809
-18.028591
-0.127021
3.676347
-3.926494
-11.247095
-4.219487
-0.973555
-1.846210
-0.609621
-1.879036
-1.358440
-1.277109
-0.758371
-36.238846
0.000000
-4.309656
-3.155100
-4.016034
-8.124094
-11.272873
-14.600760
-0.088635
4.904476
-1.541670
-10.805133
-3.862844
-1.589877
-3.043310
-1.221443
-1.915337
-0.829632
1.048088
-46.152565
-35.221024
0.000000
-4.015474
-3.134495
-3.826163
-7.900996
-11.010327
-14.245947
-4.098126
4.071820
0.134499
-10.288384
-3.886311
-2.615960
-3.927320
-1.093254
-1.399593
-0.095829
0.659513
-40.638382
-34.822121
0.000000
-3.067321
-2.282594
-2.721250
-7.005674
-10.611588
-16.890688
-10.916162
6.303907
-0.150372
-10.260998
-3.271791
-3.405540
-4.646839
-0.615738
-0.671917
0.669491
2.113121
-38.863113
-32.247036
0.000000
-2.656586
-1.784641
-2.669054
-6.958607
-10.687031
-18.739868
-12.465969
6.111116
1.379788
-9.720619
-2.960998
-3.068146
-4.901644
-1.312450
-1.124161
0.349300
1.923483
-36.640560
-31.693958
0.000000
-2.631396
-2.094925
-2.474599
-5.426099
-8.124291
-14.076207
-11.662687
6.118587
1.970389
-9.555506
-2.926948
-4.499330
-5.726854
-0.756485
-0.332905
0.939148
2.825207
-34.992371
-30.993706
0.000000
-2.669290
-1.760489
-2.058652
-6.155446
-9.569076
-16.846558
-14.689261
8.908092
1.245904
-9.384119
-2.522006
-4.395968
-5.368185
-0.512432
0.073025
1.443222
2.793598
-33.587543
-31.969875
0.000000
-2.664041
-0.737307
-1.655525
-6.411822
-11.512995
-21.184273
-16.812325
6.321966
2.423735
-8.665106
-1.885692
-3.756867
-5.833183
-1.384846
-0.566555
0.944942
2.882280
-41.842514
-31.287151
0.000000
-4.273445
-3.319273
-4.641043
-7.879925
-10.488553
-15.127820
-6.873923
4.895029
1.386525
-8.623988
-2.060607
-3.057868
-5.324478
-1.899624
-1.795731
-0.255455
-1.567808
-38.952522
-34.993584
0.000000
-2.176486
-3.303630
-3.927991
-5.044054
-6.158896
-7.359623
-1.317243
8.646968
2.201520
-8.806617
-2.651525
-5.010654
-6.975882
-1.346760
-0.234306
1.211891
3.205460
-41.080841
-33.474354
0.000000
-5.604451
-4.296808
-5.896471
-9.336872
-12.342951
-15.382876
-7.003430
8.346413
-2.275105
-9.871935
-2.336145
-4.168094
-4.814682
-0.383701
-0.054489
1.568462
-8.345445
-37.060280
-32.997284
0.000000
0.944236
0.881910
-0.094412
-3.859610
-20.872751
-21.789204
-10.552148
8.849653
2.434042
-8.589541
-2.215702
-2.999717
-4.440050
-2.671124
-3.084084
-1.565529
4.184322
2.782497
-32.001343
0.000000
-6.635232
-8.389068
-9.534698
-10.505286
-12.288932
-14.362875
-2.647718
7.037996
-4.567599
-9.006251
-2.882508
-3.530433
-3.558504
-0.592564
-1.142685
0.920694
-47.741566
-31.388695
-31.388241
0.000000
1.193816
0.680397
0.484590
-1.514346
-4.034946
-15.464473
-16.169069
7.873629
3.548962
-10.159027
-4.851501
-5.107525
-5.893330
-0.889988
-0.321392
0.604237
4.154711
-37.071045
-29.370270
0.000000
-5.431063
-4.652501
-5.042369
-7.059280
-9.148002
-12.246000
-5.813097
4.519819
2.449977
-8.977455
-2.843271
-3.388514
-5.747599
-2.003529
-1.579979
0.038689
-55.192757
-36.743813
-33.177517
0.000000
0.166785
-0.976862
-0.916758
-0.231620
-2.574457
-9.680261
-10.673858
8.486629
5.872517
-9.536127
-4.274180
-4.604350
-6.750637
-2.011265
-1.427887
-0.131226
4.663538
-36.560013
-30.758621
0.000000
-5.771135
-6.287207
-7.239828
-8.860802
-10.335763
-12.403101
-2.837380
5.788865
-0.972904
-9.875736
-3.335832
-3.466163
-4.328432
-0.819683
-1.293106
0.267033
-51.679329
-31.636574
-30.795612
0.000000
0.838734
0.016029
-0.133529
0.132000
-1.834032
-6.286970
-5.987631
12.733356
5.695761
-10.244085
-6.512881
-6.132180
-7.059782
-1.724514
-0.915783
-1.048622
6.156420
-34.498032
-29.224621
0.000000
-7.461395
-8.127933
-9.257710
-10.323655
-11.917406
-13.953239
-2.586015
10.117937
-4.487820
-11.748112
-4.679593
-3.766132
-2.873188
0.063969
-0.279629
1.473148
-43.507824
-35.101105
-29.618881
0.000000
0.834404
0.672590
0.476251
0.005629
-15.925660
-18.618246
-10.579995
18.051891
3.816156
-13.066965
-8.084062
-7.163773
-6.006334
-0.526440
-0.529827
0.879810
7.477947
4.250525
-27.412405
0.000000
-7.531992
-7.862623
-8.819756
-9.486776
-11.394673
-14.158682
-2.721058
5.832993
-2.653992
-10.401552
-3.600813
-3.037108
-2.860468
-0.373405
-1.407555
0.159710
-47.117207
-32.462433
-30.690609
0.000000
1.256632
0.713891
0.641313
0.508369
-13.153170
-16.023445
-10.124478
15.342552
5.543776
-11.017168
-7.045042
-5.647503
-6.617672
-1.846699
-1.127735
0.571209
7.390060
4.714460
-27.852909
0.000000
-7.981073
-8.182007
-8.931059
-9.059577
-11.143012
-13.480283
-2.569884
5.742816
-4.417577
-11.048734
-4.424631
-3.618371
-3.082100
-0.002377
-0.434322
1.494509
-60.000000
-32.808510
-31.837831
0.000000
1.303376
1.110108
1.000386
1.080199
-12.240337
-25.776165
-26.145540
10.251435
0.816648
-11.338880
-6.852100
-4.024249
-3.980236
-0.571342
-1.061672
0.122139
5.639256
3.000381
-30.465374
0.000000
-6.368027
-6.324864
-6.004144
-7.266799
-9.936450
-13.445905
-2.990212
3.541180
0.133371
-9.309581
-3.427312
-3.021301
-4.360161
-1.599014
-1.899937
-0.179951
-60.000000
-37.215332
-34.696297
0.000000
-2.194321
-2.079004
-2.348776
-3.890404
-6.065498
-11.281568
-11.758715
10.477362
1.069794
-11.274406
-5.146282
-5.906244
-6.854109
-0.265759
0.459759
1.318909
3.614796
-39.270664
-30.883492
0.000000
-4.973859
-3.692843
-3.990187
-7.405909
-10.705460
-16.332666
-10.822662
5.923519
0.060520
-9.790606
-3.183381
-4.238776
-4.964991
-0.681053
-0.604771
0.843449
0.789291
-34.890217
-30.964058
0.000000
-0.087490
-0.293952
-0.592169
-3.089367
-10.821356
-18.036804
-15.191806
8.266321
4.264071
-9.338525
-2.836098
-4.449499
-6.639015
-1.400005
-0.696617
0.760033
4.756199
-21.516272
-31.494095
0.000000
-5.967453
-4.875959
-5.804454
-8.567096
-11.187691
-13.903745
-3.914693
6.831191
-1.702848
-9.557223
-2.131095
-4.079569
-4.983383
-0.502640
-0.313019
1.254524
0.577713
-33.532997
-32.343075
0.000000
-0.460189
-0.009387
-0.997020
-5.042206
-18.643023
-24.210443
-15.003554
8.311908
1.144732
-9.599544
-2.507399
-2.808689
-5.505634
-1.944893
-2.039024
-0.232094
3.526386
-0.134520
-32.537247
0.000000
-6.023365
-6.352466
-7.782660
-9.207983
-10.675599
-12.444109
-2.601439
6.574715
-3.129709
-9.376414
-2.301783
-2.857336
-4.545204
-1.650841
-1.826824
0.038059
2.017754
-27.412363
-26.373394
0.000000
-0.059822
1.165877
0.419713
-1.627670
-4.210257
-11.572947
-17.609928
9.520440
-0.021811
-10.865185
-5.385145
-7.482563
-6.174015
1.483025
2.322670
2.599579
1.979598
-34.393761
-30.592194
0.000000
1.491331
1.276835
0.894341
-12.731150
-30.119917
-28.026485
-12.156823
10.332315
1.473469
-9.830526
-4.145298
-2.579529
-4.142282
-1.850979
-1.994072
-1.563927
5.629551
3.937450
-33.899471
0.000000
-7.026648
-7.935710
-7.376052
-7.072426
-9.820639
-13.778874
-2.384313
3.120066
-3.435452
-9.557615
-2.940731
-5.074633
-4.461756
-0.910545
-0.707985
1.030750
-2.585173
-34.858082
-31.938473
0.000000
1.239727
1.184820
0.863930
-1.565033
-5.978673
-18.339258
-20.218567
9.889677
3.188831
-11.510403
-4.739448
-5.628955
-5.888355
-0.467705
0.315605
1.475700
4.247227
2.738871
-30.169044
0.000000
-6.539118
-3.926423
-4.059789
-8.108627
-11.721910
-15.375406
-2.379967
2.978696
1.950047
-10.030205
-3.114747
-4.474962
-5.258585
-1.642765
-0.966141
0.898209
1.295013
-33.104645
-31.601254
0.000000
-0.068704
0.667621
0.479731
-3.138234
-8.673275
-19.613604
-19.798788
4.501111
4.230093
-10.859456
-3.797901
-4.837768
-6.395428
-0.742695
0.140144
1.288147
1.698078
2.111084
-30.095810
0.000000
-5.785899
-3.376934
-3.752488
-7.571632
-11.643515
-17.945248
-8.629575
2.616768
1.701803
-10.288075
-3.285055
-3.469717
-4.608500
-1.650517
-1.567757
0.078018
1.098982
-34.905357
-33.063999
0.000000
-2.003093
-0.885409
-0.862752
-3.203189
-5.905793
-12.311932
-15.013299
2.713864
3.616545
-10.911396
-4.004891
-5.552361
-6.620012
-0.357620
0.555599
1.505547
3.234255
0.282496
-32.389343
0.000000
-5.121359
-1.882210
-1.905513
-7.614498
-12.655514
-19.901602
-14.866134
1.174365
-0.882215
-11.039915
-3.235840
-3.701485
-4.996668
-0.590973
-0.090820
1.333847
1.588604
-39.467983
-32.071365
0.000000
-3.377629
0.243763
0.214710
-5.828331
-11.483294
-21.902449
-18.848505
1.413340
2.145916
-10.431746
-2.841153
-2.956777
-5.484491
-1.538593
-0.893490
0.699032
2.613119
2.764610
-32.465900
0.000000
-5.914583
-3.509868
-4.249627
-8.253496
-11.419593
-14.336858
-4.942580
2.651137
-0.170143
-10.546433
-2.994117
-3.529451
-5.152311
-1.686142
-1.189125
0.473076
0.682158
-36.451134
-33.072243
0.000000
-3.633055
-1.413524
-2.050530
-5.963549
-9.434281
-15.179805
-12.929599
1.334853
0.539093
-11.123317
-3.629293
-4.468042
-5.397146
-0.649071
-0.155991
0.931618
1.063955
-38.297215
-31.905010
0.000000
-3.862792
-0.924892
-1.591604
-6.684104
-11.067062
-19.815907
-18.019434
-0.146767
0.274508
-10.990007
-3.401707
-3.301873
-5.000950
-0.856762
-0.461365
0.751232
1.232834
-40.125404
-32.597538
0.000000
-3.842161
-1.021733
-1.021222
-5.582707
-9.631799
-17.340168
-16.574064
-0.580303
1.993361
-10.517115
-3.116388
-3.479543
-6.063503
-1.208145
-0.285912
1.067158
1.602619
-48.584221
-31.686035
0.000000
-4.619375
-1.574717
-1.998246
-6.447974
-10.490094
-16.902107
-12.761055
0.686651
1.496208
-10.555565
-3.029033
-3.235817
-5.622290
-1.465271
-0.732147
0.729126
0.943918
-36.728912
-32.929295
0.000000
-4.057734
-1.232151
-1.971823
-5.739080
-10.110203
-17.913776
-13.500809
1.745814
1.586302
-10.759909
-3.496067
-2.966810
-5.402666
-1.631996
-1.214211
0.121666
0.819206
-37.632351
-34.996017
0.000000
-4.407666
-2.987271
-3.670579
-6.027267
-8.304330
-10.508703
-6.011234
2.164042
1.509951
-10.820910
-3.486213
-3.944426
-5.909079
-1.236656
-0.643600
0.462772
0.692604
-39.080795
-34.739635
0.000000
-4.678474
-2.188929
-2.721739
-6.559052
-9.978395
-13.163463
-9.658603
1.077407
-0.244692
-11.521090
-3.558208
-4.266723
-5.063835
-0.281651
0.145901
0.977005
1.397018
-34.507629
-34.616936
0.000000
-2.296124
0.793783
0.448105
-4.268607
-16.235729
-24.838564
-19.385799
4.778761
1.003475
-11.096110
-3.555517
-1.717138
-4.763325
-1.840466
-2.012218
-0.696526
2.403883
4.238475
-31.629421
0.000000
-6.513196
-5.831561
-6.700643
-8.596800
-10.374927
-12.624012
-2.465766
1.141577
-0.157003
-10.198120
-3.155944
-3.187880
-5.087539
-2.106171
-1.789753
-0.323135
-14.666890
-37.608070
-35.410751
0.000000
-3.082585
-3.104956
-3.733913
-4.268887
-5.467221
-6.585588
-5.106044
6.627861
3.857338
-11.402287
-5.643305
-4.732793
-7.767023
-1.578690
-0.278717
0.845589
0.757181
-35.823334
-33.134369
0.000000
-5.074623
-3.550040
-3.981920
-5.501791
-7.826281
-10.484677
-9.723769
4.695662
0.401228
-11.782347
-4.347333
-5.126932
-6.268681
0.213577
1.240387
1.718517
2.045345
-30.816341
-31.326130
0.000000
-2.693907
0.968863
0.911361
-4.354473
-11.066075
-24.472544
-26.522114
-1.487576
2.282484
-10.995558
-3.817728
-2.726865
-5.474443
-0.871861
-0.038853
1.085529
1.248260
2.998921
-32.115688
0.000000
-6.165804
-2.973881
-3.434099
-6.611320
-10.076852
-13.311896
-5.911438
1.270111
2.674694
-10.070477
-3.883230
-2.500189
-6.110820
-2.653652
-1.745659
0.029480
0.600140
-37.273933
-34.383053
0.000000
-4.014339
-3.065282
-3.906207
-5.532792
-7.478785
-9.313435
-8.648097
-0.135826
1.649506
-10.938537
-3.749602
-3.523767
-5.985743
-1.560715
-0.655052
0.343544
0.810772
-37.378937
-34.699989
0.000000
-3.469009
-1.272258
-1.675253
-4.584144
-7.540063
-13.356216
-16.916021
-2.466504
1.087543
-11.390566
-3.930807
-3.646569
-6.138657
-0.495285
0.547405
1.070389
1.297819
-46.930088
-33.449364
0.000000
-5.367252
-1.193562
-1.541997
-6.379125
-11.092092
-18.005449
-17.128271
9.398928
2.829847
-11.372269
-4.931341
-3.582984
-5.274290
-0.974731
-0.051907
1.010902
1.582348
-50.284462
-30.487164
0.000000
-5.034595
-0.056548
-0.080913
-4.431241
-8.851398
-16.382578
-13.966830
14.988988
6.179956
-11.089823
-5.123442
-3.451943
-6.074178
-1.689228
-0.543129
0.817684
1.163225
-8.448501
-33.097382
0.000000
-5.902355
-1.481688
-1.802982
-5.859876
-10.029951
-13.739244
-9.759663
13.376491
2.845207
-11.689072
-4.630098
-3.313703
-5.917854
-1.342892
-0.155487
1.019844
1.594505
-37.923698
-32.322098
0.000000
-4.232389
0.725349
0.577078
-4.642800
-10.021762
-19.541653
-15.427011
17.442032
3.474058
-11.472904
-5.385619
-2.350944
-4.865443
-1.639847
-1.263596
-0.058964
1.014570
4.289607
-34.202164
0.000000
-5.893407
-2.304523
-2.902768
-5.729438
-8.952484
-11.682019
-5.114683
17.863279
3.355232
-11.585114
-4.974488
-2.742795
-5.421937
-2.021679
-1.298958
0.031651
1.136648
-38.745686
-35.211208
0.000000
-4.047902
-0.931713
-1.372142
-4.146580
-7.486372
-10.875299
-11.298832
15.135695
3.678617
-12.310385
-5.157592
-3.460914
-5.687531
-1.024101
-0.337433
0.328289
1.217115
-56.719692
-34.339828
0.000000
-4.620747
0.253110
0.106051
-3.756216
-8.233314
-15.344397
-15.247408
14.537516
3.951973
-12.165360
-5.100872
-3.015401
-5.480213
-0.987965
-0.091827
0.575542
1.481112
-27.094360
-34.754696
0.000000
-4.551411
0.326313
0.386324
-3.175348
-8.222077
-16.319387
-14.830091
15.484519
4.444586
-11.793676
-5.623329
-2.374830
-4.967554
-1.633682
-0.941265
-0.034561
1.073759
4.706367
-33.757061
0.000000
-5.870694
-1.629577
-1.912163
-4.611745
-8.403657
-12.789733
-8.940387
17.051386
3.976297
-11.788087
-5.635159
-2.746167
-5.066949
-1.785240
-0.984505
-0.056438
1.121880
-37.198471
-35.262241
0.000000
-3.960546
0.526200
0.560900
-2.111673
-6.269765
-14.734868
-19.314125
13.635145
5.373461
-12.407278
-6.030457
-3.170369
-5.626798
-0.812450
0.199417
0.590652
1.305986
3.808736
-32.268261
0.000000
-6.807823
-1.873324
-1.848419
-5.326258
-9.656902
-17.403131
-10.340512
19.571447
3.137564
-11.605577
-5.771098
-2.570936
-3.954373
-1.710947
-1.805302
-0.885349
0.548429
-49.043411
-36.320923
0.000000
-5.513195
-2.867151
-3.723411
-4.938053
-6.977558
-8.981028
-3.206465
19.802866
3.979576
-12.198283
-6.350608
-2.603766
-5.649024
-2.052486
-1.164795
-0.156136
1.084190
-38.452419
-37.024475
0.000000
-4.330536
-0.360696
-0.581440
-2.969154
-6.622217
-12.656788
-17.631096
11.208305
4.394190
-12.557210
-5.913249
-3.371225
-5.486319
-0.643696
0.513290
0.711937
1.593525
2.037484
-33.093155
0.000000
-6.170132
-1.065969
-1.300284
-4.572207
-9.573274
-18.197798
-11.989320
18.515305
3.391970
-11.132793
-5.689014
-1.900980
-4.144262
-2.070204
-1.919365
-1.013767
0.523363
-1.508007
-36.097446
0.000000
-6.162645
-4.119891
-5.235710
-6.817506
-9.203921
-10.761471
-1.254383
21.088190
3.769201
-11.815606
-6.227938
-2.525825
-5.475412
-2.325832
-1.454697
-0.256760
1.070608
-39.329731
-36.101120
0.000000
-5.525293
-2.705538
-3.483409
-5.214318
-8.323753
-10.926838
-8.521020
20.154610
3.429899
-12.673378
-6.389678
-4.993170
-7.052214
-0.011173
1.347130
1.824429
2.133451
2.879559
-33.027096
0.000000
-6.952475
0.243576
-0.119151
-6.612177
-17.431292
-26.462513
-18.134954
14.834853
3.153091
-10.457971
-4.629939
-1.879434
-4.738669
-1.798363
-1.607235
-0.071896
1.134607
4.940849
-34.991768
0.000000
-6.882188
-4.059003
-4.663173
-7.070346
-10.281747
-12.659564
-1.925487
17.251640
3.305504
-10.838199
-5.217543
-2.905378
-6.231203
-2.296310
-1.394539
0.354126
0.867086
4.460969
-34.103477
0.000000
-7.211814
-3.428782
-3.984129
-7.115258
-11.403308
-15.379846
-11.124519
13.624725
1.648724
-11.290804
-5.085622
-4.932821
-5.165892
0.183685
1.077976
1.746696
2.421881
-48.456730
-30.578094
0.000000
-5.284022
1.308363
1.168936
-5.281390
-17.472706
-30.412199
-29.245335
6.425190
4.619715
-10.352841
-4.179647
-3.519737
-5.005665
-0.743332
-0.323410
0.923187
1.827148
3.921206
-36.361519
0.000000
-7.007955
-3.491855
-3.885919
-6.900926
-10.549143
-13.652126
-3.335511
16.590040
3.351662
-10.997080
-5.095953
-3.133144
-5.803882
-2.368382
-1.444347
0.356022
0.785065
-40.056091
-34.460152
0.000000
-6.166965
-1.422354
-1.673997
-5.576984
-10.483462
-16.219467
-18.840889
8.622632
1.899588
-11.370515
-4.604123
-4.442269
-5.300898
0.432590
1.263515
1.970470
2.455000
2.718636
-30.754961
0.000000
-6.584862
1.137315
0.624909
-7.487589
-18.773289
-27.425159
-16.940819
18.162964
2.766838
-10.297855
-3.797361
-1.662332
-4.766146
-2.094261
-1.836601
0.199593
1.396334
5.106550
-36.119545
0.000000
-6.671395
-4.618575
-5.567859
-8.151466
-10.581187
-12.673734
-2.228512
16.299820
2.664888
-10.190766
-3.583926
-2.626211
-6.043863
-2.751610
-1.955566
0.321594
1.699743
4.455832
-32.316826
0.000000
-6.805978
-4.290124
-5.693322
-8.562418
-11.416564
-13.816661
-2.816668
20.847412
0.991072
-11.042430
-3.664481
-4.711055
-5.327562
-0.768250
-0.178581
1.108536
1.410374
-38.511471
-31.574532
0.000000
-5.515098
0.147534
-1.365633
-7.727879
-13.784925
-23.208693
-21.847189
8.797018
2.190409
-10.967814
-4.363964
-3.794809
-4.986248
-0.225296
0.467064
1.502304
2.027279
1.759164
-30.043230
0.000000
-4.593008
-0.337803
-0.534870
-4.980983
-16.634493
-22.166334
-11.052961
4.831324
0.092497
-10.642579
-3.164275
-1.133935
-4.788001
-2.343716
-2.439934
-0.953808
2.539490
4.193177
-34.011368
0.000000
-6.830422
-6.344280
-7.762566
-9.321795
-11.149373
-13.219779
-2.362268
4.253754
-1.189720
-10.274864
-3.037259
-3.451217
-5.470346
-1.476242
-0.840626
0.718525
1.371010
-35.660320
-34.202415
0.000000
-5.178729
-2.210346
-2.651988
-6.203083
-10.013503
-13.969229
-13.327406
8.136900
-0.989925
-11.856223
-5.011794
-4.679762
-6.105650
-0.124325
0.738514
1.581959
1.208231
-51.136787
-32.382431
0.000000
-6.171888
-1.697513
-2.430594
-7.611626
-13.189018
-20.936258
-14.026015
1.571298
0.617069
-10.721072
-3.373810
-2.778163
-5.422537
-1.599411
-1.018826
0.505062
0.974829
-35.624733
-34.604065
0.000000
-4.478435
-2.217542
-2.662611
-5.518103
-8.543059
-11.832406
-11.500268
2.669170
1.209709
-10.636847
-3.554236
-4.231045
-6.166553
-0.980213
-0.048683
1.103237
0.895741
-39.563793
-32.882355
0.000000
-5.134064
-1.682243
-2.143589
-6.958646
-11.464609
-19.150633
-18.054482
0.792466
0.177551
-10.549694
-3.247233
-3.274270
-5.487638
-0.831493
-0.058136
1.146397
1.182730
-53.636051
-32.737778
0.000000
-4.437912
-0.340673
-0.848004
-6.080805
-12.034255
-21.905542
-20.533495
-0.526386
1.024584
-10.535627
-2.926032
-2.596131
-5.784588
-1.515511
-0.686462
0.764202
0.933378
2.678286
-33.513199
0.000000
-5.719154
-2.969631
-3.867576
-7.525511
-10.847095
-15.077220
-10.131480
0.415615
-0.097637
-10.535960
-2.871136
-3.434440
-5.216755
-1.196342
-0.893658
0.369907
0.000000
-1.587966
1.439105
1.369174
1.305436
1.280730
1.251173
1.177549
-9.994968
-0.378239
3.931528
3.267370
2.661897
1.011633
0.145659
-0.376461
-0.761316
0.208350
1.084483
-0.576235
3.904261
6.341128
5.221939
1.599802
-6.115435
0.000000
1.261805
1.242227
1.064057
0.879360
0.683586
0.503265
0.355011
43.601280
9.950020
-16.283846
-17.589500
-7.298399
-3.540234
1.354456
5.399792
5.409782
6.535936
0.636986
4.088855
0.000000
-1.172093
1.889690
1.559772
1.176570
-3.238675
-0.211110
-8.199118
14.423948
34.927376
-3.431726
-8.187426
-7.292339
-16.083992
-5.378155
4.018097
5.950769
5.864540
6.544407
-49.109581
0.000000
-7.847420
2.083019
-5.699110
-27.915918
-31.238529
-15.916400
-0.925157
34.597126
2.077604
-17.301979
-6.788162
-0.123770
-5.703931
-0.930429
1.568367
1.062950
3.782167
6.007654
-1.790571
0.000000
-9.777122
-3.101856
-6.965411
-19.152662
-23.054001
-13.824799
-2.668128
24.632549
-2.693169
-12.031468
-4.280160
0.750090
-5.216688
-3.161154
-1.406033
1.514874
4.728615
5.148764
-2.621001
0.000000
-10.019460
-4.805250
-13.761755
-29.722506
-32.997215
-19.088169
-12.956038
-3.337820
-1.625121
-13.125717
-4.792283
-2.325240
-7.985160
-3.934134
1.965858
2.505005
4.989370
7.221998
-1.795583
-37.717751
0.000000
-9.675668
-8.854418
-17.289833
-20.473087
-23.811094
-20.704878
-2.898448
-4.697761
-9.035073
-3.886247
-3.291649
-9.497892
-5.320877
2.631035
2.204811
3.936766
8.462696
1.085228
-35.845848
0.000000
-10.997000
-8.957986
-15.030995
-17.752756
-22.848207
-26.444265
-3.199173
-3.311691
-9.863039
-5.899249
-6.770964
-11.079615
-0.981827
6.406563
1.771748
4.913742
5.738043
-46.034157
-30.105711
0.000000
-5.331155
-6.107873
-17.391855
-31.148293
-36.572498
-27.234776
-7.929620
-2.746293
-4.095637
-1.954393
-3.271104
-12.550000
-8.560310
1.577648
3.237476
4.411123
10.075920
0.738803
-30.841183
0.000000
-13.748837
-11.900575
-13.747434
-15.425523
-16.012047
-26.481634
0.145554
2.450612
-14.712445
-10.159117
-10.701143
-6.334888
4.932617
6.859716
3.537979
3.935207
8.400747
-17.872103
-7.271547
0.000000
1.215950
-2.703366
-23.712507
-42.631073
-40.286560
-22.528893
-6.134805
0.378173
-9.026000
-6.090326
-7.277987
-9.418566
-0.733795
3.431423
2.317001
6.003727
10.376206
4.026299
-25.342213
0.000000
-8.333135
-8.524868
-10.526259
-16.622290
-26.696035
-33.376659
-16.002211
-1.383531
-5.978179
-4.510932
-5.009032
-12.008307
-4.983521
3.780502
2.619400
5.258869
9.620848
3.985780
-26.752993
0.000000
-8.676506
-10.075565
-11.274603
-15.023046
-26.021626
-36.036263
-15.767647
3.536791
-9.540573
-7.408718
-6.764381
-11.580223
-3.877098
4.111290
2.267666
5.472754
10.754127
4.388093
-26.567791
0.000000
-9.538741
-10.917130
-11.095230
-12.629138
-21.607973
-37.823925
-17.813917
5.164134
-11.824593
-9.610795
-8.919488
-9.847952
-0.962902
4.222328
3.120865
5.530161
11.595856
4.184141
-21.820957
0.000000
-7.328207
-5.382226
-5.558025
-8.683226
-24.803053
-40.635353
-31.546257
7.796874
-13.745505
-9.556835
-9.577324
-9.202646
0.048225
4.767868
2.876507
5.835001
10.891283
3.400887
-22.050116
0.000000
-7.805052
-5.966069
-5.759315
-11.552859
-26.512690
-37.947910
-21.726597
5.480023
-9.943619
-8.776624
-7.594882
-11.286493
-2.108532
5.214466
2.550575
5.468651
10.233916
2.670241
-25.974211
0.000000
-8.086776
-8.405849
-8.666267
-11.258794
-25.493269
-38.646637
-25.074837
4.105156
-10.917862
-8.679988
-7.532054
-10.284275
-1.966515
4.200924
2.098660
5.705782
10.902515
3.276332
-24.990688
0.000000
-8.220837
-8.294047
-8.198953
-13.478920
-27.287781
-39.094845
-26.288767
4.669616
-8.424297
-7.902032
-8.152399
-10.732613
-1.996452
3.892796
1.994667
5.716030
10.866370
3.639989
-25.839180
0.000000
-8.725114
-9.713301
-9.841233
-11.671231
-25.369886
-41.001545
-21.790745
5.315319
-10.701155
-9.003631
-7.936083
-10.692137
-1.928928
4.099480
2.738491
5.615791
11.649426
4.135635
-23.166742
0.000000
-8.877227
-9.021346
-8.807567
-10.596258
-22.921820
-40.238338
-25.699310
5.628181
-11.730051
-9.185859
-8.333557
-10.655972
-1.192036
4.420563
3.072815
5.779076
11.568096
4.230104
-21.352888
0.000000
-8.163585
-7.505496
-7.000722
-8.938954
-22.877209
-39.076912
-30.414583
6.321378
-10.955547
-8.743907
-8.457785
-10.791533
-1.688263
4.203964
2.645435
5.778711
11.076251
3.876504
-23.269127
0.000000
-7.897253
-7.889263
-7.392900
-9.138521
-22.907606
-38.502953
-32.675312
5.715616
-9.974882
-8.472507
-8.720068
-10.575342
-1.927452
4.050888
2.107941
5.436228
10.869401
3.690959
-27.012962
0.000000
-8.566471
-8.900000
-8.354235
-10.112030
-23.118114
-39.989799
-29.313877
4.339259
-11.702402
-9.339645
-7.849532
-9.391453
-1.579132
4.134193
2.549267
5.598377
10.873674
3.575239
-23.742182
0.000000
-8.393867
-7.949490
-7.886574
-9.891141
-24.299288
-39.980305
-23.378572
5.982641
-12.600368
-10.157003
-7.478751
-10.412376
-1.964607
4.775215
2.882740
5.534815
10.692860
3.237075
-24.696878
0.000000
-7.783963
-7.435669
-7.369697
-11.547982
-26.592346
-39.778870
-26.802311
4.653982
-7.413538
-8.359718
-7.581802
-10.817204
-2.776062
3.655865
2.052345
5.492731
10.638731
3.633609
-26.078569
0.000000
-8.568418
-9.585112
-9.439568
-11.123446
-23.831104
-40.290104
-25.212193
5.464872
-10.916596
-9.340340
-7.834811
-10.126213
-2.268742
3.641331
2.678799
5.369534
11.633028
4.464798
-22.636789
0.000000
-8.685028
-8.991673
-8.334328
-9.993126
-20.582546
-38.062820
-28.116549
5.391130
-11.319633
-9.396707
-7.455780
-10.531989
-2.443691
3.832855
3.189156
5.581333
11.727585
4.856176
-21.788914
0.000000
-8.177408
-8.081411
-7.367667
-8.997030
-21.527872
-38.409119
-30.573524
6.291956
-10.736622
-8.839463
-8.055334
-10.345409
-2.677303
3.561954
2.734070
5.621691
11.132719
4.582558
-24.774811
0.000000
-8.040469
-7.692334
-6.841640
-9.585225
-24.558081
-40.032013
-32.177288
3.148224
-5.811725
-7.859987
-7.591454
-10.510015
-3.309124
3.552197
2.363865
5.141584
8.980041
3.620950
-24.411118
0.000000
-7.249465
-7.300892
-6.980460
-12.796696
-26.997561
-37.395420
-25.606094
-3.940653
-3.501119
-4.912239
-5.943665
-11.666110
-4.881737
3.089817
2.565887
4.535213
9.351818
4.364859
-28.459032
0.000000
-8.465927
-10.199800
-11.434508
-12.874907
-26.898823
-41.148914
-22.636063
4.355093
-9.486994
-8.340165
-6.768168
-9.710329
-4.303745
2.295090
2.606361
4.768402
11.458546
5.889981
-24.025822
0.000000
-9.765478
-11.404769
-11.684654
-12.989784
-14.100902
-28.005894
-13.982927
6.554957
-12.447784
-11.206474
-9.849140
-9.825216
-1.794300
5.389183
3.700363
3.918863
11.660484
4.427976
-21.228432
0.000000
-7.088054
-4.157866
-10.875464
-20.263819
-25.041107
-27.102947
-27.496498
-4.322632
-2.474579
-4.523097
-7.505404
-11.181252
-3.478939
2.652382
2.083805
4.956087
10.663465
5.148415
-29.976145
0.000000
-9.106380
-9.365705
-10.790504
-16.580860
-24.468517
-33.636246
-25.273354
2.562072
-9.734754
-7.447076
-7.589895
-10.147303
-2.533779
4.786747
1.912182
4.605898
9.744074
4.034651
-29.004723
0.000000
-8.679671
-9.251721
-9.392479
-13.990901
-24.459053
-35.541672
-27.077747
3.211751
-10.815092
-8.352700
-8.121139
-8.305643
-1.106041
4.040131
1.721207
4.488865
10.359869
3.756777
-27.702730
0.000000
-8.664776
-8.907703
-8.816105
-15.708289
-26.292877
-35.016384
-24.878117
3.802527
-8.439363
-7.528517
-8.795008
-10.356718
-1.552486
4.848358
1.758476
4.238726
9.485974
3.398632
-30.090052
0.000000
-8.631077
-9.494247
-10.102249
-13.261803
-25.035498
-38.665970
-25.589750
4.325303
-11.578530
-9.441833
-7.797284
-8.574039
-0.195004
4.564354
2.297935
4.035503
10.334628
3.342747
-26.329355
0.000000
-7.924634
-7.365562
-8.736974
-16.865131
-27.205259
-33.105610
-20.241468
-0.116456
-8.455895
-6.777107
-6.072236
-9.362980
-2.142128
3.514107
2.144035
4.261311
7.887091
3.648096
-27.211720
0.000000
-8.632317
-8.711187
-14.530940
-21.707108
-27.428509
-29.633278
-15.518975
-1.135339
-4.639481
-4.847556
-4.490620
-11.061905
-5.557083
2.768314
2.727413
3.796490
9.857668
4.954926
-29.431767
0.000000
-10.615487
-11.584851
-12.170527
-13.075316
-15.225601
-31.116774
-0.058147
6.285088
-10.984659
-10.071573
-7.090180
-11.442760
-3.864445
6.252716
4.621124
4.151840
10.815251
-28.499788
-20.460331
0.000000
-4.407979
-3.559111
-15.840649
-30.756666
-34.914371
-28.520573
-16.997122
-1.833980
-6.861002
-5.869570
-6.754461
-9.860008
-2.078201
3.140316
2.189419
4.872152
9.391977
4.859585
-28.309355
0.000000
-8.132070
-8.876671
-10.757241
-18.139578
-28.494501
-34.835880
-18.545528
2.049611
-8.732014
-7.212978
-5.438993
-9.223519
-3.819504
3.466690
2.567745
4.314579
9.807463
4.758336
-29.235458
0.000000
-8.667411
-9.009859
-12.402139
-19.069008
-27.639570
-32.402821
-16.969086
0.827696
-6.485121
-6.215130
-4.850101
-9.884104
-5.163605
3.072517
2.712589
4.010437
9.758308
5.273910
-28.657713
0.000000
-9.070858
-9.331778
-13.079449
-18.878725
-25.772419
-31.592932
-16.557526
2.152669
-7.279808
-6.842518
-5.224162
-10.207693
-5.476208
3.472656
2.975792
4.038897
9.866082
5.453625
-26.955801
0.000000
-8.955137
-9.559169
-10.243690
-17.031212
-28.661388
-37.218479
-21.940481
3.336323
-9.875939
-8.660662
-7.139380
-10.983481
-3.850590
5.498798
3.135960
4.707825
9.791509
4.394711
-28.168289
0.000000
-8.265324
-8.671945
-8.591897
-16.305889
-29.544205
-38.104252
-22.779135
2.928236
-7.525984
-7.666431
-5.946127
-9.975674
-3.800343
4.041306
2.669456
4.280102
9.876665
4.697033
-29.328310
0.000000
-8.570398
-9.062480
-9.524529
-16.122572
-27.867552
-36.979691
-22.072277
4.006762
-8.475964
-8.165518
-6.235957
-10.098680
-4.273685
3.797924
2.607082
4.221596
10.189882
4.937631
-29.690147
0.000000
-9.051320
-9.886208
-10.006047
-13.545830
-24.825619
-38.318787
-25.938114
4.267254
-10.162547
-9.411911
-7.001536
-9.520237
-2.781689
4.134304
2.775234
4.042576
10.425814
4.854698
-27.445911
0.000000
-8.285223
-8.484736
-7.711750
-15.075925
-26.811726
-36.734657
-28.130280
3.607050
-0.620802
-5.694517
-10.168581
-12.353502
-4.136749
4.256851
2.329906
2.957565
9.601171
2.368438
-27.833673
0.000000
-8.211408
-9.654494
-9.140034
-10.800897
-16.115677
-33.431435
-32.729618
7.248798
-6.804972
-8.744354
-10.457355
-9.354523
-0.796413
4.194550
2.687759
2.241402
9.898989
2.373335
-24.164383
0.000000
-7.147647
-6.700398
-6.335365
-10.108713
-21.206739
-35.658855
-28.272236
8.288333
-4.816279
-8.560328
-10.351202
-10.778410
-1.519020
4.141968
2.685043
2.150137
9.509408
2.381721
-24.803051
0.000000
-7.012285
-6.759885
-5.900371
-10.330474
-21.962238
-35.203510
-28.095585
7.463779
-4.815549
-9.116869
-10.314122
-9.582022
-0.514141
3.731686
2.154095
1.924412
10.106653
2.158319
-25.242897
0.000000
-7.335698
-7.819750
-7.114679
-11.991660
-23.060062
-35.900185
-27.826620
7.381435
-3.725801
-8.071124
-10.216177
-10.704447
-2.098148
3.996815
2.821068
1.749619
9.205796
2.399837
-26.165583
0.000000
-7.371995
-8.074568
-7.403507
-9.592721
-18.298920
-34.532150
-31.937012
8.470857
-7.289855
-10.550993
-9.539521
-9.496225
-1.310097
4.687561
3.018040
2.166664
10.012121
2.228362
-24.613493
0.000000
-6.784800
-6.522743
-6.236048
-11.805830
-23.891247
-36.496330
-25.849583
8.063860
-4.458492
-8.585449
-9.118890
-11.260437
-3.019005
3.922523
3.160160
2.169376
9.161152
2.469725
-28.578091
0.000000
-7.652692
-8.676530
-8.260862
-10.262199
-18.824171
-35.714478
-34.830105
8.214970
-6.882598
-9.708641
-10.297950
-9.371504
-1.062664
3.846584
2.692039
1.801811
10.084002
2.944585
-25.681435
0.000000
-7.671994
-7.552215
-6.721044
-9.115721
-19.384899
-35.962898
-30.062031
9.438133
-6.729697
-10.795184
-8.853780
-9.967119
-2.041466
4.551853
3.174023
2.349354
9.758694
2.498064
-24.755661
0.000000
-6.778059
-6.449861
-6.043772
-11.280100
-23.947582
-37.339973
-27.759478
8.165582
-4.244715
-8.837866
-8.875797
-10.999996
-3.548409
3.768700
3.137959
2.270779
9.336861
2.887048
-28.493710
0.000000
-7.498369
-8.494182
-7.606439
-9.399884
-19.261417
-35.074673
-32.946053
7.534822
-3.976903
-9.377289
-9.924809
-9.698713
-2.456676
3.128662
2.477978
1.607742
9.602095
3.039331
-27.139391
0.000000
-7.209594
-7.889449
-6.634054
-10.255115
-20.671413
-34.289989
-31.404509
5.694909
-1.582901
-8.760580
-8.919947
-10.118161
-3.617577
2.759533
2.503788
1.753254
9.893770
3.303201
-27.331285
0.000000
-7.671085
-8.696986
-7.793620
-9.592405
-19.490368
-35.615177
-34.105095
8.174994
-3.763695
-9.311535
-9.800653
-10.287472
-3.452976
3.297314
2.876244
1.520569
9.484195
3.417977
-27.366049
0.000000
-7.338861
-8.180614
-6.871465
-8.825893
-19.343746
-36.562210
-36.934727
8.553612
-4.009200
-10.184258
-9.379041
-9.678998
-2.723095
3.143642
2.828121
1.829945
10.281592
3.619810
-26.207369
0.000000
-7.160303
-7.683078
-6.069249
-10.364464
-21.262070
-35.210033
-31.405149
3.904549
-0.099720
-8.066059
-7.133959
-9.819776
-5.292450
2.367958
2.765308
2.102516
9.963953
3.888489
-27.118351
0.000000
-7.888539
-9.097978
-7.719627
-9.271608
-19.943775
-36.001816
-30.989357
7.052872
-3.470703
-9.917839
-7.844323
-9.883613
-4.699783
3.330059
3.189377
1.874428
9.939329
3.519811
-27.521919
0.000000
-7.423820
-8.193445
-6.903877
-9.639232
-20.407171
-35.133087
-30.286072
4.004659
-0.746975
-8.678051
-6.420911
-9.587423
-5.373589
1.870411
2.849117
2.419151
10.488019
3.911987
-27.463196
0.000000
-7.621953
-8.714108
-7.626070
-12.150961
-23.406862
-36.798538
-26.899981
3.294839
-0.723169
-8.094871
-5.434049
-9.406219
-6.637394
1.775597
3.150555
2.427277
9.787958
3.959048
-28.638653
0.000000
-7.083615
-8.064765
-7.714051
-16.004499
-26.660963
-34.602386
-22.402740
-5.052737
1.283984
-4.915246
-3.722675
-9.169142
-6.589138
0.835045
2.735615
2.213955
7.343123
4.480590
-32.180119
0.000000
-6.848790
-8.450053
-10.735664
-18.716154
-26.484684
-32.752075
-17.998396
-6.411407
1.793724
-4.819428
-3.785504
-9.414001
-7.260553
1.074760
2.702438
1.482704
7.113293
6.313808
-29.444620
0.000000
-7.530066
-7.391675
-6.725398
-8.582214
-22.703911
-40.178898
-28.392933
7.738281
-7.852404
-11.569854
-7.667717
-10.824280
-3.651382
7.423077
4.480358
1.449898
5.925826
1.188763
-27.164349
0.000000
-3.383411
-1.665660
-2.949526
-15.453798
-34.784485
-44.579304
-27.467154
5.789738
-5.464611
-9.856365
-6.091989
-8.960838
-4.527115
3.337276
3.155087
2.103779
9.219333
3.517794
-36.680637
0.000000
-6.993152
-7.670267
-8.974964
-17.344877
-24.916443
-32.233486
-24.201881
-4.094989
1.978580
-4.542693
-1.286874
-8.105588
-10.964661
-2.804688
3.076412
3.017307
9.327499
4.004487
-36.263008
0.000000
-11.220316
-12.704105
-12.611144
-13.560493
-14.374900
-29.454803
-15.044372
7.013260
-7.255423
-10.899906
-8.510292
-8.295997
-4.892521
3.069038
4.067406
2.688213
9.829198
5.875494
-23.009245
0.000000
-8.787390
-6.000813
-4.710849
-9.544968
-20.252115
-35.068996
-27.359430
5.938402
4.741948
-8.127392
-7.428834
-9.681128
-7.968437
1.061382
3.628536
3.029610
9.189827
5.972985
-29.456919
0.000000
-7.482989
-8.866830
-7.407997
-8.405852
-12.703448
-28.842402
-32.729206
-4.797092
9.139050
-6.338802
-6.999178
-8.815924
-7.797962
1.084568
2.987160
1.916321
8.210693
5.036181
-32.675873
0.000000
-7.133826
-8.329486
-7.298157
-10.482524
-20.296043
-34.296341
-26.010347
-6.559593
8.119822
-5.598707
-4.138142
-9.866694
-7.789148
0.998028
3.154045
2.351688
4.414735
4.134900
-35.065578
0.000000
-7.606378
-8.961684
-9.621325
-15.424850
-23.359865
-34.583595
-25.217520
-7.546293
7.935692
-4.032907
-3.514271
-9.032097
-8.577543
-0.300220
3.105618
2.573330
6.912223
2.867226
-29.602457
0.000000
-8.106261
-8.309806
-7.913790
-9.560526
-16.532932
-30.498280
-17.003017
7.232762
0.751647
-10.896653
-8.312932
-10.291229
-8.538940
4.056717
4.239563
1.166988
6.285485
4.742533
-28.850365
0.000000
-7.586435
-7.185144
-7.275680
-9.149008
-16.436174
-36.873714
-36.050083
16.122913
-5.281126
-14.223293
-9.913700
-8.847718
-4.077168
3.760487
4.215942
2.644043
9.505127
5.569702
-26.129137
0.000000
-7.448396
-6.168267
-5.032456
-7.472228
-18.814657
-38.861763
-33.993477
14.881961
-2.632986
-13.636649
-8.693060
-8.336132
-4.948856
2.520500
3.462292
2.673168
9.508287
6.203464
-25.300558
0.000000
-7.737643
-7.269490
-5.780104
-7.590374
-13.230662
-33.223881
-31.745789
16.084688
-4.004307
-14.479589
-9.212019
-8.337732
-4.684944
2.983231
3.792057
2.523113
8.372744
5.141432
-27.644661
0.000000
-7.222243
-6.598088
-5.096646
-7.238967
-18.331224
-36.850658
-30.668432
11.991866
-1.515940
-13.249023
-8.430903
-7.663114
-6.709660
3.125809
4.023529
2.089314
6.458253
4.468596
-32.917038
0.000000
-6.990672
-7.659940
-6.881658
-9.855682
-18.041441
-30.739210
-29.920570
2.734969
2.374284
-10.667835
-8.911417
-7.743271
-5.995285
3.652870
3.466469
0.444874
6.909946
5.120518
-32.969601
0.000000
-7.204862
-8.762268
-8.158692
-14.940044
-22.644157
-31.026562
-28.743778
-4.145724
5.322838
-6.863310
-5.854124
-6.508219
-5.440252
0.863266
2.409935
1.370136
8.114314
5.020385
-31.618799
0.000000
-8.796665
-10.120256
-10.561165
-17.989981
-23.365189
-31.009541
-20.764254
6.522266
1.459219
-8.769117
-6.474827
-8.915531
-8.189709
1.405888
3.690029
1.278004
9.278844
6.357286
-34.968357
0.000000
-8.900524
-10.548721
-10.126466
-11.253094
-17.896275
-30.488251
-33.651646
10.017206
1.382312
-8.866013
-10.811759
-9.426379
-4.654697
2.802673
3.444592
0.626099
7.704888
5.700612
-27.957376
0.000000
-7.006872
-7.595116
-6.304001
-14.776039
-24.981468
-33.971653
-31.845987
-3.771948
6.965327
-6.348629
-7.531126
-8.521852
-5.377197
2.154255
2.655453
1.350422
7.265065
5.006023
-37.105667
0.000000
-7.326575
-8.693903
-8.566965
-13.674680
-20.257427
-29.160923
-22.953032
-3.167167
4.059623
-6.692996
-5.856130
-9.081829
-6.477726
2.081161
2.900242
1.689079
7.898925
4.501160
-35.204987
0.000000
-8.778942
-10.297021
-11.272300
-12.441698
-16.938120
-29.015635
-19.257858
10.604864
-0.535468
-9.351572
-7.682452
-10.139237
-7.298603
2.628628
4.190975
1.292988
9.817133
4.492795
-28.630365
0.000000
-7.848021
-8.563553
-6.984166
-17.627392
-28.340677
-35.408997
-31.676077
-4.253084
0.907773
-6.349968
-5.052060
-7.931102
-5.294575
2.037117
2.391869
1.475609
7.797821
3.721610
-33.552216
0.000000
-7.395195
-8.336736
-9.616407
-18.602978
-26.717693
-30.672136
-17.755672
-2.979112
-0.706319
-5.369657
-3.105702
-8.713828
-7.032503
0.732510
3.023319
2.249149
8.120798
2.553932
-38.727707
0.000000
-7.393418
-6.445478
-19.674345
-26.820190
-25.007313
-18.979759
-6.002937
-2.946083
-0.592575
-3.169737
-2.951403
-10.009845
-8.598505
0.069592
2.902683
0.641983
8.276802
5.683598
-34.675507
0.000000
-10.271625
-11.381862
-10.926397
-12.896426
-14.207517
-28.235952
-11.083574
5.395205
-7.362484
-11.292009
-9.251441
-10.713037
-2.170731
7.605789
4.755905
0.927906
7.509688
-27.194847
-18.409456
0.000000
2.023727
0.507622
-16.964178
-41.118027
-47.921497
-32.395218
-9.087732
6.336763
-6.318622
-8.587606
-6.969102
-8.521657
-2.322880
4.679314
3.544285
2.492754
8.113580
2.731382
-38.498497
0.000000
-6.033732
-5.608101
-9.640045
-18.047869
-23.182335
-23.706989
-12.437447
-0.208057
-1.978715
-5.212145
-1.056826
-8.002888
-10.590158
-1.667461
3.508278
3.419296
10.091032
1.406814
-36.226566
0.000000
-11.466286
-11.626019
-11.917499
-13.176785
-15.266798
-29.564232
-2.961791
8.230792
-10.101685
-12.461984
-9.986813
-8.443422
-1.520092
6.609352
4.345295
2.096693
6.993852
-31.523178
-19.620905
0.000000
-1.449188
-0.384329
-13.900614
-35.552376
-38.893475
-26.705502
-1.628563
6.406166
-8.453175
-8.124519
-5.398399
-7.059770
-3.391273
2.719604
2.677814
1.943398
7.883975
1.238393
-23.808872
0.000000
-7.487321
-7.633049
-13.400943
-19.543751
-22.878471
-24.695049
-9.864703
0.583743
-4.221091
-5.396687
-1.674912
-7.863716
-7.574686
-1.107536
2.875286
3.144497
9.224031
1.043646
-37.478558
0.000000
-12.119433
-12.672531
-13.160773
-14.119147
-14.641583
-20.919758
-1.385413
8.375712
-9.558628
-11.324432
-8.438502
-9.240806
-3.431927
4.981701
3.925610
2.597570
9.407160
-4.918227
-25.235477
0.000000
-7.263450
-4.517445
-9.378734
-24.300097
-31.302662
-28.309406
-11.652416
2.166506
-4.305690
-5.222199
-4.301826
-9.283869
-6.673458
1.244133
3.328999
3.103796
9.457347
1.580916
-45.549278
0.000000
-10.744974
-11.486360
-11.134420
-12.872086
-13.965674
-25.866579
-13.027118
5.513603
-8.886175
-10.247561
-8.693768
-10.286024
-2.631298
0.000000
1.518564
1.442754
1.358301
1.303478
1.284611
1.259290
1.228337
1.192543
1.151773
1.105510
1.054098
0.997250
0.933731
0.864544
0.791327
0.711193
0.627201
0.534645
0.439621
0.336397
0.229376
0.112192
-0.014407
-0.146529
-0.282546
-0.401853
-0.516918
-0.644488
-0.732756
-1.129400
-25.201113
-51.995708
-59.604107
-58.783081
-58.051411
-35.718369
-2.246825
-3.865564
-34.132854
-3.564402
-3.417984
1.518484
1.438833
1.350230
1.278319
1.257143
1.225681
1.189226
1.111278
0.713859
-6.422726
-4.457020
0.665807
2.358227
0.696668
-2.511099
-5.778551
-5.940882
4.581758
-20.890940
-20.611534
0.000000
2.396075
2.275808
2.158904
1.890167
-0.609812
-1.216115
1.257914
1.764282
-3.774924
-2.720948
2.172314
-0.474274
-0.753441
-5.807161
-8.808752
-6.510502
3.926294
-33.550728
-30.571674
0.000000
1.918926
1.735528
-0.518052
-2.049574
-4.387465
-5.174065
-1.078633
4.741405
-7.114909
-4.445720
3.049980
-1.392986
-1.695297
-5.532267
-9.995409
-4.790451
3.124336
-1.392815
-32.254021
0.000000
-2.015441
-1.478867
-2.370097
-2.833920
-2.852861
-2.909709
-1.433788
5.687697
-6.998016
-4.710505
1.011403
-1.879274
-0.978370
-3.654662
-8.075092
-4.865185
1.995216
-33.000332
-30.242874
0.000000
1.441848
1.309120
1.406547
0.235738
-0.346576
-1.512417
-0.797123
5.565157
-6.944528
-5.233881
0.680138
-1.059516
-1.478153
-5.069546
-10.010202
-6.132217
4.208340
-2.027130
-34.300114
0.000000
-4.878965
-5.576857
-4.894269
-5.108121
-6.181614
-7.303995
-2.236488
8.988282
-3.321181
-4.747691
-1.771811
-1.352385
-2.029483
-5.047212
-7.754183
-4.436764
2.594431
-2.682663
-32.539780
0.000000
-5.440854
-6.116228
-6.005391
-5.898203
-6.187101
-5.748919
-2.087472
10.720209
-3.488733
-4.847714
-2.878944
-2.343509
-0.385986
-2.985426
-6.960117
-5.635551
3.224199
-37.832802
-27.261139
0.000000
-1.085579
-1.336205
-1.512964
-1.613231
-1.616747
-2.133080
-1.433410
10.265842
-2.049573
-3.657531
-0.641569
-3.018464
-2.058661
-3.820663
-8.090973
-5.099804
2.908587
-37.669464
-28.372700
0.000000
-0.538562
-1.164331
-1.683730
-1.964933
-1.837268
-2.162351
-1.644163
9.464291
-2.212502
-3.590408
-1.275466
-2.457650
-1.241054
-3.838905
-8.720404
-6.894735
2.674248
-16.544765
-29.489384
0.000000
-2.831914
-2.910321
-3.229607
-3.510164
-3.656517
-3.946728
-1.554859
8.466722
-2.318485
-3.921726
-1.110832
-2.178854
-1.058136
-4.117959
-8.848280
-6.459681
3.284945
-40.982300
-29.150475
0.000000
-1.338366
-1.380532
-2.146724
-2.827774
-3.103270
-3.539306
-1.380544
9.240240
-2.283331
-4.036062
-0.737617
-2.448395
-1.481144
-3.954119
-8.663931
-5.633524
3.421812
-41.195084
-29.347252
0.000000
-1.546729
-1.467275
-2.426574
-2.937175
-3.174480
-3.369575
-1.492681
8.768871
-2.285208
-4.133028
-0.598873
-2.379807
-1.242108
-3.901257
-8.755754
-5.574205
3.404060
-42.927872
-29.011185
0.000000
-1.450543
-1.393804
-2.349217
-2.904504
-3.231726
-3.620150
-1.472372
9.569235
-2.546775
-4.364281
-0.801665
-2.297156
-1.291541
-3.932744
-8.732832
-5.604702
3.562660
-44.267967
-29.228552
0.000000
-1.833826
-1.756352
-2.633818
-3.097393
-3.405940
-3.746546
-1.475088
9.752798
-2.544198
-4.557892
-0.580626
-2.407791
-1.264414
-3.830639
-8.663689
-5.589474
3.478922
-42.065838
-29.645460
0.000000
-1.993948
-2.003914
-2.651615
-3.024534
-2.883255
-3.443656
-1.254764
9.906143
-2.395460
-4.565353
-0.221903
-2.645654
-1.497036
-3.712867
-8.394238
-5.144876
3.113688
-44.316654
-28.316444
0.000000
-1.950353
-2.023144
-2.595805
-2.824580
-3.015923
-3.465336
-1.606275
9.728053
-2.433015
-4.559067
-1.044222
-2.367067
-1.322450
-3.871002
-8.691523
-5.587132
3.656462
-44.160034
-29.000313
0.000000
-2.312566
-2.292033
-2.917280
-3.276988
-3.449632
-3.727832
-1.452281
9.872292
-2.526084
-4.747060
-0.579500
-2.403447
-1.202080
-3.688886
-8.569845
-5.663658
3.329014
-43.661011
-28.425270
0.000000
-2.035527
-2.090150
-2.579980
-2.829667
-2.897387
-3.360483
-1.369817
10.268013
-2.417718
-4.525958
-0.934884
-2.450485
-1.473010
-3.765168
-8.535887
-5.664762
3.466822
-42.267750
-28.859901
0.000000
-2.240945
-2.245743
-2.945881
-3.258799
-3.374693
-3.374613
-1.590325
9.178141
-2.325258
-4.610051
-0.652634
-2.293992
-1.070664
-3.628488
-8.619656
-5.721395
3.161589
-42.835049
-28.314243
0.000000
-1.874627
-1.980298
-2.601980
-2.873337
-3.114544
-3.495749
-1.391678
9.472395
-2.367010
-4.685999
-0.948563
-2.292749
-1.463183
-3.893945
-8.718855
-5.770014
3.497126
-45.215046
-29.198904
0.000000
-2.551801
-2.696436
-3.230911
-3.408056
-3.525038
-3.841002
-1.758761
10.148564
-2.706676
-4.893349
-1.299781
-2.108114
-1.013583
-3.771058
-8.665552
-6.590071
3.198217
-43.178368
-29.712410
0.000000
-2.531833
-2.402382
-2.941949
-3.309394
-3.371188
-3.860713
-1.055715
10.358631
-2.421795
-5.050870
-0.008567
-2.584643
-1.631952
-3.823183
-8.428045
-5.182983
3.044518
-43.552269
-27.806599
0.000000
-2.184479
-2.398242
-2.741503
-2.684737
-2.784478
-3.071935
-1.663568
9.503345
-2.154804
-4.783992
-1.144429
-2.334751
-1.349647
-3.810100
-8.758350
-5.836004
3.435122
-45.512115
-29.399025
0.000000
-2.839633
-3.189317
-3.421145
-3.444079
-3.562463
-3.833547
-1.531476
10.336615
-2.677473
-5.190072
-0.959885
-2.246741
-1.151183
-3.782220
-8.736933
-7.404203
2.776485
-23.234657
-28.942833
0.000000
-2.412072
-2.425764
-2.597558
-2.358733
-2.271932
-2.738434
-0.335258
9.519633
-2.203713
-4.789490
0.324146
-2.767388
-1.851110
-3.585641
-8.016081
-6.034534
2.563068
-38.529293
-28.951448
0.000000
-0.965397
-1.338423
-1.630237
-1.974247
-1.788424
-2.230532
-1.164435
9.186346
-1.744701
-4.405899
-0.485364
-2.354724
-1.945155
-4.034757
-8.810835
-5.553711
2.958508
-47.523617
-30.237993
0.000000
-2.912935
-3.166258
-3.448051
-3.522429
-3.473595
-3.407673
-1.796258
9.202530
-2.217663
-4.668951
-1.431911
-1.946939
-0.780073
-3.647362
-8.911484
-6.718636
2.950384
-42.537781
-28.973209
0.000000
-2.523960
-2.731570
-3.119873
-3.328810
-3.483341
-3.801476
-1.457654
9.343745
-2.383936
-5.132139
-0.779487
-1.944559
-1.356007
-4.079667
-9.161505
-6.109562
3.113277
-44.094383
-29.347717
0.000000
-2.139615
-1.638567
-0.550651
-0.476411
-0.632010
-0.961857
0.196186
8.623350
-1.424119
-4.110978
0.580377
-2.956789
-2.432975
-3.339891
-7.491240
-5.462925
1.856260
-32.404861
-28.666401
0.000000
1.411275
-0.335962
-1.389114
-1.692393
-1.772481
-2.002181
-0.873086
9.698244
-1.991106
-4.905844
-0.583206
-1.760484
-1.707198
-4.280768
-9.477537
-6.037148
3.427027
-1.629557
-33.384853
0.000000
-5.006723
-5.751734
-5.143254
-5.015750
-5.650023
-6.819217
-2.211901
9.508194
-3.381577
-5.439862
-2.287655
-1.572559
-1.058110
-3.759564
-8.148136
-5.233574
3.428596
-0.904238
-29.508965
0.000000
-4.796393
-4.766108
-5.032317
-4.915879
-5.246048
-5.266135
-2.197762
11.279922
-3.316435
-5.777061
-2.893433
-1.951207
-0.643770
-3.184374
-8.024591
-5.689018
3.169817
-0.744465
-28.365889
0.000000
-5.015212
-4.056111
-4.733397
-4.671678
-4.705750
-4.214357
-1.979421
10.143335
-2.447486
-5.175494
-2.397163
-2.202808
-0.669138
-2.853921
-8.133558
-6.206959
2.861536
-38.974766
-26.914104
0.000000
-2.237015
-1.503517
-2.626490
-3.306237
-3.617840
-3.608553
-1.502505
9.479967
-2.427453
-4.867210
-0.621020
-2.313024
-1.516595
-3.164177
-8.230991
-5.810152
2.612526
-41.125023
-27.805275
0.000000
-1.514529
-1.572308
-1.846891
-2.711159
-3.029742
-3.099655
-1.817747
9.335836
-2.391575
-4.842684
-0.991040
-2.013785
-1.224379
-3.380291
-8.855038
-6.208622
2.772293
-9.987909
-29.931896
0.000000
-2.876449
-2.571837
-3.214838
-3.630467
-3.903671
-3.911772
-1.635394
8.952998
-2.385173
-4.863226
-0.940560
-2.012006
-1.126718
-3.248706
-8.658623
-10.562872
1.232445
-0.869471
-28.521854
0.000000
-2.304759
-2.162678
-2.780874
-3.250744
-3.690498
-4.238641
-1.457245
8.905560
-2.499100
-5.520254
-0.264500
-2.131215
-1.676892
-3.591925
-8.745304
-5.819477
3.267872
-0.781998
-30.308912
0.000000
-3.066790
-2.689027
-3.473560
-3.916471
-4.104621
-3.983820
-1.716961
8.907585
-2.397678
-5.248958
-0.297227
-2.195006
-0.925318
-2.915709
-8.288307
-5.843271
2.367031
-19.235445
-27.355129
0.000000
-1.519964
-1.387591
-1.862093
-2.371824
-2.455600
-3.173530
-1.173874
9.582785
-2.076681
-4.838438
-0.390935
-2.361506
-2.059922
-3.507674
-8.298618
-6.279037
2.119328
-46.316139
-29.344421
0.000000
-2.102640
-1.984124
-2.690871
-3.172420
-3.496549
-3.744635
-1.680811
9.060917
-2.335913
-5.190939
-0.637750
-1.958511
-1.452008
-3.446602
-8.811539
-6.099876
2.885967
-0.588362
-30.116255
0.000000
-2.895543
-2.710216
-3.393632
-3.789739
-3.983238
-3.930232
-1.731859
8.674382
-2.370625
-5.159688
-0.828375
-1.900254
-0.872119
-3.140483
-8.824844
-6.795059
2.561802
-9.517307
-28.669601
0.000000
-2.443336
-2.098607
-2.896318
-3.594921
-4.027057
-4.146442
-1.164281
8.882409
-2.284130
-5.308887
0.361859
-2.437943
-1.693759
-3.281388
-8.366137
-5.935940
2.452896
-44.146393
-28.775999
0.000000
-1.464152
-1.387248
-1.944084
-2.576501
-2.958422
-3.107408
-1.496928
9.537029
-2.194106
-5.301281
-0.293041
-2.164351
-1.831760
-3.369004
-8.535126
-7.133871
1.813612
-0.285601
-29.973156
0.000000
-3.199159
-3.316883
-3.754608
-3.807928
-3.987422
-4.384190
-2.013838
9.020132
-2.543046
-5.558712
-1.540674
-1.331409
-0.789867
-3.439420
-9.167124
-7.593910
2.541983
-1.193062
-29.133232
0.000000
-4.688065
-4.282838
-4.698239
-4.792840
-4.905266
-4.630035
-1.928422
9.523127
-2.512945
-5.638699
-1.793489
-1.857405
-0.501750
-2.587322
-8.324398
-6.656506
2.356876
-40.226707
-27.192583
0.000000
-2.258740
-1.741403
-1.297015
-1.149261
-1.507726
-2.107130
0.029788
9.206131
-1.960037
-5.158990
0.677410
-2.717383
-2.536421
-2.852741
-7.303183
-6.179146
1.538572
-32.582870
-29.479563
0.000000
0.517258
-0.596321
-1.826702
-1.833998
-1.876047
-1.981656
-1.938904
9.552211
-2.281608
-5.754294
-1.382505
-1.367581
-0.941297
-3.179162
-9.197233
-6.621885
2.385088
-1.399809
-31.928722
0.000000
-5.728249
-5.601923
-5.771762
-5.683902
-6.056443
-6.035304
-2.154528
8.885957
-3.093442
-5.696100
-1.875815
-1.093201
-0.918824
-3.225760
-8.297574
-6.552616
2.225695
-0.616026
-28.825018
0.000000
-3.807745
-3.425151
-3.785672
-3.971924
-3.823016
-3.387645
-1.719817
15.770967
3.560483
-4.520119
-2.605532
-3.062099
-1.881061
-2.277849
-7.325806
-7.793509
1.413248
-41.003372
-26.508640
0.000000
-2.526919
-2.641001
-3.222133
-3.484156
-3.413109
-3.173724
-1.952925
12.802138
2.667007
-4.715268
-2.441587
-2.249782
-1.353621
-2.518656
-8.089455
-7.181189
2.230968
-9.812811
-28.175604
0.000000
-2.805557
-2.234491
-3.269080
-4.002884
-4.193433
-3.943029
-1.478837
12.906438
1.961526
-4.984733
-1.671447
-2.274700
-1.283220
-2.230318
-7.787659
-7.777124
1.742680
-40.013634
-27.358955
0.000000
-1.502201
-1.452753
-2.188255
-2.946356
-3.194618
-3.283528
-1.827764
13.435279
2.363604
-5.250658
-1.833120
-2.062121
-1.694378
-2.653495
-8.155769
-7.507898
1.931633
0.113426
-29.906609
0.000000
-3.399280
-3.122317
-3.896472
-4.337744
-4.415142
-4.110105
-1.897568
12.830168
1.438964
-5.419799
-2.360638
-1.992548
-0.646740
-2.106191
-8.025736
-7.812145
1.803797
-14.309725
-28.354851
0.000000
-2.792185
-1.841874
-3.071579
-4.009714
-4.203725
-4.044426
-0.786403
12.842278
2.526427
-4.998833
-0.442081
-2.601051
-1.987405
-2.240755
-7.168391
-6.916578
1.107515
-37.164452
-27.978920
0.000000
-1.375674
-1.751032
-1.854878
-1.922637
-1.996201
-2.090783
-2.167695
14.405927
2.747551
-5.108665
-2.636444
-2.195526
-1.363764
-2.365402
-8.130508
-7.245108
1.534805
0.321205
-28.755619
0.000000
-4.404678
-4.071232
-4.664397
-4.982937
-4.929334
-4.417211
-1.376737
12.669541
1.552218
-5.292872
-1.588754
-2.213324
-0.704707
-1.648000
-7.540930
-7.902107
1.114820
-38.375450
-26.212889
0.000000
-1.448571
-1.498095
-1.841900
-2.558847
-2.880863
-2.991116
-1.309276
14.393545
2.785583
-5.625033
-1.935954
-2.075535
-2.048034
-2.613185
-7.928141
-9.898487
0.534466
0.633951
-30.124949
0.000000
-3.410249
-3.490453
-4.041894
-4.116350
-4.250152
-4.224783
-1.849339
13.244195
1.737585
-5.870890
-2.481364
-1.777394
-0.873968
-2.267189
-8.464092
-8.597452
1.457401
-0.010508
-29.687651
0.000000
-3.532314
-3.152225
-3.994219
-4.374336
-4.534178
-4.171168
-1.579610
12.830115
1.751951
-5.614545
-1.792486
-2.037191
-1.001591
-1.875139
-7.844750
-8.101330
1.291800
-15.502871
-27.618309
0.000000
-1.932682
-1.430283
-2.491329
-3.216517
-3.620535
-3.736962
-0.572922
13.371023
2.588263
-5.678376
-0.991090
-1.999497
-2.306952
-2.620098
-7.751513
-7.436420
1.452194
1.250635
-30.020672
0.000000
-2.248121
-2.245567
-2.956257
-3.304318
-3.341380
-3.250477
-2.045784
13.394211
1.903872
-6.018600
-2.424574
-1.433380
-0.800609
-2.434103
-9.014921
-7.707455
1.376652
-0.163795
-30.930119
0.000000
-4.231344
-4.353642
-4.923351
-4.970131
-5.055487
-4.778094
-1.945091
13.022050
0.875933
-6.464565
-2.456810
-1.812243
-0.561890
-1.664038
-7.841486
-7.775921
0.900030
-11.428090
-27.952143
0.000000
-2.908307
-2.528731
-3.275286
-3.812119
-3.786438
-4.043000
-0.186926
13.574211
2.373746
-6.051262
-0.767335
-2.256631
-2.004604
-2.073149
-7.065292
-7.215946
0.842493
-42.651253
-28.282276
0.000000
-1.350017
-1.537039
-1.790340
-2.153576
-2.227991
-2.068388
-2.133437
14.272153
2.439892
-6.097138
-2.696527
-1.709123
-1.069033
-2.117671
-8.377481
-8.372431
0.944601
0.403809
-32.219795
0.000000
-4.458590
-5.129612
-5.547506
-5.266866
-5.391930
-5.451478
-2.110502
12.826136
0.318636
-6.449276
-2.639357
-1.214607
-0.758869
-2.330439
-8.367554
-7.878641
1.040716
0.087803
-29.517391
0.000000
-3.954586
-4.108250
-4.507223
-4.599741
-4.611629
-4.245672
-1.770739
15.048859
1.278738
-6.920978
-2.600056
-1.987112
-0.786922
-1.318992
-7.512695
-8.074493
0.878292
-15.737299
-27.274078
0.000000
-2.264203
-2.061262
-2.882924
-3.118020
-3.370833
-3.478584
-0.519905
14.655393
2.452410
-6.559691
-1.414632
-1.654724
-2.201009
-2.380476
-7.624187
-7.664768
1.141386
1.426094
-30.795010
0.000000
-2.206501
-2.916657
-3.642033
-3.551119
-3.652059
-4.206899
-2.162400
13.075558
0.681593
-7.205047
-2.130257
-0.913270
-0.889785
-2.480426
-9.318119
-8.605377
1.380522
-0.317772
-35.991791
0.000000
-4.452590
-5.426315
-5.566553
-5.585708
-5.877171
-6.193133
-1.758808
12.470677
-0.469193
-7.396379
-1.858934
-1.398873
-0.367563
-1.125139
-7.248342
-7.649275
0.272038
-9.933826
-29.612000
0.000000
-1.512448
-1.752074
-2.401131
-2.476869
-2.742202
-3.222049
0.337033
13.992882
2.566357
-7.512867
-0.759598
-1.418186
-2.095424
-2.424831
-7.779869
-7.927319
1.089077
1.492216
-31.625076
0.000000
-2.471118
-3.363697
-3.588043
-3.520822
-3.689937
-4.139125
-1.793480
12.246619
1.529835
-7.522316
-1.219925
-1.159435
-1.027788
-1.981467
-8.515377
-8.603409
0.882942
0.584259
-31.817074
0.000000
-2.729155
-3.003562
-3.214684
-3.401461
-3.835244
-4.007039
-0.128266
14.157654
2.164944
-6.873929
-0.700245
-2.177597
-2.514933
-2.236589
-6.827583
-7.265152
1.074715
2.798943
-29.075298
0.000000
-2.411380
-3.055919
-3.319223
-3.617858
-3.477826
-2.937064
-1.676576
17.457438
5.935141
-5.652196
-2.131791
-2.997951
-1.966544
-1.691516
-7.245985
-8.172428
-0.051928
2.621124
-27.762526
0.000000
-2.701964
-2.843656
-3.742291
-4.191730
-4.276301
-4.204565
-1.937744
17.937834
4.440849
-6.713803
-2.333416
-2.715012
-1.734989
-1.903732
-7.476845
-8.069189
0.602478
2.060532
-30.107304
0.000000
-3.739364
-3.375987
-4.038041
-4.675204
-4.855709
-4.323335
-1.399505
19.677183
4.279829
-6.519588
-1.800176
-3.503169
-1.700428
-1.199186
-6.406516
-7.872936
-0.299828
2.650518
-27.496681
0.000000
-1.894733
-1.585277
-2.617689
-3.407109
-3.648014
-3.598125
-0.847899
19.894152
5.506918
-6.467741
-2.098553
-2.652572
-2.515121
-1.979900
-6.977816
-8.380730
0.809650
2.980812
-28.642607
0.000000
-2.971287
-2.808986
-3.587192
-4.119751
-4.264932
-4.023392
-1.797552
18.798126
4.658438
-6.705920
-2.431714
-2.682831
-1.949075
-1.557855
-6.861511
-8.152536
0.400921
2.826752
-28.403934
0.000000
-2.678622
-2.684466
-3.468737
-4.027372
-4.162816
-4.009942
-1.954270
19.967426
4.492441
-7.126776
-2.510076
-2.675398
-1.861155
-1.659662
-7.101635
-8.224886
-0.747213
2.321802
-30.483883
0.000000
-3.555285
-3.846556
-4.502015
-4.953260
-5.014440
-4.747651
-2.126481
19.472410
3.078686
-7.585907
-2.848323
-2.774813
-1.280166
-1.378544
-7.022861
-7.941277
0.336632
2.423546
-30.079496
0.000000
-3.746229
-3.811707
-4.456793
-4.859112
-4.994580
-4.654106
-2.099588
20.395523
3.436998
-7.682126
-2.960935
-2.865861
-1.445348
-1.202872
-6.707294
-7.917570
0.208567
2.839634
-28.434626
0.000000
-3.170809
-3.356650
-4.111990
-4.404211
-4.462329
-4.519483
-2.196074
20.962038
2.015532
-8.183851
-3.767826
-2.479400
-1.600899
-0.956686
-6.656235
-7.787374
0.841396
3.031647
-29.363251
0.000000
-4.161322
-3.792718
-4.359295
-4.897222
-5.083744
-4.746815
-2.050755
19.298279
1.325142
-7.704425
-3.531935
-2.468961
-1.201397
-0.794950
-6.643781
-7.668634
0.319996
2.806034
-28.217407
0.000000
-3.712920
-2.812536
-3.430962
-4.240304
-4.542053
-4.218383
-1.942216
18.880821
2.047382
-7.324417
-3.406824
-2.499650
-1.477037
-0.853989
-6.612558
-7.897404
-1.052710
2.507393
-28.041388
0.000000
-3.719765
-3.372571
-3.957664
-4.379763
-4.403895
-3.962867
-2.002518
17.619177
2.674841
-6.717854
-3.277639
-2.442299
-1.410283
-1.026175
-6.934409
-7.943295
-0.192272
2.513824
-28.674423
0.000000
-3.640272
-3.231934
-3.825385
-4.274477
-4.322871
-3.864054
-1.843499
17.568687
3.449083
-6.454205
-3.011399
-2.559081
-1.728327
-1.107656
-6.677389
-7.897560
-0.199085
2.646421
-26.655296
0.000000
-2.785018
-1.429051
-2.482252
-3.639478
-4.129661
-3.959646
-1.531667
17.931902
3.552750
-6.502623
-2.250651
-2.650807
-2.414584
-1.501428
-6.488758
-7.975388
0.918989
2.920252
-26.919615
0.000000
-2.300455
-1.447047
-1.773690
-3.284670
-3.970188
-3.870698
-1.259094
16.952475
3.785965
-6.022138
-1.108292
-2.991833
-2.770474
-1.802232
-6.517773
-7.877218
0.960367
2.822315
-26.756542
0.000000
-1.721220
-1.457820
-1.606410
-2.672009
-3.427785
-3.364224
-1.173648
16.685156
4.655767
-5.391258
-1.091333
-3.003093
-3.013474
-2.130625
-6.634733
-7.928955
1.145475
1.720577
-27.904976
0.000000
-1.755967
-1.354282
-1.519181
-2.991638
-3.876130
-4.111179
-0.413432
12.325636
1.554300
-6.251287
-0.381249
-1.551674
-2.433739
-2.358666
-7.217957
-8.188618
0.227047
1.475258
-30.057692
0.000000
-1.615518
-1.450275
-2.045186
-2.797972
-3.107157
-3.453261
-2.057626
14.225222
0.887516
-7.223872
-2.195159
-0.949514
-1.215051
-2.071026
-8.459412
-8.089468
1.245880
0.919310
-31.904915
0.000000
-4.167857
-4.233050
-4.782632
-5.011829
-5.146719
-5.007091
-2.092768
14.017513
-0.379744
-6.970199
-3.011226
-1.255435
-0.499747
-1.574835
-8.040428
-7.985497
0.883768
0.988470
-27.443771
0.000000
-4.004311
-2.860439
-2.366951
-1.740405
-1.902198
-2.216632
0.269822
13.620474
2.732028
-5.347687
-0.604138
-2.433399
-3.192804
-1.908331
-6.161182
-7.212990
-2.149916
-30.912930
-29.007019
0.000000
1.544692
1.039987
-0.686154
-1.447430
-1.639163
-1.788847
-0.211933
14.628935
1.548676
-6.605787
-2.288504
-1.534320
-1.612226
-1.958970
-8.013018
-7.616007
1.357775
0.995462
-31.386450
0.000000
-4.672535
-4.639145
-5.347287
-5.574887
-5.795619
-5.677471
-2.163804
13.341362
-0.998478
-6.531983
-3.010168
-0.925491
-0.941097
-2.661082
-8.079720
-7.484497
1.434574
0.326553
-30.652672
0.000000
-5.609883
-6.097200
-6.417982
-6.318080
-6.420512
-6.025098
-2.278037
16.107430
-0.295561
-6.955096
-3.573972
-1.865926
-0.769457
-1.574781
-7.092939
-6.904219
1.368753
1.135624
-26.028629
0.000000
-3.925850
-3.186003
-3.938629
-4.491457
-4.601925
-4.353418
-0.796806
15.802392
1.856657
-6.067178
-1.864476
-2.392290
-2.094574
-1.558331
-6.471519
-7.533787
1.059080
-36.187729
-27.395836
0.000000
-1.446913
-1.652351
-1.777888
-1.973688
-2.315387
-2.120409
-2.131842
14.871690
1.948685
-5.938308
-2.593796
-1.957924
-1.536941
-1.997039
-7.710976
-8.196669
0.904144
1.264114
-28.184608
0.000000
-3.752376
-4.222610
-4.653656
-4.639221
-4.560275
-4.353587
-2.166561
14.342066
1.123619
-6.030902
-3.328900
-1.542106
-0.683506
-2.506271
-8.744097
-7.050674
1.906914
0.062906
-29.133759
0.000000
-5.681349
-4.990103
-4.771784
-4.487906
-4.030212
-3.174561
-1.079911
13.737101
2.432027
-5.380719
-1.479897
-2.947456
-1.592915
-1.309620
-6.392680
-7.130312
0.498768
-30.539364
-26.505287
0.000000
-0.923659
-1.344984
-1.895568
-1.901686
-1.929586
-2.044167
-1.308983
14.914978
2.902174
-5.555784
-2.753452
-2.351466
-1.742106
-2.277760
-7.767553
-7.203146
1.412767
1.089663
0.000000
1.508404
1.432726
1.344122
1.282686
1.255219
1.225223
1.190517
1.150975
1.105947
1.055167
0.999258
0.937140
0.847121
-4.483688
-2.508299
1.976379
1.784370
1.046899
0.159549
1.251784
-0.390539
-2.267830
3.283503
12.522986
7.558801
-8.909261
26.934776
5.249076
0.000000
0.285247
0.538435
0.476478
0.351978
0.329564
-2.330508
-3.177391
-3.462977
-2.347619
18.642645
-13.436468
-14.115550
-8.367177
-5.450770
-0.786156
3.644043
6.312674
9.361655
11.298810
10.772091
1.534278
0.000000
-5.667935
-5.038916
-5.141686
-3.501863
-0.708007
2.373089
2.038142
42.826561
-3.955952
11.788982
-1.753789
6.129571
-3.969721
-6.940706
-5.604163
2.534320
6.055204
5.621202
4.359287
0.000000
2.410684
2.065354
1.609180
-11.172898
-26.458080
-13.377380
-5.873711
28.646654
27.756451
-5.875565
-12.060396
-11.887436
-13.170956
0.740086
10.456842
7.843102
5.269476
9.766899
-14.580738
0.000000
-5.374868
1.382889
-14.108979
-32.579514
-32.985001
-5.465551
-3.405322
37.250828
-0.820448
-14.515846
-4.790612
-6.222572
-8.871176
2.367386
6.856384
4.244137
4.457808
7.334534
1.601785
0.000000
-6.573523
-1.866709
-12.714294
-25.978592
-28.806145
-16.300203
-1.942376
24.489489
-6.188769
-13.153778
-6.333944
-6.126676
-3.181105
6.035913
6.182117
1.951315
1.333162
6.454592
2.087672
0.000000
-7.073709
-9.226160
-30.313169
-38.443153
-26.726490
-7.654181
-1.125839
28.803934
-2.277494
-11.846817
-4.760137
-3.978104
-13.274525
-2.902325
7.851501
4.524181
4.484173
7.548186
1.620497
0.000000
-8.110597
-5.513407
-30.119543
-53.471756
-56.379837
-26.420397
-3.032671
10.444519
-4.283376
-7.109227
-2.603357
-4.650660
-5.665514
-0.540550
4.432589
4.422699
2.057465
5.622515
4.830647
0.000000
-9.095189
-8.406704
-13.828786
-32.208485
-39.309135
-27.842396
-4.628780
-1.198462
16.586411
-16.994650
-9.082280
-11.258843
-10.721075
4.839153
7.948185
3.240070
0.939358
6.337564
6.709607
0.000000
-9.416368
-4.179887
-23.020845
-39.466137
-31.860065
-9.785358
-0.058334
33.056648
-1.661091
-10.841033
-6.901648
-6.690711
-15.338081
-0.611412
6.179096
6.201786
4.036057
7.808044
-27.875877
0.000000
-7.670978
-2.775728
-18.175241
-53.179214
-60.000000
-41.965786
-10.296219
20.525295
13.025520
-4.811992
-4.058359
-10.107907
-10.303274
1.781162
6.499020
4.058033
2.649612
9.690641
7.451683
0.000000
-9.281900
-3.391042
-15.760954
-38.603470
-40.469730
-16.167280
-1.272588
20.459888
0.891246
-7.385968
-3.745403
-6.892007
-13.575632
-0.859184
7.345989
4.124283
2.363300
7.439745
5.262475
0.000000
-6.725880
-3.209381
-23.833452
-48.417313
-46.542786
-16.042925
-2.741039
12.804297
-2.201154
-7.169668
-4.000478
-8.209067
-10.294909
1.801067
6.909681
3.907898
1.696030
6.850874
6.909115
0.000000
-7.071283
-2.813147
-11.950590
-40.638374
-51.693970
-26.187963
-2.716425
11.945460
4.723558
-4.115124
-1.709547
-6.406823
-10.902630
-2.109371
5.061417
3.209457
1.769972
7.266407
5.497758
0.000000
-7.306621
-3.841025
-23.136383
-44.636990
-39.214619
-13.294043
-2.802221
14.481142
-3.949527
-7.806111
-4.611017
-8.531760
-8.675594
3.326168
7.071732
3.050200
1.112574
7.954726
6.153875
0.000000
-9.423079
-5.365294
-9.441204
-32.814869
-43.791206
-28.215929
-2.338440
17.535009
-1.824481
-7.268007
-3.799965
-6.044677
-12.924452
-0.592636
7.075661
3.512215
2.169327
9.422409
3.734094
0.000000
-7.567529
-3.866913
-26.103521
-42.361839
-43.011215
-16.114777
0.139658
23.950766
-1.689990
-8.836842
-3.720354
-4.691476
-15.608242
-4.187794
7.359718
5.382172
3.424517
10.377138
-3.248099
0.000000
-6.856390
-3.827245
-17.198559
-48.662960
-60.000000
-31.734598
-2.578274
16.704124
10.869666
-4.011637
-2.972907
-7.860675
-9.627686
0.069008
5.711704
3.494831
1.968794
6.469407
5.646848
0.000000
-8.751195
-2.953423
-24.914253
-45.720078
-36.290001
-10.040798
-0.064207
20.877115
-1.413833
-7.719042
-3.940659
-5.198887
-16.706976
-4.757759
8.087639
5.598343
3.741673
11.159644
-44.868034
0.000000
-7.254637
-2.655075
-15.824549
-47.746883
-57.510986
-28.154352
-2.518359
21.350597
10.331511
-5.073755
-3.309138
-7.666408
-10.186085
-0.167625
6.039742
3.677235
2.252411
7.636326
6.289247
0.000000
-8.805640
-2.496088
-20.377628
-42.084888
-36.198746
-10.202398
-0.737310
24.575989
-1.873450
-8.919823
-3.700470
-5.942476
-15.323601
-2.661854
8.375290
4.655121
3.360548
10.130141
3.636702
0.000000
-8.592013
-4.374680
-21.542688
-44.731880
-44.783951
-19.443043
-2.614892
18.818781
-2.048725
-7.788083
-4.077927
-7.176924
-11.064503
0.243328
6.707541
3.582531
2.002733
4.475335
4.114484
0.000000
-8.721831
-3.986390
-23.676561
-45.330673
-39.469685
-12.951923
-2.521796
19.091480
-2.596031
-7.915155
-3.381506
-5.900599
-14.096548
-2.284161
7.185772
4.124001
2.744287
4.873041
4.449485
0.000000
-7.818374
-3.869507
-22.040449
-46.134453
-43.161907
-16.569767
-2.685753
17.901175
-0.485013
-7.318648
-3.616076
-7.425202
-11.476845
-0.371655
6.582157
3.686054
1.885359
4.228226
4.955131
0.000000
-6.235907
-3.810004
-18.199974
-44.877499
-46.278767
-20.781111
-2.749112
14.101969
6.177254
-3.376577
-2.081545
-6.034686
-9.653791
-2.517094
4.896362
3.925503
1.700064
6.878287
5.631605
0.000000
-8.153296
-8.470091
-28.362240
-41.954712
-30.973766
-8.941385
-2.308886
18.682947
-3.195126
-7.750247
-4.457170
-7.800835
-9.675289
1.671555
7.129545
3.017429
1.919477
7.589159
5.593831
0.000000
-9.386223
-6.620249
-10.328848
-32.930573
-43.696201
-32.148716
-12.977864
10.649305
3.675591
-4.481213
-2.328291
-6.008356
-10.985400
-2.208618
5.685314
3.502613
1.825047
8.338567
4.399568
0.000000
-7.996609
-5.031789
-29.015789
-45.468170
-40.297573
-14.073646
-2.463992
16.540237
-2.982968
-7.434698
-3.891731
-6.548033
-12.291328
-1.505802
6.625591
3.570881
2.259787
7.192169
5.121265
0.000000
-7.973594
-5.819913
-16.596560
-39.854500
-46.165081
-28.186995
-2.286338
11.191838
6.267731
-3.243475
-1.399597
-5.600415
-12.919055
-4.272419
5.079323
4.326286
2.301208
0.393244
4.978710
0.000000
-6.963020
-1.310902
-29.623669
-47.911331
-36.206753
-7.753481
-2.297771
19.892031
2.775668
-6.080029
-3.899787
-7.949050
-11.268145
0.253803
6.769743
4.304836
2.041067
4.667166
7.369703
0.000000
-7.709586
-4.145599
-22.279903
-44.775188
-42.881744
-18.041262
-3.037833
6.524756
-2.483765
-6.438429
-2.869857
-6.005603
-13.014771
-2.511509
6.061176
4.150501
2.904503
6.569247
6.828537
0.000000
-6.857470
-2.830601
-28.357250
-47.833347
-42.739086
-12.320584
-3.014734
11.644012
-2.243631
-7.795936
-4.109965
-7.152539
-11.929283
-0.035011
7.161621
3.650276
1.962202
6.791958
5.289865
0.000000
-7.275336
-4.826038
-22.758362
-47.115616
-47.119415
-20.477421
-2.890728
8.128966
-2.415483
-6.822426
-3.298838
-5.784805
-10.581276
-1.506294
5.975737
3.687798
2.514328
6.671692
5.812538
0.000000
-7.872915
-9.817977
-34.304127
-45.637730
-38.881828
-9.313451
-2.916833
8.460306
-2.819372
-7.422201
-3.201141
-6.064208
-11.654482
-1.123318
6.259029
3.734211
2.417860
6.972093
7.934893
0.000000
-8.237734
-5.358170
-15.604384
-41.281693
-49.358410
-23.161230
-2.773752
13.613501
-2.242916
-8.081425
-4.719090
-5.702940
-8.290426
-0.345734
6.117546
3.542873
2.248652
6.372400
5.527459
-35.701523
0.000000
-12.302895
-36.731297
-41.550755
-32.607483
-8.148877
-12.063198
-2.574764
-3.262794
-6.168209
-0.678725
-3.389997
-17.475353
-7.856258
6.308937
5.584675
5.026476
7.561615
9.997510
-22.428921
0.000000
-5.904531
-16.496859
-40.121758
-44.547848
-22.541634
-7.532567
-2.889588
-7.608193
-1.891497
-2.040169
-6.972118
-14.069117
-4.088882
6.082821
4.198429
4.470623
3.575602
8.904974
-26.788204
0.000000
-2.706515
-26.061903
-48.074947
-40.988815
-10.390902
-10.043515
-2.457386
-3.226933
-7.068985
-3.443502
-6.759578
-14.945921
-3.093491
7.386299
4.699871
4.949743
8.160250
10.053663
-21.864899
0.000000
-3.191066
-8.872147
-38.963348
-47.990498
-24.940735
-5.947976
-2.311336
-2.964298
-7.189515
-3.086012
-5.682742
-15.108495
-5.574657
6.981838
4.963058
4.371696
10.127005
9.020396
-34.370083
0.000000
-3.168662
-27.505564
-44.680080
-43.778248
-14.982994
-10.497941
-2.319205
-3.733554
-7.332006
-3.293081
-6.750696
-13.593948
-1.628487
7.185596
4.277054
4.721033
8.022130
9.570975
-22.739899
0.000000
-4.723917
-20.792643
-43.253082
-42.781631
-13.837527
-8.429349
-1.138652
-3.260465
-7.801157
-5.116677
-5.408080
-15.066235
-4.647442
8.124874
5.519974
4.955561
8.654177
8.236275
-24.191669
0.000000
-3.708716
-22.594007
-48.232773
-53.693226
-21.185831
-6.100041
-2.695232
-3.211201
-6.980105
-3.097692
-6.842172
-10.981718
-2.219864
6.171223
4.234203
4.779013
9.358692
9.612970
-37.646244
0.000000
-4.300387
-23.029955
-46.535713
-42.101421
-14.908436
-10.616598
-2.775974
-3.901314
-6.744413
-2.128182
-5.915488
-13.282046
-4.446812
6.338863
4.334129
4.876139
8.181293
9.661032
-35.811050
0.000000
-4.730156
-27.320576
-44.846889
-39.339500
-12.536553
-12.517929
-2.063335
-3.907865
-6.969626
-3.807682
-5.685525
-15.135732
-4.541466
7.395439
4.901489
4.847101
8.735498
10.449841
-22.792032
0.000000
-5.307600
-19.115639
-42.144169
-45.516830
-17.864380
-7.374655
-1.682492
-2.821803
-7.453351
-4.053102
-4.931201
-14.706583
-4.847263
7.339008
5.285534
5.073578
8.462873
10.986616
-24.256651
0.000000
-3.328752
-21.336721
-45.341045
-48.276623
-16.472401
-6.969337
-2.202355
-2.807422
-7.167949
-3.400388
-6.748420
-12.714783
-3.010704
6.761452
4.586700
4.911591
5.142880
9.815486
-25.999580
0.000000
-4.611095
-15.192272
-39.926102
-44.701759
-20.596767
-6.569278
-2.664762
-3.029229
-7.199222
-2.968013
-5.828021
-12.673985
-4.964130
6.412342
4.626129
4.396379
7.471535
9.606568
-33.546719
0.000000
-4.352951
-27.424049
-43.965221
-41.985886
-15.410315
-12.022842
-2.182291
-4.811996
-7.763717
-4.220010
-6.890570
-12.497271
-1.140343
7.467762
4.457695
4.498535
8.306051
10.107718
-23.855394
0.000000
-5.111535
-15.711095
-40.493477
-49.287251
-24.592529
-6.655331
-2.694561
-3.456165
-6.964600
-2.815248
-4.924905
-12.054195
-4.968021
5.826855
5.055405
4.842886
3.888206
7.484520
-34.795780
0.000000
-2.160931
-28.700720
-44.555302
-41.092987
-12.238849
-10.321112
-2.372766
-4.085911
-7.635028
-3.900141
-6.102639
-11.627282
-2.446121
6.617033
4.828682
4.683968
6.855513
11.143699
-28.306700
0.000000
-3.875188
-20.891016
-44.204330
-42.639778
-14.769997
-8.498014
-2.625489
-4.271040
-7.258115
-2.909058
-5.205962
-11.997891
-4.656158
5.998583
4.618736
4.652702
7.534482
9.566021
-37.679604
0.000000
-4.426023
-21.724220
-44.258293
-44.752693
-19.004782
-8.868687
-2.751133
-4.244139
-7.108803
-2.964042
-4.807087
-11.043324
-5.030918
5.606369
4.801197
4.488285
7.595120
8.537462
1.356226
0.000000
-7.404882
-29.881121
-44.282024
-40.095425
-15.203609
-13.452780
-2.376495
-4.833458
-7.177563
-4.009601
-5.879311
-11.622587
-2.385216
6.621048
4.523499
4.086245
-0.515970
9.716444
-24.902994
0.000000
-4.836680
-17.280218
-42.312748
-45.120327
-18.908182
-6.608582
-2.047806
-3.305812
-7.873071
-3.811628
-4.215610
-13.363305
-7.491833
6.148689
5.961914
4.855001
8.020154
10.139237
-30.962824
0.000000
-4.461669
-22.130693
-44.875099
-41.946316
-15.094998
-9.617569
-2.334876
-4.453547
-7.873509
-5.107324
-6.665020
-10.886757
-0.803722
7.230165
4.835613
4.333971
2.785631
10.909357
-22.153248
0.000000
-2.721411
-23.030581
-38.212624
-40.033333
-14.054696
-7.259559
-0.685140
-4.004860
-8.024669
-5.829944
-2.283713
-13.924700
-11.386536
6.221943
8.181053
5.657421
9.913792
9.217844
-21.882570
0.000000
-1.871840
-22.906052
-47.968800
-53.495251
-26.297510
-5.324729
-2.550871
-2.445292
-7.583471
-4.477050
-6.207614
-11.188526
-3.606586
6.378910
5.008175
4.552704
3.685626
9.854039
-23.680433
0.000000
-3.099397
-16.335703
-43.172394
-44.582085
-16.919043
-6.296831
-2.422528
-3.550216
-7.900712
-4.201213
-5.082324
-10.991265
-4.823009
6.199364
5.174053
4.515070
6.551405
8.982609
-40.521698
0.000000
-4.657968
-19.505390
-41.648277
-41.339180
-16.379681
-9.079973
-2.344728
-5.276237
-7.953423
-5.670632
-5.852104
-9.396683
-1.257553
6.956007
4.492683
3.290487
6.368969
10.479517
-35.161133
0.000000
-5.125078
-15.444221
-38.009239
-42.900311
-20.833063
-7.553595
-1.740084
-4.838847
-8.344793
-5.424123
-4.522121
-11.220777
-4.978321
6.775709
5.245377
3.844748
7.450976
8.645438
-38.278786
0.000000
-4.382825
-20.402689
-42.515656
-47.295979
-20.227310
-7.641232
-2.297118
-4.559386
-8.141090
-6.013755
-5.236378
-8.700912
-2.298512
6.326677
4.722466
3.812410
6.557916
9.858746
-41.975342
0.000000
-3.336218
-15.548532
-40.590904
-45.466663
-19.058144
-6.442811
-2.255179
-5.177860
-8.519649
-6.394544
-4.915321
-8.706776
-2.153889
6.818922
4.501678
1.895285
5.747665
6.714621
-42.482548
0.000000
-2.626865
-12.514435
-35.170685
-34.747845
-10.263541
-7.436645
-0.997927
-3.195603
-8.057011
-5.202872
-3.792411
-12.933033
-8.758591
6.693089
6.371403
2.277988
7.447905
7.551080
-38.687019
0.000000
-4.183127
-10.636746
-34.712631
-44.987144
-23.461159
-6.829246
-2.575204
-6.045386
-5.148398
-2.943633
-5.049369
-10.262375
-4.204231
6.127209
4.541664
1.478050
6.799274
6.080665
-0.296690
0.000000
-5.241518
-18.878496
-36.039776
-34.783718
-13.671799
-10.471474
-1.291109
-4.713021
-6.668775
-4.923955
-2.287709
-12.451826
-10.251766
5.670471
6.221535
2.935591
7.851001
7.391165
-28.675201
0.000000
-4.541407
-13.452603
-39.707180
-45.952782
-19.412254
-5.368871
-2.364293
-4.034015
-6.164836
-2.984759
-4.838607
-10.962311
-5.386795
5.831507
5.022820
2.112297
6.152616
6.673839
-41.535366
0.000000
-2.178787
-12.985039
-35.823959
-33.787945
-9.145603
-7.447394
-0.884683
-1.977924
-8.042912
-5.750069
-3.587212
-12.597251
-10.343983
6.031422
6.569115
2.536045
7.052396
8.333498
-33.789585
0.000000
-3.468376
-12.684365
-36.692966
-43.096939
-17.844299
-6.473708
-2.067620
-3.578763
-6.814437
-3.900430
-4.943802
-10.127345
-4.554188
5.969597
4.799250
2.116228
6.544588
7.535265
-19.032419
0.000000
-3.959385
-11.348465
-33.596939
-36.910915
-15.281394
-7.191617
-1.295885
-2.917485
-7.690793
-5.066996
-4.349756
-11.474644
-5.824261
6.241539
5.436937
2.552422
6.652868
6.809082
-46.317814
0.000000
-4.557409
-11.331603
-32.193661
-40.169811
-19.149511
-6.611338
-1.842532
-5.369336
-7.759784
-4.404979
-4.383284
-10.248715
-3.891594
6.545816
4.811510
2.278027
5.684605
7.316164
-10.984551
0.000000
-4.280555
-18.834991
-37.369812
-37.515068
-14.501130
-9.000783
-1.614999
-5.969225
-6.658968
-4.807379
-1.974703
-11.542162
-9.340908
4.976665
6.072187
3.349159
6.804714
8.288955
-36.840408
0.000000
-4.648762
-11.824981
-36.430771
-43.390099
-19.391798
-5.872430
-2.041120
-4.625312
-7.404938
-4.503376
-4.321419
-10.085862
-4.168819
6.351793
4.892349
2.442533
5.736236
8.047746
-0.055480
0.000000
-3.270381
-17.002522
-34.367290
-32.923431
-11.219893
-8.781797
-0.323902
-2.611273
-9.439915
-7.627100
-2.474606
-11.302341
-11.430264
5.972004
7.207596
2.775131
6.976057
7.479525
-28.491667
0.000000
-3.141328
-9.155375
-42.239178
-50.334602
-34.277676
-5.019578
-2.569768
-3.956128
-4.969275
-4.436503
-4.374213
-9.265728
-4.091576
4.429241
4.468872
2.331915
5.181156
7.887409
-27.946926
0.000000
-4.420647
-17.450703
-37.813332
-39.719326
-17.464115
-9.088491
-1.980571
-6.460440
-6.290428
-4.023676
-3.972487
-10.508317
-4.589157
5.916691
5.036379
2.748695
4.079439
7.440194
0.300804
0.000000
-5.670052
-16.415361
-37.103191
-42.973591
-22.563814
-8.678763
-2.529336
-8.864767
-4.551155
-3.797009
-3.287282
-7.582318
-3.914478
4.562893
4.156219
1.896387
3.610506
4.103987
-0.342032
0.000000
-6.731677
-20.557020
-37.528290
-36.536228
-15.837579
-10.100988
-0.658420
-4.818063
-8.225825
-6.302500
-4.833091
-12.146363
-6.205917
7.326267
5.476702
1.360573
5.572629
8.023893
-50.437061
0.000000
-5.774100
-16.140913
-38.653507
-48.084869
-28.039946
-9.116480
-2.342644
-5.344251
-5.538106
-3.437635
-1.402772
-10.446527
-9.226160
2.263992
4.669533
2.892204
5.926941
5.932215
-48.976608
0.000000
-7.863281
-9.276133
-32.410435
-44.522339
-33.623119
-16.051142
-6.241908
-19.793648
-12.279406
-8.942755
-6.771166
-12.705189
-5.343124
7.317883
5.628344
2.432379
4.536623
8.086354
-28.852144
0.000000
-5.203513
-22.582796
-41.377926
-37.195412
-14.873822
-8.445955
-0.709335
-2.502893
-4.761837
-6.053448
-1.410648
-10.348419
-15.145031
1.782417
7.142700
4.180603
7.654829
9.441133
-24.926435
0.000000
-4.185825
-6.259192
-43.306992
-58.746876
-40.307503
-4.794885
-2.985950
-4.257434
-2.066952
-3.182353
-4.782466
-13.388940
-8.224400
6.031277
6.400690
3.083481
4.962355
9.252498
-26.516220
0.000000
-3.194060
-16.224241
-42.767292
-46.789177
-16.885292
-6.413397
-2.528543
-4.358183
-4.942181
-3.956831
-3.705232
-12.049060
-7.940727
5.068508
6.082022
3.037905
5.160574
9.481624
-7.053607
0.000000
-3.881781
-17.386639
-43.541138
-47.430794
-18.735397
-8.681828
-2.913236
-6.504176
-5.878501
-3.141810
-3.138410
-10.101103
-6.230690
3.925558
5.238739
3.454466
4.179838
6.645387
1.588209
0.000000
-5.507776
-20.228268
-41.609802
-40.953178
-14.542463
-11.764258
-2.831234
-8.294195
-6.715899
-4.792665
-4.257524
-8.950857
-4.539728
5.819311
5.042978
2.815262
3.939423
6.093237
0.212659
0.000000
-4.829473
-22.156841
-40.882126
-44.250721
-17.490782
-9.880754
-2.524638
-6.801919
-8.274410
-5.302872
-3.811528
-10.936713
-5.181786
6.402821
5.520088
2.680801
5.456255
7.654175
-17.798862
0.000000
-4.568728
-21.065104
-41.619080
-48.308193
-20.376631
-9.139488
-2.766302
-6.930772
-7.255520
-4.393826
-2.742143
-10.348768
-5.664984
4.579575
5.036701
2.598999
4.985468
7.128073
-0.043750
0.000000
-6.248188
-21.150892
-41.685818
-44.593990
-18.873062
-12.207088
-2.539341
-8.426949
-6.776658
-4.850760
-4.141725
-10.441484
-4.467041
5.719276
4.801332
2.579504
4.349977
10.510240
-37.669369
0.000000
-6.597444
-4.676953
-25.985382
-44.526505
-36.627949
-11.807518
-2.303930
-6.777118
-4.402256
-4.946472
-5.001925
-12.373177
-2.955616
7.292654
4.731611
0.934858
3.925723
6.977732
-24.312525
0.000000
-4.517340
-17.126995
-45.112156
-50.273788
-20.988842
-6.317581
-2.438598
-4.309481
-4.430978
-3.158462
-1.258163
-14.394847
-11.110123
4.488701
6.848816
3.351456
5.471794
9.299891
-31.722847
0.000000
-5.774362
-12.566671
-40.039356
-51.450718
-27.735611
-7.195095
-2.953813
-8.286303
-1.825935
-1.248938
-4.303218
-12.327740
-7.085304
5.530128
5.443863
2.705069
5.329493
9.538722
-26.310184
0.000000
-4.123109
-9.489346
-33.980690
-42.232300
-20.869936
-5.869718
-2.534876
-4.300813
-2.755311
-1.817207
-2.816331
-14.475590
-10.244320
4.615501
6.214081
2.684856
5.541653
7.707256
-36.273941
0.000000
-3.318262
-14.591136
-41.839073
-45.343945
-17.713596
-7.258625
-2.803160
-4.618063
-4.197032
-1.976110
-5.192933
-11.491945
-6.764763
5.641298
5.313198
2.747032
5.946157
9.186212
-12.589439
0.000000
-4.019647
-17.424664
-39.447056
-38.906868
-13.128388
-10.628235
-2.165900
-4.375789
-6.544724
-3.761743
-3.385811
-13.144648
-9.122593
5.988518
6.190445
2.833990
7.501553
9.372527
-32.508957
0.000000
-5.162363
-14.416913
-39.495052
-48.242115
-22.554232
-7.595212
-2.771811
-4.623190
-4.613219
-1.943205
-4.574960
-11.715874
-6.390179
5.098148
5.202301
3.019365
5.736624
9.053110
-11.607071
0.000000
-4.066319
-21.794649
-40.725735
-39.457203
-12.929172
-11.632084
-1.933268
-4.970248
-5.606302
-4.404447
-4.814548
-13.628131
-6.533798
6.587643
5.874050
4.531101
6.147072
12.429726
-25.529312
0.000000
-4.663919
-18.213999
-42.905762
-46.874371
-17.711626
-6.726817
-2.269305
-3.786019
-8.964120
-5.250528
-4.616609
-10.849710
-4.894516
6.438190
5.493431
4.583925
5.097580
9.870927
-36.054810
0.000000
-3.886019
-18.865318
-48.116108
-51.347958
-21.494551
-7.392741
-2.963702
-4.298020
-7.819318
-4.812716
-4.379911
-8.495802
-4.248352
5.735193
4.818739
4.021307
7.212011
8.899035
1.384841
0.000000
-5.516073
-22.159801
-40.481998
-37.559113
-14.103268
-11.174126
-1.687061
-6.059632
-9.280766
-5.857954
-7.457083
-10.460358
0.077297
8.322227
3.925346
2.847076
7.620018
9.133800
-27.008621
0.000000
-5.685912
-20.344114
-41.443935
-45.370152
-22.123083
-9.446993
-1.872415
-3.847934
-7.766617
-4.327442
-2.545671
-13.584993
-7.802490
6.364182
6.251888
4.541901
6.982929
9.430548
-26.013290
0.000000
-4.846996
-25.734230
-52.283241
-56.784519
-26.241510
-7.197389
-2.999126
-3.483275
-5.022338
1.450435
1.444210
1.432789
1.416973
1.396923
1.320297
-10.409113
-0.629000
3.833456
3.881164
2.393932
0.841050
0.143244
-0.261626
-0.562246
1.305942
0.337822
-1.540492
1.469039
3.546191
4.087442
2.604133
-5.788672
0.000000
0.932753
1.362092
1.326501
1.230401
1.131949
1.017401
0.860140
0.066359
6.371210
-13.253419
-14.286264
-5.086002
-3.910139
-2.185617
2.900951
5.167837
6.261185
6.574147
5.509228
3.232016
0.000000
-0.871618
1.917810
1.591513
-1.986070
-2.271947
-3.000880
-3.318484
-3.855085
-5.440554
-7.967538
-1.662793
-10.882352
-12.062315
-2.319630
3.993153
7.341095
8.008683
-1.254590
-26.804438
0.000000
-0.035679
2.405099
-17.243345
-27.378511
-21.565954
-9.261674
-3.113313
-0.586381
-13.310025
-7.535275
0.876583
-6.552452
-4.740311
1.564209
1.937553
4.059849
6.747209
-1.129250
1.998142
0.000000
-3.676320
-5.321612
-23.547150
-30.493826
-21.685909
-13.332927
-3.192538
-0.072582
-16.417704
-7.545318
-0.658422
-5.309175
-4.309925
1.664131
2.619740
3.942936
4.089046
-2.221273
-39.892220
0.000000
-5.707201
-6.252676
-23.214785
-33.068512
-25.081196
-11.564804
-2.750460
-0.467766
-14.597576
-7.641083
-0.193524
-5.770559
-6.092018
0.006706
2.383247
4.685194
6.198452
-1.511543
-39.760403
0.000000
-9.127468
-7.123130
-16.880001
-22.463825
-25.139807
-19.571684
-2.590181
-0.631644
-11.880831
-6.500448
-1.155735
-6.458870
-6.281088
-0.931942
2.114666
3.165318
7.132820
-0.852232
-42.032936
0.000000
-13.679563
-13.133960
-13.911886
-15.463994
-16.425432
-23.142715
-3.253523
-0.795569
-12.088888
-8.245275
-6.041207
-10.462770
-0.136585
6.911848
2.998806
5.025955
5.539534
-45.425785
-27.583195
0.000000
-5.684840
-4.535620
-18.649969
-36.468006
-38.812103
-23.353682
-1.956870
0.147682
-9.141341
-5.925463
-2.047560
-7.688195
-5.659416
-0.457718
2.244980
3.334707
8.835078
1.035941
-35.098984
0.000000
-12.579354
-11.835704
-12.369101
-13.836699
-14.684273
-22.994272
-0.186583
5.438927
-8.157965
-8.979342
-8.232350
-10.628426
-2.921474
5.639462
3.518631
2.552851
7.898066
-29.770065
-25.441538
0.000000
-3.734516
-3.264657
-5.203693
-22.881594
-38.676388
-39.950825
-19.499626
2.997866
-5.129414
-6.058976
-6.477201
-9.229122
-3.867550
2.650024
2.431858
2.918652
9.066661
1.144123
-38.454914
0.000000
-8.394132
-9.439084
-8.657021
-13.760350
-22.341425
-32.093876
-12.907923
0.053360
-3.289342
-5.598283
-4.822851
-10.762520
-6.218021
2.461323
2.409340
3.036919
7.667719
1.316290
-30.759153
0.000000
-8.233772
-9.291752
-10.908374
-12.190913
-19.749884
-32.375824
-22.477861
6.332557
-5.689311
-8.438128
-7.098810
-10.588944
-4.726402
3.141449
2.831360
2.826899
10.579029
2.247602
-26.240875
0.000000
-8.875435
-9.843610
-9.793687
-11.189766
-17.620747
-33.382504
-17.621128
8.210932
-7.428311
-9.484837
-8.253574
-11.662728
-2.880844
4.946018
3.596668
3.305239
9.483421
-35.689678
-24.210173
0.000000
-6.033815
-5.608215
-6.363626
-11.848080
-25.937193
-38.703323
-20.604250
9.280328
-6.610876
-9.739058
-8.132847
-11.433711
-2.558708
4.798317
3.290573
3.188000
9.164040
-1.128531
-27.116154
0.000000
-6.964410
-6.505593
-6.991101
-10.319293
-21.795031
-36.887550
-20.771582
9.432443
-8.075191
-10.700127
-8.561055
-11.126638
-2.202892
5.263737
3.208920
3.088875
8.918488
-6.000519
-27.740782
0.000000
-6.770413
-5.453444
-5.984505
-9.904535
-25.003649
-42.213223
-28.750074
11.766535
-10.379322
-11.360830
-9.096243
-9.389019
-0.476429
4.925442
3.311413
3.845846
8.038099
0.980343
-24.008671
0.000000
-3.455233
-2.183828
-3.456651
-17.818729
-32.318974
-36.651615
-14.982465
6.834111
-6.082092
-8.260366
-4.792715
-10.113754
-5.112339
2.475433
2.763870
3.485439
9.458572
1.603522
-28.875643
0.000000
-7.982991
-9.044072
-8.237954
-10.714724
-20.323494
-33.982468
-20.749044
-2.529999
-0.502916
-5.836657
-5.214796
-11.025269
-5.911655
2.508965
2.493736
2.714758
7.851009
-3.316667
-32.024033
0.000000
-7.845941
-8.891844
-10.682702
-12.265098
-18.147871
-32.072487
-20.246960
7.159918
-5.701308
-8.903126
-7.117755
-10.603059
-5.196796
2.735310
2.953026
2.670317
10.576809
2.677557
-25.525183
0.000000
-8.442196
-9.504816
-9.261211
-10.785423
-16.925137
-33.117790
-22.624416
7.584991
-6.401396
-9.992361
-8.574501
-11.597223
-3.328152
4.733810
3.560341
2.936832
9.035533
-33.854614
-24.956022
0.000000
-6.293841
-5.199562
-5.756112
-8.746521
-24.281620
-43.121151
-28.804895
12.080799
-10.173606
-11.735683
-9.695454
-9.036222
-0.295094
5.422436
3.867325
3.785316
8.806440
1.644455
-22.081894
0.000000
-2.211149
-1.030164
-2.922718
-17.892929
-33.029026
-37.167519
-17.160053
6.785793
-5.267775
-8.329796
-4.291265
-9.693199
-6.200802
1.688107
2.846191
3.488625
10.882372
2.431257
-29.494263
0.000000
-7.927556
-8.722847
-6.877800
-8.341566
-16.558821
-32.188381
-21.512268
-3.650689
-0.399352
-6.149754
-5.269698
-11.456171
-5.873165
2.304665
2.570152
2.688509
7.420349
1.364249
-31.578077
0.000000
-7.054286
-7.554376
-8.253554
-11.262897
-24.430531
-34.803051
-21.617100
-3.608134
0.777854
-6.148199
-5.418423
-10.680238
-5.846203
2.336330
2.390354
1.967438
3.986686
0.589231
-30.758923
0.000000
-7.012510
-8.125489
-8.565387
-13.547486
-24.114941
-33.070053
-20.401134
-5.296152
2.645472
-4.147800
-4.624761
-11.624346
-7.373001
1.132275
2.476795
2.634209
8.313017
-30.219913
-26.904560
0.000000
-7.758173
-9.587848
-9.678290
-10.222979
-16.009825
-33.839935
-18.106009
10.276683
-9.739660
-12.113260
-9.500305
-9.587408
-1.033867
6.417988
4.260849
2.769896
7.340357
-24.517208
-19.954317
0.000000
0.395032
0.742215
-3.385824
-21.636780
-38.639656
-41.110619
-25.492035
5.652968
-3.025072
-7.162650
-6.583451
-9.491256
-4.410244
1.220535
1.934109
3.033991
10.849797
3.762633
-33.189034
0.000000
-8.379075
-8.836808
-5.669460
-8.390687
-17.222580
-31.502241
-24.919718
-2.779808
-0.386347
-5.710233
-5.104456
-10.287671
-7.698740
0.934341
2.532291
3.453392
8.475591
2.681139
-30.196350
0.000000
-7.895000
-9.091522
-10.310206
-11.138786
-18.225510
-33.218533
-30.004959
4.556309
-2.294223
-8.423495
-6.392109
-9.125565
-5.975368
1.399052
2.744671
2.993900
8.952679
2.834268
-27.148039
0.000000
-7.392770
-8.342233
-10.379444
-16.155243
-20.980692
-25.900047
-16.036037
-3.324256
0.508205
-4.809846
-5.778507
-11.679112
-7.003029
2.518410
3.122242
2.583935
8.689656
2.887556
-26.032122
0.000000
-7.165360
-8.527374
-7.631271
-9.137522
-17.175842
-32.136471
-27.158285
6.530254
-7.419784
-10.518342
-10.049796
-10.104340
-1.425835
6.411915
3.575710
2.119713
8.906128
-23.441572
-23.767012
0.000000
-2.444515
-1.348239
-3.776410
-18.759293
-35.953320
-39.943550
-19.501131
6.170893
-5.850791
-7.938744
-6.284275
-8.635462
-3.511971
3.394817
2.796719
2.359121
8.975783
2.379133
-30.465633
0.000000
-7.653017
-8.275849
-8.492189
-15.238212
-20.677303
-25.417076
-13.050970
0.197308
-2.798359
-5.951730
-3.904509
-9.301979
-6.143414
1.032684
2.494816
2.823225
9.356205
1.614356
-33.351772
0.000000
-9.565116
-10.779988
-11.567703
-12.638181
-18.129181
-29.744614
-13.613038
6.909406
-5.938258
-9.054806
-7.939284
-9.935701
-4.994194
3.485241
2.996616
1.547813
9.488894
2.918561
-27.706738
0.000000
-8.618596
-9.528635
-9.735733
-11.238518
-18.595547
-31.022020
-26.603189
6.532722
-6.236853
-9.362644
-8.973775
-9.354609
-1.953758
4.506603
2.846260
2.041229
8.834599
2.038849
-25.989429
0.000000
-7.077857
-7.304557
-7.215855
-13.159825
-25.591736
-34.710747
-19.574141
3.062840
-5.389169
-8.868263
-5.234993
-8.782983
-3.604431
4.021435
3.138821
2.966177
7.677814
1.110003
-31.026531
0.000000
-6.572610
-6.001922
-15.274320
-26.509012
-31.243893
-23.186724
-4.418610
1.735705
-1.532272
-3.512231
-2.223266
-9.800543
-8.667648
-0.282295
2.825790
2.256878
9.097666
1.747885
-38.661533
0.000000
-11.587331
-12.560104
-13.030423
-14.399444
-15.095785
-21.570202
-0.209618
6.460127
-8.472630
-11.392130
-9.534328
-9.546919
-0.752026
7.261753
4.450010
1.530254
7.883294
-27.248886
-16.608891
0.000000
2.198907
-0.036344
-18.016273
-42.713593
-44.776524
-27.890528
-2.036917
6.372645
-7.110535
-8.323023
-6.283455
-7.598866
-2.375381
3.314278
2.780041
2.435114
7.922549
1.929265
-32.233898
0.000000
-6.508053
-6.582643
-10.352486
-18.542591
-24.167967
-23.390165
-8.929283
2.291023
-4.330823
-5.999816
-0.656057
-7.599291
-8.116137
-1.812065
2.616020
3.164742
9.229904
0.435866
-34.807240
0.000000
-12.138640
-13.032609
-13.318245
-13.909210
-15.873663
-22.906975
-0.159513
8.633512
-11.250744
-13.216213
-10.581845
-7.896864
0.223934
6.542385
4.053890
2.479902
7.360765
-33.078842
-20.493317
0.000000
-3.160603
-1.489118
-22.764885
-44.367218
-36.222538
-15.605839
-1.508909
5.315685
-7.853093
-8.435964
-5.586788
-6.214443
-2.323967
1.563351
2.148216
2.717533
7.196919
0.848274
-47.762241
0.000000
-7.658566
-8.278054
-11.494940
-18.441246
-23.961451
-27.533838
-11.811366
-0.221519
-3.795826
-5.380080
-2.652632
-7.904359
-6.268883
-0.342983
2.565514
2.898081
7.609823
1.290105
-39.313171
0.000000
-10.552044
-12.052713
-12.495287
-13.642841
-14.625725
-26.209862
-5.913929
6.058484
-6.032967
-9.173813
-6.388424
-9.189578
-6.438915
3.437206
3.711121
2.172077
9.239970
2.890161
-28.588680
0.000000
-9.371497
-8.356046
-8.790157
-17.501612
-28.474192
-34.630558
-18.284040
-0.496192
-1.788018
-6.796144
-3.647831
-8.751249
-6.655075
1.933735
3.062031
2.677650
7.790352
2.897099
-34.000721
0.000000
-7.746344
-7.512985
-14.061543
-22.442904
-28.354555
-27.622015
-8.878703
-1.420570
-1.095329
-3.781855
-1.521573
-8.817631
-8.449144
-1.101879
2.326714
1.614044
7.253530
3.547026
-48.317986
0.000000
-11.126081
-12.089764
-12.351748
-13.693705
-14.879540
-20.899441
-0.204830
6.172265
-5.814363
-10.083034
-7.884944
-9.439204
-5.638214
3.997993
4.085960
1.382290
9.133263
-18.856659
-26.819168
0.000000
-9.683364
-6.586254
-7.106618
-20.212517
-34.725128
-42.190166
-24.949169
1.432646
-3.366363
-7.588001
-4.447861
-8.878178
-4.904510
3.432949
3.947376
3.851408
6.427852
4.275905
-24.431160
0.000000
-6.330966
-2.415129
-15.522593
-29.555571
-31.458731
-19.304911
-1.298080
2.220424
-2.395594
-5.342039
-2.675085
-9.367470
-9.037216
0.436771
3.483040
2.427155
8.247103
3.230619
-36.866814
0.000000
-9.144356
-10.299689
-10.061680
-15.972383
-21.176838
-31.087358
-21.471783
2.541171
-4.889624
-9.182972
-5.350352
-7.360738
-6.423714
2.950584
3.448410
2.221920
7.382073
4.858730
-24.630840
0.000000
-8.121551
-5.645495
-5.610098
-15.371636
-26.631065
-31.912228
-17.419250
-1.474550
8.312876
-4.426321
-3.810358
-9.519899
-8.996866
0.599922
3.311485
2.356125
8.360868
4.767573
-38.084816
0.000000
-7.651856
-9.472381
-9.516417
-11.938472
-20.226357
-32.916779
-22.591766
5.563902
0.586029
-8.271597
-7.264616
-7.895272
-6.567215
1.908085
2.950577
1.857552
7.616198
4.281689
-31.811869
0.000000
-8.564408
-9.050468
-10.485732
-11.490026
-14.135900
-28.222023
-25.016937
8.875299
-0.608056
-9.825189
-8.200470
-8.102193
-6.224812
2.659081
3.309166
1.512661
8.105046
4.338241
-30.897778
0.000000
-8.506169
-8.638695
-8.982693
-10.394860
-19.160486
-32.455769
-23.502028
7.035366
-0.392419
-10.681995
-7.285672
-7.780230
-5.348923
2.046406
3.092209
2.633263
8.857841
4.258657
-27.626797
0.000000
-8.847656
-7.803316
-7.322518
-12.968414
-24.649706
-34.513538
-20.754730
0.426558
4.302933
-7.514356
-4.307981
-8.346056
-7.681986
1.252125
3.216145
2.556561
7.674728
4.263813
-31.668573
0.000000
-8.602599
-8.490490
-9.664775
-12.734150
-22.389202
-34.805378
-21.684883
5.208909
2.497752
-7.886982
-5.817899
-8.204325
-7.793602
0.491646
3.298187
2.444664
8.164043
5.152477
-31.406830
0.000000
-8.706676
-10.193071
-10.622053
-11.530929
-16.175003
-30.850138
-29.799671
8.045547
0.851504
-9.316336
-7.889137
-7.834852
-6.260866
1.042530
3.128273
2.404854
8.815681
5.269118
-29.416491
0.000000
-9.558931
-8.889579
-9.582561
-10.513649
-17.186115
-32.350681
-29.871984
10.683979
-0.426663
-10.304636
-8.019382
-8.634018
-6.272953
1.677010
3.691452
2.333908
8.530019
5.299030
-27.587090
0.000000
-8.374993
-7.941173
-7.443126
-8.661658
-18.908375
-32.708588
-25.890995
-3.050756
4.623427
-8.557640
-5.648393
-7.871546
-6.929596
1.875843
3.279278
2.296974
4.705099
3.450027
-30.888594
0.000000
-7.893158
-6.499780
-6.844903
-14.965034
-26.328138
-32.473194
-18.660717
-1.718904
6.297906
-4.670544
-1.744555
-8.528401
-9.171034
-1.020660
3.023636
2.106590
7.166967
4.377651
-44.414864
0.000000
-9.868997
-12.724608
-12.835134
-13.933881
-14.816915
-19.761978
-0.807560
9.986483
-3.752562
-12.232393
-8.558681
-8.075546
-5.785538
2.867901
4.097187
1.986931
8.162441
5.070063
-27.660246
0.000000
-10.224072
-5.784915
-6.304707
-12.301018
-26.354092
-39.304520
-27.677950
4.311630
2.492740
-9.801691
-6.047266
-8.168627
-6.585133
3.209991
4.629627
4.189995
4.572068
3.741068
-25.639400
0.000000
-8.557977
-3.236005
-10.731482
-25.297235
-31.723560
-24.104418
-3.072927
3.519481
5.578845
-4.531097
-0.642850
-6.794830
-11.244261
-2.640900
3.338612
2.204437
8.244625
4.356617
-22.794086
0.000000
-10.631829
-11.707290
-11.580118
-12.734494
-13.358512
-22.103554
-4.224178
7.548734
-6.847850
-13.148036
-8.249283
-8.724422
-2.861385
6.634121
4.791725
1.776590
6.362361
-36.355839
-27.880283
0.000000
-5.944388
-0.054669
-11.262727
-37.496925
-45.672680
-28.287333
-1.400362
7.096555
-0.326900
-8.096254
-3.657143
-3.979452
-5.240477
-0.434391
2.594597
2.896088
7.273238
3.918081
-0.730541
0.000000
-8.475359
-7.699097
-14.355617
-21.226751
-22.815544
-22.565823
-7.317225
-0.001282
0.871184
-5.474640
0.102719
-5.018891
-11.036008
-3.924057
1.995476
2.061508
5.947916
3.917993
-56.991226
0.000000
-11.876038
-13.890588
-13.899078
-15.046580
-15.584352
-17.609055
-3.178309
5.579565
-6.496348
-12.734409
-7.600582
-6.794137
-4.553326
5.031055
4.594778
2.677231
6.372504
3.271470
-29.768333
0.000000
-11.301513
-2.648273
-12.028471
-29.983408
-33.636158
-20.969400
-1.449979
3.896510
2.237593
-6.630242
-1.480513
-6.140741
-10.483463
-2.142803
3.059460
2.139816
7.196644
4.479854
-54.471603
0.000000
-10.919829
-12.738735
-12.522646
-13.669081
-14.258710
-18.182335
-2.827204
7.201952
-5.879478
-13.006567
-7.760000
-7.304309
-5.168221
4.919830
4.733355
1.902481
6.556643
-0.760709
-31.308975
0.000000
-9.983914
-1.234521
-10.886050
-33.032116
-39.322681
-24.338762
-0.975877
7.392527
0.112429
-8.573370
-2.882470
-6.574823
-8.312952
-0.464600
3.005070
2.696503
7.540289
4.920429
-28.974976
0.000000
-9.982604
-12.051140
-11.584607
-12.521933
-13.349567
-26.465151
-17.685495
7.287618
-4.248091
-12.318598
-7.235969
-6.966827
-7.026413
4.067215
4.636223
2.130341
5.373126
3.638555
-28.740999
0.000000
-9.363495
-4.467614
-4.354778
-18.565351
-32.377415
-33.929806
-16.366381
3.060696
3.197766
-7.142662
-1.714820
-5.864872
-9.897642
-1.850449
2.479420
1.959778
7.262648
4.554990
-55.523865
0.000000
-12.156595
-13.045856
-11.670193
-13.617005
-14.877751
-22.299671
-5.312464
7.420928
-6.755999
-13.433431
-7.709057
-10.555809
-3.222710
8.413948
5.652189
1.132553
6.307235
-28.235188
-22.241383
0.000000
1.706664
1.384956
-3.183848
-31.694147
-56.683331
-54.205627
-34.042034
9.483098
4.068638
-10.703647
-8.007972
-7.716415
-2.787514
3.677567
4.130829
3.034622
6.517083
5.174131
-31.671740
0.000000
-8.873985
-5.259925
-3.044100
-10.951263
-23.848829
-32.975788
-14.257297
5.935620
5.793200
-7.392757
-1.856021
-5.043702
-12.408075
-4.264576
3.491043
2.979507
8.248676
6.658657
-7.212118
0.000000
-9.024792
-10.558560
-10.650197
-11.559226
-12.568848
-24.380655
-27.900860
8.647251
-2.632154
-14.057840
-8.207404
-8.285866
-4.759758
4.685020
4.938923
2.934422
6.523434
5.145595
-24.953558
0.000000
-8.021448
0.380990
-1.557617
-24.107355
-38.184185
-35.258923
-12.489516
18.097376
4.855173
-9.355579
-2.307931
-6.149570
-9.873960
-1.697365
2.426514
2.728699
9.208571
7.239010
2.861170
0.000000
-10.046045
-11.384644
-7.542839
-9.856871
-11.250353
-15.443331
-12.251890
-2.317768
2.738590
-11.011530
-6.762708
-8.636520
-7.649361
4.561211
5.197454
3.003046
6.178250
-8.073400
-29.962412
0.000000
-5.046639
1.222415
-2.728066
-30.064470
-45.888943
-35.440296
-8.800903
16.740774
2.117739
-10.642734
-4.358109
-5.216981
-7.496763
-0.618687
2.871265
2.790100
8.081272
6.136053
1.944695
0.000000
-8.191664
-8.413304
-9.703517
-15.130094
-17.300478
-18.299360
-7.460814
0.006312
4.253961
-7.531077
-2.823361
-7.141358
-10.456242
-0.706570
4.504414
2.662983
5.754733
6.077872
0.221400
0.000000
-10.452180
-10.182165
-10.408677
-12.796521
-18.590256
-28.355589
-21.694080
7.228002
0.094372
-10.988549
-5.478416
-7.428036
-8.802332
-0.495697
4.338657
1.824402
7.621557
7.167282
-28.328022
0.000000
-9.642513
-8.823707
-7.753567
-17.700153
-25.209324
-30.047853
-21.151670
-8.866480
7.807192
-5.834087
-1.665919
-6.318930
-8.496901
-1.814560
3.109406
2.094772
5.364882
6.531440
-0.886111
0.000000
-9.263021
-9.225325
-9.495945
-16.334900
-22.082392
-30.119751
-18.091755
-0.362261
2.303212
-9.149394
-4.200762
-7.674198
-8.797857
-0.826714
3.984848
2.027973
6.724236
7.155069
-47.069584
0.000000
-9.058421
-8.720527
-8.376503
-17.605484
-24.322248
-30.224117
-19.488827
-11.450835
8.565384
-5.458117
-2.347111
-7.893490
-9.296923
-0.986763
3.490761
2.285915
5.405128
6.616964
-46.761551
0.000000
-9.053932
-8.544312
-9.202003
-13.465807
-21.294191
-30.787842
-24.098112
1.624511
3.375790
-8.244956
-5.536971
-7.081602
-8.382530
-0.873573
3.833382
1.530678
7.580305
5.877869
-5.053138
0.000000
-8.610489
-8.418318
-11.920507
-21.377209
-27.395241
-29.277456
-15.813224
-1.161439
2.604230
-6.152648
-1.289467
-3.946576
-7.949259
-1.930721
2.672081
1.752815
5.048178
6.313825
-48.346821
0.000000
-8.449480
-7.215781
-7.619226
-15.946226
-23.671535
-29.572607
-13.189110
-0.787263
3.722453
-6.661457
-3.757086
-6.173770
-9.549515
1.881584
3.516567
0.043858
5.171882
4.009822
-43.219643
0.000000
-7.868073
-6.237634
-13.650182
-24.621172
-32.139782
-28.697285
-6.616525
1.563289
0.015967
-5.183734
0.524574
-6.208713
-9.493902
-3.068138
2.133976
1.392727
6.354788
4.137380
-0.807971
0.000000
-11.227533
-12.581827
-12.790749
-14.493338
-15.917165
-17.844431
-2.688044
6.716405
-5.535278
-12.590876
-8.017917
-7.802461
-4.303322
5.873844
4.712849
0.690159
6.394376
-10.339991
-28.744778
0.000000
-6.978279
-0.185712
-4.171974
-26.136913
-46.478966
-45.396732
-24.392649
5.481197
0.214888
-8.584927
-6.361207
-4.766363
-4.327599
2.737644
3.568115
2.343456
5.875571
3.964264
-0.407643
0.000000
-6.615103
-4.287021
-25.374310
-33.320663
-23.250591
-8.131448
0.005232
8.492276
-3.274063
-11.153495
-4.147898
-6.851722
-10.841177
-1.925045
4.064316
1.220509
8.593185
4.282837
-36.868748
0.000000
-8.007044
-8.034882
-8.456016
-22.693096
-35.470005
-39.095444
-32.907074
-4.294027
8.212613
-5.947609
-3.951126
-5.791872
-6.332323
-1.353088
2.011101
1.987282
7.179286
6.172226
-25.313305
0.000000
-9.164324
-11.215202
-10.795014
-15.885154
-20.556023
-28.779846
-15.061628
9.140969
-1.582556
-10.587661
-7.310627
-8.805456
-7.211143
1.995152
3.974796
2.100723
8.205099
5.797629
-28.217367
0.000000
-10.191203
-7.955623
-8.939896
-12.103315
-22.315235
-36.729706
-31.071428
12.175318
0.676236
-9.985548
-8.548085
-8.561864
-6.120541
0.856022
3.879078
2.421131
8.904168
6.278181
-31.447731
0.000000
-8.587782
-8.906949
-7.171985
-10.249074
-18.970955
-31.507790
-29.099972
-5.881113
7.172880
-6.773129
-5.975891
-7.377968
-7.469212
1.294643
2.865150
1.747501
6.474160
4.472227
-31.058483
0.000000
-7.811368
-7.591296
-8.094151
-14.624655
-25.526794
-32.721279
-19.313454
-0.669992
3.144870
-6.285813
-3.287807
-7.706586
-7.398642
0.215267
3.076900
2.443775
6.614698
5.021197
-33.760120
0.000000
-8.501468
-9.078897
-9.359554
-13.569939
-20.719042
-31.819878
-19.897423
6.009182
1.338282
-9.554727
-6.407857
-9.612464
-7.346725
2.767452
3.774925
1.961658
7.728699
4.624614
-28.576422
0.000000
-8.925040
-7.551613
-8.808224
-11.245432
-22.341265
-35.445034
-25.856285
9.943426
1.240352
-9.703527
-7.510735
-9.220533
-7.058002
1.697567
3.797935
2.246090
8.807064
5.474841
-28.780167
0.000000
-8.057175
-9.092339
-8.741307
-9.791912
-17.473045
-31.786179
-30.797831
3.869896
4.011396
-8.924971
-8.621230
-8.470602
-5.560513
0.000000
1.521929
1.450641
1.370719
1.309471
1.284608
1.263911
1.195351
7.053513
-8.996037
-5.385958
-0.009424
0.296644
-0.206519
-1.075038
-2.322145
-0.840105
3.097824
5.719990
1.132250
0.000000
2.026610
1.278451
1.292952
1.640723
1.400666
1.202287
0.651352
13.593509
-1.646946
-8.963370
-3.335820
-0.727994
-2.032696
-2.447034
-5.141413
-4.156672
4.214310
0.299400
-35.508434
0.000000
-1.386994
-1.249053
-1.730791
-1.800475
-2.444782
-3.712181
-2.328801
9.880010
-0.785709
-8.483887
-0.968892
-1.070536
-1.706227
-1.304795
-5.639275
-11.393314
-0.209038
-1.420668
-35.650230
0.000000
-0.530015
0.391192
0.505910
0.640084
0.223240
-2.256666
-0.480162
10.698013
-1.827023
-9.531578
-1.217550
-0.504896
-2.189411
-1.529949
-6.549334
-5.937893
1.649296
-1.364799
-35.537777
0.000000
-1.088228
-0.306118
0.187050
0.374839
-0.556390
-2.663518
-0.927767
9.669260
-2.003551
-9.281906
-1.564685
-1.121879
-1.786927
-1.006381
-5.975121
-13.102556
-0.467688
-1.999727
-36.654968
0.000000
-0.535651
0.521894
1.045178
1.076372
1.067379
-1.152728
0.562270
11.893568
-1.269145
-9.756688
-1.658424
-0.244638
-2.166321
-1.747356
-6.935726
-6.758966
2.098248
-1.507790
-38.782162
0.000000
-0.982882
0.516717
1.555855
1.441638
0.223624
-1.275317
-0.377606
8.014193
-0.127778
-8.310430
-1.219241
-1.178824
-3.359325
-2.226250
-5.334249
-6.065521
1.799995
0.909021
-33.412113
0.000000
