0.000000
11.941819
11.136118
11.021026
10.942667
10.612989
9.794317
13.622581
11.232340
22.496109
23.114408
21.067249
20.362823
20.512880
20.060858
8.116389
1.525323
-5.525458
-0.626068
-0.590378
1.182728
1.142431
0.696592
0.808057
1.301169
0.883395
0.425388
-1.679097
-1.112758
0.000000
-4.263641
-5.903671
28.690533
28.803505
23.900837
7.510595
1.398309
-5.667305
2.000675
2.494255
-3.536999
1.364542
1.389391
0.981893
0.570131
0.094814
-0.114117
-3.164816
-1.198476
0.000000
-0.983631
-2.441910
28.451729
29.048639
27.910879
19.701031
2.680867
-3.612390
2.090919
1.473365
-2.217421
2.209055
1.479149
0.620182
0.218602
-1.404825
-1.826580
-4.369547
-3.635222
0.000000
-4.639420
-2.847557
27.290434
26.854832
25.054535
16.527939
1.312141
-12.236343
3.863366
3.688210
-3.088142
2.361892
0.756627
0.399165
-1.325458
-3.141144
-3.123255
-3.617130
-0.424093
0.000000
-4.163698
-5.414009
26.853632
26.756947
21.615707
5.411083
0.949208
-13.464779
3.316230
3.223303
-3.100419
2.267339
0.899224
0.549476
-0.843942
-2.493850
-2.470775
-3.803213
-0.903119
0.000000
-3.718109
-6.965569
27.806890
27.552048
21.944122
1.261570
1.014822
-11.673378
2.893867
1.892471
-3.674570
2.136167
0.995798
0.774212
0.385390
-1.258093
-1.810887
-3.913714
-0.958432
0.000000
-4.922247
-8.583546
28.210690
27.918173
23.767344
1.494365
0.997896
-10.154505
2.431415
1.522843
-3.551551
1.928079
1.016435
0.945790
0.024144
-2.078822
-2.222356
-3.070809
-0.403478
0.000000
-5.835322
-9.470104
27.768887
26.884066
24.171322
8.650262
0.782467
-11.160542
3.204467
1.666989
-4.334402
1.940794
0.562470
0.506833
0.500138
0.368800
0.065328
-4.179655
-1.284521
0.000000
-2.553289
-7.898537
28.332138
26.683918
19.486345
-0.723126
0.732522
-7.946152
1.314211
-6.100637
-2.895258
1.365301
2.094563
1.510922
2.024481
-1.038930
-3.380440
-5.523612
0.873460
0.000000
-7.300994
-9.275187
27.003622
26.407291
22.180340
8.907116
0.613464
-13.254600
2.947188
1.822624
-5.442926
2.068145
0.459229
0.637403
0.696632
0.566183
0.109038
-4.353105
-2.292884
0.000000
-2.009454
-8.207623
26.501112
24.383511
18.557737
-1.761419
0.429955
-6.794478
-0.188608
-7.125598
-2.977416
1.073186
1.776841
1.545936
3.140296
0.349481
-2.914043
-5.736548
1.535266
0.000000
-8.777082
-12.772314
26.254726
26.090572
23.898602
10.291469
0.213028
-13.955161
2.568721
1.529683
-4.986800
1.185636
0.713874
0.967897
1.200084
1.173685
0.535475
-4.531294
-2.957177
0.000000
-0.656205
-7.269722
23.822142
22.689295
16.599733
-3.118328
-0.091872
-6.838091
0.341822
-6.229539
-3.697942
0.803978
1.534181
1.639613
4.104971
2.511197
-2.030415
-8.010279
-0.069384
0.000000
-8.636799
-12.290138
25.545143
23.931881
19.386610
-2.817830
-0.349962
-10.694900
1.675805
-1.335891
-5.029221
0.748639
1.812632
1.906237
2.903531
2.434990
1.019687
-4.560373
0.707430
0.000000
-7.998407
-11.865284
27.946756
25.629833
23.980120
0.793228
0.437415
-9.170199
0.406271
-6.336130
-4.500835
0.938504
1.921736
2.006716
3.063198
2.456756
0.069377
-5.107049
3.395585
0.000000
-9.317538
-13.134941
27.531872
25.938492
23.498985
6.869119
0.434593
-9.978893
1.893977
-3.017187
-4.965648
0.811269
1.240708
1.531660
2.393940
2.412843
2.128015
-4.360317
1.624751
0.000000
-6.039778
-9.728376
26.398590
23.496351
21.849300
1.184249
0.193356
-9.303361
1.966555
-6.286375
-3.288475
0.480557
2.139669
2.043243
3.465927
3.492714
0.734505
-7.010297
-0.852651
0.000000
-6.641591
-9.949558
25.160664
23.100727
11.514167
-1.134812
-1.134488
-10.163422
-0.619540
-3.043474
-5.253446
0.799003
1.958176
2.095133
1.591094
1.374492
-0.311582
-1.289368
1.612291
0.000000
-14.092631
-15.359345
24.671965
24.801718
20.903790
13.258283
0.056583
-11.303530
2.281611
1.249104
-6.157781
-0.204339
0.353717
1.373169
2.109774
2.235937
2.060354
-1.847042
0.666040
0.000000
-4.015438
-9.905470
25.996109
20.343994
10.863815
-1.318377
-0.773402
-7.520456
-0.571514
-6.547564
-3.964476
1.084773
0.923306
1.778818
3.781302
0.005830
-0.772778
-6.478491
1.572416
0.000000
-10.885862
-14.522858
26.966236
24.962086
21.886993
7.666809
0.199779
-11.566886
1.968405
-0.216519
-3.902479
0.675669
0.969587
1.180369
1.901423
1.350093
0.200580
-3.814715
-1.773174
0.000000
-5.977561
-9.276979
19.688477
25.707848
23.027786
7.455764
0.432093
-8.364799
1.017414
-5.728892
-5.145599
0.719072
1.207266
1.478152
2.489168
2.542088
0.750679
-4.541762
1.678966
0.000000
-8.624537
-12.846846
27.344078
25.161608
22.663549
6.283131
0.373536
-9.134171
3.023502
-4.987226
-5.385797
0.952332
0.863982
1.329205
2.465044
2.770536
1.452905
-2.551004
2.936841
0.000000
-7.580909
-11.684406
27.876104
24.662342
21.734306
2.016142
0.166445
-10.762451
1.429541
-4.730753
-5.390597
0.606305
1.401945
1.621214
2.659380
3.102624
1.494680
-5.375702
0.344745
0.000000
-5.787981
-10.473751
25.689417
21.877010
17.733433
-2.211407
-0.881960
-8.964721
-0.616057
-6.102912
-5.291821
1.085957
1.502400
1.865977
1.657064
1.688639
0.346234
-3.311250
1.893145
0.000000
-13.124881
-16.162722
25.082355
25.408485
21.682337
12.614307
0.076147
-13.262267
2.187404
-0.454305
-4.117748
0.085405
0.950132
1.340416
2.214158
2.404642
2.048104
-2.333820
1.610663
0.000000
-5.058638
-10.232038
27.006172
24.587271
19.753454
-2.505949
0.109290
-8.192494
-0.543782
-6.485084
-5.355012
0.835502
1.828630
1.978580
3.550081
0.006563
-1.541139
-6.613903
1.150545
0.000000
-10.795181
-15.765516
27.296637
26.111382
23.013979
6.153017
0.265183
-12.526736
1.667397
-0.564200
-4.729488
0.248491
1.453688
1.578037
1.950825
0.698441
-0.114632
-1.574606
0.335488
0.000000
-9.765793
-9.614212
11.988854
24.760695
22.386671
14.470957
0.159259
-14.052740
3.796678
-0.401030
-2.457225
-0.091166
-0.536013
0.800259
1.935240
1.936888
3.066271
-3.058692
-0.565514
0.000000
-6.459320
-11.593168
25.698318
22.766651
17.604689
-1.713246
-1.165915
-5.355758
1.069206
-5.255955
-2.133919
0.612044
0.771694
1.125125
2.759290
2.048321
-1.221200
-8.839685
-0.907712
0.000000
-10.035189
-15.536436
26.287962
23.953896
22.233368
-0.305573
0.240712
-9.559686
1.571477
-1.369554
-2.659968
-0.281799
1.662381
1.323866
1.992073
1.557193
-0.162958
-5.130919
-0.588082
0.000000
-9.803415
-13.807259
26.269648
27.857969
24.952150
14.146058
0.530356
-11.971869
2.207821
-0.577945
-2.146515
1.081982
0.843081
0.951633
1.559287
1.470527
0.546326
-5.767738
-1.877312
0.000000
-7.433419
-12.212606
25.097786
26.418644
23.087896
5.783964
0.522243
-11.099365
1.393541
-1.088165
-2.321634
0.976647
0.413033
0.923175
1.919878
2.172142
0.329950
-5.575144
2.350936
0.000000
-7.218787
-11.837200
26.203959
25.291843
21.810837
14.246084
0.225701
-11.879833
2.261300
-0.671775
-2.468494
-0.183640
0.408517
0.922364
1.798275
1.922320
1.835900
-3.740651
0.288793
0.000000
-5.687797
-10.917273
27.765732
23.571890
21.446817
-2.185127
0.211748
-5.653279
-1.486489
-6.557257
-2.289556
1.040586
1.062752
1.202711
2.494003
0.390568
-1.738822
-5.780251
1.144455
0.000000
-11.882425
-15.622269
26.121437
26.284975
22.716118
12.913910
0.295246
-11.537292
2.498886
-0.072665
-1.690290
-0.741494
0.817893
0.938653
1.719999
1.738132
1.710286
-3.617484
0.171986
0.000000
-5.875232
-11.288855
27.781162
26.173872
22.830624
7.022167
0.305135
-8.852968
1.843187
-1.016198
-3.695364
0.213953
1.328426
1.208136
2.162793
2.630336
0.593780
-6.528542
-1.441821
0.000000
-6.131190
-12.161219
27.438236
25.186630
21.822845
-0.897615
0.184001
-8.384922
1.550378
-1.428302
-2.882452
-0.133018
1.524958
1.148484
2.333794
0.835075
-1.113034
-5.961022
-0.619871
0.000000
-10.791712
-15.061026
26.929863
26.531868
23.707485
11.248688
0.478510
-11.615213
2.659498
-0.033514
-2.033448
-0.260301
0.764353
0.819596
1.474966
1.386819
0.827013
-6.152609
-0.148287
0.000000
-7.553904
-12.859957
27.409395
26.723061
23.162937
8.260968
0.468885
-10.905974
2.555737
-1.124483
-2.734274
0.283973
0.567479
0.895506
1.797783
1.371228
-0.205826
-5.839630
-0.091636
0.000000
-8.960583
-13.831053
26.659077
26.710987
23.350250
9.552113
0.480501
-11.871662
3.323812
-0.895579
-2.589844
0.115337
0.541349
0.830480
1.790830
0.627525
-0.801651
-5.099780
-0.223957
0.000000
-11.216049
-15.140666
24.591694
26.724918
23.214472
10.307364
0.412282
-13.706324
3.933182
-0.373539
-2.518539
0.162109
0.294702
0.541957
1.454797
0.661796
-0.162938
-5.205524
-0.402053
0.000000
-10.742551
-15.503559
23.467312
25.691376
22.837500
10.296507
0.397178
-15.195495
-6.811378
0.665267
-1.616151
0.635016
0.587598
1.051919
0.025248
-0.154889
0.326719
-0.236116
0.834767
0.000000
-12.660648
-12.392164
15.691105
22.534739
19.158855
14.163658
0.977487
-15.335241
4.171392
2.626866
0.723539
0.798820
-0.948219
-0.225388
1.501941
2.292308
5.998353
-1.994901
0.044219
0.000000
-6.032016
-12.758821
24.325687
22.572998
8.661861
-0.011462
-0.022047
-4.897312
0.721148
-6.073967
-2.877999
0.355740
0.696295
0.004783
1.811760
1.466734
1.028981
-0.702141
0.216370
0.000000
-11.875170
-13.612770
25.885878
25.799337
22.050138
18.592644
0.491709
-11.034910
1.474100
0.608223
-2.057402
0.672066
0.633632
0.631402
0.429544
-0.851659
-1.531723
-4.476893
0.480722
0.000000
-14.078173
-15.699152
24.638950
26.199343
23.323280
12.500645
0.436040
-14.105127
3.032322
1.516641
1.199274
0.662749
-0.580761
0.249422
-0.039329
-0.760158
-0.857237
-4.826393
-1.073111
0.000000
-12.399807
-15.090948
18.495544
26.100075
22.045427
9.545838
0.390155
-14.764918
1.594467
0.105951
-0.149124
0.526153
0.360129
1.088408
0.074324
-0.277671
-0.196903
-1.762144
-0.853378
0.000000
-10.652534
-13.810977
20.618221
25.447433
22.036869
12.305356
0.290441
-9.883004
1.169538
-0.187106
-3.204169
0.096049
0.174976
0.436042
0.093403
-0.382151
-0.866045
-4.159888
0.282944
0.000000
-12.314987
-15.901439
25.186970
25.741898
23.255936
14.248862
0.453586
-12.188471
3.211057
0.247102
0.806511
0.369637
0.080759
-0.686899
-0.826152
-1.077701
-1.688599
-2.585662
-1.264336
0.000000
-10.221089
-13.481759
18.899786
25.262373
22.083338
11.953253
0.331520
-12.489386
-19.814325
0.192956
1.007446
0.581063
0.141528
-0.855534
-0.178876
-0.506951
-0.595934
-1.448762
-0.717614
0.000000
-10.653738
-13.781395
18.695890
24.990602
21.775942
12.493870
0.297037
-12.506703
-5.259577
1.174253
0.530835
0.866391
0.667722
-0.673223
-0.364630
-0.736197
-0.537139
-1.034869
-0.779594
0.000000
-10.701626
-13.358956
16.273582
22.835957
20.904583
12.493679
0.322934
-12.936029
-14.718376
0.643267
0.233381
1.146426
0.349605
-2.184103
-1.327335
-0.919634
0.763100
-1.018522
-0.739142
0.000000
-9.619837
-13.901640
17.146708
24.500843
21.113726
11.062323
0.277778
-11.597594
-13.414129
2.062535
-0.532492
0.637298
0.554275
-0.147683
-0.290671
-0.725881
-0.319929
-1.554647
-0.838862
0.000000
-11.763885
-15.204546
20.956497
25.082884
22.528603
13.998650
0.403118
-11.499065
1.245628
0.350761
1.233205
0.904691
0.801259
-1.459778
-0.667071
-0.969069
-0.354613
-1.431765
-0.888846
0.000000
-9.516302
-13.295593
19.863016
25.101883
21.833410
11.797109
0.405056
-11.020039
-11.363987
1.638784
1.138566
1.476432
1.119361
-0.616537
-1.277536
-1.651037
-0.708861
-1.001147
-0.818870
0.000000
-9.055353
-12.725433
17.340792
23.432249
20.350418
11.251047
0.464394
-12.014141
-7.222219
0.643650
0.162572
1.678554
1.459682
-1.210477
-1.980134
-2.097920
-0.559654
-1.773540
-1.410074
0.000000
-8.539334
-12.735600
21.031372
24.598574
19.877136
9.963701
0.467270
-10.842587
0.618158
1.835049
0.347304
1.489804
1.183675
-1.127459
-2.478431
-2.694777
-0.060671
-2.236210
-1.655999
0.000000
-1.901536
-6.920510
14.397491
27.023415
24.125412
12.577846
0.640223
-8.999754
-1.882416
1.207450
-0.165280
0.864831
0.405663
-0.376239
-0.411045
-1.337300
-1.364343
-2.830926
-1.339293
4.097829
0.000000
-10.765491
-8.244066
26.450094
24.061333
16.848061
0.705465
0.470004
1.728012
2.647492
0.708915
1.205276
1.210051
-2.010602
-1.456427
-1.768153
-1.894368
-2.327294
-0.989185
4.883205
0.000000
-12.487028
-8.957018
23.888290
21.376812
14.829866
0.656540
0.251861
1.768777
3.538393
1.163535
1.508255
1.096153
-2.253016
-1.859929
-1.902995
-1.369493
-1.606238
-1.012771
4.851254
0.000000
-13.627956
-10.203697
22.169874
20.022865
12.288755
0.546282
0.253832
1.666313
2.998248
0.766740
1.536654
1.430640
-2.001561
-3.063017
-2.738807
0.673464
-3.439509
-2.334527
1.687153
0.000000
-8.194734
-8.916716
26.803205
23.409084
10.113655
0.660717
0.613734
1.564537
2.284033
-0.225824
1.678602
0.366208
0.117015
0.467602
-1.175973
-1.346886
-3.989789
-0.716292
5.065414
0.000000
-12.266306
-7.921160
26.718277
23.652180
18.903599
1.000004
0.676314
1.839419
0.453583
1.190619
2.045101
1.519285
-0.665911
-2.370535
-2.818389
-2.192894
-2.505575
-0.728336
3.917434
0.000000
-9.757622
-7.529756
20.243103
21.598120
15.399673
2.586522
0.269520
1.964588
3.425436
1.962009
2.131625
1.317392
-1.166950
-1.799674
-1.975372
-0.901752
-2.433877
-1.226737
8.453691
0.000000
-15.475241
-11.116548
25.613335
22.147631
12.021472
0.561972
0.497541
1.512119
0.488191
-0.996919
1.910645
1.684621
-0.456822
-2.265915
-2.746996
-2.230243
-2.295242
-1.045288
2.441510
0.000000
-9.676846
-8.014914
21.016586
22.005316
13.623363
0.805405
0.427848
1.919609
3.103591
-0.538138
2.158735
1.331067
-2.159265
-3.404279
-3.021049
-0.382991
-3.450925
-2.155337
3.689316
0.000000
-10.452834
-9.199562
26.934502
22.609425
10.705036
0.763702
0.721758
1.447772
1.987334
0.442263
1.492103
0.652428
-0.075873
-0.788709
-2.045578
-2.101902
-3.543848
-0.722182
2.191603
0.000000
-8.162601
-5.131683
25.768158
23.919798
19.407848
1.224519
0.741827
1.870346
2.371606
2.517450
2.130307
1.515571
-0.399511
-1.676731
-2.381671
-1.807913
-3.162141
-0.169761
7.358678
0.000000
-10.595776
-7.026118
24.032639
21.811953
17.114145
4.181454
0.440318
1.574376
2.610695
1.151349
2.155882
1.194460
-1.021694
-1.793720
-2.484486
-2.376863
-4.227379
-0.718527
5.110425
0.000000
-15.627619
-9.814764
24.413757
22.412083
15.665327
0.542507
0.531808
1.755055
2.481014
1.610291
1.527719
0.367599
-0.964138
-0.992628
-2.036864
-1.640330
-3.526377
0.063375
4.947967
0.000000
-11.072530
-7.727585
24.443193
21.937040
18.094149
1.070354
0.509210
1.747331
2.627037
2.530594
3.608523
0.683543
-0.234381
0.019377
-1.818818
-2.500168
-5.585178
0.053967
10.475927
0.000000
-15.365026
-7.845446
24.873230
21.460323
16.959045
0.551651
0.587588
1.542499
1.612346
-4.350390
1.647460
0.327467
-0.152380
0.198215
-1.177681
-1.262243
-6.173778
-0.096932
3.652246
0.000000
-9.826715
-5.368332
25.484142
23.409092
18.959198
1.236694
0.709625
1.662491
1.833342
-2.407798
2.381375
1.120728
-0.450609
-0.862139
-1.834350
-0.901714
-3.578783
1.190720
0.935348
0.000000
-8.625201
-4.742461
24.201828
21.420805
17.887386
4.660935
0.527518
1.115169
1.919218
1.800338
2.525851
1.786942
-2.177072
-1.942943
-3.143860
-2.274364
-4.325689
0.294640
7.165245
0.000000
-13.509675
-8.022861
23.550638
21.530390
17.623352
1.143798
0.551494
1.798095
-3.279756
3.271096
2.534476
0.125479
-0.194306
-0.606548
-2.041824
-3.024804
-7.279501
-0.310595
8.188598
0.000000
-13.078518
-8.138521
26.630341
23.577028
15.989084
0.714671
0.701719
1.312368
-0.382311
2.047882
1.777407
1.116971
0.204919
-1.836755
-1.253403
-0.927231
-4.461180
0.675775
2.671041
0.000000
-4.482158
-4.220338
24.062078
22.318699
18.897724
5.884725
0.159822
0.423067
-1.125132
-3.926463
2.202705
1.456471
-0.877237
-0.210342
-1.346419
0.329444
-6.138470
0.197334
9.064434
0.000000
-8.602816
-5.922125
23.063791
20.611481
15.808015
0.486524
0.556977
0.685063
-0.623930
-2.879410
0.739884
0.309431
-0.402429
-2.597716
-0.112242
-1.855076
-10.785671
-0.579456
8.024582
0.000000
-3.795443
-1.825157
24.638035
21.881233
18.574253
0.777168
0.827616
-0.035190
-1.196625
-1.261230
2.291922
0.938562
0.035129
-2.372891
-2.275690
-1.650345
-5.783800
0.513896
4.591800
0.000000
0.777143
2.748617
23.715445
21.921894
18.188173
3.983042
0.591929
-2.402922
-3.347482
-3.307291
2.322005
1.182166
-0.393005
-0.541897
-2.281193
-1.022956
-6.358102
0.329145
8.023241
0.000000
-2.890154
0.424017
23.564156
21.272123
17.432835
8.925069
0.499242
0.045158
-4.874824
-0.595255
3.232350
1.215237
-0.242144
0.131533
-1.147242
-1.884421
-5.148359
1.156557
16.256002
0.000000
-4.762474
-1.592325
22.002937
19.872967
16.616161
7.852558
0.340312
-0.456496
-3.674294
-2.050679
2.101769
1.277549
-0.431045
-0.091096
-1.828941
-0.381767
-6.925799
0.384192
8.825714
0.000000
-3.949339
-1.582550
21.416632
19.283175
16.113827
3.162976
0.454396
-0.907708
-3.229012
-2.987636
1.797934
0.515544
-0.868200
0.940891
0.495273
0.262463
-6.294581
1.365673
11.367499
0.000000
-4.111343
-0.650446
20.365767
18.671562
15.334914
7.424721
-0.174027
-0.741070
-2.626506
-5.155067
1.424167
0.540989
-0.392728
-0.617995
-1.613419
-0.604026
-3.637830
1.914330
12.254452
0.000000
-4.809878
0.066164
18.374079
16.248707
12.453814
3.251112
-0.923371
-0.526928
3.233456
-9.942698
-1.460955
-0.464781
-1.481718
-2.669786
-1.622823
2.837575
-2.466991
0.948375
4.190238
0.000000
-5.663095
-2.875410
12.794748
7.374315
-2.333249
-12.391901
-6.012188
6.508162
-8.733789
-1.230558
4.007860
11.138076
12.722459
0.000000
23.012966
10.038773
8.783026
6.899096
4.993787
3.636149
2.353430
2.817028
1.882203
2.433812
11.374552
11.033892
10.717909
10.899033
10.407730
10.078557
9.902922
13.694070
11.534685
20.444351
21.287842
20.151564
19.209667
19.286869
19.376915
13.744997
3.512434
0.713865
-0.615519
0.253713
-0.455739
0.802014
1.613132
1.469429
1.138118
0.566761
0.001305
-2.288004
-1.850843
1.445040
0.000000
-5.827679
-4.736362
29.183105
27.506474
11.778318
1.549867
1.477142
-2.423661
2.562837
-6.171074
1.796946
2.297059
1.002998
0.928155
-2.206499
0.139512
57.079380
43.915245
45.026169
0.000000
9.069125
14.967481
25.733891
23.201221
19.036465
6.321667
0.785238
1.100948
-1.022088
-6.743151
-17.866838
-1.136871
1.572079
1.066592
-0.056902
1.077981
2.633998
3.549778
45.425270
43.733047
0.000000
5.931300
7.111415
12.114904
15.205372
10.581866
3.211066
2.156837
5.701128
-0.621914
-6.913521
-1.358000
2.899936
-0.162546
-2.556978
-2.747745
0.420887
3.316674
2.376683
35.516369
0.000000
-5.946709
-2.271778
19.196058
19.020258
18.704563
2.595786
1.370800
-1.780916
3.145966
-6.153396
-1.658905
3.733199
0.228749
-1.651834
-7.213119
-3.779242
-2.351905
-2.312035
-1.878193
0.000000
8.255451
27.423134
17.373962
15.043333
8.426971
2.443609
2.167945
-11.561552
0.173409
-0.780559
-1.674479
-0.277154
-0.359931
-3.706415
-11.078083
-7.775379
-2.166806
-2.608375
-5.493035
0.000000
12.848192
34.216331
23.175556
18.577061
18.358969
11.644688
2.074201
-15.373423
-2.884818
-1.529862
-2.207613
1.887431
1.337788
-2.610672
-10.263065
-6.149711
-1.330420
-2.105151
-9.348849
0.000000
10.748653
23.764076
27.160702
23.860334
20.171606
1.745232
0.333389
-10.342963
0.173424
-1.148657
-4.011935
1.216760
0.029341
-3.281785
-9.207952
-4.650081
-0.247926
-1.173505
-5.655425
0.000000
7.528299
16.259247
23.492689
19.330011
2.569528
1.766783
1.672337
-6.566514
-1.192367
-5.507957
-2.578073
1.335514
-1.098709
-3.957909
-5.922756
-2.190863
0.040494
-2.167758
-1.106834
0.000000
11.557552
21.039585
21.722582
18.011536
14.010334
1.208694
0.639097
-15.697928
-1.932478
-8.919682
-11.559937
-5.691717
-4.495394
-9.640046
-10.424141
-7.809613
-0.760896
1.773079
-2.729287
0.569749
2.106448
1.390084
1.143447
14.451296
-1.195856
-6.632309
9.516409
-1.511503
0.000000
10.968448
10.378047
10.246655
10.274622
10.207660
9.891590
9.210783
13.545897
12.212026
23.713657
23.734915
23.044334
22.433281
21.849125
22.002102
21.985374
20.497503
15.541726
2.667612
-2.083394
-0.977905
-1.578632
0.799872
1.604623
0.854802
-0.062971
0.730426
0.650649
0.179486
-0.131194
-0.654851
-0.842590
-1.097661
57.739311
43.271053
38.879044
45.830299
54.774017
0.000000
2.142860
2.661171
2.609763
2.497897
3.934696
2.411922
2.279980
2.093367
1.746625
1.664183
30.611956
-5.532741
12.732196
37.793564
1.785566
-3.745268
-5.224748
-6.477362
-4.068390
1.594152
10.560319
11.550189
-0.831789
-0.614985
-0.810678
1.179156
-7.681057
0.000000
11.387414
10.948430
10.579123
10.441979
9.667336
9.377029
8.849668
8.383464
7.804603
7.552620
7.393025
6.735804
6.387992
5.817572
5.379309
4.739402
4.054706
3.510152
3.414288
4.563482
3.625037
2.993277
1.716911
0.975639
0.682873
0.448408
0.459422
0.377017
0.785594
2.296999
1.800302
1.097301
1.196628
1.315083
1.163567
0.831144
0.172859
-1.348614
1.558260
11.020707
8.471863
8.119994
7.919264
8.045899
8.053429
10.356319
12.945373
13.046097
22.804731
22.253107
22.480505
21.356388
20.918161
19.095730
19.326906
18.692249
15.513227
5.139306
-0.570922
4.155312
-11.128678
-1.918281
1.334487
-3.943298
2.707429
0.906147
-2.226644
0.528270
0.744058
0.503939
0.526898
0.336957
0.231578
-1.393374
-2.316812
-0.310769
0.990192
9.073770
41.589603
33.652279
33.030853
60.000000
58.689674
58.145828
4.990312
26.243452
14.691685
28.401684
23.861979
59.357586
0.000000
-2.354910
-2.196348
13.811639
11.119674
11.147076
10.812037
10.437164
9.972428
9.649909
12.563290
10.130636
22.629467
22.412657
21.199572
21.314859
20.757307
19.317669
7.536513
6.354168
3.208535
2.143113
20.640852
24.226763
-1.672449
-5.111576
-0.163713
-0.739821
2.436876
0.990862
3.912548
3.038025
0.000000
11.257135
11.403739
11.052938
10.687553
10.129368
9.805922
9.491359
9.420291
9.189490
9.036423
8.895234
8.995146
9.107878
8.864023
9.232027
9.286273
9.352383
9.333176
8.782713
9.068254
9.314743
7.424669
4.952179
1.562235
-1.869087
-5.901323
-6.749809
-5.127684
-4.035714
-7.344445
-9.405187
-2.261341
4.780289
11.470984
15.791269
17.146955
16.618904
12.864016
8.754371
11.238871
9.514981
9.167291
9.222091
9.120356
9.081866
9.172500
9.155438
8.982498
9.257894
9.161123
9.220070
9.410301
9.481543
9.753394
10.076069
10.313646
11.013999
10.527160
11.113222
9.489160
5.296371
0.036414
-5.846109
-8.141160
-7.588267
-7.153170
-6.758470
-5.643999
-1.002302
-0.531148
-0.302023
-0.059448
0.234495
0.503878
0.902907
1.663527
6.546680
0.352630
0.126077
0.123601
0.075315
-0.044826
11.090723
10.879494
10.554635
10.573357
9.930858
9.612374
9.254510
8.998146
9.059229
8.826994
8.819756
9.007241
8.890703
9.111179
8.915497
9.288682
9.434764
9.497138
9.775160
8.384283
5.306275
2.158365
-0.953664
-2.722692
-3.656072
-4.116229
-3.796755
-3.552421
-3.488720
-3.516273
-3.506912
-3.355789
-3.180197
2.397087
16.138832
2.560644
2.432326
2.279557
-1.052886
-0.657153
-0.913945
8.792375
7.538223
6.971585
6.649361
7.365683
9.495959
13.324287
12.795231
13.213162
20.868343
20.912859
20.966963
19.384644
-2.918036
-3.407384
-3.009218
-2.630989
-2.499015
-1.582180
-0.037747
1.470262
4.588743
8.967279
12.959827
7.394115
-14.415848
-34.191792
-34.615276
-21.030643
-17.768822
7.532833
20.318520
10.579223
9.866303
9.592682
9.185925
8.788780
8.382411
8.174423
8.419703
8.501664
13.655101
10.584383
9.623627
22.924709
23.667698
23.648994
18.294638
12.402828
7.942347
3.238914
2.210263
0.095709
-1.733590
-2.965545
-1.549750
-14.219866
-2.858671
1.524213
4.894788
2.806870
0.566533
3.783719
2.697791
3.342029
18.564091
13.813745
4.900687
6.225208
24.547153
-39.864086
-13.224049
-13.808344
-9.518295
-10.687220
-6.042807
-3.947757
-3.098605
-3.076821
-0.839547
1.045711
60.000000
60.000000
8.054157
1.810417
0.000000
11.808794
10.905965
10.807601
10.893550
10.775949
10.768672
10.565270
10.605306
10.350110
10.575452
10.858899
11.319703
11.437334
11.962789
11.936008
12.348008
13.030663
13.886644
13.969594
12.636400
8.754207
3.449543
-2.754031
-6.896871
-7.135093
-6.768578
-6.674257
-6.839937
-6.549120
-5.695652
-2.926688
3.761467
2.854703
1.917430
1.165794
0.915990
0.596521
0.242835
-0.220324
-0.978223
-0.655301
-0.530879
-0.362000
10.514881
8.506097
8.103889
8.251907
8.262567
8.246549
8.238119
11.667044
9.053116
21.242916
22.093611
21.053787
20.743670
20.414759
20.401920
20.380024
20.092405
18.635523
7.366425
-1.478407
-2.077793
-3.338613
-1.220241
0.942672
0.981993
0.383515
0.112297
0.056266
-0.045897
-1.747440
-0.670047
0.000000
-3.203852
-1.914875
5.211033
8.288223
15.706314
11.554457
8.341694
4.941633
2.336486
0.887095
0.381109
-0.196393
0.362974
13.638496
10.429852
10.227407
10.344959
10.367030
10.051935
9.576741
13.194970
10.963981
22.488777
23.030071
21.815199
21.478607
21.521351
21.279743
20.530956
19.893452
10.220306
2.644028
-0.294680
-1.088069
-0.826043
1.185137
1.412882
1.239362
0.590308
0.623762
0.419856
-1.404999
-1.529554
1.729101
0.000000
-7.502037
-2.930069
26.231346
23.977682
14.810760
1.954685
1.517215
1.252464
2.456020
-3.211690
1.345078
2.419680
0.815193
0.575183
-1.193748
-2.147171
-3.288879
-3.080119
3.350853
0.000000
-3.298306
-0.622120
27.081995
25.824396
22.643532
4.100821
1.119233
1.355710
7.086782
-5.446874
2.182449
1.295438
1.079684
0.132080
-0.396221
-0.566015
-4.258778
-3.090748
6.031373
0.000000
-3.630653
-2.959476
29.419920
22.425930
1.180403
1.306165
1.275831
1.842252
2.070651
-5.843125
1.258366
1.553990
1.590873
0.820222
-0.819952
-2.287855
-3.823890
-2.344985
0.523714
0.000000
-5.442234
-4.957306
28.273306
24.004353
11.890557
1.293720
0.735201
2.081175
6.156226
-6.130227
1.962546
0.775107
1.128985
0.401579
0.156094
0.069067
-4.296657
-3.090117
6.198379
0.000000
-5.200180
-4.616982
29.239977
23.291815
0.472149
1.120507
1.145639
1.926885
0.840288
-2.221726
1.811335
1.583898
0.928076
1.347743
0.878166
-0.448212
-4.195505
-2.695095
5.098736
0.000000
-4.477940
-4.816414
28.468620
27.556992
10.266644
1.199700
1.089919
2.033694
4.545491
-4.726478
1.760037
1.433482
1.394257
0.855079
0.237961
-0.241939
-3.983369
-3.060518
4.742600
0.000000
-4.874535
-6.390869
29.165394
25.933914
3.279143
1.054709
1.044530
1.395222
1.514758
-1.766795
1.202890
1.336543
1.679895
1.334240
0.876761
0.073284
-3.866942
-2.858680
3.672431
0.000000
-6.021521
-7.583008
29.577953
28.130148
11.738648
0.936528
0.975341
0.899392
2.376750
-1.951806
1.293440
1.053568
1.578329
1.140568
0.660183
0.063702
-4.469452
-2.915047
3.837933
0.000000
-4.856850
-7.441601
28.881531
26.857496
5.170414
0.757055
0.820434
-1.773942
-0.209209
-1.568532
1.101407
1.220086
1.870463
1.978377
1.854888
0.941790
-3.724597
-2.779283
4.798171
0.000000
-6.337526
-8.577141
28.296021
26.383583
9.240940
0.603644
0.735454
-1.086760
-0.051867
-1.189841
0.634402
1.251731
1.963017
2.339830
2.428970
1.426214
-4.230360
-2.960946
5.839761
0.000000
-6.860296
-8.681400
27.428505
25.638716
7.137319
0.346237
0.629522
-0.804077
-3.494380
-0.887230
0.234894
1.384241
2.111506
2.760811
2.859123
1.761170
-5.691102
2.281677
6.656772
0.000000
-7.462475
-8.428589
26.198784
24.938618
3.879944
-0.098060
0.552763
-1.888833
-3.981093
-1.017397
0.203049
1.453366
2.111630
2.754437
2.925732
1.915868
-5.957022
-2.395427
6.650442
0.000000
-8.839466
-10.074276
26.555641
24.498034
7.751591
0.345796
0.584686
-0.932507
-3.844608
-1.369598
0.151488
1.510077
2.157467
2.898787
3.256389
2.023910
-5.756174
-0.587422
7.548944
0.000000
-8.597729
-8.934452
26.609400
24.596445
5.563986
0.091348
0.532838
1.865359
-3.854598
-1.790166
0.053233
1.555217
2.152440
2.902941
3.070851
2.047580
-6.772064
-1.388171
8.086124
0.000000
-8.208008
-8.387928
26.043137
24.080402
1.816272
-0.016597
0.533690
1.973341
-3.371907
-2.319992
0.093086
1.495239
2.122020
2.818471
2.971126
1.928759
-7.320172
-0.282856
8.305521
0.000000
-9.368439
-8.744240
26.879221
24.950796
7.395917
0.433884
0.608746
1.714161
0.964605
-1.624225
0.147464
0.478470
1.573260
2.102706
2.376643
1.830781
-5.047911
-0.597306
6.802173
0.000000
-8.271767
-8.143703
26.868828
24.086800
13.605856
0.472176
0.611366
0.755738
-5.748593
-0.604883
-0.215459
1.049107
1.782909
2.360792
2.927666
1.759617
-4.554958
0.656044
8.243229
0.000000
-7.204346
-7.429787
26.652273
24.686831
7.782278
0.207741
0.536070
3.207685
-3.134513
-2.269692
0.154628
0.318546
1.605679
1.996785
2.328027
1.700216
-6.205922
-2.601899
6.413432
0.000000
-5.825657
-7.729969
25.260214
22.398354
1.174621
-0.015622
0.492329
0.925842
-6.814953
-0.103112
0.406860
0.779910
1.786664
2.763049
3.320898
-0.183929
-4.817463
-0.170077
6.470109
0.000000
-11.986109
-9.850788
26.909948
25.168612
19.148443
3.307571
0.224018
2.881220
1.990425
-2.095038
-0.182191
-0.456829
1.260723
1.451694
1.711567
1.247458
-0.510160
-0.630335
4.874272
0.000000
-6.391096
-8.975880
25.022114
18.170094
-0.717306
0.198471
0.348300
-4.644114
-4.142487
-2.651728
0.842402
1.685508
2.027666
3.106550
3.866086
2.705845
-5.924472
1.475445
9.142172
0.000000
-11.074375
-10.266148
27.268246
25.073532
7.038604
0.262774
0.503616
2.099282
-1.500232
-3.120021
0.382755
0.509938
1.878569
2.590516
3.018382
2.166053
-4.052485
4.366757
6.487743
0.000000
-10.445246
-10.564573
26.406992
23.715878
11.779209
0.366632
0.527376
0.044834
-6.221912
-0.229364
0.052733
1.494680
2.246830
2.984010
3.383597
1.879509
-4.263789
-0.812583
7.315079
0.000000
-12.391720
-10.412151
27.356178
25.497080
16.905743
0.383032
0.476471
2.295907
-2.631172
-2.656112
-0.103172
0.099328
1.830964
2.244637
2.604733
1.900188
-4.537428
-0.917575
5.418847
0.000000
-8.448442
-10.548792
25.758198
22.021452
5.845878
0.284623
0.412804
-21.571438
-2.576050
-1.198202
0.781679
1.469824
2.289869
3.209255
3.718628
2.361585
-2.360612
-0.502209
6.831908
0.000000
-13.915544
-12.596733
27.693497
25.057274
19.694021
0.323069
0.287323
1.446169
-2.164062
-3.830406
-0.500489
0.473611
2.128988
2.580013
3.017542
2.214863
-6.018980
-1.314151
5.184336
0.000000
-7.033014
-10.647030
23.867950
18.218674
-3.764343
-1.225786
-0.825470
-4.051049
-2.784169
-4.686803
1.367189
1.385357
1.843397
3.502577
3.774402
2.392157
-4.339304
-0.991371
7.406845
0.000000
-15.064360
-13.905579
27.874744
25.552586
15.691610
0.344049
0.285375
0.315065
1.587892
-3.473139
-0.275640
0.650493
2.013304
2.513178
2.793967
2.003055
-4.414201
-0.451671
4.871278
0.000000
-8.805456
-11.022863
26.275801
21.873466
3.295401
0.224317
0.339336
-9.467524
-4.635062
-3.418300
1.349964
1.642589
2.023593
3.470167
4.369884
2.337435
-2.224208
-0.647396
7.583937
0.000000
-15.903230
-15.100329
28.122862
25.728008
15.567114
0.270869
0.070751
0.099891
1.770326
-3.940142
0.121192
0.372530
2.171820
2.338078
2.676554
1.903801
-4.924745
-0.822756
4.729717
0.000000
-7.821091
-12.077808
24.447598
20.316242
-2.170137
-1.335415
0.007872
0.914661
-3.521565
-2.496478
0.269861
0.802083
1.584521
3.385754
4.335578
1.453595
-6.890459
-1.687266
7.908298
0.000000
-12.569180
-10.290119
26.825222
25.343222
14.637680
0.065588
0.419641
1.004814
1.538683
-2.975358
-0.151592
0.623933
1.813012
2.256609
2.476574
1.596984
-3.527924
-0.011664
4.232400
0.000000
-9.896223
-11.969809
26.483139
23.482292
11.915101
0.140520
0.484383
1.188719
-4.501408
-0.502995
-0.238611
1.385904
2.295498
3.353056
4.051320
2.530555
-5.073296
0.838574
8.226732
0.000000
-9.814272
-9.573601
26.732544
25.036390
10.342683
-0.479616
0.496131
0.653761
-0.525379
-2.907228
0.142299
0.750298
1.967318
2.693820
3.118425
2.163197
-5.241906
-0.638636
6.377975
0.000000
-8.917992
-10.169971
25.610384
23.288994
9.163783
-0.320520
0.459097
1.622537
-5.946972
-0.408075
0.086707
1.274692
2.267527
3.193427
3.896725
1.747620
-5.886466
-1.540540
8.694214
0.000000
-11.491863
-10.020672
26.714596
24.723492
12.791629
0.261628
0.527155
2.623626
2.389403
-2.723894
-0.177161
0.205901
1.537524
2.109202
2.580894
1.732165
-5.650873
-1.165883
6.127507
0.000000
-7.190744
-8.775688
25.190632
22.602524
6.413332
-0.230850
0.467050
1.784583
-5.778306
-0.434611
0.132852
1.123729
2.011087
2.706156
3.314762
0.336918
-6.162066
-0.875024
6.843976
0.000000
-11.220139
-9.947147
26.263279
24.657455
16.836466
0.400853
0.493971
3.238399
1.646408
-2.152914
-0.323523
-0.491934
1.175983
1.714139
2.096509
1.426556
-3.303528
0.551705
5.614633
0.000000
-8.704414
-10.164341
25.200390
22.589699
10.281695
0.240244
0.410429
-1.583144
-4.095057
-0.288639
0.876894
0.649910
2.051416
2.941968
3.706951
2.692819
-7.399642
-0.399239
9.205117
0.000000
-8.274687
-8.559467
24.102692
19.274103
-2.190178
-0.369594
0.111797
0.025532
-4.897141
-3.035344
1.015474
1.604670
1.843402
3.182798
2.328919
1.495886
-3.597925
-0.812346
12.718575
0.000000
-15.271503
-12.506525
27.017836
25.288136
16.397667
0.539594
0.067677
1.095493
2.553494
-2.524981
-0.405636
0.116315
1.392412
1.433425
1.563364
1.061549
-5.011925
-2.186132
3.645988
0.000000
-6.946117
-10.670168
25.654167
21.989058
5.355195
-0.144007
0.428689
-0.685649
-3.436295
-1.028323
-0.748952
1.297281
1.998178
2.795934
3.640379
2.387081
-7.241621
-1.490303
6.305517
0.000000
-8.517548
-7.689861
26.662577
25.227463
9.368892
-1.135029
0.550659
0.561250
1.430040
-2.927164
-0.707341
0.882459
1.824883
2.149123
2.327471
1.549772
-4.260326
-1.701827
4.696991
0.000000
-7.597374
-9.535080
26.424486
24.346476
13.357239
-0.389093
0.590063
0.437621
-4.070006
-0.378816
0.179596
1.373754
2.177036
2.641285
3.069781
1.731422
-7.684729
-4.787532
7.115166
0.000000
-8.279831
-8.442604
26.794670
25.285572
9.275845
-0.246107
0.579982
-1.335078
1.087323
-1.890257
-0.603806
0.888979
1.883396
2.126751
2.217548
1.632797
-4.805380
-4.355264
4.408156
0.000000
-7.656851
-10.120090
26.442062
24.409868
15.774961
0.060848
0.610944
-0.122743
-3.529332
-0.338057
-0.154708
1.253996
2.283376
2.767244
3.244596
2.113267
-6.135084
-1.133737
7.306414
0.000000
-7.621876
-7.934280
26.758585
25.007944
8.243252
-0.974906
0.530291
0.003517
1.014309
-2.938082
-0.097671
0.877194
2.043174
2.352602
2.437950
1.730149
-6.748593
-4.091650
5.746069
0.000000
-6.596025
-8.692993
26.064226
23.412712
6.689776
-0.079554
0.513496
-0.601754
0.403057
-0.842985
-0.121659
1.077274
2.211756
2.553468
2.936726
1.881429
-6.957248
-3.516843
7.131909
0.000000
-8.314526
-9.267014
26.788435
25.551636
12.106934
0.121830
0.624414
0.991240
1.472986
-2.348980
-0.563704
0.536624
1.629760
1.941381
2.257368
1.593635
-4.531678
-0.828198
5.388472
0.000000
-6.517637
-8.639565
26.639887
24.423639
14.346857
-0.096462
0.604425
0.409404
-3.279926
-0.876028
-0.049243
0.984438
2.074468
2.208583
2.565313
1.846936
-6.123595
-0.641533
6.368008
0.000000
-6.021132
-7.574253
26.652510
24.432125
11.003979
-0.972558
0.549504
0.168157
-1.745752
-0.779268
0.004123
0.938675
2.066916
2.338588
2.612881
1.966650
-6.924665
-2.999025
6.406105
0.000000
-6.696684
-8.781895
26.097273
23.907816
9.914198
-0.542432
0.528609
-0.483571
-0.018938
-0.783445
-0.180188
0.909375
2.122803
2.559256
3.064450
2.094938
-6.312571
1.965736
7.288140
0.000000
-7.447901
-8.515095
26.516062
24.807573
10.285793
-0.824797
0.533848
-1.163044
2.424244
-2.474770
-0.122528
0.860028
2.000768
2.318828
2.657292
1.934317
-5.789148
-2.239923
6.809988
0.000000
-7.317884
-8.774429
26.828804
24.686665
12.957587
-0.328233
0.578170
0.751071
-3.156261
-1.013904
0.203259
0.940167
1.983336
2.221691
2.682830
1.808669
-5.788070
-4.620008
5.990563
0.000000
-7.580633
-9.744232
27.249483
24.963953
15.526759
0.026886
0.584908
0.060076
-2.397799
-1.049628
-0.038519
0.717066
1.881789
2.247161
2.905359
2.010149
-4.452388
1.372331
6.556298
0.000000
-6.665182
-8.016476
27.051241
24.202520
14.453379
-1.183701
0.520004
-0.381783
-3.273533
-1.240880
0.169041
0.823326
1.965985
2.193916
2.669491
1.919270
-5.254368
-2.449774
5.832109
0.000000
-5.499865
-7.916920
26.383459
23.466059
8.686472
-0.380798
0.419600
-0.610261
-2.617409
-2.818010
0.191805
1.460399
2.160052
2.635498
3.359152
0.946201
-6.541069
-3.247802
5.234270
0.000000
-10.449406
-11.490299
27.880112
25.651398
18.127998
0.298595
0.540609
0.038956
2.052949
-2.307165
-0.909789
0.314705
1.516966
1.909429
2.322618
1.717865
-3.455498
-1.551049
5.157444
0.000000
-8.060595
-10.678175
26.195801
23.996683
16.428589
-0.082099
0.486380
0.233029
-3.922416
-1.003428
-0.554355
0.936881
2.081790
2.543912
3.384150
2.458339
-3.616972
0.180846
6.932693
0.000000
-8.581625
-9.529247
26.887224
24.623075
17.682846
-1.641219
0.462557
-0.665552
-2.589283
-2.249842
-0.165993
0.890636
2.134746
2.564594
3.223229
2.481700
-5.603360
-2.190197
6.624514
0.000000
-6.351616
-7.608406
25.723028
23.439365
5.695213
-0.979493
-0.059161
-0.786473
-3.003971
-2.038390
-0.000534
1.175695
2.519099
2.696064
3.389718
2.376236
-8.346348
-2.104094
8.489811
0.000000
-9.164040
-9.922062
26.797880
24.619841
8.445138
-0.856606
0.465800
-0.411384
1.304184
-2.304232
-1.040516
0.473719
1.841195
2.242194
2.869605
2.153718
-3.685221
-2.177446
7.696123
0.000000
-8.646610
-9.581264
27.911554
25.324810
20.475172
-0.224144
0.592479
0.907260
-3.242734
-0.888566
0.161386
0.687172
1.613144
2.002522
2.706214
2.027123
-4.482276
-0.671625
7.146816
0.000000
-6.311262
-8.063725
27.359261
24.478367
16.383121
-0.886815
0.539707
0.016257
-3.165007
-1.190541
0.076377
0.920915
2.131657
2.279623
2.897953
2.178096
-6.295579
-0.021393
7.586094
0.000000
-5.917356
-7.557087
27.052332
23.972605
8.211393
-0.487974
0.410224
-0.376680
1.724358
-1.808893
-0.111923
0.585317
2.036169
2.278663
2.722224
2.112829
1.017650
-3.575078
2.021055
0.000000
-6.378424
-8.325813
26.698029
23.921083
10.202264
-0.954026
0.468567
-1.973082
3.894864
-6.402481
-1.923089
0.842117
2.184913
2.340996
2.852484
2.221886
0.586848
-5.142444
2.841194
0.000000
-7.685139
-8.664284
27.078676
25.011425
14.870565
-1.461455
0.556121
-2.773384
2.515729
-6.415901
-1.953640
0.590556
2.066899
2.167778
2.494524
1.936478
1.576909
-1.675470
2.217019
0.000000
-5.946888
-7.795757
26.979099
24.785885
13.197142
-0.848601
0.546574
-1.852382
0.450117
-5.669796
-1.637664
0.835688
2.135548
2.171282
2.551216
2.008099
-0.175091
-5.336750
1.554062
0.000000
-7.063477
-9.124546
28.083067
25.563667
17.098791
-0.164467
0.640438
-2.124455
2.317482
-6.273675
-1.770438
0.689110
1.921731
2.061648
2.553958
1.850294
1.292006
-3.564535
2.210477
0.000000
-6.217892
-8.207905
28.311398
25.780094
19.956841
-1.101455
0.621953
-1.950272
-1.556307
-5.175035
-1.684834
0.720467
2.151486
2.259268
2.711209
2.002759
1.218351
-4.911387
2.048657
0.000000
-5.567064
-7.449005
27.681803
24.733105
15.115317
-2.102739
0.504167
-2.725684
3.607289
-6.992797
-1.195333
0.754129
2.243801
2.429517
2.883836
2.273200
0.687666
-5.671112
1.974288
0.000000
-6.411419
-8.724758
27.492748
24.358412
11.377754
-0.892779
0.450245
-2.822731
3.315917
-6.785038
-1.715181
0.691450
2.337871
2.585336
3.213694
2.506986
0.568476
-5.177136
2.963780
0.000000
-8.043716
-10.027859
28.158352
25.614542
15.985972
-0.554235
0.585062
-2.373690
2.079627
-6.378687
-1.873938
0.693840
2.142040
2.397562
2.881239
2.106222
1.156158
-4.304084
2.276539
0.000000
-7.174217
-9.394146
28.463154
25.421970
18.382973
-0.966019
0.607558
-2.138739
0.367767
-7.047129
-1.557731
0.804120
2.325130
2.462008
3.061355
2.382749
0.392493
-6.140822
2.952021
0.000000
-6.885723
-7.951546
28.140640
25.851315
10.814264
-1.086805
0.497636
-2.518709
1.784103
-4.722130
-2.890630
0.826322
2.169953
2.339632
2.700857
1.933254
0.438958
-4.069069
1.393912
0.000000
-8.185509
-10.297001
28.967728
26.463404
21.314764
0.121898
0.662283
-2.440163
3.398111
-6.810078
-1.500416
0.559641
1.974496
2.179166
2.741628
2.090675
1.106825
-3.212711
2.111920
0.000000
-6.521372
-8.765900
28.197706
25.588846
20.789417
-1.876929
0.601382
-2.254464
-0.451164
-6.821694
-1.505561
0.697273
2.392075
2.431629
2.970202
2.302692
0.949567
-6.081455
2.579196
0.000000
-5.990438
-7.633461
27.591053
25.028049
8.939492
-0.702463
0.312145
-2.819899
0.949309
-5.046158
-2.608276
0.647560
2.167108
2.441230
2.990576
2.085216
0.082678
-3.932932
1.444800
0.000000
-9.428261
-11.549368
29.072878
26.506516
22.426012
0.052579
0.632350
-2.240441
2.831569
-5.736154
-2.292112
0.439700
1.710706
1.970749
2.539636
2.082590
1.291556
-2.610056
2.940819
0.000000
-6.481131
-8.688271
28.158340
25.677486
21.471264
-1.574527
0.562607
-1.832202
-1.262497
-4.736736
-2.347471
0.515485
2.250355
2.077684
2.857628
2.366073
1.463271
-2.732819
1.771299
0.000000
-5.499670
-6.632149
26.669834
24.308376
12.778816
-2.044746
0.123524
-2.246891
1.016014
-5.594248
-2.367300
0.726562
2.196428
2.279707
2.690298
1.027132
-0.966223
-5.280857
0.166338
0.000000
-8.064293
-11.067928
26.570215
24.943361
19.342121
-0.866229
0.546763
-1.981678
2.700229
-4.417950
-3.484242
0.223643
1.557684
1.917497
2.572424
2.028987
1.062605
-0.259229
2.533361
0.000000
-6.654047
-9.025879
26.497128
24.465921
20.595451
-1.976309
0.503621
-2.347031
2.171702
-5.959362
-2.359590
0.242635
1.685533
1.843580
2.559195
2.228345
1.858435
-3.896252
1.058693
0.000000
-4.047405
-6.020573
25.100433
22.966980
8.950089
-0.574402
-0.508816
-1.645038
3.618268
-6.253168
-1.877432
0.668316
1.964231
2.040979
2.957593
1.131281
-1.947969
-7.203379
2.404891
0.000000
-8.184265
-9.750496
25.480177
24.141649
13.425247
-1.866151
0.470767
-1.853754
2.183710
-3.306334
-3.421796
0.535458
1.640985
1.905980
2.436131
1.870621
1.228636
-2.921814
2.392682
0.000000
-6.955034
-9.176933
27.141079
25.315319
22.254148
-1.558533
0.615813
-2.184393
3.737353
-5.633053
-2.021432
0.420897
1.954791
1.965096
2.540648
2.138634
1.568853
-5.775838
1.508725
0.000000
-4.147238
-5.671391
24.971064
23.418282
5.934328
-0.059432
0.034251
-1.920358
1.327105
-4.536254
-2.769849
0.697945
2.120748
2.038791
2.277643
0.553263
-1.188902
-5.204984
0.285109
0.000000
-7.818384
-10.163601
27.230885
25.686663
19.494438
0.009925
0.663383
-2.362790
2.938021
-4.114902
-2.935333
0.428786
1.159132
1.500634
1.853375
1.416646
0.868067
-1.112275
1.995054
0.000000
-6.568762
-8.984066
26.857542
25.000854
20.736706
-0.526644
0.603938
-2.056539
2.669979
-5.041147
-2.208690
-0.139820
1.219988
1.506095
2.007587
1.734996
1.356366
-2.100712
0.910736
0.000000
-3.928774
-5.534855
25.450163
23.335564
14.456834
-1.843580
0.458880
-1.815078
1.724166
-4.503858
-1.978793
0.113125
2.003760
1.858733
2.143627
1.919511
0.274605
-7.999251
0.666248
0.000000
-5.109266
-7.469181
24.325891
22.459461
9.181953
-0.940722
0.401308
-0.148547
0.830737
-3.893322
-2.470811
0.682282
2.028863
2.325255
2.875097
0.788658
-4.767212
-2.804879
5.163346
0.000000
-10.015659
-10.100033
27.329491
25.900421
22.792133
2.595488
0.565452
0.912856
2.412584
-0.451751
-0.610701
-0.155209
0.955893
1.404876
1.847671
1.490660
-5.011735
-1.883028
4.772285
0.000000
-5.262014
-8.441490
25.794125
22.741535
11.294334
-1.241819
0.430095
0.329256
-3.409200
-1.505098
-0.443717
0.712845
1.960069
2.135682
2.782770
2.172141
-6.233759
-3.118567
6.219449
0.000000
-4.703594
-5.562984
25.674381
24.154150
9.375032
-1.553454
0.380393
-0.374776
1.945708
-2.965228
0.205252
0.661532
1.906609
2.070797
2.430089
1.817698
-5.976493
-4.019026
6.243233
0.000000
-7.376865
-9.404095
26.419865
24.033735
15.077455
-0.863538
0.533337
0.107711
-2.481240
-1.374381
-0.257624
0.627427
2.046070
2.308619
3.064585
2.235674
-5.239889
-1.209008
7.609669
0.000000
-6.686653
-7.703358
26.353914
24.763689
12.084056
-1.479903
0.502332
-0.786640
0.031838
-2.104833
-0.133442
0.614908
1.978940
2.182940
2.576711
2.050007
-7.104410
-3.367718
6.952837
0.000000
-6.486727
-8.493023
25.905113
23.337641
9.237286
-0.460922
0.510020
0.120868
2.287885
-2.065399
0.053373
0.757578
2.043816
2.378416
2.821317
1.883064
-7.346110
-3.202777
7.577744
0.000000
-7.774412
-9.245441
27.093805
24.941557
12.271392
-0.034537
0.576262
-0.552816
1.339056
-2.605078
-0.051508
0.473845
1.636561
1.984624
2.445056
1.854999
-5.187133
-1.924381
6.320408
0.000000
-6.321489
-8.349060
26.705975
23.664684
14.280605
-0.354527
0.568846
0.560664
1.302323
10.858974
10.631036
10.442393
9.832065
9.482925
14.391041
12.305250
23.062588
22.858837
22.301748
21.656435
20.997585
20.443241
20.092403
20.189550
19.999763
19.481487
19.663202
19.486803
12.555283
-2.213397
-1.499511
-3.323645
-0.446298
1.483277
0.467501
-0.517305
-0.268811
0.397587
0.365884
-0.838503
0.326090
0.000000
0.248795
5.559921
27.782602
26.369694
24.822264
17.010567
3.822946
0.273916
-4.158987
-0.746656
0.962156
2.597297
1.844528
-0.628735
-0.617466
-0.030250
0.088014
-3.186228
3.888573
0.000000
-5.480057
0.099316
29.284008
27.286346
24.334433
22.214752
1.772143
-7.014833
3.892686
2.206218
-0.188193
3.679389
1.749959
-0.710643
-3.032706
-2.845368
-2.255792
-3.907237
-1.278396
0.000000
-2.555296
-2.172661
25.189686
25.830582
16.874584
1.611889
1.353281
-4.001556
4.746306
1.782540
3.096150
3.258591
1.228184
-0.178370
-2.687992
-3.220487
-2.085142
-3.959206
-1.793870
0.000000
-0.725937
-4.058465
18.544186
24.625721
18.938679
3.378839
1.141450
-1.814652
3.774343
0.445342
-1.214055
2.717684
0.667100
0.057545
-2.039829
-2.067967
-1.586548
-3.964492
-2.177100
0.000000
-5.163740
-6.108206
23.253429
26.654303
19.137171
6.747387
0.759842
-10.385702
4.588815
2.496640
-3.385435
2.129755
0.140526
-0.039836
-1.942187
-2.321018
-1.003039
-2.946724
-1.464642
0.000000
-10.508888
-11.299185
25.573166
25.209457
20.723782
7.791185
0.488759
-11.436714
3.829643
1.552701
-4.136283
1.414453
-0.120625
0.452802
-0.413185
-0.612459
-0.108812
-4.414373
-4.750154
0.000000
-8.714888
-12.334497
26.808931
25.888557
17.229544
-0.744281
0.554932
-9.360744
1.015525
-3.926676
-3.586938
0.981215
0.510995
1.041862
0.109204
-0.409503
-1.360353
-0.782211
1.055141
0.000000
-12.284350
-10.762249
19.393505
23.408962
20.105536
14.675341
-0.299585
-12.511598
-1.640856
2.025661
-5.092805
0.803516
-0.913475
0.967961
2.238184
2.517513
6.399602
-1.675498
-1.686647
0.000000
-5.101518
-11.811333
21.827602
19.349052
0.764204
-0.013230
0.022071
-7.709828
-0.675142
-6.617991
-5.878756
-0.862274
0.085265
2.330887
2.440629
1.107402
-1.540179
-4.980392
1.953885
0.000000
-12.257698
-15.022669
28.086342
26.645182
22.304359
7.934795
0.502933
-11.785545
2.756091
-1.137331
-3.988670
0.223518
0.967776
1.166096
1.261352
0.059987
-0.697171
-4.088627
-1.230431
0.000000
-10.889685
-12.428370
22.693213
26.702316
23.205765
9.463350
0.412642
-10.102192
2.736534
-2.249563
-4.282319
0.929067
0.142055
1.085456
1.667561
1.341173
0.208709
-3.014927
3.005905
0.000000
-8.588520
-12.100375
26.040833
25.024143
20.796955
8.996531
0.106146
-12.815048
2.324692
-2.516106
-5.171040
0.002465
0.486353
1.266763
2.294784
2.390531
1.345298
-3.283287
2.352185
0.000000
-6.709751
-11.421274
26.712769
23.263968
20.416218
-1.199644
0.311566
-11.200582
1.032681
-2.114784
-5.262814
-0.354368
1.454671
1.683733
2.901296
2.946148
0.043036
-5.566537
2.524358
0.000000
-9.937840
-14.184383
26.235149
24.375153
21.130619
0.916924
0.392426
-12.262601
1.531466
-1.771228
-4.979651
-0.422793
1.581530
1.603130
2.136895
1.483847
-0.556707
-5.561439
0.297658
0.000000
-9.141776
-12.500059
27.778381
26.942604
22.452360
5.681310
0.491357
-12.495677
1.846638
-2.196864
-5.021149
0.409364
1.219844
1.353366
1.791437
1.543831
-0.271164
-5.233462
1.335830
0.000000
-7.968893
-11.528435
27.297314
25.554169
21.728565
5.884775
0.426065
-12.700486
1.573850
-2.040020
-4.865925
0.193927
1.224146
1.509033
2.090582
1.398399
-0.582103
-5.133127
1.862565
0.000000
-9.063416
-12.832575
27.131754
25.765144
21.386654
5.742766
0.368258
-12.614542
1.872017
-2.159970
-5.315763
0.004992
0.944960
1.421214
2.169161
2.321522
0.526971
-4.334187
1.973168
0.000000
-7.348527
-11.852127
26.750286
25.058376
20.701233
2.979821
0.293826
-12.590734
1.778883
-1.908223
-5.246767
-0.540744
1.081705
1.614619
2.525012
2.746468
0.908540
-3.989423
2.714463
0.000000
-8.112014
-13.016214
26.748127
23.665249
20.307772
1.010497
0.272694
-12.452411
1.685122
-1.709051
-5.054344
-0.767262
1.253711
1.772677
2.536416
2.617466
0.385231
-3.315939
3.145473
0.000000
-9.521517
-13.870483
26.592571
25.031960
20.870129
5.663353
0.320769
-11.970571
1.918074
-2.090678
-5.050004
-0.350590
1.197396
1.689373
2.288099
2.348228
-0.014786
-3.310153
3.483300
0.000000
-9.425467
-13.733757
27.245380
25.491991
20.927299
7.188156
0.313542
-12.077202
2.118911
-2.271352
-4.963269
-0.306332
1.206213
1.524733
2.176198
2.232879
0.154202
-4.967248
1.955806
0.000000
-7.979547
-12.433359
27.888233
25.537750
21.537964
-0.631400
0.420891
-12.409432
1.666880
-1.863949
-5.057381
-0.220429
1.268858
1.475525
2.087638
2.153867
0.402609
-5.440388
0.695851
0.000000
-7.318086
-11.480185
27.544771
25.169441
22.017635
3.198910
0.417527
-12.479499
1.164142
-2.131370
-5.115434
-0.027803
1.446709
1.634757
2.182018
1.704126
-0.430413
-5.317345
1.627007
0.000000
-8.797995
-12.795513
26.646687
26.578518
22.299900
8.014395
0.384460
-12.632038
2.352147
-2.236932
-5.323905
0.000415
1.079115
1.520358
2.197175
2.338130
0.499184
-5.296470
2.148419
0.000000
-7.515726
-12.155779
26.690075
25.205963
21.156258
3.135291
0.298551
-12.650980
1.843342
-1.714478
-5.007247
-0.599348
1.077495
1.725865
2.516361
2.619114
1.036145
-3.321041
3.363189
0.000000
-8.642781
-13.397970
27.521206
24.843834
20.883766
2.736276
0.309995
-12.296742
1.984844
-1.552925
-4.817374
-0.605043
1.043842
1.677818
2.480353
2.587921
0.653233
-3.198058
4.069202
0.000000
-9.550743
-14.079699
27.113916
25.758678
21.250652
6.581996
0.291097
-12.077640
2.090403
-1.854177
-4.916903
-0.449566
1.142179
1.669937
2.281380
2.121913
-0.315719
-5.270635
3.069713
0.000000
-9.989787
-14.464254
27.865784
26.711996
22.146296
4.003379
0.448123
-12.830272
1.670599
-1.864350
-4.640542
0.257435
1.061596
1.623120
2.133841
1.192632
-0.564541
-4.345101
-0.748161
0.000000
-11.232862
-12.870926
20.932522
26.774860
23.727795
9.311659
0.376756
-10.689205
3.313902
-2.179444
-4.884981
0.765513
0.238803
1.249676
1.964084
1.952749
0.280932
-3.020350
3.959599
0.000000
-7.838820
-11.975728
26.074131
25.396988
20.682457
7.903758
0.076094
-13.413548
2.476782
-1.575385
-5.284303
-0.190805
0.357004
1.648065
2.435384
2.323391
2.153138
-0.602157
4.088321
0.000000
-6.686256
-12.279928
25.088926
22.828848
19.928049
3.053288
0.040701
-10.455952
0.542238
-2.610968
-5.298544
-0.386339
1.788440
1.896484
1.722870
0.257093
-1.077775
-3.376278
2.958921
0.000000
-15.173735
-17.811596
25.939938
25.774658
20.864079
12.554509
0.294981
-11.209109
3.079043
-1.756786
-4.384991
-0.194427
0.568994
1.007281
1.560975
0.727688
-0.533590
-4.480430
2.207677
0.000000
-9.570873
-13.924699
26.281868
24.903847
20.683542
8.438766
0.303942
-12.105462
2.548707
-2.509264
-5.488917
0.134796
0.822149
1.005300
1.946130
1.336211
-0.385011
-6.146475
1.449061
0.000000
-8.092762
-12.784079
26.460680
24.783215
20.671967
6.024724
0.339393
-12.370174
2.124669
-2.131996
-5.264724
-0.044083
1.081765
1.113402
1.977732
0.898982
-0.851647
-5.356830
1.847578
0.000000
-9.164600
-13.799578
26.372881
25.858463
20.552277
10.740437
0.245774
-11.824299
2.137648
-2.488616
-5.288000
-0.224382
1.203683
1.160100
2.048430
1.895005
-0.226997
-7.684062
0.834085
0.000000
-6.143963
-11.343019
26.312881
24.043381
20.587849
0.756353
0.328151
-12.396427
0.780229
-2.085904
-4.901877
-0.446589
1.622282
1.442866
1.858817
0.658142
-0.905589
-4.285000
-2.333683
0.000000
-10.104636
-13.719334
26.471666
26.617104
22.620539
7.553547
0.442260
-10.879631
1.775320
-2.311685
-5.201753
0.771323
0.508156
1.008865
1.219627
0.018958
-0.601777
-2.660689
-0.030984
0.000000
-11.197060
-14.184117
23.978645
25.398081
21.807552
11.066490
0.186439
-9.495893
3.412475
-1.435737
-5.107009
0.497663
-0.458559
0.577063
1.839414
2.151791
5.250468
-2.108059
1.071694
0.000000
-6.882836
-9.700293
24.302547
21.812300
19.999084
3.529124
0.127783
-10.564499
0.644340
-1.854816
-3.753369
-0.099418
1.074190
1.540201
0.400559
0.063104
-1.411926
-4.236346
4.322525
0.000000
-14.075882
-16.650208
26.380102
25.077272
20.755995
9.851580
0.398611
-10.935557
2.945211
-1.449590
-4.218330
0.689387
0.274353
0.629052
1.328191
0.082632
-1.024091
-4.838693
0.942127
0.000000
-8.820408
-13.029276
26.458330
25.969204
21.722309
6.255866
0.404279
-11.837262
2.831820
-1.537118
-4.842750
1.226082
0.048799
0.675884
1.115095
0.078962
-0.810334
-3.963967
1.129369
0.000000
-9.900177
-14.341740
26.440945
26.066397
21.926413
7.470113
0.324359
-11.142814
2.911938
-1.429646
-5.120754
1.007747
-0.052767
0.691320
1.195500
0.414613
-0.254294
-4.084836
2.182463
0.000000
-9.489749
-13.970172
26.143467
25.656591
21.737013
7.491160
0.286854
-11.106262
2.794755
-1.669572
-5.127918
0.905331
0.079936
0.848275
1.895789
1.069804
-0.421907
-4.283623
2.134147
0.000000
-8.957911
-13.576477
27.274500
25.178255
20.758432
5.642051
0.351905
-12.462676
2.711893
-2.088231
-5.655697
0.323102
0.660411
0.936687
1.978168
0.852125
-1.054064
-5.414053
1.328808
0.000000
-8.832153
-13.920097
26.645489
26.122593
21.568401
6.715804
0.407684
-12.308314
2.715946
-1.728215
-5.240802
0.469102
0.523209
0.862357
1.829982
0.896794
-0.805588
-5.477975
2.029239
0.000000
-7.986610
-13.041302
26.718498
25.447992
21.499187
10.173475
0.279613
-12.534527
2.787189
-1.895690
-5.361611
0.229631
0.599614
0.951793
1.989245
1.826470
-0.028204
-5.370143
2.529103
0.000000
-6.921011
-12.714649
26.858133
24.923073
20.941010
5.219837
0.279447
-12.363064
2.282065
-1.870658
-5.209543
-0.157296
0.980929
1.224402
2.186493
1.205254
-0.819799
-6.198771
2.038045
0.000000
-8.575827
-14.517688
25.301563
25.365294
20.128551
14.570448
0.056231
-8.965181
1.137426
-1.737781
-3.264561
-1.173518
1.206917
1.500691
2.553193
2.675799
1.519583
-6.545007
1.056277
0.000000
-5.850852
-12.110054
26.420763
24.706944
21.065805
4.531138
0.185418
-8.731706
0.253681
-1.816303
-3.040530
-1.250816
1.772427
1.596006
2.583042
2.481181
0.264797
-7.402374
0.256579
0.000000
-6.238106
-12.481533
26.500290
25.045969
21.462666
11.843769
0.224693
-8.275569
-0.753222
-1.615166
-2.664694
-1.165542
2.034661
1.884682
2.512484
2.116807
-0.012758
-7.167296
-0.226161
0.000000
-6.038435
-11.540964
25.579693
25.478350
21.790661
9.945240
0.321756
-9.505155
0.597702
-1.451315
-2.846843
-1.079659
1.855781
1.630836
2.385458
1.883852
-0.049524
-7.143429
0.531488
0.000000
-6.221766
-12.285170
25.914263
25.908543
21.686886
13.406162
0.088044
-8.302675
-0.651417
-1.640951
-2.738944
-1.297816
1.845960
1.792186
2.522090
2.604202
1.009234
-5.726048
0.032644
0.000000
-4.762538
-10.450788
26.144688
25.817986
22.430714
4.227457
0.191885
-8.952351
-0.069041
-1.589009
-2.748891
-1.164408
1.979953
1.618330
2.550270
2.018370
-0.125446
-7.145708
0.032182
0.000000
-5.956344
-12.410435
25.254854
25.071011
21.655106
15.059134
0.112649
-8.695608
-0.066566
-1.468295
-2.757944
-1.247196
1.669567
1.686975
2.513991
2.688449
1.037292
-6.090510
0.984054
0.000000
-4.924524
-11.245522
25.650894
25.001671
21.515774
8.099637
0.068875
-8.835238
0.006708
-1.385315
-2.736629
-1.555469
1.806538
1.706026
2.578020
2.763165
0.925771
-7.404273
-0.337158
0.000000
-4.579691
-10.948242
27.153870
25.684528
22.894156
5.508927
0.212821
-8.907253
0.423418
-1.409261
-2.794158
-1.232607
1.931583
1.625041
2.497252
2.087446
-0.213568
-7.468587
0.411386
0.000000
-6.129225
-12.933777
25.765289
26.319736
21.966854
14.091956
0.202879
-8.743431
0.116825
-1.177649
-2.627233
-1.030491
1.579996
1.593184
2.363357
2.386219
0.533460
-6.598363
1.760669
0.000000
-5.325361
-11.720291
25.872547
26.154947
21.919441
12.061918
0.143436
-8.810846
-0.375190
-1.346517
-2.679150
-0.922539
1.642888
1.701562
2.536528
2.104459
0.212733
-6.269293
1.616989
0.000000
-5.968141
-12.479212
25.429146
26.093342
22.147816
13.218220
0.158824
-9.214859
0.493509
-1.290816
-2.842978
-0.927137
1.400382
1.557192
2.440150
2.552101
0.730678
-5.506581
2.486432
0.000000
-5.525555
-12.311703
25.919235
25.493988
21.316074
12.768680
-0.098942
-8.159596
-0.121226
-1.257301
-2.831011
-1.344112
1.527761
1.735626
2.685835
2.824447
0.743227
-6.295748
2.011477
0.000000
-5.348835
-12.310444
26.516342
25.543274
22.053024
7.529820
0.131905
-9.145191
0.454740
-0.949485
-2.728575
-1.334399
1.589892
1.642460
2.492611
2.091270
0.120787
-6.231266
1.643147
0.000000
-7.019353
-14.139416
26.676224
27.471155
22.630110
12.175901
0.267531
-9.897865
1.849727
-0.657731
-3.459440
-0.926325
1.303637
1.414687
2.143995
2.319781
0.590567
-6.615931
1.760196
0.000000
-5.332459
-12.197962
28.097202
27.316778
22.949375
9.373804
0.282125
-9.475973
1.380245
-0.781641
-3.104600
-0.634458
1.343328
1.373008
2.168531
2.047304
0.172373
-6.339330
1.601788
0.000000
-6.373558
-13.301884
27.938625
27.651756
23.539993
9.284277
0.436621
-10.663671
2.350305
-0.365879
-2.757606
-0.375398
1.142995
1.139199
1.935923
1.418801
-0.234718
-6.405377
1.545902
0.000000
-6.705183
-13.503462
27.345701
27.614223
23.619862
10.310626
0.424762
-11.030573
2.387612
-0.442777
-2.723223
0.014669
0.865832
1.023646
1.806131
0.437241
-0.997672
-4.616494
-0.070058
0.000000
-10.311018
-14.474032
19.549715
26.863714
24.294493
13.540228
0.437340
-14.302092
2.992371
0.711869
-1.784832
0.391980
0.392910
0.689715
1.504521
0.346415
-0.456476
-4.400545
-0.518643
0.000000
-9.678742
-14.785562
20.096653
26.871601
23.587643
12.382248
0.373423
-14.396851
2.563322
0.810764
-0.914443
0.386763
-0.096272
0.837087
2.369544
3.178879
1.639797
-2.653237
0.158949
0.000000
-4.043619
-12.109741
26.883642
26.597717
22.668766
2.246638
-0.379311
-6.314111
-0.717619
-2.004925
-3.669876
-0.415073
1.706789
1.309341
2.724151
1.388234
-1.609292
-8.199005
0.881741
0.000000
-7.771129
-15.124998
27.332264
28.647190
24.185970
5.366447
0.494868
-10.931290
1.752808
-0.202068
1.128933
-0.573180
1.418791
1.307131
1.531885
0.024339
-1.031462
-3.306739
0.604589
0.000000
-9.546699
-11.872482
8.456919
22.614317
23.506607
18.093710
2.218702
-13.505153
4.441471
1.620081
-2.908713
-0.075816
-0.217284
0.439822
1.412619
1.605819
2.111089
-1.711241
3.217768
0.000000
-3.838713
-11.404037
25.847279
23.910515
21.199905
2.928468
-0.063653
0.284354
1.619386
-0.638903
-4.162527
-0.727329
0.523024
1.018147
2.424848
2.228040
0.452840
-7.718442
1.027970
9.366692
0.000000
-13.922501
-12.686155
27.340214
22.481316
16.340931
0.253899
0.254626
0.949512
0.314575
-3.950247
-0.775551
0.500134
1.237683
2.103295
2.056957
1.179702
-6.336915
1.208199
9.626364
0.000000
-15.209513
-13.826077
28.130243
24.746119
12.726562
0.413433
0.426671
1.362722
0.059402
-3.800764
-0.059003
0.625706
1.091397
1.941134
1.374430
-0.274356
-6.205559
-1.424709
6.049529
0.000000
-14.339211
-11.915620
27.896313
25.830639
14.377398
0.494061
0.341460
-0.033984
-0.608380
-3.717846
0.009314
0.201681
0.839369
1.769775
1.071769
-0.232922
-5.495939
-2.476822
6.454620
0.000000
-14.458070
-12.344197
26.722189
24.572170
15.624132
0.398841
0.146946
2.522975
0.549424
-0.962553
-0.203733
0.163857
0.799168
2.243468
2.465961
2.011103
-6.628095
0.693342
7.711326
0.000000
-11.927858
-13.669021
28.416172
22.223043
13.447269
0.045143
0.250850
-0.800768
-1.179533
-5.445184
-0.213381
0.388718
1.399513
2.740032
3.203692
2.244861
-6.008945
-1.461251
4.545012
0.000000
-10.705736
-11.672743
26.008705
22.660526
4.880336
-0.678207
0.326092
-0.266572
-0.600913
-4.303385
-1.839374
0.933267
1.457650
2.704110
3.311838
1.638430
-7.797018
-1.467222
6.570864
0.000000
-11.558214
-12.079248
25.946098
23.091770
10.292488
0.095646
0.433529
-0.114159
-0.055128
-3.591933
-1.706628
1.040545
1.646991
2.406929
2.769695
2.098399
-5.787239
-1.353996
6.369516
0.000000
-10.100130
-11.256929
26.872147
24.042091
10.633685
0.179364
0.471686
-1.090484
-0.336189
-3.930775
-1.205565
1.300196
1.687580
2.273789
2.558046
0.929594
-8.764103
-1.617694
6.650198
0.000000
-10.485115
-11.852730
27.523945
24.158436
14.832190
0.170986
0.499160
-2.532801
-0.479001
-3.595941
-1.043354
1.353507
2.063414
2.205081
1.925514
0.323461
-7.474271
-1.726218
6.576872
0.000000
-12.150188
-12.632469
26.803345
23.655996
15.020766
0.139983
0.441877
-1.693827
-0.173405
-0.011375
-1.581755
1.195856
1.461959
2.046198
0.927817
-0.628429
-6.799609
-0.892869
5.211084
0.000000
-14.586051
-12.533052
27.490147
24.595833
13.452110
0.337485
0.291174
1.446212
0.065238
-0.237095
-0.783237
0.513124
0.605327
1.554879
0.570012
-0.526616
-6.452107
-0.248711
6.525111
0.000000
-12.204197
-13.175363
25.809227
22.225811
17.251720
0.069146
-0.162291
0.943824
0.139440
-2.568055
-0.825713
0.481628
0.782010
1.991323
2.263393
1.171870
-3.752217
1.673792
7.874441
0.000000
-13.091311
-11.033560
25.055256
20.997303
14.810291
-0.233528
0.288760
-1.723404
-0.540534
-3.789052
-1.112299
0.806805
1.258474
2.289685
1.105063
-0.882726
-7.864988
-1.929611
6.805095
0.000000
-16.434729
-14.115974
26.073574
22.352123
12.515556
0.317675
0.404026
-0.339640
-0.227894
0.390030
-0.743949
0.672787
0.913996
1.696108
0.930712
-0.304656
-5.944960
-3.751568
4.833330
0.000000
-13.476023
-11.978975
26.887318
24.375586
15.620148
0.367108
0.293170
1.867651
-0.170183
-4.126526
-0.310946
0.153578
0.583955
1.449973
1.645025
1.184177
-5.032508
0.909457
0.000000
-3.330973
-10.317148
26.054047
25.958263
21.248123
15.988453
-0.354309
-7.401127
1.168634
-0.825728
-2.717913
-0.395350
0.895693
1.011648
2.182659
0.591515
-1.342257
-6.560976
-0.746182
0.000000
-9.830746
-17.821974
26.831516
26.920227
22.369728
8.400496
0.372436
-10.986358
1.651284
-0.507051
-3.040168
-0.362206
0.617156
0.761271
1.563661
-0.049700
-1.144889
-3.991852
-0.070670
0.000000
-8.313072
-13.746999
20.032164
25.991249
22.700325
14.382622
0.442851
-14.809984
4.186298
-0.024612
0.718234
0.211622
0.339859
0.957062
-0.561519
-1.295666
-0.352962
-0.736757
0.002036
0.000000
-11.419537
-13.965734
18.208143
24.440390
21.553928
14.873326
1.753085
-15.404574
4.458655
1.301625
-2.057378
0.150316
-0.295900
0.135643
1.794159
2.160012
2.204693
-4.531456
-0.496890
0.000000
-2.881073
-10.636293
26.348473
22.787802
20.681034
-1.327669
-0.180182
-0.895668
-0.230018
-5.036542
-3.598329
-0.234276
0.915009
1.370129
1.506648
1.085626
-0.351609
-7.382923
0.397201
0.000000
-9.626292
-15.212948
28.138218
27.236149
21.922707
1.769382
0.502494
-9.863263
0.059317
-0.406489
2.795528
-0.109286
1.750683
1.231328
0.383658
-0.758582
-0.877499
-2.301908
0.140116
0.000000
-9.350595
-10.088446
11.657186
24.196938
22.901249
18.262711
2.643438
-14.528657
3.543390
4.123439
-2.457984
1.320780
-0.601377
0.067287
0.917542
1.253368
3.849103
-3.420477
-0.475778
0.000000
-3.701126
-8.810604
25.559549
24.634041
18.330769
-0.952307
-0.147563
-3.934458
-1.130217
-1.517379
-2.178957
0.544486
1.116390
0.961008
0.266032
0.023930
-0.530695
-6.086230
-0.643218
0.000000
-9.091400
-13.216091
27.941753
28.090412
23.552162
9.630503
0.646133
-12.308927
0.608587
0.896671
1.817104
0.744987
1.183454
0.666680
-0.523219
-1.694572
-1.544105
-3.431412
-0.835957
0.000000
-6.999326
-9.428159
12.882421
25.463514
23.465433
15.361432
0.613063
-15.533995
4.581544
3.070394
-2.585639
1.234304
-0.379993
-0.061579
0.638961
0.758519
1.212591
-3.146112
-0.080032
0.000000
-4.623137
-9.336540
25.720127
24.609560
21.459187
-0.171940
0.293545
-7.879653
1.936851
-1.528662
-3.235513
0.744658
0.845078
0.797244
0.735786
-1.321161
-2.317042
-4.152642
0.284041
0.000000
-10.721745
-14.301880
25.550314
25.456573
22.380508
16.785465
0.556944
-14.693105
3.352773
2.883763
1.318728
0.448543
0.211399
0.369572
1.081287
1.053386
1.345920
-4.655945
-0.971097
0.000000
-4.249581
-10.460426
28.638981
25.647385
21.345226
-1.383942
11.092851
10.520477
10.282855
10.032629
9.887239
9.579258
9.480172
9.230322
9.230165
9.189065
9.140040
9.128938
9.235888
8.882599
9.536108
9.381069
9.462309
10.072389
9.988130
10.593437
10.791333
8.975959
4.598614
0.490114
-4.346174
-3.665203
-2.392627
-1.291433
-0.121151
0.894787
0.265616
0.262997
0.213724
0.186199
0.006077
0.106041
1.831201
-0.255335
-0.291653
-0.447572
-0.654592
10.732114
10.390576
10.465252
10.462067
8.020935
5.987514
8.313134
12.735825
10.769170
23.083162
21.315914
18.848032
8.604748
0.542458
1.422599
1.675674
-4.157516
0.099529
-2.301899
-2.010659
0.135704
0.696992
0.953140
0.517566
-0.047471
0.506811
-1.055260
-0.075093
0.000000
2.479599
-2.162113
23.631905
22.296341
7.450871
1.499287
1.521488
-8.812233
0.403795
2.201931
-0.850778
1.059188
0.539267
0.247065
-0.095725
0.220512
-0.058930
-1.305781
-0.521257
0.000000
-1.116365
-1.189720
27.873100
29.134407
22.728004
6.745509
1.376997
-8.571622
1.950486
2.535221
-0.583348
1.389215
1.506627
1.060705
0.268698
0.318572
0.310568
-2.946723
3.323303
0.000000
0.934526
0.020058
28.726669
26.772959
18.967731
1.521760
1.458238
-5.754393
3.163497
-3.445447
-1.882509
0.894946
0.787671
0.621385
0.397869
0.762995
0.444546
-1.645585
-0.455648
0.000000
1.781052
3.115284
28.042757
27.282043
20.802261
5.806769
0.535535
-13.611991
2.607267
6.307157
-4.081479
-0.148655
1.163832
0.901616
-0.501974
-0.762531
-0.959180
-1.940444
0.801184
0.000000
-0.922208
-1.558241
14.228617
10.386965
7.171736
2.169552
1.590661
-7.930508
-0.174734
7.156754
-5.243570
-0.542911
1.214412
1.238135
0.089406
0.084561
-0.002354
-2.658475
2.451146
0.000000
-1.427307
-3.489874
20.297817
16.286562
10.516302
3.364012
1.217289
-7.021355
1.765695
3.697281
-3.663609
0.292003
1.543076
1.814719
1.230278
1.110151
0.552693
-3.321968
2.496983
0.000000
-1.566753
-3.251991
28.208597
27.563808
23.344311
7.832377
1.205085
-7.187461
2.766106
-0.316256
-2.329201
0.466190
1.366625
1.476670
0.989856
1.014006
0.494544
-3.080878
2.353574
0.000000
0.419233
-0.207317
25.936539
24.255718
18.803123
6.116633
0.976665
-10.471325
3.121379
4.079463
-3.405957
0.736233
1.044777
1.425442
0.433318
0.434297
0.113689
-2.647587
1.056983
0.000000
-0.370489
-1.618431
24.320057
21.608862
15.410238
4.207754
0.990962
-9.487280
2.753012
4.947830
-3.777799
0.720508
1.534068
1.690557
0.775258
0.745168
0.351831
-2.759808
1.741676
0.000000
-0.563566
-1.700272
26.836552
25.633966
18.952751
5.268035
1.026565
-8.910236
2.741951
4.002923
-3.244539
0.691259
1.495319
1.732116
0.725561
0.697998
0.308789
-2.805050
1.356629
0.000000
-0.325590
-1.549744
25.562412
23.939245
17.823553
4.846794
1.020535
-9.138810
2.711523
4.258907
-3.426474
0.699341
1.529722
1.714407
0.777210
0.697148
0.274454
-2.678658
1.623951
0.000000
-0.500891
-1.657810
25.996792
23.846558
17.315178
4.796635
0.943827
-9.159762
2.648840
4.815997
-3.492480
0.755377
1.540670
1.738490
0.767116
0.711145
0.299573
-2.700655
1.853716
0.000000
-0.750500
-2.056095
25.924427
23.353825
17.425949
4.761539
0.960107
-8.871001
2.589390
4.493186
-3.429480
0.739848
1.503841
1.703928
0.885018
0.868471
0.402057
-2.785904
2.096221
0.000000
-0.916483
-2.309540
27.485298
24.999924
18.857698
4.953092
1.039452
-9.116491
2.679236
4.250960
-3.197402
0.685555
1.393530
1.672466
0.927975
0.895115
0.398563
-2.568264
1.289052
0.000000
-0.853868
-2.076973
26.284504
23.902834
17.635447
5.488237
0.951073
-9.007252
2.748502
4.566566
-3.408192
0.742333
1.391817
1.694994
0.783958
0.773268
0.339865
-2.742522
2.050696
0.000000
-0.836134
-2.233246
25.694836
23.492107
17.187082
4.814863
1.012547
-8.747260
2.605973
4.264934
-3.382352
0.700997
1.367332
1.696482
0.970727
0.976722
0.486446
-2.660006
1.947476
0.000000
-1.016912
-2.354588
26.459831
24.422661
18.805344
5.717270
0.961701
-8.875208
2.803719
3.899453
-3.062324
0.617440
1.256940
1.671516
0.815489
0.806817
0.407211
-2.821345
1.765828
0.000000
-0.759590
-2.267780
24.747766
22.468626
17.037714
5.081150
1.034207
-8.921279
2.656409
4.036271
-3.411642
0.627664
1.490640
1.759882
0.963509
0.925663
0.422552
-2.538638
0.564696
0.000000
-0.895533
-2.206375
25.706675
24.403862
18.192778
5.948879
0.947531
-9.210348
2.837821
4.433658
-3.504768
0.707009
1.389644
1.708586
0.763232
0.737565
0.307666
-2.586175
1.835134
0.000000
-0.916162
-2.280312
24.423481
21.397669
15.546272
4.916472
0.914795
-9.947577
2.749423
5.434366
-3.738528
0.655773
1.408440
1.742250
0.901534
0.924165
0.452931
-2.682618
1.533545
0.000000
-1.385635
-3.010315
27.534193
24.949568
19.058491
5.194983
1.039391
-8.833096
2.677569
3.841586
-2.895494
0.643104
1.395515
1.648754
1.098294
1.157936
0.603777
-2.443742
1.491420
0.000000
-1.243052
-2.586109
25.560135
23.937630
17.867886
6.564839
0.996748
-9.158386
2.899483
4.317544
-3.472485
0.677341
1.412388
1.650758
0.819766
0.837267
0.381564
-2.581048
1.846097
0.000000
-1.072157
-2.570873
24.475460
22.179562
15.976822
5.474197
0.961036
-10.704888
2.716142
4.927410
-3.703283
0.678014
1.564337
1.769803
0.998514
0.947543
0.422010
-3.031191
2.136407
0.000000
-1.199104
-3.091854
27.555590
26.847818
20.839567
5.014222
1.117133
-8.458851
2.413079
2.278394
-2.344766
0.478120
1.487599
1.758049
1.329402
1.317152
0.674443
-2.540757
1.502007
0.000000
-0.741573
-1.654514
26.956055
26.162117
21.711308
8.177514
1.024575
-9.802347
3.285874
3.415176
-2.839928
0.649948
1.243640
1.459339
0.704731
0.791889
0.433142
-2.641268
1.927349
0.000000
-0.265545
-1.307659
23.283409
20.128513
15.065182
6.159841
1.018551
-9.902668
3.204252
4.479971
-3.792552
0.591199
1.351491
1.735423
0.800773
0.779870
0.312310
-2.476632
0.373171
0.000000
-0.755850
-2.028210
24.913471
22.582666
16.615124
6.360986
0.934951
-11.605577
3.149800
5.672762
-3.636009
0.740656
1.556143
1.739341
0.988248
1.218187
0.787118
-3.839145
2.930694
0.000000
-0.634745
-2.749287
26.506268
27.296534
21.442150
4.006030
1.182572
-9.240934
2.139059
-2.140437
-2.524480
0.207991
1.166253
1.701967
1.485273
1.334348
0.706021
-1.949461
-0.785452
0.000000
-0.220222
-0.427486
27.026630
24.932894
19.555777
6.468572
0.649167
-12.132855
3.049717
5.362291
-4.587708
-0.238469
1.232570
1.584589
0.088134
-0.140527
-0.480437
-2.063757
1.465603
0.000000
-1.541214
-3.196615
18.914558
15.078850
10.163750
4.694438
1.088498
-8.720553
2.452593
6.052260
-4.963917
-0.334733
1.042109
1.520118
0.605139
0.583077
0.225224
-2.222120
2.937526
0.000000
-2.096868
-4.087793
21.337502
18.034031
12.669494
5.936334
1.088326
-8.327444
2.218702
4.752267
-3.526149
0.347824
0.872051
1.401497
0.740827
0.865548
0.595232
-2.769692
2.542459
0.000000
-1.865162
-4.242458
23.522812
20.837629
15.969545
6.752277
0.991111
-7.694730
2.745727
3.110661
-3.068304
0.341855
1.102147
1.775689
1.101970
1.060042
0.560210
-2.918370
1.761218
0.000000
-1.045143
-3.242031
25.744917
25.297827
20.339891
7.230403
1.029512
-8.336050
2.660222
2.581271
-2.627904
0.513580
1.176534
1.665690
1.127915
1.099821
0.599818
-2.637620
2.057498
0.000000
-0.490900
-1.826748
26.032967
23.910467
19.187141
7.818775
0.982528
-9.553749
2.990846
2.793608
-3.223972
0.574289
1.082021
1.527313
0.713960
0.770718
0.377713
-2.789620
1.916145
0.000000
-0.492867
-2.140942
25.171597
23.586071
18.027700
6.894409
0.947945
-10.790300
2.873354
2.826975
-3.120540
0.627017
1.282853
1.742459
0.860384
0.774354
0.225542
-2.412861
0.189407
0.000000
-0.985443
-2.746399
26.546310
25.546892
19.870743
7.153981
0.907672
-9.439909
2.769394
2.879684
-3.297617
0.637518
1.189173
1.588911
0.698484
0.750557
0.421742
-2.961052
2.024209
0.000000
-0.687632
-2.683880
25.317619
23.261002
17.277931
5.553051
1.045429
-8.381842
2.465431
2.259949
-2.578837
0.528445
1.138013
1.682487
1.317548
1.354164
0.712269
-2.712928
2.217363
0.000000
-0.828028
-2.318840
27.247053
26.893364
23.393890
9.767450
1.024780
-10.475435
2.884456
2.838892
-2.757296
0.592823
1.211853
1.690804
0.917709
0.865441
0.346844
-2.541068
1.420320
0.000000
-0.310625
-1.420570
25.513241
24.732132
19.449249
7.886219
0.942347
-10.026935
3.042905
2.568063
-3.136815
0.596193
1.149152
1.552665
0.637217
0.667032
0.325568
-2.789767
1.779155
0.000000
-0.354551
-1.947227
23.942091
21.936197
17.203362
6.992411
0.961980
-10.241374
3.055373
3.150116
-3.250895
0.607255
1.227136
1.713768
0.862418
0.848793
0.389242
-2.801044
1.378608
0.000000
-0.671024
-2.517216
27.061031
25.954239
20.250143
6.736776
1.039226
-8.887174
2.624204
2.570092
-2.714748
0.631644
1.298629
1.715246
1.250052
1.281267
0.721500
-2.586009
2.191484
0.000000
-0.401127
-1.503746
26.989725
26.818956
22.352516
9.264065
0.985764
-11.555025
3.030611
2.410873
-2.940381
0.522505
1.017550
1.514206
0.639110
0.599862
0.172538
-2.295108
1.316980
0.000000
-0.757659
-2.010456
22.776434
19.633413
15.017628
6.800656
0.968702
-11.453213
2.984787
4.962713
-3.547433
0.581262
0.971905
1.445427
0.507413
0.598803
0.410301
-2.602526
2.863366
0.000000
-1.097160
-3.218021
22.512257
19.085981
13.812550
6.254240
0.997073
-8.729068
2.772084
3.669514
-3.260144
0.453896
1.343410
1.858426
1.252891
1.349646
0.867989
-3.532176
2.136703
0.000000
-0.600426
-3.284637
26.575962
27.130692
23.747255
7.719848
1.103381
-9.041454
2.207429
-2.684316
-2.884658
0.168979
0.972694
1.432455
1.463467
1.513265
0.983799
-1.869928
2.402400
0.000000
0.050514
-0.042278
26.075607
24.167515
19.125788
7.751804
0.798539
-11.756986
3.276080
4.015726
-3.319244
0.413143
0.647199
1.151793
0.119852
-0.008577
-0.140597
-2.322458
1.012873
0.000000
-0.882389
-2.995525
17.249771
13.253009
9.980359
5.475167
0.663119
0.520905
2.255453
4.138879
-3.996280
0.131531
1.066681
1.580710
1.240336
1.537179
1.203924
-3.007963
3.641409
7.815521
0.000000
-4.489979
-5.713154
24.599415
20.256138
8.892082
0.936632
0.478370
2.412217
3.073004
-3.138635
-0.217052
1.059488
1.769095
1.322853
1.199132
0.767955
-2.656040
1.496611
6.490262
0.000000
-3.754936
-4.992260
22.882536
18.533325
9.488936
1.021772
0.348386
2.601668
3.211604
-3.796866
-0.215163
1.082792
1.822235
0.944525
0.839333
0.565564
-3.267730
1.194221
5.511974
0.000000
-3.060562
-5.218376
23.098650
18.546724
8.389281
0.995878
0.609049
2.541508
3.523898
-3.674798
-0.004910
1.126223
1.941622
1.334241
1.169946
0.704190
-2.630588
0.803083
6.059447
0.000000
-2.987991
-4.692791
24.567711
20.504021
9.796148
0.968040
0.244179
2.323227
3.145675
-3.756786
-0.083492
1.034561
1.698265
0.795037
0.702034
0.493578
-2.921496
1.534174
5.950153
0.000000
-3.099621
-5.332500
19.199089
14.241302
7.046993
0.978854
0.358080
2.449269
3.936964
-3.933647
-0.216204
1.089694
1.882185
1.135643
1.040956
0.778509
-3.553245
0.687305
5.417294
0.000000
-3.462036
-6.141861
25.564301
21.125723
8.314312
1.056009
0.944260
2.407268
2.778364
-3.099771
-0.206668
0.980966
1.573772
1.577562
1.671573
1.223578
-2.442345
2.374926
7.828189
0.000000
-1.806446
-2.608196
23.913252
20.486820
10.790808
0.949972
0.083899
2.577911
2.788765
-3.288606
-0.442544
0.775856
1.539779
0.749966
0.715905
0.567420
-3.230643
1.356612
5.610051
0.000000
-3.246124
-5.462242
19.584091
14.589911
7.109186
1.005992
0.681384
2.502522
3.229602
-3.677787
-0.302953
1.076759
1.918094
1.664143
1.551870
1.046630
-2.409126
2.262072
7.095059
0.000000
-3.423431
-4.562374
25.664486
22.472198
11.665247
1.022395
0.442421
2.446215
2.668694
-3.556707
-0.434537
0.886522
1.716795
0.954383
0.915116
0.608005
-2.589733
1.788670
6.648827
0.000000
-3.097734
-4.850727
20.591740
15.866804
8.653982
0.963112
0.284858
2.559829
3.636793
-4.171961
-0.289889
0.892642
1.800044
0.955284
0.890435
0.692720
-3.083114
1.143095
6.007928
0.000000
-3.415569
-5.107777
21.030706
16.627983
8.443377
0.973724
0.494684
2.384933
2.987869
-3.728299
-0.258853
1.114420
2.015874
1.433126
1.299094
0.850588
-2.762396
2.277269
6.035136
0.000000
-3.742924
-5.155319
26.899462
23.458527
11.467950
1.001643
0.609309
2.559387
2.233417
-3.949257
-0.276360
1.059160
1.827811
1.245426
1.140847
0.817408
-2.389129
0.679180
7.204428
0.000000
-2.605404
-3.695438
21.220135
17.100538
9.589334
0.969465
0.271089
2.561616
3.943779
-4.589441
-0.253522
0.964086
1.691080
0.782174
0.697146
0.524734
-2.685044
1.858019
6.410417
0.000000
-3.101557
-5.256414
18.088011
12.838762
7.219209
0.933315
0.546708
2.623415
3.866674
-3.895545
-0.248403
1.074817
1.932338
1.364471
1.317224
0.941361
-3.106796
0.291024
6.138112
0.000000
-4.132931
-6.630077
25.700382
21.698151
10.112700
1.035902
0.858412
2.455419
3.274898
-3.465766
-0.190831
1.002671
1.791369
1.748579
1.772638
1.371250
-2.132445
3.200571
8.533850
0.000000
-2.360081
-3.418037
22.768370
19.398420
10.736961
0.965401
0.161899
2.674480
3.239368
-4.429534
-0.892955
0.860252
1.627304
0.741791
0.542667
0.318634
-2.323314
0.651624
6.464100
0.000000
-3.540504
-4.724194
15.585321
11.736809
7.322012
1.603949
0.669402
2.648040
3.829099
-4.679471
-0.271271
1.030044
1.802406
1.173950
1.199480
1.006143
-2.677810
2.089780
6.860375
0.000000
-3.983467
-6.284039
20.992830
16.241926
8.922470
1.006892
0.518717
2.349309
2.774101
-3.585300
-0.200717
1.058102
1.990744
1.577346
1.488856
1.064909
-2.512431
-1.631482
6.709881
0.000000
-4.472134
-6.115356
26.638878
23.594692
12.501863
1.020260
0.619834
2.551075
2.331812
-5.207518
-0.908618
1.161528
2.077833
1.281009
0.919505
0.436777
-1.973774
-1.143414
5.927983
0.000000
-3.082159
-4.091007
18.983507
14.787355
8.678733
1.399561
0.741863
2.659857
5.194427
-6.024338
-1.692504
1.096458
1.849132
0.644077
0.269750
0.059098
-2.916317
0.132232
5.089664
0.000000
-2.725311
-4.935429
17.794899
12.786558
7.750141
1.393864
0.843682
2.261901
2.675731
-5.186413
-0.805778
1.292303
2.260319
1.689797
1.429133
0.880362
-2.300524
-1.648146
5.527299
0.000000
-2.976376
-4.764603
27.472181
25.449993
14.197719
1.102656
0.730839
2.608708
2.407848
-5.725883
-0.961570
1.370158
2.082420
1.236533
0.846974
0.358078
-2.369867
-1.433660
5.098867
0.000000
-2.171429
-3.916218
22.923622
18.158659
10.353862
1.066107
0.658072
2.587693
3.228656
-5.909122
-0.535474
1.299894
2.107087
1.373195
1.242667
0.929088
-2.904909
-1.711660
6.599000
0.000000
-1.795284
-4.115776
26.936152
25.161285
14.425106
0.994106
0.667574
1.436937
2.800984
-3.848529
-1.343936
1.076737
1.833360
1.464873
1.298617
1.008308
-2.827126
0.389745
5.835582
0.000000
-2.217236
-4.550907
22.446014
19.463850
12.087876
0.823238
0.173620
0.941143
3.072791
-3.858353
-1.433067
0.937001
2.001793
1.405630
1.057364
0.740297
-2.190815
-1.735002
5.676870
0.000000
-3.873228
-6.127514
21.300085
17.397232
10.159564
0.745504
0.088649
0.757604
3.524202
-4.795576
-1.717006
1.052382
1.958049
1.383804
1.171258
1.035213
-2.840112
0.980027
5.256647
0.000000
-3.466415
-6.373356
21.707445
18.609272
10.815739
0.882809
0.388648
0.455074
2.890387
-3.997723
-1.432418
0.897664
2.044345
1.813537
1.533129
1.146984
-2.180416
-1.968938
5.102581
0.000000
-4.625938
-7.153278
25.342136
23.084520
13.170676
0.950780
0.268380
0.675539
3.009016
-4.038918
-1.420766
1.043689
2.005000
1.494979
1.223539
0.978349
-2.412294
-1.929623
5.629835
0.000000
-4.109074
-6.272266
22.985428
19.763231
11.629323
0.900446
0.195144
0.701451
3.084185
-4.534741
-1.482297
1.036609
2.041965
1.605472
1.317999
1.043680
-2.123245
-1.774903
5.810442
0.000000
-4.290062
-6.620373
22.795420
19.254343
11.455138
0.870423
0.117696
0.206395
3.306140
-4.070484
-1.832144
1.001085
1.935231
1.425674
1.091974
0.883571
-2.104417
-1.650772
6.085686
0.000000
-4.448442
-6.745991
19.681641
15.634611
9.426650
0.747629
0.101841
0.381488
3.233578
-4.337152
-2.212536
0.961534
1.936110
1.558374
1.271268
1.082830
-2.097485
-1.799299
6.122172
0.000000
-4.672764
-7.131172
20.621929
17.171385
10.242075
0.859830
0.159952
0.559305
2.848120
-4.425325
-1.850119
0.981739
2.154571
1.639812
1.385550
1.115219
-1.830027
-1.677532
6.041116
0.000000
-5.050474
-6.751493
22.281595
19.132893
11.384037
0.989492
0.321507
0.540289
2.672648
-4.290125
-2.192631
0.818719
1.807528
1.415488
1.076722
0.872183
-2.168469
0.462801
5.093883
0.000000
-3.965357
-5.661465
20.460524
16.636993
9.813383
1.019661
0.246929
0.528806
2.807296
-4.339061
-1.581046
0.818410
1.763988
1.487923
1.240161
1.025230
-2.298480
0.975372
5.111335
0.000000
-4.015692
-6.107098
22.338440
18.871052
11.023060
0.816665
0.280365
0.335755
2.699373
-3.799339
-1.351662
0.130560
1.573881
1.420226
1.219112
1.009799
-2.230296
0.820751
5.078997
0.000000
-4.241238
-6.020161
21.562901
18.168060
11.237249
0.740325
0.264346
0.635976
2.723459
-3.983453
-1.400195
0.631006
1.691347
1.454319
1.279512
1.040568
-2.487688
1.097320
4.883226
0.000000
-4.103729
-6.749878
22.983070
20.191566
11.664797
0.818391
0.289582
0.589487
2.871305
-3.915340
-1.414749
0.813517
1.955069
1.603618
1.306306
0.958411
-2.688350
0.148485
4.387418
0.000000
-3.967247
-6.812729
25.851156
23.196205
12.991371
0.869950
0.417735
0.507099
2.753858
-3.748130
-1.429195
0.845173
1.936696
1.623485
1.279897
0.906406
-3.007409
0.046720
4.073108
0.000000
-3.562420
-6.549587
26.480789
24.188181
13.366614
0.893399
0.641337
0.361657
2.631258
-3.788658
-1.149237
0.840236
1.861266
1.646052
1.467730
1.021136
-3.026010
-0.646850
4.214208
0.000000
-3.125050
-5.519730
26.470495
25.170233
13.903078
0.864085
0.610826
1.266254
2.349124
-3.564096
-0.193140
0.964383
1.942301
1.674036
1.474223
0.984393
-2.621685
-1.660666
5.254350
0.000000
-4.637012
-6.700665
27.145418
26.373035
12.434183
1.035553
0.845366
1.253484
2.299375
-4.185295
-0.856099
1.032691
1.976948
1.654707
1.463717
0.943555
-1.952073
-1.307635
5.976783
0.000000
-3.609001
-4.989510
23.976210
20.601637
11.445869
0.986453
0.354708
2.011221
2.853322
-4.327191
-0.595674
0.971204
1.698947
0.920307
0.700899
0.514444
-2.327608
1.419022
6.307490
0.000000
-3.508636
-4.728374
17.414566
13.519291
8.523257
1.656468
0.470446
2.019514
2.913213
-3.548533
-0.300776
0.958504
1.870595
1.603108
1.844440
1.546198
-4.229781
2.210420
6.636283
0.000000
-4.265327
-7.171535
26.638531
23.967861
9.518700
0.912437
1.040074
1.996730
-1.171885
-3.221596
-0.422310
0.413718
1.419106
1.789590
1.965916
1.465506
-1.537951
-0.987410
6.832580
0.000000
-2.063332
-3.215523
26.465446
22.483521
11.527687
0.892002
0.028698
1.740011
2.558819
-4.100179
-0.594611
0.731171
1.526250
0.759949
0.492634
0.237261
-1.994041
-0.004215
6.394420
0.000000
-4.198088
-4.709183
13.197768
10.524027
6.778471
2.085783
0.667489
1.746811
4.184919
-4.966677
-1.471614
0.860796
1.676803
1.045617
1.010524
0.770854
-2.052194
2.666595
6.684249
0.000000
-5.845177
-7.209869
16.560661
12.448246
7.007110
1.047560
0.432155
1.800039
3.190981
-3.744237
-0.355257
0.920932
1.857434
1.572423
1.638195
1.283239
-3.065545
1.850775
5.948052
0.000000
-6.634476
-8.587864
25.491985
21.836239
9.853670
0.913102
0.757340
2.033184
2.950133
-3.411051
-0.433129
0.882204
1.804207
1.899992
1.986151
1.442222
-2.368498
2.277108
7.152948
0.000000
-4.068398
-5.327675
24.134666
21.176289
11.046767
0.941565
0.347265
2.234938
2.159612
-3.701161
-0.208656
0.905187
1.627264
1.145162
1.105320
0.729296
-1.945429
1.376279
7.398309
0.000000
-4.918716
-5.562630
17.425262
13.484995
7.564019
1.161297
0.513201
2.229645
4.131381
-4.209201
-0.790243
0.777752
1.592380
1.136598
1.510625
1.432559
-3.739802
3.384462
6.927540
0.000000
-4.728333
-7.651791
21.372721
17.199217
6.441499
0.895485
0.871396
2.262630
-1.094518
-2.949932
-0.573743
0.755192
1.620478
1.976799
2.066872
1.473670
-2.106269
3.008981
8.052057
0.000000
-3.418369
-4.279675
25.104984
22.153242
11.467852
0.923910
0.208644
2.441544
2.106915
0.000000
3.355527
11.220688
10.664922
10.375468
9.826762
9.560061
9.200956
8.974642
8.789920
8.718778
8.646847
8.585422
12.480847
7.127895
20.146185
20.817680
20.240261
19.817949
19.371134
18.995245
14.990835
8.119420
0.652488
1.136198
-4.654168
-4.061087
-2.983222
-8.384018
-1.296101
-0.755750
-1.104687
-0.704355
0.154015
0.100511
1.343081
3.475334
41.150814
41.100246
0.000000
1.738304
4.499640
8.825031
19.660402
18.838547
15.621693
12.284855
15.625921
11.046824
-4.784371
-2.561444
2.274379
4.335232
3.933078
1.067618
0.835375
2.596902
2.799964
-2.821406
16.950006
0.000000
-8.748111
-11.472900
18.373358
15.883859
10.356727
1.236496
0.928424
2.659036
-4.382485
-2.082615
-1.300050
1.868433
0.431065
0.253169
-1.720028
-2.467769
-2.591496
-2.965572
2.178962
0.000000
-2.951805
1.770401
26.414448
25.286434
20.842220
10.211763
1.359042
-3.562315
1.932414
-4.655488
0.672441
2.747118
0.591955
-1.460515
-3.290109
-3.758904
-2.601976
-2.563371
-0.767010
0.000000
-0.913101
4.269901
22.692898
21.817230
19.327253
13.212792
1.449471
-0.185146
4.287864
-1.319076
0.444920
3.154494
0.634306
-2.470659
-4.115120
-3.074985
-0.764481
-3.803573
-2.156428
0.000000
-3.627171
-3.401005
27.580551
21.001051
5.493020
1.108487
1.084977
-1.547402
0.901622
-2.338974
-1.368334
3.422398
0.278582
-1.398355
-2.750805
-2.839680
0.458733
-1.835384
-1.734737
0.000000
1.993382
1.506071
17.072990
25.445400
22.554356
13.054496
0.827082
0.179839
-1.420683
-3.045864
-1.632811
2.371664
0.353123
-1.338605
-3.030832
-3.476040
-2.940871
-1.142841
-0.547379
0.000000
-8.290974
-6.827652
25.225224
23.086802
20.342421
10.356741
0.511628
0.125191
0.382709
-0.405408
2.219017
1.426223
-0.655997
-1.010911
-1.753133
-1.438216
-1.502512
-1.252917
5.175461
0.000000
-17.282764
-13.405455
26.748985
24.879288
16.705643
0.675410
0.559190
-0.337755
1.875501
-3.599511
-1.540394
2.075191
0.573081
-0.563512
-1.620144
-1.547615
1.968883
-0.659157
-1.066978
0.000000
-2.366353
-0.675353
20.835674
24.140137
21.002455
10.635277
0.497792
-1.478280
-0.825137
-8.029317
-3.130259
1.159734
0.550361
0.157773
1.052593
-0.052495
-0.864960
-0.704528
1.179658
0.000000
-13.575638
-11.078690
26.975208
24.017021
19.437080
6.745561
0.443317
-0.356334
0.424475
-3.591254
-1.178796
1.589927
0.584055
-0.265362
0.002925
-0.265457
-0.230520
0.563679
-0.143297
0.000000
-12.892970
-10.032804
26.061834
23.553188
19.768623
8.620314
0.350097
0.177340
-1.423019
-4.056555
-2.075203
1.521551
0.693203
-0.468929
-0.952793
-1.446702
-0.048453
0.231471
-0.146175
0.000000
-11.756339
-9.736883
27.390133
24.135105
20.720066
3.965908
0.502445
0.555842
-1.775570
-2.395845
-1.770758
1.261148
0.724822
-0.608780
-0.294188
-1.199149
-1.274187
0.130820
-0.273401
0.000000
-14.506858
-11.325575
25.622372
23.616638
19.356321
9.947011
0.413114
-0.044501
-9.379031
-3.094428
-3.968994
2.409914
0.057261
-1.462969
-1.912193
-1.819481
1.185781
-0.840310
-0.897769
0.000000
-11.950785
-10.050178
28.425232
25.737991
18.141979
0.699115
0.519076
0.163560
-4.448853
-2.748554
-2.743379
1.268394
0.053041
0.300322
-0.365137
-1.528727
-1.612698
-0.314095
0.000288
0.000000
-11.265955
-9.324976
26.116121
25.363277
21.187202
9.689327
0.501700
-0.253765
-6.496993
-3.962698
-2.503359
1.703115
0.804175
-0.561253
-1.283900
-0.857916
-0.718036
0.503983
-0.308619
0.000000
-8.599217
-6.584606
21.553581
24.601385
20.913416
10.612169
0.400139
-0.036812
-7.874759
-4.634924
-2.251781
1.656368
0.411018
-0.128832
0.346431
-0.747269
-1.417511
0.055864
-0.110713
0.000000
-15.444750
-12.778893
26.765446
23.807430
19.720554
4.880300
0.426510
-0.015618
2.132539
-4.030079
-2.600036
2.189425
1.030005
-0.402174
-1.423766
-0.485719
1.063728
0.334414
-0.760231
0.000000
-6.693183
-4.166220
19.424015
24.291405
21.371927
11.341601
0.449933
-0.087803
-9.935066
-3.203736
-1.954310
1.187208
0.515898
0.327436
0.321995
-0.799069
-1.302357
0.056942
-0.086461
0.000000
-14.881898
-12.490959
26.687691
24.160065
20.072523
5.449351
0.435276
0.003900
-7.680236
-4.413653
-2.071451
1.887988
1.099699
-0.123710
-1.108323
-0.814157
0.565500
0.070540
-0.889071
0.000000
-10.585773
-7.997056
22.709099
26.456760
21.650198
9.683459
0.491257
-0.190321
-5.599096
-4.853187
-3.135414
1.616008
0.718023
-0.107473
-0.834081
-1.677455
-0.794587
-0.077834
-0.405288
0.000000
-11.828098
-9.061186
25.836279
25.680965
21.179846
6.205923
0.490832
0.023398
2.860464
-4.307037
-2.258410
1.896817
0.714418
-0.533246
-1.235481
-0.831199
0.129747
0.160127
-0.666090
0.000000
-11.289418
-8.858910
22.504278
25.450525
20.897980
7.710193
0.429262
-0.034359
2.750476
-4.614653
-2.858191
1.703699
0.734052
-0.532145
-0.930540
-1.414548
0.022818
0.280521
-0.536620
0.000000
-13.159101
-10.368923
24.797281
24.810305
19.646208
5.169282
0.424811
0.213270
2.802698
-3.819597
-3.183792
1.856167
0.781874
-0.577386
-0.890022
-1.289319
-1.038098
0.456402
-0.553365
0.000000
-15.323662
-12.524493
26.023472
24.305525
17.483356
6.577469
0.379562
0.072472
-5.278597
-2.337964
-1.482305
1.982059
-0.489942
-1.851325
-2.190783
-1.594477
2.081836
-0.492732
-1.051656
0.000000
-13.630527
-10.988258
25.695568
26.628052
18.223026
1.126636
0.508464
0.280361
-4.936478
-2.935580
-5.241395
1.175302
0.126483
0.357661
-0.705073
-1.473198
-1.934294
-1.320712
0.370286
0.000000
-12.814269
-10.456489
23.436613
25.562241
20.842072
9.375015
0.520139
-0.455436
-3.214532
-2.378611
-5.416830
2.254211
0.362330
-1.199881
-1.668722
-1.342431
0.302463
0.108223
-0.788051
0.000000
-11.184052
-9.112307
22.531237
25.824276
21.245234
6.842001
0.394039
-0.067243
1.554048
-3.985499
-4.461871
1.640579
0.559983
-1.069176
-0.257271
-0.824261
-1.474411
0.708124
0.143545
0.000000
-14.007662
-10.432309
20.276991
23.503416
19.380859
8.680827
0.265840
-0.221481
4.505077
-3.642900
-2.573437
2.503540
0.875956
-1.594727
-1.596693
-0.388423
1.554245
0.764244
-0.804003
0.000000
-15.196281
-12.757259
27.162066
24.604469
16.333593
0.846842
0.384630
0.733889
2.172056
-1.774968
-4.608580
1.380081
0.949861
-0.975144
-1.353889
-1.718045
0.302797
0.083855
-0.302215
0.000000
-13.076510
-11.874434
23.630518
23.911776
20.046358
9.437750
0.387765
0.245718
1.518931
-3.547289
-2.973631
1.847818
0.687752
-0.981334
-1.724386
-1.689831
0.984370
-0.037102
-0.533981
0.000000
-12.243916
-10.782343
26.290926
25.125975
21.247860
6.927167
0.485847
0.358703
1.768268
-2.884301
-4.924600
1.458336
0.565012
-0.538607
-1.331247
-2.105835
-0.465209
-0.477642
-0.570061
0.000000
-10.447941
-9.349338
24.400478
24.792431
20.482086
7.250068
0.476607
0.106978
2.127390
-2.352401
-0.453374
2.373151
-0.703586
-1.463280
-1.989061
-1.863853
1.119150
-0.248081
-0.998057
0.000000
-7.421932
-7.985740
22.593670
24.468353
21.107147
7.589596
0.514739
0.453418
0.547142
-1.562258
-3.611685
1.579350
0.100005
-1.149117
-0.840385
-1.536690
-1.381834
-0.070247
-0.222201
0.000000
-12.873056
-10.846766
26.327879
23.895542
18.440174
5.261310
0.505619
0.324602
2.203315
-2.113277
0.488100
3.029473
-0.809566
-1.769971
-2.061353
-1.020422
0.602874
0.103184
-1.107709
0.000000
-5.236287
-7.476955
15.057599
23.349482
20.336863
15.170341
0.369461
-10.467270
-9.752881
-1.190299
-3.689198
0.811869
0.362875
-1.265987
-0.576700
-0.797273
-0.254523
-0.503030
-0.526440
0.000000
-15.475645
-14.589314
24.444820
24.180555
19.444786
10.065745
0.262185
-10.925094
-9.234297
-1.859197
-3.991576
1.543122
0.909693
-0.760670
-1.489249
-1.658020
1.499552
-0.806042
-1.089769
0.000000
-9.855808
-10.437271
22.936348
24.306786
20.684696
7.228628
0.396397
-11.001193
-9.728052
-1.688635
-3.963215
0.965277
0.763952
0.558304
-0.512796
-1.073807
-1.069295
-0.000390
-0.526967
0.000000
-12.948870
-12.226875
24.170528
24.863487
19.670780
13.080853
0.344487
-11.248595
-7.215400
-2.606829
-1.342600
1.420106
0.860338
-0.890857
-1.678443
-1.810426
0.368755
-1.346949
-1.090650
0.000000
-8.288261
-9.757113
23.681002
25.120119
20.890377
6.149851
0.476434
-10.972759
-9.804392
-1.510648
-3.497671
0.576550
0.653192
-0.291939
-1.012490
-1.269444
-0.181154
-0.448737
-0.591051
0.000000
-7.618159
-8.249329
23.073631
26.197767
22.078442
12.719788
0.564867
-10.504022
-3.234907
-2.792706
-3.458491
1.407975
0.638725
-0.021780
-0.893158
-1.796655
-1.812731
-0.697047
-0.434751
0.000000
-12.007539
-12.007768
25.881613
24.908489
20.363281
10.608191
0.468616
-10.883289
-6.217216
-0.797895
1.663427
1.615407
0.469357
-0.891546
-1.783688
-2.115858
0.291977
-1.283579
-1.219615
0.000000
-9.048056
-9.693825
20.947918
25.583668
21.434528
10.340472
0.413996
-10.718895
-8.114946
-0.462236
0.450317
1.392637
1.148665
-0.937696
-1.725226
-1.819883
0.738472
-0.993815
-1.146432
0.000000
-7.426042
-8.638023
20.985909
25.441147
21.729214
10.666728
0.470079
-10.476580
-4.491837
-1.910266
-4.365355
0.789441
0.381946
-0.253069
-0.289999
-1.203107
-0.308096
0.299555
-0.173539
0.000000
-10.211882
-10.299480
23.224108
25.161261
20.984562
12.088615
0.400535
-10.569112
-4.218170
-1.922513
-2.982905
1.359511
0.795573
-0.362359
-0.925664
-1.732147
-0.592922
-0.235899
-0.420609
0.000000
-11.275383
-11.722516
26.003481
24.949429
20.812035
9.550480
0.407006
-10.968221
-9.280258
-1.001863
-3.843418
1.234692
0.792487
-0.708936
-0.819364
-1.318612
-1.144409
-0.505015
-0.610704
0.000000
-12.480566
-11.783708
22.973099
25.119326
20.732292
10.648515
0.426673
-11.559482
-6.068425
-1.743468
0.534417
1.571195
0.419039
-1.614359
-2.208969
-2.263029
0.605855
-1.745207
-1.244762
0.000000
-7.084723
-9.502982
23.119537
26.263214
21.414099
4.641789
0.586491
-10.731426
-5.847373
-1.310842
-3.811769
0.755404
0.370856
-0.528578
-0.460010
-1.497380
-1.626305
-0.425345
-0.210502
0.000000
-11.236109
-10.998302
23.257921
24.832495
20.641071
12.379480
0.503131
-10.818821
-8.740519
-0.055463
0.296424
2.226916
0.818071
-1.665510
-2.288866
-2.152186
0.670205
-0.796682
-1.187935
0.000000
-10.065727
-10.928951
24.354939
25.446918
18.343676
4.376654
0.513812
-10.373913
-4.660872
-0.075813
-4.879049
1.321124
0.996774
-0.858632
-1.972215
-2.315421
-0.313200
-0.535214
-0.773346
0.000000
-10.590611
-11.232872
23.292492
25.528250
21.580658
11.510334
0.531386
-10.315773
-7.299045
0.783486
0.135369
1.979804
-0.062706
-1.174201
-1.839885
-2.049483
-0.896719
-0.946622
-0.933352
0.000000
-10.869925
-11.065480
21.388454
24.873547
21.352242
10.763957
0.456753
-10.820992
-3.298394
0.068824
-0.541925
1.594725
0.266497
-1.923776
-2.378442
-2.353812
0.743048
-1.591335
-1.234370
0.000000
-8.607130
-10.649974
21.687124
25.619202
19.713024
5.629170
0.551059
-10.082161
-7.658697
-0.098041
-3.982569
1.210232
0.682105
-0.524874
-0.748822
-1.421287
-0.845172
0.315310
-0.365841
0.000000
-10.854439
-10.645273
20.129007
24.866611
20.614803
11.237663
0.401872
-11.353493
-5.841991
-0.696286
-2.727582
1.750886
1.108084
-1.751662
-2.099991
-2.015766
0.372477
-1.096651
-1.001980
0.000000
-12.418641
-13.005159
27.381449
25.234966
17.488573
1.729082
0.604076
-10.358523
-8.669138
0.864675
-3.814458
1.450865
1.326391
-2.291567
-2.148054
-1.480321
-1.527367
-0.148260
-0.299545
0.000000
-5.861636
-6.094609
16.388649
25.897160
21.794462
17.470352
0.605473
-10.480439
-7.177800
-1.968619
-1.782577
2.269810
1.312022
-0.500430
-1.209846
-1.702251
-1.258242
-0.783009
-0.448092
0.000000
-10.442879
-10.457942
26.518700
24.344530
20.731930
10.704705
0.514318
-10.214061
-8.659293
-0.357244
-2.647456
1.803160
0.831944
-0.614133
-1.586036
-1.991415
-1.272999
-0.366127
-0.814371
0.000000
-11.316206
-10.714472
23.209625
25.238178
20.054909
9.432505
0.530528
-10.937794
-10.149420
-0.303710
0.174695
1.872377
0.519774
-1.733739
-2.403252
-2.344643
-0.392418
-1.476727
-1.099945
0.000000
-11.282297
-12.022358
25.853788
26.997963
17.675022
3.842419
0.635553
-10.134169
-12.265768
0.783027
-1.918259
1.552579
1.394088
-0.977819
-1.617673
-2.248724
-1.697782
-1.204030
-0.765127
0.000000
-9.202759
-9.374743
21.183271
26.525488
21.543522
10.658718
0.649337
-11.039403
-9.926194
-1.092102
-0.271815
1.794922
0.690594
-1.262968
-2.125154
-2.567413
-1.995075
-1.293890
-0.878432
0.000000
-10.417295
-11.175945
26.005047
24.682930
16.543289
4.222593
0.633497
-10.452848
-11.771717
-0.458678
0.435154
1.808475
0.395176
-1.374695
-2.310632
-2.580200
-1.684641
-1.359379
-1.000845
0.000000
-11.494379
-11.940238
28.104767
26.302279
17.138189
4.017745
0.706358
-12.218446
0.993575
1.621241
2.715523
2.075117
1.432129
-0.300207
-1.855079
-2.217044
-0.320893
-1.547105
-1.824984
0.000000
-6.823451
-7.884882
17.684761
26.982533
23.358273
11.518848
0.739914
-10.631310
-0.970029
-0.330359
2.579084
1.965391
1.440594
-1.201407
-1.920211
-2.416821
-2.279612
-2.944682
-1.439210
0.000000
-10.699414
-12.742912
28.139011
27.505241
22.818188
8.979803
0.747443
-13.065308
0.920082
0.278097
1.494790
1.542885
1.254977
-0.848723
-2.174039
-2.264297
-0.973123
-1.896220
-1.730627
0.000000
-5.366968
-5.701490
13.249764
27.050371
24.000317
14.888332
0.723048
-11.564031
-10.251768
0.505056
-2.049082
1.511935
1.021946
-0.659042
-1.509970
-2.114912
-1.646311
-1.805960
-1.031283
0.000000
-11.997402
-13.419474
27.662228
26.442421
22.013065
10.172049
0.646645
-12.193369
1.034202
1.324120
2.381940
2.064171
1.846967
-0.099090
-1.666951
-2.047199
-0.063513
-0.905868
-1.745601
0.000000
-6.955949
-7.522950
15.921522
27.619713
23.494396
12.484873
0.670376
-9.776288
-1.667477
-0.244458
0.325996
1.605124
1.565423
-0.592036
-1.754538
-2.305490
-1.925992
-2.234709
-1.285925
0.000000
-10.873446
-12.598354
26.704994
26.730936
21.724728
8.816304
0.688352
-12.564051
0.861373
1.823216
2.734766
1.731679
1.296370
-0.692151
-1.676232
-2.070654
-1.444547
-1.874649
-1.681543
0.000000
-8.719068
-9.997086
19.990932
27.657450
21.503117
8.391138
0.735883
-11.844129
1.066211
1.140355
2.129338
1.747522
1.504545
-1.124853
-1.949811
-2.612793
-1.765625
-2.530203
-1.560383
0.000000
-10.928846
-12.711601
27.806194
26.649004
18.460442
1.984452
0.819220
-13.875979
0.780852
0.171158
1.502459
1.910199
1.542132
-1.043708
-2.695478
-2.960109
-1.404829
-2.213089
-1.391192
0.000000
-4.805732
-6.805380
14.453522
27.002478
23.655003
13.857767
0.839434
-12.131358
0.938199
1.883245
2.597192
1.787356
1.275039
-0.903391
-2.049842
-2.711494
-1.901668
-2.586952
-1.331695
0.000000
-10.321930
-12.182257
27.593544
26.460749
19.628525
5.598577
0.790392
-12.690406
1.042988
2.347011
2.569304
2.356477
1.660140
-1.146279
-2.816847
-2.355252
-0.854968
-2.051879
-1.797673
0.000000
-2.160255
-3.547327
12.620886
27.616261
24.697231
17.458344
0.800252
-10.365461
-3.138323
-0.395335
-1.694729
1.632112
1.398002
-0.384706
-0.965135
-1.630972
-2.282154
-2.290124
-0.929006
0.000000
-8.010659
-9.164717
27.356289
25.850765
21.855751
12.646555
0.720336
-13.294837
0.006685
1.137687
2.655451
1.916782
1.145141
-1.473799
-2.552552
-2.877792
-1.587371
-2.067473
-1.185954
0.000000
-8.190189
-10.274089
21.666021
26.871822
21.703613
10.154834
0.723971
-14.192070
-1.137553
2.321876
2.405392
1.933371
0.781234
-2.192507
-2.344093
-2.669092
-2.628789
-2.200933
-1.110884
0.000000
-9.435593
-11.393757
22.484003
25.705830
20.862305
11.625454
0.842173
-17.881176
1.150076
3.771286
2.402066
2.645205
0.882188
-2.315027
-2.325807
-2.052841
0.074021
-2.090775
-1.868543
0.000000
-6.436649
-8.666171
16.937817
26.981361
22.603596
9.354799
0.607706
-11.981112
-1.472991
0.013369
0.639712
1.279907
1.349902
-1.363435
-0.558162
-1.246348
-1.741218
-1.106879
-0.238563
0.000000
-8.458883
-7.621062
12.866789
23.763081
21.287636
16.378326
4.411753
-16.497408
-7.160976
2.169310
1.979509
2.216413
0.158743
-0.938225
-1.791541
-1.184155
-1.532558
-3.628853
-0.793814
0.000000
-18.068981
-20.368744
27.145012
25.827217
20.995632
6.010950
0.574350
-12.975190
1.111544
0.692106
1.565094
1.707534
1.839470
-0.539940
-1.396923
-0.931896
-0.309125
-0.345625
-0.263636
0.000000
-6.629211
-5.841897
8.034785
24.913595
21.567905
18.592354
1.215343
-11.969760
-5.517529
-0.427557
-1.530664
1.385873
1.138703
-0.143580
-0.306381
-1.139615
-1.205184
-1.154115
0.132459
0.000000
-12.032862
-14.763482
24.956554
24.159822
20.500263
13.291208
0.469562
-10.163042
-9.018524
1.734300
-3.199507
1.435170
1.294287
-0.645850
-1.541845
-2.209895
-1.299598
-0.848021
-0.092746
0.000000
-6.913549
-11.319506
19.680372
25.461002
21.646927
12.889921
0.558490
-11.365343
-8.878761
2.301962
1.105188
1.841498
1.037498
-1.066745
-2.220352
-2.424427
-1.800027
-1.706063
-0.812892
0.000000
-6.729988
-11.592279
18.957249
24.316895
20.837465
11.746359
0.629418
-13.659721
-4.911075
3.047594
1.583873
1.624405
0.327078
-1.950665
-2.783319
-2.634912
-0.043089
-2.483923
-1.508013
0.000000
-7.348484
-12.539462
23.457111
26.186275
19.440037
8.068371
0.690020
-12.706620
-7.351526
2.944107
0.938337
1.793897
1.244510
-1.250168
-2.715857
-3.010278
-1.385236
-2.353724
-1.228590
0.000000
-4.900483
-8.976493
19.963062
26.015411
22.631018
12.102074
0.725276
-13.293346
-10.019885
2.300136
1.497799
1.794876
1.348436
-0.828870
-2.231448
-2.698697
-2.336187
-1.490446
-0.766951
0.000000
-4.569586
-8.193651
18.835831
24.340881
21.257236
13.593245
0.953947
-16.550266
-10.428843
1.500036
1.163362
2.577521
0.625840
-2.433063
-2.655780
-2.957508
-0.664758
-2.409061
-1.077976
0.000000
-5.279950
-10.659606
21.159927
24.826298
21.721390
9.558655
0.621466
-13.268387
-2.200069
-4.792303
3.104041
2.402357
-0.282078
0.099247
-0.555329
-1.422441
-1.545697
-3.265428
-0.611822
0.000000
-9.067458
-11.952639
27.200674
26.285170
22.965626
12.071026
0.695235
-13.592159
-3.913626
1.367595
-1.221277
1.980734
0.723124
-0.395411
-0.571311
-1.379900
-0.794214
-0.479006
0.118625
0.000000
-4.815046
-7.209529
15.074718
23.590057
20.276579
17.140230
1.439903
-14.397243
1.341300
-0.089930
-3.116645
2.020824
1.001456
-1.625769
-1.027298
-1.515020
-1.465775
-1.439655
-0.422974
0.000000
-14.763324
-16.525108
25.000093
24.613298
20.411421
12.077827
0.443057
-11.194758
-11.304468
2.418190
-3.287344
1.022188
0.948483
-0.802346
-0.556991
-1.061153
-0.929291
-0.459126
-0.313819
0.000000
-10.372042
-11.429321
17.851057
24.643444
20.245972
14.039451
0.498390
-11.920887
-8.535628
0.984131
0.917722
1.771739
1.333263
-1.518154
-1.834269
-1.828029
-0.896968
-1.615880
-1.081580
0.000000
-13.046980
-15.272605
25.450214
25.405092
20.856985
9.987677
0.463350
-10.454277
1.042512
0.531627
0.699642
1.129300
0.833545
-0.627967
-1.664021
-1.798082
-0.076175
-1.655956
-1.506879
0.000000
-5.908505
-7.258341
14.140606
26.164961
22.840607
14.089775
0.558106
-10.772440
-9.937391
0.702560
-0.755672
0.885672
0.863703
-0.807463
-1.043671
-1.650303
-1.754269
-1.378934
-0.847609
0.000000
-10.949226
-12.968675
23.650785
25.339209
21.646984
12.389493
0.538090
-12.383083
-3.535290
1.582744
1.249333
1.491851
1.375802
-1.271565
-2.161999
-2.206101
0.269911
-1.840868
-1.535402
0.000000
-6.476215
-9.233866
18.693867
26.433867
22.910530
10.250714
0.596960
-9.826866
-6.900532
-0.357615
-4.632117
1.050138
0.809861
-0.308013
-1.134283
-1.985554
-1.488953
-0.399060
-0.290142
0.000000
-9.831457
-10.479600
22.485477
25.980253
21.413715
11.048144
0.591581
-10.699186
-8.547092
-0.537579
-0.112463
1.931827
0.829638
-1.116248
-2.257518
-2.564643
-1.848780
-1.063198
-1.011564
0.000000
-11.738942
-12.306931
25.098320
25.138605
19.429163
9.685361
0.548837
-10.756227
-14.419129
0.887675
-0.467221
1.714193
0.713918
-1.843808
-2.458972
-2.021810
0.756916
-2.315229
-1.450148
0.000000
-7.162281
-9.925121
24.304775
26.476351
20.018135
3.220300
0.654529
-11.358602
-4.485429
-1.038397
-5.985279
1.149476
0.490473
-0.395044
-0.908615
-2.064290
-1.626259
-0.872821
-0.335603
0.000000
-5.195198
-5.956344
14.604097
26.071152
22.324364
17.032658
0.656888
-9.579910
2.468063
-1.090735
-2.799200
2.169226
0.535505
-1.494882
-1.799455
-2.302115
-2.108505
-0.222560
-0.153270
0.000000
3.340262
10.243441
10.405714
10.014482
9.801831
9.545774
14.349720
12.623072
23.095139
23.303137
22.377838
21.391140
20.460278
20.281319
19.990444
19.948948
19.639027
19.395515
19.333961
19.021851
10.814814
-2.258814
-2.272531
-3.531810
-1.753416
2.517409
0.548801
-0.645968
-0.834816
0.205378
0.339172
0.664736
0.905398
0.000000
-0.276445
2.949053
21.414190
26.133091
24.007889
17.439739
6.179693
-3.841644
1.977079
1.650795
0.127669
2.971742
1.712745
-0.284461
-1.538008
-0.364532
0.108154
-2.748025
-2.227468
0.000000
-5.854950
-0.588394
27.864645
27.071594
24.387871
22.840763
12.236528
-16.128834
4.310084
3.951374
-0.599182
3.958698
1.416159
-0.477957
-2.960382
-3.215350
-2.357152
-4.729187
-1.797712
0.000000
-2.464554
-1.166664
23.819384
27.115669
18.639193
1.438518
1.359606
-14.357671
4.490553
3.789513
2.095814
3.702765
1.053181
-0.579335
-3.014576
-3.044588
-3.160770
-4.583271
-1.890695
0.000000
-0.080620
-4.661987
21.106823
24.648067
16.809418
2.111754
1.165940
-11.339848
0.913449
1.019730
-2.287442
3.194331
1.041986
-0.256692
-1.502549
-1.913495
-2.112373
-3.368266
-1.736338
0.000000
-2.196369
-4.942826
18.994316
27.133652
20.798910
10.019466
0.950236
-11.956803
3.722222
2.264863
-3.500046
3.215949
0.033418
0.206781
-2.431761
-2.861827
-1.801326
-2.102425
-1.098524
0.000000
-8.868344
-7.362786
18.164831
24.642494
21.373814
12.324711
0.714880
-11.603362
3.845292
2.488565
-3.267241
1.655353
-0.887785
-0.380476
-0.308004
-0.427767
0.132648
-7.379534
-3.242441
0.000000
-4.006568
-9.899744
27.736275
23.625832
7.441159
0.166501
0.255660
-9.575728
0.303431
-2.669358
-4.127999
1.426684
-0.140716
0.709284
-0.299810
-0.059689
-1.175148
-1.533849
0.563249
0.000000
-10.484290
-11.013721
22.938690
24.598604
21.517870
14.370367
0.581413
-12.899918
3.384474
2.203158
-3.840310
1.477582
-0.611043
0.189371
0.882593
0.949397
1.447150
-1.901491
0.318456
0.000000
-5.738980
-9.927050
27.727657
24.440170
18.164658
-1.630267
0.255053
-6.159497
1.350357
-5.402864
-2.102908
0.682477
0.802052
1.065734
2.206452
-0.118884
-2.711894
-7.863998
-3.301401
0.000000
-10.361824
-15.426704
26.885902
26.339659
22.860943
7.294612
0.431360
-13.118045
2.794096
0.309708
0.672845
-0.000299
0.741599
0.837238
1.496310
0.538564
-0.423492
-5.270518
-1.461641
0.000000
-7.666678
-10.984651
17.860867
26.807219
24.228420
10.227164
0.451323
-11.319600
2.060483
-1.772598
-3.115018
0.893297
0.500654
0.926501
1.799929
1.842780
1.152478
-4.681556
1.273314
0.000000
-6.829783
-11.862188
27.439045
25.848671
22.653748
7.849286
0.344100
-11.567709
2.367729
-0.882736
-3.411016
0.142674
0.761463
0.985231
1.918395
2.235013
2.119102
-6.248652
-0.809446
0.000000
-5.410468
-11.003500
27.742001
24.699404
22.005121
3.491550
0.229007
-8.991790
0.441199
-1.280107
-2.960957
-0.094455
1.432218
1.316398
2.260716
2.276043
0.226838
-7.624743
-0.901897
0.000000
-6.221956
-11.588398
27.339102
25.478008
22.464598
6.784269
0.328731
-9.460672
0.841198
-1.819609
-3.311234
0.220520
1.603777
1.386579
2.128818
2.422498
1.085840
-7.152452
-1.569455
0.000000
-4.621276
-9.756100
27.101440
25.345203
22.457031
6.004493
0.239012
-8.799121
1.183991
-1.911004
-3.455096
-0.248801
1.949602
1.452131
2.388083
2.924155
0.907757
-2.092089
-2.657942
0.000000
-3.989349
-10.480068
26.403030
24.602392
21.094151
-1.905207
-0.386602
-6.917425
-1.505123
-2.306369
-2.608478
-0.273040
1.988434
1.479781
2.719859
1.053015
-1.065597
-6.443952
0.103039
0.000000
-10.139291
-14.779112
27.838932
27.553818
24.494711
9.050153
0.479246
-11.739665
1.526629
-0.228509
-1.702473
-0.198463
1.252850
1.264048
1.892290
1.476810
0.266531
-5.603271
-2.419216
0.000000
-8.154574
-12.883425
19.902191
26.867702
24.217785
10.665649
0.457547
-11.161824
1.971004
-1.654881
-3.331182
0.957364
0.671286
0.944630
1.857949
1.950164
1.719473
-4.621731
1.591777
0.000000
-5.983942
-11.363962
27.341812
26.159828
22.426109
9.893785
0.252493
-11.408540
1.589410
-1.102652
-3.193217
0.269888
0.743872
1.164471
2.146457
2.322757
1.989214
-4.117188
0.239435
0.000000
-5.308932
-10.740644
27.234945
25.063841
22.333866
6.241005
0.167458
-8.289924
1.385765
-2.824271
-3.339450
-0.520855
1.733517
1.440197
2.581591
3.256253
1.410062
-8.297641
-2.645714
0.000000
-4.157063
-11.281925
26.747368
24.833488
17.670122
-1.680810
-0.965280
-6.300255
-0.088898
-1.787900
-2.449574
-0.459481
1.878448
1.476976
2.793279
1.053819
-1.196867
-6.190679
0.528196
0.000000
-10.923532
-15.318521
28.127787
27.386965
24.121170
9.979492
0.457882
-11.275193
1.588673
0.556647
-2.091788
-0.101114
1.391696
1.357682
1.852349
1.639753
0.508775
-5.753478
-1.599089
0.000000
-7.826539
-11.866373
18.293209
27.356190
25.023788
10.060734
0.511081
-10.848374
0.205704
-2.108057
-3.300772
1.349703
0.888683
1.148623
2.072317
1.759076
-0.144013
-4.976813
-1.413510
0.000000
-9.109580
-13.569837
21.715313
27.219109
24.675316
12.104870
0.440155
-12.681279
0.183247
-2.490443
-2.983017
1.345945
0.203074
1.182076
2.164937
1.865158
0.479656
-3.673734
0.603946
0.000000
-9.928976
-13.515109
18.213615
25.654369
23.451824
13.856806
0.289526
-13.426371
2.635890
0.176004
-0.892912
-0.359061
0.174438
1.241906
2.893874
3.390253
3.640267
-4.691049
-0.610824
0.000000
-3.572284
-10.255835
25.526936
24.315296
17.663149
-1.652653
-0.987118
-4.127261
-1.155913
-4.933828
-2.180026
-0.764352
1.506959
1.607816
3.251237
0.926162
-2.118012
-7.594473
1.861068
0.000000
-12.269360
-16.690659
27.145815
27.075359
23.491785
9.572865
0.057310
-11.589643
1.988480
1.128595
0.722883
-0.704987
1.377406
1.506358
2.140103
1.743989
0.271654
-5.484528
-1.324989
0.000000
-7.228474
-10.079736
12.717672
27.338083
24.898151
12.311969
0.415074
-10.276131
2.043607
-1.527448
-3.349025
0.061665
0.666841
1.166604
2.146215
2.146963
1.113164
-4.232017
2.696608
0.000000
-7.539754
-13.390699
27.667154
27.416107
23.175995
7.233276
0.379262
-11.934696
1.863555
-0.531742
-2.756830
-0.176438
0.787848
1.419310
1.579296
0.554433
0.007666
-3.612977
-0.804059
0.000000
-10.316876
-15.566386
21.692989
25.874706
22.848145
15.302993
0.299746
-12.017743
3.738141
-1.736802
-2.229751
-0.246832
0.302179
1.080645
2.420241
2.776098
1.880346
-3.940710
0.142385
0.000000
-5.134832
-11.613520
27.040146
23.948088
21.685442
-0.633949
0.199213
-5.863387
0.722540
-0.994796
-3.037640
-0.176417
2.126571
1.291627
2.422873
0.413834
-2.144710
-8.244925
0.088506
0.000000
-8.714634
-15.102751
27.538334
27.302723
23.350544
7.415027
0.462580
-10.974450
1.260875
-0.065964
2.182818
-0.604467
1.549432
1.110673
1.111374
-0.164431
-0.796110
-3.996154
-0.878039
0.000000
-7.922227
-12.104773
18.596392
26.691044
24.165327
14.269923
0.475595
-12.244558
3.474763
-0.662416
-3.103268
0.626019
0.139321
0.404008
1.060785
1.023531
0.789853
-4.530489
1.106253
0.000000
-5.207795
-10.497444
25.829607
25.687130
21.924297
12.748940
0.108479
-9.155557
2.153161
-1.075317
-2.889442
-0.056271
0.778519
0.889086
1.702660
1.902000
0.857059
-6.175589
0.391125
0.000000
-6.126579
-11.925480
26.291519
24.775993
21.727816
5.579147
0.211623
-8.771502
1.360945
-1.216243
-2.715515
-0.507175
1.456533
1.166172
1.803902
1.238987
-0.543331
-7.182571
-2.381289
0.000000
-6.984960
-13.161652
27.597799
26.323933
23.623131
0.591199
0.542484
-10.772264
1.373411
-1.121165
-2.633545
0.853628
1.129933
0.806839
-0.109313
-0.143257
-0.872081
-1.550625
0.159039
0.000000
-9.580980
-11.353317
19.164120
24.475647
21.810947
18.420935
3.329052
-14.908766
4.079113
2.680696
-1.619231
0.649747
-0.332966
0.046728
1.008003
1.204890
3.569140
-4.977045
-1.858978
0.000000
-3.445959
-9.867367
25.835495
22.984894
14.485323
-0.867498
-0.450190
-0.707726
-0.512761
-5.540399
-2.924270
0.321813
1.107043
1.241274
1.320257
0.725007
-0.286257
-7.045088
-0.211429
0.000000
-8.853608
-13.918194
27.770912
26.959892
23.261105
4.557125
0.504783
-10.462510
0.207896
-0.283033
2.544631
-0.205129
1.782658
1.031436
0.060798
-1.231741
-1.338323
-2.206113
-0.096891
0.000000
-8.576283
-8.815721
13.246490
24.967438
23.389790
16.970467
1.816519
-14.570683
3.559978
3.645091
-3.409221
1.856159
-0.260158
-0.213778
0.657284
0.884149
2.896228
-5.284649
-2.645828
0.000000
-2.945645
-8.158735
25.070759
24.036812
12.961714
0.001055
-0.078902
-4.292466
-0.639429
-2.550734
-2.432239
0.734877
0.902276
0.851440
0.572342
0.195968
-0.144756
-3.751147
-0.576408
0.000000
-7.217524
-11.938280
26.112663
28.196344
23.561901
12.235916
0.574003
-12.225236
0.456117
-0.111343
2.258082
0.810119
0.882275
0.607037
0.568263
-0.843516
-1.305404
-3.769307
-1.079827
0.000000
-6.807826
-10.556538
15.953791
25.941181
23.692444
15.802656
0.538686
-15.213717
4.469166
0.825733
-3.219875
1.055360
-0.264196
-0.026451
0.727184
0.776621
1.054496
-4.038803
0.801020
0.000000
-4.988647
-10.558960
26.992847
25.665545
22.239529
5.547911
0.258795
-10.816263
2.663525
-1.061601
-3.256007
0.640903
0.012057
0.535748
1.624077
0.499537
-1.029547
-6.112343
-1.691262
0.000000
-8.580327
-15.682194
26.564640
26.161573
23.138615
8.306111
0.501347
-12.758430
2.256948
-0.322273
-2.879064
0.840332
-0.073502
0.469932
0.614928
-0.914333
-0.956551
-2.419231
-0.175799
0.000000
-9.046247
-12.863517
19.610907
24.660027
22.021374
17.575838
3.822548
-15.304423
4.174208
0.902879
0.494969
0.760017
-0.962862
-0.143966
0.861363
0.939432
-0.270875
-3.495518
0.564341
0.000000
-3.817627
-9.810390
25.419628
24.161018
21.159801
2.087771
-0.030065
-8.317441
2.316789
-1.351907
-3.583755
0.881071
0.024002
0.835006
2.133086
0.816975
-1.849657
-8.389859
-2.376831
0.000000
-8.553406
-17.099432
27.401735
25.691477
20.465487
-1.176710
0.487806
-10.706500
0.186594
0.987639
-1.556561
0.748551
0.200399
1.082271
0.441269
0.256322
-0.465874
-1.684572
-0.066704
0.000000
-9.464840
-12.701142
19.838995
25.298943
22.323704
17.975138
2.278912
-12.960590
3.794932
-0.024488
-2.885116
0.807784
-0.067469
0.389241
1.088130
0.631847
0.491037
-5.825607
0.667932
5.078004
0.000000
-12.081356
-12.010912
26.009960
21.764441
3.462528
0.403148
0.371635
2.836869
0.504832
-1.658204
0.531487
-0.220859
0.798840
2.032188
0.764267
-0.815239
-6.628935
0.153673
7.922756
0.000000
-15.401114
-12.897028
26.635483
23.698135
15.877726
0.435146
0.335151
3.005620
0.812373
-0.030873
0.335895
0.015203
0.311899
1.301323
1.268293
0.454986
-7.037203
-0.357731
6.181546
0.000000
-12.104824
-10.636377
26.367271
22.537384
13.044980
0.300488
0.300643
1.557242
-0.343829
-4.422016
0.019691
-0.031904
0.662894
1.464028
1.631095
1.438145
-4.995070
-0.259485
6.278582
0.000000
-11.487015
-9.199875
26.423920
22.667923
11.923229
0.142685
0.362807
0.586184
-0.310479
-4.155265
-0.153895
0.448062
0.895530
1.618853
1.739151
0.654032
-7.634695
-1.786154
5.672137
0.000000
-11.030527
-12.113905
26.936583
23.114523
7.934235
0.385979
0.442082
1.749242
-0.122929
-4.657692
-0.262419
0.873611
1.065335
1.798315
1.155521
-0.279149
-7.180069
-2.720569
5.535753
0.000000
-14.587101
-12.825939
27.164610
24.247066
12.259945
0.491739
0.437129
1.975174
0.152816
-3.745783
0.409574
0.034852
0.631924
1.548896
1.505996
0.166324
-7.227354
0.327049
7.458087
0.000000
-12.103226
-10.843245
25.824745
23.044571
17.047165
0.286721
0.135512
1.970391
0.129721
-3.450410
-0.165103
-0.123551
0.566481
1.584853
1.819271
1.561312
-3.458421
1.372224
7.305453
0.000000
-12.946623
-11.330507
25.494675
21.889439
10.642677
0.232880
0.270548
2.696902
-0.061298
-4.220625
-0.211740
-0.093380
0.737197
1.841884
2.247357
1.607399
-0.573359
0.496753
7.126748
0.000000
-11.934195
-10.519289
26.194344
22.524281
12.829018
0.101177
0.342405
0.491741
0.021351
-4.201097
-0.186866
0.367508
1.041131
1.821097
1.974301
0.540767
-6.934734
-2.276472
6.500153
0.000000
-14.047882
-13.174305
27.385782
23.898735
8.318896
0.519157
0.514225
-1.002572
-0.541851
-4.097641
0.738194
0.203822
0.912068
1.788977
0.755580
-0.766810
-4.640930
-0.150382
6.149806
0.000000
-13.446531
-11.017796
26.096462
24.716724
19.202778
3.242458
-0.200915
2.947368
1.040693
-0.793993
0.301247
0.003118
0.110180
0.945788
1.127484
1.406145
-4.476951
-0.795582
4.179367
0.000000
-9.567575
-10.538801
26.304125
22.230202
5.890261
-0.563660
0.256315
0.652819
-1.023670
-5.496176
0.530533
0.306684
0.886421
2.168071
2.038291
-0.090083
-9.280828
-1.712079
6.106156
0.000000
-15.831551
-14.144571
26.597431
21.495392
-0.935374
0.389898
0.583837
-1.738968
-0.458452
-3.397866
0.681691
0.311127
1.133486
0.249689
0.684048
0.077627
-2.936385
0.017936
8.649910
0.000000
-13.795047
-10.388433
25.840622
23.182348
19.518969
5.745018
-0.290445
2.650630
3.153594
0.201597
0.953538
-0.305723
0.005684
0.740897
1.102233
1.479339
-5.329636
-2.700037
3.561454
0.000000
-8.620056
-9.671082
24.700523
14.275716
0.094451
0.229270
0.359640
0.304456
-1.068197
-4.023084
0.917001
0.012348
0.797971
1.078536
0.894961
0.077190
-7.386320
-0.288095
6.367704
0.000000
-13.954962
-10.773621
28.144350
23.971420
11.878279
0.653745
0.533171
2.107291
1.922748
-0.427253
0.783582
1.032539
0.464614
-0.740621
-1.971383
-1.350974
-3.338520
-1.039771
-1.867239
0.000000
-10.932304
-8.846190
21.064589
23.765190
18.434336
5.422132
-0.140066
2.667212
2.778223
-0.734698
1.015913
-0.357114
-0.214292
0.454488
0.684227
1.005126
-5.251392
-1.639795
4.220215
0.000000
-9.819862
-12.281668
25.979601
13.131673
-1.475142
-0.841016
0.370392
0.753632
-1.215755
-5.616794
1.454284
-0.216346
0.726169
1.113355
1.244772
0.718935
-2.811918
0.208804
7.462179
0.000000
-13.877521
-10.593286
25.961611
24.137527
18.860434
5.337749
-0.173663
2.357847
2.475864
0.225502
0.382549
-0.008387
0.125695
0.796630
1.035558
1.414795
-5.055071
-1.754865
3.953843
0.000000
-9.793144
-11.681665
26.870090
18.152184
-1.623322
-0.590750
0.318768
0.112918
-1.674249
-5.722230
1.523787
0.093338
0.813831
0.920825
1.478405
1.090078
-4.245343
0.372781
10.524014
0.000000
-14.648635
-11.297618
27.301180
24.749197
17.297438
0.825113
-0.082774
2.437772
1.730654
-0.336083
-0.181080
0.537002
0.297643
1.053556
1.235863
1.459063
-4.061255
-1.093691
4.767011
0.000000
-11.167591
-12.648991
27.322701
22.886736
4.125646
0.013699
0.405839
0.484277
-1.427126
-4.014015
1.089985
-0.060155
0.931575
2.122259
-0.141171
-1.587418
-3.811384
1.367316
9.237433
0.000000
-14.541219
-10.632113
25.743240
24.223475
17.553844
4.314093
-0.690416
1.531911
3.698707
-1.364183
0.020709
-0.344388
0.170414
1.297126
1.528585
1.853327
-6.460334
-2.825074
2.713533
0.000000
-7.740271
-11.255373
24.824745
14.456730
-0.677714
0.192787
0.162923
0.061966
-2.336792
-4.142629
0.118671
0.373887
0.368850
3.331169
1.319830
-0.330409
-12.476427
-3.504021
3.952084
0.000000
-12.635437
-10.041759
25.458504
22.596298
3.198351
0.222398
0.523207
-2.449882
1.450747
1.498367
-1.858587
1.654011
1.455226
1.976311
0.968021
-0.564037
-5.221123
-1.124208
2.970072
0.000000
-13.636595
-10.210495
24.694405
25.460266
21.181778
5.311317
-0.462437
-1.308846
2.959654
0.284121
-0.447565
1.139277
0.616916
1.316408
1.596454
1.840325
-1.390548
-1.699234
5.229668
0.000000
-9.724480
-11.920414
26.132420
19.631821
-1.293632
0.038988
0.427605
-2.535777
-0.104781
-3.868742
-1.233051
0.613506
1.275375
2.078261
-0.016959
-0.427866
-6.381652
0.023791
6.622766
0.000000
-14.309736
-12.261555
26.545605
25.070646
19.563381
1.485962
-0.993256
-1.914654
3.922138
-1.032979
-1.451988
1.332073
0.796158
1.237298
1.394479
1.402979
-5.177769
-2.516149
3.011010
0.000000
-10.934739
-13.732645
28.595131
20.132397
-1.015572
0.428197
0.528695
-0.782796
-0.568120
-4.932408
0.376298
0.653005
0.495568
1.736210
1.398404
0.567370
-6.633760
-1.239776
5.976732
0.000000
-12.201965
-11.296684
29.239109
26.566971
16.855944
0.713983
0.604337
-1.275535
2.733693
-0.011601
-0.509421
1.630120
1.201095
0.119977
-0.665291
-0.709657
-4.051600
-2.763624
0.981203
0.000000
-13.302124
-12.054502
27.905798
25.752701
19.175642
0.637513
0.343312
-0.387897
1.776524
0.047427
-0.805102
0.426398
-0.118656
0.709909
0.649735
0.091085
-5.424400
-1.359290
5.681257
0.000000
-10.826527
-11.389549
25.988646
22.773735
19.784721
0.310545
0.215726
-1.080124
1.185419
0.464230
-0.667661
0.211901
0.182942
1.183283
-0.327386
-1.236615
-5.181633
-1.666348
3.774439
0.000000
-16.042297
-13.863956
26.602100
24.173258
18.752457
0.595520
0.322212
-0.453159
2.136991
-0.474532
-0.435631
0.123979
-0.119307
0.831250
0.289029
-0.177730
-5.648561
-0.360039
7.022191
0.000000
-11.558035
-11.782082
25.249619
22.732756
18.661953
0.417683
0.210282
0.025175
1.335262
0.293100
-0.303402
0.410019
0.083438
1.191165
0.097203
-0.629467
-5.297842
-2.295063
5.996781
0.000000
-15.424480
-13.669127
25.775978
23.504795
18.175564
0.430000
0.350723
0.218126
2.016904
0.074354
-0.270743
-0.149979
-0.064020
1.109049
1.010321
0.356316
-5.264617
1.655231
9.088737
0.000000
-11.430777
-10.412828
25.666933
22.396999
17.843889
0.451351
0.126039
2.354311
1.429236
-0.156417
0.645695
0.092937
-0.010805
0.308792
-0.928818
-1.215293
-4.872984
-0.781468
4.207050
0.000000
-15.546144
-12.891147
26.192345
23.635719
14.155627
0.515217
0.298509
1.589065
2.668476
2.564304
0.623344
0.048950
0.178693
1.001664
0.210502
-0.249501
-6.508590
-1.222804
6.095198
0.000000
-15.475014
-13.130199
27.280136
23.370415
11.278410
0.475847
0.467013
1.908946
0.257433
0.004513
1.309979
-0.275265
0.270454
0.021144
-1.411737
-1.796916
-3.336783
0.072465
1.675914
0.000000
-10.973993
-9.300448
23.820250
22.206255
17.252417
5.938222
-0.390560
2.487476
3.449272
-1.067143
0.518314
-0.780283
-0.515338
0.662248
0.914902
1.240986
-6.802639
-3.137115
1.968263
0.000000
-8.677308
-11.506905
24.842453
15.994394
-1.554630
-0.887407
0.209124
0.389233
-1.516964
-5.242596
0.869830
0.406350
0.784506
3.094052
0.772376
-0.251861
-10.506508
-0.503979
6.533267
0.000000
-15.444775
-12.163057
27.233543
22.476994
4.608454
0.250895
0.556028
0.753777
-0.462634
1.127691
0.544401
1.094884
1.296362
-0.089319
-1.484429
1.236166
-2.441907
-1.705648
1.333597
0.000000
-3.059623
-2.621838
22.659235
22.880692
19.546110
5.219975
-0.563119
-0.697928
0.369028
-5.278400
-0.399496
0.885175
1.377373
2.345428
0.270049
-1.915663
-6.303013
0.600819
7.010889
0.000000
-16.530447
-14.637569
26.088093
23.516527
15.421021
0.337087
-0.093300
1.320260
1.106799
0.401884
-0.908320
-0.363853
0.355683
1.550011
1.264253
1.245639
-4.612583
0.408050
5.192173
0.000000
-12.153878
-13.398709
24.865177
21.070330
9.677204
0.046971
0.233940
2.015679
-0.515900
-4.988056
0.050169
-0.257959
0.694790
2.233071
2.601494
0.664013
-5.168542
0.977358
7.959750
0.000000
-12.092041
-10.528124
25.094656
21.036633
15.382677
-0.036422
0.201681
0.994484
0.421064
-2.243796
-0.819232
0.420323
0.867594
1.868000
1.778720
0.480201
-6.902234
0.462613
7.289845
0.000000
-16.615416
-13.353964
27.336582
23.769253
11.396084
0.384059
0.421041
-0.661581
-0.271863
-3.485791
0.067793
0.079555
0.719610
1.620810
0.656869
-0.776742
-5.373614
-0.567268
3.907505
0.000000
-13.692473
-11.417737
26.987087
24.867302
17.007786
0.470783
0.253747
2.480575
1.515907
-2.529298
0.558602
-0.182269
0.447849
1.638846
1.470444
0.844839
-7.117126
0.056147
6.634080
0.000000
-12.210211
-12.841196
26.254543
22.815895
9.905006
0.321299
0.371588
1.499824
-0.333320
-4.370058
0.344540
0.065033
0.819907
1.880596
2.155479
0.345952
-7.600863
0.816821
8.131140
0.000000
-11.413757
-11.374239
25.981586
21.985603
16.335415
0.151612
0.247778
0.741668
0.200475
-3.444607
-0.447518
0.452306
0.962630
1.877070
2.171042
0.992969
-7.440089
0.930503
8.341685
0.000000
-13.173698
-12.430286
26.794151
22.445215
12.164692
7.713229
10.892273
11.041230
11.056886
10.567297
10.057224
14.411814
12.262760
22.093449
22.952398
19.811247
17.051430
8.467719
1.272627
0.732339
0.647680
-2.168746
1.632200
1.015284
1.659172
1.587222
0.874670
1.306280
0.806353
0.172589
-1.509551
-1.140511
1.268197
0.000000
-8.993404
-7.744465
30.504395
29.267471
16.920849
1.711461
1.332901
0.008648
4.602206
-5.416620
0.742167
1.192411
0.865812
0.218277
-0.138206
-0.240472
-3.394264
-2.215018
5.644857
0.000000
-0.005241
-0.252052
28.116032
24.851536
6.173398
1.571957
1.312588
1.013572
3.803602
-4.618153
0.812168
1.482405
1.662251
0.789731
0.137496
-0.240489
-3.149515
-2.314348
5.181674
0.000000
-0.331448
-0.569675
28.564564
21.167950
4.682125
1.332161
0.467975
1.209963
4.750241
-5.195792
0.884298
1.522401
1.735945
0.844200
0.420249
0.053989
-3.298058
-2.403119
6.603180
0.000000
-0.646233
-1.217735
28.817390
20.984753
2.516250
1.347505
0.869637
1.211073
3.518183
-3.994892
0.977760
1.610364
1.736665
0.805218
0.243349
-0.194077
-3.071796
-2.056216
5.458664
0.000000
-1.226910
-1.349300
28.962505
23.300896
8.368629
1.393309
0.531394
1.477610
4.144820
-5.404960
0.829057
1.606155
1.732684
0.725008
0.381078
0.227431
-3.837204
-0.917708
7.505662
0.000000
-1.576389
-1.658070
28.631695
26.213161
2.508263
1.578208
1.542429
1.396381
3.013557
-1.692376
0.854120
