0.000000
30.914787
28.830526
28.793545
28.219685
27.284042
25.715038
41.850414
36.654045
57.027939
56.053452
50.270405
47.667717
46.447662
43.182938
16.370468
0.757268
13.868553
-0.844592
-0.310165
0.359221
0.738464
0.630953
0.077362
-0.210747
-0.333112
-0.048090
0.278000
-0.117023
0.000000
48.107021
97.512619
38.952896
40.241703
35.616814
7.053865
-0.135676
1.814871
-0.682478
0.081772
0.105965
1.092206
0.696322
-0.128478
-0.294052
-0.260688
-0.079163
-0.320816
29.215694
0.000000
57.274910
111.243233
54.999619
56.970177
56.905281
38.089203
1.322044
-4.313554
-0.895927
0.058001
-4.232540
0.289846
0.888854
0.049363
-0.258230
-0.756875
-0.835533
-0.071690
28.578794
0.000000
78.257477
112.729210
35.151047
44.688820
47.674171
30.072601
0.090794
0.350204
-0.057377
0.923647
0.445217
1.079936
0.437415
-0.375628
-0.347495
-0.833384
-0.415041
-0.154647
-0.741144
0.000000
42.155247
100.433044
34.042732
39.954414
38.321663
6.266825
0.035955
2.422873
-0.057501
0.839108
0.407063
0.945502
0.423299
-0.372497
-0.248108
-0.833101
-0.395433
-0.109786
-0.509419
0.000000
34.178024
90.671951
37.526047
45.872139
40.974472
0.287129
-0.054480
1.559856
-0.240538
0.442562
-0.082907
0.911552
0.449946
-0.320822
-0.405383
-0.785070
-0.608477
-0.143088
-0.195090
0.000000
37.841587
95.919838
36.922222
48.382790
47.742970
0.417183
-0.006775
-0.656243
0.314919
0.747288
0.240580
0.975615
0.386859
-0.491009
-0.387591
-1.107687
-0.597675
0.066798
-0.197808
0.000000
34.249958
75.711143
40.388084
43.778477
46.786316
15.732510
0.016038
-1.893343
-0.225807
0.825529
0.253836
1.079079
0.758194
-0.402452
-0.511299
-0.700373
-0.474161
-0.285125
19.224838
0.000000
36.283058
91.479553
45.415573
65.743362
51.436916
0.796066
-0.062807
0.551419
0.047583
0.426476
0.041910
0.876005
0.269094
-0.788160
-0.730520
-1.456333
-1.502285
-0.068067
0.364680
0.000000
33.870743
73.326050
33.006977
37.036118
40.064011
16.331318
-0.123038
-1.293826
-0.326515
1.125858
-2.149302
1.034821
0.634429
-0.309687
-0.509653
-1.021273
-0.499161
-0.176461
18.719330
0.000000
28.497602
74.470787
53.144272
66.259628
60.621628
4.441984
-0.064557
-0.731254
-0.585803
0.321056
-0.225134
0.824186
0.023005
-0.762028
-0.833248
-1.389402
-1.587976
-0.044124
0.696066
0.000000
39.677814
85.864677
35.396610
43.919960
54.199196
26.427689
-0.057590
0.335775
-0.232988
1.166265
0.914503
1.480169
0.693327
-0.588985
-0.579777
-0.876986
-0.537806
-0.276475
17.959166
0.000000
20.509314
61.974007
54.432308
68.630409
65.377266
9.064983
-0.217306
2.811855
-0.852010
0.502291
-0.144793
0.356857
-0.326978
-0.894005
-0.997518
-1.224630
-1.235895
-0.151718
14.054360
0.000000
51.947327
105.614120
49.607475
63.217918
51.594139
5.310378
-0.246532
4.994938
-0.627548
0.833027
-4.283415
0.740164
0.273651
-0.552053
-0.685755
-0.925903
-0.933687
-0.248479
31.563820
0.000000
36.432365
74.061172
47.756882
58.529129
67.776810
15.000891
-0.171335
0.649046
-0.282583
0.850361
0.312983
0.899801
0.127076
-0.953998
-0.703942
-1.007223
-1.656731
-0.195845
11.108583
0.000000
35.121449
74.530441
50.289928
58.072403
67.235886
23.690125
-0.110322
-2.339309
-0.114391
1.070601
-4.090603
1.341623
0.390117
-0.956822
-0.786737
-1.123022
-1.065750
-0.226693
15.628529
0.000000
36.396030
81.648964
51.977371
72.073959
69.229767
20.497746
-0.200162
0.208548
0.057377
-0.496765
0.245661
0.854155
0.070229
-1.092527
-1.092121
-1.202469
-1.470514
23.136787
13.067019
0.000000
43.886227
105.649124
55.005108
66.353249
37.544510
0.240040
0.173130
4.416507
-1.191914
0.968771
-3.085615
0.348352
-0.013610
-0.788017
-0.717230
-1.472406
-1.740252
0.812861
1.275114
0.000000
49.065971
79.293503
48.487331
52.140114
58.544609
41.391514
-0.186815
2.384891
-0.918657
-2.484945
-5.817478
1.360235
1.405656
-0.363183
-0.957447
-1.409843
-0.473408
22.440750
14.981384
0.000000
33.370762
82.309677
51.458260
78.071335
46.875042
0.200466
-0.385531
4.625360
-0.603443
0.609415
-0.468750
0.400391
-0.291856
-0.790246
-0.659660
-1.735891
-1.695370
-0.119244
20.290205
0.000000
54.802116
105.444839
42.612770
53.879200
57.341305
25.552952
-0.272936
2.662636
-0.531680
0.678806
-2.316626
1.156019
0.743357
-0.332718
-0.432598
-1.195061
-1.066179
-0.046770
10.323821
0.000000
22.532154
46.316696
41.297337
57.290569
69.025269
26.413872
-0.078106
-3.470496
-0.423935
1.089819
-3.324364
0.763880
0.607398
-0.825539
-0.864061
-1.037273
-1.437185
-0.170948
17.681255
0.000000
36.130798
75.942795
50.764923
60.871365
69.731628
28.018967
-0.163307
-4.294895
-0.385979
1.513138
-6.530910
0.729527
0.539894
-0.750623
-0.881306
-1.160822
-1.495031
32.808624
14.009017
0.000000
39.889648
91.284073
47.647354
68.636581
65.552597
17.821667
-0.341389
1.528554
0.116301
0.638247
-7.138796
0.677174
0.272183
-0.931085
-0.914963
-1.253296
-1.534685
36.416962
14.101109
0.000000
37.340202
94.873001
44.657539
68.746948
52.138412
3.296782
-0.389406
1.261360
-0.805405
0.669683
-3.051897
0.258646
-0.145033
-0.636416
-0.742204
-1.502638
-1.586750
0.324515
1.467795
0.000000
50.298962
90.775032
42.809883
46.860432
54.539188
34.356987
-0.310702
7.323016
-0.883499
0.265755
-4.013432
1.150661
1.097808
-0.425229
-0.721371
-1.356897
-0.868269
8.508657
16.756832
0.000000
26.952682
69.743088
48.386517
59.238914
60.059410
5.258704
-0.403505
5.038965
-0.995312
0.681690
-2.418261
0.144262
-0.163280
-0.590576
-0.529461
-1.719395
-1.764397
0.010265
1.201061
0.000000
44.035622
95.571251
35.395226
46.858837
56.224709
19.805984
-0.379876
8.069190
-0.860180
0.248831
-6.250162
0.641188
0.786338
-0.118285
-0.486315
-1.370770
-1.237164
0.424092
1.165156
0.000000
22.465389
27.492870
21.123289
57.384850
65.824799
45.423157
-0.167283
-28.731867
-2.043612
-4.481853
-14.229858
-0.031099
1.011552
0.215165
-1.483606
-1.561722
41.450615
10.464640
16.328657
0.000000
49.127853
97.509911
45.734058
67.334015
50.890900
5.797535
2.539096
-58.112629
-0.680992
-9.186518
-14.130938
-2.486668
-0.208136
-0.176395
0.074069
-1.534554
-1.782000
-0.822130
19.716576
0.000000
52.177677
107.124451
43.886131
62.549713
54.542824
4.326633
-0.386340
-47.809185
-1.420269
-3.065145
-9.443615
-2.688986
0.478884
-0.152951
-0.269423
-1.136951
-1.784864
-0.592344
19.774742
0.000000
39.390701
73.949387
37.958790
41.387096
53.275505
31.661205
-0.304903
-45.934025
-1.050236
-5.929775
-10.243652
-0.225946
0.736216
0.050866
-0.597424
-1.186611
-1.581980
-0.578271
20.194000
0.000000
27.760269
62.923450
45.308651
53.478767
64.904236
22.121569
-0.240163
-42.468601
-1.636545
-4.431534
-10.899427
-0.067135
0.360462
-0.276107
-0.703043
-1.136562
-1.603380
17.994930
14.781174
0.000000
41.810192
91.943779
37.368324
47.700996
57.238358
38.802971
-0.447855
-51.587990
-0.961985
-8.889078
-13.574085
-0.114641
0.929828
0.026486
-0.741516
-1.441525
-1.474564
30.945932
15.633194
0.000000
32.749084
88.522781
42.551071
64.886909
58.040699
5.056554
-0.527227
-56.669918
-1.675613
-11.556210
-15.062374
-0.915081
-0.144556
-0.164073
-0.146089
-1.739563
-1.891108
-0.714177
1.848383
0.000000
53.605545
97.443375
39.177639
46.356689
54.437317
33.043228
-0.403578
-50.155872
-1.324257
-4.800198
-10.850962
-3.052958
1.062208
0.060981
-0.600216
-1.389908
-1.494602
42.109272
15.995675
0.000000
27.766096
80.442261
39.966667
54.136436
59.214512
22.333595
-0.541415
-54.493019
-1.006769
-11.704981
-20.286146
-4.902122
-0.168560
-0.291516
-0.201740
-1.312262
-1.637587
16.199261
16.811005
0.000000
36.720989
100.536301
35.282097
61.232132
51.034161
3.184925
-0.587819
-60.137661
-1.101597
-11.398645
-18.661646
-6.271067
-0.224243
0.078465
0.091979
-1.533480
-1.960543
-0.962713
30.578831
0.000000
45.482430
88.621307
37.196972
44.979969
53.412254
25.127680
-0.410994
-50.441242
-1.239511
-4.476412
-12.048677
-2.582008
0.966019
0.304026
-0.499952
-1.239056
-1.525702
-0.966554
17.335186
0.000000
31.801567
75.802589
40.160500
46.746063
57.885536
21.966740
-0.440515
-51.980865
-0.999039
-9.268511
-15.369705
-1.003729
0.309217
0.314924
-0.328251
-1.266956
-1.560856
-1.322622
18.855507
0.000000
36.218311
75.078773
41.553257
48.001034
57.424652
23.698036
-0.406734
-51.238304
-1.196623
-9.246166
-15.304663
-0.451591
0.566921
0.261960
-0.357826
-1.391022
-1.829470
-0.994240
25.880266
0.000000
41.198170
71.242661
37.904819
46.029030
55.597626
24.023781
-0.311691
-46.300621
-1.324589
-5.536522
-13.406416
-0.333630
0.504633
0.362447
-0.483408
-1.380898
-1.650574
-0.835729
17.995945
0.000000
35.614403
66.739700
39.779427
50.471001
61.034992
27.356840
-0.276330
-44.405167
-45.127808
-3.854065
-11.851797
-0.151424
0.372700
0.422067
-0.799452
-1.577837
-1.587585
0.269947
1.516370
0.000000
44.773922
53.787388
27.376677
50.129639
57.407982
51.567184
8.221973
-44.609932
-2.798415
-14.613785
-18.213993
-0.878166
0.295238
0.241500
-0.255564
-1.595936
41.500336
13.692120
19.877174
0.000000
44.676510
93.249290
55.990105
62.541622
23.765369
-0.433358
-0.773463
-67.446884
-0.967165
-21.339848
-21.106184
-2.982960
-0.021582
-0.414850
0.184807
-1.481377
0.452213
-0.696725
1.561250
0.000000
49.333340
82.144325
43.453026
43.758057
50.328072
46.478569
-0.494462
-52.061131
-1.508308
-19.868774
-19.962774
-2.514200
0.383570
0.363739
-0.106517
-1.687733
-1.887636
-0.964518
1.818858
0.000000
51.116455
78.775185
37.842926
39.985176
48.165611
29.039732
-0.333458
-48.314301
-1.300920
-9.180286
-17.141445
-0.280582
0.546661
0.388788
-0.588602
-1.640133
-1.735907
-0.615073
1.497299
0.000000
37.701897
54.934990
24.066212
41.782135
48.220848
20.202244
-0.334363
-46.820400
-1.701459
-11.287241
-17.295477
-0.773928
0.305336
0.647837
-0.376410
-1.786674
-1.733463
-0.166039
1.530321
0.000000
33.012054
57.977993
30.951635
47.305176
52.416409
29.052986
-0.562527
-50.162384
-17.555756
-13.992327
-22.904097
-5.602961
0.146358
0.209442
0.272187
-1.627899
-0.817797
-1.133049
1.717722
0.000000
42.299328
81.351334
38.662399
38.829517
48.319542
34.204597
-0.377158
-50.992081
-1.195095
-7.362093
-12.200989
-0.752016
0.613710
0.165751
-0.615206
-1.925438
-2.024099
-0.645806
1.583352
0.000000
26.569052
55.924068
34.011246
46.554741
52.781174
31.275158
-0.394237
-45.543125
-24.353039
-8.143763
-18.995770
-1.560287
0.166578
0.065165
0.013716
-1.895489
-1.705778
-0.268545
1.475554
0.000000
29.504532
59.278946
32.295380
45.741447
51.129669
32.889469
-0.489407
-48.451370
-54.858383
-4.639841
-17.354845
-3.637842
0.201139
0.215525
-0.176783
-1.878143
-1.750246
-0.145649
1.471288
0.000000
27.406654
53.361095
29.934086
48.567833
55.885155
38.368252
-0.475782
-48.844727
-14.448757
-3.237560
-22.611473
-5.517876
0.391842
-0.182981
-0.085425
-1.960234
-1.381092
-0.291097
1.422613
0.000000
23.572834
52.682484
30.217209
49.617104
54.826538
30.089409
-0.523705
-51.475311
-39.973145
-2.553373
-21.504059
-6.714172
-0.129576
0.163532
0.380338
-1.881701
-1.606859
-0.502879
1.553770
0.000000
36.548523
66.994942
33.896198
42.745026
49.118259
34.706249
-0.502917
-50.106091
-4.237572
-11.215117
-21.176857
-5.526199
0.084557
-0.172719
0.296856
-1.862856
-1.568264
-0.716599
1.552203
0.000000
24.689014
59.356586
33.688240
46.438229
49.665501
27.913902
-0.557829
-51.860046
-49.712826
-3.473551
-22.674797
-5.806662
-0.030046
-0.029015
0.188398
-1.911869
-1.513414
-0.596870
1.558320
0.000000
21.825186
54.283710
24.963518
40.253792
43.090847
26.153128
-0.542178
-51.921246
-65.421967
-1.239506
-19.526499
-7.246525
0.338852
0.124616
-0.040495
-2.004049
-1.525961
-0.410274
1.392138
0.000000
23.187454
59.527882
29.471210
39.229942
37.946068
20.377609
-0.622788
-53.499142
-8.565960
-3.199774
-23.896673
-10.897211
-0.199129
-0.026159
0.387356
0.456821
-1.616570
-1.127649
1.569684
0.000000
3.792734
33.208282
17.655519
41.552113
50.956985
26.933075
-0.611231
-52.099705
-35.988190
-2.551914
-22.717157
-7.706392
-0.529242
-0.190691
0.634698
-1.744234
-1.991617
-0.796839
1.277936
20.263607
0.000000
54.389336
80.103783
39.115547
43.398117
34.305206
-0.487493
-0.888962
-5.036769
-2.764359
-21.768833
-5.585720
0.036039
-0.368419
0.369740
-1.825439
-1.651443
-0.629114
1.213757
19.773182
0.000000
64.816551
85.456863
42.987862
47.104408
36.349449
-0.550625
-0.931765
-4.860708
-4.330896
-25.307358
-9.224962
-0.289183
-0.410104
0.501222
-1.639362
-1.563047
-0.530263
1.390599
19.006243
0.000000
63.617764
81.737289
34.652851
40.167812
29.097683
-0.574537
-0.949266
-5.166031
-3.153061
-27.844351
-11.882856
-0.418200
-0.282999
0.388272
0.771276
-1.454472
-0.787475
1.196919
20.187225
0.000000
40.208443
67.547913
48.338425
54.324493
21.052326
-0.641922
-1.039492
-6.422263
-4.347561
-27.588831
-13.614578
-1.353868
-0.353302
0.562029
-0.644014
1.051739
-0.765589
0.677102
28.701525
0.000000
70.064690
96.716370
35.289246
41.040592
36.549370
-0.457176
-0.917644
-4.475948
-0.017868
-18.126150
-2.824036
0.073915
-0.179027
0.059225
-1.952333
-1.584082
-0.669783
0.961304
28.258680
0.000000
43.775543
63.163067
38.440414
51.661846
42.062859
2.812317
-0.826957
-4.280255
-4.747755
-22.936989
-7.444729
-0.090408
-0.057570
0.367975
-1.739857
-1.472494
-0.633389
1.114053
21.341969
0.000000
88.316422
101.582138
35.953991
44.942017
23.246239
-0.675799
-1.077004
-5.831532
-0.398727
-24.821789
-11.586832
-0.420675
-0.098539
0.476132
-1.688360
-1.658617
-0.668750
1.148706
20.069317
0.000000
37.025028
53.336174
32.509007
42.528034
28.855429
-0.542196
-0.935463
-5.589929
-1.225996
-24.753490
-10.093607
-0.228304
-0.271228
0.229259
0.976236
-1.510672
-0.688105
0.910540
20.894974
0.000000
65.132721
93.193260
41.413502
42.955864
15.149826
-0.647608
-1.062324
-5.760600
-8.204142
-24.279755
-12.062115
-1.085512
-0.314425
0.806470
-1.110226
1.361437
-0.674355
0.592340
1.492623
0.000000
43.829369
66.805061
30.660725
31.092770
31.712152
-0.511344
-1.025494
-5.011206
-3.570684
-19.690477
-5.829243
-0.547079
-0.366000
0.178178
-1.248281
-1.431877
-0.745959
0.566873
6.061910
0.000000
60.164459
81.699959
40.520943
44.777107
40.208675
2.018264
-1.005884
-4.331919
-3.672314
-23.445723
-8.242521
-0.613464
-0.432096
0.109332
-0.979757
-1.723921
-0.900333
0.390799
22.252190
0.000000
80.585495
106.266434
44.838341
56.731815
37.819592
-0.445294
-0.877630
-3.803295
-7.618793
-21.721760
-6.352491
-0.492809
-0.330151
0.360199
-0.430330
-1.510399
-0.622531
0.486572
3.942578
0.000000
54.934826
77.345230
43.607922
47.148178
41.344551
-0.540069
-1.071025
-4.467227
-3.704912
-23.991289
-9.471891
-1.336136
-0.561459
-0.085404
-0.197750
-1.159655
-1.063687
0.436812
24.254025
0.000000
96.851616
97.998741
46.629776
48.112217
31.953899
-0.603514
-1.016638
-4.299853
-3.152931
-21.370975
-6.947359
-0.705442
-0.383393
0.214622
-0.654324
3.722887
-1.254101
-0.002275
1.830506
0.000000
67.675728
89.708321
32.848343
35.077614
32.612236
-0.574625
-1.124012
-5.034811
-6.321329
-19.427124
-5.869905
-0.777641
-0.620622
-0.327728
-0.641361
-1.531713
-0.725554
0.292374
1.097136
0.000000
61.352703
85.199951
42.226036
45.590740
40.842602
2.689661
-1.151078
-4.450266
-2.974745
-23.039999
-9.029303
-0.774403
-0.882453
-0.349564
-0.618427
-1.452857
-0.714215
0.143947
23.707947
0.000000
79.887146
103.280342
48.623634
56.672573
44.952488
-0.377958
-0.986438
-3.760446
-1.795435
-21.434673
-7.056713
-0.979448
-0.454598
-0.111367
-0.343845
-1.791191
-1.263560
0.070840
26.120239
0.000000
80.121658
104.747078
38.815086
45.057030
25.255421
-0.645701
-1.073476
-4.231849
-0.323528
-18.130726
-4.657232
-0.585882
-0.424597
-0.345254
2.294500
-1.308764
-0.771631
-0.052694
1.739549
0.000000
17.592146
48.871853
56.811947
56.003151
46.711262
14.809057
-1.165752
-7.821077
-34.378433
-30.250706
-14.437147
-1.499819
-0.862291
-0.579533
0.333186
-1.352579
-1.126152
0.095555
22.045914
0.000000
86.588882
94.805084
55.236702
45.075371
27.161144
-0.902011
-1.277140
-67.143402
-7.855850
-26.805754
-12.607853
-1.646427
-1.015359
-8.360953
-0.988010
-0.272291
-1.517981
-0.285912
1.787896
0.000000
80.047989
90.446518
44.491005
38.375160
28.720325
-1.049043
-1.403493
-17.329798
-28.128536
-33.930618
-20.822748
-3.216820
-1.148722
-7.672041
-0.036877
2.172419
-0.514503
0.071469
1.257264
0.000000
58.421768
82.046196
45.062683
41.015911
29.611095
5.330458
-1.533649
-11.606094
-43.340157
-39.823586
-24.923981
-5.669050
-1.578449
-0.559736
-2.259303
-0.503962
-0.671642
0.329147
19.546284
0.000000
96.864677
89.011452
49.338425
45.475430
33.650539
14.957113
-1.439612
-8.003740
-34.689579
-33.738720
-19.317272
-2.805542
-1.403252
-0.748306
0.321215
-0.635220
-0.641844
0.326945
6.545403
0.000000
85.885582
89.031532
52.089699
49.194344
37.094059
15.752565
-1.438746
-8.243443
-35.662659
-34.539581
-19.425295
-2.669971
-1.367666
-0.791758
-1.233943
-0.427988
-0.787861
0.392788
18.953959
0.000000
96.026405
86.026077
52.198280
41.537186
29.376904
1.499259
-1.488301
-19.592712
-37.516373
-36.125504
-20.938957
-2.673721
-1.509501
-0.855556
-1.321476
4.325339
-0.505569
0.522640
21.265144
0.000000
94.182770
83.679703
50.000534
46.721767
34.967903
17.274210
-1.446865
-6.509694
-41.833435
-37.927277
-21.564564
-2.670998
-1.546642
-1.907942
-0.751863
0.110369
0.275851
1.068742
23.863600
0.000000
82.538467
72.927933
51.009258
42.858746
35.370461
12.338881
1.735329
-3.506898
-38.569736
-43.712685
-29.643259
-7.252754
-1.770418
-5.181746
-0.131837
0.512362
0.567451
0.855124
21.038509
0.000000
84.465508
67.246933
47.053810
37.288124
3.137812
18.808836
21.878218
-13.374607
-35.364334
-36.661915
-25.498428
-12.694422
-2.933340
0.000000
54.339138
21.712198
16.901661
12.181783
8.237705
5.797721
3.775183
4.509517
3.240331
4.641749
28.760860
27.963390
26.866320
26.431601
25.259315
24.319675
23.210495
39.164429
37.089184
52.277370
52.983345
49.183228
46.101097
45.534718
44.030594
30.105541
7.333531
1.729581
-7.324697
-0.559020
-0.695547
-0.052708
0.050138
0.115484
-0.040306
-0.349210
-0.196079
0.588432
0.643377
29.193615
0.000000
91.080109
103.764954
47.207951
45.095264
15.446608
-0.109629
-0.314243
-8.182896
-2.154787
-9.388111
-0.761337
0.874645
0.434629
-0.153028
10.578688
28.134188
45.992611
86.553886
80.006622
0.000000
48.942657
67.760193
37.583439
29.569019
20.430412
4.747628
0.879159
1.788665
-5.775022
-21.940186
-39.195625
-21.929487
-3.323399
0.046551
0.679001
3.915430
5.668613
43.752052
43.757950
88.728371
0.000000
52.624302
35.284645
20.267914
24.843931
15.128660
3.310402
0.131579
-22.086067
4.035332
-40.302563
-36.137741
-21.795162
-7.662666
0.169941
2.833462
1.674244
1.666502
55.807152
95.885071
0.000000
79.528442
71.471756
21.866379
21.865110
22.994207
0.793328
-1.422408
-4.927917
-4.342930
-40.936226
-32.756485
-17.594995
-2.163658
-0.173447
2.733480
3.240030
6.625710
13.218857
21.510778
0.000000
27.147556
74.472855
13.549968
8.110546
2.946304
-1.283115
-1.583350
-13.859543
-20.781334
-39.133373
-31.457327
-17.460154
-3.050259
-0.391634
2.341988
4.031152
16.727306
30.250063
42.834579
0.000000
36.967293
80.504951
19.826752
14.772691
14.061266
7.784323
-1.461354
-5.615778
-21.741329
-42.813423
-35.278320
-19.757605
-3.261723
-0.225264
0.900570
2.659078
15.569508
27.188562
104.397751
0.000000
44.725033
73.406357
30.810961
24.068447
17.803843
-1.299620
0.644181
-4.539166
-13.571445
-43.008110
-33.250427
-16.823633
-1.671610
-0.483786
-2.498541
2.590531
14.165421
24.821814
83.096123
0.000000
46.485313
74.435867
24.112169
16.425220
-0.825698
-1.398285
-1.562204
-32.182571
-17.308886
-36.800377
-26.360466
-10.263939
-1.244175
-1.303848
-2.033115
1.760252
12.938419
18.750898
21.350943
0.000000
49.483028
74.059570
18.140005
12.542023
7.267702
-1.577827
-1.722908
-32.596550
-12.684818
-41.781975
-31.909786
-12.272615
-1.528090
-7.014067
-6.900057
-0.414412
-0.882806
0.000266
-25.196615
0.639310
3.273253
0.909883
-1.638927
43.638245
43.621094
40.004333
30.286304
20.416143
0.000000
27.661535
25.544535
24.976738
24.790771
24.525238
23.468979
21.377285
38.173817
34.451954
53.172504
51.051186
47.331142
44.088314
41.897743
39.900490
37.551640
34.501522
23.743420
2.536401
11.536766
-5.050796
-3.651651
-6.798227
-1.386961
-0.934219
0.429283
1.367013
0.618986
0.191377
0.453764
1.412869
3.482140
26.345272
93.678825
80.318192
75.817642
62.143272
59.539902
0.000000
-0.350441
-0.398536
-0.657895
-0.951920
1.597154
-1.180577
-1.240213
-1.335968
-1.460057
-1.534413
-48.407516
-33.883003
-50.882610
-119.569992
-15.263016
-11.474266
-5.557566
-0.550245
0.897310
1.380431
1.928206
1.814544
0.437798
1.175139
1.715933
0.984396
5.602055
0.000000
28.635717
25.782370
23.978359
22.499998
20.680735
18.883978
17.268312
15.703007
14.137453
13.669285
12.639460
11.235826
10.199596
8.612480
7.594874
6.526490
5.342484
4.692063
4.387139
5.373032
4.985298
4.322923
2.467507
1.631456
1.507292
1.363782
1.255673
1.119073
1.927317
3.613789
1.687092
-1.792056
-1.797222
-1.750834
-1.672042
-1.544129
-1.345117
-0.353072
1.495036
32.203884
26.549719
26.914536
27.550121
26.956215
24.955986
32.602112
45.302757
45.308853
61.906807
60.395691
59.116707
56.823837
52.890835
49.898140
47.171455
44.404240
34.840729
11.924232
-2.747233
-44.955666
-8.790066
-22.920090
-28.737438
-15.429947
-2.526840
1.487953
1.273690
0.606588
0.025321
-0.306427
-0.405172
-0.479558
-0.675322
-1.053008
-0.129566
0.499834
3.807227
69.648476
120.000000
119.435181
97.015526
89.007095
74.322250
69.490730
32.970795
1.213142
44.002148
43.410210
32.410706
21.765873
0.000000
0.682049
-0.560560
35.153881
29.067436
28.685787
27.256863
26.580246
25.922386
25.565868
40.764328
36.202789
56.571735
55.391209
51.093620
49.464371
46.968033
41.461342
15.585495
16.208443
8.205193
2.683207
4.549533
-46.227524
-7.109619
-22.183792
-16.467871
-4.805489
-0.026232
0.295404
0.670637
0.284921
0.000000
28.671507
27.620728
25.891306
24.497524
22.851484
21.529345
20.334173
19.278488
18.367985
17.649054
17.041124
16.471291
15.948046
15.487787
15.018322
14.670254
14.229659
13.304157
12.374306
11.697908
10.509020
8.534247
5.884141
4.228339
3.544312
4.362258
6.551121
8.446583
6.923982
2.839846
8.003303
13.135180
13.545374
13.628347
12.029404
10.400886
8.855870
7.317452
6.104415
29.470345
25.826874
25.677124
25.932907
26.028364
25.882027
25.584335
25.229389
24.845362
24.406567
24.124880
23.648645
23.195065
22.671894
21.798754
21.017567
20.374775
19.501476
18.052876
16.811211
15.640638
13.632133
9.473723
5.065827
2.270418
1.248961
1.146947
0.831660
0.472852
0.021932
-2.128774
-2.115815
-2.026231
-1.854035
-1.582701
-1.151938
9.622224
23.877693
2.118335
2.104351
2.106956
2.038863
1.869971
28.582966
26.705076
25.754520
24.955059
22.586643
21.504299
20.718201
19.993231
19.684742
19.488037
19.143766
18.887272
18.599571
18.166668
17.615856
17.315771
16.901257
16.420755
15.722576
13.926197
10.230876
6.189867
2.848779
0.601677
-0.785766
-1.494509
-1.705423
-1.783810
-1.794805
-1.734557
-1.393785
-0.648258
0.647598
-144.992065
-1.416983
-0.123879
0.008593
0.538402
1.118769
1.380611
1.146776
29.259159
27.597893
27.748428
27.095516
25.634472
33.532230
40.731468
47.457287
47.441704
66.138367
64.121193
63.029121
60.869804
9.858784
11.406999
10.293110
8.948825
7.644943
7.854499
8.970160
11.058543
15.265985
19.974144
22.615572
21.361668
18.264055
13.745006
13.440604
17.781351
10.558764
14.511500
19.274097
27.509857
26.899635
27.767582
28.590992
28.744606
28.491152
26.414454
22.575666
17.943283
27.059875
25.014849
21.700726
42.258232
41.098816
37.813644
25.160164
12.589906
4.997615
0.833332
-0.851657
5.980804
10.776763
2.824549
4.240046
-9.051189
-20.370340
-3.836773
1.091042
0.914728
2.610388
1.113443
1.464603
0.460037
28.271677
28.644569
47.987637
106.601746
94.790588
87.214264
88.653664
83.839165
78.702972
71.472412
65.248169
57.704803
49.821148
38.253475
22.913433
50.246712
50.265224
50.295151
50.279083
50.279697
0.000000
28.375877
26.157904
25.152657
24.663876
24.065966
23.554825
22.973505
22.349810
21.697548
21.437578
21.431202
21.368601
21.404877
21.228991
20.993324
20.648947
20.010319
19.201378
18.434307
17.794586
14.617447
9.970987
4.651962
1.273930
0.727566
0.554773
0.249573
0.104777
-0.227810
0.471779
4.194499
6.827096
0.068689
-0.840387
-0.764288
-0.495504
-0.263418
-0.120498
-0.136586
1.714215
1.756344
1.723799
1.669556
30.704990
26.213951
26.244755
26.889872
27.341560
26.758333
24.610083
39.344704
34.582394
57.207516
57.083767
53.062710
49.848404
47.833931
46.018013
43.440311
40.169941
34.987305
12.123255
-12.506372
26.711313
-6.623262
-19.586887
-17.145592
-1.826473
0.594236
1.157922
0.714312
1.105574
1.493204
1.154301
0.000000
24.548418
63.256256
61.567085
74.181137
15.381675
8.229898
4.720434
2.707040
1.829601
-1.542328
-3.070272
-5.806285
-4.769706
34.830399
26.289402
25.518425
25.588055
25.470884
24.500450
23.256718
39.434898
33.984833
53.610695
52.671780
48.762520
45.670731
43.845947
41.912106
39.386353
35.842918
16.560587
-0.252867
-13.661116
1.791174
-5.468145
-2.862803
-0.837921
-0.561878
0.151939
0.230734
0.017677
1.056073
1.469541
-0.442972
0.000000
72.738869
90.970657
29.533445
30.564095
18.225046
-0.208563
-0.489285
-4.541301
-0.942352
-12.960556
-6.341173
0.403450
0.555785
0.328068
-0.264888
-0.488474
0.220205
0.018523
21.588779
0.000000
105.148140
105.539185
30.267380
37.441193
36.040791
4.449039
-0.186739
-1.989244
0.343679
-0.466961
0.648649
0.948297
-0.142810
-0.326978
-0.403099
-0.255609
-0.619469
-0.689341
15.326099
0.000000
106.098732
109.289810
50.605312
41.861752
0.203239
-0.069517
-0.362561
-1.906831
0.002098
0.457300
0.266722
0.937504
-0.067482
-0.185243
-0.333288
-0.400440
-0.182394
-0.272286
34.445240
0.000000
76.831177
104.673264
35.104317
34.322498
15.593118
0.103132
-0.162222
-1.930995
0.379168
-0.763390
0.700474
1.077959
-0.167737
-0.475813
-0.533841
-0.366667
-0.716183
-0.552600
14.640621
0.000000
109.391594
109.738556
56.393639
47.831238
0.208740
-0.079288
-0.365741
-2.431821
0.317896
-0.121506
0.113325
0.768730
-0.351228
-0.405124
-0.425714
-0.451975
-0.311119
-0.163953
21.362097
0.000000
83.207138
107.500908
39.845726
44.492195
13.410501
0.023686
-0.281734
-2.155133
0.490213
-1.023422
0.669737
0.979380
-0.272993
-0.392127
-0.422493
-0.225420
-0.529537
-0.434024
16.231821
0.000000
81.362595
107.904724
45.799278
51.366547
5.222574
-0.039284
-0.326992
-2.212627
0.225937
-0.369196
0.557333
0.831476
-0.338859
-0.458752
-0.420872
-0.262632
-0.519918
-0.118984
20.025024
0.000000
74.281380
104.888596
42.633446
52.197056
22.816437
0.076690
-0.215708
-1.774530
0.468466
-0.070942
0.898201
0.836044
-0.576304
-0.555114
-0.473286
-0.347048
-0.703684
-0.302632
16.934040
0.000000
67.446777
97.139160
45.169270
58.470905
16.815805
0.023906
-0.254729
-5.185026
0.617928
0.112211
0.633034
0.660097
-0.597293
-0.721409
-0.620882
-0.506601
-0.603798
0.014034
18.049839
0.000000
74.028244
105.184525
48.397629
65.008865
31.335241
0.068046
-0.211603
-2.618267
0.898575
0.347099
0.847321
0.689838
-0.677589
-0.850050
-0.718475
-0.636391
-0.718275
-0.062554
16.558933
0.000000
79.824425
109.531761
53.922478
70.049835
29.963726
0.116364
-0.165176
-2.512357
0.999796
0.815802
0.894873
0.639100
-0.705211
-1.005351
-0.855917
-0.790665
-0.978464
9.284103
15.293571
0.000000
87.548744
109.707527
61.646027
70.700279
24.009163
0.171580
-0.161411
-2.495236
1.233271
0.917511
1.026236
0.642614
-0.755167
-1.074293
-0.852726
-0.864656
-1.048483
1.441849
16.213131
0.000000
81.654579
108.648132
61.200531
73.898224
33.840874
0.266529
-0.018595
-2.188255
0.797419
1.273209
1.153362
0.673684
-0.777747
-1.150635
-0.943935
-0.768309
-1.068205
32.357445
14.836171
0.000000
88.683212
108.471359
64.692810
72.953491
28.403246
0.221659
-0.078899
-1.600000
0.675703
1.212910
1.098469
0.680420
-0.711724
-1.204964
-1.046856
-0.892962
-1.258745
16.554094
14.338696
0.000000
93.381409
109.741318
69.709129
71.739738
18.730339
0.218922
-0.105202
-1.718218
1.186344
0.846848
0.658396
0.849063
-0.582786
-1.192104
-0.958349
-1.010466
-1.364114
20.524935
14.260939
0.000000
92.067795
108.371498
66.776405
72.319077
29.449265
0.285971
-0.020131
-1.742947
1.609119
0.911118
0.884285
1.050076
-0.699243
-0.984028
-0.726460
-0.815514
-0.830457
28.669813
14.731217
0.000000
76.991806
108.073044
58.065018
74.137421
46.116806
0.412636
0.095847
-1.795403
0.647890
1.292135
0.621163
1.015858
-0.782684
-1.316513
-0.927645
-0.703068
-0.837248
13.030437
13.799297
0.000000
94.214432
108.889381
64.100670
71.023575
31.372467
0.217246
-0.099571
-1.323523
1.677618
0.888424
0.836073
1.054620
-0.621643
-1.109861
-1.025637
-0.887247
-1.067153
16.615471
13.721132
0.000000
82.191071
111.914009
66.074684
72.370338
21.039843
0.266028
-0.049623
-1.691531
0.789564
0.249056
0.445123
0.390346
-0.754548
-1.164938
-0.661858
-1.521959
-0.803606
0.695173
20.956272
0.000000
76.451050
102.019829
52.759682
61.162590
51.312683
2.403424
0.073245
-1.262507
1.056953
0.276182
0.796633
1.465470
-0.491156
-1.012331
-0.851355
-0.528992
28.996616
11.791588
12.314906
0.000000
60.489433
90.611267
63.912636
72.647202
22.413151
0.179138
-0.111253
-10.372328
0.380447
0.779428
0.447855
0.884537
-0.512155
-1.328045
-0.890539
-0.595196
-1.002907
25.497604
14.171241
0.000000
96.221741
107.231476
65.029160
73.541901
28.885708
0.075800
-0.220832
-1.836915
1.369278
-3.310429
1.542528
1.088657
-0.588408
-0.973020
-0.741613
-0.577932
-0.736704
26.964815
15.637944
0.000000
77.499084
107.386551
60.558750
78.389198
46.249352
0.324941
0.026537
-1.685960
1.082928
1.081329
0.599554
0.855375
-0.872591
-1.402922
-0.805109
-0.555828
-0.834021
0.523373
17.811811
0.000000
84.034462
103.956482
55.893280
70.197533
49.951675
0.288491
-0.028482
-1.496836
0.712900
0.707796
1.805853
1.094500
-0.764603
-1.084049
-0.768147
-0.564236
-0.798379
12.962881
14.936224
0.000000
66.276237
98.230072
60.329208
78.195038
37.139030
0.296052
0.002511
-66.715042
0.045240
0.940466
1.196218
0.709402
-0.829353
-1.422634
-0.796595
-0.317484
-0.397379
0.663221
18.676826
0.000000
79.675293
101.422592
55.153393
67.572556
55.911697
0.178448
-0.130121
-1.891757
0.335808
-1.174280
1.854387
1.216190
-0.613697
-1.123365
-0.942665
-0.849974
-1.124253
14.059971
13.525182
0.000000
69.576004
99.440262
64.190033
74.098358
17.980598
1.248740
0.750723
-1.877936
-0.078749
0.185474
0.385920
0.237458
-0.686882
-1.490974
-0.660074
-0.706081
-0.386185
0.776617
22.900448
0.000000
94.059204
100.459908
54.921566
64.514442
42.071148
0.018483
-0.269149
-2.536406
0.392801
-0.301327
1.782578
1.483196
-0.280851
-0.870204
-0.805517
-0.682108
-0.873631
17.934914
15.384920
0.000000
60.668804
86.311386
57.308918
71.446220
30.284721
0.110827
-0.162136
-14.660981
-0.812923
-2.132805
0.503675
0.601259
-0.501718
-1.296848
-0.754234
-0.384996
-0.316790
0.616342
19.900131
0.000000
88.624649
99.469231
52.969551
63.537785
41.422348
0.022372
-0.258247
-2.092010
0.426201
-3.623367
1.801506
1.441647
-0.242147
-0.963375
-0.905022
-0.837757
-0.770072
18.190464
14.777069
0.000000
65.058342
98.400696
62.455788
76.514557
18.455784
1.802059
-0.311843
-2.499613
0.616148
0.307350
0.184362
0.218684
-0.740276
-1.226555
-0.773357
-1.045242
-0.877426
0.570890
15.595426
0.000000
96.232742
105.517273
53.172180
65.029388
41.556068
0.028453
-0.291156
-2.350295
0.473175
0.682558
1.520214
1.179057
-0.508372
-0.736731
-0.638798
-0.594706
-0.539665
5.800222
17.443428
0.000000
67.833557
99.674896
57.311588
76.557663
48.264194
0.247905
-0.033530
-2.466223
1.067326
0.710428
1.075132
0.762961
-0.580047
-1.215818
-0.913729
-0.758476
-0.837532
17.838131
14.401689
0.000000
94.369186
108.013916
65.517334
73.727577
37.597145
0.323832
-0.155456
-1.851702
1.224615
0.905903
1.290541
0.847468
-0.577022
-1.091300
-0.854521
-1.007950
-0.977930
25.736849
15.400317
0.000000
81.400520
108.337013
64.983765
76.307190
39.705505
0.384675
0.012191
-1.830808
0.895502
0.829086
1.129828
0.833640
-0.667833
-1.341137
-0.819660
-1.121803
-1.185776
0.406348
15.685305
0.000000
91.683418
104.933479
63.913433
74.476418
43.505062
0.310146
0.001650
-1.369600
0.979774
0.793411
1.650402
1.025028
-0.565108
-1.039795
-0.927355
-0.995863
-0.975117
17.382858
14.426451
0.000000
81.129356
109.527771
66.878418
75.408524
33.616814
0.380195
0.012605
-1.735333
0.888374
0.733904
0.562077
1.039198
-0.649567
-1.222580
-0.723583
-1.459152
-1.439150
0.623415
16.679672
0.000000
77.505959
104.201744
58.570580
71.325394
51.456306
0.434076
0.104768
-1.553320
1.027878
0.676054
1.706702
1.173329
-0.493011
-0.973951
-0.819426
-0.731907
17.655424
13.424522
12.993608
0.000000
69.493904
103.200348
64.527092
78.365471
44.541203
0.342596
0.024612
-6.254579
-5.269840
0.300011
0.593884
1.351219
-0.276275
-1.425888
-1.136419
-0.795650
-1.322749
15.110131
13.776806
0.000000
98.483841
110.706299
75.457352
61.642078
6.759837
0.046855
-0.318124
-2.131856
0.382158
0.323997
0.487131
0.516861
-0.552351
-1.259145
-1.018394
-1.129810
-0.562225
0.572954
26.442255
0.000000
86.306038
99.913940
49.669140
58.018097
40.951309
0.211860
-0.077784
-1.720764
0.683176
1.133324
1.745758
1.618499
-0.286929
-0.755499
-0.719059
-0.500662
-0.784636
19.148420
14.704818
0.000000
60.005455
96.202705
63.286339
80.214180
35.086159
0.282011
-0.015922
-3.149759
0.918123
0.451513
0.400337
0.569231
-0.576516
-1.315643
-1.080574
-0.896444
-0.201735
9.318083
13.916759
0.000000
102.561928
110.246635
68.531281
67.386414
30.809639
0.977423
-0.261301
-2.525634
0.533995
0.233479
0.937387
1.143837
-0.390538
-0.901029
-0.877037
-0.898176
-0.181604
5.370064
16.068550
0.000000
76.649399
109.860008
62.170509
75.828667
46.657745
0.455214
0.024021
-2.901731
0.846569
0.568417
0.555111
0.757097
-0.580214
-1.325308
-0.979818
-1.108498
-0.118029
0.001623
14.453063
0.000000
90.675552
108.821434
65.031036
70.367638
32.657993
0.304496
-0.098758
-2.060424
0.877123
0.470919
1.222916
1.125779
-0.524337
-0.976223
-0.693451
-1.004389
-0.055592
0.309524
15.761036
0.000000
69.150978
105.936310
58.690357
75.939606
52.339115
0.381597
0.083208
-3.219431
0.998404
0.833456
0.708754
0.802310
-0.510239
-1.288273
-1.058565
-0.866196
-0.098848
31.388765
14.336775
0.000000
91.737183
109.713211
66.443604
70.972542
31.382189
0.794688
-0.127364
-2.504996
0.802782
0.202908
0.669144
0.857662
-0.367927
-1.095015
-1.029558
-1.117693
-0.024080
31.131699
14.653309
0.000000
78.286072
111.411514
65.027466
72.200089
30.849062
0.291809
-0.033498
-3.128185
1.447044
0.601950
0.552065
0.782699
-0.360244
-1.200352
-0.987701
-1.073374
-0.383352
4.458835
14.827948
0.000000
82.638123
109.164688
63.032471
72.234444
39.147823
0.312012
-0.005018
-2.938152
0.876951
0.532419
0.524471
1.254368
-0.356766
-1.010079
-0.879070
-0.903164
-0.290285
33.371754
14.585314
0.000000
74.955597
109.917160
60.614670
75.295433
48.035332
0.420342
0.069121
-2.974129
1.011694
0.570305
0.254606
0.978438
-0.410089
-1.306520
-0.959940
-1.076302
-0.143291
20.590408
14.035491
0.000000
80.706032
110.422134
63.238262
72.819885
39.599060
0.984074
-0.002579
-2.895813
1.583557
0.456734
0.301470
0.939328
-0.458361
-1.241637
-0.938684
-1.174204
-0.091415
12.316044
14.599235
0.000000
74.457123
109.855042
62.173012
73.105957
38.479591
0.553383
0.022649
-3.082976
1.557671
0.743467
0.701536
0.877617
-0.384940
-1.220448
-1.066701
-0.943163
-0.297832
18.384422
14.119923
0.000000
83.034592
109.769379
64.542374
72.779739
37.061653
0.795287
-0.033895
-2.997526
1.353899
0.692263
0.565519
0.965480
-0.325999
-1.198404
-0.972166
-1.056702
-0.308790
8.012738
14.929141
0.000000
78.330353
109.412064
61.658188
73.862663
43.587921
0.470019
0.037800
-3.013849
1.905247
0.479710
0.245337
1.005100
-0.424407
-1.250927
-0.826372
-1.093126
-0.284428
0.156901
15.254940
0.000000
71.092110
107.863426
57.074562
74.806648
50.552559
0.408005
0.085092
-3.262052
1.487917
0.892874
0.928780
1.050706
-0.401880
-1.226164
-0.953978
-0.836163
-0.307880
21.268265
14.717761
0.000000
80.706192
109.347214
59.506794
71.651970
46.480366
1.233206
-0.022893
-2.845596
1.617628
0.664606
0.759113
0.959922
-0.389853
-1.241945
-1.026978
-0.933691
-0.021029
8.340538
14.929237
0.000000
73.462723
111.147675
59.571449
73.411835
37.124771
0.392735
-0.025515
-2.893847
1.091406
0.514603
0.314064
0.751497
-0.371735
-1.318386
-0.803627
-1.306158
-0.409550
0.247600
17.883411
0.000000
67.953270
102.803375
53.752571
68.287628
53.705696
0.378041
0.067569
-3.375340
0.777704
0.639215
1.507006
1.576886
-0.253886
-1.015381
-0.737831
-0.660770
-0.498246
27.804911
14.636463
0.000000
60.146473
95.268112
57.963593
77.114120
60.579048
0.424067
0.103035
-3.447805
1.331354
0.652008
0.907490
1.079250
-0.345860
-1.396894
-0.985304
-0.736420
-0.448664
13.088248
14.706793
0.000000
81.619904
108.273262
59.862793
78.300926
58.647083
1.856665
-0.009760
-3.175414
0.866299
0.753817
0.718416
0.984073
-0.237829
-1.335442
-1.090336
-0.979122
-0.302221
17.953548
13.905378
0.000000
83.346260
111.020920
66.947311
74.054657
31.522808
0.616986
-0.129618
-2.859832
1.035311
0.397411
0.204906
0.793077
-0.196266
-1.348525
-1.117995
-1.196087
-0.594311
14.722227
14.701081
0.000000
81.590050
109.647438
65.990540
72.481781
32.996040
0.816508
-0.035972
-3.558806
0.915094
0.651600
0.636335
1.297524
-0.090490
-1.095315
-0.909361
-0.828951
-0.691748
5.440526
15.363444
0.000000
76.417137
107.912148
56.515732
76.170784
61.657494
0.501836
0.088763
-2.901060
1.061026
0.589649
0.263824
1.245089
-0.209880
-1.319977
-0.915272
-0.888079
-0.384729
18.936171
14.566896
0.000000
74.888885
109.076897
57.617283
75.913452
53.404800
1.026868
0.069738
-2.739662
1.182476
0.521471
0.165018
1.046709
-0.208020
-1.392231
-1.127310
-0.912405
-0.321558
20.219313
13.744015
0.000000
78.814629
110.616089
61.471283
72.329918
34.391144
0.442378
-0.062672
-2.983824
1.530113
0.474993
0.431263
0.855085
-0.136309
-1.270953
-1.151207
-1.045048
-0.321068
22.516275
12.695650
0.000000
73.454681
111.658119
64.463821
73.855782
38.447151
0.881153
-0.021636
-5.751803
1.394505
-0.263393
0.185966
0.930425
-0.061944
-1.259270
-1.135579
-0.975410
-0.442671
-0.455027
14.165306
0.000000
79.281647
109.367081
61.119026
73.845299
46.583572
1.781787
-0.010478
-5.885418
0.956760
0.002956
0.528372
1.036662
0.014769
-1.184233
-1.087999
-0.966698
-0.274620
7.475844
13.943315
0.000000
73.697830
111.211479
59.614517
73.534111
43.949219
0.831659
-0.000589
-5.547797
1.595297
0.117825
-0.132769
0.905107
-0.148417
-1.279820
-0.987650
-1.004353
-0.571012
-0.455621
15.061050
0.000000
66.554626
107.002426
54.372272
73.196655
50.762840
0.429839
0.050725
-6.052704
1.004105
-0.145443
0.641140
1.115658
-0.036263
-1.139545
-0.909277
-0.783892
-0.289228
-0.303859
15.704994
0.000000
66.751572
105.481659
53.410572
75.018181
58.545479
1.186978
0.046056
-5.621433
1.599010
0.153294
0.581116
0.974214
-0.076119
-1.285614
-1.031700
-0.887962
-0.260454
-0.464496
14.084095
0.000000
70.703110
110.501862
55.924221
71.454193
47.265572
3.069359
-0.041503
-5.792790
1.270979
-2.380514
0.017147
0.838908
-0.025625
-1.221952
-1.044441
-0.870573
-0.450216
-0.576977
15.862670
0.000000
67.919991
108.399055
55.223671
72.572708
40.108181
0.719085
-0.048233
-5.973391
0.996668
-0.552074
0.005911
0.776612
0.053133
-1.133869
-0.970000
-0.798023
-0.548729
-0.539042
16.461483
0.000000
69.081963
108.542274
54.238228
73.313103
47.506840
0.508768
-0.033367
-6.165689
0.881514
-0.123116
0.420633
0.975001
0.100453
-1.088344
-0.913280
-0.746660
-0.428104
-0.440844
17.401299
0.000000
64.529350
102.604584
51.798573
73.545761
55.283424
0.919378
0.019122
-5.837859
1.341227
0.355255
-0.015259
0.866869
0.009456
-1.221834
-1.064233
-0.851730
-0.497749
-0.648275
13.715907
0.000000
77.486496
109.916916
56.805153
70.556824
35.717632
0.897135
-0.150922
-6.396108
0.823694
-0.059326
0.552958
1.106790
0.087045
-1.019446
-0.850527
-0.661743
-0.610544
-0.376959
16.647367
0.000000
58.407978
93.467857
48.544922
66.048973
61.086464
0.362757
0.063782
-6.132078
1.129681
-3.348082
0.385393
1.120184
0.034785
-1.165281
-0.863720
-0.689508
-0.392473
-0.270234
16.930380
0.000000
65.136063
103.187607
50.811020
73.207153
61.699070
1.998962
0.022175
-5.697480
1.425280
0.079247
0.116346
0.921873
0.064224
-1.266006
-1.100836
-0.881073
-0.437527
-0.647853
13.469297
0.000000
74.207558
110.860329
57.226788
71.567596
34.248726
0.490772
-0.136489
-6.219915
0.882099
-0.148827
0.412613
0.969947
0.125094
-1.090220
-0.912138
-0.763559
-0.675049
-0.344372
23.545774
0.000000
59.234341
94.482262
49.423462
65.861252
64.638367
0.439952
0.125495
-6.089481
1.026798
0.222683
0.795837
1.319172
0.090284
-1.166206
-0.854018
-0.728342
-0.350142
-0.173265
14.602602
0.000000
65.016045
102.095665
52.688416
74.115311
66.076920
1.748153
0.048761
-5.574245
1.523336
0.300095
0.614046
1.106004
0.005939
-1.416145
-1.157021
-1.054771
-0.272636
16.767462
12.322373
0.000000
80.788689
112.591522
63.637924
73.404709
44.059814
2.738868
-0.123856
-5.704243
0.983091
-0.175041
0.316172
0.903302
0.001011
-1.179002
-0.877835
-1.359734
-1.037262
-0.270879
16.100822
0.000000
54.746918
100.098274
56.565876
73.711319
60.843292
1.044016
0.150234
-5.915293
0.767748
0.127516
1.049129
1.418417
0.033737
-1.026850
-0.927700
-0.972614
-0.314302
30.713882
13.592649
0.000000
68.975754
109.827904
58.092258
77.067329
64.110306
4.958192
0.072412
-5.484728
0.920822
0.181248
0.225653
1.242271
0.065065
-1.265867
-1.200472
-1.215385
-0.245579
16.004650
12.470888
0.000000
73.813362
114.792999
68.423180
73.273026
38.272652
0.467662
0.133283
-5.275459
1.343798
0.107790
-0.368086
0.655937
-0.082712
-1.300167
-1.081021
-1.564405
-1.150564
-0.603342
13.098297
0.000000
72.557144
111.287582
65.836334
71.203285
44.252319
3.634723
0.047955
-5.770817
0.630558
1.171507
0.941393
1.484140
0.014618
-0.985663
-0.856497
-0.880623
-0.272562
-0.103049
14.764561
0.000000
69.915192
109.047096
57.968155
77.496567
67.494690
2.228207
0.123862
-5.396906
1.230242
0.000904
0.212059
1.078783
-0.016618
-1.306837
-1.269636
-1.205353
-0.266594
15.619963
12.358829
0.000000
79.287125
115.421684
70.447685
69.646301
28.502550
0.225767
-0.088495
-5.607467
1.061386
0.087662
0.129601
0.964645
-0.119266
-1.194701
-0.897964
-1.448948
-1.041679
-0.265089
15.318632
0.000000
62.605301
106.875336
57.038559
72.305199
57.674126
0.520814
0.163884
-5.894078
0.615545
1.128475
0.316994
1.606182
0.016964
-0.943373
-0.786100
-0.927414
-0.186356
19.611021
13.571440
0.000000
66.232697
106.733269
59.500027
77.452393
65.726921
0.832899
0.168543
-5.229177
0.953821
0.067179
0.191662
0.946692
0.068730
-1.158037
-0.999798
-1.232946
-0.251741
13.615665
13.109562
0.000000
78.728767
113.624359
68.266708
75.160324
49.897385
4.702478
0.039860
-4.963294
1.547491
0.077269
0.132523
0.705640
-0.056635
-1.342304
-1.031822
-1.352999
-0.900648
15.819394
12.380048
0.000000
70.964500
112.943192
68.623978
72.850342
37.922733
0.975272
0.063956
-2.845673
1.144121
0.449078
0.378979
1.072366
-0.174176
-1.275852
-0.790039
-1.303953
-0.859171
0.380985
15.456507
0.000000
68.946907
104.702469
53.779106
67.589302
64.920517
4.282569
0.166609
-2.658843
0.707514
0.766106
0.644754
1.573853
-0.101774
-1.057463
-0.840675
-0.812960
-0.571424
14.043413
13.364397
0.000000
65.284767
102.974365
61.841537
78.224525
46.932838
1.366169
0.042432
-2.998328
0.893494
0.734081
0.187979
1.092677
-0.218160
-1.407648
-1.237421
-1.068932
-0.551865
12.213124
13.012053
0.000000
90.270798
113.866409
68.390778
70.978600
35.385391
1.932459
-0.187699
-3.034443
1.382526
0.159636
0.025570
1.098227
-0.160565
-1.248856
-0.875086
-1.212397
-0.715124
4.503457
14.828096
0.000000
73.335892
108.972404
61.595924
76.225533
51.638447
1.027666
0.109320
-2.981949
1.506636
1.073742
0.264595
1.057250
-0.191010
-1.330137
-1.085602
-0.954714
-0.452858
20.260921
13.815240
0.000000
84.540314
110.292305
65.510712
73.997902
41.898544
2.020962
-0.006660
-2.797932
1.514076
0.426176
0.248690
1.126337
-0.204166
-1.281078
-1.025047
-1.215750
-0.420610
21.074215
13.882920
0.000000
76.512154
110.666939
65.082230
73.242516
36.734070
0.541910
0.044933
-2.976129
1.604383
0.508846
0.131996
1.070422
-0.225188
-1.256805
-0.959858
-1.208075
-0.572990
8.384058
14.508624
0.000000
76.983253
108.653976
62.287956
73.443954
41.128174
0.401820
0.055856
-3.247173
1.094179
0.344498
0.348644
1.237687
-0.234509
-1.132486
-0.915596
-0.993177
-0.377489
29.932703
14.412271
0.000000
75.484802
109.691750
60.135796
71.869537
46.805641
0.522627
0.076417
-0.240466
0.958798
27.248795
26.308250
25.650991
24.132391
23.492846
45.265011
42.094719
58.667259
57.691994
55.508690
53.433964
50.683983
48.433819
46.367897
44.243069
41.593529
38.552471
34.960796
30.774822
16.829205
2.198859
11.539526
-20.363008
-28.565609
-10.349804
-0.256031
0.769995
1.885956
1.024609
2.588505
2.212584
67.192307
0.000000
62.004738
93.193848
28.962786
31.424652
29.020033
18.407690
1.682986
-34.491585
19.495377
-24.542397
-36.630264
-22.287964
-8.497053
0.570072
2.374002
0.602854
-0.879120
-0.221606
31.544146
0.000000
111.016556
109.271606
34.576420
40.529648
35.597385
31.085707
-0.459005
-5.755472
-1.263552
-12.096125
-6.463095
0.063431
0.459677
0.192344
-0.452103
-1.587858
-1.803965
0.100433
0.752892
0.000000
43.431011
84.566162
20.629486
28.619287
19.889729
-0.044084
-0.467107
-11.500868
-0.617443
-9.422714
-8.503248
-0.731770
0.746371
0.561637
-0.307235
-1.415697
-1.278965
0.510612
0.241023
0.000000
21.489647
35.710655
12.799909
24.020693
23.841602
1.254074
-0.395523
-9.779508
-0.522022
-11.410761
-7.202988
0.210699
0.873468
0.302907
-0.583913
-1.535944
-1.620310
0.819209
0.288201
0.000000
31.748449
53.462059
27.325602
33.339237
30.165245
7.976066
-0.326906
-0.734312
-0.834360
-8.836060
-10.145248
0.313211
0.897482
0.542111
-0.971045
-1.558077
-1.505260
0.809844
0.527182
0.000000
46.407681
67.863152
34.502892
35.781940
39.847511
12.995359
-0.302751
-0.459427
-0.317495
-5.984188
-9.094509
0.615547
0.951294
0.290699
-1.008114
-1.534719
-1.514194
0.440961
20.996830
0.000000
40.044380
69.833122
42.356606
56.342354
46.578724
0.375670
-0.352975
0.339342
-1.296745
-10.552145
-9.227274
0.185768
0.008586
0.198466
-0.823507
-1.655533
-1.867136
0.766768
1.305456
0.000000
44.625229
51.519508
30.722927
41.688030
52.056236
46.465256
2.772923
2.050560
2.534054
-24.691206
-14.343323
0.180065
0.632183
0.720626
-0.962738
-1.732073
22.613792
14.321954
17.726791
0.000000
46.583588
98.907242
70.022774
66.460655
15.024193
-0.422669
-0.751310
-6.314558
-1.456722
-11.882942
-15.342016
-0.394594
-0.367316
-0.442338
-0.176756
-1.745823
-1.316998
-0.147824
1.082688
0.000000
60.321301
103.974457
38.042839
50.745445
51.776947
19.142235
-0.498262
5.824415
-1.471712
-7.978069
-11.778284
-0.116804
0.909405
0.488672
-0.605671
-1.484547
-1.794144
-0.064693
20.032227
0.000000
33.736351
51.585548
37.175484
48.575577
57.974918
22.452562
-0.331181
-0.288583
-0.902514
-9.864000
-11.592056
0.131950
0.592775
0.263097
-0.921383
-1.304611
-1.668161
21.617775
15.673054
0.000000
42.010773
78.220589
41.342144
51.312893
56.205025
25.180159
-0.590231
9.337692
-0.987371
-14.286497
-16.256897
-0.049166
0.415524
0.366194
-0.805389
-1.450052
-1.566689
16.367218
15.298300
0.000000
41.584831
89.801254
35.985474
59.102493
50.997795
3.544076
-0.801793
1.123350
-1.582796
-13.881212
-20.551105
-7.412378
-0.280718
0.144918
-0.160581
-1.430536
-1.674591
30.128098
19.588200
0.000000
58.015293
99.569290
40.553421
56.586128
49.102169
6.235635
-0.668714
6.739651
-1.554733
-11.014887
-15.203253
-5.045465
0.069847
0.436883
-0.321390
-1.463568
-1.781406
-0.564328
18.632866
0.000000
40.613895
77.125130
40.218712
49.974854
54.536968
14.777200
-0.545723
8.727554
-1.444393
-11.305197
-15.393744
-2.118612
-0.026545
0.268329
-0.619932
-1.378456
-1.536005
26.158308
16.422497
0.000000
37.034645
78.127502
39.241055
49.858891
54.517517
15.237637
-0.599832
7.466460
-1.219025
-13.281221
-16.467184
-2.295258
0.206879
0.384326
-0.547062
-1.464931
-1.902462
9.569605
17.305073
0.000000
37.793606
74.652603
43.313667
52.362320
56.863823
16.021446
-0.551206
10.458349
-1.317734
-11.012383
-15.916437
-0.855515
0.202568
0.250309
-0.704500
-1.373379
-1.793829
23.140011
15.976547
0.000000
36.985275
82.331825
38.549294
55.510895
54.296951
11.861347
-0.675708
6.521004
-1.219872
-12.773432
-17.617901
-4.646299
0.211960
0.225006
-0.558786
-1.418543
-1.631372
22.633011
18.132488
0.000000
45.328281
95.071075
36.564045
57.882454
52.592751
8.259880
-0.703081
5.992798
-1.292751
-12.552643
-16.998697
-5.461050
0.209398
0.293399
-0.399590
-1.353626
-1.536144
39.121223
18.423546
0.000000
46.539371
92.253319
39.250580
52.631348
54.786163
16.842737
-0.627477
7.610261
-1.653830
-13.086718
-16.715670
-4.475826
0.282139
0.240588
-0.499725
-1.320837
-1.788237
43.179905
17.693001
0.000000
45.819046
88.677803
39.467155
49.290730
54.157318
19.550972
-0.621876
6.804162
-1.665176
-14.037207
-16.849424
-4.359837
0.261539
0.272241
-0.496439
-1.404976
-1.818933
37.845116
16.584454
0.000000
38.609921
83.422279
36.451092
54.606033
51.910843
4.236596
-0.640662
6.725620
-1.357023
-10.396482
-15.962673
-4.533197
0.131943
0.308881
-0.522034
-1.399652
-1.742960
38.117752
16.679350
0.000000
36.674561
83.551971
35.793240
53.366787
52.074337
11.810270
-0.649908
6.235610
-1.343695
-13.485348
-17.696190
-4.467276
0.044165
0.378181
-0.387989
-1.415291
-1.923422
-0.637930
17.693901
0.000000
36.594193
71.524040
42.636868
48.735279
55.284378
20.481804
-0.538545
10.064682
-1.483664
-11.726013
-16.239187
-2.158979
0.251785
0.186342
-0.671444
-1.362724
-1.722555
31.070631
15.750075
0.000000
38.131924
82.993088
37.729851
53.672699
53.806450
11.392748
-0.677808
6.325332
-1.273928
-12.493240
-17.329411
-4.694817
0.400351
0.269083
-0.518066
-1.375191
-1.630806
28.684999
17.834696
0.000000
43.959595
90.168243
38.903202
55.308372
54.323845
10.312823
-0.669423
7.875778
-1.420189
-11.273390
-16.417662
-4.712423
0.492537
0.298021
-0.486572
-1.309168
-1.600552
34.644188
18.462257
0.000000
47.740368
92.714600
38.820518
50.738400
54.943871
18.438990
-0.624575
8.823117
-1.652689
-12.397909
-16.563795
-3.811449
0.533909
0.385767
-0.444380
-1.315203
-1.855120
3.205243
18.198040
0.000000
44.024879
81.438980
41.091335
51.044121
55.603477
10.573809
-0.539942
10.347942
-0.919842
-9.784311
-14.399143
-0.355568
0.641813
0.336039
-0.565939
-1.348446
-1.849123
-0.286986
27.785658
0.000000
36.034790
49.754734
33.658260
47.285393
57.520493
22.457890
-0.333082
1.139427
-0.902929
-8.596205
-13.826960
-0.054119
0.452265
0.267891
-0.875017
-1.214575
-1.690979
20.161432
15.502878
0.000000
37.756142
76.530998
39.384438
49.216141
55.367943
21.340216
-0.617881
10.920864
-0.935284
-11.636385
-16.743919
-0.726412
0.833128
0.446534
-0.933098
-1.537724
-1.309988
15.782141
16.477835
0.000000
44.927460
91.486420
39.255600
53.257515
52.120483
13.011020
-0.858966
-2.073373
-3.037399
-18.983246
-21.564959
-10.684990
-0.720577
-0.172891
0.119113
-1.738436
-1.795218
-0.176635
28.354683
0.000000
53.307293
91.268219
46.092945
47.456100
54.028297
33.986145
-0.403583
5.482170
-1.241814
-5.079224
-8.806923
-0.632923
0.748997
0.190580
-0.691504
-1.583895
-1.876909
28.618389
17.197981
0.000000
39.860142
83.162483
42.010410
50.960327
56.086121
23.697483
-0.544061
9.196913
-1.269911
-9.168779
-12.528376
-3.005056
0.089123
0.059526
-0.538620
-1.536280
-1.893402
28.781435
16.792774
0.000000
38.468922
87.608253
37.877632
49.914635
54.342384
18.418159
-0.608698
6.311277
-1.564232
-9.517467
-13.774185
-5.049791
-0.096916
0.069640
-0.394995
-1.616650
-1.940666
0.198188
17.330681
0.000000
40.949333
88.013252
41.339417
48.741951
55.810612
31.107420
-0.554638
7.164809
-1.431313
-8.972048
-12.382721
-4.671509
-0.074474
-0.128241
-0.524679
-1.552481
-1.880358
32.498569
15.808804
0.000000
35.321354
90.645386
33.052177
56.883606
49.783958
7.979194
-0.713603
2.343883
-1.212477
-10.975555
-14.677513
-7.657145
-0.411072
0.087327
-0.202188
-1.688356
-1.958109
-0.668592
29.357044
0.000000
29.652935
62.607540
45.651787
49.391487
57.284756
20.547661
-0.371976
1.588652
-1.685990
-6.851091
-11.627113
-0.137646
0.253305
0.275069
-0.745319
-1.618149
-1.741159
-0.191770
19.802607
0.000000
35.167339
62.934097
47.448734
51.723595
60.809425
32.008064
-0.297957
-3.964016
-0.863328
-0.391695
-8.018581
0.441881
0.674266
0.036045
-1.015371
-1.380045
49.590889
10.369445
17.103086
0.000000
64.469589
94.860222
43.074242
61.648132
53.232918
13.445015
-0.806975
-8.203421
-7.038612
-17.610954
-17.683969
-0.718815
0.252153
-0.025686
-0.375864
-1.786694
-1.888050
-0.644985
12.453563
0.000000
54.084240
102.596863
45.703991
52.387505
55.826233
26.726706
-0.360524
2.706019
-0.886013
-1.897936
-6.760754
0.316833
0.643205
0.092726
-0.679337
-1.550900
-1.942961
1.459108
16.049923
0.000000
33.988834
74.957275
42.779240
50.129906
55.694103
14.912011
-0.445402
4.784905
-0.809906
-4.495770
-10.646231
-0.022001
0.411644
0.256580
-0.742899
-1.556229
-1.734091
-0.358004
16.947805
0.000000
37.063324
74.621460
44.025978
49.528172
57.008301
17.979078
-0.404853
1.933189
-0.718254
-3.644428
-9.764479
0.200245
0.807688
0.231465
-0.820135
-1.518488
-1.739967
8.247376
16.062569
0.000000
37.818272
76.934570
44.562561
51.936966
59.255501
20.034622
-0.446421
2.779099
-0.746651
-3.728733
-10.691309
0.116707
0.564176
0.246578
-0.658895
-1.473352
-1.883480
32.832962
16.326206
0.000000
42.371449
89.803162
40.196083
55.250969
57.072842
18.096378
-0.534490
9.015630
-1.043182
-5.037760
-12.272058
-0.172850
0.243402
0.030521
-0.468597
-1.526676
-1.693676
-0.798163
16.705269
0.000000
35.763515
80.586212
41.243332
50.377701
56.854397
18.035389
-0.479118
7.666660
-0.998898
-3.506018
-10.891130
-0.086500
0.301305
0.094218
-0.566383
-1.477179
-1.928967
7.989856
15.947948
0.000000
33.439751
77.936432
40.938950
47.890656
55.708092
27.246372
-0.518805
9.751974
-1.069063
-5.484667
-12.143095
-1.550142
0.345890
0.001822
-0.585888
-1.413090
-1.818958
37.425098
15.736732
0.000000
34.240757
87.504410
38.663574
52.578819
54.968185
17.445934
-0.623937
6.405966
-1.396461
-7.850906
-14.016754
-5.691463
0.153616
0.022716
-0.341230
-1.503731
-1.985868
-1.089147
17.247757
0.000000
35.560745
81.452110
42.492935
45.242165
54.520947
42.202080
-0.504906
-54.232880
-1.111559
-15.841480
-16.973738
-8.909798
0.354824
-0.141690
-0.287095
-1.450382
-1.626013
35.681389
15.864062
0.000000
33.429459
92.605125
32.624855
56.185974
51.599590
15.281340
-0.703738
-62.375328
-0.969038
-17.192255
-19.268866
-12.219414
-0.469225
-0.210654
0.238268
-1.357637
-1.778740
-1.455504
17.039230
0.000000
32.383072
89.103874
36.039730
48.532719
53.221508
30.149189
-0.604174
-59.588299
-0.744307
-15.780071
-16.083410
-10.970062
-0.253580
-0.135850
0.063486
-1.376806
-1.867990
-1.383605
18.074793
0.000000
27.517807
79.218735
35.670933
47.241119
54.616032
26.907049
-0.584550
-58.151573
-1.004637
-15.042080
-17.037098
-10.845396
-0.277676
-0.188984
0.048825
-1.423437
-1.886274
-1.523550
16.952679
0.000000
29.886276
84.414886
37.639946
47.286076
54.845993
35.239498
-0.572549
-58.968639
-0.998344
-14.844492
-15.529129
-10.926874
-0.168816
-0.272465
-0.123113
-1.380842
-1.744356
19.142782
15.976843
0.000000
26.783230
86.137238
33.019211
56.594097
51.391998
14.431485
-0.670909
-62.609314
-0.936049
-15.837505
-18.318497
-12.314568
-0.530197
-0.225521
0.259604
-1.409040
-1.856920
-1.601713
17.598614
0.000000
26.109476
80.720123
37.747044
45.625206
55.677200
39.350830
-0.546522
-56.821030
-0.941044
-13.837990
-15.796926
-10.978392
-0.135315
-0.341424
-0.138463
-1.372948
-1.722256
44.203953
15.332411
0.000000
28.953434
90.238693
31.843866
51.618889
51.517311
22.232136
-0.681696
-63.034401
-0.772724
-15.018026
-17.794333
-12.699221
-0.433632
-0.284808
0.200253
-1.319620
-1.735807
4.194727
16.556664
0.000000
24.288677
84.664589
34.272514
55.543510
52.946068
17.034014
-0.627092
-60.572655
-0.934698
-13.443348
-16.908222
-11.986603
-0.479864
-0.259919
0.186442
-1.387354
-1.859180
-1.656637
17.476257
0.000000
29.577499
87.154457
36.066467
45.271458
54.474083
35.561806
-0.556734
-58.448593
-0.799767
-12.742563
-15.488167
-10.876316
0.017845
-0.193460
-0.089846
-1.284033
-1.827730
6.745689
16.000689
0.000000
28.084005
82.739014
35.540451
45.295242
53.976372
31.280010
-0.614210
-61.479450
-0.669991
-15.861898
-17.804251
-10.934290
-0.040348
-0.122057
0.061954
-1.305696
-1.887297
-1.465191
17.889713
0.000000
25.610666
73.492050
38.709232
45.025024
54.834774
35.662971
-0.546392
-57.626392
-0.813354
-14.199900
-17.087215
-10.114561
0.151377
-0.125982
-0.114320
-1.291426
-1.820147
15.610067
15.813114
0.000000
27.941246
83.498291
37.745022
47.649597
55.734978
34.416054
-0.584758
-61.367180
-0.784769
-14.235704
-16.924988
-11.328415
-0.010509
-0.275822
-0.035353
-1.272318
-1.813028
12.194831
16.171967
0.000000
29.217436
87.030258
34.851040
51.551567
53.764458
21.453991
-0.629710
-61.961628
-0.811834
-13.199419
-17.099264
-11.691616
-0.080206
-0.187952
0.108648
-1.292955
-1.925659
-1.561795
19.695831
0.000000
28.304697
76.914185
40.662148
46.473934
55.232895
32.818939
-0.478072
-54.787308
-0.947392
-8.272333
-13.831394
-8.557432
0.429998
-0.032120
-0.237764
-1.233234
-1.798325
4.421534
15.871473
0.000000
28.407616
84.994461
36.756668
49.084324
54.719307
23.752207
-0.584869
-60.853249
-0.810886
-11.284685
-16.639057
-10.062576
0.243916
-0.045262
-0.062457
-1.230156
-1.844234
-1.581109
18.382587
0.000000
27.320061
77.432678
40.647938
47.543522
55.985085
23.418453
-0.484716
-54.521278
-0.914030
-6.576872
-14.290310
-6.093431
0.513205
0.143751
-0.194120
-1.277424
-1.577204
-1.599331
17.178263
0.000000
28.114899
79.342758
41.027054
47.476929
55.925449
25.318933
-0.443829
-53.310230
-0.858984
-6.664478
-14.289021
-2.909517
0.592926
0.384419
-0.250298
-1.391039
-1.800928
-1.175557
1.807561
0.000000
29.766302
56.321510
29.267159
46.424393
53.411629
32.106384
-0.223670
-42.248199
-1.425694
-3.151619
-13.502768
-0.426258
0.523518
0.434705
-0.414558
-1.448753
-1.522030
-0.903551
1.561313
0.000000
29.227863
57.415253
33.840660
47.900917
58.651505
32.634102
-0.221598
-42.684944
-1.295434
-5.255589
-13.800659
-0.239845
0.783758
0.301252
-0.367083
-1.204182
-1.600962
29.353317
14.610926
0.000000
24.378729
89.943787
37.090832
55.830963
54.148144
9.163443
-0.552224
-65.093994
-1.288399
-9.952871
-17.074034
-7.497309
-0.265085
-0.256353
0.106231
-1.501244
-2.163160
-1.436934
2.231938
0.000000
27.641415
78.519470
37.270546
46.761230
54.345978
14.038555
-0.411956
-55.621819
-1.057300
-4.567551
-12.715990
-8.147923
0.608665
0.389711
-0.212496
-1.414120
-1.789188
-0.725715
1.925780
0.000000
22.787336
35.147751
6.593135
42.469593
54.587379
50.602707
3.611860
-37.992359
-2.146445
-3.680189
-15.948215
-0.118771
0.654773
0.378297
-0.764860
-1.433144
-0.939369
14.907762
14.890327
0.000000
30.281828
93.178879
33.314270
59.334030
54.509125
11.492647
-0.685783
-1.049254
-4.609685
-12.320158
-22.514874
-10.319426
0.093805
0.162708
0.563441
-1.212122
-1.600103
-1.472986
16.665409
20.856134
0.000000
91.674232
99.870117
44.163383
53.887741
43.330933
-0.464254
-0.818392
-4.932951
-7.558722
-16.735033
-9.027058
0.932041
0.358145
-0.107926
-1.152813
-1.425449
-1.178858
19.705761
19.643456
0.000000
77.010208
103.877335
43.710670
56.152428
32.097294
-0.365837
-0.731567
-4.474371
-5.650610
-14.916452
-5.689341
0.849165
0.481978
-0.172583
-1.168242
-1.642063
-1.089628
1.526661
18.713724
0.000000
54.646797
69.691170
45.795876
52.837589
32.823608
-0.236981
-0.618110
-5.436405
-6.880613
-15.778498
-1.419081
0.481600
0.541360
-0.270012
-1.219675
-1.513544
-0.993530
21.803581
17.567272
0.000000
52.395950
69.923416
47.823158
55.649246
41.611626
-0.159404
-0.537126
-3.372951
-3.163721
-16.094055
-0.670795
0.576005
0.614631
-0.351074
-1.149391
-1.343346
1.415260
14.329293
16.324951
0.000000
74.820915
100.111404
45.197083
62.834507
38.430576
-0.532971
-0.886065
-5.623045
-10.722639
-20.855640
-9.667686
0.180445
0.025357
-0.132851
-1.269978
-1.534054
40.293766
12.953894
15.913382
0.000000
83.951088
93.836945
54.692345
50.534599
13.671637
-0.547711
-1.056540
-4.936543
-12.209665
-21.106678
-16.337183
-0.502241
-0.251093
0.620959
-1.121702
-1.734636
4.432079
15.423977
18.781771
0.000000
81.169914
97.434692
50.822563
53.167259
24.314072
-0.598061
-0.942565
-5.474217
-7.462725
-16.916439
-14.803865
-0.143681
-0.150318
0.332433
-1.211807
-1.400944
8.582668
15.298016
17.746799
0.000000
79.073547
98.258057
49.566338
51.413986
22.662380
-0.636892
-0.978566
-5.049533
-11.227310
-19.605524
-15.316233
-0.346476
-0.237148
0.524847
-1.092979
-1.774658
-1.747061
17.001842
17.094866
0.000000
72.274887
97.863136
39.115337
51.553768
32.360771
-0.573836
-0.920543
-5.359072
-12.145897
-18.365313
-13.886021
-0.066116
-0.135385
0.164047
-1.199286
-1.974072
-1.509388
21.172359
17.865810
0.000000
66.310310
98.464378
40.129417
52.918449
37.530212
-0.463831
-0.818240
-5.709950
-6.387480
-12.066393
-11.839188
-0.049053
-0.439715
0.137453
-1.360010
-2.088428
-1.345739
2.256179
19.396561
0.000000
60.471596
86.935318
44.023724
52.754642
34.052322
-0.295388
-0.662561
-4.387691
-1.540087
-10.879486
-6.879702
0.443607
0.231097
-0.122167
-1.466848
-1.849867
-1.197654
14.811514
17.291439
0.000000
72.382416
99.104446
45.023399
56.286308
47.953903
-0.439910
-0.756006
-4.411840
-6.558422
-14.929102
-7.982185
0.634420
-0.033136
-0.161762
-1.301521
-1.672852
43.039032
14.079268
19.952129
0.000000
100.445198
93.644844
49.029427
56.727951
39.959766
-0.533807
-0.924882
-4.272327
-11.263985
-16.482302
-10.868299
0.240374
-0.375798
0.121134
-1.397148
-2.092869
-1.647322
27.967682
20.383381
0.000000
82.730728
103.182602
44.187607
57.360023
34.388985
-0.326901
-0.690764
-4.813151
-3.529308
-9.471039
-5.811049
0.751854
0.032522
-0.243589
-1.349785
-1.810032
-1.134977
17.877235
18.533882
0.000000
57.616028
84.622574
45.597359
55.837997
40.761337
-0.275940
-0.647854
-4.273957
-2.991175
-11.739887
-4.036102
0.576353
-0.003820
-0.331276
-1.329180
-1.566099
27.958523
12.541867
0.000000
23.347469
96.850945
35.790497
45.068039
54.678131
42.670242
-0.543371
-63.435040
-0.697359
-12.281033
-17.094259
-8.502155
0.457582
-0.241495
0.003630
-1.491013
-2.146984
-1.591746
18.476479
0.000000
30.099056
84.199142
44.719429
49.310448
60.527077
25.050980
-0.290878
-49.912960
-1.416502
0.419071
-6.429052
-1.470125
0.755302
0.019932
-0.429390
-1.483828
-1.895504
-1.144604
1.759967
0.000000
22.785110
55.763241
30.193539
44.434967
51.961906
36.033894
-0.213410
-40.399605
-1.471647
-3.050570
-12.502234
-0.435354
0.550821
0.588601
-0.805370
-1.782181
-1.633253
0.094980
1.399812
0.000000
32.027420
58.282997
33.166725
48.691643
54.696579
46.484131
3.602662
-38.339333
-2.375510
-5.202579
-17.822828
-0.433569
0.498325
0.401905
-0.213415
-1.504377
-1.504673
20.990421
13.601885
0.000000
22.416782
95.965698
42.457203
65.739227
55.529732
5.229223
-0.860571
-69.793365
-1.403801
-7.772238
-16.392824
-1.591059
-0.068240
-0.248993
-0.354516
-1.505573
-1.663692
-1.009403
1.351156
0.000000
38.420296
104.662994
31.502836
49.719223
44.687965
3.168321
-0.465023
-58.105373
-1.127140
-4.308147
-9.156786
-5.587780
0.479975
0.181956
-0.268784
-1.460024
-1.801954
-0.688162
1.873590
0.000000
24.127283
36.040688
11.565047
41.856930
46.668045
45.136658
5.886466
-40.167080
-1.642269
-6.259298
-14.883030
0.121286
0.524482
0.279055
-0.681103
-1.563913
19.282101
14.500196
16.765501
0.000000
38.511932
93.596527
47.766434
59.997231
42.844009
0.743009
-0.700268
-70.141502
-1.533480
-13.977430
-17.705194
-3.152115
-0.136393
-0.167109
0.050867
-1.544807
-1.842464
-1.177447
1.547783
0.000000
35.360123
93.093025
32.542187
39.635181
47.730183
19.870043
-0.410016
-53.610729
-1.198264
-8.311262
-12.385015
-3.871847
0.492506
0.536984
-0.404917
-1.600832
-1.688398
-0.406222
1.497779
0.000000
19.336195
34.250500
14.024115
42.266800
45.939342
34.820068
-0.230807
-38.499157
-1.776303
-4.330479
-15.866089
-0.188803
0.465541
0.315088
-0.765123
-1.494606
-1.516106
14.492607
16.651480
0.000000
42.616467
95.124336
37.717823
61.503452
51.507717
5.073287
-0.733375
-62.579319
-0.718250
-13.601900
-22.374958
-5.355305
-0.149363
-0.074395
0.305888
-1.730354
-2.109011
-0.941964
1.730388
0.000000
42.446419
87.445816
36.375397
36.614281
46.956688
40.686001
-0.307261
-45.292385
-1.596205
-7.786776
-15.436951
-0.344965
0.932775
0.420924
-0.656416
-1.457262
-1.572090
35.288681
16.670073
0.000000
29.029005
90.946243
39.178928
63.445591
52.562599
1.966904
27.302710
26.036110
25.062746
24.531939
23.661129
23.060923
22.513680
21.960924
21.482899
21.109072
20.669725
20.184521
19.850603
19.317982
18.869097
18.316650
17.556892
16.721848
15.649209
14.349825
14.174580
12.937719
10.732597
7.825344
4.708668
2.794664
1.404202
0.825584
0.495104
-0.697314
-1.965747
-1.860364
-1.711398
-1.493955
-1.204506
-0.836816
1.110286
1.947413
1.892142
1.722963
1.462701
28.576683
28.252434
28.370888
28.303888
21.852413
16.968475
22.693687
41.592842
38.305080
60.336704
53.864967
46.633335
21.618196
0.604188
0.349741
0.179455
-6.672740
-4.871655
0.152090
0.859861
2.146906
1.380280
-0.178835
-1.240949
-1.463392
-1.099588
0.977774
-1.488237
0.000000
17.395721
72.280106
34.106148
29.758305
9.254614
-0.017893
-0.097919
-9.217161
-4.888914
0.048651
1.157187
2.160313
0.779835
-0.543320
-1.028235
-0.868829
-0.404940
-0.754059
-1.510513
0.000000
47.454727
95.529198
43.409294
45.106068
35.485237
7.562153
0.557347
2.281514
-0.309713
0.555922
0.596418
2.544857
0.836888
-0.657984
-1.102578
-1.003549
-0.654363
-1.106833
16.477150
0.000000
67.505966
110.853012
53.014084
52.998737
36.541298
1.006938
0.884285
-2.619434
0.522169
0.840905
1.217192
2.225863
0.233373
-0.887631
-0.964560
-0.659575
-0.239783
-0.434962
-1.083844
0.000000
51.318871
106.444778
50.947922
51.458286
39.306915
9.073933
1.064135
-20.635262
-2.453244
1.368311
0.318338
2.482144
1.297182
-0.873215
-1.364766
-1.203129
-0.662566
-1.327437
13.697648
0.000000
28.889872
67.106583
35.208977
24.561014
16.141434
4.563610
0.782863
-18.025826
-10.913662
0.344566
0.877956
2.386315
1.327895
-0.863493
-1.428078
-1.408970
-1.003079
-1.300074
12.847849
0.000000
45.293854
82.620567
46.553032
35.020660
20.983639
4.645404
0.725688
-15.158113
-1.523332
0.146324
1.054474
2.612036
0.852174
-0.765114
-1.201712
-1.078943
-0.693622
-0.955626
15.165590
0.000000
62.684479
108.529602
59.509705
59.399635
48.886120
11.921360
0.919085
-18.798233
-1.514645
-0.156744
1.067055
2.503444
0.792130
-0.831231
-1.168645
-1.031637
-0.686369
-0.852548
13.294974
0.000000
56.803276
102.033646
55.817307
51.975056
40.452618
10.892563
0.915327
-17.911095
-1.948188
1.241615
0.602777
2.707690
1.015192
-0.903193
-1.180614
-1.050114
-0.582087
-0.884056
15.912835
0.000000
50.879974
94.953087
55.333679
46.943584
32.744720
6.382226
0.900236
-18.482389
-1.668374
1.338902
0.956469
2.550048
0.885113
-0.908916
-1.203282
-1.033543
-0.547535
-0.837839
16.460054
0.000000
54.526039
100.253281
57.655663
52.807617
39.520481
6.861501
0.907035
-19.653915
-1.745211
1.285019
0.880806
2.598550
0.933976
-0.859879
-1.204757
-1.049801
-0.576603
-0.864249
16.223917
0.000000
52.639053
98.128357
55.971142
50.247650
36.645084
6.602716
0.899243
-19.755188
-1.731023
1.320524
0.914343
2.565193
0.911080
-0.874187
-1.190212
-1.027458
-0.545547
-0.809788
15.787510
0.000000
51.997292
97.382126
56.225327
50.225929
36.472233
6.427068
0.884326
-19.811375
-1.802217
1.319975
0.930481
2.621117
0.909899
-0.878296
-1.218725
-1.066965
-0.589433
-0.869134
15.675091
0.000000
52.813263
97.648773
56.001976
50.034332
36.069534
5.784714
0.874320
-20.004356
-1.748397
1.318136
0.939278
2.636262
0.869926
-0.842493
-1.176991
-1.023837
-0.572468
-0.880668
15.763726
0.000000
56.251587
101.303596
58.101902
53.572754
40.009212
5.913350
0.904167
-20.186064
-1.633259
1.313980
0.776140
2.582396
0.884313
-0.799719
-1.135601
-0.985759
-0.539499
-0.810534
15.317677
0.000000
52.423691
98.131302
57.153587
50.650558
37.415504
8.428784
0.914371
-19.289518
-1.783596
1.315853
0.851753
2.651247
0.919875
-0.864124
-1.213727
-1.073476
-0.609829
-0.882633
15.197703
0.000000
52.928577
97.413376
55.843582
49.908249
36.199951
6.465675
0.904009
-19.454102
-1.636657
1.351181
0.792526
2.597861
0.886911
-0.818435
-1.158129
-1.005271
-0.567171
-0.850091
14.793150
0.000000
55.145542
100.177155
58.170433
53.110321
40.056641
8.529960
0.926037
-19.324745
-1.733869
1.302546
0.817890
2.657843
0.950791
-0.843665
-1.230295
-1.094894
-0.656615
-0.890020
15.779865
0.000000
51.782860
96.682846
54.961346
48.937603
35.613125
7.488553
0.924340
-18.994165
-1.582822
1.367102
0.766623
2.544516
0.914311
-0.824650
-1.148514
-0.992167
-0.537466
-0.802640
17.539682
0.000000
51.435120
98.415672
57.537331
51.988270
39.315445
10.175653
0.945584
-19.027889
-1.787494
1.319510
0.754063
2.642526
0.954520
-0.872351
-1.237914
-1.097851
-0.618590
-0.870693
14.578485
0.000000
49.301468
93.488930
53.867199
46.406750
32.965309
8.087205
0.906761
-19.106112
-1.673468
1.376923
0.910862
2.675368
0.847547
-0.856342
-1.213056
-1.054324
-0.582872
-0.920250
15.421855
0.000000
55.830853
101.270065
58.919754
54.233849
40.761391
7.068080
0.946018
-20.501270
-1.526373
1.343103
0.707590
2.553444
0.875208
-0.771561
-1.132220
-0.984363
-0.563716
-0.839630
17.835533
0.000000
52.656006
98.983025
57.487240
51.447216
39.140949
11.689323
0.979251
-18.668070
-1.724838
1.335655
0.666264
2.654090
0.948076
-0.842912
-1.196054
-1.054207
-0.599502
-0.889738
14.226444
0.000000
50.697460
94.773582
54.915329
47.950901
34.132553
9.561491
0.953450
-19.259657
-1.698003
1.400871
0.339567
2.705077
0.892111
-0.831663
-1.144990
-1.015002
-0.584814
-0.989537
15.271062
0.000000
58.884274
103.783905
59.417076
58.484470
44.763565
5.566890
0.975685
-20.969007
-1.323035
1.247686
0.889050
2.499537
0.841352
-0.779490
-1.065165
-0.884351
-0.471397
-0.781584
19.369930
0.000000
56.741478
105.953285
58.281700
57.691238
47.529945
15.024881
1.069492
-18.834604
-1.711773
1.210243
0.252495
2.595383
0.951301
-0.848805
-1.201704
-1.063341
-0.654682
-0.880243
14.641747
0.000000
49.393620
94.556458
52.887859
45.406925
34.175346
12.886258
1.033309
-16.971745
-1.567825
1.377472
0.517189
2.570431
0.956366
-0.877077
-1.163524
-0.999968
-0.530052
-0.821702
17.189419
0.000000
48.585777
95.473602
55.608475
49.509682
37.216396
12.585287
1.033292
-18.909023
-1.774812
1.413519
-0.330956
2.750118
0.912280
-0.771092
-1.201860
-1.059309
-0.694265
-1.253358
14.667755
0.000000
66.024948
108.985245
61.770790
64.005676
49.797791
3.847623
1.016850
-23.511189
-0.878237
0.672775
1.201296
2.314281
0.513618
-0.846210
-1.057875
-0.868213
-0.461896
-0.632191
-0.915579
0.000000
47.614857
101.570877
56.703972
53.281845
41.729633
12.298738
1.054175
-18.595663
-2.310645
1.206268
0.080421
2.521597
1.322411
-0.988834
-1.330700
-1.147196
-0.649119
-1.051986
14.096661
0.000000
31.236176
76.283943
44.200336
33.537537
22.996922
10.316298
0.897854
-17.608210
-2.241030
1.201683
0.707783
2.439356
1.049160
-0.808020
-1.368652
-1.277225
-0.853967
-1.019915
12.929184
0.000000
39.539848
83.952209
47.321426
37.938133
26.772488
12.224565
0.857468
-18.001305
-1.629682
1.184811
0.703320
2.803506
0.861596
-0.687714
-1.369063
-1.253121
-0.892880
-0.987102
13.401697
0.000000
47.363182
94.351715
54.992027
47.684792
35.980442
13.319103
0.907087
-18.296299
-1.424153
1.241184
0.839586
2.559239
0.996070
-0.746017
-1.168622
-1.033446
-0.639781
-0.784366
14.131160
0.000000
49.105179
98.653053
58.849911
56.637672
45.185284
13.493817
0.985280
-19.083054
-1.503469
1.174382
0.829802
2.476428
1.005234
-0.779942
-1.153139
-0.995510
-0.590556
-0.696746
13.879177
0.000000
46.106102
96.773140
56.099854
52.699509
42.377678
15.606718
1.017725
-19.219753
-1.725228
1.187534
0.603895
2.522130
1.005302
-0.780540
-1.154060
-1.004484
-0.584618
-0.770592
13.784912
0.000000
46.553776
95.704750
55.756607
51.596325
40.349701
13.258253
1.010437
-19.421162
-1.682756
1.229834
0.723291
2.485699
1.020231
-0.802746
-1.088529
-0.901966
-0.418106
-0.680637
17.688597
0.000000
44.506927
96.173462
58.186646
54.828545
42.660496
12.961706
0.991635
-20.149307
-1.849805
1.162017
0.586740
2.630647
1.045734
-0.789927
-1.227934
-1.107063
-0.694759
-0.869668
13.900726
0.000000
46.249058
95.192673
54.453629
50.116241
37.928318
8.909310
0.972388
-20.738478
-1.325974
1.236360
0.746950
2.406855
0.909078
-0.733665
-1.073036
-0.880295
-0.481732
-0.743656
15.430803
0.000000
53.488667
105.437424
58.252907
59.109112
52.640671
19.515556
1.073600
-20.674650
-1.524083
1.147315
0.714918
2.479537
0.959318
-0.805141
-1.066780
-0.869895
-0.448018
-0.685699
15.034501
0.000000
45.917847
97.270569
56.585167
53.565720
43.436417
15.707732
1.076031
-19.689232
-1.776701
1.160896
0.514684
2.533284
1.039677
-0.801438
-1.176998
-1.029526
-0.612539
-0.796586
13.707273
0.000000
44.075081
93.917854
53.637936
48.832153
38.002438
14.295316
1.040351
-19.927593
-1.591186
1.251055
0.638010
2.507872
0.979184
-0.804144
-1.107047
-0.937848
-0.514169
-0.768347
15.856459
0.000000
48.267853
99.203644
58.479614
57.824116
45.398113
12.094265
1.053194
-20.502586
-1.424341
1.180874
0.783442
2.444050
0.947341
-0.771782
-1.080685
-0.875864
-0.475061
-0.729902
14.933004
0.000000
50.016876
102.678879
56.910545
57.899681
49.472992
18.709345
1.101770
-20.796436
-1.677535
1.131203
0.446243
2.497860
1.019522
-0.744742
-1.118444
-0.946351
-0.515502
-0.733650
14.704807
0.000000
38.095531
89.342773
52.244858
45.090919
34.356544
15.855251
1.076336
-17.799805
-1.904751
1.247702
0.421858
2.746591
0.962657
-0.816958
-1.353902
-1.231470
-0.838149
-0.975773
12.770803
0.000000
41.390331
90.567329
51.510223
43.155346
31.538923
13.256775
0.997243
-18.295877
-1.405990
1.275307
0.139181
2.664744
1.010262
-0.698687
-1.125555
-0.951516
-0.613134
-1.032604
14.277852
0.000000
55.809052
106.133476
61.400246
64.582253
56.100334
14.394862
1.078339
-22.455406
-1.000150
0.511082
1.158745
2.297305
0.623366
-0.833821
-1.156348
-0.974224
-0.615005
-0.641292
16.908798
0.000000
40.154072
97.983261
53.308331
50.559280
41.772018
16.741903
1.007838
-19.905746
-2.268716
1.111600
0.336470
2.604075
1.300742
-0.653576
-1.387134
-1.313700
-0.911357
-1.014745
14.120859
0.000000
26.124905
76.272118
42.261395
31.579805
23.647221
14.003128
1.736116
0.867219
-1.350778
1.266663
0.545404
2.610520
1.018803
-0.709929
-1.350788
-1.241827
-0.910676
-1.272936
12.685574
11.775869
0.000000
99.752205
110.593666
57.466141
48.482903
19.126633
0.928852
0.839813
-1.481061
1.242128
0.855125
2.565683
1.102911
-0.589909
-1.149826
-1.077299
-0.754389
-1.026767
14.680788
12.307193
0.000000
92.832825
103.688385
52.681011
43.468941
20.980495
0.997439
0.960136
-1.702022
1.164228
0.576738
2.648901
1.171978
-0.686298
-1.222208
-1.149079
-0.794691
-1.112430
13.412896
11.315603
0.000000
92.290192
103.287598
52.823540
42.519287
17.845955
0.985368
0.887117
-1.461563
1.292078
0.762396
2.452227
1.061011
-0.647795
-1.129727
-1.031482
-0.643312
-0.956306
14.556654
12.188519
0.000000
94.282333
106.869263
55.289185
46.761822
21.038002
1.007756
1.011456
-1.739745
1.127613
0.467112
2.692460
1.224973
-0.678392
-1.283847
-1.234275
-0.866045
-1.115711
12.976444
10.755526
0.000000
86.750656
93.969299
44.627861
32.877998
15.467346
0.939601
0.899931
-1.603593
1.286201
0.626171
2.658579
1.086077
-0.663997
-1.218547
-1.146480
-0.814239
-1.196133
15.235969
12.000031
0.000000
98.363541
111.209969
59.718090
48.921085
16.071228
0.989923
0.869692
-1.154489
1.307732
0.825195
2.283387
1.024641
-0.585434
-1.163500
-1.072865
-0.780178
-1.029661
13.535542
11.822818
0.000000
98.870979
109.389885
54.320717
48.596504
24.874584
1.023330
1.090925
-1.779847
1.031241
-0.378641
2.551465
1.515160
-0.503582
-1.186101
-1.202006
-0.902559
-1.225327
12.321990
10.822104
0.000000
89.836823
96.350159
47.508801
35.354668
15.885817
0.992017
0.888123
-1.239527
1.326239
0.677858
2.352861
1.087540
-0.536399
-1.100433
-0.959167
-0.608408
-0.931620
19.687147
13.380298
0.000000
97.460617
110.816101
59.137856
52.767914
26.701359
1.108483
1.051376
-1.673774
1.107871
-0.072713
2.420831
1.429568
-0.541841
-1.133973
-1.071094
-0.717224
-1.074690
13.463684
11.794206
0.000000
88.427185
96.331909
47.591316
37.932007
20.398352
1.072444
1.051359
-1.586744
1.274053
0.273306
2.631589
1.195911
-0.640783
-1.270967
-1.203459
-0.858961
-1.206970
14.077455
11.441120
0.000000
90.669777
98.637177
49.559448
39.097610
18.898542
1.021755
0.936116
-1.350633
1.290612
0.585266
2.474816
1.130074
-0.579828
-1.103895
-0.945333
-0.580289
-0.986465
20.270765
13.493542
0.000000
98.126404
111.348503
61.182701
54.613503
25.712065
1.116164
1.016706
-1.492128
1.163726
0.372169
2.361438
1.297034
-0.534476
-1.149901
-1.042670
-0.686360
-0.951701
16.496765
12.646549
0.000000
90.256096
98.543320
48.372566
40.471584
23.256620
1.148740
1.150377
-1.521586
1.247276
-0.281078
2.517792
1.300251
-0.624761
-1.313664
-1.262265
-0.904052
-1.209236
12.747067
11.069798
0.000000
83.697289
88.446632
41.654991
30.450008
16.941044
1.012641
0.934619
-1.216847
1.344182
0.358391
2.565147
1.120313
-0.554179
-1.169297
-1.050210
-0.726227
-1.194082
16.326550
13.054961
0.000000
97.498581
110.291245
60.674236
51.554153
21.821972
1.085961
0.965419
-1.183096
1.307529
0.696320
2.256080
1.158725
-0.446830
-1.153147
-1.043633
-0.728965
-1.012640
19.259771
12.725220
0.000000
95.175232
104.767487
52.081657
46.050659
26.050175
1.111441
1.139983
-1.657833
1.076974
-0.083200
2.315474
1.584797
-0.474103
-1.221678
-1.212996
-0.862532
-1.118498
19.135059
11.905576
0.000000
78.249588
81.476929
38.089195
29.491310
19.011784
4.307753
0.984895
-1.341876
1.293039
0.181683
2.490391
1.268175
-0.538568
-1.305053
-1.250023
-0.917341
-1.252078
12.475803
11.888890
0.000000
88.873291
97.239075
47.990036
38.073555
20.212830
1.012577
0.924355
-1.273140
1.233961
0.519873
2.461558
1.228695
-0.445688
-1.095970
-0.934839
-0.581608
-0.900431
-0.859512
14.578640
0.000000
97.471436
110.314331
61.346275
55.294239
27.962393
1.164068
1.063052
-1.451030
1.156798
-0.157497
2.046845
1.436231
-0.409143
-1.021223
-0.906867
-0.521379
-0.716915
-0.880523
14.743566
0.000000
79.500084
86.646614
42.848904
33.494984
20.587244
3.421363
1.125530
-1.693247
1.285866
-0.366957
1.715597
1.580833
-0.519876
-1.132446
-1.156307
-0.795561
-1.165857
18.554283
12.012696
0.000000
77.615150
82.834351
40.069603
28.939701
17.249836
1.723274
1.001495
-1.030944
1.254498
-0.067066
1.937492
1.242277
-0.425807
-0.969071
-0.788242
-0.391476
-0.636446
-0.720334
15.571557
0.000000
94.196114
109.349800
58.223690
55.777367
30.521616
1.234006
1.135627
-1.480012
1.112008
-1.023267
1.805775
1.585775
-0.352135
-0.865110
-0.767299
-0.430262
-0.754746
-0.864985
14.424064
0.000000
85.379372
95.563828
49.250267
40.645432
22.993385
1.243998
1.166137
-1.393244
1.238986
-1.235678
2.014020
1.492268
-0.411026
-1.013977
-0.926217
-0.627167
-1.106638
-0.861641
13.404974
0.000000
93.745140
111.354179
63.047489
59.202736
33.195194
1.178682
1.065776
-2.560604
1.043693
0.106737
2.175353
1.524503
-0.362888
-1.049358
-1.139437
-0.904211
-1.087518
12.742550
10.693538
0.000000
92.309227
104.026375
55.033653
49.028336
31.075787
1.065693
1.042492
-2.651245
1.029531
0.439697
2.408172
1.413121
-0.375502
-1.174908
-1.157404
-0.854598
-1.047774
-0.955763
12.069412
0.000000
84.012253
96.320328
51.358490
43.030590
26.076771
1.033202
1.058232
-2.757535
0.642372
0.130424
2.542475
1.605371
-0.373290
-1.309999
-1.381037
-1.107445
-1.265086
13.011303
10.652838
0.000000
87.741310
100.418976
52.344093
44.652092
25.229361
0.906242
0.828383
-2.235618
1.042330
0.528368
2.370515
1.505312
-0.270036
-1.140975
-1.119203
-0.814737
-0.908617
-0.857805
14.163124
0.000000
89.413155
106.582428
59.752712
54.399532
31.825153
1.012143
0.977013
-2.807721
0.939200
0.482180
2.498295
1.575486
-0.310701
-1.196137
-1.224988
-0.921442
-1.077427
-0.931697
12.724579
0.000000
86.964622
100.553131
54.386009
47.673042
28.517742
1.004630
0.983248
-2.581486
0.990817
0.466194
2.423365
1.556322
-0.313883
-1.222732
-1.239193
-0.919863
-1.063174
-0.957961
12.732927
0.000000
85.240952
99.225525
52.619946
45.475327
27.566435
0.991525
1.006974
-2.672891
0.748520
0.245642
2.349769
1.749612
-0.262509
-1.253348
-1.333302
-1.028549
-1.225032
-1.062320
12.061071
0.000000
79.053642
90.543098
46.756695
37.214870
22.758986
0.945418
0.965040
-2.449382
0.671618
0.173134
2.291141
1.764355
-0.210402
-1.271776
-1.358795
-1.066286
-1.247555
-1.038690
12.352058
0.000000
81.652290
94.315292
49.124924
40.468449
24.580070
0.924996
0.919787
-2.390482
0.862003
0.334446
2.333843
1.658984
-0.305222
-1.318472
-1.247513
-0.908181
-1.012586
-0.980976
12.562768
0.000000
78.495262
95.622314
51.369968
44.044422
26.445108
1.046824
0.910566
-2.615036
0.681391
0.250601
2.282214
1.793463
-0.169039
-1.246203
-1.335966
-1.075699
-1.255153
14.196709
11.135124
0.000000
76.668991
91.323517
47.246819
39.186638
24.153774
2.019064
0.871634
-2.235792
0.734407
0.287443
2.317779
1.725106
-0.192479
-1.223279
-1.310754
-1.051369
-1.171991
13.874614
11.084494
0.000000
81.162224
97.358162
51.677879
44.857376
26.437229
0.895953
0.854144
-2.450701
0.837319
0.359793
2.408627
1.577026
-0.204342
-1.149351
-1.275589
-1.036059
-1.162281
13.917271
11.031269
0.000000
82.294868
97.723389
50.958054
43.958939
27.013777
0.934061
0.884200
-2.455624
0.824703
0.482262
2.455848
1.500613
-0.261095
-1.174665
-1.252334
-1.010202
-1.094530
14.436119
11.187649
0.000000
86.227890
102.083107
54.486633
48.595802
28.602924
0.924714
0.869085
-2.495266
0.927215
0.536938
2.554831
1.481118
-0.303453
-1.165604
-1.192871
-0.922754
-0.927270
14.534039
11.472514
0.000000
88.680283
107.153778
60.481979
55.196037
30.394102
0.945012
0.864736
-2.574423
0.866725
0.447838
2.501824
1.579748
-0.321243
-1.121170
-1.182290
-0.917068
-0.807649
15.248461
11.586755
0.000000
91.757370
110.671829
62.629238
57.812805
30.317730
0.942385
0.833930
-2.390494
0.898359
0.453108
2.455049
1.535338
-0.402371
-1.116298
-1.172439
-0.919993
-0.730319
15.200544
11.730712
0.000000
96.762642
113.305481
62.450966
61.060741
32.026070
0.904233
0.794226
-1.345731
0.992445
0.411146
2.584479
1.447321
-0.419830
-1.069242
-0.996979
-0.639270
-0.991465
-0.902761
14.855054
0.000000
99.744247
111.023445
60.402725
58.774075
26.103878
1.037454
0.923696
-1.196325
1.069699
0.197726
2.189172
1.402726
-0.378613
-1.008539
-0.908321
-0.510702
-0.598279
-0.891968
15.440732
0.000000
88.155167
100.629868
51.401207
45.346344
25.688379
1.132406
1.111902
-1.541528
1.036950
0.024729
2.349430
1.480481
-0.442770
-1.245669
-1.229810
-0.885164
-1.071577
13.668756
11.783575
0.000000
79.300163
85.106461
39.983536
31.638466
20.811449
4.619104
0.999693
-1.281672
1.169403
-0.504274
2.545453
1.341809
-0.417850
-1.189063
-1.113570
-0.832042
-1.482633
13.485614
12.192523
0.000000
103.514961
115.861717
68.080620
63.948204
23.554010
1.040377
0.936390
-0.744317
1.001686
1.196211
2.164088
0.784928
-0.684775
-1.195498
-1.028698
-0.691062
-0.825567
-0.699829
14.183443
0.000000
96.365112
109.451401
55.648846
49.622169
24.504457
0.972247
1.059129
-1.772957
0.928893
0.235706
2.458913
1.596987
-0.385575
-1.269875
-1.325001
-0.957032
-1.075497
18.849598
11.929518
0.000000
71.226616
72.498093
31.851192
26.409054
18.588417
7.518250
0.869884
-1.497208
1.082642
0.197168
2.231208
1.564442
-0.455137
-1.363894
-1.407055
-1.046886
-1.203362
17.721310
12.506908
0.000000
77.172958
82.102356
38.685440
28.804199
16.959475
1.978759
0.792226
-1.172925
1.107988
0.387640
2.691891
1.281794
-0.434771
-1.252646
-1.194883
-0.890821
-1.196639
14.249805
13.131557
0.000000
95.456421
109.250290
61.352631
52.636272
21.731644
0.944827
0.830444
-1.314830
1.178614
0.768658
2.482147
1.195833
-0.475455
-1.216831
-1.144389
-0.837338
-1.021260
14.339182
12.659428
0.000000
95.889565
108.496773
56.328178
50.136353
25.475302
1.013864
0.966118
-1.544728
1.105636
0.361403
2.521042
1.290762
-0.480933
-1.174848
-1.152588
-0.794111
-0.972172
17.360676
12.834016
0.000000
82.426308
88.406883
42.094433
33.254547
20.387676
3.656770
0.997998
-1.628705
1.181673
-0.236031
2.633836
1.301208
-0.570003
-1.383559
-1.384315
-1.121818
-1.525924
11.003839
11.139851
0.000000
96.389992
104.055077
55.665279
43.794258
13.799251
0.957196
0.842891
-0.808301
1.073014
0.996515
2.247947
0.930706
-0.527875
-1.161601
-1.080108
-0.788772
-0.949436
18.832958
13.256077
0.000000
100.273132
112.133636
58.006287
52.832291
27.544872
1.029164
1.024757
-1.692928
1.036138
0.000000
7.620861
27.521255
25.955841
25.099358
24.064528
23.297367
22.560589
22.048006
21.705641
21.317116
21.018724
20.740927
37.495331
25.547550
51.843872
51.249393
47.932217
44.495979
40.954243
37.456074
27.019274
13.291162
2.607912
1.641576
-47.396801
4.990940
-3.421267
-29.130997
-19.179045
-4.299036
0.194002
0.760250
-0.103245
0.542834
4.449598
25.221786
103.955002
91.537163
0.000000
39.654701
48.867126
67.710556
33.502815
30.549549
24.207594
17.412941
21.194366
-16.257740
-16.027544
-40.846916
-29.476860
-15.179110
-1.378698
1.331360
2.071759
0.256573
0.289999
0.963161
103.057098
0.000000
51.330753
73.517311
46.789982
40.621880
23.312166
-0.701552
-1.086449
-20.679838
9.733248
-16.296371
-34.484570
-16.721035
-1.316536
0.172955
1.756731
-0.277603
-0.491247
-0.323305
28.289845
0.000000
109.885895
97.055099
30.312130
29.019222
19.066458
4.576831
-1.053460
-6.661883
-14.044405
-23.156775
-14.201857
-1.784195
-0.721117
-0.073740
0.589955
-1.207958
-0.988670
-0.974323
0.975479
0.000000
43.460419
80.102539
16.039448
20.559078
25.019501
17.317751
-0.766961
-16.432419
-1.069555
-20.958115
-10.958723
-0.572054
-0.018675
0.153931
0.067124
-0.112295
-1.583481
-0.650073
20.645405
0.000000
66.432709
111.543289
30.744904
27.832767
3.408950
-0.284566
-0.714403
-13.190761
-0.195898
-18.548958
-8.120337
-0.153784
-0.032369
0.379134
-0.916122
-0.317966
-1.186188
-0.572163
1.774034
0.000000
2.696538
1.791427
18.666416
34.765404
39.492809
20.585299
-0.815630
-16.066515
-0.857521
-23.226141
-11.390285
-0.631948
-0.199398
-0.062035
-0.176172
-2.023991
-1.535657
-0.635127
0.873330
0.000000
49.663357
85.315117
47.421265
53.731186
55.151039
28.864841
-0.538563
-8.423457
-8.370913
-9.826010
-4.454411
-0.702265
-0.396701
-0.081777
-0.210611
-1.895247
-1.577780
0.108485
30.101604
0.000000
92.185791
109.206146
53.932709
56.877121
35.257580
-0.187690
-0.640356
-9.283623
-0.618321
-21.449251
-9.003193
-0.175705
0.146922
0.122400
-0.689106
-2.224604
-0.928711
-0.472733
1.498099
0.000000
18.640097
17.885324
39.667511
51.688828
50.533745
23.569159
-0.902050
-16.539129
-3.446287
-28.506626
-14.832146
-1.033556
-0.449633
-0.719915
-0.133987
-1.517302
-0.786126
-0.418284
1.545060
0.000000
69.228386
100.626320
51.413483
56.234962
51.885979
14.494071
-0.721212
-12.059517
-6.397769
-28.555458
-14.687990
-1.086056
-0.168722
-0.071115
0.028688
1.236206
-1.032257
-0.107216
1.390630
0.000000
53.925968
61.403500
52.698368
53.229168
51.086933
18.259296
-0.789067
-13.287896
-38.042137
-29.204041
-15.890705
-1.264360
-0.190500
-0.138852
-0.108034
0.696871
-1.018965
-0.011316
1.016820
0.000000
45.362301
64.332764
51.695248
53.769958
51.089691
2.357994
-0.772679
-11.803529
-38.385960
-18.159227
-13.461254
-1.015890
-0.202316
-0.073321
0.120228
-1.822798
-1.155421
0.137852
0.950382
0.000000
65.964493
80.281578
43.228500
44.615761
47.583328
24.035912
-0.744552
-11.631529
-38.184700
-25.398149
-14.718412
-0.903543
-0.025907
-0.113353
-0.295476
-0.090158
-1.074589
0.016281
1.054281
0.000000
50.169991
63.171970
45.526955
48.250111
39.831116
-0.309865
-0.763935
-12.012058
-3.138334
-21.873058
-15.811636
-1.294966
-0.406416
0.138451
0.282669
-0.341381
-0.791674
-0.246129
1.386384
0.000000
48.215355
55.965042
42.457947
46.192329
47.325832
17.536716
-0.726414
-12.462823
-2.886906
-26.241438
-13.115236
-0.768742
-0.053700
-0.042596
-0.175320
-2.677420
-1.176149
-0.063215
1.309170
0.000000
33.220043
31.293480
37.739750
51.327621
51.884842
22.904148
-0.838206
-15.259354
3.648407
-28.269598
-15.058453
-0.951412
-0.296111
-0.395602
-0.060985
-1.803335
-1.136061
0.027845
1.094244
0.000000
73.216125
98.482216
48.293922
53.392189
49.238777
6.525072
-0.761359
-12.191217
-9.353990
-20.810926
-13.791723
-0.622473
0.036999
0.152834
-0.632507
-2.547941
-0.969143
-0.166849
1.414186
0.000000
24.288040
19.942730
38.954311
56.794357
57.386093
26.546572
-0.733714
-13.743792
1.856400
-27.781076
-14.131248
-0.909960
-0.222976
-0.228367
-0.094406
-1.827948
-1.073543
-0.004509
1.226007
0.000000
75.135971
98.799759
46.028511
49.263283
47.694580
8.011831
-0.804781
-13.855763
-39.834293
-27.061073
-17.620472
-1.144461
-0.049156
0.175557
-0.148624
1.468861
-0.746912
-0.167500
1.497288
0.000000
40.843040
39.540535
35.755863
48.022022
49.316498
17.681789
-0.769377
-15.062840
3.289434
-28.352425
-15.490166
-1.121834
-0.106627
0.040139
-0.225922
-0.310184
-1.336950
-0.104027
1.405813
0.000000
46.362434
55.049171
43.405613
47.339642
47.382164
8.471079
-0.738726
-12.548756
-14.269519
-24.369925
-13.875902
-0.947903
-0.108992
0.055531
-0.424380
1.471537
-1.044304
-0.076618
1.371713
0.000000
41.888618
44.597610
38.928646
49.844749
50.058960
14.149599
-0.734325
-13.046494
-14.754164
-25.422997
-15.075165
-1.092999
-0.072611
0.043569
-0.416049
-0.431322
-1.201921
0.153924
1.288495
0.000000
51.063507
56.516163
43.365509
47.702637
44.997406
5.579525
-0.768221
-12.849299
-14.232189
-21.073812
-15.980711
-1.172615
-0.110765
0.121087
-0.377772
-1.985111
-1.301932
0.361343
1.121186
0.000000
64.401390
73.604630
43.252399
41.222176
38.065495
11.736109
-0.764129
-12.304536
-1.944561
-20.630455
-17.439692
-0.916019
-0.103823
-0.006188
-0.319328
-2.100267
-0.822762
0.054908
1.181082
0.000000
55.690037
59.505848
35.645901
43.570236
37.153408
-0.172094
-0.767493
-12.808528
-4.437859
-16.286366
-16.443157
-1.141260
-0.262157
0.274869
0.108301
-1.946581
-1.690195
-0.438064
1.561072
0.000000
51.223179
55.151176
32.747543
38.935383
43.128178
16.709869
-0.651956
-10.956331
-3.023937
-25.177574
-12.227257
-0.624010
0.212136
-0.101844
-0.514542
0.840054
-1.118282
0.004226
1.208481
0.000000
39.928219
44.900948
39.518970
50.673676
52.018814
10.993602
-0.728051
-12.655471
-8.756582
-19.380194
-14.979826
-0.910431
-0.046037
0.065068
-0.387899
-1.957706
-1.613285
0.315615
1.407945
0.000000
48.425747
45.790714
36.495350
48.422325
50.951595
22.126423
-0.674960
-11.195049
-12.932646
-24.037739
-13.618544
-0.701443
0.142893
0.089469
-0.922548
1.220905
-0.746614
0.269354
1.335280
0.000000
64.624771
69.911873
49.955208
51.081436
38.960609
-0.332826
-0.832933
-13.192379
-12.092928
-9.411360
-17.933434
-1.182510
-0.054461
-0.027681
-0.430278
0.339777
-1.009092
-0.180665
1.350539
0.000000
45.589561
60.450455
48.268845
51.970146
53.795387
23.291046
-0.685774
-11.459351
-9.903282
-18.364313
-14.633801
-0.775330
0.118099
-0.050358
-0.474613
0.508862
-0.871607
-0.079955
1.187454
0.000000
42.476917
61.157585
47.412846
48.954002
49.471050
9.437859
-0.751517
-12.704700
-7.990008
-12.318781
-15.113768
-0.913109
-0.012222
0.050887
-0.357468
-1.892914
-1.268330
-0.200243
1.330547
0.000000
32.596977
51.639290
41.673950
47.648460
48.238808
13.755288
-0.674676
-11.552906
-8.958599
-15.063999
-13.527176
-0.639227
-0.202703
-0.106835
-0.552107
0.829279
-0.884783
-0.332689
1.241045
0.000000
24.749891
43.944725
41.724209
52.054161
53.007103
15.304420
-0.698116
-11.641936
-8.423297
-16.130991
-14.942770
-1.243679
-0.321068
-0.296911
0.200230
-1.809242
-1.325130
-0.175971
1.273942
0.000000
48.734070
74.652885
41.424965
43.373314
40.269245
6.840862
-0.748970
-11.785309
-7.810081
-13.647310
-14.488588
-0.781195
-0.321205
-0.046024
-0.521505
-2.225599
-0.884369
-0.245996
1.226305
0.000000
11.688097
24.274862
33.583244
58.648010
62.493961
46.023743
-0.638979
4.338657
6.860958
-23.081064
-19.922359
-2.176395
-0.037304
-0.093369
0.037808
-1.864471
-1.192953
-0.187860
1.375628
0.000000
62.174160
80.674210
48.742981
50.831257
54.635635
27.281693
-0.678940
5.051135
12.298065
-22.024672
-20.131655
-2.044462
0.022266
0.066367
-0.339706
-0.816957
-0.942478
-0.153432
1.332267
0.000000
30.783745
47.925777
44.423203
54.130829
55.306862
15.354346
-0.744560
8.399752
10.696672
-21.467474
-21.833023
-4.155909
-0.272064
0.162485
0.204393
-1.825153
-1.211769
-0.158379
1.441826
0.000000
46.316093
64.098427
44.833252
44.809006
50.330753
34.122772
-0.735008
8.685313
5.532793
-29.979198
-21.914085
-4.003248
-0.071917
-0.045043
0.070519
-1.312988
-1.183250
-0.373410
1.359374
0.000000
26.537857
47.025509
43.371956
52.535992
53.175396
12.018305
-0.712319
6.635694
10.369396
-20.330633
-20.392679
-2.600895
-0.241423
-0.065938
0.181792
1.732771
-1.112173
-0.499906
1.454193
0.000000
27.028940
40.716461
39.473042
50.152542
52.452339
27.293861
-0.730149
7.429960
-21.631611
-29.594343
-20.970276
-3.422846
-0.328005
-0.138508
0.185167
-1.690773
-1.221307
-0.442643
1.275117
0.000000
43.503460
80.510696
45.260330
47.119862
48.856892
23.947552
-0.683420
4.861760
3.321775
-14.500483
-18.880674
-1.066977
0.081114
0.123096
-0.325158
-2.033365
-1.163740
-0.407864
1.369587
0.000000
26.666546
45.996666
38.511040
48.139874
52.615097
24.976852
-0.650295
4.602374
8.629848
-16.816050
-19.223766
-1.859150
-0.224403
0.078437
-0.289560
0.896824
-1.107149
-0.540002
1.532980
0.000000
22.423723
37.696968
38.169304
51.974396
56.006924
25.037300
-0.669006
5.088200
-3.487041
-23.688286
-20.374884
-2.757631
-0.305946
-0.099461
0.277909
0.197737
-1.191151
-0.364316
1.443841
0.000000
34.182930
51.773506
44.207047
53.136581
54.835732
30.091587
-0.706048
5.401950
-0.606375
-27.350876
-21.043089
-3.562649
-0.325727
-0.138694
0.191734
-1.356487
-1.106100
-0.359188
1.337682
0.000000
37.870865
65.952362
49.070076
49.304222
50.693810
21.407314
-0.735715
6.967374
11.718662
-16.204067
-20.863657
-3.075680
-0.165573
-0.054042
0.212722
-1.907269
-1.403933
-0.221654
1.479938
0.000000
43.667576
60.578472
38.389153
41.577282
46.041355
23.436230
-0.697319
6.558996
-17.158619
-22.018713
-21.881077
-4.220177
0.120602
-0.076622
0.071464
-0.025694
-1.264252
-0.484909
1.360632
0.000000
25.826136
46.562263
38.272999
51.248665
52.034531
7.591562
-0.674832
4.540242
-1.685398
-16.045715
-18.828863
-1.441540
-0.281796
-0.186905
0.355898
-1.818239
-1.390036
-0.413097
1.324449
0.000000
39.698170
62.077419
40.643059
43.716618
48.658840
30.908548
-0.640950
1.982285
12.744656
-14.594252
-16.881817
-0.945311
-0.090893
-0.253016
-0.347776
-1.229620
-1.105610
-0.314470
1.255303
0.000000
33.567863
57.162445
42.483074
50.184036
43.420055
5.116260
-0.712325
4.378274
-1.917439
-10.958057
-19.397997
-2.171686
-0.073992
-0.044125
0.068950
-1.034794
-1.198572
-0.467811
1.262168
0.000000
36.031319
60.465248
39.718903
45.196575
49.832214
25.887543
-0.644608
2.666336
5.702040
-7.850449
-17.263159
-1.143543
0.043259
-0.083942
-0.194511
-2.067451
-1.368820
-0.435936
1.416221
0.000000
33.667664
54.126625
34.969803
42.000481
47.949547
25.243008
-0.623381
2.537399
1.177244
-8.450703
-17.654707
-1.153587
0.027031
-0.176563
-0.252068
0.399279
-1.171362
-0.612867
1.401425
0.000000
27.655802
49.012611
37.104515
49.795563
48.386803
10.270206
-0.608012
1.167705
12.968689
-7.243444
-16.337116
-1.107878
-0.079971
0.099610
-0.199975
-1.582455
-1.347187
-0.243349
1.537293
0.000000
38.099907
50.238224
33.211056
45.325081
48.796051
26.956238
-0.706421
6.292164
4.047411
-16.432526
-20.995373
-3.774326
0.005943
-0.204381
-0.004845
-1.107271
-1.213650
-0.503937
1.341855
0.000000
44.897041
72.633911
45.273964
50.352749
40.056412
0.446051
-0.681194
2.736854
11.953899
-2.528656
-17.049025
-1.178705
-0.019707
-0.287405
-0.092551
2.221767
-1.405941
-0.466016
1.225074
0.000000
17.853268
23.718409
24.310795
45.763786
50.582405
38.833767
-0.759420
7.602844
4.941969
-28.891752
-18.371187
-1.750250
-0.192730
-0.301505
-0.000761
-1.788177
-1.342884
-0.457773
1.072150
0.000000
39.786350
79.243652
49.149467
49.592484
50.148457
24.122738
-0.700954
3.850707
11.956316
-11.576509
-17.214016
-1.114897
-0.049686
-0.085192
-0.046049
-1.987949
-1.380693
-0.443677
1.449582
0.000000
39.993675
62.100311
36.648125
41.331161
42.359619
19.341383
-0.682247
4.041128
-32.534706
-10.795446
-19.587181
-2.834267
0.014177
-0.236412
0.122470
-1.259348
-1.390356
-0.550814
1.339221
0.000000
40.892910
66.259071
34.848373
42.130173
34.053726
2.447438
-0.640635
2.606999
-41.165825
-5.295492
-17.304564
-1.265377
-0.268305
-0.159840
0.215027
-1.645096
-1.617199
-0.624560
1.496379
0.000000
35.255188
51.790127
26.957180
36.276939
40.688808
17.949585
-0.672416
4.350667
-32.523365
-18.443975
-18.450308
-2.084749
-0.124924
-0.241521
0.159206
-1.914364
-1.579504
-0.562772
1.361437
0.000000
39.221733
68.933762
35.022408
40.772701
31.584303
4.060718
-0.662918
3.031160
-39.677711
-6.098228
-18.508461
-1.641367
0.095961
-0.154298
0.129966
-1.986322
-1.502092
-0.493556
1.275990
0.000000
46.733101
78.066444
32.958660
36.204880
28.627724
2.449984
-0.676279
-56.335506
-0.823702
-9.539427
-20.896940
-4.672209
-0.148426
0.070832
0.246643
-0.601488
-1.387274
-0.936394
1.647860
0.000000
26.100309
35.603092
17.962055
39.749977
41.902702
18.238741
-0.691064
-55.862480
-33.040344
-22.460272
-22.912144
-6.640560
-0.418415
-0.192056
0.438798
-1.784548
-1.563715
-1.064231
1.303718
0.000000
47.589787
85.819435
35.358845
39.817520
42.519318
13.185489
-0.606982
-55.003452
-0.955275
-10.513437
-19.898928
-3.478243
0.067966
-0.014889
0.004495
1.286900
-1.508476
-1.147354
1.578933
0.000000
17.486048
21.707840
15.619274
45.249054
49.481956
29.905586
-0.559403
-52.353546
-65.099869
-17.584364
-18.311445
-2.454695
-0.211327
-0.146108
0.182811
-1.865091
-1.331205
-0.805377
1.284519
0.000000
52.742359
91.202789
36.328285
39.800156
43.225735
17.247499
-0.669624
-55.880013
-0.787748
-10.879520
-22.779835
-6.442652
-0.323559
0.165745
0.144578
-0.289705
-1.426325
-0.949709
1.710098
0.000000
24.338913
30.389156
15.730278
43.358795
45.537025
22.471672
-0.690228
-55.627254
-43.478043
-21.471479
-24.025118
-7.951809
-0.343338
-0.057721
0.390590
-1.797731
-1.511669
-0.997706
1.459957
0.000000
44.569237
77.590958
34.030098
37.111504
38.260609
12.329136
-0.655030
-55.551201
-0.755398
-11.200064
-23.144274
-6.784658
-0.165644
-0.047037
0.411172
-1.825483
-1.654964
-1.039591
1.732160
0.000000
34.051552
48.969814
20.981281
37.552013
35.844944
10.520521
-0.660266
-55.674046
-2.108736
-15.816021
-23.351206
-7.763309
-0.304153
-0.129220
0.462540
-1.621939
-1.592308
-1.041343
1.411674
0.000000
47.446945
81.083313
32.647388
40.472023
31.425049
0.672160
-0.629888
-56.356617
-0.908724
-4.908316
-19.609495
-3.504528
-0.037743
-0.233248
0.206242
0.237757
-1.556499
-1.074805
1.289364
0.000000
16.310291
26.685444
14.814032
41.986309
45.469666
25.365355
-0.534753
-52.854618
-12.877824
-13.534861
-17.406853
-2.231537
-0.211504
-0.145990
0.209417
-1.810904
-1.484461
-0.993830
1.226447
0.000000
48.730019
89.281998
32.649582
40.404381
34.881611
5.256676
-0.642644
-55.882515
-0.841036
-4.096640
-19.329762
-3.590202
-0.010872
-0.227121
0.153024
1.817202
-0.748894
-1.119595
1.340292
0.000000
10.830088
19.771580
10.301027
40.231468
45.880943
31.812298
-0.629243
-54.088303
-53.119938
-19.901705
-19.737068
-4.030201
-0.388245
-0.249552
0.385418
-1.600208
-1.598757
-0.977082
1.095814
0.000000
35.043446
75.183983
40.627029
39.878448
42.390301
23.524843
-0.625132
-55.423351
-20.409271
-5.478184
-17.779371
-1.987473
-0.000999
-0.378819
0.151706
0.090015
-1.600323
-0.951291
1.179393
0.000000
32.395527
58.803982
27.519196
40.271057
40.819809
16.389187
-0.568883
-54.445286
-38.239784
-3.441902
-17.037708
-1.669216
-0.138811
-0.580159
0.327294
-1.782959
-1.756609
-0.905499
1.113190
0.000000
35.460190
67.110435
24.562065
30.436081
34.871197
20.355350
-0.506409
-54.709766
-0.891592
-3.686811
-16.966999
-1.360243
0.043547
-0.365963
0.052161
-0.428911
-1.531757
-1.006990
1.492988
0.000000
27.491699
43.942383
20.965824
37.879189
42.108612
15.924459
-0.661628
-55.699680
-22.162512
-5.861101
-22.599823
-6.424170
-0.313690
-0.492021
0.591912
-1.779943
-1.794670
-0.816823
1.445200
0.000000
22.664074
27.031092
13.196640
41.173351
43.609970
39.553909
7.572262
-56.058029
2.203793
-5.133820
-17.987156
-2.321344
-0.261082
-0.297515
0.045090
-1.515694
-1.794655
-1.087625
1.229648
0.000000
74.635307
102.996445
44.531563
60.670391
54.992046
13.686149
-0.343577
-51.006035
-1.200367
0.400827
-10.071079
-0.237085
0.468117
0.214396
-0.829233
-2.190838
-1.384396
-0.708545
1.455417
0.000000
14.266327
13.361017
8.961149
54.700150
58.726997
50.859222
-0.392788
-53.131908
3.697563
-18.050570
-20.001225
-3.631550
-0.293592
-0.230218
0.025135
-1.740103
-0.306253
-0.426684
0.866961
0.000000
43.090717
87.148819
51.444511
53.064060
57.341797
36.615761
-0.600009
-54.800060
-44.106079
-2.492424
-18.657358
-1.896873
-0.076935
-0.265016
0.019164
-1.740633
-1.400604
-0.575816
1.098673
0.000000
16.861753
53.872704
33.232738
47.893265
50.280197
30.592316
-0.630723
-54.884258
-50.840240
-2.575802
-22.405054
-6.319881
-0.134840
-0.225752
0.288350
-1.855623
-1.467295
-0.818929
1.195396
0.000000
16.175085
51.505642
29.124058
42.215164
45.147552
26.771666
-0.540019
-53.556725
-58.672249
-3.309931
-22.464317
-5.852524
-0.094023
-0.312913
0.232505
-1.897514
-1.261465
-0.973722
1.154728
0.000000
20.253191
60.699043
33.612328
46.484215
40.792313
14.211504
-0.553676
-53.664665
-71.956360
-2.636141
-18.651619
-4.189745
-0.205685
-0.242712
0.350689
-1.367069
-1.458603
-0.946122
1.176981
0.000000
13.447074
46.191612
25.039368
38.529022
44.002060
22.532448
-0.610342
-54.413170
-63.179111
-2.513680
-19.857128
-3.916275
-0.236271
-0.267318
0.391677
-1.813013
-1.572289
-0.812149
1.169990
0.000000
11.817166
43.745708
23.572313
37.130188
40.678978
28.852644
-0.643207
-56.108540
-40.404427
-4.507725
-21.194960
-5.030878
-0.348991
-0.626490
0.237189
-0.038168
-1.366194
-0.901853
0.967938
0.000000
13.407487
53.151138
35.259571
52.569633
53.199425
21.594658
-0.551941
-52.573219
-0.946026
-68.723160
-18.954756
-2.579626
-0.663315
-0.258172
0.382859
-1.178358
-1.898115
-1.007985
0.866664
0.000000
35.481342
74.138367
42.197308
48.120880
52.117722
23.874565
-0.551391
-53.733479
-56.393333
-4.140051
-12.241947
-0.808392
-0.294181
-0.410250
-0.010285
-1.823507
-1.268087
-0.525781
1.212289
0.000000
11.199743
30.964548
26.262926
49.465733
53.326012
45.869423
1.255664
-56.807674
-0.990244
-19.374062
-23.556232
-6.758066
-0.450754
-0.489823
0.023666
-1.472321
-1.405376
-0.568464
1.013736
0.000000
52.580055
93.911903
48.596931
52.218071
57.022987
32.699059
-0.563353
-53.636505
-52.652092
-2.351511
-18.696009
-1.302244
-0.088682
-0.185052
0.178236
-1.892849
-1.429237
-0.557561
1.399569
0.000000
33.273403
52.127281
31.091452
48.608971
52.127113
38.445770
-0.644893
-55.407005
-62.585865
-14.498043
-22.844460
-5.910480
-0.077860
-0.239542
0.153267
-1.937927
-1.375610
-0.726264
1.468943
0.000000
45.595001
78.805664
43.025581
42.396523
47.715054
21.658485
-0.660233
-55.378895
-0.829002
-8.563139
-24.214157
-8.575228
-0.186974
-0.002185
0.382156
-0.855219
-1.376652
-1.039861
1.684354
0.000000
15.651890
27.073187
18.782310
47.097263
51.499001
31.528042
-0.603600
-52.858631
-40.173393
-11.950277
-23.610718
-6.793097
-0.311321
-0.126005
0.493779
-1.827913
-1.448753
-0.755845
1.399468
0.000000
37.769676
69.840271
38.010494
40.824791
46.340836
28.078074
-0.639313
-55.346252
-47.136856
-5.235195
-23.142204
-6.207163
-0.011330
-0.131887
0.170493
0.314589
-1.307940
-0.984313
1.526261
0.000000
19.038681
38.401161
29.473236
49.408745
53.966209
22.084263
-0.639916
3.998872
-39.838413
-11.771629
-21.958542
-5.090258
-0.242395
-0.039931
0.366294
-1.394264
-1.369690
-0.473532
1.405196
0.000000
31.499193
58.253567
32.921116
39.925091
43.771210
21.801022
-0.692200
4.151192
12.411375
-6.080744
-19.394627
-2.342587
0.016190
-0.161806
0.061844
-2.076921
-1.479567
-0.549265
1.358289
0.000000
38.302937
72.291092
38.652317
38.417961
39.827534
19.310232
-0.621009
2.467020
-35.955147
-4.193197
-18.708986
-1.500740
0.057804
-0.223860
-0.023741
-0.712948
-1.322060
-0.729103
1.474928
0.000000
31.194746
56.297241
32.074425
44.927788
41.416515
3.401060
-0.680804
5.033188
2.177744
-9.776527
-17.656000
-1.107603
-0.197912
-0.150691
0.154985
0.234385
-1.595823
-0.681755
1.432112
0.000000
14.456867
20.908882
24.151133
47.787521
52.453316
40.173553
-0.588320
-0.606825
-10.259725
-19.630001
-13.921543
-0.909927
-0.105518
-0.469068
-0.191951
-1.937769
-1.408895
-0.268365
0.845780
0.000000
3.070000
26.409557
26.501556
25.844288
25.115992
24.369787
45.075333
43.323956
57.349056
56.377014
53.831352
51.051521
48.400314
46.476292
44.713432
42.991875
40.666443
38.052750
34.814560
31.783319
15.331260
-6.565238
21.561672
-6.680386
-33.218090
-15.091202
-0.609814
0.920570
1.864007
1.754225
2.749510
2.337831
1.953075
0.000000
13.650530
65.012390
13.597315
25.742069
25.293867
16.459141
2.975846
3.731446
-17.585617
-0.822449
-32.284210
-24.633564
-10.926704
-0.640011
2.190058
0.713123
-0.931009
-1.011387
37.939560
0.000000
99.195496
108.195923
25.409365
31.686058
37.973648
35.522240
16.991230
-3.620564
-1.193220
-6.646534
-2.586958
0.251492
0.506157
-0.113515
-0.409043
-1.266050
-1.842810
-0.086578
0.344104
0.000000
39.806160
106.978363
19.592489
34.305099
25.155403
0.073928
-0.321068
6.411723
-0.611895
0.015779
-7.498640
0.429047
0.743651
0.015031
-0.318712
-1.359011
-1.738476
0.522436
0.103601
0.000000
19.657734
53.957954
14.917465
20.613518
16.893080
0.437797
-0.337353
4.760177
-1.500566
-8.051056
-10.038900
-0.308405
0.808886
0.250006
-0.291411
-1.317917
-1.758696
0.692114
0.344612
0.000000
23.247004
41.444069
16.321419
28.409008
28.097939
13.308289
-0.311038
3.301399
-0.559570
-6.592754
-11.683043
-0.167053
0.824744
0.271498
-0.820478
-1.475245
-1.471895
0.633003
0.592382
0.000000
36.479801
44.976509
17.595030
30.674606
34.002151
24.564289
-0.307522
-0.298587
-0.767806
-8.299093
-11.380390
0.397469
0.370863
0.232144
-0.781996
-1.405920
-1.142975
19.593449
17.864067
0.000000
36.339439
90.380241
38.898056
63.321960
24.387398
-0.032786
-0.401353
3.364298
-0.712790
-1.284863
-8.104733
-0.065821
0.067784
-0.123513
-0.680678
-1.629381
-1.959385
0.203340
1.349220
0.000000
39.842510
65.111755
29.264328
35.077026
42.358025
34.973591
-0.343024
-0.655254
-0.791368
-8.362537
-11.199287
0.477562
0.476053
0.237494
-0.859062
-1.495253
-1.438950
15.448811
15.605597
0.000000
43.357391
99.559853
38.788635
67.192215
48.449806
1.920562
-0.639858
-60.273819
-0.839163
-12.351723
-16.439484
-0.634708
0.041248
-0.247977
0.117860
-1.765781
-2.142982
-0.792382
24.265400
0.000000
46.568268
102.566864
33.106586
46.847904
53.837357
20.477486
-0.354172
-49.419819
-1.264796
-7.193430
-12.003506
-1.396528
0.885727
0.432729
-0.386591
-1.345402
-1.728037
-0.392639
1.369364
0.000000
21.620073
43.224422
28.532265
48.255219
60.777359
28.811089
-0.244525
-41.522480
-1.438116
-7.279713
-13.489618
-0.551775
0.321466
0.010294
-0.673525
-1.232775
-1.551781
40.926666
14.900051
0.000000
37.693951
88.165359
37.373184
53.016800
58.333450
23.188622
-0.532806
-53.560532
-0.974678
-8.132179
-17.726454
-2.297445
0.356937
0.000505
-0.416243
-1.374630
-1.437811
31.121687
15.571497
0.000000
32.923931
95.649506
35.859283
64.206833
55.089825
14.441446
-0.584381
-56.764141
-0.985750
-13.656588
-19.125639
-4.244562
-0.149704
-0.203690
-0.120504
-1.338827
-1.708658
-1.395859
16.427778
0.000000
31.143547
87.795174
36.831875
56.023186
55.907799
20.441090
-0.505019
-54.303772
-1.085232
-11.295975
-18.284853
-4.912653
-0.214321
-0.209311
-0.275140
-1.338511
-1.439030
5.908884
15.715034
0.000000
24.723619
82.136261
34.482574
56.480846
54.578560
19.081409
-0.575458
-57.077152
-1.049831
-12.346960
-18.935707
-7.452211
-0.467079
-0.442613
-0.093993
-1.371820
-1.704548
22.769148
16.315916
0.000000
23.756758
96.210358
35.731007
58.735126
47.685261
2.130179
-0.548703
-62.661396
0.514715
-13.667944
-18.370865
-7.904829
-0.553963
-0.052527
0.241666
-1.555321
-1.717342
-0.788432
1.848364
0.000000
38.947445
80.080429
38.988953
45.735291
54.400818
21.575264
-0.379654
-48.686806
-0.828501
-6.352924
-11.756514
-4.274527
0.809374
0.234189
-0.376806
-1.220047
-1.648928
-0.812981
25.663069
0.000000
24.688679
51.459282
32.450745
48.125076
61.162239
29.686064
-0.261058
-43.133453
-1.519804
-6.173616
-14.296421
-0.589523
0.211975
-0.098927
-0.751915
-1.233418
-1.414118
32.822872
14.352484
0.000000
35.293598
88.342896
35.573334
50.842743
57.888596
27.784714
-0.569483
-55.391575
-0.758076
-11.808348
-20.636499
-3.326181
0.331448
0.221210
-0.363382
-1.349098
-1.372158
41.970612
15.024090
0.000000
27.231617
82.240784
40.430058
58.924652
58.962059
22.139874
-0.559756
-55.645332
-1.040060
-11.337921
-17.813391
-5.630651
-0.228191
-0.486799
-0.259627
-1.377169
-1.622276
34.212326
16.897438
0.000000
27.551104
97.515236
42.080849
58.293922
39.234863
0.457905
0.154499
-66.453224
-0.967571
-11.247820
-17.390169
-6.419697
-0.484228
0.007356
0.232311
-1.583242
-1.573391
-0.693026
1.857068
0.000000
44.679943
87.395081
37.683647
45.399990
52.078621
22.093739
-0.400760
-50.096375
-1.004429
-6.841843
-11.904352
-4.287477
0.923094
0.292741
-0.321327
-1.168566
-1.583006
-0.710884
12.930094
0.000000
24.654879
48.940331
27.392921
44.847103
57.804901
24.644440
-0.273708
-44.678501
-1.698621
-9.247026
-15.741802
-0.885782
0.040493
0.111235
-0.456314
-1.125696
-1.705868
-0.767600
15.570189
0.000000
31.610138
58.411270
33.781384
44.269989
57.406090
29.875465
-0.276762
-44.816479
-0.820802
-11.454208
-15.328146
-0.633276
0.291447
0.251784
-0.565289
-1.154722
-1.525522
-0.549679
12.099298
0.000000
30.070892
49.974464
34.639359
52.534523
63.680286
40.217834
-0.203149
-38.795448
-8.254970
-7.835138
-14.215788
0.016861
1.115160
0.280079
-1.028357
-1.368237
-1.094454
15.163204
14.300106
0.000000
30.129786
93.731110
46.669044
60.736633
41.927097
1.546526
0.486372
-71.397766
-1.503244
-14.497173
-19.819839
-7.824770
-0.488544
0.008753
0.376194
-1.663063
-1.833736
-0.491432
1.846795
0.000000
55.982643
103.489227
37.038395
43.885113
52.126316
24.002296
-0.406680
-51.806644
-1.347531
-6.173386
-11.963394
-4.509760
1.148151
0.435098
-0.172350
-1.182436
-1.491278
-0.539629
1.304338
0.000000
22.013575
37.630821
17.252556
50.254208
62.115166
32.798119
-0.254803
-41.239281
-1.554929
-7.400475
-14.488516
-2.820160
0.518829
0.184287
-0.798717
-1.156183
-1.528460
19.020115
15.809980
0.000000
39.797752
88.854874
36.739758
49.445290
57.575462
19.626106
-0.494264
-52.056847
-0.307720
-7.982502
-15.387514
-3.145130
1.001362
0.495604
-0.566727
-1.432676
-1.601656
-0.487011
30.753994
0.000000
31.654028
62.734871
41.651230
50.369667
60.779121
44.271904
-0.261874
-38.441227
-1.751792
-8.357449
-14.352556
-1.379313
0.857471
0.246138
-0.518663
-1.319891
-1.511911
39.758080
14.541229
0.000000
31.657604
95.181313
34.968903
62.878983
52.727654
4.249455
-0.620201
-62.207527
-0.962591
-8.141245
-14.118273
-6.347677
-0.609354
-0.409308
0.108163
-1.724682
-1.928263
-1.062805
2.090046
0.000000
32.406773
94.961525
33.088421
42.948936
51.986683
18.413338
-0.406697
-53.365421
-0.940277
-3.796024
-7.414152
-5.974432
0.427155
-0.007867
-0.206742
-1.426041
-1.871748
-0.504210
1.630507
0.000000
22.476885
48.735661
26.632374
45.238708
52.194138
32.870083
-0.291915
-41.351402
-1.633824
-3.054667
-10.072107
-0.310343
0.505257
0.139362
-0.567383
-1.323969
-1.433968
24.521194
14.134445
0.000000
33.444721
94.264542
37.801746
50.467674
58.159164
35.667030
-0.544060
-58.296192
-0.830688
-9.612680
-13.922579
-5.379618
0.260300
-0.374383
-0.326764
-1.321276
-1.722841
22.177620
15.492008
0.000000
35.824505
103.225616
37.497166
59.227562
55.055031
18.228886
-0.528422
-57.751480
-0.983580
-6.761604
-11.147730
-6.141481
-0.078602
-0.419689
-0.196197
-1.367086
-1.968805
-1.444518
22.370770
0.000000
25.013720
83.364357
40.598869
54.869286
57.023972
6.274485
-0.329249
-47.849915
-1.451385
-2.940283
-9.241222
-0.411926
0.131912
-0.007290
-0.600500
-1.471720
-1.930161
-0.486820
1.598420
0.000000
30.680510
58.014313
32.196972
45.113476
52.420654
54.060867
11.177839
-40.739986
-2.279551
-1.641613
-12.553123
0.384441
0.679609
0.126964
-0.931767
-1.637461
40.356091
13.113897
14.981808
0.000000
33.241051
97.030121
48.199409
63.299957
39.611984
0.438541
-0.702081
-72.004166
-1.576067
-8.853109
-16.082180
-1.438969
-0.235792
-0.322354
-0.169497
-1.563345
-1.673170
-0.934380
1.210290
0.000000
35.900074
104.121803
30.848434
47.583858
48.161274
10.534868
-0.436303
-55.949558
-1.058558
-3.909758
-7.920038
-5.320107
0.428925
0.088142
-0.264915
-1.488947
-1.919519
-0.277939
1.614604
0.000000
22.289116
34.554306
13.449900
40.169430
42.572815
38.786858
2.390755
-41.512558
-1.626175
-5.981930
-15.524296
-0.181440
0.424023
0.168177
-0.781231
-1.609627
18.106297
14.158215
17.063694
0.000000
37.256866
96.564987
51.544197
59.214386
31.906387
-0.362240
-0.684017
-68.767349
-1.301447
-13.754375
-16.300657
-2.793526
-0.106823
-0.253109
0.076954
-1.635733
-1.722607
-0.750929
1.343086
0.000000
22.128510
72.274200
34.388573
37.390152
46.885227
26.082504
-0.358488
-47.663757
-1.646708
-7.328787
-11.817881
-3.288219
0.461641
0.464398
-0.296318
-1.440914
-1.774963
-0.550817
1.511551
0.000000
18.160202
42.875473
22.422253
43.016441
49.094219
36.514286
-0.172779
-37.679131
-1.655733
-1.340803
-11.267078
-0.195990
0.498338
0.212874
-0.689093
-1.313505
-1.452566
21.450329
14.156423
0.000000
33.634022
97.264069
39.095470
57.597122
59.427914
19.207691
-0.544084
-55.385513
-0.580622
-6.312178
-15.061359
-0.631140
0.388973
-0.154027
-0.098389
-1.448389
-1.982668
-1.463725
23.486694
0.000000
28.781754
83.509918
42.955849
52.407478
63.067505
25.106907
-0.200144
-44.377789
-1.336273
0.743090
-6.813587
-0.094501
0.466721
0.228394
-0.630579
-1.594402
-1.545454
-0.539242
1.414926
0.000000
26.373678
59.953934
34.698849
46.965023
55.850029
52.995697
9.943261
-38.716789
-1.732809
0.358149
-8.469534
0.447620
0.433382
0.027594
-0.716671
-1.353392
36.917809
13.299744
13.321360
0.000000
29.160118
94.606201
39.816605
63.156055
60.350769
13.330801
-0.656999
-61.335300
-0.381121
-8.914732
-17.850910
-0.755737
0.270872
-0.336020
0.083113
-1.476471
-2.107229
-1.871287
22.769543
0.000000
29.194942
96.724403
40.220718
61.889290
53.424431
1.188914
-0.216953
-46.073956
-1.882522
-2.073885
-8.709019
-0.157215
0.651774
0.274901
-0.580751
-1.442759
-1.821362
-0.499944
1.420158
0.000000
29.931337
63.057487
32.324631
46.620255
52.349213
49.806610
2.344662
-44.040726
-1.615669
-3.344208
-13.422684
0.007219
0.532657
0.313054
-0.447924
-1.393948
-1.610134
30.894199
14.914911
17.580158
0.000000
78.129669
105.813507
59.702023
63.435120
15.309996
-0.341561
-0.708700
-3.577557
-6.163733
-14.880854
-0.603046
0.541927
0.060702
-0.012185
-1.385757
-1.833883
-1.161398
6.676080
18.234510
0.000000
86.040474
103.421402
44.062775
57.774765
41.828552
-0.212580
-0.589177
-3.207448
0.400564
-9.058195
-0.352127
0.731111
0.308896
-0.450680
-1.237309
-1.560106
5.524504
14.483228
17.106050
0.000000
77.043976
105.071747
49.317085
59.109592
38.179737
-0.358600
-0.721353
-3.736910
-3.740503
-12.550905
-2.070869
0.603884
-0.022461
-0.501087
-1.256931
-1.482485
27.637257
13.923382
17.655430
0.000000
93.660744
101.407173
51.013023
58.266335
31.863363
-0.491880
-0.849032
-3.906391
-6.896603
-15.566689
-6.946575
0.376900
-0.142386
-0.071111
-1.195251
-1.724707
-1.420110
16.400719
16.964542
0.000000
76.872192
103.093094
50.432014
58.603554
22.842787
-0.435254
-0.785332
-4.420294
-3.852900
-13.870840
-6.467571
0.282873
-0.038182
-0.038704
-1.242876
-1.861145
-1.448295
17.789398
19.074703
0.000000
71.634323
95.434265
47.093460
59.976917
33.817520
-0.225967
-0.597755
-3.578558
0.497227
-10.118357
-0.585739
0.609655
0.144424
-0.337090
-1.162971
-1.610567
-1.340135
14.650650
17.188675
0.000000
74.849625
99.132355
43.748558
56.211971
46.633312
-0.337428
-0.690500
-3.453480
-3.490097
-13.971210
-0.915489
0.759768
0.280252
-0.393013
-1.250025
-1.411211
33.284546
14.352852
18.295609
0.000000
85.203423
103.987312
54.306881
63.487968
33.357975
-0.402850
-0.757854
-3.844765
-1.972363
-13.204950
-2.882414
0.733370
0.092266
-0.439093
-1.200903
-1.525637
35.069359
13.471706
19.674124
0.000000
100.552986
98.853195
52.378014
57.946411
34.107483
-0.489338
-0.846399
-3.771748
-5.399061
-15.117544
-6.577812
0.549995
0.046719
-0.125406
-1.097422
-1.627541
-1.590689
34.547661
18.839870
0.000000
70.782692
97.946480
48.335541
62.973183
24.106222
-0.227583
-0.596003
-5.263425
-0.716999
-9.428535
-0.592928
0.509462
0.087882
-0.339870
-1.195538
-1.726612
-0.925425
1.612484
18.953699
0.000000
54.836452
64.832626
44.117893
48.891624
46.899963
1.943581
-0.394171
-2.840672
0.382689
-11.991917
-0.409794
0.718069
0.318089
-0.685516
-1.390217
-1.517330
15.699179
11.406356
15.516146
0.000000
88.292572
96.926018
54.634384
58.418358
20.207998
-0.512196
-1.007842
-4.071092
-9.196903
-22.423328
-8.691978
-0.172277
-0.062151
0.275594
-1.118704
-1.895174
-1.810759
12.381184
20.669777
0.000000
91.785896
105.950424
59.351246
54.192631
1.077914
-0.281742
-0.623300
-6.818988
0.637846
-8.797945
-0.683222
0.606409
0.158820
-0.482521
-1.214460
-1.261333
-0.739175
1.485802
19.553059
0.000000
71.992638
80.765633
42.569046
47.275795
50.993320
14.352896
-0.381649
-2.403888
-0.144197
-15.458492
-0.181629
0.620961
0.387012
-0.462187
-1.426813
-1.561687
23.344597
13.490913
16.291721
0.000000
91.490639
99.642731
64.638611
37.423592
-0.207560
-0.561331
-0.896343
-3.996271
-3.799520
-16.830217
-1.329126
0.036812
-0.344583
-0.099322
-1.144636
-1.880751
-1.153490
1.148155
20.912580
0.000000
82.654129
102.204727
35.368416
44.072128
22.280083
-0.290504
-0.663588
-3.592426
0.437536
-13.540489
-3.520729
1.042536
0.646602
-0.402034
-1.505730
-1.647644
-0.135421
1.231713
30.124859
0.000000
37.325672
38.023804
35.210354
45.843750
46.913414
12.766664
-0.321002
-2.254454
0.477003
-15.114798
-0.510439
0.526792
0.369702
-0.733686
-1.426283
-1.541613
26.271196
13.547096
15.893259
0.000000
82.245758
102.603668
57.644081
37.287853
1.289457
-0.078551
-0.864420
-5.029682
-0.912289
-20.707956
-5.659935
-0.222151
-0.025680
0.264142
-1.116484
-1.802753
-0.493920
1.368704
15.482050
0.000000
61.277084
65.626045
43.187325
45.259499
47.344261
11.595458
-0.463791
-2.757332
-0.437962
-18.299833
-1.315521
0.606703
0.551774
-0.487913
-1.402267
-1.533958
23.631390
12.742697
15.898085
0.000000
82.957596
100.905701
53.781544
48.699730
3.835117
-0.378938
-0.903177
-4.468665
-2.491438
-19.752562
-4.794899
-0.240473
-0.129257
0.021042
-1.122028
-1.761459
-0.582605
1.373680
24.593697
0.000000
66.299042
70.153580
41.041985
44.491463
38.453888
-0.230905
-0.556425
-3.481984
0.261892
-16.287628
-4.782066
0.665966
0.672871
-0.236872
-1.238802
-1.389988
44.053951
13.364010
16.737602
0.000000
81.591209
105.117157
50.339119
60.166588
15.969435
-0.426947
-0.789911
-4.330425
-4.328285
-12.274616
-3.738022
0.348110
0.295135
-0.187201
-1.320166
-2.014000
-0.796280
1.844098
19.267185
0.000000
63.205143
61.207214
42.444935
42.271820
42.883175
10.261101
-0.085631
-2.680145
-1.137945
-19.768423
-2.797747
0.938890
0.641266
-0.325092
-1.359827
-1.543388
6.537007
15.888947
16.049412
0.000000
71.069298
103.739029
56.026329
46.687958
-0.106735
-0.423324
-0.761232
-3.686982
0.291555
-6.120220
-0.091543
-0.120941
-0.640898
-0.206563
-1.165012
-1.955708
-0.208232
0.352421
20.303349
0.000000
101.243362
103.171455
57.795769
46.524857
8.026018
-0.335762
-0.690120
-2.037372
0.052729
-9.534147
-9.903053
0.508734
0.219459
0.193475
-0.968250
-1.707403
-1.325771
1.668344
30.033604
0.000000
52.966358
44.439041
37.805305
45.419106
48.238976
10.110277
-0.261108
-0.653779
-1.867794
-15.657658
-4.857393
1.093704
0.584322
-0.507853
-1.334391
-1.518612
19.063786
14.904037
16.487772
0.000000
78.957115
103.994469
56.335220
47.024563
0.629715
-0.461309
-0.802477
-2.968160
-3.595198
-12.921671
-8.370146
-0.024767
-0.026407
0.240458
-1.285976
-2.111256
-0.729641
1.764248
26.345648
0.000000
80.322769
89.482132
37.074364
41.341377
41.762680
-0.058174
0.836733
0.336356
-2.809605
-20.885416
-9.004419
1.041195
0.859639
0.047072
-1.228773
-1.520821
-1.134666
36.468426
19.049313
0.000000
63.765640
91.458603
48.073341
54.529469
2.334416
-0.233213
-0.569137
-2.353444
-0.005926
-11.126608
-2.006823
-0.072975
-0.187566
-0.008498
-1.121231
-1.895636
0.009023
1.205714
23.370668
0.000000
79.413956
98.330544
29.704529
42.509865
30.907469
-0.318864
-0.687115
-0.311146
-0.119150
-17.187511
-10.369957
0.938759
0.996855
-0.113968
-1.323185
-1.622793
-1.566771
1.114197
21.059544
0.000000
51.173401
62.236092
45.966713
49.798515
44.412704
-0.099047
-0.476342
-4.214590
-0.138767
-8.819845
-5.603159
0.435062
0.554776
-0.049702
-1.148985
-1.562717
24.485207
13.043981
18.173847
0.000000
85.280457
103.473450
43.815933
55.854904
52.523689
-0.341059
-0.694988
-1.790889
-3.992620
-14.607399
-4.948572
0.692320
0.375953
0.105845
-1.358183
-1.860712
-2.034521
1.114999
20.800255
0.000000
70.072601
100.014954
46.424526
57.530502
51.281776
-0.006546
-0.405248
-4.448389
0.117535
-6.034580
-0.793201
0.753468
0.438553
-0.250555
-1.290970
-1.623716
-2.709501
13.858928
18.997482
0.000000
78.950211
103.615997
48.813904
59.955818
53.299034
-0.226866
-0.594029
-2.956505
-0.496908
-12.196167
-0.838430
0.632267
0.366269
-0.058835
-1.385979
-1.741676
-2.346001
10.233795
18.599079
0.000000
73.655670
104.205429
51.982979
64.007599
54.812645
-0.018087
-0.411004
-4.531413
0.222912
-6.663465
-0.421268
0.568911
0.305350
-0.246582
-1.219254
-1.561813
26.578209
12.916708
20.841694
0.000000
88.515594
103.127388
45.863785
59.494980
51.074913
-0.246993
-0.604831
-2.337867
0.273769
-8.808277
-0.128445
0.624230
0.247203
-0.401746
-1.583794
-1.856045
-1.445586
1.293903
19.392696
0.000000
70.878357
98.287926
47.390625
57.585503
37.968697
-0.008919
-0.414917
-2.791697
-2.377506
-9.086506
-0.052269
0.382481
0.450512
-0.245153
-1.416597
-1.648415
-1.385463
1.163032
17.697350
0.000000
76.033821
101.791504
44.711594
64.599319
30.941128
-0.103770
-0.498023
-3.170200
0.832270
-4.718019
-0.045551
0.446142
0.284161
-0.488386
-1.618122
-2.001688
-0.750236
1.450546
24.033024
0.000000
46.061958
57.539043
45.085381
48.890503
50.659389
19.774677
-0.175066
-2.253041
0.326593
-13.641375
0.127087
0.598719
0.307139
-0.495579
-1.385843
-1.615030
22.499727
11.655665
14.993810
0.000000
79.377335
100.626740
61.012161
50.038483
5.300246
0.085410
-0.900428
-4.270679
0.005646
-14.091688
-2.815418
-0.098976
-0.249406
-0.043411
-1.182638
-1.931021
-1.529933
1.139086
20.416719
0.000000
98.927490
106.645645
49.265312
48.624001
10.628698
-0.291333
-0.653775
-4.258225
0.756124
-7.228792
-2.252811
1.241970
0.606861
-0.262616
-0.078413
-3.082249
-0.589302
1.263853
1.027061
0.000000
12.695785
9.446921
57.885017
67.976379
64.787598
21.315916
-0.468276
-4.836146
-8.576033
-19.486036
-8.915169
0.356647
-0.325426
-0.085341
-1.471828
-2.249357
-1.590155
1.770483
20.144924
0.000000
68.621109
94.276184
47.727524
57.161297
44.293514
-0.104472
-0.439504
-3.097629
0.338842
-7.936907
-0.263815
1.305617
0.434819
-0.534491
-1.390471
-1.429035
34.997604
12.613270
17.660229
0.000000
76.709770
103.402191
58.938217
68.124901
34.139641
-0.419303
-0.771510
-3.830184
-1.915890
-13.386848
-2.734974
0.471783
0.038369
-0.401216
-1.229311
-1.707237
40.000351
13.214287
22.521778
0.000000
101.134933
95.725838
50.537643
58.379890
42.248199
-0.470445
-0.835617
-3.723951
-3.613823
-13.387514
-7.054369
0.704100
0.100200
-0.160358
-1.183353
-1.625315
-1.543135
26.061764
19.727030
0.000000
78.843880
105.380173
48.928085
62.435104
32.943890
-0.211673
-0.578636
-3.879770
0.264912
-7.541056
-0.444876
0.587072
0.081730
-0.379160
-1.268768
-1.774864
-1.088989
1.530175
19.282982
0.000000
53.522076
71.898720
45.482368
51.943863
41.342155
-0.119878
-0.500921
-3.302739
-2.701561
-13.086697
-0.542368
0.544238
0.489065
-0.294235
-1.271692
-1.525600
-1.297523
14.478694
17.062199
0.000000
76.713272
103.994736
55.248489
65.089561
30.091160
-0.348620
-0.709183
-3.553284
-1.444189
-11.708313
-0.579716
0.541710
-0.096939
-0.390760
-1.176512
-1.732407
10.658413
13.481794
18.199409
0.000000
89.527718
100.841301
46.252502
56.781151
44.293766
-0.455532
-0.811224
-3.783724
-5.421410
-14.450943
-5.982851
0.741995
-0.014168
-0.248758
-1.182306
-1.593529
-1.554497
16.425369
18.171848
0.000000
81.280457
102.878654
50.053406
61.115513
34.503479
18.067524
25.978794
26.068718
25.690981
24.230745
22.649950
38.344082
32.924137
50.134453
49.484848
43.657337
36.135899
16.097382
2.048907
1.931957
1.810122
-1.370226
-1.749514
-1.049042
0.420631
0.953250
0.359930
0.045052
-0.222392
0.192204
0.218077
0.024812
0.063668
0.000000
86.923828
95.659988
43.181786
43.488636
22.041506
0.122918
-0.073965
-2.244496
-0.073544
-0.458580
1.653851
1.344828
-0.176624
-0.602487
-0.599702
-0.373739
-0.722767
-1.000487
15.316557
0.000000
106.204369
108.769135
46.178703
39.248745
4.922207
0.318452
0.120915
-1.598340
0.413614
-0.130598
1.355578
1.291134
-0.202189
-0.517571
-0.313029
0.062910
-0.299900
-1.063307
18.844910
0.000000
94.809509
106.535263
48.309006
35.840065
3.330255
0.397145
0.397825
-1.433489
0.636141
-0.124855
1.495781
1.290416
-0.235210
-0.646165
-0.436046
-0.144271
-0.508499
-1.085509
14.642671
0.000000
95.832733
107.950424
49.860245
35.195927
0.925208
0.366518
0.218134
-1.307386
0.674532
-0.161175
1.349452
1.384797
-0.224648
-0.549680
-0.290167
0.129628
-0.223433
-1.029797
19.281229
0.000000
93.530838
105.633926
47.512657
36.706364
8.105257
0.438491
0.398139
-1.606819
0.704426
-1.937870
1.456842
1.551416
-0.168945
-0.625510
-0.501771
-0.307560
-0.868015
-1.183537
13.023090
0.000000
113.439423
111.872009
52.501408
47.692680
1.105859
0.426398
0.218032
-1.081418
0.434378
0.328865
1.457166
