0.000000
18.957497
16.751240
16.651636
16.102497
15.514057
14.424184
5.364936
26.350798
28.773491
26.793625
26.714336
24.443455
22.522364
20.441549
7.602228
-0.595228
-0.226895
-0.239230
-7.796009
-8.313118
-4.687161
-8.265015
-8.050601
-3.393678
1.441671
2.467646
1.437027
2.257219
5.483919
4.490931
0.000000
51.732159
49.899933
49.000317
18.000231
-2.238413
-2.334417
-2.344625
12.831327
-2.527966
-3.694371
-4.481709
-3.530385
-1.677626
1.352798
0.810270
-0.175095
1.030544
4.228598
15.670274
0.000000
52.744514
49.769867
44.857613
30.111731
2.209683
-2.358707
-2.431465
-10.134171
-7.333698
-3.100300
-5.882242
-2.755350
-1.066088
2.304396
3.279680
1.295319
1.554981
5.805986
3.288425
0.000000
46.291458
46.183254
47.497944
34.239429
-0.829250
-1.970231
-1.880910
3.382466
-4.381890
-5.488255
-5.128125
-2.765060
-1.218815
1.536762
1.625408
1.345253
1.322605
5.361685
3.342529
0.000000
44.932297
45.202293
46.566368
15.272993
-1.722825
-1.924293
-1.866523
5.118312
-5.354361
-5.474310
-5.383595
-2.893963
-1.206913
1.690348
2.390839
1.404318
1.844444
5.791125
5.200518
0.000000
45.686333
45.333988
45.302895
2.358691
-1.800123
-2.176665
-2.105923
-0.288096
-4.558055
-5.011027
-5.495539
-3.075516
-1.244036
1.954943
3.074141
1.391329
1.489285
5.942785
5.003940
0.000000
45.300472
45.378918
46.512901
4.252515
-1.969581
-1.818128
-1.950950
-1.098678
-4.091639
-5.073786
-5.824875
-3.029160
-1.315521
1.974998
3.392332
1.574261
1.299124
5.073191
7.241570
0.000000
43.810535
44.232639
45.497036
20.769316
-1.714679
-1.889793
-1.909628
-1.558292
-5.036324
-4.212167
-5.154197
-2.685442
-0.733408
2.410875
3.439610
0.931131
2.366062
5.999464
5.431082
0.000000
48.636276
47.152718
31.787342
-1.515042
-1.100472
1.222690
-2.275290
-13.019342
-2.042859
-2.132018
-7.156578
-5.877485
-2.531546
2.083199
4.947598
2.156796
1.286621
4.669584
5.313975
0.000000
45.875835
43.946194
45.883198
22.550394
-1.686534
-1.801433
-1.770227
2.790262
-5.628676
-4.885981
-5.174028
-2.752176
-0.498974
2.989744
3.868019
1.212234
2.469814
5.061489
7.119835
0.000000
48.013077
47.987209
31.656504
-1.393155
-1.762564
0.764743
-2.439825
-15.457428
-3.181827
-1.506967
-6.160359
-7.750671
-2.678064
3.596083
6.059471
2.421679
0.819696
4.281288
6.866856
0.000000
44.996696
46.087433
47.356972
25.699623
-1.536104
-1.670533
-1.525243
1.297460
-4.847699
-4.636546
-5.780731
-3.116465
-0.370594
2.963396
3.668531
1.274378
2.455614
5.014378
8.927797
0.000000
50.638401
43.058193
26.101835
-1.485821
-2.189781
0.230922
-2.727416
-19.460426
-3.802375
-1.152328
-4.746592
-9.417046
-5.735518
3.723436
7.399656
3.740362
0.839417
4.391083
5.712579
0.000000
49.707970
48.405434
42.396027
-1.167877
-1.761302
-1.064639
-1.949799
-13.016350
-2.049735
-5.102434
-5.816329
-4.019256
-1.781784
3.017227
5.136280
3.080051
1.343546
4.126873
8.205028
0.000000
47.737495
47.372604
43.584576
-0.458647
-1.382538
1.342035
-2.112726
-14.674618
-2.863207
-3.408356
-6.913329
-3.990731
-1.936022
3.525732
5.777855
4.020323
1.524148
4.380939
7.019366
0.000000
47.143673
46.430099
42.237057
12.629216
-1.975199
-1.458810
-1.981678
-14.472137
-2.279529
-4.866836
-6.022843
-3.403116
-1.220257
3.877314
5.619215
3.689993
3.944138
3.957656
6.875991
0.000000
49.504646
44.425320
37.996437
-0.209557
-1.925868
0.575592
-2.197942
-16.923346
-3.404290
-1.803111
-6.372026
-4.838154
-1.691267
3.117168
5.683313
5.178061
1.521959
4.674987
7.033286
0.000000
49.276283
44.341076
17.490328
-1.532121
-1.850025
-2.787776
-2.271184
-14.599683
-2.865958
-2.561192
-7.762697
-7.458370
-2.676765
5.085651
7.683048
4.657914
1.930777
2.856943
4.465961
0.000000
45.842625
45.887360
45.854816
28.163643
-1.704445
-1.779451
-1.969069
-6.431097
-6.198498
-3.199811
-5.492943
-2.326416
0.470163
4.110659
3.916542
3.708840
2.467064
4.272479
7.099092
0.000000
49.473251
39.396999
17.353125
-1.664242
-2.018830
-0.148476
-2.649441
-19.504908
-4.016169
-1.858137
-5.160966
-9.578512
-4.524664
3.430719
8.802761
5.111831
0.672353
3.917428
6.378492
0.000000
46.998447
47.030685
47.491478
17.708109
-1.790545
-1.957830
-1.857978
-14.909546
-2.275487
-4.238742
-7.073420
-4.141602
-0.216940
4.714148
5.105230
2.542310
1.367319
3.944374
6.892430
0.000000
46.939526
46.687046
43.629250
12.196096
-1.322746
-1.871987
-2.159241
-18.500919
-3.638963
-3.282148
-6.020991
-3.722586
-1.252024
4.285530
5.765957
3.268975
2.928497
4.490768
6.801984
0.000000
46.609871
46.222832
42.332394
10.287530
-2.165947
-1.740980
-2.021014
-17.574554
-3.913003
-3.733073
-5.543393
-3.698288
-0.782677
4.621435
6.059240
4.041412
3.262972
3.719113
5.895147
0.000000
48.046459
47.326607
40.743984
0.327715
-1.915571
-0.913532
-2.073784
-17.134678
-3.329710
-3.596397
-6.179420
-3.967491
-1.425787
3.947969
6.154980
4.219340
2.653677
4.227681
7.382607
0.000000
49.159416
43.093132
32.713078
-1.422064
-1.944745
-0.534252
-2.492112
-19.656454
-3.657820
-2.505776
-7.055909
-9.154317
-3.699114
4.987074
8.699299
5.451052
1.839933
2.884761
4.124413
0.000000
45.921253
46.388504
46.814156
28.011688
-1.831541
-1.975131
-2.053090
-15.785863
-4.044624
-3.675815
-6.430016
-3.691378
0.336443
4.501040
4.729856
2.421403
3.290708
3.858422
7.544272
0.000000
49.047974
48.146496
36.821419
-1.393419
-2.140444
0.954662
-2.569155
-18.152311
-6.032297
-1.246944
-6.223870
-8.977654
-5.049812
3.427546
7.892200
4.872586
0.783167
3.549637
7.911884
0.000000
47.019005
46.974892
46.453739
14.129368
-1.987742
-2.149135
-2.107666
-15.403706
-3.778014
-4.257629
-7.263285
-4.409346
0.433607
4.563553
5.130674
2.525989
1.342222
2.849720
5.568927
0.000000
31.709198
45.242699
43.995258
29.937437
-1.807773
-1.926139
-2.100379
-15.937061
-7.010921
-1.150586
-5.078568
-2.814972
0.161999
4.041582
6.665448
4.219425
0.284380
4.399203
7.860946
0.000000
43.672741
48.350403
37.994553
-1.462350
-1.891412
-2.671929
-2.502913
-9.661369
-6.592657
-2.535476
-4.928012
-8.981351
-4.182095
4.327559
8.257313
4.067851
0.518991
4.797123
6.739362
0.000000
43.690174
47.361366
46.159016
-1.072369
-1.986309
-0.980703
-2.071402
-0.770081
-6.418429
-2.444120
-7.487109
-5.135750
-0.885956
4.819637
6.563231
3.563246
0.779134
4.615961
6.218815
0.000000
41.799023
45.763233
45.492973
32.589561
-2.457297
-2.127255
-2.068096
2.494595
-5.957698
-2.831106
-7.221373
-4.074842
-0.247307
4.585987
5.636799
3.405042
2.492139
4.781787
6.740828
0.000000
41.435482
45.843472
43.574623
8.362726
-1.382997
-2.178153
-2.225486
-3.013463
-8.022161
-1.579967
-7.058426
-5.687212
-0.606638
5.155621
6.937490
3.427433
2.612295
4.461254
5.547261
0.000000
42.819069
47.396957
46.458279
33.412346
-1.870008
-2.159701
-2.010544
-2.077989
-6.506042
-1.873272
-6.924525
-4.194927
-0.048588
4.511511
5.674860
5.244839
3.112341
4.415248
6.944818
0.000000
44.592804
47.885658
42.708073
-1.471186
-2.162101
-1.015099
-2.489717
0.712224
-9.200191
-2.018755
-7.166769
-8.957844
-2.521143
4.569805
7.863844
5.212117
1.717183
4.938141
5.344491
0.000000
42.411182
46.121948
45.579414
29.333010
-1.926451
-2.213569
-2.116769
-2.555468
-6.723492
-1.900158
-8.114774
-3.939129
0.342045
4.683771
5.816933
3.410563
2.964314
4.148539
6.727200
0.000000
42.405998
47.646408
44.450916
12.646088
-2.146071
-1.177115
-2.290508
2.784200
-10.141553
-1.698462
-6.545613
-6.535345
-1.826813
4.487022
6.814301
4.150044
2.126247
4.255259
9.141799
0.000000
40.618759
46.955448
47.037701
-1.462029
-2.178131
-1.722570
-2.351097
1.206567
-8.999026
-2.607597
-7.938288
-6.694798
-1.273466
4.589705
7.037291
4.384607
1.338884
4.399201
5.553207
0.000000
38.543503
44.447636
45.343407
25.576836
-1.875180
-2.317952
-2.220893
-4.634628
-7.342974
-1.838269
-8.118119
-4.195341
-0.017439
4.674074
6.046736
3.329462
2.719807
4.405038
5.438351
0.000000
42.164433
46.244007
45.499718
16.992359
-2.683120
-2.814904
-2.179361
-1.406671
-8.358768
-2.606309
-7.284470
-4.497282
-0.490906
4.456793
6.223894
4.285301
3.040709
4.964731
4.492661
0.000000
38.908760
44.363792
45.182991
20.659481
-2.767987
-2.282872
-2.227919
-5.255175
-8.665556
-1.527529
-7.634164
-4.653606
-0.606375
4.451754
6.136871
3.735273
0.926746
5.279337
3.557998
0.000000
36.762478
42.587528
43.804806
25.602139
-1.742217
-2.127757
-2.049323
-11.205554
-8.169497
-1.446570
-6.632561
-4.127188
-0.227371
4.416918
5.711414
2.510736
1.709446
5.047581
4.162863
0.000000
36.776283
43.153717
42.732059
24.014866
-1.653474
-2.141406
-2.059695
-19.822004
-7.677793
-2.874267
-6.401544
-4.429829
-1.030838
4.309278
5.034685
2.552863
0.011494
6.228882
3.128713
0.000000
39.624611
42.686760
42.429985
32.293575
-0.856682
-1.696097
-1.958361
-13.659449
-6.116900
-2.498178
-3.906908
-2.862133
0.126900
3.786377
4.227980
4.528605
-0.053104
4.274169
6.455333
0.000000
39.932507
46.489311
14.758973
-1.917551
-2.227366
-3.227799
-2.513873
-6.661931
-10.964663
-2.542197
-7.544182
-9.637110
-5.692900
5.515066
6.759537
6.901969
2.855714
4.432496
3.651671
0.000000
41.259018
45.823101
45.493656
38.598572
-2.778232
-2.226468
-2.333402
-3.845066
-7.823105
-3.566890
-6.758747
-4.858051
-1.296728
3.667702
5.454163
3.439040
1.274356
5.710070
2.161295
0.000000
38.148369
42.460690
43.502369
34.057182
-1.403423
-1.913995
-1.869070
-5.905176
-7.447278
-3.407670
-4.374619
-3.365511
-0.421198
3.509684
4.212097
1.457006
-0.424925
5.354167
4.153902
0.000000
34.351967
41.343971
43.356331
24.711582
-1.690718
-2.145861
-2.021482
-13.176835
-7.251969
-2.637766
-6.824025
-4.810144
-0.791321
5.019447
5.308508
2.391646
0.295891
4.239586
4.120327
0.000000
36.579472
43.756584
45.171543
27.650745
-2.070511
-2.418100
-2.442929
-10.217882
-9.712999
-2.751090
-6.054569
-5.555336
-2.229975
3.734446
5.384489
3.201960
1.008017
5.297781
2.636654
0.000000
39.093613
43.308994
44.169518
38.008778
-1.678214
-2.030082
-2.068411
-4.603802
-8.198851
-2.572915
-5.182468
-4.629736
-0.523710
4.512426
4.910505
2.698599
0.696280
5.339748
3.427581
0.000000
38.911442
42.569176
42.909531
28.516792
-1.896165
-2.159966
-2.275143
-18.716053
-6.185925
-3.359265
-7.599488
-6.576052
-1.195766
5.697975
6.366562
2.812552
0.409723
4.660801
3.338573
0.000000
38.815327
42.701546
43.078094
31.151764
-1.875457
-2.101964
-2.259432
-17.697153
-6.272161
-2.842159
-7.009603
-6.059866
-0.974155
5.418352
5.852160
2.592594
0.267591
4.981610
4.152744
0.000000
39.229649
42.594975
42.599316
29.942575
-1.859205
-2.042255
-2.261384
-18.140558
-6.151491
-3.651267
-7.150713
-5.960207
-0.576107
6.007381
4.843285
2.473233
0.478505
5.027756
3.699825
0.000000
39.637089
43.310726
43.207409
25.500965
-1.964332
-2.247344
-2.355250
-18.309578
-7.819004
-3.368816
-7.187981
-8.141737
-1.621838
5.550026
6.858500
3.115584
0.418593
5.419808
3.555266
0.000000
39.013458
43.278423
44.059467
34.947163
-1.685214
-2.215566
-2.270729
-12.014211
-7.309629
-2.228917
-7.610152
-7.224121
-1.356335
5.505493
6.708647
3.908670
1.255901
4.760965
3.403397
0.000000
38.227459
42.275627
42.657188
27.320381
-1.999982
-2.293397
-2.429208
-17.975708
-6.442979
-2.812832
-8.674740
-7.823540
-0.859936
6.281460
6.553001
3.944918
0.918264
4.572279
3.312707
0.000000
37.635361
41.621391
42.318436
29.153759
-1.863355
-2.180362
-2.344021
-17.659882
-6.453182
-3.125977
-7.555552
-6.383379
-0.447872
5.944685
6.815159
3.101507
1.001322
4.718462
4.163163
0.000000
37.638725
42.325317
43.116547
25.799053
-1.994462
-2.342030
-2.433960
-11.639504
-7.905752
-1.193155
-8.637483
-8.493559
-0.964996
2.922806
3.927258
3.412726
1.094519
4.505074
4.238248
0.000000
38.206116
45.391930
45.280144
22.624735
-1.576161
-2.706038
-2.743370
-3.116324
-11.323563
-2.619197
-8.300614
-13.793580
-5.618015
6.474010
7.369255
5.762846
2.471826
4.994449
3.962451
-21.249302
0.000000
42.007565
44.314018
37.494301
-2.820407
-2.362825
-2.653522
-2.211210
-11.726008
-1.726037
-9.316949
-10.608303
-1.947601
6.284184
7.477144
5.139901
1.556971
4.911379
3.540560
-12.933758
0.000000
41.520733
43.527065
34.230724
-1.737830
-2.238399
-2.561623
-2.972178
-11.820225
-2.204089
-9.058509
-10.006208
-1.351017
6.428642
7.051815
4.472641
0.949372
5.088603
3.413032
-15.377882
0.000000
41.104630
43.476997
32.941246
-3.067542
-2.191769
-2.510058
-1.785808
-12.071155
-2.720275
-9.092202
-7.824495
-0.781956
1.260078
4.236000
3.743921
0.825706
4.341109
5.441913
7.672260
0.000000
44.986439
43.209694
15.635617
-1.530061
-3.320104
-2.538580
-3.286720
-10.170013
-4.771537
-4.943980
-14.353016
-7.959244
5.437149
3.690842
6.453127
3.330507
3.975144
4.006025
-17.611626
0.000000
41.193050
43.770496
42.542061
3.934351
-2.341339
-2.766763
-3.288925
-11.871870
-4.532559
-9.841341
-8.261456
-0.474854
6.646675
6.319210
5.703566
2.160464
2.964405
3.725214
-11.000998
0.000000
41.177593
43.324085
33.574951
5.109388
-2.167811
-2.522933
-3.998188
-11.591424
-2.070138
-8.088228
-9.330547
-1.522602
6.008621
7.954348
4.493366
1.399472
4.679305
3.553076
-33.606850
0.000000
42.108536
44.825043
28.776812
-1.826225
-2.391254
-2.839238
-2.744395
-12.696012
-3.009602
-9.787696
-10.367847
-1.475597
6.426647
6.611696
6.112244
2.178304
3.026075
4.033321
-23.305508
0.000000
40.903263
43.428352
31.592447
-3.810178
-2.316896
-2.678055
-5.569652
-10.893287
-2.393314
-9.208390
-10.528231
-1.426750
0.767082
3.658920
4.379869
1.060227
4.635747
5.269820
2.831974
0.000000
42.544998
44.422268
19.388060
-1.529279
-3.307759
-3.591098
-3.147011
-10.819281
-3.139591
-8.526786
-14.749363
-6.327267
6.087143
4.432867
5.100780
3.156615
4.488997
4.481959
3.762625
0.000000
40.262863
43.500874
43.801167
7.666675
-2.281798
-2.850972
-3.236278
-11.510575
-2.619744
-10.740768
-12.160271
-1.774818
6.790276
8.917871
7.355452
3.611243
2.787101
3.444908
-23.329893
0.000000
40.593800
43.250397
37.786758
7.983100
-2.320056
-2.669251
-3.673782
-11.997915
-2.950990
-8.328817
-11.518538
-2.344872
5.676010
8.535713
6.202633
2.499108
4.489948
3.167192
-22.539444
0.000000
42.744801
44.898048
33.249775
-1.729552
-2.129879
-2.786610
-2.914682
-12.047248
-3.150508
-8.902864
-12.739254
-2.965485
4.776855
6.044559
6.978968
3.307457
3.881543
4.118579
-12.236516
0.000000
41.915211
42.396492
35.895294
4.409273
-2.531323
-2.903535
-3.168456
-9.445721
-5.305558
-5.013821
-13.616304
-4.678440
5.796322
10.323715
5.250914
3.163488
3.136386
3.693470
-29.306313
0.000000
44.159706
46.203236
34.928352
-1.249715
-2.228815
-3.306157
-3.081611
-10.871347
-4.008584
-5.195145
-12.310951
-5.946804
4.555122
-1.196362
5.923557
3.900548
4.973292
4.412719
1.490877
0.000000
42.798302
43.942455
37.590485
6.749260
-2.054030
-2.856942
-3.222526
-11.576061
-2.635268
-7.987429
-14.220036
-3.889706
6.592419
4.131435
8.236985
5.979258
4.774482
3.388170
-37.909229
0.000000
40.335503
43.139076
34.140938
6.555822
-2.444635
-2.811531
-5.031030
-10.957298
-2.194537
-9.141613
-13.098560
-2.709942
6.212246
8.117233
7.473521
4.100169
4.047491
3.145725
-14.576302
0.000000
42.667759
43.736546
33.860523
4.888797
-2.345029
-2.843309
-3.070954
-10.687729
-4.203475
-4.905872
-13.309170
-5.294796
4.968731
7.883862
4.995594
3.089692
4.421860
4.058665
-0.186253
0.000000
41.950600
44.497601
33.492416
-1.548121
-3.418092
-4.391181
-3.060602
-11.224032
-2.324510
-8.805125
-13.250299
-4.140980
-10.211885
3.465511
9.104035
5.832821
5.175447
5.748063
-20.865276
0.000000
38.933830
30.148039
23.910822
6.575711
-2.998312
-3.345494
-11.535517
-7.531272
-6.232982
-5.707089
-17.588505
-11.287321
-2.450291
2.173822
12.365680
8.103718
5.537179
5.281980
1.278885
0.000000
38.450909
31.471823
20.673868
-0.750349
-1.646800
-4.026612
-3.879964
-9.216065
-15.673719
-8.502384
-19.296804
-55.215977
-12.945572
10.225285
17.561060
13.281086
6.868337
5.367805
2.736186
0.000000
37.469402
27.920010
20.338274
-1.667111
-3.666694
-6.372818
-3.848820
-8.082115
-10.233087
-7.706633
-19.633614
-39.439514
-6.013588
2.981983
14.053081
11.974859
6.175832
5.125615
6.478360
0.000000
27.275660
20.582787
15.400165
1.990841
-1.983454
-4.059917
-1.655979
-11.067482
-1.850476
-3.683718
-16.529491
-12.500225
-13.137484
2.631714
14.459757
9.830436
7.277538
5.612375
-11.109561
0.000000
31.907352
24.067402
18.608559
6.017443
-2.383813
-2.949908
-3.974455
-6.615526
-12.775084
-2.573272
-16.560150
-13.002584
-1.182793
8.688946
13.175069
10.049644
3.919026
5.593530
-10.655154
0.000000
27.415983
20.605330
16.111803
4.841982
-3.393011
-3.779487
-3.749777
-21.780428
-12.078174
-5.397312
-16.983643
-12.853849
-9.562670
2.964218
16.952158
10.651534
6.218985
4.610355
2.912995
0.000000
28.359056
22.596378
17.555603
1.223284
-1.913037
-3.585104
-3.975598
-8.937157
-15.409555
-7.538377
-17.884487
-13.202818
-4.424366
-2.856974
13.749716
10.796436
4.414153
4.690925
-12.109775
0.000000
23.224800
17.109348
13.006743
3.788297
-3.433017
-3.751351
-3.832825
-16.187328
-6.858232
-4.250706
-16.861856
-14.432661
-11.564161
10.666161
20.331371
10.815799
7.204791
4.228233
-19.541847
0.000000
21.840446
15.747822
13.054334
1.403476
-3.173917
-3.560114
-2.773801
-6.546863
-4.849239
-6.048175
-14.528196
-18.842480
-9.063927
5.578356
19.598137
9.163589
2.821282
-8.152568
26.586342
0.000000
11.396570
1.391804
-4.177845
-4.339807
-4.267834
-4.253203
-4.138389
2.217967
-0.816841
-3.350973
-15.118399
0.000000
25.573570
20.164669
22.385830
23.417711
23.279049
22.118477
20.682955
17.795801
17.892683
17.272419
16.112186
14.945281
15.204996
15.500474
15.573668
14.817122
14.008657
2.429103
6.957844
28.842686
26.050379
25.459253
23.317194
20.993750
18.914898
11.928934
2.480605
-1.800542
-2.385418
0.243364
3.066438
-4.183662
-5.155015
-10.841985
-7.738546
-0.208254
4.257183
3.405966
1.944177
3.878590
6.014137
-11.426403
0.000000
50.055584
47.444595
20.405315
-2.806220
-2.602557
-2.653185
5.088230
-9.624945
-2.829847
-3.317395
-8.060206
-4.900686
-1.164202
10.890413
23.112652
9.984705
12.151398
27.121862
28.276609
0.000000
24.538261
20.447557
12.728895
3.080898
-3.379596
-3.677725
-4.002410
-3.793291
-6.526448
-35.995079
-15.793396
-13.050058
-12.264259
-1.057770
10.735308
21.139992
14.805989
-4.230103
-12.663979
16.949736
0.000000
36.170895
39.786469
25.447851
11.162791
-0.118713
-3.835811
-2.921092
-11.544776
-1.803953
-8.418229
-8.620646
-4.922277
0.684349
8.134682
14.939094
8.532718
8.854581
5.975476
-6.972446
0.000000
50.974972
37.419491
23.268745
4.041437
-3.496700
-3.801666
-4.060032
4.329532
-0.587414
-9.232685
-19.592306
-17.627596
-1.826836
9.302643
13.720850
15.229299
9.496593
-7.813644
16.094234
0.000000
44.850586
33.064301
21.247173
2.164574
-3.917114
-3.574733
-4.870360
3.935146
9.076385
-12.580969
-28.325827
-18.097939
0.991581
-3.174541
14.534217
18.485620
9.327518
8.024311
-5.608131
0.000000
34.325497
23.910250
12.230681
0.981605
-1.987040
-3.725127
-19.407827
7.784534
9.343742
-14.196819
-23.921381
-19.161488
-6.933205
2.748981
18.161804
17.339174
9.743102
7.264026
-5.412963
0.000000
30.124868
21.573540
11.740533
-3.752142
-3.659930
-3.964831
-2.478194
7.836023
5.845169
-14.174953
-19.678818
-16.263506
-15.987520
-2.604824
17.256470
15.797389
8.936815
5.257559
6.708572
0.000000
31.692163
18.588303
2.615558
-1.094495
-4.023199
-4.003254
-4.205640
10.564962
0.567066
-6.318913
-16.830166
-14.867487
-13.712135
-1.145315
16.021868
17.011370
10.375026
8.420040
6.225819
0.000000
34.040348
24.369511
14.652938
0.273155
-0.098781
-3.846290
-3.669156
3.481616
4.088387
-5.462233
-10.780720
-16.243275
-18.186016
-17.966530
-2.047821
1.037088
4.128998
4.144251
5.236252
2.985393
-2.128082
6.884531
1.639128
-2.261268
-2.106147
-7.708087
0.000000
17.952045
16.020350
15.596642
15.423681
15.173673
14.778063
14.153971
15.993153
27.111900
30.808430
30.257282
30.032690
28.887892
26.420723
23.691074
20.980280
17.489603
10.807670
2.659028
-0.004153
-0.600519
0.655633
-8.209379
-6.626978
-11.222483
-3.278332
3.854727
4.526337
2.817789
1.322746
0.583508
1.049520
6.280627
14.880804
13.176970
2.608999
32.381325
34.307270
34.358219
35.572773
37.785782
37.050297
0.000000
-2.642475
-2.302310
0.801357
-0.609684
-1.737870
-2.684806
-3.134983
-3.806683
3.600381
0.145712
0.779215
5.872266
-0.371836
-3.386241
-5.911847
-3.194523
3.447632
8.899246
3.840618
1.464846
0.975946
0.386311
-23.027355
0.000000
16.803928
16.063217
16.688038
17.678299
17.264269
17.580557
17.556284
17.493649
17.361372
17.833298
17.734392
17.678362
17.262140
17.221285
16.596642
15.560590
14.745184
13.096568
11.349442
9.135196
6.395789
3.153412
-1.149005
-7.216583
-12.414303
-14.756125
-14.691581
-13.841120
-11.218133
-6.421404
-0.140420
-3.844589
-3.681795
-3.580541
-3.464404
-3.243257
-2.122165
-3.148006
-35.516838
20.644855
15.520068
14.955291
14.894958
14.767966
14.332182
19.276320
25.378691
33.456081
30.409058
30.055794
29.022642
27.491360
26.364262
24.437790
22.224991
19.723795
14.026597
2.713158
-3.118777
-2.651351
-3.288595
45.606228
11.089855
-2.322279
-5.719595
-4.276572
-0.775427
1.178829
2.012476
1.491880
0.985380
0.513301
0.361646
-0.070683
-0.119544
-1.420805
1.191844
10.035296
15.832376
15.085505
30.625631
39.672894
46.788265
51.295990
47.969410
47.033558
49.580284
51.187763
26.212797
-41.683403
-38.931786
-33.827103
0.000000
20.663496
15.206113
15.386978
15.794793
15.528315
14.723185
14.068142
10.640444
29.155397
30.154533
28.259789
28.139027
26.364706
24.703300
23.325508
7.555949
2.718045
0.785673
-3.377737
-3.505692
-3.585969
-3.648534
-3.595795
10.559858
19.275871
3.809050
-3.039680
-2.547658
0.437704
0.000000
16.879469
16.836933
16.939775
16.926706
16.876780
16.763441
16.716490
16.752289
16.704418
16.692892
16.620913
16.538750
16.390108
15.807039
14.770308
13.645942
12.002369
10.597568
8.667446
7.346392
5.300424
2.714573
-1.570448
-5.364028
-7.260452
-7.105445
-7.093255
-7.667390
-3.696611
-1.142917
-1.677869
-3.427123
-4.469360
-5.594133
-4.106143
-2.824135
-1.104257
-1.494848
-1.607950
20.000933
15.819124
15.113914
14.668233
13.779436
13.114504
12.612665
12.183434
11.833293
11.529749
11.152725
10.879807
10.563500
10.230563
10.026409
9.860742
9.705476
9.456688
9.188485
8.580097
7.196392
4.198660
0.928877
-2.064709
-4.737958
-5.170790
-4.452701
-3.224240
-2.291149
-0.506888
-3.804504
-3.860727
-3.810678
-3.665211
-3.354140
-2.535638
1.733213
2.531379
2.857646
2.738972
2.492570
2.079541
1.484164
16.585503
14.944530
15.298222
15.555326
16.287857
16.162052
15.817857
15.475490
15.248842
14.928491
14.723477
14.468811
14.247063
14.137382
14.106191
13.864079
13.710223
13.711956
12.914697
9.195107
2.936466
-3.874047
-8.497116
-9.388644
-7.821364
-5.539741
-4.494750
-3.976762
-4.077661
-4.468384
-5.574343
-7.502607
-10.609617
-31.984518
-6.593086
-2.970117
-25.045269
-19.921270
-28.851774
-12.830224
-54.142242
17.152439
14.250934
12.988789
12.874587
14.600739
20.213564
26.951981
34.425720
32.094646
26.903048
26.925747
25.845753
24.385178
-2.042428
-2.146472
-2.268316
-2.398448
-2.547656
-2.441007
-2.192727
-1.988279
-1.724069
-1.346437
-0.687149
0.259890
1.850729
0.901922
-0.273209
0.474028
2.729122
2.301612
1.490185
18.044199
14.952745
13.613346
12.423002
10.991646
9.695385
9.576123
10.629341
13.601457
16.618683
23.007854
19.299061
25.418139
24.921583
24.699553
21.113516
16.142635
12.222300
8.515168
1.949645
-3.626115
-3.763140
-3.747449
-1.900757
4.805096
-14.320172
-5.125687
-3.770728
-2.968936
1.273922
6.044012
1.132150
1.402281
1.776933
2.332634
2.165670
3.795222
5.767745
-2.254493
-1.511463
0.525853
0.255162
0.268584
-0.821190
-0.611729
-1.863081
-1.463511
-1.325157
-0.980802
7.969481
3.375763
-18.218136
-24.440876
0.000000
17.018555
15.916340
16.465576
17.151407
17.345121
17.464083
17.497650
17.438120
17.422813
17.548281
17.817728
18.070776
18.154202
18.191418
18.059080
17.170435
15.569263
13.244324
11.157772
9.233065
6.953334
1.607901
-3.062264
-6.098707
-6.672776
-3.941608
-1.750736
-1.850411
-1.678654
-1.131692
0.656045
2.414950
-1.580976
-3.028467
-3.369643
-3.407957
-3.342231
-3.278933
-3.254262
2.063722
27.921150
38.702900
36.457165
18.683481
14.295706
13.334828
12.945455
12.248032
11.628802
11.411650
5.561892
25.651308
25.709087
23.990490
23.878637
22.710236
20.554291
18.238831
16.096094
13.953912
10.546247
2.872295
0.379173
-0.462273
6.708111
-9.862452
-8.038044
-7.941990
-5.309170
-0.140375
5.990965
9.060109
5.681033
5.756365
7.045632
39.560772
9.241827
9.187693
0.000000
34.769199
22.223951
12.634787
1.965356
-2.723082
-2.485665
-1.995692
-2.271171
-2.595577
21.180155
15.408198
15.208743
15.570685
15.364791
14.873019
13.953211
7.215990
26.866224
30.248343
28.763926
28.571617
27.317547
25.004496
22.421400
19.778801
16.450592
7.176158
-0.716235
0.344437
0.170165
-2.508214
-7.482369
-6.852691
-11.040695
-6.902143
1.802301
6.499011
5.464451
4.335884
5.399907
-2.843743
0.250093
0.000000
50.152653
50.703873
30.172825
4.090786
-2.094709
2.263263
13.175676
-8.389856
-4.563533
-5.799729
-5.138913
-3.262861
0.629515
2.741949
2.057051
0.485622
5.100060
6.712047
-10.217360
0.000000
46.578197
48.029800
47.146011
15.546922
-1.875465
-2.102145
12.799405
-9.730566
-5.917383
-3.904573
-2.824281
-1.711702
0.937603
1.306707
0.407663
-0.357182
3.881096
4.732718
-3.898363
0.000000
48.217842
39.995182
-2.913992
-2.292330
-1.848285
-2.073446
0.638615
-2.358747
-2.453774
-7.125232
-5.583075
-3.308249
0.599512
2.538521
2.344938
0.945415
4.009520
6.472807
-2.594638
0.000000
45.613503
45.666340
28.694813
-1.530752
-1.938654
-2.165848
8.925910
-7.731196
-4.448631
-4.506060
-2.839592
-1.784729
0.898333
1.466576
0.362589
-0.629223
4.131660
5.023233
-3.626378
0.000000
47.865906
39.887447
-1.829510
-1.745508
0.187326
-0.352014
-2.657563
-3.550151
-2.484646
-5.795612
-7.184809
-4.281916
0.438877
2.934052
2.543192
1.202160
4.061847
6.255785
-1.725561
0.000000
46.570709
47.723480
23.623257
-1.525467
-1.778481
-2.370237
6.015719
-6.196105
-5.130201
-5.430936
-3.932318
-2.472715
0.704514
2.050631
1.711851
0.509306
4.766305
6.521178
-2.497774
0.000000
48.208424
47.931042
4.948680
-1.530801
-0.358096
-1.225283
-0.127299
-3.588487
-3.177699
-6.070873
-5.200041
-3.191799
0.327662
2.597427
3.297823
1.487993
5.300143
7.277617
-1.420543
0.000000
47.404663
48.338276
24.405291
-1.154860
0.143084
-1.166162
2.839922
-3.027712
-4.404002
-6.270858
-4.439729
-2.706768
0.251892
2.056347
2.865330
1.838104
5.167421
7.216241
-1.403611
0.000000
48.522461
48.746395
7.776921
-1.125804
1.147154
1.057563
-1.968464
-2.670507
-3.787706
-5.244080
-5.159701
-3.046885
0.036600
2.251953
3.580160
2.061832
5.243595
7.474018
-0.661893
0.000000
48.239075
48.351536
12.897517
-2.107295
1.161952
1.564413
-1.903109
-3.566360
-3.070780
-5.176020
-4.823228
-2.549726
0.282557
2.465666
3.485836
1.935555
5.144009
7.217636
-0.490894
0.000000
48.085964
45.576679
7.156437
-1.785509
0.857810
1.982219
-1.809604
-4.463077
-2.206509
-5.096880
-4.734407
-2.104963
0.524771
2.461447
3.357618
1.107439
5.132443
6.922037
-0.799494
0.000000
47.634014
44.251717
1.133054
-1.613878
-0.283907
1.613275
-1.689720
-4.433508
-2.152727
-5.413600
-4.587392
-2.019272
0.599113
3.292049
3.889845
2.011806
4.669282
7.132807
-0.215845
0.000000
47.384537
42.311832
9.179459
-1.691650
0.104824
1.351841
-1.687858
-5.377828
-2.189863
-4.705352
-3.843828
-1.423235
0.803726
2.931362
3.398348
1.468498
4.636080
6.881861
-0.605008
0.000000
47.162895
43.304920
5.151107
-1.569876
-0.570507
1.212631
-1.800230
-5.638608
-1.899362
-4.567585
-3.874094
-1.219766
0.913950
2.733974
3.429430
3.088356
4.862861
6.412222
-1.134050
0.000000
46.953144
43.087116
-0.042094
-1.565503
-1.968511
0.381842
-1.855806
-6.055611
-1.712296
-4.628937
-4.363761
-1.215265
1.218143
3.585636
3.646196
2.122570
4.756821
6.150738
-1.271172
0.000000
45.809006
45.117203
11.832324
-1.510445
-0.954642
-0.379741
-1.567878
-5.078149
-2.709151
-5.390602
-3.243557
-0.968224
1.134716
3.960995
3.800159
1.402884
4.682109
5.250916
-0.406729
0.000000
46.232960
44.736721
22.894836
-1.508698
0.893614
0.909981
-1.495001
-7.243400
-0.393822
-4.029129
-2.989877
-0.276358
1.047108
2.359341
2.511242
3.093435
4.845159
6.011666
-0.993265
0.000000
45.927876
46.020397
12.648141
-1.387157
-0.988055
-0.182743
-1.674633
-4.985363
-2.585509
-4.550582
-3.191257
-0.720598
1.051323
2.478525
3.162224
3.209030
4.550631
6.203129
-1.094202
0.000000
47.900757
40.825531
-0.294433
-1.574427
-0.865566
1.378456
-1.924699
-6.344656
0.007617
-5.535411
-5.911283
-1.631462
0.894869
4.809359
4.104576
1.710306
3.036331
4.820055
-0.439251
0.000000
44.397728
45.175259
44.049107
10.205338
-1.451821
-1.586619
-1.639885
-6.891795
-1.228740
-3.817627
-1.956342
-0.218946
1.436665
2.077328
0.896395
2.472610
4.221133
6.118834
-0.934884
0.000000
48.346432
31.849344
-0.588516
-1.687295
-1.025547
0.103868
-2.001653
-6.944529
-1.631795
-3.146627
-5.110521
-1.283379
0.875225
2.776257
2.298117
0.272207
5.044186
7.014955
-1.260675
0.000000
47.283218
46.047047
10.883348
-1.629222
-1.577821
-1.318455
-1.722576
-5.202631
-3.114574
-4.930507
-3.549419
-0.991899
0.937046
3.955729
3.665554
0.723667
4.602339
5.536510
0.073775
0.000000
47.502144
42.046757
16.249468
-1.462494
0.548761
1.416185
-1.776630
-7.250812
-0.069115
-4.825387
-3.684271
-1.026114
0.481514
3.158638
3.048943
1.585300
4.156075
5.332576
0.203306
0.000000
46.299889
46.588894
32.854885
-1.365182
-1.058748
-1.683783
-1.632297
-4.960817
-2.885948
-4.753197
-2.534055
-0.542601
0.867397
2.945457
3.082590
3.403843
4.490396
5.770715
0.113170
0.000000
48.536808
39.050510
3.472406
-1.533756
-0.063951
1.208443
-1.441803
-6.561434
-0.690430
-4.540892
-4.480162
-1.638466
0.237261
3.423882
3.219101
1.718264
4.027040
5.603140
0.965147
0.000000
47.355560
47.614899
38.478481
-1.481495
-1.721946
-1.984344
-1.902485
-4.535680
-3.244637
-4.420759
-2.765224
-0.420086
0.956074
1.988930
2.580584
3.896589
4.378821
6.743709
-0.088291
0.000000
47.160957
30.745466
-1.065400
-1.685872
-2.007916
0.201899
-2.600255
-8.138109
-3.551822
-12.245608
-10.296558
-5.797972
0.028675
5.839401
4.952398
1.631205
1.795914
7.643976
-0.155672
0.000000
47.458160
47.633087
32.509514
-1.699073
-1.959954
-2.052956
-2.100594
-4.773629
-3.676007
-5.069401
-3.644307
-0.882612
1.215273
2.941328
2.982523
3.314518
4.363350
7.445946
0.358292
0.000000
49.109196
40.604099
0.942701
-1.608875
-0.409573
1.117716
-1.934741
-6.914470
-1.347349
-3.085583
-6.789008
-2.902072
0.269157
3.745394
3.432795
1.270245
5.066544
6.850029
-0.048015
0.000000
46.985382
47.441872
33.096397
-1.594954
-1.817260
-1.888153
-1.999984
-4.842551
-5.041090
-3.949277
-3.612247
-0.878189
0.822401
2.379271
2.600754
3.236557
4.551208
7.485996
-0.014569
0.000000
49.383465
34.896427
-0.944958
-1.674788
-2.194748
0.733767
-2.660603
-7.560527
-2.115284
-11.128847
-9.333828
-6.713559
0.065149
5.489536
4.155050
1.678650
4.361030
7.489195
-25.485916
0.000000
48.088646
48.378769
30.201777
-1.582199
-1.735359
-2.057459
-1.895077
-3.536788
-3.282118
-6.111562
-4.119328
-1.819643
0.360212
3.820942
3.460848
1.316353
4.339191
7.001279
0.596764
0.000000
48.179432
42.449142
15.663024
-1.691140
-0.080941
1.392726
-2.057337
-6.553678
-0.657777
-4.127276
-5.057512
-1.628875
0.643753
3.084412
2.933943
2.897131
4.461830
7.006014
-0.039778
0.000000
47.583405
45.074562
16.799417
-1.443842
-1.603093
-0.072283
-1.808222
-4.384507
-2.886963
-4.648978
-4.315042
-1.639959
0.431940
3.676771
3.841017
2.432016
4.388903
6.318527
0.284989
0.000000
47.316513
40.885719
10.751442
-1.463693
-1.048208
1.385590
-1.951753
-6.313975
-0.484581
-4.938191
-4.883710
-1.317270
0.822178
3.970606
3.578152
1.815134
4.429358
5.584310
0.511660
0.000000
45.985737
44.098938
22.875652
-1.476401
-1.742443
-1.833543
-1.806663
-4.599449
-3.339332
-4.309208
-3.512031
-0.988358
0.755259
3.155993
3.338419
3.728279
4.330429
5.696866
-0.140120
0.000000
46.824001
40.759304
6.057878
-1.435460
-1.633927
0.750709
-1.880174
-6.260784
-0.031554
-5.293331
-5.271786
-1.368958
0.940224
4.476566
4.001589
1.953325
3.976815
5.088096
0.183847
0.000000
45.299248
45.458466
34.080158
-1.353518
-1.502368
-1.866196
-1.613471
-5.684574
-2.978349
-3.686812
-3.156741
-0.581787
1.057394
3.161980
2.092186
3.343201
4.248604
5.116253
-0.557309
0.000000
46.310406
42.067062
16.986298
-1.441166
-1.849016
-1.826677
-1.660309
-6.556381
-0.443501
-2.747890
-4.844060
-0.724874
0.916885
1.845709
1.518038
1.726551
5.007730
5.992157
-2.216445
0.000000
45.812042
34.812820
-1.092516
-1.657319
-2.066380
1.272561
-2.281365
-14.618613
-4.413137
-4.903566
-8.018858
-4.023739
0.842094
6.072788
5.317989
2.149746
0.780817
5.631694
-24.804295
0.000000
45.493275
46.266029
38.766323
-1.536342
-1.581221
-1.713512
0.360280
-6.451558
-3.161164
-5.242497
-3.134787
-0.771599
1.267105
2.819468
2.216141
2.619625
3.963945
6.791191
1.000874
0.000000
50.170155
37.529949
2.685956
-1.689800
-0.319284
1.735509
-2.237444
-7.537775
-1.733519
-4.043193
-6.430299
-3.743572
0.487425
2.968676
4.054632
2.364059
4.713071
6.580918
0.541698
0.000000
48.116924
46.627270
17.364513
-1.440678
-2.293993
-1.040942
-1.992983
-5.373257
-2.538493
-5.468197
-4.825706
-1.933834
0.371086
3.352026
4.776180
1.764605
4.315638
7.115089
1.709121
0.000000
48.758999
42.587585
19.155510
-1.489856
-0.626935
1.263796
-2.077616
-7.641013
-1.335427
-4.389527
-5.594083
-1.963329
0.465168
2.853838
3.977039
1.435007
4.404108
6.473581
0.923683
0.000000
47.818733
45.200161
15.881514
-1.481286
-1.914571
-0.448671
-1.780563
-4.709578
-2.345124
-6.215932
-4.623729
-1.960928
0.194519
3.518351
4.908211
2.325657
4.119261
6.683064
1.892522
0.000000
48.476387
41.449856
23.677284
-1.570281
0.204364
1.329689
-1.958327
-8.192909
-1.601081
-3.910234
-4.951387
-1.475560
0.441008
2.335274
3.707056
1.112389
4.513176
6.382977
0.771101
0.000000
47.997833
45.356934
12.205501
-1.403507
-2.048263
0.528646
-1.879765
-5.564704
-2.413325
-4.249987
-5.386090
-1.940724
0.117764
2.506271
4.693655
2.016287
4.702192
6.250122
0.733282
0.000000
48.359497
41.935085
7.730933
-1.597610
-1.994583
1.322200
-1.911348
-7.357093
-1.606703
-4.354115
-5.825452
-2.037724
0.359152
3.166479
4.596870
1.659636
4.437073
6.496186
1.064927
0.000000
47.211143
45.437958
21.246487
-1.493289
-1.649558
-0.678913
-1.787720
-6.264457
-2.402513
-4.846149
-4.645831
-1.388651
0.417849
3.077618
4.577444
1.546721
4.301130
6.089248
1.383621
0.000000
47.945740
43.595539
23.032064
-1.423576
-0.657809
0.770990
-1.826765
-7.425467
-1.696001
-3.822121
-4.814391
-1.379114
0.237499
2.562519
4.276869
1.422596
4.428190
6.169215
1.200847
0.000000
47.986942
43.426453
16.771706
-1.338646
-1.201045
1.018698
-1.829573
-6.732324
-1.811726
-4.236420
-5.200475
-1.669394
0.105331
2.677374
4.539558
1.967102
4.404224
6.263875
1.277504
0.000000
47.961304
42.150280
14.533497
-1.397651
-1.212752
1.176534
-1.793054
-7.553570
-1.873064
-3.912313
-5.209665
-1.459184
0.284653
2.560528
4.336918
1.179098
4.394413
6.278098
1.097326
0.000000
47.622208
44.509754
16.099596
-1.349137
-1.929931
0.455206
-1.717642
-6.920406
-1.979124
-3.818746
-5.269653
-1.430976
0.228781
2.757618
4.607328
1.803616
4.401396
6.085739
1.362704
0.000000
47.634121
43.758896
20.579977
-1.386947
-1.174067
0.662167
-1.826295
-7.047133
-1.886683
-4.005740
-5.132668
-1.500139
0.125546
2.923254
4.518448
2.068132
4.157116
5.755711
1.829526
0.000000
47.593681
43.374901
25.741066
-1.427419
-0.356660
0.676245
-1.731708
-7.798807
-2.126070
-3.537086
-4.585174
-1.025879
0.207201
2.292463
4.038776
1.331970
4.544176
5.751759
1.666762
0.000000
47.407845
46.210304
25.978935
-1.194226
-0.803155
1.259779
-1.715774
-6.643349
-1.958232
-3.580268
-4.926437
-1.195143
0.146702
2.072018
3.874517
1.662750
4.304577
6.259407
1.479217
0.000000
48.542885
42.281574
10.227234
-1.447334
-1.775079
1.770140
-1.849497
-7.424064
-1.709703
-3.256800
-6.578507
-2.154136
-0.245970
2.987852
4.698236
2.152102
3.204111
5.676442
2.141815
0.000000
46.667831
45.824871
34.779488
-1.451756
-1.649792
-1.623744
-1.653704
-6.743249
-2.769314
-4.692749
-3.850515
-0.880896
0.400803
2.972691
4.011570
1.689255
4.486642
5.160326
2.476041
0.000000
48.449448
44.081593
25.637280
-1.384854
-0.851719
0.315922
-1.814145
-8.652708
-1.268949
-3.080490
-4.901505
-0.761392
0.224138
2.330833
3.774055
1.227045
4.636066
5.367284
2.682117
0.000000
48.363468
43.903942
30.514887
-1.198007
-1.538392
0.132732
-1.676053
-7.885095
-2.217889
-2.619662
-4.682037
-0.722399
0.186836
1.909458
3.264269
3.068708
4.307041
6.082371
1.390952
0.000000
48.732002
42.090641
3.537212
-1.402869
-1.823614
0.823646
-1.866270
-7.599815
-1.382840
-3.157634
-6.398479
-2.018257
-0.056505
2.496264
4.780554
1.715263
4.201921
5.762366
0.939754
0.000000
46.911942
44.788113
13.277836
-1.301504
-2.338498
-0.636867
-1.679518
-7.309720
-2.157981
-4.042959
-5.163123
-0.739745
0.370035
2.981966
4.698788
1.646402
4.470299
4.883936
2.222954
0.000000
47.273155
46.115784
36.650536
-1.230713
-0.683843
0.177835
-1.650624
-8.251416
-1.891529
-3.137873
-4.419748
-0.567403
0.172106
2.231182
4.042866
1.543308
4.648377
4.802675
1.832721
0.000000
47.791668
43.820065
26.944342
-1.223652
-0.622004
0.972291
-1.665988
-8.351942
-1.608689
-2.600776
-4.818502
-0.887704
-0.052992
1.842934
3.348951
1.213457
4.503901
5.606927
1.251282
0.000000
47.739037
43.900551
11.152668
-1.353951
-2.211783
0.893739
-1.699036
-7.880548
-2.213643
-2.541945
-5.895500
-1.606380
-0.194170
2.272690
3.352320
2.506964
3.431854
6.122763
1.882113
0.000000
47.594250
42.820599
15.088214
-1.372795
-2.442741
0.520692
-1.793433
-8.614340
-2.489958
-2.388114
-6.014103
-1.751977
-0.098259
2.439070
3.650007
1.746794
3.233267
6.427058
2.396735
0.000000
47.187775
45.171825
25.248999
-1.300103
-2.205456
0.008899
-1.736860
-7.266925
-2.776212
-2.447389
-5.991186
-1.490590
-0.109766
2.327555
3.414270
1.600620
3.403605
6.302577
2.505093
0.000000
47.848724
44.009819
20.125250
-1.387375
-2.123847
1.165865
-1.884864
-7.323768
-2.166890
-2.670701
-6.643419
-2.207589
-0.593418
2.365845
3.881849
2.203012
3.213057
6.339151
2.760756
0.000000
47.063560
45.075314
29.133081
-1.432065
-1.115542
0.139338
-1.782102
-7.180532
-2.818867
-2.703546
-5.778004
-1.575749
-0.248909
2.143801
3.901773
2.273201
3.351168
6.098575
3.129004
0.000000
47.787380
45.533886
32.663891
-1.308526
-0.378682
1.205276
-1.836977
-7.221979
-2.376794
-2.538911
-5.775989
-1.728456
-0.489048
1.831440
3.040709
2.093382
3.503876
6.252744
2.976273
0.000000
47.864021
45.689697
24.903019
-1.248009
-1.511843
1.551846
-1.803012
-6.741381
-2.720697
-1.970242
-6.477892
-2.010383
-0.502789
1.803120
2.795311
1.925184
3.590433
5.945897
2.468112
0.000000
47.968029
43.485443
15.935658
-1.439180
-2.486521
1.339404
-1.885210
-6.599936
-2.798219
-2.296407
-6.887314
-2.276275
-0.524656
2.033882
3.448198
2.138103
3.229330
6.339869
2.740638
0.000000
47.388546
45.794697
25.996971
-1.390047
-1.874562
0.389511
-1.830276
-6.334270
-2.854275
-2.442919
-6.465358
-1.773855
-0.446939
1.938316
3.613905
2.243546
3.104090
6.238796
3.324683
0.000000
47.905834
45.555725
29.102736
-1.372592
-0.403986
1.447394
-1.909737
-7.945974
-2.509108
-1.975250
-5.884995
-2.020616
-0.515182
1.730698
2.320900
1.361139
3.577950
5.709930
1.987926
0.000000
47.288258
46.246368
17.352449
-1.421207
-2.396860
0.281665
-1.828400
-5.517570
-2.151487
-3.841045
-6.581640
-2.006721
-0.662315
2.023451
4.091127
2.471531
2.923630
6.110187
3.775696
0.000000
47.558903
47.865227
36.473778
-1.511812
-0.124696
0.583656
-1.807109
-7.131476
-3.151999
-1.792922
-5.847090
-1.532083
-0.545204
1.620808
3.372726
2.317698
3.558914
5.748530
3.673357
0.000000
48.021561
46.552238
34.298363
-1.277664
-0.516465
1.192846
-1.876424
-7.981102
-2.521737
-1.668477
-5.802775
-1.732901
-0.570248
1.572824
2.133972
1.434336
3.695839
5.649759
2.278579
0.000000
47.871105
44.808006
12.511395
-1.432102
-1.953300
0.658013
-1.825024
-6.279311
-2.528816
-2.835841
-7.189290
-2.093206
-0.690531
2.077831
4.229372
2.586744
1.935698
5.618733
3.621878
0.000000
46.876652
47.407257
40.391415
-1.383050
-0.905868
-0.420987
-1.684184
-8.225058
-2.890209
-2.225717
-5.250731
-0.948471
-0.245356
1.776413
3.558376
2.250835
3.722979
5.424644
3.592492
0.000000
47.940845
46.896904
36.588123
-1.225688
-1.164896
0.298599
-1.785788
-8.908586
-2.368205
-1.838372
-4.954082
-1.449839
-0.469584
1.849903
2.911562
3.256054
3.062145
5.927517
3.243454
0.000000
48.153461
44.287712
20.450003
-1.311261
-1.853282
0.170546
-2.000087
-5.728018
-1.950581
-2.729293
-7.303301
-2.981860
-0.936192
2.706173
4.515356
2.729813
2.565947
5.906831
3.624062
0.000000
46.765491
45.111645
34.375271
-1.262222
-2.232403
-1.430860
-1.803806
-7.501756
-2.535676
-3.804859
-5.127263
-1.468700
-0.146023
2.505518
3.874878
2.122637
3.431385
5.469122
3.447339
0.000000
47.216370
45.473335
38.760712
-1.088910
-2.130702
-0.780915
-1.727148
-7.283792
-2.599355
-2.269001
-5.546338
-1.358998
-0.053942
2.356480
3.278446
3.877928
2.967443
5.929086
2.486995
0.000000
48.205399
41.498672
11.339233
-1.427466
-1.704227
0.356403
-2.037747
-8.167551
-1.718936
-2.497853
-6.709245
-3.624821
-0.456688
3.115437
4.655590
2.142845
2.668472
5.636085
1.785019
0.000000
46.922142
45.535744
26.009085
-1.152400
-2.018743
-1.378298
-1.731051
-6.422000
-1.759387
-4.963986
-5.424690
-1.311805
0.003853
2.875616
4.052887
2.222370
3.267002
5.693573
3.603490
0.000000
47.591007
43.620399
38.827946
-1.239845
-1.616202
-0.161499
-1.825051
-7.890295
-2.721094
-1.845600
-5.469938
-1.697798
-0.210052
2.311928
3.045177
3.724298
3.274305
5.747645
1.807329
0.000000
47.401062
42.449718
6.744919
-1.586125
-1.866243
0.351063
-1.974985
-6.536916
-1.580665
-3.540433
-7.538175
-3.181097
-0.532679
3.136866
4.899563
2.444616
2.701811
6.271774
2.868950
0.000000
45.984184
46.151737
36.383430
-1.345336
-2.180646
-2.137344
-1.747732
-7.935304
-2.375476
-4.405787
-4.850335
-1.185671
0.299175
3.031408
3.753365
3.288496
3.139977
5.337807
2.665034
0.000000
46.751289
45.099869
38.658997
-1.182925
-2.023210
-2.002449
-1.654303
-8.063876
-2.695445
-2.840220
-5.238635
-0.966957
0.371595
2.652208
3.694721
4.071203
2.942289
5.456187
2.138812
0.000000
47.599461
42.384678
24.453100
-1.204296
-2.245310
0.175726
-1.807573
-7.282205
-1.824386
-2.723898
-6.328679
-2.090465
-0.097778
2.805901
4.340166
4.002016
3.182541
5.900743
1.788249
0.000000
47.331070
39.902843
13.608518
-1.386272
-2.390242
0.485079
-1.823784
-6.725830
-2.218879
-3.732531
-6.354543
-1.699989
0.075018
3.797716
5.113754
2.368771
3.639271
4.703831
2.476692
0.000000
46.053886
45.230377
44.633144
6.490293
-1.480596
-1.829306
-1.590208
-8.329396
-2.961796
-3.916605
-3.839020
-0.625494
0.548134
2.270123
3.566629
3.733105
3.977141
4.991878
1.405531
0.000000
48.102093
40.938599
16.769012
-1.250860
-1.776967
0.034758
-1.841770
-8.104088
-1.541896
-2.433010
-4.952568
-1.319364
0.209280
2.505123
3.434225
3.542274
3.899780
6.040437
1.047865
0.000000
47.885231
45.397522
15.767750
-1.277104
-1.935091
-0.224318
-1.771285
-6.938601
-1.709976
-3.136148
-6.262269
-1.664775
0.080330
3.183548
4.935024
2.095936
4.293070
5.597035
1.715065
0.000000
47.612873
42.426907
25.045710
-1.257889
-1.515478
0.309560
-1.744763
-8.474419
-1.893789
-2.963099
-4.850531
-0.798913
0.350386
2.524529
4.109541
2.845646
4.520887
5.368268
1.304956
0.000000
47.316177
44.878616
20.209175
-1.210574
-2.025734
0.157110
-1.660066
-7.210629
-1.644970
-3.556604
-5.338409
-1.074716
0.258286
2.568932
4.502340
2.770712
4.354427
5.706584
0.897053
0.000000
47.378868
42.747177
14.146679
-1.337835
-1.964520
0.693862
-1.735730
-7.665841
-1.767637
-3.389859
-5.556516
-1.269320
0.337767
2.940866
4.425850
1.622486
4.347700
5.753938
1.092969
0.000000
46.837791
44.802467
21.315882
-1.362729
-1.493964
-0.260949
-1.591008
-6.885697
-2.416641
-3.700988
-4.806693
-1.046377
0.343681
2.779558
4.450489
1.761395
4.326994
5.615164
1.254975
0.000000
47.191635
45.831154
25.579336
-1.253400
-0.239719
1.436172
-1.519620
15.337639
14.954742
15.128259
14.604352
14.136362
1.416596
30.382105
33.169277
31.793924
30.649088
28.830082
26.643507
23.978838
21.122118
18.242231
15.528596
12.914263
10.351649
7.585340
2.986230
-0.005411
-0.693760
5.124408
-11.248465
-8.568690
-10.610121
-9.121195
-0.723486
6.475286
12.493069
9.481381
9.492222
9.413141
-1.704195
0.000000
52.643425
52.693703
50.209785
32.234032
11.417317
2.167141
4.572145
-30.980110
-9.745579
-2.642840
-10.106247
-9.969007
-0.845636
6.553612
7.647243
4.883721
4.834798
5.637713
-8.330408
0.000000
47.653618
49.668468
48.919025
41.607445
2.995535
-2.183269
1.120674
4.592641
-8.105488
-7.974383
-7.727419
-4.002884
0.957241
6.092756
5.308735
2.802618
1.797029
3.049033
6.463185
0.000000
39.266636
42.712162
43.467018
5.703981
-1.836307
-2.193945
1.287674
-2.058567
-7.543264
-7.545324
-6.410196
-4.199566
1.650295
6.331175
4.265949
0.906267
0.945108
3.147102
6.604898
0.000000
38.356518
41.448833
42.765469
15.658459
-1.813591
-2.232423
-2.206070
-8.707885
-8.263121
-5.408850
-5.215570
-2.293514
1.901333
5.855213
4.003418
0.586700
0.155901
4.384269
5.898812
0.000000
38.536297
41.362984
42.678265
17.991064
-1.777988
-2.004614
-1.296781
-11.938137
-7.186387
-5.599157
-5.355341
-2.223404
0.798529
4.195414
3.558765
0.153334
-0.523146
4.424138
5.222985
0.000000
40.074841
41.358376
43.720345
21.604694
-1.712285
-1.922982
-1.807269
-13.975323
-6.001353
-5.324927
-4.906794
-2.084789
1.006519
4.271486
3.850687
0.281345
1.218521
4.139045
6.277204
0.000000
45.703926
44.496262
33.559532
-1.497641
-1.526905
-1.387933
-2.368483
-22.796238
-4.514357
-3.911844
-7.305606
-4.895792
-0.048649
5.842236
6.406244
2.468627
0.233561
3.877870
4.330105
0.000000
41.371334
43.020191
44.108170
31.836630
-1.319288
-1.702941
5.525849
-8.736689
-8.890397
-3.440939
-3.427544
-1.230530
1.341764
4.145758
3.921854
3.705835
0.434557
5.336783
7.207342
0.000000
46.753990
39.584900
-1.038886
-2.263755
-2.600673
-1.438220
-3.091242
-18.642899
-2.413084
-3.031903
-7.996912
-11.687634
-6.695137
4.603312
10.705572
5.626337
2.548405
4.870259
4.211473
0.000000
45.043877
45.354942
45.974514
17.731174
-2.131781
-2.322612
-2.208583
-20.475491
-4.620998
-4.547543
-6.955395
-3.713139
0.807781
5.213345
5.848757
2.557278
1.932081
4.248671
5.202929
0.000000
45.849037
44.776978
45.327332
21.747570
-1.944455
-2.278686
-2.212066
-24.904135
-5.608640
-3.413712
-5.838292
-3.032312
0.706577
4.937922
5.720779
4.726871
2.311055
4.035017
5.897933
0.000000
56.378258
47.067020
45.931599
20.236778
-2.046907
-2.282834
-2.306308
-24.072517
-5.007464
-3.371190
-6.014789
-3.447683
0.474199
4.853413
5.822918
6.114854
1.830374
4.140676
8.680852
0.000000
48.722843
47.550575
43.423283
-1.667236
-3.034089
-4.783133
-2.588012
-25.185616
-2.962725
-4.872815
-6.255944
-4.616083
-0.140661
5.001499
6.622536
5.193867
1.811001
4.807454
8.056565
0.000000
52.381992
47.198547
47.305500
-1.902199
-3.466315
-3.181726
-2.315528
-18.190956
-4.486459
-4.988297
-6.510414
-4.106480
0.230824
4.817890
6.012787
4.060821
3.373555
4.050184
6.385786
0.000000
45.852005
46.538952
46.330589
11.577531
-3.374408
-3.414096
-2.348547
-17.535856
-5.380509
-4.940618
-6.143946
-4.126286
0.237053
4.975246
5.917702
3.761250
3.186172
4.107381
6.630662
0.000000
50.315636
46.842449
45.156399
12.705368
-3.154447
-2.505271
-2.385346
-19.037691
-5.208789
-4.506229
-6.425838
-3.734226
0.223320
4.782925
6.089571
3.954076
3.534470
3.988748
5.971385
0.000000
46.434902
46.592934
43.753918
11.989266
-3.082544
-2.483447
-2.367257
-20.526798
-5.143742
-4.199805
-6.244935
-3.778513
0.330585
4.992632
6.077917
6.254519
2.439273
4.312847
7.483486
0.000000
47.607986
47.254978
43.922146
1.728564
-2.790326
-2.490555
-2.424775
-22.860044
-4.720020
-4.115895
-6.081879
-3.533281
0.298883
4.898155
6.270273
6.448617
2.378315
4.251572
7.886016
0.000000
54.474365
47.720062
43.572456
-1.295228
-2.398129
-3.422036
-2.451213
-22.367985
-4.577558
-4.446081
-6.440443
-3.531357
0.227034
4.857801
6.118335
4.538300
2.972639
4.586946
6.682208
0.000000
50.747620
48.258148
43.955105
10.724712
-2.397942
-2.504574
-2.413136
-21.627251
-5.372718
-4.308472
-6.073443
-3.471354
0.217957
4.762545
6.097929
3.595356
3.000262
4.616108
6.400686
0.000000
54.164501
48.413280
45.089741
16.046574
-2.165884
-2.523371
-2.337943
-20.884310
-5.532834
-3.715276
-6.224858
-3.638643
0.155153
4.621878
5.826414
4.806927
2.645862
4.437024
7.729664
0.000000
46.184082
46.594734
46.932365
-1.503673
-3.755518
-3.610755
-2.346264
-19.186661
-4.717698
-4.580863
-6.326379
-4.135771
0.154760
4.919798
6.381779
4.936844
2.368574
4.428159
7.694464
0.000000
46.741005
47.207001
46.903431
2.414241
-3.727334
-3.410796
-2.362422
-17.088825
-5.400190
-4.599025
-6.552911
-4.083639
0.039228
4.727524
6.279789
4.509074
3.778130
4.046447
5.764421
0.000000
45.987507
46.695427
45.832981
17.118206
-2.935390
-2.446590
-2.325649
-21.232037
-5.534848
-3.816226
-6.024422
-3.478167
0.245825
4.696878
6.005009
5.066282
2.351815
4.283413
7.427584
0.000000
47.051258
47.060863
45.153191
2.666127
-2.264804
-2.520806
-2.399072
-23.083124
-5.028217
-4.042645
-6.033185
-3.264248
0.281773
4.728155
6.056046
5.138628
2.533636
4.362095
7.160347
0.000000
54.114277
47.207226
44.004749
0.574324
-2.210037
-2.558359
-2.443054
-24.304752
-4.842322
-4.097485
-5.981401
-3.390886
0.174225
4.757433
6.147257
5.053280
2.669351
4.614962
6.433711
0.000000
50.084351
48.050602
45.645851
14.688540
-2.165711
-2.504021
-2.359615
-23.252211
-5.247254
-3.732236
-6.141027
-3.390318
0.084583
4.508017
5.821505
3.498417
3.302665
4.353198
5.525025
0.000000
45.925678
46.143921
46.597282
7.102991
-3.427783
-2.738673
-2.276821
-18.729183
-5.563882
-4.425504
-6.496564
-3.485685
0.249472
4.690786
5.881342
3.556372
1.490730
4.329424
4.451133
0.000000
44.234928
44.731369
45.518230
21.063423
-1.879668
-2.314926
-2.165958
-26.251251
-5.926891
-2.640676
-5.458540
-3.105804
0.287048
4.574434
5.708059
5.265574
2.080003
3.983852
5.945882
0.000000
48.366322
47.106201
46.133194
18.028147
-2.012747
-2.229243
-2.259119
-26.956171
-5.345851
-2.879447
-5.151785
-2.923140
0.315275
4.335400
5.325723
5.926163
1.631289
4.700183
8.318488
0.000000
52.763393
50.093811
41.562649
-0.488561
-2.363532
-3.070520
-2.635329
-19.740715
-6.000801
-4.189725
-5.934285
-4.390213
-0.929743
4.014194
5.841455
4.312768
2.044344
4.747347
2.923297
0.000000
45.308205
45.771503
46.396088
28.614006
-1.990710
-2.189976
-2.291299
-23.846022
-4.423048
-3.186577
-6.269634
-3.322569
0.424877
4.430651
5.018541
2.347040
3.295403
3.984637
5.475821
0.000000
55.714611
47.271458
44.700256
18.426899
-2.096031
-2.469687
-2.360071
-19.752483
-5.201789
-4.079812
-5.852242
-4.616804
-0.048172
4.702906
5.659248
3.282104
3.246482
4.399282
6.461021
0.000000
47.581932
47.918198
44.641907
12.947220
-2.553668
-2.451793
-2.410910
-19.508436
-5.087251
-4.087933
-6.100080
-4.738201
-0.217625
4.633192
5.916616
3.911255
4.014659
4.142478
5.404885
0.000000
54.265667
48.034023
43.989677
22.729469
-2.138244
-2.830061
-2.340491
-17.621126
-5.232699
-4.107244
-6.118617
-4.631178
-0.490568
4.636259
5.832787
6.212011
2.726589
4.886534
8.149356
0.000000
54.524055
47.735550
44.381958
-1.336801
-3.164994
-3.076374
-2.455157
-15.209550
-5.196164
-4.095247
-6.911430
-5.325808
-0.548697
4.575451
6.203886
4.655546
2.488296
4.349792
4.951754
0.000000
43.772198
44.310337
44.946499
16.228279
-2.844803
-2.379570
-2.313396
-19.982048
-5.293821
-3.968412
-6.114809
-4.143736
0.135809
4.797802
5.891079
3.217942
2.226677
4.262683
3.803486
0.000000
45.074413
44.200012
43.189232
25.656000
-1.831030
-2.068248
-2.202833
-26.320473
-4.916532
-2.164908
-5.645598
-3.046900
0.560036
4.593384
6.319656
4.909857
0.776737
3.718522
5.999749
0.000000
56.079601
48.018578
43.316860
0.972000
-2.190809
-3.751797
-2.504082
-24.683420
-3.983251
-2.514736
-7.066039
-5.415012
-1.281630
4.635069
6.963030
5.001467
1.333644
4.390970
2.645517
0.000000
44.750298
44.984921
44.643063
22.706913
-1.893185
-2.288743
-2.218359
-22.230776
-3.978398
-3.322693
-6.939073
-4.232138
0.335794
4.735544
5.520872
3.007129
3.214638
3.831357
4.660633
0.000000
47.601536
45.201206
44.421814
15.392786
-2.007944
-2.314579
-2.289381
-24.313898
-4.522758
-3.195162
-6.330908
-4.052528
-0.034340
4.509348
5.351891
2.713392
2.868976
3.902848
4.052542
0.000000
46.156914
44.453064
43.856792
18.372919
-1.924763
-2.186888
-2.211351
-24.972120
-4.678211
-3.106397
-6.259943
-3.527737
0.191723
4.475414
5.274155
2.227685
2.900587
3.714367
4.173005
0.000000
48.481960
45.415199
44.461327
17.774517
-1.966656
-2.236957
-2.250179
-25.734652
-4.316939
-2.984779
-6.019129
-3.716581
0.063507
4.426981
5.257986
2.393834
2.493453
3.766391
4.869041
0.000000
46.557026
46.307289
45.117756
12.003625
-2.791041
-2.845389
-2.297706
-22.008656
-4.423395
-3.687202
-6.075546
-4.742037
-0.258461
4.543449
5.667017
3.568262
3.277335
3.896118
4.625947
0.000000
51.477112
46.271023
45.241440
15.048831
-2.811998
-2.374313
-2.292937
-21.818996
-4.554545
-3.481221
-6.200874
-4.575996
-0.152765
4.553402
5.912041
3.423110
3.356376
3.714603
4.872645
0.000000
49.542976
47.109276
46.223953
22.610262
-2.068398
-2.400428
-2.309193
-22.479845
-4.842038
-3.198218
-5.919338
-4.370962
-0.220032
4.449726
5.695381
4.939444
2.787833
4.506223
6.083252
0.000000
53.719639
47.933392
43.808456
9.104097
-2.170654
-2.451447
-2.400848
-20.927425
-5.081899
-3.420902
-6.175685
-4.605480
-0.512127
4.262171
5.848524
4.141079
3.727378
5.005573
5.866516
0.000000
44.731621
49.163498
46.331017
31.996149
-2.044832
-2.407066
-2.231704
1.015039
-9.160279
-2.230773
-6.713368
-3.942575
-0.178093
4.276258
5.464140
6.141666
3.048931
4.705451
8.533095
0.000000
44.180889
48.220863
45.258995
7.390382
-2.244549
-1.976574
-2.332510
7.508300
-9.596163
-2.854791
-7.849016
-5.498446
-1.202829
4.347376
6.390583
5.210586
4.243917
4.697928
7.408430
0.000000
45.491966
48.534302
44.929993
23.711605
-2.225612
-2.045552
-2.300760
10.792198
-7.882724
-3.471587
-7.673394
-4.919159
-1.141338
4.096395
5.888212
5.235084
4.276788
4.951568
7.100709
0.000000
42.580048
48.222115
43.486115
18.788378
-2.215014
-2.653563
-2.383068
9.549940
-8.210085
-3.273471
-7.757319
-5.194645
-1.074110
4.254337
6.223660
5.375222
4.512351
4.800074
6.600963
0.000000
44.869434
49.479450
43.589420
27.138979
-2.162317
-1.946227
-2.231399
9.298704
-8.244904
-2.870940
-7.449159
-4.858032
-1.138071
4.147184
5.922995
4.778368
4.006388
4.232376
8.262954
0.000000
41.631191
48.416470
44.345913
5.661911
-2.274082
-1.753126
-2.382934
10.860291
-8.453043
-3.167235
-8.343489
-5.853724
-1.474224
4.247143
6.598104
5.765343
4.395059
4.711397
6.391337
0.000000
44.126987
48.668072
43.678410
30.707148
-2.159541
-2.747684
-2.284789
6.366730
-8.784285
-2.560955
-7.196937
-4.684944
-0.980656
4.130758
5.928555
5.053591
3.633350
4.369098
8.173412
0.000000
43.969139
48.283211
45.468815
16.250677
-2.183169
-2.292846
-2.276370
9.421284
-8.751684
-2.688032
-7.663498
-5.210108
-1.375603
4.027355
6.108179
5.273654
4.227955
3.968416
7.938455
0.000000
41.665333
48.384239
44.061508
9.769588
-2.269434
-1.856711
-2.394428
8.807974
-9.038391
-2.870062
-8.243795
-5.798006
-1.478556
4.145100
6.514889
5.328082
4.134328
4.658360
6.547807
0.000000
43.564281
48.198090
45.567421
29.498047
-2.146470
-3.279501
-2.287062
6.727513
-8.409567
-2.623340
-7.263430
-4.856293
-0.932341
4.036976
5.849459
4.804843
4.589420
4.785002
6.899633
0.000000
43.408398
48.127197
45.195549
24.674271
-2.178806
-3.326745
-2.275873
9.254244
-8.192110
-2.873060
-7.289585
-5.103363
-0.958590
3.871986
5.818731
5.356273
4.772036
5.135413
6.055120
0.000000
40.664055
47.569176
44.579754
26.264864
-2.161070
-2.417296
-2.320948
6.791629
-8.642620
-2.532985
-7.069543
-4.746609
-0.830145
3.957098
5.850443
4.873551
4.655383
4.582633
6.498927
0.000000
43.919308
48.431396
43.551926
25.484131
-2.099289
-3.319356
-2.242330
6.318072
-8.889107
-2.266905
-7.081282
-4.919384
-0.943060
3.841204
5.707592
4.955956
4.641966
4.395244
7.214763
0.000000
40.820271
47.703381
43.844002
14.603195
-2.213408
-3.423712
-2.348770
7.941201
-8.723794
-2.639632
-7.694266
-5.150303
-1.064274
3.818106
5.987146
5.396655
4.405010
5.286372
5.328772
0.000000
39.716095
47.347923
46.021969
25.096996
-2.101597
-2.406289
-2.279767
2.116225
-8.403361
-1.850743
-7.183956
-4.523127
-0.770721
3.892128
5.718298
4.420754
4.147610
4.520308
6.386389
0.000000
41.403637
47.522144
46.774773
19.208605
-2.132941
-3.468175
-2.246387
4.825680
-8.464917
-2.140073
-7.072725
-5.136292
-1.003696
3.832222
5.913988
4.885227
4.228763
5.131427
5.285630
0.000000
39.100021
45.170795
46.008308
19.397284
-2.050555
-2.396761
-2.300560
-1.208818
-8.098399
-1.390589
-7.598518
-4.608858
-0.871489
3.866901
5.719908
4.288709
3.735418
4.657937
4.526649
0.000000
39.014019
45.419743
44.929111
22.378448
-1.971435
-2.341176
-2.215682
-0.997186
-7.736933
-1.532031
-7.745617
-4.576918
-0.872337
3.733562
5.797995
3.938896
1.357698
4.921015
3.365154
0.000000
38.076180
42.810360
43.148430
33.187996
-1.628307
-2.056730
-1.997536
-10.207287
-7.827283
-0.000048
-7.366589
-4.111155
-0.511087
3.714756
5.033285
2.651729
0.661581
5.175003
3.182590
0.000000
37.285229
43.459332
43.387894
29.527288
-1.634235
-2.069206
-1.964562
-9.177931
-7.411351
0.583185
-6.915303
-4.498856
-0.637548
3.755697
5.445393
2.237444
1.509987
3.355574
7.427482
0.000000
39.469223
48.008488
47.337284
1.671102
-1.913702
0.422099
-1.911576
8.739870
-10.648233
-0.427325
-6.757949
-7.675841
-3.746382
2.676376
6.846519
5.537464
1.971576
4.186618
5.814228
0.000000
37.245338
44.587929
44.546082
9.505733
-2.820390
-3.106687
-2.097893
5.408172
-7.161719
-1.601449
-8.936957
-4.850492
-0.924829
3.577684
5.768858
3.672199
1.027551
4.457239
2.988972
0.000000
24.822166
42.776268
44.033718
42.118977
1.432417
-1.823807
-2.041918
-15.521079
-7.214282
-2.557530
-3.531338
-2.808958
-0.285822
3.267321
4.593203
5.536387
1.018467
4.286518
5.946043
0.000000
41.299107
47.522232
46.466408
0.820734
-2.002491
-3.911013
-2.780890
-2.730777
-8.835255
-1.935247
-6.339257
-6.808122
-2.271132
3.521719
6.627636
5.176628
3.421778
4.446191
5.448513
-16.601759
0.000000
47.235992
47.950359
37.448975
-1.974336
-2.310366
-2.514459
-2.559098
-10.828789
-2.473562
-6.432233
-4.064020
-0.924046
3.371500
5.540045
4.232389
3.499631
5.614276
4.343659
-25.793785
0.000000
45.589664
46.761833
27.086508
-1.887066
-2.393247
-2.612845
-2.266618
-9.628698
-3.102947
-7.157390
-4.658669
-1.067810
3.460958
5.737528
4.233579
1.298592
5.080342
3.579907
4.345852
0.000000
43.423611
44.817074
32.428669
-2.467502
-2.192277
-2.463120
-1.383837
-11.531626
-2.625945
-6.562536
-4.442734
-1.072771
3.461697
5.693726
3.548741
0.790199
5.089566
2.596684
4.413077
0.000000
43.040325
44.309681
38.136665
-1.590380
-1.961230
-2.200104
-2.289330
-15.083658
-1.972575
-6.559579
-4.038851
-0.442753
3.792942
5.600597
2.986914
2.463842
3.988838
5.258265
2.849850
0.000000
47.905510
45.822563
28.234869
-2.043478
-2.076449
-3.238162
-2.402947
-8.088838
-5.695853
-4.885435
-7.228400
-2.214193
3.308691
6.379976
6.755478
2.996582
2.234697
8.999930
-0.657097
0.000000
47.409397
46.580257
8.246884
-1.983196
-2.915529
-3.149487
-2.686144
-6.460034
-4.623725
-6.765578
-6.756193
-2.140171
3.154730
6.173002
5.756952
4.198426
2.197853
8.376549
-0.848615
0.000000
47.145645
47.357147
22.087690
-2.106899
-2.874438
-3.973508
-2.682980
-7.565489
-4.592865
-6.899837
-5.804369
-1.643820
3.124985
5.918667
5.212315
4.265821
2.358058
8.356270
0.320504
0.000000
47.016090
47.484718
22.396338
-2.120098
-1.399039
-2.791615
-2.549282
-7.714515
-4.804090
-6.876656
-5.742621
-2.229082
2.859081
5.957344
5.626542
4.429599
3.018318
7.453764
0.347563
0.000000
47.639446
48.662247
32.868027
-2.078497
-0.981337
-3.047171
-2.372661
-8.986013
-4.774139
-7.054587
-4.702044
-2.244152
2.694733
5.269543
5.032850
4.042499
5.050130
5.518359
-18.768642
0.000000
47.251453
48.290127
30.998512
-2.088014
-3.260403
-2.786209
-2.556891
-8.330946
-4.060500
-7.430074
-5.348192
-2.093880
2.911766
5.499865
4.837934
2.335380
5.427426
4.002602
-20.584637
0.000000
43.863594
45.279255
30.263620
-1.898165
-2.239118
-2.462748
-2.461776
-8.696622
-2.641391
-7.218733
-5.107502
-0.996750
3.450188
5.592358
3.863344
3.904647
4.457066
4.101539
-20.016666
0.000000
46.565403
47.538658
36.843803
-1.899894
-2.176889
-2.428980
-2.635968
-10.346548
-1.794986
-5.857981
-4.530426
-1.155403
3.355661
5.496767
4.932688
4.146956
4.565556
5.428589
-5.429050
0.000000
48.121368
45.454208
31.863922
-1.966357
-3.303659
-2.764245
-2.596365
-8.638239
-3.580046
-6.491649
-5.741037
-1.778032
3.129112
5.660728
5.220047
2.513871
5.395277
4.303217
-10.782717
0.000000
45.689419
46.553818
27.399931
-1.952518
-3.128715
-2.632733
-2.391897
-7.917028
-3.737462
-7.584168
-5.541494
-0.921654
3.766399
5.725918
4.394089
1.968702
5.097042
4.087008
-17.993578
0.000000
44.893208
45.994801
34.185703
-1.896003
-2.255323
-2.506789
-2.537097
-9.585583
-2.763343
-6.233964
-5.092705
-0.965532
3.851816
5.915600
6.597290
2.990472
4.002785
5.214927
0.000000
43.406876
48.125370
48.666119
36.792561
-1.877647
-2.331726
-2.239321
-2.567211
-8.461300
-0.758920
-6.115665
-5.192926
-1.437195
3.099539
5.280134
4.607826
2.202397
5.281600
3.904651
0.000000
40.954155
44.766777
44.418148
17.716312
-1.929359
-2.876350
-2.097527
0.100647
-6.551004
-1.543075
-7.479554
-5.151628
-0.613722
3.881495
5.641375
3.531533
1.324180
4.765373
3.340938
0.000000
35.892513
42.713676
42.914303
36.234783
-1.728757
-1.981046
-2.097430
-10.558700
-8.215989
-0.231690
-7.380293
-4.324568
-1.008738
3.379801
4.566004
2.202150
0.451012
4.703665
3.097919
0.000000
39.702858
42.616493
42.792156
38.238052
1.786422
-1.717327
-1.920156
-12.071834
-6.222830
-1.115254
-5.109764
-3.206816
-0.226145
3.414688
4.465088
5.004230
1.573122
4.082096
6.250527
0.000000
41.235687
48.189491
43.086235
-1.542320
-2.138736
-1.242134
-2.687369
-0.862520
-13.401697
-1.084689
-6.425327
-9.414927
-7.237804
2.716722
9.903122
7.752161
1.761574
3.833444
5.471571
0.000000
40.716290
44.794365
44.924091
1.219286
-2.398554
-1.713973
-2.022937
8.005632
-5.293019
-2.633606
-8.709911
-5.553282
-0.736427
4.022852
5.807081
3.967142
1.166840
3.201571
3.766363
0.000000
33.596855
41.398548
42.991570
41.494801
2.649431
-1.869310
-2.132947
-7.517673
-6.266248
-3.751484
-4.148590
-2.972071
-0.152197
3.589552
4.321295
4.717294
0.266027
3.947897
7.052660
0.000000
42.149364
48.422409
37.848972
-1.728670
-2.155253
-2.401503
-2.564197
0.195941
-10.004694
-0.986856
-6.921250
-10.586190
-5.538671
4.215412
9.483809
5.970221
1.824103
3.941659
5.381978
0.000000
39.930489
44.052280
44.662457
22.788551
-2.554863
-2.402217
-2.017029
13.759584
-6.791134
-2.895416
-8.333988
-4.972803
-0.687134
3.858700
4.737259
2.770432
0.665299
3.694156
4.769470
0.000000
35.390549
42.018269
42.558929
37.861534
-2.000688
-1.882364
-2.103931
-8.511930
-7.571513
-3.301293
-3.980108
-2.830282
-0.058002
3.670532
4.565691
4.853142
0.659861
4.003068
6.921507
0.000000
40.954670
47.137524
46.923710
-1.542565
-2.194452
-4.719396
-2.461393
-2.128883
-8.684367
-1.485550
-6.400644
-8.516617
-2.859602
4.057064
7.109184
4.489128
1.333973
4.626063
4.303631
0.000000
40.434715
44.673084
45.030312
40.606045
-2.031732
-1.914378
-2.035000
2.578897
-7.835789
-3.014614
-5.196802
-3.041698
0.084360
3.821796
4.595953
3.897247
2.039978
4.298516
6.892513
0.000000
43.494175
47.369213
43.592590
-1.605568
16.575865
15.149190
14.860752
14.645851
14.354483
13.856149
13.339931
12.882070
12.403159
11.908550
11.463822
11.067958
10.600344
10.232899
9.783843
9.321648
8.866368
8.305477
7.712896
7.184112
6.608531
4.684525
1.892309
-1.005759
-3.405946
-5.749160
-6.696434
-7.022400
-3.960532
-3.013229
-4.411862
-4.411594
-4.364318
-4.281110
-4.134260
-3.867641
-2.079457
41.220020
28.611101
22.525850
0.279443
17.008318
15.979855
15.828073
15.732359
11.907075
8.940829
12.186531
12.712060
28.490656
27.300770
26.102020
24.834108
8.449210
-0.934109
1.111870
1.027948
0.958796
0.614459
1.977165
0.475131
2.014130
-3.389856
-9.255191
-7.872684
-2.410443
-2.332363
-3.658533
-2.323557
1.283813
0.600357
0.000000
56.212883
52.076653
18.583170
2.071596
2.486957
2.666842
-0.997081
32.755493
-3.624502
-2.223026
-4.949163
-7.063622
-4.031171
-0.734462
-1.525307
-1.754723
-0.021164
3.370803
1.371735
0.000000
55.692596
52.161671
43.722599
12.751046
-1.623232
-1.604561
-1.587665
24.081627
-5.579246
-2.328842
-1.559016
-1.805802
-0.728895
0.251056
-2.010263
-3.266752
-1.186308
1.295956
-0.825699
0.000000
59.245026
50.952091
33.914265
0.396813
-1.137542
-0.239831
-1.380467
-3.423645
-1.241350
-1.063013
-3.160562
-2.964816
-1.427610
-0.108901
-2.001470
-2.742495
-0.802013
3.150285
-0.078100
0.000000
55.337212
52.878983
38.988674
10.765247
-1.145512
-1.169448
-1.062097
22.569708
-7.406216
-1.514524
-1.996713
-0.885472
-0.801002
-0.304925
-2.236403
-2.199205
0.646004
4.062756
-13.222365
0.000000
28.899984
22.117218
16.805136
8.682403
2.082915
1.140060
14.190185
43.111526
-11.879714
-0.733468
-2.297534
-0.566533
-0.594779
-0.139425
-2.023564
-2.587320
-0.257553
2.943319
0.205030
0.000000
38.936283
31.037554
19.995216
8.205584
-0.055533
-1.067866
-0.730150
23.687281
-3.514332
-3.468910
-2.138715
-1.418903
-0.571167
0.128245
-1.903626
-2.978965
-0.476925
2.357457
1.176011
0.000000
53.673492
53.000549
42.534031
13.888103
-1.762539
-1.516951
-1.343205
-1.111496
-3.015349
-1.725212
-2.194332
-1.670428
-0.733700
0.025530
-2.073898
-3.219044
-0.639709
2.407230
0.835292
0.000000
53.860073
47.683098
35.584690
11.884413
-1.382504
-1.370095
-1.162454
11.540360
-3.841869
-2.980318
-1.981499
-1.111433
-0.831306
-0.115635
-2.147956
-2.970953
-0.372175
2.753686
0.504184
0.000000
48.011002
41.330864
28.632540
8.969816
-1.432143
-1.378581
-0.945611
16.518978
-3.373876
-2.399687
-2.103170
-1.219420
-0.786946
-0.034762
-2.141920
-2.997692
-0.492510
2.655160
0.845429
0.000000
54.121403
49.347572
35.984520
10.198572
-1.384015
-1.394076
-1.165336
9.568003
-3.960381
-2.379392
-2.077902
-1.304525
-0.816214
-0.145180
-2.240499
-3.165758
-0.536070
2.598629
0.808414
0.000000
51.875633
46.073151
32.985615
9.672199
-1.417415
-1.399338
-1.123428
11.386775
-3.259546
-2.292395
-2.193947
-1.404924
-0.844001
-0.098412
-2.139224
-2.954151
-0.431158
2.777450
0.883289
0.000000
52.371971
46.718948
33.237633
9.684304
-1.397091
-1.363241
-1.115146
13.307480
-3.573095
-2.445224
-1.990795
-1.342253
-0.788222
-0.109688
-2.182543
-2.988579
-0.479271
2.728981
0.873221
0.000000
52.363838
45.865509
32.509499
9.022878
-1.409848
-1.386050
-1.163449
11.030730
-3.933550
-2.600716
-1.858927
-1.224758
-0.648043
-0.008663
-2.094844
-3.051504
-0.584570
2.619033
0.904558
0.000000
52.112843
47.806797
34.619980
8.659082
-1.412449
-1.452703
-1.238134
7.360763
-4.069245
-2.511669
-1.915864
-1.227243
-0.588631
0.055726
-1.943683
-2.824541
-0.287487
3.027413
0.937713
0.000000
52.026089
46.356487
33.324299
10.869812
-1.358284
-1.323853
-1.096304
10.786282
-4.100222
-2.486671
-1.737243
-1.095054
-0.646250
-0.097291
-2.141629
-3.004791
-0.500051
2.747889
0.869920
0.000000
51.347092
44.266232
31.302647
8.899231
-1.408364
-1.412002
-1.177081
7.835740
-4.167817
-2.464718
-1.787471
-1.071700
-0.543593
0.059440
-1.983796
-2.936289
-0.369335
2.810085
0.950309
0.000000
53.420715
48.376778
35.457470
11.089128
-1.354766
-1.337900
-1.131400
7.704827
-4.812758
-2.565759
-1.753078
-1.132102
-0.620289
-0.119128
-2.202415
-3.179310
-0.600838
2.729148
0.851317
0.000000
49.818169
42.733570
30.344185
9.447891
-1.414013
-1.408053
-1.128495
7.843794
-3.996317
-2.383780
-1.888223
-1.091188
-0.594275
0.047471
-1.941019
-2.821751
-0.365532
3.088524
1.080833
0.000000
52.156693
47.108524
34.517990
11.915288
-1.327825
-1.287602
-1.077832
9.493733
-4.306983
-2.371445
-1.606143
-0.998140
-0.610582
-0.124172
-2.159678
-2.952448
-0.312740
2.960867
0.887884
0.000000
49.007553
42.286572
29.698195
10.653054
-1.355818
-1.242181
-0.852314
16.071297
-4.988674
-2.855838
-1.234019
-0.882332
-0.482712
-0.036984
-2.137826
-3.019218
-0.446388
2.726083
1.042778
0.000000
51.055290
46.420982
34.060154
9.169244
-1.373765
-1.420747
-1.218346
2.246524
-4.770527
-2.235595
-1.497523
-0.900797
-0.321596
0.156713
-1.862949
-2.791058
-0.707081
3.209030
0.984128
0.000000
51.490284
45.802883
33.532799
12.623319
-1.289569
-1.248466
-1.037199
7.186712
-4.874545
-2.397017
-1.282182
-0.732128
-0.435963
-0.065710
-2.063308
-2.919928
-0.344469
2.922517
0.903521
0.000000
48.835903
41.621288
29.438931
11.152611
-1.337925
-1.240740
-0.819449
14.357700
-4.674288
-2.809059
-1.205693
-0.645304
-0.458706
-0.040111
-2.245480
-3.373499
-0.844028
2.269965
1.017893
0.000000
51.137531
49.713989
37.210407
9.063305
-1.656381
-1.491896
-1.238681
-3.327215
-3.549510
-1.447074
-1.827348
-1.051267
-0.339653
0.166820
-1.974023
-3.061659
-1.090532
2.894143
1.255892
0.000000
53.745396
52.363400
41.084621
15.071006
-1.202304
-1.213417
-1.092892
-0.118465
-5.345200
-1.758351
-1.066604
-0.457151
-0.307544
-0.075874
-2.197391
-3.122486
-0.693426
2.830062
0.603058
0.000000
46.370022
39.675858
28.793188
12.842534
-1.184118
-1.148740
-0.768898
9.054443
-4.926301
-2.188028
-1.311788
-0.439468
-0.435810
-0.087527
-2.062861
-2.862148
-0.448219
3.091402
1.039145
0.000000
48.820801
42.918652
31.336365
12.761763
-1.245640
-1.139545
-0.739467
14.686289
-7.130985
-3.091597
-0.354260
-0.209246
-0.380131
-0.168449
-2.535593
-4.229900
-1.772608
1.365024
0.916034
0.000000
51.133675
49.789753
38.339882
7.263223
-0.376512
0.169521
-1.061417
-2.526133
-1.859343
-0.795907
-2.587753
-2.318998
-0.685107
0.082915
-2.014363
-2.899488
-1.081930
3.659858
1.350777
0.000000
53.463978
49.962280
36.973751
12.680840
-1.118633
-1.104223
-1.039804
14.968098
-8.208879
-1.825181
-1.272414
-0.327213
-0.413687
-0.208491
-2.043797
-2.500908
0.281981
3.722878
0.599673
0.000000
38.413403
30.004513
21.006792
11.345548
1.977847
-1.059976
0.306916
28.540102
-7.101386
-2.229638
-0.777676
-0.519506
-0.073163
0.021553
-1.858482
-2.494719
0.042000
3.483651
0.941825
0.000000
45.215660
36.766289
25.361448
13.295999
0.869563
-1.164966
-0.755821
21.906874
-5.485528
-4.023178
0.098633
-1.062168
0.026335
-0.006221
-1.924222
-2.887787
-0.317518
2.876693
1.049860
0.000000
49.089043
42.523937
30.936764
13.691342
-1.269949
-1.300818
-0.983091
6.457551
-4.073895
-2.457956
-1.717817
-1.420872
-0.483480
-0.038342
-1.910259
-3.135578
-0.501530
2.433549
1.569140
0.000000
53.519741
49.739395
37.894855
13.954113
-1.328928
-1.401526
-1.221668
-1.503831
-3.138027
-1.541193
-1.811400
-1.496836
-0.509419
0.059342
-1.916033
-3.050455
-0.365997
2.662066
1.428547
0.000000
53.332233
48.427547
36.610363
14.937942
-1.253661
-1.239707
-1.105739
3.357264
-4.565672
-2.074899
-1.296089
-1.164886
-0.463837
-0.068245
-2.018723
-3.169233
-0.461432
2.469771
1.276041
0.000000
51.450691
46.278843
34.602505
13.502284
-1.292189
-1.270984
-0.999837
6.175974
-4.594690
-2.050528
-1.678245
-1.243189
-0.593544
-0.067776
-1.918630
-2.793104
-0.386963
2.947567
1.648660
0.000000
53.559498
49.167671
36.695366
13.369316
-1.269341
-1.248253
-1.150011
5.922079
-5.002404
-2.439429
-1.205712
-1.266735
-0.504291
-0.119434
-2.110000
-3.300642
-0.550701
2.362859
1.336371
0.000000
50.858677
43.339191
31.768871
10.056793
-1.360750
-1.432373
-1.211287
-2.718383
-3.509750
-1.684817
-1.678029
-1.284042
-0.401768
0.220717
-1.708756
-3.049711
-0.834553
2.429642
1.814371
0.000000
53.825932
52.614529
45.135708
18.913233
-1.188259
-1.277928
-1.107604
-1.781134
-3.758221
-1.319607
-1.462523
-0.924349
-0.337193
-0.027188
-1.962037
-2.956640
-0.552320
2.689902
1.471890
0.000000
53.269516
48.996395
37.404469
15.058072
-1.194039
-1.170257
-1.054300
2.086220
-4.929384
-1.799001
-1.123983
-0.960073
-0.394853
-0.151417
-2.103667
-3.190208
-0.465483
2.502166
1.276706
0.000000
49.367649
43.437817
32.203175
13.817476
-1.265052
-1.202825
-0.935288
5.916792
-4.881044
-2.099936
-1.397753
-1.024023
-0.472362
-0.075279
-1.980169
-3.148676
-0.777161
2.377307
1.635759
0.000000
50.424812
49.517998
37.704906
12.837711
-1.289280
-1.367303
-1.211461
-5.845220
-3.304066
-1.060986
-1.537482
-1.084751
-0.305781
0.175685
-1.779324
-3.075846
-0.838209
2.484813
1.747685
0.000000
53.559296
52.275215
43.019886
17.907377
-1.149811
-1.178461
-1.034004
-0.220365
-5.251302
-1.740845
-0.754363
-0.831014
-0.201633
-0.126755
-2.008419
-2.829763
-0.320290
3.116882
1.155023
0.000000
46.459129
39.122749
28.562805
14.196971
-0.827364
-0.996139
-0.747719
16.164894
-6.102346
-2.721958
0.224447
-0.464527
-0.064780
-0.134322
-2.076942
-3.055822
-0.600723
2.743071
0.977654
0.000000
45.779186
37.677151
26.681353
12.832870
-1.135837
-1.182167
-0.830802
6.204933
-5.353751
-2.897209
-1.015716
-0.726794
-0.255810
-0.100019
-1.971459
-3.743588
-1.522223
1.447395
1.892514
0.000000
52.530819
50.169731
42.783947
14.770426
-0.847065
0.158576
-1.163378
-3.541737
-1.960778
-0.449840
-1.813364
-2.647065
-0.685887
0.035813
-1.988797
-3.174767
-1.703588
3.226583
1.614633
0.000000
53.408981
50.849640
38.304596
16.000990
-1.098701
-1.048433
-1.007804
10.306477
-5.430603
-2.832595
-0.421484
-1.027654
-0.306334
-0.262260
-2.139070
-2.918127
-0.274672
3.354527
0.629612
0.000000
35.760651
27.118425
20.014585
12.526423
4.084889
-1.131247
-0.809450
18.361382
-0.828828
-3.681031
-0.962525
-0.691386
0.101118
0.238906
-1.645582
-3.033175
-1.250938
1.996251
1.595725
-17.372337
0.000000
49.326733
40.310543
18.024742
-1.284961
-1.333477
-1.358053
-1.598828
-0.314345
-3.254728
-1.778739
-1.376751
-0.131382
0.038916
-1.584965
-2.801659
-0.732458
2.695216
1.808727
-16.168247
0.000000
44.873386
36.037285
18.509701
-1.220188
-1.215278
-1.261493
7.478165
-1.936280
-4.074955
-1.600614
-1.297324
-0.344908
-0.121350
-1.747013
-3.086750
-0.833553
1.883067
1.897358
-24.444727
0.000000
43.866005
35.420269
17.010614
-1.231119
-1.336723
-1.295455
3.758658
-2.133034
-2.955410
-1.893578
-1.476254
-0.448417
-0.041584
-1.647664
-2.854959
-0.637695
2.480639
2.138796
-17.013046
0.000000
49.099365
40.016285
19.072598
-1.271694
-1.205696
-1.259124
8.131525
-3.026548
-4.214649
-1.239522
-1.177580
-0.313422
-0.141737
-1.833207
-3.030806
-0.746637
2.298050
1.638668
-22.324181
0.000000
38.585560
28.499681
14.979248
0.000340
-1.099004
-0.993684
11.434170
-2.486649
-4.661960
-1.590742
-1.429824
-0.358914
-0.102313
-1.703189
-3.264051
-1.436508
1.449361
2.177196
-4.805237
0.000000
47.151268
38.653122
15.468655
-1.873078
-1.540082
-1.605283
-1.747833
-1.147134
-1.871589
-1.603006
-2.135667
-0.371740
0.198843
-1.463451
-3.038948
-1.178915
2.467336
2.155281
-14.045885
0.000000
50.673515
41.675835
21.608679
-1.185603
-1.108666
-1.177616
4.987572
-1.090318
-4.686774
-1.187942
-0.862386
-0.117631
-0.156091
-1.678683
-3.148229
-1.168968
1.779375
1.677024
-13.630742
0.000000
36.623711
27.403553
13.531529
-1.212838
-1.428992
-1.377360
3.087725
-2.269103
-3.113218
-1.620417
-1.461747
-0.004189
0.221639
-1.174713
-2.563730
-1.886816
2.700979
2.253908
-14.840672
0.000000
51.453880
43.672367
22.652630
-1.139980
-1.163584
-1.188932
4.169970
-2.126381
-3.509723
-1.153968
-0.356141
0.123831
-0.019763
-1.635201
-2.771833
-0.878536
2.496976
1.759800
-16.613485
0.000000
40.250793
31.313475
17.709595
1.159048
-0.983429
-0.936273
10.674320
-3.327463
-4.252070
-0.849716
-0.764396
-0.014395
-0.181001
-1.787559
-3.191885
-1.287430
1.994640
1.914618
-22.312288
0.000000
40.967033
32.097904
17.066208
-0.624414
-1.186837
-1.097059
3.631459
-2.437950
-3.503100
-1.436373
-1.179113
-0.063377
-0.007912
-1.458919
-2.850723
-2.172504
2.104449
2.406060
-20.892420
0.000000
51.849216
44.533897
22.642160
-1.165787
-1.242762
-1.272721
-1.445399
-2.844293
-2.649043
-0.991635
-0.740654
0.242188
-0.000591
-1.675926
-2.848234
-1.045046
2.863916
1.865598
-16.261972
0.000000
42.905514
34.106335
19.870390
2.233190
-0.915844
-0.870167
11.772323
-1.547399
-3.274070
-0.454290
-0.338807
0.049931
-0.259939
-1.876464
-3.053750
-1.180521
2.307772
1.594560
-24.167198
0.000000
34.889320
25.675148
15.387789
3.376478
-1.017448
-1.231225
10.146794
-2.062088
-4.343890
-0.992331
-0.965786
0.100632
-0.044209
-1.469110
-3.068402
-1.525957
1.740692
2.413828
-5.297215
0.000000
48.071926
39.949577
19.045668
-1.637783
-1.429058
-1.457892
-1.606312
-2.186433
-2.125124
-0.973777
-1.487765
0.333187
0.208119
-1.333335
-2.959547
-2.253487
2.719822
1.919779
-14.131168
0.000000
47.902336
39.225449
21.950497
-0.121812
-0.965857
-1.013553
6.850817
-0.542128
-3.130126
-0.965827
-0.140791
0.233383
-0.179236
-1.761745
-2.802859
-1.807575
2.973801
1.596301
-15.053715
0.000000
31.330400
24.173710
16.115686
6.626951
-0.402090
-1.031784
12.899633
-0.181001
-3.407083
-0.571154
-0.490813
0.316691
-0.082658
-1.558064
-3.013102
-1.250959
2.062869
1.932214
-23.608568
0.000000
40.573242
31.709919
18.217068
1.139673
-1.141876
-1.133456
1.290370
-1.942488
-3.823840
-1.110440
-1.045173
0.352651
0.051497
-1.258137
-2.652794
-1.780708
2.493491
2.360023
-20.897591
0.000000
51.863464
44.754959
24.305563
-1.187273
-1.170242
-1.192586
-1.322422
-5.841495
-2.960732
-1.245596
-0.456341
0.343805
-0.092951
-1.419101
-2.360189
-1.202604
3.594704
2.062124
-13.640445
0.000000
37.481018
29.129131
18.682863
6.894461
-0.217903
0.340872
20.850777
-9.036883
-2.194345
-0.751003
0.586728
-0.157498
-0.375799
-1.776334
-2.881665
-2.001940
2.146470
2.034583
-5.753713
0.000000
31.763496
23.562485
14.920848
4.728567
-0.854145
-1.210760
4.142112
-5.334989
-2.695501
-1.613158
-0.672363
0.206949
0.037412
-1.005877
-2.264996
-1.579432
2.461409
2.484944
-5.046568
0.000000
52.215271
47.926579
27.841650
-1.155200
-1.090468
-1.119555
-1.342466
-8.278543
-2.747574
-0.856420
0.328809
0.326277
-0.062375
-1.284590
-2.437994
-1.479437
2.704203
2.169015
-5.773374
0.000000
43.237244
35.172638
20.676638
2.786922
-0.949163
-0.930675
7.260221
-4.798328
-2.288054
-0.316947
0.568240
0.443603
-0.058985
-1.486996
-3.044121
-2.250494
1.665757
2.353534
-4.668489
0.000000
51.138233
46.415001
27.451698
-1.328812
-1.227191
-1.198344
-1.343940
-1.192919
-3.225511
-0.924110
-0.804642
0.165480
-0.042737
-1.485643
-2.621756
-1.573469
1.448235
2.480334
-20.202106
0.000000
44.355885
38.138802
24.392134
2.521586
-0.893181
-1.018834
1.436314
-1.590289
-3.975514
-0.960984
-1.336287
0.146270
-0.190528
-1.407763
-2.100307
-1.725544
2.338406
2.739550
-18.634548
0.000000
42.348728
34.983776
21.814392
4.231946
-0.768002
-0.949583
8.937154
3.247304
-3.324445
-1.074320
-1.189056
0.005973
-0.245805
-1.569176
-2.773479
-1.656645
0.918281
2.607507
-4.856772
0.000000
41.834011
35.949577
22.042603
0.101867
-1.111944
-1.094411
-1.319986
0.584178
-3.760250
-1.469579
-2.291055
-0.124632
-0.139819
-1.171756
-2.113136
-1.871664
2.148338
2.995729
-19.572931
0.000000
49.722912
43.566216
27.251514
0.668404
-1.076679
-1.129560
-1.029113
0.379528
-4.032959
-1.034678
-1.364956
0.091812
-0.169019
-1.369252
-2.299589
-2.019602
1.897234
2.763358
-20.023071
0.000000
45.328518
38.682312
24.736729
2.274042
-0.923666
-0.975235
-0.680279
1.864686
-3.103308
-1.094232
-1.503395
0.100511
-0.180711
-1.388610
-2.253587
-1.952507
2.151608
2.853482
-19.884092
0.000000
45.579411
38.428303
24.226665
3.363024
-0.899849
-1.078712
5.578040
3.025197
-3.232106
-1.348309
-1.255625
0.088086
-0.198888
-1.492991
-2.315155
-2.015329
2.165238
2.796903
-20.503418
0.000000
40.568932
32.554340
20.680712
4.901050
-0.742963
-0.868152
6.606265
2.988196
-2.654690
-1.369738
-1.481887
0.158651
-0.160340
-1.401320
-2.374415
-2.146383
1.946507
2.819237
-20.880337
0.000000
42.572071
35.079914
22.230566
4.352609
-0.848538
-0.944534
1.095377
2.820872
-2.582503
-1.197631
-1.774912
0.071199
-0.150818
-1.113811
-2.040968
-1.749903
2.342340
3.308793
-12.476347
0.000000
47.563824
39.944237
24.569754
5.120885
-1.042935
-1.104548
1.796011
5.142334
-2.195548
-1.069401
-1.674371
-0.031114
-0.224813
-1.340072
-2.230045
-1.341536
1.855307
3.103781
-12.462465
0.000000
43.898163
35.520061
22.217627
5.741157
-0.984711
-1.071785
1.409003
3.505059
-2.804024
-1.346944
-1.958786
-0.217831
-0.213835
-1.281339
-2.305779
-1.339048
1.603090
3.156377
-13.581606
0.000000
46.867592
39.332729
23.908772
3.202914
-1.114044
-1.247218
-0.341672
2.121610
-3.961134
-1.292907
-1.654169
-0.300843
-0.221670
-1.301988
-2.409495
-1.309231
1.767112
3.113584
-14.475129
0.000000
45.391426
37.993790
24.024244
4.737825
-1.011106
-1.170371
1.039289
0.257808
-4.002344
-1.361567
-1.693656
-0.225699
-0.219813
-1.315026
-2.495877
-1.582300
1.494879
3.101320
-15.324911
0.000000
46.773159
40.036011
25.152239
2.252338
-1.082920
-1.185742
-1.489480
-0.371625
-4.184431
-1.279299
-2.275987
-0.373012
-0.257813
-1.306067
-2.418935
-1.388515
1.436975
3.265904
-19.445482
0.000000
49.902660
43.682087
26.326950
-0.971221
-1.209880
-1.222347
-1.541882
0.023304
-4.144407
-1.581128
-2.501360
-0.689941
-0.344914
-1.407619
-2.609537
-1.636839
1.176064
3.349786
-3.897280
0.000000
50.866718
45.280499
26.260056
-1.213732
-1.384682
-1.303779
-1.630745
0.577742
-3.254647
-1.718669
-2.564950
-1.030920
-0.408114
-1.474799
-2.811199
-1.673826
1.034487
3.422366
-10.015726
0.000000
51.701572
48.305573
28.161366
-1.211552
-1.381207
-1.261054
-1.610418
-0.756442
-3.497969
-1.501234
-2.763547
-0.844993
-0.305962
-1.485935
-3.213600
-2.198643
1.838995
3.100147
-4.431217
0.000000
52.601208
48.523731
23.719469
-1.654528
-1.425552
-1.421555
-1.552378
-3.183042
-2.667107
-1.716713
-1.905053
-0.115366
0.041934
-1.234483
-2.603025
-1.549679
2.913215
2.620653
-15.080004
0.000000
49.441254
41.211494
23.635492
0.925692
-0.945178
-0.989854
5.444466
-0.290829
-2.926165
-0.489774
-0.464718
0.266229
-0.173441
-1.811808
-3.022081
-1.069635
2.497816
2.131318
-15.817286
0.000000
36.366165
27.982450
18.521145
6.951061
-0.788654
-0.881169
6.461163
-1.723970
-5.007478
-0.467841
-0.629577
0.341685
-0.090922
-1.623147
-3.735092
-2.573704
0.510281
2.701437
-4.910170
0.000000
48.408707
42.494003
18.191999
-0.181107
2.393712
2.371668
-1.551170
-0.590381
-1.172126
-1.487564
-3.534007
-0.872808
-0.251479
-1.507333
-3.119234
-1.912680
2.753694
2.689809
-17.061729
0.000000
54.004906
47.241425
24.094055
-1.160299
-1.067111
-1.143986
2.913924
2.560113
-3.452453
-1.194586
-1.198860
-0.035451
-0.177271
-1.834472
-2.891987
-1.336395
3.358972
1.868787
-11.457161
0.000000
28.989576
23.459095
16.651812
8.134776
0.252268
-0.524232
18.410362
2.264436
-2.243608
-1.342588
-0.850390
0.065716
-0.101846
-1.634842
-2.825225
-2.176487
2.772349
2.054220
-14.174335
0.000000
34.583458
25.839308
16.399582
5.816466
-0.802403
-1.234340
10.866393
0.554146
-5.686411
-1.296994
-1.569574
0.009905
0.039252
-1.400932
-2.910581
-1.292597
1.686859
2.589846
-20.940847
0.000000
48.598778
40.962292
19.781897
-1.349860
-1.514808
-1.514874
-1.689648
0.149002
-2.739892
-1.288248
-2.254016
-0.303126
0.047266
-1.541139
-3.088448
-1.206861
2.373269
2.540866
-17.131966
0.000000
52.039867
43.480381
22.770342
-1.181679
-1.169770
-1.192771
-0.596544
-1.818074
-3.891908
-1.159789
-0.606612
0.185646
-0.000982
-1.637964
-2.671791
-1.222303
3.465460
1.998943
-10.542741
0.000000
36.282669
27.983149
17.681551
6.486356
-0.532712
-0.733115
16.236908
0.098328
-5.111294
-0.376797
-0.155297
0.424827
0.010247
-1.736255
-3.573395
-1.906672
1.072491
1.853742
-5.425188
0.000000
39.631248
31.591681
12.787189
-1.133162
-0.540816
-0.448681
-1.761346
0.255106
-2.052940
-1.498868
-2.624175
-0.330032
0.218109
-1.284624
-2.871817
-2.185179
2.953876
2.444800
-11.997469
0.000000
53.693085
45.053696
23.692804
-1.156113
-1.105290
-1.174544
0.437728
5.943790
2.873364
14.938557
14.635469
14.632113
14.315654
13.809211
13.350824
12.825176
12.256092
11.751545
11.236673
10.739841
1.221190
19.487150
22.299591
20.517031
19.653862
18.195288
16.415426
14.432509
9.264084
3.712104
-3.716029
-3.862143
-1.222700
-0.294823
23.620716
-0.463697
-8.870020
-9.392523
-9.033319
-5.753411
-0.863543
1.811037
5.552489
17.855988
17.742413
11.948959
26.206644
30.814217
31.490614
0.000000
49.343857
43.436890
32.135906
20.577803
14.981697
7.847036
7.618184
-47.797733
-6.201016
-4.571177
-4.011955
-0.142250
3.909296
7.833487
10.470778
8.101160
8.462435
7.683939
-8.442408
0.000000
38.456886
30.435682
16.538944
-2.566477
-2.931986
-3.013419
-6.065946
-11.529297
-8.395132
-3.577322
-11.298489
-15.373903
-5.286289
8.177826
14.569580
8.751522
6.718143
9.394684
-5.869341
0.000000
48.285568
49.604622
40.278709
19.760872
-2.265439
-4.945145
-3.446013
-14.682458
-4.492516
-3.982845
-17.798716
-12.222969
2.497086
10.640673
10.304433
7.543466
3.857278
5.422907
2.308375
0.000000
39.428272
42.603458
43.316517
25.110888
-2.702518
-2.593835
-8.467939
6.258804
-4.398649
-6.557096
-12.284952
-5.683876
2.598156
5.779165
4.188864
2.235238
2.107183
5.109859
1.996149
0.000000
39.566666
42.807648
20.781271
-3.266694
-2.157509
-2.728613
-2.583913
-13.560014
-3.234868
-9.734454
-12.773777
-4.918880
3.638199
6.388203
6.187733
4.456166
2.238892
4.637869
5.866987
0.000000
40.401764
45.152824
43.428364
24.215715
-2.364950
-2.783160
-2.673773
-8.661813
-4.263433
-4.939482
-12.923620
-7.950001
2.608391
9.370611
8.889558
5.829260
2.419663
5.077178
-16.920918
0.000000
39.364197
41.396877
40.995789
18.387894
-1.968921
-2.272725
-2.778553
-9.999489
-3.793178
-3.361713
-10.323315
-5.745636
1.150517
7.700893
5.114511
0.927518
-0.534110
5.306215
3.262665
0.000000
41.290970
43.399014
43.288223
-2.183743
-2.991549
-3.655580
-2.186299
-17.177015
-5.373231
-4.560108
-7.440168
-3.814194
2.163807
3.434080
3.655286
3.340919
1.887570
4.431783
4.438822
0.000000
38.067238
41.140030
31.395605
14.727818
-1.168268
-2.234247
-3.243824
-15.591702
-8.723603
-1.240138
-10.385165
-13.954737
-3.493366
9.671894
10.502150
8.420733
4.329466
5.304689
-0.354813
0.000000
41.766544
43.871552
36.917255
12.766804
-2.303450
-2.634467
-2.731027
-14.625040
-4.234819
-2.513142
-10.545197
-8.769655
1.159134
1.121391
7.270813
5.387124
2.187161
4.723008
1.524487
0.000000
41.618874
43.907890
39.173260
16.321657
-2.317532
-2.652877
-2.816108
-15.577935
-4.426287
-2.276879
-11.551252
-8.174870
2.126656
3.564909
4.480293
5.203186
2.380905
4.546581
1.951375
0.000000
41.094101
42.400997
39.836205
7.194654
-2.246300
-2.702566
-2.800133
-14.954407
-5.012961
-2.058047
-11.392604
-8.875677
1.370872
9.244431
9.004368
5.130419
1.919603
4.808079
0.185765
0.000000
39.440586
42.448742
42.630459
23.318180
-2.021245
-2.296689
-2.469237
-14.485903
-4.700456
-4.615482
-9.237019
-4.712929
2.316395
5.220392
4.448885
3.155944
1.385951
4.594568
2.086691
0.000000
40.697365
43.242416
38.644638
-1.185558
-2.816643
-3.028059
-2.657159
-14.379519
-7.807832
-3.035797
-9.698574
-9.800840
-0.024628
6.513512
5.211107
4.565807
1.910327
4.809167
2.106792
0.000000
41.374775
44.147301
43.781548
20.672733
-2.252949
-2.624404
-2.685232
-15.681960
-4.616320
-3.012119
-11.062305
-6.978760
2.270332
-0.494133
6.425352
5.157312
2.181828
4.113006
4.932550
0.000000
44.008961
46.452835
38.295921
19.147339
-2.394400
-2.794873
-2.866383
-15.079786
-5.160655
-2.470970
-9.832849
-10.629875
0.197884
9.124928
9.054817
6.022953
2.618039
4.929969
-0.514568
0.000000
40.458191
42.899025
42.237709
10.582491
-2.178647
-2.547636
-2.612247
-16.255970
-3.639868
-3.722179
-10.088704
-5.435894
2.479290
0.731695
5.317167
5.079638
2.190298
4.867547
4.025583
0.000000
39.918140
45.736832
36.228428
18.052946
-2.426023
-2.828408
-2.904602
-14.098486
-5.351052
-1.868357
-10.295298
-11.212839
0.062634
9.344603
10.047763
6.299011
2.740651
4.982903
-0.135337
0.000000
40.818779
42.436459
43.389584
12.257891
-2.222203
-2.566328
-2.629533
-15.674773
-3.716191
-2.547221
-10.226876
-6.656029
1.838230
0.321754
6.652536
4.731447
1.915772
4.475462
2.928437
0.000000
43.588871
44.503666
43.359627
18.573797
-2.256989
-2.721544
-2.753468
-15.785911
-5.423304
-2.592029
-10.803864
-9.312948
1.168087
6.134453
5.367334
5.146220
2.093601
4.384153
2.031320
0.000000
40.362560
41.950035
43.667973
13.384466
-2.254760
-2.605471
-2.692055
-15.091259
-5.671335
-2.818032
-10.957665
-7.266390
2.058868
-0.307730
7.089857
4.886498
1.915755
4.486085
2.608399
0.000000
41.416134
43.950886
43.521278
15.840623
-2.257968
-2.600867
-2.718186
-15.240019
-6.065028
-2.689627
-11.099690
-7.870443
1.782135
6.509022
5.124079
4.554947
1.847547
4.624219
1.743792
0.000000
40.160179
41.685776
42.924339
11.624701
-2.231984
-2.571981
-2.674664
-13.742479
-5.584077
-2.496094
-10.772674
-7.582851
1.649544
8.552584
6.741545
4.332488
1.493317
5.039202
0.187907
0.000000
37.269230
40.878845
41.613705
18.164024
-1.972297
-2.280285
-2.432022
-14.074364
-3.744303
-4.723919
-9.295206
-4.348545
2.470898
5.057140
6.790352
2.762981
0.869321
4.571529
1.768129
0.000000
40.027458
42.326740
41.900925
5.258207
-2.467361
-2.757515
-2.618998
-15.091114
-8.344291
-3.231230
-9.148933
-9.100071
-0.216965
7.927031
6.568993
3.890653
1.609933
4.739250
1.538975
0.000000
39.106335
41.364426
43.632912
23.998301
-2.079083
-2.406407
-2.457239
-14.575004
-4.833962
-4.915449
-9.655754
-4.800873
2.343903
1.677744
6.073664
4.258751
1.675963
4.422354
2.554729
0.000000
41.327026
43.898907
43.609779
13.752324
-2.209920
-2.572135
-2.608432
-15.316889
-6.517991
-3.255904
-9.979517
-8.284031
0.448906
8.078489
5.666826
4.394837
1.672458
4.768692
1.397585
0.000000
38.584934
41.434078
41.502464
19.769567
-1.980283
-2.282564
-2.532136
-12.349266
-5.958928
-4.621732
-9.745691
-4.586239
2.765770
0.022724
6.739149
3.814617
1.357342
5.040184
0.829986
0.000000
39.871933
41.672333
36.611801
1.428041
-2.215161
-2.603469
-2.657086
-15.046481
-7.582839
-2.659569
-10.394923
-7.877201
1.347752
4.066072
7.156321
3.889961
1.650242
5.053849
1.765252
0.000000
41.384914
42.710625
42.529907
19.718798
-2.176744
-2.514743
-2.691975
-15.429332
-3.548541
-3.296155
-10.695813
-5.879295
2.283993
3.283459
6.161829
3.807684
1.605097
4.426333
2.078691
0.000000
40.784534
43.454475
43.185146
14.130480
-2.184133
-2.622629
-2.716734
-15.676231
-4.633441
-2.776506
-10.537002
-7.683104
1.319843
8.302456
6.107344
4.048732
1.728328
4.570297
2.683298
0.000000
39.685097
42.415436
42.185165
16.645447
-2.155712
-2.500868
-2.696856
-16.123652
-2.792106
-4.872386
-11.078096
-5.414879
2.601665
1.967236
6.441242
4.356905
1.822815
4.390179
3.147277
0.000000
41.237247
43.687912
41.169373
14.285418
-2.278808
-2.633361
-2.799422
-14.402152
-8.592544
-2.991637
-11.049709
-10.072668
0.719105
8.864544
7.472082
4.281232
1.808759
3.982060
0.943145
0.000000
37.198879
40.473591
42.484123
14.322598
-2.121460
-2.466591
-2.637357
-16.750322
-2.254708
-6.922672
-10.796890
-4.253460
3.237869
2.728746
7.947306
4.762386
1.579142
4.826505
4.314796
0.000000
39.672817
45.659492
39.103111
25.940674
-2.172821
-2.411391
-2.700048
-30.221369
-7.619453
-3.840348
-9.853548
-9.477451
0.135693
8.169680
7.484522
4.136612
1.346492
5.626540
1.265315
0.000000
42.610760
43.270119
44.073212
21.646847
-2.091986
-2.407320
-2.620739
-33.771137
-5.045825
-4.032014
-10.424476
-6.709272
1.933849
6.848581
5.616798
3.985708
1.593330
5.193857
3.920395
0.000000
45.373177
45.138069
39.941273
12.818021
-2.382254
-2.729783
-2.865382
-31.038517
-6.417911
-2.901613
-10.022691
-11.462271
-0.251823
9.127678
8.802973
5.530897
1.731643
4.687299
2.342260
0.000000
43.197689
44.274799
46.023773
27.441776
-2.163298
-2.414879
-2.598237
-28.559444
-5.456848
-3.650493
-10.354494
-7.387035
1.397305
7.442074
5.815998
4.446079
1.789041
5.099677
3.639474
0.000000
51.328030
44.726330
40.387573
11.100559
-2.348176
-2.733341
-2.836220
-31.366442
-5.010890
-1.875472
-10.661406
-10.932995
0.351177
-0.662798
5.972940
5.459716
2.124691
5.014593
3.493957
0.000000
45.084545
45.895409
40.792145
22.427633
-2.382854
-2.791387
-2.895139
-32.288067
-7.039983
-2.720090
-10.482478
-11.385305
0.214233
9.249401
8.881321
6.243311
2.258890
4.820354
1.885835
0.000000
42.031277
42.986755
44.384888
23.025721
-2.151069
-2.468112
-2.621335
-31.251251
-3.893757
-3.923409
-10.212158
-6.921976
1.636829
8.058182
6.289335
4.215607
1.552571
5.386472
3.412972
0.000000
42.906475
43.709034
45.044231
21.542830
-2.171347
-2.485213
-2.662792
-31.873083
-5.203213
-3.554124
-10.962364
-8.247976
1.391605
2.746897
7.094897
4.606798
1.705799
5.398148
3.646871
0.000000
44.446083
44.760628
41.964878
19.420618
-2.327837
-2.699303
-2.806399
-32.192753
-6.547391
-2.593925
-9.904177
-11.348808
-0.353294
6.241976
5.450863
4.727244
2.071914
4.676784
2.654583
0.000000
44.120262
44.903606
39.641979
21.754917
-2.316793
-2.631912
-2.798434
-32.085743
-6.446079
-2.327192
-11.022716
-10.667507
0.606373
8.442844
6.796743
5.791347
2.173642
4.944491
2.220603
0.000000
42.537434
43.312847
43.724083
19.938393
-2.223881
-2.565964
-2.704230
-33.615051
-5.584085
-2.803792
-9.858283
-10.072773
0.069756
8.230528
7.113478
4.729933
1.447232
4.826317
2.112576
0.000000
40.457088
42.284054
44.387062
25.325825
-2.073328
-2.351282
-2.507874
-28.147398
-5.018589
-3.699848
-9.672628
-6.581667
1.179283
5.389317
4.783460
3.584921
1.378778
5.093965
3.188854
0.000000
41.941689
44.090488
40.627491
6.383563
-2.668388
-2.631983
-2.791464
-31.665743
-5.473533
-2.025805
-9.512989
-11.620106
-0.773075
8.883675
7.896057
5.645611
2.120682
4.549111
2.306284
0.000000
39.909012
41.434021
43.321381
27.079605
-2.029416
-2.290610
-2.494814
-27.744598
-4.214787
-4.934420
-10.372026
-5.430206
1.825699
6.781395
5.561846
3.985257
1.368987
4.945131
2.514394
0.000000
40.290211
42.269279
38.305206
9.489487
-2.225350
-2.572527
-2.683915
-31.932487
-5.699489
-2.079453
-10.875844
-9.234179
1.080853
7.285973
6.001139
4.742786
1.610008
5.006671
2.710634
0.000000
41.400826
42.789482
44.437630
25.109005
-2.117218
-2.457401
-2.579878
-29.936590
-5.179341
-3.734280
-10.671441
-7.686399
1.035423
7.988966
7.203363
4.366676
1.331599
4.684627
2.582943
0.000000
40.418388
42.028000
44.013065
25.778532
-2.042861
-2.331273
-2.486749
-28.131182
-5.195496
-4.260913
-9.882745
-6.398207
1.187813
3.379669
6.572739
3.662760
1.065031
4.914247
3.062828
0.000000
41.405788
42.182549
41.423042
11.195996
-2.132452
-2.575355
-2.670873
-32.225971
-6.035242
-2.171601
-10.221815
-10.126616
0.465839
7.912481
5.847431
4.744346
1.638463
4.282480
2.430087
0.000000
43.106014
42.751293
43.021111
24.509993
-2.090860
-2.371803
-2.589755
-28.837482
-4.347492
-2.626081
-10.253226
-8.111086
0.682514
6.727795
5.501171
3.767798
1.276560
4.750172
2.273266
0.000000
41.377300
41.175900
36.392792
4.668222
-2.054681
-2.530621
-2.692317
-33.327324
-5.328499
-1.763680
-10.990832
-7.667044
1.205791
-4.809269
6.396032
5.379805
2.470853
4.605377
3.914694
0.000000
40.810429
45.247421
41.254433
31.011570
-2.286891
-2.664724
-2.817992
-32.460236
-5.560507
-2.800273
-10.829761
-10.467928
0.324070
8.333958
8.372055
6.957928
3.218349
4.805115
1.783473
0.000000
41.190998
42.201786
41.851551
21.191929
-2.181015
-2.513694
-2.654693
-34.315414
-4.693380
-1.952688
-10.036866
-8.262857
0.696545
7.895935
6.787020
5.193588
1.674074
4.175315
1.999774
0.000000
41.597713
40.730286
43.050571
23.069918
-2.049159
-2.350779
-2.516516
-26.777843
-4.423829
-3.402045
-10.220907
-7.514515
0.778294
6.794680
5.425428
3.344689
0.997891
4.400089
2.357304
0.000000
41.927509
40.565357
41.498692
12.661591
-1.874749
-2.428972
-2.513686
-28.202753
-5.512053
-2.250297
-9.783731
-9.135344
-0.017956
7.268728
5.653910
3.923666
1.246027
4.334128
2.708713
0.000000
39.574993
41.350372
43.878849
25.649521
-2.109886
-2.483756
-2.587364
-28.542051
-4.539501
-2.342481
-10.670095
-8.960875
0.520004
7.945393
6.726000
4.334525
1.418858
4.075665
2.087408
0.000000
38.849709
39.687950
41.259926
14.185860
-2.088999
-2.448449
-2.579635
-26.781063
-4.217779
-2.371143
-10.416758
-7.893150
0.770298
7.687447
7.029593
3.692108
1.102789
3.986958
1.905483
0.000000
40.993118
39.863613
42.667397
17.190939
-1.847581
-2.352665
-2.382635
-9.753080
-8.062981
-2.979300
-10.235942
-8.334536
0.619873
6.029697
5.089308
4.392476
1.236005
5.060177
4.087071
0.000000
36.988190
42.540115
44.820755
25.248285
-2.215006
-2.626505
-2.693865
-12.539981
-8.130848
-2.098441
-11.107554
-12.743473
-1.745914
8.065269
8.491488
5.702276
1.947011
5.878751
3.714163
0.000000
37.853531
42.325844
43.194031
23.092157
-2.894766
-2.419996
-2.409225
-4.146106
-7.713301
-3.443495
-9.974023
-8.536930
0.287235
0.558056
5.603922
4.936782
1.463310
5.405013
4.161316
0.000000
30.922585
42.947479
44.686855
28.303070
-2.218246
-2.581919
-2.673820
-14.686780
-8.459128
-2.507887
-10.359892
-11.620878
-0.666504
8.247486
9.011486
5.786671
1.912751
5.410004
3.522712
0.000000
37.765091
41.990555
42.973396
25.875362
-1.935358
-2.414237
-2.411386
-6.988607
-7.773808
-2.408829
-10.018526
-8.574503
0.321918
5.419273
4.802288
4.789663
1.491849
5.040176
3.977619
0.000000
37.044216
42.976723
45.212341
25.485258
-2.251395
-2.619175
-2.690216
-13.979218
-7.507133
-1.722533
-10.805655
-12.346365
-1.633663
7.854340
8.451092
5.841131
1.997483
5.193531
3.666559
0.000000
36.537659
41.746674
42.777699
23.481205
-2.309281
-2.469339
-2.445832
-4.877028
-7.983351
-1.932811
-10.070898
-10.378441
-0.801182
7.170189
6.030642
4.558113
1.221299
4.851446
3.880603
0.000000
34.296310
40.153740
42.813942
22.138006
-2.144087
-2.522277
-2.599410
-14.264248
-6.959550
-2.784089
-10.497749
-11.673157
-1.145748
7.799702
7.130596
4.674788
1.313078
4.883246
3.690535
0.000000
31.367708
39.763622
42.203613
12.433541
-3.134194
-2.964648
-2.493247
-11.375937
-7.576086
-3.242284
-10.349395
-8.235844
0.323738
3.959362
4.076923
4.954897
1.756680
5.592279
3.939819
0.000000
33.615910
42.831291
43.270508
28.154253
-2.114050
-2.531744
-2.634344
-16.192774
-6.279979
-2.074608
-11.542058
-11.405312
-0.524479
7.846016
8.693531
5.294708
1.716352
5.001877
3.549498
0.000000
33.246109
40.397827
41.406956
17.759995
-2.462636
-2.386569
-2.435105
-9.834649
-6.637929
-3.270201
-9.853101
-7.768637
0.260406
-2.181175
4.060371
4.820144
1.578715
4.407196
4.207243
0.000000
29.344027
44.389523
46.379097
32.331169
-2.031141
-2.669080
-2.731252
-12.846640
-9.282303
-1.050019
-10.773933
-13.219429
-2.394913
7.709953
10.321730
6.288544
3.718605
6.044478
3.246042
0.000000
35.980370
41.393082
42.345024
27.958961
-2.039900
-2.414100
-2.504370
-15.944001
-5.895087
-2.049651
-9.873179
-9.090313
-0.288151
4.203640
4.291677
4.851318
1.673492
5.270785
3.613966
0.000000
33.417622
39.527607
42.006363
24.895027
-1.925110
-2.384495
-2.440942
-15.202726
-7.195437
-1.864531
-9.935605
-9.194254
-0.513161
7.118629
5.941448
4.458055
0.959527
5.186004
3.303715
0.000000
35.491905
38.975658
40.987961
34.687126
-0.373575
-2.107041
-2.119734
-12.901982
-6.633898
-3.960399
-8.025457
-5.643959
0.049652
4.361992
4.106907
2.926040
0.532577
5.131650
3.918969
0.000000
37.646992
43.344532
44.074215
19.848303
-1.931973
-2.542425
-2.548144
-8.261792
-9.430151
-2.067001
-10.068342
-12.422819
-2.670555
7.487309
6.608120
5.580746
2.602151
3.676509
3.412574
0.000000
33.952602
39.540474
42.150162
39.877762
10.371752
-2.126136
-2.311303
-19.520977
-6.687490
-4.535285
-8.715621
-7.941526
-1.688225
5.792648
7.412575
2.825822
0.026041
6.456678
4.751475
0.000000
37.721157
42.667866
42.351715
13.048558
-2.207458
-2.247797
-2.211291
-13.563401
-5.941144
-4.293849
-7.939633
-5.835848
0.369846
-0.086700
7.016020
5.210785
1.998324
6.045755
3.887833
0.000000
20.410675
44.074482
41.884663
34.654324
-0.207855
-2.462570
-2.581373
-16.389397
-8.590947
-2.201463
-7.366887
-11.127178
-2.882832
7.146545
7.859026
5.704643
3.094275
6.531442
3.352600
0.000000
38.605064
43.323456
41.671486
26.123564
-2.077790
-2.439377
-2.534062
-16.113800
-7.912262
-2.018534
-9.772195
-9.704565
-0.274864
7.365768
6.408827
5.814339
2.367246
5.850853
3.631891
0.000000
38.924335
42.694717
42.854862
27.044495
-2.087718
-2.435366
-2.561849
-15.990234
-6.405340
-2.119820
-10.032140
-9.521372
-0.499210
7.136135
8.018044
5.200231
1.854502
6.031863
3.610180
0.000000
37.437534
41.275055
41.696766
27.636301
-1.981229
-2.296237
-2.457164
-16.053787
-6.861616
-1.974652
-9.984422
-7.758078
0.024399
6.999897
6.564569
3.696597
1.154660
5.711195
4.067947
0.000000
33.317196
41.157330
41.227020
18.509304
-2.006592
-2.456439
-2.528053
-15.182907
-7.967730
-0.848522
-10.647805
-9.179377
-0.018196
6.892788
5.775589
4.220888
1.529094
4.624238
4.218267
0.000000
36.032688
42.111382
42.618492
26.702068
-2.039517
-2.521250
-2.587094
-13.054952
-7.747247
-2.121656
-10.779244
-10.169779
-0.148712
7.900990
6.596432
5.425173
1.992412
3.806116
3.806978
0.000000
35.545624
40.952374
41.991566
32.977928
-0.905711
-2.282842
-2.441347
-15.222578
-7.241456
-3.900206
-10.229614
-8.918867
0.026314
5.282757
5.002495
4.023923
1.512954
5.308715
4.174414
0.000000
34.512913
42.385868
41.975082
17.400480
-2.039203
-2.509634
-2.613759
-13.140881
-5.633428
-5.085515
-7.902225
-11.375063
-2.891048
6.578587
7.080360
3.802342
1.998159
6.030729
4.054827
0.000000
35.795578
41.957939
43.535084
24.076481
-2.537039
-3.829508
-2.560372
-13.712022
-8.409385
-2.609988
-10.060395
-10.422508
-0.057991
8.369789
7.474417
6.581007
3.205329
2.387345
3.378457
0.000000
39.844910
43.900795
41.970413
31.062784
-4.405947
-2.297562
-2.549767
-12.022690
-8.157535
-2.644178
-9.009561
-10.438417
-1.311874
7.299580
9.032806
5.312204
1.847545
6.492508
3.238810
0.000000
38.885845
43.478573
43.214909
26.353951
-1.986206
-2.387983
-2.462656
-16.417908
-8.907549
-2.752216
-9.514030
-9.543325
-0.404945
7.493683
7.109949
5.278446
1.636486
5.583368
3.744518
0.000000
38.927055
43.270081
43.290230
29.349144
-2.068937
-2.303514
-2.532048
-15.235704
-5.641294
-2.721218
-9.982649
-9.156265
-0.405186
7.479992
7.817856
4.411983
1.288836
6.186190
3.707113
0.000000
38.279259
43.603729
43.893742
23.808523
-2.103559
-2.459492
-2.521862
-9.090038
-8.507915
-2.468951
-10.293941
-9.801485
-0.275745
6.170956
5.715033
4.688371
1.541368
5.422501
4.176018
0.000000
35.612812
43.939861
45.411236
27.993793
-2.242572
-2.589797
-2.673687
-13.947853
-9.204576
-2.253873
-10.080424
-12.464193
-1.984932
8.253044
9.117212
6.003336
1.991521
5.554222
3.751487
0.000000
38.290745
43.257465
43.519527
29.108765
-2.078859
-2.381469
-2.520622
-14.523861
-6.907752
-3.310419
-10.223705
-8.993406
0.288830
3.827087
5.128340
4.439358
1.470924
5.957791
4.250752
0.000000
37.921616
43.533367
43.503281
18.757187
-2.322731
-2.713196
-2.817265
-31.907917
-6.113861
-1.764888
-9.694489
-11.670799
-0.924156
7.935705
6.368912
5.438419
2.212526
3.740119
2.077756
0.000000
41.334221
41.294388
43.582592
25.344975
-2.131831
-2.467660
-2.618647
-30.027275
-4.524347
-2.779573
-10.504211
-8.462706
0.651970
7.963383
8.411081
4.484490
1.537887
4.237317
2.089142
0.000000
39.220760
41.029766
43.388771
25.323381
-1.986502
-2.315680
-2.432512
-25.067972
-4.996152
-3.492331
-9.520791
-6.513771
0.644176
6.052689
4.726273
2.515013
0.911385
4.721179
2.917782
0.000000
42.664490
42.903065
40.287178
2.941516
-2.906421
-4.666700
-2.757517
-26.722416
-5.648126
-3.084164
-9.998291
-10.888800
-0.629368
5.317350
4.600714
5.411566
2.347725
4.444250
2.940897
0.000000
33.777271
42.876747
42.827179
31.303915
-2.190598
-2.478602
-2.664981
-31.260483
-6.477384
-2.988760
-10.758414
-8.670410
0.860973
8.435356
8.267626
5.499164
1.979650
0.000000
-5.128033
15.785423
15.537511
15.220279
14.731226
14.238069
1.449568
32.931816
34.790470
33.537392
32.547138
30.970049
28.588602
25.687843
22.607788
19.493389
16.569588
13.677668
10.825972
7.383970
2.544500
-0.103074
-1.601028
1.207687
-8.780164
-5.726709
-5.414521
-7.305905
-2.504074
4.424957
10.457331
8.368883
8.602919
10.188353
-0.692653
0.000000
53.860882
52.252838
52.482735
45.644669
19.323444
4.922729
5.061941
3.696238
-10.544089
-5.262829
-8.288385
-9.038126
-1.082613
5.697561
7.868360
4.196507
2.751437
6.470976
-35.058197
0.000000
45.793781
46.273220
47.658054
46.383217
22.160976
-2.059695
1.131889
2.265286
-7.759785
-7.935904
-5.851654
-2.252762
-0.789162
4.438019
4.470877
2.098547
1.233456
3.022010
5.745383
0.000000
44.233418
40.977909
43.673752
1.387686
-1.105480
-1.966350
-2.206582
-2.876712
-6.111510
-7.298963
-5.786137
-3.864857
0.076035
5.035532
3.893543
0.747761
0.554066
2.477859
5.817589
0.000000
39.577961
40.842537
44.004234
15.250893
-1.861060
-1.868188
-2.099213
-2.970416
-8.694273
-5.593693
-6.270784
-2.803596
0.085693
5.057674
4.259760
0.934238
0.287277
3.560287
5.031236
0.000000
40.062195
41.028816
44.307224
27.370640
-1.690000
-2.004089
-2.028334
-4.362438
-8.684016
-5.476495
-4.494673
-2.565931
-0.599102
3.461790
3.349892
0.762249
-0.001410
3.471169
4.298178
0.000000
38.198921
40.213364
43.423416
36.647224
-0.290840
-1.666095
-1.532874
-7.714625
-7.788860
-2.624623
-3.323425
-1.400866
-0.163843
3.438520
3.460583
0.444818
1.911097
4.270359
5.758579
0.000000
44.924019
44.862309
10.898674
-1.638327
-2.006222
-1.228890
-2.420250
-19.765192
-4.772979
-2.632258
-7.197896
-7.438244
-1.250523
5.753809
7.413893
2.915517
0.547232
3.119984
3.709086
0.000000
41.350998
41.362701
43.568565
35.624676
-0.765597
-1.753172
-1.918099
-11.449535
-6.766204
-2.535781
-3.522415
-1.896318
0.584753
3.846161
4.010197
3.861944
0.952454
3.927002
6.896431
0.000000
42.309200
46.567307
36.662842
-1.571091
-2.192045
-2.265823
-2.462938
-5.106170
-8.125472
-0.919022
-6.397896
-8.864033
-3.183828
4.414309
7.938492
4.188007
0.857740
4.740395
6.372842
0.000000
42.152184
45.575668
45.404121
18.294617
-1.711516
-1.748678
-1.863108
6.672952
-6.294178
-2.139499
-8.667024
-4.362154
0.502958
4.735304
5.277517
2.559286
0.602557
4.645880
6.276080
0.000000
41.090668
46.080009
45.259476
20.847492
-2.155794
-2.309849
-2.190226
-3.986568
-8.139997
-1.916702
-6.106550
-4.619129
-0.519300
4.600639
6.115746
3.335288
2.681663
4.452562
6.564677
0.000000
40.754974
46.294754
46.675739
16.421867
-1.980382
-2.284673
-2.216549
-2.412589
-7.271104
-1.876873
-6.550883
-4.913666
-0.673733
4.671112
6.570784
5.994307
2.057953
4.356982
7.771389
0.000000
43.822689
48.265884
45.016174
4.821793
-2.136812
-1.423571
-2.304069
6.350089
-8.688732
-1.924222
-7.692163
-6.575570
-1.808622
4.718493
7.085201
5.003223
3.263100
4.447729
7.205035
0.000000
42.968754
47.990486
44.744198
12.844444
-2.744757
-0.756942
-2.243381
8.321386
-7.438596
-2.809958
-7.337515
-5.570091
-1.773817
4.487707
6.554283
4.826638
3.160756
3.840888
8.171129
0.000000
42.724392
48.593803
44.863037
10.498009
-2.106050
0.022996
-2.244655
6.884661
-9.100693
-1.965903
-7.418385
-6.485147
-2.495686
4.312319
6.867903
4.326452
1.609230
4.034684
8.760956
0.000000
44.113052
47.746532
45.463074
-1.558727
-2.055178
-1.759326
-2.340448
6.602100
-9.184504
-2.306639
-8.467640
-8.115037
-2.706825
4.397091
7.117569
5.088372
1.706524
4.301300
6.562065
0.000000
39.745247
45.236786
44.883759
19.993715
-1.923465
-2.302170
-2.179519
5.603421
-7.126733
-2.585436
-8.545383
-4.227970
0.164976
4.717991
5.863626
3.543936
1.686697
4.841207
5.473527
0.000000
40.811836
46.122581
45.285835
20.877474
-2.218589
-2.860408
-2.148957
-2.905908
-8.453339
-1.623817
-6.318086
-5.001352
-0.719490
4.635548
6.443964
5.185854
2.400996
4.393103
6.497967
0.000000
41.141804
46.714752
47.164230
21.685257
-2.021152
-2.296259
-2.164047
1.897884
-7.030919
-2.388895
-6.433857
-4.999502
-0.542698
4.483913
6.199644
4.351314
3.130413
4.203277
7.228234
0.000000
42.973591
48.265850
42.075966
9.922840
-2.168396
-0.672857
-2.293820
5.328707
-10.894277
-1.291987
-7.137798
-7.065122
-2.725580
4.300985
6.945091
6.513008
0.903265
3.764453
8.368625
0.000000
45.551170
47.571293
36.059372
-1.599546
-1.969581
-2.529264
-2.233685
3.496140
-9.634044
-1.960784
-8.600021
-8.435083
-3.053040
4.159410
7.132896
5.061733
1.626686
4.307343
6.526126
0.000000
37.510414
45.535927
45.206696
22.637724
-1.995143
-2.318712
-2.179086
8.308621
-6.926467
-3.099576
-8.325760
-4.013264
0.112411
4.511032
5.514917
3.193533
0.732903
4.888184
5.793207
0.000000
40.276970
44.881866
45.732037
20.288704
-1.948447
-2.690224
-2.130923
2.320713
-7.700279
-2.580641
-6.265362
-4.882057
-0.718645
4.361851
6.132837
3.857848
1.284726
5.133761
4.880378
0.000000
39.685165
45.284462
45.030315
26.082571
-2.423255
-2.044222
-2.001467
-0.149319
-7.455158
-1.826495
-6.817904
-4.433800
-0.237963
4.560091
6.128946
3.518612
0.803316
5.447067
4.195112
0.000000
41.146957
45.455334
44.559818
29.900652
-1.790070
-2.116632
-2.044490
-8.906124
-7.373954
-0.120377
-6.452482
-4.165844
-0.062029
4.404078
5.936972
5.695980
-0.415819
3.993455
7.908705
0.000000
43.096348
48.702374
35.664635
-1.562908
-1.974871
-2.237594
-2.324513
1.889628
-14.210861
-0.706644
-7.635677
-9.798227
-5.859251
2.130772
7.926115
5.859985
1.835938
4.611831
6.580898
0.000000
42.338551
46.133511
45.788078
21.864515
-1.851117
-2.154773
-2.030959
7.620617
-6.985831
-2.054998
-9.137917
-3.861868
0.332060
4.451672
5.158424
2.635266
0.751186
5.013030
6.036543
0.000000
32.657455
45.943844
46.474464
23.981211
-2.338039
-2.322379
-2.200216
-7.021329
-10.184275
-1.287533
-6.172123
-4.297110
-0.476673
4.207556
5.874796
2.786001
3.016102
4.860403
5.883581
0.000000
39.764915
46.051678
45.410728
16.695166
-1.962248
-2.311940
-2.122646
-2.880545
-7.612279
-1.760598
-8.054440
-3.990847
-0.254112
4.111219
5.427952
3.060164
0.953492
5.307159
4.793292
0.000000
42.563465
46.158146
45.305599
33.331356
-1.872086
-2.137840
-2.172462
-6.111542
-8.832678
-0.886506
-6.406404
-4.527962
-0.560503
4.214073
5.518433
2.856694
2.207214
4.570249
8.032823
0.000000
44.868279
48.254818
44.872845
-1.529209
-2.243668
-0.543377
-2.405969
5.977377
-10.389372
-1.319257
-7.279176
-8.537193
-4.223188
3.623106
7.340075
5.118224
0.929850
4.284145
6.584423
0.000000
41.581745
45.820629
45.695541
18.227856
-1.995280
-2.024431
-2.024145
8.861305
-6.075881
-2.120917
-8.687604
-5.083090
-0.680912
4.082417
5.327894
3.306403
1.270850
4.616101
5.499441
0.000000
38.929703
43.616669
44.834942
32.484028
-1.910460
-2.159178
-2.246114
-4.831591
-6.486914
-2.227993
-6.376900
-4.587135
-0.420256
4.307983
5.378305
5.585944
2.710821
4.096569
5.985652
0.000000
43.861073
48.405006
45.696781
26.346899
-2.010785
-2.377649
-2.220594
0.030936
-7.559321
-2.015712
-6.238201
-5.195198
-1.694118
4.080126
6.065653
4.061058
3.970909
4.568022
6.724795
0.000000
44.786556
48.228027
44.793499
10.583041
-2.133419
-2.066464
-2.276133
4.858638
-7.412322
-1.912386
-7.489616
-5.816411
-2.292456
4.024647
6.364014
4.842247
2.492086
4.591259
6.080606
0.000000
38.895977
43.854847
44.705479
-1.209451
-3.219619
-2.988987
-2.257004
-0.256835
-6.234075
-2.193276
-8.074196
-5.902086
-1.037361
4.697927
6.672907
3.396086
1.051410
4.355522
3.673260
0.000000
40.439461
43.318878
43.117710
41.739285
5.811160
-1.706106
-1.938378
-8.475696
-5.871275
-1.738883
-4.345104
-2.629745
-0.036985
3.472353
3.663666
4.428765
0.487396
3.764628
7.049981
0.000000
44.042439
48.257301
27.873663
-1.746469
-2.133047
-1.532102
-2.697747
-1.981239
-11.880334
-1.125805
-6.437254
-10.807586
-6.803089
3.549921
9.904579
7.170506
1.852406
3.978492
6.167560
0.000000
41.512539
45.398003
45.422077
10.632718
-2.364079
-1.284921
-2.003169
8.079426
-4.943257
-2.060099
-9.241679
-5.738487
-1.148012
3.967312
5.481226
3.619808
1.337959
2.698884
4.691096
0.000000
38.335320
41.841537
42.623524
41.877949
3.732966
-1.819897
-2.069418
-4.690367
-7.860802
-2.814578
-3.400025
-2.721611
-0.877172
3.166195
4.340488
4.768878
0.274698
4.088284
7.545323
0.000000
44.363956
47.757484
23.455908
-1.886871
-2.186388
-2.579065
-2.561144
-1.446627
-9.222566
-0.640775
-7.354990
-11.635752
-5.819777
5.131630
9.935135
6.223391
2.280341
3.745820
5.251248
0.000000
40.296249
44.679924
44.991215
27.644192
-2.369817
-2.164447
-2.136210
12.278622
-6.390121
-2.642168
-7.775569
-5.214428
-0.770449
4.027374
5.317238
3.000978
0.938729
4.537857
4.562450
0.000000
39.341537
42.843472
43.320415
38.673504
-1.672783
-1.907385
-2.033597
-6.612186
-7.545901
-1.202497
-5.690846
-3.304588
-0.234249
3.688416
4.633604
4.995467
1.918880
3.559443
5.331116
0.000000
42.519886
46.406349
45.440247
10.312991
-1.980940
-2.253827
-2.216083
-4.578964
-7.034805
-0.788700
-6.603403
-6.211199
-1.457541
3.980509
6.313269
4.156309
1.935033
4.675107
3.960685
0.000000
37.900723
43.548782
42.992157
17.820314
-2.308443
-2.055778
-2.041269
-4.915681
-6.122727
-1.417107
-7.787390
-4.499378
-0.409311
3.962357
5.160814
2.731567
0.468079
4.657007
2.964694
0.000000
38.239544
42.443268
42.456886
42.975132
9.489532
-1.634933
-1.804666
-15.461186
-5.205575
-2.470060
-3.144123
-2.383307
0.028929
3.260611
3.780384
4.618155
1.240624
3.079838
5.258580
0.000000
43.941799
47.346924
44.021935
-0.609497
-1.970533
-3.525023
-2.241793
-5.862194
-7.440027
-1.206008
-4.923676
-7.847832
-2.821997
3.419531
7.020912
5.035477
1.975708
4.410365
4.394867
0.000000
37.462753
42.680096
43.246662
-1.304441
-2.428905
-3.296956
-2.092131
-6.350865
-6.337950
-0.843971
-8.356116
-5.090914
-0.712486
4.598879
6.538050
3.063865
0.960067
3.819338
3.303840
0.000000
40.583954
44.157856
43.875130
41.835503
5.314974
-1.848183
-1.991925
-10.684220
-6.019562
-1.473993
-4.847871
-3.374063
-0.497902
3.250914
4.505823
2.072674
3.167269
3.969221
4.335061
1.103806
0.000000
44.207832
43.139153
3.334634
-2.539173
-3.081788
-2.561159
-2.483282
-10.081880
-1.129031
-7.042793
-6.462471
-1.575314
3.799908
6.344179
4.184395
0.930176
4.689281
3.310545
-27.555550
0.000000
44.256226
45.376209
38.105293
-1.730539
-2.029992
-2.271415
-2.249686
-8.985117
-1.794735
-7.216517
-4.454798
-0.303282
3.895943
5.396753
3.285511
3.239564
4.130843
4.497658
-15.327081
0.000000
46.524860
46.898319
27.493021
-1.929241
-2.165541
-2.606013
-2.487331
-8.906733
-2.434068
-6.018186
-5.800615
-1.886019
3.663416
6.185402
3.950038
3.720622
4.251981
5.718735
-17.865406
0.000000
47.109138
47.011444
25.378025
-1.994587
-3.002666
-2.622279
-2.507093
-7.170126
-3.635079
-6.568250
-6.245131
-2.513556
3.447847
6.321596
5.293633
4.259721
4.392378
6.098249
2.325025
0.000000
46.224686
45.288307
15.121908
-2.063000
-3.688604
-2.687136
-2.672309
-7.430218
-3.318279
-7.214144
-6.136805
-1.956310
3.452726
6.311182
5.042697
1.868965
4.478621
4.007269
3.797369
0.000000
43.800495
44.640469
25.019871
-2.389972
-2.429905
-2.533268
-2.420236
-8.879910
-2.450739
-6.760896
-5.681421
-1.029583
3.869080
6.205433
3.970141
3.333934
4.278421
3.850070
-15.825002
0.000000
46.295151
45.862267
38.503662
-1.844846
-2.128503
-2.341877
-2.423629
-10.096093
-1.424233
-6.267735
-4.905437
-1.002131
3.460527
5.602779
3.427464
3.880955
4.328691
4.621463
-13.263590
0.000000
46.556328
44.241619
21.408978
-1.987010
-2.290711
-2.614323
-2.615075
-9.361622
-2.061799
-6.107184
-6.197603
-1.501301
3.645197
6.404524
3.801028
3.430935
3.804199
5.634127
-23.317591
0.000000
46.804096
47.331837
28.783890
-1.936675
-3.176898
-2.631593
-2.474450
-7.689600
-3.423905
-6.418703
-6.116398
-1.891760
3.331232
6.122353
5.223449
2.186458
4.988042
4.270649
3.444628
0.000000
44.008255
44.794815
15.100547
-3.031865
-3.042601
-3.090492
-2.331252
-8.289172
-3.359768
-7.136828
-6.421001
-1.444809
3.547066
6.391798
4.395149
1.574975
4.242741
2.382268
4.774938
0.000000
42.321938
43.957542
43.266521
9.596758
-1.752778
-2.003955
0.135850
-10.771495
-0.529531
-5.225372
-3.123091
-0.700226
2.939302
4.459667
5.576219
1.284069
3.290493
5.579518
4.064784
0.000000
47.346256
45.451370
9.210067
-1.924800
-3.759895
-4.079914
-2.715302
-6.383213
-3.891397
-3.324633
-10.184340
-4.608070
2.565214
7.237942
6.179239
3.023335
4.536613
5.124285
1.834641
0.000000
43.769516
43.165127
-1.449114
-1.944151
-3.152718
-4.241737
-2.405218
-9.984338
-1.900863
-7.125686
-6.632271
-2.079498
3.697662
6.723965
4.242986
1.040818
3.489332
2.303820
-7.217259
0.000000
41.839516
43.382385
42.616241
13.969445
-1.688435
-1.949596
1.527959
-10.308561
-2.637505
-3.150057
-2.920116
-0.672754
2.667906
4.140888
4.473514
1.153961
3.541123
6.218953
2.861696
0.000000
46.224770
25.768822
-1.834750
-2.209101
-1.825767
-0.854797
-2.886469
-6.065886
-3.096965
-3.565816
-12.192960
-8.493399
1.369991
9.732702
7.961772
2.668533
3.322765
3.553685
3.036078
0.000000
41.278542
42.650673
30.890144
-2.224236
-2.038437
-2.264523
1.846329
-11.229280
-3.175476
-5.482652
-3.887321
-1.020906
2.556866
4.149111
1.733701
-0.331289
2.568048
2.567708
6.436532
0.000000
41.386585
43.292786
42.648125
14.971378
-1.621596
-1.867781
3.277711
-12.177349
-2.507378
-3.011801
-2.418440
-0.533867
2.500702
3.967178
3.407434
1.271008
3.765281
5.595629
1.988581
0.000000
45.182072
25.117420
-1.444268
-1.829702
-2.543017
-2.332945
-2.592535
-9.647039
-2.711994
-3.643007
-10.547940
-6.473791
3.447948
8.659830
4.218311
1.658387
4.217932
2.614125
4.481313
0.000000
41.830124
43.641098
43.069767
13.512655
-1.769898
-2.015291
1.594139
-10.678176
-2.689640
-3.527207
-3.265276
-0.793383
2.621172
4.348227
4.479735
1.166584
3.243368
5.512536
3.115749
0.000000
46.634190
35.764332
-1.419377
-1.918915
-2.017143
-1.230037
-2.733587
-6.526830
-3.301502
-3.083029
-11.776623
-7.831598
1.140419
9.186438
5.827508
2.516471
1.244994
2.913966
4.509757
0.000000
42.192677
44.100674
43.454365
3.848215
-1.896970
-2.138489
0.812835
-11.837008
-2.038246
-4.241500
-3.660624
-0.977303
2.578537
4.602123
3.222191
2.438053
3.252279
4.616984
3.433789
0.000000
46.359612
45.115875
4.751316
-1.941108
-2.758903
-2.815724
-2.493768
-6.937903
-3.091378
-4.943847
-10.037128
-3.774261
2.406725
7.045792
5.192759
2.224726
1.547377
2.036528
5.133331
0.000000
41.014626
43.287048
42.966228
11.698560
-1.662258
-1.937088
4.048237
-11.943681
-3.300585
-2.903406
-2.742859
-0.513941
2.512478
4.111031
1.843159
2.186930
2.870934
5.998323
4.118062
0.000000
48.225445
25.695881
-1.787713
-2.143600
-2.431726
0.361995
-2.975536
0.690874
-10.070761
-2.197814
-12.721985
-11.132561
-1.671755
7.550781
10.943552
4.769631
1.664994
5.972076
-31.952465
0.000000
46.508873
45.931656
7.329998
-1.877750
-2.770007
-0.283874
-2.107666
-9.595168
-2.907632
-8.254437
-7.133089
-2.542048
2.751839
6.376940
6.609683
2.031011
1.637311
3.667744
7.325037
0.000000
44.446438
45.068710
45.517418
13.772883
-1.897488
-2.147940
3.055484
-19.550051
-3.656387
-4.602451
-3.391439
-1.344580
2.317854
4.481073
3.622502
3.218847
2.794416
7.196462
3.319641
0.000000
46.762188
37.490887
-1.558625
-2.053971
-2.581005
0.044168
-2.649304
-14.731771
-1.541257
-6.285253
-10.258611
-7.203066
0.192692
7.968210
8.087496
2.489184
1.093134
4.405175
5.700318
0.000000
44.322697
44.830650
45.614300
4.519175
-1.799055
-2.085808
4.926543
-21.131348
-4.591626
-4.645262
-3.482115
-0.992556
2.304001
4.430954
4.006216
0.548450
4.142220
5.817583
5.052971
0.000000
46.347145
37.702244
-1.555722
-1.968734
-0.576700
1.078022
-2.875366
-16.588219
-1.543185
-3.789442
-11.743683
-8.683056
0.351330
8.983963
6.983679
2.184361
1.817954
4.822253
5.118172
0.000000
42.864361
44.282352
42.424122
-2.409957
-2.062060
-2.285017
2.572324
-17.920168
-5.223764
-6.388909
-4.043180
-1.343857
2.018955
4.285677
3.814224
0.688183
3.690935
3.809426
7.333001
0.000000
43.756680
44.259281
43.241486
-3.138841
-2.057974
-2.304121
-2.367850
-15.312757
-4.068511
-5.154003
-4.885899
-1.807686
2.464256
5.115677
4.237196
3.385010
3.611818
3.768666
3.470996
0.000000
46.533207
46.433914
43.711868
-1.805981
-2.097450
-2.328949
-2.411804
-13.817986
-2.348381
-6.118896
-5.793791
-1.886461
2.156857
5.048780
5.277125
2.003209
4.695642
3.339385
3.620165
0.000000
43.343021
43.650394
43.311752
-1.418286
-1.916853
-2.164256
-2.149762
-13.557486
-2.444443
-6.098678
-4.855492
-1.053595
2.764538
5.097332
4.326235
3.545650
4.244184
3.407343
4.877622
0.000000
45.282482
45.043423
41.173180
-1.951304
-1.998736
-2.238254
-2.279241
-13.733451
-2.404335
-6.045412
-5.052509
-1.531889
2.479519
5.198826
5.142385
1.650970
5.212380
3.156524
3.358895
0.000000
44.058525
43.787285
40.434193
-1.741120
-1.936406
-2.206420
-2.166836
-14.023140
-2.322773
-5.617163
-4.865736
-1.143166
2.917027
5.413080
4.470604
3.587284
3.998744
3.088637
-24.944134
0.000000
44.287941
45.715607
40.707127
-2.785749
-1.907112
-2.147673
-2.198720
-10.473715
-0.138647
-6.325387
-4.446451
-1.375072
2.268961
4.492651
3.295864
1.267953
4.358351
2.200912
2.278221
0.000000
40.304947
41.991379
35.166046
-1.738304
-1.789720
-2.042467
-2.011095
-9.648222
-0.111585
-6.035192
-4.010302
-0.871958
2.517710
4.414442
2.553783
0.594614
4.189587
2.486222
2.902761
0.000000
42.439270
43.771492
24.071392
-2.347044
-2.738301
-2.556569
-2.115022
-7.415520
-2.731539
-7.576984
-5.882273
-1.389938
2.879259
5.168785
3.335701
0.940390
2.237807
2.162848
4.737538
0.000000
40.125870
41.828854
41.186573
13.489372
-1.542632
-1.810510
1.616816
-12.135382
-3.032839
-1.896267
-2.458107
-0.226784
2.618080
3.873482
4.132855
1.281570
2.965232
5.021952
3.632640
0.000000
46.774017
31.015335
-1.440933
-1.939005
-1.798997
-1.124176
-2.930916
-4.595997
-5.016403
-3.297396
-10.436430
-7.812880
-0.210951
8.571924
6.686154
1.767115
2.852593
5.277936
-38.421658
0.000000
43.644096
44.126579
11.058584
-1.719590
-2.059243
-2.453546
-2.039876
-7.031559
-3.738933
-10.068625
-5.538080
-0.426895
3.096535
-0.188580
2.382912
0.927118
2.170959
4.477437
9.821316
0.000000
40.955555
35.617954
29.798098
6.529402
-2.410880
-2.662690
0.413785
-11.572191
-4.662308
-6.085310
-5.255471
-2.479124
2.136999
5.623117
5.620052
2.851384
5.683840
2.087193
-30.434170
0.000000
42.867393
44.180962
38.823341
-1.817190
-1.835683
-2.069164
-2.132730
-9.401137
-1.733264
-6.540318
-3.594814
-0.215904
3.270872
4.857494
4.823726
3.238923
3.494371
4.028123
3.581723
0.000000
46.777412
41.004848
17.230543
-1.966982
-3.001109
-2.657691
-2.649443
-9.866212
-3.011874
-4.252888
-7.722822
-2.417610
3.480595
6.927563
5.635391
2.963129
3.695711
5.098674
-11.706416
0.000000
46.894867
47.583130
36.019814
-1.788929
-2.213593
-2.436386
-2.421617
-8.995321
-1.549290
-6.352147
-5.515667
-1.217199
3.165731
5.448849
4.583340
1.512135
5.229929
3.795919
-25.627472
0.000000
45.154984
44.732494
23.097340
-2.286253
-2.997506
-2.322453
-2.251676
-7.521191
-3.324020
-7.209470
-6.043446
-1.435741
3.484989
5.932257
4.241093
1.702382
4.355840
3.208211
4.898871
0.000000
42.633904
44.194607
40.688808
-1.703717
-1.995764
-2.222372
-2.291708
-9.406778
-1.158846
-6.879550
-4.580120
-0.619019
3.523361
5.314354
3.308011
3.312523
4.309732
4.099633
3.262666
0.000000
45.430836
43.834137
18.511641
-1.946203
-3.546458
-2.486757
-2.524623
-8.136618
-3.340232
-6.108172
-6.713106
-1.786240
3.803101
6.671511
4.810196
3.845314
4.030878
4.954148
-23.396235
0.000000
46.944988
47.783298
36.304977
-1.909374
-2.264569
-2.503525
-2.486193
-8.818930
-2.373865
-6.439868
-5.356829
-1.344563
3.457296
5.723909
4.854502
4.463402
4.801748
5.314637
-24.282694
0.000000
46.790665
44.567612
25.191517
11.816741
16.165478
16.356985
16.269117
15.567699
14.815394
6.147400
24.580408
29.667212
27.870787
25.138321
19.949911
10.584831
-2.729522
-2.897409
-3.047832
-3.215624
-0.505912
0.622704
-2.545830
-4.756289
-11.536270
-5.239779
0.009155
1.688793
1.315880
0.816738
3.271091
6.448735
-18.663729
0.000000
51.142963
51.126488
34.919949
-1.332246
-2.104509
-2.208601
22.119543
-8.904860
-0.055811
-2.738679
-3.896952
-2.345092
0.201502
0.097448
-0.895851
-0.866810
2.786019
3.587199
-19.007488
0.000000
50.706741
48.805462
13.122460
-2.755386
-2.004514
-2.147915
7.088438
-5.211511
-1.791381
-3.644827
-4.070211
-2.240527
0.296261
-0.131632
-1.275469
-1.071337
3.209371
3.197769
-4.175778
0.000000
50.625393
41.007271
8.746774
-1.780357
-1.913966
-2.071306
9.756622
-5.824722
-2.627811
-3.013925
-3.480100
-1.915748
0.396961
-0.179379
-1.493916
-1.297688
3.023604
2.885297
-4.422766
0.000000
50.602631
39.423363
5.083524
-1.833994
-1.992067
-2.130813
5.172169
-6.687797
-2.308496
-3.951614
-3.865868
-2.220733
0.255632
-0.128414
-1.152960
-0.903967
3.562396
3.605793
-4.286310
0.000000
48.598026
45.817162
15.088802
-1.620413
-1.757224
-1.903688
8.034639
-7.115035
-2.143282
-3.211817
-2.720779
-1.568616
0.189864
-0.699061
-2.411861
-2.301720
2.033039
2.476162
-3.781279
0.000000
52.173073
47.964695
6.377036
-2.518213
-2.473616
-1.918070
-2.289889
-4.484732
-2.355449
