-1.875954
-1.907731
-1.901377
-1.885462
-1.859598
-1.825454
-1.783662
-1.733822
-1.672151
-1.600220
-1.517693
-1.422897
-1.312864
-1.154933
-0.970494
-0.888000
-0.888000
-0.888000
-0.888000
-0.888000
-0.888000
-1.079556
-1.251772
-1.364568
-1.563611
-1.746149
-1.878976
-1.958606
-2.032402
-1.871821
-1.694830
-1.509175
-1.461772
-1.511886
-1.534322
-1.544446
-1.548491
-1.532170
-1.497388
-1.447905
-1.379123
-1.370782
-1.384593
-1.385065
-1.575386
-1.761206
-1.912666
-2.025999
-2.117976
-1.976236
-1.828739
-1.658247
-1.457655
-1.257051
-1.056454
-0.888000
-0.888000
-0.921602
-1.081646
-1.168185
-1.189739
-1.343319
-1.524291
-1.478993
-1.360020
-1.507660
-1.800000
-1.874316
-1.905807
-1.898915
-1.882873
-1.858197
-1.826046
-1.787773
-1.743454
-1.692173
-1.631744
-1.560720
-1.477384
-1.378024
-1.261818
-1.126811
-0.970267
-0.888000
-0.888000
-0.888000
-0.888000
-0.895296
-0.888000
-0.888000
-1.800000
-1.872035
-1.899606
-1.890874
-1.875277
-1.852658
-1.823706
-1.789023
-1.747050
-1.696065
-1.633883
-1.558921
-1.467105
-1.355485
-1.224115
-1.075568
-0.902439
-0.888000
-0.888000
-0.888000
-0.888000
-0.888000
-0.888000
-0.888000
-0.888000
-0.921590
-1.057833
-1.154162
-1.209457
-1.225623
-1.169618
-1.301800
-1.407342
-1.492688
-1.553098
-1.683985
-1.550668
-1.376548
-1.178317
-0.977886
-0.888000
-0.888000
-0.911671
-1.080242
-1.205945
-1.305435
-1.460869
-1.650435
-1.631853
-1.608689
-1.612628
-1.586361
-1.729864
-1.882811
-2.075098
-1.972360
-1.826488
-1.711349
-1.626430
-1.569072
-1.527214
-1.481559
-1.455925
-1.418543
-1.393785
-1.411379
-1.611973
-1.793091
-1.687350
-1.572354
-1.437631
-1.587066
-1.747866
-1.878354
-2.033821
-1.934124
-1.786000
-1.669513
-1.571729
-1.411916
-1.439480
-1.459316
-1.466683
-1.461641
-1.459864
-1.501643
-1.702242
-1.637813
-1.556110
-1.499270
-1.448918
-1.602707
-1.763417
-1.900946
-2.065681
-1.944745
-1.785750
-1.678173
-1.607390
-1.565112
-1.566707
-1.587489
-1.593963
-1.587839
-1.572159
-1.538506
-1.730707
-1.909621
-1.802883
-1.691754
-1.571822
-1.710281
-1.856307
-1.977076
-2.118258
-1.982805
-1.809285
-1.684775
-1.595722
-1.536031
-1.474339
-1.487544
-1.506024
-1.505468
-1.480044
-1.489936
-1.690540
-1.878823
-1.768110
-1.651767
-1.562404
-1.690881
-1.834350
-1.957937
-2.049932
-1.933642
-1.798762
-1.702996
-1.637270
-1.598963
-1.639122
-1.668635
-1.688627
-1.704989
-1.718871
-1.734703
-1.770076
-1.744597
-1.705293
-1.682676
-1.631677
-1.768353
-1.924010
-2.056901
-2.210244
-2.100451
-1.948688
-1.840069
-1.764553
-1.716850
-1.689025
-1.710662
-1.717342
-1.703521
-1.666381
-1.657153
-1.843822
-1.989877
-1.882199
-1.769705
-1.681932
-1.790898
-1.920393
-2.030846
-2.111900
-1.979079
-1.820869
-1.701081
-1.611724
-1.551905
-1.547360
-1.581225
-1.594477
-1.588322
-1.574365
-1.600994
-1.801589
-1.736970
-1.649787
-1.595365
-1.508203
-1.666007
-1.831803
-1.968709
-1.875335
-1.748062
-1.647149
-1.570065
-1.506874
-1.518630
-1.531010
-1.531763
-1.520917
-1.507573
-1.501635
-1.529057
-1.729651
-1.904831
-1.792825
-1.675527
-1.564599
-1.710354
-1.869547
-2.007303
-2.171263
-2.055699
-1.898256
-1.789358
-1.716721
-1.685583
-1.719307
-1.747096
-1.758369
-1.753876
-1.737798
-1.704258
-1.869874
-1.819981
-1.750030
-1.696215
-1.616330
-1.763364
-1.917984
-2.046513
-2.192019
-2.062693
-1.895113
-1.775080
-1.690093
-1.636047
-1.576434
-1.598316
-1.607363
-1.597691
-1.577297
-1.589090
-1.789693
-1.963215
-1.858962
-1.747953
-1.665255
-1.767982
-1.906609
-2.033779
-2.189517
-2.083485
-1.942191
-1.846839
-1.786321
-1.761682
-1.785253
-1.802788
-1.807365
-1.798923
-1.781238
-1.751377
-1.920518
-1.870205
-1.810038
-1.754872
-1.666955
-1.803508
-1.950244
-2.069560
-2.176179
-2.038543
-1.871654
-1.749069
-1.658474
-1.595801
-1.528368
-1.543716
-1.539059
-1.515348
-1.492072
-1.490404
-1.691008
-1.858250
-1.744496
-1.627775
-1.513598
-1.665080
-1.823062
-1.953518
-2.046746
-1.922940
-1.777313
-1.670276
-1.592845
-1.545543
-1.587710
-1.615039
-1.623493
-1.622468
-1.628658
-1.658353
-1.858949
-1.812076
-1.737514
-1.682935
-1.592453
-1.715418
-1.878839
-2.016703
-1.950106
-1.847408
-1.765547
-1.705920
-1.674747
-1.709275
-1.728934
-1.743571
-1.740935
-1.721655
-1.691840
-1.675822
-1.869922
-1.819272
-1.738541
-1.672970
-1.579540
-1.727309
-1.882892
-2.012447
-2.154000
-2.016032
-1.836114
-1.705569
-1.613042
-1.552919
-1.512859
-1.486965
-1.497666
-1.490215
-1.454072
-1.456910
-1.657514
-1.842120
-1.728341
-1.610177
-1.521125
-1.657068
-1.804192
-1.929441
-2.022244
-1.907866
-1.772367
-1.660556
-1.581223
-1.533490
-1.568754
-1.614396
-1.646962
-1.669035
-1.681864
-1.682018
-1.707645
-1.669321
-1.629014
-1.606770
-1.543206
-1.701262
-1.872020
-2.014232
-1.943251
-1.836670
-1.749670
-1.683593
-1.633266
-1.639713
-1.655530
-1.666737
-1.658965
-1.637370
-1.613974
-1.633272
-1.831585
-1.981441
-1.873319
-1.761103
-1.644622
-1.774269
-1.920930
-2.046169
-2.186573
-2.055615
-1.893373
-1.771996
-1.690182
-1.643769
-1.619701
-1.644397
-1.656458
-1.650088
-1.620629
-1.593822
-1.784490
-1.947212
-1.843772
-1.732227
-1.645137
-1.762115
-1.898500
-2.015356
-2.100446
-1.976864
-1.834663
-1.724477
-1.646441
-1.597539
-1.603484
-1.642899
-1.661110
-1.662010
-1.650365
-1.676545
-1.876841
-2.033096
-1.921735
-1.809445
-1.686703
-1.804179
-1.943954
-2.055669
-1.964545
-1.843408
-1.745256
-1.673066
-1.615828
-1.608628
-1.627911
-1.640520
-1.632172
-1.612547
-1.590577
-1.610433
-1.811025
-1.982258
-1.871367
-1.752068
-1.667572
-1.720116
-1.853200
-1.983682
-2.082155
-1.970117
-1.837636
-1.731585
-1.655010
-1.608216
-1.591884
-1.621529
-1.636087
-1.630903
-1.605886
-1.615220
-1.815823
-1.987938
-1.881415
-1.767669
-1.679054
-1.786493
-1.917519
-2.033985
-2.176167
-2.045901
-1.882622
-1.768806
-1.691056
-1.644311
-1.631920
-1.648199
-1.647941
-1.637849
-1.624699
-1.640318
-1.840659
-2.000085
-1.888508
-1.773405
-1.689480
-1.589126
-1.733541
-1.896159
-2.096446
-2.018469
-1.895863
-1.813228
-1.757260
-1.721592
-1.748118
-1.768157
-1.779594
-1.774364
-1.745936
-1.712143
-1.877202
-1.832815
-1.758154
-1.698574
-1.645709
-1.771776
-1.912855
-2.033355
-2.124302
-2.012239
-1.876378
-1.769363
-1.692078
-1.642638
-1.641502
-1.675407
-1.687011
-1.681292
-1.677843
-1.696199
-1.894219
-1.852406
-1.768784
-1.705904
-1.623183
-1.766654
-1.921766
-2.054376
-2.197057
-2.077962
-1.919731
-1.804524
-1.721133
-1.667041
-1.659076
-1.672667
-1.674135
-1.657271
-1.632709
-1.636536
-1.835236
-1.991940
-1.887051
-1.775085
-1.657439
-1.784637
-1.930194
-2.053822
-2.194085
-2.068614
-1.907495
-1.794056
-1.715749
-1.657527
-1.679918
-1.695697
-1.694356
-1.676177
-1.648719
-1.639824
-1.839254
-1.991637
-1.876684
-1.771597
-1.652759
-1.778890
-1.918589
-2.032696
-2.114657
-1.956503
-1.785200
-1.663485
-1.576444
-1.520222
-1.481074
-1.495456
-1.495916
-1.481596
-1.472759
-1.479032
-1.679637
-1.862204
-1.749235
-1.630745
-1.544494
-1.678634
-1.826550
-1.953091
-2.083136
-1.966155
-1.819597
-1.716014
-1.647637
-1.617442
-1.657197
-1.690107
-1.712452
-1.725152
-1.730455
-1.721256
-1.698748
-1.717395
-1.664907
-1.652228
-1.593352
-1.689877
-1.852515
-1.995771
-1.931015
-1.818255
-1.721074
-1.651136
-1.597855
-1.543284
-1.568541
-1.587733
-1.594486
-1.579984
-1.540969
-1.535797
-1.736399
-1.907759
-1.806098
-1.691627
-1.599989
-1.725488
-1.867685
-1.988567
-2.076982
-1.954014
-1.801131
-1.688236
-1.610031
-1.561387
-1.575526
-1.615108
-1.635093
-1.638396
-1.635071
-1.658539
-1.858784
-1.800361
-1.719911
-1.664414
-1.583084
-1.671294
-1.834947
-1.976828
-1.875493
-1.788869
-1.724747
-1.676282
-1.636571
-1.673486
-1.694849
-1.709302
-1.711297
-1.707667
-1.699727
-1.691838
-1.736774
-1.709445
-1.664129
-1.628841
-1.552278
-1.708712
-1.876322
-2.016928
-2.169861
-2.049800
-1.895003
-1.777953
-1.697140
-1.649184
-1.614264
-1.631356
-1.640488
-1.630963
-1.594029
-1.558144
-1.746960
-1.911830
-1.811695
-1.703612
-1.620363
-1.745685
-1.884879
-2.002800
-2.142072
-2.007246
-1.829193
-1.701578
-1.614462
-1.560780
-1.542746
-1.572991
-1.596080
-1.614964
-1.632078
-1.635170
-1.675704
-1.701176
-1.665458
-1.631171
-1.570770
-1.732478
-1.902347
-2.042193
-1.946151
-1.854757
-1.786524
-1.740130
-1.710236
-1.748513
-1.782197
-1.811428
-1.830256
-1.832209
-1.818375
-1.787810
-1.773253
-1.964878
-1.925670
-1.849379
-1.779927
-1.681888
-1.810528
-1.962417
-2.087851
-2.010696
-1.896174
-1.807279
-1.742631
-1.702498
-1.690505
-1.718465
-1.734832
-1.732787
-1.706292
-1.703057
-1.891173
-2.033595
-1.930533
-1.821453
-1.734559
-1.836810
-1.962598
-2.067430
-2.148472
-2.026751
-1.881432
-1.766706
-1.683823
-1.630586
-1.628889
-1.648428
-1.648771
-1.639610
-1.632525
-1.652385
-1.852981
-1.802191
-1.722218
-1.663718
-1.576670
-1.729638
-1.894507
-2.029961
-1.955491
-1.843521
-1.756037
-1.694395
-1.657199
-1.694308
-1.716057
-1.732208
-1.731264
-1.713285
-1.684830
-1.673252
-1.866179
-1.866601
-1.779312
-1.702571
-1.607828
-1.751312
-1.903576
-2.030368
-2.171111
-2.032661
-1.859739
-1.729963
-1.640945
-1.586202
-1.551640
-1.552860
-1.563882
-1.555323
-1.524243
-1.529144
-1.729747
-1.906430
-1.792855
-1.672040
-1.582728
-1.710388
-1.852757
-1.975239
-2.067360
-1.951174
-1.814896
-1.716641
-1.647886
-1.606512
-1.636801
-1.662747
-1.672518
-1.672751
-1.676434
-1.680429
-1.871009
-1.816034
-1.737273
-1.682972
-1.594586
-1.707439
-1.867026
-2.002472
-1.930515
-1.824453
-1.739579
-1.676303
-1.629294
-1.658626
-1.674978
-1.686008
-1.680072
-1.662324
-1.636527
-1.608729
-1.795104
-1.949164
-1.838994
-1.740622
-1.668950
-1.791767
-1.926244
-2.041185
-2.123465
-1.993314
-1.838729
-1.717135
-1.632782
-1.581780
-1.550659
-1.531918
-1.548609
-1.547206
-1.516963
-1.529561
-1.730163
-1.910989
-1.797245
-1.676887
-1.585622
-1.709146
-1.847413
-1.967136
-2.112383
-1.978348
-1.809971
-1.694592
-1.618033
-1.572994
-1.588386
-1.611520
-1.622579
-1.628778
-1.636317
-1.629745
-1.622017
-1.582897
-1.550336
-1.528511
-1.520154
-1.677162
-1.841668
-1.979738
-2.088949
-1.994098
-1.870546
-1.778684
-1.714040
-1.654512
-1.681257
-1.715513
-1.735060
-1.733884
-1.708080
-1.674156
-1.856029
-2.019938
-1.925039
-1.818956
-1.731178
-1.830002
-1.954049
-2.061102
-2.140924
-2.008910
-1.851134
-1.732951
-1.646751
-1.589904
-1.561260
-1.595421
-1.612865
-1.611742
-1.607354
-1.589266
-1.781711
-1.726786
-1.649070
-1.597408
-1.523234
-1.683542
-1.851513
-1.988807
-1.911502
-1.795757
-1.703531
-1.642078
-1.597306
-1.628885
-1.649781
-1.665164
-1.664582
-1.645359
-1.618731
-1.595048
-1.783140
-1.941560
-1.839122
-1.729295
-1.617904
-1.753829
-1.902387
-2.024958
-2.163628
-2.030922
-1.863354
-1.737652
-1.650972
-1.598820
-1.584744
-1.604946
-1.613977
-1.604057
-1.580955
-1.546142
-1.736889
-1.906215
-1.796772
-1.689395
-1.584931
-1.732879
-1.888174
-2.018291
-2.165344
-2.040532
-1.880145
-1.764768
-1.686150
-1.624287
-1.640090
-1.657262
-1.665474
-1.655867
-1.635448
-1.605232
-1.795070
-1.744725
-1.668590
-1.612614
-1.565124
-1.685432
-1.836545
-1.968279
-2.074650
-1.976245
-1.845321
-1.750590
-1.686442
-1.648422
-1.657985
-1.684044
-1.692107
-1.685503
-1.673791
-1.665043
-1.854279
-2.014307
-1.907429
-1.798114
-1.716394
-1.611527
-1.750558
-1.909932
-2.098854
-2.014256
-1.885754
-1.798440
-1.739781
-1.693056
-1.719614
-1.736339
-1.744884
-1.734209
-1.709708
-1.669712
-1.835271
-1.971221
-1.871444
-1.769353
-1.691721
-1.595112
-1.737684
-1.895562
-2.072221
-1.990888
-1.861974
-1.768124
-1.703308
-1.663858
-1.661767
-1.695389
-1.718873
-1.724646
-1.717615
-1.694994
-1.870980
-2.010844
-1.911379
-1.814953
-1.741628
-1.647557
-1.784230
-1.941774
-2.131097
-2.054235
-1.934237
-1.849731
-1.790761
-1.768092
-1.789960
-1.800059
-1.796246
-1.777331
-1.752857
-1.722268
-1.889180
-2.019366
-1.917256
-1.815259
-1.712133
-1.627181
-1.775444
-1.932889
-2.113926
-2.024816
-1.885981
-1.785530
-1.712067
-1.663904
-1.651830
-1.665359
-1.669499
-1.653624
-1.624409
-1.585232
-1.768746
-1.921776
-1.820950
-1.717867
-1.615884
-1.757822
-1.910699
-2.037513
-2.182678
-2.053782
-1.889863
-1.774615
-1.695072
-1.647889
-1.639702
-1.657341
-1.665967
-1.657101
-1.635380
-1.602497
-1.789436
-1.944480
-1.838800
-1.734107
-1.656527
-1.564310
-1.714677
-1.878126
-2.069073
-1.980667
-1.849548
-1.757252
-1.692452
-1.652982
-1.659574
-1.669515
-1.670273
-1.655897
-1.633025
-1.596064
-1.784152
-1.946724
-1.831623
-1.711494
-1.620109
-1.740077
-1.874222
-1.986789
-2.074568
-1.944212
-1.793126
-1.681073
-1.597867
-1.544624
-1.498704
-1.548311
-1.548674
-1.544651
-1.529020
-1.502521
-1.699000
-1.885983
-1.771920
-1.651242
-1.550154
-1.694245
-1.843228
-1.964977
-2.109475
-1.972152
-1.798811
-1.678996
-1.597521
-1.547938
-1.541201
-1.556745
-1.561518
-1.547434
-1.536274
-1.512520
-1.707462
-1.881161
-1.761204
-1.645569
-1.562422
-1.638391
-1.784860
-1.920397
-2.028772
-1.923291
-1.792768
-1.700766
-1.636192
-1.597351
-1.625138
-1.650975
-1.666857
-1.661104
-1.646795
-1.623113
-1.811327
-1.758047
-1.680328
-1.622968
-1.538316
-1.694315
-1.856261
-1.987062
-2.087497
-1.972440
-1.826642
-1.718882
-1.637440
-1.582293
-1.585020
-1.614288
-1.625713
-1.614745
-1.589867
-1.561090
-1.753952
-1.935894
-1.836484
-1.726825
-1.639912
-1.642990
-1.781821
-1.922555
-2.090669
-1.971739
-1.816134
-1.701015
-1.623849
-1.579387
-1.578456
-1.604727
-1.620171
-1.617137
-1.600497
-1.571869
-1.757985
-1.908292
-1.796565
-1.693424
-1.602353
-1.752460
-1.908034
-2.036158
-2.182328
-2.066273
-1.912138
-1.805804
-1.731715
-1.671331
-1.692904
-1.706503
-1.713268
-1.701354
-1.677527
-1.643820
-1.826700
-1.771659
-1.692927
-1.635045
-1.585936
-1.503287
-1.662299
-1.831695
-1.968327
-1.887857
-1.776197
-1.694676
-1.634679
-1.596683
-1.609655
-1.634377
-1.648089
-1.643214
-1.628138
-1.603721
-1.795018
-1.741408
-1.662554
-1.604444
-1.564133
-1.482347
-1.645418
-1.816521
-1.955070
-1.868774
-1.752383
-1.665566
-1.601854
-1.561351
-1.560999
-1.591487
-1.611197
-1.609508
-1.595394
-1.568178
-1.759489
-1.711606
-1.775052
-1.704343
-1.624623
-1.524645
-1.679245
-1.844844
-1.977621
-1.888942
-1.779471
-1.695036
-1.636118
-1.601910
-1.617974
-1.649604
-1.670370
-1.670016
-1.657827
-1.636000
-1.826049
-1.989004
-1.882345
-1.772829
-1.692856
-1.592937
-1.736017
-1.895002
-2.025141
-1.948111
-1.841869
-1.765714
-1.710769
-1.679000
-1.715313
-1.740211
-1.755375
-1.752285
-1.737807
-1.709217
-1.899253
-1.847839
-1.767589
-1.708005
-1.622851
-1.550172
-1.714151
-1.880135
-2.011072
-1.926657
-1.806429
-1.713533
-1.639320
-1.585575
-1.587286
-1.606450
-1.609656
-1.599867
-1.599335
-1.586667
-1.598788
-1.781655
-1.713607
-1.640135
-1.589339
-1.510499
-1.668778
-1.841404
-1.988961
-1.927151
-1.830141
-1.762938
-1.717469
-1.726766
-1.770430
-1.805184
-1.830251
-1.835784
-1.828124
-1.805400
-1.799521
-1.751706
-1.717985
-1.700862
-1.685605
-1.627538
-1.778803
-1.946274
-2.081892
-2.030331
-1.938235
-1.864560
-1.809076
-1.773658
-1.809476
-1.835655
-1.850670
-1.848205
-1.830856
-1.794709
-1.938555
-2.059077
-1.972602
-1.882974
-1.810829
-1.712310
-1.834368
-1.981588
-2.101548
-2.022175
-1.909225
-1.822046
-1.753164
-1.705969
-1.693942
-1.708406
-1.715482
-1.708967
-1.694420
-1.666785
-1.808277
-1.979993
-1.887739
-1.786253
-1.706959
-1.603895
-1.744498
-1.899541
-2.025997
-1.939442
-1.818842
-1.728483
-1.663386
-1.623199
-1.618472
-1.639091
-1.651481
-1.645339
-1.627802
-1.600199
-1.745186
-1.927323
-1.824869
-1.716910
-1.641583
-1.538625
-1.690011
-1.851014
-1.981145
-1.890934
-1.768617
-1.678415
-1.613975
-1.573005
-1.562027
-1.583746
-1.596520
-1.585878
-1.562844
-1.532331
-1.680721
-1.876184
-1.780049
-1.673569
-1.593158
-1.496793
-1.653582
-1.821446
-1.959115
-1.874516
-1.761216
-1.677922
-1.619139
-1.589820
-1.630317
-1.655997
-1.674889
-1.674774
-1.663555
-1.638777
-1.756853
-1.952857
-1.872658
-1.765056
-1.674775
-1.560499
-1.704715
-1.855763
-1.977771
-1.874768
-1.741827
-1.635103
-1.552848
-1.494625
-1.453792
-1.488259
-1.483033
-1.473303
-1.461828
-1.459423
-1.615246
-1.780643
-1.684640
-1.590999
-1.526043
-1.576254
-1.736667
-1.887356
-2.013140
-1.917414
-1.794332
-1.706097
-1.645928
-1.639133
-1.684480
-1.717514
-1.742996
-1.748649
-1.741738
-1.720569
-1.694903
-1.865559
-1.813752
-1.744626
-1.682810
-1.614646
-1.770901
-1.933960
-2.131068
-2.045635
-1.907244
-1.801826
-1.725861
-1.678453
-1.647566
-1.668144
-1.681623
-1.673298
-1.644793
-1.603550
-1.737996
-1.897462
-1.805569
-1.708929
-1.637713
-1.552098
-1.704473
-1.867490
-2.001813
-1.921776
-1.805042
-1.716040
-1.659396
-1.624032
-1.650776
-1.683687
-1.709784
-1.722199
-1.727140
-1.719589
-1.708016
-1.881827
-1.834719
-1.764017
-1.707863
-1.622953
-1.768106
-1.924174
-2.052139
-1.981572
-1.873911
-1.791194
-1.728864
-1.689179
-1.707066
-1.727963
-1.740638
-1.731038
-1.710639
-1.680165
-1.814979
-1.974344
-1.879763
-1.778327
-1.698078
-1.606530
-1.752046
-1.908280
-2.086032
-1.981295
-1.826879
-1.716169
-1.637962
-1.588463
-1.562329
-1.581010
-1.591757
-1.582710
-1.553387
-1.523663
-1.666563
-1.845087
-1.736455
-1.635325
-1.562218
-1.637491
-1.786147
-1.918941
-2.024011
-1.910052
-1.771906
-1.670984
-1.596884
-1.548169
-1.564399
-1.582035
-1.599499
-1.610227
-1.613810
-1.604671
-1.609825
-1.796395
-1.722502
-1.643427
-1.588386
-1.506643
-1.665741
-1.837190
-1.982171
-1.909862
-1.801709
-1.718531
-1.665042
-1.629679
-1.632339
-1.661090
-1.683339
-1.684722
-1.667108
-1.631842
-1.768579
-1.931702
-1.833142
-1.732642
-1.654848
-1.556511
-1.704909
-1.861873
-1.985959
-1.887390
-1.757419
-1.655397
-1.575137
-1.518694
-1.483207
-1.501789
-1.517177
-1.521527
-1.520760
-1.507616
-1.570969
-1.768252
-1.683368
-1.587128
-1.520572
-1.481330
-1.644689
-1.806446
-1.938288
-1.848249
-1.721910
-1.631966
-1.570205
-1.533495
-1.548454
-1.575263
-1.594157
-1.590275
-1.573107
-1.547343
-1.695104
-1.885800
-1.782743
-1.674049
-1.595821
-1.501287
-1.657601
-1.823882
-1.961260
-1.875997
-1.762304
-1.680148
-1.623325
-1.591184
-1.622622
-1.647951
-1.666269
-1.663830
-1.649259
-1.626910
-1.777673
-1.900042
-1.807573
-1.714304
-1.644630
-1.549175
-1.701673
-1.863331
-1.996066
-1.923420
-1.814451
-1.733374
-1.677172
-1.641122
-1.672629
-1.695303
-1.710184
-1.703091
-1.682512
-1.653494
-1.795139
-1.965527
-1.865106
-1.760164
-1.680511
-1.578277
-1.722297
-1.878500
-2.006980
-1.920065
-1.799919
-1.709524
-1.640397
-1.594789
-1.590884
-1.612007
-1.624825
-1.615033
-1.591773
-1.558191
-1.703095
-1.890905
-1.786226
-1.674354
-1.589867
-1.483767
-1.638867
-1.803511
-1.935981
-1.843795
-1.717858
-1.621190
-1.556638
-1.512819
-1.508843
-1.543726
-1.569121
-1.576563
-1.571432
-1.558040
-1.705851
-1.659600
-1.591541
-1.545021
-1.508874
-1.435816
-1.602616
-1.780685
-1.929807
-1.869606
-1.778559
-1.711652
-1.660231
-1.650008
-1.690379
-1.714612
-1.729860
-1.721675
-1.701246
-1.671478
-1.805331
-1.972624
-1.876091
-1.770728
-1.688515
-1.580947
-1.722294
-1.877818
-2.004939
-1.917206
-1.791814
-1.696259
-1.625634
-1.578748
-1.572921
-1.607218
-1.635233
-1.643373
-1.635979
-1.617699
-1.762558
-1.924319
-1.829372
-1.735513
-1.680703
-1.595277
-1.745341
-1.907935
-2.038476
-1.967036
-1.863892
-1.788892
-1.733153
-1.697868
-1.734710
-1.759085
-1.773587
-1.771882
-1.762000
-1.739598
-1.762492
-1.723009
-1.685744
-1.658623
-1.634244
-1.566093
-1.722245
-1.890793
-2.033339
-1.973225
-1.870374
-1.794259
-1.740937
-1.710695
-1.736098
-1.763802
-1.781813
-1.779108
-1.755452
-1.722369
-1.874244
-2.006617
-1.910588
-1.814235
-1.737002
-1.844879
-1.971282
-2.074278
-2.154724
-2.032330
-1.876289
-1.758754
-1.673218
-1.614745
-1.577691
-1.616754
-1.627722
-1.630300
-1.639016
-1.637562
-1.640534
-1.593469
-1.562380
-1.546397
-1.535963
-1.484324
-1.632452
-1.799938
-1.951754
-2.132134
-2.041517
-1.911749
-1.816866
-1.752929
-1.707455
-1.740296
-1.746284
-1.737676
-1.721800
-1.689871
-1.841247
-1.772653
-1.697726
-1.646770
-1.583216
-1.740103
-1.899299
-2.027934
-2.173844
-2.042842
-1.867743
-1.740994
-1.649028
-1.587816
-1.531476
-1.548228
-1.553607
-1.538420
-1.505633
-1.479168
-1.673021
-1.856030
-1.751937
-1.641045
-1.561019
-1.695692
-1.845634
-1.970349
-2.069581
-1.957790
-1.819603
-1.723714
-1.661848
-1.633414
-1.683213
-1.723473
-1.747651
-1.756217
-1.761057
-1.750656
-1.714554
-1.655011
-1.636744
-1.628717
-1.580595
-1.570326
-1.741897
-1.908399
-1.862892
-1.777275
-1.701500
-1.643168
-1.600842
-1.623254
-1.636598
-1.642772
-1.636217
-1.620568
-1.611925
-1.599653
-1.781784
-1.721690
-1.638808
-1.581337
-1.531797
-1.690806
-1.853224
-1.990082
-2.091055
-1.987510
-1.850656
-1.747607
-1.673764
-1.612473
-1.626520
-1.665257
-1.689963
-1.693237
-1.674237
-1.646531
-1.817355
-1.964487
-1.867973
-1.766093
-1.685653
-1.794180
-1.926004
-2.037927
-2.123310
-1.999086
-1.850852
-1.741454
-1.662271
-1.611303
-1.593591
-1.645518
-1.661821
-1.668715
-1.665188
-1.648674
-1.841019
-2.022061
-1.922684
-1.805026
-1.714440
-1.602770
-1.742833
-1.894262
-2.020182
-1.941428
-1.826888
-1.741028
-1.679875
-1.639976
-1.662969
-1.686530
-1.698681
-1.691690
-1.675995
-1.649419
-1.831423
-1.934709
-1.837066
-1.739911
-1.664386
-1.586191
-1.731071
-1.888231
-2.013617
-1.927196
-1.810738
-1.724879
-1.659744
-1.616570
-1.800000
-1.865722
-1.886360
-1.868856
-1.843349
-1.810813
-1.771912
-1.727149
-1.671851
-1.606239
-1.529673
-1.440179
-1.349783
-1.261916
-1.173324
-1.083508
-0.991660
-0.898525
-0.888000
-0.888000
-0.953605
-0.977145
-1.004319
-1.061142
-1.103846
-1.295772
-1.485107
-1.654937
-1.850873
-1.762062
-1.642478
-1.554965
-1.486874
-1.473830
-1.516316
-1.543433
-1.562773
-1.559389
-1.540326
-1.514388
-1.608622
-1.793273
-1.692603
-1.599762
-1.535472
-1.682805
-1.840038
-1.968405
-2.073047
-1.956666
-1.807143
-1.698997
-1.624142
-1.579931
-1.581117
-1.614113
-1.639240
-1.643834
-1.632821
-1.607818
-1.691375
-1.890806
-2.039799
-1.915907
-1.780024
-1.642851
-1.765420
-1.905364
-2.020439
-1.923501
-1.796535
-1.704473
-1.640943
-1.603052
-1.640087
-1.669620
-1.692087
-1.693466
-1.680786
-1.671180
-1.757910
-1.716693
-1.647998
-1.609056
-1.580740
-1.517069
-1.679757
-1.849698
-1.989750
-1.921030
-1.813341
-1.725008
-1.658087
-1.604622
-1.616359
-1.634256
-1.643287
-1.628864
-1.600545
-1.575528
-1.668719
-1.856613
-1.756502
-1.658461
-1.584037
-1.483264
-1.638855
-1.800681
-1.931522
-2.083951
-1.962441
-1.807304
-1.686648
-1.597815
-1.495054
-1.417700
-1.449545
-1.456315
-1.449304
-1.438287
-1.554152
-1.754721
-1.921228
-1.798426
-1.673693
-1.545495
-1.685324
-1.841952
-1.973327
-1.889633
-1.778052
-1.703860
-1.658928
-1.684602
-1.729416
-1.758387
-1.776013
-1.781692
-1.784274
-1.777511
-1.756849
-1.723428
-1.691993
-1.661388
-1.625440
-1.549194
-1.705425
-1.865000
-1.993502
-1.906187
-1.779487
-1.677627
-1.602086
-1.544555
-1.478000
-1.492607
-1.497281
-1.486883
-1.480623
-1.468268
-1.479311
-1.674004
-1.601172
-1.524818
-1.478509
-1.412256
-1.578313
-1.758094
-1.916899
-2.090945
-1.990170
-1.849568
-1.753754
-1.693014
-1.681127
-1.718163
-1.749120
-1.760909
-1.758533
-1.742744
-1.715573
-1.869258
-1.808343
-1.734954
-1.680135
-1.597386
-1.746377
-1.900552
-2.026492
-1.946623
-1.826587
-1.731076
-1.665384
-1.617883
-1.579982
-1.603109
-1.619008
-1.610245
-1.587747
-1.556437
-1.653321
-1.845660
-1.748850
-1.649126
-1.573641
-1.480353
-1.639456
-1.803820
-1.940237
-2.096844
-1.968110
-1.801826
-1.684124
-1.601435
-1.541843
-1.534504
-1.551521
-1.557453
-1.554599
-1.549268
-1.551835
-1.745495
-1.665142
-1.583200
-1.528890
-1.447743
-1.611631
-1.784005
-1.927537
-1.850098
-1.742121
-1.665513
-1.613124
-1.593851
-1.636598
-1.662598
-1.681890
-1.680629
-1.664963
-1.646068
-1.625259
-1.813617
-1.764055
-1.693505
-1.630469
-1.535669
-1.691416
-1.848821
-1.974940
-1.879150
-1.748514
-1.648553
-1.576728
-1.520973
-1.488145
-1.508139
-1.519491
-1.503400
-1.481891
-1.451795
-1.557490
-1.756467
-1.665814
-1.563349
-1.492975
-1.640274
-1.794727
-1.922077
-2.025538
-1.902576
-1.752248
-1.645556
-1.573647
-1.532901
-1.561413
-1.587276
-1.606071
-1.610978
-1.610728
-1.601320
-1.580487
-1.770062
-1.703983
-1.622055
-1.560340
-1.474224
-1.636806
-1.805254
-1.944792
-1.861456
-1.744660
-1.656146
-1.597654
-1.558635
-1.554091
-1.578123
-1.594519
-1.587232
-1.565754
-1.535304
-1.634977
-1.830571
-1.739681
-1.639293
-1.565397
-1.474239
-1.634998
-1.803572
-1.942176
-1.855262
-1.733956
-1.643346
-1.586123
-1.551309
-1.570447
-1.596487
-1.617142
-1.623858
-1.623788
-1.614365
-1.620308
-1.809378
-1.740041
-1.658679
-1.601013
-1.521746
-1.680579
-1.847026
-1.984160
-1.908865
-1.800464
-1.720226
-1.661477
-1.624642
-1.651949
-1.670092
-1.681976
-1.680007
-1.669636
-1.649201
-1.640383
-1.826664
-1.762998
-1.683969
-1.621285
-1.540704
-1.697245
-1.862255
-1.998192
-1.918197
-1.799427
-1.709450
-1.651457
-1.614730
-1.615727
-1.642827
-1.664577
-1.668428
-1.658857
-1.634292
-1.714573
-1.908724
-1.833881
-1.738189
-1.662625
-1.569781
-1.720885
-1.878375
-2.006975
-1.920252
-1.800577
-1.708434
-1.645187
-1.601676
-1.603837
-1.617586
-1.628897
-1.629398
-1.623016
-1.611468
-1.588941
-1.702125
-1.649121
-1.577489
-1.521265
-1.609855
-1.765507
-1.901183
-2.011251
-2.138162
-2.002893
-1.835876
-1.710816
-1.625420
-1.566650
-1.529033
-1.560570
-1.571783
-1.564224
-1.542867
-1.645054
-1.839027
-1.744286
-1.641403
-1.569104
-1.475889
-1.636756
-1.804558
-1.941595
-1.861543
-1.749913
-1.666814
-1.616722
-1.584509
-1.616914
-1.639336
-1.656438
-1.655340
-1.647211
-1.638222
-1.614639
-1.711568
-1.654059
-1.595595
-1.558062
-1.487753
-1.650767
-1.822395
-1.966318
-2.047442
-1.950494
-1.834095
-1.747740
-1.687294
-1.634344
-1.686161
-1.730259
-1.752878
-1.759293
-1.752305
-1.738599
-1.899674
-1.849305
-1.782630
-1.734217
-1.653109
-1.794669
-1.950851
-2.081980
-2.019180
-1.917384
-1.840966
-1.787096
-1.757601
-1.798673
-1.820968
-1.837652
-1.834958
-1.816413
-1.786359
-1.848804
-2.022290
-1.955906
-1.863301
-1.790752
-1.693752
-1.822944
-1.969516
-2.091501
-2.013276
-1.892231
-1.795545
-1.729703
-1.685202
-1.662800
-1.681571
-1.694151
-1.685935
-1.664949
-1.636274
-1.716103
-1.909983
-1.843712
-1.749288
-1.676468
-1.587902
-1.738220
-1.897897
-2.030735
-1.959499
-1.853667
-1.777038
-1.722879
-1.714353
-1.753174
-1.776529
-1.793880
-1.792293
-1.775548
-1.746959
-1.815917
-1.990158
-1.913604
-1.816152
-1.742049
-1.645989
-1.784172
-1.933776
-2.057451
-1.979668
-1.860599
-1.766220
-1.704327
-1.660287
-1.646250
-1.670073
-1.686584
-1.679378
-1.654260
-1.616626
-1.705472
-1.878232
-1.785798
-1.689445
-1.617656
-1.527920
-1.683585
-1.844079
-1.973889
-1.881298
-1.751824
-1.651952
-1.583980
-1.536960
-1.534331
-1.558707
-1.570038
-1.568308
-1.566930
-1.561828
-1.578578
-1.772300
-1.698965
-1.613748
-1.554368
-1.472882
-1.636787
-1.808895
-1.952793
-1.839456
-1.747493
-1.685252
-1.640655
-1.607801
-1.648030
-1.690408
-1.726312
-1.739217
-1.734486
-1.714984
-1.797280
-1.957064
-1.873125
-1.784559
-1.719094
-1.625581
-1.765312
-1.918175
-2.044915
-1.962095
-1.838593
-1.742072
-1.677250
-1.632051
-1.604870
-1.626578
-1.639129
-1.630579
-1.609152
-1.578235
-1.676367
-1.865928
-1.989976
-1.863868
-1.736805
-1.615353
-1.743996
-1.889249
-2.011707
-1.965985
-1.842210
-1.741226
-1.679252
-1.644114
-1.674104
-1.700477
-1.721275
-1.723058
-1.709968
-1.684641
-1.766053
-1.943056
-1.856676
-1.757425
-1.683921
-1.591456
-1.740232
-1.894698
-2.019446
-1.935468
-1.813989
-1.719560
-1.652276
-1.602489
-1.595859
-1.612759
-1.622298
-1.616335
-1.612424
-1.597031
-1.623172
-1.803365
-1.723625
-1.640257
-1.583074
-1.506244
-1.665790
-1.834573
-1.977324
-2.137243
-2.026195
-1.875933
-1.770776
-1.699738
-1.646054
-1.671973
-1.694581
-1.703695
-1.694666
-1.668296
-1.747639
-1.923447
-1.845015
-1.750337
-1.680815
-1.593711
-1.743809
-1.899864
-2.026694
-1.945774
-1.829864
-1.742753
-1.678736
-1.638045
-1.669800
-1.685457
-1.697471
-1.699702
-1.693075
-1.684665
-1.657688
-1.824009
-1.759508
-1.682003
-1.623204
-1.536165
-1.692380
-1.852641
-1.983085
-1.854297
-1.743451
-1.663726
-1.603849
-1.557896
-1.528429
-1.563899
-1.591451
-1.595946
-1.581160
-1.560730
-1.663685
-1.855579
-1.770006
-1.673655
-1.606818
-1.512908
-1.670267
-1.837505
-1.976493
-1.901471
-1.790259
-1.705683
-1.653917
-1.621157
-1.662005
-1.687309
-1.705593
-1.706583
-1.695408
-1.675538
-1.664450
-1.840104
-1.774937
-1.695010
-1.638394
-1.557024
-1.712339
-1.873451
-2.006354
-1.930261
-1.814122
-1.723253
-1.665173
-1.626037
-1.636778
-1.662563
-1.682903
-1.681528
-1.665601
-1.635623
-1.713092
-1.900792
-1.824533
-1.727951
-1.651923
-1.561258
-1.714393
-1.872230
-1.999933
-1.909787
-1.782725
-1.685508
-1.620965
-1.577773
-1.565814
-1.585286
-1.598457
-1.596338
-1.592981
-1.585095
-1.598636
-1.789990
-1.718082
-1.633726
-1.575431
-1.495527
-1.657567
-1.826269
-1.966280
-1.892953
-1.783590
-1.700966
-1.650191
-1.617587
-1.645760
-1.672381
-1.692998
-1.692471
-1.678127
-1.650675
-1.727835
-1.917799
-1.843612
-1.745452
-1.669360
-1.574813
-1.724411
-1.879972
-2.007224
-1.914923
-1.786336
-1.687235
-1.619175
-1.572357
-1.553164
-1.574636
-1.588210
-1.585052
-1.577302
-1.561338
-1.576205
-1.769707
-1.695329
-1.608855
-1.548208
-1.470247
-1.634051
-1.806119
-1.950227
-1.880770
-1.775634
-1.696752
-1.650339
-1.633315
-1.677799
-1.704883
-1.725519
-1.727353
-1.714257
-1.690077
-1.773394
-1.949853
-1.863585
-1.763608
-1.690931
-1.599292
-1.747957
-1.902344
-2.028718
-1.952261
-1.838192
-1.747730
-1.689270
-1.649073
-1.667755
-1.691862
-1.708090
-1.702035
-1.678556
-1.659154
-1.745744
-1.913822
-1.818428
-1.723426
-1.657117
-1.569649
-1.721280
-1.878758
-2.008815
-1.930618
-1.814031
-1.723213
-1.665534
-1.626313
-1.640561
-1.659690
-1.673258
-1.669326
-1.652756
-1.634337
-1.630423
-1.821936
-1.750562
-1.664324
-1.600257
-1.511042
-1.669539
-1.831500
-1.963688
-1.874751
-1.749855
-1.654921
-1.594351
-1.553456
-1.548324
-1.572080
-1.589194
-1.585752
-1.567671
-1.544687
-1.635546
-1.833021
-1.751508
-1.650217
-1.575256
-1.484251
-1.646876
-1.813522
-1.950660
-1.869758
-1.766812
-1.688775
-1.639259
-1.606686
-1.638114
-1.671216
-1.698674
-1.704944
-1.696803
-1.678134
-1.765463
-1.727475
-1.664246
-1.619779
-1.583002
-1.508499
-1.670569
-1.838140
-1.975371
-1.899172
-1.786438
-1.696912
-1.637615
-1.594819
-1.608499
-1.630765
-1.645875
-1.644532
-1.640605
-1.629613
-1.613282
-1.785198
-1.710168
-1.633729
-1.583318
-1.509245
-1.669460
-1.838083
-1.980288
-1.908582
-1.798418
-1.712807
-1.659065
-1.622581
-1.640744
-1.669239
-1.690373
-1.691385
-1.679180
-1.655644
-1.610874
-1.789087
-1.728775
-1.655726
-1.600335
-1.523634
-1.683888
-1.848808
-1.983093
-2.126163
-2.015733
-1.868043
-1.757071
-1.675935
-1.621681
-1.591671
-1.625971
-1.639177
-1.635770
-1.627423
-1.690032
-1.878742
-1.791174
-1.698930
-1.636409
-1.550391
-1.706321
-1.870357
-2.006385
-1.893589
-1.803552
-1.742482
-1.694908
-1.657951
-1.689853
-1.723755
-1.750538
-1.759000
-1.751678
-1.748998
-1.778504
-1.936724
-1.856768
-1.775401
-1.716428
-1.624351
-1.766305
-1.919058
-2.045743
-1.968191
-1.854002
-1.766163
-1.704772
-1.660964
-1.690366
-1.708989
-1.721283
-1.717206
-1.699988
-1.674672
-1.641991
-1.819287
-1.761715
-1.681305
-1.621207
-1.532999
-1.689194
-1.849825
-1.983247
-2.135980
-2.008930
-1.844068
-1.727300
-1.646157
-1.584282
-1.564798
-1.594239
-1.603104
-1.596096
-1.575372
-1.617233
-1.813464
-1.737639
-1.648147
-1.580831
-1.502124
-1.664022
-1.830887
-1.966333
-1.842868
-1.740534
-1.668490
-1.619576
-1.584715
-1.599375
-1.635350
-1.666367
-1.678533
-1.675811
-1.666264
-1.720150
-1.684046
-1.631233
-1.594340
-1.564339
-1.499536
-1.663983
-1.835909
-1.977294
-2.080358
-1.989737
-1.873355
-1.780841
-1.710675
-1.661755
-1.695605
-1.739528
-1.757607
-1.754864
-1.748689
-1.808082
-1.980853
-1.896486
-1.804907
-1.739282
-1.642704
-1.779755
-1.928449
-2.051019
-1.968311
-1.846624
-1.744112
-1.668231
-1.606696
-1.570925
-1.600012
-1.613365
-1.613793
-1.607124
-1.596200
-1.659781
-1.854967
-1.775695
-1.681569
-1.617814
-1.529517
-1.686295
-1.852968
-1.992134
-1.921826
-1.815134
-1.736131
-1.685440
-1.693556
-1.741539
-1.770503
-1.792252
-1.795768
-1.783795
-1.760442
-1.718288
-1.861363
-1.805130
-1.743290
-1.687034
-1.602680
-1.751944
-1.903523
-2.026742
-1.940391
-1.814253
-1.711996
-1.641069
-1.587247
-1.540895
-1.564565
-1.580584
-1.571033
-1.549932
-1.525231
-1.582165
-1.780235
-1.924675
-1.798032
-1.671163
-1.552387
-1.692474
-1.842781
-1.970246
-2.062072
-1.941561
-1.802639
-1.703144
-1.633872
-1.560954
-1.594215
-1.636675
-1.659942
-1.667680
-1.666982
-1.673704
-1.862188
-1.789829
-1.708443
-1.647205
-1.554574
-1.708803
-1.868663
-2.000569
-1.974324
-1.870904
-1.779582
-1.710480
-1.661836
-1.648190
-1.686145
-1.712970
-1.724014
-1.718834
-1.717988
-1.772376
-1.942156
-1.850389
-1.762754
-1.704928
-1.616996
-1.762900
-1.917622
-2.046106
-1.972189
-1.864247
-1.781288
-1.723730
-1.684286
-1.729288
-1.752097
-1.767435
-1.767870
-1.755539
-1.738247
-1.697737
-1.863247
-1.797412
-1.719274
-1.660397
-1.573347
-1.724865
-1.877752
-2.002348
-1.905202
-1.767203
-1.659206
-1.585565
-1.530278
-1.461636
-1.487825
-1.500601
-1.494933
-1.475786
-1.445115
-1.498578
-1.699181
-1.871999
-1.741935
-1.609167
-1.483955
-1.633967
-1.792812
-1.920345
-2.025694
-1.911599
-1.778719
-1.686159
-1.627925
-1.609877
-1.671207
-1.722700
-1.754681
-1.769602
-1.775259
-1.763595
-1.732055
-1.700558
-1.674091
-1.647132
-1.583489
-1.737681
-1.897273
-2.031702
-1.923379
-1.839555
-1.776345
-1.718929
-1.677394
-1.659284
-1.695395
-1.718532
-1.720520
-1.701218
-1.685634
-1.728134
-1.909192
-1.824148
-1.738797
-1.675296
-1.583884
-1.731719
-1.886568
-2.014585
-2.162567
-2.037161
-1.877833
-1.759116
-1.679022
-1.602730
-1.571856
-1.601979
-1.616046
-1.610612
-1.584955
-1.629326
-1.829929
-2.012068
-1.899570
-1.770258
-1.667675
-1.777897
-1.912435
-2.029033
-2.119491
-2.010616
-1.880269
-1.789960
-1.733483
-1.731388
-1.781109
-1.821995
-1.850773
-1.870095
-1.881760
-1.883212
-1.856739
-1.818559
-1.788687
-1.764027
-1.707875
-1.837872
-1.975297
-2.088877
-1.994797
-1.917776
-1.861202
-1.809402
-1.772190
-1.815540
-1.851964
-1.881352
-1.888887
-1.876956
-1.857573
-1.826267
-1.956341
-1.898317
-1.828352
-1.773438
-1.687650
-1.819510
-1.964199
-2.084562
-2.001926
-1.874452
-1.768441
-1.693026
-1.633716
-1.579555
-1.595376
-1.603549
-1.588747
-1.560284
-1.524668
-1.581118
-1.774333
-1.912735
-1.793086
-1.673048
-1.562787
-1.707471
-1.861903
-1.989258
-2.086397
-1.972432
-1.834961
-1.737583
-1.673943
-1.648166
-1.696424
-1.734946
-1.755158
-1.760465
-1.756810
-1.733975
-1.885727
-1.817915
-1.743256
-1.686259
-1.808349
-1.944753
-2.056449
-2.145799
-1.998260
-1.868002
-1.771939
-1.694036
-1.638351
-1.627799
-1.665594
-1.686854
-1.682642
-1.658655
-1.639891
-1.676894
-1.873449
-1.794231
-1.695643
-1.619513
-1.521556
-1.676972
-1.833727
-1.961343
-1.864555
-1.727396
-1.617844
-1.540746
-1.479784
-1.437178
-1.456239
-1.464682
-1.458029
-1.444278
-1.424938
-1.481892
-1.682496
-1.854993
-1.730811
-1.606068
-1.491561
-1.646138
-1.809946
-1.945259
-2.050662
-1.943458
-1.818337
-1.730835
-1.679323
-1.699357
-1.749873
-1.792671
-1.818059
-1.828814
-1.830878
-1.814368
-1.780063
-1.751168
-1.723441
-1.692448
-1.626369
-1.772913
-1.925700
-2.053961
-1.941077
-1.843121
-1.769129
-1.701957
-1.652931
-1.651727
-1.685847
-1.707881
-1.707157
-1.686210
-1.669360
-1.680560
-1.853372
-1.774819
-1.688618
-1.628526
-1.543828
-1.698951
-1.856471
-1.986717
-1.853060
-1.733061
-1.647386
-1.583518
-1.530790
-1.483482
-1.515236
-1.536474
-1.538583
-1.526822
-1.510104
-1.498481
-1.695312
-1.873981
-1.762016
-1.645681
-1.570111
-1.702319
-1.846130
-1.969600
-2.107981
-1.990881
-1.843901
-1.743198
-1.678597
-1.643562
-1.673169
-1.706405
-1.723268
-1.725525
-1.721697
-1.699465
-1.691548
-1.635237
-1.594356
-1.568385
-1.513632
-1.676238
-1.845228
-1.983323
-2.085688
-1.990723
-1.867192
-1.768369
-1.693455
-1.640985
-1.644066
-1.682956
-1.697004
-1.689167
-1.680140
-1.701152
-1.889095
-1.810934
-1.719503
-1.656623
-1.565242
-1.716919
-1.871474
-1.994429
-1.888417
-1.761289
-1.660556
-1.583935
-1.521622
-1.474702
-1.506687
-1.520570
-1.522575
-1.516359
-1.518461
-1.506282
-1.698428
-1.627818
-1.547444
-1.493989
-1.416482
-1.583226
-1.758796
-1.904621
-1.800049
-1.697426
-1.623131
-1.574826
-1.543745
-1.590836
-1.629056
-1.658954
-1.674133
-1.677587
-1.676748
-1.656827
-1.661618
-1.619316
-1.573496
-1.542144
-1.482285
-1.646750
-1.819637
-1.962628
-2.072968
-1.972594
-1.843429
-1.744055
-1.673618
-1.623480
-1.658166
-1.694684
-1.709435
-1.705412
-1.697665
-1.701761
-1.877316
-1.802394
-1.721202
-1.668188
-1.593687
-1.746923
-1.905789
-2.034143
-1.956973
-1.839634
-1.745849
-1.684175
-1.642580
-1.666677
-1.685899
-1.696605
-1.690698
-1.675897
-1.657009
-1.630403
-1.801393
-1.732640
-1.647982
-1.589490
-1.513120
-1.674288
-1.837077
-1.968169
-2.069369
-1.951696
-1.807203
-1.700186
-1.623823
-1.567527
-1.557152
-1.602287
-1.631772
-1.640443
-1.634816
-1.609001
-1.794642
-1.736767
-1.661178
-1.605815
-1.549971
-1.707387
-1.869197
-1.998932
-2.097432
-1.996091
-1.868312
-1.771657
-1.704772
-1.663956
-1.701423
-1.730586
-1.740715
-1.734511
-1.732069
-1.762678
-1.931350
-1.854185
-1.769346
-1.716309
-1.641261
-1.782787
-1.932270
-2.052331
-1.948756
-1.863870
-1.804302
-1.754547
-1.728317
-1.783763
-1.818795
-1.845526
-1.856758
-1.853776
-1.844737
-1.830145
-1.794625
-1.759462
-1.730116
-1.701788
-1.633187
-1.781315
-1.934941
-2.059213
-1.976871
-1.853201
-1.748574
-1.673092
-1.615581
-1.553567
-1.577657
-1.590365
-1.586283
-1.559796
-1.525223
-1.510688
-1.709907
-1.642668
-1.560449
-1.499099
-1.424116
-1.590432
-1.761196
-1.903297
-2.009314
-1.904551
-1.770702
-1.666856
-1.586487
-1.528256
-1.479690
-1.520581
-1.538830
-1.540675
-1.534447
-1.524395
-1.722003
-1.649631
-1.568968
-1.514783
-1.484654
-1.645348
-1.809956
-1.948185
-2.055917
-1.969572
-1.861908
-1.784179
-1.729366
-1.734841
-1.785519
-1.819291
-1.840823
-1.850838
-1.853947
-1.850805
-1.817715
-1.778098
-1.747947
-1.718216
-1.646343
-1.793564
-1.944571
-2.064804
-1.976950
-1.849120
-1.743477
-1.663286
-1.599674
-1.546731
-1.561174
-1.563899
-1.544465
-1.508470
-1.480312
-1.483922
-1.684525
-1.607237
-1.517663
-1.453969
-1.501284
-1.670242
-1.821837
-1.942058
-1.803581
-1.682273
-1.590561
-1.522930
-1.474915
-1.472258
-1.519871
-1.558455
-1.583257
-1.597676
-1.608567
-1.600696
-1.568242
-1.540323
-1.536123
-1.518034
-1.461914
-1.632204
-1.806702
-1.949214
-2.056456
-1.959839
-1.838321
-1.744718
-1.678928
-1.638420
-1.643410
-1.682565
-1.696863
-1.690251
-1.677621
-1.693336
-1.875985
-1.804870
-1.718999
-1.658862
-1.577714
-1.731590
-1.889924
-2.020527
-1.895092
-1.787152
-1.709579
-1.655362
-1.613974
-1.589366
-1.622287
-1.647294
-1.655520
-1.650505
-1.638906
-1.632317
-1.823757
-1.977530
-1.862135
-1.747156
-1.667218
-1.780926
-1.913359
-2.026534
-2.070253
-1.946239
-1.821305
-1.739631
-1.687410
-1.663211
-1.690743
-1.704841
-1.705472
-1.695060
-1.677214
-1.649027
-1.795637
-1.719027
-1.638950
-1.589815
-1.525683
-1.687217
-1.851146
-1.982932
-1.902126
-1.785106
-1.694443
-1.634878
-1.593069
-1.570764
-1.590002
-1.598474
-1.589992
-1.566712
-1.536183
-1.507297
-1.700918
-1.867211
-1.738639
-1.615439
-1.503243
-1.650892
-1.802993
-1.929201
-2.082712
-1.951877
-1.785217
-1.672006
-1.597208
-1.552929
-1.556460
-1.573177
-1.582180
-1.586077
-1.591675
-1.573834
-1.638680
-1.578834
-1.522569
-1.489704
-1.436789
-1.605003
-1.781777
-1.931832
-1.938375
-1.849623
-1.762908
-1.701615
-1.659309
-1.656584
-1.698231
-1.733930
-1.750302
-1.749251
-1.737067
-1.715632
-1.797484
-1.744345
-1.690590
-1.652637
-1.584947
-1.741171
-1.903006
-2.036248
-2.134881
-2.044359
-1.925825
-1.831889
-1.763365
-1.717919
-1.749145
-1.777912
-1.787013
-1.784565
-1.787496
-1.839058
-1.993369
-1.905976
-1.821929
-1.767693
-1.688471
-1.821505
-1.969514
-2.095897
-2.035796
-1.935898
-1.852588
-1.798295
-1.767044
-1.815351
-1.843302
-1.863967
-1.862253
-1.841596
-1.812476
-1.830112
-1.788643
-1.739150
-1.705612
-1.682153
-1.627795
-1.780955
-1.939675
-2.070722
-2.003846
-1.895847
-1.808473
-1.746543
-1.699058
-1.726585
-1.745707
-1.757324
-1.752953
-1.735963
-1.707481
-1.683002
-1.837482
-1.768212
-1.689544
-1.643682
-1.581151
-1.741965
-1.901333
-2.029187
-1.901626
-1.787662
-1.701970
-1.638302
-1.587709
-1.553540
-1.590864
-1.621469
-1.630557
-1.621953
-1.606411
-1.656037
-1.851702
-1.782086
-1.692237
-1.626387
-1.541196
-1.699472
-1.864009
-1.999410
-2.100396
-2.009200
-1.891898
-1.802067
-1.739409
-1.703278
-1.752025
-1.784023
-1.797317
-1.793078
-1.791983
-1.781693
-1.928335
-1.856601
-1.780349
-1.724234
-1.640313
-1.782014
-1.934796
-2.060536
-1.990052
-1.879825
-1.790310
-1.725743
-1.678556
-1.720756
-1.746365
-1.763858
-1.758392
-1.736295
-1.710397
-1.743882
-1.918983
-1.838106
-1.746647
-1.679146
-1.593903
-1.743920
-1.896372
-2.024088
-1.901922
-1.783282
-1.698391
-1.631330
-1.584148
-1.552777
-1.586176
-1.609169
-1.614798
-1.604381
-1.584153
-1.601460
-1.796492
-1.874660
-1.769271
-1.668844
-1.589560
-1.717564
-1.861602
-1.984974
-2.084236
-1.980713
-1.858321
-1.770042
-1.712592
-1.697943
-1.742311
-1.773794
-1.791039
-1.794186
-1.791492
-1.771766
-1.723718
-1.682030
-1.653090
-1.629784
-1.570740
-1.725572
-1.880072
-2.006115
-1.887335
-1.799748
-1.739242
-1.676474
-1.623199
-1.664740
-1.699700
-1.720959
-1.729880
-1.734339
-1.745670
-1.800000
-1.876004
-1.906162
-1.900429
-1.886067
-1.861432
-1.828137
-1.786939
-1.737902
-1.679118
-1.608221
-1.527814
-1.435702
-1.336384
-1.232574
-1.124406
-0.995327
-0.888000
-0.888000
-0.888000
-0.888157
-0.888000
-0.954005
-1.092351
-1.193812
-1.247180
-1.378221
-1.568059
-1.719240
-1.823427
-1.915543
-2.040808
-1.904852
-1.743971
-1.628179
-1.564581
-1.608358
-1.673914
-1.725204
-1.751791
-1.758366
-1.744043
-1.700052
-1.623674
-1.595287
-1.593151
-1.585173
-1.745063
-1.918310
-2.068250
-2.185642
-2.130678
-2.035349
-1.960635
-1.907239
-1.932770
-1.980506
-2.016652
-2.036722
-2.038829
-2.024200
-1.984631
-2.044893
-1.999208
-1.941562
-1.898461
-1.860166
-1.781189
-1.892694
-2.029407
-2.144116
-2.072496
-1.953240
-1.854839
-1.779811
-1.727869
-1.716561
-1.735550
-1.742007
-1.726626
-1.697135
-1.668514
-1.778151
-1.724414
-1.651329
-1.606968
-1.553438
-1.714498
-1.879426
-2.011790
-2.113064
-2.007648
-1.870061
-1.765123
-1.682800
-1.582835
-1.626766
-1.650392
-1.660350
-1.646205
-1.619256
-1.579868
-1.718729
-1.888041
-1.784887
-1.675530
-1.577018
-1.719494
-1.867900
-1.986640
-2.077569
-1.948000
-1.786643
-1.665383
-1.585981
-1.534574
-1.526382
-1.556915
-1.575934
-1.573424
-1.558956
-1.535653
-1.680689
-1.624069
-1.552668
-1.504745
-1.443532
-1.612206
-1.788055
-1.929468
-2.036282
-1.925329
-1.799394
-1.699829
-1.622785
-1.568757
-1.586634
-1.623878
-1.646098
-1.648851
-1.637039
-1.627550
-1.754259
-1.845395
-1.746353
-1.662505
-1.588173
-1.739860
-1.893750
-2.017905
-2.113240
-2.004403
-1.863549
-1.759487
-1.683945
-1.632195
-1.656594
-1.689269
-1.708820
-1.704957
-1.686427
-1.655651
-1.772992
-1.724548
-1.658392
-1.613688
-1.556012
-1.715388
-1.881116
-2.015218
-2.118881
-2.014194
-1.878875
-1.781039
-1.711267
-1.642440
-1.688840
-1.717979
-1.736781
-1.736452
-1.719820
-1.688591
-1.803656
-1.751890
-1.684109
-1.636235
-1.592632
-1.737049
-1.888101
-2.011115
-2.110099
-1.960670
-1.836733
-1.749090
-1.681255
-1.633156
-1.650445
-1.682438
-1.703118
-1.708725
-1.704515
-1.701995
-1.685341
-1.655087
-1.623545
-1.600237
-1.547470
-1.709351
-1.876823
-2.013031
-1.905472
-1.809807
-1.741825
-1.689087
-1.655607
-1.708248
-1.741716
-1.761805
-1.771274
-1.765373
-1.748732
-1.727265
-1.686151
-1.644857
-1.611142
-1.587204
-1.537882
-1.701525
-1.868987
-2.003066
-2.105252
-1.997727
-1.857455
-1.751357
-1.671355
-1.572128
-1.581361
-1.618833
-1.639400
-1.638016
-1.619553
-1.583548
-1.721875
-1.845995
-1.754230
-1.659863
-1.599782
-1.731703
-1.875035
-1.993255
-2.084319
-1.960990
-1.811048
-1.700798
-1.631040
-1.587212
-1.586398
-1.616872
-1.637580
-1.637107
-1.627039
-1.609012
-1.736458
-1.927861
-1.836203
-1.725244
-1.640826
-1.605304
-1.751934
-1.895620
-2.014377
-1.926401
-1.806738
-1.718132
-1.657617
-1.619716
-1.658418
-1.685194
-1.694829
-1.685686
-1.672398
-1.663250
-1.788872
-1.727724
-1.653491
-1.605960
-1.585984
-1.740146
-1.896322
-2.021825
-1.908143
-1.817516
-1.753821
-1.704556
-1.671227
-1.708232
-1.750502
-1.775977
-1.784300
-1.773000
-1.751289
-1.732288
-1.834359
-1.776396
-1.707885
-1.661717
-1.636169
-1.781551
-1.929591
-2.049712
-2.145355
-2.044323
-1.910509
-1.811065
-1.740553
-1.694602
-1.691866
-1.723808
-1.743749
-1.743367
-1.729952
-1.698168
-1.807387
-1.947712
-1.846879
-1.751513
-1.660498
-1.796891
-1.942551
-2.057459
-2.143260
-2.022867
-1.875484
-1.766644
-1.686324
-1.630425
-1.632034
-1.653361
-1.670362
-1.676874
-1.677193
-1.661691
-1.663720
-1.850264
-1.777665
-1.690239
-1.626044
-1.536962
-1.693434
-1.856902
-1.992234
-1.922736
-1.818713
-1.744015
-1.693742
-1.673854
-1.721962
-1.751714
-1.765752
-1.763563
-1.750620
-1.731050
-1.832638
-1.771152
-1.701404
-1.655851
-1.597982
-1.756855
-1.917674
-2.042346
-2.134127
-2.030134
-1.896254
-1.793288
-1.719114
-1.669301
-1.696354
-1.727396
-1.737609
-1.733429
-1.730008
-1.732177
-1.718321
-1.686002
-1.654597
-1.630882
-1.604549
-1.749747
-1.901686
-2.028124
-2.132026
-2.052773
-1.948112
-1.863263
-1.805476
-1.765449
-1.812961
-1.854530
-1.880287
-1.886912
-1.881771
-1.870724
-1.956153
-1.892815
-1.824795
-1.779850
-1.735771
-1.852075
-1.985381
-2.096641
-2.184966
-2.081149
-1.947774
-1.841585
-1.771733
-1.727032
-1.680506
-1.722442
-1.753305
-1.766932
-1.759503
-1.732590
-1.857455
-1.999908
-1.904203
-1.805809
-1.731825
-1.755241
-1.883207
-2.005221
-2.102246
-2.003329
-1.874897
-1.776250
-1.707717
-1.659199
-1.677492
-1.719062
-1.740540
-1.752839
-1.760623
-1.763470
-1.742249
-1.706261
-1.673470
-1.648532
-1.598509
-1.758750
-1.922503
-2.051093
-2.145414
-2.049297
-1.922129
-1.822776
-1.749568
-1.699412
-1.704064
-1.734901
-1.755211
-1.756241
-1.743604
-1.729398
-1.837882
-1.976094
-1.870530
-1.776390
-1.708737
-1.747378
-1.880006
-2.006673
-2.109747
-2.018887
-1.898245
-1.810248
-1.747704
-1.705704
-1.743964
-1.768503
-1.777575
-1.774432
-1.769959
-1.750378
-1.732362
-1.901762
-1.855453
-1.783252
-1.718520
-1.623489
-1.765599
-1.917246
-2.040571
-1.962737
-1.850072
-1.766024
-1.706999
-1.669472
-1.693925
-1.721169
-1.736182
-1.735627
-1.720445
-1.694473
-1.788995
-1.730581
-1.661812
-1.617216
-1.578343
-1.727346
-1.883052
-2.008105
-2.108417
-1.963483
-1.851675
-1.775085
-1.716144
-1.673832
-1.706905
-1.754398
-1.783053
-1.796807
-1.803451
-1.809966
-1.792669
-1.754709
-1.726128
-1.696951
-1.665513
-1.791597
-1.929186
-2.044999
-1.951884
-1.855354
-1.783409
-1.724311
-1.682731
-1.681661
-1.720518
-1.737252
-1.735533
-1.710466
-1.682157
-1.659031
-1.781398
-1.936934
-1.820825
-1.711455
-1.629368
-1.755302
-1.892129
-2.004594
-2.097468
-1.981502
-1.834375
-1.724638
-1.652003
-1.603182
-1.545402
-1.586801
-1.610974
-1.623202
-1.616369
-1.596110
-1.743649
-1.827301
-1.739317
-1.655814
-1.590592
-1.727854
-1.876047
-1.995918
-2.091344
-1.985505
-1.859129
-1.771205
-1.710032
-1.692891
-1.742541
-1.783453
-1.809184
-1.824231
-1.834961
-1.838932
-1.815191
-1.769704
-1.731464
-1.706588
-1.682628
-1.622988
-1.771792
-1.927161
-2.056992
-2.011369
-1.931586
-1.865318
-1.821896
-1.779080
-1.824945
-1.858489
-1.882163
-1.886740
-1.875745
-1.857018
-1.822670
-1.941336
-1.879210
-1.813725
-1.761749
-1.870466
-1.999614
-2.108190
-2.196041
-2.096111
-1.962289
-1.857639
-1.789642
-1.747124
-1.745677
-1.776191
-1.794292
-1.796149
-1.784302
-1.757041
-1.723665
-1.687660
-1.659733
-1.639680
-1.617279
-1.759951
-1.907570
-2.028925
-2.128644
-2.042339
-1.930317
-1.841686
-1.774589
-1.726884
-1.775969
-1.806133
-1.817270
-1.815103
-1.813588
-1.815144
-1.913524
-1.822738
-1.752685
-1.713149
-1.654531
-1.805248
-1.962813
-2.090415
-1.985340
-1.891574
-1.821327
-1.766407
-1.728608
-1.752412
-1.793885
-1.824801
-1.843994
-1.846009
-1.830292
-1.796784
-1.889032
-1.831182
-1.765423
-1.721348
-1.680113
-1.810734
-1.955059
-2.072262
-2.167270
-2.072340
-1.944390
-1.847156
-1.783403
-1.739376
-1.778545
-1.804981
-1.816242
-1.808308
-1.791139
-1.768286
-1.869549
-1.803787
-1.732607
-1.683847
-1.618725
-1.807387
-1.927932
-2.022743
-2.105050
-1.943614
-1.824038
-1.735766
-1.661692
-1.600377
-1.561055
-1.626975
-1.648048
-1.657019
-1.665685
-1.677322
-1.827589
-1.769209
-1.688583
-1.637796
-1.590684
-1.733445
-1.884565
-2.011395
-1.892384
-1.789031
-1.716520
-1.668721
-1.637970
-1.656407
-1.691229
-1.712420
-1.719716
-1.711320
-1.690543
-1.664880
-1.782360
-1.930290
-1.818853
-1.712038
-1.631200
-1.760803
-1.900183
-2.009720
-2.096852
-1.977796
-1.837594
-1.735732
-1.663618
-1.612866
-1.633580
-1.673107
-1.690186
-1.698834
-1.704362
-1.702970
-1.676560
-1.639465
-1.608033
-1.588721
-1.552700
-1.717795
-1.888017
-2.021979
-1.908391
-1.812294
-1.747445
-1.699168
-1.664067
-1.672410
-1.700578
-1.715402
-1.717681
-1.709033
-1.699500
-1.687338
-1.654090
-1.797464
-1.733930
-1.654201
-1.590715
-1.729254
-1.874160
-1.991149
-2.082673
-1.962718
-1.817697
-1.713405
-1.643491
-1.598062
-1.562692
-1.589905
-1.599465
-1.595082
-1.583322
-1.559239
-1.561749
-1.748706
-1.658872
-1.569768
-1.486564
-1.648148
-1.815008
-1.945500
-2.045698
-1.930062
-1.794875
-1.701856
-1.636535
-1.597133
-1.638810
-1.661959
-1.676971
-1.689767
-1.701454
-1.707641
-1.684147
-1.643641
-1.609644
-1.585652
-1.556589
-1.709353
-1.868525
-1.999479
-2.158564
-2.054806
-1.916359
-1.826962
-1.771202
-1.707400
-1.737321
-1.749734
-1.752532
-1.742160
-1.717791
-1.676671
-1.637719
-1.784014
-1.695507
-1.620578
-1.589728
-1.741767
-1.893347
-2.010412
-2.099919
-1.981558
-1.839944
-1.735114
-1.663502
-1.608502
-1.617410
-1.642965
-1.662811
-1.672236
-1.677672
-1.672478
-1.639731
-1.605524
-1.577757
-1.537541
-1.523943
-1.688367
-1.851821
-1.979765
-2.079620
-1.977643
-1.847044
-1.752628
-1.692399
-1.655804
-1.686424
-1.728906
-1.758901
-1.772764
-1.773988
-1.765846
-1.733264
-1.845390
-1.778182
-1.713116
-1.661481
-1.791998
-1.935249
-2.050057
-1.922080
-1.811542
-1.734583
-1.676869
-1.636756
-1.652156
-1.673363
-1.683962
-1.684623
-1.671914
-1.656812
-1.637932
-1.593791
-1.555652
-1.525520
-1.487168
-1.684952
-1.823804
-1.935755
-2.021845
-2.092438
-1.920344
-1.773720
-1.671273
-1.594179
-1.535797
-1.494348
-1.543491
-1.571073
-1.584575
-1.589905
-1.590860
-1.596419
-1.781641
-1.695654
-1.611589
-1.540618
-1.697727
-1.858743
-1.986585
-2.039136
-1.923393
-1.800199
-1.715438
-1.656047
-1.643807
-1.682341
-1.707476
-1.719606
-1.718578
-1.711940
-1.698302
-1.670797
-1.597806
-1.547794
-1.518587
-1.468874
-1.636375
-1.807862
-1.944317
-2.049931
-1.940887
-1.801502
-1.700214
-1.630908
-1.529523
-1.535636
-1.566525
-1.582703
-1.580347
-1.567746
-1.545194
-1.547305
-1.741748
-1.660649
-1.569093
-1.466793
-1.625372
-1.788268
-1.914538
-2.010191
-1.878733
-1.728129
-1.622580
-1.546328
-1.489149
-1.510960
-1.531310
-1.551121
-1.567745
-1.582413
-1.593905
-1.573200
-1.533533
-1.504551
-1.463737
-1.425736
-1.604825
-1.784853
-1.924612
-1.792897
-1.677974
-1.601399
-1.553254
-1.528579
-1.530677
-1.569113
-1.587232
-1.599796
-1.595196
-1.576780
-1.545983
-1.539574
-1.679723
-1.604602
-1.526710
-1.441374
-1.606027
-1.775380
-1.906265
-2.007756
-1.876681
-1.738400
-1.641175
-1.573912
-1.525590
-1.570322
-1.613145
-1.646612
-1.673613
-1.696966
-1.717001
-1.706830
-1.672611
-1.640329
-1.617478
-1.606922
-1.557253
-1.722435
-1.889496
-1.812750
-1.757307
-1.724958
-1.706125
-1.700935
-1.749507
-1.780804
-1.799073
-1.812655
-1.810631
-1.795869
-1.765913
-1.725474
-1.689886
-1.661413
-1.637126
-1.586901
-1.749044
-1.912675
-2.036636
-1.917686
-1.801663
-1.713695
-1.649577
-1.605271
-1.600999
-1.626280
-1.644517
-1.656043
-1.653984
-1.647081
-1.635092
-1.595182
-1.543368
-1.504228
-1.477002
-1.427296
-1.598626
-1.773062
-1.910874
-1.955861
-1.837237
-1.708056
-1.615664
-1.556886
-1.513854
-1.512021
-1.527313
-1.523998
-1.506895
-1.485346
-1.465975
-1.426252
-1.606531
-1.539926
-1.448218
-1.371545
-1.550504
-1.724239
-1.854677
-1.701557
-1.596673
-1.518787
-1.458437
-1.418350
-1.403336
-1.443606
-1.472357
-1.500221
-1.517301
-1.530493
-1.531821
-1.507617
-1.472048
-1.439993
-1.402642
-1.371035
-1.551072
-1.733746
-1.882116
-2.000800
-1.893612
-1.761294
-1.670047
-1.613441
-1.517491
-1.547459
-1.551903
-1.540628
-1.517568
-1.491701
-1.471011
-1.439005
-1.577180
-1.520400
-1.450533
-1.367960
-1.535681
-1.711452
-1.851801
-1.961065
-1.837259
-1.692980
-1.597645
-1.534083
-1.518175
-1.546116
-1.551584
-1.555470
-1.561669
-1.572504
-1.566406
-1.535013
-1.495062
-1.457820
-1.434199
-1.404166
-1.589695
-1.774633
-1.918766
-1.788916
-1.675485
-1.599401
-1.553987
-1.540799
-1.607525
-1.656911
-1.689350
-1.708805
-1.713847
-1.706969
-1.698275
-1.671813
-1.643351
-1.621732
-1.603331
-1.553316
-1.718015
-1.887561
-2.021245
-2.121732
-1.975541
-1.858742
-1.781638
-1.726143
-1.689161
-1.721280
-1.783394
-1.826795
-1.848701
-1.853581
-1.853552
-1.830917
-1.899835
-1.845198
-1.784367
-1.736591
-1.656514
-1.800944
-1.954960
-2.083086
-2.019182
-1.922995
-1.851459
-1.807212
-1.758928
-1.781975
-1.787783
-1.781456
-1.759674
-1.733351
-1.699972
-1.685534
-1.599488
-1.574727
-1.558404
-1.509469
-1.674819
-1.848358
-1.984301
-2.085184
-1.974193
-1.836120
-1.738618
-1.673616
-1.628533
-1.665129
-1.680183
-1.687566
-1.691213
-1.692707
-1.696488
-1.674440
-1.639851
-1.611361
-1.591114
-1.582019
-1.740433
-1.904382
-2.034134
-1.926128
-1.835014
-1.781022
-1.746315
-1.731611
-1.773778
-1.797012
-1.798517
-1.785844
-1.767610
-1.744087
-1.721723
-1.681077
-1.790543
-1.726805
-1.657389
-1.577756
-1.733321
-1.887810
-2.003249
-1.853471
-1.712016
-1.611862
-1.543518
-1.502218
-1.504049
-1.518508
-1.511912
-1.499646
-1.489888
-1.488877
-1.471396
-1.426180
-1.388219
-1.359618
-1.334966
-1.524502
-1.708762
-1.854548
-1.959950
-1.799884
-1.666827
-1.569678
-1.510421
-1.484073
-1.552647
-1.607502
-1.637987
-1.655047
-1.655814
-1.645563
-1.633390
-1.604445
-1.556686
-1.520173
-1.491333
-1.434293
-1.605096
-1.777763
-1.909941
-2.015300
-1.922320
-1.792006
-1.684579
-1.607570
-1.519127
-1.501259
-1.526726
-1.533142
-1.515958
-1.493697
-1.473594
-1.440005
-1.580091
-1.532662
-1.473831
-1.396861
-1.565458
-1.742567
-1.883808
-1.990681
-1.833705
-1.706480
-1.627482
-1.574285
-1.546698
-1.596046
-1.625973
-1.650074
-1.667193
-1.684290
-1.704331
-1.694662
-1.672896
-1.660376
-1.624190
-1.779875
-1.980476
-2.076612
-2.141571
-2.004433
-1.854723
-1.818748
-1.760441
-1.825803
-1.898479
-1.943907
-1.975143
-2.000694
-2.020490
-2.035089
-2.043968
-2.034915
-2.001785
-1.959136
-1.935166
-1.916989
-1.895594
-1.989458
-2.089423
-2.170241
-2.082572
-2.027515
-1.998501
-1.974708
-1.990173
-2.037704
-2.060403
-2.067387
-2.063682
-2.047952
-2.019343
-1.982843
-1.938464
-1.891393
-1.858664
-1.831339
-1.795737
-1.969007
-2.062497
-2.126685
-2.186807
-2.136519
-2.018531
-1.902205
-1.798328
-1.703763
-1.625940
-1.558087
-1.578502
-1.598266
-1.603807
-1.602887
-1.616629
-1.737628
-1.669652
-1.596562
-1.483803
-1.634329
-1.789160
-1.908371
-1.750460
-1.642888
-1.562597
-1.500913
-1.459570
-1.421167
-1.350991
-1.345862
-1.326930
-1.302810
-1.280282
-1.259112
-1.216946
-1.201278
-1.198349
-1.186689
-1.382286
-1.574796
-1.730223
-1.841338
-1.692304
-1.516131
-1.474246
-1.451775
-1.437513
-1.419418
-1.334961
-1.384513
-1.407935
-1.416814
-1.413387
-1.409938
-1.388016
-1.532484
-1.472815
-1.413268
-1.327078
-1.497694
-1.674884
-1.817107
-1.931238
-1.846110
-1.725736
-1.631190
-1.562302
-1.506841
-1.508623
-1.524925
-1.537538
-1.544133
-1.542587
-1.532181
-1.514962
-1.487361
-1.462550
-1.446354
-1.430924
-1.593520
-1.769589
-1.920445
-2.048169
-1.972980
-1.874333
-1.808033
-1.771432
-1.801840
-1.835845
-1.851204
-1.850724
-1.840476
-1.826425
-1.813453
-1.783600
-1.740970
-1.715243
-1.698166
-1.663750
-1.823747
-1.986095
-2.109064
-1.995494
-1.889757
-1.747348
-1.713203
-1.704754
-1.718510
-1.737083
-1.739640
-1.725616
-1.708015
-1.694876
-1.684720
-1.654382
-1.624057
-1.610919
-1.564418
-1.520586
-1.695208
-1.872462
-2.009245
-1.885176
-1.776078
-1.632756
-1.607506
-1.543180
-1.612978
-1.664415
-1.700815
-1.730301
-1.757655
-1.778134
-1.796313
-1.791383
-1.771268
-1.755000
-1.745090
-1.690258
-1.817994
-1.955561
-2.066987
-1.959009
-1.828676
-1.793086
-1.777761
-1.767211
-1.822540
-1.867853
-1.892885
-1.910671
-1.918747
-1.918885
-1.916134
-1.903849
-1.875118
-1.845469
-1.821238
-1.792416
-1.974055
-2.069059
-2.132167
-2.196914
-2.076650
-1.990535
-1.940722
-1.905280
-1.889221
-1.923645
-1.940739
-1.945032
-1.940970
-1.928050
-1.909454
-1.875673
-1.827973
-1.795607
-1.770664
-1.739646
-1.865004
-2.000470
-2.106301
-1.984089
-1.877530
-1.804410
-1.748484
-1.712324
-1.762138
-1.787755
-1.781410
-1.757975
-1.724206
-1.686163
-1.645124
-1.577875
-1.533120
-1.509166
-1.482772
-1.656402
-1.833785
-1.968086
-2.056696
-1.890201
-1.725303
-1.608327
-1.522980
-1.463911
-1.429852
-1.464247
-1.491914
-1.516341
-1.524566
-1.522477
-1.513927
-1.483941
-1.443196
-1.420129
-1.379457
-1.554977
-1.735945
-1.878378
-1.978650
-2.056341
-1.885920
-1.762982
-1.668370
-1.584327
-1.507333
-1.442188
-1.476278
-1.485777
-1.495710
-1.495544
-1.492770
-1.516661
-1.655324
-1.581171
-1.504986
-1.401161
-1.563548
-1.730684
-1.859823
-1.959315
-1.870787
-1.745837
-1.648021
-1.577677
-1.463266
-1.360215
-1.402184
-1.429913
-1.464761
-1.493622
-1.506314
-1.491090
-1.475569
-1.443150
-1.421596
-1.552234
-1.741390
-1.904406
-2.024894
-1.880259
-1.709904
-1.649447
-1.625453
-1.611598
-1.689488
-1.765954
-1.820966
-1.866490
-1.900912
-1.918716
-1.928473
-1.917205
-1.889094
-1.861265
-1.843919
-1.825712
-1.791413
-1.889195
-2.014575
-2.128998
-2.095929
-2.032259
-1.980764
-1.943973
-1.956453
-1.959963
-1.946876
-1.920441
-1.883446
-1.845382
-1.805113
-1.755254
-1.713255
-1.696661
-1.686457
-1.681162
-1.836722
-1.992037
-2.108447
-1.983907
-1.822762
-1.761473
-1.726533
-1.698496
-1.705146
-1.743341
-1.750675
-1.737809
-1.719755
-1.700053
-1.679017
-1.643996
-1.618332
-1.607105
-1.562004
-1.517631
-1.693780
-1.869233
-2.001155
-1.868326
-1.752352
-1.676484
-1.621823
-1.581985
-1.622535
-1.640186
-1.631346
-1.622369
-1.615063
-1.605399
-1.591546
-1.552615
-1.509089
-1.474254
-1.443578
-1.625998
-1.826450
-1.935743
-2.008217
-1.979136
-1.792217
-1.684737
-1.608638
-1.539748
-1.476367
-1.438210
-1.484060
-1.520815
-1.540639
-1.543895
-1.538407
-1.519092
-1.468002
-1.443720
-1.422765
-1.359333
-1.532562
-1.733153
-1.861675
-1.710119
-1.550822
-1.523195
-1.503399
-1.477689
-1.433452
-1.476437
-1.511204
-1.561840
-1.609005
-1.645448
-1.654473
-1.636099
-1.608106
-1.605543
-1.605605
-1.598107
-1.779194
-1.949539
-2.073206
-1.976553
-1.858252
-1.769659
-1.777060
-1.770169
-1.842336
-1.907206
-1.962056
-2.012974
-2.058984
-2.103874
-2.138945
-2.143420
-2.144673
-2.116412
-2.140094
-1.800000
-1.878889
-1.913639
-1.909175
-1.893710
-1.866752
-1.830047
-1.785168
-1.731812
-1.666114
-1.590084
-1.504323
-1.408882
-1.298275
-1.138179
-0.954441
-0.888000
-0.888000
-0.887999
-0.888000
-0.991868
-1.177271
-1.359550
-1.486932
-1.544810
-1.733627
-1.892263
-1.992643
-2.078344
-1.966533
-1.830020
-1.736022
-1.735353
-1.784853
-1.823699
-1.849128
-1.860424
-1.851580
-1.827274
-1.790057
-1.731472
-1.681147
-1.650191
-1.623375
-1.593652
-1.761924
-1.907028
-2.021908
-2.113280
-2.185957
-2.026198
-1.867165
-1.738830
-1.637057
-1.555730
-1.504099
-1.512116
-1.498094
-1.466704
-1.420388
-1.512503
-1.691207
-1.577889
-1.483471
-1.413633
-1.587018
-1.752597
-1.881152
-1.983048
-1.813740
-1.720369
-1.642658
-1.573875
-1.504679
-1.438714
-1.459921
-1.504088
-1.521097
-1.526768
-1.524003
-1.490429
-1.459763
-1.445951
-1.420597
-1.390046
-1.573800
-1.754648
-1.892474
-1.994070
-1.831073
-1.678576
-1.569623
-1.493019
-1.440570
-1.427480
-1.486976
-1.530988
-1.554628
-1.568653
-1.574646
-1.545588
-1.498914
-1.464945
-1.436518
-1.413219
-1.593952
-1.775620
-1.921220
-2.037573
-1.939065
-1.812575
-1.723428
-1.663798
-1.626155
-1.606174
-1.649738
-1.680211
-1.683119
-1.665152
-1.638101
-1.722458
-1.886641
-1.789118
-1.696557
-1.632383
-1.765327
-1.910958
-2.028737
-2.125306
-2.019114
-1.883850
-1.786334
-1.725947
-1.688475
-1.709799
-1.730580
-1.745249
-1.747579
-1.740637
-1.720551
-1.682900
-1.758245
-1.701613
-1.641104
-1.583056
-1.742343
-1.903699
-2.027096
-2.123636
-2.013741
-1.869844
-1.760981
-1.691940
-1.650736
-1.667903
-1.694655
-1.704412
-1.695682
-1.675102
-1.649688
-1.598300
-1.546999
-1.511875
-1.505364
-1.479927
-1.652083
-1.825616
-1.958946
-2.061676
-1.907614
-1.779404
-1.684921
-1.611127
-1.555683
-1.517109
-1.570329
-1.596355
-1.600942
-1.600195
-1.607141
-1.705596
-1.647815
-1.580330
-1.538133
-1.524448
-1.685158
-1.849446
-1.983047
-2.091415
-1.998857
-1.875950
-1.781395
-1.721814
-1.723285
-1.781167
-1.815286
-1.829795
-1.823448
-1.801314
-1.768557
-1.715655
-1.657364
-1.620930
-1.623556
-1.599553
-1.764117
-1.924362
-2.045807
-1.920103
-1.805104
-1.716763
-1.646136
-1.594938
-1.560239
-1.598464
-1.616502
-1.621402
-1.605282
-1.573595
-1.542453
-1.618105
-1.563941
-1.497536
-1.460055
-1.433064
-1.611946
-1.791588
-1.933562
-2.042992
-1.893245
-1.765576
-1.679857
-1.617770
-1.576686
-1.611555
-1.654064
-1.676426
-1.684002
-1.682630
-1.673466
-1.642970
-1.790030
-1.713066
-1.640655
-1.571084
-1.761799
-1.892991
-1.999079
-2.096062
-1.962444
-1.856949
-1.784000
-1.732788
-1.700318
-1.734117
-1.771025
-1.792859
-1.796016
-1.782760
-1.758908
-1.812483
-1.746790
-1.678543
-1.640737
-1.599990
-1.760894
-1.922750
-2.046096
-2.142054
-2.037226
-1.898238
-1.785980
-1.710942
-1.660110
-1.648283
-1.680206
-1.699999
-1.695095
-1.670358
-1.637610
-1.697751
-1.646496
-1.583250
-1.541498
-1.494678
-1.661476
-1.831847
-1.965303
-2.068929
-1.948639
-1.813651
-1.714581
-1.641052
-1.589294
-1.587952
-1.627077
-1.635812
-1.631703
-1.623072
-1.622721
-1.604800
-1.769454
-1.688239
-1.613083
-1.545001
-1.730476
-1.882327
-2.003437
-2.105131
-1.969224
-1.855881
-1.779079
-1.726179
-1.692653
-1.719583
-1.757108
-1.784685
-1.794774
-1.786789
-1.768674
-1.715338
-1.643757
-1.599753
-1.581014
-1.548520
-1.712167
-1.880171
-2.010306
-2.115811
-2.010623
-1.872244
-1.769686
-1.698447
-1.652209
-1.649125
-1.682176
-1.698196
-1.689299
-1.667045
-1.632282
-1.699136
-1.849858
-1.754496
-1.663519
-1.616057
-1.745585
-1.892628
-2.011180
-2.107516
-2.002088
-1.866761
-1.765565
-1.700229
-1.659037
-1.680971
-1.706966
-1.720388
-1.714584
-1.693915
-1.664752
-1.610982
-1.771770
-1.723217
-1.680086
-1.614236
-1.773890
-1.923025
-2.030463
-2.110220
-1.944052
-1.801328
-1.687233
-1.591834
-1.519071
-1.460536
-1.472559
-1.491746
-1.499352
-1.497542
-1.497856
-1.604263
-1.639010
-1.560193
-1.499195
-1.436799
-1.605621
-1.781524
-1.923778
-2.037879
-1.940434
-1.817425
-1.731676
-1.674455
-1.656061
-1.711825
-1.731317
-1.730449
-1.714798
-1.697250
-1.678839
-1.641004
-1.717973
-1.641033
-1.581582
-1.529124
-1.691780
-1.859169
-1.989905
-2.095829
-1.994193
-1.862079
-1.764781
-1.704348
-1.650271
-1.662194
-1.702743
-1.734797
-1.744488
-1.735685
-1.710689
-1.663922
-1.786090
-1.714416
-1.651787
-1.613492
-1.757438
-1.909530
-2.030409
-2.130093
-2.038846
-1.916170
-1.821172
-1.759525
-1.721350
-1.742149
-1.765941
-1.770566
-1.756157
-1.732720
-1.701283
-1.643842
-1.571618
-1.536487
-1.522863
-1.512855
-1.688920
-1.863273
-1.994718
-2.093530
-1.979071
-1.831142
-1.716392
-1.636955
-1.582123
-1.559539
-1.591021
-1.601902
-1.589272
-1.563631
-1.539571
-1.625811
-1.751398
-1.653389
-1.564544
-1.488429
-1.653386
-1.819909
-1.948216
-2.049688
-1.893968
-1.764572
-1.679702
-1.619210
-1.578642
-1.587279
-1.628843
-1.649655
-1.655512
-1.652327
-1.643189
-1.617332
-1.777479
-1.694682
-1.614580
-1.539894
-1.731981
-1.862997
-1.968564
-2.062989
-2.101075
-1.986997
-1.865183
-1.773909
-1.709352
-1.662400
-1.711083
-1.733497
-1.743181
-1.741836
-1.729886
-1.758638
-1.695119
-1.647897
-1.617193
-1.591505
-1.753204
-1.910834
-2.033782
-2.131467
-2.026880
-1.893733
-1.786209
-1.713068
-1.667869
-1.671880
-1.705007
-1.723543
-1.716109
-1.686673
-1.644982
-1.695249
-1.628677
-1.560088
-1.545649
-1.512569
-1.681646
-1.851081
-1.980576
-2.088780
-1.936638
-1.805918
-1.710265
-1.641496
-1.595026
-1.604349
-1.642173
-1.658451
-1.656013
-1.650004
-1.644713
-1.612313
-1.787200
-1.717665
-1.628650
-1.594409
-1.748854
-1.897669
-2.010523
-2.098638
-1.941456
-1.800497
-1.700990
-1.628547
-1.577772
-1.554894
-1.606172
-1.628444
-1.629167
-1.617351
-1.607972
-1.695866
-1.637083
-1.566656
-1.524428
-1.478847
-1.646767
-1.822120
-1.963086
-1.860105
-1.761997
-1.689386
-1.636974
-1.608561
-1.673232
-1.718419
-1.739077
-1.739593
-1.719380
-1.684517
-1.639649
-1.620961
-1.558295
-1.508252
-1.494601
-1.482808
-1.661315
-1.836461
-1.968223
-2.068263
-1.948488
-1.796898
-1.682022
-1.603239
-1.549120
-1.533700
-1.569148
-1.583278
-1.572952
-1.549434
-1.519619
-1.599429
-1.542973
-1.475559
-1.439633
-1.409735
-1.591155
-1.770782
-1.908973
-2.014687
-1.856307
-1.725726
-1.637661
-1.573166
-1.528311
-1.533774
-1.575001
-1.593653
-1.595855
-1.593214
-1.591547
-1.581417
-1.760069
-1.674065
-1.603437
-1.529016
-1.720425
-1.852724
-1.958827
-2.051043
-1.896729
-1.775658
-1.694218
-1.636830
-1.599488
-1.612056
-1.647738
-1.665301
-1.668135
-1.660552
-1.645792
-1.717887
-1.644781
-1.577767
-1.537441
-1.496420
-1.665124
-1.839096
-1.975162
-2.043457
-1.932659
-1.806985
-1.713204
-1.655575
-1.634790
-1.695750
-1.727153
-1.736520
-1.725393
-1.699801
-1.666325
-1.612150
-1.559797
-1.527197
-1.521577
-1.514001
-1.691931
-1.868259
-2.001151
-2.102336
-1.953778
-1.828541
-1.737059
-1.665624
-1.613661
-1.596037
-1.647179
-1.672913
-1.679051
-1.673537
-1.669715
-1.748663
-1.685941
-1.619738
-1.578330
-1.567837
-1.725809
-1.884103
-2.011469
-2.116375
-2.024923
-1.902182
-1.808919
-1.751444
-1.735293
-1.794916
-1.827331
-1.838185
-1.828101
-1.801894
-1.762980
-1.704702
-1.645924
-1.609805
-1.620271
-1.604726
-1.772344
-1.935056
-2.054958
-1.926508
-1.807564
-1.715640
-1.644112
-1.593322
-1.561911
-1.604694
-1.619342
-1.612939
-1.585730
-1.554224
-1.527295
-1.499430
-1.475417
-1.420890
-1.403057
-1.391566
-1.574106
-1.757865
-1.907490
-2.024917
-1.884661
-1.761845
-1.677592
-1.619835
-1.581585
-1.643146
-1.688321
-1.721293
-1.737199
-1.736122
-1.728099
-1.691596
-1.641251
-1.605049
-1.580081
-1.576182
-1.737180
-1.893826
-2.016630
-2.115349
-1.972418
-1.850702
-1.766543
-1.704162
-1.663398
-1.688662
-1.729372
-1.754702
-1.759520
-1.744593
-1.718316
-1.679103
-1.625784
-1.589095
-1.564223
-1.529637
-1.696162
-1.865054
-1.995454
-2.095709
-1.983239
-1.838827
-1.724277
-1.643111
-1.588326
-1.588731
-1.610667
-1.617201
-1.607221
-1.582321
-1.549271
-1.620365
-1.559723
-1.486369
-1.452777
-1.425871
-1.606007
-1.785185
-1.923545
-1.900701
-1.732408
-1.628126
-1.554002
-1.499871
-1.458729
-1.516454
-1.550604
-1.562878
-1.560224
-1.550182
-1.536184
-1.491588
-1.448407
-1.417649
-1.393798
-1.557293
-1.740303
-1.888771
-1.992782
-2.068995
-1.899494
-1.739303
-1.620988
-1.535527
-1.475609
-1.437061
-1.505812
-1.550067
-1.582533
-1.604687
-1.618297
-1.600707
-1.554050
-1.520197
-1.496826
-1.457191
-1.627385
-1.806058
-1.953190
-2.074965
-1.987473
-1.867974
-1.782255
-1.732558
-1.671957
-1.732687
-1.771275
-1.794729
-1.798520
-1.783473
-1.750249
-1.694679
-1.810271
-1.739926
-1.678494
-1.627258
-1.783852
-1.943674
-2.064324
-2.156676
-2.010760
-1.882030
-1.791226
-1.722869
-1.674822
-1.682852
-1.711435
-1.724641
-1.727853
-1.723760
-1.714410
-1.680462
-1.624281
-1.591732
-1.568136
-1.540173
-1.735708
-1.865552
-1.968820
-2.061605
-1.910339
-1.794629
-1.716012
-1.647093
-1.599098
-1.598080
-1.647206
-1.677883
-1.684426
-1.668212
-1.647158
-1.721000
-1.647053
-1.576247
-1.536855
-1.496929
-1.664962
-1.837000
-1.971004
-1.844096
-1.730796
-1.650116
-1.587041
-1.545274
-1.571873
-1.616936
-1.627192
-1.618572
-1.600111
-1.575817
-1.546885
-1.561323
-1.505739
-1.480841
-1.471763
-1.453400
-1.638009
-1.818249
-1.953842
-1.816840
-1.651686
-1.580986
-1.535318
-1.505159
-1.518976
-1.590435
-1.629715
-1.647333
-1.649438
-1.641233
-1.629269
-1.597428
-1.542373
-1.505711
-1.498206
-1.515152
-1.689036
-1.853243
-1.972978
-2.063672
-1.926348
-1.766073
-1.648780
-1.568935
-1.517387
-1.507947
-1.549769
-1.577242
-1.598793
-1.603595
-1.596326
-1.560696
-1.502021
-1.461212
-1.449463
-1.440086
-1.621491
-1.803643
-1.947939
-2.063457
-1.964599
-1.832650
-1.742643
-1.685213
-1.620268
-1.657304
-1.685977
-1.697078
-1.689954
-1.670936
-1.638095
-1.597903
-1.762272
-1.677586
-1.594891
-1.532989
-1.694236
-1.858084
-1.981675
-2.077469
-1.957758
-1.811058
-1.704093
-1.632133
-1.585153
-1.598586
-1.621924
-1.627381
-1.618367
-1.601319
-1.579932
-1.541319
-1.483618
-1.447509
-1.434396
-1.419729
-1.603310
-1.784098
-1.922300
-2.028154
-1.874255
-1.753317
-1.666377
-1.594256
-1.542533
-1.485594
-1.518847
-1.538180
-1.541347
-1.530504
-1.515888
-1.498182
-1.690127
-1.601366
-1.516540
-1.445617
-1.611079
-1.783039
-1.917203
-2.021796
-1.907412
-1.771951
-1.675624
-1.618423
-1.585875
-1.631733
-1.661254
-1.669470
-1.659463
-1.639827
-1.612919
-1.568807
-1.730442
-1.645371
-1.590264
-1.538471
-1.705180
-1.869921
-1.990635
-2.083267
-1.962716
-1.815013
-1.703916
-1.632857
-1.588551
-1.587716
-1.618315
-1.625745
-1.613335
-1.589237
-1.558142
-1.503016
-1.462605
-1.421470
-1.410936
-1.400101
-1.600704
-1.763837
-1.891735
-1.994455
-1.835652
-1.706056
-1.613646
-1.545404
-1.494445
-1.460406
-1.506605
-1.528301
-1.523575
-1.506442
-1.496513
-1.560024
-1.750422
-1.645661
-1.544626
-1.469421
-1.634582
-1.805496
-1.938944
-2.045847
-1.938396
-1.805293
-1.709311
-1.653645
-1.628831
-1.699406
-1.738745
-1.763627
-1.767029
-1.748667
-1.715870
-1.655661
-1.588875
-1.549282
-1.563702
-1.553238
-1.725885
-1.896349
-2.021955
-2.117369
-1.965976
-1.831736
-1.733302
-1.658796
-1.604988
-1.570681
-1.620329
-1.641869
-1.644167
-1.634411
-1.625465
-1.666024
-1.610996
-1.551788
-1.544998
-1.543159
-1.713280
-1.879768
-2.008143
-2.108169
-1.964723
-1.841657
-1.755901
-1.682781
-1.636669
-1.667917
-1.709074
-1.734684
-1.739730
-1.723246
-1.690133
-1.707862
-1.634521
-1.574327
-1.537234
-1.506378
-1.675641
-1.846393
-1.975157
-2.072485
-1.951892
-1.804563
-1.689353
-1.602044
-1.537421
-1.495148
-1.539858
-1.552084
-1.543713
-1.521314
-1.501076
-1.545202
-1.731286
-1.631692
-1.567562
-1.505949
-1.698052
-1.834771
-1.946896
-2.043324
-2.032265
-1.906936
-1.789304
-1.704645
-1.647897
-1.623979
-1.659454
-1.673777
-1.671635
-1.657815
-1.636001
-1.667805
-1.602813
-1.543859
-1.547423
-1.532411
-1.706518
-1.881717
-2.015459
-2.118463
-2.016054
-1.881863
-1.777376
-1.708309
-1.665916
-1.712551
-1.744438
-1.761447
-1.753169
-1.721517
-1.675769
-1.611591
-1.547054
-1.508520
-1.510690
-1.515660
-1.694768
-1.872028
-2.006667
-2.108805
-1.963959
-1.837049
-1.742602
-1.671326
-1.619909
-1.613473
-1.659098
-1.682469
-1.681804
-1.664785
-1.647977
-1.680627
-1.830158
-1.735821
-1.647458
-1.600596
-1.747027
-1.898647
-2.017243
-2.112758
-1.967279
-1.838012
-1.744452
-1.677866
-1.636499
-1.647015
-1.683478
-1.696658
-1.688534
-1.665803
-1.635696
-1.661813
-1.597335
-1.541950
-1.528334
-1.521300
-1.699595
-1.877169
-2.011755
-2.112633
-1.967443
-1.835343
-1.737608
-1.663755
-1.610257
-1.621037
-1.659378
-1.668169
-1.655741
-1.630001
-1.602992
-1.629245
-1.794799
-1.694318
-1.600826
-1.534082
-1.696857
-1.860742
-1.984386
-2.081256
-1.927266
-1.787829
-1.687563
-1.612135
-1.558018
-1.533489
-1.572690
-1.588637
-1.585915
-1.569126
-1.539677
-1.507210
-1.668987
-1.586630
-1.511395
-1.455766
-1.656368
-1.799904
-1.919929
-2.024200
-2.105624
-1.985807
-1.847758
-1.742947
-1.671513
-1.625812
-1.648527
-1.672790
-1.680596
-1.672931
-1.657239
-1.693812
-1.631892
-1.576623
-1.579000
-1.560413
-1.760811
-1.900357
-2.013272
-2.107618
-2.180246
-2.077213
-1.948309
-1.850559
-1.784536
-1.754982
-1.799168
-1.814939
-1.809465
-1.788489
-1.755606
-1.768096
-1.692432
-1.630196
-1.597021
-1.572107
-1.739079
-1.906732
-2.030646
-2.117973
-1.964450
-1.832970
-1.723144
-1.622342
-1.534008
-1.471112
-1.503389
-1.514504
-1.497796
-1.462326
-1.424275
-1.460364
-1.647510
-1.544201
-1.463088
-1.408041
-1.585572
-1.760531
-1.892581
-1.993001
-1.830644
-1.724285
-1.643734
-1.569026
-1.510129
-1.473059
-1.514927
-1.534035
-1.532848
-1.522186
-1.508043
-1.488518
-1.421077
-1.380151
-1.372511
-1.365320
-1.565925
-1.727507
-1.863016
-1.974364
-2.063392
-1.938031
-1.793746
-1.692572
-1.626013
-1.586131
-1.639561
-1.674614
-1.695322
-1.703644
-1.697698
-1.670959
-1.605086
-1.564919
-1.540922
-1.515888
-1.685584
-1.858309
-1.989217
-2.088805
-1.981437
-1.841197
-1.735936
-1.663953
-1.613674
-1.581067
-1.606225
-1.627162
-1.631651
-1.614918
-1.582959
-1.603090
-1.755762
-1.656690
-1.569373
-1.518601
-1.684006
-1.853931
-1.984995
-2.088658
-1.943404
-1.818195
-1.731674
-1.674208
-1.638044
-1.657955
-1.702899
-1.727935
-1.732167
-1.719545
-1.693720
-1.650930
-1.774184
-1.694692
-1.623176
-1.592920
-1.746509
-1.904468
-2.024560
-2.117478
-2.185408
-2.057479
-1.905974
-1.790841
-1.709976
-1.651450
-1.632492
-1.654330
-1.654956
-1.640699
-1.620991
-1.621494
-1.562293
-1.513818
-1.503082
-1.492668
-1.693272
-1.843439
-1.965113
-2.064824
-1.920328
-1.799246
-1.714414
-1.647997
-1.606495
-1.608826
-1.656470
-1.679409
-1.673162
-1.645877
-1.605889
-1.588293
-1.730443
-1.638056
-1.582339
-1.551921
-1.725479
-1.894067
-2.016255
-2.106349
-1.951620
-1.809403
-1.701088
-1.619302
-1.558590
-1.538426
-1.574963
-1.584224
-1.576003
-1.553101
-1.532781
-1.531910
-1.709202
-1.617292
-1.529553
-1.473549
-1.667690
-1.825492
-1.953390
-2.056985
-2.139005
-2.019891
-1.878467
-1.773968
-1.705240
-1.688203
-1.731192
-1.749030
-1.749611
-1.735738
-1.709779
-1.674783
-1.612157
-1.567264
-1.570496
-1.598750
-1.794652
-1.924576
-2.024092
-2.110664
-2.179100
-2.074256
-1.941906
-1.839029
-1.765091
-1.714432
-1.746199
-1.766575
-1.765523
-1.746245
-1.714371
-1.697719
-1.629802
-1.571507
-1.543168
-1.526704
-1.697511
-1.870390
-2.000952
-2.103059
-1.953788
-1.813373
-1.700105
-1.614052
-1.551199
-1.558821
-1.584749
-1.586095
-1.568735
-1.543341
-1.530454
-1.494686
-1.445838
-1.408908
-1.401523
-1.395662
-1.583095
-1.767895
-1.914529
-2.023933
-1.873212
-1.735056
-1.637517
-1.564600
-1.520362
-1.552925
-1.599864
-1.629721
-1.639332
-1.625126
-1.597901
-1.553284
-1.481470
-1.434695
-1.409638
-1.399843
-1.578875
-1.758396
-1.901428
-2.010202
-1.855567
-1.723060
-1.620426
-1.541783
-1.484790
-1.447057
-1.498531
-1.522109
-1.516993
-1.490866
-1.468581
-1.469762
-1.426888
-1.379881
-1.365101
-1.355542
-1.556143
-1.729749
-1.874987
-1.989958
-1.848683
-1.729456
-1.647956
-1.588604
-1.554725
-1.604697
-1.645683
-1.668945
-1.670608
-1.647567
-1.610151
-1.592369
-1.512982
-1.452824
-1.423798
-1.417422
-1.596212
-1.775411
-1.918960
-2.028824
-1.878928
-1.759799
-1.664455
-1.584535
-1.520184
-1.475212
-1.515852
-1.534149
-1.534443
-1.516926
-1.491091
-1.447073
-1.624192
-1.538828
-1.479113
-1.435682
-1.612365
-1.787425
-1.920370
-2.019598
-1.861107
-1.726390
-1.624045
-1.552433
-1.508192
-1.543123
-1.588234
-1.603688
-1.607282
-1.601151
-1.587627
-1.558020
-1.500956
-1.457898
-1.452421
-1.450908
-1.634939
-1.817071
-1.957437
-2.060568
-1.909555
-1.771341
-1.670380
-1.598894
-1.553397
-1.572997
-1.618958
-1.634504
-1.628592
-1.606996
-1.575321
-1.567413
-1.504286
-1.454836
-1.447972
-1.444217
-1.628579
-1.811131
-1.951996
-2.056370
-1.903865
-1.769114
-1.669489
-1.594812
-1.542007
-1.534032
-1.574887
-1.586448
-1.577050
-1.553490
-1.522837
-1.519957
-1.692179
-1.597290
-1.529278
-1.487911
-1.664141
-1.837141
-1.965631
-2.060193
-1.902082
-1.761966
-1.658118
-1.583886
-1.534239
-1.546130
-1.584648
-1.593693
-1.580913
-1.556449
-1.526073
-1.522555
-1.461809
-1.412650
-1.404423
-1.396763
-1.590607
-1.770496
-1.909194
-2.013859
-1.856409
-1.715636
-1.615181
-1.539176
-1.490573
-1.483628
-1.535793
-1.558132
-1.560009
-1.545901
-1.521143
-1.517284
-1.443863
-1.386683
-1.356089
-1.341965
-1.523981
-1.705850
-1.853899
-1.967857
-1.812307
-1.696435
-1.604518
-1.527750
-1.477649
-1.467240
-1.515154
-1.533715
-1.534505
-1.521875
-1.501876
-1.469497
-1.403306
-1.383723
-1.376172
-1.364970
-1.552357
-1.735736
-1.875427
-1.977089
-1.814178
-1.687454
-1.590381
-1.506366
-1.437112
-1.386913
-1.392485
-1.430979
-1.441719
-1.434514
-1.415930
-1.392085
-1.578730
-1.484507
-1.419629
-1.378156
-1.559674
-1.738951
-1.876431
-1.984134
-1.827663
-1.719872
-1.638127
-1.566861
-1.518956
-1.500620
-1.553099
-1.574898
-1.574277
-1.557689
-1.543290
-1.516293
-1.697007
-1.611110
-1.530824
-1.472902
-1.654941
-1.819166
-1.948482
-2.051609
-2.130511
-2.005595
-1.859173
-1.749143
-1.676352
-1.635171
-1.672450
-1.697614
-1.703952
-1.693384
-1.670309
-1.635583
-1.568345
-1.523950
-1.500412
-1.488094
-1.687690
-1.829516
-1.947578
-2.046855
-2.129065
-2.021407
-1.889341
-1.789889
-1.714744
-1.653712
-1.669435
-1.700773
-1.714743
-1.701363
-1.671432
-1.693011
-1.624274
-1.566877
-1.560663
-1.563375
-1.740763
-1.914650
-2.045618
-1.985216
-1.832575
-1.744166
-1.679596
-1.622714
-1.584685
-1.634378
-1.658204
-1.660341
-1.645857
-1.620000
-1.585673
-1.517055
-1.453623
-1.416218
-1.415701
-1.410718
-1.595579
-1.775441
-1.909639
-2.007282
-1.845850
-1.727886
-1.639201
-1.560766
-1.492399
-1.435190
-1.373042
-1.379083
-1.369738
-1.343378
-1.314365
-1.379740
-1.579648
-1.474458
-1.381569
-1.320318
-1.501356
-1.684941
-1.832148
-1.947005
-1.790197
-1.680527
-1.597190
-1.529935
-1.485113
-1.528311
-1.576513
-1.598712
-1.604480
-1.597205
-1.582990
-1.538306
-1.481018
-1.444723
-1.440292
-1.432973
-1.633577
-1.795940
-1.924986
-2.028984
-1.875918
-1.743036
-1.650011
-1.579157
-1.536150
-1.526945
-1.579423
-1.612320
-1.618875
-1.598498
-1.563190
-1.564338
-1.485687
-1.428225
-1.399996
-1.387620
-1.566180
-1.746317
-1.892812
-2.011785
-1.863472
-1.746568
-1.654445
-1.585919
-1.535640
-1.552656
-1.593752
-1.612399
-1.611175
-1.595899
-1.567816
-1.521819
-1.677772
-1.592594
-1.526901
-1.485269
-1.679965
-1.820569
-1.933997
-2.031050
-2.083318
-1.955461
-1.812482
-1.706737
-1.631499
-1.578606
-1.564248
-1.589969
-1.600489
-1.601786
-1.591366
-1.565278
-1.494815
-1.455622
-1.447675
-1.445216
-1.627472
-1.811009
-1.956944
-2.068051
-1.929657
-1.805964
-1.716959
-1.656366
-1.619574
-1.660003
-1.695137
-1.708181
-1.714933
-1.711411
-1.699077
-1.658007
-1.592526
-1.550638
-1.540080
-1.533088
-1.710232
-1.886200
-2.018597
-2.126039
-1.984227
-1.850079
-1.757141
-1.688272
-1.613596
-1.660016
-1.710086
-1.739508
-1.743202
-1.729380
-1.700605
-1.644775
-1.626499
-1.579512
-1.551904
-1.545857
-1.708351
-1.875180
-2.004167
-2.104342
-1.957182
-1.822325
-1.723502
-1.645531
-1.587240
-1.549336
-1.559518
-1.567559
-1.570805
-1.560774
-1.540516
-1.505387
-1.424702
-1.383547
-1.398211
-1.412971
-1.613575
-1.782226
-1.924734
-2.036929
-2.130723
-2.033036
-1.911641
-1.818249
-1.756104
-1.719505
-1.775074
-1.808719
-1.824533
-1.822859
-1.808049
-1.800000
-1.855260
-1.863655
-1.838268
-1.807915
-1.770949
-1.727162
-1.686463
-1.634554
-1.560570
-1.472254
-1.370878
-1.217833
-1.031769
-0.888000
-0.888000
-0.888000
-0.895554
-0.888000
-0.888000
-1.056249
-1.255199
-1.406959
-1.481380
-1.672432
-1.835418
-1.937390
-2.018964
-2.111451
-1.962621
-1.773454
-1.579220
-1.530490
-1.568340
-1.585651
-1.604527
-1.613984
-1.622579
-1.626991
-1.608394
-1.568093
-1.504479
-1.414469
-1.299598
-1.158340
-0.991296
-0.888000
-0.888000
-0.928689
-1.129286
-1.294281
-1.386492
-1.559378
-1.734979
-1.886897
-1.939037
-1.970651
-2.003686
-2.034739
-2.055454
-2.064401
-2.056874
-2.035074
-2.003919
-1.970239
-1.944832
-1.931068
-1.913943
-1.721218
-1.543095
-1.343054
-1.800000
-1.865342
-1.888928
-1.875283
-1.854583
-1.832815
-1.815037
-1.785236
-1.731419
-1.657344
-1.572307
-1.488340
-1.403735
-1.318470
-1.236266
-1.163008
-1.102121
-1.136543
-1.090631
-1.064623
-1.066124
-1.083171
-1.260231
-1.437351
-1.595919
-1.727597
-1.890518
-1.798564
-1.683733
-1.600414
-1.537780
-1.492214
-1.431016
-1.329537
-1.349598
-1.341812
-1.316803
-1.384741
-1.585343
-1.768000
-1.643376
-1.520650
-1.432040
-1.582537
-1.742949
-1.886089
-2.024534
-1.899412
-1.728841
-1.546920
-1.498808
-1.473850
-1.436393
-1.393125
-1.337830
-1.269791
-1.198774
-1.108790
-1.166016
-1.217056
-1.247074
-1.443636
-1.630956
-1.797498
-1.914879
-1.748719
-1.580673
-1.488678
-1.423745
-1.437947
-1.508351
-1.549677
-1.547287
-1.528094
-1.492440
-1.448318
-1.407764
-1.344059
-1.303021
-1.295072
-1.480588
-1.665589
-1.859774
-1.952498
-2.017738
-2.069791
-2.115178
-1.939427
-1.757002
-1.575575
-1.430543
-1.338620
-1.305202
-1.250598
-1.286823
-1.298511
-1.261909
-1.164809
-1.180968
-1.208350
-1.232834
-1.249992
-1.440251
-1.630473
-1.824730
-2.024049
-2.178728
-2.025912
-1.825415
-1.930962
-2.069905
-2.120500
-1.931081
-1.730612
-1.530061
-1.329920
-1.133519
-1.075937
-1.248325
-1.441895
-1.435869
-1.345878
-1.291276
-1.491844
-1.691591
-1.861372
-2.003954
-1.853567
-1.653275
-1.800000
-1.868692
-1.889267
-1.869121
-1.840986
-1.806790
-1.767852
-1.724875
-1.678260
-1.624474
-1.560757
-1.487061
-1.408332
-1.330279
-1.247178
-1.157946
-1.057177
-0.937043
-0.888000
-0.888000
-0.888000
-0.888000
-0.951750
-1.014669
-1.072767
-1.126540
-1.236623
-1.436375
-1.621406
-1.722126
-1.775498
-1.838879
-1.728901
-1.616541
-1.534506
-1.351889
-1.164171
-1.193702
-1.202299
-1.204995
-1.198549
-1.171165
-1.129575
-1.070574
-0.962224
-1.001196
-1.052341
-1.106159
-1.296242
-1.486122
-1.654766
-1.788085
-1.892402
-1.779387
-1.687527
-1.608535
-1.536147
-1.471383
-1.425645
-1.461470
-1.478957
-1.478735
-1.461321
-1.421018
-1.412896
-1.328907
-1.333536
-1.355968
-1.539811
-1.724593
-1.892195
-2.026975
-1.917269
-1.774621
-1.708320
-1.667398
-1.708485
-1.790518
-1.856799
-1.901760
-1.924419
-1.931355
-1.924568
-1.900934
-1.836438
-1.786741
-1.760596
-1.743738
-1.931262
-2.043229
-2.116321
-2.173489
-2.219097
-2.064924
-1.946330
-1.864484
-1.803340
-1.764462
-1.778450
-1.822137
-1.841529
-1.841759
-1.823419
-1.791774
-1.723042
-1.669872
-1.663297
-1.666042
-1.650109
-1.818894
-1.976915
-2.094066
-1.969491
-1.851216
-1.757075
-1.678418
-1.621764
-1.579751
-1.626110
-1.653605
-1.654297
-1.625193
-1.570503
-1.511111
-1.643571
-1.567778
-1.494691
-1.471645
-1.450138
-1.626631
-1.803550
-1.946174
-2.055529
-1.948733
-1.810483
-1.709319
-1.639909
-1.596862
-1.637024
-1.655359
-1.650003
-1.628692
-1.600172
-1.560326
-1.690936
-1.602442
-1.560422
-1.544801
-1.699841
-1.876096
-2.009004
-2.104254
-1.950582
-1.812310
-1.708424
-1.631890
-1.579520
-1.576358
-1.612040
-1.616805
-1.593226
-1.551904
-1.512280
-1.461604
-1.632456
-1.537440
-1.495081
-1.477997
-1.659889
-1.839891
-1.978307
-2.077463
-2.087193
-1.957110
-1.815092
-1.703688
-1.619562
-1.572274
-1.615700
-1.632969
-1.636219
-1.623331
-1.595140
-1.545683
-1.464151
-1.410152
-1.428638
-1.444987
-1.632498
-1.815854
-1.955871
-2.058691
-1.905489
-1.759354
-1.660615
-1.587286
-1.536679
-1.525263
-1.573626
-1.591849
-1.581124
-1.555646
-1.519321
-1.476597
-1.474618
-1.413650
-1.403736
-1.401173
-1.589111
-1.773654
-1.916914
-2.018450
-1.858065
-1.734484
-1.633415
-1.544277
-1.476142
-1.433096
-1.468460
-1.485785
-1.476846
-1.449326
-1.413611
-1.360574
-1.524091
-1.495589
-1.465340
-1.441303
-1.628142
-1.806313
-1.933876
-2.023494
-1.857064
-1.738145
-1.643896
-1.564146
-1.496855
-1.451303
-1.460012
-1.489580
-1.487693
-1.464830
-1.431969
-1.394012
-1.567089
-1.472293
-1.422806
-1.397137
-1.581792
-1.765080
-1.907554
-2.010807
-1.854700
-1.730535
-1.630169
-1.552793
-1.508832
-1.524860
-1.568390
-1.583189
-1.577818
-1.559257
-1.527759
-1.478767
-1.406001
-1.418880
-1.441500
-1.448150
-1.639678
-1.821655
-1.951689
-2.039322
-1.873829
-1.727657
-1.617085
-1.528667
-1.469509
-1.426936
-1.431620
-1.456532
-1.454129
-1.433611
-1.404074
-1.370353
-1.543917
-1.444460
-1.395240
-1.371633
-1.557597
-1.741322
-1.883463
-1.986986
-1.829628
-1.726901
-1.646396
-1.578379
-1.523395
-1.487080
-1.536963
-1.560209
-1.558982
-1.543370
-1.517402
-1.475178
-1.629553
-1.535673
-1.496308
-1.480070
-1.661609
-1.840301
-1.973683
-2.068553
-1.912016
-1.774605
-1.680906
-1.613095
-1.575159
-1.575419
-1.629086
-1.655607
-1.650550
-1.624715
-1.587027
-1.544925
-1.477975
-1.427643
-1.441706
-1.459802
-1.647121
-1.832009
-1.980086
-2.086460
-1.942260
-1.815342
-1.724727
-1.654814
-1.609478
-1.632170
-1.669834
-1.679945
-1.671261
-1.645138
-1.605585
-1.556738
-1.481663
-1.430695
-1.448866
-1.471403
-1.659313
-1.843163
-1.986180
-2.085672
-1.932514
-1.791400
-1.685703
-1.601932
-1.542614
-1.513525
-1.556469
-1.567033
-1.551561
-1.519085
-1.480103
-1.435808
-1.588110
-1.559328
-1.530923
-1.509322
-1.693056
-1.870240
-1.998328
-2.087003
-1.925970
-1.782350
-1.670569
-1.583561
-1.525422
-1.513700
-1.555852
-1.566603
-1.550517
-1.521025
-1.484871
-1.443512
-1.596691
-1.499715
-1.460557
-1.445761
-1.629670
-1.812313
-1.954194
-2.056028
-2.035605
-1.894423
-1.756592
-1.654783
-1.589905
-1.578413
-1.624921
-1.642862
-1.641633
-1.625781
-1.594815
-1.541841
-1.456147
-1.401178
-1.423596
-1.440115
-1.628465
-1.829003
-1.946823
-2.030079
-2.095557
-1.922854
-1.793717
-1.690173
-1.605045
-1.537561
-1.493232
-1.573481
-1.575108
-1.575539
-1.565405
-1.550608
-1.708631
-1.626168
-1.549085
-1.508598
-1.678851
-1.855459
-1.994554
-2.099164
-1.964150
-1.844118
-1.761387
-1.703512
-1.703891
-1.773161
-1.811453
-1.819147
-1.817824
-1.803906
-1.772107
-1.718587
-1.629051
-1.558605
-1.516279
-1.558643
-1.602430
-1.697016
-1.892644
-2.015236
-2.097139
-2.155100
-2.202671
-2.063608
-1.906251
-1.784528
-1.698638
-1.648269
-1.631586
-1.654300
-1.652381
-1.630029
-1.591719
-1.544322
-1.472869
-1.476907
-1.496245
-1.503553
-1.690411
-1.870692
-2.002975
-2.102886
-1.954287
-1.814787
-1.717570
-1.648525
-1.607363
-1.663688
-1.698411
-1.702641
-1.689338
-1.661603
-1.621058
-1.569420
-1.495374
-1.448163
-1.454214
-1.461893
-1.647388
-1.828855
-1.965076
-2.060197
-1.899706
-1.757615
-1.645654
-1.557830
-1.494256
-1.442740
-1.450586
-1.463071
-1.447692
-1.414335
-1.374085
-1.330129
-1.390481
-1.314721
-1.304431
-1.303251
-1.491246
-1.678323
-1.837046
-1.957569
-1.807308
-1.704481
-1.623849
-1.556185
-1.511690
-1.523831
-1.570855
-1.590580
-1.588827
-1.567677
-1.532172
-1.476032
-1.619484
-1.525774
-1.485458
-1.467263
-1.648385
-1.823357
-1.949395
-2.043912
-1.885665
-1.765268
-1.669018
-1.585265
-1.528532
-1.511298
-1.550409
-1.563128
-1.548571
-1.525636
-1.511199
-1.487873
-1.445763
-1.393987
-1.402481
-1.416482
-1.604192
-1.790927
-1.945402
-2.061662
-1.933339
-1.818918
-1.740174
-1.683537
-1.674937
-1.747016
-1.785432
-1.797060
-1.793341
-1.772171
-1.732094
-1.671156
-1.584433
-1.530234
-1.555355
-1.581766
-1.776361
-1.917575
-2.024766
-2.109462
-2.175902
-2.055299
-1.908066
-1.790336
-1.707898
-1.654334
-1.632558
-1.661877
-1.663626
-1.645115
-1.609392
-1.562310
-1.488695
-1.434631
-1.455179
-1.477454
-1.662938
-1.845786
-1.988989
-2.090814
-1.941786
-1.809853
-1.704180
-1.621364
-1.565906
-1.529384
-1.578830
-1.601413
-1.594371
-1.566409
-1.528840
-1.464806
-1.613932
-1.584297
-1.553607
-1.526545
-1.707312
-1.878628
-2.000442
-2.087006
-1.928202
-1.788970
-1.679931
-1.605025
-1.558491
-1.557983
-1.597075
-1.605261
-1.590817
-1.563314
-1.529341
-1.481148
-1.635993
-1.542574
-1.496664
-1.473145
-1.653910
-1.830173
-1.959118
-2.051751
-1.894065
-1.761162
-1.658960
-1.586978
-1.539590
-1.525775
-1.570754
-1.585575
-1.571582
-1.541033
-1.510113
-1.476284
-1.633044
-1.535684
-1.455169
-1.428148
-1.604100
-1.782915
-1.930165
-2.041719
-2.127704
-2.007423
-1.860269
-1.753335
-1.685393
-1.664430
-1.710468
-1.725570
-1.720218
-1.697926
-1.659807
-1.603075
-1.520556
-1.470435
-1.489648
-1.506805
-1.691739
-1.871330
-2.005568
-2.099549
-1.943482
-1.795595
-1.682976
-1.592583
-1.527387
-1.485898
-1.508128
-1.521196
-1.503017
-1.465069
-1.415852
-1.355849
-1.513915
-1.484242
-1.454267
-1.429375
-1.615269
-1.792537
-1.920476
-2.009669
-1.846498
-1.744002
-1.663758
-1.587402
-1.520976
-1.462354
-1.444390
-1.484312
-1.489307
-1.475454
-1.445247
-1.406405
-1.580684
-1.488567
-1.437488
-1.408983
-1.591556
-1.772829
-1.913633
-2.019127
-1.990162
-1.864763
-1.744556
-1.661328
-1.606481
-1.600475
-1.650759
-1.674778
-1.680041
-1.669340
-1.642896
-1.591502
-1.505396
-1.451655
-1.424793
-1.425566
-1.606224
-1.786868
-1.927921
-2.033195
-2.113081
-1.997782
-1.845689
-1.729706
-1.652992
-1.599955
-1.627091
-1.658186
-1.659236
-1.643500
-1.617375
-1.575697
-1.505008
-1.458721
-1.466568
-1.475941
-1.660934
-1.843237
-1.981982
-2.080761
-1.926103
-1.783749
-1.677482
-1.598292
-1.544111
-1.526864
-1.562913
-1.570252
-1.550017
-1.513068
-1.466199
-1.407910
-1.327022
-1.348729
-1.377900
-1.390934
-1.583603
-1.769884
-1.910908
-2.011823
-1.853059
-1.729945
-1.631111
-1.551242
-1.497486
-1.470293
-1.511154
-1.523216
-1.508546
-1.476780
-1.435659
-1.389287
-1.549340
-1.449185
-1.411084
-1.396186
-1.581672
-1.764941
-1.908082
-2.010769
-1.852529
-1.743663
-1.655926
-1.579681
-1.514787
-1.466086
-1.499187
-1.512808
-1.503466
-1.480416
-1.450214
-1.403574
-1.326236
-1.278046
-1.303981
-1.326591
-1.515698
-1.703341
-1.860981
-1.977324
-2.063048
-1.944990
-1.791447
-1.671969
-1.592876
-1.541603
-1.553780
-1.579965
-1.575183
-1.552132
-1.518872
-1.466041
-1.381210
-1.328163
-1.345380
-1.357024
-1.545435
-1.729420
-1.870950
-1.975926
-2.051969
-1.879559
-1.759955
-1.661787
-1.569535
-1.494432
-1.441787
-1.512065
-1.520119
-1.517874
-1.513332
-1.494427
-1.590500
-1.519747
-1.482514
-1.456472
-1.656340
-1.824294
-1.957642
-2.055614
-2.129878
-1.977296
-1.840793
-1.741263
-1.661981
-1.618700
-1.675617
-1.708206
-1.724852
-1.720617
-1.696613
-1.650291
-1.573178
-1.522519
-1.535032
-1.550637
-1.751238
-1.904885
-2.018631
-2.103222
-1.952945
-1.814193
-1.715874
-1.637175
-1.580837
-1.548341
-1.585528
-1.589540
-1.573507
-1.535026
-1.476451
-1.414991
-1.509967
-1.502335
-1.493819
-1.487071
-1.674242
-1.853331
-1.983882
-2.074282
-2.144925
-1.976167
-1.829052
-1.710220
-1.624353
-1.565569
-1.566645
-1.605727
-1.622433
-1.618907
-1.601167
-1.571769
-1.512501
-1.459587
-1.463337
-1.453010
-1.632177
-1.831602
-1.969866
-2.068053
-2.140790
-2.004109
-1.840789
-1.721546
-1.647925
-1.613383
-1.665346
-1.679316
-1.671936
-1.648546
-1.610734
-1.550315
-1.463094
-1.483475
-1.521145
-1.540913
-1.730774
-1.909838
-2.036849
-2.121880
-1.961062
-1.804420
-1.684721
-1.592923
-1.529433
-1.491709
-1.528198
-1.540656
-1.526904
-1.492180
-1.442338
-1.388278
-1.495486
-1.482670
-1.468304
-1.456618
-1.645116
-1.826757
-1.962001
-2.055029
-1.893486
-1.767630
-1.666208
-1.573066
-1.502468
-1.453649
-1.489706
-1.506932
-1.499579
-1.472122
-1.434192
-1.377836
-1.485345
-1.385628
-1.364306
-1.362786
-1.551477
-1.735562
-1.878598
-1.978364
-1.816951
-1.620950
-1.569260
-1.527680
-1.482975
-1.445518
-1.410362
-1.453873
-1.472542
-1.469348
-1.455508
-1.426522
-1.563696
-1.482276
-1.429010
-1.397907
-1.581705
-1.763639
-1.903125
-2.005063
-1.902831
-1.748866
-1.626537
-1.547934
-1.501529
-1.516561
-1.561245
-1.581407
-1.591207
-1.587334
-1.560909
-1.511250
-1.429674
-1.365456
-1.398600
-1.431286
-1.620115
-1.805742
-1.959131
-2.072571
-1.939633
-1.816753
-1.735746
-1.683105
-1.656255
-1.730935
-1.769694
-1.774167
-1.762127
-1.731680
-1.681842
-1.611669
-1.518646
-1.458449
-1.486948
-1.517184
-1.703957
-1.885024
-2.018974
-2.107596
-2.172795
-2.004752
-1.847988
-1.729462
-1.640703
-1.569738
-1.509305
-1.560300
-1.570633
-1.569831
-1.557520
-1.530971
-1.647316
-1.567555
-1.520043
-1.496711
-1.676228
-1.855664
-1.991259
-2.087006
-1.929423
-1.783627
-1.676422
-1.596685
-1.545159
-1.540495
-1.582319
-1.590404
-1.571399
-1.532772
-1.477499
-1.412163
-1.318769
-1.253082
-1.289757
-1.317654
-1.507200
-1.693478
-1.846531
-1.959680
-2.046401
-1.878895
-1.764530
-1.671555
-1.590035
-1.534060
-1.533411
-1.585071
-1.607432
-1.605414
-1.589701
-1.558820
-1.673238
-1.596123
-1.516625
-1.472147
-1.644670
-1.819960
-1.954013
-2.049494
-2.124132
-1.981817
-1.810170
-1.688262
-1.608124
-1.557354
-1.578033
-1.599265
-1.604922
-1.607028
-1.602503
-1.576551
-1.507317
-1.440761
-1.460463
-1.484365
-1.672023
-1.855829
-2.000834
-2.102310
-2.109149
-1.976342
-1.839356
-1.738225
-1.672253
-1.629159
-1.653044
-1.672690
-1.668200
-1.641779
-1.600631
-1.542688
-1.481394
-1.395797
-1.413206
-1.443583
-1.452872
-1.637610
-1.817347
-1.956449
-2.066329
-1.915267
-1.792709
-1.699823
-1.630243
-1.582384
-1.578647
-1.614158
-1.624728
-1.613603
-1.590877
-1.554878
-1.475477
-1.405237
-1.402893
-1.414460
-1.599185
-1.784829
-1.935372
-2.042126
-2.120337
-1.988839
-1.834114
-1.724688
-1.649266
-1.598531
-1.626456
-1.646697
-1.654398
-1.646817
-1.621150
-1.571980
-1.491066
-1.433047
-1.458511
-1.484999
-1.673657
-1.857738
-2.000105
-2.097512
-2.165435
-2.003232
-1.856557
-1.747951
-1.668108
-1.607880
-1.561877
-1.621644
-1.637228
-1.642250
-1.634432
-1.609415
-1.543223
-1.487406
-1.456959
-1.454268
-1.498697
-1.680502
-1.854367
-1.986682
-2.083876
-1.966875
-1.818821
-1.708651
-1.632349
-1.583662
-1.607730
-1.624348
-1.616489
-1.588249
-1.547210
-1.489891
-1.406222
-1.348073
-1.377517
-1.410199
-1.593216
-1.779460
-1.934247
-2.043916
-2.121140
-1.991667
-1.833673
-1.712811
-1.631204
-1.579698
-1.596215
-1.615826
-1.612387
-1.588990
-1.552861
-1.499686
-1.448809
-1.363125
-1.376060
-1.404804
-1.413137
-1.600262
-1.782796
-1.926280
-2.037081
-1.934790
-1.793813
-1.689654
-1.620296
-1.577759
-1.597181
-1.617206
-1.613360
-1.592320
-1.560754
-1.512876
-1.423689
-1.369629
-1.391601
-1.413925
-1.602675
-1.788635
-1.935649
-2.037657
-2.117365
-1.973880
-1.816327
-1.698818
-1.618454
-1.566740
-1.551078
-1.584819
-1.593781
-1.582520
-1.560585
-1.524446
-1.446819
-1.392887
-1.401872
-1.415437
-1.603842
-1.789507
-1.935012
-2.034673
-1.873473
-1.681241
-1.591956
-1.523755
-1.471827
-1.435014
-1.443282
-1.477522
-1.476450
-1.450156
-1.418451
-1.383866
-1.466292
-1.382401
-1.307235
-1.292577
-1.474999
-1.658200
-1.821667
-1.942545
-2.031622
-1.871365
-1.737338
-1.627367
-1.539235
-1.483476
-1.477440
-1.512210
-1.526088
-1.521091
-1.500557
-1.458720
-1.378780
-1.303399
-1.322504
-1.341405
-1.530830
-1.722215
-1.872010
-1.980942
-2.064955
-1.899071
-1.767873
-1.661253
-1.583945
-1.539416
-1.569840
-1.612088
-1.626258
-1.616858
-1.589401
-1.552183
-1.486213
-1.424809
-1.435975
-1.451631
-1.640082
-1.824701
-1.970146
-2.072017
-1.917574
-1.735048
-1.643801
-1.582313
-1.530205
-1.500621
-1.558769
-1.594043
-1.600515
-1.580850
-1.542785
-1.488028
-1.493220
-1.412618
-1.402600
-1.409521
-1.598723
-1.782264
-1.923329
-2.019211
-2.093269
-1.923233
-1.796468
-1.692638
-1.598578
-1.516849
-1.445012
-1.463169
-1.496293
-1.498742
-1.478750
-1.453850
-1.537958
-1.471256
-1.405570
-1.384909
-1.542275
-1.726040
-1.890741
-2.014691
-2.107494
-1.956640
-1.813869
-1.713253
-1.644790
-1.609515
-1.668210
-1.693154
-1.709439
-1.712045
-1.690436
-1.642097
-1.544992
-1.403808
-1.281859
-1.342250
-1.402373
-1.433066
-1.625340
-1.809318
-1.947313
-2.043081
-2.115378
-1.975779
-1.818499
-1.708779
-1.640345
-1.605122
-1.662546
-1.693923
-1.694629
-1.682059
-1.660070
-1.619548
-1.549078
-1.547096
-1.567844
-1.577013
-1.761723
-1.939132
-2.067482
-2.153569
-1.997529
-1.849761
-1.736803
-1.648447
-1.586975
-1.545724
-1.591417
-1.602052
-1.587823
-1.549419
-1.490375
-1.414039
-1.499869
-1.400015
-1.393817
-1.405061
-1.592130
-1.775513
-1.920804
-2.023257
-2.081919
-1.910701
-1.789972
-1.689833
-1.606801
-1.545857
-1.499367
-1.545771
-1.559156
-1.549428
-1.522839
-1.484300
-1.603481
-1.520986
-1.479449
-1.459808
-1.641841
-1.822161
-1.958696
-2.057420
-1.900005
-1.756207
-1.652701
-1.581900
-1.543279
-1.591662
-1.631501
-1.641249
-1.637694
-1.620408
-1.583130
-1.522972
-1.433683
-1.460153
-1.503239
-1.529345
-1.721267
-1.903161
-2.036272
-2.126267
-1.970186
-1.787230
-1.692861
-1.626824
-1.577771
-1.546183
-1.588233
-1.614438
-1.613607
-1.589243
-1.548380
-1.491488
-1.586184
-1.496058
-1.462745
-1.452442
-1.636069
-1.815902
-1.950906
-2.049897
-1.896031
-1.702484
-1.628030
-1.568973
-1.516394
-1.482717
-1.550044
-1.577403
-1.582345
-1.568579
-1.544263
-1.504730
-1.436274
-1.385343
-1.394366
-1.405998
-1.594484
-1.780207
-1.926882
-2.029497
-1.999911
-1.815731
-1.682980
-1.589523
-1.525595
-1.486245
-1.494061
-1.544707
-1.574876
-1.588529
-1.583502
-1.552294
-1.468602
-1.403745
-1.373971
-1.382257
-1.381432
-1.565771
-1.747938
-1.898448
-2.017534
-1.929127
-1.798796
-1.691679
-1.623907
-1.580895
-1.634684
-1.673729
-1.681857
-1.669757
-1.640036
-1.583819
-1.490163
-1.441833
-1.460271
-1.483693
-1.487781
-1.671101
-1.849655
-1.987181
-1.866556
-1.762459
-1.688463
-1.631093
-1.595216
-1.603076
-1.643829
-1.649469
-1.625011
-1.580440
-1.520819
-1.455624
-1.549336
-1.500957
-1.483166
-1.482006
-1.668937
-1.851137
-1.989568
-2.085094
-1.928451
-1.749501
-1.662571
-1.604695
-1.566086
-1.569849
-1.627575
-1.650531
-1.650625
-1.634626
-1.609367
-1.567857
-1.482398
-1.425000
-1.437763
-1.456322
-1.644238
-1.827952
-1.969394
-2.066466
-1.906068
-1.769184
-1.659589
-1.576596
-1.520839
-1.482151
-1.512938
-1.515293
-1.494487
-1.458870
-1.412273
-1.345880
-1.454010
-1.447835
-1.439414
-1.431382
-1.622939
-1.805286
-1.938770
-2.029492
-2.061563
-1.883245
-1.753763
-1.650471
-1.572720
-1.521438
-1.514911
-1.564023
-1.585019
-1.584346
-1.568576
-1.537064
-1.472909
-1.417218
-1.418484
-1.427635
-1.614980
-1.815547
-1.951222
-2.049968
-2.123504
-1.964766
-1.818007
-1.713245
-1.637365
-1.596589
-1.642728
-1.675766
-1.691511
-1.685127
-1.656276
-1.612067
-1.538223
-1.536858
-1.560618
-1.579514
-1.780115
-1.936379
-2.046545
-2.123828
-1.989828
-1.817348
-1.734324
-1.681021
-1.629796
-1.652264
-1.704480
-1.724531
-1.729227
-1.712683
-1.673703
-1.608531
-1.515858
-1.531835
-1.566114
-1.583965
-1.784566
-1.942749
-2.053862
-2.131462
-1.974024
-1.791789
-1.698203
-1.630200
-1.564510
-1.520476
-1.543814
-1.574764
-1.578545
-1.564089
-1.535053
-1.481970
-1.389930
-1.400843
-1.420582
-1.426477
-1.617865
-1.799553
-1.932189
-2.023587
-1.859786
-1.662287
-1.599106
-1.550454
-1.494995
-1.432043
-1.402558
-1.445807
-1.459608
-1.451742
-1.431878
-1.404027
-1.539214
-1.454564
-1.410760
-1.389671
-1.575126
-1.760730
-1.910955
-2.021828
-1.865028
-1.685130
-1.591711
-1.530915
-1.496502
-1.533381
-1.587209
-1.611197
-1.616429
-1.608487
-1.582590
-1.519726
-1.408558
-1.313902
-1.353331
-1.395023
-1.422271
-1.618595
-1.806048
-1.950803
-2.041148
-2.102261
-1.928862
-1.764478
-1.650914
-1.579624
-1.541829
-1.587547
-1.636727
-1.649780
-1.641667
-1.626578
-1.603445
-1.548561
-1.472842
-1.485916
-1.513592
-1.527003
-1.712905
-1.894517
-2.031803
-2.014269
-1.869628
-1.776674
-1.710079
-1.661570
-1.625647
-1.628859
-1.671682
-1.687427
-1.683479
-1.652872
-1.588742
-1.502572
-1.619010
-1.540480
-1.523670
-1.523628
-1.700294
-1.877091
-2.011734
-2.116025
-1.970386
-1.827692
-1.720586
-1.650269
-1.609357
-1.655613
-1.681894
-1.685167
-1.678694
-1.664732
-1.634865
-1.569688
-1.477277
-1.503420
-1.537472
-1.552278
-1.737708
-1.917096
-2.047498
-2.140740
-1.992602
-1.855459
-1.753072
-1.675061
-1.625203
-1.641246
-1.665565
-1.673496
-1.666863
-1.640694
-1.594314
-1.522636
-1.433450
-1.470330
-1.517206
-1.544249
-1.732174
-1.912365
-2.044832
-2.133641
-1.984464
-1.849972
-1.748557
-1.672649
-1.619379
-1.587719
-1.624363
-1.637806
-1.630056
-1.601915
-1.557624
-1.484575
-1.399094
-1.418896
-1.450670
-1.465503
-1.655280
-1.837490
-1.972101
-2.069113
-1.915641
-1.774801
-1.671336
-1.603454
-1.563332
-1.599041
-1.627758
-1.635744
-1.637025
-1.631124
-1.607481
-1.559137
-1.472037
-1.495622
-1.531928
-1.548071
-1.734222
-1.914188
-2.044677
-2.132900
-1.983409
-1.850462
-1.755339
-1.689139
-1.648046
-1.646389
-1.682710
-1.696438
-1.690908
-1.668466
-1.625791
-1.555636
-1.470115
-1.426365
-1.456227
-1.483621
-1.669141
-1.851317
-1.992469
-2.100226
-1.960849
-1.831030
-1.740087
-1.679100
-1.642652
-1.686235
-1.712537
-1.715233
-1.700576
-1.668177
-1.618610
-1.543262
-1.456293
-1.485547
-1.523847
-1.541560
-1.728419
-1.906400
-2.032836
-2.118232
-1.960432
-1.812941
-1.701793
-1.619084
-1.560590
-1.514490
-1.535673
-1.541888
-1.516589
-1.472252
-1.430020
-1.404200
-1.327019
-1.329504
-1.345241
-1.353943
-1.542767
-1.729976
-1.886499
-2.000881
-2.090388
-1.936501
-1.796084
-1.691954
-1.617135
-1.560738
-1.580837
-1.621059
-1.641078
-1.638813
-1.617685
-1.571398
-1.482716
-1.437520
-1.443247
-1.449287
-1.634509
-1.817741
-1.959304
-2.061746
-1.910196
-1.764917
-1.656102
-1.570054
-1.513336
-1.492325
-1.518144
-1.522608
-1.511394
-1.482630
-1.436931
-1.350358
-1.260711
-1.296717
-1.328972
-1.336347
-1.528309
-1.713245
-1.852711
-1.957719
-1.797552
-1.702860
-1.630662
-1.561477
-1.499696
