-0.000069
0.000697
0.002908
0.006535
0.011604
0.018043
0.025778
0.034526
0.044326
0.055337
0.067341
0.080243
0.094075
0.108952
0.124856
0.141598
0.158707
0.175941
0.193384
0.210830
0.228079
0.245334
0.262541
0.279613
0.296472
0.313224
0.330048
0.347370
0.365099
0.382777
0.400416
0.418019
0.435518
0.452871
0.470413
0.488230
0.506732
0.526323
0.547063
0.568337
0.589837
0.611226
0.632589
0.653895
0.675165
0.696395
0.717528
0.738568
0.758945
0.778829
0.797707
0.816304
0.834177
0.851597
0.868904
0.886217
0.903661
0.921013
0.938601
0.956470
0.975017
0.993144
1.010612
1.026635
1.041934
1.056935
1.072090
1.087278
1.102060
1.116236
1.130483
1.144549
1.158225
1.171746
1.185280
1.199234
1.213531
1.228192
1.243446
1.258978
1.274297
1.289055
1.303065
1.316875
1.330348
1.343095
1.354805
1.366317
1.377880
1.388885
1.399946
1.411059
1.421952
1.432664
1.443853
1.455824
1.468594
1.482165
1.496537
1.510943
1.525227
1.539222
1.553399
1.567951
1.582237
1.595914
1.609298
1.622306
1.634910
1.646981
1.658933
1.670669
1.682065
1.693277
1.704708
1.716957
1.730157
1.744345
1.759060
1.773866
1.788794
1.803332
1.817650
1.832364
1.847271
1.861984
1.876556
1.890423
1.903828
1.916761
1.929249
1.941373
1.953181
1.964970
1.976968
1.989735
2.003399
2.017831
2.032777
2.047282
2.062144
2.076673
2.089979
2.103064
2.116669
2.130229
2.143111
2.155462
2.167834
2.179937
2.191775
2.203594
2.215279
2.226768
2.238175
2.249905
2.262462
2.275931
2.290289
2.305258
2.320429
2.335834
2.350679
2.365239
2.380282
2.395441
2.410095
2.424184
2.438076
2.451582
2.464704
2.477495
2.489999
2.502227
2.514298
2.526526
2.539567
2.553566
2.568483
2.583980
2.599469
2.615206
2.630262
2.644740
2.659584
2.674767
2.689529
2.703634
2.716757
2.729310
2.741639
2.753471
2.764901
2.775944
2.786804
2.797615
2.808926
2.821044
2.834130
2.848095
2.862172
2.876361
2.890758
2.904542
2.918122
2.931905
2.945764
2.959111
2.972028
2.984787
2.997582
3.010334
3.022965
3.035382
3.047546
3.059617
3.071826
3.084724
3.098574
3.113401
3.128955
3.144970
3.161202
3.177132
3.192615
3.208614
3.224690
3.240293
3.254708
3.268121
3.281440
3.294206
3.306572
3.318869
3.330909
3.342667
3.354532
3.366898
3.380126
3.394367
3.409255
3.424209
3.439443
3.454668
3.469610
3.484907
3.500365
3.515660
3.530872
3.546004
3.560418
3.574306
3.587890
3.601157
3.614102
3.626940
3.639674
3.652921
3.667049
3.681998
3.697541
3.713408
3.729532
3.746431
3.762814
3.778637
3.794714
3.810932
3.826731
3.842292
3.857807
3.872582
3.886779
3.900662
3.914205
3.927371
3.940389
3.953463
3.967083
3.981611
3.996787
4.012561
4.028331
4.044147
4.059981
4.075297
4.090466
4.105908
4.121623
4.137330
4.152939
4.167765
4.181910
4.195697
4.209218
4.222461
4.235459
4.248431
4.261524
4.275295
4.289877
4.305121
4.320885
4.336729
4.353275
4.370287
4.386806
4.402905
4.419270
4.435751
4.451797
4.467544
4.483237
4.498305
4.512833
4.527038
4.541045
4.554777
4.568414
4.582050
4.596168
4.611113
4.626665
4.642573
4.658618
4.675046
4.691833
4.708212
4.724364
4.740837
4.757281
4.773532
4.789666
4.805524
4.820751
4.835519
4.850027
4.864182
4.878065
4.891917
4.905895
4.920670
4.936141
4.952041
4.968184
4.984371
5.001080
5.017941
5.033908
5.049214
5.064877
5.080629
5.095814
5.110249
5.124022
5.137514
5.150886
5.163783
5.176305
5.188543
5.200626
5.212656
5.225130
5.238464
5.252856
5.268129
5.283667
5.299450
5.315305
5.331044
5.346803
5.362725
5.378421
5.393751
5.408926
5.424010
5.438786
5.453367
5.467675
5.481630
5.495392
5.509120
5.523125
5.537968
5.553683
5.570132
5.587132
5.604338
5.621114
5.637403
5.653390
5.669652
5.685944
5.701750
5.716614
5.731059
5.745390
5.759518
5.773386
5.787053
5.800576
5.814036
5.827555
5.841672
5.856704
5.872591
5.889109
5.905928
5.923071
5.940333
5.957056
5.973920
5.990935
6.007632
6.023898
6.039926
6.055275
6.070199
6.084728
6.098897
6.112785
6.126527
6.140192
6.154418
6.169579
6.185462
6.201826
6.218546
6.235521
6.253208
6.270759
6.287496
6.303961
6.320696
6.337220
6.353057
6.368357
6.383588
6.398352
6.412801
6.427080
6.441125
6.454975
6.468736
6.482694
6.497480
6.513109
6.529447
6.546294
6.563277
6.580448
6.597052
6.613040
6.629279
6.645697
6.661686
6.676998
6.691874
6.706451
6.720986
6.735107
6.748872
6.762408
6.775797
6.789280
6.803012
6.817534
6.833152
6.849655
6.866580
6.883778
6.901244
6.918530
6.935824
6.953157
6.970401
6.987583
7.004575
7.020753
7.036340
7.051636
7.066614
7.081312
7.095874
7.110321
7.125137
7.140799
7.157208
7.174202
7.191483
7.207786
7.224190
7.241288
7.258347
7.275149
7.292194
7.309311
7.325959
7.342259
7.358496
7.374240
7.389716
7.404887
7.419832
7.434570
7.449125
7.463673
7.478602
7.494353
7.510892
7.528057
7.545526
7.563284
7.581268
7.598979
7.616631
7.634436
7.652034
7.669270
7.686208
7.702549
7.718401
7.733947
7.749185
7.764160
7.778975
7.793627
7.808634
7.824496
7.841197
7.858529
7.876357
7.894279
7.912756
7.931076
7.948895
7.966840
7.984962
8.002738
8.019709
8.035884
8.051535
8.067057
8.082165
8.096879
8.111292
8.125524
8.139742
8.154225
8.169468
8.185589
8.202538
8.219606
8.236828
8.254374
8.271785
8.289124
8.306623
8.323994
8.340831
8.357233
8.373397
8.389235
8.404882
8.420448
8.435763
8.450869
8.465941
8.481168
8.496955
8.513705
8.531364
8.549653
8.567424
8.584921
8.602592
8.620082
8.637834
8.655602
8.672915
8.689205
8.704993
8.720967
8.736765
8.752015
8.767201
8.782361
8.797361
8.812412
8.827862
8.844109
8.861149
8.878891
8.897088
8.915457
8.933835
8.951674
8.969734
8.987926
9.005760
9.022814
9.039060
9.054848
9.070509
9.085655
9.100476
9.115034
9.129456
9.143798
9.158394
9.173824
9.190337
9.207709
9.225558
9.243648
9.262145
9.280450
9.298921
9.317472
9.335759
9.353851
9.371706
9.388765
9.405438
9.421835
9.437756
9.453351
9.468792
9.484097
9.499717
9.516163
9.533387
9.551303
9.569648
9.587109
9.604855
9.623349
9.641867
9.660158
9.678699
9.697159
9.715100
9.732596
9.749967
9.766853
9.783406
9.799671
9.815712
9.831531
9.847198
9.862923
9.879126
9.896241
9.914078
9.932517
9.951166
9.970142
9.989221
10.007693
10.026217
10.044974
10.063375
10.081042
10.098188
10.114861
10.131375
10.147465
10.163139
10.178567
10.193844
10.209056
10.224484
10.240766
10.258043
10.276119
10.294771
10.313606
10.332770
10.351714
10.370581
10.389586
10.408536
10.427094
10.444996
10.462102
10.479080
10.495704
10.511859
10.527697
10.543386
10.558975
10.574617
10.590988
10.608283
10.626463
10.645317
10.664268
10.683744
10.703307
10.722626
10.742343
10.761976
10.781352
10.800742
10.820125
10.838770
10.856757
10.874491
10.891953
10.909160
10.926279
10.943290
10.960708
10.978941
10.997673
11.016747
11.036020
11.055579
11.075902
11.095879
11.115348
11.134930
11.154518
11.173711
11.192628
11.211437
11.229718
11.247440
11.264939
11.282109
11.298985
11.315753
11.332446
11.349507
11.367332
11.385760
11.404650
11.423843
11.443254
11.463337
11.483130
11.502394
11.521771
11.541317
11.560701
11.579617
11.597839
11.615246
11.632362
11.649146
11.665589
11.681826
11.698030
11.714183
11.730749
11.748165
11.766474
11.785517
11.804971
11.824660
11.844996
11.865303
11.885395
11.905627
11.925885
11.946063
11.966038
11.985419
12.003821
12.021745
12.039469
12.056921
12.074170
12.091386
12.108536
12.126156
12.144546
12.163486
12.183047
12.202269
12.220718
12.239858
12.259280
12.278505
12.297692
12.317013
12.336138
12.354776
12.373107
12.391397
12.409265
12.426900
12.444180
12.461159
12.477901
12.494565
12.511319
12.528574
12.546711
12.565689
12.585344
12.605309
12.625615
12.646173
12.666229
12.686409
12.706662
12.726902
12.746664
12.765589
12.783751
12.801682
12.819267
12.836487
12.853499
12.870429
12.887192
12.904256
12.922195
12.941075
12.960814
12.980989
13.001298
13.021807
13.042253
13.062672
13.083226
13.103660
13.123680
13.142916
13.161310
13.179433
13.197339
13.214890
13.232150
13.249266
13.266248
13.283171
13.300569
13.318854
13.338037
13.357901
13.377883
13.398277
13.419001
13.439483
13.460234
13.481057
13.501629
13.521659
13.540688
13.558931
13.577089
13.594846
13.612251
13.629413
13.646386
13.663190
13.680204
13.697991
13.716753
13.736356
13.756480
13.776763
13.797638
13.818641
13.839401
13.860404
13.881393
13.902078
13.921958
13.940899
13.959316
13.977472
13.995302
14.012823
14.030160
14.047341
14.064444
14.082005
14.100487
14.119966
14.140211
14.160787
14.181634
14.202936
14.224015
14.245250
14.266645
14.287953
14.308755
14.328413
14.347075
14.365528
14.383554
14.401204
14.418552
14.435731
14.452713
14.469830
14.487665
14.506467
14.526237
14.546413
14.566811
14.587638
14.608443
14.629090
14.649966
14.670821
14.691234
14.710492
14.728781
14.746955
14.764960
14.782740
14.800348
14.817849
14.835290
14.852810
14.870753
14.889602
14.909478
14.930159
14.951310
14.972696
14.994339
15.015854
15.037706
15.059689
15.081493
15.102275
15.121794
15.140832
15.159510
15.177866
15.195975
15.213881
15.231591
15.249234
15.267290
15.286194
15.305998
15.326531
15.347321
15.368491
15.390100
15.411714
15.433224
15.454928
15.476491
15.497474
15.517928
15.538095
15.557545
15.576552
15.595469
15.614141
15.632639
15.651062
15.669618
15.688883
15.709026
15.729984
15.751604
15.773322
15.795069
15.816956
15.838593
15.860539
15.882613
15.904342
15.924889
15.944130
15.962992
15.981524
15.999639
16.017408
16.034918
16.052135
16.069187
16.086527
16.104685
16.123976
16.144146
16.164661
16.185549
16.206663
16.227531
16.248472
16.269386
16.289980
16.309912
16.329437
16.348722
16.367685
16.386356
16.404844
16.423182
16.441423
16.459639
16.478117
16.497433
16.517782
16.539028
16.561054
16.583357
16.606150
16.628750
16.651745
16.674969
16.698065
16.720331
16.741201
16.761257
16.780848
16.800020
16.818989
16.837669
16.856096
16.874458
16.893047
16.912447
16.932751
16.953852
16.975491
16.997349
17.019575
17.041742
17.063702
17.085855
17.107927
17.129496
17.150734
17.171867
17.192278
17.212118
17.231855
17.251383
17.270651
17.289829
17.309067
17.328863
17.349613
17.371214
17.393507
17.416128
17.438910
17.461956
17.484739
17.507900
17.531343
17.554689
17.577112
17.598240
17.618746
17.638836
17.658617
17.678097
17.697289
17.716238
17.735168
17.754520
17.774748
17.795830
17.817518
17.839466
17.861694
17.884016
17.906210
17.928608
17.950996
17.972935
17.993881
18.014244
18.034395
18.054209
18.073805
18.093164
18.112358
18.131437
18.150393
18.169680
18.189875
18.211063
18.233068
18.255707
18.278456
18.301554
18.324459
18.347878
18.371418
18.394800
18.417236
18.438314
18.458723
18.478880
18.498753
18.518326
18.537621
18.556774
18.575806
18.595028
18.615082
18.636190
18.658213
18.680704
18.703449
18.726320
18.749010
18.771938
18.794909
18.817678
18.840027
18.861666
18.882565
18.902964
18.923023
18.942984
18.962648
18.982096
19.001503
19.021231
19.041824
19.063318
19.085644
19.108561
19.131590
19.154894
19.178026
19.201498
19.225346
19.249010
19.271738
19.293015
19.313456
19.333427
19.352997
19.372368
19.391397
19.410181
19.428804
19.447628
19.467260
19.488003
19.509724
19.531807
19.554121
19.576603
19.598827
19.621325
19.643892
19.666340
19.688299
19.709623
19.730215
19.750380
19.770199
19.789913
19.809496
19.828972
19.848406
19.868088
19.888567
19.910131
19.932688
19.956070
19.979645
20.003630
20.027441
20.051682
20.076086
20.100193
20.123404
20.145287
20.166304
20.186855
20.206964
20.226912
20.246578
20.266050
20.285454
20.305031
20.325384
20.346716
20.368919
20.391384
20.414093
20.437088
20.459841
20.482698
20.505636
20.528219
20.550089
20.571524
20.592817
20.613789
20.634417
20.654930
20.675304
20.695597
20.715858
20.736362
20.757578
20.779804
20.803034
20.827139
20.851591
20.876566
20.901405
20.926699
20.952126
20.977255
21.001562
21.024523
21.046623
21.068287
21.089430
21.110283
21.130783
21.151026
21.171156
21.191410
21.212393
21.234306
21.257046
21.280046
21.303265
21.326828
21.350132
21.373562
21.397045
21.420197
21.442554
21.464422
21.486115
21.507446
21.528414
21.549232
21.569921
21.590508
21.611019
21.631674
21.653049
21.675446
21.698812
21.722977
21.747444
21.772297
21.796978
21.822174
21.847488
21.872461
21.896614
21.919445
21.941404
21.963089
21.984268
22.005167
22.025724
22.046066
22.066280
22.086554
22.107523
22.129490
22.152374
22.175556
22.198944
22.222666
22.246111
22.269682
22.293285
22.316530
22.339001
22.360992
22.382866
22.404388
22.425577
22.446653
22.467640
22.488520
22.509338
22.530315
22.551983
22.574701
22.598448
22.623011
22.647734
22.672520
22.697203
22.722286
22.747456
22.772308
22.796316
22.818998
22.840813
22.862295
22.883339
22.904175
22.924736
22.945183
22.965607
22.986057
23.007214
23.029335
23.052391
23.075794
23.099426
23.123411
23.147154
23.170996
23.194836
23.218327
23.241062
23.263319
23.285418
23.307158
23.328608
23.349951
23.371225
23.392431
23.413555
23.434811
23.456726
23.479717
23.503742
23.528616
23.553598
23.578617
23.603510
23.628790
23.654142
23.679165
23.703369
23.726246
23.748251
23.769880
23.791080
23.812103
23.832933
23.853649
23.874300
23.894983
23.916378
23.938759
23.962046
23.985703
24.009615
24.033861
24.057903
24.082081
24.106264
24.130110
24.153160
24.175713
24.197983
24.219799
24.241398
24.262924
24.284365
24.305740
24.327028
24.348475
24.370644
24.393929
24.418308
24.443460
24.468685
24.493948
24.519037
24.544476
24.569983
24.595179
24.619545
24.642578
24.664700
24.686417
24.707756
24.728956
24.750008
24.770988
24.791924
24.812899
24.834562
24.857262
24.880924
24.905006
24.929300
24.953981
24.978443
25.003002
25.027555
25.051764
25.075182
25.098106
25.120773
25.142937
25.164824
25.186653
25.208420
25.230167
25.251900
25.273773
25.296366
25.320023
25.344730
25.370302
25.396029
25.421768
25.447392
25.473362
25.499397
25.525156
25.550125
25.573759
25.596472
25.618757
25.640646
25.662394
25.683983
25.705521
25.726986
25.748461
25.770626
25.793821
25.818016
25.842613
25.867405
25.892538
25.917494
25.942551
25.967602
25.992292
26.016174
26.039520
26.062557
26.085049
26.107290
26.129473
26.151560
26.173611
26.195642
26.217793
26.240650
26.264559
26.289562
26.315329
26.340940
26.366571
26.392054
26.417866
26.443794
26.469437
26.494375
26.518023
26.540657
26.562901
26.584763
26.606504
26.628130
26.649710
26.671341
26.692858
26.714911
26.737919
26.761993
26.786615
26.811382
26.836599
26.861603
26.886786
26.912008
26.936909
26.961079
26.984655
27.007994
27.030849
27.053350
27.075733
27.098118
27.120487
27.142830
27.165224
27.188152
27.212132
27.237276
27.263302
27.289112
27.314783
27.340292
27.366049
27.391905
27.417494
27.442419
27.466059
27.488642
27.510822
27.532553
27.554220
27.575844
27.597500
27.619232
27.640984
27.663410
27.686790
27.711224
27.736509
27.762047
27.787859
27.813494
27.839153
27.864801
27.890121
27.914803
27.939062
27.962994
27.986401
28.009483
28.032557
28.055651
28.078712
28.101725
28.124796
28.148382
28.172926
28.198547
28.225065
28.251682
28.278196
28.304493
28.330896
28.357443
28.383772
28.409380
28.433678
28.456907
28.479679
28.502054
28.524380
28.546625
28.568869
28.591070
28.613346
28.636312
28.660282
28.685291
28.711151
28.737240
28.763641
28.789825
28.816055
28.842327
28.868277
28.893562
28.918180
28.942287
28.965740
28.988857
29.011923
29.034994
29.058025
29.080950
29.103975
29.127613
29.152222
29.177942
29.204628
29.231661
29.259083
29.286240
29.313641
29.341171
29.368435
29.394972
29.420122
29.444147
29.467524
29.490454
29.513279
29.535978
29.558714
29.581320
29.604000
29.627392
29.651865
29.677486
29.703960
29.730585
29.757444
29.784039
29.810675
29.837387
29.863909
29.889853
29.914768
29.938725
29.961994
29.984934
30.007833
30.030676
30.053497
30.076347
30.099321
30.122984
30.147680
30.173477
30.200159
30.227144
30.254438
30.281494
30.308687
30.336029
30.363283
30.389982
30.415449
30.439737
30.463331
30.486610
30.509863
30.533024
30.556194
30.579332
30.602516
30.626379
30.651304
30.677374
30.704388
30.731249
30.758060
30.784784
30.811485
30.838194
30.864632
30.890308
30.915220
30.939657
30.963512
30.987022
31.010525
31.034006
31.057430
31.080833
31.104425
31.128605
31.153721
31.179901
31.207073
31.234499
31.262234
31.289921
31.317961
31.346199
31.374186
31.401432
31.427298
31.452112
31.476360
31.500164
31.523872
31.547480
31.571182
31.594770
31.618395
31.642672
31.667978
31.694407
31.721703
31.749168
31.776928
31.804399
31.831949
31.859606
31.886995
31.913780
31.939716
31.964846
31.989363
32.013535
32.037678
32.061832
32.085945
32.110065
32.134220
32.158951
32.184578
32.211239
32.238796
32.266605
32.294754
32.322681
32.350777
32.379044
32.407143
32.434586
32.460709
32.485710
32.510025
32.533928
32.557751
32.581467
32.605267
32.628971
32.652740
32.677212
32.702778
32.729511
32.757202
32.784946
32.812691
32.840221
32.867767
32.895309
32.922520
32.949001
32.974720
32.999947
33.024570
33.048828
33.073040
33.097328
33.121655
33.145977
33.170349
33.195282
33.221138
33.248112
33.276108
33.304363
33.332954
33.361401
33.390148
33.419064
33.447697
33.475563
33.502071
33.527481
33.552254
33.576580
33.600803
33.624878
33.649017
33.673058
33.697124
33.721897
33.747715
33.774681
33.802559
33.830544
33.858635
33.886517
33.914524
33.942577
33.970421
33.997662
34.023808
34.048985
34.073654
34.098045
34.122383
34.146732
34.171078
34.195438
34.219864
34.244938
34.271011
34.298145
34.326042
34.354172
34.382515
34.410656
34.438923
34.467232
34.495399
34.522903
34.549229
34.574505
34.599129
34.623505
34.647842
34.672199
34.696621
34.720940
34.745361
34.770485
34.796726
34.824108
34.852375
34.880684
34.908993
34.937096
34.965275
34.993446
35.021263
35.048203
35.074081
35.099419
35.124424
35.149128
35.173771
35.198475
35.223267
35.248055
35.272888
35.298378
35.324905
35.352585
35.381275
35.410233
35.439251
35.468067
35.497189
35.526337
35.555214
35.583256
35.609955
35.635654
35.660755
35.685562
35.710297
35.735001
35.759842
35.784519
35.809303
35.834808
35.861492
35.889332
35.918003
35.946510
35.975056
36.003407
36.031826
36.060192
36.088207
36.115372
36.141808
36.167927
36.193645
36.219090
36.244503
36.269932
36.295383
36.320896
36.346447
36.372578
36.399670
36.427837
36.456890
36.486065
36.515491
36.544819
36.574638
36.604614
36.634209
36.662872
36.690174
36.716591
36.742397
36.767868
36.793304
36.818745
36.844269
36.869656
36.895023
36.921001
36.948086
36.976280
37.005295
37.034401
37.063740
37.092884
37.122257
37.151615
37.180843
37.209431
37.236797
37.263035
37.288635
37.313988
37.339272
37.364548
37.389927
37.415154
37.440456
37.466492
37.493656
37.522003
37.551163
37.580055
37.608986
37.637829
37.666714
37.695503
37.723942
37.751438
37.778217
37.804649
37.830635
37.856342
37.882008
37.907681
37.933430
37.959286
37.985233
38.011810
38.039398
38.068142
38.097843
38.127605
38.157337
38.186962
38.216988
38.247059
38.276749
38.305511
38.332977
38.359539
38.385540
38.411221
38.436878
38.462563
38.488422
38.514233
38.540020
38.566399
38.593830
38.622421
38.651882
38.681141
38.710407
38.739506
38.768745
38.797913
38.826744
38.854729
38.881870
38.908680
38.935055
38.961071
38.987038
39.013115
39.039314
39.065536
39.091736
39.118435
39.146099
39.174938
39.204659
39.234550
39.264660
39.294594
39.325035
39.355526
39.385590
39.414772
39.442627
39.469585
39.495979
39.522060
39.548069
39.574112
39.600277
39.626236
39.652252
39.678944
39.706795
39.735840
39.765736
39.795387
39.825043
39.854458
39.884007
39.913506
39.942677
39.971043
39.998486
40.025505
40.052082
40.078365
40.104633
40.131031
40.157555
40.184147
40.210720
40.237812
40.265835
40.294964
40.324909
40.355022
40.385361
40.415581
40.446060
40.476578
40.506721
40.535934
40.563778
40.590542
40.616638
40.642475
40.668304
40.694065
40.719978
40.745636
40.771446
40.798027
40.825882
40.854923
40.884781
40.914398
40.944023
40.973381
41.002762
41.032017
41.060936
41.089001
41.116482
41.143826
41.170952
41.197807
41.224701
41.251751
41.278904
41.306084
41.333340
41.361073
41.389698
41.419437
41.450062
41.480824
41.511593
41.542267
41.573177
41.604095
41.634636
41.664234
41.692490
41.719597
41.745983
41.772179
41.798367
41.824509
41.850819
41.876968
41.903206
41.930138
41.958271
41.987587
42.017647
42.047478
42.077209
42.106709
42.136223
42.165615
42.194656
42.222919
42.250641
42.278210
42.305679
42.333050
42.360397
42.387722
42.415051
42.442448
42.470016
42.498085
42.527100
42.557350
42.588444
42.619164
42.649181
42.678970
42.709003
42.739128
42.769032
42.798092
42.825905
42.852848
42.879242
42.905441
42.931767
42.958118
42.984623
43.010944
43.037254
43.064167
43.092228
43.121506
43.151577
43.181438
43.211002
43.240246
43.269611
43.298836
43.327812
43.355984
43.383423
43.410732
43.437771
43.464394
43.491009
43.517761
43.544662
43.571640
43.598606
43.626034
43.654476
43.684132
43.714848
43.745453
43.775398
43.805161
43.835247
43.865303
43.895092
43.924156
43.952080
43.979301
44.006115
44.032555
44.059170
44.085930
44.113026
44.140064
44.166988
44.194389
44.222824
44.252419
44.282757
44.312958
44.342621
44.372112
44.401779
44.431431
44.460869
44.489479
44.517334
44.544926
44.572231
44.599255
44.626408
44.653664
44.681053
44.708481
44.735847
44.763649
44.792503
44.822563
44.853432
44.883991
44.913952
44.943794
44.974003
45.004238
45.034248
45.063572
45.091782
45.119442
45.146717
45.173595
45.200668
45.227913
45.255276
45.282536
45.309700
45.337406
45.366108
45.395981
45.426849
45.457664
45.487995
45.518185
45.548576
45.578922
45.608990
45.638191
45.666370
45.694138
45.721645
45.748833
45.776127
45.803596
45.831287
45.858860
45.886417
45.914486
45.943657
45.974064
46.005188
46.036037
46.066410
46.096603
46.127132
46.157619
46.187832
46.217308
46.245651
46.273178
46.300236
46.327072
46.354080
46.381226
46.408527
46.435535
46.462555
46.490238
46.519100
46.549126
46.579826
46.610359
46.640358
46.670197
46.700119
46.729973
46.759624
46.788517
46.816853
46.845142
46.873177
46.900925
46.928783
46.956856
46.985172
47.013439
47.041603
47.070244
47.099998
47.130978
47.162701
47.194195
47.225056
47.255676
47.286514
47.317322
47.347950
47.377785
47.406464
47.434532
47.462139
47.489567
47.517166
47.544834
47.572601
47.600296
47.627911
47.656124
47.685493
47.716061
47.747368
47.778469
47.808971
47.839275
47.869781
47.900276
47.930550
47.960083
47.988995
48.017818
48.046280
48.074448
48.102760
48.131290
48.159866
48.188446
48.217003
48.246006
48.276054
48.307346
48.339447
48.371246
48.402416
48.433422
48.464710
48.496002
48.526989
48.557304
48.586437
48.614735
48.642590
48.670315
48.698231
48.726303
48.754539
48.782574
48.810593
48.839233
48.869080
48.900024
48.931496
48.962776
48.993477
49.024040
49.054714
49.085243
49.115601
49.145058
49.173878
49.202457
49.230751
49.258831
49.287056
49.315456
49.343842
49.372204
49.400566
49.429535
49.459705
49.491104
49.523258
49.555149
49.586357
49.617390
49.648590
49.679699
49.710541
49.740589
49.769753
49.798489
49.826820
49.854942
49.883259
49.911835
49.940445
49.968964
49.997406
50.026417
50.056557
50.087864
50.119995
50.152012
50.183376
50.214558
50.245888
50.277023
50.307949
50.338013
50.367306
50.396309
50.425018
50.453587
50.482288
50.511169
50.540138
50.569118
50.598042
50.627445
50.657974
50.689762
50.722370
50.754761
50.786488
50.817986
50.849724
50.881359
50.912758
50.943359
50.973129
51.002468
51.031361
51.060123
51.089092
51.118214
51.147221
51.176136
51.205013
51.234459
51.265060
51.296841
51.329483
51.362015
51.393883
51.425545
51.457333
51.488968
51.520378
51.550964
51.580746
51.610104
51.639080
51.667946
51.696960
51.726135
51.755444
51.784767
51.813969
51.843655
51.874443
51.906475
51.939396
51.972286
52.004528
52.036530
52.068729
52.100784
52.132618
52.163662
52.193768
52.223324
52.252468
52.281471
52.310658
52.339966
52.369125
52.398212
52.427242
52.456909
52.487709
52.519638
52.552242
52.584579
52.616398
52.648079
52.679928
52.711533
52.742744
52.773338
52.803303
52.832867
52.862095
52.891113
52.920387
52.949898
52.979473
53.008995
53.038502
53.068409
53.099346
53.131477
53.164410
53.197212
53.229668
53.262211
53.295033
53.327496
53.359440
53.390610
53.420849
53.450512
53.479725
53.508606
53.537796
53.567154
53.596310
53.625458
53.654556
53.684166
53.714828
53.746635
53.779133
53.811417
53.843197
53.874992
53.906937
53.938435
53.969509
53.999859
54.029675
54.059185
54.088295
54.117229
54.146446
54.175896
54.205219
54.234390
54.263451
54.293072
54.323700
54.355350
54.387409
54.419083
54.450386
54.481636
54.512779
54.543407
54.573563
54.603386
54.633080
54.662556
54.691910
54.721180
54.750717
54.780499
54.810417
54.840115
54.869629
54.899624
54.930637
54.962860
54.995834
55.028606
55.060856
55.092957
55.125164
55.157227
55.188942
55.220119
55.250748
55.280869
55.310669
55.340382
55.370354
55.400406
55.430527
55.460579
55.490486
55.520905
55.552471
55.585308
55.618786
55.651958
55.684559
55.717037
55.749573
55.781696
55.813377
55.844624
55.875504
55.905941
55.936153
55.966339
55.996788
56.027443
56.058182
56.088764
56.119213
56.150112
56.182117
56.215439
56.249542
56.283215
56.316185
56.348976
56.381897
56.414551
56.446827
56.478497
56.509491
56.539890
56.569954
56.599949
56.630249
56.660709
56.690895
56.721008
56.751141
56.781815
56.813580
56.846485
56.879642
56.912563
56.945168
56.977829
57.010273
57.042137
57.073521
57.104492
57.135063
57.165222
57.195065
57.224842
57.254875
57.285126
57.315300
57.345024
57.374615
57.404900
57.436253
57.468689
57.501328
57.533344
57.564934
57.596558
57.627914
57.658718
57.689281
57.719685
57.750027
57.780094
57.810352
57.840488
57.870861
57.901386
57.931919
57.962090
57.992054
58.022629
58.054195
58.086662
58.119377
58.151947
58.184238
58.216690
58.249279
58.281429
58.313065
58.344215
58.375008
58.405617
58.436024
58.466259
58.496723
58.527325
58.557575
58.587730
58.617859
58.648483
58.679790
58.711781
58.744308
58.776749
58.808712
58.840607
58.872097
58.902863
58.933155
58.963196
58.993279
59.023251
59.053078
59.082752
59.112644
59.142658
59.172485
59.201809
59.231388
59.261536
59.292221
59.323700
59.355927
59.388096
59.419937
59.452000
59.484184
59.515747
59.546715
59.577351
59.608028
59.638767
59.669365
59.699760
59.730381
59.761131
59.791729
59.822250
59.852623
59.883495
59.915302
59.948170
59.981541
60.014877
60.047932
60.080971
60.114033
60.146755
60.178810
60.210331
60.241665
60.272938
60.304008
60.334930
60.366215
60.397629
60.429169
60.460587
60.491756
60.523396
60.556023
60.589733
60.623756
60.657444
60.690605
60.723423
60.755680
60.787262
60.818439
60.849159
60.879711
60.910172
60.940720
60.971104
61.001869
61.032757
61.063282
61.093525
61.123882
61.154572
61.185558
61.217136
61.249519
61.281727
61.313469
61.345142
61.376350
61.406868
61.437126
61.467258
61.497433
61.527523
61.557564
61.587475
61.617687
61.647957
61.678024
61.707802
61.737843
61.768478
61.799953
61.832085
61.864460
61.896828
61.928982
61.961285
61.993446
62.024590
62.055267
62.085762
62.116272
62.146847
62.177292
62.207569
62.238083
62.268623
62.298870
62.328724
62.359013
62.389881
62.421158
62.452732
62.484772
62.517014
62.549061
62.581238
62.613052
62.643803
62.674080
62.704239
62.734467
62.764694
62.794773
62.824757
62.854942
62.885181
62.915413
62.945293
62.975609
63.006496
63.038021
63.070217
63.102962
63.135731
63.168427
63.201229
63.233925
63.266224
63.297974
63.329533
63.361221
63.392941
63.424450
63.455902
63.487644
63.519436
63.551147
63.582542
63.613934
63.645847
63.678394
63.711658
63.745300
63.778652
63.811363
63.843365
63.874599
63.905079
63.935314
63.965523
63.995876
64.026329
64.056824
64.087181
64.117813
64.148567
64.178978
64.209137
64.239685
64.270851
64.302292
64.333961
64.366165
64.398544
64.430885
64.463371
64.495430
64.526459
64.557083
64.587662
64.618393
64.649094
64.679634
64.710167
64.740967
64.771904
64.802361
64.832619
64.863426
64.894814
64.926834
64.959511
64.992683
65.025970
65.059219
65.092392
65.125443
65.157906
65.189789
65.221634
65.253670
65.285751
65.317673
65.349510
65.381599
65.413757
65.445595
65.477051
65.508728
65.540871
65.573547
65.606873
65.640701
65.674599
65.708519
65.742493
65.775955
65.808517
65.840424
65.872169
65.904083
65.936066
65.968018
65.999847
66.032013
66.064316
66.096565
66.128296
66.160164
66.192505
66.225456
66.259201
66.293526
66.327850
66.361809
66.395737
66.429192
66.461784
66.493858
66.525787
66.557800
66.589752
66.621605
66.653320
66.685310
66.717339
66.748947
66.780266
66.811974
66.844124
66.876732
66.909798
66.943367
66.977043
67.010643
67.044113
67.077415
67.109978
67.142075
67.174103
67.206238
67.238419
67.270462
67.302437
67.334671
67.367004
67.399040
67.430740
67.462708
67.495193
67.528191
67.561707
67.595772
67.629921
67.664040
67.698280
67.732086
67.764923
67.797127
67.829170
67.861427
67.893669
67.925797
67.957848
67.990173
68.022598
68.054787
68.086670
68.118858
68.151619
68.184975
68.219032
68.253654
68.288353
68.323051
68.357864
68.392342
68.425827
68.458672
68.491402
68.524323
68.557228
68.590004
68.622673
68.655655
68.688721
68.721527
68.753899
68.786537
68.819695
68.853371
68.887794
68.922745
68.957741
68.992546
69.027222
69.061821
69.095879
69.129402
69.162720
69.196129
69.229431
69.262695
69.295845
69.329308
69.362839
69.396423
69.429756
69.462898
69.496529
69.530716
69.565712
69.601212
69.636688
69.671989
69.707268
69.741974
69.775734
69.808929
69.841873
69.874786
69.907722
69.940620
69.973373
70.006363
70.039360
70.071976
70.104279
70.137054
70.170235
70.203911
70.238007
70.272705
70.307495
70.342186
70.376755
70.410988
70.444374
70.477341
70.510208
70.543175
70.576149
70.608948
70.641708
70.674782
70.707947
70.740807
70.773323
70.806259
70.839561
70.873337
70.907661
70.942482
70.977409
71.012306
71.047188
71.081810
71.115623
71.148903
71.182076
71.215416
71.248756
71.282089
71.315338
71.348862
71.382484
71.416122
71.449493
71.482964
71.516884
71.551392
71.586662
71.622353
71.657982
71.693741
71.729462
71.764305
71.798050
71.831177
71.863983
71.896721
71.929543
71.962410
71.995239
72.028320
72.061279
72.094086
72.126701
72.159874
72.193443
72.227539
72.262146
72.297371
72.332687
72.367851
72.402939
72.437782
72.471893
72.505539
72.538986
72.572487
72.605995
72.639305
72.672752
72.706543
72.740448
72.774277
72.807869
72.841660
72.875908
72.910797
72.946358
72.982498
73.018616
73.054741
73.091179
73.127319
73.162231
73.196495
73.230225
73.263695
73.297058
73.330383
73.363693
73.397285
73.430771
73.464157
73.497437
73.531296
73.565529
73.600273
73.635437
73.671013
73.706589
73.742226
73.777824
73.812538
73.846199
73.879440
73.912483
73.945587
73.978691
74.011696
74.044792
74.078163
74.111687
74.144890
74.177925
74.211388
74.245422
74.279991
74.315147
74.350876
74.386620
74.422256
74.457962
74.493416
74.528450
74.562973
74.597244
74.631493
74.665672
74.699738
74.733795
74.768181
74.802582
74.836823
74.871025
74.905434
74.940315
74.975792
75.011917
75.048546
75.085205
75.121880
75.158302
75.193840
75.228416
75.262474
75.296318
75.330177
75.363998
75.397751
75.431389
75.465347
75.499313
75.532959
75.566444
75.600464
75.634949
75.669914
75.705269
75.741043
75.776817
75.812561
75.848419
75.883926
75.918533
75.952675
75.986694
76.020744
76.054794
76.088760
76.122787
76.157227
76.191711
76.225929
76.259979
76.294334
76.329193
76.364548
76.400528
76.436996
76.473557
76.510117
76.546860
76.583191
76.618515
76.653236
76.687737
76.722343
76.756912
76.791428
76.825966
76.860794
76.895622
76.930168
76.964546
76.999298
77.034599
77.070427
77.106789
77.143707
77.180664
77.217484
77.254112
77.290489
77.326065
77.361099
77.395966
77.430916
77.465782
77.500595
77.535362
77.570457
77.605461
77.640190
77.674759
77.709579
77.744850
77.780617
77.817070
77.854019
77.890999
77.927834
77.964470
78.000969
78.036896
78.072227
78.107338
78.142426
78.177452
78.212471
78.247467
78.282776
78.318085
78.353355
78.388489
78.423782
78.459587
78.496017
78.533134
78.570854
78.608559
78.646248
78.683861
78.720833
78.756645
78.791916
78.826805
78.861565
78.896385
78.931145
78.965851
79.000671
79.035385
79.069954
79.104309
79.139214
79.174629
79.210594
79.246956
79.283897
79.320976
79.357903
79.394905
79.431755
79.467712
79.503159
79.538315
79.573349
79.608360
79.643204
79.678291
79.713852
79.749512
79.784927
79.820358
79.855911
79.891830
79.928360
79.965698
80.003525
80.041344
80.079208
80.117065
80.154686
80.191330
80.227356
80.262672
80.297638
80.332497
80.367279
80.402039
80.437035
80.471992
80.507118
80.542244
80.577919
80.614014
80.650726
80.687813
80.725220
80.762627
80.800148
80.837746
80.874496
80.910187
80.945320
80.980095
81.014748
81.049477
81.084175
81.118912
81.153854
81.188828
81.223686
81.258308
81.293503
81.329056
81.365089
81.401611
81.438683
81.475822
81.512794
81.549881
81.586739
81.623047
81.658844
81.694191
81.729378
81.764557
81.799751
81.835052
81.870659
81.906181
81.941620
81.977219
82.013000
82.049324
82.086105
82.123276
82.160889
82.198578
82.236572
82.274055
82.310455
82.345917
82.380920
82.415504
82.449913
82.484459
82.519035
82.553535
82.588058
82.622612
82.657471
82.692299
82.727592
82.763298
82.799492
82.835930
82.872917
82.910057
82.947075
82.984276
83.021202
83.057396
83.092903
83.128014
83.162979
83.197853
83.232529
83.267418
83.302826
83.338264
83.373512
83.408600
83.443954
83.479858
83.516373
83.553528
83.591171
83.628944
83.666588
83.703873
83.741104
83.777519
83.813416
83.848999
83.884239
83.919373
83.954468
83.989464
84.024437
84.059448
84.094536
84.129776
84.165428
84.201309
84.237648
84.274338
84.311478
84.348907
84.386459
84.423828
84.460175
84.495644
84.530685
84.565468
84.600021
84.634514
84.668945
84.703384
84.738121
84.772697
84.806847
84.840912
84.875534
84.910591
84.946068
84.981911
85.018158
85.054558
85.090965
85.127602
85.164062
85.199829
85.235138
85.270012
85.304680
85.339394
85.374153
85.408997
85.444313
85.479729
85.514999
85.550316
85.586113
85.622292
85.658989
85.696167
85.733566
85.770798
85.807953
85.845139
85.881706
85.917992
85.954041
85.989548
86.024742
86.059914
86.095215
86.130341
86.165634
86.200928
86.236359
86.271622
86.307419
86.343719
86.380463
86.417740
86.455826
86.494240
86.532745
86.570679
86.607597
86.643509
86.678894
86.714073
86.749184
86.784233
86.819191
86.854187
86.889343
86.924614
86.959915
86.994987
87.030518
87.066452
87.102859
87.139671
87.176964
87.214531
87.251991
87.289253
87.326309
87.362694
87.398514
87.433922
87.469154
87.504433
87.539619
87.574944
87.610741
87.646439
87.682106
87.717842
87.754105
87.790749
87.827850
87.865273
87.902901
87.940559
87.978180
88.015892
88.053200
88.090012
88.126404
88.162239
88.197754
88.233170
88.268684
88.304176
88.340004
88.375816
88.411385
88.446747
88.482567
88.518959
88.555595
88.592735
88.630630
88.668831
88.706825
88.744400
88.781631
88.817970
88.853737
88.889236
88.924644
88.960060
88.995361
89.030777
89.066673
89.102562
89.138557
89.174408
89.210770
89.247459
89.284683
89.322311
89.360229
89.398277
89.436256
89.474472
89.512398
89.549599
89.586411
89.622742
89.658836
89.694923
89.730888
89.766937
89.803581
89.840485
89.877213
89.913620
89.950363
89.987541
90.025200
90.063278
90.101906
90.140869
90.179649
90.218262
90.256668
90.294571
90.331818
90.368507
90.404991
90.441422
90.477921
90.514381
90.551262
90.588326
90.625221
90.662094
90.699280
90.736778
90.774734
90.813210
90.852028
90.890915
90.929733
90.968597
91.006920
91.044662
91.081940
91.118690
91.155090
91.191528
91.228035
91.264458
91.301247
91.338219
91.375221
91.411926
91.448959
91.486534
91.524544
91.562927
91.601891
91.641357
91.680664
91.719826
91.758759
91.797226
91.835037
91.872314
91.909325
91.946259
91.983238
92.020233
92.057709
92.095421
92.132866
92.170303
92.208054
92.246010
92.284363
92.323189
92.362396
92.401733
92.441078
92.480530
92.519417
92.557480
92.595001
92.631989
92.668648
92.705330
92.742310
92.779327
92.816650
92.854218
92.891731
92.929031
92.966545
93.004616
93.043167
93.082214
93.121605
93.161423
93.201218
93.241127
93.280952
93.319992
93.358185
93.395851
93.433205
93.470490
93.507675
93.544861
93.582489
93.620331
93.658157
93.695709
93.733521
93.771935
93.810829
93.850159
93.889740
93.929512
93.969162
94.009071
94.048843
94.087891
94.126236
94.164001
94.201317
94.238487
94.275803
94.313095
94.350601
94.388336
94.425919
94.463280
94.500908
94.539101
94.577782
94.616959
94.656570
94.696533
94.736343
94.776230
94.816055
94.854973
94.893074
94.930679
94.967812
95.004822
95.041870
95.078888
95.116348
95.154160
95.191948
95.229591
95.267288
95.305557
95.344284
95.383392
95.422729
95.462257
95.501724
95.541550
95.581581
95.621117
95.660019
95.698273
95.736084
95.773743
95.811546
95.849319
95.887352
95.925323
95.963272
96.001213
96.039528
96.078171
96.117287
96.156868
96.196754
96.236969
96.277260
96.317413
96.356491
96.394897
96.432869
96.470360
96.507561
96.544586
96.581833
96.619080
96.656532
96.694046
96.731430
96.768768
96.806389
96.844696
96.883553
96.922859
96.962410
97.002312
97.042191
97.082260
97.122169
97.161179
97.199600
97.237511
97.275063
97.312500
97.350029
97.387398
97.425117
97.463150
97.501015
97.538620
97.576591
97.614845
97.653442
97.692436
97.731796
97.771378
97.810913
97.850685
97.890396
97.929146
97.967209
98.004723
98.041916
98.078972
98.116188
98.153374
98.190865
98.228638
98.266388
98.303955
98.341827
98.380264
98.419205
98.458473
98.498062
98.537834
98.577568
98.617546
98.657570
98.696671
98.734993
98.772865
98.810326
98.847649
98.885101
98.922478
98.960106
98.998039
99.036026
99.073807
99.111900
99.150581
99.189674
99.229088
99.268852
99.308907
99.348892
99.389206
99.429588
99.469627
99.508835
99.547478
99.585625
99.623672
99.661804
99.699837
99.738159
99.776764
99.815384
99.853935
99.892746
99.931885
99.971344
100.011230
100.051231
100.091202
100.131210
100.171562
100.211525
100.250832
100.289696
100.328209
100.366081
100.403641
100.441429
100.479294
100.517311
100.555473
100.593658
100.631683
100.669891
100.708649
100.747704
100.787033
100.827011
100.867607
100.908081
100.948494
100.988770
101.028198
101.066788
101.104950
101.142937
101.180855
101.218880
101.256920
101.295288
101.334023
101.372673
101.411362
101.450150
101.489204
101.528557
101.568390
101.608467
101.648819
101.689240
101.729965
101.770638
101.810448
101.849472
101.887917
101.925873
101.963661
102.001686
102.039742
102.078125
102.116898
102.155540
102.194122
102.232796
102.271751
102.311012
102.350662
102.390617
102.431076
102.471550
102.512344
102.553322
102.593788
102.633446
102.672531
102.711098
102.749496
102.788025
102.826599
102.865509
102.904907
102.943947
102.982803
103.021927
103.061378
103.101082
103.141190
103.181595
103.221992
103.262405
103.303154
103.343620
103.383369
103.422646
103.461555
103.499992
103.537903
103.575981
103.614296
103.652740
103.691696
103.730690
103.769539
103.808449
103.847755
103.887405
103.927330
103.967789
104.009048
104.050255
104.091347
104.132439
104.172859
104.212296
104.251190
104.289864
104.328438
104.367073
104.405647
104.444534
104.483826
104.523132
104.562325
104.601685
104.641304
104.681129
104.721336
104.761742
104.802414
104.843086
104.884270
104.925438
104.965736
105.005310
105.044334
105.082756
105.120995
105.159485
105.198036
105.236862
105.275993
105.315056
105.354164
105.393311
105.432655
105.472214
105.512070
105.552315
105.592964
105.633698
105.674461
105.715439
105.756104
105.795891
105.835121
105.873772
105.912239
105.950790
105.989395
106.028358
106.067924
106.107414
106.146812
106.186218
106.226120
106.266418
106.307106
106.348076
106.389343
106.430641
106.472046
106.513596
106.554520
106.594803
106.634544
106.673630
106.712242
106.750938
106.789780
106.829010
106.868652
106.908333
106.947968
106.987587
107.027451
107.067383
107.107536
107.148163
107.189423
107.230843
107.272270
107.313843
107.354935
107.395172
107.434830
107.474083
107.513138
107.552261
107.591347
107.630753
107.670715
107.710480
107.750229
107.790031
107.830460
107.871239
107.912437
107.953903
107.995407
108.036926
108.078583
108.120354
108.161499
108.202133
108.242302
108.281799
108.320793
108.359940
108.399139
108.438759
108.478882
108.519119
108.559258
108.599289
108.639709
108.680290
108.721016
108.762215
108.804031
108.845612
108.886986
108.928543
108.969772
109.010223
109.050270
109.089912
109.129288
109.168480
109.207809
109.247597
109.287979
109.328148
109.368210
109.408371
109.449028
109.490097
109.531616
109.573395
109.615257
109.657104
109.698975
109.740868
109.782295
109.823196
109.863518
109.903168
109.942482
109.982117
110.021950
110.061996
110.102432
110.142952
110.183220
110.223404
110.263824
110.304367
110.345154
110.386314
110.428162
110.470024
110.511734
110.553688
110.595299
110.636017
110.676315
110.716286
110.755974
110.795517
110.835213
110.875267
110.915939
110.956581
110.997192
111.037750
111.078819
111.120193
111.161995
111.204086
111.246269
111.288551
111.331230
111.374031
111.416084
111.457558
111.498520
111.538757
111.578629
111.618690
111.658813
111.699287
111.740112
111.781075
111.821899
111.862411
111.902985
111.943542
111.984261
112.025124
112.066551
112.108215
112.149704
112.191353
112.232841
112.273636
112.314125
112.354393
112.394485
112.434486
112.474724
112.515297
112.556389
112.597374
112.638336
112.679329
112.720818
112.762558
112.804672
112.847153
112.889915
112.932846
112.975708
113.018417
113.060501
113.101906
113.142715
113.182854
113.222694
113.262657
113.302635
113.342964
113.383789
113.424812
113.465714
113.506439
113.547325
113.588173
113.629272
113.670532
113.712357
113.754349
113.796043
113.837463
113.878731
113.919586
113.960014
114.000084
114.039780
114.079346
114.119217
114.159386
114.199989
114.240707
114.281372
114.322037
114.363319
114.404709
114.446335
114.488358
114.530922
114.573586
114.616463
114.659378
114.701797
114.743362
114.784248
114.824486
114.864410
114.904388
114.944496
114.984955
115.025665
115.066429
115.107254
115.147942
115.188721
115.229599
115.270828
115.312195
115.353996
115.396080
115.437981
115.479698
115.521217
115.561996
115.602341
115.642235
115.681908
115.721428
115.761131
115.801178
115.841843
115.882607
115.923462
115.964134
116.005211
116.046455
116.087860
116.129433
116.171532
116.213890
116.255943
116.297768
116.339508
116.380524
116.421120
116.461266
116.501030
116.540627
116.580292
116.620354
116.660942
116.701485
116.742104
116.782639
116.823784
116.865143
116.906731
116.948509
116.990646
117.032883
117.075172
117.117401
117.159363
117.200768
117.241562
117.281715
117.321358
117.361099
117.401192
117.441559
117.482376
117.523415
117.564407
117.605003
117.645721
117.686508
117.727554
117.768784
117.810547
117.852631
117.894463
117.936157
117.977829
118.018982
118.059715
118.100044
118.139931
118.179764
118.220009
118.260559
118.301727
118.342979
118.384361
118.425522
118.466995
118.508522
118.550034
118.591682
118.633789
118.676193
118.718422
118.760674
118.802811
118.844261
118.885262
118.925964
118.966255
119.006340
119.046600
119.087311
119.128563
119.169800
119.211143
119.252319
119.294044
119.336082
119.378365
119.420937
119.463837
119.506836
119.550034
119.593193
119.635620
119.677460
119.718636
119.759140
119.799400
119.839584
119.880219
119.921074
119.962364
120.003746
120.045074
120.085968
120.127052
120.168114
120.209541
120.251053
120.292915
120.335236
120.377441
120.419403
120.461288
120.502502
120.543289
120.583702
120.623756
120.663589
120.703674
120.744087
120.785088
120.826103
120.867210
120.908203
120.949547
120.991028
121.032600
121.074417
121.116745
121.159416
121.201706
121.243767
121.286003
121.327850
121.369118
121.410019
121.450363
121.490639
121.531128
121.571922
121.612915
121.653595
121.694405
121.734909
121.775688
121.816696
121.857826
121.899094
121.940315
121.981827
122.023323
122.064331
122.105164
122.145706
122.185631
122.224968
122.264000
122.302902
122.342308
122.382065
122.422325
122.462540
122.502747
122.542641
122.582764
122.623085
122.663651
122.704498
122.745659
122.787399
122.828880
122.870338
122.911621
122.952560
122.992958
123.032890
123.072578
123.112282
123.152122
123.192215
123.232841
123.273842
123.314957
123.355652
123.396538
123.437485
123.478584
123.519829
123.561447
123.603378
123.645210
123.687019
123.729156
123.770897
123.812271
123.853149
123.893463
123.933678
123.974182
124.014954
124.056458
124.098053
124.139877
124.181580
124.223618
124.265747
124.307938
124.350220
124.392815
124.435783
124.478683
124.521690
124.564728
124.607239
124.649109
124.690369
124.731194
124.771889
124.812943
124.854187
124.896049
124.938057
124.980148
125.022141
125.064224
125.106400
125.148582
125.190826
125.233437
125.276497
125.319534
125.362389
125.405273
125.447678
125.489594
125.531136
125.572403
125.613365
125.654404
125.695702
125.737724
125.779816
125.822121
125.864174
125.906586
125.949196
125.991882
126.034660
126.077911
126.121567
126.164909
126.208046
126.251274
126.293884
126.335899
126.377487
126.418633
126.459511
126.500443
126.541817
126.583649
126.625771
126.668015
126.710114
126.752510
126.795105
126.837883
126.880814
126.924011
126.967552
127.011017
127.054527
127.098061
127.141060
127.183327
127.224937
127.265999
127.306931
127.348244
127.389793
127.431923
127.474068
127.516380
127.558403
127.600418
127.642418
127.684433
127.726418
127.768806
127.811752
127.854645
127.897346
127.940178
127.982689
128.024612
128.066193
128.107330
128.147934
128.188599
128.229721
128.271561
128.313736
128.356094
128.398315
128.440704
128.483292
128.525909
128.568497
128.611496
128.654846
128.697937
128.740936
128.784164
128.826645
128.868530
128.910034
128.950989
128.991776
129.032700
129.073990
129.115723
129.157578
129.199661
129.241699
129.283981
129.326309
129.368652
129.411057
129.453674
129.496628
129.539673
129.582733
129.626114
129.668884
129.710968
129.752808
129.794067
129.835007
129.876144
129.917740
129.959824
130.002380
130.045013
130.087494
130.130142
130.173035
130.215958
130.259125
130.302582
130.346420
130.390320
130.434082
130.477722
130.520950
130.563370
130.605148
130.646530
130.687576
130.728729
130.770264
130.812454
130.854980
130.897766
130.940308
130.982819
131.025406
131.068039
131.110687
131.153687
131.197174
131.240585
131.283875
131.327332
131.370361
131.412643
131.454407
131.495621
131.536499
131.577469
131.618896
131.661072
131.703400
131.745850
131.788177
131.830750
131.873474
131.916183
131.958984
132.001968
132.045380
132.088806
132.132187
132.175827
132.219131
132.261688
132.303680
132.345047
132.386002
132.427170
132.468918
132.511292
132.553940
132.596680
132.639297
132.681976
132.724747
132.767502
132.810349
132.853439
132.896927
132.940475
132.984039
133.027786
133.071152
133.113846
133.155914
133.197403
133.238525
133.279694
133.321320
133.363602
133.406250
133.449142
133.491898
133.534775
133.577728
133.620621
133.663605
133.706985
133.750748
133.794418
133.837936
133.881744
133.925171
133.967682
134.009705
134.051239
134.092422
134.133667
134.175446
134.217651
134.259827
134.301865
134.344025
134.386505
134.429230
134.472015
134.514954
134.557983
134.601181
134.644638
134.688187
134.732101
134.775467
134.818100
134.860229
134.901901
134.943176
134.984634
135.026596
135.069138
135.111832
135.154755
135.197662
135.240509
135.283539
135.326599
135.369843
135.413376
135.457291
135.501404
135.545410
135.589478
135.633255
135.676285
135.718719
135.760681
135.802307
135.844101
135.886246
135.928864
135.972061
136.015381
136.058624
136.101807
136.145233
136.188583
136.232086
136.275818
136.319977
136.364319
136.408661
136.453064
136.497086
136.540237
136.582779
136.624756
136.666458
136.708237
136.750580
136.793442
136.836563
136.879791
136.923004
136.966110
137.009338
137.052582
137.095886
137.139343
137.183289
137.227432
137.271591
137.316055
137.360184
137.403580
137.446381
137.488586
137.530457
137.572342
137.614746
137.657547
137.701019
137.744629
137.788376
137.832001
137.875885
137.919739
137.963867
138.008026
138.052612
138.097412
138.141876
138.186523
138.230484
138.273590
138.315964
138.357880
138.399490
138.441345
138.483643
138.526352
138.569305
138.612549
138.655807
138.699081
138.742493
138.785980
138.829376
138.873062
138.917068
138.961288
139.005081
139.049194
139.092819
139.135651
139.178040
139.219986
139.261612
139.303253
139.345383
139.387756
139.430740
139.473816
139.517029
139.560181
139.603607
139.647079
139.690628
139.734451
139.778519
139.822815
139.867340
139.912109
139.956558
140.000244
140.043228
140.085617
140.127502
140.169556
140.212173
140.255341
140.298920
140.342697
140.386337
140.429871
140.473511
140.517120
140.560806
140.604782
140.649170
140.693787
140.738205
140.782867
140.827225
140.870819
140.913727
140.956055
140.997925
141.039917
141.082306
141.125397
141.168854
141.212509
141.256134
141.299606
141.343262
141.386887
141.430649
141.474396
141.518356
141.562607
141.606598
141.650742
141.694382
141.737366
141.779770
141.821655
141.863495
141.905533
141.948044
141.990799
142.033707
142.076981
142.120316
142.163406
142.206390
142.249344
142.292282
142.335709
142.379791
142.423843
142.467194
142.510406
142.553391
142.595963
142.638275
142.680054
142.721344
142.762817
142.804657
142.846954
142.889709
142.932373
142.975266
143.018173
143.061539
143.104950
143.148682
143.192459
143.236450
143.280685
143.324646
143.368271
143.411285
143.453598
143.495300
143.536560
143.577820
143.619003
143.660675
143.702438
143.744461
143.786804
143.828720
143.870224
143.911819
143.953461
143.995300
144.037537
144.080170
144.122452
144.164383
144.206497
144.248276
144.289551
144.330399
144.370758
144.410950
144.451263
144.491730
144.532669
144.574081
144.615509
144.657089
144.698807
144.740829
144.782990
144.825287
144.867798
144.910385
144.953049
144.995300
145.037247
145.078629
145.119385
145.159698
145.199493
145.239441
145.279236
145.319534
145.359985
145.400589
145.441544
145.482498
145.523193
145.563934
145.604691
145.645615
145.686874
145.728867
145.770905
145.812485
145.854172
145.895752
145.936966
145.977768
146.017990
146.057831
146.097672
146.137894
146.178619
146.219620
146.260620
146.301819
146.343002
146.384460
146.425903
146.467468
146.509415
146.551575
146.593628
146.635345
146.677246
146.718643
146.759262
146.799286
146.838791
146.878128
146.917526
146.957520
146.997742
147.037903
147.078506
147.119293
147.159912
147.200729
147.241653
147.282837
147.324371
147.366318
147.408752
147.451096
147.493790
147.536179
147.578262
147.619720
147.660507
147.701035
147.741638
147.782410
147.823669
147.865479
147.907516
147.949387
147.991089
148.032883
148.074615
148.116241
148.158020
148.200226
148.242508
148.284470
148.326416
148.367844
148.408646
148.448868
148.488876
148.528870
148.569061
148.609634
148.650436
148.691406
148.732849
148.774841
148.816727
148.858704
148.900726
148.942978
148.985550
149.028610
149.072006
149.114838
149.157700
149.200455
149.242767
149.284775
149.326019
149.366730
149.407440
149.448547
149.490448
149.532486
149.574417
149.616760
149.658936
149.701324
149.743607
149.785904
149.828339
149.871201
149.914185
149.956604
149.999084
150.041138
150.082428
150.122986
150.163101
150.202988
150.243042
150.283539
150.324432
150.365448
150.406815
150.448593
150.490234
150.532028
150.573822
150.615845
150.658020
150.700729
150.743774
150.786438
150.829193
150.871826
150.914062
150.955887
150.997162
151.037933
151.078690
151.119766
151.161606
151.203842
151.246017
151.288300
151.330322
151.372513
151.414658
151.456924
151.499405
151.542160
151.585144
151.628082
151.671219
151.714005
151.756134
151.797531
151.838455
151.879456
151.920609
151.962341
152.004440
152.046570
152.088943
152.131668
152.174194
152.216797
152.259338
152.302094
152.345078
152.388657
152.432648
152.476242
152.520035
152.563690
152.606735
152.649185
152.691086
152.732666
152.774109
152.815811
152.858200
152.900879
152.943542
152.986282
153.028732
153.071396
153.114044
153.156784
153.199661
153.242981
153.286407
153.329498
153.372299
153.414413
153.455734
153.496658
153.537308
153.578094
153.619049
153.660614
153.702499
153.744492
153.786713
153.829361
153.871765
153.914276
153.956711
153.999237
154.042099
154.085449
154.129242
154.172684
154.216095
154.259689
154.302780
154.345490
154.387604
154.429306
154.470749
154.512482
154.554718
154.597717
154.640854
154.684036
154.726852
154.769577
154.812210
154.855011
154.898071
154.941483
154.984421
155.027115
155.070129
155.112854
155.154861
155.196365
155.237549
155.278397
155.319138
155.360275
155.401703
155.443649
155.485519
155.527512
155.569611
155.611908
155.654236
155.696655
155.739182
155.781998
155.825073
155.867966
155.910599
155.952606
155.994034
156.035034
156.075592
156.116470
156.157181
156.198120
156.238922
156.279846
156.321350
156.363205
156.404633
156.445847
156.487000
156.528336
156.570023
156.612534
156.654999
156.697189
156.739365
156.781586
156.823212
156.864395
156.905045
156.945404
156.985580
157.026016
157.067200
157.108826
157.150314
157.192047
157.233597
157.275131
157.316696
157.358139
157.399826
157.442123
157.484375
157.526047
157.567841
157.609375
157.650269
157.690689
157.730743
157.770248
157.809708
157.849335
157.889725
157.930542
157.971283
158.012527
158.053772
158.095322
158.136963
158.178619
158.220490
158.262772
158.305511
158.348068
158.390656
158.432983
158.474594
158.515564
158.556076
158.596130
158.636230
158.676682
158.717712
158.759064
158.800629
158.842529
158.884277
158.926147
158.968094
159.010162
159.052399
159.095001
159.137955
159.180435
159.222870
159.265427
159.307297
159.348816
159.389725
159.430222
159.470657
159.511230
159.552429
159.593918
159.635651
159.677719
159.719711
159.761887
159.804153
159.846542
159.889191
159.932129
159.975266
160.018204
160.061096
160.104141
160.146515
160.188492
160.229874
160.270874
160.311920
160.353027
160.394531
160.436264
160.478317
160.520767
160.562988
160.605392
160.647781
160.690353
160.733246
160.776566
160.820206
160.863281
160.906265
160.949387
160.992065
161.034500
161.076492
161.117752
161.158707
161.199982
161.242065
161.284393
161.326767
161.369553
161.412216
161.455002
161.497894
161.540802
161.583969
161.627441
161.671143
161.714462
161.757782
161.800888
161.843231
161.885117
161.926453
161.967316
162.008133
162.049057
162.090546
162.132278
162.174179
162.216385
162.258514
162.300735
162.343048
162.385513
162.428207
162.471176
162.514450
162.557602
162.600784
162.643967
162.686356
162.728317
162.769638
162.810455
162.851212
162.892181
162.933548
162.974808
163.016403
163.058334
163.100388
163.142563
163.184814
163.227142
163.269516
163.312347
163.355591
163.398453
163.441040
163.483597
163.525711
163.567200
163.607895
163.647751
163.687180
163.726990
163.767441
163.807892
163.848389
163.889328
163.930374
163.971390
164.012421
164.053528
164.094650
164.136032
164.177460
164.218796
164.260117
164.301331
164.342209
164.382736
164.422302
164.461075
164.499649
164.538544
164.578018
164.617401
164.656998
164.697113
164.737411
164.777832
164.818558
164.859299
164.900162
164.941177
164.982468
165.023575
165.064804
165.105759
165.146027
165.185776
165.224808
165.263519
165.302200
165.341141
165.380386
165.419571
165.458847
165.498474
165.538284
165.578171
165.618164
165.658264
165.698471
165.739105
165.780029
165.820786
165.861542
165.902237
165.942459
165.982193
166.021347
166.060104
166.098831
166.137848
166.177124
166.216171
166.255371
166.294983
166.334778
166.374695
166.414719
166.454910
166.495132
166.535706
166.576584
166.617233
166.657684
166.698166
166.738037
166.777573
166.816574
166.854919
166.893188
166.931686
166.970581
167.009338
167.048645
167.088318
167.128098
167.167938
167.207932
167.248001
167.288071
167.328476
167.369217
167.409866
167.450211
167.490540
167.530701
167.570450
167.609497
167.647827
167.685928
167.724350
167.763168
167.802551
167.842758
167.883545
167.924652
167.965958
168.007263
168.048706
168.090256
168.131760
168.173538
168.214966
168.256210
168.297470
168.338211
168.378143
168.417130
168.455597
168.494141
168.533295
168.573044
168.612671
168.652847
168.693405
168.734253
168.775085
168.816071
168.857132
168.898361
168.940094
168.982056
169.023743
169.065292
169.106918
169.148087
169.188782
169.228912
169.268524
169.307999
169.347397
169.387482
169.427536
169.467911
169.508743
169.549805
169.591003
169.632401
169.673813
169.715103
169.756683
169.798676
169.840485
169.881927
169.923492
169.964508
170.004822
170.044327
170.083099
170.121429
170.159821
170.198929
170.238022
170.277359
170.317200
170.357269
170.397415
170.437790
170.478226
170.518692
170.559189
170.599899
170.640869
170.681686
170.722595
170.762909
170.802628
170.841324
170.879120
170.916733
170.954483
170.992737
171.031326
171.070175
171.109573
171.149475
171.189346
171.229446
171.269531
171.309601
171.350113
171.390945
171.431671
171.472183
171.512650
171.552612
171.592209
171.631165
171.669373
171.707260
171.745056
171.783615
171.822220
171.861038
171.900253
171.939728
171.979172
172.019012
172.058945
172.098892
172.138931
172.179031
172.219147
172.258911
172.298691
172.338089
172.377396
172.415863
172.453125
172.489456
172.525757
172.562668
172.600220
172.638168
172.676559
172.715057
172.753571
172.792145
172.830612
172.869263
172.908020
172.946884
172.986023
173.025101
173.063965
173.102631
173.141037
173.178909
173.216171
173.253647
173.291321
173.329010
173.366684
173.404770
173.443359
173.481827
173.519974
173.557938
173.596039
173.634598
173.673721
173.713516
173.753525
173.793610
173.833527
173.872879
173.911987
173.950897
173.989517
174.028244
174.067047
174.106171
174.145767
174.185593
174.225845
174.266113
174.306274
174.346466
174.386734
174.427200
174.468216
174.509888
174.551483
174.592972
174.634613
174.675690
174.716431
174.756775
174.796677
174.836151
174.875854
174.915955
174.956573
174.997238
175.038239
175.079590
175.120804
175.162399
175.204025
175.245819
175.287872
175.330338
175.373169
175.415726
175.458359
175.500641
175.542496
175.583725
175.624283
175.664413
175.704742
175.745605
175.786942
175.828186
175.869675
175.911545
175.953339
175.995453
176.037476
176.079788
176.122192
176.164932
176.207962
176.250748
176.293488
176.335846
176.377792
176.419052
176.459625
176.500015
176.540451
176.581482
176.622742
176.664062
176.705627
176.747604
176.789536
176.831482
176.873520
176.915695
176.958115
177.000809
177.043701
177.086349
177.129120
177.171707
177.213913
177.255585
177.296524
177.337097
177.377777
177.418930
177.460648
177.502335
177.544189
177.586456
177.628662
177.671036
177.713333
177.755722
177.798050
177.840500
177.883224
177.925842
177.968155
178.009979
178.050964
178.091187
178.130875
178.170456
178.210281
178.250473
178.290756
178.330902
178.371231
178.411865
178.452438
178.493179
178.533936
178.575027
178.616333
178.658005
178.700058
178.741776
178.783447
178.825195
178.866562
178.907593
178.947998
178.988129
179.028046
179.068329
179.109161
179.150192
179.191391
179.233078
179.274689
179.316284
179.357819
179.399246
179.440979
179.483109
179.525009
179.566406
179.607895
179.648926
179.689255
179.729050
179.768219
179.806778
179.845322
179.884293
179.924011
179.963699
180.003601
180.043808
180.083939
180.124390
180.164856
180.205307
180.246033
180.286926
180.328125
180.369507
180.410629
180.451141
180.491287
180.530960
180.570007
180.609161
180.648438
180.688278
180.727951
180.767868
180.808090
180.848679
180.888962
180.929474
180.969910
181.010513
181.051559
181.093201
181.134674
181.175873
181.217178
181.258255
181.298950
181.339111
181.378845
181.418121
181.457382
181.497009
181.537155
181.577805
181.618393
181.659073
181.699707
181.740555
181.781403
181.822342
181.863297
181.904572
181.946075
181.987274
182.028397
182.068970
182.108749
182.148148
182.187195
182.226379
182.265518
182.305145
182.344986
182.384979
182.425446
182.466507
182.507370
182.548401
182.589417
182.630600
182.672211
182.714355
182.757019
182.799286
182.841583
182.883865
182.925674
182.967087
183.007935
183.048080
183.088181
183.128571
183.169769
183.211563
183.253571
183.295471
183.336945
183.378479
183.420029
183.461716
183.503326
183.545349
183.587585
183.629425
183.671188
183.712372
183.752991
183.793396
183.833267
183.873276
183.913269
183.953751
183.994537
184.035599
184.077042
184.118790
184.160248
184.201782
184.243439
184.285217
184.327332
184.370010
184.413010
184.455627
184.498123
184.540482
184.582489
184.624222
184.665436
184.706177
184.746780
184.787537
184.828903
184.870941
184.913147
184.955322
184.997177
185.039169
185.081116
185.123230
185.165527
185.208405
185.251343
185.294006
185.336807
185.379089
185.420959
185.462402
185.503281
185.543610
185.583969
185.624786
185.666168
185.707855
185.749588
185.791779
185.833878
185.876297
185.918777
185.961395
186.004272
186.047379
186.090790
186.134293
186.178009
186.221725
186.264709
186.306870
186.348282
186.389404
186.430542
186.472153
186.514099
186.556015
186.598236
186.640686
186.683029
186.725494
186.767822
186.810425
186.853271
186.896378
186.939835
186.982925
187.026047
187.069122
187.111465
187.153351
187.194794
187.235916
187.276917
187.318130
187.359985
187.402405
187.444687
187.487091
187.529495
187.571884
187.614380
187.657028
187.699966
187.743393
187.786911
187.830368
187.873764
187.916901
187.959152
188.000839
188.042053
188.083359
188.124680
188.166473
188.208344
188.250366
188.292908
188.335724
188.378677
188.421555
188.464310
188.507126
188.550278
188.594193
188.638428
188.682251
188.725662
188.769165
188.812241
188.854889
188.897064
188.938690
188.980072
189.021530
189.063599
189.106339
189.148972
189.191620
189.234177
189.276825
189.319595
189.362274
189.405075
189.448074
189.491104
189.534164
189.577393
189.620102
189.662460
189.704391
189.745712
189.786758
189.827728
189.869064
189.910934
189.953094
189.995483
190.038208
190.080978
190.123840
190.166763
190.209808
190.253174
190.297058
190.341476
190.385544
190.429657
190.473557
190.516953
190.559616
190.601715
190.643204
190.684402
190.725952
190.767853
190.810318
190.852386
190.894714
190.937088
190.979538
191.022125
191.064545
191.107101
191.149948
191.192841
191.235336
191.278076
191.320358
191.361923
191.403168
191.443909
191.484085
191.524002
191.564407
191.605270
191.646118
191.686874
191.728012
191.769196
191.810760
191.852509
191.894226
191.936005
191.977905
192.020004
192.062347
192.104477
192.146393
192.187683
192.228424
192.268295
192.307816
192.347672
192.387939
192.428467
192.468887
192.509552
192.550674
192.591705
192.632782
192.673752
192.714767
192.756226
192.798218
192.840500
192.882538
192.924377
192.966125
193.007248
193.048264
193.088745
193.128876
193.168976
193.209320
193.250198
193.291290
193.332535
193.374054
193.415436
193.457123
193.498917
193.540787
193.582809
193.624924
193.667267
193.709625
193.752426
193.795135
193.837341
193.879272
193.920547
193.961288
194.002182
194.043106
194.084427
194.125748
194.167313
194.209167
194.251053
194.292786
194.334747
194.376785
194.419098
194.461731
194.504593
194.547104
194.589493
194.631943
194.674118
194.716064
194.757462
194.798233
194.838730
194.879440
194.920929
194.962692
195.004715
195.047256
195.089706
195.132263
195.175110
195.217880
195.260818
195.304092
195.347549
195.390808
195.434250
195.477646
195.520355
195.562607
195.604385
195.645782
195.687149
195.728516
195.770325
195.812256
195.854523
195.897202
195.940033
195.982864
196.025818
196.068832
196.112045
196.155685
196.199539
196.243347
196.286850
196.330475
196.373550
196.416153
196.458130
196.499451
196.540329
196.581345
196.622879
196.664917
196.707047
196.749390
196.791641
196.833923
196.876328
196.918762
196.961288
197.003922
197.046799
197.089600
197.132629
197.175537
197.217697
197.259338
197.300385
197.340958
197.381683
197.422440
197.463943
197.505386
197.546967
197.588959
197.631241
197.673523
197.716034
197.758606
197.801376
197.844452
197.887863
197.931442
197.974884
198.018570
198.062164
198.105377
198.147552
198.188873
198.229675
198.270584
198.312042
198.354004
198.395966
198.438126
198.480469
198.522827
198.565262
198.607635
198.649887
198.692459
198.735184
198.777771
198.820557
198.863159
198.905060
198.946304
198.986816
199.026993
199.067093
199.107468
199.148331
199.189194
199.230164
199.271469
199.312851
199.354294
199.395966
199.437576
199.479492
199.521744
199.564240
199.606689
199.649002
199.691574
199.733551
199.775101
199.815933
199.856354
199.896576
199.937057
199.977936
200.018936
200.060104
200.101608
200.143372
200.185043
200.226807
200.268570
200.310410
200.352493
200.394867
200.437149
200.479141
200.521225
200.562775
200.603821
200.644348
200.684128
200.723740
200.763351
200.803543
200.843872
200.884521
200.925415
200.966812
201.008133
201.049545
201.091049
201.132675
201.174652
201.216812
201.259277
201.301559
201.344009
201.386093
201.427841
201.468811
201.509033
201.549057
201.589127
201.629715
201.670395
201.711334
201.752701
201.794464
201.836136
201.878036
201.919952
201.961884
202.003967
202.046158
202.088425
202.130524
202.172623
202.214355
202.255569
202.296219
202.336243
202.376038
202.415726
202.456100
202.496292
202.536621
202.577347
202.618439
202.659439
202.700760
202.742188
202.783691
202.825409
202.867371
202.909363
202.951157
202.992950
203.034332
203.075119
203.115417
203.155075
203.194626
203.234222
203.274170
203.313965
203.353958
203.394287
203.434952
203.475571
203.516479
203.557449
203.598541
203.639740
203.681396
203.722931
203.764099
203.805420
203.846268
203.886627
203.926300
203.965469
204.004150
204.043045
204.082764
204.122406
204.162125
204.202240
204.242737
204.283218
204.323959
204.364822
204.405930
204.447235
204.488632
204.530167
204.571472
204.612900
204.654144
204.694916
204.734940
204.774216
204.812973
204.851974
204.891449
204.930634
204.970291
205.010483
205.051117
205.091690
205.132523
205.173447
205.214630
205.256195
205.297958
205.339630
205.381088
205.422714
205.464035
205.504959
205.545212
205.584824
205.623993
205.663315
205.702866
205.741974
205.781387
205.821335
205.861633
205.901947
205.942551
205.983383
206.024338
206.065323
206.106339
206.147446
206.188385
206.229340
206.269958
206.310089
206.349365
206.387466
206.425034
206.462814
206.501190
206.539764
206.578781
206.618256
206.657974
206.697662
206.737381
206.777130
206.816818
206.856293
206.895859
206.935898
206.975906
207.015945
207.056046
207.095886
207.135056
207.173279
207.211288
207.249542
207.287994
207.326553
207.365494
207.405228
207.445236
207.485031
207.524780
207.564590
207.604538
207.645172
207.686401
207.727844
207.769135
207.810501
207.851746
207.892746
207.933151
207.972961
208.012711
208.052734
208.093338
208.133942
208.174591
208.215500
208.256638
208.297684
208.338791
208.379959
208.421204
208.462646
208.504486
208.546494
208.588104
208.630127
208.671799
208.713196
208.754349
208.795044
208.835556
208.876175
208.917267
208.958862
209.000504
209.042419
209.084610
209.126633
209.168777
209.210876
209.253265
209.295853
209.338745
209.382095
209.425201
209.468613
209.511734
209.554123
209.595840
209.637039
209.678055
209.719131
209.760712
209.802704
209.844559
209.886658
209.929123
209.971436
210.013962
210.056412
210.099167
210.142059
210.185410
210.229004
210.272263
210.315720
210.359009
210.401886
210.444489
210.486359
210.527863
210.569122
210.610764
210.653214
210.695999
210.738754
210.781372
210.823822
210.866486
210.909088
210.951675
210.994354
211.037338
211.080566
211.123856
211.167191
211.210144
211.252258
211.293594
211.334442
211.375519
211.416916
211.458786
211.500687
211.542770
211.585098
211.627594
211.669891
211.712143
211.754242
211.796707
211.839401
211.882874
211.926559
211.969635
212.012955
212.056061
212.098602
212.140854
212.182541
212.224075
212.265366
212.306793
212.348846
212.391464
212.433655
212.475967
212.518158
212.560593
212.603241
212.645859
212.688736
212.732025
212.775604
212.819168
212.862442
212.905350
212.947372
212.988831
213.029663
213.070786
213.112061
213.153885
213.196060
213.238266
213.280716
213.323441
213.365967
213.408539
213.451080
213.493774
213.536713
213.580246
213.624084
213.667389
213.710861
213.753983
213.796494
213.838455
213.880035
213.921478
213.962662
214.004150
214.046188
214.088699
214.131073
214.173660
214.216034
214.258820
214.301605
214.344452
214.387390
214.430649
214.474121
214.517181
214.560028
214.602417
214.643982
214.684998
214.725784
214.766632
214.807465
214.848846
214.890366
214.931870
214.973709
215.015976
215.058060
215.100128
215.142273
215.184525
215.227066
215.270203
215.313553
215.356491
215.399399
215.442291
215.484879
215.527267
215.569000
215.610199
215.651093
215.692078
215.733932
215.776367
215.818665
215.861023
215.903244
215.945389
215.987503
216.029510
216.071701
216.114182
216.156494
216.198303
216.240311
216.281982
216.322983
216.363693
216.403931
216.443878
216.483780
216.524185
216.565079
216.606323
216.647598
216.689529
216.731277
216.773315
216.815567
216.857910
216.900513
216.943375
216.986679
217.029709
217.072983
217.116058
217.158279
217.199966
217.241043
217.281708
217.322403
217.363205
217.404739
217.446289
217.488113
217.530319
217.572327
217.614532
217.656754
217.699234
217.741913
217.784668
217.827866
217.870667
217.913406
217.956192
217.998459
218.040436
218.081940
218.122833
218.163620
218.204361
218.245865
218.287827
218.329895
218.372238
218.414536
218.457047
218.499741
218.542465
218.585419
218.628586
218.671951
218.715042
218.758438
218.801682
218.844101
218.885910
218.927216
218.968140
219.009079
219.050186
219.091782
219.133423
219.175385
219.217560
219.259781
219.302109
219.344543
219.387115
219.429962
219.473038
219.516357
219.559387
219.602615
219.645950
219.688614
219.730942
219.772583
219.813873
219.854935
219.896255
219.938141
219.980133
220.022415
220.064987
220.107498
220.150085
220.192825
220.235748
220.278748
220.322021
220.365601
220.408737
220.451874
220.495056
220.537460
220.579453
220.621033
220.661972
220.702911
220.743896
220.785828
220.827820
220.869965
220.912430
220.954803
220.997269
221.039948
221.082794
221.125671
221.168945
221.212341
221.255707
221.299210
221.342545
221.385223
221.427338
221.468781
221.509903
221.550934
221.592194
221.633926
221.675598
221.717438
221.759750
221.802139
221.844681
221.887192
221.929855
221.972809
222.016098
222.059708
222.103134
222.146408
222.189728
222.232361
222.274460
222.315903
222.356827
222.397629
222.438568
222.480072
222.521515
222.563278
222.605377
222.647552
222.689758
222.732117
222.774353
222.816681
222.859192
222.901840
222.944382
222.986877
223.029312
223.071075
223.112335
223.152954
223.193085
223.233337
223.273743
223.314545
223.354965
223.395935
223.437317
223.478882
223.520538
223.562347
223.604279
223.646454
223.688919
223.731796
223.774490
223.817078
223.859634
223.901871
223.943726
223.984619
224.024887
224.064957
224.105072
224.145676
224.186127
224.226837
224.268204
224.309738
224.351227
224.392868
224.434601
224.476364
224.518433
224.560684
224.602707
224.644501
224.686401
224.727783
224.768539
224.808746
224.848358
224.887939
224.927765
224.968018
225.007965
225.048218
225.088837
225.129730
225.170563
225.211609
225.252777
225.293930
225.335342
225.377014
225.418274
225.459656
225.500977
225.541870
225.582397
225.621872
225.660568
225.699097
225.738129
225.777573
225.817032
225.856827
225.897018
225.937454
225.977829
226.018326
226.058807
226.099274
226.139923
226.180771
226.222183
226.263931
226.305618
226.347092
226.388199
226.428818
226.468872
226.508804
226.548798
226.589279
226.629562
226.669937
226.710571
226.751236
226.791763
226.832367
226.872986
226.913773
226.954834
226.995911
227.036880
227.078018
227.118942
227.159286
227.199188
227.238647
227.278030
227.317581
227.357117
227.397049
227.436996
227.477097
227.517502
227.557846
227.598114
227.638474
227.678986
227.719818
227.761154
227.802933
227.844467
227.885971
227.927322
227.968384
228.009415
228.050049
228.090271
228.130386
228.170593
228.211304
228.252411
228.293655
228.335007
228.376480
228.417847
228.459396
228.501007
228.542801
228.584839
228.627304
228.669495
228.711594
228.753754
228.795303
228.836395
228.877182
228.917587
228.957977
228.998474
229.039566
229.080704
229.122070
229.163696
229.205734
229.247742
229.289841
229.331955
229.374298
229.417007
229.460114
229.503448
229.546692
229.589828
229.632446
229.674561
229.716080
229.756714
229.796829
229.836960
229.877563
229.918900
229.959961
230.001160
230.042526
230.083847
230.125412
230.166962
230.208496
230.250381
230.292526
230.334518
230.376328
230.418030
230.459061
230.499420
230.539383
230.578964
230.618408
230.658066
230.698212
230.738342
230.778732
230.819626
230.860840
230.901932
230.943253
230.984665
231.026413
231.068359
231.110703
231.153320
231.195892
231.238586
231.280685
231.322418
231.363632
231.404282
231.444550
231.484909
231.525543
231.566376
231.607529
231.648972
231.690628
231.732254
231.774002
231.815765
231.857620
231.899612
231.941574
231.983795
232.025818
232.067627
232.108734
232.149323
232.189224
232.228470
232.267471
232.306412
232.346024
232.385590
232.425323
232.465469
232.506027
232.546722
232.587524
232.628540
232.669830
232.711349
232.753052
232.795197
232.837250
232.879593
232.921585
232.963409
233.004349
233.044434
233.084167
233.123886
233.164261
233.204620
233.245300
233.286438
233.327866
233.369247
233.410995
233.452698
233.494415
233.536163
233.578125
233.620163
233.661880
233.703339
233.744232
233.784378
233.823730
233.862411
233.900818
233.939331
233.978485
234.017487
234.056549
234.096039
234.135818
234.175781
234.216003
234.256226
234.296768
234.337494
234.378372
234.419724
234.460922
234.502151
234.542953
234.583359
234.623047
234.662262
234.701218
234.740143
234.779617
234.818756
234.858231
234.898102
234.938278
234.978500
235.018845
235.059189
235.099838
235.140823
235.182098
235.223343
235.264404
235.305481
235.346191
235.386307
235.425858
235.464676
235.503052
235.541565
235.580643
235.619827
235.659134
235.698837
235.738892
235.778915
235.819305
235.859726
235.900299
235.941025
235.981979
236.023163
236.063995
236.104965
236.145813
236.186111
236.225693
236.264267
236.302383
236.340714
236.379593
236.418808
236.458267
236.498489
236.539230
236.579880
236.620819
236.661728
236.702789
236.744049
236.785629
236.827301
236.868927
236.910233
236.951370
236.992340
237.032639
237.071777
237.110413
237.149170
237.188400
237.228180
237.268143
237.308533
237.349487
237.390182
237.431259
237.472336
237.513504
237.555069
237.597107
237.639191
237.681168
237.723022
237.764297
237.805130
237.845383
237.884949
237.924210
237.963531
238.003464
238.043472
238.083542
238.123856
238.164505
238.205002
238.245926
238.286911
238.327927
238.369141
238.410370
238.452026
238.493622
238.535126
238.576279
238.616592
238.656006
238.694687
238.733139
238.771805
238.810959
238.850128
238.889526
238.929321
238.969437
239.009628
239.050018
239.090332
239.130814
239.171356
239.212097
239.253326
239.294510
239.335678
239.376297
239.416672
239.456467
239.495560
239.534149
239.572830
239.612152
239.651352
239.690704
239.730484
239.770538
239.810608
239.850906
239.891449
239.931824
239.972305
240.012726
240.053604
240.094147
240.134659
240.174728
240.214478
240.253571
240.291428
240.328659
240.366028
240.403763
240.442078
240.480606
240.519547
240.559006
240.598434
240.638123
240.677689
240.717529
240.757553
240.798019
240.838928
240.879868
240.920929
240.961487
241.001709
241.041138
241.079681
241.117493
241.155594
241.194061
241.232819
241.271988
241.311478
241.351364
241.391464
241.431686
241.471970
241.512375
241.553055
241.594193
241.635727
241.677063
241.718430
241.759460
241.800095
241.840271
241.879715
241.918625
241.957611
241.997040
242.036499
242.075989
242.115738
242.155975
242.196198
242.236649
242.277100
242.317734
242.358429
242.399078
242.440170
242.481125
242.522156
242.562973
242.603317
242.643005
242.681915
242.720490
242.759216
242.798477
242.837906
242.877289
242.917313
242.957977
242.998428
243.039062
243.079697
243.120468
243.161591
243.203262
243.245102
243.286713
243.328369
243.369873
243.410767
243.451279
243.491196
243.530624
243.570145
243.609833
243.650238
243.690872
243.731583
243.772720
243.813751
243.854965
243.896378
243.937775
243.979050
244.020538
244.062271
244.103775
244.145401
244.186646
244.227188
244.267303
244.306641
244.345612
244.384445
244.423843
244.463531
244.503143
244.543045
244.583359
244.623718
244.664291
244.704865
244.745880
244.786972
244.828339
244.870087
244.911545
244.953018
244.994629
245.035690
245.076385
245.116425
245.155899
245.195145
245.234680
245.274689
245.314713
245.354919
245.395798
245.436630
245.477737
245.518860
245.559891
245.600998
245.642319
245.683853
245.725052
245.766068
245.806824
245.846939
245.886459
245.925323
245.963486
246.001419
246.039597
246.078735
246.117950
246.157364
246.197205
246.236954
246.277115
246.317276
246.357529
246.397659
246.438126
246.478958
246.519394
246.559738
246.599854
246.639496
246.678696
246.717026
246.754822
246.792465
246.830597
246.869339
246.908005
246.946915
246.986176
247.025574
247.065186
247.104889
247.144836
247.185028
247.225494
247.266342
247.306747
247.347076
247.387650
247.427765
247.467606
247.506744
247.545486
247.584076
247.622787
247.662155
247.701401
247.741119
247.781372
247.821457
247.861877
247.902344
247.942917
247.983505
248.024460
248.065628
248.106537
248.147324
248.187866
248.227890
248.267624
248.306671
248.345016
248.383118
248.421402
248.460480
248.499619
248.539139
248.579056
248.618866
248.659134
248.699509
248.740005
248.780533
248.821121
248.862015
248.902466
248.942810
248.982941
249.022659
249.061905
249.100494
249.138458
249.176361
249.214417
249.253128
249.291733
249.330643
249.370087
249.409546
249.449265
249.489075
249.528946
249.568832
249.609131
249.649658
249.689987
249.730255
249.770508
249.810471
249.850037
249.888947
249.927048
249.964584
250.002579
250.041534
250.080917
250.120529
250.160721
250.200867
250.241318
250.281937
250.322464
250.362991
250.403717
250.444595
250.485260
250.525925
250.566299
250.606018
250.645294
250.683975
250.722015
250.759949
250.798050
250.836609
250.875198
250.914169
250.953568
250.992920
251.032516
251.072174
251.112015
251.151901
251.192154
251.232681
251.273117
251.313431
251.353790
251.393524
251.433044
251.471878
251.510071
251.547974
251.586182
251.625275
251.664871
251.704666
251.744888
251.784973
251.825378
251.865845
251.906158
251.946533
251.987228
252.028183
252.068924
252.109421
252.149811
252.189636
252.228973
252.267746
252.306152
252.344315
252.382751
252.421661
252.460541
252.499786
252.539413
252.579224
252.619095
252.658981
252.699203
252.739578
252.780350
252.821335
252.862198
252.902924
252.943741
252.984268
253.024445
253.064011
253.102692
253.140762
253.179123
253.218384
253.258163
253.298309
253.338882
253.379715
253.420547
253.461746
253.502792
253.544022
253.585312
253.626587
253.667358
253.708054
253.748611
253.788483
253.827820
253.866119
253.903488
253.940430
253.977676
254.015717
254.054001
254.092621
254.131775
254.171066
254.210556
254.250107
254.289703
254.329132
254.369003
254.408966
254.448746
254.488281
254.527832
254.567154
254.606232
254.644867
254.682953
254.720871
254.758820
254.797363
254.836060
254.875397
254.914902
254.954254
254.993668
255.033066
255.072540
255.111862
255.151749
255.191650
255.231369
255.270920
255.310486
255.349731
255.388855
255.427490
255.465561
255.503448
255.541443
255.580322
255.619492
255.659134
255.699127
255.739197
255.779236
255.819305
255.859482
255.899734
255.940720
255.981934
256.022949
256.063965
256.105042
256.145721
256.186066
256.225922
256.264954
256.303497
256.342377
256.382080
256.422302
256.462585
256.503296
256.544006
256.584961
256.626038
256.667114
256.708160
256.749512
256.791107
256.832275
256.873444
256.914581
256.955048
256.994934
257.034546
257.073517
257.112335
257.151184
257.190765
257.230621
257.270874
257.311493
257.352112
257.392670
257.433380
257.474152
257.515167
257.556671
257.598419
257.639954
257.681244
257.722748
257.763885
257.804596
257.844910
257.884491
257.923553
257.962860
258.002930
258.043518
258.084198
258.125061
258.166138
258.207367
258.248993
258.290344
258.331726
258.373322
258.415039
258.456635
258.497864
258.539032
258.579529
258.619507
258.659058
258.697998
258.737152
258.776062
258.815338
258.854675
258.894470
258.934784
258.975250
259.015778
259.056458
259.097168
259.138092
259.179474
259.221283
259.263031
259.304413
259.345917
259.387146
259.428040
259.468445
259.508026
259.547150
259.586426
259.626038
259.666016
259.706238
259.746857
259.788055
259.829071
259.870422
259.911621
259.952820
259.994476
260.036163
260.077393
260.118286
260.159271
260.199677
260.239441
260.278412
260.316864
260.354797
260.392853
260.431488
260.470551
260.509796
260.549377
260.588928
260.628479
260.668213
260.708008
260.747925
260.787903
260.827881
260.868011
260.907928
260.947784
260.987183
261.026215
261.064728
261.102753
261.140747
261.178406
261.216644
261.254791
261.293274
261.332275
261.371552
261.410828
261.450562
261.490356
261.530304
261.570496
261.611053
261.651642
261.691986
261.732239
261.772369
261.812103
261.851227
261.889648
261.927551
261.965790
262.004517
262.043488
262.082825
262.122375
262.162201
262.202087
262.242004
262.282166
262.322388
262.362793
262.403656
262.444305
262.484528
262.524780
262.564423
262.603912
262.642792
262.680542
262.717346
262.754181
262.791534
262.829712
262.868256
262.907288
262.946594
262.986084
263.025757
263.065460
263.105133
263.144836
263.184906
263.224792
263.264343
263.303833
263.342773
263.381561
263.419739
263.457001
263.493835
263.530518
263.567963
263.605652
263.643646
263.681915
263.720673
263.759338
263.798340
263.837311
263.876343
263.915588
263.955139
263.994781
264.034058
264.073334
264.112183
264.150970
264.189270
264.226685
264.263550
264.300140
264.337555
264.375427
264.413788
264.452484
264.491425
264.530457
264.569733
264.609009
264.648285
264.687622
264.727448
264.767242
264.806641
264.846191
264.885468
264.924469
264.963135
265.001038
265.038849
265.076477
265.114716
265.153442
265.192444
265.231720
265.271301
265.310822
265.350800
265.390594
265.430542
265.470673
265.511353
265.552063
265.592468
265.632965
265.672913
265.712494
265.751312
265.789764
265.827972
265.866150
265.904938
265.944336
265.983795
266.023682
266.063629
266.103485
266.143494
266.183624
266.223816
266.264374
266.305450
266.346558
266.387512
266.428528
266.468903
266.509003
266.548737
266.587982
266.626801
266.665802
266.705231
266.745239
266.785522
266.826233
266.867004
266.907501
266.948181
266.988770
267.029388
267.070160
267.111450
267.152924
267.194000
267.235138
267.275818
267.315918
267.355682
267.394897
267.434052
267.473022
267.512390
267.552216
267.592285
267.632874
267.673889
267.714844
267.755951
267.797150
267.838409
267.880005
267.921997
267.964325
268.006073
268.047882
268.089661
268.130951
268.171661
268.211761
268.251190
268.290497
268.330261
268.370819
268.411377
268.452240
268.493622
268.534882
268.576599
268.618225
268.659821
268.701385
268.743469
268.785522
268.827148
268.868622
268.909607
268.950073
268.989563
269.028809
269.067566
269.106323
269.145416
269.185242
269.225159
269.265350
269.305847
269.346100
269.386627
269.427094
269.467773
269.508636
269.550140
269.591980
269.633270
269.674530
269.715332
269.755432
269.794922
269.834137
269.873077
269.912292
269.951630
269.991486
270.031555
270.072113
270.113037
270.153931
270.194977
270.235901
270.277161
270.318756
270.360840
270.403229
270.445160
270.487244
270.529205
270.570618
270.611481
270.651733
270.691498
270.731323
270.771271
270.811829
270.852631
270.893555
270.934937
270.976166
271.017609
271.059021
271.100494
271.142029
271.183838
271.225891
271.267517
271.308929
271.349915
271.390503
271.430603
271.470032
271.508850
271.547577
271.586670
271.626465
271.666626
271.707092
271.747986
271.788818
271.830017
271.871155
271.912598
271.954071
271.996124
272.038239
272.079803
272.121613
272.163116
272.204102
272.244537
272.284698
272.323944
272.363098
272.402618
272.443085
272.484100
272.525421
272.566589
272.607544
272.648682
272.689758
272.731018
272.772491
272.814575
272.856842
272.898590
272.940338
272.981720
273.022461
273.062897
273.102966
273.142731
273.182617
273.222656
273.263214
273.304108
273.345398
273.387146
273.428741
273.470795
273.512665
273.554718
273.596985
273.639709
273.682800
273.725433
273.768097
273.810638
273.852905
273.894592
273.935822
273.976410
274.016937
274.057709
274.099091
274.141052
274.183044
274.225342
274.267426
274.309875
274.352386
274.395111
274.438019
274.481293
274.524872
274.568329
274.612030
274.655457
274.698059
274.740082
274.781494
274.822296
274.863098
274.904297
274.946167
274.988068
275.030090
275.072449
275.114624
275.156952
275.199310
275.241760
275.284454
275.327545
275.371002
275.414215
275.457855
275.501251
275.544067
275.586304
275.627899
275.669159
275.710327
275.751801
275.793976
275.836304
275.878632
275.921143
275.963562
276.006134
276.048889
276.091614
276.134247
276.177185
276.220245
276.263397
276.306885
276.349976
276.392273
276.434174
276.475311
276.516632
276.557983
276.599609
276.641479
276.683228
276.725464
276.767975
276.810242
276.852478
276.894684
276.936951
276.979614
277.022766
277.066193
277.109100
277.151917
277.194824
277.237030
277.278961
277.320648
277.361725
277.402527
277.443512
277.485046
277.527100
277.569061
277.611145
277.653046
277.695343
277.737854
277.780273
277.822754
277.865265
277.908142
277.950928
277.994019
278.036835
278.078979
278.120483
278.161316
278.202118
278.243134
278.284546
278.326172
278.367828
278.409912
278.452515
278.494904
278.537384
278.579865
278.622498
278.665253
278.708588
278.752350
278.795715
278.838806
278.882019
278.924896
278.967407
279.009369
279.050751
279.091766
279.132874
279.174774
279.217377
279.260132
279.303070
279.345581
279.388153
279.430542
279.472900
279.515228
279.558044
279.600525
279.642578
279.684814
279.727173
279.768951
279.810425
279.851379
279.891693
279.931885
279.972351
280.013397
280.054840
280.096313
280.138123
280.179810
280.221954
280.264252
280.306641
280.349060
280.391663
280.434479
280.477570
280.520874
280.564026
280.606689
280.648499
280.689301
280.729797
280.770325
280.811127
280.852081
280.892853
280.933807
280.974945
281.015686
281.056366
281.096954
281.137878
281.179199
281.220642
281.262360
281.303833
281.345123
281.386841
281.427887
281.468597
281.508759
281.548431
281.588013
281.627686
281.667969
281.708740
281.749603
281.790894
281.832153
281.873566
281.915161
281.956848
281.998444
282.040344
282.082428
282.124146
282.165863
282.207367
282.248047
282.288452
282.328339
282.367676
282.406982
282.446136
282.485718
282.525391
282.565491
282.605988
282.646362
282.686707
282.727173
282.767792
282.808472
282.849304
282.890625
282.931580
282.972504
283.013336
283.053802
283.093872
283.133392
283.172363
283.211304
283.250397
283.289886
283.329407
283.369354
283.409729
283.450287
283.491150
283.532104
283.573303
283.614807
283.656616
283.698669
283.740662
283.782318
283.824249
283.865601
283.906616
283.946960
283.986603
284.026001
284.065338
284.105408
284.145325
284.185577
284.226288
284.267181
284.308319
284.349609
284.390991
284.432343
284.474091
284.515991
284.557526
284.598846
284.640381
284.681244
284.721802
284.761597
284.800659
284.839539
284.878357
284.917877
284.957306
284.997009
285.037140
285.077667
285.118195
285.158905
285.199707
285.240509
285.281433
285.322540
285.363251
285.403748
285.444397
285.484406
285.524078
285.562836
285.600555
285.637756
285.675201
285.713165
285.751404
285.790100
285.829498
285.868927
285.908539
285.948395
285.988220
286.027924
286.067902
286.108185
286.147980
286.187775
286.227417
286.266602
286.305511
286.343781
286.381378
286.418640
286.455872
286.493774
286.531555
286.569763
286.608276
286.646851
286.685516
286.724487
286.763397
286.802399
286.841705
286.881256
286.920471
286.959442
286.998474
287.037109
287.075653
287.113525
287.151001
287.188385
287.225739
287.263611
287.301544
287.339813
287.378387
287.417145
287.456085
287.495117
287.534119
287.573242
287.612823
287.652863
287.692749
287.732513
287.772308
287.811859
287.851135
287.889954
287.928070
287.965881
288.004089
288.042694
288.081635
288.120911
288.160614
288.200470
288.240295
288.280396
288.320557
288.360718
288.401245
288.442169
288.482849
288.523346
288.563995
288.604187
288.643982
288.683197
288.721924
288.760254
288.798798
288.837769
288.876801
288.916168
288.955963
288.995911
289.035858
289.076050
289.116241
289.156616
289.197266
289.238342
289.279419
289.320068
289.360779
289.401306
289.441528
289.481018
289.519745
289.558197
289.596954
289.635956
289.675385
289.715027
289.755066
289.795410
289.835724
289.876526
289.917145
289.957947
289.998901
290.040131
290.081268
290.122009
290.162720
290.202789
290.242462
290.281616
290.320038
290.358215
290.396210
290.435028
290.473969
290.513275
290.552856
290.592346
290.631805
290.671417
290.710999
290.750610
290.790405
290.830414
290.870422
290.910309
290.950226
290.989532
291.028595
291.067352
291.105408
291.143341
291.181366
291.220032
291.258484
291.297424
291.336823
291.376526
291.416229
291.456085
291.496063
291.536194
291.576630
291.617523
291.658356
291.698975
291.739532
291.780090
291.820160
291.859741
291.898529
291.936920
291.975403
292.014252
292.053467
292.092804
292.132721
292.172943
292.213135
292.253754
292.294403
292.334961
292.375488
292.416229
292.456940
292.497314
292.537537
292.577362
292.616760
292.655396
292.693420
292.730835
292.768311
292.806488
292.844849
292.883514
292.922363
292.961151
293.000122
293.039368
293.078400
293.117615
293.156799
293.196320
293.235901
293.275177
293.314514
293.353455
293.392303
293.430756
293.468506
293.506226
293.543793
293.581879
293.620178
293.658813
293.697815
293.737213
293.776703
293.816437
293.856354
293.896271
293.936462
293.976868
294.017670
294.058167
294.098724
294.139008
294.178833
294.218231
294.256958
294.295319
294.333862
294.372681
294.411896
294.451202
294.490967
294.530884
294.570587
294.610687
294.650635
294.690826
294.731018
294.771667
294.812378
294.852753
294.893311
294.933380
294.973236
295.012268
295.050934
295.089264
295.127563
295.166412
295.205627
295.244934
295.284668
295.324890
295.365021
295.405304
295.445740
295.486481
295.527496
295.568848
295.610413
295.651611
295.692841
295.734009
295.774902
295.815430
295.855164
295.894470
295.933868
295.973480
296.013306
296.053467
296.093933
296.134827
296.175537
296.216705
296.257904
296.299072
296.340515
296.381958
296.423309
296.464447
296.505646
296.546173
296.586151
296.625336
296.663483
296.700775
296.738068
296.775848
296.814026
296.852448
296.891296
296.930603
296.969940
297.009430
297.048767
297.088470
297.128693
297.168976
297.209625
297.250366
297.290985
297.331177
297.371033
297.410431
297.449310
297.487976
297.526825
297.566132
297.605438
297.644806
297.684387
297.724121
297.763794
297.803711
297.843719
297.883972
297.924530
297.965332
298.006439
298.047272
298.088287
298.128967
298.169403
298.209351
298.248657
298.287506
298.326508
298.366058
298.406067
298.446075
298.486359
298.526917
298.567444
298.608246
298.649170
298.690247
298.731628
298.773193
298.815033
298.856445
298.897980
298.939514
298.980591
299.021271
299.061157
299.100616
299.140076
299.180023
299.220032
299.260132
299.300720
299.341675
299.382599
299.423615
299.464722
299.506134
299.547638
299.589386
299.631378
299.673279
299.715240
299.757172
299.798584
299.839569
299.879852
299.919708
299.959503
299.999695
300.039978
300.080414
300.121399
300.162872
300.204163
300.245850
300.287476
300.329529
300.371643
300.414093
300.456970
300.499664
300.542511
300.585266
300.627777
300.669525
300.710419
300.750793
300.791168
300.831818
300.872864
300.913971
300.954987
300.996338
301.037689
301.079254
301.120880
301.162598
301.204346
301.246216
301.288452
301.330872
301.373199
301.414764
301.455444
301.495636
301.535248
301.574951
301.614655
301.654663
301.694946
301.735046
301.775482
301.816345
301.857208
301.898315
301.939423
301.980774
302.022278
302.063995
302.105957
302.147705
302.189331
302.230988
302.272003
302.312561
302.352539
302.391998
302.431488
302.471405
302.511322
302.551483
302.592194
302.633331
302.674408
302.715607
302.756897
302.798401
302.840027
302.882080
302.924225
302.966034
303.007965
303.049805
303.091309
303.132385
303.173004
303.213013
303.252899
303.292969
303.333649
303.374481
303.415527
303.456940
303.498352
303.539886
303.581543
303.623322
303.664978
303.706848
303.748810
303.790741
303.832672
303.874084
303.915222
303.955780
303.995178
304.034149
304.073395
304.113129
304.153229
304.193512
304.234283
304.275574
304.316681
304.357666
304.398682
304.439819
304.481567
304.524048
304.566498
304.608673
304.650787
304.692841
304.734222
304.775146
304.815491
304.855133
304.894653
304.934631
304.975342
305.016022
305.056824
305.097961
305.139191
305.180542
305.222137
305.263702
305.305267
305.346924
305.388855
305.430908
305.472992
305.514557
305.555389
305.595703
305.635223
305.674805
305.714386
305.754303
305.794189
305.834137
305.874603
305.915497
305.956451
305.997467
306.038635
306.079865
306.121399
306.163544
306.206024
306.248108
306.290039
306.332031
306.373596
306.414551
306.455078
306.495178
306.534973
306.575073
306.615723
306.656677
306.697754
306.739227
306.780670
306.822113
306.863678
306.905060
306.946442
306.988190
307.030182
307.071869
307.113556
307.155151
307.195892
307.236328
307.276215
307.315704
307.354980
307.394623
307.434692
307.474915
307.515503
307.556427
307.597290
307.638428
307.679565
307.720825
307.762329
307.804138
307.846497
307.888458
307.930359
307.972168
308.013458
308.054199
308.094208
308.133789
308.173340
308.213196
308.253387
308.293457
308.333984
308.375000
308.416138
308.457520
308.498962
308.540680
308.582428
308.624603
308.667053
308.709229
308.751129
308.793182
308.834656
308.875549
308.915619
308.954895
308.993713
309.033051
309.072998
309.112579
309.152618
309.193024
309.233612
309.274231
309.314911
309.355713
309.396515
309.437683
309.479034
309.520111
309.561127
309.602173
309.642303
309.681885
309.720337
309.758118
309.795898
309.833862
309.872314
309.911163
309.950195
309.989929
310.029755
310.069763
310.109802
310.150024
310.190430
310.231323
310.272278
310.313202
310.354248
310.395050
310.435333
310.475098
310.514038
310.552002
310.589600
310.627533
310.665924
310.704102
310.742767
310.782135
310.821625
310.861206
310.901093
310.940979
310.980896
311.020966
311.061371
311.102020
311.142456
311.182648
311.222137
311.261414
311.299622
311.337006
311.374451
311.412018
311.450134
311.488159
311.526489
311.565613
311.604889
311.644257
311.683838
311.723541
311.763306
311.803253
311.843445
311.884003
311.924591
311.964874
312.004639
312.043823
312.082001
312.119598
312.156921
312.194489
312.232788
312.271149
312.309631
312.348663
312.387970
312.427399
312.467133
312.506714
312.546478
312.586487
312.626801
312.667358
312.708099
312.748627
312.788757
312.828552
312.867676
312.906311
312.944946
312.983704
313.023071
313.062317
313.101501
313.141113
313.180908
313.220490
313.260437
313.300385
313.340546
313.380890
313.421478
313.462036
313.502472
313.542908
313.583221
313.622894
313.661926
313.700653
313.739471
313.778412
313.817841
313.857025
313.896118
313.935455
313.974976
314.014313
314.053864
314.093628
314.133698
314.173889
314.214233
314.254913
314.295868
314.336700
314.377167
314.417358
314.456940
314.496399
314.535858
314.575317
314.615143
314.655060
314.695282
314.735626
314.775513
314.815216
314.855103
314.894897
314.934937
314.975189
315.015411
315.055267
315.095276
315.135223
315.174683
315.213928
315.252899
315.291534
315.330444
315.369629
315.409088
315.448669
315.488586
315.529022
315.569275
315.609558
315.649811
315.690002
315.730591
315.771759
315.813232
315.854523
315.895844
315.937317
315.978302
316.019196
316.059601
316.099335
316.138702
316.178192
316.218323
316.259003
316.299835
316.340790
316.381958
316.423004
316.464386
316.505737
316.546997
316.588684
316.630676
316.672363
316.713867
316.755463
316.796295
316.836639
316.876404
316.915985
316.955505
316.995056
317.035004
317.075195
317.115723
317.156799
317.197906
317.239075
317.280365
317.321655
317.363159
317.405243
317.447754
317.490295
317.532471
317.574738
317.616486
317.658112
317.699066
317.739532
317.779449
317.819489
317.860138
317.901337
317.942566
317.984161
318.025909
318.067688
318.109528
318.151398
318.193451
318.235901
318.278625
318.321289
318.363647
318.406006
318.447693
318.488983
318.529816
318.570160
318.610260
318.650421
318.690948
318.731903
318.773132
318.814880
318.856750
318.898468
318.940247
318.982178
319.024170
319.066559
319.109528
319.152344
319.194763
319.237244
319.279297
319.321075
319.362457
319.403229
319.443451
319.483856
319.524750
319.566284
319.608063
319.650238
319.692719
319.735229
319.777924
319.820587
319.863098
319.906189
319.949554
319.992859
320.035767
320.078613
320.121155
320.162994
320.204254
320.244934
320.285095
320.325256
320.366058
320.407562
320.448944
320.490631
320.532654
320.574707
320.617065
320.659363
320.701996
320.744873
320.788025
320.831360
320.874603
320.917328
320.959442
321.001099
321.042175
321.082764
321.123383
321.164185
321.205322
321.246582
321.287872
321.329468
321.370941
321.412079
321.453339
321.494629
321.535950
321.577667
321.619659
321.661499
321.703033
321.744843
321.786163
321.827118
321.867584
321.907532
321.947235
321.987274
322.027557
322.068451
322.109528
322.150574
322.192139
322.233521
322.275360
322.317261
322.359100
322.401245
322.443573
322.486267
322.528992
322.571838
322.614227
322.655853
322.696899
322.737305
322.777435
322.817657
322.858398
322.899231
322.940247
322.981537
323.023346
323.064789
323.106628
323.148407
323.190460
323.232697
323.275330
323.318054
323.360321
323.402771
323.445007
323.486816
323.528198
323.568878
323.609100
323.649170
323.689636
323.730560
323.771332
323.812378
323.853973
323.895447
323.937195
323.978790
324.020508
324.062408
324.104675
324.147064
324.188934
324.230652
324.271729
324.312256
324.352142
324.391327
324.430573
324.469849
324.509583
324.549469
324.589508
324.630005
324.670929
324.711792
324.753021
324.794281
324.835968
324.877686
324.919708
324.962097
325.004272
325.046570
325.088562
325.130066
325.171112
325.211487
325.251373
325.291229
325.331573
325.372101
325.412781
325.453674
325.494934
325.536102
325.577423
325.618774
325.660248
325.701385
325.743011
325.784851
325.826111
325.867462
325.908508
325.948914
325.988770
326.027954
326.066589
326.105286
326.144440
326.183777
326.223633
326.263580
326.303833
326.343964
326.384216
326.424622
326.465149
326.505676
326.546234
326.587097
326.627686
326.668121
326.708618
326.748566
326.788086
326.826752
326.864990
326.903473
326.942413
326.981567
327.020874
327.060455
327.100586
327.140717
327.181091
327.221466
327.262207
327.303314
327.344574
327.386078
327.427307
327.468475
327.509583
327.550446
327.590942
327.630646
327.669769
327.708740
327.747833
327.787628
327.827759
327.868347
327.909790
327.951263
327.993073
328.035004
328.076996
328.118835
328.160919
328.202820
328.244354
328.285736
328.326721
328.367157
328.406860
328.445557
328.483765
328.522339
328.561523
328.601044
328.640747
328.680908
328.721466
328.762054
328.802795
328.843445
328.884369
328.925446
328.966675
329.008331
329.049835
329.091400
329.132446
329.173035
329.213013
329.252350
329.291260
329.330200
329.369537
329.408905
329.448273
329.488129
329.528381
329.568451
329.608765
329.649261
329.689819
329.730377
329.771271
329.812653
329.854065
329.895264
329.935913
329.976196
330.016052
330.055237
330.094147
330.133087
330.172607
330.212341
330.251984
330.291718
330.331848
330.371979
330.412109
330.452332
330.492920
330.533752
330.574860
330.616394
330.657837
330.699310
330.740540
330.781311
330.821716
330.861389
330.901245
330.940979
330.981201
331.021606
331.061768
331.102173
331.142914
331.183441
331.223846
331.264557
331.305206
331.345947
331.386932
331.428253
331.469543
331.511078
331.552307
331.592957
331.632935
331.672333
331.711975
331.751648
331.791656
331.832214
331.872742
331.913422
331.954437
331.995209
332.036133
332.077179
332.118286
332.159546
332.201019
332.242950
332.284546
332.326294
332.367706
332.408569
332.449127
332.489288
332.529236
332.569275
332.609528
332.650299
332.691345
332.732483
332.773865
332.815063
332.856384
332.897797
332.939240
332.980957
333.023071
333.065674
333.107758
333.150055
333.192078
333.233795
333.275177
333.316254
333.356659
333.396820
333.437500
333.478851
333.520538
333.562317
333.604492
333.646484
333.688599
333.730835
333.773315
333.815826
333.858826
333.902161
333.945068
333.987915
334.030609
334.072388
334.113678
334.154480
334.194946
334.235352
334.275970
334.316986
334.358337
334.399994
334.442078
334.483978
334.526154
334.568298
334.610779
334.653442
334.696564
334.739807
334.782745
334.825897
334.868988
334.911224
334.952911
334.994049
335.034973
335.075867
335.117004
335.158325
335.199738
335.241455
335.283478
335.325470
335.367676
335.409821
335.452271
335.494843
335.538055
335.581573
335.624542
335.667389
335.710327
335.752899
335.794861
335.836273
335.877197
335.917877
335.958679
335.999969
336.041901
336.083832
336.125946
336.168060
336.210419
336.252869
336.295258
336.337646
336.380402
336.423340
336.466064
336.508270
336.550262
336.591431
336.632050
336.672241
336.712158
336.752136
336.792297
336.832611
336.873047
336.913818
336.954895
336.995819
337.036835
337.077759
337.118958
337.160431
337.202362
337.244537
337.286407
337.328156
337.369965
337.411346
337.452393
337.492859
337.532959
337.572601
337.612640
337.653198
337.694153
337.735291
337.776703
337.818176
337.859802
337.901550
337.943237
337.985016
338.027161
338.069366
338.111023
338.152679
338.194183
338.235016
338.275116
338.314636
338.353546
338.391937
338.430634
338.469971
338.509613
338.549377
338.589478
338.629608
338.669922
338.710388
338.750977
338.791504
338.832153
338.873016
338.913971
338.955048
338.995789
339.036102
339.075806
339.114624
339.152863
339.191376
339.230347
339.269623
339.308960
339.348846
339.389008
339.429169
339.469421
339.509735
339.550140
339.590912
339.632172
339.673737
339.715088
339.756409
339.797760
339.838806
339.879425
339.919678
339.959198
339.998291
340.037781
340.078003
340.118469
340.159027
340.199921
340.240875
340.282074
340.323395
340.364563
340.405914
340.447388
340.489105
340.530762
340.572266
340.613434
340.653778
340.693634
340.733154
340.772705
340.812225
340.852020
340.891724
340.931244
340.971375
341.011841
341.052277
341.092773
341.133240
341.173828
341.214813
341.256195
341.298126
341.339752
341.381195
341.422729
341.463928
341.504639
341.545044
341.584930
341.624756
341.664642
341.705139
341.746094
341.787201
341.828583
341.869812
341.911011
341.952271
341.993500
342.034821
342.076569
342.118317
342.159821
342.201172
342.242584
342.283508
342.323914
342.363892
342.403198
342.442047
342.481262
342.521118
342.561493
342.602112
342.642975
342.684113
342.725281
342.766602
342.808197
342.849884
342.891998
342.934235
342.976746
343.019135
343.061401
343.103546
343.145264
343.186096
343.226624
343.267120
343.307526
343.348358
343.389587
343.431030
343.473022
343.514832
343.556641
343.598419
343.640320
343.682465
343.725006
343.767975
343.810516
343.852722
343.895142
343.937073
343.978729
344.019897
344.060364
344.100250
344.140381
344.181335
344.222687
344.264160
344.306030
344.348267
344.390533
344.433075
344.475647
344.518066
344.560730
344.603821
344.646820
344.689392
344.731842
344.773804
344.814911
344.855438
344.895233
344.934570
344.974060
345.014130
345.054688
345.095306
345.136047
345.177094
345.218323
345.259735
345.301147
345.342621
345.384155
345.425842
345.467590
345.509186
345.550690
345.591278
345.631226
345.669983
345.707672
345.745178
345.783112
345.821503
345.860229
345.899384
345.938965
345.978729
346.018646
346.058685
346.098755
346.138916
346.179474
346.220337
346.261200
346.301788
346.342407
346.382477
346.422302
346.461273
346.499725
346.537842
346.575867
346.614746
346.653717
346.692902
346.732544
346.772461
346.812408
346.852570
346.892761
346.933136
346.973480
347.014099
347.054596
347.094727
347.134918
347.174591
347.213898
347.252441
347.289795
347.326569
347.363495
347.400848
347.438904
347.477539
347.516479
347.555603
347.595001
347.634430
347.673737
347.713196
347.752991
347.793091
347.833008
347.872864
347.912781
347.952179
347.990936
348.029297
348.067108
348.104431
348.141693
348.179688
348.217743
348.256256
348.295197
348.334015
348.372894
348.412140
348.451385
348.490631
348.529999
348.569733
348.609406
348.648743
348.688263
348.727692
348.766602
348.805023
348.843048
348.881165
348.919525
348.958069
348.996490
349.035278
349.074402
349.113373
349.152374
349.191406
349.230438
349.269745
349.309418
349.349670
349.389984
349.429932
349.470001
349.509552
349.548828
349.587372
349.625671
349.663605
349.701691
349.740173
349.779297
349.818726
349.858368
349.898254
349.938202
349.978333
350.018433
350.058411
350.098755
350.139679
350.180511
350.221008
350.261597
350.301727
350.341522
350.380920
350.419708
350.457916
350.496338
350.535065
350.574249
350.613892
350.653900
350.693756
350.733826
350.774078
350.814178
350.854248
350.894714
350.935638
350.976349
351.016846
351.057434
351.097626
351.137085
351.176178
351.214844
351.252991
351.291290
351.330078
351.369415
351.408936
351.448822
351.488708
351.528809
351.569122
351.609589
351.650055
351.690674
351.731750
351.773041
351.813751
351.854675
351.895325
351.935516
351.975250
352.014069
352.052277
352.090515
352.129059
352.168274
352.207672
352.247620
352.287659
352.327911
352.368317
352.408844
352.449493
352.490143
352.531097
352.572174
352.612640
352.653412
352.693695
352.733582
352.772980
352.811615
352.849182
352.886688
352.924927
352.963531
353.002594
353.042084
353.082031
353.121918
353.161957
353.202515
353.242950
353.283203
353.323517
353.364014
353.404022
353.444244
353.483826
353.523132
353.562103
353.599731
353.636871
353.673767
353.711212
353.749359
353.787842
353.826691
353.865906
353.905090
353.944702
353.984344
354.023834
354.063507
354.103577
354.143677
354.183380
354.223114
354.262543
