-1.876075
-1.923207
-1.900619
-1.880062
-1.844522
-1.797143
-1.762180
-1.837464
-1.882084
-1.883705
-1.865626
-1.860805
-1.831808
-1.764415
-1.683727
-1.583361
-1.526913
-1.545149
-1.552528
-1.527655
-1.494326
-1.448070
-1.397583
-1.317947
-1.197713
-1.023331
-0.929682
-1.132392
-1.330224
-1.465341
-1.511578
-1.443917
-1.397104
-1.437073
-1.481277
-1.504468
-1.465382
-1.410592
-1.349924
-1.319118
-1.325381
-1.334267
-1.336496
-1.241098
-1.158146
-1.245506
-1.320191
-1.375566
-1.403352
-1.496715
-1.642222
-1.727553
-1.858389
-1.987360
-2.085258
-2.144687
-2.153896
-2.061024
-1.888597
-1.708703
-1.714163
-1.686694
-1.692239
-1.718219
-1.783555
-1.834983
-1.879196
-1.919120
-1.968559
-2.023511
-2.057112
-2.077985
-2.120505
-2.172024
-2.247514
-2.318026
-2.343637
-2.339523
-2.304383
-2.160624
-2.152733
-2.170479
-2.207370
-2.252555
-2.287254
-2.303346
-2.305356
-2.323736
-2.363606
-2.410951
-2.433953
-2.444332
-2.428315
-2.418511
-2.441824
-2.474568
-2.480000
-2.434256
-2.334919
-2.172688
-2.126882
-2.132717
-2.177679
-2.227287
-2.258282
-2.272998
-2.280938
-2.284425
-2.321186
-2.397538
-2.452816
-2.478363
-2.476552
-2.470963
-2.490609
-2.507362
-2.495861
-2.453813
-2.322690
-2.147101
-2.059602
-2.036361
-2.028565
-2.072149
-2.121731
-2.160005
-2.194252
-2.212203
-2.249947
-2.353378
-2.428851
-2.464131
-2.472302
-2.474132
-2.479636
-2.485721
-2.471632
-2.441194
-2.342611
-2.144861
-2.005708
-1.964020
-1.980251
-2.051533
-2.123484
-2.174750
-2.206072
-2.228987
-2.277859
-2.279438
-2.369499
-2.445061
-2.472369
-2.483115
-2.483083
-2.493667
-2.505244
-2.493834
-2.445007
-2.328114
-2.139617
-2.085610
-2.080073
-2.108722
-2.177412
-2.225606
-2.252328
-2.267737
-2.303434
-2.306276
-2.394034
-2.462778
-2.493237
-2.505559
-2.507997
-2.531596
-2.569284
-2.582476
-2.572108
-2.482868
-2.300595
-2.165613
-2.107702
-2.134744
-2.203422
-2.258923
-2.295148
-2.316658
-2.318412
-2.301639
-2.377777
-2.460622
-2.497744
-2.513849
-2.521791
-2.535945
-2.545993
-2.530886
-2.487787
-2.383809
-2.187428
-1.996257
-1.909555
-1.913649
-1.931554
-1.951079
-2.011867
-2.051234
-2.082628
-2.123402
-2.141751
-2.237831
-2.308841
-2.342198
-2.374680
-2.394281
-2.402554
-2.398004
-2.374195
-2.318078
-2.219406
-2.074576
-2.051763
-2.070270
-2.132020
-2.206152
-2.259636
-2.293005
-2.303078
-2.289224
-2.355194
-2.427630
-2.476957
-2.496422
-2.482877
-2.459815
-2.468192
-2.486203
-2.486742
-2.451956
-2.312171
-2.113148
-1.965850
-1.908246
-1.904802
-1.906229
-1.924804
-1.976538
-2.022240
-2.066031
-2.092601
-2.227814
-2.345910
-2.382385
-2.388761
-2.390141
-2.401879
-2.415739
-2.405473
-2.356117
-2.230280
-2.029071
-1.873698
-1.892394
-1.917032
-1.952065
-2.031266
-2.094543
-2.136010
-2.167770
-2.196034
-2.205767
-2.309831
-2.410172
-2.452305
-2.459527
-2.456572
-2.477748
-2.505422
-2.522020
-2.514040
-2.463251
-2.288807
-2.089375
-1.981229
-1.960378
-1.956913
-2.013441
-2.070711
-2.120041
-2.164967
-2.193646
-2.228615
-2.336271
-2.413904
-2.437911
-2.442303
-2.445613
-2.445220
-2.423991
-2.373831
-2.278461
-2.097401
-1.895041
-1.853625
-1.883737
-1.909340
-1.933972
-2.013215
-2.076430
-2.117548
-2.149553
-2.177581
-2.187610
-2.287236
-2.376791
-2.401173
-2.401178
-2.394666
-2.393127
-2.398225
-2.394479
-2.359812
-2.221262
-2.020026
-1.859811
-1.819468
-1.844652
-1.872512
-1.908933
-1.973776
-2.024575
-2.070442
-2.114722
-2.139738
-2.231950
-2.321396
-2.362417
-2.380433
-2.393945
-2.413115
-2.423828
-2.414322
-2.380661
-2.240544
-2.039484
-1.968561
-1.987066
-2.060465
-2.137093
-2.210309
-2.265485
-2.300491
-2.320349
-2.324339
-2.321421
-2.419560
-2.502532
-2.537115
-2.559512
-2.591554
-2.619853
-2.629193
-2.616558
-2.574255
-2.471350
-2.274540
-2.073431
-1.968645
-1.966083
-1.972602
-1.991530
-2.049986
-2.094327
-2.132890
-2.171734
-2.212676
-2.332736
-2.418418
-2.442410
-2.451943
-2.463305
-2.479068
-2.461874
-2.414807
-2.332448
-2.167433
-2.049275
-2.026333
-2.041302
-2.087017
-2.154866
-2.215799
-2.256337
-2.280211
-2.300462
-2.307698
-2.399308
-2.466978
-2.489186
-2.495788
-2.499877
-2.520807
-2.539751
-2.533471
-2.495427
-2.372782
-2.173499
-2.007209
-1.983309
-1.993115
-2.064552
-2.134188
-2.182894
-2.219053
-2.251168
-2.265527
-2.365136
-2.453354
-2.478778
-2.491437
-2.499941
-2.514664
-2.519097
-2.491765
-2.428294
-2.284904
-2.083479
-1.906494
-1.913594
-1.948823
-2.025692
-2.110249
-2.186844
-2.241451
-2.275079
-2.298019
-2.325845
-2.319143
-2.404335
-2.482222
-2.501422
-2.506831
-2.513943
-2.534426
-2.537925
-2.516815
-2.461731
-2.305909
-2.108074
-2.013334
-2.033542
-2.100062
-2.171903
-2.227930
-2.263149
-2.281996
-2.291535
-2.287223
-2.376341
-2.463246
-2.514535
-2.545290
-2.571355
-2.609823
-2.629639
-2.630696
-2.600790
-2.493653
-2.296972
-2.095982
-2.003676
-1.997278
-1.979707
-2.049296
-2.106091
-2.156212
-2.202279
-2.230102
-2.306554
-2.399517
-2.434463
-2.440314
-2.441375
-2.447728
-2.414987
-2.339923
-2.243720
-2.102648
-2.046736
-1.961295
-1.913311
-1.918422
-1.948532
-1.985678
-2.018881
-2.082166
-2.122044
-2.152483
-2.178435
-2.187541
-2.268898
-2.363590
-2.412441
-2.432899
-2.430988
-2.445570
-2.462676
-2.465442
-2.435777
-2.316490
-2.117867
-1.934985
-1.889581
-1.923936
-1.970568
-2.050813
-2.110441
-2.156309
-2.196675
-2.220428
-2.279360
-2.367910
-2.410082
-2.434637
-2.450773
-2.470174
-2.473693
-2.442164
-2.375009
-2.243572
-2.045514
-1.888973
-1.898641
-1.929646
-1.967574
-2.056130
-2.135054
-2.192265
-2.227912
-2.245605
-2.245758
-2.319183
-2.415208
-2.462497
-2.477299
-2.478788
-2.505933
-2.526934
-2.520207
-2.483177
-2.371425
-2.174301
-1.973181
-1.881319
-1.895346
-1.916345
-1.947927
-2.020918
-2.072024
-2.115412
-2.153640
-2.178663
-2.250893
-2.325948
-2.369807
-2.394646
-2.407976
-2.383230
-2.317066
-2.243693
-2.150518
-2.116255
-2.064646
-1.989926
-2.010836
-2.060762
-2.108673
-2.162886
-2.208888
-2.235196
-2.248140
-2.263880
-2.342773
-2.408722
-2.449786
-2.475419
-2.485614
-2.519604
-2.546369
-2.560446
-2.537301
-2.435794
-2.246103
-2.081325
-2.042402
-2.109989
-2.192110
-2.259670
-2.306170
-2.333693
-2.341676
-2.333761
-2.410781
-2.489583
-2.533739
-2.557144
-2.582404
-2.618160
-2.635571
-2.630106
-2.582730
-2.459522
-2.261224
-2.060297
-1.992066
-1.988111
-1.980743
-2.006831
-2.074472
-2.132197
-2.184637
-2.218043
-2.301385
-2.405233
-2.446838
-2.458584
-2.466984
-2.487082
-2.459994
-2.385630
-2.281368
-2.132387
-2.071047
-1.977897
-1.925356
-1.937988
-1.978472
-2.015889
-2.068883
-2.138358
-2.184396
-2.218152
-2.246441
-2.257596
-2.345828
-2.426242
-2.459662
-2.474069
-2.479479
-2.507315
-2.535372
-2.540773
-2.510411
-2.403396
-2.205971
-2.031605
-2.000982
-2.042236
-2.129498
-2.204173
-2.255942
-2.286878
-2.307221
-2.311561
-2.377622
-2.465397
-2.520489
-2.544661
-2.560678
-2.588786
-2.611963
-2.606118
-2.553152
-2.429192
-2.229908
-2.028668
-1.962217
-1.988190
-2.011002
-2.097193
-2.166392
-2.218594
-2.253337
-2.267278
-2.322308
-2.420576
-2.482492
-2.501795
-2.515423
-2.543535
-2.555734
-2.530153
-2.465307
-2.339438
-2.142070
-1.940363
-1.849731
-1.863376
-1.901079
-1.940254
-1.988732
-2.043945
-2.090441
-2.130559
-2.151069
-2.244374
-2.342710
-2.375888
-2.383484
-2.386907
-2.401751
-2.406870
-2.390476
-2.348754
-2.211469
-2.010452
-1.809499
-1.792965
-1.850553
-1.894341
-1.986624
-2.058823
-2.107212
-2.143585
-2.174371
-2.186505
-2.234691
-2.337371
-2.402326
-2.439576
-2.466782
-2.495498
-2.499984
-2.476699
-2.430225
-2.295863
-2.095300
-1.893840
-1.836803
-1.880890
-1.912061
-2.007240
-2.089204
-2.154590
-2.203165
-2.233217
-2.242655
-2.353691
-2.452200
-2.482439
-2.500341
-2.525684
-2.554533
-2.545503
-2.497081
-2.408412
-2.240745
-2.039243
-1.838026
-1.796373
-1.846315
-1.887840
-1.960032
-2.040908
-2.108712
-2.166983
-2.207302
-2.222122
-2.297061
-2.380821
-2.405136
-2.415855
-2.424127
-2.403239
-2.347306
-2.267857
-2.151951
-1.999498
-1.919357
-1.812137
-1.824031
-1.859814
-1.913265
-1.950218
-1.999568
-2.054921
-2.089759
-2.116136
-2.165342
-2.158210
-2.288400
-2.385777
-2.432713
-2.465178
-2.510141
-2.544603
-2.542551
-2.515708
-2.436142
-2.254362
-2.052833
-1.897737
-1.902523
-1.923079
-1.988780
-2.070417
-2.138619
-2.188876
-2.216649
-2.228400
-2.341924
-2.434432
-2.463808
-2.480848
-2.502419
-2.519503
-2.484682
-2.408258
-2.279429
-2.111520
-1.909850
-1.782913
-1.790013
-1.850016
-1.898231
-1.964122
-2.053213
-2.121240
-2.170413
-2.197926
-2.233473
-2.342773
-2.400797
-2.416942
-2.434569
-2.455790
-2.472242
-2.461083
-2.416028
-2.308780
-2.118309
-1.916515
-1.818377
-1.840757
-1.891137
-1.936869
-2.024222
-2.104707
-2.167173
-2.206178
-2.219562
-2.302200
-2.394866
-2.422153
-2.439530
-2.452961
-2.482451
-2.498204
-2.479548
-2.409911
-2.255891
-2.054715
-1.853346
-1.802094
-1.851650
-1.897710
-1.974845
-2.067340
-2.139705
-2.191316
-2.220000
-2.236420
-2.322924
-2.382505
-2.407311
-2.435107
-2.453372
-2.478396
-2.481657
-2.451508
-2.367293
-2.203746
-2.002237
-1.845789
-1.848958
-1.897592
-1.941562
-2.043983
-2.130312
-2.196776
-2.238360
-2.251508
-2.299043
-2.391020
-2.424445
-2.440217
-2.454283
-2.476654
-2.492545
-2.479485
-2.423474
-2.288423
-2.090923
-1.897536
-1.846014
-1.891398
-1.945702
-2.046973
-2.128521
-2.187579
-2.225060
-2.238811
-2.245676
-2.335248
-2.393408
-2.424070
-2.451512
-2.467010
-2.478480
-2.472080
-2.452548
-2.383486
-2.238873
-2.039114
-1.917298
-1.939236
-1.980259
-2.034079
-2.124545
-2.196625
-2.246505
-2.267232
-2.274384
-2.356723
-2.415068
-2.427643
-2.430174
-2.425794
-2.429124
-2.417284
-2.374600
-2.275886
-2.103754
-1.902012
-1.793221
-1.798893
-1.862785
-1.917648
-2.017929
-2.095792
-2.148226
-2.189418
-2.219965
-2.230234
-2.272229
-2.320775
-2.357133
-2.382372
-2.372763
-2.374058
-2.363634
-2.323527
-2.243300
-2.098585
-1.957716
-1.933500
-1.982466
-2.039336
-2.122694
-2.212016
-2.279465
-2.320229
-2.329281
-2.321977
-2.396423
-2.456528
-2.478366
-2.489689
-2.504326
-2.528361
-2.530044
-2.491365
-2.397972
-2.217868
-2.016706
-1.878878
-1.877145
-1.911341
-1.957054
-2.041288
-2.102860
-2.142714
-2.171630
-2.186481
-2.234364
-2.316018
-2.374033
-2.416487
-2.441248
-2.459120
-2.467478
-2.456477
-2.412281
-2.309052
-2.134341
-1.933206
-1.936922
-1.992379
-2.083599
-2.184781
-2.267138
-2.326005
-2.354039
-2.350958
-2.392336
-2.451286
-2.472035
-2.476970
-2.471412
-2.472244
-2.450783
-2.405977
-2.328427
-2.180355
-1.992383
-1.832558
-1.831872
-1.891553
-1.942096
-2.019035
-2.090395
-2.135158
-2.167138
-2.201977
-2.201762
-2.255427
-2.317616
-2.353284
-2.381020
-2.388280
-2.402709
-2.420187
-2.419971
-2.372108
-2.241322
-2.041139
-1.915959
-1.944068
-2.003592
-2.109947
-2.200166
-2.273490
-2.322547
-2.340057
-2.339204
-2.406453
-2.469234
-2.499104
-2.512808
-2.522099
-2.543606
-2.533009
-2.488799
-2.409503
-2.244472
-2.043288
-1.891935
-1.912738
-1.975752
-2.070381
-2.160812
-2.225106
-2.265190
-2.289490
-2.296102
-2.341019
-2.408677
-2.441922
-2.467304
-2.479377
-2.490164
-2.486342
-2.462864
-2.403520
-2.294366
-2.110799
-1.940133
-1.952550
-2.003329
-2.067028
-2.168830
-2.257816
-2.321031
-2.352000
-2.352191
-2.407535
-2.462988
-2.487863
-2.504344
-2.511297
-2.531694
-2.531259
-2.497789
-2.423249
-2.277964
-2.079088
-1.945073
-1.954451
-1.997211
-2.054402
-2.132506
-2.190857
-2.233292
-2.258907
-2.262718
-2.336591
-2.412049
-2.438650
-2.443170
-2.437963
-2.445335
-2.463727
-2.469550
-2.432858
-2.319927
-2.126371
-1.943182
-1.950745
-2.012709
-2.107049
-2.206828
-2.287948
-2.343244
-2.366281
-2.356477
-2.394203
-2.461090
-2.485420
-2.493432
-2.498055
-2.513676
-2.517212
-2.490254
-2.418841
-2.265562
-2.066586
-1.929061
-1.925593
-1.955245
-1.992598
-2.070610
-2.128747
-2.170448
-2.196820
-2.203427
-2.274702
-2.366469
-2.412934
-2.438200
-2.448302
-2.455530
-2.452081
-2.434230
-2.380079
-2.267901
-2.089545
-1.910076
-1.939042
-1.998111
-2.055437
-2.141917
-2.214441
-2.261082
-2.274511
-2.256708
-2.306974
-2.386442
-2.414774
-2.420295
-2.406834
-2.403063
-2.401042
-2.382274
-2.312304
-2.143733
-1.944868
-1.821220
-1.831483
-1.869657
-1.908438
-1.985580
-2.035893
-2.063094
-2.079107
-2.086449
-2.129168
-2.204263
-2.279463
-2.339742
-2.365979
-2.387173
-2.388851
-2.375051
-2.328764
-2.226396
-2.054765
-1.854349
-1.851940
-1.910552
-1.976147
-2.037915
-2.128408
-2.190847
-2.218813
-2.213406
-2.271830
-2.352582
-2.387822
-2.402534
-2.396958
-2.411164
-2.421178
-2.412548
-2.349180
-2.177276
-1.976387
-1.830687
-1.834586
-1.871848
-1.913476
-1.994631
-2.048994
-2.079300
-2.097128
-2.104880
-2.142972
-2.216209
-2.290175
-2.352246
-2.385962
-2.404700
-2.400621
-2.371802
-2.309979
-2.194625
-2.013036
-1.823904
-1.864328
-1.931538
-2.004526
-2.050838
-2.140103
-2.200789
-2.226743
-2.220055
-2.279838
-2.364274
-2.405370
-2.421325
-2.416748
-2.437379
-2.447221
-2.430480
-2.356657
-2.182852
-1.983433
-1.838415
-1.839011
-1.872410
-1.909088
-1.987047
-2.037903
-2.064897
-2.079226
-2.085521
-2.122512
-2.201877
-2.280242
-2.346165
-2.380575
-2.394797
-2.382534
-2.341688
-2.268180
-2.147457
-1.969496
-1.869220
-1.904838
-1.969869
-2.034431
-2.080102
-2.161613
-2.214525
-2.233147
-2.220337
-2.276103
-2.357957
-2.401341
-2.416089
-2.407015
-2.431855
-2.443937
-2.428691
-2.356637
-2.187574
-1.996774
-1.850283
-1.847615
-1.881161
-1.912083
-1.988307
-2.037081
-2.062098
-2.074752
-2.077950
-2.107124
-2.179687
-2.253892
-2.326128
-2.367405
-2.380292
-2.358484
-2.306834
-2.229557
-2.112668
-1.946553
-1.869251
-1.896607
-1.961532
-2.028196
-2.081782
-2.162000
-2.213662
-2.231399
-2.218485
-2.275577
-2.358519
-2.399293
-2.414595
-2.411259
-2.433381
-2.441297
-2.421206
-2.348017
-2.180370
-1.988584
-1.838573
-1.835563
-1.877579
-1.922745
-2.004793
-2.059522
-2.089607
-2.107479
-2.112951
-2.131277
-2.189584
-2.244906
-2.309003
-2.342014
-2.342458
-2.311245
-2.259241
-2.190695
-2.090307
-1.929493
-1.873083
-1.908358
-1.973165
-2.035785
-2.103079
-2.177290
-2.222611
-2.234227
-2.215821
-2.271523
-2.357970
-2.402458
-2.420867
-2.423570
-2.449993
-2.460531
-2.441900
-2.372018
-2.206213
-2.014210
-1.859206
-1.853403
-1.892353
-1.938448
-2.020241
-2.074971
-2.104902
-2.120312
-2.122988
-2.141403
-2.206106
-2.265419
-2.328911
-2.362506
-2.368727
-2.343400
-2.293978
-2.221221
-2.115496
-1.961705
-1.888276
-1.920280
-1.984924
-2.048542
-2.115314
-2.192422
-2.240852
-2.255272
-2.238264
-2.290793
-2.373627
-2.417927
-2.436607
-2.440987
-2.468698
-2.476376
-2.452936
-2.380056
-2.215422
-2.025927
-1.867080
-1.860064
-1.903598
-1.959885
-2.043587
-2.100481
-2.131924
-2.147785
-2.149252
-2.165569
-2.229990
-2.283705
-2.341282
-2.368731
-2.361675
-2.325732
-2.272956
-2.199808
-2.097229
-1.970250
-1.914875
-1.943166
-2.006100
-2.071033
-2.133021
-2.200876
-2.240226
-2.246443
-2.220957
-2.244079
-2.339724
-2.403917
-2.431420
-2.443780
-2.490182
-2.511219
-2.497608
-2.431666
-2.265340
-2.069821
-1.885535
-1.860005
-1.887214
-1.913634
-1.993190
-2.048151
-2.078521
-2.092240
-2.091804
-2.106167
-2.195269
-2.264207
-2.330451
-2.376125
-2.388881
-2.347739
-2.265032
-2.173079
-2.063995
-1.960308
-1.911970
-1.895491
-1.951957
-2.010551
-2.086209
-2.151209
-2.188677
-2.194474
-2.171428
-2.207512
-2.302831
-2.352614
-2.373698
-2.375276
-2.393180
-2.379591
-2.332702
-2.246126
-2.117322
-1.964928
-1.828246
-1.815893
-1.857541
-1.891266
-1.949602
-2.003555
-2.032256
-2.045580
-2.043715
-2.039445
-2.109796
-2.180377
-2.246771
-2.277111
-2.268501
-2.230285
-2.175053
-2.106946
-2.015851
-1.873950
-1.807769
-1.814193
-1.876989
-1.941341
-2.037989
-2.109715
-2.154034
-2.167174
-2.150412
-2.194825
-2.297518
-2.335863
-2.356059
-2.357388
-2.360999
-2.346772
-2.308637
-2.231323
-2.108071
-1.942533
-1.803858
-1.801184
-1.844977
-1.887263
-1.961398
-2.026238
-2.064397
-2.083362
-2.082409
-2.087570
-2.161266
-2.227113
-2.288570
-2.317400
-2.323750
-2.318043
-2.293536
-2.237724
-2.150697
-2.000165
-1.809628
-1.797160
-1.862406
-1.948643
-2.056891
-2.143463
-2.201685
-2.227729
-2.221252
-2.253325
-2.344081
-2.375464
-2.394295
-2.392771
-2.384173
-2.351141
-2.299021
-2.219752
-2.104204
-1.940898
-1.807464
-1.819081
-1.869978
-1.910662
-1.998601
-2.065440
-2.106375
-2.120596
-2.109092
-2.140353
-2.235668
-2.282832
-2.311874
-2.317871
-2.326124
-2.335268
-2.331050
-2.288728
-2.192487
-2.024502
-1.866074
-1.852424
-1.892340
-1.934534
-2.027010
-2.096822
-2.141933
-2.157421
-2.143570
-2.189649
-2.289234
-2.333148
-2.359415
-2.357833
-2.328977
-2.266286
-2.180175
-2.080531
-1.983981
-1.873771
-1.826288
-1.838737
-1.897532
-1.953014
-2.039533
-2.096396
-2.125462
-2.133479
-2.123466
-2.124043
-2.199898
-2.258363
-2.308975
-2.335263
-2.340555
-2.334048
-2.323294
-2.291045
-2.225178
-2.091695
-1.902035
-1.864892
-1.928222
-2.017656
-2.124718
-2.206184
-2.258423
-2.277409
-2.263477
-2.291859
-2.377359
-2.414966
-2.435660
-2.438621
-2.439031
-2.407657
-2.352487
-2.267220
-2.150439
-1.988290
-1.837535
-1.840670
-1.890381
-1.930707
-2.000710
-2.063195
-2.097992
-2.107766
-2.093982
-2.138597
-2.245034
-2.298918
-2.333972
-2.346233
-2.360094
-2.365229
-2.358160
-2.311565
-2.211272
-2.036298
-1.862437
-1.841460
-1.892146
-1.953145
-2.053945
-2.131481
-2.181264
-2.198644
-2.184354
-2.227187
-2.329531
-2.371305
-2.392670
-2.386744
-2.359333
-2.296558
-2.206448
-2.098648
-1.992562
-1.870358
-1.803312
-1.824859
-1.881037
-1.929253
-2.016563
-2.075413
-2.106243
-2.114006
-2.100609
-2.112532
-2.200123
-2.262919
-2.317259
-2.343046
-2.361026
-2.364976
-2.353831
-2.307231
-2.221440
-2.071270
-1.884358
-1.853255
-1.914149
-2.006522
-2.111784
-2.194972
-2.248227
-2.268298
-2.254867
-2.284275
-2.372211
-2.410247
-2.431328
-2.430953
-2.418178
-2.372780
-2.308569
-2.220392
-2.105386
-1.954068
-1.831102
-1.853942
-1.908988
-1.956798
-2.039199
-2.102275
-2.138352
-2.143841
-2.121694
-2.160974
-2.260140
-2.304573
-2.328437
-2.328843
-2.336154
-2.339298
-2.326926
-2.275305
-2.171686
-2.008810
-1.877189
-1.867140
-1.907929
-1.951199
-2.037782
-2.098700
-2.133291
-2.136237
-2.112483
-2.199093
-2.287572
-2.330683
-2.358441
-2.354631
-2.354940
-2.327955
-2.266255
-2.168325
-2.046245
-1.903409
-1.814653
-1.838782
-1.896270
-1.964975
-2.053112
-2.111632
-2.141193
-2.140348
-2.125638
-2.174657
-2.250058
-2.307601
-2.355600
-2.371809
-2.391132
-2.384942
-2.353482
-2.282530
-2.182117
-2.036993
-1.881559
-1.895212
-1.953667
-2.036535
-2.131227
-2.200906
-2.241168
-2.247652
-2.223636
-2.278994
-2.364393
-2.401097
-2.420721
-2.406555
-2.375025
-2.311858
-2.233916
-2.146405
-2.040628
-1.911943
-1.859714
-1.882612
-1.936003
-1.989254
-2.068572
-2.116849
-2.135551
-2.129942
-2.115004
-2.143426
-2.221792
-2.281115
-2.329847
-2.346210
-2.369296
-2.373930
-2.369119
-2.334167
-2.254150
-2.096732
-1.920191
-1.918931
-1.989419
-2.095323
-2.201327
-2.279338
-2.324351
-2.332759
-2.306446
-2.345776
-2.420303
-2.469696
-2.492347
-2.493445
-2.508015
-2.485968
-2.436994
-2.353685
-2.229249
-2.064056
-1.916492
-1.919558
-1.971385
-2.030002
-2.115012
-2.178690
-2.215163
-2.217176
-2.189069
-2.250549
-2.339637
-2.378969
-2.390833
-2.364825
-2.330871
-2.266971
-2.185673
-2.092787
-1.993356
-1.897295
-1.848914
-1.872584
-1.926328
-1.993172
-2.071527
-2.118676
-2.136255
-2.129644
-2.106602
-2.137552
-2.213847
-2.271759
-2.321362
-2.339893
-2.345507
-2.336425
-2.315141
-2.264787
-2.187342
-2.048070
-1.939620
-1.947357
-2.007663
-2.106223
-2.200153
-2.264275
-2.295393
-2.291075
-2.255218
-2.300409
-2.384362
-2.434024
-2.458598
-2.459945
-2.460581
-2.413447
-2.333084
-2.224347
-2.108452
-1.981744
-1.928206
-1.940562
-1.989915
-2.037560
-2.111708
-2.154466
-2.167271
-2.152817
-2.169260
-2.198513
-2.274324
-2.333567
-2.375197
-2.396036
-2.435097
-2.444270
-2.429320
-2.373470
-2.271205
-2.100217
-1.922427
-1.897899
-1.958696
-2.056417
-2.156923
-2.231751
-2.273474
-2.279049
-2.252702
-2.304851
-2.390373
-2.430309
-2.445377
-2.433504
-2.409060
-2.346498
-2.263584
-2.167892
-2.060473
-1.956638
-1.901875
-1.923394
-1.969587
-2.014800
-2.087345
-2.128831
-2.140283
-2.121547
-2.139780
-2.190452
-2.265664
-2.317720
-2.346406
-2.351407
-2.385126
-2.391840
-2.374475
-2.313431
-2.208318
-2.054713
-1.905800
-1.890781
-1.959216
-2.056486
-2.151040
-2.217912
-2.252877
-2.253403
-2.220915
-2.279140
-2.361201
-2.396441
-2.407493
-2.368600
-2.266703
-2.152842
-2.070133
-2.010612
-1.939035
-1.876767
-1.823105
-1.849117
-1.894056
-1.925114
-1.984547
-2.015558
-2.018803
-1.999444
-1.969931
-2.017924
-2.117388
-2.187121
-2.238715
-2.254147
-2.256958
-2.244010
-2.218821
-2.162193
-2.084459
-1.954001
-1.830402
-1.836397
-1.904904
-2.006540
-2.102832
-2.169411
-2.205078
-2.206699
-2.174806
-2.235362
-2.317968
-2.352481
-2.361391
-2.325180
-2.218902
-2.107182
-2.023030
-1.966737
-1.903416
-1.857381
-1.807830
-1.819655
-1.866849
-1.903976
-1.959177
-1.992180
-1.998228
-1.982918
-1.950316
-1.971833
-2.046208
-2.112648
-2.156676
-2.163944
-2.125861
-2.055153
-1.993656
-1.943165
-1.931675
-1.898860
-1.894117
-1.901923
-1.962157
-2.046689
-2.112243
-2.145226
-2.148534
-2.121215
-2.077470
-2.169761
-2.266576
-2.314192
-2.330892
-2.313530
-2.245536
-2.151532
-2.063324
-2.002304
-1.947196
-1.927806
-1.896123
-1.896325
-1.936577
-2.001431
-2.057745
-2.084010
-2.083136
-2.057579
-2.031727
-2.077285
-2.189550
-2.255008
-2.305624
-2.331504
-2.329681
-2.293870
-2.227513
-2.137448
-2.051515
-1.977040
-1.964274
-1.963961
-2.019415
-2.096710
-2.155437
-2.182874
-2.179561
-2.146751
-2.125705
-2.202456
-2.305437
-2.354859
-2.379308
-2.378724
-2.343167
-2.246130
-2.143421
-2.072011
-2.038552
-2.027898
-2.001992
-1.989935
-2.037721
-2.103031
-2.150135
-2.165056
-2.152764
-2.115515
-2.087802
-2.142262
-2.243681
-2.303325
-2.338986
-2.352651
-2.314329
-2.240661
-2.152603
-2.079902
-2.018739
-2.008695
-1.984354
-1.975574
-2.021523
-2.095317
-2.152669
-2.177526
-2.170241
-2.131035
-2.154998
-2.219389
-2.314379
-2.356185
-2.357163
-2.342378
-2.362628
-2.338379
-2.273287
-2.170095
-2.074555
-1.989998
-1.965618
-1.959406
-2.012861
-2.090670
-2.151032
-2.178183
-2.176330
-2.144622
-2.094440
-2.148208
-2.256677
-2.317096
-2.351883
-2.349335
-2.308247
-2.235251
-2.148069
-2.079808
-2.024881
-2.018104
-1.991958
-1.990649
-2.032126
-2.103417
-2.159575
-2.182775
-2.174068
-2.133726
-2.108526
-2.187005
-2.290147
-2.334830
-2.334843
-2.303093
-2.241954
-2.157028
-2.082055
-2.031336
-1.992342
-1.980676
-1.956615
-1.953321
-1.997326
-2.046245
-2.076250
-2.074447
-2.047614
-1.999380
-1.942244
-2.006920
-2.128181
-2.203990
-2.253037
-2.259154
-2.224937
-2.151245
-2.062289
-2.001150
-1.951372
-1.952749
-1.938851
-1.940191
-1.993838
-2.062484
-2.111304
-2.126951
-2.114110
-2.071702
-2.051628
-2.135171
-2.226756
-2.273953
-2.283162
-2.266916
-2.208127
-2.119350
-2.041239
-1.993347
-1.945621
-1.940010
-1.920252
-1.917173
-1.963976
-2.019368
-2.055630
-2.059697
-2.036468
-1.990388
-1.961390
-2.036101
-2.145303
-2.209574
-2.241225
-2.252521
-2.231222
-2.193285
-2.129633
-2.054412
-1.984715
-1.942234
-1.930266
-1.939512
-2.000874
-2.071689
-2.121821
-2.137072
-2.120483
-2.072439
-2.085941
-2.192161
-2.273816
-2.310895
-2.302962
-2.269179
-2.215016
-2.120911
-2.043498
-1.997844
-1.973941
-1.959873
-1.935220
-1.941812
-1.985251
-2.040192
-2.071056
-2.069537
-2.039392
-1.986027
-1.979488
-2.054034
-2.143189
-2.207855
-2.226020
-2.218600
-2.193467
-2.144907
-2.072790
-2.009481
-1.944777
-1.908118
-1.897120
-1.907358
-1.961328
-2.014287
-2.043420
-2.039697
-2.005477
-1.945623
-2.026200
-2.104027
-2.173986
-2.215181
-2.214969
-2.207755
-2.212597
-2.174024
-2.093722
-2.012113
-1.933913
-1.881723
-1.870247
-1.880844
-1.935981
-1.989828
-2.020946
-2.021044
-1.993163
-1.939955
-1.949881
-2.033005
-2.118460
-2.173419
-2.185901
-2.180887
-2.171297
-2.119470
-2.033933
-1.965512
-1.900894
-1.842553
-1.832036
-1.842041
-1.891927
-1.946097
-1.975832
-1.974380
-1.940781
-1.882239
-1.981222
-2.058583
-2.117378
-2.156251
-2.146710
-2.133318
-2.133734
-2.109920
-2.048255
-1.973622
-1.902033
-1.826732
-1.814287
-1.830010
-1.882525
-1.929836
-1.954233
-1.948256
-1.911812
-1.851811
-1.913946
-1.993494
-2.063638
-2.111900
-2.114849
-2.108807
-2.111076
-2.075605
-1.998206
-1.928374
-1.867459
-1.796321
-1.771899
-1.785774
-1.836218
-1.888437
-1.916331
-1.912965
-1.876607
-1.814064
-1.934283
-2.012033
-2.065845
-2.104296
-2.094231
-2.084028
-2.080253
-2.057805
-1.998321
-1.928316
-1.858893
-1.792774
-1.770016
-1.796612
-1.844059
-1.876061
-1.885340
-1.864720
-1.811754
-1.733993
-1.881563
-1.978608
-2.024310
-2.047711
-2.044842
-2.055057
-2.105706
-2.117982
-2.089895
-2.020077
-1.912521
-1.812927
-1.740427
-1.740210
-1.777265
-1.838125
-1.886417
-1.900738
-1.878152
-1.824269
-1.947224
-2.096548
-2.163620
-2.165991
-2.146545
-2.139442
-2.183846
-2.193262
-2.149313
-2.046821
-1.932494
-1.839836
-1.814162
-1.836419
-1.893845
-1.940786
-1.960628
-1.947798
-1.900776
-1.826750
-1.954701
-2.057278
-2.105515
-2.117995
-2.102700
-2.101378
-2.121606
-2.094081
-2.018193
-1.949582
-1.886002
-1.852700
-1.860076
-1.889983
-1.902665
-1.895583
-1.861958
-1.801318
-1.718027
-1.610677
-1.776670
-1.888570
-1.927401
-1.951551
-1.952338
-1.966805
-2.003089
-2.000900
-1.952547
-1.885859
-1.826387
-1.760626
-1.716504
-1.744874
-1.783151
-1.803270
-1.801515
-1.772666
-1.714906
-1.633719
-1.780219
-1.859728
-1.915178
-1.961075
-1.961977
-1.971515
-1.995194
-1.982211
-1.928268
-1.873036
-1.825011
-1.765075
-1.751757
-1.783932
-1.805794
-1.807841
-1.784583
-1.732939
-1.658467
-1.561368
-1.741108
-1.853010
-1.909365
-1.948982
-1.957094
-1.984058
-2.028110
-2.025488
-1.960929
-1.897531
-1.850894
-1.790652
-1.789646
-1.820709
-1.860630
-1.881912
-1.878167
-1.842710
-1.773665
-1.681612
-1.828704
-1.969146
-2.030028
-2.046687
-2.037068
-2.052069
-2.099531
-2.113032
-2.069032
-1.981786
-1.889762
-1.821987
-1.803725
-1.834789
-1.887160
-1.921705
-1.924465
-1.894115
-1.836391
-1.756432
-1.897085
-2.002061
-2.050034
-2.064427
-2.047372
-2.044929
-2.046997
-2.011843
-1.968364
-1.934872
-1.915598
-1.921252
-1.924625
-1.926376
-1.902308
-1.855977
-1.778232
-1.671848
-1.538874
-1.376307
-1.548194
-1.664234
-1.712684
-1.727947
-1.711490
-1.720539
-1.770365
-1.792726
-1.770278
-1.722030
-1.651686
-1.588842
-1.540086
-1.514282
-1.484212
-1.487667
-1.463398
-1.408852
-1.330151
-1.222579
-1.414756
-1.567234
-1.628407
-1.650094
-1.645959
-1.657044
-1.730632
-1.734908
-1.677271
-1.621904
-1.584635
-1.560118
-1.567719
-1.595624
-1.597905
-1.574615
-1.515709
-1.424353
-1.304943
-1.150606
-1.331442
-1.456006
-1.490609
-1.498981
-1.489944
-1.513082
-1.597968
-1.622173
-1.577595
-1.522105
-1.471494
-1.426301
-1.383340
-1.384321
-1.332774
-1.344368
-1.314092
-1.252285
-1.158945
-1.025642
-1.221912
-1.385212
-1.438754
-1.464119
-1.472980
-1.486274
-1.581872
-1.594215
-1.541785
-1.488581
-1.434810
-1.383245
-1.326766
-1.366609
-1.421015
-1.454206
-1.458507
-1.434328
-1.384308
-1.340559
-1.493922
-1.592389
-1.652490
-1.693145
-1.717825
-1.751105
-1.831093
-1.839868
-1.771049
-1.711748
-1.667933
-1.634683
-1.635994
-1.675124
-1.684272
-1.667551
-1.615921
-1.535078
-1.430260
-1.352814
-1.552256
-1.671692
-1.714054
-1.725955
-1.724753
-1.732045
-1.802701
-1.825147
-1.760660
-1.707019
-1.671522
-1.642304
-1.650080
-1.657629
-1.635320
-1.587353
-1.506730
-1.393921
-1.250711
-1.130551
-1.327292
-1.437371
-1.469574
-1.474538
-1.466529
-1.490696
-1.556865
-1.555349
-1.532091
-1.537687
-1.505918
-1.474534
-1.448134
-1.431527
-1.294252
-1.231158
-1.166889
-1.060857
-0.917036
-0.929912
-1.131130
-1.277131
-1.325512
-1.324972
-1.311384
-1.310709
-1.371969
-1.404884
-1.408521
-1.415058
-1.418386
-1.415775
-1.405689
-1.399032
-1.252967
-1.179429
-1.131380
-1.043816
-0.924379
-0.929254
-1.128988
-1.253400
-1.297063
-1.293407
-1.278026
-1.346908
-1.428495
-1.411212
-1.387675
-1.372128
-1.350794
-1.321743
-1.290714
-1.241978
-1.248047
-1.279191
-1.283604
-1.258776
-1.204016
-1.148884
-1.228297
-1.343388
-1.466143
-1.555037
-1.593286
-1.675080
-1.731443
-1.721219
-1.668630
-1.634756
-1.615406
-1.606388
-1.653816
-1.671575
-1.642981
-1.580636
-1.482674
-1.351306
-1.188561
-1.060549
-1.262492
-1.396734
-1.439213
-1.453194
-1.449224
-1.471523
-1.527496
-1.563459
-1.563639
-1.534682
-1.508518
-1.483149
-1.451927
-1.393918
-1.323364
-1.310581
-1.254167
-1.166638
-1.052908
-0.976598
-1.173798
-1.287732
-1.336256
-1.342035
-1.352206
-1.481360
-1.573403
-1.538259
-1.490221
-1.460250
-1.427964
-1.396575
-1.358152
-1.290695
-1.298389
-1.285872
-1.241127
-1.161565
-1.044656
-0.951980
-1.151387
-1.280165
-1.341046
-1.381021
-1.393407
-1.466179
-1.543213
-1.564500
-1.529293
-1.502788
-1.483119
-1.468139
-1.434269
-1.395223
-1.420010
-1.417487
-1.374678
-1.302931
-1.202406
-1.122552
-1.321506
-1.438509
-1.484334
-1.522481
-1.544584
-1.600787
-1.702515
-1.718335
-1.654242
-1.602125
-1.560073
-1.526336
-1.507426
-1.533737
-1.526173
-1.493139
-1.419970
-1.314579
-1.177135
-1.061928
-1.261153
-1.375821
-1.413131
-1.416572
-1.407902
-1.509420
-1.614980
-1.611412
-1.555959
-1.517968
-1.486830
-1.457376
-1.419050
-1.425839
-1.420887
-1.394772
-1.333950
-1.239058
-1.109247
-0.998167
-1.197311
-1.319643
-1.361989
-1.390340
-1.401307
-1.465265
-1.529325
-1.538713
-1.509294
-1.491029
-1.475617
-1.459673
-1.425177
-1.351639
-1.373003
-1.365433
-1.314178
-1.230058
-1.112950
-1.016279
-1.214968
-1.333308
-1.377253
-1.400808
-1.404378
-1.509961
-1.606544
-1.581535
-1.535085
-1.508829
-1.483305
-1.458068
-1.419982
-1.344570
-1.363690
-1.355360
-1.301198
-1.214645
-1.092781
-0.990211
-1.185158
-1.318887
-1.376209
-1.415585
-1.425261
-1.531585
-1.628650
-1.615797
-1.551832
-1.504517
-1.469576
-1.433060
-1.404833
-1.446599
-1.448809
-1.429611
-1.382323
-1.307433
-1.199817
-1.103319
-1.298758
-1.413535
-1.466992
-1.508116
-1.537005
-1.587490
-1.684236
-1.673681
-1.612613
-1.569324
-1.536339
-1.504001
-1.461858
-1.503414
-1.511292
-1.491304
-1.427170
-1.328469
-1.200084
-1.102922
-1.303290
-1.421681
-1.450120
-1.451544
-1.436609
-1.487949
-1.569576
-1.587802
-1.552506
-1.522817
-1.496979
-1.472068
-1.434599
-1.413704
-1.413141
-1.387457
-1.323581
-1.224739
-1.090016
-0.972661
-1.171682
-1.289906
-1.336872
-1.362845
-1.368500
-1.479633
-1.563647
-1.552619
-1.509993
-1.485999
-1.468101
-1.447833
-1.420229
-1.369390
-1.387038
-1.379003
-1.331140
-1.250272
-1.134203
-1.032899
-1.231594
-1.349713
-1.401028
-1.452070
-1.479607
-1.567037
-1.629514
-1.605068
-1.565824
-1.556086
-1.534864
-1.502667
-1.462765
-1.398254
-1.408098
-1.383338
-1.311314
-1.206826
-1.066057
-1.028664
-1.229336
-1.371328
-1.412835
-1.399943
-1.376233
-1.391662
-1.449301
-1.487298
-1.519910
-1.529645
-1.503608
-1.474827
-1.446223
-1.290756
-1.303438
-1.288843
-1.241007
-1.161763
-1.046781
-1.014818
-1.181811
-1.289046
-1.355598
-1.380366
-1.366276
-1.496694
-1.580885
-1.543665
-1.507357
-1.483139
-1.457309
-1.431415
-1.393698
-1.330499
-1.334371
-1.344208
-1.303516
-1.228638
-1.115998
-1.094341
-1.295100
-1.428173
-1.462641
-1.446585
-1.411785
-1.431722
-1.475513
-1.539139
-1.602992
-1.625820
-1.584897
-1.541197
-1.503464
-1.350102
-1.349701
-1.308104
-1.220515
-1.098165
-0.927667
-0.968919
-1.162253
-1.254761
-1.280106
-1.275590
-1.251986
-1.406476
-1.504520
-1.489040
-1.465047
-1.451027
-1.426227
-1.397536
-1.371258
-1.203355
-1.225272
-1.217949
-1.182492
-1.116362
-1.016369
-1.008884
-1.199302
-1.312454
-1.389263
-1.434641
-1.439571
-1.548763
-1.599081
-1.588963
-1.577761
-1.564102
-1.523704
-1.488765
-1.465360
-1.492746
-1.490786
-1.452688
-1.368280
-1.250496
-1.096918
-1.047614
-1.240326
-1.330665
-1.347717
-1.339146
-1.336537
-1.468751
-1.554915
-1.553545
-1.548986
-1.549308
-1.519097
-1.488891
-1.463725
-1.287486
-1.280359
-1.251529
-1.175227
-1.060964
-0.898054
-0.968559
-1.161978
-1.261266
-1.301167
-1.323317
-1.299547
-1.415129
-1.474625
-1.463797
-1.453464
-1.451908
-1.444853
-1.431183
-1.415596
-1.309454
-1.322596
-1.325307
-1.279717
-1.202790
-1.089342
-1.067064
-1.249536
-1.342704
-1.385787
-1.394578
-1.400504
-1.564559
-1.624685
-1.576723
-1.531637
-1.508165
-1.470647
-1.430768
-1.412741
-1.438303
-1.430910
-1.397936
-1.327074
-1.224724
-1.083531
-1.038824
-1.231831
-1.332423
-1.372332
-1.388234
-1.394584
-1.530055
-1.588212
-1.574811
-1.547086
-1.507394
-1.473567
-1.443720
-1.433557
-1.453540
-1.451633
-1.427369
-1.373321
-1.292512
-1.177646
-1.138486
-1.308806
-1.410036
-1.460890
-1.493213
-1.514324
-1.610671
-1.672382
-1.629266
-1.577935
-1.566848
-1.532378
-1.494494
-1.463891
-1.453354
-1.449116
-1.411365
-1.324554
-1.199856
-1.039281
-0.996104
-1.193466
-1.284210
-1.286156
-1.273258
-1.276472
-1.309920
-1.380517
-1.442164
-1.504348
-1.546044
-1.523492
-1.494425
-1.471496
-1.287445
-1.168756
-1.155462
-1.100690
-1.004575
-0.887999
-0.968814
-1.143577
-1.248480
-1.316875
-1.357401
-1.348270
-1.440148
-1.583905
-1.588965
-1.524863
-1.482584
-1.446709
-1.393988
-1.359032
-1.329042
-1.361587
-1.366078
-1.321828
-1.237368
-1.111179
-1.084522
-1.282046
-1.382227
-1.403573
-1.394077
-1.367141
-1.398467
-1.427032
-1.502053
-1.589132
-1.649960
-1.625629
-1.574490
-1.529543
-1.349186
-1.282254
-1.235905
-1.139313
-1.002093
-0.888000
-0.970012
-1.163667
-1.243986
-1.242067
-1.234444
-1.240942
-1.292603
-1.382912
-1.445911
-1.470852
-1.462153
-1.443909
-1.425116
-1.412393
-1.224163
-1.187183
-1.189871
-1.168271
-1.114277
-1.024297
-1.016600
-1.171864
-1.288890
-1.390326
-1.442756
-1.462930
-1.573589
-1.644859
-1.643241
-1.633130
-1.627464
-1.600118
-1.543468
-1.504240
-1.426900
-1.403960
-1.335974
-1.213681
-1.049784
-0.888001
-0.970841
-1.167475
-1.256252
-1.259553
-1.257322
-1.275786
-1.291679
-1.335132
-1.379162
-1.449716
-1.495778
-1.474692
-1.454851
-1.441345
-1.255171
-1.206968
-1.207902
-1.178070
-1.115782
-1.018830
-0.991228
-1.098726
-1.214685
-1.344949
-1.403694
-1.490851
-1.635171
-1.708388
-1.642154
-1.577890
-1.547805
-1.515603
-1.477740
-1.465361
-1.471916
-1.442346
-1.382022
-1.281220
-1.132989
-0.943532
-0.930461
-1.131373
-1.274470
-1.305525
-1.312222
-1.315697
-1.336914
-1.350657
-1.439552
-1.564856
-1.635487
-1.612820
-1.563549
-1.517730
-1.430263
-1.370393
-1.328491
-1.245152
-1.120524
-0.951899
-0.929511
-1.121321
-1.180344
-1.176984
-1.184653
-1.228445
-1.375479
-1.477753
-1.509940
-1.546960
-1.554454
-1.507427
-1.459847
-1.427227
-1.246417
-1.210570
-1.185048
-1.115867
-1.000952
-0.887999
-0.929061
-1.117444
-1.211863
-1.245736
-1.239539
-1.230247
-1.316307
-1.373173
-1.420519
-1.560946
-1.709149
-1.797489
-1.755748
-1.625895
-1.495981
-1.296446
-1.094037
-0.986610
-0.888000
-0.887999
-0.929562
-1.127394
-1.256608
-1.282825
-1.279715
-1.325385
-1.395499
-1.496558
-1.611805
-1.692837
-1.679390
-1.626368
-1.588460
-1.565083
-1.573387
-1.571266
-1.524549
-1.436746
-1.311610
-1.152156
-1.022380
-1.217585
-1.298362
-1.310785
-1.303431
-1.352188
-1.443675
-1.535697
-1.552474
-1.548688
-1.526334
-1.477108
-1.433311
-1.404338
-1.286070
-1.273351
-1.234286
-1.163630
-1.050426
-0.887917
-0.928917
-1.122134
-1.211877
-1.215379
-1.217722
-1.236109
-1.253828
-1.269265
-1.326483
-1.461256
-1.593437
-1.657424
-1.617435
-1.536682
-1.448214
-1.249448
-1.046725
-0.981769
-0.887999
-0.888000
-0.928972
-1.123796
-1.225412
-1.223225
-1.223464
-1.237701
-1.345155
-1.502755
-1.593541
-1.600584
-1.538647
-1.497780
-1.471400
-1.448113
-1.416538
-1.394266
-1.343325
-1.243937
-1.110815
-0.936104
-0.888001
-1.087368
-1.205731
-1.219870
-1.222224
-1.243653
-1.263090
-1.312088
-1.396411
-1.480243
-1.550897
-1.560411
-1.533201
-1.503339
-1.452405
-1.270199
-1.138235
-1.075329
-0.960666
-0.888001
-0.888001
-1.079294
-1.177411
-1.203820
-1.211058
-1.210065
-1.376891
-1.515617
-1.506959
-1.461060
-1.442192
-1.424122
-1.401426
-1.380980
-1.233026
-1.249305
-1.232676
-1.178968
-1.089099
-0.960171
-0.888000
-1.086572
-1.205297
-1.250463
-1.268211
-1.259791
-1.369844
-1.436361
-1.468376
-1.558852
-1.650706
-1.707317
-1.665955
-1.589871
-1.514335
-1.318063
-1.241786
-1.165553
-1.056088
-0.898238
-0.888001
-1.086998
-1.193310
-1.195685
-1.218512
-1.226561
-1.397461
-1.549325
-1.549228
-1.514241
-1.514706
-1.514417
-1.474440
-1.437131
-1.282928
-1.287349
-1.258140
-1.198195
-1.106672
-0.973698
-0.888000
-1.080953
-1.204033
-1.273700
-1.311939
-1.311996
-1.447331
-1.518001
-1.521079
-1.577793
-1.634094
-1.686560
-1.656823
-1.593672
-1.517423
-1.319444
-1.316197
-1.233753
-1.126570
-0.975228
-0.888000
-1.090870
-1.235069
-1.254911
-1.283526
-1.279457
-1.377252
-1.489172
-1.509102
-1.529355
-1.575803
-1.603031
-1.560579
-1.514281
-1.433979
-1.314355
-1.322634
-1.282661
-1.203297
-1.085181
-0.908326
-1.080555
-1.205304
-1.275658
-1.326617
-1.337742
-1.483556
-1.576127
-1.551288
-1.604409
-1.653274
-1.679133
-1.621443
-1.562069
-1.500408
-1.308430
-1.120418
-1.057421
-0.927732
-0.887999
-0.888001
-1.048162
-1.198549
-1.212326
-1.234626
-1.245005
-1.365774
-1.486725
-1.529147
-1.586173
-1.634396
-1.644646
-1.591941
-1.537794
-1.470404
-1.338224
-1.333056
-1.283267
-1.185739
-1.048792
-0.887982
-1.040513
-1.168750
-1.225168
-1.264417
-1.274530
-1.400993
-1.513802
-1.524645
-1.554547
-1.573475
-1.572644
-1.526212
-1.483723
-1.439252
-1.262795
-1.085862
-1.023139
-0.893538
-0.888000
-0.888001
-1.048692
-1.209673
-1.256031
-1.295566
-1.322214
-1.469589
-1.592495
-1.630699
-1.695246
-1.763935
-1.801673
-1.752416
-1.676569
-1.607683
-1.527382
-1.492285
-1.407225
-1.281163
-1.115781
-0.915722
-1.048806
-1.207216
-1.226124
-1.244345
-1.262317
-1.392340
-1.532569
-1.580669
-1.644226
-1.727434
-1.774756
-1.706240
-1.624296
-1.548782
-1.364958
-1.348795
-1.282443
-1.196590
-1.071033
-0.897715
-1.041479
-1.169887
-1.203069
-1.235830
-1.245682
-1.423246
-1.571932
-1.605939
-1.660551
-1.700076
-1.707949
-1.636297
-1.563864
-1.494489
-1.323487
-1.339161
-1.241323
-1.134118
-0.985497
-0.888001
-1.042030
-1.177102
-1.226737
-1.275361
-1.295495
-1.462794
-1.577912
-1.607630
-1.661638
-1.696161
-1.703578
-1.630468
-1.558324
-1.494679
-1.311809
-1.315187
-1.244900
-1.133300
-0.981148
-0.888001
-1.039597
-1.172542
-1.219597
-1.267061
-1.299098
-1.481189
-1.612157
-1.629182
-1.659740
-1.664179
-1.632948
-1.552330
-1.475444
-1.388348
-1.331241
-1.293671
-1.220164
-1.095395
-0.927317
-0.888000
-1.006014
-1.159140
-1.206116
-1.235199
-1.243456
-1.380295
-1.492427
-1.539230
-1.611138
-1.682852
-1.740437
-1.693130
-1.619286
-1.559075
-1.379641
-1.276698
-1.224159
-1.121708
-0.970558
-0.888000
-1.010761
-1.207181
-1.268232
-1.296550
-1.314576
-1.421049
-1.554822
-1.619950
-1.638775
-1.627069
-1.613802
-1.603094
-1.564614
-1.515257
-1.531231
-1.499876
-1.432327
-1.318829
-1.167882
-0.972228
-1.000965
-1.159001
-1.221949
-1.254244
-1.272376
-1.453439
-1.577899
-1.596692
-1.628174
-1.666867
-1.682793
-1.618020
-1.559947
-1.494883
-1.347104
-1.339499
-1.286501
-1.179587
-1.033160
-0.888000
-1.009320
-1.162220
-1.192546
-1.196245
-1.199882
-1.348783
-1.476859
-1.521468
-1.567721
-1.602382
-1.576943
-1.521861
-1.477391
-1.415351
-1.290864
-1.275819
-1.238141
-1.149696
-1.019374
-0.887998
-1.009328
-1.172928
-1.231034
-1.254881
-1.248776
-1.394874
-1.546762
-1.581181
-1.641185
-1.699414
-1.743797
-1.705810
-1.633473
-1.570532
-1.388650
-1.386003
-1.342168
-1.251766
-1.113700
-0.925469
-1.001298
-1.202638
-1.309435
-1.377955
-1.423081
-1.535739
-1.652425
-1.687055
-1.676593
-1.667144
-1.666916
-1.649798
-1.605221
-1.552662
-1.568717
-1.535874
-1.470502
-1.362189
-1.216300
-1.031146
-1.054079
-1.214453
-1.282996
-1.324549
-1.357157
-1.538039
-1.651330
-1.655337
-1.674909
-1.711566
-1.725773
-1.648155
-1.578462
-1.504538
-1.403475
-1.382257
-1.320443
-1.206376
-1.051088
-0.887985
-0.969722
-1.152197
-1.187397
-1.183177
-1.197721
-1.303127
-1.422695
-1.485126
-1.538842
-1.596369
-1.604918
-1.562596
-1.523506
-1.474954
-1.291935
-1.273917
-1.251889
-1.177789
-1.063331
-0.890913
-0.968753
-1.140803
-1.197483
-1.215706
-1.213043
-1.345095
-1.511976
-1.531981
-1.540555
-1.601879
-1.643458
-1.610800
-1.563077
-1.513035
-1.323923
-1.288394
-1.263146
-1.186675
-1.062454
-0.888004
-0.964793
-1.160437
-1.245463
-1.299560
-1.339861
-1.514663
-1.661583
-1.704289
-1.712804
-1.699404
-1.665134
-1.616399
-1.571304
-1.540571
-1.546331
-1.496840
-1.423264
-1.305576
-1.147865
-0.951753
-0.967588
-1.147816
-1.243116
-1.280998
-1.286396
-1.449249
-1.602765
-1.590959
-1.592486
-1.657184
-1.717178
-1.716170
-1.649456
-1.581640
-1.390723
-1.292982
-1.265239
-1.189226
-1.060906
-0.888386
-0.962047
-1.164357
-1.278950
-1.347269
-1.387333
-1.546096
-1.689867
-1.736658
-1.734340
-1.690784
-1.650553
-1.621867
-1.573599
-1.589879
-1.566907
-1.494723
-1.404359
-1.278186
-1.106604
-0.905163
-0.968891
-1.163966
-1.263573
-1.303602
-1.299109
-1.418538
-1.567918
-1.564963
-1.552360
-1.608382
-1.663428
-1.680360
-1.620659
-1.548679
-1.350336
-1.219133
-1.189898
-1.109917
-0.979294
-0.888722
-0.963534
-1.164848
-1.266668
-1.312970
-1.339326
-1.455652
-1.595421
-1.680474
-1.710447
-1.692158
-1.664041
-1.627088
-1.592694
-1.610249
-1.617064
-1.571074
-1.505531
-1.402550
-1.257312
-1.065651
-0.939039
-1.140386
-1.279300
-1.361370
-1.393075
-1.535809
-1.701511
-1.719857
-1.677120
-1.669955
-1.682432
-1.669602
-1.608851
-1.540695
-1.388672
-1.365617
-1.303005
-1.194605
-1.033964
-0.888001
-0.929308
-1.128808
-1.242881
-1.279684
-1.305164
-1.419378
-1.522684
-1.595842
-1.612559
-1.604768
-1.579490
-1.537167
-1.512599
-1.476925
-1.503320
-1.467217
-1.410038
-1.316478
-1.178812
-0.992679
-0.929013
-1.127932
-1.236327
-1.290694
-1.301940
-1.389378
-1.562165
-1.626197
-1.618987
-1.630175
-1.638162
-1.617957
-1.577287
-1.524803
-1.407747
-1.403975
-1.361045
-1.275340
-1.142471
-0.952924
-0.928379
-1.118653
-1.180492
-1.207703
-1.220534
-1.302841
-1.448383
-1.553866
-1.590309
-1.592596
-1.573010
-1.531383
-1.489355
-1.417667
-1.407520
-1.387233
-1.344874
-1.274165
-1.157260
-0.979525
-0.928104
-1.129256
-1.255724
-1.330118
-1.359633
-1.468634
-1.647475
-1.728066
-1.712813
-1.641469
-1.614203
-1.580190
-1.553420
-1.507469
-1.520391
-1.495276
-1.443508
-1.347529
-1.208234
-1.016223
-0.928656
-1.124349
-1.217188
-1.220237
-1.221436
-1.299259
-1.441281
-1.508072
-1.547359
-1.601100
-1.616752
-1.579264
-1.540140
-1.497957
-1.394045
-1.393528
-1.363810
-1.294368
-1.179335
-1.018615
-0.924636
-1.123602
-1.217667
-1.241816
-1.240047
-1.372037
-1.553700
-1.643615
-1.633461
-1.614577
-1.603660
-1.553939
-1.515979
-1.447612
-1.485445
-1.460462
-1.412516
-1.332714
-1.212035
-1.038561
-0.928217
-1.129542
-1.271461
-1.351016
-1.368080
-1.489728
-1.661782
-1.704087
-1.694617
-1.696904
-1.689786
-1.642745
-1.581706
-1.512958
-1.453478
-1.430133
-1.374168
-1.271581
-1.122532
-0.923773
-0.888207
-1.088565
-1.214563
-1.235026
-1.265085
-1.329411
-1.416518
-1.479403
-1.504260
-1.544582
-1.571189
-1.544656
-1.509690
-1.453603
-1.378382
-1.361998
-1.317885
-1.236910
-1.113856
-0.939603
-0.888004
-1.091204
-1.214809
-1.240895
-1.247172
-1.370731
-1.556318
-1.656542
-1.664001
-1.617297
-1.592386
-1.558625
-1.538792
-1.512282
-1.552994
-1.527380
-1.478711
-1.392388
-1.260148
-1.069108
-0.887958
-1.092339
-1.275213
-1.383311
-1.432035
-1.559720
-1.738924
-1.806868
-1.805378
-1.777766
-1.749732
-1.707548
-1.662871
-1.604050
-1.602904
-1.579624
-1.520716
-1.415408
-1.269237
-1.075392
-0.888462
-1.085790
-1.208425
-1.237633
-1.280468
-1.372941
-1.488331
-1.554017
-1.585032
-1.609703
-1.634839
-1.593937
-1.546957
-1.507475
-1.455673
-1.447076
-1.408665
-1.330382
-1.210896
-1.041176
-0.888002
-1.090531
-1.214506
-1.244586
-1.251328
-1.361966
-1.546071
-1.665000
-1.684975
-1.672117
-1.655854
-1.607929
-1.567049
-1.493734
-1.528363
-1.494534
-1.433802
-1.347054
-1.222206
-1.039587
-0.888000
-1.092512
-1.286353
-1.434547
-1.519163
-1.610338
-1.753053
-1.890133
-2.013674
-2.034285
-1.974267
-1.926339
-1.894859
-1.922599
-1.921560
-1.865413
-1.779582
-1.650716
-1.497994
-1.305124
-1.095942
-1.275318
-1.422949
-1.462826
-1.497909
-1.678540
-1.833355
-1.866203
-1.840048
-1.840382
-1.861598
-1.820549
-1.763139
-1.687595
-1.672123
-1.620942
-1.536047
-1.414166
-1.255545
-1.060794
-0.888000
-1.039239
-1.160602
-1.214913
-1.261343
-1.448831
-1.622857
-1.687672
-1.695769
-1.708308
-1.707752
-1.655560
-1.606244
-1.513552
-1.508158
-1.471089
-1.398588
-1.284706
-1.126730
-0.928374
-0.888001
-1.048998
-1.210016
-1.255505
-1.287019
-1.395278
-1.575050
-1.618741
-1.581364
-1.585046
-1.613981
-1.604020
-1.565126
-1.519542
-1.414417
-1.431489
-1.402743
-1.335702
-1.222529
-1.060045
-0.887971
-1.047034
-1.188091
-1.219826
-1.237698
-1.335222
-1.521427
-1.633433
-1.643295
-1.636903
-1.648852
-1.626563
-1.591629
-1.555120
-1.528083
-1.533176
-1.497809
-1.429820
-1.316190
-1.158463
-0.956930
-1.064021
-1.240489
-1.320386
-1.342519
-1.465820
-1.650646
-1.769343
-1.790630
-1.776615
-1.757655
-1.723885
-1.691434
-1.625346
-1.674047
-1.657572
-1.602800
-1.513754
-1.383249
-1.211228
-1.008952
-1.091565
-1.283611
-1.383982
-1.427680
-1.553061
-1.734206
-1.771599
-1.726189
-1.727455
-1.730762
-1.712715
-1.658203
-1.597952
-1.520653
-1.512334
-1.463350
-1.378639
-1.244202
-1.063573
-0.887998
-1.043840
-1.173988
-1.205395
-1.235849
-1.378013
-1.564161
-1.634223
-1.627354
-1.619282
-1.645148
-1.613914
-1.572852
-1.527657
-1.509377
-1.507389
-1.466924
-1.395574
-1.277042
-1.110306
-0.906167
-1.029314
-1.229953
-1.338395
-1.380085
-1.502360
-1.690554
-1.776718
-1.783095
-1.767071
-1.744024
-1.712253
-1.677309
-1.593741
-1.636369
-1.612586
-1.544736
-1.436137
-1.287098
-1.095873
-0.911270
-1.005920
-1.184268
-1.250535
-1.280145
-1.402331
-1.590396
-1.675609
-1.681662
-1.682830
-1.696373
-1.688711
-1.635898
-1.578128
-1.501415
-1.502865
-1.458344
-1.376646
-1.241679
-1.050240
-0.887986
-1.010742
-1.202934
-1.303829
-1.348423
-1.413726
-1.599478
-1.709005
-1.725362
-1.721663
-1.705496
-1.701193
-1.665792
-1.620986
-1.614134
-1.626104
-1.589281
-1.518025
-1.404027
-1.249361
-1.046926
-1.047371
-1.243913
-1.335532
-1.376423
-1.523861
-1.711456
-1.793559
-1.769026
-1.750061
-1.749685
-1.742036
-1.703532
-1.633626
-1.622374
-1.613037
-1.559348
-1.473986
-1.344616
-1.174094
-0.968198
-0.986521
-1.184996
-1.290376
-1.333969
-1.459145
-1.648833
-1.729726
-1.729380
-1.728310
-1.731345
-1.726694
-1.676348
-1.610095
-1.541166
-1.530218
-1.473529
-1.384803
-1.249730
-1.069524
-0.887945
-0.999918
-1.189339
-1.271621
-1.319688
-1.424721
-1.607989
-1.671700
-1.658564
-1.644376
-1.659840
-1.659666
-1.618114
-1.570378
-1.507105
-1.510474
-1.464843
-1.388351
-1.261866
-1.090499
-0.888377
-1.008091
-1.190611
-1.266300
-1.287217
-1.365007
-1.553757
-1.695740
-1.741095
-1.739240
-1.730770
-1.719805
-1.680062
-1.609070
-1.607522
-1.591351
-1.530918
-1.438800
-1.299381
-1.114647
-0.908376
-1.009439
-1.200718
-1.287780
-1.310408
-1.346219
-1.527131
-1.659933
-1.723659
-1.746068
-1.758266
-1.770050
-1.712544
-1.644753
-1.545466
-1.550030
-1.500645
-1.407414
-1.269967
-1.092577
-0.888474
-0.960736
-1.160619
-1.292294
-1.347596
-1.426111
-1.579911
-1.659735
-1.704431
-1.721609
-1.734364
-1.731290
-1.694776
-1.649821
-1.628028
-1.637586
-1.594719
-1.517256
-1.394845
-1.233454
-1.027828
-0.965825
-1.165991
-1.295855
-1.352678
-1.445865
-1.630453
-1.745763
-1.779871
-1.775656
-1.786670
-1.798107
-1.759816
-1.705203
-1.631812
-1.635919
-1.587478
-1.504418
-1.372042
-1.199403
-0.991927
-0.964462
-1.160306
-1.241526
-1.280323
-1.378770
-1.557345
-1.658911
-1.709332
-1.715188
-1.737951
-1.739502
-1.697217
-1.643985
-1.568849
-1.571275
-1.522849
-1.444424
-1.317922
-1.149128
-0.940872
-0.965468
-1.166616
-1.275694
-1.308147
-1.366552
-1.528384
-1.648073
-1.705485
-1.717082
-1.717763
-1.721954
-1.683691
-1.635350
-1.565974
-1.584467
-1.542416
-1.462588
-1.332909
-1.164584
-0.957745
-0.966617
-1.160638
-1.220474
-1.251028
-1.332085
-1.490264
-1.594419
-1.664234
-1.684290
-1.711366
-1.713166
-1.667126
-1.610233
-1.538930
-1.552541
-1.509463
-1.431298
-1.307016
-1.136824
-0.928651
-0.968798
-1.168837
-1.272574
-1.305070
-1.339970
-1.449379
-1.559460
-1.642879
-1.699495
-1.744297
-1.769856
-1.719654
-1.657735
-1.556046
-1.566971
-1.532629
-1.461550
-1.339978
-1.176720
-0.971244
-0.958040
-1.158139
-1.248854
-1.282768
-1.371839
-1.554532
-1.676238
-1.721890
-1.714898
-1.724700
-1.729710
-1.697387
-1.649197
-1.621322
-1.625714
-1.577456
-1.500382
-1.372004
-1.202464
-0.995128
-0.929703
-1.129882
-1.265350
-1.307239
-1.388246
-1.577075
-1.707807
-1.773366
-1.783672
-1.806433
-1.813026
-1.762985
-1.693739
-1.602908
-1.605986
-1.547531
-1.438754
-1.288376
-1.094489
-0.889618
-0.928560
-1.107858
-1.161082
-1.205298
-1.324095
-1.470500
-1.520753
-1.592733
-1.661130
-1.701599
-1.692126
-1.675620
-1.641787
-1.684297
-1.666219
-1.600345
-1.508765
-1.385735
-1.202113
-0.996580
-0.930952
-1.135054
-1.324580
-1.491674
-1.569794
-1.709085
-1.884207
-1.998960
-2.050613
-2.006717
-1.964669
-1.927205
-1.880513
-1.895696
-1.894689
-1.833378
-1.724241
-1.579016
-1.399942
-1.194679
-1.038215
-1.231192
-1.327100
-1.407617
-1.564354
-1.746652
-1.850466
-1.930875
-1.989499
-2.000437
-1.968688
-1.941242
-1.930817
-1.923823
-1.864305
-1.764935
-1.648478
-1.465128
-1.266118
-1.058438
-0.932887
-1.136260
-1.315874
-1.479869
-1.553537
-1.678576
-1.850654
-1.977715
-2.053544
-2.049867
-2.000206
-1.925640
-1.829517
-1.801956
-1.781832
-1.713565
-1.606728
-1.468764
-1.291575
-1.088580
-0.952629
-1.123507
-1.202380
-1.269186
-1.397250
-1.588570
-1.678980
-1.723310
-1.744581
-1.774505
-1.784791
-1.748509
-1.652898
-1.668374
-1.622756
-1.533239
-1.426868
-1.269765
-1.069797
-0.887999
-0.931149
-1.129759
-1.298030
-1.397360
-1.428505
-1.562420
-1.717850
-1.814551
-1.876850
-1.889848
-1.842926
-1.791890
-1.758839
-1.786821
-1.756921
-1.677385
-1.567176
-1.420565
-1.236295
-1.030866
-0.888000
-1.076696
-1.192932
-1.270849
-1.434402
-1.629650
-1.726115
-1.757716
-1.775534
-1.817570
-1.834273
-1.770949
-1.659711
-1.608629
-1.574087
-1.491493
-1.377994
-1.207196
-1.006920
-0.887999
-0.888030
-1.064865
-1.155780
-1.225543
-1.352211
-1.548968
-1.657393
-1.704898
-1.736495
-1.768987
-1.757802
-1.726799
-1.673424
-1.698104
-1.665436
-1.581473
-1.465090
-1.298496
-1.098334
-0.896847
-0.888004
-1.075115
-1.150522
-1.213633
-1.351533
-1.518156
-1.605143
-1.612452
-1.654869
-1.689492
-1.717517
-1.678702
-1.604357
-1.608286
-1.602732
-1.540416
-1.458495
-1.330878
-1.165722
-0.962889
-0.888002
-1.084531
-1.245719
-1.294273
-1.362739
-1.559361
-1.712547
-1.751100
-1.778406
-1.802878
-1.787310
-1.751128
-1.694314
-1.726105
-1.705063
-1.631116
-1.525612
-1.367396
-1.175616
-0.974208
-0.888002
-1.075684
-1.181995
-1.251245
-1.362268
-1.555107
-1.675765
-1.691002
-1.701833
-1.718976
-1.764340
-1.729284
-1.652619
-1.624980
-1.613865
-1.547660
-1.459542
-1.329196
-1.157510
-0.955985
-0.888002
-1.082480
-1.240093
-1.291841
-1.374054
-1.571544
-1.711824
-1.756604
-1.778949
-1.799627
-1.818394
-1.777525
-1.707112
-1.664253
-1.636400
-1.555654
-1.436605
-1.256622
-1.051239
-0.888000
-0.888020
-1.082273
-1.174402
-1.223859
-1.359232
-1.517105
-1.589557
-1.606692
-1.659499
-1.711313
-1.774964
-1.737666
-1.668592
-1.618459
-1.625264
-1.573736
-1.494559
-1.356723
-1.178706
-0.977268
-0.888036
-1.083080
-1.231649
-1.284963
-1.328796
-1.513715
-1.692803
-1.800354
-1.863051
-1.886879
-1.878435
-1.830521
-1.760587
-1.705695
-1.688745
-1.618451
-1.506697
-1.335713
-1.138427
-0.937058
-0.888000
-1.043986
-1.157518
-1.211265
-1.311697
-1.459809
-1.529506
-1.532487
-1.635441
-1.722711
-1.800032
-1.754627
-1.676143
-1.591571
-1.603525
-1.553641
-1.476331
-1.337922
-1.160870
-0.960319
-0.888047
-1.050372
-1.228140
-1.288262
-1.334161
-1.530892
-1.719035
-1.837095
-1.889351
-1.903385
-1.862820
-1.836127
-1.838265
-1.858503
-1.814210
-1.724917
-1.610996
-1.448531
-1.259349
-1.057374
-0.888000
-1.052796
-1.244633
-1.373071
-1.433839
-1.558319
-1.704178
-1.819793
-1.900913
-1.936505
-1.951231
-1.897648
-1.812612
-1.707977
-1.699120
-1.645443
-1.549044
-1.405502
-1.228072
-1.025658
-0.888000
-1.033668
-1.125983
-1.203028
-1.362183
-1.553207
-1.644004
-1.695640
-1.762684
-1.823221
-1.823883
-1.806753
-1.783271
-1.813827
-1.780028
-1.700429
-1.595418
-1.460191
-1.291912
-1.093066
-0.889073
-1.052202
-1.238068
-1.341250
-1.400354
-1.592838
-1.775721
-1.864117
-1.916990
-1.950722
-1.913041
-1.862620
-1.795528
-1.822403
-1.794204
-1.716765
-1.611737
-1.454600
-1.254089
-1.052111
-0.947011
-1.073972
-1.266628
-1.356008
-1.457873
-1.652703
-1.778480
-1.768583
-1.776744
-1.785800
-1.825836
-1.780172
-1.699427
-1.639623
-1.635239
-1.581412
-1.493632
-1.357381
-1.182063
-0.980656
-0.888002
-1.041645
-1.171060
-1.228677
-1.325911
-1.520687
-1.655746
-1.656957
-1.668608
-1.672696
-1.727589
-1.686942
-1.616373
-1.551178
-1.551297
-1.493302
-1.395271
-1.254482
-1.065613
-0.887999
-0.888002
-1.002606
-1.145904
-1.204242
-1.247312
-1.349363
-1.493397
-1.552071
-1.621902
-1.626934
-1.667781
-1.641968
-1.570967
-1.461925
-1.468713
-1.417374
-1.326664
-1.185867
-0.998819
-0.888000
-0.888002
-0.995481
-1.096534
-1.147495
-1.188570
-1.302678
-1.453226
-1.512298
-1.593492
-1.605889
-1.645211
-1.608631
-1.556951
-1.524663
-1.538228
-1.488300
-1.398859
-1.275426
-1.109262
-0.907957
-0.888002
-1.008277
-1.194658
-1.234150
-1.264165
-1.436169
-1.620424
-1.686676
-1.713667
-1.698569
-1.722949
-1.689651
-1.644621
-1.620003
-1.633063
-1.583403
-1.485286
-1.341765
-1.152388
-0.950860
-0.888002
-1.001944
-1.134879
-1.193149
-1.240404
-1.342535
-1.497864
-1.565730
-1.627598
-1.632540
-1.682373
-1.668546
-1.599196
-1.492840
-1.488590
-1.438043
-1.336415
-1.185908
-0.996074
-0.888000
-0.888002
-0.976888
-1.052674
-1.107835
-1.151886
-1.249381
-1.389716
-1.444864
-1.453348
-1.479706
-1.522175
-1.489500
-1.452889
-1.432409
-1.458698
-1.419057
-1.337190
-1.227435
-1.073450
-0.887998
-0.888000
-1.007150
-1.194952
-1.280995
-1.290710
-1.386026
-1.521398
-1.652862
-1.710994
-1.709574
-1.682367
-1.622635
-1.563439
-1.556915
-1.547722
-1.482070
-1.377090
-1.230774
-1.045257
-0.887999
-0.888002
-1.008559
-1.196795
-1.271036
-1.322570
-1.485268
-1.651118
-1.728839
-1.787381
-1.832155
-1.870908
-1.828089
-1.765062
-1.768039
-1.769488
-1.716835
-1.618500
-1.480839
-1.312121
-1.112484
-0.910772
-0.968834
-1.142737
-1.222313
-1.317500
-1.502918
-1.674667
-1.722983
-1.750483
-1.805593
-1.845032
-1.808593
-1.752090
-1.733646
-1.733502
-1.679261
-1.583687
-1.453382
-1.289970
-1.095392
-0.893680
-0.965356
-1.076309
-1.160941
-1.230289
-1.397640
-1.577417
-1.631480
-1.658350
-1.691327
-1.737369
-1.697251
-1.638457
-1.588273
-1.587070
-1.528301
-1.428147
-1.291417
-1.119608
-0.919727
-0.888001
-0.964795
-1.052242
-1.120335
-1.171876
-1.237313
-1.367576
-1.442698
-1.470797
-1.495709
-1.544264
-1.504713
-1.454566
-1.387804
-1.398936
-1.345730
-1.252632
-1.126135
-0.958292
-0.888025
-0.888024
-0.963153
-1.082752
-1.139171
-1.227062
-1.296772
-1.364103
-1.459259
-1.483145
-1.456679
-1.445545
-1.399422
-1.357038
-1.293947
-1.305654
-1.249273
-1.143136
-0.989113
-0.888000
-0.888013
-0.888000
-0.969420
-1.129860
-1.172129
-1.251577
-1.393558
-1.472143
-1.446859
-1.492670
-1.564922
-1.635110
-1.608879
-1.558919
-1.550062
-1.558792
-1.505640
-1.412310
-1.288098
-1.126020
-0.925910
-0.888000
-0.967595
-1.136713
-1.198746
-1.246060
-1.351054
-1.522605
-1.611495
-1.625498
-1.639516
-1.665235
-1.642172
-1.597804
-1.544383
-1.567604
-1.528710
-1.445824
-1.322938
-1.161129
-0.965285
-0.888001
-0.967603
-1.139961
-1.187254
-1.221841
-1.312331
-1.451326
-1.537051
-1.543354
-1.558035
-1.631099
-1.628385
-1.555533
-1.431258
-1.455494
-1.424144
-1.336862
-1.205945
-1.039509
-0.887973
-0.888001
-0.929719
-1.113947
-1.201914
-1.249277
-1.408729
-1.559504
-1.624660
-1.643179
-1.660635
-1.707672
-1.698711
-1.641819
-1.566676
-1.581257
-1.536175
-1.442332
-1.309694
-1.143906
-0.947483
-0.888003
-0.930668
-1.099948
-1.158222
-1.200991
-1.284995
-1.426824
-1.494197
-1.510711
-1.545251
-1.603987
-1.604038
-1.546136
-1.431028
-1.452334
-1.408626
-1.317365
-1.187243
-1.023878
-0.887949
-0.888111
-0.931293
-1.129156
-1.311637
-1.422128
-1.526797
-1.604219
-1.667557
-1.720775
-1.744528
-1.784483
-1.808796
-1.752981
-1.693483
-1.691822
-1.625497
-1.505318
-1.363541
-1.191291
-0.992468
-0.888001
-0.930223
-1.073582
-1.162244
-1.270344
-1.457289
-1.624265
-1.694331
-1.795638
-1.896345
-1.934271
-1.906847
-1.865502
-1.893785
-1.882736
-1.821004
-1.724059
-1.596715
-1.447745
-1.259257
-1.056971
-0.929853
-1.122368
-1.239371
-1.321936
-1.504209
-1.699020
-1.836763
-1.916535
-1.937841
-1.944543
-1.898940
-1.843410
-1.790360
-1.791561
-1.736870
-1.641172
-1.517264
-1.364015
-1.172663
-0.967779
-0.930077
-1.122184
-1.226906
-1.282947
-1.378317
-1.567767
-1.686907
-1.708719
-1.725017
-1.751214
-1.769472
-1.710922
-1.608812
-1.568840
-1.549188
-1.476140
-1.372735
-1.235328
-1.049572
-0.888001
-0.930151
-1.104020
-1.170868
-1.220161
-1.325571
-1.521081
-1.624919
-1.629333
-1.652688
-1.682559
-1.705333
-1.664018
-1.588730
-1.585172
-1.563411
-1.490094
-1.385039
-1.229662
-1.038448
-0.888000
-0.888003
-1.055758
-1.135526
-1.200433
-1.293243
-1.487396
-1.606959
-1.633071
-1.663081
-1.691581
-1.701877
-1.667416
-1.603191
-1.621801
-1.597968
-1.525607
-1.429275
-1.285347
-1.104678
-0.902953
-0.888002
-1.074160
-1.182287
-1.242371
-1.320036
-1.515099
-1.649353
-1.684594
-1.706075
-1.728038
-1.738907
-1.702881
-1.642586
-1.628558
-1.613421
-1.547376
-1.442269
-1.275929
-1.077306
-0.887995
-0.888002
-1.007492
-1.094400
-1.162804
-1.277350
-1.458254
-1.518940
-1.530045
-1.583053
-1.633917
-1.644090
-1.603691
-1.528392
-1.528921
-1.513506
-1.444259
-1.351669
-1.209887
-1.010967
-0.888001
-0.888114
-1.075181
-1.225363
-1.289897
-1.348681
-1.522132
-1.675279
-1.754578
-1.805606
-1.822084
-1.782369
-1.754213
-1.759905
-1.787126
-1.758479
-1.683018
-1.580768
-1.441829
-1.271334
-1.073584
-0.904564
-1.073567
-1.264446
-1.350218
-1.524368
-1.720539
-1.835802
-1.849711
-1.857799
-1.877019
-1.877774
-1.803511
-1.683364
-1.620878
-1.596255
-1.518319
-1.403095
-1.237460
-1.038290
-0.888001
-0.888000
-1.070081
-1.153584
-1.241055
-1.414326
-1.607532
-1.677651
-1.713682
-1.767956
-1.817297
-1.832246
-1.813573
-1.799639
-1.818682
-1.777748
-1.694576
-1.594276
-1.443889
-1.243999
-1.042468
-0.888002
-1.087838
-1.268625
-1.361189
-1.477186
-1.664689
-1.798708
-1.866099
-1.915407
-1.936442
-1.907972
-1.839489
-1.738785
-1.705138
-1.678386
-1.598979
-1.481405
-1.308819
-1.110005
-0.908736
-0.888000
-1.037114
-1.128217
-1.237093
-1.392996
-1.554655
-1.595449
-1.577178
-1.638229
-1.694206
-1.724402
-1.683763
-1.607007
-1.603674
-1.601826
-1.542272
-1.453051
-1.330956
-1.172472
-0.976192
-0.888001
-1.046370
-1.213338
-1.271580
-1.358670
-1.553448
-1.686307
-1.745519
-1.804829
-1.826562
-1.810100
-1.757573
-1.680122
-1.640157
-1.610014
-1.526887
-1.396749
-1.221241
-1.022027
-0.888001
-0.888001
-1.038261
-1.115463
-1.175940
-1.325404
-1.503499
-1.576074
-1.568066
-1.636788
-1.690104
-1.744544
-1.707377
-1.636448
-1.600418
-1.599378
-1.539613
-1.447541
-1.316043
-1.140528
-0.939108
-0.888010
-1.044032
-1.207290
-1.269291
-1.334886
-1.524196
-1.687725
-1.760752
-1.803428
-1.830767
-1.827199
-1.784044
-1.714499
-1.709683
-1.686295
-1.616856
-1.509186
-1.355894
-1.168545
-0.965700
-0.888775
-1.049611
-1.231264
-1.276209
-1.370896
-1.549046
-1.676954
-1.705240
-1.731088
-1.759611
-1.840872
-1.829488
-1.752571
-1.644708
-1.617366
-1.570025
-1.479350
-1.325760
-1.135907
-0.933288
-0.888000
-1.029020
-1.113605
-1.181217
-1.239217
-1.428289
-1.591222
-1.631003
-1.668635
-1.689355
-1.749668
-1.721581
-1.667061
-1.628201
-1.636803
-1.585153
-1.502594
-1.371144
-1.198698
-0.997377
-0.888016
-1.045381
-1.215053
-1.267528
-1.309286
-1.442489
-1.614044
-1.699825
-1.762476
-1.796210
-1.827079
-1.789143
-1.720513
-1.630023
-1.616620
-1.563557
-1.472806
-1.323105
-1.137520
-0.935901
-0.888000
-1.003692
-1.122381
-1.182075
-1.288776
-1.459908
-1.570076
-1.589426
-1.632903
-1.700060
-1.721571
-1.701151
-1.671591
-1.697575
-1.713006
-1.670417
-1.587763
-1.482239
-1.343148
-1.163148
-0.959146
-1.011394
-1.205152
-1.362917
-1.458884
-1.649798
-1.831577
-1.904469
-1.959925
-1.996542
-1.970516
-1.910233
-1.831885
-1.801015
-1.766208
-1.680158
-1.556072
-1.386509
-1.190820
-0.986824
-0.888002
-1.011668
-1.208445
-1.296370
-1.378495
-1.529099
-1.662472
-1.725467
-1.776923
-1.830219
-1.897545
-1.868692
-1.815734
-1.783026
-1.799375
-1.754745
-1.664578
-1.535158
-1.377805
-1.186586
-0.983696
-1.017766
-1.207584
-1.348066
-1.399518
-1.577623
-1.763166
-1.875360
-1.965359
-2.013358
-1.995751
-1.943132
-1.880073
-1.894695
-1.874522
-1.806372
-1.702082
-1.547812
-1.366926
-1.164722
-0.955805
-1.011375
-1.204812
-1.331480
-1.411739
-1.591094
-1.776372
-1.870448
-1.928975
-1.960210
-1.991983
-1.955769
-1.878326
-1.773698
-1.729687
-1.665370
-1.545205
-1.380264
-1.186055
-0.982419
-0.888002
-1.002893
-1.150453
-1.257246
-1.396647
-1.585464
-1.706874
-1.737459
-1.789563
-1.858560
-1.888997
-1.866511
-1.823466
-1.842480
-1.829371
-1.764426
-1.666918
-1.534572
-1.371084
-1.174294
-0.968450
-0.999859
-1.186089
-1.259762
-1.327476
-1.505302
-1.679885
-1.749144
-1.786664
-1.786244
-1.832278
-1.799295
-1.720407
-1.597052
-1.585458
-1.527978
-1.422035
-1.273028
-1.089765
-0.888301
-0.888002
-0.995858
-1.087349
-1.156584
-1.212924
-1.353311
-1.532948
-1.594622
-1.660117
-1.685606
-1.731573
-1.698931
-1.653943
-1.621754
-1.630738
-1.578601
-1.484535
-1.357907
-1.187928
-0.986491
-0.888404
-0.984053
-1.176054
-1.257798
-1.328903
-1.484887
-1.651775
-1.722365
-1.749393
-1.738459
-1.761594
-1.723620
-1.677006
-1.622418
-1.633870
-1.582553
-1.479756
-1.331990
-1.146930
-0.945484
-0.888002
-0.966187
-1.130532
-1.187292
-1.234226
-1.352619
-1.513027
-1.589718
-1.614279
-1.630890
-1.679576
-1.669901
-1.631315
-1.581519
-1.611555
-1.573566
-1.492556
-1.379331
-1.226644
-1.030847
-0.888000
-0.969936
-1.151267
-1.212317
-1.255115
-1.381240
-1.571895
-1.646231
-1.673267
-1.670886
-1.708819
-1.678216
-1.628417
-1.545045
-1.559515
-1.507226
-1.406784
-1.255510
-1.065203
-0.888004
-0.888000
-0.964557
-1.094511
-1.143203
-1.185745
-1.328060
-1.466889
-1.510233
-1.521989
-1.549348
-1.621099
-1.637447
-1.587640
-1.504506
-1.511885
-1.481056
-1.404036
-1.289379
-1.133980
-0.938986
-0.888001
-0.970886
-1.165293
-1.325347
-1.348839
-1.416636
-1.586066
-1.712295
-1.761134
-1.783532
-1.797179
-1.768826
-1.741250
-1.760241
-1.761990
-1.710478
-1.619677
-1.485760
-1.313767
-1.113301
-0.911651
-0.967181
-1.146406
-1.224533
-1.306541
-1.469769
-1.661330
-1.718278
-1.726060
-1.767279
-1.793248
-1.775732
-1.744691
-1.729418
-1.748455
-1.708627
-1.629528
-1.514676
-1.369653
-1.185516
-0.983697
-0.967163
-1.147785
-1.225442
-1.292394
-1.443343
-1.635794
-1.735099
-1.764740
-1.776141
-1.808710
-1.773998
-1.730393
-1.672859
-1.685526
-1.640316
-1.546414
-1.413863
-1.245200
-1.046065
-0.888002
-0.929951
-1.109089
-1.179120
-1.234524
-1.338171
-1.496505
-1.572204
-1.589223
-1.608528
-1.658071
-1.667476
-1.614250
-1.517153
-1.512273
-1.485790
-1.408532
-1.295712
-1.143045
-0.947747
-0.888002
-0.929750
-1.113785
-1.187182
-1.232267
-1.335898
-1.496489
-1.595994
-1.630962
-1.651944
-1.681652
-1.675420
-1.633591
-1.562387
-1.598406
-1.565391
-1.485855
-1.371720
-1.220578
-1.030284
-0.888002
-0.930053
-1.095605
-1.162092
-1.216291
-1.321497
-1.496806
-1.581785
-1.608364
-1.648187
-1.683765
-1.669595
-1.627934
-1.567968
-1.594386
-1.553620
-1.466613
-1.341031
-1.182005
-0.987767
-0.888003
-0.929448
-1.049744
-1.124130
-1.184325
-1.284315
-1.451166
-1.533954
-1.570073
-1.605614
-1.638897
-1.623076
-1.583152
-1.521507
-1.546967
-1.505248
-1.417271
-1.293083
-1.129203
-0.930470
-0.888003
-0.928902
-1.056640
-1.115041
-1.156707
-1.191136
-1.309616
-1.385808
-1.395305
-1.428553
-1.477055
-1.481038
-1.424065
-1.329203
-1.321303
-1.278544
-1.185218
-1.060410
-0.888592
-0.888000
-0.888020
-0.928578
-1.074126
-1.108847
-1.145467
-1.242908
-1.341116
-1.394961
-1.408303
-1.455261
-1.493864
-1.483503
-1.437702
-1.395619
-1.421225
-1.376223
-1.283824
-1.161261
-0.996783
-0.887942
-0.888003
-0.930009
-1.078020
-1.123217
-1.157693
-1.219785
-1.336672
-1.428071
-1.467573
-1.498418
-1.551380
-1.556145
-1.500881
-1.415561
-1.418865
-1.390208
-1.302428
-1.173747
-0.987179
-0.888085
-0.887999
-0.888001
-1.081732
-1.208649
-1.269510
-1.420907
-1.539114
-1.571646
-1.616398
-1.662562
-1.744491
-1.807335
-1.706442
-1.556698
-1.482180
-1.429782
-1.310538
-1.154540
-0.964845
-0.888148
-0.887999
-0.888002
-1.043306
-1.132350
-1.246311
-1.440611
-1.609507
-1.665009
-1.719860
-1.801515
-1.834952
-1.783061
-1.739937
-1.701651
-1.731521
-1.697304
-1.617522
-1.510358
-1.362933
-1.184282
-0.980843
-0.888002
-1.072673
-1.170719
-1.253780
-1.393018
-1.590252
-1.746375
-1.803295
-1.829585
-1.850931
-1.835895
-1.807889
-1.747953
-1.776697
-1.746046
-1.670633
-1.569661
-1.424432
-1.245939
-1.044369
-0.888003
-1.079919
-1.216598
-1.289384
-1.421839
-1.618448
-1.754112
-1.785414
-1.799519
-1.817956
-1.842521
-1.808012
-1.740539
-1.711056
-1.691405
-1.623363
-1.518840
-1.357642
-1.164201
-0.962729
-0.888027
-1.077713
-1.173477
-1.237255
-1.300931
-1.487870
-1.643733
-1.692693
-1.722864
-1.733068
-1.769731
-1.734294
-1.664971
-1.657457
-1.642626
-1.575230
-1.490207
-1.357410
-1.189248
-0.988357
-0.888003
-1.088789
-1.273330
-1.343928
-1.419906
-1.614269
-1.771302
-1.824254
-1.853936
-1.860615
-1.845786
-1.804402
-1.745734
-1.706064
-1.685142
-1.605681
-1.483701
-1.301203
-1.096196
-0.894815
-0.888001
-1.086217
-1.267446
-1.323522
-1.437581
-1.590486
-1.658848
-1.664716
-1.766855
-1.849553
-1.887746
-1.848525
-1.780228
-1.790551
-1.775090
-1.708054
-1.612887
-1.473981
-1.307303
-1.108477
-0.906923
-1.051859
-1.237554
-1.375539
-1.436119
-1.613229
-1.798684
-1.924442
-2.000968
-2.013820
-1.968868
-1.918824
-1.862221
-1.810997
-1.798836
-1.731775
-1.623608
-1.454241
-1.261375
-1.059043
-0.888000
-1.048106
-1.215319
-1.298374
-1.431445
-1.602091
-1.698425
-1.729497
-1.788497
-1.847417
-1.874720
-1.849610
-1.801223
-1.798681
-1.795241
-1.738112
-1.650166
-1.513941
-1.348329
-1.150683
-0.941396
-1.057794
-1.244230
-1.346043
-1.398016
-1.563155
-1.745159
-1.863064
-1.942606
-1.965291
-1.954378
-1.900842
-1.823723
-1.749182
-1.744238
-1.684419
-1.585816
-1.433602
-1.244407
-1.042902
-0.888000
-1.041821
-1.144674
-1.207253
-1.328541
-1.500952
-1.603855
-1.645827
-1.720072
-1.771841
-1.812240
-1.775406
-1.710826
-1.676612
-1.677159
-1.620173
-1.532179
-1.402019
-1.222105
-1.020017
-0.888001
-1.052153
-1.243822
-1.353786
-1.419352
-1.614922
-1.802170
-1.898141
-1.954822
-1.972365
-1.923567
-1.886648
-1.876958
-1.893528
-1.853778
-1.770071
-1.656225
-1.487703
-1.290040
-1.088558
-0.948109
-1.089737
-1.284234
-1.387847
-1.483799
-1.644246
-1.771231
-1.793106
-1.787199
-1.776095
-1.817210
-1.776617
-1.705388
-1.626283
-1.634133
-1.581192
-1.495575
-1.355507
-1.181171
-0.979842
-0.888007
-1.038492
-1.166010
-1.222896
-1.269870
-1.430108
-1.591519
-1.643010
-1.685151
-1.686670
-1.745756
-1.706471
-1.638342
-1.578690
-1.584956
-1.529932
-1.437647
-1.299505
-1.114291
-0.912865
-0.888002
-1.006476
-1.185274
-1.240287
-1.281111
-1.434269
-1.607128
-1.661610
-1.694803
-1.690327
-1.724844
-1.681735
-1.619419
-1.539568
-1.552770
-1.499499
-1.402879
-1.250058
-1.060029
-0.888000
-0.888005
-0.997485
-1.100630
-1.156891
-1.203193
-1.358199
-1.513519
-1.549993
-1.607606
-1.626729
-1.685841
-1.658703
-1.599076
-1.510574
-1.532481
-1.485488
-1.394570
-1.253366
-1.079564
-0.887996
-0.888029
-1.003194
-1.143026
-1.192954
-1.233634
-1.360168
-1.534195
-1.609449
-1.669931
-1.674281
-1.710530
-1.674614
-1.622561
-1.584238
-1.597052
-1.546720
-1.461158
-1.329268
-1.145989
-0.944579
-0.888002
-1.006832
-1.184932
-1.234019
-1.276052
-1.408869
-1.573334
-1.658238
-1.711153
-1.707658
-1.748276
-1.709668
-1.646993
-1.562944
-1.583199
-1.535310
-1.446669
-1.305282
-1.126632
-0.924746
-0.888001
-1.001359
-1.128515
-1.181405
-1.228015
-1.372742
-1.533873
-1.591420
-1.615285
-1.632289
-1.693148
-1.676386
-1.629395
-1.587200
-1.606309
-1.561733
-1.478915
-1.354964
-1.189627
-0.989406
-0.888002
-1.005535
-1.146300
-1.205251
-1.254125
-1.372624
-1.544169
-1.626823
-1.672570
-1.676767
-1.726144
-1.687199
-1.631737
-1.571697
-1.580356
-1.526156
-1.428304
-1.287024
-1.102455
-0.901053
-0.888001
-0.996332
-1.091230
-1.145197
-1.190657
-1.329841
-1.460854
-1.503412
-1.500118
-1.541522
-1.593434
-1.566436
-1.511369
-1.433214
-1.458728
-1.412647
-1.328774
-1.208191
-1.046322
-0.887999
-0.888001
-0.966293
-1.147750
-1.195107
-1.233818
-1.388547
-1.532711
-1.630598
-1.670128
-1.710827
-1.757530
-1.711476
-1.652583
-1.653281
-1.661134
-1.611272
-1.515133
-1.379331
-1.209634
-1.008762
-0.887999
-0.968601
-1.140177
-1.208753
-1.302442
-1.490137
-1.663317
-1.714292
-1.724155
-1.769228
-1.805974
-1.770408
-1.723512
-1.710275
-1.717449
-1.668686
-1.576471
-1.452218
-1.293698
-1.104533
-0.902827
-0.967845
-1.160560
-1.279987
-1.378631
-1.563372
-1.727692
-1.804972
-1.883413
-1.941073
-2.005326
-1.963158
-1.867434
-1.784476
-1.779489
-1.733527
-1.631851
-1.487963
-1.313613
-1.110386
-0.907517
-0.971358
-1.156149
-1.247135
-1.332163
-1.519943
-1.711768
-1.836667
-1.917007
-1.988226
-2.003089
-1.989352
-1.966174
-1.997308
-1.985831
-1.928926
-1.832124
-1.699209
-1.543857
-1.354664
-1.144751
-1.087043
-1.273985
-1.372034
-1.480264
-1.666142
-1.839166
-1.893589
-1.946540
-2.016996
-2.018078
-1.977846
-1.926930
-1.909320
-1.901949
-1.842659
-1.742703
-1.612363
-1.452148
-1.255154
-1.046427
-0.999339
-1.191558
-1.314651
-1.387916
-1.532990
-1.726674
-1.859944
-1.938970
-1.978270
-1.990152
-1.943462
-1.881284
-1.808378
-1.811321
-1.754615
-1.662511
-1.528126
-1.363360
-1.163952
-0.957909
-0.969191
-1.160571
-1.244086
-1.333146
-1.497269
-1.645510
-1.694751
-1.708814
-1.728256
-1.774412
-1.807786
-1.765150
-1.676837
-1.688304
-1.655606
-1.578816
-1.467877
-1.322062
-1.134516
-0.926714
-0.970935
-1.168291
-1.343382
-1.386207
-1.452429
-1.602007
-1.763310
-1.886215
-1.943984
-1.938773
-1.866847
-1.789252
-1.749353
-1.743376
-1.684819
-1.582966
-1.441535
-1.254511
-1.053427
-0.888001
-0.929812
-1.110759
-1.191477
-1.286324
-1.446998
-1.609491
-1.664525
-1.687870
-1.711651
-1.759840
-1.766743
-1.706130
-1.596981
-1.594935
-1.564038
-1.484985
-1.368664
-1.213748
-1.017704
-0.888003
-0.930565
-1.091097
-1.165817
-1.225516
-1.336289
-1.521098
-1.613936
-1.652051
-1.679129
-1.715714
-1.707871
-1.659631
-1.573953
-1.586323
-1.558668
-1.475137
-1.345198
-1.170959
-0.970016
-0.888002
-0.929212
-1.080107
-1.141949
-1.190993
-1.308311
-1.440401
-1.497843
-1.501466
-1.535808
-1.600041
-1.613708
-1.545414
-1.428326
-1.415713
-1.395016
-1.321463
-1.214965
-1.067333
-0.887998
-0.888003
-0.929608
-1.115173
-1.220590
-1.254223
-1.328882
-1.492767
-1.605538
-1.648972
-1.685975
-1.720138
-1.714910
-1.669170
-1.596371
-1.634609
-1.615356
-1.538085
-1.416867
-1.254909
-1.061024
-0.888002
-0.930131
-1.108839
-1.172447
-1.225141
-1.354536
-1.515874
-1.579375
-1.578463
-1.610363
-1.668744
-1.689210
-1.620946
-1.498299
-1.480309
-1.449890
-1.367959
-1.250415
-1.105469
-0.924161
-0.888003
-0.929336
-1.055212
-1.118463
-1.170382
-1.278454
-1.444845
-1.522084
-1.555804
-1.598831
-1.638210
-1.636095
-1.589558
-1.523247
-1.546951
-1.503170
-1.413080
-1.287782
-1.121226
-0.921469
-0.888003
-0.929756
-1.043957
-1.103243
-1.146075
-1.176337
-1.280839
-1.354403
-1.372756
-1.406216
-1.465198
-1.485565
-1.419156
-1.308832
-1.265051
-1.217367
-1.118094
-0.998142
-0.888034
-0.888000
-0.888052
-0.888002
-1.091238
-1.227440
-1.262680
-1.353298
-1.403367
-1.372049
-1.361656
-1.431814
-1.498431
-1.529674
-1.490860
-1.443576
-1.467493
-1.426550
-1.328951
-1.205405
-1.050040
-0.887999
-0.887999
-0.888002
-1.081479
-1.236900
-1.280230
-1.409820
-1.581982
-1.684633
-1.728277
-1.778429
-1.820762
-1.826106
-1.778991
-1.708477
-1.743774
-1.718961
-1.640865
-1.531713
-1.371720
-1.186075
-0.984489
-0.888002
-1.084740
-1.225447
-1.295426
-1.399374
-1.593021
-1.761906
-1.817117
-1.860220
-1.895272
-1.896973
-1.841834
-1.755095
-1.720346
-1.697075
-1.615686
-1.495450
-1.321899
-1.122860
-0.921367
-0.888002
-1.080764
-1.218653
-1.284725
-1.430253
-1.599489
-1.654208
-1.684798
-1.754086
-1.819333
-1.849784
-1.771558
-1.643301
-1.622587
-1.599231
-1.519763
-1.408655
-1.250058
-1.057889
-0.888000
-0.888002
-1.077176
-1.155173
-1.221175
-1.338580
-1.531824
-1.664780
-1.691623
-1.703177
-1.723147
-1.753016
-1.696494
-1.596588
-1.562012
-1.533702
-1.449860
-1.328544
-1.157121
-0.960624
-0.888000
-0.888003
-1.081939
-1.233525
-1.262879
-1.360162
-1.492764
-1.568292
-1.585925
-1.613392
-1.678976
-1.742241
-1.668767
-1.537014
-1.495480
-1.477647
-1.401722
-1.291776
-1.129980
-0.942583
-0.888000
-0.888002
-1.079207
-1.204227
-1.245420
-1.375713
-1.558057
-1.664913
-1.689436
-1.710248
-1.738633
-1.770840
-1.719367
-1.621375
-1.639927
-1.623939
-1.553775
-1.443511
-1.290359
-1.101972
-0.899764
-0.888000
-1.043264
-1.138147
-1.206306
-1.311886
-1.506950
-1.650484
-1.688157
-1.722342
-1.752570
-1.786405
-1.735402
-1.646595
-1.598985
-1.574853
-1.500233
-1.387787
-1.229164
-1.041321
-0.888002
-0.887999
-1.032008
-1.117385
-1.191530
-1.359254
-1.549833
-1.656153
-1.688140
-1.727205
-1.757702
-1.778592
-1.745357
-1.677256
-1.703292
-1.679901
-1.605530
-1.501833
-1.353000
-1.165265
-0.963859
-0.888001
-1.043177
-1.187388
-1.251862
-1.328520
-1.489653
-1.617177
-1.656384
-1.681849
-1.687271
-1.717689
-1.671455
-1.596751
-1.535937
-1.528185
-1.464676
-1.354442
-1.195609
-1.002653
-0.888002
-0.888001
-1.009560
-1.087957
-1.145669
-1.190879
-1.353746
-1.470166
-1.482194
-1.532993
-1.558583
-1.610046
-1.562200
-1.483152
-1.452145
-1.447799
-1.384423
-1.293588
-1.165758
-0.972336
-0.888000
-0.888000
-1.039634
-1.194133
-1.245312
-1.285777
-1.422318
-1.562916
-1.650549
-1.712433
-1.703563
-1.694260
-1.653085
-1.591410
-1.615438
-1.614464
-1.557491
-1.459338
-1.317971
-1.145564
-0.947225
-0.887360
-1.048910
-1.226010
-1.266050
-1.340678
-1.525472
-1.650363
-1.645562
-1.654064
-1.664856
-1.718961
-1.669930
-1.578920
-1.528509
-1.518234
-1.451233
-1.343949
-1.189702
-1.003513
-0.888002
-0.888000
-1.036150
-1.113615
-1.166257
-1.205082
-1.376504
-1.507783
-1.532861
-1.570841
-1.595693
-1.658869
-1.609614
-1.521852
-1.486171
-1.477159
-1.412055
-1.313693
-1.184862
-0.997040
-0.888000
-0.888000
-1.002007
-1.119828
-1.178601
-1.224555
-1.347816
-1.463909
-1.524340
-1.585666
-1.613950
-1.649479
-1.609538
-1.542097
-1.537994
-1.532923
-1.472649
-1.371797
-1.228369
-1.052660
-0.888000
-0.888307
-1.006502
-1.170707
-1.215156
-1.249560
-1.395059
-1.531180
-1.577690
-1.617279
-1.640287
-1.683028
-1.638682
-1.566496
-1.537140
-1.533908
-1.474062
-1.367695
-1.221587
-1.041735
-0.888000
-0.888002
-1.001866
-1.099962
-1.159108
-1.203594
-1.360007
-1.507694
-1.554622
-1.584563
-1.608209
-1.663374
-1.628407
-1.562990
-1.554382
-1.548696
-1.489090
-1.398252
-1.277873
-1.097013
-0.895580
-0.888000
-1.000253
-1.197597
-1.283415
-1.360484
-1.535616
-1.678342
-1.685160
-1.684976
-1.687939
-1.715490
-1.672309
-1.601490
-1.593889
-1.595453
-1.539644
-1.438554
-1.297553
-1.122852
-0.923635
-0.888001
-1.002450
-1.119485
-1.186213
-1.239151
-1.411581
-1.571765
-1.621075
-1.664014
-1.685686
-1.733564
-1.693235
-1.619433
-1.599675
-1.595125
-1.536827
-1.445915
-1.323949
-1.138555
-0.937053
-0.888003
-1.005868
-1.180258
-1.244112
-1.306724
-1.473898
-1.614314
-1.637484
-1.649526
-1.652466
-1.680958
-1.633782
-1.559971
-1.498110
-1.494918
-1.434161
-1.331623
-1.185207
-1.003970
-0.888000
-0.888002
-0.996433
-1.075694
-1.134447
-1.177320
-1.302400
-1.449991
-1.502024
-1.525504
-1.555053
-1.614885
-1.583490
-1.532665
-1.522878
-1.526891
-1.473464
-1.383517
-1.274005
-1.098567
-0.897390
-0.888019
-0.966011
-1.167361
-1.303222
-1.371988
-1.524862
-1.676439
-1.705776
-1.647836
-1.656491
-1.680994
-1.651124
-1.612094
-1.639603
-1.654239
-1.613120
-1.526480
-1.401970
-1.247429
-1.066856
-0.887998
-0.967046
-1.159143
-1.263079
-1.329453
-1.503886
-1.678841
-1.742462
-1.770794
-1.779325
-1.782960
-1.735301
-1.666991
-1.624786
-1.613033
-1.548666
-1.446079
-1.317229
-1.149981
-0.952358
-0.888002
-0.965007
-1.078478
-1.155896
-1.229839
-1.341984
-1.435362
-1.520744
-1.588931
-1.628698
-1.658482
-1.625002
-1.572016
-1.532195
-1.527486
-1.470004
-1.376136
-1.258005
-1.097592
-0.902375
-0.888009
-0.996850
-1.134957
-1.202759
-1.267050
-1.433858
-1.570456
-1.604755
-1.621707
-1.651059
-1.699329
-1.673622
-1.627591
-1.637097
-1.630909
-1.572067
-1.478529
-1.362588
-1.181116
-0.979878
-0.888003
-0.968328
-1.169941
-1.312541
-1.353340
-1.496136
-1.685364
-1.774125
-1.815128
-1.824057
-1.801620
-1.745706
-1.683359
-1.642788
-1.655129
-1.608761
-1.519266
-1.391280
-1.228389
-1.034369
-0.888011
-0.968456
-1.135339
-1.200865
-1.252701
-1.434934
-1.594853
-1.632176
-1.676482
-1.689739
-1.718802
-1.681323
-1.623655
-1.587461
-1.595536
-1.543779
-1.450806
-1.326438
-1.153435
-0.952152
-0.888002
-0.971260
-1.171526
-1.291938
-1.318470
-1.473560
-1.662975
-1.737559
-1.760810
-1.757383
-1.735562
-1.676030
-1.614946
-1.555966
-1.569546
-1.525575
-1.429526
-1.287970
-1.103882
-0.902480
-0.888001
-0.928635
-1.029845
-1.107667
-1.165194
-1.271812
-1.407382
-1.445509
-1.482343
-1.521416
-1.561010
-1.557109
-1.515465
-1.431743
-1.460107
-1.417497
-1.328306
-1.223403
-1.058495
-0.888000
-0.888032
-0.930137
-1.115333
-1.230246
-1.264271
-1.346538
-1.490116
-1.598342
-1.647607
-1.696689
-1.700654
-1.654627
-1.614078
-1.636762
-1.646528
-1.598461
-1.505660
-1.378139
-1.215392
-1.019612
-0.888001
-0.930851
-1.117142
-1.190761
-1.245146
-1.389051
-1.564446
-1.625905
-1.679606
-1.710401
-1.743757
-1.707179
-1.632135
-1.534535
-1.534943
-1.477148
-1.371355
-1.233335
-1.040939
-0.887971
-0.888001
-0.929361
-1.029120
-1.097169
-1.148513
-1.235939
-1.370608
-1.410970
-1.443078
-1.489636
-1.547212
-1.556952
-1.500584
-1.391148
-1.413488
-1.370924
-1.283802
-1.171810
-1.020822
-0.888000
-0.888031
-0.929338
-1.095286
-1.165647
-1.195389
-1.266792
-1.371272
-1.424688
-1.455846
-1.521433
-1.545131
-1.530917
-1.499834
-1.477441
-1.497094
-1.453820
-1.365391
-1.241040
-1.084708
-0.893570
-0.887999
-0.929706
-1.128400
-1.302053
-1.357331
-1.465274
-1.594232
-1.657033
-1.654420
-1.662910
-1.682729
-1.679065
-1.636572
-1.589966
-1.606292
-1.565364
-1.476086
-1.350302
-1.195796
-1.011264
-0.888002
-0.929395
-1.122066
-1.218977
-1.264454
-1.392227
-1.578396
-1.670638
-1.695162
-1.712793
-1.743730
-1.733314
-1.672963
-1.589387
-1.600487
-1.554471
-1.463284
-1.340837
-1.184863
-1.004163
-0.888000
-0.891231
-1.094980
-1.262386
-1.302991
-1.475393
-1.664761
-1.735170
-1.738233
-1.748531
-1.774598
-1.746260
-1.693444
-1.649630
-1.654788
-1.606065
-1.514268
-1.393366
-1.243388
-1.064248
-0.887998
-0.888001
-1.087706
-1.220909
-1.274393
-1.401110
-1.595553
-1.708570
-1.747259
-1.778574
-1.816985
-1.822168
-1.778924
-1.721366
-1.745576
-1.711896
-1.634529
-1.526334
-1.381294
-1.203624
-1.003411
-0.888408
-1.084400
-1.230334
-1.295264
-1.469979
-1.666491
-1.773491
-1.818227
-1.851344
-1.883276
-1.858747
-1.791902
-1.690463
-1.703738
-1.662743
-1.573575
-1.452736
-1.278625
-1.079460
-0.887993
-0.888296
-1.072534
-1.182312
-1.252623
-1.442078
-1.633559
-1.702656
-1.740724
-1.768438
-1.792174
-1.781320
-1.726498
-1.623683
-1.627825
-1.590326
-1.502996
-1.388869
-1.235847
-1.045796
-0.888001
-0.888049
-1.051668
-1.136648
-1.201142
-1.270721
-1.428361
-1.517882
-1.539284
-1.573615
-1.582845
-1.631267
-1.593886
-1.512338
-1.489533
-1.477524
-1.408488
-1.322615
-1.191097
-0.995441
-0.887999
-0.887997
-1.085198
-1.255143
-1.299992
-1.377079
-1.551002
-1.675033
-1.714423
-1.740106
-1.736282
-1.708664
-1.669481
-1.609707
-1.656255
-1.651113
-1.589225
-1.490383
-1.344691
-1.175911
-0.979051
-0.888755
-1.087654
-1.249258
-1.302860
-1.450163
-1.647153
-1.765063
-1.799053
-1.831925
-1.863781
-1.859119
-1.801802
-1.701280
-1.709903
-1.682207
-1.602265
-1.491570
-1.324969
-1.131979
-0.930523
-0.888002
-1.073213
-1.163759
-1.230573
-1.347186
-1.538004
-1.645064
-1.656200
-1.681481
-1.700718
-1.751860
-1.711647
-1.623899
-1.594006
-1.578835
-1.508679
-1.410641
-1.262022
-1.071902
-0.888001
-0.888004
-1.042344
-1.175884
-1.231546
-1.312024
-1.479453
-1.603180
-1.654077
-1.701946
-1.713817
-1.709884
-1.665007
-1.597474
-1.579791
-1.576061
-1.516308
-1.412342
-1.270280
-1.089210
-0.888818
-0.888005
-1.051546
-1.230381
-1.272955
-1.368829
-1.553243
-1.656065
-1.648398
-1.666207
-1.678780
-1.723211
-1.684189
-1.607951
-1.591707
-1.587235
-1.526609
-1.431963
-1.296993
-1.105776
-0.904288
-0.912028
-1.069335
-1.237647
-1.298018
-1.428399
-1.620699
-1.698317
-1.720864
-1.745442
-1.770587
-1.760471
-1.705426
-1.619029
-1.601202
-1.576285
-1.498363
-1.382634
-1.212322
-1.016007
-0.888000
-0.888872
-1.042238
-1.166128
-1.214752
-1.262551
-1.404450
-1.539455
-1.582543
-1.622883
-1.627778
-1.684612
-1.651809
-1.587038
-1.542029
-1.550954
-1.499010
-1.413892
-1.291598
-1.100795
-0.899359
-0.888003
-1.050565
-1.235666
-1.306355
-1.339344
-1.491028
-1.661579
-1.718342
-1.754832
-1.752577
-1.781062
-1.746687
-1.687817
-1.675547
-1.674106
-1.620595
-1.522363
-1.371359
-1.188308
-0.986218
-0.889009
-1.052922
-1.225964
-1.275918
-1.369189
-1.556878
-1.710531
-1.732862
-1.749516
-1.749927
-1.791495
-1.759376
-1.697983
-1.699434
-1.686644
-1.622465
-1.526436
-1.386628
-1.213864
-1.013362
-0.888001
-1.048823
-1.232748
-1.315322
-1.360564
-1.543006
-1.719667
-1.801227
-1.841650
-1.849706
-1.855958
-1.813904
-1.758063
-1.698116
-1.697555
-1.638640
-1.533139
-1.370741
-1.178073
-0.974272
-0.888002
-1.004200
-1.166280
-1.254234
-1.389951
-1.551751
-1.656207
-1.678639
-1.757138
-1.834813
-1.861524
-1.829829
-1.781212
-1.795211
-1.783876
-1.718394
-1.619196
-1.486842
-1.319722
-1.120369
-0.912226
-1.011436
-1.203466
-1.320546
-1.373005
-1.525881
-1.708037
-1.806380
-1.860108
-1.856842
-1.854378
-1.801909
-1.730797
-1.632152
-1.626453
-1.572629
-1.471872
-1.314806
-1.123573
-0.922063
-0.888015
-1.001133
-1.093788
-1.153008
-1.236086
-1.389955
-1.524513
-1.541034
-1.614352
-1.657136
-1.714885
-1.678052
-1.624443
-1.567038
-1.587987
-1.543975
-1.459622
-1.339951
-1.178270
-0.979278
-0.888258
-1.008091
-1.198876
-1.278422
-1.317205
-1.510842
-1.700850
-1.777765
-1.794077
-1.816734
-1.785057
-1.760606
-1.751644
-1.773791
-1.739329
-1.657462
-1.538920
-1.369268
-1.168231
-0.966767
-0.888002
-1.012740
-1.214062
-1.370599
-1.442572
-1.532192
-1.636367
-1.743602
-1.820376
-1.834173
-1.856988
-1.827528
-1.735198
-1.615945
-1.560419
-1.515453
-1.415197
-1.264757
-1.070344
-0.887997
-0.888003
-0.990738
-1.071789
-1.135310
-1.186183
-1.326540
-1.472713
-1.535615
-1.611306
-1.670092
-1.719831
-1.690320
-1.639395
-1.641012
-1.635256
-1.575562
-1.483774
-1.353198
-1.178284
-0.976996
-0.888002
-1.008060
-1.192757
-1.295174
-1.333165
-1.411884
-1.556901
-1.662942
-1.733732
-1.748663
-1.752591
-1.702875
-1.642523
-1.600917
-1.604519
-1.551793
-1.452379
-1.309285
-1.138094
-0.938087
-0.888001
-0.963805
-1.059651
-1.133546
-1.190784
-1.294822
-1.428760
-1.490976
-1.550173
-1.571558
-1.611910
-1.574492
-1.518328
-1.472582
-1.471463
-1.411998
-1.316218
-1.197345
-1.016944
-0.888009
-0.888000
-0.964572
-1.097137
-1.148625
-1.184672
-1.252565
-1.368168
-1.413475
-1.434860
-1.479490
-1.527768
-1.511025
-1.464801
-1.411056
-1.433535
-1.390291
-1.303406
-1.181559
-1.030503
-0.888012
-0.888197
-0.965812
-1.143703
-1.184398
-1.214352
-1.326462
-1.482494
-1.552206
-1.573079
-1.587057
-1.618776
-1.586913
-1.543108
-1.529611
-1.546519
-1.503584
-1.416141
-1.292179
-1.125479
-0.927775
-0.888001
-0.966792
-1.147275
-1.199152
-1.240602
-1.356480
-1.503569
-1.579548
-1.602349
-1.628516
-1.670813
-1.638857
-1.587756
-1.561471
-1.577405
-1.533141
-1.443499
-1.318625
-1.160409
-0.976120
-0.888000
-0.967828
-1.156438
-1.263079
-1.320703
-1.456961
-1.595587
-1.665990
-1.693789
-1.710315
-1.755925
-1.719956
-1.661164
-1.634947
-1.637801
-1.586173
-1.489479
-1.356506
-1.195859
-1.004920
-0.887999
-0.969981
-1.144525
-1.203176
-1.251014
-1.373913
-1.523331
-1.598074
-1.649679
-1.687776
-1.749208
-1.706770
-1.635031
-1.572798
-1.567584
-1.510062
-1.407459
-1.277563
-1.110951
-0.913754
-0.888002
-0.966282
-1.074934
-1.142433
-1.195920
-1.287017
-1.430310
-1.504246
-1.561113
-1.594059
-1.655168
-1.647063
-1.591823
-1.543762
-1.547414
-1.493267
-1.399823
-1.282848
-1.122573
-0.926040
-0.888000
-0.929430
-1.096877
-1.164421
-1.210882
-1.297182
-1.420379
-1.490492
-1.541019
-1.584093
-1.616322
-1.599875
-1.553438
-1.489701
-1.505010
-1.459183
-1.368785
-1.250789
-1.092376
-0.897820
-0.888214
-0.928819
-1.042681
-1.111278
-1.162021
-1.216987
-1.348502
-1.426261
-1.478140
-1.520733
-1.551074
-1.545978
-1.504990
-1.440926
-1.467000
-1.426648
-1.341483
-1.239493
-1.077509
-0.887996
-0.888043
-0.929527
-1.107542
-1.212128
-1.252683
-1.330139
-1.447108
-1.530387
-1.569614
-1.608104
-1.631043
-1.625601
-1.587629
-1.541134
-1.572843
-1.543715
-1.464891
-1.349060
-1.202249
-1.023629
-0.888000
-0.930290
-1.110852
-1.174717
-1.224154
-1.329568
-1.495587
-1.583573
-1.650476
-1.690997
-1.732731
-1.697045
-1.632492
-1.561211
-1.566727
-1.513311
-1.416077
-1.288235
-1.112938
-0.911943
-0.888002
-0.929692
-1.029304
-1.102788
-1.158610
-1.233382
-1.364714
-1.423871
-1.469433
-1.510229
-1.545201
-1.566790
-1.520378
-1.420779
-1.443228
-1.403275
-1.318631
-1.219078
-1.062320
-0.887999
-0.888038
-0.929387
-1.112911
-1.244923
-1.282566
-1.352771
-1.468840
-1.560361
-1.595266
-1.623246
-1.623836
-1.620608
-1.588161
-1.554342
-1.588199
-1.563101
-1.486772
-1.374625
-1.240478
-1.075605
-0.887997
-0.929776
-1.116573
-1.190495
-1.240853
-1.345439
-1.520868
-1.623080
-1.689797
-1.729700
-1.766841
-1.749158
-1.685771
-1.602528
-1.607894
-1.557383
-1.462069
-1.334261
-1.176541
-0.984373
-0.888003
-0.888222
-1.074013
-1.149783
-1.210415
-1.295048
-1.455782
-1.541840
-1.579670
-1.613381
-1.646280
-1.673030
-1.625080
-1.519229
-1.545445
-1.515436
-1.437670
-1.331607
-1.188457
-1.005992
-0.888001
-0.888461
-1.051757
-1.129887
-1.187302
-1.263030
-1.404532
-1.486556
-1.558822
-1.609005
-1.625215
-1.634853
-1.584353
-1.478868
-1.493783
-1.453115
-1.366653
-1.250137
-1.095385
-0.900609
-0.888002
-0.888020
-1.017826
-1.088727
-1.137793
-1.172647
-1.273870
-1.339778
-1.367447
-1.424839
-1.466860
-1.501757
-1.451748
-1.357207
-1.347808
-1.316267
-1.232370
-1.132738
-0.996241
-0.888000
-0.888046
-0.888002
-1.072789
-1.196259
-1.227050
-1.253195
-1.369306
-1.475417
-1.534703
-1.606587
-1.630582
-1.635501
-1.603016
-1.576599
-1.617230
-1.596546
-1.522271
-1.416042
-1.257975
-1.075792
-0.887995
-0.888003
-1.089179
-1.272426
-1.356202
-1.490445
-1.631564
-1.726672
-1.768541
-1.800139
-1.831557
-1.852362
-1.793308
-1.676550
-1.687273
-1.648339
-1.556194
-1.434992
-1.282344
-1.093353
-0.891710
-0.888001
-1.058974
-1.143204
-1.214841
-1.328602
-1.517934
-1.614662
-1.652668
-1.694050
-1.732208
-1.749513
-1.706904
-1.622054
-1.639464
-1.603501
-1.521963
-1.413725
-1.258346
-1.070883
-0.887997
-0.888001
-1.053650
-1.131275
-1.193860
-1.245032
-1.426180
-1.551280
-1.572784
-1.593486
-1.612023
-1.647158
-1.596128
-1.508412
-1.481308
-1.458865
-1.381902
-1.282297
-1.130125
-0.940207
-0.887999
-0.888267
-1.033741
-1.101014
-1.151461
-1.188893
-1.325779
-1.438997
-1.480515
-1.522791
-1.553186
-1.585055
-1.538151
-1.461805
-1.448947
-1.434727
-1.367479
-1.265339
-1.112817
-0.921969
-0.888003
-0.888000
-1.030920
-1.115010
-1.167613
-1.310921
-1.485518
-1.588993
-1.617609
-1.662679
-1.693459
-1.710558
-1.665551
-1.595405
-1.622352
-1.616510
-1.553882
-1.446037
-1.292915
-1.104559
-0.901979
-0.887999
-1.051734
-1.227353
-1.275305
-1.341564
-1.503943
-1.646156
-1.704110
-1.750841
-1.798645
-1.828253
-1.784487
-1.716082
-1.656726
-1.637772
-1.563555
-1.444740
-1.264991
-1.065311
-0.888001
-0.887999
-1.029795
-1.108707
-1.175025
-1.321266
-1.493414
-1.550506
-1.539150
-1.618265
-1.692931
-1.744005
-1.686655
-1.601997
-1.564977
-1.556276
-1.487912
-1.386064
-1.245478
-1.066215
-0.888000
-0.888002
-1.037473
-1.128140
-1.194830
-1.278603
-1.454523
-1.610517
-1.666530
-1.697430
-1.700538
-1.728242
-1.691053
-1.622818
-1.625771
-1.611088
-1.541931
-1.439475
-1.299315
-1.117122
-0.915672
-0.888001
-1.043319
-1.173813
-1.229156
-1.274111
-1.433963
-1.573198
-1.617730
-1.645977
-1.663593
-1.722121
-1.681549
-1.614155
-1.525788
-1.517422
-1.443735
-1.323388
-1.155407
-0.959462
-0.888002
-0.888001
-1.040130
-1.158624
-1.236744
-1.393325
-1.577625
-1.653018
-1.665652
-1.732075
-1.791248
-1.813732
-1.786470
-1.741546
-1.784608
-1.761941
-1.688302
-1.587781
-1.450954
-1.282035
-1.082916
-0.888068
-1.051371
-1.236524
-1.306350
-1.363312
-1.555682
-1.732863
-1.789303
-1.795059
-1.787658
-1.815490
-1.762104
-1.683379
-1.576309
-1.567315
-1.501504
-1.385861
-1.220062
-1.021537
-0.888001
-0.888001
-0.994763
-1.076600
-1.140689
-1.291934
-1.466483
-1.536057
-1.531598
-1.577721
-1.657110
-1.681136
-1.644667
-1.595888
-1.605047
-1.609619
-1.556053
-1.466498
-1.348175
-1.191713
-0.994814
-0.888002
-1.008059
-1.186196
-1.247123
-1.292253
-1.443485
-1.617362
-1.690883
-1.732321
-1.747807
-1.757737
-1.715402
-1.655400
-1.634836
-1.627012
-1.565522
-1.461368
-1.313445
-1.130283
-0.928909
-0.888001
-1.002064
-1.111313
-1.176165
-1.225903
-1.372421
-1.509564
-1.534588
-1.571076
-1.587101
-1.645893
-1.608986
-1.545914
-1.492838
-1.494363
-1.435645
-1.341187
-1.198200
-1.013638
-0.888000
-0.888002
-1.000683
-1.096853
-1.144015
-1.180436
-1.282845
-1.410811
-1.459331
-1.453350
-1.491202
-1.540949
-1.502478
-1.454137
-1.425990
-1.443315
-1.395169
-1.309715
-1.184488
-1.019264
-0.888001
-0.888005
-1.004212
-1.180681
-1.210710
-1.229517
-1.312525
-1.436602
-1.547055
-1.567332
-1.577970
-1.611366
-1.557291
-1.490216
-1.481591
-1.481061
-1.418561
-1.310414
-1.155736
-0.963795
-0.887998
-0.888002
-1.007508
-1.191658
-1.232333
-1.315737
-1.461231
-1.549270
-1.589307
-1.601615
-1.618584
-1.688253
-1.651729
-1.564664
-1.513041
-1.527122
-1.478148
-1.389755
-1.262431
-1.100240
-0.908166
-0.888002
-1.005914
-1.190861
-1.251045
-1.337135
-1.489806
-1.610328
-1.676535
-1.741141
-1.753876
-1.805730
-1.740229
-1.639367
-1.612051
-1.612496
-1.556500
-1.449481
-1.297268
-1.126843
-0.933658
-0.887998
-0.968119
-1.156921
-1.259291
-1.365004
-1.531111
-1.657343
-1.714911
-1.776279
-1.810578
-1.866242
-1.812165
-1.710018
-1.677412
-1.663757
-1.625228
-1.530052
-1.394643
-1.231285
-1.037280
-0.888002
-0.967856
-1.162455
-1.309974
-1.384319
-1.545470
-1.702796
-1.795965
-1.899908
-1.955893
-2.000555
-1.938020
-1.844439
-1.839181
-1.798181
-1.746836
-1.643141
-1.504811
-1.336305
-1.136912
-0.935215
-0.970786
-1.164676
-1.283869
-1.362238
-1.552796
-1.741975
-1.869060
-1.954290
-2.034279
-2.045415
-2.009423
-1.960801
-1.947995
-1.941564
-1.883322
-1.782016
-1.644783
-1.475844
-1.279150
-1.077479
-1.024255
-1.211730
-1.305712
-1.379188
-1.530894
-1.714432
-1.793001
-1.872699
-1.960305
-2.020566
-2.013320
-1.942064
-1.856961
-1.852990
-1.808114
-1.713933
-1.585644
-1.432960
-1.244808
-1.042813
-0.992203
-1.151552
-1.252567
-1.345081
-1.540584
-1.730806
-1.874697
-1.947313
-1.975765
-1.982011
-1.960039
-1.917439
-1.921892
-1.894970
-1.822056
-1.713068
-1.568222
-1.399148
-1.202890
-1.001711
-0.963973
-1.142378
-1.235000
-1.347451
-1.534723
-1.716981
-1.759871
-1.808560
-1.836941
-1.871444
-1.834553
-1.777292
-1.732867
-1.731477
-1.675199
-1.580060
-1.466183
-1.289024
-1.087781
-0.887997
-0.971720
-1.172742
-1.333675
-1.407337
-1.518563
-1.713505
-1.836600
-1.906369
-1.943292
-1.930644
-1.872374
-1.807701
-1.763420
-1.765339
-1.713932
-1.616818
-1.482795
-1.307740
-1.107760
-0.903737
-0.929962
-1.115078
-1.195778
-1.310796
-1.478907
-1.639780
-1.682581
-1.724391
-1.748610
-1.790875
-1.765910
-1.709913
-1.637708
-1.647530
-1.600818
-1.507587
-1.387833
-1.227966
-1.031172
-0.888001
-0.930627
-1.123457
-1.235994
-1.275421
-1.428056
-1.621759
-1.707711
-1.741347
-1.747706
-1.750813
-1.704360
-1.650082
-1.570692
-1.590142
-1.550282
-1.460505
-1.326737
-1.151159
-0.949894
-0.888001
-0.929417
-1.077224
-1.151069
-1.206020
-1.292722
-1.455280
-1.530702
-1.587718
-1.615422
-1.649739
-1.650515
-1.608186
-1.527230
-1.528934
-1.495044
-1.408459
-1.287895
-1.131725
-0.931965
-0.888002
-0.930434
-1.126161
-1.248577
-1.270841
-1.354122
-1.542509
-1.647622
-1.645503
-1.649205
-1.659229
-1.655257
-1.633474
-1.610728
-1.644974
-1.622629
-1.549200
-1.447419
-1.303359
-1.105619
-0.897732
-0.931177
-1.132186
-1.302633
-1.350013
-1.446552
-1.626884
-1.741792
-1.762421
-1.771888
-1.804038
-1.802494
-1.749879
-1.668220
-1.680872
-1.659713
-1.588666
-1.476250
-1.330836
-1.145115
-0.943009
-0.930479
-1.102357
-1.187375
-1.259744
-1.408378
-1.604533
-1.733006
-1.798853
-1.834979
-1.868906
-1.836794
-1.800262
-1.780213
-1.778360
-1.721107
-1.623978
-1.492365
-1.325780
-1.124567
-0.922994
-0.929876
-1.115493
-1.232028
-1.293001
-1.341756
-1.522718
-1.640638
-1.670542
-1.691139
-1.715576
-1.740380
-1.688488
-1.598476
-1.538457
-1.519312
-1.450918
-1.350873
-1.191228
-0.996431
-0.888001
-0.888024
-1.021241
-1.094607
-1.152111
-1.226504
-1.392136
-1.490307
-1.520555
-1.564705
-1.593445
-1.611495
-1.575410
-1.507705
-1.535618
-1.515015
-1.441375
-1.346274
-1.205356
-1.022223
-0.888002
-0.888000
-1.081568
-1.224385
-1.259697
-1.336361
-1.491526
-1.611759
-1.665721
-1.707179
-1.715959
-1.682158
-1.633683
-1.568472
-1.589158
-1.568712
-1.494861
-1.379722
-1.202562
-1.003289
-0.888000
-0.888002
-1.068787
-1.139364
-1.193682
-1.324695
-1.487143
-1.548368
-1.534408
-1.575607
-1.627370
-1.658970
-1.605836
-1.512191
-1.489691
-1.482872
-1.416310
-1.319775
-1.176632
-0.992553
-0.887997
-0.888003
-1.059169
-1.134743
-1.194143
-1.249344
-1.437041
-1.573399
-1.621975
-1.651155
-1.668370
-1.684236
-1.650245
-1.584422
-1.612486
-1.590933
-1.516552
-1.410314
-1.252872
-1.062651
-0.888000
-0.888292
-1.058538
-1.129392
-1.180943
-1.219229
-1.337040
-1.428988
-1.450224
-1.488055
-1.521179
-1.559384
-1.510071
-1.418004
-1.373434
-1.338990
-1.253588
-1.147690
-0.981267
-0.888000
-0.887998
-0.888003
-1.010692
-1.063659
-1.107598
-1.160339
-1.248069
-1.317170
-1.344729
-1.405109
-1.452357
-1.488652
-1.434907
-1.351865
-1.362761
-1.336464
-1.256003
-1.158473
-1.017025
-0.887999
-0.888017
-0.887999
-1.077029
-1.203041
-1.256259
-1.348819
-1.463255
-1.574526
-1.639632
-1.656825
-1.600468
-1.558371
-1.526034
-1.520822
-1.540485
-1.508549
-1.418430
-1.288412
-1.106061
-0.901787
-0.888002
-0.887997
-1.045967
-1.231163
-1.314737
-1.455517
-1.625870
-1.682941
-1.717051
-1.799323
-1.861560
-1.888818
-1.818125
-1.708908
-1.725899
-1.711762
-1.642009
-1.528323
-1.375076
-1.192910
-0.990955
-0.888001
-1.050564
-1.232499
-1.305143
-1.427629
-1.620326
-1.801837
-1.880666
-1.932834
-1.970160
-1.971105
-1.919229
-1.835682
-1.808700
-1.784758
-1.702988
-1.578697
-1.410148
-1.215305
-1.013702
-0.887998
-1.046778
-1.225229
-1.308420
-1.429214
-1.616763
-1.731711
-1.765937
-1.866777
-1.960634
-2.004022
-1.953012
-1.864270
-1.860102
-1.854632
-1.796896
-1.700754
-1.558495
-1.388153
-1.189897
-0.988394
-1.089421
-1.224530
-1.316384
-1.425393
-1.621994
-1.806227
-1.900176
-1.952276
-1.978103
-1.956934
-1.927184
-1.870591
-1.887872
-1.865367
-1.796365
-1.694712
-1.545066
-1.370466
-1.170664
-0.969080
-1.069051
-1.218840
-1.304691
-1.438976
-1.634178
-1.787320
-1.827869
-1.878058
-1.914203
-1.936265
-1.898265
-1.823986
-1.808348
-1.799355
-1.737244
-1.642409
-1.507139
-1.340402
-1.142285
-0.941042
-1.041328
-1.189125
-1.272120
-1.343269
-1.540008
-1.724688
-1.796278
-1.832088
-1.839236
-1.871853
-1.834013
-1.760522
-1.710275
-1.698263
-1.632725
-1.535516
-1.397102
-1.218009
-1.016551
-0.887441
-1.049188
-1.230951
-1.285732
-1.373978
-1.566199
-1.729768
-1.755054
-1.766733
-1.758773
-1.802828
-1.766580
-1.701450
-1.644444
-1.647608
-1.591922
-1.504121
-1.367635
-1.183668
-0.982258
-0.888000
-1.002138
-1.150271
-1.218642
-1.273216
-1.411345
-1.567911
-1.630311
-1.669467
-1.677523
-1.729185
-1.708945
-1.633329
-1.517720
-1.506492
-1.453565
-1.360101
-1.212253
-1.023275
-0.888000
-0.888002
-0.987661
-1.070069
-1.127038
-1.175982
-1.316539
-1.468612
-1.516760
-1.597440
-1.619769
-1.665552
-1.625411
-1.568015
-1.535545
-1.546101
-1.495222
-1.403548
-1.276977
-1.104786
-0.903488
-0.888002
-1.006527
-1.179919
-1.230594
-1.264355
-1.379657
-1.543153
-1.628117
-1.673523
-1.685242
-1.701278
-1.659707
-1.606241
-1.567727
-1.577108
-1.528509
-1.430191
-1.281690
-1.095583
-0.894098
-0.888002
-0.963445
-1.056259
-1.125109
-1.176652
-1.285963
-1.420533
-1.459276
-1.525991
-1.566011
-1.616880
-1.585573
-1.533057
-1.506253
-1.508189
-1.451571
-1.358697
-1.234678
-1.063549
-0.888000
-0.887997
-1.007485
-1.189953
-1.281462
-1.306544
-1.410544
-1.561332
-1.672286
-1.724002
-1.765576
-1.757940
-1.716014
-1.668165
-1.703524
-1.709720
-1.658617
-1.567777
-1.440726
-1.280282
-1.087165
-0.888622
-1.011005
-1.194974
-1.260059
-1.357534
-1.555849
-1.726937
-1.738424
-1.745180
-1.758967
-1.807419
-1.762775
-1.671500
-1.535324
-1.541458
-1.487505
-1.381674
-1.235571
-1.050663
-0.888000
-0.888001
-1.000408
-1.120443
-1.189855
-1.332512
-1.525574
-1.657448
-1.670608
-1.700091
-1.753776
-1.799377
-1.781872
-1.738389
-1.761037
-1.748735
-1.684657
-1.588267
-1.460695
-1.289697
-1.088451
-0.888275
-0.971755
-1.166069
-1.300524
-1.366291
-1.557027
-1.746072
-1.832957
-1.854854
-1.848172
-1.845109
-1.789836
-1.722333
-1.634677
-1.639652
-1.587666
-1.483094
-1.329923
-1.145643
-0.944201
-0.888001
-0.959432
-1.062132
-1.143719
-1.248648
-1.433202
-1.555907
-1.560535
-1.621236
-1.714831
-1.748300
-1.716925
-1.675395
-1.675321
-1.683597
-1.634320
-1.545725
-1.429347
-1.278867
-1.082215
-0.887996
-0.967944
-1.147929
-1.231090
-1.297785
-1.462219
-1.655770
-1.768687
-1.842304
-1.891508
-1.884093
-1.839427
-1.785266
-1.784402
-1.774724
-1.712045
-1.610576
-1.466674
-1.293296
-1.093578
-0.888086
-0.966420
-1.159334
-1.254172
-1.351936
-1.524387
-1.675928
-1.695102
-1.690729
-1.684950
-1.737369
-1.726587
-1.649536
-1.520414
-1.496523
-1.451777
-1.358324
-1.227363
-1.054676
-0.888016
-0.887999
-0.963674
-1.069485
-1.138139
-1.191918
-1.333611
-1.509919
-1.575299
-1.632046
-1.656783
-1.696566
-1.667755
-1.629556
-1.620096
-1.628852
-1.578534
-1.485986
-1.362040
-1.200859
-1.000633
-0.888000
-0.973692
-1.170335
-1.267219
-1.295366
-1.425999
-1.611203
-1.696441
-1.674270
-1.658355
-1.679883
-1.642461
-1.600595
-1.560823
-1.584070
-1.548540
-1.464380
-1.341769
-1.176352
-0.976579
-0.888003
-0.970747
-1.153879
-1.232939
-1.261037
-1.342153
-1.495885
-1.578341
-1.583936
-1.605139
-1.664195
-1.650056
-1.591623
-1.496550
-1.525451
-1.493672
-1.406397
-1.277558
-1.111867
-0.919016
-0.888000
-0.968543
-1.155628
-1.247573
-1.284115
-1.402754
-1.552199
-1.628181
-1.662182
-1.685386
-1.730642
-1.721718
-1.665828
-1.570807
-1.588624
-1.545190
-1.454871
-1.328328
-1.166294
-0.974193
-0.888002
-0.930527
-1.109067
-1.169805
-1.214084
-1.324428
-1.482563
-1.552836
-1.568206
-1.604415
-1.658471
-1.651822
-1.595535
-1.505251
-1.526577
-1.482314
-1.390306
-1.260478
-1.099224
-0.913585
-0.888001
-0.930182
-1.124547
-1.297163
-1.367037
-1.462407
-1.597835
-1.684792
-1.727210
-1.759430
-1.792765
-1.767115
-1.718990
-1.708458
-1.724242
-1.684818
-1.598312
-1.476698
-1.327085
-1.149891
-0.949512
-0.930808
-1.122483
-1.221447
-1.301298
-1.498205
-1.691242
-1.771703
-1.807680
-1.832806
-1.866601
-1.819897
-1.745674
-1.675297
-1.673649
-1.617594
-1.521237
-1.398581
-1.227480
-1.028151
-0.888002
-0.930310
-1.055647
-1.142021
-1.214876
-1.369983
-1.545641
-1.633013
-1.700042
-1.742944
-1.798714
-1.770169
-1.721582
-1.701354
-1.699396
-1.644771
-1.551179
-1.434127
-1.271879
-1.076112
-0.887997
-0.930887
-1.119458
-1.221985
-1.274989
-1.383068
-1.538481
-1.620190
-1.667744
-1.693308
-1.708080
-1.686061
-1.627762
-1.519869
-1.540661
-1.499388
-1.412948
-1.306045
-1.153358
-0.962717
-0.888002
-0.932324
-1.093723
-1.165696
-1.215002
-1.333570
-1.492881
-1.546097
-1.598427
-1.632023
-1.648071
-1.629811
-1.585272
-1.536005
-1.551279
-1.506910
-1.420675
-1.313350
-1.153718
-0.955324
-0.888002
-0.930725
-1.093732
-1.162397
-1.208624
-1.278432
-1.407137
-1.478783
-1.511145
-1.555948
-1.579871
-1.597522
-1.549667
-1.452554
-1.458647
-1.428422
-1.349050
-1.243326
-1.097734
-0.909388
-0.888186
-0.888000
-1.074781
-1.174551
-1.211974
-1.281382
-1.448350
-1.535904
-1.553673
-1.585547
-1.601816
-1.617195
-1.573879
-1.493960
-1.532734
-1.503134
-1.425882
-1.319616
-1.176483
-0.994262
-0.888000
-0.888898
-1.075917
-1.239777
-1.279774
-1.424064
-1.610435
-1.684108
-1.645838
-1.634290
-1.643991
-1.651883
-1.601677
-1.509626
-1.526760
-1.493727
-1.409625
-1.293770
-1.139284
-0.952430
-0.888000
-0.888000
-1.083830
-1.241283
-1.275979
-1.357694
-1.527672
-1.633307
-1.674503
-1.710158
-1.736049
-1.748428
-1.706597
-1.621800
-1.655174
-1.628380
-1.551747
-1.442500
