-0.000069
0.000697
0.002908
0.006535
0.011612
0.018150
0.026143
0.035526
0.046129
0.057805
0.070449
0.083972
0.098344
0.113666
0.129416
0.144644
0.159294
0.173928
0.188607
0.203366
0.218243
0.233178
0.248019
0.262713
0.277455
0.291872
0.305903
0.319711
0.333484
0.347755
0.362265
0.377071
0.391831
0.406873
0.421922
0.437297
0.453490
0.470977
0.489309
0.507576
0.525311
0.542452
0.559106
0.575967
0.593841
0.613117
0.633933
0.656306
0.680247
0.705817
0.732028
0.758436
0.783393
0.805607
0.824943
0.842775
0.859420
0.875295
0.890848
0.906211
0.921644
0.937362
0.953241
0.969160
0.985337
1.001317
1.017133
1.032823
1.048764
1.065316
1.082417
1.099939
1.117516
1.134741
1.151549
1.167804
1.183062
1.197085
1.210401
1.222968
1.235207
1.247352
1.259444
1.271571
1.283696
1.295718
1.307571
1.319245
1.331156
1.343453
1.356274
1.369850
1.384185
1.399101
1.414452
1.429751
1.444989
1.460569
1.475784
1.490469
1.504843
1.519128
1.533498
1.547873
1.561950
1.575794
1.589827
1.603880
1.618142
1.632709
1.647716
1.662993
1.678168
1.693209
1.708236
1.723232
1.738219
1.752749
1.766715
1.780138
1.793366
1.806610
1.820033
1.833605
1.847091
1.860323
1.873533
1.886598
1.899867
1.913518
1.927739
1.942345
1.956961
1.971723
1.986943
2.002286
2.017455
2.032213
2.046464
2.060177
2.073705
2.087306
2.101108
2.115093
2.128985
2.142658
2.156340
2.169907
2.183696
2.197833
2.212453
2.227647
2.243017
2.258413
2.274053
2.289729
2.305107
2.320119
2.334583
2.348463
2.362180
2.375995
2.390014
2.404173
2.418128
2.431788
2.445459
2.458991
2.472759
2.486950
2.501711
2.517072
2.532614
2.548249
2.564182
2.580175
2.595950
2.611400
2.626355
2.640717
2.654843
2.669044
2.683434
2.697957
2.712290
2.726341
2.740397
2.754304
2.768432
2.782955
2.798028
2.813591
2.829236
2.844805
2.860522
2.876307
2.891942
2.907329
2.922256
2.936605
2.950685
2.964797
2.979078
2.993492
3.007746
3.021742
3.035745
3.049549
3.063608
3.078125
3.093256
3.108946
3.124758
3.140550
3.156548
3.172656
3.188657
3.204423
3.219735
3.234462
3.248915
3.263388
3.278023
3.292786
3.307372
3.321685
3.335997
3.350083
3.364419
3.379200
3.394578
3.410446
3.426404
3.442271
3.458245
3.474308
3.490299
3.506087
3.521453
3.536274
3.550808
3.565342
3.580018
3.594818
3.609456
3.623831
3.638194
3.652408
3.666849
3.681685
3.697082
3.712956
3.728914
3.744850
3.760988
3.777226
3.793336
3.809239
3.824694
3.839536
3.854090
3.868657
3.883382
3.898240
3.912918
3.927323
3.941726
3.955897
3.970356
3.985302
4.000859
4.016904
4.033059
4.049141
4.065355
4.081677
4.097926
4.113982
4.129611
4.144742
4.159574
4.174386
4.189336
4.204431
4.219391
4.234103
4.248795
4.263343
4.278148
4.293351
4.309122
4.325324
4.341577
4.357772
4.374070
4.390449
4.406787
4.422956
4.438650
4.453712
4.468456
4.483179
4.498039
4.513040
4.527902
4.542512
4.557124
4.571611
4.586381
4.601601
4.617423
4.633706
4.650064
4.666356
4.682776
4.699294
4.715768
4.732083
4.748043
4.763384
4.778415
4.793407
4.808526
4.823761
4.838820
4.853607
4.868379
4.882897
4.897699
4.913000
4.928918
4.945318
4.961833
4.978277
4.994850
5.011542
5.028213
5.044741
5.060851
5.076474
5.091787
5.107058
5.122437
5.137948
5.153319
5.168446
5.183550
5.198519
5.213762
5.229392
5.245604
5.262219
5.278864
5.295468
5.312222
5.329067
5.345850
5.362525
5.378790
5.394496
5.409877
5.425219
5.440682
5.456265
5.471696
5.486887
5.502072
5.517136
5.532492
5.548270
5.564653
5.581468
5.598340
5.615185
5.632190
5.649277
5.666283
5.683192
5.699702
5.715717
5.731410
5.747058
5.762814
5.778688
5.794424
5.809925
5.825410
5.840786
5.856451
5.872504
5.889134
5.906144
5.923169
5.940171
5.957297
5.974493
5.991590
6.008594
6.025203
6.041334
6.057137
6.072885
6.088751
6.104739
6.120600
6.136246
6.151871
6.167381
6.183194
6.199416
6.216236
6.233445
6.250695
6.267951
6.285361
6.302856
6.320281
6.337630
6.354597
6.371117
6.387306
6.403434
6.419662
6.436012
6.452223
6.468213
6.484173
6.500042
6.516212
6.532758
6.549881
6.567420
6.584922
6.602385
6.619954
6.637570
6.655078
6.672508
6.689566
6.706178
6.722439
6.738625
6.754889
6.771245
6.787448
6.803423
6.819367
6.835204
6.851350
6.867862
6.884921
6.902290
6.919674
6.937072
6.954645
6.972295
6.989845
7.007401
7.024707
7.041558
7.058038
7.074417
7.090863
7.107397
7.123778
7.139943
7.156119
7.172293
7.188787
7.205574
7.222870
7.240659
7.258460
7.276264
7.294279
7.312298
7.330050
7.347634
7.364775
7.381448
7.397768
7.413900
7.430037
7.446242
7.462270
7.478065
7.493846
7.509508
7.525494
7.541791
7.558535
7.575608
7.592774
7.609933
7.627244
7.644618
7.662069
7.679475
7.696592
7.713148
7.729323
7.745377
7.761489
7.777703
7.793852
7.809815
7.825794
7.841676
7.857886
7.874521
7.891775
7.909483
7.927289
7.945107
7.963097
7.981152
7.999109
8.017027
8.034609
8.051752
8.068538
8.085182
8.101862
8.118597
8.135170
8.151531
8.167875
8.184077
8.200575
8.217478
8.234923
8.252682
8.270505
8.288364
8.306406
8.324474
8.342650
8.360787
8.378682
8.396070
8.413069
8.429936
8.446858
8.463870
8.480777
8.497472
8.514169
8.530816
8.547774
8.565050
8.582850
8.601049
8.619241
8.637384
8.655745
8.674154
8.692339
8.710443
8.728274
8.745637
8.762622
8.779413
8.796191
8.813012
8.829667
8.846096
8.862506
8.878836
8.895500
8.912577
8.930183
8.948081
8.966049
8.984031
9.002209
9.020459
9.038834
9.057117
9.075169
9.092685
9.109804
9.126760
9.143743
9.160803
9.177787
9.194563
9.211350
9.228096
9.245146
9.262534
9.280440
9.298671
9.316889
9.335052
9.353391
9.371804
9.390099
9.408292
9.426238
9.443663
9.460708
9.477539
9.494340
9.511156
9.527828
9.544314
9.560824
9.577291
9.594079
9.611294
9.629054
9.647118
9.665241
9.683341
9.701630
9.720003
9.738423
9.756783
9.774881
9.792470
9.809663
9.826650
9.843621
9.860627
9.877506
9.894204
9.910943
9.927649
9.944679
9.962091
9.980019
9.998226
10.016462
10.034658
10.053063
10.071546
10.089988
10.108362
10.126439
10.143996
10.161155
10.178078
10.194985
10.211916
10.228724
10.245355
10.262026
10.278658
10.295610
10.312962
10.330836
10.348997
10.367214
10.385405
10.403871
10.422432
10.440995
10.459511
10.477786
10.495578
10.512965
10.530099
10.547212
10.564364
10.581427
10.598344
10.615302
10.632273
10.649570
10.667241
10.685413
10.703872
10.722388
10.740870
10.759619
10.778438
10.797196
10.815866
10.834217
10.852061
10.869517
10.886723
10.903915
10.921158
10.938319
10.955340
10.972408
10.989458
11.006818
11.024533
11.042747
11.061240
11.079788
11.098327
11.117096
11.135948
11.154799
11.173568
11.192088
11.210111
11.227734
11.245130
11.262529
11.279993
11.297426
11.314721
11.332045
11.349375
11.367020
11.385026
11.403557
11.422399
11.441303
11.460176
11.479306
11.498529
11.517727
11.536843
11.555711
11.574072
11.592033
11.609776
11.627513
11.645303
11.663014
11.680578
11.698170
11.715743
11.733638
11.751875
11.770617
11.789638
11.808713
11.827756
11.847030
11.866396
11.885745
11.905010
11.924052
11.942569
11.960683
11.978578
11.996473
12.014410
12.032248
12.049927
12.067636
12.085322
12.103329
12.121675
12.140548
12.159724
12.178952
12.198132
12.217585
12.237123
12.256629
12.276060
12.295235
12.313918
12.332208
12.350271
12.368336
12.386450
12.404485
12.422394
12.440336
12.458258
12.476496
12.495081
12.514172
12.533556
12.553015
12.572444
12.592121
12.611900
12.631658
12.651340
12.670792
12.689737
12.708272
12.726588
12.744924
12.763305
12.781613
12.799782
12.817971
12.836157
12.854649
12.873460
12.892780
12.912417
12.932099
12.951736
12.971605
12.991549
13.011439
13.031244
13.050782
13.069788
13.088381
13.106758
13.125141
13.143559
13.161917
13.180148
13.198415
13.216666
13.235225
13.254146
13.273600
13.293373
13.313217
13.333023
13.353069
13.373220
13.393381
13.413465
13.433297
13.452599
13.471503
13.490190
13.508897
13.527632
13.546296
13.564823
13.583381
13.601933
13.620784
13.639973
13.659678
13.679683
13.699739
13.719751
13.739987
13.760318
13.780653
13.800906
13.820889
13.840340
13.859382
13.878212
13.897056
13.915925
13.934713
13.953367
13.972058
13.990719
14.009664
14.028936
14.048731
14.068834
14.088996
14.109141
14.129548
14.150043
14.170536
14.190967
14.211087
14.230711
14.249922
14.268920
14.287939
14.307002
14.326023
14.344935
14.363873
14.382827
14.402008
14.421484
14.441463
14.461791
14.482185
14.502565
14.523213
14.543982
14.564711
14.585430
14.605878
14.625804
14.645286
14.664537
14.683784
14.703051
14.722260
14.741322
14.760392
14.779469
14.798796
14.818472
14.838645
14.859258
14.879878
14.900439
14.921173
14.941992
14.962893
14.983747
15.004375
15.024460
15.044095
15.063501
15.082896
15.102295
15.121652
15.140862
15.160087
15.179317
15.198792
15.218628
15.239004
15.259829
15.280697
15.301497
15.322511
15.343638
15.364811
15.385972
15.406919
15.427320
15.447292
15.467025
15.486737
15.506414
15.526065
15.545572
15.565103
15.584656
15.604457
15.624590
15.645228
15.666275
15.687351
15.708367
15.729571
15.750864
15.772216
15.793538
15.814639
15.835222
15.855376
15.875311
15.895244
15.915160
15.935064
15.954818
15.974570
15.994351
16.014360
16.034693
16.055502
16.076784
16.098083
16.119349
16.140816
16.162363
16.184015
16.205627
16.226974
16.247757
16.268097
16.288246
16.308420
16.328588
16.348732
16.368750
16.388748
16.408781
16.429045
16.449604
16.470661
16.492157
16.513704
16.535208
16.556936
16.578772
16.600607
16.622393
16.643906
16.664852
16.685362
16.705660
16.725967
16.746241
16.766481
16.786587
16.806681
16.826788
16.847128
16.867783
16.888933
16.910513
16.932119
16.953686
16.975447
16.997309
17.019215
17.041077
17.062687
17.083729
17.104345
17.124739
17.145155
17.165558
17.185959
17.206255
17.226532
17.246887
17.267458
17.288340
17.309729
17.331623
17.353561
17.375435
17.397532
17.419735
17.441998
17.464214
17.486155
17.507528
17.528454
17.549170
17.569880
17.590555
17.611225
17.631758
17.652281
17.672871
17.693666
17.714745
17.736322
17.758385
17.780458
17.802464
17.824648
17.846909
17.869230
17.891514
17.913511
17.934929
17.955902
17.976658
17.997414
18.018122
18.038824
18.059393
18.079939
18.100550
18.121372
18.142467
18.164059
18.186127
18.208229
18.230314
18.252630
18.275078
18.297642
18.320164
18.342402
18.364071
18.385284
18.406269
18.427252
18.448204
18.469170
18.490025
18.510843
18.531790
18.552929
18.574322
18.596201
18.618551
18.640930
18.663267
18.685823
18.708471
18.731194
18.753880
18.776285
18.798117
18.819487
18.840595
18.861681
18.882732
18.903799
18.924749
18.945663
18.966698
18.987919
19.009407
19.031359
19.053774
19.076214
19.098610
19.121180
19.143833
19.166611
19.189348
19.211828
19.233706
19.255129
19.276304
19.297495
19.318666
19.339861
19.360958
19.382015
19.403166
19.424505
19.446117
19.468256
19.490803
19.513428
19.536055
19.558931
19.581944
19.605112
19.628248
19.651110
19.673391
19.695219
19.716801
19.738398
19.759972
19.781576
19.803064
19.824522
19.846117
19.867889
19.889894
19.912382
19.935352
19.958374
19.981350
20.004513
20.027786
20.051157
20.074486
20.097532
20.119999
20.141998
20.163750
20.185503
20.207228
20.228966
20.250599
20.272194
20.293913
20.315794
20.337893
20.360460
20.383492
20.406584
20.429651
20.452951
20.476374
20.499916
20.523409
20.546619
20.569214
20.591330
20.613190
20.635052
20.656898
20.678804
20.700611
20.722359
20.744268
20.766344
20.788651
20.811422
20.834682
20.857992
20.881296
20.904781
20.928400
20.952209
20.975983
20.999462
21.022316
21.044699
21.066833
21.089001
21.111145
21.133356
21.155468
21.177507
21.199703
21.222067
21.244621
21.267635
21.291128
21.314671
21.338194
21.361881
21.385656
21.409561
21.433418
21.456947
21.479834
21.502241
21.524414
21.546616
21.568819
21.591095
21.613302
21.635450
21.657749
21.680204
21.702879
21.726017
21.749628
21.773329
21.797043
21.820984
21.845070
21.869339
21.893551
21.917440
21.940653
21.963385
21.985880
22.008421
22.030972
22.053595
22.076145
22.098627
22.121243
22.144030
22.166967
22.190287
22.214115
22.237991
22.261862
22.285900
22.310055
22.334343
22.358591
22.382473
22.405676
22.428387
22.450861
22.473396
22.495945
22.518543
22.541079
22.563538
22.586136
22.608868
22.631794
22.655165
22.679003
22.702927
22.726950
22.751286
22.775763
22.800379
22.824938
22.849140
22.872656
22.895685
22.918484
22.941317
22.964153
22.987047
23.009867
23.032629
23.055525
23.078588
23.101845
23.125555
23.149757
23.174030
23.198271
23.222704
23.247288
23.272032
23.296751
23.321102
23.344767
23.367939
23.390858
23.413809
23.436787
23.459835
23.482819
23.505724
23.528769
23.551987
23.575289
23.598942
23.623089
23.647318
23.671555
23.695990
23.720554
23.745264
23.769934
23.794195
23.817762
23.840815
23.863647
23.886536
23.909466
23.932446
23.955412
23.978321
24.001387
24.024599
24.047989
24.071825
24.096098
24.120605
24.145378
24.170485
24.195774
24.221169
24.246492
24.271385
24.295601
24.319323
24.342768
24.366222
24.389645
24.413095
24.436451
24.459740
24.483189
24.506792
24.530609
24.554888
24.579609
24.604376
24.629074
24.653942
24.678947
24.704130
24.729313
24.754185
24.778419
24.802158
24.825598
24.849060
24.872532
24.896118
24.919624
24.943075
24.966658
24.990364
25.014051
25.037987
25.062471
25.087097
25.111780
25.136719
25.161844
25.187145
25.212481
25.237576
25.261959
25.285765
25.309347
25.332949
25.356564
25.380276
25.403984
25.427643
25.451473
25.475401
25.499434
25.523840
25.548876
25.574301
25.599985
25.625984
25.652126
25.678244
25.704298
25.729973
25.754921
25.779297
25.803381
25.827450
25.851465
25.875563
25.899517
25.923439
25.947561
25.971878
25.996361
26.021225
26.046608
26.072083
26.097500
26.123005
26.148582
26.174330
26.200117
26.225739
26.250708
26.275095
26.299198
26.323296
26.347446
26.371733
26.395889
26.419994
26.444321
26.468864
26.493547
26.518576
26.544216
26.570002
26.595734
26.621656
26.647701
26.673937
26.700161
26.726137
26.751392
26.776091
26.800550
26.825064
26.849611
26.874306
26.898939
26.923508
26.948252
26.973127
26.998104
27.023396
27.049305
27.075382
27.101479
27.127794
27.154228
27.180735
27.207153
27.233274
27.258663
27.283474
27.308023
27.332628
27.357260
27.381998
27.406706
27.431349
27.456123
27.481064
27.506100
27.531462
27.557367
27.583418
27.609493
27.635799
27.662287
27.688944
27.715544
27.741863
27.767447
27.792463
27.817223
27.842009
27.866810
27.891756
27.916677
27.941526
27.966555
27.991747
28.017042
28.042673
28.068848
28.095150
28.121456
28.147940
28.174627
28.201483
28.228338
28.254902
28.280741
28.305971
28.330908
28.355841
28.380791
28.405874
28.430927
28.455856
28.481022
28.506355
28.531815
28.557575
28.583920
28.610441
28.636927
28.663561
28.690374
28.717398
28.744459
28.771265
28.797356
28.822796
28.847904
28.872944
28.897991
28.923191
28.948391
28.973476
28.998796
29.024319
29.050045
29.076052
29.102615
29.129313
29.155973
29.182726
29.209665
29.236814
29.264027
29.290977
29.317183
29.342756
29.367964
29.393064
29.418163
29.443382
29.468559
29.493635
29.518938
29.544428
29.570099
29.596079
29.622601
29.649277
29.675962
29.702763
29.729692
29.756840
29.784176
29.811306
29.837748
29.863531
29.888937
29.914242
29.939621
29.965227
29.990828
30.016277
30.041883
30.067673
30.093657
30.119886
30.146660
30.173653
30.200653
30.227686
30.254791
30.282103
30.309523
30.336657
30.362986
30.388618
30.413906
30.439077
30.464293
30.489628
30.515011
30.540262
30.565699
30.591303
30.616999
30.642921
30.669321
30.695822
30.722319
30.748932
30.775660
30.802654
30.829784
30.856712
30.882881
30.908394
30.933592
30.958761
30.983971
31.009315
31.034733
31.060043
31.085552
31.111197
31.136770
31.162527
31.188873
31.215525
31.242414
31.269543
31.296825
31.324379
31.351980
31.379366
31.406006
31.431993
31.457668
31.483364
31.509066
31.534868
31.560732
31.586529
31.612522
31.638603
31.664692
31.691038
31.717926
31.745119
31.772526
31.800177
31.828016
31.856104
31.884207
31.912092
31.939222
31.965742
31.991957
32.018204
32.044456
32.070862
32.097191
32.123489
32.149940
32.176487
32.203148
32.230145
32.257713
32.285572
32.313538
32.341652
32.369968
32.398449
32.426880
32.455078
32.482540
32.509411
32.535973
32.562569
32.589184
32.615955
32.642624
32.669270
32.696133
32.723145
32.750256
32.777618
32.805580
32.833828
32.862202
32.890739
32.919441
32.948204
32.976875
33.005219
33.032814
33.059837
33.086628
33.113461
33.140335
33.167339
33.194397
33.221447
33.248661
33.275963
33.303253
33.330765
33.358875
33.387398
33.416153
33.445210
33.474476
33.503696
33.532761
33.561234
33.588833
33.615837
33.642555
33.669296
33.696083
33.723080
33.750080
33.777088
33.804333
33.831726
33.859119
33.886745
33.914959
33.943359
33.971775
34.000427
34.029263
34.058136
34.086853
34.114983
34.142239
34.168884
34.195236
34.221642
34.248058
34.274712
34.301502
34.328262
34.355236
34.382401
34.409599
34.437042
34.465061
34.493279
34.521664
34.550404
34.579418
34.608589
34.637608
34.666004
34.693459
34.720318
34.746880
34.773476
34.800125
34.826950
34.853848
34.880711
34.907806
34.935059
34.962372
34.989967
35.018108
35.046387
35.074837
35.103573
35.132515
35.161633
35.190601
35.219006
35.246510
35.273388
35.299946
35.326485
35.353046
35.379787
35.406601
35.433380
35.460358
35.487495
35.514729
35.542263
35.570271
35.598404
35.626640
35.655159
35.683956
35.713051
35.742195
35.770958
35.798923
35.826267
35.853256
35.880138
35.907093
35.934250
35.961281
35.988277
36.015633
36.043217
36.070946
36.098965
36.127544
36.156269
36.185005
36.213875
36.242981
36.272377
36.301846
36.331066
36.359505
36.387310
36.414719
36.441994
36.469345
36.496883
36.524361
36.551777
36.579468
36.607403
36.635529
36.663898
36.692799
36.721954
36.751148
36.780418
36.809799
36.839420
36.869152
36.898579
36.927170
36.955067
36.982559
37.009960
37.037445
37.065144
37.092831
37.120415
37.148197
37.176189
37.204357
37.232746
37.261612
37.290653
37.319786
37.349033
37.378410
37.408089
37.437908
37.467434
37.496117
37.524063
37.551647
37.579124
37.606712
37.634556
37.662464
37.690239
37.718159
37.746284
37.774380
37.802574
37.831230
37.860031
37.888908
37.917900
37.946983
37.976360
38.005817
38.034969
38.063187
38.090698
38.117905
38.145035
38.172245
38.199593
38.226955
38.254250
38.281773
38.309395
38.336998
38.364754
38.392982
38.421375
38.449978
38.478893
38.508087
38.537651
38.567284
38.596699
38.625317
38.653286
38.680897
38.708420
38.736050
38.763786
38.791386
38.819004
38.847031
38.875336
38.903618
38.932079
38.961067
38.990295
39.019768
39.049469
39.079453
39.109608
39.139751
39.169506
39.198574
39.227089
39.255169
39.283173
39.311264
39.339455
39.367584
39.395756
39.424328
39.453194
39.482006
39.510941
39.540443
39.570057
39.599686
39.629410
39.659313
39.689301
39.719257
39.748817
39.777599
39.805866
39.833904
39.861954
39.890045
39.918266
39.946609
39.974957
40.003551
40.032249
40.060963
40.089878
40.119320
40.149387
40.179989
40.211220
40.242626
40.273888
40.304974
40.335381
40.364861
40.393730
40.422340
40.450966
40.479614
40.508499
40.537586
40.566776
40.596218
40.625801
40.655346
40.684990
40.715233
40.745697
40.776291
40.807186
40.838139
40.868923
40.899498
40.929317
40.958225
40.986660
41.014900
41.043205
41.071537
41.100117
41.128883
41.157677
41.186718
41.215878
41.244930
41.274174
41.304005
41.334419
41.365387
41.396862
41.428509
41.459980
41.491058
41.521381
41.550930
41.579967
41.608814
41.637630
41.666458
41.695541
41.724854
41.754124
41.783703
41.813374
41.842987
41.872742
41.903145
41.933895
41.965069
41.996929
42.028957
42.060749
42.092003
42.122559
42.152287
42.181515
42.210556
42.239616
42.268677
42.298054
42.327538
42.357010
42.386768
42.416676
42.446503
42.476521
42.507175
42.538124
42.569473
42.601418
42.633476
42.665062
42.695858
42.726067
42.755669
42.784809
42.813759
42.842716
42.871700
42.900921
42.930267
42.959579
42.989166
43.018841
43.048531
43.078445
43.108997
43.139950
43.171333
43.203274
43.235447
43.267338
43.298645
43.329308
43.359356
43.388901
43.418186
43.447365
43.476616
43.506092
43.535706
43.565304
43.595253
43.625263
43.655247
43.685452
43.716286
43.747372
43.778736
43.810604
43.842670
43.874535
43.905910
43.936558
43.966541
43.996025
44.025265
44.054413
44.083656
44.113140
44.142776
44.172390
44.202362
44.232422
44.262390
44.292561
44.323399
44.354572
44.386166
44.418278
44.450516
44.482189
44.513260
44.543697
44.573601
44.603012
44.632053
44.660965
44.689880
44.718979
44.748325
44.777866
44.807724
44.837650
44.867516
44.897499
44.928047
44.958839
44.989933
45.021587
45.053555
45.085384
45.116974
45.147789
45.177734
45.207146
45.236252
45.265209
45.294231
45.323536
45.353085
45.382736
45.412758
45.442883
45.472923
45.503078
45.533882
45.565052
45.596630
45.628784
45.661121
45.693062
45.724354
45.755016
45.785130
45.814751
45.844036
45.873146
45.902275
45.931625
45.961185
45.990807
46.020805
46.050888
46.080887
46.111076
46.141819
46.172939
46.204529
46.236694
46.269054
46.300896
46.332153
46.362793
46.392864
46.422428
46.451633
46.480640
46.509724
46.538963
46.568485
46.598198
46.628246
46.658371
46.688438
46.718636
46.749367
46.780312
46.811562
46.843430
46.875595
46.907627
46.939484
46.970608
47.000824
47.030476
47.059746
47.088829
47.117996
47.147438
47.177151
47.206993
47.237198
47.267544
47.297909
47.328388
47.359367
47.390594
47.422123
47.454205
47.486572
47.518799
47.550888
47.582237
47.612679
47.642536
47.672035
47.701328
47.730709
47.760300
47.790176
47.820221
47.850624
47.881172
47.911789
47.942493
47.973740
48.005241
48.037075
48.069378
48.101883
48.134274
48.166508
48.198025
48.228626
48.258694
48.288471
48.318233
48.347969
48.378010
48.408344
48.438744
48.469490
48.500267
48.531002
48.561836
48.593189
48.624889
48.657051
48.689823
48.722828
48.755688
48.788284
48.820072
48.851055
48.881489
48.911594
48.941540
48.971558
49.001831
49.032349
49.062965
49.093975
49.125042
49.156025
49.187107
49.218758
49.250832
49.283375
49.316532
49.349579
49.381962
49.413864
49.445015
49.475471
49.505455
49.535110
49.564739
49.594440
49.624317
49.654602
49.685097
49.715889
49.746735
49.777538
49.808434
49.839817
49.871548
49.903847
49.937054
49.970417
50.003490
50.036182
50.067928
50.098736
50.129097
50.159218
50.189358
50.219540
50.249996
50.280884
50.311890
50.343246
50.374599
50.405819
50.437225
50.469204
50.501595
50.534576
50.568314
50.601868
50.634659
50.666832
50.698349
50.729305
50.759895
50.790211
50.820553
50.850914
50.881359
50.912239
50.943272
50.974533
51.005852
51.037163
51.068657
51.100651
51.133129
51.166348
51.200432
51.234673
51.268456
51.301743
51.334229
51.365856
51.397045
51.427902
51.458607
51.489300
51.520233
51.551594
51.583130
51.614948
51.646816
51.678616
51.710590
51.743217
51.776272
51.809872
51.844128
51.878422
51.912209
51.945271
51.977757
52.009651
52.041206
52.072598
52.103931
52.135193
52.166721
52.198624
52.230648
52.262920
52.295204
52.327339
52.359631
52.392437
52.425789
52.459751
52.494106
52.527958
52.560955
52.593304
52.625183
52.656525
52.687592
52.718449
52.749302
52.780220
52.811295
52.842770
52.874348
52.906166
52.938068
52.969894
53.001907
53.034393
53.067387
53.101166
53.135643
53.169731
53.202812
53.235287
53.267120
53.298168
53.328869
53.359341
53.389812
53.420311
53.451077
53.482216
53.513512
53.544987
53.576599
53.608204
53.639977
53.672260
53.705070
53.738766
53.773335
53.807644
53.840893
53.873394
53.905422
53.936909
53.967979
53.998787
54.029560
54.060287
54.091278
54.122719
54.154305
54.186089
54.218056
54.250069
54.282253
54.314941
54.347744
54.380951
54.415005
54.448746
54.481155
54.512707
54.543720
54.574043
54.603947
54.633625
54.663425
54.693245
54.722904
54.752678
54.782753
54.812969
54.843452
54.874058
54.904907
54.936268
54.968197
55.000397
55.032314
55.063999
55.095619
55.127102
55.158432
55.189110
55.219044
55.248268
55.277298
55.306267
55.335194
55.364208
55.393227
55.422123
55.451385
55.480743
55.510284
55.540363
55.571087
55.602478
55.633919
55.665394
55.696754
55.727943
55.759102
55.789555
55.819355
55.848663
55.877888
55.907131
55.936546
55.966129
55.995670
56.025024
56.054848
56.084946
56.115303
56.146320
56.177994
56.210262
56.243015
56.275944
56.308762
56.341461
56.374180
56.406216
56.437416
56.468220
56.499004
56.529545
56.559891
56.590130
56.620266
56.650349
56.680840
56.711555
56.742451
56.773827
56.805866
56.838657
56.872250
56.906139
56.939648
56.972702
57.005653
57.037899
57.069397
57.100582
57.131714
57.162628
57.193359
57.223984
57.254551
57.285053
57.315945
57.347137
57.378502
57.410305
57.442726
57.475834
57.509605
57.543743
57.577374
57.610352
57.643093
57.675205
57.706730
57.737999
57.769207
57.800251
57.831059
57.861774
57.892639
57.923599
57.954842
57.986332
58.018082
58.050262
58.083080
58.116604
58.150692
58.185318
58.219559
58.253101
58.286060
58.318272
58.350056
58.381557
58.413120
58.444668
58.476070
58.507404
58.538940
58.570557
58.602348
58.634304
58.666485
58.699028
58.732082
58.765858
58.800335
58.835426
58.870361
58.904617
58.937996
58.970558
59.002720
59.034588
59.066502
59.098389
59.130207
59.161980
59.193813
59.225586
59.257565
59.289768
59.322330
59.355385
59.389187
59.423786
59.458866
59.494484
59.530148
59.565186
59.598976
59.631435
59.663437
59.695312
59.727341
59.759624
59.792343
59.825340
59.858280
59.891243
59.924469
59.957760
59.991302
60.025002
60.058853
60.093220
60.128262
60.163757
60.199211
60.234291
60.268375
60.301392
60.333847
60.366077
60.398312
60.430698
60.463398
60.496452
60.529568
60.562714
60.596226
60.629871
60.663700
60.697708
60.731834
60.766392
60.801651
60.836937
60.871449
60.905464
60.938759
60.971455
61.003765
61.035664
61.067528
61.099472
61.131474
61.163609
61.195992
61.228424
61.261051
61.293694
61.326328
61.359085
61.392170
61.426006
61.460617
61.495647
61.529819
61.563484
61.596661
61.629162
61.661091
61.692650
61.724155
61.755592
61.786747
61.818008
61.849529
61.881161
61.913074
61.945103
61.977470
62.010551
62.044399
62.078991
62.113991
62.149490
62.184437
62.218842
62.252853
62.286217
62.319084
62.351601
62.384102
62.416523
62.448765
62.481098
62.513527
62.545998
62.578648
62.611454
62.644440
62.677670
62.711391
62.745907
62.781116
62.816837
62.852158
62.886848
62.920860
62.954052
62.986889
63.019386
63.051876
63.084320
63.116581
63.148830
63.181080
63.213326
63.245758
63.278389
63.311436
63.345192
63.379845
63.415348
63.451199
63.487526
63.523678
63.559204
63.593975
63.627850
63.661213
63.694271
63.727364
63.760551
63.793671
63.826889
63.860157
63.893318
63.926697
63.960228
63.993881
64.027687
64.061989
64.097031
64.132774
64.169106
64.205208
64.240746
64.275528
64.309578
64.343094
64.376266
64.409447
64.442543
64.475464
64.508301
64.541023
64.573692
64.606544
64.639595
64.672974
64.707047
64.742142
64.778084
64.814346
64.850571
64.885742
64.920525
64.955070
64.989059
65.022438
65.055473
65.088478
65.121246
65.153824
65.186523
65.219429
65.252350
65.285637
65.319168
65.352821
65.386604
65.420815
65.455719
65.491043
65.526451
65.561798
65.597054
65.631981
65.666283
65.699844
65.732933
65.765793
65.798355
65.830650
65.862892
65.895287
65.927711
65.960434
65.993362
66.026619
66.060532
66.095284
66.130745
66.166512
66.202156
66.237274
66.272293
66.307205
66.341576
66.375244
66.408463
66.441322
66.473923
66.506371
66.538864
66.571419
66.604195
66.637451
66.670746
66.703941
66.737144
66.770706
66.805038
66.840073
66.875473
66.910408
66.945160
66.979568
67.013298
67.046402
67.079224
67.111961
67.144585
67.176880
67.209373
67.241920
67.274452
67.307320
67.340370
67.373848
67.407990
67.442818
67.478226
67.513687
67.548965
67.583687
67.618362
67.652901
67.686821
67.720184
67.753197
67.786049
67.818901
67.851601
67.884506
67.917534
67.950684
67.984337
68.018150
68.052170
68.086304
68.120911
68.156204
68.191917
68.227890
68.263321
68.298454
68.333412
68.367874
68.401840
68.435402
68.468658
68.501663
68.534355
68.567154
68.600014
68.632812
68.666031
68.699516
68.733253
68.767578
68.802620
68.838348
68.874352
68.910484
68.946449
68.982285
69.018028
69.053177
69.087654
69.121681
69.155441
69.188980
69.222229
69.255592
69.289116
69.322830
69.357056
69.391502
69.426056
69.460678
69.495735
69.531509
69.567650
69.603806
69.639549
69.675163
69.710640
69.745506
69.779724
69.813477
69.846939
69.880196
69.913193
69.946327
69.979446
70.012611
70.046188
70.079971
70.113968
70.148331
70.183327
70.219040
70.255142
70.291489
70.327568
70.363594
70.399498
70.434738
70.469345
70.503502
70.537392
70.571121
70.604668
70.638336
70.672134
70.706047
70.740440
70.775040
70.809792
70.844666
70.880005
70.916054
70.952377
70.988632
71.024483
71.060295
71.095940
71.130943
71.165375
71.199348
71.233032
71.266617
71.299965
71.333496
71.367218
71.401009
71.435104
71.469330
71.503838
71.538872
71.574570
71.610939
71.647469
71.683876
71.719841
71.755783
71.791649
71.826843
71.861412
71.895531
71.929375
71.963135
71.996803
72.030678
72.064697
72.098816
72.133354
72.168007
72.202713
72.237602
72.272957
72.309044
72.345490
72.382027
72.418297
72.454506
72.490532
72.525871
72.560631
72.594948
72.629013
72.662964
72.696671
72.730553
72.764519
72.798508
72.832771
72.867195
72.901909
72.937218
72.973206
73.009857
73.046608
73.083298
73.119637
73.156013
73.192200
73.227669
73.262489
73.296852
73.331017
73.365128
73.399185
73.433426
73.467842
73.502419
73.537369
73.572479
73.607719
73.643059
73.678871
73.715378
73.752251
73.789192
73.825684
73.862190
73.898514
73.934135
73.969200
74.003860
74.038300
74.072609
74.106750
74.141121
74.175522
74.210068
74.244911
74.279907
74.315178
74.351051
74.387611
74.424782
74.462151
74.499649
74.536812
74.573929
74.610939
74.647316
74.683052
74.718330
74.753349
74.788147
74.822815
74.857559
74.892349
74.927330
74.962715
74.998161
75.033554
75.069061
75.105019
75.141716
75.178780
75.215874
75.252350
75.288864
75.325058
75.360580
75.395386
75.429802
75.464104
75.498306
75.532249
75.566467
75.600609
75.634842
75.669281
75.703949
75.739006
75.774704
75.811096
75.847977
75.884995
75.922226
75.959137
75.996078
76.032753
76.068733
76.104080
76.139030
76.173882
76.208786
76.243713
76.278900
76.314186
76.349701
76.385559
76.421577
76.457664
76.493919
76.530685
76.568130
76.605835
76.643440
76.680481
76.717506
76.754250
76.790421
76.825996
76.861160
76.896187
76.931137
76.965904
77.000916
77.035965
77.071075
77.106407
77.141930
77.177849
77.214462
77.251732
77.289566
77.327477
77.365509
77.403290
77.441048
77.478592
77.515465
77.551651
77.587341
77.622849
77.658340
77.693878
77.729637
77.765411
77.801353
77.837669
77.874092
77.910515
77.947014
77.984032
78.021713
78.059746
78.097977
78.135750
78.173477
78.210815
78.247566
78.283623
78.319283
78.354759
78.390083
78.425194
78.460556
78.495750
78.531029
78.566574
78.602341
78.638443
78.675125
78.712379
78.750229
78.788177
78.826286
78.864052
78.901825
78.939323
78.976112
79.012238
79.047913
79.083328
79.118790
79.154282
79.189919
79.225540
79.261322
79.297485
79.333771
79.370049
79.406509
79.443459
79.481102
79.519058
79.557289
79.595177
79.633095
79.670708
79.707573
79.743645
79.779190
79.814560
79.849846
79.884987
79.920341
79.955551
79.990898
80.026566
80.062469
80.098579
80.135056
80.172089
80.209763
80.247650
80.285759
80.323647
80.361565
80.399193
80.436119
80.472420
80.508354
80.544067
80.579834
80.615616
80.651581
80.687439
80.723412
80.759750
80.796280
80.832916
80.869843
80.907333
80.945496
80.983871
81.022316
81.060486
81.098701
81.136635
81.173851
81.210442
81.246567
81.282494
81.318436
81.354340
81.390465
81.426567
81.462776
81.499252
81.535866
81.572746
81.610069
81.647957
81.686501
81.725189
81.764046
81.802750
81.841461
81.879898
81.917709
81.954811
81.991394
82.027748
82.064117
82.100510
82.137077
82.173576
82.210167
82.247086
82.284172
82.321220
82.358475
82.396278
82.434776
82.473495
82.512299
82.550697
82.589066
82.627068
82.664406
82.700951
82.737015
82.772957
82.808868
82.844696
82.880730
82.916695
82.952690
82.988930
83.025337
83.061974
83.099007
83.136612
83.174789
83.213020
83.251511
83.289757
83.328056
83.365936
83.403076
83.439552
83.475571
83.511566
83.547638
83.583878
83.620438
83.657112
83.693924
83.730988
83.768112
83.805367
83.842903
83.881004
83.919792
83.958618
83.997566
84.036240
84.074974
84.113365
84.151031
84.187881
84.224197
84.260368
84.296532
84.332634
84.369072
84.405678
84.442436
84.479385
84.516510
84.553780
84.591377
84.629532
84.668266
84.707047
84.746048
84.784775
84.823555
84.861961
84.899597
84.936462
84.972794
85.009094
85.045441
85.081825
85.118561
85.155472
85.192467
85.229683
85.266975
85.304398
85.342079
85.380348
85.419151
85.457901
85.496742
85.535217
85.573761
85.611954
85.649384
85.686165
85.722527
85.758873
85.795242
85.831558
85.868240
85.905006
85.941818
85.978859
86.016052
86.053322
86.090912
86.129051
86.167686
86.206261
86.244972
86.283325
86.321739
86.359779
86.397095
86.433838
86.470192
86.506500
86.542824
86.579109
86.615784
86.652565
86.689339
86.726326
86.763412
86.800568
86.838028
86.876106
86.914764
86.953506
86.992622
87.031372
87.070160
87.108559
87.146172
87.183105
87.219704
87.256241
87.292824
87.329338
87.366234
87.403206
87.440132
87.477295
87.514648
87.552025
87.589653
87.627907
87.666695
87.705620
87.744896
87.784019
87.823151
87.861885
87.899849
87.937027
87.973686
88.010231
88.046829
88.083405
88.120430
88.157669
88.194984
88.232536
88.270355
88.308128
88.346092
88.384636
88.423706
88.462967
88.502434
88.541473
88.580536
88.619171
88.657043
88.694283
88.731094
88.767830
88.804596
88.841263
88.878250
88.915352
88.952301
88.989487
89.026726
89.064064
89.101677
89.139809
89.178581
89.217468
89.256729
89.295883
89.335045
89.373779
89.411682
89.448891
89.485687
89.522499
89.559326
89.596161
89.633308
89.670616
89.707787
89.745270
89.782928
89.820625
89.858551
89.897057
89.936188
89.975395
90.014877
90.054413
90.093933
90.133087
90.171432
90.209053
90.246155
90.283089
90.320122
90.357018
90.394333
90.431747
90.469009
90.506516
90.544258
90.582008
90.619926
90.658386
90.697479
90.736671
90.776039
90.815079
90.854065
90.892540
90.930092
90.967125
91.003883
91.040619
91.077415
91.114128
91.151100
91.188004
91.224594
91.261444
91.298424
91.335464
91.372803
91.410728
91.449211
91.487984
91.527069
91.566238
91.605042
91.643341
91.680450
91.717087
91.753456
91.789825
91.826378
91.863152
91.900261
91.937454
91.974396
92.011452
92.048447
92.085365
92.122429
92.159912
92.198166
92.236908
92.276505
92.316467
92.356117
92.395164
92.433105
92.470528
92.507736
92.545021
92.582352
92.619576
92.657066
92.694313
92.731148
92.768280
92.805603
92.842987
92.880600
92.918716
92.957352
92.996140
93.035400
93.074554
93.113525
93.151855
93.189079
93.225769
93.262276
93.298813
93.335510
93.372177
93.409164
93.446274
93.483231
93.520302
93.557518
93.594688
93.631889
93.669556
93.707916
93.746704
93.785934
93.825302
93.864342
93.902885
93.940521
93.977417
94.014061
94.050751
94.087379
94.123970
94.160751
94.197464
94.233757
94.270302
94.307152
94.344048
94.381157
94.418839
94.457100
94.495644
94.534584
94.573738
94.612572
94.650871
94.688164
94.724930
94.761436
94.797905
94.834534
94.871368
94.908516
94.945885
94.983055
95.020271
95.057571
95.094826
95.132118
95.169830
95.208244
95.247185
95.286728
95.326569
95.366074
95.405098
95.442970
95.480255
95.517159
95.554085
95.591019
95.627846
95.664856
95.701813
95.738579
95.775581
95.812828
95.850258
95.887810
95.925911
95.964592
96.003731
96.043205
96.083168
96.122887
96.162186
96.200333
96.237930
96.275078
96.312080
96.349174
96.386436
96.423958
96.461563
96.498970
96.536598
96.574181
96.611710
96.649307
96.687363
96.726151
96.765396
96.805183
96.845291
96.884842
96.923981
96.962105
96.999634
97.036751
97.073669
97.110703
97.147736
97.185059
97.222412
97.259575
97.296997
97.334503
97.372040
97.409668
97.447739
97.486511
97.525757
97.565536
97.605835
97.645958
97.685661
97.724167
97.761948
97.799286
97.836479
97.873802
97.911125
97.948654
97.986145
98.023415
98.060989
98.098801
98.136696
98.174629
98.212952
98.251839
98.291168
98.331085
98.371353
98.411224
98.450706
98.489319
98.527359
98.564911
98.602264
98.639687
98.677155
98.714874
98.752693
98.790306
98.828163
98.866066
98.903999
98.941933
98.980240
99.019257
99.058815
99.098999
99.139801
99.180412
99.220581
99.259560
99.297844
99.335602
99.373329
99.411026
99.448631
99.486435
99.524223
99.561783
99.599518
99.637459
99.675468
99.713531
99.752014
99.790985
99.830437
99.870415
99.910675
99.950684
99.990273
100.029068
100.067284
100.105095
100.142746
100.180466
100.218124
100.255981
100.293983
100.331772
100.369736
100.407852
100.445892
100.484009
100.522522
100.561684
100.601433
100.641655
100.682495
100.723244
100.763641
100.802803
100.841240
100.879265
100.917221
100.955185
100.993202
101.031387
101.069626
101.107597
101.145737
101.184021
101.222481
101.260956
101.299850
101.339256
101.379105
101.419464
101.460121
101.500366
101.540192
101.579216
101.617554
101.655457
101.693214
101.731026
101.768906
101.806976
101.845123
101.882950
101.920929
101.959160
101.997574
102.035965
102.074677
102.113998
102.153862
102.194267
102.235390
102.276421
102.317017
102.356544
102.395378
102.433815
102.472054
102.510338
102.548584
102.586922
102.625275
102.663483
102.701828
102.740555
102.779518
102.818413
102.857559
102.897255
102.937241
102.977684
103.018471
103.059044
103.099220
103.138443
103.177040
103.215202
103.253265
103.291313
103.329437
103.367722
103.406288
103.444611
103.483070
103.521690
103.560349
103.599037
103.638039
103.677650
103.717796
103.758522
103.799911
103.841316
103.882362
103.922295
103.961494
104.000252
104.038956
104.077736
104.116463
104.155342
104.194275
104.232971
104.271729
104.310684
104.349762
104.388878
104.428314
104.468269
104.508667
104.549583
104.590958
104.632050
104.672752
104.712448
104.751495
104.790009
104.828438
104.866859
104.905365
104.943993
104.982857
105.021370
105.059914
105.098671
105.137459
105.176323
105.215523
105.255264
105.295494
105.336044
105.377266
105.418236
105.458694
105.498215
105.536972
105.575401
105.613831
105.652336
105.690903
105.729576
105.768494
105.807228
105.845940
105.885025
105.924400
105.963722
106.003403
106.043564
106.084229
106.125298
106.167046
106.208649
106.249901
106.290245
106.329872
106.368958
106.407730
106.446419
106.485199
106.524208
106.563446
106.602348
106.641235
106.680351
106.719597
106.758911
106.798462
106.838547
106.879051
106.919899
106.961502
107.003029
107.044106
107.084389
107.123993
107.163246
107.202370
107.241425
107.280556
107.319954
107.359741
107.399246
107.438660
107.478355
107.518173
107.557991
107.598099
107.638748
107.679909
107.721527
107.763535
107.805107
107.846207
107.886391
107.925835
107.964920
108.003914
108.042931
108.082054
108.121391
108.161072
108.200363
108.239639
108.279251
108.318962
108.358727
108.398750
108.439301
108.480247
108.521576
108.563240
108.604477
108.645126
108.685005
108.724258
108.763168
108.802002
108.840843
108.879929
108.919090
108.958755
108.998230
109.037643
109.077362
109.117203
109.156990
109.197128
109.237770
109.278984
109.320580
109.362686
109.404358
109.445610
109.486107
109.525993
109.565453
109.604729
109.643967
109.683273
109.722771
109.762550
109.802063
109.841599
109.881355
109.921120
109.960907
110.001015
110.041573
110.082664
110.124207
110.166084
110.207558
110.248680
110.288971
110.328621
110.367928
110.407097
110.446190
110.485352
110.524651
110.564323
110.603683
110.643059
110.682732
110.722366
110.761971
110.801880
110.842331
110.883369
110.924759
110.966896
111.008865
111.050522
111.091461
111.131668
111.171364
111.210770
111.250069
111.289467
111.328987
111.368881
111.408501
111.448021
111.487801
111.527763
111.567650
111.607803
111.648430
111.689644
111.731148
111.773361
111.815437
111.857140
111.898262
111.938828
111.978699
112.018265
112.057655
112.097130
112.136810
112.176880
112.216835
112.256691
112.296829
112.337112
112.377274
112.417755
112.458771
112.500381
112.542320
112.584877
112.627441
112.669739
112.711281
112.751892
112.791878
112.831390
112.870857
112.910408
112.950218
112.990395
113.030228
113.069962
113.109955
113.150047
113.190262
113.230850
113.271912
113.313538
113.355461
113.398087
113.440742
113.483040
113.524597
113.565536
113.605759
113.645546
113.685249
113.725075
113.765106
113.805458
113.845490
113.885452
113.925697
113.966042
114.006363
114.047012
114.088142
114.129829
114.171791
114.214279
114.256538
114.298409
114.339668
114.380264
114.420189
114.459595
114.498787
114.538055
114.577614
114.617599
114.657372
114.697166
114.737312
114.777687
114.818047
114.858582
114.899574
114.941162
114.983101
115.025764
115.068581
115.110909
115.152588
115.193619
115.233864
115.273529
115.313049
115.352631
115.392410
115.432480
115.472275
115.512032
115.552132
115.592438
115.632805
115.673264
115.714226
115.755676
115.797470
115.839928
115.882469
115.924583
115.965874
116.006592
116.046463
116.085854
116.125198
116.164696
116.204308
116.244331
116.284126
116.323868
116.363937
116.404236
116.444511
116.484978
116.525963
116.567467
116.609337
116.651741
116.694191
116.736145
116.777306
116.817581
116.857262
116.896545
116.935799
116.975220
117.014870
117.054916
117.094711
117.134254
117.174103
117.214256
117.254471
117.294899
117.335785
117.377319
117.419136
117.461578
117.504219
117.546547
117.588173
117.629158
117.669479
117.709190
117.748795
117.788460
117.828194
117.868195
117.907951
117.947456
117.987289
118.027428
118.067650
118.108109
118.148987
118.190453
118.232109
118.274315
118.316673
118.358536
118.399742
118.440163
118.479919
118.519325
118.558731
118.598228
118.637993
118.678070
118.717911
118.757530
118.797470
118.837791
118.878204
118.918800
118.959930
119.001602
119.043488
119.085915
119.128532
119.170654
119.212151
119.252884
119.292892
119.332390
119.371788
119.411293
119.450966
119.490982
119.530716
119.570229
119.610077
119.650253
119.690468
119.730843
119.771706
119.813202
119.855080
119.897438
119.940132
119.982674
120.024757
120.065887
120.106232
120.146049
120.185753
120.225464
120.265266
120.305397
120.345169
120.384773
120.424759
120.465057
120.505394
120.545937
120.586929
120.628456
120.670212
120.712547
120.755089
120.797501
120.839455
120.880440
120.920639
120.960388
121.000000
121.039818
121.079796
121.120209
121.160423
121.200401
121.240730
121.281403
121.322090
121.363075
121.404510
121.446480
121.488815
121.531647
121.574699
121.617249
121.659355
121.700447
121.740799
121.780647
121.820381
121.860207
121.900314
121.940819
121.981071
122.021179
122.061562
122.102226
122.142921
122.183807
122.225258
122.267349
122.309723
122.352646
122.395988
122.439194
122.481834
122.523491
122.564453
122.604805
122.644936
122.684990
122.725258
122.765701
122.805832
122.845795
122.885971
122.926613
122.967400
123.008377
123.049667
123.091415
123.133423
123.175751
123.218376
123.260559
123.302513
123.343529
123.383835
123.423706
123.463425
123.503204
123.543159
123.583435
123.623489
123.663490
123.703690
123.744331
123.785072
123.825989
123.867363
123.909294
123.951599
123.994286
124.037254
124.079826
124.122047
124.163216
124.203644
124.243614
124.283455
124.323433
124.363693
124.404259
124.444550
124.484612
124.524956
124.565636
124.606422
124.647469
124.689003
124.731110
124.773567
124.816414
124.859535
124.902328
124.944748
124.986145
125.026863
125.067047
125.106987
125.146996
125.187187
125.227646
125.267883
125.307953
125.348404
125.389267
125.430176
125.471283
125.512802
125.554794
125.597076
125.639748
125.682777
125.725517
125.767868
125.809174
125.849731
125.889854
125.929787
125.969727
126.009911
126.050453
126.090683
126.130829
126.171249
126.212006
126.252762
126.293800
126.335243
126.377228
126.419563
126.462219
126.505173
126.547798
126.590057
126.631233
126.671631
126.711655
126.751511
126.791382
126.831497
126.871941
126.912140
126.952248
126.992661
127.033340
127.074051
127.114975
127.156372
127.198257
127.240578
127.283287
127.326302
127.368965
127.411263
127.452507
127.492996
127.533073
127.572960
127.612900
127.653107
127.693504
127.733757
127.773872
127.814308
127.855042
127.895782
127.936752
127.978096
128.019989
128.062256
128.104950
128.147919
128.190582
128.232712
128.273788
128.314163
128.354050
128.393845
128.433777
128.474060
128.514542
128.554733
128.594955
128.635330
128.675995
128.716843
128.757919
128.799377
128.841370
128.883759
128.926422
128.969269
129.011703
129.053802
129.095016
129.135498
129.175552
129.215393
129.255402
129.295761
129.336319
129.376755
129.417114
129.457764
129.498749
129.539841
129.581146
129.622849
129.665009
129.707642
129.750595
129.793777
129.836517
129.878769
129.920029
129.960541
130.000610
130.040482
130.080444
130.120697
130.161255
130.201660
130.241943
130.282562
130.323502
130.364441
130.405609
130.447266
130.489395
130.531921
130.574753
130.617950
130.660583
130.702713
130.743759
130.784058
130.823944
130.863571
130.903442
130.943680
130.984161
131.024567
131.064911
131.105423
131.146194
131.187012
131.228058
131.269547
131.311661
131.354263
131.397308
131.440674
131.483902
131.526901
131.568573
131.609360
131.649734
131.689850
131.730179
131.770660
131.811478
131.852066
131.892609
131.933380
131.974564
132.015747
132.057175
132.098984
132.141327
132.184067
132.227173
132.270523
132.313507
132.356079
132.397537
132.438202
132.478470
132.518417
132.558502
132.598831
132.639496
132.680023
132.720505
132.761139
132.802078
132.843048
132.884201
132.925797
132.968018
133.010681
133.053696
133.097076
133.140320
133.183395
133.225128
133.266129
133.306564
133.346771
133.387146
133.427765
133.468750
133.509644
133.550446
133.591415
133.632690
133.674042
133.715576
133.757538
133.800110
133.843079
133.886307
133.929962
133.973221
134.016281
134.058182
134.099243
134.139847
134.180176
134.220673
134.261215
134.301987
134.342545
134.383118
134.423859
134.465027
134.506317
134.547775
134.589478
134.631531
134.673920
134.716431
134.759048
134.801361
134.843323
134.884644
134.925095
134.965134
135.004944
135.044830
135.085083
135.125519
135.166214
135.206955
135.247818
135.289047
135.330261
135.371689
135.413605
135.456039
135.498795
135.541809
135.585190
135.628326
135.671295
135.713547
135.755127
135.796234
135.837097
135.877930
135.918884
135.960052
136.000992
136.041992
136.083145
136.124817
136.166550
136.208572
136.250870
136.293533
136.336472
136.379532
136.422745
136.465469
136.507965
136.549744
136.590714
136.631241
136.671539
136.711868
136.752563
136.793350
136.834335
136.875366
136.916611
136.958221
136.999939
137.041870
137.084167
137.126831
137.169754
137.212875
137.256195
137.299026
137.341614
137.383575
137.424713
137.465393
137.505859
137.546326
137.587112
137.628021
137.669006
137.709946
137.751083
137.792618
137.834198
137.876007
137.918167
137.960800
138.003815
138.046997
138.090454
138.133423
138.176132
138.217987
138.258987
138.299500
138.339752
138.380142
138.420822
138.461746
138.502716
138.543579
138.584625
138.625900
138.667313
138.709000
138.751022
138.793457
138.836304
138.879410
138.922836
138.965790
139.008606
139.050644
139.091965
139.132767
139.173386
139.214172
139.255280
139.296753
139.338318
139.379486
139.420746
139.462357
139.504074
139.546066
139.588440
139.631317
139.674545
139.718109
139.762024
139.805359
139.848450
139.891037
139.932922
139.974182
140.015137
140.056259
140.097687
140.139435
140.181183
140.222610
140.264053
140.305893
140.347839
140.389893
140.432327
140.475082
140.518158
140.561554
140.605286
140.648590
140.691650
140.734055
140.775711
140.816925
140.858032
140.899109
140.940598
140.982422
141.024200
141.065674
141.107239
141.149185
141.191254
141.233582
141.276199
141.319138
141.362350
141.405762
141.449448
141.492737
141.535889
141.578522
141.620468
141.661835
141.702942
141.744141
141.785706
141.827621
141.869507
141.911163
141.952850
141.994949
142.037292
142.079773
142.122421
142.165482
142.208817
142.252304
142.296204
142.339706
142.383057
142.425781
142.467804
142.509232
142.550415
142.591797
142.633453
142.675430
142.717438
142.759155
142.800934
142.843216
142.885666
142.928314
142.971176
143.014374
143.057877
143.101578
143.145538
143.189117
143.232529
143.275391
143.317505
143.359024
143.400208
143.441437
143.483017
143.524902
143.566864
143.608475
143.650208
143.692322
143.734604
143.777069
143.819778
143.862885
143.906296
143.949936
143.993973
144.037766
144.081146
144.123596
144.165237
144.206329
144.247253
144.288315
144.329575
144.371262
144.412964
144.454300
144.495758
144.537521
144.579544
144.621841
144.664429
144.707489
144.750961
144.794632
144.838608
144.882065
144.925339
144.967972
145.009872
145.051102
145.091995
145.132904
145.174042
145.215530
145.257263
145.298767
145.340363
145.382034
145.423874
145.465897
145.508118
145.550720
145.593597
145.636856
145.680466
145.723785
145.767029
145.809662
145.851456
145.892639
145.933701
145.974838
146.016373
146.058228
146.100311
146.142105
146.183975
146.226151
146.268677
146.311340
146.354340
146.397675
146.441299
146.485245
146.529083
146.572433
146.615509
146.658127
146.699921
146.741226
146.782166
146.822998
146.863998
146.905197
146.946503
146.987839
147.029266
147.070938
147.112930
147.155151
147.197601
147.240356
147.283478
147.326782
147.370377
147.413910
147.457291
147.500061
147.542053
147.583496
147.624664
147.665817
147.707336
147.749237
147.791428
147.833511
147.875702
147.917923
147.960510
148.003067
148.045929
148.089035
148.132370
148.175919
148.219742
148.263321
148.306793
148.349503
148.391327
148.432480
148.473343
148.514252
148.555435
148.597000
148.638748
148.680450
148.722229
148.764175
148.806458
148.848892
148.891510
148.934448
148.977722
149.021271
149.065140
149.108688
149.152100
149.195023
149.237274
149.278854
149.320053
149.361206
149.402634
149.444366
149.486359
149.528229
149.570129
149.612381
149.654846
149.697586
149.740677
149.784119
149.827972
149.871918
149.916153
149.959961
150.003677
150.046707
150.089142
150.130997
150.172409
150.213715
150.255280
150.297226
150.339218
150.381027
150.422852
150.464966
150.507401
150.549881
150.592636
150.635696
150.679031
150.722565
150.766479
150.810074
150.853516
150.896454
150.938690
150.980301
151.021530
151.062729
151.104309
151.146286
151.188507
151.230560
151.272675
151.314911
151.357620
151.400345
151.443222
151.486420
151.529724
151.573196
151.616760
151.659973
151.703171
151.745834
151.787750
151.829163
151.870056
151.910843
151.951920
151.993271
152.034821
152.076416
152.117981
152.159805
152.202011
152.244385
152.287064
152.330124
152.373444
152.417099
152.460938
152.504501
152.547775
152.590561
152.632828
152.674500
152.715775
152.756973
152.798492
152.840378
152.882416
152.924377
152.966309
153.008209
153.050583
153.093140
153.135818
153.178787
153.222046
153.265533
153.309204
153.352570
153.395828
153.438553
153.480743
153.522385
153.563629
153.604797
153.646164
153.687943
153.729950
153.771957
153.814133
153.856445
153.899094
153.941788
153.984650
154.027863
154.071304
154.114975
154.158859
154.202377
154.245804
154.288620
154.330872
154.372543
154.413864
154.455139
154.496567
154.538315
154.580139
154.621979
154.664032
154.706238
154.748764
154.791306
154.834076
154.877243
154.920624
154.964279
155.008209
155.051849
155.095276
155.138077
155.180252
155.221970
155.263275
155.304504
155.345932
155.387680
155.429581
155.471497
155.513519
155.555786
155.598358
155.641037
155.684067
155.727356
155.770950
155.814774
155.858841
155.902618
155.946182
155.989334
156.031738
156.073517
156.114883
156.156158
156.197678
156.239532
156.281418
156.323257
156.365295
156.407471
156.449982
156.492615
156.535568
156.578690
156.622162
156.665787
156.709656
156.753448
156.797012
156.840057
156.882507
156.924438
156.965805
157.007050
157.048523
157.090347
157.132263
157.174011
157.215897
157.257996
157.300354
157.342972
157.385849
157.428970
157.472214
157.515472
157.558884
157.601944
157.644638
157.687119
157.729156
157.770752
157.811768
157.852463
157.893478
157.934875
157.976471
158.018265
158.060226
158.101746
158.143570
158.185379
158.227371
158.269531
158.312119
158.355042
158.398392
158.441528
158.484421
158.526962
158.569092
158.610703
158.651810
158.692749
158.734070
158.775787
158.818054
158.860199
158.902344
158.944397
158.986816
159.029358
159.071930
159.114731
159.157654
159.200851
159.243790
159.286392
159.328644
159.370743
159.412292
159.453094
159.493500
159.533722
159.574173
159.615021
159.655792
159.696518
159.737396
159.778458
159.819672
159.861191
159.902969
159.944870
159.986969
160.029160
160.071487
160.113586
160.155502
160.197281
160.238434
160.279068
160.319229
160.359268
160.399582
160.440262
160.481033
160.521744
160.562515
160.603531
160.644745
160.686295
160.728012
160.770035
160.812302
160.854736
160.897263
160.939484
160.981491
161.023392
161.064804
161.105835
161.146393
161.186752
161.227310
161.268356
161.309631
161.351166
161.392868
161.434555
161.476471
161.518677
161.561020
161.603485
161.646225
161.689255
161.732712
161.775833
161.818680
161.861160
161.902817
161.943787
161.984375
162.024872
162.065689
162.106934
162.148422
162.189835
162.231201
162.272568
162.314255
162.356232
162.398392
162.440659
162.483185
162.525879
162.568649
162.611084
162.653290
162.695496
162.737198
162.778336
162.818909
162.859192
162.899704
162.940689
162.981949
163.023376
163.065033
163.106750
163.148804
163.191101
163.233597
163.276199
163.319016
163.362061
163.405396
163.448349
163.490967
163.533447
163.574951
163.615784
163.656158
163.696442
163.737076
163.778183
163.819519
163.860840
163.902161
163.943619
163.985275
164.027222
164.069351
164.111618
164.154297
164.197159
164.240372
164.283310
164.325912
164.368393
164.410385
164.451843
164.492645
164.533112
164.573807
164.615021
164.656555
164.698135
164.739685
164.781219
164.822983
164.865128
164.907288
164.949600
164.992157
165.034958
165.077866
165.120239
165.162445
165.204483
165.245636
165.286072
165.326248
165.366302
165.406555
165.447327
165.488297
165.529282
165.570358
165.611633
165.653168
165.695068
165.737244
165.779556
165.822205
165.865097
165.908157
165.951218
165.993896
166.036652
166.078842
166.120590
166.161713
166.202652
166.243622
166.285095
166.326843
166.368805
166.410843
166.452972
166.495209
166.537827
166.580505
166.623352
166.666489
166.709869
166.753433
166.796875
166.839951
166.882874
166.924820
166.965958
167.006699
167.047379
167.088318
167.129654
167.171219
167.212891
167.254272
167.295822
167.337570
167.379684
167.421921
167.464279
167.507004
167.549896
167.593048
167.635864
167.678345
167.720810
167.762817
167.804245
167.845139
167.885635
167.926300
167.967361
168.008652
168.050140
168.091675
168.133438
168.175262
168.217499
168.259933
168.302521
168.345352
168.388321
168.431503
168.474380
168.516891
168.559494
168.601593
168.643143
168.684189
168.724960
168.766006
168.807556
168.849487
168.891495
168.933411
168.975433
169.017639
169.060226
169.102661
169.144943
169.187241
169.229874
169.272415
169.314499
169.356171
169.397842
169.438950
169.479660
169.519775
169.559540
169.599335
169.639603
169.680115
169.720505
169.760803
169.801224
169.841812
169.882736
169.923950
169.965393
170.007248
170.049423
170.091782
170.133987
170.175812
170.217651
170.258987
170.299820
170.340118
170.380234
170.420410
170.461075
170.502136
170.543152
170.584213
170.625336
170.666611
170.708267
170.749954
170.791733
170.833649
170.875824
170.918152
170.960251
171.002182
171.044266
171.085968
171.127060
171.167603
171.208008
171.248474
171.289444
171.330811
171.372147
171.413437
171.454788
171.496338
171.538269
171.580261
171.622437
171.664917
171.707657
171.750671
171.793533
171.835922
171.878372
171.920410
171.961807
172.002686
172.043320
172.084045
172.125031
172.166367
172.207825
172.249466
172.291183
172.333084
172.375504
172.418015
172.460785
172.503784
172.546921
172.590286
172.633469
172.676270
172.719070
172.761414
172.803131
172.844360
172.885254
172.926270
172.967728
173.009537
173.051407
173.093277
173.135178
173.177277
173.219788
173.262360
173.305084
173.348145
173.391403
173.434875
173.478241
173.521133
173.564117
173.606644
173.648499
173.689804
173.730804
173.771942
173.813370
173.855148
173.897079
173.939163
173.981293
174.023621
174.066406
174.109299
174.152374
174.195755
174.239227
174.282898
174.326416
174.369598
174.412750
174.455490
174.497589
174.539032
174.580200
174.621368
174.662918
174.704865
174.747009
174.789078
174.831177
174.873383
174.916061
174.958771
175.001602
175.044769
175.088089
175.131653
175.175018
175.217926
175.260880
175.303391
175.345230
175.386353
175.427246
175.468155
175.509583
175.551392
175.593246
175.635025
175.676849
175.718857
175.761230
175.803680
175.846207
175.888992
175.932007
175.975220
176.018234
176.060898
176.103546
176.145676
176.187271
176.228210
176.268738
176.309357
176.350357
176.391769
176.433243
176.474762
176.516342
176.558044
176.600098
176.642334
176.684616
176.727173
176.769943
176.812897
176.855774
176.898239
176.940811
176.982941
177.024475
177.065353
177.106003
177.146698
177.187744
177.229187
177.270508
177.311981
177.353439
177.395172
177.437332
177.479568
177.522003
177.564621
177.607422
177.650482
177.693542
177.736359
177.779266
177.821625
177.863266
177.904510
177.945374
177.986206
178.027328
178.068726
178.110260
178.151947
178.193970
178.236206
178.278854
178.321625
178.364502
178.407669
178.450912
178.494446
178.537949
178.581177
178.624527
178.667252
178.709045
178.750275
178.791107
178.832031
178.873138
178.914581
178.956253
178.997971
179.039963
179.082001
179.124573
179.167084
179.209839
179.252838
179.296051
179.339539
179.383301
179.426773
179.470276
179.513275
179.555542
179.597214
179.638626
179.679977
179.721634
179.763611
179.805817
179.847946
179.890244
179.932480
179.975403
180.018219
180.061050
180.104233
180.147491
180.191101
180.234741
180.278091
180.321121
180.363663
180.405426
180.446716
180.487717
180.528687
180.569809
180.611191
180.652679
180.694229
180.735809
180.777924
180.820541
180.863068
180.905991
180.949036
180.992249
181.035568
181.078979
181.122269
181.165405
181.208115
181.250046
181.291519
181.332672
181.373688
181.414825
181.456238
181.497818
181.539505
181.581375
181.623505
181.665848
181.708313
181.750961
181.793854
181.837128
181.880554
181.924332
181.967911
182.011383
182.054459
182.096802
182.138535
182.179840
182.221054
182.262756
182.304825
182.347137
182.389465
182.431808
182.474106
182.516769
182.559494
182.602341
182.645447
182.688690
182.732071
182.775558
182.818771
182.862015
182.904877
182.947128
182.988739
183.029984
183.071152
183.112427
183.154114
183.195862
183.237595
183.279373
183.321320
183.363739
183.406174
183.448639
183.491333
183.534210
183.577255
183.620285
183.663025
183.705734
183.747925
183.789505
183.830643
183.871262
183.911835
183.952698
183.993835
184.035004
184.076157
184.117508
184.158981
184.200775
184.242661
184.284668
184.326965
184.369598
184.412567
184.455826
184.498795
184.541550
184.584015
184.625732
184.666931
184.707840
184.748596
184.789764
184.831345
184.873001
184.914719
184.956543
184.998566
185.040863
185.083145
185.125549
185.168213
185.211151
185.254395
185.297928
185.341202
185.384338
185.427200
185.469345
185.510941
185.552231
185.593430
185.634766
185.676437
185.718262
185.760117
185.802231
185.844482
185.887085
185.929977
185.973068
186.016464
186.060089
186.103867
186.147888
186.191513
186.234955
186.278091
186.320480
186.362350
186.403702
186.444946
186.486389
186.528214
186.570236
186.612106
186.653946
186.695953
186.738113
186.780426
186.823105
186.866135
186.909515
186.953094
186.997040
187.040909
187.084564
187.128006
187.170853
187.213135
187.254929
187.296539
187.338486
187.380829
187.423447
187.465988
187.508545
187.551208
187.594269
187.637360
187.680695
187.724243
187.768158
187.812164
187.855957
187.899353
187.942581
187.985580
188.028015
188.069763
188.110840
188.151489
188.192474
188.234024
188.276031
188.318344
188.360962
188.403641
188.446655
188.489670
188.532776
188.576050
188.619400
188.663147
188.706970
188.750381
188.793610
188.836609
188.878769
188.920425
188.961533
189.002441
189.043655
189.085312
189.127121
189.168839
189.210693
189.252609
189.294693
189.337158
189.379761
189.422485
189.465607
189.508911
189.552429
189.595627
189.638412
189.681076
189.722824
189.763931
189.804535
189.845062
189.885956
189.927353
189.969101
190.010559
190.051910
190.093475
190.135223
190.177200
190.219421
190.261917
190.304749
190.347763
190.390976
190.433945
190.476746
190.519409
190.561584
190.603180
190.644165
190.684937
190.726074
190.767838
190.809921
190.851852
190.894119
190.936340
190.978851
191.021393
191.063919
191.106491
191.149185
191.192215
191.235260
191.277924
191.320328
191.362228
191.403687
191.444824
191.485611
191.526062
191.566650
191.607330
191.647903
191.688431
191.729431
191.770676
191.812103
191.853333
191.894653
191.936111
191.977844
192.019821
192.062012
192.104324
192.146729
192.188889
192.230682
192.271912
192.312622
192.353226
192.393936
192.435104
192.476456
192.517731
192.559265
192.601196
192.643478
192.685791
192.728195
192.770599
192.813248
192.855789
192.897888
192.939728
192.981445
193.023010
193.064072
193.104568
193.144485
193.184174
193.223862
193.263977
193.304169
193.344482
193.385086
193.425797
193.466766
193.507919
193.549347
193.591110
193.633148
193.675369
193.718018
193.760483
193.802765
193.844864
193.886368
193.927475
193.967987
194.008255
194.048767
194.089722
194.131180
194.172409
194.213699
194.255051
194.296616
194.338318
194.379959
194.421738
194.463608
194.505814
194.548157
194.590149
194.631760
194.673050
194.713943
194.754349
194.794556
194.834564
194.874741
194.914886
194.954758
194.994476
195.034775
195.075607
195.116577
195.157471
195.198380
195.239532
195.280914
195.322586
195.364456
195.406281
195.447968
195.489273
195.529999
195.570145
195.609955
195.649704
195.689743
195.730270
195.771103
195.811600
195.852066
195.892639
195.933578
195.974854
196.016312
196.057983
196.099930
196.142212
196.184357
196.226257
196.267868
196.309509
196.350739
196.391403
196.431610
196.471558
196.511734
196.552338
196.593231
196.634323
196.675644
196.717194
196.759003
196.801208
196.843567
196.886078
196.928802
196.971725
197.014664
197.057419
197.099854
197.142288
197.184311
197.225662
197.266525
197.307159
197.348007
197.389389
197.431091
197.472916
197.514664
197.556412
197.598434
197.640762
197.683167
197.725494
197.767960
197.810486
197.853195
197.895493
197.937393
197.979355
198.020737
198.061584
198.101776
198.141724
198.181763
198.222305
198.263168
198.303864
198.344376
198.385086
198.425964
198.467270
198.508865
198.550476
198.592407
198.634583
198.676727
198.718445
198.759964
198.801605
198.842453
198.882568
198.922180
198.961533
199.001022
199.040985
199.081314
199.121948
199.162567
199.203552
199.244629
199.286087
199.327515
199.369141
199.410980
199.453171
199.495636
199.538193
199.580429
199.622711
199.664368
199.705582
199.746185
199.786469
199.826920
199.867935
199.909195
199.950531
199.991852
200.033371
200.075012
200.117065
200.159286
200.201675
200.244339
200.287292
200.330521
200.373672
200.416367
200.459015
200.501190
200.542770
200.583786
200.624329
200.665039
200.706207
200.747742
200.789307
200.830841
200.872345
200.914047
200.956192
200.998291
201.040451
201.082947
201.125702
201.168671
201.211288
201.253647
201.296005
201.337860
201.379150
201.419907
201.460373
201.500977
201.541962
201.583344
201.624664
201.666290
201.707870
201.749496
201.791733
201.834137
201.876526
201.919189
201.962250
202.005432
202.048386
202.090942
202.133484
202.175339
202.216446
202.256973
202.297195
202.337494
202.378250
202.419342
202.460434
202.501663
202.542953
202.584351
202.626144
202.667999
202.710052
202.752304
202.794952
202.837860
202.880768
202.923462
202.966064
203.007858
203.049011
203.089630
203.129974
203.170349
203.211166
203.252350
203.293671
203.335037
203.376511
203.418243
203.460297
203.502609
203.544998
203.587738
203.630737
203.673950
203.717209
203.760223
203.803177
203.845322
203.886642
203.927383
203.967941
204.008484
204.049347
204.090424
204.131882
204.173615
204.215546
204.257584
204.300064
204.342667
204.385422
204.428528
204.471817
204.515244
204.558884
204.602295
204.645615
204.688080
204.729782
204.770905
204.811890
204.852814
204.894150
204.935699
204.977570
205.019485
205.061417
205.103561
205.146088
205.188599
205.231323
205.274307
205.317596
205.361069
205.404678
205.447906
205.491013
205.533478
205.575058
205.616028
205.656738
205.697540
205.738693
205.780121
205.821838
205.863556
205.905502
205.947556
205.989944
206.032471
206.075134
206.118088
206.161484
206.205017
206.248718
206.292114
206.335541
206.378082
206.419769
206.460846
206.501648
206.542557
206.583694
206.625183
206.667023
206.708923
206.751068
206.793289
206.835922
206.878540
206.921204
206.964081
207.007294
207.050735
207.094376
207.137741
207.181152
207.223999
207.266190
207.307785
207.349091
207.390427
207.432007
207.473923
207.516037
207.558228
207.600586
207.642990
207.685959
207.728867
207.771988
207.815445
207.859024
207.902847
207.946655
207.990265
208.033844
208.076736
208.118942
208.160767
208.202103
208.243439
208.284943
208.326691
208.368652
208.410736
208.453018
208.495377
208.538300
208.581039
208.624023
208.667297
208.710693
208.754272
208.798019
208.841461
208.885071
208.928192
208.970612
209.012466
209.053940
209.095398
209.137115
209.179291
209.221634
209.263947
209.306427
209.349121
209.392166
209.435150
209.478256
209.521515
209.565140
209.609024
209.653000
209.696625
209.739868
209.782455
209.824371
209.865692
209.906723
209.947754
209.988998
210.030411
210.072052
210.113800
210.155670
210.197708
210.240128
210.282745
210.325623
210.368713
210.412018
210.455582
210.499313
210.542801
210.586029
210.628754
210.670746
210.712143
210.753113
210.794006
210.835190
210.876511
210.918152
210.959793
211.001465
211.043228
211.085312
211.127716
211.170227
211.213196
211.256531
211.300171
211.344315
211.388306
211.432053
211.475128
211.517593
211.559494
211.601105
211.642654
211.684509
211.726715
211.769150
211.811386
211.853592
211.896072
211.938980
211.982025
212.025330
212.068924
212.112747
212.156723
212.200607
212.244232
212.287552
212.330414
212.372330
212.413574
212.454468
212.495239
212.536102
212.577271
212.618729
212.660309
212.701889
212.743607
212.785568
212.827606
212.869751
212.912140
212.954620
212.997208
213.040070
213.082825
213.125488
213.167694
213.209442
213.250702
213.291565
213.332291
213.373306
213.414780
213.456192
213.497467
213.538803
213.580032
213.621780
213.663559
213.705582
213.747833
213.790237
213.832687
213.875305
213.917725
213.960175
214.002106
214.043411
214.084305
214.124710
214.164993
214.205597
214.246597
214.287735
214.328903
214.370239
214.411728
214.453659
214.495544
214.537674
214.580063
214.622726
214.665649
214.708878
214.751907
214.794830
214.836945
214.878387
214.919449
214.960068
215.000610
215.041504
215.082672
215.124023
215.165329
215.206833
215.248520
215.290543
215.332718
215.375061
215.417801
215.460831
215.504013
215.547531
215.590744
215.633926
215.676834
215.718826
215.760147
215.801147
215.842087
215.883255
215.924728
215.966431
216.008118
216.049988
216.092087
216.134415
216.177078
216.220078
216.263321
216.306900
216.350555
216.394455
216.438065
216.481522
216.524719
216.567413
216.609528
216.651016
216.692139
216.733658
216.775650
216.817917
216.860260
216.902893
216.945358
216.988190
217.030930
217.073776
217.116852
217.160156
217.203873
217.247849
217.291412
217.334839
217.377930
217.420151
217.461868
217.503036
217.544022
217.585373
217.627213
217.669403
217.711670
217.754074
217.796387
217.839020
217.881607
217.924057
217.966431
218.008911
218.051697
218.094757
218.137421
218.179855
218.221970
218.263565
218.304489
218.344925
218.385071
218.425507
218.466080
218.506821
218.547531
218.588455
218.629211
218.670013
218.710754
218.751511
218.792664
218.833969
218.875626
218.917572
218.959610
219.001740
219.043457
219.084671
219.125214
219.165421
219.205505
219.245865
219.286819
219.328079
219.369263
219.410370
219.451706
219.493286
219.535278
219.577393
219.619812
219.662338
219.705276
219.748215
219.790771
219.833145
219.875427
219.917343
219.958664
219.999420
220.040009
220.080780
220.122238
220.163681
220.205154
220.246933
220.288895
220.331009
220.373520
220.416031
220.458771
220.501678
220.544937
220.588470
220.631760
220.674591
220.717255
220.759033
220.800049
220.840668
220.881271
220.922134
220.963547
221.005142
221.046478
221.087891
221.129425
221.171173
221.213165
221.255447
221.298019
221.340851
221.383957
221.427368
221.470383
221.513092
221.555862
221.598007
221.639740
221.680725
221.721558
221.762695
221.804291
221.846252
221.888229
221.930283
221.972260
222.014374
222.056702
222.099075
222.141632
222.184372
222.227402
222.270630
222.313553
222.356094
222.398315
222.440018
222.481247
222.522034
222.562561
222.603363
222.644608
222.685883
222.727371
222.769073
222.811050
222.853348
222.895828
222.938492
222.981491
223.024658
223.068130
223.111649
223.154953
223.198013
223.240845
223.282700
223.323837
223.364563
223.404984
223.445663
223.486801
223.528107
223.569534
223.610840
223.652328
223.693863
223.735794
223.777908
223.820282
223.863190
223.906219
223.949524
223.993027
224.036179
224.079391
224.122009
224.164093
224.205597
224.246689
224.288193
224.330231
224.372604
224.414917
224.457275
224.499557
224.542160
224.584671
224.627136
224.669571
224.712051
224.754898
224.797699
224.840225
224.882462
224.924423
224.965973
225.007172
225.048004
225.088486
225.129044
225.169830
225.210709
225.251877
225.293396
225.335312
225.377701
225.420212
225.462799
225.505600
225.548386
225.591599
225.634827
225.677872
225.720871
225.763931
225.806595
225.848694
225.890213
225.931473
225.972717
226.014359
226.056229
226.098358
226.140564
226.182861
226.225235
226.267975
226.310867
226.354019
226.397400
226.441177
226.485123
226.529358
226.573318
226.616684
226.659241
226.700943
226.742126
226.783264
226.824585
226.866226
226.908264
226.950592
226.992599
227.034698
227.077042
227.119720
227.162140
227.204529
227.246765
227.289230
227.331696
227.373886
227.415726
227.457642
227.499023
227.540085
227.580627
227.620834
227.661118
227.701675
227.742584
227.783585
227.824722
227.866058
227.907501
227.949356
227.991592
228.033890
228.076553
228.119507
228.162674
228.205734
228.248428
228.290924
228.332809
228.374115
228.414917
228.455521
228.496307
228.537598
228.579025
228.620544
228.661819
228.703186
228.744736
228.786591
228.828506
228.870682
228.913193
228.955978
228.998978
229.041901
229.084427
229.126907
229.168777
229.210083
229.250656
229.291016
229.331528
229.372467
229.413818
229.455353
229.496994
229.538528
229.580399
229.622574
229.664902
229.707230
229.749817
229.792786
229.835983
229.878815
229.921341
229.963821
230.005707
230.047012
230.087723
230.128204
230.168930
230.210083
230.251541
230.292938
230.334167
230.375488
230.417084
230.458878
230.500946
230.543030
230.585602
230.628418
230.671448
230.714340
230.756821
230.799377
230.841492
230.883118
230.924118
230.964798
231.005569
231.046860
231.088470
231.130112
231.171783
231.213470
231.255295
231.297577
231.339905
231.382507
231.425323
231.468338
231.511566
231.554565
231.597183
231.639908
231.682053
231.723694
231.764709
231.805511
231.846466
231.887909
231.929672
231.971466
232.013214
232.054947
232.096878
232.139297
232.181778
232.224319
232.267120
232.310181
232.353500
232.396469
232.438995
232.481583
232.523666
232.565125
232.606094
232.646713
232.687500
232.728638
232.770203
232.811798
232.853317
232.894775
232.936462
232.978622
233.020950
233.063370
233.106079
233.148972
233.192169
233.235184
233.277847
233.320358
233.362473
233.403946
233.444763
233.485413
233.526062
233.567245
233.608704
233.650238
233.691788
233.733414
233.775192
233.817474
233.859955
233.902481
233.945297
233.988251
234.031525
234.074585
234.117264
234.159943
234.201920
234.243301
234.284134
234.324463
234.364899
234.405701
234.446838
234.488251
234.529617
234.571106
234.612732
234.654831
234.696838
234.738922
234.781387
234.824142
234.867203
234.910187
234.953018
234.995895
235.037933
235.079147
235.119980
235.160446
235.200989
235.241943
235.283325
235.324829
235.366302
235.408051
235.449966
235.492310
235.534622
235.577103
235.619843
235.662872
235.706116
235.749496
235.792633
235.835770
235.878113
235.919617
235.960480
236.001114
236.041870
236.082916
236.124207
236.165802
236.207458
236.249344
236.291351
236.333771
236.376251
236.418869
236.461731
236.504913
236.548203
236.591766
236.635101
236.678436
236.721191
236.763290
236.804794
236.846069
236.887390
236.928879
236.970673
237.012665
237.054703
237.096863
237.139267
237.182266
237.225113
237.268051
237.311157
237.354294
237.397598
237.440964
237.484161
237.527359
237.570221
237.612564
237.654297
237.695618
237.736847
237.778458
237.820084
237.862122
237.904266
237.946396
237.988647
238.031143
238.073563
238.116104
238.158859
238.202011
238.245346
238.288574
238.331390
238.374130
238.416290
238.457718
238.498627
238.539276
238.580032
238.621140
238.662659
238.704285
238.745712
238.787262
238.828766
238.870712
238.912643
238.954803
238.997314
239.040054
239.083038
239.126190
239.169098
239.211990
239.254578
239.296448
239.337692
239.378693
239.419662
239.461075
239.502792
239.544464
239.586334
239.628357
239.670685
239.713486
239.756424
239.799622
239.842850
239.886200
239.929611
239.973083
240.016266
240.059464
240.102203
240.143997
240.185181
240.226151
240.266937
240.307968
240.349213
240.390747
240.432434
240.474136
240.516068
240.558411
240.600739
240.643234
240.686096
240.729248
240.772598
240.816269
240.859665
240.902969
240.945526
240.987091
241.028214
241.068924
241.109756
241.150955
241.192627
241.234543
241.276535
241.318665
241.360855
241.403458
241.445984
241.488510
241.531235
241.574326
241.617874
241.661636
241.705124
241.748505
241.791397
241.833496
241.875092
241.916290
241.957245
241.998581
242.040253
242.082077
242.123856
242.165802
242.207916
242.250458
242.293076
242.335831
242.378952
242.422165
242.465622
242.509277
242.552719
242.596115
242.639130
242.681351
242.722946
242.764053
242.805130
242.846481
242.888229
242.930298
242.972183
243.014359
243.056503
243.099121
243.141754
243.184372
243.227203
243.270157
243.313416
243.356857
243.400009
243.443253
243.486023
243.528214
243.569748
243.610977
243.652222
243.693741
243.735596
243.777481
243.819321
243.861465
243.903763
243.946762
243.989624
244.032501
244.075470
244.118469
244.161652
244.205048
244.248199
244.291367
244.334183
244.376312
244.417923
244.459045
244.500153
244.541443
244.582779
244.624603
244.666534
244.708405
244.750168
244.792358
244.834610
244.876984
244.919647
244.962494
245.005890
245.049759
245.093277
245.136658
245.179581
245.221725
245.263290
245.304474
245.345627
245.387070
245.428894
245.471207
245.513519
245.556137
245.598663
245.641586
245.684586
245.727646
245.770905
245.814285
245.857986
245.901901
245.945312
245.988892
246.032013
246.074402
246.116211
246.157471
246.198532
246.239914
246.281464
246.323288
246.365051
246.406998
246.449158
246.491516
246.534058
246.576904
246.620010
246.663376
246.707108
246.750992
246.794693
246.838257
246.881363
246.923798
246.965591
247.006897
247.048111
247.089584
247.131653
247.173798
247.215866
247.258072
247.300186
247.342590
247.385132
247.427734
247.470596
247.513748
247.557190
247.601028
247.644547
247.687851
247.730820
247.773010
247.814728
247.855881
247.897079
247.938522
247.980392
248.022446
248.064484
248.106583
248.148849
248.191360
248.234192
248.277161
248.320526
248.364090
248.407776
248.451889
248.495499
248.538879
248.582138
248.624802
248.666977
248.708435
248.749710
248.791382
248.833527
248.875961
248.918488
248.961273
249.003738
249.046539
249.089371
249.132034
249.174728
249.217560
249.260590
249.303848
249.346710
249.389282
249.431488
249.473373
249.514755
249.555511
249.596054
249.636826
249.677704
249.718414
249.759201
249.800308
249.841660
249.882889
249.923950
249.965149
250.006638
250.048370
250.090256
250.132172
250.174026
250.215866
250.257416
250.298203
250.338455
250.378265
250.418030
250.458099
250.498764
250.539688
250.580551
250.621475
250.662430
250.703659
250.745193
250.786942
250.828949
250.871246
250.913788
250.956558
250.998932
251.040985
251.082962
251.124435
251.165405
251.205811
251.246124
251.286713
251.327896
251.369339
251.410812
251.452438
251.494049
251.535980
251.578110
251.620102
251.662308
251.704575
251.747192
251.789764
251.832016
251.874054
251.915863
251.957230
251.998184
252.038544
252.078781
252.119186
252.160172
252.201126
252.242004
252.283142
252.324631
252.366196
252.408112
252.450195
252.492615
252.535278
252.578140
252.621140
252.663757
252.706085
252.748077
252.789337
252.830170
252.870560
252.910919
252.951416
252.992462
253.033493
253.074478
253.115585
253.156830
253.198257
253.240082
253.282135
253.324509
253.367172
253.410095
253.453293
253.496368
253.539108
253.581909
253.624344
253.666168
253.707336
253.748367
253.789688
253.831528
253.873764
253.915985
253.958282
254.000519
254.043060
254.085556
254.128021
254.170593
254.213211
254.256180
254.299362
254.342102
254.384384
254.426285
254.467453
254.508148
254.548355
254.588364
254.628662
254.669144
254.709991
254.750961
254.791977
254.833130
254.874557
254.916260
254.958038
255.000031
255.042343
255.085007
255.127899
255.170776
255.213318
255.255783
255.297409
255.338287
255.378601
255.418915
255.459396
255.500397
255.541687
255.582932
255.624023
255.665298
255.706696
255.748383
255.790283
255.832489
255.874985
255.917725
255.960739
256.003662
256.046417
256.089172
256.131531
256.173279
256.214539
256.255615
256.296875
256.338593
256.380646
256.422882
256.464996
256.507294
256.549896
256.592682
256.635712
256.679077
256.722778
256.766571
256.810516
256.854126
256.897369
256.940491
256.982666
257.023987
257.064850
257.105621
257.146484
257.187927
257.229645
257.271271
257.312927
257.354401
257.396027
257.438049
257.480255
257.522736
257.565430
257.608398
257.651703
257.695160
257.738251
257.781342
257.823975
257.866150
257.907623
257.948792
257.990326
258.032288
258.074615
258.117157
258.159485
258.202026
258.244629
258.287689
258.330597
258.373627
258.416595
258.459961
258.502930
258.545319
258.587341
258.629242
258.670349
258.710846
258.750732
258.790527
258.830475
258.870697
258.911224
258.951660
258.992035
259.032471
259.073090
259.114044
259.155243
259.196808
259.238678
259.280975
259.323303
259.365814
259.408020
259.450165
259.491974
259.533234
259.573975
259.614471
259.655182
259.696289
259.737732
259.779205
259.820679
259.862274
259.904144
259.946320
259.988770
260.031250
260.074188
260.117157
260.160431
260.203400
260.246002
260.288635
260.330841
260.372437
260.413422
260.454193
260.495087
260.536530
260.578308
260.620178
260.661896
260.703705
260.745605
260.787872
260.830322
260.872681
260.915314
260.958130
261.001221
261.043976
261.086426
261.128906
261.170624
261.211945
261.252655
261.293152
261.333740
261.374725
261.416016
261.457306
261.498566
261.539734
261.581085
261.622894
261.664734
261.706787
261.749237
261.791992
261.834930
261.877777
261.920532
261.963318
262.005768
262.047516
262.088806
262.129791
262.170776
262.212219
262.253784
262.295685
262.337677
262.379608
262.421844
262.464478
262.507172
262.550079
262.593109
262.636322
262.679840
262.723022
262.766022
262.808990
262.851532
262.893463
262.934875
262.976013
263.017181
263.058685
263.100555
263.142365
263.184448
263.226624
263.268951
263.311798
263.354645
263.397522
263.440826
263.484222
263.527924
263.571564
263.614746
263.658112
263.700836
263.743073
263.784515
263.825745
263.867065
263.908844
263.951019
263.993256
264.035217
264.077301
264.119598
264.162201
264.204895
264.247742
264.290833
264.334076
264.377625
264.420898
264.463623
264.506378
264.548798
264.590424
264.631714
264.672546
264.713531
264.754883
264.796570
264.838379
264.880096
264.921875
264.963837
265.006287
265.048645
265.091156
265.133911
265.176880
265.220001
265.262939
265.305634
265.348297
265.390472
265.432007
265.472992
265.513672
265.554504
265.595703
265.637268
265.678864
265.720398
265.761993
265.803680
265.845917
265.888123
265.930359
265.972961
266.015747
266.058807
266.101685
266.144073
266.186615
266.228760
266.270172
266.311096
266.351746
266.392426
266.433411
266.474792
266.516266
266.557678
266.599274
266.641113
266.683228
266.725464
266.767792
266.810516
266.853363
266.896393
266.939484
266.982269
267.025177
267.067749
267.109589
267.150909
267.191803
267.232727
267.274170
267.315704
267.357513
267.399414
267.441345
267.483368
267.526062
267.568817
267.611725
267.654846
267.698151
267.741730
267.785095
267.828156
267.871094
267.913574
267.955414
267.996796
268.037720
268.078735
268.119965
268.161407
268.203064
268.244873
268.286774
268.328918
268.371429
268.413818
268.456177
268.498993
268.541931
268.585114
268.628235
268.671265
268.714355
268.757111
268.799164
268.840424
268.881409
268.922333
268.963745
269.005554
269.047607
269.089508
269.131348
269.173218
269.215729
269.258270
269.300964
269.343933
269.386993
269.430267
269.473389
269.516144
269.558899
269.601379
269.643158
269.684357
269.725220
269.765900
269.806946
269.848267
269.889740
269.931396
269.973267
270.015320
270.057770
270.100342
270.143097
270.186249
270.229279
270.272491
270.315887
270.359039
270.402222
270.444824
270.486816
270.528229
270.569153
270.609985
270.651184
270.692719
270.734558
270.776398
270.818390
270.860504
270.903107
270.945465
270.987915
271.030640
271.073730
271.116882
271.160187
271.203247
271.246338
271.289154
271.331146
271.372559
271.413544
271.454468
271.495850
271.537750
271.579865
271.621765
271.663757
271.705872
271.748413
271.791077
271.833588
271.876312
271.919220
271.962250
272.005249
272.047882
272.090607
272.132843
272.174591
272.215607
272.256256
272.296783
272.337585
272.378723
272.420044
272.461273
272.502533
272.543793
272.585602
272.627502
272.669495
272.711914
272.754395
272.797089
272.840088
272.882690
272.925568
272.967987
273.009735
273.050934
273.091736
273.132538
273.173584
273.215179
273.257019
273.298859
273.340790
273.382660
273.425079
273.467560
273.510010
273.552765
273.595551
273.638611
273.681885
273.724762
273.767792
273.810516
273.852631
273.894257
273.935455
273.976532
274.017761
274.059296
274.100983
274.142487
274.184204
274.226013
274.268158
274.310425
274.352997
274.395508
274.438202
274.480896
274.523285
274.565460
274.607666
274.649567
274.690887
274.731812
274.772156
274.812347
274.852753
274.893433
274.934052
274.974792
275.015747
275.056793
275.097961
275.139130
275.180389
275.222076
275.263947
275.306183
275.348694
275.391022
275.433502
275.475769
275.517273
275.558258
275.598999
275.639618
275.680389
275.721741
275.763275
275.804718
275.846283
275.888184
275.930420
275.972687
276.015289
276.058167
276.101196
276.144287
276.187042
276.229553
276.271973
276.314178
276.355713
276.396637
276.437134
276.477325
276.517944
276.558929
276.600006
276.641327
276.682861
276.724640
276.766663
276.808868
276.851318
276.894196
276.937256
276.980408
277.023865
277.066833
277.109833
277.152527
277.194397
277.235779
277.276550
277.317200
277.358154
277.399597
277.441345
277.483063
277.525116
277.566925
277.609100
277.651337
277.693604
277.736084
277.778687
277.821564
277.864563
277.907227
277.949646
277.991638
278.033203
278.074280
278.114807
278.155060
278.195618
278.236450
278.277374
278.318085
278.358978
278.399933
278.441040
278.482178
278.523499
278.565063
278.606659
278.648407
278.690155
278.731873
278.773529
278.814728
278.855469
278.895874
278.935608
278.975128
279.014862
279.055206
279.095734
279.136261
279.177124
279.217712
279.258850
279.300018
279.341278
279.382782
279.424744
279.466858
279.509247
279.551392
279.593262
279.634949
279.676086
279.716675
279.756805
279.796906
279.837189
279.877960
279.918945
279.960022
280.001282
280.042694
280.084351
280.126282
280.168457
280.210876
280.253540
280.296509
280.339661
280.382538
280.425293
280.467896
280.509735
280.550842
280.591553
280.632019
280.672699
280.713928
280.755157
280.796478
280.837860
280.879364
280.920959
280.962952
281.005188
281.047485
281.090271
281.133240
281.176483
281.219421
281.262177
281.304779
281.346741
281.388031
281.429016
281.469727
281.510681
281.552216
281.593994
281.635651
281.677307
281.718964
281.760895
281.802979
281.845184
281.887634
281.930206
281.973145
282.016266
282.059326
282.102020
282.144775
282.186707
282.227997
282.268738
282.309326
282.350189
282.391663
282.433441
282.475281
282.517242
282.559235
282.601440
282.643829
282.686401
282.729004
282.771698
282.814850
282.858154
282.901245
282.943848
282.986084
283.027771
283.069092
283.109833
283.150513
283.191284
283.232330
283.273529
283.314850
283.356537
283.398438
283.440704
283.483124
283.525696
283.568573
283.611694
283.655151
283.698853
283.742493
283.785889
283.829102
283.871277
283.912811
283.953766
283.994568
284.035706
284.077301
284.119171
284.161163
284.203064
284.245117
284.287231
284.329681
284.372162
284.414978
284.458252
284.501801
284.545563
284.589508
284.633026
284.676514
284.719238
284.761444
284.802856
284.844055
284.885559
284.927582
284.969910
285.011993
285.053955
285.095825
285.138000
285.180450
285.222992
285.265808
285.308746
285.351929
285.395264
285.438110
285.480621
285.523163
285.564758
285.605652
285.646027
285.686371
285.726898
285.767853
285.808990
285.850098
285.891327
285.932678
285.974243
286.016083
286.058258
286.100586
286.143127
286.185760
286.228668
286.271729
286.314545
286.357513
286.399597
286.441071
286.481812
286.522400
286.563232
286.604706
286.646393
286.688324
286.730103
286.772034
286.814209
286.856506
286.898895
286.941345
286.984039
287.027100
287.070435
287.113556
287.156189
287.198669
287.240387
287.281586
287.322266
287.362701
287.403229
287.444397
287.485596
287.526917
287.568207
287.609528
287.650848
287.692688
287.734680
287.777039
287.819733
287.862579
287.905640
287.948914
287.991974
288.035065
288.077454
288.119019
288.159973
288.200684
288.241638
288.283203
288.325165
288.367249
288.409210
288.451324
288.493561
288.535980
288.578461
288.620972
288.663757
288.706940
288.750427
288.793488
288.836182
288.878571
288.920197
288.961090
289.001373
289.041534
289.081848
289.122650
289.163727
289.204712
289.245544
289.286469
289.327515
289.368866
289.410583
289.452393
289.494781
289.537354
289.580231
289.623322
289.666046
289.708801
289.750793
289.792267
289.832947
289.873444
289.914001
289.955048
289.996460
290.038086
290.079773
290.121552
290.163391
290.205658
290.247955
290.290375
290.333099
290.376038
290.419373
290.462585
290.505554
290.548309
290.590271
290.631805
290.672821
290.713531
290.754303
290.795593
290.837128
290.878632
290.920044
290.961517
291.003296
291.045166
291.087280
291.129669
291.172302
291.215240
291.258484
291.301666
291.344818
291.387787
291.430145
291.471863
291.512909
291.553741
291.594543
291.635895
291.677582
291.719391
291.761230
291.803162
291.845245
291.887756
291.930084
291.972809
292.015869
292.059204
292.102631
292.146149
292.189453
292.232666
292.275513
292.317810
292.359467
292.400726
292.442108
292.484039
292.526276
292.568634
292.611023
292.653564
292.696075
292.739075
292.782196
292.825348
292.868805
292.912476
292.956451
293.000366
293.043732
293.087128
293.130035
293.172211
293.213745
293.254974
293.296234
293.337799
293.379761
293.421875
293.463989
293.506317
293.548584
293.591187
293.633850
293.676727
293.719788
293.763245
293.806763
293.850464
293.893677
293.937012
293.979858
294.022003
294.063568
294.104614
294.145844
294.187347
294.229401
294.271545
294.313232
294.355164
294.397339
294.439972
294.482422
294.525055
294.567780
294.610931
294.654144
294.697174
294.739899
294.782166
294.823761
294.864807
294.905273
294.945496
294.985931
295.026764
295.067841
295.108887
295.149719
295.190582
295.231659
295.273285
295.314941
295.356903
295.399170
295.441895
295.484802
295.527893
295.570557
295.613281
295.655457
295.696899
295.737701
295.778168
295.818665
295.859467
295.900726
295.942078
295.983398
296.024750
296.066223
296.108215
296.150208
296.192230
296.234467
296.277039
296.319855
296.362640
296.404999
296.447479
296.489471
296.530762
296.571503
296.611938
296.652527
296.693512
296.734894
296.776367
296.817719
296.859314
296.900879
296.942963
296.985016
297.027100
297.069489
297.112152
297.154968
297.197998
297.240784
297.283508
297.325867
297.367523
297.408600
297.449249
297.489990
297.531189
297.572601
297.614349
297.656128
297.698059
297.739990
297.782471
297.824982
297.867859
297.910889
297.954132
297.997498
298.041046
298.084229
298.127319
298.169861
298.211517
298.252533
298.293243
298.333801
298.374634
298.415833
298.457245
298.498779
298.540497
298.582275
298.624542
298.666779
298.709167
298.751678
298.794464
298.837494
298.880676
298.923645
298.966705
299.009155
299.051086
299.092316
299.133331
299.174194
299.215485
299.257050
299.298859
299.340759
299.382874
299.425201
299.467804
299.510620
299.553436
299.596649
299.639984
299.683685
299.727325
299.770752
299.814178
299.857117
299.899445
299.941254
299.982544
300.023743
300.065155
300.106842
300.148651
300.190521
300.232666
300.274963
300.317719
300.360413
300.403107
300.446106
300.489349
300.532867
300.576569
300.619904
300.663177
300.705872
300.747833
300.789215
300.830353
300.871521
300.912842
300.954590
300.996460
301.038269
301.080292
301.122559
301.165283
301.207977
301.250732
301.293854
301.337219
301.380707
301.424469
301.467865
301.511261
301.554291
301.596558
301.638245
301.679413
301.720520
301.761902
301.803558
301.845398
301.887238
301.929291
301.971497
302.014191
302.056854
302.099609
302.142700
302.185822
302.229126
302.272736
302.316162
302.359650
302.402496
302.444611
302.486237
302.527405
302.568695
302.610321
302.652252
302.694550
302.736877
302.779358
302.821686
302.864685
302.907562
302.950348
302.993408
303.036682
303.080139
303.123901
303.167328
303.210480
303.253326
303.295715
303.337433
303.378845
303.420197
303.461670
303.503357
303.545197
303.586975
303.629150
303.671600
303.714264
303.756958
303.799957
303.843079
303.886261
303.929596
303.972931
304.016083
304.058960
304.101532
304.143311
304.184753
304.225708
304.266479
304.307251
304.348297
304.389526
304.430573
304.471771
304.512848
304.554352
304.595917
304.637634
304.679840
304.722198
304.764496
304.807251
304.849976
304.892822
304.935303
304.977142
305.018433
305.059174
305.099976
305.141113
305.182861
305.225250
305.267517
305.309814
305.352142
305.395020
305.437958
305.480804
305.523621
305.566467
305.609741
305.653137
305.696136
305.739044
305.781525
305.823486
305.864899
305.905914
305.946503
305.987396
306.028229
306.069519
306.110779
306.152130
306.193298
306.234406
306.275360
306.316406
306.357971
306.399719
306.441772
306.484131
306.526581
306.568817
306.610626
306.651886
306.692596
306.732849
306.772980
306.813446
306.854370
306.895569
306.936584
306.977814
307.019379
307.061218
307.103180
307.145264
307.187469
307.229675
307.271973
307.314209
307.356384
307.398438
307.440155
307.480988
307.521423
307.561401
307.601013
307.640747
307.680939
307.721527
307.761993
307.802521
307.843170
307.884003
307.924957
307.966064
308.007477
308.049194
308.090942
308.132935
308.174774
308.216766
308.258331
308.299286
308.339569
308.379272
308.418884
308.458771
308.499329
308.540009
308.580658
308.621399
308.662231
308.703552
308.744812
308.786163
308.827698
308.869354
308.911285
308.953247
308.995026
309.036682
309.078217
309.118958
309.159271
309.199188
309.238953
309.278961
309.319336
309.359741
309.400055
309.440582
309.481354
309.522461
309.563751
309.605316
309.647095
309.689209
309.731415
309.773895
309.816284
309.858368
309.899841
309.940796
309.981415
310.021729
310.061859
310.102234
310.142914
310.183746
310.224518
310.265503
310.306732
310.348480
310.390442
310.432739
310.475128
310.517548
310.559906
310.602325
310.644531
310.686432
310.728210
310.769592
310.810577
310.851013
310.891113
310.931366
310.972046
311.012604
311.053314
311.093964
311.134674
311.175507
311.216705
311.258087
311.299713
311.341431
311.383331
311.425476
311.467621
311.509796
311.551575
311.592865
311.633850
311.674286
311.714478
311.755127
311.796295
311.837799
311.879120
311.920502
311.961731
312.003448
312.045288
312.087128
312.129211
312.171295
312.213867
312.256348
312.298523
312.340546
312.382477
312.423889
312.464813
312.505341
312.545624
312.586151
312.627075
312.668274
312.709412
312.750732
312.792145
312.833862
312.876007
312.918304
312.960724
313.003448
313.046417
313.089600
313.132507
313.174927
313.217194
313.258575
313.299286
313.339569
313.379852
313.420258
313.461334
313.502625
313.543884
313.585052
313.626343
313.667694
313.709412
313.751343
313.793335
313.835754
313.878479
313.921509
313.964508
314.007233
314.049896
314.092102
314.133759
314.174896
314.215607
314.256836
314.298492
314.340424
314.382294
314.424164
314.466187
314.508331
314.550781
314.593506
314.636383
314.679474
314.722809
314.766388
314.809570
314.852325
314.894897
314.936798
314.978119
315.018982
315.059509
315.100464
315.141785
315.183289
315.224762
315.266296
315.307922
315.349823
315.392059
315.434448
315.477112
315.520020
315.563141
315.606384
315.649506
315.692322
315.735107
315.777435
315.819244
315.860535
315.901550
315.942688
315.984467
316.026520
316.068512
316.110504
316.152588
316.194916
316.237457
316.280060
316.322815
316.365723
316.408875
316.452362
316.495514
316.538391
316.581238
316.623596
316.665344
316.706451
316.747467
316.788696
316.830383
316.872162
316.914032
316.955719
316.997650
317.039917
317.082550
317.125305
317.168274
317.211334
317.254639
317.297974
317.340851
317.383331
317.425873
317.467957
317.509491
317.550385
317.591095
317.632019
317.673065
317.714417
317.755981
317.797699
317.839539
317.881683
317.924194
317.966797
318.009552
318.052673
318.095825
318.139221
318.182526
318.225403
318.268341
318.310913
318.352844
318.394226
318.435364
318.476746
318.518585
318.560883
318.603241
318.645477
318.687805
318.730316
318.773193
318.815948
318.858765
318.901672
318.944763
318.987701
319.030182
319.072235
319.114380
319.156097
319.197327
319.237793
319.277924
319.318207
319.358948
319.400085
319.441101
319.481995
319.523071
319.564423
319.606079
319.647705
319.689453
319.731445
319.773590
319.815460
319.856781
319.898071
319.939575
319.980591
320.020813
320.060425
320.099915
320.139587
320.179779
320.220459
320.261108
320.301910
320.342804
320.383942
320.425446
320.466888
320.508362
320.550018
320.592163
320.634369
320.676453
320.718323
320.760254
320.801605
320.842438
320.882721
320.922729
320.962921
321.003540
321.044708
321.085693
321.126709
321.167664
321.208832
321.250488
321.292206
321.334045
321.376099
321.418488
321.460968
321.503296
321.545166
321.587280
321.628845
321.669830
321.710358
321.750732
321.791138
321.832031
321.873352
321.914490
321.955658
321.997131
322.038666
322.080597
322.122803
322.165100
322.207550
322.250305
322.293182
322.335907
322.378326
322.420898
322.462830
322.504211
322.544983
322.585571
322.626221
322.667297
322.708679
322.750122
322.791565
322.833252
322.875061
322.917328
322.959686
323.002136
323.044891
323.087982
323.131134
323.174347
323.217255
323.260162
323.302582
323.344360
323.385590
323.426575
323.467529
323.509155
323.551025
323.592987
323.634888
323.676849
323.719086
323.761658
323.804230
323.846924
323.889984
323.933197
323.976807
324.020020
324.062805
324.105652
324.147888
324.189667
324.230774
324.271576
324.312408
324.353485
324.395020
324.436859
324.478638
324.520447
324.562500
324.604858
324.647339
324.690063
324.733002
324.776184
324.819550
324.862854
324.905579
324.948334
324.990326
325.031738
325.072449
325.113037
325.153534
325.194458
325.235840
325.277283
325.318726
325.360260
325.401886
325.443878
325.485931
325.527893
325.570221
325.612854
325.655853
325.698883
325.741425
325.783997
325.826141
325.867554
325.908478
325.949127
325.989899
326.030945
326.072235
326.113708
326.155273
326.196930
326.238770
326.281006
326.323395
326.365906
326.408722
326.451660
326.494873
326.538208
326.581146
326.624298
326.666718
326.708496
326.749634
326.790436
326.831329
326.872467
326.914032
326.955719
326.997437
327.039276
327.081207
327.123566
327.165863
327.208191
327.250702
327.293579
327.336548
327.379395
327.422028
327.464661
327.507019
327.548553
327.589569
327.630188
327.670807
327.711945
327.753387
327.795135
327.836761
327.878448
327.920105
327.962280
328.004486
328.046600
328.088989
328.131744
328.174774
328.217712
328.260620
328.303558
328.346130
328.388062
328.429382
328.470245
328.511108
328.552246
328.593781
328.635406
328.677155
328.718933
328.760895
328.803375
328.845764
328.888367
328.931091
328.974030
329.017212
329.060272
329.103058
329.145844
329.188202
329.230072
329.271240
329.311981
329.352692
329.393799
329.435181
329.476929
329.518463
329.560364
329.602081
329.644409
329.686646
329.729034
329.771606
329.814514
329.857666
329.901031
329.944183
329.987457
330.030151
330.072083
330.113586
330.154633
330.195801
330.237274
330.279236
330.321533
330.363708
330.405945
330.448303
330.491119
330.533752
330.576416
330.619385
330.662476
330.705811
330.749298
330.792603
330.835541
330.877869
330.919342
330.960327
331.000946
331.041595
331.082672
331.123840
331.165192
331.206421
331.247894
331.289642
331.331848
331.374207
331.416779
331.459564
331.502777
331.545929
331.589172
331.632141
331.675049
331.717590
331.759277
331.800507
331.841309
331.881897
331.922913
331.963928
332.005219
332.046631
332.088135
332.129974
332.172119
332.214233
332.256622
332.299255
332.342255
332.385681
332.429291
332.472626
332.515961
332.558807
332.600952
332.642578
332.683838
332.725159
332.766693
332.808716
332.851135
332.893494
332.935944
332.978302
333.021118
333.063995
333.106598
333.149078
333.191742
333.234772
333.277588
333.319946
333.362305
333.404053
333.445496
333.486450
333.526855
333.567139
333.607788
333.648590
333.689270
333.730042
333.770935
333.811737
333.852661
333.893799
333.935059
333.976593
334.018341
334.060242
334.102295
334.144135
334.186066
334.227631
334.268616
334.309296
334.349670
334.389923
334.430664
334.471527
334.512512
334.553406
334.594604
334.635986
334.677795
334.719788
334.761841
334.803986
334.846222
334.888489
334.930573
334.972748
335.015076
335.057159
335.098755
335.139832
335.180420
335.220673
335.261261
335.302124
335.343048
335.384033
335.425140
335.466370
335.507935
335.549591
335.591339
335.633362
335.675446
335.717773
335.760315
335.802582
335.845001
335.887177
335.928589
335.969391
336.009827
336.050201
336.090973
336.132294
336.174042
336.215668
336.257446
336.299255
336.341522
336.383881
336.425964
336.468140
336.510376
336.553009
336.595947
336.638397
336.680847
336.722900
336.764435
336.805389
336.845703
336.885925
336.926514
336.967438
337.008606
337.049652
337.090881
337.131897
337.173248
337.214630
337.256073
337.297729
337.339691
337.381897
337.424469
337.466705
337.508972
337.550720
337.592224
337.633057
337.673676
337.714142
337.754791
337.795868
337.837219
337.878326
337.919800
337.961304
338.003296
338.045349
338.087463
338.129791
338.172089
338.214600
338.257233
338.299561
338.341858
338.383484
338.424530
338.465271
338.505493
338.545532
338.585754
338.626312
338.666962
338.707764
338.748810
338.790009
338.831421
338.873047
338.914856
338.956879
338.999207
339.041870
339.084717
339.127716
339.170349
339.212830
339.254822
339.296295
339.337341
339.378265
339.419464
339.460907
339.502563
339.544250
339.585968
339.627960
339.670135
339.712677
339.755219
339.797852
339.840576
339.883453
339.926361
339.968964
340.011322
340.053528
340.095215
340.136261
340.176880
340.217285
340.258057
340.299255
340.340576
340.382263
340.424133
340.466156
340.508362
340.550568
340.592743
340.635101
340.677734
340.720642
340.763580
340.806213
340.848602
340.890930
340.932343
340.973083
341.013397
341.053558
341.093933
341.134949
341.176086
341.217133
341.258057
341.299194
341.340515
341.382172
341.423950
341.466034
341.508392
341.551117
341.593842
341.636292
341.678253
341.720154
341.761597
341.802460
341.842896
341.883118
341.923584
341.964600
342.005554
342.046753
342.088318
342.130066
342.172058
342.214355
342.256836
342.299622
342.342590
342.385651
342.428955
342.471802
342.514496
342.557037
342.598541
342.639191
342.679596
342.720001
342.760834
342.802094
342.843445
342.884735
342.926086
342.967407
343.009155
343.051178
343.093262
343.135590
343.178131
343.221039
343.264221
343.307068
343.349792
343.392334
343.434418
343.475922
343.516663
343.557404
343.598114
343.639404
343.680939
343.722412
343.764008
343.805542
343.847168
343.889038
343.931061
343.973267
344.015656
344.058350
344.101288
344.143707
344.185852
344.227783
344.269409
344.310547
344.351105
344.391418
344.431976
344.473083
344.514465
344.555908
344.597565
344.639465
344.681519
344.723877
344.766541
344.809357
344.852570
344.895996
344.939545
344.982819
345.025696
345.068390
345.110168
345.151184
345.191711
345.231995
345.272491
345.313446
345.354553
345.395630
345.436798
345.477783
345.518982
345.560425
345.602051
345.643860
345.686249
345.728729
345.771545
345.814484
345.857208
345.899780
345.941803
345.983307
346.024292
346.065002
346.106018
346.147552
346.189209
346.230896
346.272339
346.313995
346.355927
346.398010
346.440399
346.482971
346.525879
346.568848
346.611603
346.653961
346.696228
346.738495
346.780273
346.821655
346.862274
346.902557
346.942902
346.983429
347.024231
347.065338
347.106628
347.148163
347.189819
347.231537
347.273407
347.315460
347.357727
347.400330
347.442810
347.485077
347.527313
347.569275
347.610535
347.651062
347.691101
347.731293
347.771393
347.812042
347.852966
347.894012
347.934753
347.975525
348.016510
348.057617
348.098969
348.140381
348.182190
348.224335
348.266876
348.309265
348.351349
348.393463
348.435059
348.476044
348.516602
348.556824
348.597351
348.638214
348.679535
348.720825
348.761963
348.803345
348.844971
348.887024
348.929169
348.971436
349.013855
349.056580
349.099457
349.141846
349.183990
349.226135
349.267700
349.308502
349.348999
349.389313
349.429840
349.470825
349.512085
349.553223
349.594116
349.635437
349.676788
349.718414
349.760406
349.802521
349.845062
349.887726
349.930664
349.973602
350.016235
350.058746
350.100830
350.142395
350.183411
350.224121
350.264984
350.306091
350.347687
350.389496
350.431305
350.473267
350.515350
350.557831
350.600342
350.643066
350.686157
350.729584
350.773010
350.816284
350.859100
350.901733
350.943604
350.985016
351.025940
351.066559
351.107239
351.148468
351.189819
351.231293
351.272522
351.313812
351.355072
351.396606
351.438110
351.480103
351.522217
351.564667
351.607117
351.649475
351.691498
351.733765
351.775391
351.816528
351.856964
351.897034
351.937164
351.977966
352.019073
352.060486
352.101807
352.143311
352.184967
352.226746
352.268585
352.310669
352.352783
352.395294
352.437408
352.479462
352.521576
352.563751
352.605835
352.647247
352.687836
352.728271
352.768524
352.809418
352.850586
352.891785
352.933319
352.974915
353.016846
353.059174
353.101593
353.144318
353.187347
353.230469
353.273590
353.316681
353.359283
353.401855
353.444183
353.485840
353.526825
353.567413
353.608307
353.649475
353.691315
353.733063
353.774475
353.815948
353.857758
353.899902
353.942230
353.984619
354.027313
354.070312
354.113434
354.156067
354.198151
354.240265
354.281708
354.322723
354.363068
354.403107
354.443298
354.483856
354.524780
354.565613
354.606201
354.647003
354.687744
354.729034
354.770599
354.812103
354.854248
354.896667
354.939148
354.981354
355.023438
355.065582
355.107025
355.148041
355.188507
355.228577
355.268616
355.309082
355.349762
355.390808
355.432098
355.473450
355.514954
355.556824
355.598938
355.641022
355.683563
355.726227
355.769043
355.812042
355.854645
355.897522
355.939667
355.981049
356.021881
356.062439
356.103149
356.144165
356.185699
356.227356
356.269135
356.310913
356.352814
356.395325
356.437683
356.479950
356.522461
356.565491
356.608734
356.651794
356.694641
356.737457
356.779724
356.821320
356.862396
356.903137
356.943848
356.985016
357.026276
357.067657
357.109100
357.150604
357.192261
357.234497
357.276642
357.318726
357.361450
357.404327
357.447479
357.490570
357.533508
357.576111
357.617950
357.659210
357.699921
357.740540
357.781128
357.821930
357.863037
357.904266
357.945618
357.987061
358.028839
358.071198
358.113617
358.156342
358.199341
358.242523
358.285675
358.328918
358.371918
358.414795
358.457184
358.499023
358.540253
358.581146
358.621796
358.662811
358.703857
358.745026
358.786682
358.828278
358.870178
358.912384
358.954529
358.996643
359.038940
359.081543
359.124268
359.167389
359.210388
359.253448
359.296143
359.338287
359.379791
359.420959
359.462189
359.503967
359.546173
359.588715
359.631165
359.673676
359.716125
359.759094
359.802002
359.844818
359.888062
359.931519
359.975250
360.018860
360.062195
360.105286
360.147888
360.189972
360.231506
360.272736
360.313873
360.355164
360.396667
360.438171
360.479675
360.521423
360.563110
360.604828
360.646729
360.688843
360.731232
360.774078
360.816925
360.859833
360.902802
360.945587
360.987823
361.029449
361.070404
361.110992
361.151520
361.192383
361.233673
361.275269
361.316895
361.358734
361.400726
361.443146
361.485443
361.528046
361.571014
361.614136
361.657166
361.700378
361.743408
361.786591
361.829346
361.871368
361.912720
361.953613
361.994446
362.035614
362.077179
362.118896
362.160492
362.202301
362.244141
362.286591
362.329132
362.371826
362.414978
362.458099
362.501434
362.544678
362.587708
362.630768
362.673492
362.715515
362.756927
362.797943
362.838593
362.879700
362.921112
362.962738
363.004456
363.046143
363.087830
363.130096
363.172577
363.215027
363.257874
363.300934
363.344330
363.387695
363.430817
363.473877
363.516632
363.558655
363.600281
363.641571
363.682709
363.724121
363.765900
363.807709
363.849548
363.891602
363.933533
363.975922
364.018341
364.061066
364.103943
364.146851
364.190094
364.233856
364.277039
364.320160
364.363129
364.405243
364.446808
364.487885
364.528931
364.570343
364.612061
364.653961
364.695801
364.737732
364.779999
364.822662
364.865295
