-1.876053
-1.907786
-1.902118
-1.889223
-1.868837
-1.842180
-1.809166
-1.768830
-1.717438
-1.652926
-1.573377
-1.478155
-1.369126
-1.252984
-1.133201
-0.980005
-0.888052
-0.888065
-0.888039
-0.888077
-0.888100
-0.888095
-0.888075
-0.888069
-0.888000
-0.888000
-0.888000
-0.888000
-0.888000
-0.888000
-0.888000
-0.962030
-0.887999
-0.888000
-0.888000
-0.888014
-0.888032
-0.888043
-0.976208
-1.138275
-1.262100
-1.355314
-1.437124
-1.496727
-1.528892
-1.540044
-1.530520
-1.496294
-1.431708
-1.335567
-1.203749
-1.117034
-1.273915
-1.180666
-1.157577
-1.182244
-1.223538
-1.373374
-1.476852
-1.555448
-1.596110
-1.562944
-1.401349
-1.235348
-1.070882
-0.967831
-1.022671
-1.071269
-1.107031
-1.149043
-1.197843
-1.249044
-1.301316
-1.351059
-1.449644
-1.596039
-1.705299
-1.714685
-1.828374
-1.939507
-1.970960
-1.935501
-1.840562
-1.760111
-1.705859
-1.707728
-1.746627
-1.777333
-1.805621
-1.826953
-1.839219
-1.835401
-1.819099
-1.789261
-1.878793
-2.020840
-2.135877
-2.070975
-2.017013
-1.957612
-1.909812
-1.884619
-1.858753
-1.823542
-1.781044
-1.740248
-1.667926
-1.628440
-1.651710
-1.671514
-1.680421
-1.679537
-1.677072
-1.670175
-1.751563
-1.820181
-1.891120
-1.969268
-2.046745
-2.069721
-2.040032
-1.991878
-1.930803
-1.868075
-1.806016
-1.745023
-1.674662
-1.609191
-1.634913
-1.652889
-1.663347
-1.665168
-1.665466
-1.661764
-1.681888
-1.778019
-1.855205
-1.918549
-2.005637
-2.027849
-2.011027
-1.984447
-1.946398
-1.905366
-1.851719
-1.795491
-1.728354
-1.713923
-1.747122
-1.779954
-1.803460
-1.813519
-1.819385
-1.820520
-1.812892
-1.897767
-2.011984
-2.099238
-2.190989
-2.220953
-2.185485
-2.125571
-2.055862
-1.988158
-1.912551
-1.843431
-1.785020
-1.793118
-1.814331
-1.835723
-1.849680
-1.853303
-1.852336
-1.846261
-1.874146
-1.972971
-2.077640
-2.148272
-2.221495
-2.222500
-2.177994
-2.123817
-2.059043
-1.993670
-1.918280
-1.845025
-1.780355
-1.792582
-1.812142
-1.833139
-1.846546
-1.849348
-1.847050
-1.839741
-1.906499
-2.006907
-2.093230
-2.146171
-2.196967
-2.178707
-2.129773
-2.072486
-2.006265
-1.941650
-1.869408
-1.800859
-1.757388
-1.776551
-1.793149
-1.807847
-1.815283
-1.813523
-1.807249
-1.796784
-1.857718
-1.959324
-2.047176
-2.104376
-2.160790
-2.149379
-2.108057
-2.062400
-2.002401
-1.937787
-1.862671
-1.788818
-1.744354
-1.761399
-1.776829
-1.790577
-1.797072
-1.795045
-1.788998
-1.778829
-1.857728
-1.963235
-2.041620
-2.089759
-2.134964
-2.114544
-2.069596
-2.026675
-1.974092
-1.922506
-1.860441
-1.792461
-1.724963
-1.729164
-1.751642
-1.772521
-1.784916
-1.787487
-1.785525
-1.779421
-1.843165
-1.936765
-2.018966
-2.074678
-2.129203
-2.120217
-2.082179
-2.036978
-1.976184
-1.913952
-1.841360
-1.770248
-1.735777
-1.755106
-1.768840
-1.779389
-1.782621
-1.776690
-1.765927
-1.751951
-1.825933
-1.933744
-2.006230
-2.051109
-2.085460
-2.057979
-2.012480
-1.975059
-1.929018
-1.888095
-1.836064
-1.771233
-1.700644
-1.685608
-1.706376
-1.725030
-1.734748
-1.735550
-1.731531
-1.722758
-1.822869
-1.918915
-1.976758
-2.017797
-2.061620
-2.048116
-2.014067
-1.972651
-1.916204
-1.863238
-1.801242
-1.731829
-1.671376
-1.698526
-1.713653
-1.731443
-1.740878
-1.739879
-1.733869
-1.724359
-1.803060
-1.906210
-1.982387
-2.030520
-2.074795
-2.061578
-2.028437
-1.991058
-1.933703
-1.872480
-1.798691
-1.725409
-1.699229
-1.720067
-1.732003
-1.739887
-1.740302
-1.733287
-1.722176
-1.707889
-1.794862
-1.906626
-1.974159
-2.015188
-2.044047
-2.016802
-1.977985
-1.947843
-1.907353
-1.875785
-1.831899
-1.770799
-1.700738
-1.687918
-1.712555
-1.733796
-1.746032
-1.747604
-1.743591
-1.735735
-1.823248
-1.917311
-1.978525
-2.020220
-2.058004
-2.039089
-2.002208
-1.966096
-1.917408
-1.879953
-1.833837
-1.769787
-1.699963
-1.683725
-1.704665
-1.723046
-1.732821
-1.733391
-1.728527
-1.719991
-1.820681
-1.919614
-1.973049
-2.006893
-2.030154
-2.005067
-1.970595
-1.940698
-1.902006
-1.878625
-1.846059
-1.793636
-1.724766
-1.715169
-1.743861
-1.768066
-1.782588
-1.783027
-1.776968
-1.767322
-1.871672
-1.969755
-2.015041
-2.042657
-2.057128
-2.022837
-1.979747
-1.938365
-1.892338
-1.865021
-1.834572
-1.781826
-1.710437
-1.681834
-1.708138
-1.727071
-1.736238
-1.734200
-1.726138
-1.714431
-1.823275
-1.918617
-1.957781
-1.984402
-2.000521
-1.970129
-1.935536
-1.909717
-1.879253
-1.865423
-1.844417
-1.795692
-1.720351
-1.682588
-1.711045
-1.733502
-1.746115
-1.748319
-1.744404
-1.737080
-1.842180
-1.942846
-1.982234
-2.008186
-2.020117
-1.986000
-1.946829
-1.916871
-1.883264
-1.867843
-1.849089
-1.801172
-1.722733
-1.657923
-1.687623
-1.707281
-1.716691
-1.715437
-1.708566
-1.698651
-1.807951
-1.904476
-1.931700
-1.950047
-1.955789
-1.924408
-1.899500
-1.888966
-1.872570
-1.863508
-1.841728
-1.779187
-1.713763
-1.703091
-1.729795
-1.751000
-1.762791
-1.769042
-1.769569
-1.766030
-1.818135
-1.933742
-1.996451
-2.030264
-2.056504
-2.013909
-1.957989
-1.913944
-1.858123
-1.807323
-1.745556
-1.667394
-1.593709
-1.541004
-1.553386
-1.558184
-1.555488
-1.548807
-1.539173
-1.526499
-1.663821
-1.777098
-1.823450
-1.837293
-1.849404
-1.823023
-1.808372
-1.800449
-1.779172
-1.761254
-1.739357
-1.685077
-1.642100
-1.677881
-1.706082
-1.727963
-1.741320
-1.742176
-1.735983
-1.725449
-1.793519
-1.907511
-1.973495
-2.011135
-2.026381
-1.981518
-1.936454
-1.900255
-1.850922
-1.812275
-1.765561
-1.697076
-1.622676
-1.606376
-1.625202
-1.636798
-1.638996
-1.633473
-1.621582
-1.605673
-1.738687
-1.848734
-1.875046
-1.889431
-1.898835
-1.864604
-1.841455
-1.831328
-1.812754
-1.800351
-1.779092
-1.720174
-1.649880
-1.657762
-1.685299
-1.710547
-1.726161
-1.732624
-1.733691
-1.731837
-1.789362
-1.900528
-1.965416
-2.002280
-2.023888
-1.980223
-1.935400
-1.899054
-1.845346
-1.794131
-1.731533
-1.652846
-1.585437
-1.583169
-1.593531
-1.598199
-1.593742
-1.582110
-1.564919
-1.545218
-1.672482
-1.788114
-1.829298
-1.845121
-1.851572
-1.813269
-1.790467
-1.783460
-1.764354
-1.742387
-1.707553
-1.636177
-1.566179
-1.574347
-1.597849
-1.616738
-1.626550
-1.629353
-1.626530
-1.621745
-1.707299
-1.827809
-1.886998
-1.915813
-1.925773
-1.885956
-1.853100
-1.824891
-1.777153
-1.726693
-1.675411
-1.603018
-1.542780
-1.567167
-1.580792
-1.590919
-1.591821
-1.584560
-1.571681
-1.556655
-1.655861
-1.773864
-1.840245
-1.867215
-1.874159
-1.841967
-1.817853
-1.803896
-1.769241
-1.727852
-1.680451
-1.608039
-1.548251
-1.577317
-1.596699
-1.612872
-1.619842
-1.617205
-1.609097
-1.599072
-1.682044
-1.803570
-1.875366
-1.905463
-1.911223
-1.873198
-1.843758
-1.822473
-1.778775
-1.727892
-1.670075
-1.597611
-1.540169
-1.569136
-1.583401
-1.593681
-1.595225
-1.588408
-1.576256
-1.562374
-1.633451
-1.756734
-1.837135
-1.870480
-1.874186
-1.835847
-1.808770
-1.794028
-1.757702
-1.708514
-1.654007
-1.582983
-1.526045
-1.553590
-1.573224
-1.587679
-1.592817
-1.588832
-1.579381
-1.568057
-1.638942
-1.765805
-1.847763
-1.880103
-1.879516
-1.843381
-1.813438
-1.796650
-1.761335
-1.713779
-1.667343
-1.593485
-1.530716
-1.526840
-1.552155
-1.566461
-1.571209
-1.567164
-1.557595
-1.546178
-1.641239
-1.763251
-1.830793
-1.858873
-1.863237
-1.823894
-1.796080
-1.783689
-1.758316
-1.719553
-1.679546
-1.609893
-1.552129
-1.568179
-1.592114
-1.609148
-1.616178
-1.613153
-1.604422
-1.593337
-1.663530
-1.779632
-1.853810
-1.891487
-1.908699
-1.873881
-1.847002
-1.834505
-1.801633
-1.757952
-1.711535
-1.640721
-1.580948
-1.593340
-1.616074
-1.632365
-1.638592
-1.635048
-1.625588
-1.613712
-1.698126
-1.814293
-1.879165
-1.909732
-1.921872
-1.882637
-1.855916
-1.841938
-1.807178
-1.765129
-1.729938
-1.659223
-1.598132
-1.606369
-1.628899
-1.644984
-1.651111
-1.648221
-1.639262
-1.627785
-1.690706
-1.803932
-1.880522
-1.919175
-1.934999
-1.899828
-1.871914
-1.855173
-1.816660
-1.766280
-1.726305
-1.655747
-1.594645
-1.592107
-1.620413
-1.635524
-1.640347
-1.635567
-1.624670
-1.611157
-1.695441
-1.809598
-1.873271
-1.903820
-1.916893
-1.878138
-1.852974
-1.843589
-1.815148
-1.775993
-1.741829
-1.671050
-1.609178
-1.607300
-1.635615
-1.653211
-1.660347
-1.658364
-1.649960
-1.638752
-1.718059
-1.831914
-1.895155
-1.925139
-1.940171
-1.903117
-1.876786
-1.859046
-1.822218
-1.775211
-1.749329
-1.682630
-1.623569
-1.622578
-1.648373
-1.663486
-1.667841
-1.661916
-1.649539
-1.634073
-1.709028
-1.818033
-1.882805
-1.916313
-1.936633
-1.903960
-1.881807
-1.871026
-1.837097
-1.792027
-1.767233
-1.698629
-1.636745
-1.633068
-1.659805
-1.677207
-1.683613
-1.679610
-1.668940
-1.655085
-1.736199
-1.845995
-1.905571
-1.935279
-1.952855
-1.917544
-1.894024
-1.880736
-1.844689
-1.799363
-1.776431
-1.706614
-1.642079
-1.635761
-1.661237
-1.677919
-1.683455
-1.679049
-1.667956
-1.653667
-1.724575
-1.828877
-1.891074
-1.924872
-1.946290
-1.911062
-1.888221
-1.878565
-1.848635
-1.802813
-1.779379
-1.710025
-1.646658
-1.633692
-1.663830
-1.684138
-1.692739
-1.691050
-1.682576
-1.670880
-1.714145
-1.838241
-1.906752
-1.939663
-1.952854
-1.909320
-1.882397
-1.864482
-1.827135
-1.782391
-1.754175
-1.681957
-1.616853
-1.593844
-1.616021
-1.631414
-1.635618
-1.633349
-1.623211
-1.609101
-1.666246
-1.798600
-1.864347
-1.899588
-1.903325
-1.871369
-1.850143
-1.829528
-1.788373
-1.736625
-1.701302
-1.636008
-1.581419
-1.599797
-1.621899
-1.636683
-1.639833
-1.634979
-1.622536
-1.606354
-1.646471
-1.777936
-1.855865
-1.893230
-1.896518
-1.865683
-1.846401
-1.830048
-1.790103
-1.747167
-1.706313
-1.637720
-1.577862
-1.575046
-1.602040
-1.621759
-1.628607
-1.626393
-1.615649
-1.600350
-1.656827
-1.785543
-1.850344
-1.881428
-1.879023
-1.846696
-1.826988
-1.810692
-1.779261
-1.738816
-1.716469
-1.649277
-1.581828
-1.553181
-1.583610
-1.606369
-1.617365
-1.620146
-1.614337
-1.603766
-1.651746
-1.772845
-1.834635
-1.875574
-1.893490
-1.874115
-1.862325
-1.849417
-1.814760
-1.766424
-1.747183
-1.680256
-1.619228
-1.620962
-1.655315
-1.679083
-1.689664
-1.690391
-1.683186
-1.671654
-1.713661
-1.833851
-1.899560
-1.934357
-1.951812
-1.924920
-1.908417
-1.890797
-1.845378
-1.791096
-1.761553
-1.695399
-1.634874
-1.631935
-1.660045
-1.679511
-1.685637
-1.682032
-1.669862
-1.652747
-1.705483
-1.825778
-1.883080
-1.913511
-1.922337
-1.893427
-1.877759
-1.858844
-1.820748
-1.770623
-1.750722
-1.685732
-1.626205
-1.614862
-1.645631
-1.664269
-1.669355
-1.666070
-1.654247
-1.637284
-1.676165
-1.792287
-1.857792
-1.895755
-1.914578
-1.895744
-1.884284
-1.871680
-1.834854
-1.784876
-1.764126
-1.699153
-1.638801
-1.624697
-1.655742
-1.676347
-1.683159
-1.681326
-1.670514
-1.654169
-1.699601
-1.815933
-1.875967
-1.909277
-1.925057
-1.901012
-1.888405
-1.874677
-1.837841
-1.788562
-1.771901
-1.707569
-1.644741
-1.625330
-1.654289
-1.673331
-1.678491
-1.675314
-1.663043
-1.645267
-1.681789
-1.793045
-1.851491
-1.891961
-1.913392
-1.892083
-1.881693
-1.873217
-1.841917
-1.790377
-1.775364
-1.708247
-1.644772
-1.619001
-1.650409
-1.668767
-1.673105
-1.669584
-1.656827
-1.638529
-1.680147
-1.799442
-1.860439
-1.892552
-1.903878
-1.873721
-1.861379
-1.853966
-1.825145
-1.775789
-1.763878
-1.697611
-1.632264
-1.601327
-1.633130
-1.654919
-1.664119
-1.664365
-1.655036
-1.639583
-1.688481
-1.808717
-1.865179
-1.902866
-1.917428
-1.892998
-1.883433
-1.867876
-1.826941
-1.765196
-1.749324
-1.688126
-1.630023
-1.646227
-1.674205
-1.695279
-1.702230
-1.696961
-1.682635
-1.662415
-1.704559
-1.817344
-1.872153
-1.909168
-1.927552
-1.901646
-1.894380
-1.886189
-1.847993
-1.787272
-1.767486
-1.701319
-1.638019
-1.634903
-1.663116
-1.683198
-1.688434
-1.685312
-1.672413
-1.653209
-1.699884
-1.818771
-1.872258
-1.902579
-1.913562
-1.884842
-1.876650
-1.869568
-1.837263
-1.783516
-1.772700
-1.709611
-1.644128
-1.622961
-1.654600
-1.676158
-1.683337
-1.681651
-1.670171
-1.652501
-1.689893
-1.802794
-1.854451
-1.892941
-1.911344
-1.886518
-1.880974
-1.873433
-1.839235
-1.779815
-1.765272
-1.700661
-1.637375
-1.623008
-1.654335
-1.673376
-1.677255
-1.672394
-1.657257
-1.635219
-1.685850
-1.801423
-1.848627
-1.877234
-1.890120
-1.867189
-1.867062
-1.863422
-1.834683
-1.780770
-1.774964
-1.715555
-1.650557
-1.631415
-1.666003
-1.690492
-1.700019
-1.699540
-1.688677
-1.670530
-1.721841
-1.834993
-1.869529
-1.901492
-1.922912
-1.899566
-1.898816
-1.887000
-1.850786
-1.793033
-1.786412
-1.733232
-1.672166
-1.657275
-1.691324
-1.713331
-1.719321
-1.713776
-1.697908
-1.674545
-1.720353
-1.822396
-1.855902
-1.888148
-1.915985
-1.897964
-1.902677
-1.900074
-1.870678
-1.816384
-1.812522
-1.759044
-1.692971
-1.649062
-1.685560
-1.710866
-1.721868
-1.721599
-1.710755
-1.692140
-1.741574
-1.849616
-1.885866
-1.912558
-1.937198
-1.918672
-1.925060
-1.919261
-1.881873
-1.824232
-1.822708
-1.777220
-1.716285
-1.700543
-1.736819
-1.763067
-1.773191
-1.771012
-1.758618
-1.738602
-1.771984
-1.871396
-1.904592
-1.937462
-1.971214
-1.954662
-1.958745
-1.953671
-1.915286
-1.851862
-1.841600
-1.788952
-1.727559
-1.694066
-1.727229
-1.747817
-1.752891
-1.747699
-1.731424
-1.707032
-1.752801
-1.857288
-1.892135
-1.917278
-1.939227
-1.916826
-1.921997
-1.919024
-1.886125
-1.828452
-1.824096
-1.776217
-1.711432
-1.664865
-1.701383
-1.727140
-1.738568
-1.738325
-1.727317
-1.708213
-1.754950
-1.860951
-1.896448
-1.918926
-1.940394
-1.922006
-1.933165
-1.928336
-1.892272
-1.834502
-1.831668
-1.796670
-1.742538
-1.731997
-1.770904
-1.798194
-1.808670
-1.803351
-1.787491
-1.762640
-1.795396
-1.889008
-1.917884
-1.948295
-1.984467
-1.975258
-1.982108
-1.982281
-1.942098
-1.870927
-1.849935
-1.787640
-1.724826
-1.685454
-1.714935
-1.733036
-1.736273
-1.728873
-1.709823
-1.682163
-1.727003
-1.839525
-1.880889
-1.903113
-1.908770
-1.878614
-1.880414
-1.877579
-1.847753
-1.787492
-1.775301
-1.721898
-1.651657
-1.596578
-1.629202
-1.663012
-1.681639
-1.686824
-1.682224
-1.669889
-1.684706
-1.813330
-1.861104
-1.875532
-1.885693
-1.869620
-1.891869
-1.899237
-1.868478
-1.810020
-1.803213
-1.770497
-1.716020
-1.721055
-1.760410
-1.799541
-1.819942
-1.823026
-1.813820
-1.794585
-1.801849
-1.908275
-1.942548
-1.962741
-1.982465
-1.967943
-1.969466
-1.966272
-1.922899
-1.846940
-1.812536
-1.737085
-1.665277
-1.609338
-1.619656
-1.639774
-1.642656
-1.634082
-1.613829
-1.583264
-1.599245
-1.740884
-1.810072
-1.831549
-1.808084
-1.774982
-1.778886
-1.772922
-1.746835
-1.705526
-1.688960
-1.648863
-1.583251
-1.532991
-1.577985
-1.617961
-1.640343
-1.646541
-1.641365
-1.626445
-1.642704
-1.755245
-1.792982
-1.828840
-1.847686
-1.849243
-1.869873
-1.867974
-1.832662
-1.771763
-1.760343
-1.715310
-1.654631
-1.638102
-1.680593
-1.721456
-1.741700
-1.746350
-1.740621
-1.726374
-1.740689
-1.849372
-1.865918
-1.890618
-1.922110
-1.917897
-1.934061
-1.934484
-1.903262
-1.847586
-1.839435
-1.795829
-1.732017
-1.680164
-1.702491
-1.733505
-1.743582
-1.739810
-1.725263
-1.702043
-1.706476
-1.805250
-1.824824
-1.847114
-1.874260
-1.875665
-1.894023
-1.901400
-1.888244
-1.845143
-1.839227
-1.794477
-1.726082
-1.669912
-1.654690
-1.683697
-1.691113
-1.685473
-1.667858
-1.639994
-1.649494
-1.756436
-1.778371
-1.789473
-1.801675
-1.796031
-1.813898
-1.825721
-1.827260
-1.804793
-1.811661
-1.770110
-1.693028
-1.628632
-1.584128
-1.614241
-1.622081
-1.618667
-1.603039
-1.575575
-1.587244
-1.699748
-1.720988
-1.724701
-1.726143
-1.716493
-1.737646
-1.751372
-1.766561
-1.772066
-1.792164
-1.754687
-1.673955
-1.606320
-1.543667
-1.581471
-1.594931
-1.595639
-1.583660
-1.559058
-1.568853
-1.671841
-1.698940
-1.719513
-1.722795
-1.711459
-1.733459
-1.748086
-1.755827
-1.751037
-1.760674
-1.712365
-1.630209
-1.562496
-1.512759
-1.539697
-1.543003
-1.534501
-1.512219
-1.476344
-1.490817
-1.622782
-1.654281
-1.638951
-1.604787
-1.561791
-1.589435
-1.613161
-1.650597
-1.691351
-1.748044
-1.715825
-1.613570
-1.527751
-1.447726
-1.490128
-1.510213
-1.521915
-1.520718
-1.505695
-1.527273
-1.637072
-1.657728
-1.672877
-1.670264
-1.665058
-1.712127
-1.734840
-1.746606
-1.741645
-1.750751
-1.706448
-1.623415
-1.556134
-1.543158
-1.584382
-1.608675
-1.618052
-1.613230
-1.595101
-1.616015
-1.741083
-1.764256
-1.762532
-1.739876
-1.724617
-1.771445
-1.793901
-1.785896
-1.751640
-1.734675
-1.700216
-1.626411
-1.567640
-1.612949
-1.659254
-1.686927
-1.697693
-1.695602
-1.680623
-1.702613
-1.824453
-1.839641
-1.849296
-1.844324
-1.831576
-1.864317
-1.878702
-1.846989
-1.780530
-1.739289
-1.702789
-1.639441
-1.630583
-1.665811
-1.710595
-1.737314
-1.745208
-1.738269
-1.717718
-1.735484
-1.853103
-1.873298
-1.883281
-1.879780
-1.865905
-1.899297
-1.909424
-1.864546
-1.779653
-1.725951
-1.670741
-1.609967
-1.621005
-1.654439
-1.692546
-1.711802
-1.713738
-1.702989
-1.680348
-1.697090
-1.810644
-1.834231
-1.850791
-1.861301
-1.851956
-1.880273
-1.886434
-1.849355
-1.765935
-1.725484
-1.675682
-1.614874
-1.586733
-1.627548
-1.677840
-1.707721
-1.718941
-1.718352
-1.707318
-1.723367
-1.817029
-1.844521
-1.871066
-1.902846
-1.913165
-1.940116
-1.945172
-1.905818
-1.821330
-1.780151
-1.737496
-1.683629
-1.670664
-1.716194
-1.765344
-1.790713
-1.795448
-1.786625
-1.766855
-1.769363
-1.852755
-1.858204
-1.867254
-1.906190
-1.918039
-1.945587
-1.960944
-1.940828
-1.877692
-1.842263
-1.783115
-1.719819
-1.668707
-1.674884
-1.709397
-1.719051
-1.714942
-1.700399
-1.676581
-1.675436
-1.764967
-1.777065
-1.793444
-1.825869
-1.843096
-1.872102
-1.883587
-1.878531
-1.842003
-1.824280
-1.790861
-1.732634
-1.683516
-1.664204
-1.700819
-1.712925
-1.707714
-1.690128
-1.662047
-1.649449
-1.727100
-1.734802
-1.758312
-1.802807
-1.830420
-1.868872
-1.889058
-1.887878
-1.848595
-1.833398
-1.790293
-1.733135
-1.687098
-1.676643
-1.711998
-1.723288
-1.717802
-1.698901
-1.668156
-1.658350
-1.734926
-1.745694
-1.774350
-1.810360
-1.832228
-1.862580
-1.876364
-1.870198
-1.838800
-1.820209
-1.768831
-1.703390
-1.650278
-1.616872
-1.645447
-1.649919
-1.639463
-1.614255
-1.576729
-1.573225
-1.658322
-1.675724
-1.689501
-1.692884
-1.689232
-1.722913
-1.740886
-1.754860
-1.753731
-1.753429
-1.690827
-1.617362
-1.561780
-1.527996
-1.558264
-1.562207
-1.552747
-1.527860
-1.488017
-1.482781
-1.572749
-1.588350
-1.603725
-1.594515
-1.582147
-1.618958
-1.638681
-1.681762
-1.710135
-1.733673
-1.694303
-1.600155
-1.522081
-1.432344
-1.477180
-1.488305
-1.485219
-1.467364
-1.433193
-1.439562
-1.543942
-1.565946
-1.574430
-1.553752
-1.535694
-1.584675
-1.606998
-1.652071
-1.698330
-1.743090
-1.685788
-1.593997
-1.523366
-1.476326
-1.516893
-1.533044
-1.532586
-1.514678
-1.480142
-1.487548
-1.590992
-1.601896
-1.604209
-1.590169
-1.580578
-1.642870
-1.674289
-1.709048
-1.736046
-1.768896
-1.704548
-1.607192
-1.531437
-1.499856
-1.547691
-1.573930
-1.587080
-1.583749
-1.564490
-1.577249
-1.676850
-1.685276
-1.705484
-1.704484
-1.719663
-1.786155
-1.808078
-1.787627
-1.742778
-1.723005
-1.661669
-1.594228
-1.586404
-1.629346
-1.674997
-1.700002
-1.706628
-1.693888
-1.660741
-1.665595
-1.758514
-1.770395
-1.782983
-1.765604
-1.750732
-1.808581
-1.821469
-1.791779
-1.713330
-1.650910
-1.600779
-1.524823
-1.478891
-1.520164
-1.552994
-1.565306
-1.560944
-1.537165
-1.495710
-1.527319
-1.608423
-1.643498
-1.648740
-1.622794
-1.625018
-1.679333
-1.697209
-1.690129
-1.622498
-1.561587
-1.515376
-1.421588
-1.343260
-1.364097
-1.413188
-1.443891
-1.460669
-1.461162
-1.448816
-1.499019
-1.560035
-1.588475
-1.611190
-1.626937
-1.663471
-1.726838
-1.741975
-1.724844
-1.670509
-1.643940
-1.644636
-1.590842
-1.559780
-1.637743
-1.705977
-1.752181
-1.768617
-1.760954
-1.733730
-1.742625
-1.746622
-1.730909
-1.731604
-1.773972
-1.792910
-1.855046
-1.897471
-1.903473
-1.843362
-1.781150
-1.715864
-1.649366
-1.590878
-1.608643
-1.658006
-1.684185
-1.695612
-1.693925
-1.681664
-1.693591
-1.736363
-1.745755
-1.778660
-1.841435
-1.908245
-1.952519
-1.962734
-1.921335
-1.817135
-1.756032
-1.714198
-1.679145
-1.690021
-1.756430
-1.806622
-1.831971
-1.831331
-1.806507
-1.764566
-1.764994
-1.800392
-1.788366
-1.811793
-1.862507
-1.922361
-1.963791
-1.976563
-1.941887
-1.872314
-1.815892
-1.759660
-1.707960
-1.667376
-1.704152
-1.743584
-1.755996
-1.752983
-1.736937
-1.705283
-1.678413
-1.694373
-1.680723
-1.717717
-1.806660
-1.893708
-1.941605
-1.959950
-1.933214
-1.867084
-1.813571
-1.762858
-1.717744
-1.682877
-1.733045
-1.775683
-1.790897
-1.788254
-1.771071
-1.737645
-1.706874
-1.726895
-1.724969
-1.770845
-1.870758
-1.969963
-2.004608
-2.007374
-1.970682
-1.896303
-1.834465
-1.784983
-1.743130
-1.716475
-1.779385
-1.816173
-1.827013
-1.814017
-1.777765
-1.721558
-1.704265
-1.709526
-1.702049
-1.737195
-1.821059
-1.912039
-1.955387
-1.972533
-1.954638
-1.898464
-1.835165
-1.767474
-1.708383
-1.663419
-1.689192
-1.719241
-1.722450
-1.710491
-1.684227
-1.643910
-1.618850
-1.628449
-1.641556
-1.685556
-1.779547
-1.885025
-1.926288
-1.941584
-1.922593
-1.863276
-1.815870
-1.759807
-1.710528
-1.672323
-1.719898
-1.758376
-1.770205
-1.763402
-1.735923
-1.685853
-1.675083
-1.685197
-1.710840
-1.721012
-1.795854
-1.877097
-1.903255
-1.919071
-1.918410
-1.872920
-1.825862
-1.754990
-1.688376
-1.634316
-1.627779
-1.659466
-1.662597
-1.652834
-1.628866
-1.590623
-1.579654
-1.570442
-1.591300
-1.619802
-1.697664
-1.787963
-1.837870
-1.869047
-1.885094
-1.849066
-1.813391
-1.752343
-1.697638
-1.654165
-1.668319
-1.705674
-1.714987
-1.709361
-1.689315
-1.650074
-1.634398
-1.644618
-1.652587
-1.682035
-1.773719
-1.868413
-1.893483
-1.898079
-1.887670
-1.826267
-1.780526
-1.719779
-1.667404
-1.624969
-1.644488
-1.674696
-1.677467
-1.662699
-1.629163
-1.574680
-1.563161
-1.571720
-1.605910
-1.619518
-1.694237
-1.782160
-1.814134
-1.832938
-1.843216
-1.810312
-1.776843
-1.706762
-1.640937
-1.587909
-1.575911
-1.608590
-1.611371
-1.601137
-1.576545
-1.534963
-1.523430
-1.506446
-1.549711
-1.570486
-1.627833
-1.709113
-1.756346
-1.790732
-1.826580
-1.814433
-1.788783
-1.716126
-1.647298
-1.592028
-1.558643
-1.596985
-1.604017
-1.597026
-1.575093
-1.535761
-1.519272
-1.506867
-1.565979
-1.588772
-1.646969
-1.732348
-1.772509
-1.799490
-1.826132
-1.810461
-1.770105
-1.695792
-1.623805
-1.564237
-1.525054
-1.568328
-1.583422
-1.582754
-1.567244
-1.533549
-1.530708
-1.540226
-1.581316
-1.617231
-1.685469
-1.763935
-1.802668
-1.823417
-1.828382
-1.784725
-1.748087
-1.685884
-1.628846
-1.578780
-1.606287
-1.653280
-1.673785
-1.676119
-1.660576
-1.624885
-1.618423
-1.619684
-1.642131
-1.676071
-1.750423
-1.847876
-1.885444
-1.897140
-1.882533
-1.808002
-1.755442
-1.699143
-1.653790
-1.614882
-1.669783
-1.701956
-1.706007
-1.692144
-1.655414
-1.593444
-1.584609
-1.648632
-1.678972
-1.675661
-1.737287
-1.820433
-1.855622
-1.876963
-1.867820
-1.804073
-1.756348
-1.689834
-1.628198
-1.567729
-1.584872
-1.629034
-1.649264
-1.650446
-1.635179
-1.599161
-1.568437
-1.550568
-1.575111
-1.626392
-1.717090
-1.830096
-1.890365
-1.928821
-1.927701
-1.853935
-1.801687
-1.749383
-1.706666
-1.668233
-1.737850
-1.773790
-1.784268
-1.778207
-1.747588
-1.691353
-1.692239
-1.734996
-1.750377
-1.750356
-1.824781
-1.928927
-1.965784
-1.985653
-1.964523
-1.873574
-1.789735
-1.718410
-1.662234
-1.609850
-1.654592
-1.694463
-1.711218
-1.708709
-1.684134
-1.634099
-1.611555
-1.564261
-1.577888
-1.624518
-1.729257
-1.853296
-1.903956
-1.938724
-1.946653
-1.890381
-1.803584
-1.732508
-1.679597
-1.628193
-1.677597
-1.718066
-1.734718
-1.734081
-1.715209
-1.674750
-1.638665
-1.624570
-1.634212
-1.707919
-1.845313
-1.971375
-2.017664
-2.028997
-1.993533
-1.901126
-1.832738
-1.779967
-1.741680
-1.750106
-1.821576
-1.862901
-1.877537
-1.869363
-1.833482
-1.772680
-1.747399
-1.796658
-1.808589
-1.830290
-1.917854
-2.031397
-2.060454
-2.068515
-2.030945
-1.923613
-1.841180
-1.785018
-1.743527
-1.723742
-1.793272
-1.826176
-1.831202
-1.814645
-1.772248
-1.703454
-1.674551
-1.685128
-1.720054
-1.737374
-1.800282
-1.914009
-1.955738
-1.979754
-1.960646
-1.864199
-1.792975
-1.740334
-1.704104
-1.674690
-1.736519
-1.767434
-1.768849
-1.749441
-1.705329
-1.634091
-1.562847
-1.530061
-1.570378
-1.611886
-1.692367
-1.810785
-1.869663
-1.918857
-1.934388
-1.883940
-1.815452
-1.750522
-1.693839
-1.655344
-1.681809
-1.707034
-1.700301
-1.675545
-1.630905
-1.567947
-1.477546
-1.457397
-1.555124
-1.665764
-1.769442
-1.888070
-1.960731
-1.978567
-1.968644
-1.909634
-1.836049
-1.796540
-1.734407
-1.747439
-1.790764
-1.799665
-1.778614
-1.729143
-1.659482
-1.573805
-1.622938
-1.662235
-1.742188
-1.882201
-1.965291
-2.042480
-2.063792
-2.028419
-1.990124
-1.935431
-1.882618
-1.836352
-1.868784
-1.925283
-1.959906
-1.952452
-1.914033
-1.847226
-1.763085
-1.665147
-1.754933
-1.842079
-1.904061
-1.982448
-2.028075
-2.089631
-2.119147
-2.092905
-2.046559
-1.973721
-1.935195
-1.869645
-1.935028
-1.987188
-2.018115
-2.012683
-1.975978
-1.905853
-1.812210
-1.701558
-1.754830
-1.845068
-1.911847
-1.960963
-1.986243
-2.057665
-2.103293
-2.057023
-1.973381
-1.885669
-1.859662
-1.811580
-1.861113
-1.919481
-1.954077
-1.955396
-1.928827
-1.870189
-1.784773
-1.680074
-1.671738
-1.745102
-1.840583
-1.879420
-1.910575
-2.017679
-2.086811
-2.051405
-1.963864
-1.871244
-1.847811
-1.791439
-1.799541
-1.846523
-1.869905
-1.861732
-1.827096
-1.760440
-1.667133
-1.554293
-1.573017
-1.617480
-1.707536
-1.742629
-1.801341
-1.943803
-2.013632
-1.991033
-1.922100
-1.839136
-1.800224
-1.746269
-1.711108
-1.760344
-1.785205
-1.777828
-1.742735
-1.673329
-1.575690
-1.457604
-1.505978
-1.523966
-1.560125
-1.577144
-1.659301
-1.823956
-1.918567
-1.917301
-1.856762
-1.769148
-1.720353
-1.655911
-1.610117
-1.668704
-1.700337
-1.697891
-1.667703
-1.605086
-1.515287
-1.402869
-1.419888
-1.451436
-1.492198
-1.537946
-1.655422
-1.832174
-1.950045
-1.954110
-1.886724
-1.784595
-1.741984
-1.694683
-1.685835
-1.746132
-1.782722
-1.786110
-1.760969
-1.697981
-1.602551
-1.484595
-1.559209
-1.571025
-1.577469
-1.591857
-1.619200
-1.717648
-1.827167
-1.845749
-1.796002
-1.729188
-1.732798
-1.671125
-1.609815
-1.567882
-1.627925
-1.650395
-1.642771
-1.610254
-1.550967
-1.462776
-1.476506
-1.448154
-1.449359
-1.477535
-1.537436
-1.664268
-1.742211
-1.791907
-1.804939
-1.771790
-1.759513
-1.684562
-1.610342
-1.543383
-1.568994
-1.588787
-1.581529
-1.550083
-1.489346
-1.397472
-1.378488
-1.363424
-1.424386
-1.494449
-1.569630
-1.687189
-1.744566
-1.783677
-1.791274
-1.741433
-1.720811
-1.651639
-1.574404
-1.539266
-1.593007
-1.611814
-1.605573
-1.572044
-1.512593
-1.429570
-1.482801
-1.509023
-1.582034
-1.644960
-1.753704
-1.872368
-1.904139
-1.897462
-1.875250
-1.815205
-1.780985
-1.729826
-1.710068
-1.768947
-1.799165
-1.792623
-1.754825
-1.680051
-1.581302
-1.463402
-1.590427
-1.604984
-1.617786
-1.622652
-1.697901
-1.850580
-1.925824
-1.911472
-1.843170
-1.749409
-1.701049
-1.621637
-1.624201
-1.677168
-1.696683
-1.682490
-1.640422
-1.570465
-1.475025
-1.352806
-1.387052
-1.438949
-1.501871
-1.561300
-1.723068
-1.897992
-2.006452
-1.984815
-1.898186
-1.806776
-1.785127
-1.751419
-1.802193
-1.858920
-1.887592
-1.883504
-1.848198
-1.773034
-1.665084
-1.534491
-1.654093
-1.678325
-1.695624
-1.706315
-1.763246
-1.917010
-2.016414
-1.995792
-1.887873
-1.788619
-1.715340
-1.613512
-1.609328
-1.653750
-1.663897
-1.640315
-1.588271
-1.507611
-1.399326
-1.261550
-1.332771
-1.411094
-1.475894
-1.505595
-1.655889
-1.833807
-1.980502
-1.961266
-1.854292
-1.761047
-1.731122
-1.681056
-1.752074
-1.805630
-1.828409
-1.816780
-1.771846
-1.687290
-1.571912
-1.433098
-1.522237
-1.564034
-1.603588
-1.621019
-1.699007
-1.858938
-1.929942
-1.909172
-1.841960
-1.741342
-1.695735
-1.595117
-1.552570
-1.593819
-1.602329
-1.576669
-1.522987
-1.440235
-1.329875
-1.194139
-1.313285
-1.375914
-1.430549
-1.492473
-1.631702
-1.814355
-1.874707
-1.862838
-1.826973
-1.756093
-1.723740
-1.653029
-1.671235
-1.728616
-1.755250
-1.747204
-1.707484
-1.628848
-1.521502
-1.391164
-1.529935
-1.602460
-1.616306
-1.636303
-1.698105
-1.818018
-1.842845
-1.827274
-1.782920
-1.716826
-1.721392
-1.624485
-1.545779
-1.613519
-1.632128
-1.637600
-1.615109
-1.563962
-1.486633
-1.386308
-1.486931
-1.582246
-1.664765
-1.750323
-1.865404
-1.977173
-1.988543
-1.985500
-1.969638
-1.913355
-1.880791
-1.836477
-1.906080
-1.954735
-1.973941
-1.955912
-1.906483
-1.824291
-1.720508
-1.595931
-1.734375
-1.832807
-1.880994
-1.927306
-1.979545
-2.011135
-1.976720
-1.936604
-1.894385
-1.832752
-1.825129
-1.774429
-1.757417
-1.812418
-1.834904
-1.819303
-1.773161
-1.701973
-1.608136
-1.492221
-1.629281
-1.720205
-1.753566
-1.781445
-1.867941
-1.989272
-2.010851
-1.964917
-1.908672
-1.848421
-1.844388
-1.775079
-1.813357
-1.850704
-1.857027
-1.824928
-1.761586
-1.663107
-1.541601
-1.398177
-1.566639
-1.663495
-1.676926
-1.678179
-1.722503
-1.846734
-1.877855
-1.858362
-1.810876
-1.746617
-1.749503
-1.658444
-1.609024
-1.676379
-1.680584
-1.660037
-1.609719
-1.531193
-1.425838
-1.295501
-1.467562
-1.576239
-1.621771
-1.656936
-1.728879
-1.853564
-1.866006
-1.851375
-1.822100
-1.772128
-1.777726
-1.696789
-1.727856
-1.776255
-1.792297
-1.769236
-1.713591
-1.624709
-1.512377
-1.377501
-1.549735
-1.650424
-1.673949
-1.680008
-1.726508
-1.842099
-1.860800
-1.847067
-1.810184
-1.757274
-1.760648
-1.670645
-1.659201
-1.709786
-1.724736
-1.701319
-1.647771
-1.567726
-1.464199
-1.336510
-1.502378
-1.611084
-1.665087
-1.713328
-1.781204
-1.867638
-1.855183
-1.846704
-1.834280
-1.790392
-1.776047
-1.729016
-1.738570
-1.792309
-1.811637
-1.789246
-1.734019
-1.644828
-1.532154
-1.395671
-1.558779
-1.659128
-1.686219
-1.700146
-1.743646
-1.832560
-1.828545
-1.809065
-1.772084
-1.723560
-1.728024
-1.639622
-1.633847
-1.687219
-1.703836
-1.678736
-1.622480
-1.539014
-1.430792
-1.298087
-1.465847
-1.566672
-1.610741
-1.652349
-1.741629
-1.865992
-1.876118
-1.867746
-1.842755
-1.786788
-1.768911
-1.715889
-1.768518
-1.816766
-1.830583
-1.803363
-1.743648
-1.649568
-1.531870
-1.389984
-1.551570
-1.656067
-1.696122
-1.719342
-1.763889
-1.850347
-1.846947
-1.832142
-1.797020
-1.740069
-1.740635
-1.655927
-1.634603
-1.690659
-1.709671
-1.688746
-1.635543
-1.554393
-1.448059
-1.363221
-1.527894
-1.614956
-1.656107
-1.686813
-1.764469
-1.867781
-1.866108
-1.863121
-1.835696
-1.781847
-1.791606
-1.706025
-1.784255
-1.834244
-1.845153
-1.817401
-1.753950
-1.653059
-1.527032
-1.424892
-1.596322
-1.670999
-1.678522
-1.668716
-1.724022
-1.853743
-1.881618
-1.851228
-1.785185
-1.716555
-1.743335
-1.596239
-1.627557
-1.670061
-1.678088
-1.658619
-1.609015
-1.529896
-1.424806
-1.340202
-1.492050
-1.591372
-1.669675
-1.747639
-1.853658
-1.936726
-1.931389
-1.930909
-1.908803
-1.850860
-1.831553
-1.789629
-1.856023
-1.892850
-1.893324
-1.855616
-1.784476
-1.680284
-1.552820
-1.448914
-1.627412
-1.705720
-1.715270
-1.717295
-1.765254
-1.841053
-1.838238
-1.823659
-1.777846
-1.722033
-1.739074
-1.646362
-1.662874
-1.721206
-1.737154
-1.713237
-1.657539
-1.573149
-1.464175
-1.376676
-1.524331
-1.615269
-1.660428
-1.711748
-1.809819
-1.906299
-1.905092
-1.894959
-1.859607
-1.795689
-1.791135
-1.739029
-1.797002
-1.843973
-1.851483
-1.820482
-1.754250
-1.652517
-1.525789
-1.421423
-1.586779
-1.666281
-1.675680
-1.687954
-1.754982
-1.855379
-1.863525
-1.838424
-1.770525
-1.710141
-1.737143
-1.608433
-1.629462
-1.678835
-1.693361
-1.673845
-1.620068
-1.535526
-1.424073
-1.334314
-1.492926
-1.599198
-1.650302
-1.706197
-1.820357
-1.935202
-1.950188
-1.930315
-1.877065
-1.803078
-1.806570
-1.761357
-1.830008
-1.869226
-1.868715
-1.830577
-1.758145
-1.653127
-1.523972
-1.417361
-1.594009
-1.683423
-1.699412
-1.710752
-1.776300
-1.878920
-1.891483
-1.860317
-1.792383
-1.738075
-1.762941
-1.622547
-1.669320
-1.707266
-1.709289
-1.673832
-1.605410
-1.507403
-1.383575
-1.288277
-1.473160
-1.589123
-1.651237
-1.700162
-1.795108
-1.901198
-1.910348
-1.903815
-1.861750
-1.795429
-1.799115
-1.713887
-1.778251
-1.813870
-1.809829
-1.767179
-1.689740
-1.580540
-1.447861
-1.342095
-1.527161
-1.623372
-1.639422
-1.650780
-1.730766
-1.835572
-1.846674
-1.830512
-1.774851
-1.717781
-1.738802
-1.626583
-1.689707
-1.732472
-1.732314
-1.692344
-1.619172
-1.515138
-1.386263
-1.285809
-1.469804
-1.567399
-1.595956
-1.627334
-1.719906
-1.816976
-1.815810
-1.810221
-1.765656
-1.703567
-1.718701
-1.625422
-1.703107
-1.749948
-1.754394
-1.717720
-1.644409
-1.536783
-1.403814
-1.295721
-1.476628
-1.567191
-1.580661
-1.593856
-1.692455
-1.813880
-1.828041
-1.804730
-1.729640
-1.669409
-1.697973
-1.565962
-1.627005
-1.670276
-1.678039
-1.648897
-1.585829
-1.491923
-1.371762
-1.277769
-1.446599
-1.554638
-1.609095
-1.677801
-1.798237
-1.889314
-1.887490
-1.876580
-1.827818
-1.760540
-1.753420
-1.710592
-1.775505
-1.808166
-1.800328
-1.752446
-1.671899
-1.562317
-1.428369
-1.317295
-1.500393
-1.586233
-1.614407
-1.647920
-1.725676
-1.792718
-1.783429
-1.788542
-1.752795
-1.682444
-1.689250
-1.629086
-1.660719
-1.717294
-1.728134
-1.694421
-1.625153
-1.524778
-1.399577
-1.297825
-1.466157
-1.558291
-1.608252
-1.667536
-1.762551
-1.836685
-1.825025
-1.832311
-1.797935
-1.721568
-1.708334
-1.651774
-1.692808
-1.743124
-1.749060
-1.712532
-1.640883
-1.538144
-1.410456
-1.304964
-1.483217
-1.577161
-1.627650
-1.678437
-1.756189
-1.810722
-1.791393
-1.806932
-1.776185
-1.701407
-1.670490
-1.631953
-1.676186
-1.731098
-1.740037
-1.704590
-1.635128
-1.536027
-1.412210
-1.307983
-1.480258
-1.573195
-1.627002
-1.688403
-1.764503
-1.808684
-1.788907
-1.809967
-1.782333
-1.709269
-1.669082
-1.637250
-1.685299
-1.732156
-1.734064
-1.691870
-1.617369
-1.513304
-1.384342
-1.279465
-1.459902
-1.546298
-1.597178
-1.662896
-1.742449
-1.779813
-1.752149
-1.768442
-1.746692
-1.683047
-1.646426
-1.612951
-1.681460
-1.728535
-1.731660
-1.689497
-1.611835
-1.502563
-1.367519
-1.259284
-1.445051
-1.535288
-1.584419
-1.633694
-1.707606
-1.760937
-1.741430
-1.760077
-1.736434
-1.671162
-1.637426
-1.606314
-1.669173
-1.717491
-1.721639
-1.681618
-1.605583
-1.496897
-1.362428
-1.254243
-1.438385
-1.524336
-1.565930
-1.602571
-1.676168
-1.753649
-1.750425
-1.769511
-1.750821
-1.676728
-1.651111
-1.601552
-1.621271
-1.683755
-1.700154
-1.674173
-1.612601
-1.516622
-1.392967
-1.287670
-1.450388
-1.548115
-1.620710
-1.691788
-1.777737
-1.817247
-1.798946
-1.818007
-1.787324
-1.724009
-1.688558
-1.652201
-1.716241
-1.755117
-1.754709
-1.707260
-1.626702
-1.515170
-1.377177
-1.212069
-1.385818
-1.502608
-1.571047
-1.619870
-1.696549
-1.764596
-1.746021
-1.760864
-1.747128
-1.681365
-1.640773
-1.598033
-1.653022
-1.705891
-1.718228
-1.685098
-1.614853
-1.509799
-1.377732
-1.218766
-1.386830
-1.505728
-1.585076
-1.650179
-1.738220
-1.804491
-1.784984
-1.799464
-1.779900
-1.712935
-1.663416
-1.616816
-1.678591
-1.727090
-1.735196
-1.698548
-1.626285
-1.522322
-1.392086
-1.234657
-1.405921
-1.534741
-1.614790
-1.676194
-1.750887
-1.792400
-1.763408
-1.776478
-1.739729
-1.689010
-1.674508
-1.663039
-1.727316
-1.750790
-1.738149
-1.681343
-1.590133
-1.465493
-1.312057
-1.129100
-1.311749
-1.429332
-1.463432
-1.458803
-1.540570
-1.699343
-1.758971
-1.747786
-1.667266
-1.604372
-1.594284
-1.540447
-1.600177
-1.666439
-1.690179
-1.665749
-1.602804
-1.504024
-1.375450
-1.220407
-1.390666
-1.501436
-1.569632
-1.568586
-1.668109
-1.828887
-1.873008
-1.817457
-1.742902
-1.687846
-1.672721
-1.688655
-1.757413
-1.783266
-1.773265
-1.723466
-1.641264
-1.526146
-1.384748
-1.213668
-1.382288
-1.490502
-1.543865
-1.541867
-1.602430
-1.727353
-1.772051
-1.772202
-1.707994
-1.639396
-1.594733
-1.526554
-1.591647
-1.646669
-1.658936
-1.627206
-1.558673
-1.455671
-1.319537
-1.154628
-1.322104
-1.430146
-1.509556
-1.526384
-1.620639
-1.731006
-1.744734
-1.750056
-1.702394
-1.648668
-1.617591
-1.596235
-1.662498
-1.679976
-1.670936
-1.621014
-1.536628
-1.416714
-1.258189
-1.061111
-1.163878
-1.305900
-1.377280
-1.381836
-1.449901
-1.595533
-1.669068
-1.682544
-1.648430
-1.581609
-1.534492
-1.456426
-1.517102
-1.578637
-1.598714
-1.571852
-1.505108
-1.402851
-1.262239
-1.084452
-1.184231
-1.334000
-1.433114
-1.463745
-1.556231
-1.687512
-1.716525
-1.717363
-1.682985
-1.629493
-1.595022
-1.561004
-1.638523
-1.670911
-1.673141
-1.634450
-1.563488
-1.453568
-1.310307
-1.137360
-1.240790
-1.389814
-1.425834
-1.426359
-1.497824
-1.669499
-1.730451
-1.716713
-1.648359
-1.589229
-1.551344
-1.502894
-1.597402
-1.648488
-1.662493
-1.627016
-1.552510
-1.442499
-1.296635
-1.116993
-1.215896
-1.367954
-1.449938
-1.460273
-1.543354
-1.717178
-1.779559
-1.757541
-1.686041
-1.631956
-1.600192
-1.562789
-1.647050
-1.688738
-1.698026
-1.662049
-1.590623
-1.480857
-1.338403
-1.168089
-1.269764
-1.421230
-1.469080
-1.476613
-1.555474
-1.726402
-1.786099
-1.765306
-1.693447
-1.638915
-1.606251
-1.598517
-1.673660
-1.710024
-1.714865
-1.677794
-1.606840
-1.498274
-1.358344
-1.191160
-1.287076
-1.426193
-1.497083
-1.510512
-1.588122
-1.744562
-1.795282
-1.761769
-1.695804
-1.648438
-1.619149
-1.580730
-1.668650
-1.715752
-1.726421
-1.691341
-1.619131
-1.512927
-1.376095
-1.212999
-1.311564
-1.463232
-1.532406
-1.548680
-1.647355
-1.806301
-1.852021
-1.809072
-1.745629
-1.699308
-1.674256
-1.694656
-1.771744
-1.806146
-1.811197
-1.773081
-1.700679
-1.595626
-1.462776
-1.302915
-1.310585
-1.473265
-1.577851
-1.600991
-1.682781
-1.806174
-1.833518
-1.812360
-1.755686
-1.712181
-1.683432
-1.666515
-1.744523
-1.780989
-1.785653
-1.745609
-1.668147
-1.556967
-1.416300
-1.249063
-1.272587
-1.453241
-1.536878
-1.556139
-1.635481
-1.792631
-1.860183
-1.824268
-1.756825
-1.707795
-1.678263
-1.679435
-1.760623
-1.797959
-1.805060
-1.769527
-1.699761
-1.594827
-1.459969
-1.298510
-1.307665
-1.470794
-1.572879
-1.597030
-1.685205
-1.826696
-1.878589
-1.845139
-1.785596
-1.745075
-1.721012
-1.700130
-1.780798
-1.815325
-1.818755
-1.782523
-1.710287
-1.603428
-1.467101
-1.304500
-1.313997
-1.481852
-1.579522
-1.610233
-1.708531
-1.865689
-1.923043
-1.877555
-1.817904
-1.778186
-1.765868
-1.795101
-1.860005
-1.886141
-1.881991
-1.837025
-1.757765
-1.645043
-1.503653
-1.331761
-1.328184
-1.496185
-1.619999
-1.675594
-1.773533
-1.897575
-1.943339
-1.891189
-1.828209
-1.784085
-1.754810
-1.732787
-1.784996
-1.832747
-1.846877
-1.816843
-1.747708
-1.644617
-1.512298
-1.352659
-1.353036
-1.508693
-1.605290
-1.648737
-1.749328
-1.907562
-1.973092
-1.911633
-1.849339
-1.804963
-1.781851
-1.799219
-1.875887
-1.914145
-1.920214
-1.883558
-1.812675
-1.708363
-1.574512
-1.410397
-1.406102
-1.559583
-1.661528
-1.705137
-1.800342
-1.940261
-2.003218
-1.941960
-1.880118
-1.837795
-1.813380
-1.801128
-1.873157
-1.914003
-1.922957
-1.891809
-1.821915
-1.718162
-1.585275
-1.422927
-1.344816
-1.507530
-1.626255
-1.684786
-1.754661
-1.888593
-1.980774
-1.953107
-1.887595
-1.838059
-1.804348
-1.777600
-1.825978
-1.863937
-1.870001
-1.837540
-1.769461
-1.666434
-1.533105
-1.370991
-1.300624
-1.476073
-1.602164
-1.662008
-1.760942
-1.923480
-2.013467
-1.954832
-1.892402
-1.851342
-1.829794
-1.817719
-1.885068
-1.918815
-1.920047
-1.884536
-1.810358
-1.702313
-1.563761
-1.395090
-1.316076
-1.473096
-1.585469
-1.647828
-1.713934
-1.875767
-1.989921
-1.954458
-1.883347
-1.825617
-1.791891
-1.780323
-1.789981
-1.841574
-1.857658
-1.834739
-1.771358
-1.671788
-1.539317
-1.375585
-1.302799
-1.464421
-1.594324
-1.638535
-1.703189
-1.851622
-1.971428
-1.963979
-1.899676
-1.846824
-1.816394
-1.793139
-1.828429
-1.872017
-1.882488
-1.857887
-1.793985
-1.693377
-1.561346
-1.399447
-1.323251
-1.470573
-1.603093
-1.655326
-1.723917
-1.860045
-1.978553
-1.976695
-1.910685
-1.854236
-1.818972
-1.794396
-1.756411
-1.806483
-1.822099
-1.801010
-1.739787
-1.640238
-1.507664
-1.344947
-1.274749
-1.433252
-1.568645
-1.622890
-1.698759
-1.856910
-1.980287
-1.976339
-1.914627
-1.863182
-1.836616
-1.821930
-1.851579
-1.893802
-1.901922
-1.868745
-1.794628
-1.687925
-1.549134
-1.381592
-1.311362
-1.472316
-1.608404
-1.658056
-1.731220
-1.883582
-2.012154
-2.021646
-1.953865
-1.892092
-1.860073
-1.844359
-1.845110
-1.886132
-1.894104
-1.859918
-1.784978
-1.674469
-1.532037
-1.360497
-1.220251
-1.412835
-1.560982
-1.624779
-1.676263
-1.840152
-1.979629
-2.001076
-1.934216
-1.873214
-1.839700
-1.821511
-1.830154
-1.870351
-1.874321
-1.838731
-1.765368
-1.655095
-1.511147
-1.338418
-1.197901
-1.388365
-1.523621
-1.581183
-1.638985
-1.810942
-1.958308
-2.008470
-1.939969
-1.868815
-1.826848
-1.805012
-1.759178
-1.806242
-1.816396
-1.786328
-1.714825
-1.608728
-1.467431
-1.296846
-1.160463
-1.357219
-1.486261
-1.546920
-1.568302
-1.740876
-1.907004
-1.941703
-1.874908
-1.816198
-1.782960
-1.764872
-1.789196
-1.844687
-1.862409
-1.840329
-1.778348
-1.672859
-1.528664
-1.353803
-1.211120
-1.399940
-1.529294
-1.592370
-1.633447
-1.806306
-1.964320
-2.008556
-1.941033
-1.873657
-1.835557
-1.806820
-1.808053
-1.845716
-1.846718
-1.808203
-1.731413
-1.621053
-1.477045
-1.303314
-1.163991
-1.357355
-1.500124
-1.550378
-1.620520
-1.792954
-1.942483
-2.012876
-1.975964
-1.906399
-1.857854
-1.817880
-1.780638
-1.821184
-1.825767
-1.793457
-1.727429
-1.625508
-1.488313
-1.321763
-1.184631
-1.375516
-1.500673
-1.575574
-1.646022
-1.821169
-1.977566
-2.019360
-1.952190
-1.888477
-1.853164
-1.827103
-1.836006
-1.872431
-1.872681
-1.838100
-1.769647
-1.667088
-1.530164
-1.363117
-1.222464
-1.401202
-1.519467
-1.588039
-1.659943
-1.833464
-1.990288
-2.058021
-1.994992
-1.922707
-1.873554
-1.835336
-1.791254
-1.825248
-1.822686
-1.784511
-1.712559
-1.605583
-1.463475
-1.290625
-1.092291
-1.272825
-1.425255
-1.498857
-1.539396
-1.709723
-1.879985
-1.972588
-1.920826
-1.857349
-1.814041
-1.772021
-1.783948
-1.829289
-1.833585
-1.802170
-1.739418
-1.640625
-1.507517
-1.344044
-1.151186
-1.320164
-1.464103
-1.555106
-1.607588
-1.786081
-1.951141
-2.020387
-1.968016
-1.913766
-1.882643
-1.860054
-1.875232
-1.902792
-1.891387
-1.843833
-1.768969
-1.660509
-1.518161
-1.343582
-1.143947
-1.319474
-1.463855
-1.533709
-1.573725
-1.727158
-1.892280
-1.977288
-1.924093
-1.861591
-1.819998
-1.784352
-1.802427
-1.842829
-1.843531
-1.806482
-1.740009
-1.639256
-1.505148
-1.340503
-1.146617
-1.309033
-1.451359
-1.536186
-1.593205
-1.770607
-1.937815
-2.036308
-1.984907
-1.925580
-1.886452
-1.851161
-1.828253
-1.858077
-1.849016
-1.800997
-1.726105
-1.614789
-1.469169
-1.291958
-1.091951
-1.271527
-1.431102
-1.509721
-1.579551
-1.746246
-1.910356
-1.997881
-1.982339
-1.922018
-1.876520
-1.846629
-1.836927
-1.865504
-1.854681
-1.804209
-1.727055
-1.619564
-1.478840
-1.304123
-1.104155
-1.288439
-1.440354
-1.486344
-1.523179
-1.665032
-1.819310
-1.921903
-1.956551
-1.888803
-1.822125
-1.776145
-1.724848
-1.772229
-1.778296
-1.742971
-1.676542
-1.572369
-1.431731
-1.259317
-1.060553
-1.244739
-1.401939
-1.453048
-1.489783
-1.640304
-1.805131
-1.909232
-1.947752
-1.891796
-1.838062
-1.797200
-1.764920
-1.812288
-1.819042
-1.783249
-1.718621
-1.617419
-1.480356
-1.311933
-1.116063
-1.291843
-1.430037
-1.502089
-1.575109
-1.759463
-1.928112
-2.027691
-1.999639
-1.937901
-1.897034
-1.870976
-1.860118
-1.891052
-1.874349
-1.829137
-1.756877
-1.652916
-1.516677
-1.344792
-1.145652
-1.244575
-1.410545
-1.476505
-1.537127
-1.692695
-1.862917
-1.969651
-2.014019
-1.945814
-1.877461
-1.828489
-1.750015
-1.783914
-1.772114
-1.731393
-1.661386
-1.554380
-1.410064
-1.232139
-1.031523
-1.143187
-1.326882
-1.386138
-1.431865
-1.592618
-1.764466
-1.892495
-1.971199
-1.913573
-1.850580
-1.807417
-1.748988
-1.798570
-1.798477
-1.767378
-1.703585
-1.600242
-1.460579
-1.288408
-1.089719
-1.194019
-1.376425
-1.439966
-1.495954
-1.650823
-1.819675
-1.938067
-2.003547
-1.946061
-1.886927
-1.853204
-1.794366
-1.834502
-1.828372
-1.792209
-1.724809
-1.622656
-1.486778
-1.316862
-1.118799
-1.220837
-1.393317
-1.457186
-1.516292
-1.671651
-1.837728
-1.952376
-2.024647
-1.965050
-1.900681
-1.854550
-1.788129
-1.823315
-1.813952
-1.774159
-1.702475
-1.595315
-1.455819
-1.282813
-1.083587
-1.190327
-1.367591
-1.429506
-1.473747
-1.628181
-1.800277
-1.934177
-2.025876
-1.967336
-1.900247
-1.852381
-1.773605
-1.813331
-1.808918
-1.773105
-1.704483
-1.600303
-1.464005
-1.294984
-1.097533
-1.202116
-1.381763
-1.440798
-1.487150
-1.637093
-1.806951
-1.934932
-2.023353
-1.965587
-1.901083
-1.856970
-1.787338
-1.828370
-1.825920
-1.791408
-1.724276
-1.618595
-1.476914
-1.301354
-1.101346
-1.204853
-1.379526
-1.443575
-1.489409
-1.625925
-1.801175
-1.934632
-2.028102
-1.971180
-1.903885
-1.852436
-1.770911
-1.814089
-1.807213
-1.771364
-1.704993
-1.598120
-1.454907
-1.277514
-1.077206
-1.101469
-1.292366
-1.370740
-1.445186
-1.599432
-1.777721
-1.921520
-2.038563
-1.982068
-1.909035
-1.852440
-1.743583
-1.791469
-1.790531
-1.759974
-1.697196
-1.594473
-1.455305
-1.281547
-1.082198
-1.106092
-1.297530
-1.373724
-1.457794
-1.609309
-1.786220
-1.922442
-2.037045
-1.987137
-1.916366
-1.857960
-1.753096
-1.797064
-1.789637
-1.752453
-1.683030
-1.572683
-1.425788
-1.244677
-1.043577
-1.072396
-1.263979
-1.339954
-1.401600
-1.536609
-1.715995
-1.869522
-1.995363
-1.953250
-1.883319
-1.824134
-1.688855
-1.739384
-1.735280
-1.700808
-1.634018
-1.525805
-1.384622
-1.210759
-1.011652
-1.044172
-1.238144
-1.323213
-1.378739
-1.479188
-1.653852
-1.822353
-1.947698
-1.902878
-1.845271
-1.830484
-1.753371
-1.804836
-1.806373
-1.776775
-1.713888
-1.611804
-1.476210
-1.305708
-1.107726
-1.130381
-1.319042
-1.395630
-1.453907
-1.575131
-1.754407
-1.905689
-2.021876
-1.970507
-1.903862
-1.849066
-1.743596
-1.789970
-1.781050
-1.741919
-1.670293
-1.558177
-1.412652
-1.233475
-1.032759
-1.062878
-1.255417
-1.329676
-1.390314
-1.470786
-1.645641
-1.816764
-1.949106
-1.906644
-1.847561
-1.817921
-1.727104
-1.782903
-1.785534
-1.756143
-1.691905
-1.586363
-1.447660
-1.275541
-1.077159
-1.101370
-1.291005
-1.369307
-1.430721
-1.536595
-1.715475
-1.881314
-2.014841
-1.980666
-1.923030
-1.907199
-1.818628
-1.864496
-1.855643
-1.815900
-1.747146
-1.634849
-1.482638
-1.296518
-1.095302
-1.038750
-1.230183
-1.319930
-1.390477
-1.525867
-1.708146
-1.876990
-2.020613
-2.007505
-1.925541
-1.844071
-1.664859
-1.678200
-1.677856
-1.642844
-1.576432
-1.464328
-1.313141
-1.126682
-0.925304
-0.969143
-1.161106
-1.245649
-1.312847
-1.381214
-1.570204
-1.748584
-1.910889
-1.897819
-1.843913
-1.835633
-1.745077
-1.801148
-1.801089
-1.773369
-1.714859
-1.610890
-1.466852
-1.287423
-1.086647
-1.029997
-1.216747
-1.310495
-1.384971
-1.534350
-1.716348
-1.888422
-2.038391
-2.030208
-1.955031
-1.882197
-1.699939
-1.750487
-1.751998
-1.723716
-1.664741
-1.560827
-1.418718
-1.240614
-1.040181
-0.988009
-1.174656
-1.271333
-1.350809
-1.513124
-1.695582
-1.869310
-2.023198
-2.016299
-1.944663
-1.877441
-1.696895
-1.757935
-1.760530
-1.734315
-1.676044
-1.572260
-1.430592
-1.253331
-1.053030
-1.002167
-1.191307
-1.282759
-1.357805
-1.488873
-1.671853
-1.845393
-2.003024
-2.005613
-1.938186
-1.871458
-1.696698
-1.757895
-1.753010
-1.717178
-1.649068
-1.534155
-1.378542
-1.187293
-0.985971
-0.970001
-1.166808
-1.274434
-1.338630
-1.406821
-1.594594
-1.771242
-1.933512
-1.956519
-1.896680
-1.838831
-1.687606
-1.754259
-1.758995
-1.725224
-1.661022
-1.549665
-1.395579
-1.204767
-1.003441
-0.968749
-1.164932
-1.277936
-1.345807
-1.431028
-1.618703
-1.794064
-1.952311
-1.972160
-1.916899
-1.865817
-1.717815
-1.788913
-1.784345
-1.745022
-1.672461
-1.550093
-1.363549
-1.161932
-0.960591
-0.930033
-1.121958
-1.234974
-1.315672
-1.369111
-1.546955
-1.723209
-1.892110
-1.945142
-1.885523
-1.826913
-1.675683
-1.738045
-1.734771
-1.695011
-1.626418
-1.506460
-1.317465
-1.115794
-0.914442
-0.929962
-1.114486
-1.225360
-1.309708
-1.364292
-1.546350
-1.723995
-1.890285
-1.946274
-1.884304
-1.821564
-1.675499
-1.703992
-1.700624
-1.659350
-1.591650
-1.471996
-1.283551
-1.081855
-0.887996
-0.930097
-1.116306
-1.218339
-1.294815
-1.342603
-1.513250
-1.691652
-1.859807
-1.926650
-1.862773
-1.796429
-1.677026
-1.681909
-1.685983
-1.652044
-1.588880
-1.473668
-1.285710
-1.083996
-0.887998
-0.930068
-1.111392
-1.221117
-1.306134
-1.362490
-1.543428
-1.721280
-1.886472
-1.957613
-1.899376
-1.834907
-1.696579
-1.707203
-1.708185
-1.670852
-1.606211
-1.490263
-1.307061
-1.105351
-0.903965
-0.930098
-1.120769
-1.226496
-1.301912
-1.352091
-1.465827
-1.643178
-1.821415
-1.913955
-1.861942
-1.804491
-1.701083
-1.730905
-1.739234
-1.710814
-1.654369
-1.551319
-1.395445
-1.200421
-0.999089
-0.929767
-1.118813
-1.225280
-1.310876
-1.388350
-1.574344
-1.753118
-1.918107
-1.998362
-1.945225
-1.874157
-1.767019
-1.718077
-1.724182
-1.693078
-1.626291
-1.509031
-1.341590
-1.141314
-0.940007
-0.929873
-1.130537
-1.249951
-1.309662
-1.348460
-1.465760
-1.643403
-1.815324
-1.920728
-1.862176
-1.789813
-1.714955
-1.659700
-1.682782
-1.663653
-1.611758
-1.512560
-1.368471
-1.185712
-0.984583
-0.888601
-1.082070
-1.198236
-1.293894
-1.423985
-1.609299
-1.788864
-1.950053
-2.057469
-2.003665
-1.924725
-1.746892
-1.761616
-1.753989
-1.713043
-1.641025
-1.525492
-1.349524
-1.147919
-0.946531
-0.888822
-1.081529
-1.193298
-1.281592
-1.340971
-1.471857
-1.655064
-1.829568
-1.933576
-1.870570
-1.790789
-1.705920
-1.625638
-1.648303
-1.629289
-1.573620
-1.466240
-1.311773
-1.116208
-0.914873
-0.889238
-1.085393
-1.194174
-1.273602
-1.330644
-1.499285
-1.680229
-1.852070
-1.966491
-1.907725
-1.823724
-1.725432
-1.628760
-1.645527
-1.618992
-1.561240
-1.455346
-1.280327
-1.078730
-0.887996
-0.888670
-1.081134
-1.189287
-1.274850
-1.335443
-1.496525
-1.674183
-1.844967
-1.975472
-1.925968
-1.851792
-1.768703
-1.714801
-1.734754
-1.714521
-1.665032
-1.569586
-1.427947
-1.246423
-1.045234
-0.888002
-1.086472
-1.210812
-1.295776
-1.361946
-1.550745
-1.729313
-1.897224
-2.026646
-1.987018
-1.921971
-1.806072
-1.797005
-1.801638
-1.769851
-1.703357
-1.592292
-1.438627
-1.246277
-1.044983
-0.888003
-1.091139
-1.238638
-1.313519
-1.367911
-1.539788
-1.716961
-1.881480
-2.005917
-1.953740
-1.875879
-1.788361
-1.702757
-1.723072
-1.703418
-1.646678
-1.539724
-1.384302
-1.188624
-0.987437
-0.888510
-1.081044
-1.194270
-1.289278
-1.377819
-1.565481
-1.745976
-1.911698
-2.044425
-1.999552
-1.920947
-1.818251
-1.725614
-1.739182
-1.714222
-1.655892
-1.551280
-1.395550
-1.200325
-0.999045
-0.888220
-1.050148
-1.204055
-1.291865
-1.356554
-1.531314
-1.712508
-1.881407
-2.013691
-1.966076
-1.893005
-1.807724
-1.729391
-1.752401
-1.730050
-1.672338
-1.566587
-1.417058
-1.226985
-1.025686
-0.888140
-1.048332
-1.196882
-1.284564
-1.349524
-1.510778
-1.693352
-1.865355
-2.005767
-1.957317
-1.879408
-1.781124
-1.687925
-1.704805
-1.677727
-1.614468
-1.504521
-1.348448
-1.153332
-0.952056
-0.889008
-1.052560
-1.197364
-1.277003
-1.335381
-1.496869
-1.680238
-1.851272
-1.989217
-1.940343
-1.866697
-1.778128
-1.707657
-1.721422
-1.692416
-1.633939
-1.529510
-1.380848
-1.191178
-0.989890
-0.888456
-1.051706
-1.203741
-1.277523
-1.330578
-1.472206
-1.656976
-1.829179
-1.969185
-1.918172
-1.844347
-1.762658
-1.685983
-1.703499
-1.677610
-1.622368
-1.520134
-1.357480
-1.156728
-0.955380
-0.888623
-1.044817
-1.164537
-1.258949
-1.328487
-1.443568
-1.624415
-1.800632
-1.961210
-1.918708
-1.850742
-1.769453
-1.698599
-1.716055
-1.691262
-1.636619
-1.536394
-1.383538
-1.187994
-0.986689
-0.888470
-1.047328
-1.150755
-1.246215
-1.318043
-1.448616
-1.633712
-1.809362
-1.974431
-1.938320
-1.876287
-1.799176
-1.753050
-1.772335
-1.749515
-1.695799
-1.598096
-1.456495
-1.277415
-1.077302
-0.887996
-1.042278
-1.144690
-1.249489
-1.333063
-1.516627
-1.698702
-1.871604
-2.025042
-1.990078
-1.924581
-1.832443
-1.708421
-1.742736
-1.726825
-1.664155
-1.550607
-1.394900
-1.201372
-1.000039
-0.888129
-1.012954
-1.190027
-1.266504
-1.323694
-1.369387
-1.553040
-1.729717
-1.908881
-1.877938
-1.825572
-1.786191
-1.713888
-1.765732
-1.759508
-1.716396
-1.625337
-1.492532
-1.322233
-1.124542
-0.923644
-1.006526
-1.145503
-1.252795
-1.349863
-1.541098
-1.717634
-1.888844
-2.049948
-2.019624
-1.960241
-1.857590
-1.809393
-1.827044
-1.798325
-1.742454
-1.643709
-1.484009
-1.282637
-1.081362
-0.887997
-1.006512
-1.138173
-1.255196
-1.344723
-1.407124
-1.591409
-1.767868
-1.947764
-1.940283
-1.895668
-1.843913
-1.791946
-1.812867
-1.785840
-1.736685
-1.644374
-1.507672
-1.333242
-1.133319
-0.932326
-1.005549
-1.132672
-1.236480
-1.314512
-1.478689
-1.666056
-1.840761
-1.991417
-1.939933
-1.866728
-1.778172
-1.634461
-1.667963
-1.641376
-1.585393
-1.483536
-1.310747
-1.108996
-0.907561
-0.888089
-1.008888
-1.142039
-1.248810
-1.325693
-1.372495
-1.547253
-1.725310
-1.897918
-1.872209
-1.814883
-1.743581
-1.663229
-1.719699
-1.711664
-1.673385
-1.585394
-1.424020
-1.222280
-1.020807
-0.888119
-1.004453
-1.149756
-1.270860
-1.366007
-1.447858
-1.634175
-1.810483
-1.972238
-1.933477
-1.874527
-1.798279
-1.672799
-1.702893
-1.677035
-1.621072
-1.521285
-1.350417
-1.148666
-0.947229
-0.888188
-1.007891
-1.145878
-1.258153
-1.342362
-1.393786
-1.575065
-1.752255
-1.922010
-1.888531
-1.829609
-1.760770
-1.673994
-1.725855
-1.715368
-1.676451
-1.594602
-1.457224
-1.269674
-1.068275
-0.887999
-1.009035
-1.140997
-1.251685
-1.339083
-1.447495
-1.632697
-1.811023
-1.976215
-1.939765
-1.886908
-1.821659
-1.706133
-1.752242
-1.731389
-1.680964
-1.584360
-1.421688
-1.220058
-1.018575
-0.888094
-0.969036
-1.120017
-1.242208
-1.336492
-1.398312
-1.580698
-1.758300
-1.928678
-1.926410
-1.868659
-1.795684
-1.704637
-1.737656
-1.713993
-1.666784
-1.580260
-1.430043
-1.228430
-1.026945
-0.888048
-0.968785
-1.118209
-1.241627
-1.335356
-1.390763
-1.578859
-1.757525
-1.922871
-1.918448
-1.863449
-1.795947
-1.663201
-1.697641
-1.681241
-1.634629
-1.544154
-1.385071
-1.183407
-0.981856
-0.888003
-0.969343
-1.120161
-1.242530
-1.334612
-1.395199
-1.545839
-1.723250
-1.896295
-1.887564
-1.835750
-1.778298
-1.682239
-1.751208
-1.746716
-1.713154
-1.639596
-1.510516
-1.319473
-1.118006
-0.916858
-0.968751
-1.117862
-1.242082
-1.341972
-1.456886
-1.642912
-1.820775
-1.982476
-1.982093
-1.933842
-1.870996
-1.742619
-1.779099
-1.753747
-1.702183
-1.609502
-1.450968
-1.249310
-1.047808
-0.888002
-0.968725
-1.120986
-1.244274
-1.339455
-1.394269
-1.560368
-1.738912
-1.901487
-1.903115
-1.841503
-1.770643
-1.663832
-1.642796
-1.630064
-1.589133
-1.502462
-1.344444
-1.142952
-0.941616
-0.888461
-0.969948
-1.106127
-1.235641
-1.339816
-1.406078
-1.594720
-1.771163
-1.939195
-1.984631
-1.944867
-1.877795
-1.793296
-1.842120
-1.828496
-1.788039
-1.706978
-1.573506
-1.382173
-1.180753
-0.979552
-0.967750
-1.137254
-1.258930
-1.356358
-1.421785
-1.609704
-1.787215
-1.949888
-1.981341
-1.931431
-1.859037
-1.743599
-1.748291
-1.720584
-1.663187
-1.560338
-1.382141
-1.180293
-0.978644
-0.888086
-0.933939
-1.100626
-1.245773
-1.358261
-1.424169
-1.482163
-1.658617
-1.832797
-1.914530
-1.865849
-1.794422
-1.693603
-1.712601
-1.705053
-1.666121
-1.588979
-1.455332
-1.260606
-1.059089
-0.888002
-0.933044
-1.096281
-1.219218
-1.314744
-1.376389
-1.563568
-1.743100
-1.910532
-1.951179
-1.901363
-1.834526
-1.701487
-1.730903
-1.714798
-1.670658
-1.589785
-1.447870
-1.247870
-1.046333
-0.888003
-0.932689
-1.092046
-1.219649
-1.319698
-1.383676
-1.557556
-1.736668
-1.902075
-1.948867
-1.896207
-1.829229
-1.723135
-1.722331
-1.714366
-1.673675
-1.596569
-1.460976
-1.264669
-1.063133
-0.888002
-0.932596
-1.097996
-1.221791
-1.319071
-1.382999
-1.566014
-1.745021
-1.910386
-1.961408
-1.909326
-1.842714
-1.726591
-1.722948
-1.717219
-1.681507
-1.606592
-1.470948
-1.273542
-1.071989
-0.888001
-0.932041
-1.095088
-1.224194
-1.327214
-1.396192
-1.574365
-1.752781
-1.916381
-1.966170
-1.915431
-1.851226
-1.752702
-1.718441
-1.715014
-1.680143
-1.607310
-1.475135
-1.279943
-1.078379
-0.887998
-0.931769
-1.101630
-1.224798
-1.323572
-1.390173
-1.570417
-1.748967
-1.912933
-1.969878
-1.918899
-1.851856
-1.756622
-1.717440
-1.714844
-1.680976
-1.609098
-1.477832
-1.282826
-1.081264
-0.887998
-0.931163
-1.098041
-1.222115
-1.322824
-1.391831
-1.576628
-1.754947
-1.917909
-1.987567
-1.938404
-1.868288
-1.764745
-1.725647
-1.721023
-1.685602
-1.605059
-1.471220
-1.275449
-1.073867
-0.887999
-0.891568
-1.076711
-1.203285
-1.302259
-1.367994
-1.523105
-1.702067
-1.871282
-1.961686
-1.912375
-1.841508
-1.737889
-1.718633
-1.712816
-1.675911
-1.598956
-1.466540
-1.270383
-1.068778
-0.888002
-0.892621
-1.073907
-1.203718
-1.305168
-1.372792
-1.540384
-1.723303
-1.889683
-1.986531
-1.928169
-1.843019
-1.725164
-1.658909
-1.655920
-1.621491
-1.550411
-1.425735
-1.237502
-1.035893
-0.888012
-0.893039
-1.078845
-1.196765
-1.290133
-1.354712
-1.540237
-1.721244
-1.887330
-1.993832
-1.933018
-1.840993
-1.713718
-1.620698
-1.623514
-1.592264
-1.521135
-1.400485
-1.224503
-1.023019
-0.888001
-0.890718
-1.089065
-1.207168
-1.277011
-1.325124
-1.477532
-1.656831
-1.829333
-1.946289
-1.893501
-1.816474
-1.714736
-1.648217
-1.653037
-1.623026
-1.549747
-1.419661
-1.223569
-1.021922
-0.888005
-0.891888
-1.080032
-1.193385
-1.281981
-1.347502
-1.455197
-1.633015
-1.809954
-1.939262
-1.895517
-1.855150
-1.755863
-1.738062
-1.741776
-1.712050
-1.648602
-1.538720
-1.377532
-1.179338
-0.978155
-0.888667
-1.077762
-1.194571
-1.290054
-1.379181
-1.567218
-1.748033
-1.911943
-2.047678
-1.997653
-1.912407
-1.766625
-1.726619
-1.728227
-1.700411
-1.627472
-1.514007
-1.355748
-1.159687
-0.958383
-0.888819
-1.087933
-1.210526
-1.288812
-1.346186
-1.482717
-1.663293
-1.836353
-1.973111
-1.924684
-1.850662
-1.766807
-1.695956
-1.719327
-1.697431
-1.632063
-1.520441
-1.359384
-1.162038
-0.960944
-0.888703
-1.042884
-1.158185
-1.264375
-1.340889
-1.532236
-1.708863
-1.880619
-2.034309
-1.997657
-1.929912
-1.840328
-1.767031
-1.777190
-1.747645
-1.685256
-1.573094
-1.407752
-1.208165
-1.007097
-0.888222
-1.046780
-1.185344
-1.284479
-1.359720
-1.546954
-1.728346
-1.896049
-2.044597
-2.002317
-1.925816
-1.822499
-1.743171
-1.751374
-1.718242
-1.654014
-1.543677
-1.387492
-1.192040
-0.990745
-0.888391
-1.053037
-1.203715
-1.277192
-1.328382
-1.440906
-1.621521
-1.797505
-1.945398
-1.897456
-1.825363
-1.737560
-1.673866
-1.688468
-1.658662
-1.598700
-1.490618
-1.336783
-1.142990
-0.941695
-0.888719
-1.050781
-1.175353
-1.251483
-1.304397
-1.423577
-1.604954
-1.782524
-1.929175
-1.881498
-1.813964
-1.751992
-1.674348
-1.703427
-1.689359
-1.644187
-1.552964
-1.397896
-1.198336
-0.996967
-0.888331
-1.039870
-1.167870
-1.273122
-1.353560
-1.492058
-1.675214
-1.848798
-2.007284
-1.971604
-1.907509
-1.822734
-1.761849
-1.780574
-1.754503
-1.696440
-1.592966
-1.432616
-1.232382
-1.030988
-0.888004
-1.048358
-1.192563
-1.283710
-1.348719
-1.389708
-1.571790
-1.747703
-1.927541
-1.894039
-1.845044
-1.807751
-1.745172
-1.789590
-1.782972
-1.740901
-1.653857
-1.524730
-1.358115
-1.162218
-0.961266
-1.047013
-1.180607
-1.294381
-1.367705
-1.545902
-1.718897
-1.886291
-2.041597
-2.003037
-1.927901
-1.827729
-1.650445
-1.630839
-1.602803
-1.536960
-1.420649
-1.253358
-1.053426
-0.888000
-0.892277
-1.014430
-1.166820
-1.269716
-1.335870
-1.496821
-1.675967
-1.849842
-1.989150
-1.945398
-1.883442
-1.808959
-1.736939
-1.766351
-1.742630
-1.692602
-1.596318
-1.428832
-1.227124
-1.025724
-0.888048
-1.007289
-1.149863
-1.268716
-1.358255
-1.426840
-1.607909
-1.784454
-1.962034
-1.940668
-1.884141
-1.816255
-1.755615
-1.791770
-1.769662
-1.720252
-1.627475
-1.469347
-1.267829
-1.066430
-0.888002
-1.006527
-1.150870
-1.270643
-1.361260
-1.431847
-1.617726
-1.795650
-1.962141
-1.922012
-1.857763
-1.779537
-1.660221
-1.666609
-1.643519
-1.586746
-1.480225
-1.329000
-1.139118
-0.938000
-0.889316
-1.015026
-1.145300
-1.252646
-1.313754
-1.485256
-1.671020
-1.844641
-1.991420
-1.964717
-1.943965
-1.855978
-1.781330
-1.775116
-1.728324
-1.644789
-1.483903
-1.283811
-1.081680
-0.887996
-0.889301
-1.002027
-1.173497
-1.322832
-1.434588
-1.496147
-1.611426
-1.774555
-1.930590
-1.942194
-1.877671
-1.802726
-1.741861
-1.759902
-1.727044
-1.671744
-1.576856
-1.439907
-1.267149
-1.070883
-0.887999
-0.986467
-1.131799
-1.247792
-1.413380
-1.599091
-1.776987
-1.936216
-2.071434
-2.055208
-1.987070
-1.884170
-1.736691
-1.752398
-1.717899
-1.656053
-1.552005
-1.386046
-1.184440
-0.983010
-0.888366
-1.010957
-1.185457
-1.281475
-1.353140
-1.394548
-1.580969
-1.758480
-1.923284
-1.897977
-1.838777
-1.764254
-1.652750
-1.708576
-1.699019
-1.653923
-1.561191
-1.430470
-1.263489
-1.067440
-0.887999
-0.972613
-1.120048
-1.223139
-1.310575
-1.476062
-1.661879
-1.838937
-1.997573
-1.974883
-1.980156
-1.909167
-1.875455
-1.868025
-1.815772
-1.741313
-1.633137
-1.456415
-1.254638
-1.053351
-0.888000
-0.968437
-1.132794
-1.268463
-1.374850
-1.448026
-1.613714
-1.787138
-1.956215
-2.007369
-1.963134
-1.897286
-1.820972
-1.863333
-1.840924
-1.791589
-1.703399
-1.555897
-1.354894
-1.153557
-0.952501
-0.964617
-1.126101
-1.261265
-1.370071
-1.494141
-1.680943
-1.856050
-2.008932
-2.000718
-1.938825
-1.857090
-1.701502
-1.734231
-1.704766
-1.649913
-1.554882
-1.393433
-1.191798
-0.990360
-0.888195
-0.968630
-1.121501
-1.246571
-1.342953
-1.398409
-1.579650
-1.758594
-1.922744
-1.912633
-1.856729
-1.791915
-1.665350
-1.697677
-1.684404
-1.642112
-1.554626
-1.396495
-1.194990
-0.993530
-0.888186
-0.969831
-1.123754
-1.253906
-1.357983
-1.422949
-1.611072
-1.787246
-1.954858
-1.951685
-1.908411
-1.853008
-1.777356
-1.821022
-1.799750
-1.754412
-1.665531
-1.511760
-1.310218
-1.108786
-0.907677
-0.966475
-1.126031
-1.260276
-1.368184
-1.455487
-1.640877
-1.816435
-1.976233
-1.959597
-1.894850
-1.805175
-1.651770
-1.682306
-1.654915
-1.599960
-1.505117
-1.342722
-1.141131
-0.939618
-0.888089
-0.970591
-1.115876
-1.235112
-1.325179
-1.378114
-1.560319
-1.738419
-1.902711
-1.917543
-1.862390
-1.795293
-1.673150
-1.726851
-1.716480
-1.679373
-1.600947
-1.463946
-1.266910
-1.065397
-0.888000
-0.969930
-1.127522
-1.244915
-1.338692
-1.399651
-1.589116
-1.766276
-1.931875
-1.961690
-1.913929
-1.851306
-1.736158
-1.764503
-1.748985
-1.703384
-1.615080
-1.463064
-1.261537
-1.059994
-0.888002
-0.933560
-1.098700
-1.230731
-1.333958
-1.398132
-1.581464
-1.758115
-1.920180
-1.953672
-1.898367
-1.827913
-1.704553
-1.727076
-1.714424
-1.671468
-1.591381
-1.453200
-1.255815
-1.054307
-0.888002
-0.933105
-1.099084
-1.225188
-1.324589
-1.389163
-1.575641
-1.755420
-1.923190
-1.945940
-1.891029
-1.818119
-1.702288
-1.708356
-1.698329
-1.656255
-1.576797
-1.441209
-1.245951
-1.044406
-0.888002
-0.933273
-1.107913
-1.224450
-1.312766
-1.369519
-1.551484
-1.732394
-1.900602
-1.946782
-1.886460
-1.804168
-1.682201
-1.681431
-1.672715
-1.634362
-1.557940
-1.425233
-1.231869
-1.030311
-0.888004
-0.933576
-1.101283
-1.218861
-1.309869
-1.369949
-1.557030
-1.737377
-1.902369
-1.964557
-1.901603
-1.810894
-1.671506
-1.641922
-1.634009
-1.597243
-1.522618
-1.391425
-1.199348
-0.997740
-0.888036
-0.934145
-1.111135
-1.220847
-1.305079
-1.360037
-1.540804
-1.721611
-1.886580
-1.945089
-1.877852
-1.789626
-1.666371
-1.617196
-1.617597
-1.585653
-1.514680
-1.386455
-1.195672
-0.994070
-0.888002
-0.933541
-1.115569
-1.218765
-1.298344
-1.352056
-1.535381
-1.715773
-1.880817
-1.960484
-1.896773
-1.805581
-1.675005
-1.631871
-1.632202
-1.601189
-1.531489
-1.404981
-1.216157
-1.014560
-0.888002
-0.933204
-1.116573
-1.220434
-1.302263
-1.358963
-1.541763
-1.721696
-1.887266
-1.973713
-1.910207
-1.816890
-1.683543
-1.614858
-1.614640
-1.578839
-1.498951
-1.365389
-1.170608
-0.969013
-0.888003
-0.893473
-1.084123
-1.191424
-1.274288
-1.329915
-1.506254
-1.684977
-1.852977
-1.948514
-1.890213
-1.809525
-1.702486
-1.651453
-1.656654
-1.631533
-1.557207
-1.436156
-1.253528
-1.051947
-0.888000
-0.891754
-1.082966
-1.194653
-1.281786
-1.343589
-1.531253
-1.712880
-1.879643
-1.989664
-1.933584
-1.848287
-1.731605
-1.646843
-1.645971
-1.611448
-1.536930
-1.404007
-1.206803
-1.005123
-0.888007
-0.892537
-1.079198
-1.192487
-1.281520
-1.341231
-1.475607
-1.655127
-1.824058
-1.942705
-1.884833
-1.801906
-1.695202
-1.606464
-1.616417
-1.588640
-1.521549
-1.398363
-1.207722
-1.006115
-0.888002
-0.891663
-1.084840
-1.193128
-1.272741
-1.330073
-1.458391
-1.636968
-1.813032
-1.931874
-1.883469
-1.836230
-1.744583
-1.702685
-1.719207
-1.698076
-1.640832
-1.538238
-1.390141
-1.200618
-0.999362
-0.888233
-1.080298
-1.191550
-1.282096
-1.350212
-1.537319
-1.716544
-1.885515
-2.018478
-1.967587
-1.879227
-1.760166
-1.661903
-1.669251
-1.637313
-1.570070
-1.455732
-1.293410
-1.094816
-0.893472
-0.888487
-1.092083
-1.222201
-1.279372
-1.319466
-1.364138
-1.546628
-1.724608
-1.885171
-1.843536
-1.789006
-1.729168
-1.698586
-1.727258
-1.715916
-1.664321
-1.568567
-1.428542
-1.248130
-1.047137
-0.888002
-1.083209
-1.191054
-1.285603
-1.402583
-1.589369
-1.767197
-1.930350
-2.073697
-2.028931
-1.942481
-1.811441
-1.711583
-1.724558
-1.689440
-1.623295
-1.511560
-1.357241
-1.166368
-0.965335
-0.888742
-1.043570
-1.201429
-1.284748
-1.345267
-1.507277
-1.689867
-1.862640
-1.984964
-1.949954
-1.897089
-1.817020
-1.830261
-1.839940
-1.813146
-1.742949
-1.630982
-1.483092
-1.298733
-1.097774
-0.896929
-1.047001
-1.192348
-1.287039
-1.364333
-1.552780
-1.733804
-1.901368
-2.046145
-2.001159
-1.918493
-1.803400
-1.711275
-1.717853
-1.681191
-1.610935
-1.495132
-1.331298
-1.131895
-0.930633
-0.889187
-1.054446
-1.211992
-1.285477
-1.337666
-1.487773
-1.671643
-1.841013
-1.968745
-1.913452
-1.833764
-1.732254
-1.668052
-1.676382
-1.642263
-1.580723
-1.470936
-1.289043
-1.087317
-0.888000
-0.889238
-1.043574
-1.163619
-1.259226
-1.327011
-1.401260
-1.582944
-1.761017
-1.923769
-1.879383
-1.810909
-1.752071
-1.664482
-1.695383
-1.681615
-1.641048
-1.553273
-1.402596
-1.203754
-1.002360
-0.888174
-1.040192
-1.165816
-1.270012
-1.350063
-1.485240
-1.668826
-1.843260
-2.002903
-1.961910
-1.890337
-1.799313
-1.657634
-1.686788
-1.665915
-1.606120
-1.492625
-1.329008
-1.129358
-0.928015
-0.888922
-1.053605
-1.204670
-1.276029
-1.328462
-1.406888
-1.587755
-1.763810
-1.920029
-1.874486
-1.806961
-1.719356
-1.604885
-1.644165
-1.629387
-1.575928
-1.470206
-1.317531
-1.126752
-0.925656
-0.888005
-1.048446
-1.148631
-1.237117
-1.309261
-1.498663
-1.677323
-1.850241
-2.012335
-1.992326
-1.977946
-1.883814
-1.841530
-1.835480
-1.782723
-1.686629
-1.511568
-1.309740
-1.108117
-0.906902
-0.892470
-1.014932
-1.169735
-1.292967
-1.382346
-1.434199
-1.584849
-1.758813
-1.930421
-1.896839
-1.825677
-1.735381
-1.670206
-1.694977
-1.662333
-1.602874
-1.500483
-1.325749
-1.123991
-0.922617
-0.888970
-1.005940
-1.147590
-1.264816
-1.352865
-1.443904
-1.630311
-1.806236
-1.966100
-1.921351
-1.854871
-1.773612
-1.659646
-1.687004
-1.661573
-1.610003
-1.512437
-1.344993
-1.143272
-0.941837
-0.888134
-1.008229
-1.140542
-1.247373
-1.325172
-1.373330
-1.554906
-1.733296
-1.909516
-1.886856
-1.830439
-1.765283
-1.705897
-1.743923
-1.724592
-1.678310
-1.589192
-1.435653
-1.234831
-1.033388
-0.888003
-1.006749
-1.146082
-1.260757
-1.347604
-1.410793
-1.597973
-1.776337
-1.943530
-1.905589
-1.847707
-1.778141
-1.658660
-1.700885
-1.681980
-1.630369
-1.528087
-1.383961
-1.200779
-0.999530
-0.888172
-1.012216
-1.151796
-1.239132
-1.305336
-1.458015
-1.645132
-1.821133
-1.974805
-1.924552
-1.856099
-1.774959
-1.675715
-1.700797
-1.673398
-1.622161
-1.526831
-1.358463
-1.156657
-0.955214
-0.888292
-1.006523
-1.143029
-1.255641
-1.342757
-1.400201
-1.581510
-1.758551
-1.933509
-1.946732
-1.891800
-1.818454
-1.720476
-1.757434
-1.741708
-1.698998
-1.612549
-1.467283
-1.269847
-1.068354
-0.888001
-1.008753
-1.156041
-1.263290
-1.342132
-1.387082
-1.567662
-1.745731
-1.912402
-1.879235
-1.820020
-1.755008
-1.656356
-1.677659
-1.657784
-1.602200
-1.499561
-1.352173
-1.166091
-0.964939
-0.888724
-0.976261
-1.134781
-1.264252
-1.315915
-1.448657
-1.638778
-1.813761
-1.955395
-1.952803
-1.889633
-1.796876
-1.645087
-1.671064
-1.641465
-1.593154
-1.500492
-1.330993
-1.129187
-0.927620
-0.888577
-0.967598
-1.119267
-1.245278
-1.343650
-1.398937
-1.565476
-1.743967
-1.911557
-1.946566
-1.885470
-1.805431
-1.650166
-1.692605
-1.676571
-1.631166
-1.540650
-1.382437
-1.180649
-0.979037
-0.888002
-0.970576
-1.146772
-1.255457
-1.335052
-1.385760
-1.476133
-1.654059
-1.835732
-1.847826
-1.790594
-1.718407
-1.612586
-1.661124
-1.653669
-1.614921
-1.528170
-1.370087
-1.168586
-0.967238
-0.888330
-0.969332
-1.118787
-1.245865
-1.345672
-1.406327
-1.593900
-1.770592
-1.934037
-1.961423
-1.912713
-1.838453
-1.714196
-1.751619
-1.728037
-1.678933
-1.587767
-1.431476
-1.229822
-1.028305
-0.888003
-0.969369
-1.123540
-1.244615
-1.336900
-1.394455
-1.553305
-1.730703
-1.899533
-1.925100
-1.875288
-1.811776
-1.717781
-1.766843
-1.762388
-1.728111
-1.651184
-1.516363
-1.320737
-1.119243
-0.918036
-0.968641
-1.119487
-1.243502
-1.341215
-1.405328
-1.591202
-1.769816
-1.937442
-1.949423
-1.891446
-1.811590
-1.687070
-1.675602
-1.656621
-1.609381
-1.519621
-1.364010
-1.162423
-0.960885
-0.888005
-0.969950
-1.121138
-1.236163
-1.325258
-1.380275
-1.552660
-1.730921
-1.896005
-1.927773
-1.875547
-1.808318
-1.708998
-1.746095
-1.737601
-1.702308
-1.625197
-1.486320
-1.287252
-1.085718
-0.888001
-0.931689
-1.093221
-1.225185
-1.328726
-1.396032
-1.584773
-1.763307
-1.928177
-1.970058
-1.923504
-1.860775
-1.733083
-1.782114
-1.768168
-1.722636
-1.636057
-1.486421
-1.284836
-1.083335
-0.888000
-0.931482
-1.094759
-1.231150
-1.338200
-1.406404
-1.585045
-1.762133
-1.925460
-1.956508
-1.903207
-1.836541
-1.739635
-1.727730
-1.718421
-1.676895
-1.595404
-1.450140
-1.248599
-1.047051
-0.888002
-0.933011
-1.095751
-1.227302
-1.331785
-1.399132
-1.581932
-1.759194
-1.923472
-1.960600
-1.910086
-1.845491
-1.734821
-1.747028
-1.736837
-1.696040
-1.617485
-1.478957
-1.280304
-1.078760
-0.887998
-0.932122
-1.102077
-1.230428
-1.331657
-1.397588
-1.577778
-1.755580
-1.918217
-1.953065
-1.902033
-1.837832
-1.723271
-1.731677
-1.723428
-1.684938
-1.608626
-1.473909
-1.277457
-1.075927
-0.887999
-0.932402
-1.091791
-1.221488
-1.325076
-1.394388
-1.579844
-1.759979
-1.926040
-1.961421
-1.905834
-1.830501
-1.714334
-1.685689
-1.668775
-1.622664
-1.539109
-1.391583
-1.190024
-0.988432
-0.888003
-0.933992
-1.105135
-1.222025
-1.311377
-1.367484
-1.531311
-1.712753
-1.878047
-1.942974
-1.877962
-1.789732
-1.660997
-1.625591
-1.618354
-1.581864
-1.508257
-1.372864
-1.175121
-0.973504
-0.888016
-0.933856
-1.107975
-1.217731
-1.302702
-1.357893
-1.526989
-1.708254
-1.873943
-1.955995
-1.891589
-1.798854
-1.663468
-1.609502
-1.607405
-1.575030
-1.504013
-1.373186
-1.179444
-0.977836
-0.888008
-0.894217
-1.081497
-1.193047
-1.279357
-1.336935
-1.510694
-1.689780
-1.859176
-1.960935
-1.905605
-1.824972
-1.716377
-1.671028
-1.673463
-1.642936
-1.571026
-1.446264
-1.256434
-1.054950
-0.888000
-0.892682
-1.073930
-1.206837
-1.303332
-1.372591
-1.563362
-1.739912
-1.906575
-2.043825
-2.001439
-1.921329
-1.804716
-1.727705
-1.723584
-1.684072
-1.594752
-1.431325
-1.229389
-1.027641
-0.888002
-0.893644
-1.073426
-1.217522
-1.333232
-1.419382
-1.443618
-1.617017
-1.794045
-1.934286
-1.892838
-1.822988
-1.727667
-1.715333
-1.721976
-1.692721
-1.624484
-1.503469
-1.324503
-1.122943
-0.921652
-0.889367
-1.078202
-1.195206
-1.286726
-1.349518
-1.453752
-1.634021
-1.813000
-1.941088
-1.896923
-1.829206
-1.718961
-1.711025
-1.707147
-1.675148
-1.607012
-1.486027
-1.302207
-1.100620
-0.899513
-0.890614
-1.070976
-1.197140
-1.298415
-1.370466
-1.558556
-1.738768
-1.903181
-2.020848
-1.963622
-1.872713
-1.748113
-1.643236
-1.649118
-1.614677
-1.544607
-1.426658
-1.253557
-1.052131
-0.888002
-0.889876
-1.087020
-1.203757
-1.276856
-1.325858
-1.463028
-1.645850
-1.810986
-1.921291
-1.858229
-1.771223
-1.655394
-1.577788
-1.593116
-1.567017
-1.503361
-1.388355
-1.220930
-1.020726
-0.888000
-0.890348
-1.089249
-1.189182
-1.260495
-1.312490
-1.485340
-1.663876
-1.836291
-1.966897
-1.920320
-1.846787
-1.749028
-1.695515
-1.706329
-1.684713
-1.623532
-1.512954
-1.350237
-1.150865
-0.949614
-0.889043
-1.085945
-1.211809
-1.293196
-1.354758
-1.531590
-1.708840
-1.876146
-2.011682
-1.964075
-1.885749
-1.781064
-1.672159
-1.683481
-1.652542
-1.580542
-1.459917
-1.282158
-1.080631
-0.887998
-0.890822
-1.054554
-1.198152
-1.273828
-1.326922
-1.453852
-1.633154
-1.807172
-1.943354
-1.893802
-1.820142
-1.724689
-1.651365
-1.660903
-1.630187
-1.565443
-1.446943
-1.266757
-1.065199
-0.887999
-0.892201
-1.046228
-1.191272
-1.277512
-1.338521
-1.481233
-1.659289
-1.832014
-1.981784
-1.938260
-1.873432
-1.772401
-1.682199
-1.706662
-1.678175
-1.609711
-1.494135
-1.332412
-1.134957
-0.933669
-0.888897
-1.054985
-1.230534
-1.285581
-1.323752
-1.393567
-1.573603
-1.749780
-1.903105
-1.855318
-1.801271
-1.712747
-1.627600
-1.660202
-1.646142
-1.592296
-1.487607
-1.336081
-1.143698
-0.942489
-0.889316
-1.050919
-1.186980
-1.268997
-1.332174
-1.503192
-1.681310
-1.854063
-2.002588
-1.961132
-1.897666
-1.810159
-1.718792
-1.740797
-1.718900
-1.664761
-1.565184
-1.410542
-1.213144
-1.011787
-0.888170
-1.049113
-1.200810
-1.284191
-1.345805
-1.443982
-1.624621
-1.799618
-1.961808
-1.919573
-1.851209
-1.772021
-1.690630
-1.721049
-1.703138
-1.649805
-1.549379
-1.405145
-1.220800
-1.019549
-0.888136
-1.050873
-1.186189
-1.266279
-1.324987
-1.441526
-1.621822
-1.797959
-1.954787
-1.912083
-1.847200
-1.775616
-1.703557
-1.733220
-1.717062
-1.667976
-1.573637
-1.415191
-1.214839
-1.013475
-0.888141
-1.041862
-1.170378
-1.276037
-1.356860
-1.469003
-1.653220
-1.827919
-1.988394
-1.947102
-1.880216
-1.800336
-1.664108
-1.702677
-1.690107
-1.639720
-1.535677
-1.385270
-1.196898
-0.995804
-0.888360
-1.007038
-1.146069
-1.246662
-1.324921
-1.516641
-1.697010
-1.869370
-2.025443
-1.999388
-2.016960
-1.936746
-1.880611
-1.870500
-1.816850
-1.726928
-1.576159
-1.375217
-1.173630
-0.972407
-0.889316
-1.006791
-1.168180
-1.302771
-1.404754
-1.483049
-1.662271
-1.833092
-1.997218
-1.979699
-1.914852
-1.830229
-1.758253
-1.789698
-1.764200
-1.711239
-1.613919
-1.453761
-1.252346
-1.051020
-0.888002
-1.007089
-1.150503
-1.269557
-1.360445
-1.475262
-1.661215
-1.835975
-1.996229
-1.951324
-1.884545
-1.803508
-1.670061
-1.707601
-1.686637
-1.632454
-1.530629
-1.385478
-1.202910
-1.001793
-0.888184
-1.011009
-1.131834
-1.229613
-1.312913
-1.496081
-1.681725
-1.855642
-2.006893
-1.963346
-1.899475
-1.819273
-1.746462
-1.767074
-1.737709
-1.684053
-1.585245
-1.413895
-1.212120
-1.010707
-0.888149
-1.005664
-1.148794
-1.267678
-1.359580
-1.426750
-1.610874
-1.786273
-1.954388
-1.952708
-1.897605
-1.823435
-1.748681
-1.777468
-1.756118
-1.709353
-1.620205
-1.473124
-1.274955
-1.073534
-0.888000
-1.007135
-1.141959
-1.254866
-1.339354
-1.387406
-1.575600
-1.754240
-1.921636
-1.890034
-1.831900
-1.763632
-1.655712
-1.655626
-1.640058
-1.589804
-1.488587
-1.342909
-1.157915
-0.956673
-0.889000
-1.014155
-1.168247
-1.244056
-1.302023
-1.427264
-1.609389
-1.786909
-1.935360
-1.940711
-1.879376
-1.785062
-1.670431
-1.705214
-1.680460
-1.629033
-1.533168
-1.368589
-1.166941
-0.965397
-0.888004
-0.970010
-1.116119
-1.235384
-1.322437
-1.378114
-1.508093
-1.686179
-1.866521
-1.904131
-1.845658
-1.763447
-1.648487
-1.705871
-1.689176
-1.644936
-1.558776
-1.407432
-1.205779
-1.004215
-0.888003
-0.968510
-1.114184
-1.234605
-1.324810
-1.376754
-1.537762
-1.717736
-1.888027
-1.899181
-1.842270
-1.772714
-1.654818
-1.692104
-1.673701
-1.628007
-1.540872
-1.385869
-1.184172
-0.982636
-0.888153
-0.968398
-1.116885
-1.238192
-1.333199
-1.398569
-1.571258
-1.748034
-1.921193
-1.941639
-1.889697
-1.825725
-1.713071
-1.769140
-1.757254
-1.716504
-1.634093
-1.494238
-1.296307
-1.094801
-0.893565
-0.968859
-1.129896
-1.248641
-1.338367
-1.393292
-1.574096
-1.752882
-1.918546
-1.915615
-1.858867
-1.794383
-1.700099
-1.684466
-1.669849
-1.626733
-1.538573
-1.378057
-1.176514
-0.975093
-0.888379
-0.967918
-1.121489
-1.252163
-1.357611
-1.431446
-1.611414
-1.785496
-1.955944
-2.006704
-1.963610
-1.894910
-1.807140
-1.848237
-1.830383
-1.789235
-1.708233
-1.573648
-1.379983
-1.178535
-0.977307
-0.967964
-1.129982
-1.254231
-1.350775
-1.413867
-1.598204
-1.775911
-1.938970
-1.963376
-1.910586
-1.838763
-1.734184
-1.734657
-1.715070
-1.663865
-1.573871
-1.420319
-1.218665
-1.017141
-0.888036
-0.969163
-1.119222
-1.238457
-1.331591
-1.389238
-1.555801
-1.734142
-1.898063
-1.925741
-1.872595
-1.805958
-1.708773
-1.719709
-1.710153
-1.669837
-1.586998
-1.439330
-1.237835
-1.036299
-0.888002
-0.933452
-1.093430
-1.221624
-1.322021
-1.386470
-1.557585
-1.736452
-1.904087
-1.954462
-1.910148
-1.849503
-1.731539
-1.790152
-1.775526
-1.732385
-1.652895
-1.514694
-1.317247
-1.115710
-0.914460
-0.931363
-1.100317
-1.229264
-1.327514
-1.390467
-1.562529
-1.741173
-1.906914
-1.955479
-1.902764
-1.832558
-1.726045
-1.723660
-1.707673
-1.663044
-1.580095
-1.432872
-1.231237
-1.029693
-0.888117
-0.933666
-1.089960
-1.220316
-1.324304
-1.391498
-1.572855
-1.751612
-1.913391
-1.976962
-1.922522
-1.846436
-1.737305
-1.700280
-1.691452
-1.651027
-1.571662
-1.424891
-1.223241
-1.021641
-0.888003
-0.933043
-1.101470
-1.227320
-1.325311
-1.388600
-1.533434
-1.711383
-1.880898
-1.934201
-1.885873
-1.826021
-1.743082
-1.742390
-1.742791
-1.708842
-1.636138
-1.507596
-1.316850
-1.115332
-0.914144
-0.930861
-1.105047
-1.228265
-1.327542
-1.395355
-1.584092
-1.761976
-1.927526
-1.988468
-1.940617
-1.873212
-1.772807
-1.743663
-1.736088
-1.697844
-1.619963
-1.481425
-1.282645
-1.081086
-0.887998
-0.931078
-1.100840
-1.226532
-1.326904
-1.393485
-1.550398
-1.728732
-1.896170
-1.965443
-1.916499
-1.848122
-1.751595
-1.727350
-1.721342
-1.684196
-1.607286
-1.470067
-1.272168
-1.070601
-0.888000
-0.931947
-1.103006
-1.225289
-1.322349
-1.386766
-1.536124
-1.714933
-1.883168
-1.961691
-1.912997
-1.842389
-1.742593
-1.712564
-1.704401
-1.666040
-1.591334
-1.452677
-1.253261
-1.051663
-0.888002
-0.892681
-1.073613
-1.206977
-1.311060
-1.379570
-1.530657
-1.709396
-1.878141
-1.970913
-1.921253
-1.849749
-1.748129
-1.711690
-1.714772
-1.683859
-1.610965
-1.489014
-1.307576
-1.106040
-0.904868
-0.890390
-1.075253
-1.200539
-1.300840
-1.371024
-1.557090
-1.739642
-1.906999
-1.991439
-1.938013
-1.860278
-1.747178
-1.685945
-1.686613
-1.660619
-1.573389
-1.411274
-1.209287
-1.007459
-0.888002
-0.892301
-1.067873
-1.226754
-1.355889
-1.444226
-1.488130
-1.663139
-1.836788
-1.977653
-1.939041
-1.869773
-1.780254
-1.736749
-1.746581
-1.721855
-1.647843
-1.527207
-1.347573
-1.146086
-0.944900
-0.889454
-1.075170
-1.203371
-1.308103
-1.383790
-1.573865
-1.751590
-1.916417
-2.022467
-1.977929
-1.907482
-1.770430
-1.749868
-1.745923
-1.712003
-1.639650
-1.516593
-1.332292
-1.130711
-0.929527
-0.889423
-1.075720
-1.202435
-1.303702
-1.374806
-1.549100
-1.730928
-1.897637
-1.993345
-1.939330
-1.862582
-1.759013
-1.684054
-1.683855
-1.652622
-1.568314
-1.415295
-1.213472
-1.011732
-0.888003
-0.893368
-1.074266
-1.215061
-1.328752
-1.407347
-1.479603
-1.656970
-1.829023
-1.975435
-1.933368
-1.860981
-1.765425
-1.697671
-1.712406
-1.688085
-1.623855
-1.508825
-1.339947
-1.139784
-0.938667
-0.889282
-1.079937
-1.195598
-1.292426
-1.365736
-1.555199
-1.732393
-1.900396
-2.032226
-1.994421
-1.924533
-1.822971
-1.760548
-1.765985
-1.740197
-1.670622
-1.551852
-1.379601
-1.178279
-0.977007
-0.888477
-1.046211
-1.184685
-1.279776
-1.346684
-1.469969
-1.648602
-1.823864
-1.969042
-1.926532
-1.854984
-1.758910
-1.684505
-1.702094
-1.672772
-1.606973
-1.492379
-1.326250
-1.126678
-0.925501
-0.889294
-1.044689
-1.153515
-1.250535
-1.322139
-1.505050
-1.685924
-1.858734
-2.003449
-1.971153
-1.936297
-1.856718
-1.813511
-1.830844
-1.807633
-1.751950
-1.647275
-1.500231
-1.316750
-1.116014
-0.915168
-1.039221
-1.155134
-1.272908
-1.409887
-1.593947
-1.770829
-1.933128
-2.090631
-2.055062
-1.976225
-1.862811
-1.767295
-1.772574
-1.740510
-1.657391
-1.499300
-1.297923
-1.095958
-0.894597
-0.889363
-1.032738
-1.203814
-1.347944
-1.453126
-1.507764
-1.645666
-1.811184
-1.977992
-1.943374
-1.875177
-1.798310
-1.767400
-1.785195
-1.755160
-1.694773
-1.591276
-1.443565
-1.258105
-1.057046
-0.888000
-1.030574
-1.167592
-1.284290
-1.402420
-1.583963
-1.759289
-1.920990
-2.072046
-2.025920
-1.940973
-1.826882
-1.672681
-1.693903
-1.666620
-1.609233
-1.505126
-1.336413
-1.134906
-0.933588
-0.889016
-1.044010
-1.168853
-1.271075
-1.347489
-1.471545
-1.654065
-1.828949
-1.985533
-1.941407
-1.867380
-1.772506
-1.666575
-1.701326
-1.685183
-1.632359
-1.530724
-1.388909
-1.210855
-1.010864
-0.888210
-1.046073
-1.171802
-1.262689
-1.335126
-1.526386
-1.706111
-1.878033
-2.033540
-2.006161
-1.986709
-1.907732
-1.866058
-1.880767
-1.853256
-1.795380
-1.694265
-1.554863
-1.379524
-1.180886
-0.979932
-1.085722
-1.187329
-1.292216
-1.400937
-1.590052
-1.769171
-1.932742
-2.079603
-2.040458
-1.963942
-1.850806
-1.745622
-1.765067
-1.734875
-1.671618
-1.560537
-1.409889
-1.223197
-1.021904
-0.888177
-1.011899
-1.192702
-1.268008
-1.324178
-1.402038
-1.584586
-1.763415
-1.938036
-1.916723
-1.856359
-1.775325
-1.698510
-1.730457
-1.708223
-1.658452
-1.563594
-1.403979
-1.202445
-1.001070
-0.888163
-1.006963
-1.144334
-1.256232
-1.340528
-1.415712
-1.597437
-1.775387
-1.953232
-1.940964
-1.885986
-1.813958
-1.746991
-1.774364
-1.752424
-1.698643
-1.603160
-1.443269
-1.241659
-1.040224
-0.888004
-1.007222
-1.143719
-1.254923
-1.336931
-1.388836
-1.562012
-1.740270
-1.918929
-1.903942
-1.844236
-1.774449
-1.680690
-1.717338
-1.694110
-1.644470
-1.548038
-1.379108
-1.177311
-0.975832
-0.888147
-1.006201
-1.147457
-1.263386
-1.349481
-1.394462
-1.571976
-1.750587
-1.918121
-1.877098
-1.807519
-1.722814
-1.592195
-1.615366
-1.594860
-1.538767
-1.433972
-1.281488
-1.088318
-0.888000
-0.890243
-1.016818
-1.126611
-1.213916
-1.274317
-1.417447
-1.606300
-1.784662
-1.932146
-1.899206
-1.830813
-1.742680
-1.634627
-1.658698
-1.631093
-1.579781
-1.483565
-1.314730
-1.112839
-0.911318
-0.888276
-1.007711
-1.136617
-1.242151
-1.319762
-1.368936
-1.540943
-1.718447
-1.893399
-1.902179
-1.840091
-1.761847
-1.651854
-1.703328
-1.695896
-1.656518
-1.571771
-1.425748
-1.227660
-1.026173
-0.888003
-1.008721
-1.159656
-1.266026
-1.346898
-1.397346
-1.584222
-1.760682
-1.929238
-1.920905
-1.870246
-1.809022
-1.712128
-1.767402
-1.747851
-1.696536
-1.601337
-1.435379
-1.233760
-1.032236
-0.888047
-0.968428
-1.126131
-1.257369
-1.359632
-1.427549
-1.595870
-1.769925
-1.939490
-1.963952
-1.907111
-1.830631
-1.723132
-1.756887
-1.730877
-1.679346
-1.587172
-1.429742
-1.228076
-1.026561
-0.888070
-0.968703
-1.119957
-1.245556
-1.338769
-1.391342
-1.561719
-1.740454
-1.905527
-1.899158
-1.829710
-1.743166
-1.614827
-1.619015
-1.598909
-1.547105
-1.453011
-1.288976
-1.087400
-0.888001
-0.888169
-0.970743
-1.114138
-1.230232
-1.318321
-1.371215
-1.538747
-1.716933
-1.888241
-1.917048
-1.867879
-1.804498
-1.721974
-1.768551
-1.754208
-1.709112
-1.625810
-1.480572
-1.279251
-1.077717
-0.887999
-0.968466
-1.119710
-1.245024
-1.339444
-1.396805
-1.572028
-1.750497
-1.914739
-1.918472
-1.850993
-1.765943
-1.640139
-1.620697
-1.601797
-1.551456
-1.458098
-1.295268
-1.093727
-0.892209
-0.888112
-0.970501
-1.111899
-1.226070
-1.314538
-1.376100
-1.531401
-1.708460
-1.885709
-1.940409
-1.890750
-1.817874
-1.714377
-1.773158
-1.763751
-1.727436
-1.649504
-1.518260
-1.327211
-1.125715
-0.924480
-0.968085
-1.134321
-1.249775
-1.338840
-1.397097
-1.583340
-1.761762
-1.927647
-1.953709
-1.892151
-1.805118
-1.673667
-1.661855
-1.644287
-1.598382
-1.510323
-1.357413
-1.155786
-0.954230
-0.888055
-0.970369
-1.132689
-1.241063
-1.324359
-1.378555
-1.540780
-1.718548
-1.885012
-1.940744
-1.890422
-1.820595
-1.699500
-1.761565
-1.750282
-1.708640
-1.628427
-1.491100
-1.295040
-1.093516
-0.892311
-0.931843
-1.105629
-1.229910
-1.324836
-1.386400
-1.572042
-1.751634
-1.916837
-1.958560
-1.898412
-1.815830
-1.698636
-1.680194
-1.666983
-1.622461
-1.538183
-1.395137
-1.195647
-0.994073
-0.888014
-0.934274
-1.110550
-1.224302
-1.310032
-1.363974
-1.550691
-1.729191
-1.893655
-1.937231
-1.877243
-1.803597
-1.702541
-1.677430
-1.674794
-1.641276
-1.567084
-1.434780
-1.240223
-1.038667
-0.888004
-0.933151
-1.112538
-1.226356
-1.316816
-1.377343
-1.567297
-1.744899
-1.909563
-1.964905
-1.914597
-1.847878
-1.742088
-1.738214
-1.737052
-1.699730
-1.623662
-1.486140
-1.288580
-1.087022
-0.888001
-0.931310
-1.109327
-1.235238
-1.334732
-1.401928
-1.585509
-1.761902
-1.925542
-1.971863
-1.922363
-1.859024
-1.767206
-1.741565
-1.732078
-1.688837
-1.608415
-1.466669
-1.266992
-1.065447
-0.888000
-0.932385
-1.114310
-1.231449
-1.324957
-1.391621
-1.548166
-1.723822
-1.890452
-1.956629
-1.913906
-1.856450
-1.732549
-1.798780
-1.791941
-1.753829
-1.685006
-1.561123
-1.375640
-1.174127
-0.972881
-0.929669
-1.105752
-1.234099
-1.335969
-1.407436
-1.593667
-1.772581
-1.938420
-1.994697
-1.942850
-1.867429
-1.753488
-1.715214
-1.697056
-1.646674
-1.558680
-1.406072
-1.204466
-1.002872
-0.888002
-0.933823
-1.107973
-1.226191
-1.318227
-1.377410
-1.512907
-1.691680
-1.857808
-1.941770
-1.886437
-1.808762
-1.700184
-1.668647
-1.664996
-1.629034
-1.552372
-1.412428
-1.211614
-1.009964
-0.888002
-0.893256
-1.075521
-1.202768
-1.300547
-1.363599
-1.508488
-1.687299
-1.855466
-1.950975
-1.898701
-1.822867
-1.717747
-1.683161
-1.688615
-1.665962
-1.590848
-1.471457
-1.293281
-1.091781
-0.890567
-0.890637
-1.077083
-1.199417
-1.296903
-1.365682
-1.553395
-1.733057
-1.899942
-1.988121
-1.933591
-1.849430
-1.725012
-1.653219
-1.646663
-1.608555
-1.528903
-1.392375
-1.194785
-0.993128
-0.888002
-0.892998
-1.079818
-1.193251
-1.280046
-1.336307
-1.474057
-1.653735
-1.823378
-1.934145
-1.875466
-1.791877
-1.680457
-1.619943
-1.624264
-1.595279
-1.528218
-1.403180
-1.209633
-1.007972
-0.888005
-0.892105
-1.077399
-1.192943
-1.285094
-1.348910
-1.518926
-1.697235
-1.864288
-1.980813
-1.927851
-1.847907
-1.740019
-1.651193
-1.656152
-1.625398
-1.555752
-1.430626
-1.239334
-1.037688
-0.888002
-0.891096
-1.083846
-1.199723
-1.281977
-1.340422
-1.463366
-1.641719
-1.813392
-1.937949
-1.887989
-1.812086
-1.710854
-1.656041
-1.665226
-1.640417
-1.578794
-1.463764
-1.288262
-1.086712
-0.888001
-0.889954
-1.080430
-1.189148
-1.276557
-1.339521
-1.490270
-1.668517
-1.840036
-1.973255
-1.926524
-1.851062
-1.750302
-1.672772
-1.676978
-1.649491
-1.578799
-1.457620
-1.274129
-1.072488
-0.888000
-0.890087
-1.084318
-1.196662
-1.275967
-1.332005
-1.430775
-1.611192
-1.785200
-1.922526
-1.873086
-1.798137
-1.699312
-1.616020
-1.631987
-1.602522
-1.531550
-1.404603
-1.210040
-1.008415
-0.888003
-0.891157
-1.046586
-1.162929
-1.254267
-1.318036
-1.414633
-1.598323
-1.775686
-1.915092
-1.874581
-1.840347
-1.770350
-1.724673
-1.742975
-1.718368
-1.662939
-1.559665
-1.408719
-1.218412
-1.017394
-0.888211
-1.041493
-1.149561
-1.258454
-1.368459
-1.557264
-1.737471
-1.906950
-2.056706
-2.022884
-1.952665
-1.851324
-1.777446
-1.785715
-1.754906
-1.682834
-1.561818
-1.390382
-1.188939
-0.987568
-0.888559
-1.052943
-1.218401
-1.293947
-1.346431
-1.376358
-1.556149
-1.733905
-1.908434
-1.861082
-1.783653
-1.681975
-1.568045
-1.602801
-1.580459
-1.521713
-1.416363
-1.264530
-1.074695
-0.887997
-0.891597
-1.053332
-1.181891
-1.278543
-1.340637
-1.530416
-1.709232
-1.878598
-2.031355
-2.009709
-1.999856
-1.894295
-1.847676
-1.845075
-1.798396
-1.687915
-1.493778
-1.292159
-1.090399
-0.889198
-0.891089
-1.036116
-1.219630
-1.388993
-1.517996
-1.586576
-1.679797
-1.831773
-1.991454
-1.991633
-1.928179
-1.846919
-1.811894
-1.829405
-1.800016
-1.740857
-1.639969
-1.499543
-1.325853
-1.129508
-0.928585
-1.026060
-1.159311
-1.283840
-1.438518
-1.620354
-1.794945
-1.949057
-2.095393
-2.063614
-1.992413
-1.885085
-1.792673
-1.800488
-1.766643
-1.690625
-1.556564
-1.356405
-1.154729
-0.953417
-0.889833
-1.039891
-1.190774
-1.316401
-1.413521
-1.525498
-1.701854
-1.869099
-2.025804
-1.988022
-1.917720
-1.821161
-1.758327
-1.776516
-1.751730
-1.694480
-1.592039
-1.448987
-1.270904
-1.070750
-0.887998
-1.009918
-1.143348
-1.261775
-1.381713
-1.568721
-1.748843
-1.916425
-2.067508
-2.026231
-1.950962
-1.845858
-1.761176
-1.772926
-1.737765
-1.676286
-1.572376
-1.402393
-1.200704
-0.999314
-0.888182
-1.007251
-1.144742
-1.256151
-1.338832
-1.428904
-1.614850
-1.790773
-1.954989
-1.923802
-1.869705
-1.807316
-1.733283
-1.764103
-1.747899
-1.708964
-1.626536
-1.483015
-1.286028
-1.084847
-0.887998
-1.000311
-1.147429
-1.273910
-1.375209
-1.547568
-1.729881
-1.901296
-2.053061
-2.028342
-1.971146
-1.886217
-1.789585
-1.805994
-1.771038
-1.703649
-1.593259
-1.426623
-1.225108
-1.023826
-0.888200
-1.007769
-1.164404
-1.263011
-1.333498
-1.379548
-1.558684
-1.735356
-1.908618
-1.881984
-1.830949
-1.768121
-1.720948
-1.764331
-1.753114
-1.700270
-1.599529
-1.450527
-1.259494
-1.058212
-0.888000
-1.008820
-1.168876
-1.270697
-1.350593
-1.520967
-1.705935
-1.878292
-2.028137
-1.980798
-1.912996
-1.828643
-1.708352
-1.731696
-1.703243
-1.648362
-1.548425
-1.377686
-1.175924
-0.974485
-0.888157
-1.007705
-1.143375
-1.253728
-1.336551
-1.388532
-1.564961
-1.742534
-1.911551
-1.910760
-1.850918
-1.774060
-1.687175
-1.729068
-1.713058
-1.669960
-1.583643
-1.440552
-1.244985
-1.043554
-0.888003
-1.008175
-1.139637
-1.249834
-1.333381
-1.400032
-1.587960
-1.766918
-1.935971
-1.908110
-1.854510
-1.787962
-1.668756
-1.709911
-1.690785
-1.642612
-1.547258
-1.380807
-1.179049
-0.977592
-0.888161
-0.970699
-1.121108
-1.242936
-1.337228
-1.393369
-1.581492
-1.759359
-1.927433
-1.925876
-1.874894
-1.814005
-1.736896
-1.777197
-1.755834
-1.709596
-1.621714
-1.465662
-1.263991
-1.062500
-0.888002
-0.967650
-1.125545
-1.256629
-1.357716
-1.417407
-1.599380
-1.776526
-1.938637
-1.925072
-1.868943
-1.804731
-1.683011
-1.719866
-1.699668
-1.647532
-1.553160
-1.389770
-1.188139
-0.986620
-0.888040
-0.969651
-1.122443
-1.247005
-1.341530
-1.395693
-1.574884
-1.752200
-1.916985
-1.902168
-1.847411
-1.789331
-1.690649
-1.747391
-1.731469
-1.688483
-1.605224
-1.456515
-1.254929
-1.053475
-0.888000
-0.967389
-1.122902
-1.253690
-1.358918
-1.462227
-1.649322
-1.825645
-1.982483
-1.978348
-1.926106
-1.860025
-1.719598
-1.758642
-1.737609
-1.690009
-1.600434
-1.446735
-1.245113
-1.043611
-0.888005
-0.968659
-1.121059
-1.245530
-1.339831
-1.395208
-1.573060
-1.751381
-1.916250
-1.898508
-1.841195
-1.782826
-1.695743
-1.699110
-1.691691
-1.656624
-1.575572
-1.423975
-1.222480
-1.021045
-0.888107
-0.967367
-1.123690
-1.257381
-1.366663
-1.452489
-1.638537
-1.814514
-1.978055
-2.009213
-1.965562
-1.898187
-1.772879
-1.814094
-1.790100
-1.740381
-1.640080
-1.460850
-1.259043
-1.057501
-0.888000
-0.964601
-1.135336
-1.286476
-1.409708
-1.484923
-1.615791
-1.789183
-1.945312
-1.991162
-1.935502
-1.846850
-1.706607
-1.711832
-1.684928
-1.631902
-1.536141
-1.371286
-1.169706
-0.968217
-0.888060
-0.969318
-1.120442
-1.243933
-1.340755
-1.398612
-1.556353
-1.734908
-1.899918
-1.928183
-1.875738
-1.804520
-1.694007
-1.716462
-1.700403
-1.655127
-1.569303
-1.417579
-1.216012
-1.014436
-0.888002
-0.933478
-1.090599
-1.220955
-1.321532
-1.382453
-1.532440
-1.713035
-1.881543
-1.925263
-1.875358
-1.810895
-1.680298
-1.730983
-1.710046
-1.661086
-1.574740
-1.419886
-1.218199
-1.016639
-0.888072
-0.933757
-1.094091
-1.229125
-1.335373
-1.401832
-1.560237
-1.738778
-1.903001
-1.953969
-1.902099
-1.831807
-1.693474
-1.715811
-1.697069
-1.651135
-1.568351
-1.420770
-1.219182
-1.017598
-0.888002
-0.933202
-1.094163
-1.221377
-1.318441
-1.379018
-1.539337
-1.718289
-1.886001
-1.930310
-1.877223
-1.812254
-1.718123
-1.703302
-1.700396
-1.664993
-1.590780
-1.457772
-1.262468
-1.060918
-0.888001
-0.932491
-1.101235
-1.224068
-1.321668
-1.386495
-1.573852
-1.752082
-1.916312
-1.961481
-1.912180
-1.847631
-1.733415
-1.737283
-1.731148
-1.694924
-1.619859
-1.488733
-1.296323
-1.094800
-0.893594
-0.930943
-1.103415
-1.227479
-1.325890
-1.392366
-1.575369
-1.755610
-1.921585
-1.960171
-1.904212
-1.830223
-1.718125
-1.682613
-1.671578
-1.626757
-1.546115
-1.402893
-1.201949
-1.000361
-0.888002
-0.933259
-1.108255
-1.223319
-1.311521
-1.368131
-1.516719
-1.695850
-1.864551
-1.941816
-1.889428
-1.816561
-1.711910
-1.687862
-1.684349
-1.651911
-1.580076
-1.447739
-1.251665
-1.050045
-0.888003
-0.932397
-1.103366
-1.222294
-1.316190
-1.379310
-1.550827
-1.731652
-1.896991
-1.974735
-1.915648
-1.832715
-1.713593
-1.650929
-1.645833
-1.609950
-1.519627
-1.357287
-1.155424
-0.953660
-0.888002
-0.894313
-1.067878
-1.212953
-1.328830
-1.404233
-1.441443
-1.618762
-1.795080
-1.932840
-1.888887
-1.812535
-1.705711
-1.673118
-1.678082
-1.646055
-1.572097
-1.444081
-1.253349
-1.051768
-0.888001
-0.891090
-1.079628
-1.196998
-1.288493
-1.350255
-1.505257
-1.683875
-1.855494
-1.960788
-1.912714
-1.839282
-1.734027
-1.680744
-1.679525
-1.646298
-1.568775
-1.434224
-1.236478
-1.034843
-0.888002
-0.891619
-1.077150
-1.197237
-1.292954
-1.358461
-1.490879
-1.670264
-1.841101
-1.957325
-1.910502
-1.836730
-1.733385
-1.693322
-1.698064
-1.672972
-1.595940
-1.465999
-1.270698
-1.069046
-0.887996
-0.890127
-1.078632
-1.198736
-1.292596
-1.356333
-1.450504
-1.629665
-1.804557
-1.938223
-1.892920
-1.819527
-1.720808
-1.653067
-1.659564
-1.629254
-1.555493
-1.419822
-1.220624
-1.018956
-0.888002
-0.890499
-1.076478
-1.196116
-1.290804
-1.357857
-1.442394
-1.621038
-1.799447
-1.930439
-1.889971
-1.843558
-1.758738
-1.738412
-1.750709
-1.731908
-1.678619
-1.575482
-1.422963
-1.228953
-1.027701
-0.888175
-1.073159
-1.197270
-1.298653
-1.375940
-1.563653
-1.743288
-1.910631
-2.047879
-1.999579
-1.909882
-1.785997
-1.665851
-1.667601
-1.631491
-1.561001
-1.443298
-1.278069
-1.078182
-0.887995
-0.888848
-1.091794
-1.221024
-1.277038
-1.314869
-1.381200
-1.562434
-1.740131
-1.876258
-1.826112
-1.757666
-1.670044
-1.600133
-1.633368
-1.613808
-1.547602
-1.431381
-1.253102
-1.051808
-0.888000
-0.892033
-1.036784
-1.164191
-1.263717
-1.338070
-1.528997
-1.708714
-1.880381
-2.021484
-1.995531
-1.969705
-1.873304
-1.861634
-1.856722
-1.815493
-1.731636
-1.605048
-1.441758
-1.245662
-1.044652
-0.888005
-1.050798
-1.222003
-1.301669
-1.358398
-1.495990
-1.677843
-1.848839
-1.996725
-1.957677
-1.889288
-1.796170
-1.746053
-1.751190
-1.720587
-1.654870
-1.532748
-1.343406
-1.141878
-0.940894
-0.889395
-1.041149
-1.171197
-1.284731
-1.369202
-1.530249
-1.710469
-1.880252
-2.034268
-2.000830
-1.938364
-1.846064
-1.776286
-1.779528
-1.748562
-1.675993
-1.546233
-1.349928
-1.148246
-0.946950
-0.889166
-1.043180
-1.172271
-1.275810
-1.348813
-1.388758
-1.569084
-1.745854
-1.911387
-1.867500
-1.796216
-1.698706
-1.607630
-1.635575
-1.615310
-1.557103
-1.447303
-1.283901
-1.084610
-0.888000
-0.889779
-1.047720
-1.159299
-1.245124
-1.309988
-1.456742
-1.637914
-1.813764
-1.968600
-1.942684
-1.896599
-1.820306
-1.795739
-1.822188
-1.806331
-1.750936
-1.646275
-1.498720
-1.311193
-1.109910
-0.908918
-1.051393
-1.196612
-1.284738
-1.352272
-1.478330
-1.660295
-1.833107
-1.997119
-1.963886
-1.902130
-1.823734
-1.753973
-1.769945
-1.748678
-1.692441
-1.589273
-1.444483
-1.261049
-1.060110
-0.887999
-1.047910
-1.160387
-1.259405
-1.330151
-1.509876
-1.694402
-1.864928
-2.012896
-1.967079
-1.891952
-1.787167
-1.692202
-1.706477
-1.669886
-1.607531
-1.498807
-1.318919
-1.117108
-0.915647
-0.888165
-1.007272
-1.143779
-1.253757
-1.330917
-1.374599
-1.545300
-1.722632
-1.897231
-1.868723
-1.830315
-1.783139
-1.743508
-1.776892
-1.758359
-1.712004
-1.620613
-1.483224
-1.307631
-1.108120
-0.907209
-1.004109
-1.110456
-1.230319
-1.306778
-1.485365
-1.663452
-1.836195
-1.994193
-1.949268
-1.881705
-1.795295
-1.653371
-1.676302
-1.645248
-1.570085
-1.415798
-1.217431
-1.015242
-0.887999
-0.889254
-0.999363
-1.175269
-1.335371
-1.458036
-1.524761
-1.645469
-1.808254
-1.968803
-1.945595
-1.879201
-1.800726
-1.737647
-1.773914
-1.749012
-1.694317
-1.599975
-1.441304
-1.239865
-1.038530
-0.888128
-1.006198
-1.152524
-1.274045
-1.368880
-1.511601
-1.694650
-1.868237
-2.023206
-1.977214
-1.909177
-1.823171
-1.681064
-1.705827
-1.676223
-1.619252
-1.518228
-1.346079
-1.144290
-0.942858
-0.888399
-1.007070
-1.146043
-1.258711
-1.342266
-1.393637
-1.575884
-1.753118
-1.924541
-1.885366
-1.829539
-1.766241
-1.693231
-1.735993
-1.720341
-1.676820
-1.590939
-1.443161
-1.244773
-1.043359
-0.888002
-1.009010
-1.143046
-1.255100
-1.340937
-1.428807
-1.615477
-1.793388
-1.960246
-1.922718
-1.869487
-1.804009
-1.702517
-1.746913
-1.729874
-1.682515
-1.585633
-1.448993
-1.274315
-1.074155
-0.887997
-1.010429
-1.192150
-1.273460
-1.336465
-1.466390
-1.653812
-1.830074
-1.982709
-1.937944
-1.869684
-1.786095
-1.663295
-1.698766
-1.679014
-1.630677
-1.538636
-1.374342
-1.172580
-0.971132
-0.888113
-0.970196
-1.118618
-1.239045
-1.333111
-1.397826
-1.579968
-1.756736
-1.931588
-1.959541
-1.909894
-1.838572
-1.740165
-1.785967
-1.768533
-1.725018
-1.637847
-1.492100
-1.291961
-1.090439
-0.889189
-0.969602
-1.138972
-1.255110
-1.340052
-1.391209
-1.521023
-1.699667
-1.881447
-1.900128
-1.851156
-1.794996
-1.734224
-1.791277
-1.774105
-1.728199
-1.644880
-1.497252
-1.295726
-1.094427
-0.893508
-0.963622
-1.126184
-1.265015
-1.378884
-1.504625
-1.687738
-1.863285
-2.018191
-2.068086
-2.016658
-1.924249
-1.746280
-1.770635
-1.736730
-1.671613
-1.556763
-1.369513
-1.167627
-0.966100
-0.888729
-0.967675
-1.135253
-1.275907
-1.387076
-1.459554
-1.557367
-1.730632
-1.903277
-1.956183
-1.902395
-1.821345
-1.701129
-1.741728
-1.727986
-1.688041
-1.604978
-1.463129
-1.264285
-1.062791
-0.888001
-0.970282
-1.121029
-1.240420
-1.332921
-1.391610
-1.573889
-1.753224
-1.921387
-1.927797
-1.876537
-1.810004
-1.705105
-1.723468
-1.705350
-1.657569
-1.567915
-1.413492
-1.211921
-1.010404
-0.888003
-0.969375
-1.117290
-1.236885
-1.330402
-1.387030
-1.553144
-1.731692
-1.899554
-1.931136
-1.880151
-1.811420
-1.689577
-1.747730
-1.735471
-1.698978
-1.621073
-1.485399
-1.288973
-1.087467
-0.888002
-0.968316
-1.114703
-1.237385
-1.333133
-1.395306
-1.583462
-1.762425
-1.927785
-1.951754
-1.900875
-1.833776
-1.724660
-1.723364
-1.710893
-1.671327
-1.589277
-1.445777
-1.245469
-1.043944
-0.888002
-0.933194
-1.101753
-1.227890
-1.326664
-1.391625
-1.566613
-1.745421
-1.911906
-1.942755
-1.899147
-1.845183
-1.746317
-1.812322
-1.808227
-1.767275
-1.682552
-1.509944
-1.307969
-1.106388
-0.905223
-0.930554
-1.104353
-1.273036
-1.412880
-1.507260
-1.647462
-1.820649
-1.978298
-2.039938
-1.981987
-1.888776
-1.755518
-1.710031
-1.678530
-1.614866
-1.493511
-1.299358
-1.097208
-0.895608
-0.888806
-0.936352
-1.108496
-1.278109
-1.418988
-1.508498
-1.623271
-1.794763
-1.945181
-2.044854
-1.994543
-1.908921
-1.760909
-1.766570
-1.747901
-1.700783
-1.616290
-1.471586
-1.271488
-1.070017
-0.888001
-0.932440
-1.092890
-1.228538
-1.337750
-1.411353
-1.600405
-1.777518
-1.941740
-1.982818
-1.934330
-1.872560
-1.783782
-1.763155
-1.756856
-1.718222
-1.642103
-1.506280
-1.309253
-1.107731
-0.906526
-0.931142
-1.105882
-1.231617
-1.332698
-1.401898
-1.573277
-1.751318
-1.917305
-1.974141
-1.934061
-1.877721
-1.768283
-1.830808
-1.823241
-1.785770
-1.710647
-1.584471
-1.398682
-1.197241
-0.996060
-0.929645
-1.094452
-1.228007
-1.336033
-1.418528
-1.604397
-1.784291
-1.950213
-2.007169
-1.955214
-1.873993
-1.724164
-1.708126
-1.686080
-1.635423
-1.548190
-1.398286
-1.196642
-0.995072
-0.888051
-0.933822
-1.101985
-1.223174
-1.315887
-1.374441
-1.523775
-1.705006
-1.872420
-1.938542
-1.871923
-1.784087
-1.658225
-1.589971
-1.583714
-1.545485
-1.468779
-1.334716
-1.139406
-0.937926
-0.888026
-0.933892
-1.119818
-1.209880
-1.282622
-1.331555
-1.505917
-1.685603
-1.851640
-1.949000
-1.898313
-1.822295
-1.714225
-1.692865
-1.692061
-1.659796
-1.581948
-1.454749
-1.264520
-1.062926
-0.888000
-0.890251
-1.081303
-1.191928
-1.278188
-1.338083
-1.476148
-1.654707
-1.830832
-1.942009
-1.896175
-1.838275
-1.732353
-1.728801
-1.731906
-1.707927
-1.646374
-1.536911
-1.378975
-1.182499
-0.981339
-0.888596
-1.071931
-1.196245
-1.296874
-1.391893
-1.579924
-1.762063
-1.927864
-2.057074
-2.010014
-1.922396
-1.772299
-1.728875
-1.711110
-1.662228
-1.571883
-1.416134
-1.214337
-1.012647
-0.888002
-0.894421
-1.077104
-1.205046
-1.301702
-1.362080
-1.384454
-1.560948
-1.738210
-1.885645
-1.829757
-1.748634
-1.650389
-1.562336
-1.585928
-1.565452
-1.498343
-1.383264
-1.214512
-1.014306
-0.888004
-0.892001
-1.085765
-1.181454
-1.261010
-1.320748
-1.506910
-1.687579
-1.860708
-1.977338
-1.945808
-1.919100
-1.773190
-1.848114
-1.853522
-1.826352
-1.765079
-1.659930
-1.516647
-1.336612
-1.135766
-0.934754
-1.119036
-1.232453
-1.325727
-1.396760
-1.584357
-1.763234
-1.928048
-2.058067
-2.010003
-1.924522
-1.814810
-1.726941
-1.732649
-1.702644
-1.635836
-1.519262
-1.352752
-1.153025
-0.951885
-0.889125
-1.078015
-1.196803
-1.294489
-1.367031
-1.558008
-1.736384
-1.903877
-2.039247
-1.993960
-1.915257
-1.810571
-1.724265
-1.729925
-1.703922
-1.641397
-1.528776
-1.365401
-1.166436
-0.965255
-0.888593
-1.083421
-1.215153
-1.302451
-1.368894
-1.557849
-1.735089
-1.900495
-2.038579
-1.993749
-1.915428
-1.810694
-1.712657
-1.726076
-1.696371
-1.631339
-1.518170
-1.358027
-1.160669
-0.959445
-0.888598
-1.049350
-1.189214
-1.271312
-1.331210
-1.485947
-1.663776
-1.837376
-1.983601
-1.941876
-1.871910
-1.780938
-1.712126
-1.728175
-1.702369
-1.639817
-1.524970
-1.355495
-1.154734
-0.953465
-0.888877
-1.045593
-1.179795
-1.272135
-1.338783
-1.466680
-1.645599
-1.820648
-1.972801
-1.932427
-1.863953
-1.776509
-1.707549
-1.722198
-1.697397
-1.636900
-1.524591
-1.359402
