-1.876129
-1.907972
-1.902397
-1.889532
-1.869203
-1.842586
-1.809607
-1.769267
-1.717959
-1.653670
-1.574269
-1.479172
-1.366882
-1.233638
-1.073026
-0.887998
-0.888000
-0.888000
-0.888000
-0.888000
-0.888000
-0.888000
-0.888000
-0.888000
-0.888109
-0.893787
-0.911764
-0.888000
-0.894326
-0.916796
-0.888000
-0.888000
-0.888000
-0.888000
-0.888000
-0.888000
-0.888000
-0.888000
-0.888000
-0.891774
-1.080183
-1.221159
-1.337636
-1.421953
-1.479065
-1.516584
-1.533879
-1.525739
-1.485842
-1.410961
-1.299208
-1.153470
-1.015400
-0.887999
-0.887997
-0.907018
-1.072992
-1.221187
-1.264490
-1.284357
-1.306886
-1.348067
-1.397594
-1.405506
-1.430340
-1.239097
-1.036614
-0.888000
-0.888000
-0.888000
-0.888000
-0.888000
-0.888000
-0.888000
-0.888000
-0.888000
-0.887998
-0.949833
-1.028979
-1.122300
-1.302976
-1.482503
-1.634645
-1.763362
-1.855344
-1.871390
-1.828789
-1.763810
-1.647776
-1.664885
-1.734827
-1.792308
-1.832419
-1.858504
-1.875256
-1.876296
-1.859944
-1.840648
-1.851498
-1.899268
-1.925483
-1.949692
-1.969232
-1.985467
-1.961922
-1.880698
-1.798751
-1.720139
-1.622200
-1.508657
-1.435469
-1.473939
-1.507589
-1.538843
-1.561867
-1.565873
-1.560995
-1.595762
-1.681820
-1.764757
-1.814110
-1.844773
-1.867337
-1.878114
-1.873748
-1.824909
-1.755832
-1.688007
-1.612497
-1.528932
-1.567311
-1.606943
-1.643389
-1.675006
-1.698110
-1.706877
-1.701290
-1.714874
-1.766066
-1.813087
-1.855147
-1.884737
-1.906719
-1.920600
-1.923507
-1.886675
-1.834525
-1.769924
-1.691491
-1.600774
-1.610556
-1.659428
-1.701401
-1.737566
-1.762655
-1.771988
-1.768408
-1.787712
-1.865268
-1.942846
-1.985656
-2.013672
-2.034062
-2.039968
-2.033099
-1.985907
-1.925768
-1.861261
-1.791872
-1.714775
-1.740666
-1.780827
-1.812952
-1.839174
-1.855597
-1.856513
-1.846112
-1.854405
-1.925287
-1.998709
-2.038206
-2.062451
-2.080189
-2.084871
-2.076722
-2.026941
-1.961961
-1.890052
-1.811550
-1.724509
-1.729151
-1.767204
-1.796494
-1.822808
-1.840893
-1.843405
-1.836943
-1.850853
-1.928527
-2.006751
-2.043344
-2.066757
-2.084333
-2.089626
-2.081310
-2.029788
-1.961511
-1.892454
-1.820230
-1.741515
-1.739908
-1.774042
-1.800131
-1.822857
-1.837489
-1.836727
-1.825133
-1.833531
-1.909297
-1.990289
-2.028818
-2.053182
-2.073930
-2.083341
-2.078253
-2.028514
-1.959572
-1.883751
-1.803085
-1.715499
-1.707072
-1.742550
-1.770190
-1.795453
-1.813020
-1.814754
-1.808244
-1.821766
-1.897340
-1.975902
-2.011477
-2.034199
-2.054217
-2.064089
-2.061458
-2.017719
-1.953162
-1.880298
-1.801691
-1.715856
-1.704299
-1.741602
-1.770565
-1.796718
-1.815038
-1.817443
-1.808831
-1.814479
-1.894185
-1.976381
-2.013140
-2.037425
-2.059678
-2.070222
-2.067815
-2.022477
-1.957992
-1.884660
-1.806900
-1.723113
-1.708429
-1.741809
-1.766638
-1.788570
-1.803107
-1.802000
-1.797060
-1.810383
-1.882150
-1.957278
-1.990669
-2.012486
-2.032336
-2.042797
-2.040952
-1.997833
-1.934493
-1.860918
-1.779994
-1.691557
-1.661006
-1.698602
-1.727758
-1.754811
-1.773821
-1.775722
-1.767563
-1.773705
-1.852623
-1.933333
-1.967922
-1.992716
-2.015043
-2.026259
-2.024831
-1.981723
-1.919439
-1.851005
-1.778885
-1.700615
-1.678467
-1.714224
-1.740759
-1.764892
-1.781355
-1.781420
-1.770874
-1.775310
-1.862551
-1.951221
-1.989581
-2.016326
-2.042467
-2.057377
-2.058869
-2.015679
-1.949049
-1.874500
-1.796758
-1.713786
-1.698149
-1.732411
-1.759192
-1.782822
-1.799403
-1.800209
-1.795189
-1.803255
-1.872971
-1.949927
-1.981837
-2.004155
-2.027272
-2.041223
-2.044055
-2.009813
-1.953261
-1.878809
-1.795222
-1.704427
-1.664845
-1.707369
-1.739550
-1.768439
-1.789482
-1.793918
-1.786711
-1.789807
-1.868449
-1.948702
-1.978022
-1.998102
-2.019575
-2.031860
-2.035220
-2.004626
-1.951858
-1.886147
-1.810159
-1.727246
-1.694852
-1.737135
-1.769655
-1.798948
-1.820868
-1.825933
-1.823247
-1.826522
-1.891906
-1.962527
-1.988446
-2.008479
-2.030622
-2.043965
-2.048762
-2.023908
-1.976954
-1.912119
-1.828750
-1.736339
-1.675400
-1.721783
-1.756469
-1.787060
-1.809624
-1.814728
-1.815003
-1.826298
-1.895984
-1.964298
-1.989945
-2.012029
-2.033559
-2.043214
-2.044497
-2.014656
-1.963437
-1.900246
-1.823732
-1.739415
-1.688836
-1.731458
-1.763659
-1.792202
-1.812847
-1.816099
-1.812629
-1.816399
-1.878525
-1.945975
-1.970970
-1.989440
-2.010505
-2.022864
-2.027392
-2.008162
-1.967239
-1.909196
-1.819660
-1.718502
-1.626835
-1.680655
-1.720847
-1.756179
-1.783040
-1.791471
-1.795359
-1.806524
-1.878448
-1.945389
-1.969354
-1.988274
-2.010346
-2.022552
-2.026376
-2.005940
-1.962937
-1.903748
-1.816853
-1.718942
-1.647624
-1.695089
-1.731751
-1.764714
-1.789590
-1.796932
-1.796551
-1.797669
-1.862770
-1.932083
-1.951049
-1.957494
-1.971151
-1.982034
-1.987878
-1.975435
-1.948700
-1.907057
-1.822618
-1.705937
-1.566825
-1.598950
-1.643463
-1.680619
-1.706976
-1.715996
-1.720059
-1.741029
-1.831231
-1.920292
-1.954014
-1.978276
-2.001746
-2.015148
-2.014313
-1.962347
-1.889984
-1.815337
-1.737038
-1.655953
-1.624531
-1.662938
-1.694680
-1.722127
-1.742392
-1.745734
-1.731909
-1.716201
-1.777550
-1.863261
-1.893549
-1.914901
-1.938391
-1.955726
-1.965329
-1.948232
-1.908201
-1.857811
-1.789023
-1.699528
-1.607197
-1.663086
-1.702422
-1.735049
-1.758724
-1.764928
-1.766710
-1.772974
-1.852460
-1.942049
-1.978102
-2.003580
-2.029236
-2.045546
-2.050493
-2.012522
-1.947672
-1.874398
-1.795817
-1.711960
-1.670391
-1.709062
-1.738467
-1.763661
-1.781624
-1.781991
-1.765027
-1.746596
-1.800835
-1.882604
-1.912472
-1.930265
-1.954050
-1.976202
-1.989857
-1.980760
-1.946160
-1.883971
-1.801225
-1.693979
-1.567571
-1.625418
-1.667133
-1.701897
-1.727063
-1.735052
-1.737895
-1.750401
-1.844149
-1.937860
-1.971048
-1.993693
-2.014736
-2.027319
-2.028617
-1.982063
-1.911821
-1.836370
-1.757285
-1.673481
-1.631527
-1.665356
-1.688968
-1.707604
-1.719173
-1.713709
-1.691719
-1.673423
-1.744332
-1.835768
-1.872419
-1.893255
-1.914678
-1.935956
-1.949037
-1.930300
-1.884332
-1.813012
-1.731334
-1.631374
-1.529677
-1.581054
-1.617810
-1.647720
-1.668847
-1.673286
-1.670149
-1.680049
-1.783227
-1.878545
-1.917573
-1.944579
-1.963937
-1.976173
-1.976387
-1.931009
-1.865545
-1.793204
-1.719135
-1.641080
-1.596982
-1.631409
-1.654725
-1.672870
-1.683128
-1.676510
-1.654737
-1.643590
-1.729065
-1.829323
-1.874075
-1.904687
-1.930139
-1.950735
-1.961123
-1.930803
-1.875314
-1.800004
-1.724673
-1.638481
-1.576391
-1.616496
-1.644196
-1.665580
-1.678869
-1.675613
-1.658376
-1.652373
-1.747403
-1.848250
-1.890838
-1.920263
-1.943062
-1.961295
-1.969713
-1.935630
-1.876261
-1.797307
-1.717723
-1.631246
-1.574396
-1.609631
-1.633109
-1.650647
-1.660214
-1.653319
-1.632183
-1.621133
-1.714179
-1.815806
-1.858814
-1.887383
-1.910241
-1.929739
-1.940905
-1.911773
-1.856420
-1.778690
-1.703965
-1.618651
-1.556280
-1.594558
-1.619873
-1.638353
-1.648370
-1.641946
-1.620728
-1.609482
-1.702087
-1.800522
-1.842194
-1.873544
-1.901560
-1.925051
-1.939332
-1.912464
-1.857030
-1.780964
-1.701459
-1.618214
-1.568379
-1.607649
-1.634575
-1.655813
-1.668945
-1.665086
-1.647527
-1.634454
-1.718956
-1.816755
-1.856637
-1.883495
-1.907475
-1.926670
-1.938774
-1.913193
-1.859655
-1.793102
-1.727554
-1.648051
-1.588414
-1.630806
-1.660387
-1.683150
-1.697387
-1.694501
-1.677362
-1.662831
-1.747674
-1.848319
-1.888215
-1.916567
-1.944163
-1.965122
-1.978200
-1.952427
-1.897323
-1.823892
-1.752240
-1.668985
-1.612888
-1.655305
-1.684969
-1.707767
-1.722068
-1.719121
-1.701178
-1.686339
-1.769127
-1.870207
-1.910400
-1.938123
-1.964214
-1.983396
-1.993148
-1.966502
-1.911967
-1.838635
-1.766041
-1.678789
-1.610305
-1.653361
-1.683626
-1.706494
-1.720442
-1.717104
-1.698395
-1.682228
-1.768859
-1.870778
-1.908817
-1.935787
-1.961646
-1.980395
-1.990914
-1.963855
-1.907126
-1.834465
-1.761572
-1.680800
-1.628629
-1.669461
-1.697682
-1.719025
-1.731758
-1.727041
-1.706715
-1.688077
-1.763732
-1.863871
-1.903547
-1.933120
-1.962523
-1.983548
-1.996060
-1.972885
-1.918523
-1.845967
-1.772552
-1.685935
-1.617734
-1.664120
-1.697416
-1.723141
-1.739761
-1.738854
-1.723570
-1.711634
-1.792764
-1.891973
-1.930349
-1.959308
-1.985405
-2.000412
-2.005804
-1.974435
-1.915895
-1.850234
-1.784998
-1.707079
-1.649202
-1.691223
-1.720219
-1.741830
-1.754351
-1.749155
-1.727464
-1.706193
-1.779049
-1.881258
-1.922477
-1.954991
-1.987061
-2.008067
-2.018006
-1.992471
-1.935927
-1.865273
-1.796211
-1.713382
-1.651079
-1.696297
-1.728696
-1.753500
-1.769034
-1.766926
-1.749063
-1.730433
-1.804105
-1.904929
-1.943829
-1.973333
-2.003162
-2.022559
-2.031173
-2.005048
-1.947367
-1.875558
-1.804505
-1.721764
-1.657420
-1.702328
-1.734379
-1.759204
-1.774850
-1.771941
-1.753741
-1.728267
-1.796754
-1.897273
-1.934269
-1.962912
-1.992087
-2.011342
-2.021078
-1.997586
-1.940432
-1.870746
-1.801663
-1.723989
-1.652255
-1.702471
-1.737871
-1.765578
-1.782587
-1.782821
-1.769156
-1.742734
-1.814857
-1.915263
-1.957158
-1.984168
-2.007632
-2.022010
-2.026193
-1.992766
-1.929066
-1.859258
-1.789821
-1.703615
-1.598818
-1.647620
-1.683263
-1.709937
-1.724905
-1.722712
-1.703470
-1.676827
-1.752630
-1.852140
-1.900980
-1.937256
-1.966976
-1.985384
-1.992143
-1.959289
-1.895922
-1.828840
-1.776273
-1.695214
-1.595564
-1.644496
-1.677302
-1.700996
-1.712955
-1.708166
-1.686395
-1.659435
-1.738494
-1.840654
-1.889756
-1.931087
-1.967611
-1.990597
-2.000348
-1.969110
-1.906089
-1.837045
-1.776045
-1.693102
-1.593004
-1.643508
-1.676983
-1.702030
-1.715185
-1.711134
-1.690728
-1.663694
-1.736869
-1.831949
-1.878999
-1.919546
-1.957174
-1.983362
-1.994079
-1.967721
-1.907780
-1.841514
-1.773948
-1.690447
-1.588179
-1.640054
-1.681290
-1.714419
-1.735176
-1.737403
-1.721971
-1.694612
-1.759469
-1.852987
-1.899969
-1.939208
-1.976816
-2.003070
-2.016050
-1.995718
-1.938568
-1.869304
-1.812842
-1.733459
-1.635844
-1.691147
-1.729805
-1.759265
-1.776608
-1.776252
-1.758953
-1.732315
-1.804537
-1.905329
-1.952965
-1.989639
-2.023788
-2.045346
-2.053233
-2.023571
-1.960174
-1.887213
-1.826699
-1.746300
-1.649267
-1.699971
-1.733542
-1.758384
-1.771179
-1.766347
-1.744326
-1.714534
-1.780189
-1.877261
-1.927338
-1.966990
-2.001123
-2.020717
-2.026208
-1.995500
-1.932413
-1.868789
-1.811785
-1.733135
-1.633688
-1.678978
-1.715065
-1.741789
-1.756022
-1.752133
-1.730485
-1.701079
-1.766590
-1.864395
-1.916290
-1.959782
-2.000781
-2.025985
-2.034945
-2.007656
-1.946609
-1.880347
-1.819646
-1.737749
-1.635604
-1.685957
-1.725132
-1.754589
-1.771397
-1.770044
-1.751154
-1.723797
-1.789389
-1.886662
-1.937169
-1.976818
-2.014383
-2.036787
-2.043470
-2.015329
-1.953344
-1.886124
-1.823162
-1.741166
-1.639242
-1.685189
-1.723637
-1.752570
-1.768548
-1.766222
-1.744991
-1.713302
-1.772873
-1.868314
-1.917425
-1.957142
-1.995763
-2.020010
-2.029058
-2.004819
-1.943760
-1.876720
-1.810032
-1.728250
-1.626235
-1.675629
-1.714889
-1.744102
-1.760335
-1.758422
-1.739482
-1.711063
-1.772523
-1.868461
-1.917418
-1.956599
-1.995491
-2.020241
-2.029122
-2.004220
-1.942089
-1.872862
-1.801756
-1.722347
-1.624121
-1.675845
-1.718502
-1.751453
-1.770886
-1.771468
-1.753560
-1.723883
-1.778501
-1.876565
-1.930972
-1.972871
-2.011235
-2.035439
-2.045406
-2.020093
-1.953513
-1.887331
-1.832530
-1.762280
-1.678691
-1.731010
-1.764191
-1.787978
-1.798817
-1.791054
-1.765071
-1.726858
-1.775122
-1.875119
-1.931105
-1.974058
-2.015578
-2.044378
-2.057941
-2.036986
-1.971687
-1.898325
-1.830903
-1.750260
-1.649448
-1.701869
-1.740722
-1.769103
-1.783749
-1.779914
-1.758115
-1.726767
-1.779604
-1.875673
-1.928929
-1.970146
-2.011722
-2.039849
-2.052085
-2.031867
-1.969449
-1.895670
-1.823654
-1.742404
-1.641765
-1.692061
-1.734061
-1.766187
-1.784251
-1.783275
-1.762798
-1.729388
-1.776586
-1.873621
-1.928739
-1.969770
-2.009689
-2.036516
-2.047607
-2.025624
-1.960992
-1.890537
-1.821047
-1.745127
-1.649265
-1.704475
-1.743547
-1.772317
-1.786826
-1.782790
-1.758626
-1.723523
-1.764797
-1.858856
-1.918787
-1.964403
-2.010035
-2.041207
-2.056339
-2.038159
-1.975888
-1.904558
-1.832619
-1.754208
-1.656499
-1.712783
-1.758045
-1.793073
-1.813465
-1.814271
-1.794478
-1.761453
-1.802023
-1.895496
-1.958191
-2.001531
-2.040978
-2.066016
-2.076030
-2.053375
-1.986542
-1.920329
-1.852965
-1.781567
-1.692721
-1.748433
-1.787132
-1.815937
-1.830130
-1.825052
-1.798185
-1.758960
-1.793268
-1.885506
-1.951623
-1.996909
-2.040943
-2.069875
-2.083313
-2.062086
-1.997342
-1.927086
-1.852730
-1.777346
-1.684302
-1.742538
-1.790385
-1.828086
-1.850758
-1.853306
-1.833078
-1.798122
-1.828914
-1.920598
-1.992301
-2.034132
-2.073267
-2.098153
-2.110154
-2.090372
-2.024347
-1.957854
-1.887863
-1.813961
-1.722860
-1.784015
-1.827971
-1.860755
-1.877837
-1.874849
-1.849256
-1.809746
-1.842734
-1.936084
-2.003777
-2.043754
-2.080806
-2.103233
-2.112336
-2.088265
-2.018574
-1.949652
-1.877896
-1.802856
-1.708862
-1.768341
-1.810970
-1.842204
-1.858022
-1.854161
-1.827223
-1.787395
-1.817006
-1.909911
-1.981160
-2.023904
-2.065271
-2.091698
-2.103549
-2.080583
-2.012501
-1.943344
-1.870560
-1.797137
-1.706285
-1.764901
-1.813283
-1.851199
-1.873694
-1.875821
-1.854178
-1.817216
-1.839534
-1.930120
-2.007928
-2.053528
-2.092010
-2.114270
-2.123565
-2.100654
-2.028165
-1.966841
-1.904856
-1.838254
-1.762450
-1.820354
-1.856597
-1.879544
-1.886114
-1.871909
-1.835933
-1.791038
-1.828646
-1.925860
-1.994545
-2.035635
-2.075953
-2.100571
-2.110686
-2.086227
-2.015353
-1.940744
-1.861998
-1.780319
-1.680856
-1.731513
-1.773190
-1.802197
-1.815049
-1.808449
-1.779414
-1.739531
-1.768510
-1.862303
-1.931391
-1.977327
-2.024265
-2.057281
-2.073380
-2.054697
-1.986977
-1.915452
-1.841828
-1.772411
-1.704666
-1.731443
-1.785655
-1.829419
-1.856188
-1.862938
-1.845509
-1.805653
-1.815512
-1.901800
-1.982287
-2.028073
-2.069340
-2.097467
-2.113299
-2.101803
-2.038374
-1.970535
-1.903294
-1.832219
-1.756572
-1.780030
-1.817307
-1.837506
-1.839794
-1.822275
-1.787839
-1.728144
-1.760800
-1.860687
-1.927807
-1.973278
-2.022638
-2.057015
-2.073287
-2.053959
-1.985051
-1.905434
-1.827488
-1.735840
-1.640316
-1.624069
-1.667321
-1.696923
-1.713697
-1.714129
-1.691581
-1.650205
-1.675019
-1.765383
-1.839759
-1.894021
-1.946326
-1.983521
-2.001486
-1.988374
-1.924675
-1.857092
-1.797087
-1.725670
-1.650632
-1.658893
-1.711030
-1.750796
-1.771493
-1.770466
-1.746697
-1.702489
-1.717645
-1.805112
-1.889197
-1.953217
-2.011912
-2.052678
-2.074145
-2.065853
-2.009019
-1.938174
-1.876163
-1.800461
-1.718322
-1.731730
-1.781989
-1.820199
-1.840100
-1.838335
-1.814730
-1.770119
-1.791280
-1.878157
-1.956553
-2.006166
-2.054897
-2.087295
-2.103654
-2.086525
-2.025539
-1.951366
-1.887170
-1.803233
-1.711887
-1.707751
-1.754947
-1.789563
-1.805352
-1.800267
-1.772272
-1.726391
-1.753677
-1.836594
-1.906337
-1.956707
-2.009189
-2.043874
-2.059129
-2.040473
-1.974945
-1.909224
-1.852413
-1.766472
-1.671439
-1.654802
-1.703400
-1.738317
-1.753687
-1.748472
-1.719562
-1.674027
-1.700315
-1.780227
-1.849377
-1.903833
-1.962740
-2.001782
-2.017516
-1.997861
-1.928810
-1.872991
-1.818404
-1.724935
-1.620822
-1.581987
-1.639304
-1.681398
-1.703529
-1.705105
-1.681699
-1.641510
-1.667056
-1.741539
-1.808890
-1.868098
-1.930707
-1.970404
-1.984459
-1.961251
-1.881253
-1.825014
-1.774977
-1.691545
-1.597658
-1.555601
-1.619074
-1.666089
-1.691787
-1.695622
-1.675190
-1.637625
-1.666000
-1.742595
-1.809179
-1.867239
-1.930488
-1.970113
-1.984172
-1.960523
-1.880957
-1.819965
-1.759459
-1.674094
-1.579403
-1.544151
-1.602579
-1.645620
-1.673750
-1.683187
-1.666200
-1.626897
-1.625526
-1.692790
-1.775597
-1.838747
-1.904660
-1.943116
-1.959632
-1.933746
-1.839682
-1.772673
-1.714128
-1.634976
-1.550373
-1.494545
-1.577534
-1.644503
-1.689475
-1.709683
-1.703216
-1.675007
-1.688474
-1.757795
-1.829816
-1.890344
-1.950719
-1.986922
-2.001945
-1.983032
-1.903767
-1.834091
-1.768520
-1.704759
-1.641389
-1.636465
-1.702986
-1.755233
-1.786500
-1.795058
-1.777847
-1.737675
-1.731637
-1.810554
-1.897437
-1.958244
-2.013061
-2.047745
-2.062767
-2.049580
-1.974901
-1.908244
-1.840835
-1.777443
-1.714505
-1.733405
-1.789314
-1.829070
-1.847468
-1.843718
-1.815647
-1.764524
-1.750851
-1.836564
-1.933776
-1.993939
-2.048421
-2.085982
-2.102386
-2.087572
-2.005239
-1.936842
-1.870731
-1.809324
-1.747486
-1.783291
-1.825480
-1.850262
-1.854515
-1.837420
-1.797020
-1.734675
-1.720574
-1.813457
-1.911018
-1.973850
-2.032099
-2.074018
-2.098708
-2.092927
-2.010066
-1.931606
-1.854618
-1.782064
-1.708490
-1.731005
-1.771366
-1.796149
-1.800386
-1.782976
-1.743592
-1.681464
-1.672034
-1.760980
-1.853799
-1.925457
-1.993336
-2.044342
-2.073556
-2.072169
-2.006303
-1.926533
-1.851303
-1.773708
-1.693519
-1.706102
-1.754746
-1.787881
-1.799834
-1.787750
-1.753355
-1.696781
-1.704155
-1.790452
-1.874035
-1.946435
-2.014784
-2.066273
-2.096451
-2.096651
-2.035438
-1.961299
-1.891052
-1.816034
-1.735163
-1.759227
-1.796058
-1.814957
-1.813015
-1.788681
-1.743399
-1.662445
-1.671377
-1.759793
-1.832923
-1.902536
-1.978580
-2.036583
-2.071515
-2.062762
-2.002544
-1.933484
-1.872479
-1.778682
-1.673955
-1.651519
-1.700739
-1.733071
-1.743396
-1.731109
-1.695471
-1.623718
-1.641980
-1.722204
-1.784943
-1.863917
-1.949578
-2.008462
-2.036498
-2.023756
-1.954630
-1.887853
-1.840757
-1.761380
-1.671155
-1.664229
-1.712426
-1.743483
-1.752360
-1.737679
-1.697504
-1.626251
-1.642514
-1.724923
-1.795213
-1.876434
-1.961229
-2.017723
-2.043642
-2.028049
-1.953294
-1.885441
-1.830181
-1.748742
-1.657696
-1.656404
-1.706599
-1.737775
-1.745766
-1.730379
-1.690796
-1.621161
-1.642804
-1.726115
-1.792423
-1.871054
-1.954728
-2.010134
-2.031871
-2.010309
-1.930939
-1.860113
-1.798883
-1.717698
-1.627477
-1.620635
-1.668937
-1.699547
-1.707619
-1.693470
-1.654721
-1.596702
-1.615197
-1.696712
-1.762564
-1.837917
-1.917778
-1.966607
-1.984304
-1.959705
-1.871669
-1.823418
-1.778333
-1.691506
-1.592479
-1.539557
-1.596971
-1.635639
-1.651222
-1.643318
-1.609656
-1.557539
-1.571786
-1.648023
-1.717802
-1.801413
-1.886043
-1.936301
-1.953668
-1.926708
-1.832298
-1.778664
-1.739519
-1.656390
-1.560353
-1.485150
-1.559878
-1.615607
-1.650815
-1.661757
-1.644932
-1.605768
-1.611148
-1.680676
-1.759739
-1.841080
-1.919232
-1.961801
-1.974107
-1.938058
-1.829175
-1.754588
-1.700408
-1.643708
-1.582443
-1.559026
-1.633289
-1.691038
-1.725492
-1.733552
-1.713326
-1.668452
-1.660079
-1.731423
-1.811933
-1.892887
-1.964572
-2.000546
-2.010629
-1.974352
-1.869166
-1.794442
-1.736565
-1.680240
-1.626480
-1.603178
-1.684587
-1.748431
-1.787560
-1.799702
-1.783626
-1.742994
-1.745296
-1.831629
-1.904477
-1.979173
-2.044595
-2.074522
-2.083124
-2.054051
-1.955085
-1.894708
-1.838292
-1.786073
-1.733085
-1.763155
-1.810681
-1.831103
-1.826095
-1.799532
-1.750429
-1.679885
-1.669597
-1.766197
-1.835860
-1.906587
-1.970882
-2.011571
-2.029896
-2.002885
-1.907931
-1.828051
-1.749590
-1.678170
-1.587583
-1.611433
-1.640772
-1.648297
-1.632969
-1.594680
-1.534476
-1.462067
-1.458145
-1.550740
-1.626701
-1.730646
-1.827377
-1.895800
-1.931879
-1.912129
-1.833189
-1.750317
-1.666980
-1.591983
-1.500632
-1.529762
-1.584273
-1.622163
-1.636706
-1.623217
-1.584868
-1.530821
-1.540392
-1.631697
-1.722760
-1.829114
-1.923926
-1.989089
-2.020955
-2.014716
-1.932269
-1.865889
-1.806602
-1.757122
-1.715685
-1.773315
-1.799248
-1.793142
-1.763472
-1.710608
-1.637744
-1.531126
-1.519757
-1.608374
-1.706788
-1.799677
-1.886010
-1.962763
-2.014789
-2.009571
-1.943339
-1.858821
-1.786425
-1.708127
-1.609474
-1.615804
-1.660643
-1.687427
-1.691634
-1.668511
-1.619868
-1.538480
-1.573868
-1.656679
-1.730497
-1.834498
-1.930472
-2.004893
-2.050472
-2.047844
-1.988484
-1.917488
-1.864365
-1.793253
-1.702094
-1.761563
-1.784348
-1.778755
-1.752718
-1.705109
-1.634910
-1.555508
-1.583045
-1.665155
-1.744881
-1.848477
-1.943463
-2.016231
-2.052018
-2.048265
-1.987082
-1.929034
-1.867242
-1.782107
-1.673949
-1.680935
-1.717289
-1.729221
-1.715457
-1.676862
-1.615237
-1.613843
-1.638485
-1.690763
-1.759237
-1.856320
-1.944439
-2.013169
-2.047547
-2.040622
-1.984540
-1.939436
-1.878504
-1.786062
-1.671870
-1.663826
-1.705694
-1.722475
-1.712487
-1.676562
-1.643331
-1.715860
-1.732436
-1.762238
-1.818748
-1.887683
-1.953306
-2.002949
-2.029291
-2.024586
-1.966263
-1.925152
-1.866116
-1.791628
-1.693524
-1.746413
-1.772973
-1.768996
-1.740219
-1.688103
-1.627595
-1.634944
-1.634842
-1.662570
-1.720305
-1.816060
-1.902779
-1.966936
-1.999811
-2.001020
-1.940083
-1.900900
-1.837650
-1.751658
-1.642951
-1.627617
-1.663809
-1.678575
-1.668065
-1.630932
-1.580311
-1.572479
-1.589663
-1.613788
-1.669097
-1.778382
-1.878361
-1.952416
-1.989019
-1.986331
-1.931702
-1.896872
-1.832823
-1.746990
-1.638426
-1.659225
-1.692210
-1.691765
-1.663816
-1.614332
-1.573519
-1.601763
-1.598138
-1.618325
-1.666835
-1.767307
-1.855543
-1.919243
-1.945324
-1.944026
-1.886652
-1.873327
-1.812317
-1.727645
-1.618233
-1.613761
-1.648032
-1.659490
-1.646557
-1.607198
-1.544292
-1.453641
-1.479569
-1.520911
-1.584687
-1.709845
-1.822414
-1.907580
-1.949914
-1.946582
-1.889966
-1.864842
-1.800388
-1.710536
-1.596378
-1.600727
-1.639050
-1.648170
-1.629653
-1.585267
-1.546860
-1.591178
-1.590802
-1.602060
-1.653420
-1.756593
-1.845802
-1.910474
-1.940670
-1.933538
-1.868845
-1.848463
-1.779461
-1.694976
-1.585298
-1.609665
-1.629000
-1.619131
-1.584027
-1.527973
-1.482466
-1.507046
-1.500615
-1.525387
-1.587515
-1.710672
-1.812777
-1.878205
-1.902191
-1.895532
-1.832105
-1.819705
-1.754798
-1.671411
-1.561981
-1.570343
-1.606544
-1.615902
-1.599173
-1.555995
-1.489992
-1.393752
-1.416747
-1.461192
-1.530262
-1.666127
-1.783664
-1.864510
-1.899443
-1.887248
-1.812131
-1.787428
-1.726933
-1.646789
-1.539839
-1.529834
-1.575600
-1.593528
-1.584227
-1.546642
-1.485442
-1.390183
-1.415044
-1.458064
-1.525154
-1.658043
-1.771134
-1.848810
-1.880794
-1.868644
-1.789325
-1.771661
-1.704500
-1.635575
-1.542242
-1.549938
-1.598328
-1.619388
-1.613352
-1.578101
-1.516376
-1.425521
-1.454811
-1.509742
-1.577310
-1.698495
-1.804611
-1.893037
-1.938958
-1.927543
-1.871236
-1.828475
-1.760836
-1.691960
-1.598283
-1.644336
-1.673713
-1.674342
-1.648776
-1.597943
-1.524415
-1.412397
-1.443300
-1.493580
-1.575689
-1.713554
-1.835553
-1.921582
-1.965433
-1.959763
-1.891502
-1.852619
-1.780623
-1.700330
-1.592908
-1.632488
-1.643278
-1.621890
-1.575867
-1.516481
-1.470763
-1.415339
-1.439456
-1.515877
-1.602420
-1.730302
-1.825493
-1.889824
-1.921225
-1.915201
-1.858974
-1.846700
-1.785169
-1.715067
-1.624955
-1.678117
-1.701890
-1.698739
-1.670820
-1.614484
-1.529045
-1.419102
-1.452859
-1.508024
-1.595657
-1.732165
-1.844843
-1.925313
-1.977728
-1.980186
-1.938060
-1.915290
-1.837326
-1.745037
-1.617529
-1.669936
-1.684546
-1.664590
-1.619785
-1.559248
-1.554070
-1.586807
-1.603093
-1.656694
-1.713229
-1.803003
-1.867857
-1.910855
-1.945708
-1.951809
-1.905249
-1.887372
-1.824383
-1.754782
-1.681805
-1.727821
-1.737715
-1.716907
-1.672709
-1.604886
-1.528624
-1.476039
-1.489734
-1.523017
-1.606813
-1.737776
-1.841755
-1.903107
-1.943235
-1.951718
-1.910445
-1.900442
-1.824671
-1.739677
-1.619107
-1.649457
-1.680667
-1.683135
-1.656480
-1.603801
-1.578048
-1.615226
-1.621454
-1.660931
-1.732310
-1.837134
-1.924983
-1.988242
-2.027627
-2.036132
-1.994142
-1.975954
-1.911407
-1.824069
-1.728109
-1.780673
-1.791906
-1.765821
-1.715248
-1.648588
-1.640898
-1.697969
-1.731652
-1.804667
-1.846964
-1.907404
-1.954971
-1.990139
-2.023858
-2.033131
-1.990047
-1.975590
-1.914349
-1.833582
-1.761392
-1.795713
-1.791458
-1.754230
-1.696395
-1.623005
-1.600346
-1.622766
-1.652788
-1.683267
-1.726941
-1.812008
-1.880981
-1.928743
-1.977491
-1.992756
-1.960008
-1.945626
-1.875333
-1.784466
-1.693558
-1.718560
-1.705473
-1.661708
-1.595499
-1.511580
-1.480602
-1.511687
-1.534847
-1.567686
-1.645938
-1.768277
-1.854388
-1.904971
-1.928455
-1.924818
-1.861640
-1.853333
-1.799184
-1.716442
-1.592155
-1.628472
-1.640108
-1.627555
-1.587414
-1.527638
-1.529805
-1.618686
-1.675683
-1.753670
-1.825917
-1.896946
-1.925002
-1.925935
-1.917620
-1.907981
-1.846919
-1.834152
-1.725358
-1.607907
-1.642742
-1.632001
-1.591070
-1.532576
-1.462548
-1.371325
-1.376629
-1.552950
-1.657478
-1.775521
-1.907923
-1.973356
-1.972359
-1.972314
-1.990565
-2.013355
-1.969812
-1.921089
-1.800189
-1.848572
-1.869822
-1.855165
-1.809760
-1.741581
-1.658550
-1.558402
-1.549624
-1.714954
-1.797062
-1.906995
-2.016670
-2.040378
-2.028042
-2.040957
-2.072007
-2.100289
-2.058481
-2.014452
-1.903775
-1.945992
-1.975219
-1.967185
-1.925879
-1.857980
-1.771364
-1.661839
-1.626256
-1.745364
-1.788364
-1.889430
-2.023768
-2.094758
-2.123660
-2.131152
-2.129133
-2.107361
-2.045740
-2.009314
-1.934427
-1.946252
-1.977387
-1.972867
-1.937117
-1.874636
-1.790985
-1.680908
-1.627074
-1.733259
-1.772384
-1.867881
-1.999585
-2.078233
-2.113772
-2.118009
-2.106414
-2.053074
-1.978915
-1.938955
-1.864093
-1.857292
-1.886821
-1.880740
-1.843620
-1.780619
-1.696140
-1.582963
-1.523885
-1.604328
-1.653906
-1.752672
-1.876732
-1.977469
-2.030147
-2.038651
-2.023773
-1.963864
-1.883549
-1.825138
-1.745685
-1.725704
-1.767147
-1.768083
-1.735850
-1.676736
-1.595937
-1.485448
-1.422084
-1.418530
-1.468654
-1.582551
-1.737003
-1.871873
-1.957393
-1.991713
-1.989851
-1.941060
-1.865996
-1.799283
-1.727209
-1.714639
-1.754297
-1.757001
-1.728464
-1.673855
-1.596692
-1.489621
-1.407384
-1.332694
-1.404667
-1.549433
-1.730865
-1.899274
-1.990785
-2.027890
-2.037110
-2.005242
-1.925053
-1.863306
-1.792724
-1.731398
-1.776938
-1.785350
-1.758856
-1.702621
-1.624364
-1.516258
-1.372921
-1.244808
-1.312647
-1.461037
-1.639033
-1.809797
-1.916655
-1.980552
-2.007693
-1.974256
-1.861667
-1.814871
-1.778631
-1.720571
-1.678630
-1.721730
-1.731521
-1.709613
-1.663341
-1.589226
-1.490658
-1.365728
-1.407412
-1.475657
-1.636817
-1.786173
-1.881033
-1.938786
-1.952883
-1.910555
-1.777643
-1.725704
-1.686063
-1.629015
-1.557990
-1.606454
-1.615370
-1.590507
-1.540060
-1.465962
-1.429460
-1.355395
-1.421651
-1.508683
-1.642563
-1.790913
-1.887880
-1.931175
-1.935834
-1.897437
-1.807082
-1.748380
-1.679614
-1.638572
-1.688983
-1.700163
-1.678597
-1.630651
-1.561088
-1.460646
-1.457504
-1.486607
-1.543645
-1.671302
-1.833195
-1.952962
-2.001141
-2.012873
-2.009049
-1.959380
-1.897385
-1.811934
-1.711455
-1.762985
-1.783536
-1.766391
-1.716749
-1.640150
-1.544116
-1.415735
-1.384925
-1.432828
-1.489333
-1.617102
-1.791835
-1.933862
-2.011641
-2.035709
-2.029173
-1.976223
-1.908995
-1.832340
-1.752523
-1.779797
-1.799002
-1.786666
-1.746662
-1.681113
-1.592737
-1.472701
-1.449622
-1.456102
-1.521234
-1.677884
-1.857468
-1.991494
-2.054923
-2.078211
-2.086037
-2.041688
-1.968820
-1.893374
-1.791275
-1.783359
-1.811252
-1.805199
-1.763441
-1.689994
-1.594422
-1.466264
-1.312676
-1.285609
-1.382233
-1.564845
-1.743807
-1.916122
-2.009905
-2.048601
-2.060807
-2.014359
-1.943995
-1.880949
-1.811357
-1.795084
-1.815822
-1.803047
-1.763701
-1.698751
-1.612496
-1.494334
-1.434147
-1.410731
-1.487182
-1.662087
-1.842898
-1.984272
-2.052533
-2.074166
-2.078176
-2.042201
-1.963011
-1.890902
-1.778377
-1.719271
-1.741252
-1.726851
-1.677948
-1.597440
-1.492025
-1.352477
-1.325527
-1.391884
-1.447835
-1.576509
-1.754671
-1.885121
-1.934587
-1.945644
-1.941410
-1.898238
-1.815017
-1.752947
-1.650447
-1.643359
-1.655491
-1.634981
-1.586408
-1.511653
-1.413134
-1.282116
-1.290678
-1.353028
-1.400397
-1.549197
-1.736390
-1.892247
-1.953972
-1.960492
-1.948997
-1.908491
-1.839635
-1.781366
-1.660082
-1.688989
-1.711204
-1.697992
-1.648833
-1.570203
-1.469374
-1.337940
-1.354332
-1.414735
-1.458577
-1.592388
-1.777146
-1.930944
-1.994336
-2.004446
-1.987705
-1.939092
-1.852439
-1.806182
-1.715842
-1.768037
-1.801992
-1.802078
-1.772555
-1.716327
-1.638374
-1.526032
-1.548186
-1.600566
-1.676186
-1.842831
-2.010297
-2.088284
-2.102273
-2.103315
-2.107438
-2.067921
-2.013016
-1.958273
-1.828827
-1.877026
-1.896031
-1.872545
-1.814515
-1.729026
-1.622944
-1.489169
-1.516017
-1.617425
-1.701028
-1.858267
-2.010788
-2.097565
-2.123587
-2.131936
-2.123782
-2.056304
-1.981538
-1.936885
-1.839636
-1.897358
-1.922127
-1.906904
-1.860720
-1.787851
-1.693963
-1.568383
-1.565157
-1.644376
-1.708244
-1.848224
-2.001775
-2.097430
-2.136881
-2.148155
-2.136009
-2.063032
-1.983994
-1.921620
-1.757583
-1.798268
-1.812041
-1.785874
-1.726580
-1.639952
-1.534436
-1.395361
-1.400937
-1.466534
-1.514262
-1.646172
-1.830154
-1.967770
-2.019510
-2.029806
-2.012769
-1.949101
-1.857316
-1.805498
-1.704180
-1.736999
-1.757880
-1.743451
-1.698114
-1.625121
-1.530952
-1.405094
-1.424499
-1.483838
-1.534032
-1.687582
-1.870448
-2.005753
-2.053938
-2.063344
-2.049972
-1.989230
-1.914605
-1.859276
-1.727381
-1.781587
-1.803897
-1.786048
-1.735431
-1.656964
-1.559175
-1.426443
-1.434423
-1.491060
-1.534710
-1.678998
-1.861949
-1.991051
-2.036731
-2.048297
-2.032644
-1.964240
-1.875638
-1.820701
-1.703120
-1.742512
-1.763760
-1.745733
-1.696221
-1.619195
-1.520629
-1.389226
-1.409618
-1.471418
-1.534357
-1.694324
-1.875492
-1.997518
-2.037462
-2.047094
-2.035172
-1.962291
-1.896783
-1.827458
-1.707136
-1.759489
-1.776530
-1.751877
-1.693315
-1.606827
-1.499832
-1.361374
-1.375343
-1.436760
-1.486383
-1.644153
-1.826394
-1.971901
-2.031522
-2.050222
-2.034652
-1.956123
-1.874289
-1.808037
-1.712751
-1.762247
-1.777397
-1.753557
-1.700195
-1.619808
-1.517938
-1.384137
-1.394895
-1.447370
-1.512930
-1.687850
-1.869259
-2.001044
-2.044112
-2.054876
-2.048185
-1.983650
-1.919332
-1.853219
-1.716688
-1.760882
-1.772217
-1.742286
-1.678593
-1.586107
-1.472522
-1.326333
-1.342159
-1.389574
-1.456217
-1.630729
-1.812850
-1.959227
-2.018066
-2.038803
-2.026937
-1.957108
-1.875824
-1.814722
-1.713614
-1.768330
-1.787839
-1.767029
-1.715340
-1.637418
-1.536276
-1.402776
-1.476098
-1.522244
-1.583555
-1.758163
-1.938308
-2.043812
-2.073169
-2.082047
-2.076462
-2.015737
-1.947727
-1.887324
-1.758476
-1.810908
-1.820053
-1.790707
-1.727255
-1.635872
-1.522150
-1.371587
-1.422808
-1.484817
-1.533117
-1.690469
-1.872168
-1.999448
-2.047962
-2.058547
-2.041692
-1.978588
-1.886508
-1.825426
-1.705072
-1.742962
-1.761555
-1.743000
-1.693100
-1.615786
-1.512711
-1.375767
-1.452819
-1.488728
-1.579603
-1.766601
-1.947937
-2.044879
-2.073939
-2.088609
-2.093919
-2.020064
-1.958640
-1.894506
-1.779550
-1.814925
-1.815464
-1.775088
-1.701300
-1.600861
-1.478919
-1.318978
-1.386772
-1.437978
-1.498640
-1.680017
-1.861414
-1.990605
-2.040703
-2.060613
-2.049733
-1.974363
-1.892889
-1.825892
-1.723576
-1.778827
-1.791463
-1.764432
-1.705761
-1.620015
-1.508782
-1.363301
-1.428333
-1.481270
-1.563411
-1.742982
-1.922783
-2.028646
-2.061766
-2.073720
-2.071784
-2.000161
-1.934724
-1.859043
-1.724773
-1.779580
-1.769890
-1.730273
-1.656510
-1.554436
-1.428282
-1.264889
-1.330786
-1.384558
-1.453790
-1.640532
-1.822278
-1.970137
-2.035581
-2.060471
-2.047788
-1.978571
-1.889202
-1.832289
-1.735108
-1.795331
-1.811483
-1.792650
-1.741636
-1.662442
-1.557240
-1.417727
-1.474611
-1.512451
-1.603598
-1.791728
-1.971549
-2.074769
-2.105385
-2.116360
-2.115211
-2.047791
-1.979324
-1.917084
-1.780420
-1.825080
-1.821792
-1.781423
-1.707939
-1.606360
-1.481671
-1.320853
-1.382718
-1.432410
-1.504247
-1.690913
-1.872723
-2.007104
-2.065807
-2.089896
-2.073731
-1.991662
-1.899109
-1.849390
-1.732684
-1.783744
-1.795849
-1.768359
-1.710133
-1.624230
-1.513757
-1.367870
-1.431910
-1.467783
-1.558629
-1.748373
-1.929544
-2.038848
-2.076355
-2.094745
-2.090128
-2.014359
-1.937380
-1.885155
-1.759882
-1.801053
-1.805416
-1.768760
-1.700565
-1.604720
-1.486266
-1.332011
-1.385334
-1.433697
-1.502762
-1.689696
-1.870723
-1.994534
-2.042293
-2.061024
-2.046793
-1.967037
-1.880869
-1.811661
-1.689434
-1.737172
-1.744289
-1.709875
-1.643708
-1.549621
-1.430887
-1.276452
-1.334476
-1.380877
-1.458620
-1.648227
-1.829272
-1.962869
-2.019178
-2.045221
-2.037964
-1.952752
-1.878453
-1.804594
-1.691378
-1.733567
-1.737570
-1.699349
-1.628167
-1.528294
-1.403529
-1.238636
-1.284702
-1.338989
-1.411362
-1.601265
-1.782381
-1.938267
-2.011662
-2.039668
-2.025670
-1.946559
-1.856674
-1.783514
-1.678452
-1.731809
-1.744164
-1.715314
-1.654375
-1.564723
-1.447903
-1.294637
-1.354146
-1.397473
-1.505324
-1.695940
-1.876328
-1.999860
-2.052405
-2.081367
-2.079686
-1.995914
-1.927572
-1.860151
-1.734403
-1.763211
-1.755141
-1.707191
-1.628082
-1.521644
-1.390098
-1.223741
-1.289701
-1.340331
-1.429137
-1.618997
-1.800499
-1.932372
-1.992953
-2.030625
-2.028614
-1.931692
-1.859817
-1.787804
-1.678750
-1.720805
-1.724444
-1.685689
-1.614806
-1.515562
-1.388542
-1.224874
-1.295068
-1.340380
-1.436173
-1.625968
-1.807398
-1.935873
-1.990434
-2.024326
-2.028813
-1.944139
-1.873663
-1.803013
-1.674302
-1.715294
-1.716115
-1.674108
-1.599449
-1.496313
-1.365771
-1.199375
-1.277126
-1.324070
-1.423994
-1.613447
-1.795035
-1.918099
-1.974399
-2.018743
-2.032346
-1.939494
-1.871175
-1.801602
-1.669041
-1.707553
-1.705894
-1.662117
-1.586072
-1.479623
-1.343444
-1.173092
-1.258805
-1.305602
-1.409501
-1.597716
-1.779759
-1.896143
-1.951921
-2.004210
-2.031328
-1.942012
-1.869193
-1.791046
-1.631873
-1.668967
-1.663642
-1.616104
-1.536274
-1.426741
-1.288622
-1.116824
-1.212088
-1.261770
-1.367708
-1.555526
-1.737303
-1.866122
-1.932322
-1.990601
-2.018083
-1.920389
-1.843682
-1.770525
-1.611035
-1.653936
-1.655287
-1.613189
-1.538143
-1.434444
-1.304195
-1.141228
-1.230938
-1.277290
-1.368419
-1.556697
-1.739855
-1.869277
-1.937132
-1.995840
-2.023938
-1.933035
-1.859452
-1.790253
-1.617312
-1.666626
-1.663982
-1.622455
-1.548052
-1.444484
-1.313420
-1.147537
-1.231239
-1.275674
-1.354392
-1.543021
-1.726941
-1.865306
-1.934371
-1.987028
-2.004063
-1.920186
-1.839882
-1.785090
-1.607302
-1.673908
-1.678344
-1.647515
-1.582244
-1.487229
-1.361813
-1.201787
-1.288696
-1.329722
-1.431078
-1.616817
-1.797421
-1.906513
-1.966608
-2.028646
-2.064267
-1.966304
-1.890426
-1.826287
-1.661418
-1.704443
-1.702838
-1.660762
-1.585879
-1.480769
-1.351615
-1.187492
-1.202877
-1.231844
-1.326557
-1.514274
-1.698036
-1.847507
-1.931260
-1.998256
-2.030987
-1.942195
-1.862087
-1.804073
-1.619895
-1.666349
-1.678885
-1.646419
-1.578709
-1.480493
-1.355263
-1.193654
-1.211496
-1.237979
-1.339103
-1.527492
-1.710761
-1.855513
-1.932706
-1.999817
-2.039644
-1.956295
-1.872472
-1.816075
-1.632931
-1.678990
-1.694143
-1.663556
-1.597489
-1.501078
-1.380031
-1.228292
-1.250258
-1.296526
-1.394621
-1.570903
-1.749680
-1.875851
-1.956557
-2.035752
-2.078852
-1.991974
-1.907077
-1.823012
-1.678990
-1.713268
-1.704975
-1.659209
-1.582104
-1.474513
-1.336246
-1.141347
-1.101032
-1.149870
-1.248451
-1.429472
-1.613288
-1.791331
-1.936260
-2.029363
-2.048817
-1.952092
-1.868881
-1.817713
-1.651238
-1.724352
-1.758028
-1.750858
-1.710638
-1.641544
-1.549596
-1.424374
-1.332064
-1.326329
-1.408492
-1.594182
-1.774949
-1.918326
-1.998335
-2.061322
-2.096679
-2.019238
-1.941830
-1.854530
-1.708759
-1.715880
-1.709878
-1.670950
-1.599566
-1.494851
-1.363145
-1.184841
-1.184689
-1.211753
-1.288438
-1.446631
-1.632527
-1.802303
-1.915344
-2.006275
-2.047297
-1.965966
-1.868950
-1.808475
-1.622406
-1.651730
-1.671589
-1.654126
-1.602889
-1.522657
-1.418371
-1.279164
-1.290188
-1.309752
-1.364093
-1.523857
-1.709258
-1.833008
-1.905715
-1.977879
-2.025826
-1.945534
-1.862503
-1.774282
-1.633699
-1.606005
-1.607155
-1.567657
-1.495665
-1.392336
-1.265512
-1.096804
-1.007716
-1.030913
-1.127394
-1.283813
-1.471766
-1.653609
-1.822708
-1.946000
-1.997797
-1.919689
-1.818307
-1.750786
-1.566552
-1.590041
-1.624518
-1.615194
-1.570926
-1.497467
-1.399935
-1.268062
-1.202414
-1.218894
-1.284690
-1.444369
-1.630559
-1.784902
-1.880134
-1.960061
-2.010653
-1.937157
-1.851177
-1.768075
-1.646598
-1.598871
-1.612839
-1.588667
-1.527941
-1.435597
-1.319665
-1.155385
-1.034809
-1.056393
-1.158120
-1.324254
-1.511010
-1.691088
-1.859785
-1.989098
-2.043693
-1.954002
-1.856299
-1.794735
-1.620920
-1.654272
-1.675644
-1.655765
-1.602597
-1.520308
-1.413348
-1.268430
-1.142872
-1.148945
-1.239075
-1.399600
-1.585244
-1.765603
-1.910143
-2.011254
-2.059772
-1.970372
-1.877451
-1.806602
-1.694696
-1.663916
-1.685370
-1.668784
-1.617080
-1.535287
-1.429467
-1.289061
-1.157436
-1.155288
-1.248472
-1.422491
-1.607833
-1.788044
-1.931178
-2.028939
-2.075194
-1.981163
-1.881092
-1.809317
-1.730060
-1.646114
-1.678969
-1.668085
-1.619194
-1.538715
-1.434241
-1.292863
-1.174192
-1.185765
-1.275806
-1.443318
-1.628929
-1.808791
-1.958023
-2.058156
-2.101408
-2.003686
-1.908088
-1.848384
-1.736680
-1.733578
-1.762210
-1.748546
-1.699989
-1.621683
-1.519156
-1.385319
-1.267018
-1.254962
-1.347376
-1.530589
-1.714982
-1.891994
-2.011883
-2.091530
-2.135461
-2.041927
-1.950492
-1.877513
-1.808266
-1.720552
-1.748986
-1.730665
-1.676039
-1.589488
-1.476473
-1.332736
-1.188451
-1.176741
-1.280513
-1.451131
-1.636808
-1.816072
-1.969043
-2.077899
-2.136351
-2.044772
-1.954806
-1.885686
-1.818559
-1.742052
-1.766649
-1.751005
-1.698686
-1.615839
-1.507742
-1.369762
-1.208911
-1.176090
-1.280344
-1.463854
-1.649178
-1.828467
-1.977038
-2.080415
-2.139824
-2.058386
-1.969015
-1.892348
-1.831703
-1.726470
-1.758333
-1.742299
-1.688670
-1.602425
-1.489382
-1.344321
-1.190042
-1.197447
-1.300214
-1.479881
-1.666385
-1.844843
-1.997985
-2.104659
-2.162750
-2.074894
-1.987122
-1.917030
-1.863212
-1.789489
-1.821813
-1.810208
-1.761268
-1.680554
-1.573488
-1.436973
-1.291409
-1.252271
-1.356574
-1.539057
-1.725437
-1.904463
-2.042829
-2.137006
-2.193024
-2.101229
-2.001838
-1.929417
-1.872015
-1.762218
-1.802207
-1.794077
-1.745204
-1.661705
-1.550115
-1.407423
-1.263280
-1.261028
-1.374084
-1.549972
-1.736096
-1.914444
-2.050591
-2.143849
-2.193736
-2.102014
-2.009690
-1.949039
-1.900176
-1.834137
-1.866364
-1.855991
-1.808071
-1.728184
-1.621871
-1.486382
-1.338305
-1.290688
-1.392697
-1.578015
-1.763332
-1.942096
-2.072059
-2.158156
-2.215495
-2.125546
-2.033597
-1.965312
-1.914127
-1.831186
-1.866694
-1.855753
-1.804977
-1.720246
-1.608188
-1.465752
-1.321512
-1.307944
-1.422081
-1.604289
-1.790365
-1.966706
-2.098099
-2.187817
-2.240970
-2.153743
-2.063184
-2.000131
-1.953769
-1.878384
-1.903354
-1.888196
-1.834604
-1.748206
-1.632255
-1.487963
-1.309040
-1.261376
-1.373618
-1.551555
-1.737857
-1.916432
-2.060383
-2.159178
-2.218833
-2.126191
-2.032189
-1.961921
-1.905230
-1.803509
-1.855954
-1.834821
-1.785697
-1.701918
-1.588424
-1.446816
-1.270804
-1.229282
-1.347021
-1.534602
-1.720256
-1.897782
-2.048878
-2.161932
-2.236434
-2.155332
-2.072418
-1.998637
-1.942250
-1.864910
-1.890128
-1.873300
-1.817888
-1.728950
-1.610651
-1.462414
-1.268260
-1.227838
-1.332373
-1.517981
-1.705126
-1.883112
-2.038396
-2.140208
-2.207662
-2.135665
-2.034299
-1.960735
-1.908651
-1.816418
-1.852132
-1.836043
-1.783920
-1.698161
-1.582492
-1.437061
-1.246754
-1.225468
-1.335831
-1.513531
-1.701188
-1.879185
-2.033315
-2.142514
-2.219794
-2.146486
-2.057365
-1.985481
-1.930976
-1.857698
-1.884925
-1.869697
-1.815596
-1.726876
-1.605904
-1.454848
-1.270038
-1.262253
-1.387076
-1.543163
-1.729700
-1.907704
-2.056086
-2.160926
-2.229792
-2.137968
-2.035693
-1.967685
-1.921036
-1.848709
-1.881967
-1.871549
-1.822141
-1.739119
-1.626310
-1.484382
-1.309135
-1.285978
-1.391125
-1.572335
-1.760661
-1.937978
-2.078715
-2.167734
-2.236414
-2.167299
-2.069837
-1.997343
-1.941765
-1.854679
-1.885573
-1.873952
-1.822473
-1.736126
-1.619828
-1.475495
-1.301857
-1.279883
-1.392486
-1.572975
-1.761161
-1.940667
-2.076009
-2.165712
-2.240022
-2.173101
-2.073676
-1.998587
-1.940995
-1.846548
-1.877410
-1.865132
-1.813395
-1.727560
-1.610793
-1.469113
-1.293661
-1.241106
-1.320914
-1.506757
-1.695577
-1.874738
-2.030068
-2.138308
-2.222179
-2.170232
-2.069719
-1.987902
-1.925184
-1.788766
-1.822719
-1.817381
-1.770071
-1.687046
-1.571995
-1.430180
-1.241639
-1.188370
-1.266180
-1.446736
-1.637529
-1.816420
-1.983357
-2.102611
-2.195235
-2.144788
-2.037438
-1.949825
-1.882176
-1.750479
-1.783318
-1.774740
-1.723915
-1.637724
-1.519167
-1.364661
-1.164100
-1.125053
-1.218572
-1.402092
-1.593047
-1.770350
-1.936473
-2.064557
-2.172892
-2.156802
-2.067622
-1.989773
-1.929992
-1.801064
-1.835812
-1.831061
-1.782874
-1.698725
-1.581704
-1.434976
-1.241442
-1.195416
-1.275305
-1.460332
-1.650029
-1.828391
-1.984565
-2.088252
-2.176562
-2.158077
-2.065578
-1.982220
-1.915206
-1.778696
-1.801184
-1.784339
-1.726882
-1.634144
-1.508078
-1.349667
-1.150311
-1.106393
-1.201529
-1.360015
-1.550780
-1.731802
-1.906589
-2.049044
-2.164957
-2.150567
-2.056181
-1.971523
-1.902373
-1.797845
-1.800574
-1.799865
-1.758673
-1.681025
-1.570789
-1.433512
-1.252086
-1.186115
-1.266465
-1.418310
-1.608788
-1.788795
-1.960791
-2.086165
-2.181662
-2.159500
-2.067003
-1.984041
-1.914929
-1.842205
-1.815411
-1.811762
-1.768879
-1.689695
-1.577236
-1.436802
-1.249007
-1.183720
-1.262706
-1.407480
-1.596434
-1.777653
-1.950960
-2.084795
-2.183348
-2.155771
-2.060436
-1.975335
-1.902330
-1.826208
-1.787150
-1.779832
-1.732947
-1.649953
-1.533338
-1.387472
-1.193949
-1.103787
-1.174480
-1.319151
-1.507333
-1.688522
-1.863817
-2.012767
-2.141324
-2.147072
-2.068961
-1.993800
-1.930497
-1.847080
-1.852738
-1.848772
-1.808922
-1.733288
-1.623726
-1.486925
-1.311910
-1.208696
-1.271412
-1.416221
-1.608290
-1.789371
-1.961650
-2.094937
-2.202039
-2.188046
-2.102182
-2.018286
-1.940074
-1.857660
-1.848426
-1.829663
-1.779016
-1.692164
-1.570119
-1.421972
-1.232965
-1.142041
-1.214733
-1.355502
-1.545634
-1.727517
-1.901842
-2.042879
-2.163179
-2.158534
-2.076371
-1.998260
-1.928139
-1.840891
-1.828840
-1.819687
-1.775520
-1.694632
-1.578347
-1.433431
-1.247818
-1.155688
-1.226138
-1.376338
-1.566687
-1.749618
-1.923004
-2.060883
-2.177058
-2.186866
-2.108127
-2.027488
-1.955768
-1.870869
-1.870725
-1.858397
-1.811814
-1.730232
-1.615136
-1.473825
-1.296426
-1.197800
-1.264803
-1.381563
-1.574693
-1.757692
-1.931266
-2.067088
-2.182171
-2.185948
-2.099407
-2.009499
-1.924827
-1.838852
-1.797613
-1.783044
-1.731701
-1.643556
-1.520271
-1.370114
-1.175110
-1.092270
-1.166522
-1.280280
-1.469935
-1.655967
-1.833220
-1.984532
-2.111284
-2.141460
-2.053743
-1.961826
-1.879803
-1.795686
-1.739713
-1.733592
-1.686927
-1.603742
-1.485453
-1.338376
-1.142741
-1.064396
-1.140237
-1.257606
-1.446293
-1.632367
-1.809703
-1.968675
-2.103912
-2.144782
-2.069717
-1.987222
-1.912355
-1.831763
-1.838082
-1.831825
-1.790775
-1.713520
-1.602128
-1.464586
-1.287353
-1.151737
-1.201677
-1.349599
-1.542454
-1.726537
-1.902164
-2.046165
-2.165152
-2.203666
-2.125433
-2.034300
-1.947315
-1.860192
-1.810102
-1.795184
-1.742543
-1.650768
-1.522029
-1.355838
-1.154797
-1.041567
-1.106497
-1.235802
-1.425147
-1.613187
-1.790168
-1.950815
-2.084706
-2.154147
-2.073347
-1.973638
-1.879962
-1.788010
-1.732863
-1.720914
-1.670175
-1.582840
-1.459853
-1.302102
-1.102137
-0.993249
-1.064670
-1.196981
-1.385792
-1.574503
-1.750568
-1.915990
-2.057985
-2.155255
-2.088786
-1.996986
-1.907994
-1.817127
-1.783952
-1.772256
-1.723462
-1.638107
-1.516511
-1.363047
-1.167003
-1.052076
-1.112806
-1.240983
-1.431432
-1.619209
-1.795094
-1.956440
-2.091398
-2.173719
-2.100372
-2.003839
-1.909892
-1.815829
-1.772672
-1.760145
-1.709318
-1.620373
-1.494951
-1.337466
-1.139269
-1.029677
-1.094258
-1.222955
-1.412418
-1.601513
-1.778326
-1.941358
-2.078009
-2.166606
-2.094788
-1.996856
-1.897685
-1.797311
-1.763727
-1.746083
-1.690440
-1.598199
-1.470097
-1.301041
-1.100094
-0.995751
-1.068768
-1.201902
-1.389978
-1.580379
-1.757143
-1.922584
-2.062057
-2.171212
-2.102833
-2.002538
-1.901633
-1.799400
-1.765021
-1.749863
-1.697076
-1.607425
-1.482026
-1.324672
-1.126449
-1.020273
-1.085311
-1.214567
-1.403580
-1.593744
-1.770391
-1.935332
-2.073168
-2.177139
-2.107975
-2.008767
-1.909661
-1.809050
-1.774355
-1.759690
-1.707279
-1.618012
-1.492736
-1.332569
-1.132860
-1.024755
-1.088439
-1.220845
-1.399504
-1.590693
-1.767692
-1.930630
-2.066232
-2.182365
-2.118071
-2.019625
-1.919198
-1.811949
-1.761410
-1.747960
-1.695181
-1.603472
-1.473979
-1.306981
-1.106038
-0.957002
-1.022961
-1.177899
-1.352763
-1.544025
-1.719984
-1.887928
-2.029873
-2.167423
-2.104972
-2.004563
-1.902960
-1.795753
-1.739417
-1.735903
-1.689984
-1.603264
-1.478387
-1.317910
-1.118490
-0.968758
-1.032662
-1.181034
-1.362830
-1.554204
-1.730290
-1.897792
-2.038474
-2.176195
-2.117569
-2.019614
-1.917423
-1.807612
-1.764204
-1.753858
-1.703101
-1.613673
-1.487068
-1.320878
-1.119951
-0.968249
-1.021561
-1.167299
-1.338516
-1.530427
-1.707772
-1.878026
-2.023962
-2.166006
-2.108834
-2.014187
-1.922536
-1.825812
-1.794447
-1.791872
-1.748530
-1.669254
-1.555136
-1.408642
-1.217010
-1.052394
-1.088442
-1.227057
-1.411121
-1.603682
-1.780450
-1.941064
-2.069746
-2.185719
-2.123407
-2.027553
-1.935444
-1.836227
-1.783418
-1.777169
-1.728315
-1.641363
-1.517343
-1.359457
-1.161274
-1.006195
-1.054672
-1.200108
-1.374559
-1.567571
-1.743804
-1.910483
-2.049693
-2.187558
-2.134422
-2.043757
-1.952261
-1.852627
-1.823002
-1.817915
-1.772248
-1.690732
-1.573819
-1.424083
-1.230617
-1.064816
-1.101669
-1.240842
-1.418453
-1.612056
-1.789121
-1.949628
-2.076500
-2.191803
-2.130153
-2.036991
-1.948868
-1.853299
-1.811166
-1.801458
-1.750823
-1.663968
-1.541455
-1.384468
-1.186406
-1.026786
-1.073130
-1.214760
-1.394251
-1.588332
-1.765209
-1.931841
-2.067586
-2.191780
-2.133653
-2.037319
-1.930418
-1.809226
-1.759516
-1.732578
-1.664040
-1.557743
-1.412916
-1.220124
-1.018992
-0.888013
-0.966431
-1.121124
-1.253498
-1.444963
-1.626352
-1.803054
-1.957776
-2.107804
-2.043390
-1.947105
-1.846432
-1.731755
-1.700016
-1.689229
-1.635843
-1.549255
-1.426225
-1.258111
-1.057286
-0.888000
-0.941159
-1.100911
-1.231159
-1.425671
-1.604676
-1.779884
-1.941414
-2.100838
-2.053876
-1.965307
-1.865435
-1.746538
-1.698501
-1.681675
-1.623409
-1.526007
-1.387975
-1.198848
-0.997899
-0.888011
-0.960569
-1.117816
-1.248503
-1.439097
-1.620097
-1.796224
-1.950124
-2.099535
-2.035356
-1.936828
-1.827685
-1.697322
-1.659126
-1.642761
-1.583409
-1.485044
-1.346253
-1.156678
-0.955788
-0.888010
-0.957934
-1.116534
-1.260048
-1.450684
-1.631460
-1.807185
-1.959580
-2.107487
-2.046520
-1.951071
-1.846658
-1.721568
-1.699583
-1.687005
-1.631167
-1.538242
-1.406254
-1.225024
-1.024143
-0.888009
-0.957292
-1.109589
-1.250799
-1.443770
-1.623167
-1.797606
-1.955321
-2.108528
-2.058577
-1.970605
-1.872717
-1.746756
-1.740446
-1.724005
-1.665693
-1.571932
-1.440011
-1.257811
-1.057256
-0.888000
-0.965272
-1.120272
-1.276042
-1.468945
-1.651531
-1.826367
-1.976737
-2.120340
-2.063999
-1.973777
-1.876724
-1.752956
-1.739543
-1.728144
-1.674334
-1.583976
-1.454424
-1.289075
-1.089678
-0.887999
-0.986203
-1.131384
-1.301249
-1.496287
-1.677564
-1.850553
-1.995231
-2.133864
-2.077745
-1.986135
-1.887803
-1.763271
-1.741673
-1.723717
-1.665285
-1.570601
-1.437057
-1.257171
-1.056452
-0.888000
-0.979844
-1.110421
-1.290929
-1.480635
-1.663724
-1.838930
-1.987112
-2.124409
-2.059753
-1.956682
-1.845880
-1.706869
-1.673929
-1.655479
-1.600247
-1.506397
-1.371665
-1.188945
-0.988099
-0.888001
-0.975625
-1.099475
-1.265740
-1.456468
-1.639714
-1.815797
-1.966059
-2.104951
-2.054716
-1.950201
-1.836215
-1.695459
-1.662336
-1.645145
-1.589756
-1.495489
-1.360659
-1.177494
-0.976942
-0.888005
-0.981818
-1.101467
-1.272381
-1.459862
-1.644910
-1.821426
-1.968847
-2.103076
-2.046327
-1.937545
-1.820435
-1.674513
-1.638668
-1.621797
-1.568015
-1.474812
-1.339591
-1.155421
-0.954597
-0.888004
-0.978275
-1.099945
-1.257235
-1.448193
-1.632573
-1.809237
-1.961358
-2.100794
-2.059744
-1.960307
-1.851869
-1.719617
-1.704084
-1.689446
-1.638341
-1.549293
-1.419881
-1.244496
-1.043923
-0.888000
-0.984115
-1.109089
-1.294088
-1.477251
-1.663232
-1.840732
-1.988553
-2.121421
-2.062846
-1.961452
-1.856849
-1.724832
-1.685895
-1.671555
-1.616274
-1.524714
-1.393113
-1.217945
-1.017297
-0.888005
-0.974865
-1.101157
-1.258983
-1.450081
-1.634549
-1.810111
-1.962347
-2.102175
-2.070261
-1.987332
-1.904270
-1.758023
-1.781048
-1.756199
-1.692131
-1.592699
-1.453594
-1.273494
-1.074080
-0.887995
-0.979682
-1.106042
-1.289093
-1.476240
-1.663953
-1.840173
-1.982943
-2.110669
-2.055037
-1.951150
-1.843269
-1.705228
-1.650527
-1.617434
-1.546746
-1.435328
-1.278635
-1.078195
-0.888000
-0.888010
-0.960884
-1.074663
-1.209310
-1.398117
-1.584811
-1.761249
-1.920622
-2.065296
-2.060884
-1.972907
-1.865061
-1.729662
-1.722384
-1.699336
-1.640199
-1.545653
-1.412495
-1.229726
-1.029086
-0.888000
-0.936247
-1.061092
-1.211560
-1.398439
-1.586580
-1.764822
-1.925337
-2.070081
-2.052444
-1.967717
-1.880497
-1.733448
-1.751331
-1.713731
-1.638881
-1.528772
-1.377605
-1.179095
-0.978427
-0.887969
-0.953778
-1.075989
-1.251943
-1.412632
-1.603068
-1.782129
-1.937463
-2.075670
-2.069719
-1.978063
-1.880009
-1.723940
-1.721717
-1.694370
-1.631268
-1.532486
-1.393745
-1.211917
-1.011639
-0.888010
-0.964257
-1.078941
-1.254623
-1.446116
-1.633879
-1.810853
-1.962430
-2.097164
-2.083311
-1.993807
-1.891106
-1.757596
-1.744500
-1.719194
-1.655935
-1.554158
-1.411349
-1.223552
-1.023083
-0.888002
-0.970001
-1.089987
-1.273203
-1.466303
-1.653658
-1.829761
-1.980666
-2.115555
-2.118782
-2.036659
-1.933932
-1.794504
-1.782048
-1.753401
-1.687510
-1.584723
-1.441978
-1.253751
-1.053675
-0.887999
-0.968394
-1.085114
-1.269434
-1.461905
-1.649883
-1.827330
-1.973686
-2.101647
-2.103530
-2.013797
-1.906367
-1.753359
-1.758639
-1.710821
-1.623428
-1.501168
-1.330664
-1.129481
-0.928116
-0.888005
-0.979957
-1.104708
-1.258418
-1.446835
-1.637902
-1.816509
-1.969471
-2.100482
-2.114967
-2.024651
-1.912220
-1.762081
-1.752687
-1.725875
-1.659642
-1.556769
-1.412490
-1.223801
-1.023344
-0.888004
-0.943501
-1.059992
-1.249648
-1.440113
-1.628399
-1.805631
-1.959397
-2.091269
-2.120100
-2.042858
-1.948304
-1.792324
-1.811100
-1.772557
-1.696586
-1.585415
-1.435441
-1.240299
-1.039387
-0.888000
-0.942119
-1.053481
-1.243564
-1.429225
-1.619532
-1.798785
-1.954927
-2.086709
-2.110151
-2.023753
-1.916490
-1.741249
-1.763591
-1.725697
-1.647173
-1.533506
-1.378749
-1.180587
-0.979720
-0.888003
-0.944452
-1.060660
-1.247871
-1.434496
-1.625654
-1.804715
-1.960277
-2.090176
-2.105168
-2.013931
-1.900316
-1.747893
-1.729718
-1.698797
-1.631531
-1.526140
-1.379389
-1.186122
-0.985758
-0.888012
-0.939265
-1.044178
-1.226922
-1.414442
-1.605688
-1.783468
-1.941528
-2.073476
-2.105001
-2.015390
-1.900834
-1.750596
-1.720006
-1.691716
-1.627200
-1.525300
-1.382557
-1.190879
-0.989994
-0.887962
-0.934408
-1.039340
-1.212720
-1.403196
-1.594005
-1.772175
-1.933909
-2.069274
-2.110884
-2.026130
-1.916257
-1.774211
-1.736724
-1.710479
-1.643874
-1.537026
-1.384657
-1.184791
-0.983722
-0.887984
-0.921822
-1.040847
-1.201270
-1.390422
-1.583876
-1.762683
-1.927098
-2.066625
-2.116568
-2.040381
-1.935289
-1.794121
-1.755987
-1.729578
-1.662093
-1.544788
-1.352273
-1.150725
-0.949020
-0.888009
-0.925171
-1.077513
-1.257716
-1.417314
-1.614266
-1.795284
-1.952412
-2.078097
-2.121135
-2.062322
-1.987132
-1.896773
-1.916180
-1.878069
-1.804297
-1.697574
-1.554755
-1.375380
-1.174404
-0.971886
-0.910605
-1.061943
-1.256826
-1.448348
-1.635606
-1.813301
-1.962834
-2.081962
-2.145726
-2.070068
-1.959357
-1.792179
-1.807145
-1.758432
-1.672279
-1.543413
-1.363211
-1.162049
-0.960420
-0.888006
-0.919497
-1.051480
-1.241357
-1.432993
-1.622784
-1.798370
-1.958399
-2.089756
-2.176418
-2.101016
-1.977900
-1.810136
-1.800550
-1.772996
-1.706565
-1.600221
-1.438163
-1.236788
-1.035543
-0.887999
-0.908380
-1.021872
-1.187362
-1.373191
-1.559914
-1.736517
-1.905247
-2.048431
-2.139435
-2.065352
-1.939458
-1.755261
-1.711369
-1.675675
-1.604975
-1.496148
-1.347306
-1.151173
-0.951117
-0.888000
-0.908446
-1.009154
-1.160204
-1.347003
-1.540126
-1.720171
-1.888103
-2.027110
-2.131109
-2.051304
-1.927243
-1.737530
-1.731922
-1.709870
-1.652210
-1.559794
-1.430390
-1.261267
-1.061084
-0.887950
-0.914863
-1.057483
-1.238224
-1.429422
-1.614970
-1.795287
-1.950681
-2.069192
-2.129817
-2.050014
-1.935746
-1.764282
-1.758151
-1.724501
-1.653158
-1.544098
-1.401308
-1.217125
-1.016057
-0.888000
-0.911661
-1.036559
-1.198963
-1.388212
-1.579560
-1.759552
-1.928413
-2.062381
-2.145904
-2.062080
-1.942155
-1.751690
-1.735061
-1.708137
-1.647723
-1.549306
-1.413787
-1.233191
-1.032866
-0.888003
-0.915018
-1.050139
-1.214058
-1.403572
-1.591171
-1.772496
-1.934932
-2.061548
-2.148778
-2.067220
-1.947229
-1.810347
-1.736398
-1.718101
-1.662617
-1.570762
-1.445449
-1.280295
-1.081859
-0.887945
-0.905766
-1.018166
-1.171478
-1.359252
-1.552239
-1.728861
-1.896335
-2.032933
-2.168927
-2.109520
-1.995233
-1.822582
-1.811159
-1.777285
-1.710964
-1.597948
-1.454756
-1.265275
-1.064582
-0.887999
-0.888009
-1.028979
-1.198769
-1.376237
-1.564556
-1.747464
-1.917266
-2.049831
-2.149133
-2.061080
-1.929217
-1.764470
-1.679505
-1.661632
-1.609108
-1.514990
-1.385243
-1.209036
-1.008943
-0.887986
-0.888009
-0.992336
-1.142821
-1.329714
-1.521024
-1.702800
-1.876422
-2.018629
-2.145816
-2.073459
-1.954765
-1.824664
-1.748589
-1.733721
-1.684628
-1.591900
-1.467247
-1.298805
-1.098078
-0.896139
-0.888005
-1.032453
-1.206980
-1.397687
-1.583912
-1.766539
-1.931520
-2.056681
-2.156756
-2.080176
-1.963419
-1.827876
-1.732521
-1.717321
-1.665871
-1.567551
-1.441131
-1.273940
-1.074663
-0.887997
-0.888010
-1.007518
-1.162392
-1.343001
-1.534907
-1.713729
-1.885101
-2.028421
-2.167156
-2.102133
-1.983587
-1.842155
-1.757588
-1.736094
-1.680297
-1.581369
-1.448616
-1.266925
-1.066377
-0.888000
-0.888008
-1.014326
-1.161604
-1.349413
-1.537042
-1.720735
-1.891308
-2.023750
-2.132194
-2.050591
-1.927749
-1.741410
-1.700229
-1.677654
-1.624778
-1.523435
-1.338532
-1.137337
-0.936311
-0.888001
-0.888010
-1.027379
-1.198498
-1.389087
-1.581578
-1.763762
-1.930787
-2.058408
-2.181616
-2.119969
-2.008066
-1.873484
-1.826507
-1.820507
-1.780375
-1.698955
-1.585157
-1.434523
-1.240637
-1.038954
-0.888007
-1.008757
-1.157935
-1.344814
-1.535409
-1.717967
-1.888392
-2.025958
-2.159945
-2.096817
-1.979948
-1.838314
-1.750394
-1.731135
-1.677411
-1.583073
-1.459198
-1.292262
-1.091287
-0.889239
-0.888006
-0.990351
-1.122743
-1.312361
-1.496818
-1.681581
-1.856371
-1.998160
-2.128233
-2.058881
-1.942896
-1.812032
-1.720350
-1.714684
-1.669372
-1.578771
-1.458952
-1.298673
-1.100025
-0.898397
-0.888008
-0.990785
-1.122257
-1.306953
-1.497240
-1.680531
-1.855186
-1.999167
-2.134816
-2.064332
-1.946757
-1.812061
-1.710755
-1.704868
-1.659831
-1.569571
-1.447398
-1.278288
-1.077914
-0.887954
-0.888008
-0.989126
-1.122475
-1.306486
-1.495652
-1.679824
-1.853827
-1.998194
-2.133685
-2.063871
-1.949223
-1.820474
-1.715914
-1.713160
-1.666414
-1.582106
-1.461697
-1.296747
-1.096556
-0.894868
-0.888008
-0.991263
-1.123212
-1.304284
-1.494706
-1.679058
-1.855102
-2.000135
-2.133276
-2.062021
-1.950169
-1.829145
-1.724478
-1.723402
-1.678486
-1.595921
-1.476252
-1.311110
-1.110889
-0.909104
-0.888008
-0.993234
-1.125716
-1.309888
-1.500518
-1.685585
-1.862435
-2.005764
-2.135561
-2.065840
-1.957455
-1.842776
-1.744581
-1.740578
-1.693592
-1.607250
-1.486583
-1.323336
-1.123035
-0.921490
-0.888011
-1.003278
-1.132478
-1.317441
-1.508400
-1.693307
-1.868375
-2.008538
-2.134685
-2.063217
-1.952796
-1.834157
-1.737742
-1.733183
-1.686834
-1.596369
-1.474283
-1.309909
-1.109444
-0.907832
-0.888011
-1.004067
-1.131476
-1.309952
-1.501816
-1.687314
-1.863508
-2.005492
-2.132521
-2.064023
-1.957616
-1.841816
-1.754711
-1.753231
-1.703400
-1.616423
-1.495768
-1.335032
-1.135510
-0.934005
-0.888007
-0.978987
-1.095134
-1.282030
-1.470813
-1.656836
-1.831623
-1.979022
-2.112817
-2.052594
-1.942914
-1.816911
-1.697090
-1.695477
-1.646970
-1.559560
-1.439275
-1.270942
-1.070292
-0.887998
-0.888003
-0.968596
-1.082740
-1.231640
-1.417122
-1.605468
-1.785370
-1.940854
-2.077333
-2.046681
-1.940913
-1.815462
-1.674440
-1.682825
-1.638000
-1.554198
-1.433821
-1.261819
-1.060734
-0.887999
-0.888002
-0.970667
-1.089580
-1.223467
-1.409110
-1.599183
-1.779558
-1.936385
-2.074288
-2.054501
-1.958994
-1.849782
-1.723660
-1.733755
-1.691867
-1.612864
-1.495698
-1.338774
-1.139726
-0.938847
-0.888006
-0.978200
-1.099085
-1.278326
-1.464161
-1.653857
-1.833593
-1.978572
-2.104022
-2.043412
-1.945108
-1.846485
-1.740719
-1.744387
-1.699720
-1.616418
-1.495653
-1.329270
-1.127606
-0.926095
-0.888001
-0.989703
-1.111525
-1.241664
-1.399734
-1.590565
-1.771109
-1.932260
-2.070602
-2.035079
-1.934286
-1.807230
-1.622841
-1.623687
-1.592448
-1.525239
-1.415589
-1.255884
-1.054844
-0.887978
-0.888003
-0.965909
-1.072780
-1.201337
-1.380790
-1.572079
-1.751082
-1.912054
-2.053798
-2.071630
-1.985150
-1.868338
-1.706386
-1.716104
-1.686189
-1.618778
-1.514926
-1.370287
-1.174191
-0.973812
-0.887994
-0.940075
-1.065129
-1.207439
-1.398368
-1.588486
-1.766677
-1.927250
-2.069123
-2.088784
-2.009281
-1.909275
-1.767023
-1.778567
-1.730982
-1.643122
-1.515241
-1.330027
-1.128650
-0.927088
-0.888000
-0.949278
-1.069201
-1.258949
-1.450754
-1.641846
-1.819769
-1.976177
-2.108461
-2.131303
-2.041612
-1.923407
-1.760579
-1.774236
-1.730051
-1.644398
-1.517116
-1.329109
-1.127645
-0.925925
-0.888009
-0.948337
-1.069185
-1.225600
-1.415684
-1.608777
-1.788744
-1.949049
-2.084393
-2.118547
-2.031861
-1.911720
-1.743936
-1.749098
-1.715569
-1.645561
-1.539598
-1.393615
-1.203905
-1.004276
-0.888009
-0.940159
-1.047389
-1.223723
-1.414377
-1.604109
-1.781380
-1.938429
-2.070949
-2.095323
-2.003370
-1.886180
-1.698994
-1.704195
-1.671255
-1.600641
-1.494314
-1.346370
-1.154679
-0.955120
-0.887999
-0.934560
-1.033756
-1.201712
-1.391309
-1.581738
-1.759468
-1.918954
-2.052774
-2.096346
-2.005803
-1.886264
-1.731283
-1.703255
-1.678669
-1.614305
-1.512567
-1.371184
-1.179747
-0.978557
-0.888000
-0.935689
-1.045587
-1.216025
-1.405316
-1.596529
-1.773742
-1.936494
-2.076136
-2.138584
-2.069204
-1.970914
-1.845387
-1.823836
-1.802390
-1.744141
-1.651472
-1.520358
-1.350048
-1.149477
-0.947297
-0.922091
-1.042191
-1.226976
-1.419101
-1.609595
-1.786384
-1.944440
-2.077942
-2.137974
-2.057450
-1.938740
-1.766453
-1.702900
-1.669554
-1.596824
-1.487315
-1.332870
-1.133654
-0.932895
-0.888008
-0.938677
-1.074012
-1.204262
-1.374350
-1.564079
-1.741780
-1.910838
-2.049719
-2.158568
-2.076131
-1.950380
-1.782565
-1.762871
-1.711696
-1.620109
-1.490124
-1.313138
-1.112027
-0.910655
-0.888003
-0.922618
-1.064313
-1.254109
-1.444118
-1.635363
-1.814003
-1.969292
-2.093520
-2.163542
-2.078941
-1.962420
-1.821986
-1.793356
-1.770352
-1.711181
-1.611321
-1.477867
-1.303020
-1.102006
-0.899719
-0.917190
-1.056746
-1.241540
-1.435104
-1.619835
-1.795807
-1.952176
-2.080155
-2.168492
-2.094153
-1.976514
-1.832676
-1.779484
-1.753882
-1.691344
-1.594844
-1.461808
-1.287784
-1.086827
-0.887998
-0.911657
-1.030971
-1.198398
-1.386001
-1.573261
-1.750177
-1.911961
-2.043430
-2.148726
-2.073080
-1.947375
-1.780352
-1.763840
-1.712828
-1.623906
-1.483121
-1.292126
-1.091162
-0.889848
-0.888004
-0.920025
-1.056368
-1.232266
-1.415436
-1.609490
-1.789750
-1.947254
-2.068427
-2.112373
-2.013856
-1.869792
-1.680746
-1.620217
-1.602477
-1.554928
-1.469863
-1.341166
-1.162736
-0.961480
-0.888000
-0.917515
-1.038531
-1.219164
-1.408831
-1.599688
-1.780136
-1.933628
-2.055523
-2.127275
-2.032320
-1.894790
-1.710417
-1.605570
-1.566038
-1.485918
-1.350660
-1.151152
-0.949735
-0.888000
-0.888016
-0.917984
-1.049555
-1.216147
-1.348300
-1.543137
-1.724418
-1.897202
-2.037063
-2.160788
-2.088970
-1.964535
-1.796467
-1.779130
-1.753577
-1.691121
-1.591398
-1.458520
-1.278141
-1.078049
-0.887960
-0.910566
-1.028548
-1.188290
-1.374034
-1.566940
-1.747564
-1.909588
-2.036556
-2.149233
-2.083778
-1.969526
-1.802325
-1.798693
-1.756692
-1.676621
-1.555479
-1.388839
-1.188025
-0.987022
-0.888001
-0.888012
-1.035422
-1.207154
-1.396879
-1.590447
-1.769738
-1.934162
-2.063174
-2.129503
-2.044244
-1.901874
-1.711128
-1.672299
-1.673935
-1.636609
-1.554452
-1.433644
-1.272448
-1.076920
-0.887981
-0.888322
-0.986526
-1.126230
-1.309915
-1.498674
-1.676246
-1.848991
-1.998655
-2.151161
-2.103878
-1.987876
-1.821143
-1.758573
-1.732155
-1.673644
-1.572845
-1.438335
-1.262322
-1.062714
-0.887998
-0.888013
-1.015549
-1.150900
-1.329274
-1.515220
-1.692887
-1.864555
-2.008363
-2.150453
-2.077311
-1.943240
-1.774885
-1.686862
-1.663127
-1.606034
-1.504358
-1.366936
-1.179533
-0.979249
-0.888000
-0.888009
-1.007223
-1.151055
-1.338502
-1.528016
-1.708821
-1.881375
-2.020208
-2.138655
-2.062968
-1.945119
-1.758334
-1.731648
-1.713862
-1.662874
-1.563418
-1.422020
-1.229336
-1.029917
-0.888000
-0.888006
-1.015408
-1.177939
-1.369967
-1.561271
-1.740010
-1.905515
-2.039114
-2.167622
-2.105835
-1.988293
-1.809461
-1.776600
-1.753689
-1.699875
-1.601193
-1.470982
-1.299436
-1.100348
-0.898774
-0.888005
-1.031862
-1.174315
-1.361766
-1.548880
-1.729368
-1.897688
-2.032300
-2.144590
-2.061875
-1.932809
-1.777308
-1.689716
-1.669312
-1.618305
-1.523129
-1.395799
-1.227911
-1.028018
-0.888000
-0.888007
-1.002247
-1.144194
-1.330050
-1.518472
-1.701004
-1.874194
-2.015880
-2.143032
-2.069441
-1.950549
-1.812765
-1.725688
-1.716663
-1.672490
-1.584694
-1.463596
-1.302456
-1.103571
-0.901750
-0.888008
-0.989421
-1.127962
-1.318207
-1.511198
-1.690869
-1.863151
-2.006554
-2.142909
-2.083427
-1.977428
-1.854388
-1.778565
-1.762416
-1.708544
-1.609316
-1.481131
-1.310802
-1.110661
-0.908844
-0.888009
-1.002599
-1.134284
-1.323114
-1.512525
-1.694205
-1.866938
-2.007557
-2.139393
-2.067842
-1.951593
-1.821065
-1.725723
-1.716342
-1.667164
-1.571614
-1.446679
-1.279282
-1.079581
-0.887963
-0.888008
-0.992101
-1.123652
-1.313426
-1.500869
-1.682632
-1.856009
-1.998425
-2.130281
-2.061989
-1.951749
-1.830604
-1.735410
-1.729530
-1.683561
-1.594199
-1.475958
-1.318389
-1.120617
-0.919214
-0.888005
-0.983266
-1.115760
-1.301895
-1.487521
-1.671796
-1.847937
-1.992741
-2.120716
-2.047442
-1.935627
-1.813033
-1.699859
-1.694129
-1.644804
-1.558149
-1.436905
-1.270214
-1.070424
-0.887998
-0.888004
-0.973639
-1.107545
-1.250624
-1.437217
-1.624431
-1.803310
-1.954708
-2.094116
-2.024252
-1.920623
-1.810827
-1.698470
-1.695631
-1.649284
-1.562135
-1.441633
-1.273377
-1.074044
-0.887997
-0.888004
-0.962021
-1.104503
-1.254561
-1.438942
-1.627120
-1.806055
-1.957770
-2.096046
-2.027008
-1.926449
-1.824390
-1.714503
-1.712519
-1.666198
-1.580514
-1.460603
-1.300082
-1.099951
-0.898471
-0.888005
-0.980379
-1.115282
-1.268947
-1.454564
-1.642357
-1.820772
-1.968287
-2.102361
-2.033228
-1.931960
-1.828020
-1.720668
-1.721875
-1.678768
-1.597885
-1.480722
-1.321731
-1.120951
-0.919420
-0.887999
-0.982513
-1.117490
-1.270292
-1.450240
-1.639352
-1.818862
-1.966715
-2.099004
-2.033009
-1.937130
-1.841677
-1.742373
-1.743078
-1.695670
-1.609622
-1.488339
-1.327209
-1.126631
-0.925252
-0.888002
-0.969899
-1.087739
-1.266304
-1.451001
-1.640588
-1.820834
-1.970427
-2.103372
-2.033255
-1.931594
-1.828231
-1.715480
-1.718825
-1.672430
-1.585722
-1.462000
-1.286158
-1.084458
-0.887998
-0.888002
-0.977842
-1.092114
-1.243487
-1.410341
-1.601273
-1.783790
-1.942418
-2.080975
-2.035203
-1.939273
-1.835831
-1.716170
-1.721701
-1.678270
-1.595909
-1.477563
-1.309181
-1.107449
-0.905825
-0.888012
-0.965861
-1.077338
-1.228902
-1.365393
-1.557612
-1.740512
-1.904307
-2.047873
-2.012543
-1.921785
-1.826848
-1.721017
-1.729183
-1.688922
-1.607369
-1.489034
-1.328039
-1.127812
-0.926702
-0.888000
-0.983808
-1.107102
-1.268558
-1.436298
-1.626373
-1.805693
-1.959811
-2.092605
-2.040002
-1.940547
-1.828084
-1.651488
-1.678363
-1.649525
-1.584729
-1.481140
-1.332812
-1.134515
-0.934120
-0.888000
-0.951523
-1.068399
-1.213018
-1.398501
-1.589644
-1.767132
-1.927799
-2.069278
-2.063396
-1.980661
-1.881947
-1.743994
-1.757536
-1.729220
-1.666257
-1.566239
-1.427395
-1.248042
-1.048757
-0.888000
-0.940238
-1.065560
-1.237674
-1.426708
-1.617467
-1.795813
-1.951591
-2.086338
-2.050919
-1.959688
-1.857644
-1.676959
-1.682711
-1.642771
-1.565534
-1.450063
-1.279362
-1.078284
-0.887967
-0.888011
-0.963740
-1.085660
-1.226450
-1.401245
-1.594019
-1.772724
-1.933656
-2.072296
-2.102435
-2.025732
-1.922571
-1.780617
-1.789986
-1.756382
-1.680979
-1.556352
-1.363580
-1.162101
-0.960832
-0.887989
-0.924679
-1.074725
-1.247793
-1.442945
-1.636055
-1.814472
-1.969499
-2.103442
-2.092253
-2.019967
-1.929235
-1.824115
-1.826740
-1.775920
-1.690606
-1.563141
-1.371281
-1.169775
-0.968478
-0.888000
-0.945062
-1.075523
-1.236758
-1.415212
-1.609417
-1.789249
-1.947428
-2.080991
-2.107964
-2.021086
-1.903449
-1.722649
-1.744602
-1.706723
-1.634623
-1.524428
-1.373079
-1.177986
-0.977778
-0.888000
-0.943975
-1.047056
-1.227141
-1.411924
-1.603212
-1.781926
-1.939668
-2.071696
-2.082604
-1.988893
-1.871795
-1.710329
-1.698405
-1.666590
-1.601169
-1.498641
-1.355522
-1.163946
-0.963063
-0.887954
-0.934498
-1.034282
-1.196396
-1.382789
-1.573699
-1.753548
-1.917046
-2.054230
-2.080061
-1.991265
-1.879997
-1.732320
-1.707406
-1.681986
-1.620997
-1.523031
-1.384009
-1.193938
-0.992803
-0.887999
-0.929876
-1.035998
-1.194967
-1.384070
-1.576257
-1.755445
-1.919275
-2.055589
-2.119971
-2.050034
-1.956275
-1.807908
-1.828354
-1.788594
-1.709651
-1.596250
-1.444540
-1.252739
-1.051696
-0.887957
-0.943740
-1.092912
-1.283863
-1.472821
-1.661159
-1.840850
-1.983520
-2.095022
-2.084741
-1.996426
-1.907862
-1.786313
-1.801294
-1.757575
-1.671942
-1.540156
-1.354519
-1.153324
-0.952419
-0.887999
-0.948193
-1.087460
-1.275808
-1.466482
-1.656621
-1.832979
-1.984285
-2.107602
-2.148368
-2.072339
-1.959125
-1.783928
-1.805256
-1.767070
-1.697132
-1.593710
-1.452037
-1.263442
-1.062153
-0.887999
-0.923984
-1.045115
-1.231749
-1.422646
-1.610260
-1.790111
-1.944671
-2.070906
-2.125962
-2.036263
-1.910648
-1.718470
-1.676456
-1.639200
-1.570143
-1.464019
-1.317446
-1.122994
-0.922711
-0.888003
-0.913720
-1.012297
-1.165574
-1.349864
-1.540709
-1.720950
-1.890100
-2.029826
-2.129996
-2.049457
-1.926740
-1.763297
-1.733683
-1.709145
-1.650866
-1.554123
-1.420739
-1.244945
-1.044648
-0.887940
-0.914319
-1.035975
-1.214553
-1.406113
-1.593883
-1.772790
-1.935000
-2.066752
-2.132680
-2.049449
-1.933179
-1.791890
-1.737123
-1.715780
-1.657429
-1.565446
-1.436321
-1.266972
-1.066599
-0.887951
-0.907895
-1.010931
-1.167530
-1.359424
-1.550648
-1.728654
-1.894583
-2.031590
-2.140990
-2.072962
-1.958546
-1.790396
-1.793181
-1.750838
-1.668777
-1.548339
-1.387674
-1.187485
-0.986742
-0.888000
-0.914894
-1.046613
-1.220819
-1.395798
-1.587373
-1.768685
-1.930802
-2.058602
-2.150105
-2.059670
-1.928235
-1.766726
-1.705181
-1.686047
-1.631104
-1.537141
-1.401924
-1.219786
-1.018707
-0.888000
-0.915044
-1.040199
-1.204474
-1.395775
-1.584889
-1.765325
-1.931308
-2.064889
-2.151669
-2.077501
-1.971106
-1.842601
-1.793810
-1.782120
-1.734446
-1.653171
-1.533839
-1.377148
-1.179476
-0.977614
-0.903449
-1.014109
-1.170608
-1.363939
-1.554135
-1.733137
-1.896900
-2.028025
-2.135288
-2.068260
-1.957969
-1.793486
-1.773945
-1.722309
-1.637029
-1.492028
-1.300042
-1.098956
-0.897864
-0.888004
-0.888009
-1.011856
-1.178011
-1.307850
-1.499797
-1.685642
-1.856393
-1.989330
-2.100992
-2.006762
-1.864205
-1.685505
-1.603537
-1.589872
-1.541745
-1.446733
-1.312731
-1.124993
-0.923925
-0.887999
-0.888010
-0.970125
-1.122764
-1.266187
-1.456847
-1.640147
-1.819045
-1.974850
-2.120307
-2.058762
-1.952019
-1.832819
-1.773621
-1.771484
-1.733355
-1.654472
-1.541216
-1.390594
-1.193701
-0.991830
-0.888011
-1.033267
-1.224863
-1.416062
-1.596892
-1.779963
-1.939053
-2.053980
-2.119261
-2.045183
-1.944629
-1.763373
-1.722253
-1.686606
-1.619466
-1.503606
-1.310490
-1.109170
-0.907632
-0.888003
-0.888007
-1.017055
-1.189007
-1.378909
-1.571661
-1.756326
-1.926428
-2.056762
-2.164892
-2.084443
-1.960974
-1.812652
-1.750728
-1.737912
-1.692755
-1.597049
-1.473230
-1.309369
-1.108670
-0.906637
-0.888007
-1.021526
-1.190575
-1.377282
-1.565717
-1.748482
-1.917157
-2.046511
-2.159892
-2.094613
-1.987033
-1.863941
-1.786286
-1.774404
-1.726878
-1.638848
-1.519557
-1.362098
-1.164696
-0.962979
-0.888008
-0.998654
-1.148664
-1.338694
-1.528026
-1.709221
-1.882018
-2.019384
-2.144730
-2.074848
-1.959764
-1.830163
-1.742929
-1.726231
-1.674965
-1.580294
-1.455016
-1.289953
-1.089593
-0.887998
-0.888009
-1.021535
-1.170443
-1.357718
-1.546052
-1.729392
-1.897908
-2.030026
-2.156814
-2.090012
-1.975628
-1.841275
-1.756414
-1.747894
-1.703267
-1.615712
-1.496662
-1.338314
-1.140609
-0.938698
-0.888009
-0.998570
-1.134431
-1.324134
-1.515403
-1.696610
-1.869424
-2.011838
-2.149375
-2.089526
-1.981721
-1.856266
-1.772902
-1.763914
-1.714339
-1.622725
-1.499520
-1.335040
-1.134621
-0.932736
-0.888009
-1.003202
-1.135872
-1.325935
-1.516148
-1.697327
-1.869107
-2.008493
-2.138849
-2.072340
-1.961847
-1.851022
-1.750711
-1.743050
-1.695056
-1.604497
-1.482819
-1.319455
-1.119489
-0.917784
-0.888008
-1.005479
-1.137083
-1.325885
-1.515850
-1.697356
-1.869799
-2.009613
-2.139395
-2.072313
-1.961825
-1.858924
-1.751049
-1.746758
-1.701321
-1.618334
-1.501103
-1.343434
-1.145913
-0.944288
-0.888009
-0.999060
-1.128161
-1.315263
-1.504205
-1.687584
-1.861957
-2.004379
-2.135926
-2.065249
-1.951967
-1.825373
-1.721264
-1.713058
-1.662891
-1.574148
-1.451286
-1.284778
-1.085358
-0.888002
-0.888012
-0.989074
-1.118331
-1.300104
-1.488044
-1.671959
-1.846106
-1.991569
-2.124953
-2.053650
-1.939709
-1.813462
-1.707124
-1.699601
-1.650707
-1.563409
-1.441761
-1.277916
-1.077828
-0.887996
-0.888005
-0.994739
-1.120756
-1.286419
-1.469472
-1.656359
-1.834610
-1.978734
-2.107870
-2.030145
-1.916045
-1.796366
-1.681776
-1.678516
-1.632384
-1.547982
-1.427848
-1.262786
-1.062137
-0.887999
-0.888004
-0.989925
-1.117566
-1.260587
-1.441070
-1.629414
-1.808503
-1.957625
-2.092234
-2.020768
-1.915481
-1.806236
-1.699141
-1.700844
-1.658831
-1.577780
-1.459781
-1.296940
-1.095961
-0.894509
-0.888001
-0.964685
-1.088932
-1.259986
-1.446910
-1.636109
-1.816531
-1.967500
-2.102372
-2.033674
-1.931342
-1.822527
-1.711181
-1.713107
-1.667510
-1.578246
-1.435631
-1.234499
-1.032318
-0.888000
-0.888001
-0.970594
-1.113274
-1.259256
-1.427443
-1.620512
-1.803308
-1.961706
-2.097746
-2.040546
-1.955000
-1.865728
-1.798409
-1.802169
-1.759510
-1.681491
-1.567334
-1.410998
-1.211481
-1.009266
-0.888006
-0.985436
-1.106658
-1.300007
-1.454394
-1.643111
-1.822830
-1.972030
-2.104004
-2.066875
-1.978737
-1.880412
-1.776821
-1.782983
-1.740767
-1.660683
-1.549298
-1.399384
-1.204209
-1.003080
-0.888003
-0.961151
-1.078181
-1.262317
-1.439392
-1.628891
-1.807443
-1.960530
-2.095396
-2.053172
-1.948288
-1.824301
-1.667097
-1.669395
-1.619681
-1.533583
-1.408679
-1.226776
-1.025856
-0.888000
-0.888003
-0.963400
-1.081788
-1.214986
-1.387339
-1.578704
-1.759486
-1.920182
-2.059014
-2.060043
-1.965817
-1.848563
-1.667950
-1.688226
-1.652716
-1.582742
-1.474821
-1.326789
-1.131575
-0.931867
-0.888011
-0.957819
-1.067509
-1.229540
-1.407494
-1.597508
-1.776819
-1.930980
-2.064507
-2.040155
-1.946876
-1.849792
-1.715118
-1.728698
-1.687764
-1.610670
-1.497598
-1.346429
-1.152765
-0.952723
-0.888028
-0.967565
-1.082941
-1.266444
-1.455799
-1.645372
-1.824713
-1.973171
-2.100409
-2.077593
-1.984862
-1.880816
-1.746974
-1.757951
-1.716121
-1.637313
-1.521543
-1.359592
-1.158218
-0.956822
-0.887999
-0.976223
-1.094082
-1.261134
-1.445221
-1.637494
-1.819464
-1.971519
-2.097549
-2.083763
-1.996069
-1.898001
-1.778180
-1.783335
-1.734325
-1.647751
-1.523058
-1.356389
-1.155332
-0.954147
-0.887999
-0.953910
-1.084040
-1.271443
-1.456624
-1.646419
-1.826551
-1.974107
-2.097433
-2.074167
-1.973254
-1.860409
-1.707832
-1.718952
-1.674135
-1.590737
-1.456680
-1.258895
-1.056972
-0.888000
-0.887999
-0.940488
-1.072364
-1.241375
-1.380692
-1.574940
-1.759718
-1.923406
-2.058532
-2.046062
-1.964444
-1.873603
-1.742610
-1.772643
-1.743516
-1.681181
-1.579103
-1.435108
-1.248705
-1.049896
-0.887995
-0.945578
-1.075148
-1.260539
-1.449035
-1.637879
-1.817051
-1.963912
-2.085140
-2.085493
-1.995046
-1.892155
-1.741562
-1.755916
-1.711312
-1.627895
-1.505813
-1.336008
-1.134882
-0.933612
-0.888000
-0.947937
-1.075973
-1.261165
-1.448236
-1.640227
-1.820816
-1.974680
-2.099843
-2.121382
-2.030767
-1.916700
-1.766436
-1.756763
-1.730991
-1.668071
-1.568028
-1.427723
-1.242917
-1.042221
-0.887949
-0.938112
-1.054076
-1.239330
-1.431968
-1.621836
-1.799452
-1.954255
-2.083111
-2.132539
-2.052364
-1.948556
-1.760913
-1.772314
-1.741989
-1.672993
-1.569122
-1.425544
-1.241068
-1.041405
-0.888000
-0.933140
-1.048787
-1.225561
-1.417810
-1.608541
-1.785755
-1.944417
-2.074727
-2.131617
-2.045394
-1.930000
-1.782978
-1.735210
-1.708074
-1.642124
-1.540673
-1.399523
-1.211955
-1.011027
-0.888013
-0.934974
-1.053332
-1.221098
-1.412319
-1.603537
-1.782803
-1.940629
-2.067098
-2.144305
-2.072976
-1.976272
-1.829832
-1.853562
-1.812457
-1.733009
-1.600355
-1.409436
-1.208200
-1.007092
-0.888001
-0.921236
-1.056416
-1.252337
-1.448031
-1.641270
-1.816175
-1.973348
-2.101652
-2.182609
-2.104903
-1.971771
-1.790519
-1.766192
-1.734522
-1.665799
-1.560595
-1.417331
-1.227278
-1.025807
-0.888007
-0.923788
-1.041047
-1.218729
-1.407343
-1.594507
-1.770509
-1.930638
-2.063530
-2.173980
-2.102295
-1.977050
-1.793375
-1.763394
-1.730484
-1.663396
-1.560647
-1.421094
-1.240129
-1.040171
-0.888000
-0.914011
-1.037099
-1.200289
-1.388015
-1.575343
-1.750955
-1.912865
-2.045823
-2.160232
-2.086366
-1.958824
-1.790131
-1.777930
-1.730442
-1.646639
-1.515589
-1.340156
-1.139182
-0.938151
-0.888001
-0.917876
-1.057022
-1.235939
-1.423220
-1.615894
-1.794506
-1.951981
-2.077231
-2.174268
-2.086850
-1.950256
-1.774791
-1.731014
-1.707810
-1.650554
-1.554224
-1.417722
-1.235634
-1.034658
-0.888005
-0.917377
-1.050542
-1.214785
-1.402857
-1.592766
-1.772943
-1.938725
-2.070815
-2.156010
-2.075470
-1.954360
-1.796709
-1.750520
-1.732794
-1.680381
-1.591218
-1.464326
-1.296808
-1.096138
-0.894119
-0.904944
-1.018281
-1.168654
-1.360749
-1.551924
-1.731964
-1.898056
-2.030802
-2.140592
-2.070380
-1.956108
-1.790494
-1.791469
-1.750727
-1.669655
-1.545032
-1.376639
-1.175684
-0.974663
-0.888001
-0.917580
-1.068418
-1.249254
-1.431843
-1.621719
-1.805590
-1.964044
-2.081843
-2.137733
-2.047723
-1.930702
-1.792568
-1.758348
-1.740057
-1.688987
-1.594009
-1.467805
-1.302647
-1.101711
-0.899577
-0.888005
-1.023065
-1.201029
-1.393263
-1.577363
-1.758992
-1.923879
-2.053562
-2.139652
-2.062119
-1.945054
-1.807452
-1.729451
-1.712005
-1.661938
-1.569779
-1.446889
-1.281909
-1.081172
-0.887996
-0.888005
-0.984031
-1.137868
-1.324817
-1.512837
-1.696452
-1.869881
-2.011268
-2.137338
-2.063555
-1.942070
-1.803728
-1.713988
-1.699214
-1.647303
-1.552687
-1.421887
-1.241364
-1.040342
-0.888005
-0.888007
-1.016217
-1.182224
-1.372698
-1.561704
-1.744070
-1.913918
-2.049096
-2.169841
-2.104801
-1.994425
-1.873163
-1.796721
-1.787741
-1.743868
-1.656399
-1.538790
-1.383127
-1.186559
-0.984885
-0.888003
-1.010502
-1.161039
-1.352088
-1.541930
-1.722747
-1.893595
-2.027529
-2.154262
-2.083084
-1.964593
-1.780773
-1.731954
-1.707293
-1.650276
-1.533657
-1.368281
-1.167006
-0.965666
-0.888003
-0.888013
-1.040422
-1.205739
-1.401495
-1.591876
-1.774078
-1.941034
-2.070724
-2.188097
-2.122837
-2.013005
-1.877887
-1.814193
-1.808743
-1.769492
-1.686643
-1.573982
-1.424478
-1.231930
-1.030304
-0.888003
-0.992011
-1.144696
-1.331713
-1.523354
-1.706167
-1.878340
-2.020416
-2.159693
-2.095887
-1.979047
-1.838459
-1.741322
-1.725700
-1.674775
-1.582793
-1.456236
-1.284229
-1.083721
-0.887998
-0.888008
-1.017926
-1.163498
-1.350553
-1.539006
-1.722350
-1.892594
-2.025315
-2.151646
-2.083180
-1.969842
-1.843565
-1.762839
-1.752067
-1.700028
-1.604448
-1.477714
-1.311154
-1.110506
-0.908693
-0.888008
-1.012729
-1.152141
-1.340024
-1.527215
-1.710148
-1.884013
-2.024657
-2.158542
-2.095408
-1.982166
-1.854307
-1.763039
-1.761500
-1.724128
-1.634020
-1.520844
-1.368999
-1.171785
-0.970176
-0.888003
-0.986674
-1.121641
-1.307124
-1.496902
-1.680810
-1.854442
-1.998908
-2.135848
-2.066420
-1.949779
-1.815073
-1.698285
-1.687200
-1.635054
-1.541250
-1.413385
-1.232791
-1.032140
-0.888009
-0.888010
-0.985327
-1.119613
-1.277957
-1.469147
-1.653669
-1.831414
-1.980931
-2.120256
-2.053038
-1.942961
-1.822139
-1.731134
-1.731605
-1.693265
-1.605711
-1.487710
-1.324077
-1.123528
-0.921692
-0.888005
-1.008780
-1.148754
-1.336241
-1.523668
-1.708220
-1.879995
-2.015273
-2.138971
-2.072361
-1.968619
-1.860432
-1.766931
-1.764922
-1.724538
-1.629971
-1.508853
-1.346659
-1.146886
-0.945296
-0.888009
-1.011379
-1.140977
-1.329158
-1.521420
-1.704038
-1.877370
-2.015594
-2.141975
-2.076490
-1.970023
-1.852519
-1.769761
-1.764558
-1.718521
-1.626596
-1.503902
-1.340169
-1.139819
-0.938089
-0.888010
-1.013792
-1.144078
-1.332295
-1.521107
-1.705650
-1.877668
-2.013345
-2.137705
-2.069235
-1.959971
-1.839728
-1.749573
-1.745436
-1.700214
-1.609270
-1.488869
-1.326592
-1.126555
-0.924850
-0.888009
-1.007155
-1.133660
-1.319193
-1.507471
-1.693554
-1.866639
-2.005508
-2.133073
-2.060912
-1.947603
-1.821952
-1.717166
-1.714896
-1.670314
-1.588494
-1.471967
-1.312626
-1.112088
-0.910503
-0.888004
-0.976875
-1.094018
-1.278267
-1.467755
-1.653895
-1.831751
-1.980472
-2.114510
-2.053607
-1.948011
-1.831216
-1.722606
-1.724725
-1.679041
-1.591502
-1.470016
-1.300474
-1.099918
-0.898386
-0.888009
-0.973346
-1.091471
-1.262324
-1.450159
-1.637125
-1.816301
-1.968680
-2.103433
-2.076048
-1.975564
-1.858418
-1.733453
-1.744500
-1.705744
-1.630866
-1.521960
-1.371831
-1.173677
-0.971517
-0.888006
-0.973185
-1.096857
-1.287581
-1.478255
-1.664399
-1.842180
-1.986566
-2.115051
-2.075982
-1.984375
-1.881896
-1.775916
-1.773621
-1.722253
-1.632079
-1.508225
-1.342219
-1.141446
-0.939943
-0.888010
-0.979105
-1.094168
-1.271378
-1.463008
-1.650962
-1.829308
-1.981223
-2.113898
-2.087810
-1.989447
-1.870677
-1.744506
-1.750084
-1.703589
-1.617336
-1.495709
-1.323099
-1.122059
-0.920409
-0.888001
-0.975648
-1.094558
-1.274252
-1.458397
-1.647707
-1.825722
-1.975149
-2.103875
-2.085663
-1.986087
-1.872668
-1.735788
-1.744732
-1.702424
-1.624544
-1.511231
-1.356411
-1.157150
-0.955267
-0.888005
-0.985675
-1.105909
-1.291475
-1.481745
-1.670511
-1.850022
-1.991620
-2.112061
-2.094255
-2.000974
-1.897696
-1.780699
-1.782665
-1.734572
-1.643957
-1.512412
-1.334464
-1.133274
-0.931601
-0.888009
-0.983180
-1.111236
-1.298300
-1.491563
-1.680894
-1.858773
-2.003045
-2.124616
-2.118979
-2.031793
-1.924614
-1.816143
-1.821612
-1.778419
-1.697307
-1.583014
-1.430564
-1.234236
-1.033022
-0.888000
-0.954229
-1.090239
-1.279024
-1.467712
-1.655985
-1.835473
-1.981682
-2.104398
-2.100090
-2.008357
-1.903319
-1.773836
-1.784603
-1.740360
-1.652904
-1.526701
-1.358098
-1.156847
-0.955527
-0.888001
-0.955203
-1.091755
-1.282642
-1.474011
-1.663013
-1.841551
-1.991555
-2.118730
-2.120689
-2.030086
-1.909353
-1.745144
-1.760647
-1.719067
-1.638555
-1.504027
-1.304389
-1.102701
-0.900549
-0.888012
-0.947953
-1.092607
-1.265745
-1.446777
-1.642456
-1.821225
-1.976290
-2.106229
-2.130804
-2.046384
-1.927322
-1.760128
-1.786983
-1.757188
-1.694975
-1.601388
-1.470347
-1.297603
-1.095726
-0.893167
-0.942356
-1.035865
-1.210276
-1.398598
-1.584019
-1.759629
-1.922879
-2.063321
-2.115315
-2.031081
-1.903978
-1.708714
-1.649500
-1.607179
-1.529693
-1.412609
-1.239552
-1.038479
-0.887999
-0.888014
-0.940216
-1.059552
-1.200846
-1.355368
-1.549395
-1.730254
-1.897920
-2.039600
-2.129100
-2.048521
-1.923116
-1.752762
-1.739189
-1.703725
-1.631091
-1.522851
-1.375820
-1.181630
-0.980869
-0.888002
-0.939046
-1.055949
-1.224534
-1.411893
-1.603124
-1.781170
-1.935106
-2.061961
-2.133008
-2.056776
-1.952499
-1.788483
-1.807447
-1.766558
-1.682605
-1.561735
-1.392657
-1.191584
-0.990630
-0.887999
-0.945720
-1.089733
-1.273754
-1.467574
-1.660140
-1.835006
-1.987753
-2.114590
-2.174635
-2.097301
-1.974971
-1.801409
-1.796205
-1.762614
-1.684760
-1.564686
-1.374230
-1.172804
-0.971120
-0.888006
-0.919966
-1.047851
-1.230275
-1.418128
-1.611873
-1.787950
-1.943601
-2.070490
-2.173140
-2.113332
-2.008670
-1.858578
-1.870530
-1.823012
-1.740135
-1.621490
-1.468841
-1.276809
-1.075857
-0.887996
-0.917196
-1.052973
-1.239930
-1.431886
-1.620966
-1.799546
-1.956051
-2.082543
-2.134729
-2.050536
-1.932920
-1.765487
-1.756380
-1.728922
-1.667654
-1.568620
-1.431028
-1.249491
-1.048419
-0.888000
-0.916183
-1.045979
-1.221472
-1.415903
-1.603954
-1.782091
-1.945367
-2.079067
-2.154403
-2.078465
-1.968223
-1.826411
-1.789359
-1.764637
-1.704635
-1.609593
-1.477992
-1.303246
-1.102257
-0.899977
-0.908889
-1.027442
-1.197106
-1.389467
-1.577405
-1.757130
-1.922599
-2.058784
-2.119915
-2.043108
-1.938407
-1.749583
-1.746548
-1.718893
-1.653012
-1.552960
-1.419683
-1.240076
-1.039525
-0.887955
-0.906923
-1.002196
-1.154523
-1.346803
-1.533491
-1.713246
-1.880010
-2.017066
-2.097297
-2.017386
-1.901293
-1.736134
-1.725898
-1.681219
-1.596498
-1.467562
-1.287984
-1.086887
-0.887999
-0.888024
-0.910587
-1.021344
-1.181105
-1.349053
-1.540881
-1.724399
-1.891872
-2.023711
-2.106072
-2.014838
-1.889275
-1.734615
-1.681995
-1.666411
-1.615981
-1.526052
-1.397303
-1.221122
-1.020126
-0.888000
-0.912123
-1.027400
-1.192917
-1.381556
-1.570327
-1.752793
-1.918319
-2.049865
-2.130308
-2.055119
-1.952392
-1.837832
-1.784480
-1.774063
-1.725324
-1.642158
-1.521829
-1.363100
-1.165448
-0.963409
-0.905771
-1.029191
-1.201449
-1.392938
-1.583266
-1.762904
-1.924194
-2.051716
-2.171645
-2.112241
-2.005879
-1.863920
-1.810076
-1.785067
-1.728218
-1.616868
-1.480896
-1.303210
-1.102043
-0.899725
-0.888007
-1.031181
-1.205569
-1.397258
-1.582320
-1.761661
-1.927839
-2.060493
-2.159285
-2.082128
-1.966337
-1.825145
-1.738319
-1.716164
-1.659908
-1.563713
-1.434694
-1.259307
-1.058801
-0.888000
-0.888002
-0.982390
-1.134606
-1.326324
-1.512225
-1.694129
-1.864009
-2.003651
-2.106130
-2.029082
-1.916336
-1.792604
-1.707199
-1.686576
-1.632059
-1.531956
-1.403877
-1.232177
-1.031637
-0.887985
-0.888007
-1.000435
-1.151399
-1.336490
-1.524871
-1.708857
-1.883654
-2.026474
-2.137951
-2.070201
-1.963332
-1.840849
-1.761937
-1.753706
-1.709870
-1.629525
-1.515405
-1.363375
-1.168119
-0.966389
-0.888001
-0.984365
-1.136696
-1.327306
-1.513922
-1.696334
-1.867274
-2.005263
-2.118086
-2.047616
-1.941261
-1.827496
-1.742384
-1.722819
-1.669095
-1.562804
-1.427551
-1.258859
-1.058000
-0.887997
-0.888008
-1.022967
-1.177947
-1.371292
-1.559105
-1.741596
-1.910786
-2.043705
-2.152618
-2.086963
-1.980798
-1.858104
-1.785782
-1.777425
-1.734274
-1.651229
-1.535848
-1.382018
-1.184760
-0.983095
-0.888003
-0.987819
-1.142473
-1.331182
-1.518563
-1.702037
-1.874992
-2.012630
-2.138192
-2.072026
-1.964193
-1.842631
-1.754117
-1.739591
-1.689725
-1.595817
-1.470578
-1.302919
-1.102285
-0.900292
-0.888008
-1.010334
-1.160937
-1.343094
-1.533033
-1.717776
-1.889781
-2.026594
-2.155766
-2.091280
-1.983054
-1.858498
-1.758578
-1.752474
-1.702283
-1.616601
-1.497009
-1.335696
-1.135766
-0.933989
-0.888003
-0.980514
-1.120022
-1.308653
-1.495842
-1.679881
-1.854042
-1.997174
-2.134970
-2.069638
-1.961689
-1.843284
-1.738702
-1.731372
-1.681396
-1.592279
-1.468985
-1.302557
-1.102403
-0.900644
-0.888005
-0.984673
-1.124160
-1.307993
-1.497453
-1.682493
-1.859545
-2.001836
-2.134406
-2.063367
-1.953255
-1.838539
-1.738792
-1.735019
-1.686480
-1.599062
-1.474376
-1.304439
-1.103727
-0.901816
-0.888008
-0.998674
-1.136093
-1.323306
-1.513009
-1.697578
-1.871589
-2.010774
-2.139997
-2.076409
-1.975157
-1.870388
-1.791081
-1.792737
-1.749040
-1.664768
-1.547865
-1.390885
-1.192817
-0.991027
-0.888007
-1.011822
-1.152112
-1.343978
-1.535499
-1.717043
-1.888861
-2.021985
-2.143251
-2.081324
-1.981538
-1.910678
-1.800263
-1.795027
-1.747589
-1.658923
-1.537017
-1.376646
-1.178000
-0.976355
-0.888008
-1.023118
-1.170367
-1.357477
-1.547213
-1.732800
-1.905913
-2.039466
-2.162703
-2.093052
-1.980274
-1.881961
-1.734814
-1.743633
-1.706750
-1.632603
-1.523337
-1.376137
-1.183342
-0.981983
-0.888005
-0.982177
-1.112545
-1.295781
-1.484054
-1.668394
-1.842611
-1.989063
-2.122761
-2.060757
-1.959379
-1.845543
-1.748682
-1.739257
-1.688753
-1.598889
-1.476395
-1.313304
-1.112768
-0.911040
-0.888008
-0.992220
-1.121906
-1.296189
-1.484648
-1.672697
-1.849291
-1.990424
-2.118594
-2.045411
-1.935171
-1.817089
-1.715335
-1.713587
-1.664764
-1.575773
-1.455698
-1.296036
-1.095711
-0.894261
-0.888004
-0.973245
-1.088193
-1.270275
-1.458067
-1.645970
-1.824895
-1.973458
-2.106145
-2.033493
-1.926830
-1.813926
-1.707568
-1.713409
-1.669892
-1.586320
-1.468387
-1.306385
-1.105688
-0.904259
-0.888004
-0.972155
-1.089128
-1.263833
-1.451880
-1.639988
-1.817387
-1.967992
-2.101389
-2.050276
-1.952344
-1.846250
-1.733828
-1.733696
-1.687440
-1.601645
-1.482798
-1.320634
-1.119396
-0.917968
-0.888000
-0.965391
-1.081366
-1.240094
-1.404567
-1.596036
-1.777542
-1.934928
-2.073308
-2.012342
-1.909008
-1.800769
-1.677467
-1.685506
-1.643776
-1.561024
-1.443449
-1.277080
-1.075331
-0.887997
-0.888002
-0.974738
-1.083980
-1.232985
-1.410143
-1.601627
-1.783615
-1.942127
-2.078614
-2.039207
-1.946335
-1.846655
-1.741081
-1.747663
-1.706669
-1.625975
-1.509794
-1.350390
-1.149841
-0.948516
-0.888000
-0.979543
-1.100693
-1.263322
-1.418768
-1.610360
-1.791699
-1.946524
-2.081019
-2.049053
-1.954193
-1.849289
-1.722603
-1.736372
-1.698978
-1.621861
-1.508752
-1.352204
-1.152612
-0.951224
-0.888003
-0.974006
-1.088481
-1.274015
-1.454108
-1.645263
-1.825579
-1.974709
-2.102108
-2.062134
-1.967324
-1.865850
-1.742947
-1.751486
-1.710003
-1.627327
-1.510600
-1.351445
-1.151075
-0.949720
-0.887998
-0.973760
-1.100143
-1.280337
-1.433694
-1.625056
-1.807015
-1.957022
-2.083472
-2.042626
-1.948877
-1.855761
-1.744820
-1.754148
-1.709496
-1.627275
-1.508370
-1.349605
-1.150306
-0.949026
-0.887999
-0.954224
-1.085219
-1.267502
-1.430187
-1.620857
-1.801058
-1.957122
-2.088032
-2.059300
-1.959907
-1.840755
-1.659715
-1.667810
-1.640004
-1.570264
-1.445897
-1.249054
-1.047445
-0.888000
-0.888000
-0.940021
-1.086746
-1.262544
-1.436849
-1.632175
-1.810828
-1.966493
-2.096745
-2.113123
-2.046371
-1.958197
-1.855993
-1.867325
-1.824889
-1.748983
-1.640049
-1.492256
-1.296193
-1.095012
-0.892305
-0.931851
-1.046665
-1.234981
-1.394594
-1.586120
-1.769695
-1.926930
-2.055368
-2.041178
-1.955147
-1.865499
-1.747938
-1.752422
-1.701738
-1.613538
-1.474741
-1.279953
-1.078616
-0.887996
-0.888001
-0.950798
-1.079830
-1.272641
-1.464136
-1.657104
-1.835646
-1.988636
-2.113970
-2.103621
-2.028119
-1.932947
-1.827580
-1.852335
-1.824440
-1.765939
-1.674492
-1.543548
-1.379068
-1.182992
-0.979491
-0.940120
-1.034568
-1.218062
-1.411394
-1.597234
-1.772663
-1.932440
-2.069042
-2.147191
-2.072525
-1.944806
-1.759452
-1.694476
-1.643226
-1.552631
-1.405173
-1.205387
-1.003848
-0.888000
-0.888007
-0.951068
-1.091924
-1.262967
-1.443853
-1.637101
-1.810007
-1.965580
-2.095238
-2.166901
-2.096094
-1.979592
-1.810335
-1.825991
-1.785475
-1.708856
-1.598920
-1.454586
-1.264093
-1.062396
-0.887999
-0.952407
-1.081698
-1.249242
-1.438886
-1.627395
-1.802681
-1.955859
-2.082270
-2.159708
-2.086470
-1.968761
-1.794780
-1.790249
-1.734025
-1.637333
-1.503791
-1.322274
-1.121272
-0.919951
-0.888005
-0.917700
-1.049065
-1.224730
-1.415658
-1.609012
-1.785436
-1.945296
-2.076999
-2.142759
-2.063118
-1.942024
-1.773910
-1.767541
-1.732303
-1.663663
-1.557949
-1.414933
-1.226136
-1.025111
-0.888004
-0.916008
-1.024654
-1.190263
-1.377848
-1.568832
-1.748809
-1.915226
-2.050894
-2.105086
-2.019901
-1.896472
-1.723973
-1.686243
-1.658456
-1.592376
-1.479619
-1.290062
-1.088349
-0.887999
-0.888000
-0.906755
-1.033167
-1.214786
-1.361697
-1.558816
-1.739873
-1.910452
-2.053838
-2.140827
-2.081802
-1.983460
-1.849603
-1.850723
-1.822019
-1.755914
-1.651004
-1.492209
-1.290837
-1.089807
-0.888000
-0.907138
-1.026928
-1.213273
-1.404309
-1.598026
-1.781894
-1.942513
-2.068367
-2.121159
-2.047847
-1.940950
-1.781618
-1.794832
-1.746914
-1.663939
-1.545887
-1.388682
-1.190029
-0.989192
-0.888004
-0.919719
-1.055053
-1.219823
-1.402569
-1.595056
-1.775158
-1.940257
-2.070577
-2.169466
-2.087224
-1.959974
-1.792940
-1.759113
-1.734067
-1.672834
-1.575029
-1.438756
-1.257700
-1.056795
-0.887999
-0.916374
-1.053867
-1.227701
-1.419049
-1.605883
-1.786074
-1.946198
-2.071673
-2.145067
-2.061957
-1.942625
-1.799224
-1.742688
-1.724452
-1.667732
-1.578156
-1.451570
-1.285385
-1.085801
-0.887998
-0.905033
-1.015845
-1.166389
-1.357375
-1.548888
-1.728205
-1.896957
-2.033826
-2.152909
-2.083316
-1.967248
-1.783373
-1.760523
-1.735703
-1.676213
-1.579933
-1.445482
-1.264484
-1.063909
-0.887998
-0.888010
-1.025538
-1.207299
-1.391637
-1.579876
-1.761506
-1.930032
-2.063291
-2.166196
-2.086643
-1.964511
-1.819752
-1.734396
-1.718352
-1.668440
-1.571431
-1.443733
-1.273808
-1.072904
-0.887940
-0.888008
-0.994268
-1.159377
-1.349775
-1.540718
-1.720271
-1.889853
-2.028936
-2.152619
-2.083642
-1.966194
-1.834625
-1.753810
-1.732693
-1.678339
-1.580097
-1.451159
-1.278826
-1.078263
-0.887997
-0.888006
-1.026320
-1.196664
-1.384232
-1.570205
-1.751161
-1.916192
-2.046757
-2.158548
-2.079669
-1.952050
-1.800822
-1.694913
-1.675272
-1.621641
-1.518280
-1.383188
-1.197178
-0.997055
-0.888005
-0.888014
-1.014556
-1.172874
-1.357284
-1.549968
-1.730856
-1.904074
-2.042347
-2.169917
-2.097119
-1.976499
-1.834155
-1.753535
-1.738093
-1.689806
-1.594675
-1.467255
-1.292472
-1.092253
-0.890408
-0.888006
-1.012728
-1.172605
-1.361827
-1.549076
-1.730504
-1.899095
-2.032187
-2.149601
-2.071453
-1.950308
-1.791083
-1.717695
-1.696657
-1.641623
-1.533990
-1.378935
-1.178211
-0.977590
-0.888002
-0.888012
-1.035546
-1.198977
-1.380170
-1.569592
-1.746869
-1.912699
-2.042888
-2.169476
-2.107984
-1.991814
-1.808391
-1.782604
-1.758488
-1.706418
-1.605817
-1.475781
-1.298154
-1.097015
-0.895104
-0.888011
-1.042948
-1.198283
-1.384308
-1.567683
-1.748050
-1.915115
-2.041548
-2.161186
-2.085787
-1.957526
-1.781146
-1.719088
-1.695714
-1.640283
-1.542023
-1.412828
-1.243085
-1.042783
-0.888004
-0.888009
-1.025277
-1.163425
-1.350842
-1.538609
-1.721536
-1.890974
-2.025075
-2.148445
-2.074806
-1.951892
-1.809251
-1.728747
-1.714353
-1.661151
-1.566197
-1.441472
-1.275111
-1.075126
-0.888000
-0.888008
-0.994829
-1.124503
-1.311546
-1.497831
-1.681198
-1.853848
-1.996945
-2.132098
-2.057662
-1.930407
-1.776871
-1.666397
-1.657448
-1.607754
-1.520382
-1.397417
-1.223196
-1.023301
-0.887998
-0.888009
-0.977085
-1.109397
-1.287026
-1.476645
-1.660241
-1.835827
-1.983427
-2.122115
-2.051934
-1.933851
-1.799338
-1.700383
-1.695928
-1.655908
-1.562034
-1.443427
-1.283530
-1.083624
-0.887997
-0.888006
-0.989466
-1.120691
-1.306964
-1.495874
-1.679270
-1.854825
-1.997356
-2.128368
-2.057280
-1.945164
-1.824938
-1.730187
-1.726337
-1.680270
-1.592788
-1.472787
-1.308215
-1.108289
-0.906736
-0.888010
-0.997783
-1.129949
-1.316157
-1.505702
-1.690038
-1.864718
-2.006780
-2.137071
-2.068288
-1.959476
-1.841179
-1.748132
-1.744630
-1.704051
-1.611226
-1.490743
-1.329282
-1.129869
-0.928222
-0.888009
-0.997508
-1.127438
-1.316373
-1.504262
-1.687823
-1.862088
-2.001814
-2.128300
-2.058079
-1.950431
-1.836221
-1.736278
-1.729889
-1.682153
-1.592031
-1.472341
-1.315172
-1.116994
-0.915521
-0.888006
-0.999138
-1.125627
-1.307559
-1.495886
-1.682208
-1.859605
-2.000991
-2.128891
-2.054413
-1.941502
-1.819675
-1.712958
-1.711436
-1.667314
-1.585910
-1.467991
-1.305331
-1.104644
-0.903017
-0.888005
-0.999251
-1.127022
-1.289871
-1.475151
-1.662612
-1.841151
-1.985218
-2.113036
-2.042270
-1.936701
-1.825897
-1.726694
-1.725446
-1.679993
-1.597925
-1.481815
-1.322920
-1.122034
-0.920130
-0.888007
-0.977533
-1.096396
-1.282738
-1.468712
-1.656985
-1.834045
-1.977329
-2.106337
-2.040910
-1.941775
-1.839735
-1.754315
-1.758389
-1.713530
-1.630875
-1.515918
-1.359529
-1.160671
-0.959379
-0.888000
-0.985222
-1.102546
-1.290394
-1.477217
-1.664468
-1.843041
-1.987321
-2.113317
-2.055930
-1.953424
-1.843046
-1.742565
-1.744177
-1.698465
-1.609731
-1.486763
-1.321635
-1.120031
-0.918297
-0.888006
-0.985145
-1.100607
-1.279785
-1.466007
-1.655048
-1.834195
-1.979958
-2.108026
-2.056688
-1.960308
-1.857374
-1.762788
-1.773571
-1.736851
-1.662903
-1.555239
-1.407454
-1.213878
-1.012487
-0.888000
-0.983976
-1.115088
-1.302152
-1.483247
-1.671934
-1.850632
-1.990238
-2.111307
-2.058159
-1.958546
-1.858051
-1.754395
-1.757385
-1.713287
-1.625415
-1.504411
-1.344631
-1.145029
-0.943482
-0.888000
-0.997520
-1.137513
-1.304004
-1.463852
-1.652916
-1.832582
-1.983737
-2.114887
-2.069068
-1.967711
-1.850163
-1.691166
-1.708726
-1.673845
-1.603404
-1.494489
-1.341969
-1.142429
-0.941097
-0.888003
-0.958189
-1.072957
-1.208129
-1.396892
-1.587964
-1.767043
-1.927749
-2.067451
-2.077177
-1.990056
-1.877104
-1.716811
-1.728930
-1.695961
-1.626292
-1.520667
-1.376585
-1.189819
-0.990418
-0.887946
-0.950357
-1.069757
-1.253162
-1.442951
-1.632308
-1.811063
-1.956860
-2.079633
-2.046579
-1.961201
-1.874218
-1.781785
-1.785517
-1.734899
-1.656079
-1.511469
-1.312286
-1.111029
-0.908931
-0.888007
-0.948042
-1.092663
-1.287064
-1.482863
-1.673782
-1.850021
-1.996760
-2.119455
-2.126785
-2.049470
-1.941549
-1.853572
-1.862626
-1.815495
-1.731634
-1.606053
-1.417870
-1.216403
-1.015160
-0.888000
-0.947721
-1.076113
-1.265993
-1.455622
-1.648320
-1.829079
-1.979572
-2.106666
-2.099406
-2.001550
-1.871921
-1.727202
-1.736955
-1.690432
-1.606193
-1.471608
-1.273174
-1.071111
-0.887998
-0.888000
-0.950631
-1.076438
-1.261383
-1.447997
-1.642418
-1.824651
-1.984002
-2.112820
-2.114107
-2.024252
-1.906250
-1.786617
-1.794906
-1.749566
-1.670951
-1.557906
-1.400306
-1.199742
-0.998305
-0.888000
-0.952053
-1.072379
-1.253350
-1.406009
-1.596262
-1.780171
-1.936037
-2.063216
-2.065762
-1.976269
-1.876783
-1.758236
-1.774403
-1.735651
-1.663999
-1.555374
-1.405483
-1.211249
-1.010904
-0.888007
-0.948743
-1.092316
-1.283121
-1.475207
-1.664568
-1.841832
-1.986862
-2.103766
-2.148152
-2.077379
-1.979555
-1.872864
-1.887532
-1.847158
-1.771170
-1.661444
-1.514337
-1.326222
-1.125794
-0.923255
-0.947344
-1.094790
-1.283426
-1.473740
-1.664320
-1.843216
-1.991006
-2.111663
-2.155712
-2.063940
-1.934370
-1.761478
-1.763940
-1.714873
-1.626947
-1.494148
-1.298214
-1.096877
-0.895139
-0.887999
-0.942987
-1.075034
-1.238117
-1.411662
-1.606495
-1.788450
-1.947742
-2.076373
-2.124968
-2.035873
-1.911589
-1.751207
-1.743076
-1.716128
-1.654507
-1.556747
-1.422858
-1.248393
-1.047342
-0.888000
-0.914285
-1.035526
-1.219989
-1.409696
-1.599075
-1.777973
-1.940152
-2.072409
-2.112776
-2.025985
-1.906996
-1.715217
-1.676285
-1.644539
-1.574722
-1.460850
-1.277848
-1.076749
-0.887996
-0.888000
-0.909478
-1.027605
-1.204582
-1.346153
-1.542458
-1.723863
-1.893802
-2.032136
-2.141119
-2.059942
-1.932566
-1.762460
-1.737728
-1.711569
-1.653581
-1.561056
-1.429976
-1.247574
-1.045813
-0.888000
-0.912230
-0.990390
-1.173360
-1.366855
-1.547672
-1.724771
-1.889647
-2.026215
-2.148630
-2.085500
-1.963930
-1.776126
-1.726139
-1.696260
-1.631364
-1.531259
-1.393200
-1.211864
-1.012716
-0.888002
-0.910146
-1.026647
-1.191875
-1.374651
-1.566856
-1.747586
-1.915988
-2.051238
-2.132929
-2.045787
-1.918567
-1.760364
-1.717214
-1.684180
-1.616172
-1.510858
-1.367670
-1.175285
-0.974349
-0.888004
-0.914514
-1.038075
-1.200660
-1.388843
-1.578105
-1.760207
-1.925941
-2.058450
-2.144655
-2.063048
-1.942358
-1.800900
-1.740107
-1.720827
-1.666355
-1.574531
-1.451068
-1.288035
-1.090622
-0.888618
-0.910058
-1.027995
-1.185467
-1.377115
-1.569558
-1.747363
-1.909197
-2.040370
-2.164632
-2.103472
-1.989007
-1.820998
-1.827520
-1.787246
-1.708675
-1.593633
-1.442177
-1.249647
-1.049302
-0.888002
-0.919842
-1.072134
-1.237526
-1.404822
-1.596256
-1.778347
-1.939561
-2.063473
-2.168829
-2.081665
-1.949456
-1.790714
-1.729163
-1.713403
-1.662916
-1.572486
-1.441688
-1.267807
-1.066827
-0.887999
-0.888011
-1.034750
-1.218464
-1.412358
-1.599615
-1.779515
-1.942174
-2.069336
-2.177224
-2.112536
-2.007168
-1.891254
-1.840115
-1.829752
-1.784298
-1.695412
-1.579225
-1.426248
-1.231644
-1.029906
-0.888000
-1.017362
-1.191150
-1.379676
-1.563878
-1.745059
-1.913894
-2.050000
-2.152928
-2.081931
-1.963344
-1.818866
-1.704422
-1.686487
-1.633816
-1.526276
-1.363214
-1.161750
-0.960369
-0.888002
-0.888009
-0.997289
-1.173349
-1.307944
-1.494798
-1.671718
-1.844359
-1.993942
-2.144572
-2.090158
-1.981074
-1.838360
-1.769854
-1.744468
-1.688277
-1.590871
-1.461422
-1.279650
-1.078264
-0.887995
-0.888008
-1.003241
-1.164194
-1.358364
-1.544853
-1.727858
-1.898163
-2.033499
-2.155694
-2.092550
-1.981443
-1.848457
-1.788039
-1.773433
-1.723797
-1.631128
-1.511833
-1.355334
-1.158756
-0.957043
-0.888008
-1.003695
-1.154871
-1.343699
-1.533922
-1.715525
-1.887974
-2.025898
-2.157797
-2.091132
-1.970397
-1.806237
-1.744892
-1.723467
-1.669550
-1.572304
-1.444037
-1.274304
-1.074105
-0.887996
-0.888009
-1.027702
-1.175265
-1.361030
-1.547226
-1.730755
-1.901475
-2.036091
-2.158150
-2.086173
-1.965019
-1.824918
-1.742248
-1.735721
-1.694935
-1.611755
-1.495555
-1.336798
-1.137720
-0.936044
-0.888008
-1.002356
-1.151910
-1.336043
-1.527315
-1.710587
-1.885720
-2.025754
-2.158198
-2.088661
-1.970731
-1.836334
-1.750228
-1.740905
-1.694769
-1.607154
-1.484567
-1.318869
-1.118149
-0.916247
-0.888007
-1.011436
-1.161310
-1.348639
-1.537109
-1.719193
-1.892522
-2.030524
-2.160728
-2.102048
-1.997583
-1.877504
-1.799107
-1.795833
-1.755787
-1.675588
-1.566500
-1.419956
-1.231754
-1.029790
-0.888009
-0.964208
-1.111100
-1.300264
-1.485039
-1.664380
-1.837727
-1.985377
-2.126846
-2.065773
-1.952432
-1.815318
-1.703203
-1.683855
-1.628307
-1.536807
-1.408908
-1.225426
-1.023997
-0.888011
-0.888015
-0.986045
-1.126720
-1.317519
-1.506752
-1.690922
-1.869852
-2.013752
-2.147675
-2.078823
-1.969724
-1.839401
-1.747607
-1.740904
-1.691252
-1.598319
-1.471256
-1.297556
-1.097091
-0.895101
-0.888012
-1.003970
-1.135938
-1.324696
-1.517286
-1.698863
-1.872802
-2.014751
-2.145058
-2.085302
-1.989405
-1.895881
-1.788593
-1.784164
-1.738796
-1.651524
-1.531186
-1.371934
-1.173599
-0.972156
-0.888010
-1.019287
-1.161636
-1.348695
-1.536962
-1.719263
-1.891957
-2.027844
-2.152921
-2.091891
-1.986291
-1.857089
-1.768263
-1.763832
-1.719782
-1.634465
-1.517541
-1.361515
-1.164514
-0.963008
-0.888012
-0.983809
-1.115437
-1.280878
-1.471635
-1.655664
-1.831852
-1.982129
-2.118660
-2.050763
-1.940445
-1.812947
-1.702837
-1.694535
-1.643608
-1.553951
-1.430638
-1.260781
-1.061340
-0.887999
-0.888002
-0.986838
-1.115119
-1.260121
-1.445549
-1.632681
-1.810974
-1.959468
-2.092756
-2.018646
-1.909734
-1.796706
-1.694821
-1.690084
-1.642294
-1.556010
-1.435365
-1.274677
-1.074747
-0.887980
-0.888008
-0.980161
-1.097590
-1.277210
-1.467438
-1.654736
-1.831471
-1.975432
-2.105962
-2.042343
-1.941779
-1.831696
-1.755365
-1.758712
-1.715191
-1.634487
-1.518251
-1.358433
-1.158550
-0.957421
-0.888001
-0.994353
-1.121503
-1.282219
-1.459973
-1.649020
-1.828031
-1.978424
-2.111377
-2.048050
-1.940753
-1.815152
-1.679654
-1.692349
-1.653915
-1.576857
-1.461809
-1.292035
-1.090553
-0.888885
-0.888005
-0.963419
-1.082281
-1.217430
-1.405622
-1.595559
-1.774512
-1.933384
-2.075746
-2.043458
-1.948046
-1.828759
-1.668332
-1.683296
-1.643541
-1.571430
-1.463015
-1.314244
-1.117099
-0.915612
-0.888000
-0.953682
-1.073981
-1.213384
-1.399458
-1.589661
-1.769009
-1.923813
-2.061362
-2.023545
-1.927603
-1.823654
-1.710496
-1.711399
-1.663373
-1.574398
-1.446236
-1.276531
-1.075375
-0.887998
-0.888006
-0.981137
-1.097445
-1.274794
-1.463025
-1.652234
-1.829277
-1.982391
-2.116666
-2.091257
-1.999527
-1.882204
-1.733986
-1.762323
-1.736242
-1.673335
-1.572335
-1.430108
-1.245999
-1.046514
-0.888003
-0.971240
-1.091576
-1.245047
-1.430701
-1.612909
-1.787163
-1.943419
-2.083594
-2.121805
-2.036978
-1.915817
-1.760145
-1.759302
-1.706834
-1.617691
-1.492627
-1.317281
-1.116013
-0.914389
-0.888004
-0.981073
-1.099049
-1.254691
-1.444767
-1.635403
-1.814395
-1.969570
-2.102462
-2.109637
-2.016396
-1.898348
-1.751562
-1.760694
-1.716394
-1.631638
-1.510607
-1.341666
-1.140202
-0.938707
-0.888009
-0.982170
-1.103533
-1.248398
-1.440209
-1.631204
-1.811186
-1.964894
-2.094799
-2.116132
-2.030432
-1.919440
-1.786168
-1.798419
-1.754439
-1.671590
-1.552344
-1.391196
-1.191584
-0.990495
-0.887999
-0.954547
-1.093468
-1.282742
-1.474094
-1.662709
-1.840845
-1.986168
-2.108125
-2.118109
-2.027644
-1.918381
-1.776059
-1.791719
-1.748751
-1.666159
-1.546968
-1.389431
-1.190308
-0.989007
-0.887999
-0.953732
-1.093395
-1.281517
-1.470413
-1.659996
-1.838873
-1.985938
-2.109394
-2.114524
-2.021440
-1.910860
-1.755486
-1.771116
-1.728206
-1.644350
